date,PLAB,MZA,LBY,GURE,ACHV,FORD,CBFV,ITIC,CYRN,EHTH,ONCY,LIVE,CDXC,JRJC,CARV,DRRX,TK,NNVC,HDSN,CBAT
2018-02-15,0.00012146088,-0.00020371971,4.565867e-05,-9.168533e-05,-9.3659735e-05,-0.00013726053,-0.00011994538,1.0894262e-05,-7.0294715e-05,9.9213445e-05,-9.680388e-05,-1.5175319e-05,8.629414e-05,0.00019651058,-0.00013127027,6.131234e-05,0.00012765231,-0.00013971922,0.00017362984,-0.00012634543
2018-02-16,0.0029258146,0.0026674136,0.0029241382,0.0027456149,0.002749884,0.0027491688,0.0027316003,0.0026832758,0.0027527525,0.0029538735,0.0027422844,0.0028775125,0.0029624864,0.0028922348,0.002739714,0.00293594,0.002966994,0.0027086376,0.0029264851,0.0027519106
2018-02-20,0.0036419719,0.0033161654,0.0035506203,0.0034620776,0.0033980845,0.0034517064,0.0033180355,0.0033164485,0.0033746376,0.003586696,0.0033779829,0.0034671067,0.0035809889,0.0035167052,0.0033317297,0.0035343408,0.0036079078,0.003327982,0.003661984,0.0035723313
2018-02-21,0.00010675343,-0.00020226685,0.00011684897,-0.00014374999,-0.00014544127,-0.00013504771,-0.0001561552,-0.00017102656,-0.00016100553,9.92358e-05,-4.019437e-05,-6.2456704e-05,5.7750964e-05,-0.0001516029,-0.0001503065,0.0001300663,0.000118711614,-0.00015496311,0.00012595358,-7.084606e-05
2018-02-22,6.669911e-05,-0.00021420268,0.0001159847,-0.00011502055,-0.00010593084,-0.00010655669,-0.00027310697,-0.00016619859,-0.00010154245,-2.6500202e-05,-9.3257404e-05,-2.5919056e-05,-1.9207364e-06,-6.819365e-05,-0.00011788157,0.00015495869,0.000108079636,-0.00015688536,7.594528e-05,-0.0001400694
2018-02-23,-0.0021148012,-0.0024048523,-0.0021989406,-0.0023210556,-0.0023157434,-0.0023049773,-0.002435817,-0.0024017603,-0.0023708702,-0.0021006376,-0.0022159503,-0.0022282586,-0.002180329,-0.002377911,-0.0023794235,-0.0020698295,-0.0021437095,-0.002398184,-0.002155839,-0.0023117573
2018-02-26,0.003419207,0.003152424,0.0034391223,0.0032700836,0.0033140345,0.003273943,0.003171505,0.0031850426,0.0032663508,0.003481069,0.0032524555,0.0033300682,0.0034156232,0.0032883375,0.0031902804,0.00346625,0.003439845,0.0031934842,0.0034431904,0.0034146472
2018-02-27,8.914026e-05,-0.00018960831,0.00010430219,-0.00014993397,-5.625782e-05,-0.00010832993,-0.00019050983,-0.00016483513,-0.0001356065,0.00013031962,-5.482114e-06,-5.4238713e-05,0.00011889043,-8.411554e-05,-0.0001330584,0.00010482373,8.427503e-05,-0.00018256751,8.808228e-05,4.347565e-05
2018-02-28,0.00011725875,-0.00014530716,5.833211e-05,-8.74236e-05,-0.00012688932,0.00013950618,-0.00013748405,-0.00019766984,-0.0001305103,0.00011363032,-8.500216e-05,-6.513146e-05,0.00011696073,-0.0001740962,-0.00016516296,9.142759e-05,7.245096e-05,-0.00013799069,2.203288e-05,4.9681985e-05
2018-03-01,9.7037875e-05,-0.0001644328,7.592293e-05,-5.8351434e-05,-9.568629e-05,9.822997e-05,-0.00020378677,-0.00016137806,-0.00014288572,0.00011130574,-3.994105e-05,-1.7380691e-05,0.00012219104,-0.00016553549,-0.0001752883,9.7805285e-05,7.10577e-05,-0.000113545335,3.9064907e-05,-8.165685e-05
2018-03-02,0.0049294173,0.004664296,0.004881875,0.004704462,0.004728721,0.0049366592,0.004629375,0.004637131,0.0046311705,0.004883082,0.0047430187,0.005039708,0.004889974,0.0046865284,0.0046409233,0.0048589944,0.00488791,0.0046743094,0.004839958,0.00485214
2018-03-05,0.00012312236,-0.00017800776,-7.984636e-05,-1.890061e-05,-0.00010189263,0.00014258327,-0.00015565602,-0.00018585322,-0.00014112738,5.1872456e-05,5.0188624e-05,0.00020811113,-4.433689e-05,-0.00015590934,-0.00017241237,7.0223236e-05,7.837417e-05,-0.00012707559,7.066282e-05,-2.879498e-05
2018-03-06,0.0001441479,-0.00018077937,-1.4564372e-05,-7.460115e-05,-0.00010999141,0.0001108289,-0.00018957106,-0.00016587076,-0.00013953296,2.5780522e-05,2.4499022e-05,0.00016093405,2.5512301e-05,-0.00010132638,-0.00013653783,9.7157084e-05,8.478167e-05,-0.000114819384,6.870332e-05,2.9274845e-05
2018-03-07,0.00012917968,-0.0001939073,-2.865342e-05,-2.1314598e-05,-9.240059e-05,0.00017390552,-0.00016096083,-0.000181137,-0.00010522304,2.255442e-05,-5.6794262e-05,0.00017669948,4.2127096e-05,-0.00016540138,-0.00016587821,4.6224915e-05,0.00010746124,-0.00013895927,2.0945095e-05,6.0366117e-05
2018-03-08,-0.0036883787,-0.003868355,-0.0037409724,-0.003782502,-0.0035426305,-0.0036011473,-0.0039131106,-0.0038084895,-0.003810151,-0.003649509,-0.003833516,-0.0037339241,-0.0036810474,-0.0037722574,-0.0038563968,-0.003620854,-0.0035615102,-0.0038295747,-0.0035843537,-0.0037042485
2018-03-09,3.9005303e-05,-0.00017514674,-6.1070896e-05,-2.736447e-05,9.528699e-05,0.00010501745,-0.00020120142,-0.0001707658,-5.3486205e-05,9.115192e-05,-0.00016864983,-3.135798e-05,1.0909163e-05,6.5842294e-05,-0.00017894653,7.839652e-05,0.000121535384,-0.00016741303,0.00014314952,1.2220466e-05
2018-03-12,4.1225576e-05,-0.00016733853,-3.7854887e-05,-2.8772629e-05,6.85245e-05,3.6591315e-05,-0.00023227779,-0.00016821024,-0.00022629497,-6.4975e-05,-0.00013800559,-4.82708e-05,0.00014342519,3.0392432e-05,-0.00017954258,-4.4493354e-05,0.000102938735,-0.00019231287,0.00015626254,4.3408596e-05
2018-03-13,5.874189e-05,-0.00015108881,-3.3376273e-07,-0.000110982335,-2.1269894e-05,8.9862966e-05,-0.00021054444,-0.00021470932,-8.8891364e-05,-8.141971e-06,-0.000115102506,-2.955494e-05,0.00011507573,3.8543367e-05,-0.00017328409,1.0967487e-06,0.00012634101,-0.00017236767,0.00015973451,-5.870161e-05
2018-03-14,4.4965767e-05,-0.00015766767,-1.3917452e-06,-3.0873693e-05,-2.248562e-06,9.4325864e-05,-0.00020468084,-0.00021148322,-0.00016775576,4.6217465e-05,-0.00012494472,2.2323453e-05,0.00011349621,-2.5539077e-05,-0.0001810774,-3.0046678e-05,0.0001377255,-0.00015613285,0.00014585408,6.685557e-05
2018-03-15,7.198157e-05,-0.00016599742,-3.5016215e-05,-9.644625e-05,-1.3619429e-06,3.7992024e-05,-0.00021806208,-0.00024367718,-9.606627e-05,-3.186462e-05,-0.00015120802,7.331523e-05,0.000110389316,5.887472e-06,-0.00019249914,-4.2727566e-05,0.000121423625,-0.00018700806,0.00010389241,1.9827508e-05
2018-03-16,0.0032855659,0.0030584722,0.0032253503,0.0031487434,0.0032209693,0.0033281087,0.00304223,0.0030023172,0.0031524538,0.003207141,0.0030929684,0.0032651438,0.0032970472,0.0032088696,0.003051558,0.003233464,0.0033150031,0.0030859052,0.0033612116,0.003219047
2018-03-19,7.930549e-05,-0.00020374206,-1.9058352e-06,3.2493495e-05,-2.8072274e-05,0.00012725743,-0.00016170589,-0.00018961576,-9.629724e-05,1.6750419e-05,-0.0001400545,2.9140734e-05,4.9801194e-05,-0.00011605618,-0.00015015749,8.5116946e-05,0.000105628395,-9.170023e-05,5.667063e-05,8.6510205e-05
2018-03-20,3.44828e-05,-0.00017842499,-3.1521893e-05,-1.00195175e-05,-8.781103e-05,3.3618533e-05,-0.00020084379,-0.00020537374,-1.01089245e-05,5.974027e-05,-0.00016566215,0.00012672099,8.6636865e-05,4.8691058e-05,-0.00018022803,3.1942152e-05,0.0001236737,-0.000144577,2.0766282e-05,-0.00015710888
2018-03-21,-0.0041406737,-0.004417716,-0.00422529,-0.004236913,-0.0042260275,-0.0041705505,-0.0044390694,-0.0044119866,-0.0043198303,-0.0041670115,-0.004396057,-0.0041683004,-0.0041617886,-0.0041486532,-0.0044026137,-0.004187873,-0.0041203336,-0.004343687,-0.0041941763,-0.0043345005
2018-03-22,0.0069040223,0.0066245585,0.0068346276,0.0068724616,0.006744945,0.006959231,0.0066413,0.006609158,0.0066349893,0.0068837195,0.006727004,0.0068514138,0.0069327443,0.0066892295,0.006645614,0.00679166,0.0069064437,0.0066635995,0.00681843,0.0066727786
2018-03-23,0.001694502,0.0013964564,0.0015899331,0.0015911103,0.0015656516,0.0015500203,0.001398252,0.0014163867,0.0014437676,0.0017278135,0.00143511,0.0017156169,0.0017010585,0.0014889181,0.00140308,0.0016521752,0.00169141,0.0014119238,0.001604484,0.0014819369
2018-03-26,0.00077995064,0.00048931094,0.00071884843,0.0007323042,0.0006730199,0.0006163657,0.00043796154,0.0004961655,0.0006101966,0.00074268284,0.0005482078,0.0007681936,0.0007798836,0.0006128192,0.0005055234,0.00069612416,0.0008078903,0.0005229652,0.0006960571,0.0006668359
2018-03-27,0.0075611337,0.0072510852,0.0074571758,0.0072886734,0.007337527,0.007537523,0.0072864755,0.0072791963,0.007275605,0.0075632795,0.0073065325,0.007429221,0.0075390725,0.0073118447,0.0072415336,0.007483402,0.0075439825,0.007299082,0.0074600815,0.007321344
2018-03-28,0.0046985983,0.0043757944,0.004611002,0.0044208183,0.0045427396,0.0046923026,0.004378849,0.0043472587,0.004426168,0.0045402437,0.004401104,0.0045562624,0.004747556,0.004658745,0.0043728813,0.004571618,0.0046767755,0.004454264,0.0045569553,0.004471326
2018-03-29,0.0022726818,0.0019433514,0.0022028773,0.0019852235,0.0021454631,0.0022740155,0.0019420102,0.0019694432,0.001982586,0.002104038,0.0019944026,0.0020793094,0.002255024,0.0022104545,0.0019732579,0.002205485,0.0022396832,0.0020269766,0.0021296456,0.001995006
2018-04-02,0.0029132827,0.0025911047,0.002824047,0.0025937124,0.0027276292,0.002898389,0.0025718003,0.0025708019,0.0025692224,0.002765411,0.0026301458,0.002913998,0.002870263,0.0026381104,0.0026124208,0.002851741,0.0029106154,0.002680102,0.0027592643,0.0025529726
2018-04-03,0.00010655227,-0.00018607674,8.897507e-06,-0.00022878346,-0.000104433275,0.00014608505,-0.00017718074,-0.00021625904,-4.366634e-05,-6.1443425e-05,-0.00016956625,2.3850822e-05,9.744021e-05,-7.181463e-05,-0.00016645936,5.898776e-05,0.00013484212,-7.07641e-05,5.9792423e-05,-0.000109305955
2018-04-04,0.0001211256,-0.00019635109,3.8535916e-05,-0.00014365313,5.8652484e-05,0.00015708955,-0.00019696949,-0.00021909771,-0.00019047258,1.6936683e-05,-0.00016096828,-0.0001258388,0.00014349225,-0.00018603948,-0.0001593366,4.206004e-05,0.00013500603,-0.00012344716,-1.7842627e-05,-0.00015425531
2018-04-05,0.00010080787,-0.00018596498,0.00012061896,-1.249311e-05,5.488994e-05,-2.2417284e-05,-0.00023550389,-0.0002119079,-7.372943e-05,-1.5622354e-05,-0.00012369303,-5.289016e-05,9.620341e-05,-0.0002010375,-0.00017036346,2.2614026e-05,0.00012045505,-0.00014829484,-6.352214e-05,-0.00018007902
2018-04-06,0.0079573635,0.007707299,0.008009622,0.0077969595,0.007890487,0.007947946,0.007724622,0.007676722,0.0077175214,0.007922271,0.007763402,0.007900955,0.008001277,0.007733987,0.007744552,0.007932292,0.007994654,0.0077560036,0.007855581,0.0078456495
2018-04-09,0.00010971876,-0.00018800644,6.181153e-05,-3.9613224e-05,3.3164048e-05,0.00011779519,-0.00017966179,-0.00016806123,-0.00015535054,2.7047121e-05,-0.00013217179,-1.8699444e-05,6.0857856e-05,-0.00014494953,-0.00015248207,0.00014330598,0.0001357809,-0.00017258374,9.940588e-06,-8.0829835e-05
2018-04-10,0.00012263807,-0.00018335728,7.3672854e-05,-0.00013825891,-7.4267155e-06,9.7559416e-05,-0.00018242595,-0.00018994359,-8.521823e-05,2.4290406e-05,-0.00012861786,5.0330185e-05,9.745511e-05,-0.00012578664,-0.00015909818,0.00012882205,0.0001397744,-0.00015318242,-2.6649213e-05,-1.3759709e-05
2018-04-11,5.8198e-05,-0.00018553284,0.00015115144,-0.00011322496,5.3943717e-05,0.00014679285,-0.00019623933,-0.00022186188,-0.00010569242,2.4528825e-05,-0.00011780707,-0.0001804143,0.00016112032,-0.00016839651,-0.00016432104,9.738805e-05,0.00011635723,-0.00014491228,-1.2977398e-05,1.04099745e-05
2018-04-12,7.9447054e-05,-0.000179252,8.374604e-05,-0.00015397219,-5.0319708e-05,1.0222429e-06,-0.00026291457,-0.00015515683,-0.00013029424,4.1061663e-05,-0.000103524304,4.2842352e-05,0.0001076177,-0.00015809236,-0.0001669362,0.00010980072,0.0001339704,-0.00020428596,1.8836581e-05,-0.0002152085
2018-04-13,-0.0019330963,-0.0022390173,-0.0019918145,-0.0021786154,-0.0020894618,-0.0019337967,-0.0022438453,-0.0022324533,-0.002223289,-0.0019880594,-0.0021650703,-0.001972212,-0.0018839523,-0.0022129924,-0.0022298605,-0.0019817562,-0.0019283876,-0.0022630752,-0.0020519928,-0.002092144
2018-04-16,0.0011863128,0.00094597193,0.0010996402,0.0009877548,0.0011016816,0.0011976525,0.0009064466,0.0009197906,0.0009388343,0.0012535095,0.00093408825,0.0010945589,0.0012357921,0.00090259465,0.00091654214,0.00121312,0.0012025401,0.0009157598,0.0011061594,0.0010437832
2018-04-17,0.0001159549,-0.00012681482,9.0220594e-05,-8.640287e-05,-5.6533492e-05,0.0001313031,-0.00017060933,-0.00016891805,-0.0001329988,0.00017210247,-8.3020306e-05,7.609429e-05,0.00016431662,-4.4001616e-05,-0.00012259779,0.00013484212,0.000125514,-8.9427806e-05,1.5386962e-05,-6.5176166e-05
2018-04-18,0.008648017,0.008425238,0.008611741,0.008462476,0.008593256,0.008590275,0.008354047,0.008386055,0.0084486995,0.0087076,0.00844636,0.008516634,0.008650498,0.008427979,0.008415641,0.008659402,0.008670339,0.008409442,0.0085831825,0.008418562
2018-04-19,0.0034266575,0.0031398847,0.0033688857,0.0031689196,0.0033602207,0.0032527386,0.0030625402,0.0031491085,0.0031681894,0.00335581,0.0031663938,0.0032637655,0.0033420264,0.0032640635,0.0031598597,0.0034357696,0.0034441068,0.003228338,0.0033703535,0.0030320897
2018-04-20,-0.0006329551,-0.0008947387,-0.0007466286,-0.0008958712,-0.00069703755,-0.0006211385,-0.0009315446,-0.00091761944,-0.00075199304,-0.00058880297,-0.00089344976,-0.0007863104,-0.0007256478,-0.0009175673,-0.0008891657,-0.00058919785,-0.0006240293,-0.0009002,-0.0006203711,-0.0009862244
2018-04-23,0.00013337436,-0.00018418429,4.4950866e-05,-0.00013647822,-0.00017725525,-1.6404665e-05,-0.00023118255,-0.00016649661,-0.00023831276,0.00012634101,-0.00012615917,7.4657146e-07,9.955617e-05,-0.00016589311,-0.00018062291,0.00013375434,0.00011633488,-0.00020005403,9.326788e-05,-0.00019349006
2018-04-24,0.0001333222,-0.00017557887,2.8678798e-05,-0.00014104543,-0.00015278754,-6.034819e-05,-0.00022455899,-0.00015370396,-9.579933e-06,0.000108712935,-0.00011678634,9.6665346e-05,0.000101910555,-0.00015265343,-0.00014731882,0.00012930634,0.00012101384,-0.00014933047,0.00010335597,-0.00014150736
2018-04-25,0.0036765723,0.0033729463,0.0035675927,0.0034124642,0.003379689,0.0034981384,0.0033736243,0.003371188,0.0034477352,0.0036697849,0.0033934056,0.0036627739,0.0036298647,0.0033826693,0.0033684312,0.0036619767,0.0036392747,0.0033654883,0.0036645993,0.0034206598
2018-04-26,0.0005062014,0.00020218792,0.00037105533,0.00027457776,0.00019923004,0.0004444063,0.000117325806,0.00018163177,0.0003725529,0.0004999727,0.0002384499,0.00042778405,0.00040648284,0.00020045938,0.0001924053,0.000508824,0.0004771516,0.00023733231,0.0004984528,0.00025154802
2018-04-27,0.0001146436,-0.00015136448,8.68144e-06,-8.5195876e-05,-0.000114834285,2.7732574e-05,-0.0001502916,-0.00017727015,9.286555e-05,-4.6192086e-05,-8.105335e-05,9.275379e-05,6.512704e-05,-0.00016539393,-0.00013980118,0.00012988748,0.00012396427,-8.759496e-05,0.00014317932,-2.3677712e-06
2018-04-30,0.00011831673,-0.00016454456,5.1887357e-05,-7.361767e-05,-0.0001452252,6.33538e-05,-0.00025322882,-0.00012301502,-0.00010103581,-5.8880425e-05,-0.00013851223,-1.1256314e-05,5.193951e-05,-0.00017049012,-0.00016612408,0.00012858363,0.00012675079,-0.0001265168,0.00016928616,-0.00016273407
2018-05-01,0.00010865333,-0.00016539393,1.5833997e-05,-9.732542e-05,-0.00010450033,-5.280075e-05,-0.000119952834,-0.00018048135,1.6191625e-05,-3.4628785e-05,-0.00013368425,8.892419e-05,3.651681e-05,-0.00011911837,-0.0001688808,0.00017745944,0.00010045024,-0.00017310528,0.00017304125,-0.00010321138
2018-05-02,-0.0007525146,-0.001012145,-0.0007821977,-0.0009960443,-0.000918439,-0.0008826986,-0.0011438936,-0.001064828,-0.0008389413,-0.00079052,-0.0009636417,-0.00080178527,-0.00080334244,-0.0009533003,-0.0009678736,-0.0006474167,-0.0007135555,-0.001006639,-0.000751844,-0.00093901006
2018-05-03,2.5340938e-05,-0.0002376124,8.130097e-06,-0.00013267843,-0.00029204634,-4.9395836e-05,-0.00018962321,-0.00017115322,-0.00021792052,7.5207674e-05,-0.0001945406,-0.000149025,-4.801748e-05,-0.00024464575,-0.0002553746,0.00012894126,1.1169934e-05,-0.00018877385,1.1929893e-05,-0.00013961492
2018-05-04,0.00012094679,-0.00019242463,4.2372965e-05,-0.00013922749,-9.026227e-05,-4.775671e-05,-0.00022183952,-0.0001965597,-0.00012482551,0.000104466104,-0.00010223535,3.0653202e-05,-1.8945313e-05,-0.00012031791,-0.00020524708,0.00020169618,0.00010450336,-0.00018165854,0.00011969509,6.126019e-05
2018-05-07,0.00035571458,7.897767e-05,0.00027047994,6.677362e-05,7.372501e-05,8.952769e-05,-6.1838306e-05,0.00013893249,0.00034609588,0.00032857212,0.00015014561,0.00032664242,0.00025948288,8.079561e-05,3.6628568e-05,0.0004000232,0.0003449634,6.670656e-05,0.00033206644,0.00041923078
2018-05-08,0.00012291374,-0.00016654131,6.896409e-05,-0.00014336256,-7.39157e-05,-0.00013194827,-0.00033148227,-0.0002061635,-0.00010692177,0.00016457739,-9.4814575e-05,4.574808e-05,4.6061003e-05,-0.00016966311,-0.00017764268,0.00016130658,9.957852e-05,-0.00019726006,0.00010118785,2.690556e-05
2018-05-09,-0.0005626142,-0.00088063476,-0.00060454605,-0.000819689,-0.0007631242,-0.0007154554,-0.0009361863,-0.0008507803,-0.00080166606,-0.00070985255,-0.0007709771,-0.0006370082,-0.0006018266,-0.0008468538,-0.0008824825,-0.0005210623,-0.0005596414,-0.00087702123,-0.0006166309,-0.0005524963
2018-05-10,0.0033933981,0.00311874,0.0033518015,0.003088714,0.0030918508,0.0031822487,0.0029553934,0.0030460297,0.003147432,0.003247918,0.003175722,0.003131555,0.003415586,0.0030922308,0.0030964403,0.0034047752,0.0033801585,0.003081651,0.0033746525,0.0030600443
2018-05-11,9.800645e-05,-9.913591e-05,0.00010468962,-0.00012617407,-0.00014234928,-0.000124073,-0.00029736606,-0.0002297893,-0.00014654396,2.856704e-05,-5.524454e-05,8.1242644e-05,0.000115500414,-0.00016857532,-0.00022820232,0.00011996331,0.00012347254,-7.290242e-05,5.424174e-05,-0.00014374999
2018-05-14,0.000103080296,-0.00015122292,0.000100621604,-9.1230846e-05,-0.00012714264,-6.615883e-07,-0.00011344103,-0.00018983183,0.0001127884,3.385695e-05,-5.6540943e-05,-9.0955175e-05,0.00013031962,-0.00018442271,-0.0001836553,0.00012889656,0.00010789337,-0.0001361057,9.223225e-05,-0.00012056378
2018-05-15,7.544609e-05,-0.00010145304,0.00014301541,-0.00013446657,-0.00021022407,-6.5563596e-05,-0.0001681879,-0.00023028103,-0.00016360579,4.9719238e-05,-4.5670546e-05,-0.00012294797,0.00010800513,-0.00020309386,-0.00016793457,0.00014151784,0.00012693706,-0.00014210341,0.00014891627,-0.0001316726
2018-05-16,7.5855874e-05,-0.000111235655,9.778293e-05,-0.00016534922,-0.00016645936,-0.00011723337,-3.0925847e-05,-0.00018238125,-9.551493e-05,4.464411e-06,-2.313999e-05,-8.367596e-05,0.0001287252,-0.00019839255,-0.0002041295,0.00018002244,0.00013874623,-0.00018223224,0.00012271258,-6.5176166e-05
2018-05-17,0.0046940683,0.004519479,0.0046463325,0.0044452413,0.0044520213,0.0045398935,0.0044958605,0.0043436303,0.00455095,0.0046738475,0.00458035,0.004495607,0.0047359928,0.004428224,0.004473896,0.0048096045,0.004730852,0.004397617,0.0047338917,0.0047531067
2018-05-18,6.318989e-05,-0.00015108136,1.7316663e-05,-9.640155e-05,-0.00014658866,0.00011878612,-0.0001933783,-0.0002266824,-4.0015555e-05,4.6068453e-05,-8.93533e-05,6.4970576e-05,1.7555081e-05,-0.00017006544,-0.00011633185,0.00019799324,0.00010454806,-0.00016277132,0.00010834786,0.00018453004
2018-05-21,4.861655e-05,-0.00010351685,1.676532e-05,-1.1235243e-06,-0.00015890447,9.004178e-05,-0.00015511957,-0.00020858494,-7.822958e-05,5.936029e-05,-9.715406e-05,2.2181892e-05,5.9844577e-05,-0.00018799154,-0.00010742096,0.00018384459,8.3559775e-05,-0.0001694992,0.00010274502,0.00015167298
2018-05-22,6.079825e-05,-0.00017689762,4.92275e-05,-1.2776232e-05,-0.0001535028,4.8668706e-05,-0.00019968895,-0.00022907404,-3.5306788e-05,5.2140676e-05,-7.680652e-05,-0.00013901142,5.6313e-05,-7.153151e-05,-9.432284e-05,0.00020961615,0.00012056681,-0.00017224846,9.54211e-05,0.00015486928
2018-05-23,0.0034215315,0.0032948642,0.0034316867,0.0033846512,0.0032192334,0.0033389642,0.0032629534,0.0031748428,0.0033850758,0.0033186018,0.0033185272,0.0034032553,0.003474386,0.0032140105,0.0032658665,0.0035513206,0.003511311,0.0032041683,0.0035315766,0.003268437
2018-05-24,0.003051111,0.0028736158,0.0030411272,0.0029293462,0.0028834506,0.003028573,0.0029202416,0.0027958541,0.0032221912,0.003120908,0.0029024496,0.0029279678,0.003139296,0.002843888,0.002924712,0.00320466,0.0031220778,0.0028384416,0.0031636222,0.0032185107
2018-05-25,7.2786235e-05,-0.00015713868,2.8276467e-05,2.2234046e-05,-0.00011729298,2.4245703e-05,-0.000113932765,-0.00019312499,0.00015235844,0.00012145343,-0.00012209115,-5.9513724e-05,0.00012567046,-0.00017850695,-0.00010500697,0.00015710446,0.00012391212,-0.00017610786,0.00014115276,0.00014450552
2018-05-29,-0.0018787741,-0.0021204115,-0.001898101,-0.0019342512,-0.0021033944,-0.0020083324,-0.0020918981,-0.0022188039,-0.0017996415,-0.0018591866,-0.002077973,-0.0019408002,-0.0018077776,-0.00213345,-0.0020316602,-0.0017529189,-0.0018629268,-0.0021130727,-0.0018144533,-0.0018050283
2018-05-30,8.712115e-05,-0.00013478694,8.122646e-06,-5.2450574e-05,-0.00015003828,9.592029e-05,-0.00010634062,-0.00022778509,0.00017298164,7.0334994e-05,-0.00012261269,-0.000106728054,0.00013572129,-0.0001676291,-0.0001292288,0.00016753527,8.823874e-05,-0.00014033017,0.0001332626,-5.2450574e-05
2018-05-31,7.207098e-05,-0.00012320874,3.9586448e-05,-0.0001810178,-0.00014356372,-8.372066e-05,-0.0001412466,-0.00025646237,0.00017279538,0.0001153067,-7.694063e-05,-0.00020142493,0.00012607279,-0.0001823142,-0.000105968094,0.00017141702,0.00011581334,-0.00014812348,0.000118473195,-6.69196e-05
2018-06-01,5.666318e-05,-0.00011770276,3.437104e-05,-0.00018270907,-0.00013147888,-2.6246882e-05,-0.00010780839,-0.00020786969,0.00015001895,0.000113213086,-9.484438e-05,-0.0001309797,3.934058e-05,-0.00017507223,-0.00011874584,0.00017815235,0.00011991861,-0.00015966443,0.00010343047,-7.3885894e-05
2018-06-04,0.00016969594,-4.201231e-05,0.00013751688,-5.996821e-05,-4.6408153e-05,0.00011568668,9.8058605e-05,-0.000116883195,0.000120134675,0.00020529481,1.1140131e-05,2.9051327e-05,0.00021393748,-6.4922846e-05,-5.020178e-06,0.00025703164,0.00022708031,1.9425177e-05,0.00021027925,2.0788633e-05
2018-06-05,4.5472407e-05,-0.00013761816,2.9118382e-05,-0.00016935763,-0.00013850478,6.6101784e-06,-1.6322709e-05,-0.00017458049,0.00016734155,8.104893e-05,-6.973592e-05,5.47769e-06,9.119662e-05,-0.00015633402,-0.00012412516,0.00018020126,0.00010548683,2.203288e-05,8.7031745e-05,-0.00010370312
2018-06-06,0.00010169449,-0.00013185886,4.321488e-05,8.7039196e-05,-0.00013250706,-2.3445464e-05,-6.139872e-05,-0.00011345593,0.00012814405,4.8661255e-05,-8.0569065e-05,-8.629111e-05,0.0001332924,-0.00016072241,-0.00011677889,0.00013198855,9.9474215e-05,-3.2192445e-05,4.5569264e-05,-0.00011497585
2018-06-07,0.00011609646,-0.00012103317,2.6540481e-05,3.9027655e-05,-0.00014302728,-9.058393e-06,-0.00020867435,-0.0002529606,0.0001211107,-9.192503e-06,-4.5298017e-05,-0.00013647077,0.00011541101,-0.00018249301,-0.00015945581,0.000135915,0.00010388496,-0.00016959605,8.90583e-05,-0.00014178304
2018-06-08,5.0292932e-05,-0.000115989125,2.0587468e-05,-9.248254e-05,-8.957682e-05,-2.3795641e-05,-8.841453e-05,-0.00025205163,0.00011335465,3.2106065e-05,-4.0218e-06,-0.00015181152,5.5724406e-05,-0.00017721055,-0.00016140041,0.00014429691,0.00012722763,-5.893258e-05,0.00010039064,-0.00016445515
2018-06-11,4.7878944e-05,-0.0001643583,4.3877983e-05,-0.00014443544,-0.00013700721,-0.00010394899,-0.0007973969,-0.00015461294,-5.8530248e-05,0.0001333818,-8.22529e-05,-0.00013404188,0.00018932822,-0.00017486361,-0.00014890579,0.00013953599,0.000117571675,-1.1792756e-05,9.747001e-05,-0.00017084775
2018-06-12,6.2146806e-05,-0.00015322713,5.5702054e-05,-0.00014979986,-0.000113791204,-5.2502728e-05,0.00010796788,-0.0003172144,6.5588974e-05,7.7644014e-05,-7.482467e-05,-0.00011183915,0.00017904642,-0.00015695242,-0.00012826023,0.00016651454,8.44911e-05,-0.00014737842,7.464888e-05,0.00016096386
2018-06-13,-0.0009442329,-0.00111164,-0.00091747043,-0.0011397734,-0.0011256918,-0.0010414183,-0.0017185345,-0.0012820646,-0.0010331258,-0.0009359553,-0.0011041745,-0.0010033384,-0.0008657187,-0.0011542126,-0.0010844603,-0.00085633097,-0.00089393405,-0.0011421427,-0.0008953124,-0.0008641392
2018-06-14,0.0029208376,0.0027522235,0.0029488741,0.002764301,0.002749571,0.0028318851,0.0030001118,0.0028702407,0.002849245,0.0029544323,0.0027643978,0.0027239486,0.003013657,0.0027015521,0.0027399524,0.0030322685,0.0029866337,0.002718599,0.0030113994,0.0029659956
2018-06-15,0.002418065,0.0022454648,0.0024509518,0.0022690608,0.0023075729,0.0024623512,0.0025249138,0.0020783632,0.0023255586,0.0024301796,0.0024239211,0.002216713,0.0025058105,0.0022972985,0.002266334,0.0025578751,0.0024866476,0.002250926,0.00252095,0.0024969964
2018-06-18,-0.0011663869,-0.0013420418,-0.0011341855,-0.0013767615,-0.0013046324,-0.0011505395,-0.0011414051,-0.0012753367,-0.0012708738,-0.0011974036,-0.0012770355,-0.0013830423,-0.0012194425,-0.0013687595,-0.0013821482,-0.0010836929,-0.0011357501,-0.0013692438,-0.0010957554,-0.0011028781
2018-06-19,2.0170235e-05,-0.00012292562,5.615654e-05,-0.00013989804,-8.713303e-05,6.7921006e-05,-0.0001528844,-0.0003391191,4.435482e-05,0.000113846385,-6.6457666e-05,-0.00013229845,2.1272921e-05,-0.00014573184,-0.00020929275,0.0001596302,0.00010013732,-0.00011388806,0.000112438225,0.000100629055
2018-06-20,7.528218e-05,-0.0001746848,1.3375306e-05,-0.00014741567,-9.51126e-05,0.0001107991,-9.28191e-06,-0.00019740907,-4.8740185e-05,6.222876e-05,-1.3208366e-05,-0.00016230938,3.0258321e-05,-0.00015543995,-0.00019989756,0.00015059265,6.46055e-05,-0.00015093235,8.095952e-05,8.218142e-05
2018-06-21,5.9412443e-05,-0.000104060746,6.121548e-05,-0.00013863144,-0.00011759845,0.00013158622,3.2106065e-05,-0.00031306443,-5.8262027e-05,0.000115261995,1.5655183e-05,-0.00013283489,5.1239156e-05,-0.00018806604,-0.00016007421,0.00013148191,9.595754e-05,-0.0001740217,0.00015332701,-0.00021243689
2018-06-22,0.001762347,0.0016163454,0.0016996801,0.0016803086,0.0016298235,0.0018138677,0.0015749872,0.0014645472,0.001693809,0.0017957926,0.0017789841,0.0016388834,0.001738371,0.0015595794,0.0014411673,0.0017507464,0.0017446518,0.0015319228,0.0018937454,0.00175284
2018-06-25,4.770013e-05,-0.00014528481,1.547637e-05,3.690424e-05,-2.8809882e-05,9.09284e-05,0.00011828693,-0.00014996377,-5.0409115e-05,0.000100770616,4.66645e-05,-8.614955e-05,8.721801e-05,-0.0001887366,-0.00024169532,7.3576e-05,4.2738044e-05,-0.00017787365,0.00015603157,1.0669464e-06
2018-06-26,6.542506e-05,-9.538082e-05,3.5093748e-05,-7.8520156e-05,-7.957069e-05,0.00014185312,9.314867e-05,-0.00028019992,4.1344785e-05,7.975998e-05,5.5223936e-06,-5.1325536e-05,5.8503472e-05,-0.00017143635,-0.00019805727,4.463049e-05,0.00011240097,-0.00019412336,0.0001486555,-6.6667562e-06
2018-06-27,4.7893845e-05,-5.3627766e-05,2.6972615e-05,-0.00016735343,-0.00015253422,0.00012017193,0.00012763741,-0.00024228392,-9.669957e-05,8.426013e-05,5.5635e-05,-9.162573e-05,-4.0292507e-06,-0.00018896756,-0.00025936065,4.425051e-05,7.1877264e-05,-0.00021205691,7.0461654e-05,6.512704e-05
2018-06-28,8.2911574e-05,-4.3338514e-05,-3.1693256e-05,-0.00014687178,-0.00010651199,0.00012589397,-5.2688993e-05,-0.0002145454,0.00011879357,0.00010048004,6.297382e-05,-0.00013267843,4.1046762e-05,-0.00019354967,-0.00015868095,5.412253e-05,8.647295e-05,-0.00021878479,9.797665e-05,-8.065102e-05
2018-06-29,-0.00226575,-0.0024309293,-0.0023601935,-0.0024295733,-0.002372867,-0.0021815808,-0.0023339824,-0.0025468976,-0.0023059458,-0.0022678883,-0.0024262653,-0.0024487735,-0.0023267702,-0.002474262,-0.0022528605,-0.0022483156,-0.002143471,-0.002528368,-0.0021523521,-0.0023356364
2018-07-02,0.0014199406,0.0012054682,0.0013056711,0.0011689008,0.0012331546,0.0014343575,0.0013203636,0.0010796577,0.0014539153,0.0013843939,0.0012018472,0.0011646614,0.0013602391,0.0011620462,0.001366885,0.001404056,0.001456374,0.0011333838,0.0014382169,0.0012644246
2018-07-03,8.570554e-05,-0.00014218537,1.0216259e-05,-0.00012976525,-8.219329e-05,0.00015819969,5.630555e-05,-0.0001785442,-7.025746e-05,5.7035708e-05,-0.00012824533,-0.00015259383,9.4861025e-06,-0.00016490219,2.743327e-06,7.1764225e-06,0.00011313113,-0.00017301587,0.000121676945,0.00011176767
2018-07-05,-0.0033216388,-0.0034996928,-0.0033794628,-0.0035747052,-0.0035538436,-0.0032977,-0.003465599,-0.0037646056,-0.0034459964,-0.0034980462,-0.0036034049,-0.003655082,-0.0034924434,-0.003611675,-0.0034724758,-0.003501332,-0.003372191,-0.0036339522,-0.0033436553,-0.0035034106
2018-07-06,0.00014679285,-8.8772154e-05,3.6464655e-05,-0.0001278728,-5.3590513e-05,0.0001332775,7.7018165e-05,-0.00027096865,-1.7321086e-05,-3.784662e-07,-6.481109e-05,-0.0001938775,4.3021166e-05,-0.00019611267,4.6105706e-05,-9.781099e-06,0.00011631998,-0.00017371622,0.00015329721,-4.3793e-05
2018-07-09,0.0001543701,-0.00010885892,8.755946e-06,-0.00015795825,-2.4667359e-05,7.576647e-05,6.1737024e-05,-0.00021686254,2.1831715e-05,3.2880926e-05,-0.00010438857,-0.00019872037,4.049542e-05,-0.00017965434,-7.348356e-05,3.846013e-06,9.8572695e-05,-0.00017890183,0.00016274455,-2.9197312e-05
2018-07-10,8.8179135e-05,-0.00011513231,6.166997e-05,-0.00013090519,-6.279198e-05,9.6903765e-05,-6.269512e-05,-0.00026772765,-1.2902892e-05,-3.240106e-05,-0.00013568846,-0.00018540618,5.7244324e-05,-0.00017964689,-7.999537e-05,0.00011760148,9.5614814e-05,-0.00021668372,9.8826014e-05,-3.6558486e-05
2018-07-11,0.0016413495,0.0014532894,0.0015115082,0.001401344,0.0014169753,0.0016102061,0.0014952734,0.0012500301,0.0014868617,0.0015935093,0.0014169976,0.0013004482,0.0015996635,0.0013362706,0.001356864,0.0016123668,0.001621151,0.0013284028,0.0016017571,0.001550661
2018-07-12,0.0001031548,-0.00017342565,-7.329858e-06,-0.000144577,-9.309349e-05,7.975998e-05,2.5974237e-05,-0.00032204238,0.00010197761,6.0567283e-05,-7.242558e-05,-0.00016864238,4.1955733e-05,-0.00016531197,-0.00014627574,-1.903472e-05,0.000111529254,-0.00019480137,9.5354044e-05,-8.50705e-06
2018-07-13,0.00011994096,-4.5663095e-05,-4.856265e-06,-0.00013884006,-4.8226095e-05,9.956362e-05,2.2621476e-05,-0.00017544476,0.00012044015,7.736089e-05,9.661319e-05,-0.00017031131,5.987438e-05,-0.00018556265,-0.00017093716,6.928446e-05,0.00010556134,-0.00020281819,0.0001415998,-7.118133e-05
2018-07-16,0.00013478252,4.5040273e-05,-1.5585101e-05,-0.00014309434,-3.9770966e-06,5.874934e-05,2.1994347e-06,-0.00021254865,-6.805954e-05,9.4355666e-05,0.00011877867,-0.0001727998,6.704929e-05,-0.00018753705,-0.00011554209,4.9525523e-05,9.840878e-05,-0.00020893512,0.00014789554,-0.00012799201
2018-07-17,0.00012879225,-3.675965e-05,7.705414e-06,-0.00017005799,-4.5163906e-05,0.00011003914,0.000110642635,-9.12681e-05,1.8359744e-05,5.797448e-05,2.715888e-05,-0.00015622226,7.5356686e-05,-0.00021343527,-0.00013900397,7.1631395e-05,8.630159e-05,-0.00023551879,0.000120529556,-9.041873e-05
2018-07-18,7.7025616e-05,1.4507794e-05,2.1503889e-05,-0.00017225591,-5.1332987e-05,0.000113861286,0.00011047872,1.4857971e-05,2.9163086e-05,8.6785876e-05,4.743191e-05,-0.0001675695,6.281736e-05,-0.00021478382,-0.00011601893,6.0760998e-05,0.00011367502,-0.00016730872,0.0001391262,-0.00013924239
2018-07-19,0.0051834225,0.005113372,0.005140589,0.0049852594,0.005094388,0.0051542684,0.005161421,0.0049270554,0.0051201,0.0051811873,0.005142839,0.004974568,0.0052385717,0.004885012,0.0049844696,0.005172455,0.005221331,0.0049498915,0.005291158,0.005032593
2018-07-20,0.0023155822,0.0020185127,0.0022162213,0.0019906997,0.002100715,0.0021672412,0.0022618189,0.0019175574,0.0021490096,0.0021483316,0.0021134182,0.0019655614,0.0022699921,0.0019544302,0.0020403801,0.0022209971,0.0022301837,0.0020149439,0.002312751,0.0020173802
2018-07-23,0.0001417041,-5.689857e-05,7.14662e-06,-0.00014249084,-4.4120825e-05,0.000101009035,5.5977725e-05,-0.00019201485,-6.574986e-05,7.888081e-05,-6.0430146e-05,-0.00017083285,7.307681e-05,-0.00019495783,-0.00017066894,0.000107304775,0.00012251886,-0.0001580104,0.00014464709,-0.0001483321
2018-07-24,0.0030603348,0.0028716936,0.0029762178,0.0027763187,0.0029373406,0.0030034422,0.0029679104,0.0027127876,0.0030107736,0.0029576733,0.0028630286,0.0027580797,0.0029898002,0.0027519404,0.0027448325,0.0030258237,0.0030451654,0.0027645319,0.003067845,0.0029013767
2018-07-25,0.0017619297,0.0016010866,0.0016560272,0.0015062034,0.0016073451,0.0017277539,0.00168311,0.0015062332,0.0015463546,0.0016566679,0.0016054079,0.0014442444,0.001755023,0.0014761403,0.0014605016,0.0017157287,0.0017090604,0.0014853642,0.0017525718,0.001537548
2018-07-26,0.00014257582,2.6279711e-05,3.742578e-05,-0.000112509704,-4.301069e-05,0.00013698789,7.0849084e-05,-0.00013708172,7.131719e-06,1.4559948e-05,-4.18633e-05,-0.00014463661,3.3618533e-05,-0.00016008166,-8.8533736e-05,9.120407e-05,0.00014051201,-0.00019494293,0.00015983882,-0.00011002121
2018-07-27,0.00013607892,-3.325788e-05,3.526511e-05,-6.0951686e-05,4.66496e-05,5.807879e-05,6.7250454e-05,-0.00022895483,1.471641e-05,1.47089595e-05,6.952905e-06,-0.000154151,3.12716e-05,-0.0001420438,-9.509025e-05,8.776935e-05,0.00012453797,-0.00019693968,0.000116655254,-0.00011465547
2018-07-30,0.00016212615,-4.6288944e-05,6.039592e-05,-0.0001361504,0.00013303908,-0.00011895446,0.00015133026,-0.00017439423,-2.749858e-05,6.660225e-05,-8.9040375e-05,-0.00017615256,5.7533616e-06,-0.00018457172,-0.00017317978,0.000117445015,0.000113332295,-0.0001893848,6.039592e-05,-0.0001490399
2018-07-31,0.00015616568,-4.519371e-05,-3.544963e-06,-0.00015306321,1.31815905e-05,-1.351384e-05,0.0001569629,-0.00022036431,4.176947e-05,4.6642148e-05,-5.533395e-05,-0.00014164892,2.0542764e-05,-0.00016899256,-0.00016295759,9.038451e-05,0.00012263807,-0.00017426012,0.000103564584,-0.00013496575
2018-08-01,0.0034665181,0.0032442524,0.00336598,0.00322164,0.0034078225,0.0034419238,0.0034512146,0.003234738,0.003268206,0.0034339442,0.0033273115,0.0032115965,0.0034290045,0.003207089,0.0032310798,0.0034732162,0.0034872605,0.0031957938,0.0034694537,0.0032685488
2018-08-02,8.405768e-06,-0.00016701815,3.257545e-05,-0.00015158055,-8.258072e-05,0.00013004395,7.537159e-05,-0.0001426175,-5.2078045e-05,6.9128e-05,-6.216613e-05,-0.00015225855,7.35909e-05,-0.00015728024,-0.00018005667,3.499689e-05,0.00012854638,-0.00017376838,0.00014403614,-9.658781e-05
2018-08-03,6.8666064e-05,-0.00019941328,2.0334148e-05,-0.0001246616,1.3562385e-07,9.595754e-05,0.00010779651,-0.0002317637,-2.4779118e-05,7.3403353e-06,-8.4808446e-05,-0.00014862267,8.4707164e-05,-0.00016908196,-0.0001912996,5.1976764e-05,0.00010298344,-0.0002015963,0.000107684755,-0.00011401472
2018-08-06,0.005216175,0.004983404,0.00522338,0.005038002,0.0052457615,0.005297126,0.00526368,0.005179429,0.005012931,0.005193339,0.005059862,0.004994118,0.0052976473,0.0050162463,0.005004117,0.005188593,0.005199389,0.005001375,0.005295971,0.0051443963
2018-08-07,2.8932118e-05,-6.596593e-05,2.4193549e-05,-0.00016785262,0.000111149275,8.4058964e-05,2.1973276e-05,-0.00029126403,-7.603166e-05,5.5074925e-06,-6.853638e-05,-0.00019310263,3.037008e-05,-0.00018155423,-0.00021531282,1.7473125e-05,7.4566924e-05,-0.00019711105,3.4914934e-05,1.5848898e-05
2018-08-08,-7.894484e-05,-0.00012879667,-3.3622957e-05,-0.00017497537,0.00017115625,8.372369e-05,3.460201e-05,-0.00023864058,-0.00014144031,4.935416e-05,-6.598828e-05,-0.00018384901,-8.791534e-05,-0.00017861126,-0.00021649746,8.706155e-05,-1.6039587e-05,-0.00022944657,-3.2825745e-05,5.0739967e-05
2018-08-09,6.0588354e-06,-0.00011744199,-6.394682e-05,-0.00012767164,0.00010392966,2.9118382e-05,-9.010581e-05,-0.00016918627,-7.2731054e-05,0.00015974941,4.4704997e-05,-0.00018089858,-5.7069934e-05,-0.00020648388,-0.00021265296,0.000103057944,8.969905e-05,-0.00028957275,2.0289444e-05,-3.880111e-05
2018-08-10,6.874057e-05,-5.9737242e-05,-3.3853925e-05,-0.0001356214,0.00010467472,0.00011579099,-1.685915e-05,-0.00016625074,-0.00012450514,0.00014706852,-9.935943e-05,-0.00017817912,1.0238611e-05,-0.0001913741,-0.00013735739,6.003084e-05,0.00010118785,-0.00022692082,6.356987e-05,-1.672504e-05
2018-08-13,8.721056e-05,-0.00022248772,-3.0210591e-05,-0.0001309946,8.019211e-05,9.92507e-05,-0.0001477286,-0.00017009524,-2.6015914e-05,0.00011543336,-5.3247786e-05,-0.00017394719,4.2618834e-05,-0.00018912402,-0.00012962369,9.808841e-05,0.00012789073,-0.0001785442,7.3158764e-05,-2.7558184e-05
2018-08-14,0.00010568055,-0.00016986427,4.1061663e-05,-3.7668622e-05,4.9391412e-05,0.00015358778,-3.9249426e-06,-0.00019121764,-9.975431e-05,0.00013646635,-8.277444e-05,-0.00013518927,7.2018825e-05,-0.00017821637,-0.00012905,8.00431e-05,0.00012760761,-0.00015848724,8.9468085e-05,-8.597819e-05
2018-08-15,8.032622e-05,-8.443592e-05,6.029033e-06,-0.00014895794,-3.980694e-05,0.0001647413,-0.00017904339,-0.00020333228,-2.096442e-05,6.505998e-05,-0.00010589359,-0.000118797994,0.00010362419,-0.00016405282,-0.00014052389,4.2536878e-05,0.0001525745,-0.0002247676,0.000101515674,-0.000120981014
2018-08-16,6.882253e-05,-0.00018840877,-1.2917793e-05,-0.000107398606,5.439075e-05,7.254782e-05,0.00013260695,-0.00014711765,7.693621e-05,8.5750245e-05,-0.00010359136,-0.00011230854,6.27056e-05,-0.00022739766,-0.00011671183,9.9220895e-05,0.0001128033,-0.0001682326,2.7582282e-06,-7.202325e-05
2018-08-17,0.00011478516,-0.00015264598,2.1109008e-05,-0.00013667194,2.8142356e-05,0.00015296938,0.00012610259,-0.0001733884,-0.00011255441,0.00020726176,-9.715406e-05,-0.00014963595,0.00010514411,-0.00017570553,-0.000109551824,0.00012029114,0.00011131319,-0.00017836539,8.757564e-05,-4.6020723e-05
2018-08-20,0.00012227299,-0.000113284565,3.240409e-05,-0.00012928841,-2.8802431e-05,0.00018342736,5.873444e-05,-0.00016417203,-3.3369637e-05,0.00018753263,-4.394201e-05,-0.00012145785,0.00010749104,-0.00016600487,-0.00012568233,0.00011942687,0.000114487135,-0.0001792371,8.826109e-05,-4.4620014e-05
2018-08-21,0.00010224583,-0.00013118831,2.0781183e-05,-5.0118542e-05,-1.9399798e-05,0.00017991813,-0.00012567488,-0.00016484258,-6.84557e-06,0.0001646966,-9.38907e-05,-0.0001150131,9.7022974e-05,-0.00017715094,-0.00013092754,7.195177e-05,0.00011228176,-0.00014504639,0.00018546882,5.0285482e-05
2018-08-22,0.005272658,0.005126701,0.005342522,0.005145283,0.0054988726,0.0053249463,0.0052683293,0.0051621734,0.0052837073,0.005309248,0.005198823,0.0052116676,0.005302468,0.0051491573,0.0051412224,0.005388604,0.005446592,0.005193697,0.005300553,0.0053222566
2018-08-23,0.00081996026,0.00085091,0.000753285,0.0007104591,0.0008499861,0.00076127204,0.00067729654,0.0006130353,0.0007793844,0.00091537985,0.0007354483,0.00060143473,0.0008463055,0.0005955711,0.00056789967,0.0008887142,0.0009070203,0.00060740265,0.00082931074,0.0007759795
2018-08-24,0.0011415646,0.0011682376,0.0010591015,0.00096725824,0.0011248157,0.0010357142,0.0010835693,0.0009113118,0.0010376141,0.0012231261,0.0010176093,0.0009170264,0.0011701375,0.00089241716,0.0010050252,0.0011837349,0.001244174,0.00091010483,0.0011248231,0.0010124088
2018-08-27,0.0014357656,0.0014475972,0.0013637483,0.0011477709,0.0013829187,0.001331763,0.0012070924,0.0012582332,0.0013857275,0.0013225094,0.0012388319,0.0012075916,0.0014537588,0.001084806,0.0012684256,0.0014199257,0.001514116,0.0011577845,0.0013820991,0.0012966931
2018-08-28,0.00010264816,0.00010964426,4.0040934e-05,-0.0001515284,3.06383e-05,0.0001248956,-0.00015798805,-0.00012387929,5.5687153e-05,5.951675e-05,-9.4933785e-05,-0.0001547694,5.127641e-05,-0.00024072675,-0.0001130983,7.10428e-05,0.00015346112,-0.00015954522,5.9665763e-05,-9.228883e-05
2018-08-29,9.299966e-05,8.951279e-05,8.398318e-06,-0.0001920074,1.0147924e-06,9.813311e-05,-0.00013219414,-0.00014120189,0.00012008252,0.00014393183,-0.00012133864,-0.00013952551,1.7763698e-05,-0.0002889767,-7.802842e-05,0.000101009035,0.00016439112,-8.280424e-05,2.6235008e-05,-7.242558e-05
2018-08-30,7.538649e-05,-9.042618e-05,-3.635732e-05,-0.00015631912,-5.559472e-05,0.00012656453,-0.00017800776,-0.00018910167,6.617012e-05,0.00011701288,-0.00014053134,-0.00016480533,2.2994005e-05,-0.00022450683,-4.689989e-05,3.6613666e-05,0.00010817649,-0.0001388326,0.0001396701,-0.00010587869
2018-08-31,0.003524968,0.0035571544,0.003427954,0.0032855212,0.0034042313,0.0034043058,0.0032385602,0.003292547,0.0035401,0.003584297,0.0033393218,0.0032883524,0.0034686862,0.0031958907,0.003304021,0.0035097464,0.0035974025,0.0033550053,0.0036019473,0.003358373
2018-09-04,0.000121796154,9.3714916e-05,6.6474313e-06,-0.00011665968,-3.4777797e-05,0.00010004791,-0.00017323194,-0.00019478647,-1.4057732e-05,6.390514e-05,-0.00010065583,-0.00020146219,-1.1682278e-06,-0.0001727551,-0.00016943214,3.6762678e-05,0.00011725875,-0.00012561528,0.00013531896,-0.00010980514
2018-09-05,0.00012456032,9.7566866e-05,6.9567584e-05,-0.000117658055,-3.945676e-05,9.185972e-05,-0.0002042189,-0.00017518399,-4.83006e-05,0.0001108438,-7.166562e-05,-0.00018043665,1.8873834e-05,-0.0001599997,-0.00017618237,5.962106e-05,0.00013932737,-0.00011172739,0.00014764967,-3.0083931e-05
2018-09-06,0.000121557736,9.9213445e-05,6.169977e-05,-0.00011229364,-5.242077e-05,0.00010118785,-0.00020516512,-0.00017180888,-7.0182956e-05,6.0470426e-05,-4.9269176e-05,-0.00015336124,-1.2269593e-05,-0.00017799286,-0.00013062207,5.0836825e-05,0.00012874755,-0.00013480929,0.00013113173,-6.81415e-05
2018-09-07,0.0040933355,0.0040474026,0.003973247,0.0039056404,0.0039275526,0.004051992,0.0037438287,0.0037215664,0.0039272397,0.0040330677,0.003881292,0.0037998124,0.004035914,0.0037705018,0.0037987619,0.0040180474,0.0040699407,0.0038331538,0.0040624975,0.0038805096
2018-09-10,0.0042981594,0.0042849495,0.004180224,0.004157798,0.0041223257,0.0043003424,0.0041558384,0.004004517,0.004145266,0.004279995,0.0041457056,0.003989847,0.004246892,0.004006007,0.004033671,0.004252264,0.0042764335,0.004065016,0.004300052,0.004072973
2018-09-11,0.00012546929,9.4229006e-05,-3.67224e-05,-0.0001490697,-5.7740486e-05,9.944441e-05,-2.2558845e-05,-0.00016510335,-8.277444e-05,0.0001153216,-8.334813e-05,-0.00017582474,1.0147924e-06,-0.00017774699,-0.00010961143,9.571167e-05,0.00011200609,-0.00013333408,0.00014088454,-0.00010220555
2018-09-12,0.003302367,0.003011377,0.0033062412,0.0030038743,0.003115037,0.0032691523,0.0030598952,0.0029988452,0.003099957,0.0031678542,0.0030499413,0.002988258,0.0032185703,0.002977015,0.0030731573,0.003250481,0.003246875,0.0030464916,0.0032539382,0.0031765713
2018-09-13,0.0028817072,0.00258957,0.0028605177,0.002604106,0.002728553,0.0028849184,0.0026026084,0.002591142,0.0028780042,0.0027977764,0.0026720404,0.0025965436,0.0028214469,0.0025909184,0.00257484,0.0028720736,0.002867022,0.0026781573,0.002810338,0.002792479
2018-09-14,0.00012405368,-0.00014179049,0.00013104978,-0.00014357863,-5.3232885e-05,-8.913723e-05,-0.0001419097,-0.00018737314,0.00017614069,4.909339e-05,-4.8114336e-05,-0.00015525369,7.8031444e-05,-0.0001625329,-0.0001419842,0.00011827203,0.00012391212,-7.323024e-05,7.352384e-05,5.8129663e-06
2018-09-17,0.00013371708,-0.00017660705,9.699317e-05,3.394636e-05,-5.2741147e-05,2.5221729e-05,-0.00010742841,-0.00018206087,-6.561575e-05,1.7704093e-05,4.1322433e-05,-0.00013807265,2.535584e-05,-0.00017902104,-9.260175e-05,0.000115120434,0.00011802616,-0.00014169363,6.78465e-05,-2.0256615e-05
2018-09-18,0.00012532028,-0.00018881855,8.0981874e-05,-0.00014498679,-8.202193e-05,0.00014797004,-9.921042e-05,-0.00022502837,1.7525279e-05,2.5482499e-05,7.87318e-05,-0.00013571081,4.4271583e-06,-0.00017995236,-0.00015176681,0.000102826976,0.00012893381,1.0387623e-05,7.466378e-05,7.396343e-05
2018-09-19,0.00013086351,-0.00020464358,4.4049346e-05,-0.00014827994,3.498199e-05,3.4303986e-05,-0.00013942865,-0.00019058434,-5.4626144e-05,1.2883567e-05,-1.2649572e-05,-0.000107257045,0.0001268998,-0.00019237248,-0.00015284715,0.00012069347,0.00012111815,-6.732193e-05,4.6716654e-05,0.00014721008
2018-09-20,0.00014031085,-0.00019522605,4.6515488e-05,-0.00013104675,-2.2931374e-05,-3.6185957e-05,-0.00015070883,-0.00018124876,-2.3832894e-05,5.5992627e-05,1.2585544e-05,-0.00015025435,0.0001396999,-0.00017130969,-0.00016163883,0.00012313726,0.000111268484,-9.786931e-05,8.45507e-05,0.00025347772
2018-09-21,5.7750964e-05,-0.0001388475,2.229237e-06,-0.00015108136,-4.3347245e-06,-6.924418e-05,-0.00016645191,-0.00024170277,-0.00011092273,2.42159e-05,-5.6540943e-05,-0.00017896143,5.8697187e-05,-0.00019537506,0.00010264816,0.00012123736,4.6053552e-05,-0.00013381836,0.00013925286,0.00013144466
2018-09-24,0.0029685884,0.0027276366,0.0028823405,0.0028133853,0.0029268577,0.0028192042,0.0027334332,0.0027116104,0.0027727275,0.0029359623,0.0029335632,0.0027757897,0.0029935404,0.002746956,0.0029108166,0.0030006706,0.0029864623,0.0027365326,0.0030230968,0.0031380295
2018-09-25,0.00010017457,-0.000188148,9.73508e-05,-2.481637e-05,-5.6049204e-05,2.639019e-06,-0.00013376621,-0.00018545834,-0.00014887599,9.962323e-05,7.2434777e-06,-9.0977526e-05,0.000126192,-0.0001811519,-8.522568e-05,0.00012553635,9.6397125e-05,-0.00015354005,7.798674e-05,2.3931498e-06
2018-09-26,0.007126221,0.006876239,0.0071090697,0.006918566,0.0069847642,0.0070613488,0.006905341,0.006871061,0.0069783716,0.007209377,0.0070322617,0.0070096194,0.007132822,0.0068538426,0.006929414,0.0071806996,0.007161842,0.006879562,0.007094377,0.0070269643
2018-09-27,0.000114993774,-0.00015257893,9.685161e-05,-0.00011936424,-6.665138e-05,3.5287463e-05,-2.6060618e-05,-0.00016828475,0.00014079513,5.1060342e-05,-9.967363e-06,-0.00010575203,8.028152e-05,-0.00016774831,-0.00012250093,0.00016332569,0.00011541846,-0.00013671664,9.2791044e-05,2.7278089e-05
2018-09-28,8.71137e-05,-0.00016320345,5.50315e-05,-0.0001605287,-0.00013531593,-5.546806e-05,-0.00011037139,-0.00018326787,-4.3793e-05,0.00011093321,-5.7084835e-05,-0.00014263985,2.0892941e-05,-0.00015819666,-0.00017768738,2.7851784e-05,6.5454864e-05,-0.00014781056,0.000120894634,-9.438989e-05
2018-10-01,-0.0018676653,-0.0021693693,-0.0019070491,-0.0021648468,-0.0021281973,-0.0020335154,-0.002137436,-0.002204074,-0.0020213784,-0.0019849227,-0.0020848871,-0.002162403,-0.001963547,-0.002197756,-0.0021765144,-0.0019485041,-0.0019233733,-0.00210858,-0.0019514322,-0.002106002
2018-10-02,0.00014580193,-0.00015535054,0.000118838274,-0.0001438841,-1.4050282e-05,6.155076e-05,-0.00017972139,-0.00017873046,2.1831715e-05,-1.1830009e-05,-2.39223e-05,-0.0001002237,6.7280256e-05,-0.00017509458,-0.00013141183,0.00012210908,9.1271126e-05,-0.00012026576,8.5496926e-05,-0.00012255309
2018-10-03,0.00015377405,-0.0001592025,7.61539e-05,-0.00017103401,-4.929898e-05,9.273889e-05,-0.00016364304,-0.00019692478,3.703835e-05,1.881423e-05,-5.4879463e-05,-0.00012366322,4.6105706e-05,-0.00018442271,-0.00018640456,0.00012751075,8.275511e-05,-4.76524e-05,9.790214e-05,-2.8690672e-05
2018-10-04,0.00015624764,-0.00017633883,0.00010086002,-0.00018714217,-0.000110863126,2.9423856e-05,-8.664874e-05,-0.0001855105,-8.346734e-05,-1.7820275e-05,-5.7718134e-05,-0.00017307547,7.17059e-05,-0.00019930152,-0.00021419523,0.00014405849,3.472122e-05,-0.00011588482,6.2638544e-05,5.9919083e-05
2018-10-05,-0.0020911158,-0.0023937137,-0.0021083192,-0.0024264068,-0.0023598582,-0.0022300095,-0.0024679885,-0.0024312795,-0.0021763132,-0.0022028894,-0.0022805245,-0.0023964704,-0.002188629,-0.002427137,-0.0023448006,-0.0020946101,-0.002166158,-0.0023471923,-0.0021573813,-0.0021746145
2018-10-08,0.0026463508,0.0023157834,0.0026355623,0.0023603453,0.0023925765,0.0026171594,0.0023239343,0.0023239418,0.0024972796,0.0024937182,0.0024568378,0.002349311,0.002585271,0.002315694,0.0023792624,0.0026451214,0.0025452836,0.0023471578,0.0026028245,0.0025776415
2018-10-09,0.00014008733,-0.00017286686,0.00013636949,-0.00012104807,-0.00010629592,0.0001256481,-0.00021827815,-0.00016335247,-1.2202538e-05,4.79609e-05,-4.7183014e-05,-0.00012396125,0.000111648464,-0.00018345413,-0.00010223535,0.0001396701,9.428861e-05,-0.00019887683,4.512223e-05,4.5703375e-05
2018-10-10,0.00013411941,-0.00014240143,0.00013701024,-0.00014635769,-9.292213e-05,0.000132674,-0.00016847847,-0.00016005931,4.6202564e-05,9.682926e-05,-3.0143536e-05,-0.00011677889,0.00012908282,-0.00019254384,-7.367728e-05,0.00011928531,0.00011234137,-6.2598265e-05,2.0267093e-05,5.0948584e-05
2018-10-11,0.00011801871,-0.00011743454,0.0001263112,-0.00014128385,-8.1068254e-05,0.00012920948,-0.00018954871,-0.00017900614,4.960748e-05,3.8766884e-05,-5.2002724e-07,-0.0001265913,8.411112e-05,-0.00019613502,-1.4004763e-07,0.00015927257,0.00013034197,-0.00015430001,1.3881945e-05,-5.2436953e-06
2018-10-12,0.0013887078,0.0011177302,0.0013982818,0.0011289358,0.0012093798,0.0013827697,0.0010994688,0.001106979,0.0012605205,0.0012560502,0.0012154222,0.0011501923,0.0014026851,0.0010861174,0.0011679396,0.0014308259,0.0013941467,0.0011555717,0.0013514102,0.0013181061
2018-10-15,0.0009608284,0.00070104154,0.000994125,0.00072472694,0.0007929221,0.0009915471,0.00067993405,0.00070479664,0.0008907333,0.0008467302,0.000831002,0.00076037797,0.0009816975,0.0006998718,0.00069769623,0.0010459513,0.0009703726,0.0007124931,0.00093405845,0.00088708254
2018-10-16,8.9341425e-05,-0.00016356853,0.00012360665,-0.0001502618,3.1591975e-05,8.411112e-05,-0.0002016559,-0.0001618102,4.0182495e-05,2.03714e-05,-2.0889915e-05,-0.0001277983,0.00012856873,-0.00016927568,-0.00018265692,0.00016953947,0.00012749585,-4.162488e-05,3.4914934e-05,2.9870891e-05
2018-10-17,9.67622e-05,-0.00016796438,0.00012630376,-0.00015259383,-5.1943935e-05,-2.5151647e-05,-0.0002240896,-0.00017288921,2.6613707e-06,-6.5400964e-06,-3.0635274e-05,-0.000103792525,0.0001307741,-0.00016413478,-0.00011566875,0.0001589969,0.0001365483,-0.00010999886,2.062472e-05,9.2813396e-05
2018-10-18,0.00010328891,-0.00017071364,0.00012384506,-0.000108538545,6.5878266e-06,-9.208766e-05,-0.00014214811,-0.00018557755,-5.304662e-05,-2.4630106e-05,-1.030264e-05,-0.00013647822,9.7321e-05,-0.00016383675,-0.0001760557,0.00013631734,0.00013163837,-0.00012797711,4.8169517e-05,-4.7108508e-05
2018-10-19,0.0028328463,0.002573037,0.0028461753,0.0025878116,0.002652587,0.0027141138,0.0025883256,0.0025777756,0.0027959733,0.0027297153,0.0027580573,0.0025823652,0.0028675883,0.0025820076,0.0026023625,0.002880381,0.0028489395,0.0025793402,0.0027551441,0.0026669814
2018-10-22,0.00057869556,0.00032470527,0.00060889276,0.00037338736,0.00046571495,0.00038634392,0.00035124423,0.00033277425,0.0004411802,0.00047812762,0.0005048007,0.0003244743,0.0006430462,0.00034656527,0.00037619623,0.00063913467,0.0005980894,0.00034426304,0.00058023783,0.00046074542
2018-10-23,7.452222e-05,-0.0001433402,5.30869e-05,-0.00014963595,-4.0507293e-05,-4.6467758e-05,-1.5905476e-05,-0.00016052125,-3.7355698e-05,-6.989238e-05,-5.2362448e-06,-0.00016039459,0.00015200826,-0.00017037091,-0.00019015966,0.00013365748,0.0001037434,-8.6462474e-05,0.000117452466,-7.346121e-05
2018-10-24,8.629414e-05,-0.000121249235,0.00013865682,-0.000106482184,-2.0375825e-05,-3.1387783e-05,-0.00016733108,-0.00013453362,-1.0839081e-05,-3.60891e-05,-2.711115e-05,-0.00014994142,0.00015458616,-0.00015373377,-0.00019316224,0.00014773163,0.0001146436,-5.520729e-05,8.794817e-05,-1.7701066e-05
2018-10-25,-0.0023673386,-0.0026320354,-0.0024180622,-0.002600199,-0.0024091662,-0.0025480003,-0.0026279674,-0.0026428835,-0.0024032951,-0.0024497719,-0.0024267868,-0.0026227445,-0.0023552761,-0.0026230798,-0.0026250319,-0.0023166225,-0.0023460076,-0.0024968074,-0.002312629,-0.002450122
2018-10-26,0.003160478,0.0028892844,0.0031249686,0.0029214486,0.0030609085,0.0030857786,0.003020437,0.002880977,0.0029782741,0.0031521409,0.0030607968,0.0029097586,0.0032099946,0.0028981655,0.0028496399,0.0031969934,0.0031573414,0.0028763278,0.0031676753,0.0031408682
2018-10-29,0.0037013828,0.003447169,0.0037024557,0.0034553944,0.00368935,0.003589244,0.0034590452,0.003404507,0.0035258993,0.0035862043,0.0035763546,0.0034521013,0.0036934405,0.0034281402,0.0034522056,0.0037342324,0.0037031784,0.0034040078,0.0036867126,0.003647135
2018-10-30,8.617493e-05,-0.00014278141,5.152973e-05,-0.00018453447,0.00012446346,-4.4217682e-05,-8.5575855e-05,-0.00017256883,0.000111283385,8.55478e-06,-4.5171357e-05,-0.00014889834,4.4690096e-05,-0.00017728505,-0.000190711,0.000118711614,0.00012722763,-0.00012646464,0.000100256526,0.00016700628
2018-10-31,0.000112319016,-0.0001632258,2.0028674e-05,-0.00016086397,0.000119248056,-1.2203818e-06,-8.42124e-05,-0.00013704447,1.2607896e-05,1.920911e-05,-4.2481697e-05,-0.00015415845,0.000103959464,-0.00016525236,-0.00016529707,0.00014234486,0.00012350234,-0.00014062074,0.00011991861,0.00017061236
2018-11-01,0.0058671846,0.00562779,0.005819456,0.005624169,0.0058782934,0.005754599,0.005800517,0.005635613,0.005778888,0.005798468,0.0057576387,0.005632931,0.005875045,0.005610117,0.0057278587,0.0058588176,0.0058668717,0.0056566535,0.0058993115,0.0059602945
2018-11-02,9.963068e-05,-0.00017633138,9.107741e-05,-0.00015372632,-1.7715967e-05,9.580853e-05,-0.00013297645,-0.0001592323,-4.856137e-05,-1.711992e-05,-2.9242015e-05,-0.00015181152,0.00012499245,-7.013825e-05,-0.00011652557,0.00016055407,0.00012562575,-0.00022110192,6.8926835e-05,0.00019910338
2018-11-05,-0.004218562,-0.0044501633,-0.004200949,-0.0043875338,-0.004166937,-0.004337466,-0.0044345544,-0.0044653476,-0.004403083,-0.0043070153,-0.0042899684,-0.004445492,-0.004211536,-0.004461816,-0.004413894,-0.0041612596,-0.004193543,-0.0044752196,-0.004207662,-0.004158138
2018-11-06,9.161385e-05,-0.00015718339,8.7806606e-05,-0.00014878658,7.454457e-05,-8.443592e-05,-0.00017640588,-0.00015567837,-3.110466e-05,2.5415444e-05,5.630555e-05,-0.00011307595,8.2919025e-05,-0.00019284186,-0.00014848856,0.00012087973,9.685161e-05,-0.00017479656,8.873048e-05,0.00010620209
2018-11-07,0.0047621666,0.004547113,0.004713112,0.0045678183,0.004814924,0.0046225353,0.004569897,0.004540236,0.004722388,0.0047751903,0.0046542673,0.004558766,0.0047984063,0.0045166626,0.0045790537,0.0048311143,0.0048061027,0.004535736,0.0047774627,0.0048480644
2018-11-08,0.0029844134,0.0027648746,0.0029187887,0.002803953,0.0030624508,0.0028511598,0.0027227416,0.0027466058,0.0028130277,0.0029924004,0.0028555184,0.0027821749,0.002856256,0.0027599945,0.0027604192,0.003085555,0.0028719767,0.0027468218,0.0029678508,0.002842219
2018-11-09,2.3917877e-05,-0.0001945257,1.5288824e-06,-0.00017258374,0.00010403397,-8.4026135e-05,-0.00019314734,-0.00021529046,-0.00014649925,-2.4086214e-05,-3.0085212e-06,-0.00020474044,3.1084055e-06,-0.00020985899,-0.00018665043,9.6382224e-05,0.00013088586,-0.00022614596,-4.085747e-05,-9.716151e-05
2018-11-12,8.400681e-05,-0.00016301719,5.462917e-05,-0.00018444506,0.00013836625,-9.703485e-05,-0.00014890579,-0.00018441526,-7.087586e-05,3.8535916e-05,3.5458826e-05,-0.00016359834,6.927701e-05,-0.0001656249,-0.00015765277,0.00012160244,0.00013554248,-0.00013776717,2.2614026e-05,-0.00010131148
2018-11-13,9.2798495e-05,-0.00017648039,-4.3570763e-06,-0.00017986295,0.00014459493,-7.220206e-05,-0.00013834087,-0.00017312018,-7.264165e-05,6.941857e-05,4.2268657e-05,-0.00015759317,6.6877925e-05,-0.00016972271,-0.00015513448,0.00014595839,0.00012900832,-0.00014924852,7.492455e-05,0.00011199119
2018-11-14,0.00012528303,-0.00012397615,1.882913e-05,-0.0002054259,0.00010685774,-8.1217266e-05,-0.0001508951,-0.0001831263,-2.1359301e-05,7.42242e-05,-1.0639196e-06,-0.00012572703,9.3945884e-05,-0.0001945704,-0.00017753837,0.0001211405,0.000106030726,-0.00018866209,8.733722e-05,9.315612e-05
2018-11-15,-0.00039945391,-0.0006409347,-0.00045993773,-0.0006908536,-0.00038932858,-0.00060582755,-0.0006774276,-0.00072346476,-0.00059925613,-0.00050067005,-0.000514394,-0.00066433696,-0.0004970863,-0.0006888121,-0.0007092565,-0.0004068747,-0.0004069194,-0.00066875515,-0.00042197702,-0.00038132665
2018-11-16,0.00012894871,-0.00018694845,1.1563534e-06,-0.00016090868,0.00013181719,-9.203551e-05,-0.00015906093,-0.00017630903,-9.012071e-05,0.0001339406,-5.0155795e-05,-0.00013436226,5.7743513e-05,-0.00017328409,-0.00019692478,0.00014431181,9.291025e-05,-0.00018042175,0.000104495906,0.0001575813
2018-11-19,0.0077396943,0.00745915,0.0075763403,0.0074401586,0.007723944,0.0074998527,0.007457265,0.0074208095,0.007590869,0.007685521,0.0075735613,0.0075309216,0.007703805,0.0074436604,0.00742522,0.007737146,0.0077072023,0.0074439063,0.0077362447,0.0077610626
2018-11-20,0.00013973715,-0.00014737097,1.8598163e-05,-0.0001606479,0.00010072591,-4.2809523e-05,-0.00016990153,-0.00016557274,3.6233687e-05,0.00010877999,1.1177384e-05,-0.00010309217,9.849074e-05,-0.00018633006,-0.00020969508,0.00012020918,7.6109194e-05,-0.0001477137,0.00010137411,9.893032e-05
2018-11-21,0.00013387355,-0.00013758091,-2.1672226e-05,-0.0001707956,8.403661e-05,-5.2197254e-05,-0.00016204861,-0.00016680954,-6.968377e-05,0.00013560208,9.4563e-06,-0.00013281999,0.0001005322,-0.00019837765,-0.00018849073,0.0001269445,8.533301e-05,-0.00019123999,8.25763e-05,0.00012188556
2018-11-23,0.00012006762,-0.00015789119,2.2576773e-05,-0.00013512967,7.4715936e-05,-4.3457723e-05,-0.0001535773,-0.00014370529,-3.0754483e-05,0.00011566433,-1.7596758e-05,-0.00014582125,0.000106388354,-0.00019150821,-0.00016298739,0.000118838274,7.758441e-05,-0.00015724299,9.650143e-05,0.0001030952
2018-11-26,0.00012403878,-0.00016139296,2.8805458e-05,-0.00017277745,0.000100629055,-5.3083873e-05,-0.00014759449,-0.00017598865,2.0065927e-05,0.00011254253,-2.854166e-05,-0.00013644097,0.00010783377,-0.00014400331,-0.00022492406,9.181502e-05,7.4932e-05,-0.00013963727,7.80985e-05,0.00015550258
2018-11-27,0.00011734816,-0.00016803888,-5.0425297e-06,-0.0001887962,4.9063587e-05,-0.00011063961,-0.00017215905,-0.00018985418,5.2781426e-05,8.975121e-05,-6.1452156e-06,-0.00014801917,6.985816e-05,-0.00020111201,-0.00019907055,0.0001313776,5.9568905e-05,-0.0001234397,8.06764e-05,0.000117184245
2018-11-28,0.00013458135,-0.0001786336,-5.5766082e-05,-0.00016729382,0.00012656453,-6.508676e-05,-0.00015380827,-0.0001759365,-1.3461686e-05,0.00010120275,2.3388886e-05,-0.00015973148,7.154199e-05,-0.0001714289,-0.00012967584,0.0001571119,7.075223e-05,-0.00015005318,0.000101545476,0.00012851658
2018-11-29,0.00012570771,-0.00017111597,-5.084125e-05,-4.047004e-05,7.962587e-05,-7.548777e-05,-0.00018003432,-0.00018535403,-1.0192161e-06,0.00010561349,-9.053794e-05,-0.00017780659,5.007023e-07,-0.0001900181,-0.00025074778,0.00010650011,5.0680363e-05,-0.00019551662,7.423165e-05,-7.71418e-05
2018-11-30,-0.0017944857,-0.0020731525,-0.0019096717,-0.0020638169,-0.0018300175,-0.0019658566,-0.0020774961,-0.0020413385,-0.0019251615,-0.0017925486,-0.0019266218,-0.0020182715,-0.0018413648,-0.0020527751,-0.002154781,-0.0017763659,-0.0018131569,-0.002072333,-0.0018057585,-0.0019352123
2018-12-03,0.004240626,0.003979841,0.004136929,0.0040076612,0.004243219,0.004029514,0.0039927303,0.0039834543,0.004053311,0.004204841,0.0040852367,0.0039673983,0.0041989028,0.0039903983,0.0040153055,0.004247622,0.0042326613,0.0039864867,0.004165651,0.0041738837
2018-12-04,8.8685774e-05,-0.00017101166,9.426498e-06,-0.00020634977,8.12948e-05,-4.91587e-06,-0.00018396822,-0.0001836851,-3.929285e-05,0.00010220113,-2.7006841e-05,-0.00017719564,9.161385e-05,-0.00017296372,-0.00017086265,0.00010592642,0.000121401274,-0.00014249084,-3.199873e-05,-4.738418e-05
2018-12-06,0.009488272,0.009286972,0.009378502,0.009217316,0.009473467,0.009334626,0.009232426,0.009220922,0.009380223,0.009486163,0.009355435,0.009201327,0.009465748,0.009211095,0.009226622,0.009492451,0.009462142,0.009214828,0.009448634,0.009294646
2018-12-07,0.00013361278,-0.00018844602,8.435571e-06,-0.0002196416,6.399455e-05,-6.857363e-05,-0.000170885,-0.00020463613,-4.944799e-05,8.9728856e-05,1.3636076e-05,-0.0001875743,9.945186e-05,-0.00018833426,-0.00014789996,7.552805e-05,0.00011611881,-0.00018001941,-7.046736e-06,-0.00011886505
2018-12-10,0.0042421385,0.003987731,0.0041782274,0.003969611,0.0042012273,0.004080565,0.0039988547,0.0039180308,0.0040883212,0.0042503416,0.004172334,0.0039756536,0.0042202114,0.0039712056,0.0039254366,0.004242742,0.0042755394,0.0039608344,0.004129113,0.0041023134
2018-12-11,0.000107811415,-0.000145106,2.2248947e-05,-0.00014184264,8.0624246e-05,-0.00013509986,-0.00015669165,-0.00020631251,-2.8184033e-05,0.0001312882,-6.728468e-05,-0.00015181152,0.00010490569,-0.0001369178,-0.00019629893,0.000106790685,8.787366e-05,-0.00016473827,5.537295e-06,-2.6589609e-05
2018-12-12,9.811076e-05,-0.00015228835,1.5297555e-05,-0.0001804143,8.731487e-05,-0.0001277834,-0.00016197411,-0.00017068384,-4.8375106e-05,0.00014141353,1.0506832e-05,-0.00018843112,9.913894e-05,-0.00013973413,-0.0001990035,0.00011252018,0.00011285546,-0.00018706021,-1.595763e-05,9.6276635e-06
2018-12-13,9.4087445e-05,-0.0001201689,5.579146e-05,-0.00016638485,0.00014648738,-0.00010027585,-0.00014538912,-0.00013938395,-0.00013245491,0.00014703872,1.6191625e-05,-0.00019150076,-7.329858e-06,-0.00012738851,-0.00017702428,0.00011529925,9.494426e-05,-0.0001495838,2.1809363e-05,-3.252027e-05
2018-12-14,0.0025842874,0.0024075746,0.0025687306,0.0023596003,0.0026019379,0.002361813,0.0023538633,0.0023338138,0.002488324,0.0026611625,0.0025177612,0.0023302897,0.0025084107,0.0023429557,0.0025068386,0.0026330291,0.0026262938,0.002334313,0.002496743,0.0024981066
2018-12-17,0.000301452,0.000101895654,0.00028713944,9.014609e-05,0.0003054306,0.00010657462,5.449506e-05,2.4953508e-05,0.00015694054,0.00037503394,0.00024131837,4.5926892e-05,0.00032024237,8.645805e-05,0.00023646059,0.00028341415,0.00031051936,7.667544e-05,0.00025074335,0.00027037563
2018-12-18,0.008718075,0.008520888,0.008659581,0.008496935,0.008715333,0.008530172,0.008500027,0.008508304,0.008515598,0.008799778,0.008636484,0.008482175,0.008760499,0.0084984545,0.0085454825,0.008762578,0.008727046,0.008515412,0.008678215,0.008609707
2018-12-19,0.003565067,0.003322029,0.00357064,0.0033110767,0.0035272702,0.0033368482,0.0033256277,0.0033129095,0.003335753,0.003653617,0.0035011484,0.0033227815,0.003576891,0.0033454313,0.003369139,0.003580199,0.0035718097,0.0033780052,0.0035513951,0.003341937
2018-12-20,0.003931293,0.0038544699,0.004061179,0.0037669777,0.0039662286,0.003811495,0.0037766187,0.0037701367,0.0038430854,0.0040726676,0.0039323135,0.0037600487,0.004026757,0.003762552,0.003881657,0.004000285,0.004008712,0.0037429347,0.0039777174,0.003872694
2018-12-21,0.0022374853,0.0020994782,0.0023360192,0.0020836084,0.0022850572,0.002130398,0.002063097,0.0020485385,0.0021118536,0.0023835688,0.002160722,0.0020447164,0.0023001893,0.0020566746,0.0021151914,0.0023127361,0.002310784,0.00206677,0.0022651418,0.0021419986
2018-12-24,0.0037400736,0.0035681515,0.0037212013,0.0035285368,0.0037416532,0.0037298142,0.0035532652,0.0035394668,0.003548713,0.0038630306,0.0036365106,0.0035455762,0.0038066148,0.0035262718,0.0035101636,0.0038121655,0.0037598177,0.003566654,0.0037534102,0.003554502
2018-12-26,0.005478719,0.005328068,0.0055304854,0.005290398,0.005491124,0.005357878,0.005275057,0.005269611,0.0052994653,0.005545029,0.005390057,0.0052735,0.005506092,0.005246246,0.0052832006,0.005531424,0.0055208965,0.0052751615,0.005472259,0.005306871
2018-12-27,5.053135e-05,-0.00011644361,-3.0234223e-06,-0.00019440649,5.4852688e-05,-0.00016078947,-0.00020175276,-0.0001753032,-7.8624464e-05,0.00010438415,-3.5046018e-05,-0.00021099893,6.377103e-05,-0.00020194647,-0.00021262316,9.9079334e-05,4.0413463e-05,-0.00014021096,7.826986e-05,-0.000120332814
2018-12-28,-0.0004886001,-0.0006637707,-0.0005033895,-0.0007268175,-0.00052457897,-0.0006557092,-0.00072521565,-0.0007319882,-0.0006460756,-0.00046409515,-0.0005166143,-0.00068993715,-0.00048719195,-0.00073848513,-0.0007346779,-0.00044582633,-0.00045931188,-0.0007454887,-0.0004686847,-0.00065738556
2018-12-31,0.0020812913,0.0018997133,0.0019797622,0.0018453911,0.0021231114,0.0019321308,0.001865694,0.0018519774,0.0019256935,0.0021278798,0.001990357,0.0018826142,0.0020699813,0.0018478945,0.0018175557,0.0021436973,0.002146767,0.0018433422,0.002088794,0.0020066067
2019-01-02,-3.3049262e-05,-0.00015742925,-6.621925e-05,-0.00017307547,2.8470182e-05,-0.000119073666,-0.00018650142,-0.00019091961,-0.00010689197,7.87467e-05,-0.00010458974,-0.00015982834,5.2893185e-05,-0.0001778513,-0.00024781225,5.423429e-05,0.00013022276,-0.00019152311,1.4902675e-05,7.070007e-05
2019-01-03,2.5795423e-05,-0.00013407914,-7.4288226e-05,-0.00016983447,1.3382756e-05,-0.0001233354,-0.00020532159,-0.00020372716,-0.00014942733,0.00010989758,-6.8633235e-05,-0.00016198156,-1.1762953e-05,-0.0001913294,-0.00023526547,6.587955e-05,0.00012416544,-0.00014746783,8.398318e-06,0.00010659697
2019-01-04,-0.0014237597,-0.0015713632,-0.001339516,-0.0015410691,-0.0013186171,-0.0014618695,-0.001613079,-0.0015659988,-0.0015545174,-0.0013574272,-0.0015460014,-0.0015500992,-0.0014043435,-0.0015864208,-0.001681982,-0.0013767242,-0.0012884423,-0.0016026556,-0.0013307839,-0.0015694856
2019-01-07,-0.005431606,-0.005540526,-0.00532922,-0.0055796267,-0.0053886236,-0.0055352137,-0.0056114257,-0.0055860938,-0.0055873827,-0.0053504617,-0.0055557326,-0.0055725337,-0.005432813,-0.005620292,-0.0056816027,-0.005419208,-0.0053038807,-0.0056189955,-0.005363895,-0.005564502
2019-01-08,-3.48374e-05,-0.00012579409,9.527954e-05,-5.046127e-05,0.00012071582,-9.421108e-05,-0.00017273275,-0.00015845743,-0.00013670174,6.0485327e-05,-0.00013638882,-0.0001529589,7.1243965e-05,-0.0001696035,-0.00020404009,-2.8973795e-05,0.00013046863,-0.00014336256,8.443894e-05,-0.00015192328
2019-01-09,0.0048810556,0.0047748773,0.0048787086,0.0047622933,0.004990892,0.004833588,0.004711905,0.004677431,0.0047407835,0.0049520372,0.0048890426,0.004671247,0.0048694327,0.004786247,0.004619324,0.0049618646,0.0050095855,0.004737617,0.0048219054,0.004941666
2019-01-10,7.6011056e-06,-0.000109425164,2.3888075e-05,-0.00015907583,3.9675855e-05,-0.00011189876,-0.00021239219,-0.00018738804,-0.00018805859,6.605091e-05,-3.5619712e-05,-0.00013285724,5.836191e-05,-0.0002016708,-0.00028163788,6.827118e-05,0.00012375566,-0.00018226949,6.758573e-05,-0.0001323655
2019-01-11,1.4245743e-06,-0.00014095602,-1.466251e-06,-0.00012552587,1.5379512e-05,-0.00010184047,-0.0002079889,-0.00018149463,-0.00020263938,0.000109085464,-4.9619353e-05,-0.00015117822,7.452967e-05,-0.00019332615,-9.25496e-05,4.5569264e-05,0.00011120143,-0.00012320874,6.9187605e-05,-0.00012376008
2019-01-14,0.002972634,0.0028211265,0.0028486713,0.0028440743,0.0029543727,0.0028654202,0.0027544065,0.0028329357,0.0028882488,0.0030953526,0.002893129,0.0028001233,0.0030156686,0.0027728989,0.0026451885,0.0029739453,0.0030570938,0.002778606,0.0030403524,0.002832429
2019-01-15,2.5169575e-05,-0.00013995019,-7.501093e-05,-0.00013362465,0.000104749226,-0.0001060277,-0.00018260477,-0.00010938791,-0.0001393765,0.000102432095,-3.557501e-05,-0.00017700193,5.9792423e-05,-0.00018190441,-0.00033550558,0.00010656717,0.00011890533,-0.0001393765,9.841623e-05,0.00015095028
2019-01-16,4.7118985e-05,-0.00014235673,-4.4769025e-05,-0.00014170108,9.045156e-05,-0.00015250442,-0.00019958464,-0.00011967716,-0.00015932915,0.00014896097,-6.996689e-05,-0.00017668155,4.3498003e-05,-0.00018747,-0.0001451358,7.312151e-05,0.00013450684,-0.00018099544,8.414837e-05,-2.5822199e-05
2019-01-17,-4.9395836e-05,-0.00018544344,-1.7820275e-05,-0.00021776406,8.235278e-05,-0.00010374782,-0.0002048671,-0.0001593664,-0.00014504639,0.00017780217,-5.3642667e-05,-0.00017094461,2.472254e-05,-0.00017227081,-0.00022593734,2.0080828e-05,7.205608e-05,-0.00016791967,0.00010544213,1.1602067e-05
2019-01-18,6.5477216e-05,-0.00014216301,-4.6356e-05,-0.00018877385,8.77619e-05,-4.611013e-05,-0.00019790081,-0.00018085388,-0.0001555219,9.35063e-05,-7.0101e-05,-0.00016873924,2.1243119e-05,-0.00019766239,-0.00019962934,4.5315945e-05,9.1762864e-05,-0.00018847582,9.790214e-05,-3.0085212e-06
2019-01-22,3.280642e-05,-0.00014351902,-4.1960157e-05,-0.0002118632,2.1213316e-05,-0.000104425824,-0.0002036601,-0.00018010137,-0.0001515433,7.647427e-05,-5.9871352e-05,-0.00015298871,1.5468919e-05,-0.00013389287,-1.2120581e-05,8.4975385e-05,0.00011058303,-0.00017618237,0.00012530538,-4.9120164e-05
2019-01-23,5.1723444e-05,-0.00017338095,1.0506832e-05,-9.344367e-05,0.0001327038,-0.00011078117,-0.00017155556,-0.0001599699,-0.00013994274,7.1132206e-05,-4.456041e-05,-0.00016315875,-4.1410094e-06,-0.00015293655,-0.00020626036,9.207579e-05,8.437934e-05,-0.00014721451,0.000103959464,-0.00010384468
2019-01-24,0.00010493549,-0.00012992171,-5.6460267e-06,-7.371453e-05,0.00010924938,-0.0001099318,-0.00019309518,-0.00015719084,-0.00011545268,0.000110113644,-3.1931675e-05,-0.00014877913,0.00011189433,-9.6870936e-05,-0.0002010226,7.825496e-05,0.00011220726,-0.00014816818,0.0001076475,-7.998792e-05
2019-01-25,0.00011568668,-0.00014057604,4.103931e-05,-0.00021735427,0.00011626782,-0.00012324599,-0.0002004489,-0.00017050502,-0.00015634147,3.7969672e-05,-9.472517e-05,-0.00016711501,3.407302e-05,-0.00018259732,-0.00021718291,5.2669668e-05,0.0001235992,-0.0002022445,9.659084e-05,-8.996425e-05
2019-01-28,0.005063155,0.004811035,0.004941219,0.0048346533,0.005080761,0.0048488765,0.004771398,0.00478279,0.0048220693,0.0050172745,0.0049324124,0.004775205,0.0049869954,0.004791738,0.0047352253,0.005039641,0.005048433,0.0047552823,0.0050328164,0.004857303
2019-01-29,0.00014451297,2.817961e-05,-4.969386e-05,-0.00016023067,0.00012782367,-0.000114186085,-0.00018136052,-0.00017009524,-0.00014246849,4.0599727e-05,-5.6980527e-05,-0.0001715183,-3.9994484e-06,-0.00017532555,-0.00029437093,7.87616e-05,0.00011392089,-0.0002131596,0.00010070356,-3.968773e-05
2019-01-30,0.00015421363,8.020701e-05,-8.618808e-06,-0.00016128866,0.0001229659,-0.000117926276,-0.00015845743,-0.00017379073,-0.00013312546,5.771371e-05,-5.867926e-05,-0.0001611918,1.3367855e-05,-0.00015833823,-0.00018236635,9.7820186e-05,9.7544515e-05,-0.000178574,9.950402e-05,-2.1485961e-05
2019-01-31,0.0008844525,0.000558199,0.0006767899,0.00058374705,0.00069392624,0.0006350592,0.0005619839,0.0006159261,0.0006237641,0.00084804895,0.00068307074,0.0005750448,0.00076019915,0.0005966589,0.000558579,0.0008278877,0.0008744091,0.0004954875,0.00084272923,0.0008336917
2019-02-01,0.002279663,0.0019868477,0.002151148,0.002016896,0.0023097633,0.002006629,0.00196238,0.001968102,0.0020120903,0.002240011,0.0021091043,0.001978451,0.0021733432,0.001975195,0.0019614636,0.0022162884,0.0022684797,0.001861395,0.002227062,0.001995632
2019-02-04,0.0013071686,0.0011243761,0.0012925357,0.0010350436,0.0013612896,0.0010822952,0.0010039896,0.0010348499,0.0010399461,0.0013226137,0.0010963768,0.0010216251,0.0012147069,0.0010359898,0.0010230109,0.0012527794,0.0013188288,0.0010444239,0.0012807563,0.0011012942
2019-02-05,0.00012721273,-0.0001337066,0.000114367926,-0.00015895662,0.00015457126,-9.947119e-05,-0.00018036959,-0.00016345677,-0.0001497626,0.00012886676,-8.015928e-05,-0.00018904952,2.10047e-05,-0.0001746848,-0.00018807349,0.00010004791,0.00010980817,-0.00016169844,0.000121162855,-6.133912e-05
2019-02-06,0.0040056272,0.0037243082,0.0038904562,0.0036954298,0.003988506,0.0038130744,0.0037018075,0.0036989017,0.0036972775,0.003905633,0.0037922948,0.0036790236,0.0040160953,0.0036928444,0.003685133,0.0039587184,0.003973448,0.0037581264,0.0039630695,0.0037568375
2019-02-07,0.0039483844,0.0036567836,0.0038361936,0.0036737113,0.0038151606,0.0037857383,0.0036300211,0.0036664843,0.0036454364,0.0038448214,0.003764586,0.0036433279,0.003932269,0.003638798,0.0036458536,0.0039343475,0.003931442,0.0036454736,0.0039010956,0.0037262677
2019-02-08,0.0001237184,-0.00013544259,0.00012138637,-0.00014866737,-2.2037304e-05,-0.00010294316,-0.00018604693,-0.00017051992,-0.00016532687,8.489343e-05,-5.293486e-05,-0.00016739813,0.00011276605,-0.0001709297,-0.00018863974,0.00010968151,0.00012158754,-0.00016280857,0.00010197761,-6.7083514e-05
2019-02-11,0.00011584314,-0.00011460332,0.00017260166,-9.669957e-05,-6.186066e-05,-5.66229e-05,-0.0001484662,-0.0001708105,-0.00019793061,0.00012704136,-4.9857772e-05,-0.00011326221,0.00012671354,-0.00016537157,-0.00016575155,0.00012467208,0.00011312368,-0.00014825014,0.00013173523,-6.0795224e-05
2019-02-12,0.00013811293,-0.00011537818,0.00017123076,-8.793024e-05,-2.6805676e-05,-7.046608e-05,-0.00018799899,-0.00016672758,-0.00018258241,6.20723e-05,-1.1949218e-05,-0.00014357117,0.00012613984,-0.00015572307,-0.00015959737,0.00013245048,0.000108958804,-0.00013676134,0.00013515505,-7.292477e-05
2019-02-13,0.0011912525,0.000885734,0.0012125537,0.0009250656,0.0010262668,0.0010154486,0.00088889303,0.00090479257,0.000977242,0.0011882574,0.0010766328,0.00089448097,0.001202868,0.0009183303,0.0009420082,0.0012075395,0.0011933983,0.0009420455,0.0011771336,0.0010213495
2019-02-14,0.00013411941,-0.00012426672,0.00012542459,-0.0001605436,3.665837e-05,-9.234843e-05,-0.0001489356,-0.00016970036,-0.000115102506,9.013864e-05,-7.851399e-06,-0.00016726402,0.000108966255,-0.00015406159,-0.00014263985,0.00010995718,0.00011892023,-0.00014211831,0.00011326524,-6.189919e-06
2019-02-15,0.00010411593,-0.00014318374,0.00012892636,-0.00015548465,6.477686e-05,-9.9806464e-05,-0.00012622622,-0.00018155423,-0.00010254083,0.00010300579,-3.8450933e-05,-0.00017446873,6.3532614e-05,-0.00016370264,-0.00012708304,8.5608684e-05,0.00012236985,-0.000178574,0.00010637345,-4.7600246e-05
2019-02-19,0.00012352469,-0.00016486493,8.744153e-05,-0.00012639759,-6.7859655e-06,-0.000107137836,-0.00016733108,-0.00013499556,-0.00012440828,7.271918e-05,-7.880328e-05,-0.00018369255,0.00013221207,-0.00018217263,-0.00014155952,0.00012656453,0.00011816027,-0.00012001244,0.000117042684,-4.6057976e-05
2019-02-20,0.00011246058,-0.00012747047,9.0503716e-05,-8.053926e-05,-3.134308e-05,-6.227044e-05,-0.00014555303,-0.00015248952,-7.994322e-05,0.000107818865,2.2196793e-05,-0.00015949307,7.745775e-05,-0.00016987917,-0.0001721814,0.000114241266,0.00011700543,-7.793901e-05,0.00013507309,-4.6654022e-05
2019-02-21,0.00011083635,-0.0001239538,0.000110776746,-0.0001086503,9.0920366e-08,-7.575599e-05,-0.00017736701,-0.00020015833,-0.0001298621,8.539262e-05,2.9893243e-05,-0.00016347168,5.667063e-05,-0.0001772776,-0.00018951145,8.721056e-05,0.00012222084,-0.0001778811,9.637477e-05,-3.3250428e-05
2019-02-22,0.00012861344,-0.00016668288,6.707164e-05,-0.00014114974,-3.186462e-05,-0.00013156084,-0.00014814583,-0.00017642824,-0.00012592075,1.6973936e-05,-7.4267155e-06,-0.00015610305,6.268325e-05,-0.00017504243,-0.00018137542,0.00011651369,9.977969e-05,-0.0001675844,0.00011201354,-0.0001137614
2019-02-25,-0.0011973887,-0.0014829695,-0.0012350365,-0.001467815,-0.0013439715,-0.0014576524,-0.0014726504,-0.0015100002,-0.0014076963,-0.0013131484,-0.0013543278,-0.0014802649,-0.0013018012,-0.0015017673,-0.0015349969,-0.0013073817,-0.0012284279,-0.0014346748,-0.0011912346,-0.0014276117
2019-02-26,0.00012634846,-0.0001773372,7.924589e-05,-0.00015622226,-3.8212514e-05,-6.020663e-05,-0.00018190441,-0.00017522124,2.7650618e-05,4.3140375e-05,2.2479915e-05,-0.00016905961,-1.6032136e-05,-0.00014049408,-0.00023658422,6.361457e-05,0.00011777284,-0.00023664383,0.000102938735,-2.069748e-06
2019-02-27,0.001049684,0.00075523707,0.0010479704,0.00077741744,0.0010451839,0.0008311734,0.00077450427,0.00075994583,0.0009777859,0.00095337036,0.0009475738,0.0007491574,0.0009744555,0.00079107436,0.0006595269,0.0009767875,0.0010223851,0.000818716,0.0009063423,0.0009598002
2019-02-28,0.0035739853,0.0033189147,0.0034580096,0.0033209934,0.0035998388,0.0033757403,0.0032911166,0.0032827868,0.003520043,0.0035791486,0.0034706234,0.0033058017,0.0035803556,0.0032883673,0.0032769232,0.003577666,0.0035703643,0.0033066585,0.0035892292,0.003496775
2019-03-01,0.0039207726,0.0036952808,0.0039089113,0.0036846264,0.0039006635,0.0037379651,0.0036595105,0.0036578714,0.0038933842,0.00391511,0.0038787439,0.0036569177,0.003847511,0.0036570518,0.0036412938,0.003918947,0.0039398163,0.003693202,0.0039447933,0.003954494
2019-03-04,0.00012152048,-0.00012962369,8.488598e-05,-0.00014773605,5.6714052e-06,-0.00012227742,-0.00017583964,-0.00017483381,-0.00023976562,4.4697546e-05,-3.646908e-05,-0.00017358956,9.169581e-05,-0.00011904386,-0.00017946807,9.470584e-05,0.00011503848,-0.00013415364,0.00012510421,0.00012098404
2019-03-05,8.397701e-05,-0.00012823788,6.349408e-06,-0.00016695855,-5.9737242e-05,-0.00010330079,-0.00018520502,-0.0001747146,-9.241549e-05,4.5360648e-05,-6.0795224e-05,-0.00017140654,2.073648e-05,-1.1911965e-05,-0.00019619463,0.00010941329,0.00011158141,-0.00012378243,0.00013453665,0.00012347254
2019-03-06,0.002033168,0.0017804817,0.0019097939,0.0018228382,0.0018865109,0.0018306837,0.0017467305,0.0017487049,0.0018208862,0.0019410566,0.0018952132,0.0017497182,0.0020127012,0.0018405631,0.0017319113,0.0020074039,0.002043867,0.0018470004,0.0020403354,0.0020859032
2019-03-07,5.7162368e-05,-8.298305e-05,5.515071e-05,-0.00016071496,-3.9249426e-06,-0.00012655405,-0.00020109711,-0.00016214547,-6.648002e-05,0.00017839076,-4.4217682e-05,-0.00017417816,1.3025128e-05,-0.00011190621,-0.00018457172,0.000107818865,0.00013056549,-0.00012902764,0.00010607543,0.00016460719
2019-03-08,5.7803118e-05,-0.00014345942,7.052871e-05,-0.00013932434,-7.2330004e-06,-0.00014167873,-0.00017382798,-0.00023053435,-0.0001651406,0.00018108042,-7.578579e-05,-0.00018109975,-3.9501465e-05,-0.00018360314,-0.00018322316,1.9440078e-05,3.2739365e-05,-0.00014412997,0.00010547938,0.00016166421
2019-03-11,-0.001482515,-0.0016940593,-0.001533246,-0.0016352147,-0.0015337899,-0.0016437679,-0.0017328843,-0.0017276689,-0.0016229063,-0.001411362,-0.0015844092,-0.0017279073,-0.001558958,-0.0016582444,-0.0017194509,-0.0014774933,-0.0014579877,-0.0016886353,-0.0014336243,-0.0013793245
2019-03-12,9.629282e-05,-0.00013422815,0.00014054927,-0.00012622622,-6.395427e-05,-9.2251576e-05,-0.00017252413,-0.00016143767,-3.9650477e-05,0.00012909027,-2.8057373e-05,-0.00017866341,9.687268e-06,-8.926389e-05,-0.00018921343,0.00013236108,0.00011700543,-8.0837286e-05,0.00012837502,0.00014705362
2019-03-13,0.0036756336,0.003433676,0.0037081256,0.0034367382,0.003503838,0.0034832,0.0034213974,0.003439763,0.003520818,0.0037501394,0.0035738288,0.0034154966,0.00362868,0.0035297885,0.003418134,0.0037324294,0.0037245317,0.003509888,0.0037376,0.0037557571
2019-03-14,9.0995454e-05,-0.0001599699,0.00011378678,-0.00015846489,-8.860079e-05,-0.00010203419,-0.00018504856,-0.00016531942,5.21692e-06,0.00014970603,1.7122948e-05,-0.00018807349,2.9379153e-05,-0.00011516956,-0.00018461642,0.00011276605,0.00010522606,-9.150652e-05,0.00013240578,0.00015057775
2019-03-15,0.000101515674,-0.0001516029,8.2919025e-05,-0.0001515284,5.4949545e-05,-0.00013138202,-0.00017882732,-0.00016494689,-0.000110214925,0.000160867,-2.8744107e-06,-0.00018776802,3.3484423e-05,-7.841585e-05,-0.00019687263,0.000102670514,9.580853e-05,-0.00010004488,0.00013984146,0.00014826807
2019-03-18,-1.9132858e-06,-0.0002446383,-7.8900135e-05,-0.0002664238,2.3336732e-05,-0.00022141484,-0.00029126403,-0.00028123555,-0.0002704769,2.7635717e-05,-0.00015749631,-0.0002896398,-7.251499e-05,-0.00018329767,-0.00029235927,-5.7427562e-05,-3.0642725e-05,-0.00014924107,1.22577185e-05,2.087059e-05
2019-03-19,0.00010696205,-0.00012498198,8.820894e-05,-0.00016105769,3.601762e-05,-6.431935e-05,-0.00018966792,-0.00017556397,-0.0001234397,0.000116170966,-2.5822199e-05,-0.00020186452,1.343491e-05,-0.00011583266,-0.00020212529,9.414705e-05,7.4827694e-05,-4.880724e-05,4.3803477e-05,0.00013107213
2019-03-20,-0.002070515,-0.0022870363,-0.0020679967,-0.0023161084,-0.0021949173,-0.0021481202,-0.0023141638,-0.002330652,-0.0023148418,-0.0019951672,-0.0021234215,-0.0023468197,-0.0020670206,-0.0022482262,-0.002334489,-0.0020463974,-0.002057849,-0.0021170364,-0.0020740689,-0.0020116405
2019-03-21,0.00025336596,1.5513622e-05,0.00019156339,-6.987131e-06,6.7146146e-05,7.710757e-05,-1.5138066e-05,-4.3450273e-05,-0.00010171381,0.00033491256,0.00019202533,-2.6291586e-05,0.00017041864,3.846141e-05,-3.762392e-05,0.00024018588,0.00022606703,0.00019405189,0.00031646492,0.0003283784
2019-03-22,-0.0050213174,-0.0052937926,-0.005023478,-0.005298464,-0.0052442835,-0.005252278,-0.0052740932,-0.005329123,-0.0052229078,-0.0050108344,-0.0051580803,-0.005335866,-0.0050296024,-0.005233063,-0.005331947,-0.005053668,-0.0050526247,-0.0051540644,-0.005005902,-0.0050375597
2019-03-25,7.6011056e-06,-0.00025710312,-3.0896044e-05,-0.00027039496,-0.0001702517,-0.00019834039,-0.00020175276,-0.00029632298,-0.00031847355,1.0909163e-05,-0.00014474092,-0.0003163725,-4.1304505e-05,-0.00018637476,-0.0003195688,-2.9532588e-05,-2.2648252e-05,-0.00017062423,6.7815417e-06,1.9946718e-05
2019-03-26,0.0048984378,0.0046505122,0.004858093,0.0046391576,0.004744263,0.0046885475,0.0046031564,0.0045840307,0.004586072,0.0049099266,0.0047758087,0.0046123727,0.0048583983,0.004676753,0.004591265,0.0048729717,0.0048822924,0.0047194376,0.0049353703,0.004951523
2019-03-27,0.000110508525,-0.0001713991,4.4518732e-05,-0.00018589792,-8.6730695e-05,1.407566e-05,-0.0001957923,-0.00018875895,-0.00011274812,0.00010929408,4.6581263e-06,-0.00019851176,0.00010277482,-0.000100730336,-0.00015174446,0.0001101956,0.000105762505,-7.084606e-05,0.00010264071,0.00015683623
2019-03-28,0.0033570617,0.0031297668,0.0032994165,0.0030495166,0.0032254248,0.003185132,0.003109598,0.0030690893,0.0033277064,0.0033312826,0.00320089,0.003067711,0.0032635941,0.003129573,0.0031182258,0.0033428236,0.0033340692,0.003158526,0.0033782138,0.0034206375
2019-03-29,0.0025809496,0.0023057475,0.0024808138,0.0022846176,0.0023908033,0.0023642643,0.0022812127,0.002270685,0.0025077625,0.002490671,0.0024294495,0.0022729724,0.0025687902,0.0022936105,0.0023966893,0.0025239303,0.0025555878,0.0023812144,0.0025546416,0.0025970875
2019-04-01,0.004510747,0.0041958108,0.0045202984,0.0042130514,0.0043225004,0.0042512133,0.004276873,0.004194507,0.004238674,0.004440242,0.0042812093,0.004160145,0.0045048385,0.004251921,0.0042729317,0.004512885,0.004461625,0.004293361,0.0043944283,0.004483999
2019-04-02,0.00014401379,-0.000114588416,0.00016541185,-0.00011642871,-3.1015254e-05,-0.000103926635,6.5878266e-06,-0.0001342207,6.618502e-05,0.00011376443,-3.3608056e-05,-0.00018584577,7.6235854e-05,-0.000108918524,-0.00017932651,0.00013169053,0.00013788941,-0.00010247377,0.00010606798,0.00011792185
2019-04-03,0.000823164,0.00052385184,0.0008310989,0.0005782113,0.0007444188,0.00055179896,0.00059990736,0.00053098204,0.00076648744,0.00078404846,0.0006109566,0.00051243755,0.0008068845,0.00057872536,0.00051377865,0.0008276418,0.00080655667,0.00061047974,0.00084959867,0.0007940397
2019-04-04,0.0021608411,0.0018972695,0.0021974905,0.0018890962,0.0021524965,0.001915732,0.0019016206,0.0019000188,0.0021761819,0.0021005883,0.0019935458,0.0018818096,0.0021364554,0.0019063369,0.0018952653,0.002134943,0.0021676137,0.0019628569,0.0021486743,0.0020077988
2019-04-05,8.6249434e-05,-0.00015723554,0.00012609514,-0.00018992124,0.00019022229,-0.00015926955,-0.00025068072,-0.00018086878,7.519277e-05,0.00011445733,-8.806435e-05,-0.00017122773,-3.6908663e-05,-0.00018613634,-0.00026612577,-5.8150268e-05,7.180276e-05,-0.000102496124,9.828212e-05,5.8651203e-06
2019-04-08,0.00010529312,-0.00019307283,9.822252e-05,-0.00020789204,0.0001749784,-0.00015757827,-0.00023989973,-0.00019576249,8.697214e-05,9.970518e-05,-5.433557e-05,-0.00016156433,1.4597201e-05,-0.00014775095,-0.00026800332,1.8762075e-05,4.7759735e-05,-0.00013001112,8.4468746e-05,-5.906797e-06
2019-04-09,0.005118036,0.004812659,0.005023466,0.004809478,0.005092026,0.0048027723,0.0048181876,0.0047872155,0.0050412356,0.0050038635,0.004935534,0.004795657,0.005029598,0.0048158257,0.0047696247,0.00505373,0.005069816,0.005073385,0.0050878017,0.004963079
2019-04-10,0.0036484762,0.0033686995,0.003641115,0.003346318,0.0036937087,0.0033741086,0.003366293,0.0033348217,0.0035966947,0.0036224737,0.0035081445,0.003348352,0.003559099,0.0033553257,0.0033450066,0.0036402284,0.0036012619,0.0035327463,0.0036540641,0.0035815774
2019-04-11,0.0012803465,0.001024583,0.0012665034,0.000984402,0.0013406739,0.001015389,0.0010169536,0.0009797007,0.001221256,0.001208292,0.0012550444,0.0009941548,0.0012102962,0.0010146141,0.00095989706,0.0012816057,0.0012581736,0.0010950878,0.0012983546,0.001253137
2019-04-12,0.0013370082,0.0010620073,0.0013056562,0.0010582447,0.0013671085,0.0010674238,0.0010263935,0.0010508389,0.0013415307,0.0012835503,0.0012715325,0.0010531634,0.0012361795,0.0011200696,0.0010385826,0.0013686881,0.0012900248,0.001177916,0.0013701111,0.0012606696
2019-04-15,0.0016133949,0.0012902335,0.0015007794,0.0012730673,0.0015996337,0.0013164073,0.0012989655,0.0013024226,0.0014524997,0.0015102044,0.0014440656,0.001299651,0.0014861241,0.0015217379,0.001254724,0.0015999988,0.0015754268,0.0014092863,0.0016349569,0.0014411673
2019-04-16,0.004090385,0.0037746741,0.0040647625,0.0038554757,0.00414166,0.0038713082,0.0037957295,0.0037908792,0.0039736717,0.0040814816,0.0040179803,0.0038257404,0.003953868,0.0039781644,0.0037746518,0.004070276,0.004075901,0.0039665415,0.0041363253,0.004057051
2019-04-17,0.004931779,0.004633115,0.0048723533,0.0046196296,0.004970023,0.004669608,0.0046283766,0.0046151145,0.0047196685,0.0048600747,0.0047899946,0.0046268716,0.0048504486,0.0046769395,0.004634866,0.004931399,0.0049021184,0.004700409,0.004956597,0.0048661693
2019-04-18,0.0021392717,0.0018565521,0.0021124124,0.0018675938,0.0021274774,0.0018715799,0.0018305421,0.0018497348,0.002107182,0.0020454614,0.0020147278,0.0018408016,0.0020457148,0.0019400433,0.0018155441,0.0021327822,0.0021269782,0.0019291952,0.0021759807,0.0020639612
2019-04-22,0.00014472904,-0.00014099327,3.0034804e-05,-0.00017066149,0.000153178,-0.00010438857,-0.00018314866,-0.00016673503,4.694017e-05,7.3948526e-05,-1.7462648e-05,-0.00016088632,9.553286e-05,-5.1087118e-05,-0.0001848772,0.00017863663,0.000108705484,-7.539091e-05,0.00018631073,9.73508e-05
2019-04-23,0.0001415849,-0.00015693752,5.258026e-05,-0.00017100421,0.00015743228,-0.00010510383,-0.00019170938,-0.00018068252,0.00012454542,1.8516206e-05,-2.609042e-05,-0.00015628187,4.267099e-05,-7.4043637e-06,-0.00016984192,0.00014494511,0.00010083767,5.0061964e-05,0.00018298777,6.9582486e-05
2019-04-24,0.003018619,0.0026989519,0.0029466315,0.002868013,0.003054814,0.0027525737,0.0026943176,0.0027152165,0.0029882356,0.0029217987,0.0029082163,0.0027406453,0.00294158,0.0028506382,0.0027037724,0.0030456795,0.003002116,0.0029382869,0.0030519306,0.0029747128
2019-04-25,0.0028985306,0.0025747507,0.0028581335,0.0026426478,0.0029638126,0.0026774942,0.0025956943,0.0025989576,0.0029376387,0.0028550564,0.0028095036,0.0026072427,0.0027954518,0.0026616394,0.0025907694,0.0029015406,0.0028133257,0.0027939244,0.002903746,0.0028174534
2019-04-26,-7.1203685e-05,-0.000361903,-9.183434e-05,-0.00035718677,-1.1666096e-05,-0.00033522246,-0.00036381034,-0.00036659685,-6.3484884e-05,-0.00018389372,-0.00023192016,-0.00036519615,-6.510166e-05,-0.00022066978,-0.0003763422,-0.00012348441,-9.89422e-05,-0.0002382755,-6.2091625e-05,-0.0001811221
2019-04-29,0.003776194,0.0034560575,0.0037283315,0.0034512742,0.0038041412,0.0035164221,0.003452973,0.0034574806,0.0036328598,0.0036903112,0.0035446524,0.0034865155,0.003668779,0.0036007254,0.0034664362,0.0036932095,0.0037628277,0.0036819666,0.0038132383,0.0035931333
2019-04-30,0.006574148,0.006277637,0.006559366,0.0062569096,0.0066002323,0.0063281744,0.0062770187,0.0062811165,0.006553778,0.006493622,0.006455676,0.006303215,0.0065600215,0.006314622,0.006292881,0.006538899,0.006561184,0.0064523756,0.006617376,0.00648679
2019-05-01,0.000121408724,-0.00019688753,8.5221254e-05,-0.0001906961,0.00013011845,-0.000115482486,-0.00018713472,-0.00021270511,9.4199204e-05,6.242248e-05,-8.469797e-06,-0.00016915647,3.050419e-05,-0.00011615304,-0.00020294485,8.45358e-05,9.004923e-05,6.235542e-05,0.00011241587,3.373029e-05
2019-05-02,0.00033358636,2.9891962e-06,0.0003079042,-8.454896e-06,0.00034526887,8.107873e-05,3.577175e-05,-1.7419225e-06,8.5601234e-05,0.00022886845,0.0001402885,3.6449754e-05,0.00021941366,4.0704035e-05,7.614726e-07,0.00028880092,0.00028553756,0.0002642736,0.00030613842,0.00029152038
2019-05-03,0.0017133743,0.0014318094,0.0016867161,0.0014108137,0.0017380283,0.001465866,0.0015838087,0.0014179513,0.0014958024,0.0016961485,0.0016303227,0.0014244557,0.0015934572,0.0015184671,0.0014183611,0.0017090902,0.0017189399,0.0016352922,0.0017642543,0.0016186401
2019-05-06,0.002340631,0.0020824312,0.0022941097,0.0020624339,0.0023359447,0.002096185,0.0022822558,0.0020554601,0.0020836755,0.002324657,0.0022336184,0.0020561381,0.0022455915,0.0022542416,0.0020416095,0.002350518,0.0023163124,0.0022745593,0.002380991,0.00226053
2019-05-07,0.00011227431,-0.00013925729,7.321092e-05,-0.00021580455,0.000100643956,-5.919335e-05,-0.0001989886,-0.0001644626,-9.755639e-05,6.409886e-05,-6.231514e-05,-0.00015649048,7.044675e-05,-9.3130744e-05,-0.00020788459,7.8806304e-05,0.000107036554,0.00014943036,5.9032463e-05,8.4707164e-05
2019-05-08,0.0025874465,0.0023157387,0.0025271638,0.0022365912,0.0025769933,0.002372773,0.0023516132,0.0022967844,0.0023994907,0.0025687157,0.002474451,0.0022998839,0.0025236919,0.0023558377,0.0022832989,0.0025909557,0.002543652,0.0026432886,0.0025851293,0.0025143712
2019-05-09,0.003737682,0.0034594922,0.003690028,0.0034132986,0.0038036942,0.0035414784,0.0034399717,0.003443384,0.0034978702,0.0037298067,0.0036314293,0.003459239,0.0036466732,0.0035047694,0.0036558001,0.0037198677,0.0037016138,0.0037504076,0.0037333756,0.003686191
2019-05-10,0.00011947157,-0.00018484739,5.4465258e-05,-0.00019696204,0.00014691206,-0.00010105071,-0.0002414718,-0.0001925811,-0.00012678502,9.171071e-05,6.0960883e-06,-0.00018216518,6.407651e-05,-0.00015966443,-2.4197972e-05,2.5124871e-05,0.00012804719,4.270079e-05,0.00016618671,1.2972974e-05
2019-05-13,0.00014071318,-0.0001728296,7.4574375e-05,-0.00017933396,4.3103122e-05,-0.00011230109,7.5744116e-05,-0.00017271785,-0.00016626564,9.0995454e-05,-8.649228e-05,-0.00021114049,4.756602e-05,-0.00010890362,-0.00015460548,6.806257e-05,0.00013480487,0.0001261622,0.00019926729,1.4425837e-05
2019-05-14,0.00010541978,-0.00015641598,0.0001211107,-0.00015240756,4.9003982e-05,-7.860956e-05,7.750245e-05,-0.00016650406,-0.00010590849,0.00012204202,-3.147719e-05,-0.00016745029,5.872699e-05,-0.00015272049,-0.00016873924,0.00012263062,0.00014281424,0.00016392174,0.00018163177,2.6315683e-06
2019-05-15,0.005865486,0.005616599,0.00590484,0.0056665554,0.005913907,0.0056696697,0.005713524,0.005606623,0.0057422607,0.0058960705,0.0057649477,0.0056479513,0.005798468,0.0056139096,0.005584137,0.0058544218,0.0058768033,0.0058348565,0.0058887093,0.0058190613
2019-05-16,0.0009115279,0.000660719,0.000859724,0.00065166655,0.00081717374,0.0007201821,0.00061389955,0.000643076,0.00079479965,0.0008804068,0.0007729173,0.00063651206,0.0008496583,0.00060205313,0.0006481871,0.00096079113,0.0008909494,0.00095612707,0.0009909585,0.00088963064
2019-05-17,0.0001191512,-0.00018315611,9.19553e-06,-0.00019311754,6.992521e-05,-9.028462e-05,-0.00022809056,-0.00017274765,-5.5304146e-05,0.00013170543,7.5602555e-05,-0.00019070355,1.6534352e-05,-0.00018767861,-0.00015418825,6.9075846e-05,6.84798e-05,0.00017092528,0.00016317668,2.1846616e-05
2019-05-20,6.565603e-05,-0.00021294353,1.0804855e-05,-0.00020152179,0.00010121765,-0.00014468876,-0.00018353609,-0.00018032489,-2.2804714e-05,0.00016585889,6.812217e-05,-0.00012662855,1.3248646e-05,-0.00022430567,-0.00019230542,3.563764e-05,0.00010223838,9.206089e-05,0.0001050845,-1.2448407e-05
2019-05-21,7.3151314e-05,-0.00014915166,8.940848e-05,-0.00017431227,0.00010506215,-0.0001400843,-0.00016735343,-0.00017637608,-7.792411e-05,0.00014765712,9.873533e-06,-0.00013234315,-5.713082e-06,-0.00021602807,-0.00018536893,3.934058e-05,8.442404e-05,0.00010607543,0.00010522606,3.613683e-05
2019-05-22,-0.0021638558,-0.002425103,-0.0022239746,-0.00245533,-0.002209215,-0.0023931698,-0.0024091066,-0.002431801,-0.0023471252,-0.0021862895,-0.0022172318,-0.0024644868,-0.0022108913,-0.0024470747,-0.002409792,-0.002270578,-0.0021671043,-0.0021326453,-0.0021179826,-0.0022335858
2019-05-23,0.0031632348,0.0028826087,0.0030919253,0.0028484925,0.0030660867,0.0029513775,0.0028938963,0.0028811856,0.002956809,0.0031646802,0.003121139,0.0028285547,0.0030415296,0.002914378,0.0028635352,0.003115797,0.0031271293,0.0032285093,0.003196606,0.0030958592
2019-05-24,0.0034034192,0.0030981018,0.0033686548,0.0031282692,0.0033497973,0.003174135,0.0031219139,0.003135325,0.0032501533,0.003438057,0.0033123805,0.003149496,0.0033030375,0.0032062544,0.0031096055,0.0033660023,0.0033612489,0.0034320443,0.0034407764,0.0033467948
2019-05-28,-0.0023334385,-0.0026149661,-0.0023407624,-0.0026386515,-0.002435735,-0.0026114495,-0.0026076422,-0.0026278184,-0.002598493,-0.002336605,-0.0023373873,-0.0025462941,-0.002392447,-0.0025738836,-0.0026158602,-0.0023583458,-0.0023472742,-0.0024046064,-0.0023403303,-0.0023662806
2019-05-29,9.175541e-05,-0.00021161733,9.749236e-05,-0.00023405848,1.8292689e-05,-0.00013495085,-0.00016201881,-0.00019863842,-0.00010909734,0.00010456296,6.446394e-05,-0.00014692394,6.692135e-06,-0.00021489558,-0.00020842848,0.00011979195,9.606185e-05,4.2715692e-05,7.194432e-05,3.5555684e-05
2019-05-30,0.00013376924,-0.000107122934,9.529444e-05,-0.00013144908,-1.23291975e-05,-9.142456e-05,-0.00016388891,-0.00017128733,-3.4472323e-05,9.249302e-05,-2.4637557e-05,-0.00016736088,0.0001255885,-0.00013539044,-0.00013545749,9.835663e-05,0.000116156065,0.00016749057,4.846754e-05,1.4649355e-05
2019-05-31,5.6484365e-05,-0.00014083681,8.527341e-05,1.7122948e-05,-6.0005463e-05,-9.886769e-05,-0.00018705276,-0.00017964689,-0.0001260027,0.00013376924,1.1080527e-05,-0.00017756072,-3.0532246e-06,-5.2070594e-05,-0.00012688932,5.3653144e-05,0.000102812075,0.00017184915,4.02421e-05,-2.0995503e-06
2019-06-03,5.2088522e-05,-0.0001478031,0.00012345018,-0.000120221055,2.0043575e-05,-9.6334494e-05,-0.00022420881,-0.00018971262,-2.6053167e-05,0.00017549994,7.7277655e-06,-0.00020707992,6.180408e-05,-0.00010118482,-0.00017189083,8.51691e-05,9.952637e-05,0.0001588926,6.196799e-05,2.986344e-05
2019-06-04,0.00010416808,-0.00013416109,0.00014887156,-0.00016779301,0.00014052691,-7.026491e-05,-0.00019214151,-0.00017292646,-7.038412e-05,0.00013162347,-6.0690916e-05,-0.00019895879,5.7385885e-05,-0.00015814451,-0.00019695458,6.46353e-05,0.00010904076,4.1598105e-05,5.8890902e-05,4.2909407e-05
2019-06-05,0.00010880234,-0.00013124791,6.08057e-05,0.00010150077,0.00014407339,-0.00010189263,-0.00017816422,-0.00017841754,-0.00013533083,0.00012976083,2.5452697e-05,-0.00020781008,4.501792e-05,-0.00018098799,-0.00019791571,7.1370625e-05,8.825364e-05,0.00016363862,6.964209e-05,5.7736062e-05
2019-06-06,-0.0015785083,-0.0018429965,-0.0016260579,-0.0017975852,-0.0015296846,-0.0017211795,-0.0018744677,-0.0018470794,-0.0017602801,-0.0015712514,-0.0017366245,-0.0018648863,-0.0015766978,-0.0018699676,-0.0017943144,-0.001677601,-0.0015643373,-0.0015993774,-0.0016824066,-0.0015923291
2019-06-07,0.0036048978,0.0033662855,0.0036278754,0.0033420487,0.0036554425,0.0034270822,0.0033612116,0.0033636629,0.0034875139,0.0036995127,0.0034715398,0.0033697127,0.003649184,0.0033427863,0.003429392,0.0035733595,0.0036304905,0.0035120933,0.0035641282,0.0036144345
2019-06-10,0.00048198702,0.00024449977,0.00049021246,0.0003814191,0.00054238143,0.00036018493,0.00022842886,0.00022810849,0.00036348554,0.0005648971,0.00033567997,0.0002480239,0.0003978029,0.00019658508,0.0002981216,0.0005371213,0.0005024985,0.0003809795,0.00044871273,0.0004927084
2019-06-11,6.126764e-05,-0.00013480929,0.0001299918,-0.0001284167,0.00011895748,-0.00011310575,-0.00015543995,-0.00016585586,-4.7697104e-05,0.00013351592,-3.816036e-05,-0.0001547694,0.00011290761,-0.00020980684,-0.00013701466,6.383809e-05,0.00011883082,7.0737326e-05,4.2781467e-06,3.343227e-05
2019-06-12,0.0042819544,0.004006812,0.0042926683,0.0039874255,0.004201287,0.0040484904,0.0040434613,0.003999965,0.0041176765,0.004284614,0.004095563,0.00398034,0.0042490154,0.0040098443,0.0040040775,0.004287356,0.0042907684,0.004226403,0.004213424,0.0042089685
2019-06-13,0.003869237,0.003580661,0.0038072108,0.0035332679,0.003826493,0.0035861447,0.0035851314,0.003552863,0.003623919,0.0038711145,0.0036473065,0.0035493462,0.0037578805,0.0035402565,0.003512004,0.0038064136,0.003826344,0.0037245094,0.0037209406,0.0037312298
2019-06-14,9.8677e-05,-0.00011026708,6.693753e-05,-0.00025717018,9.732845e-05,-9.272841e-05,-0.00011915562,-0.0002023041,3.8543367e-05,8.710625e-05,-5.008874e-05,-0.00020403264,-3.775803e-05,-0.0001823589,-0.00020508317,8.442404e-05,6.0962164e-05,-3.7832535e-05,0.00010746124,0.00010648521
2019-06-17,0.0038280948,0.0036107465,0.0038220673,0.0036018356,0.0038933023,0.00365621,0.0036380528,0.0036057844,0.003591807,0.003822045,0.0037376522,0.003625834,0.0038124113,0.0036076992,0.0036388575,0.003955008,0.0038696616,0.003792347,0.0038219183,0.0038636117
2019-06-18,7.42242e-05,-0.00014645455,0.00010144862,-0.00014713255,0.00011613371,-4.6423054e-05,-0.00016800908,-0.00018658338,-4.0790415e-05,6.1863684e-05,-6.629375e-05,-0.00018671004,-3.8212514e-05,-0.00016531197,-0.00018441526,0.00016431662,9.790959e-05,-1.3737357e-05,-3.9336737e-07,4.2134547e-05
2019-06-19,7.299485e-05,-0.00015398709,-3.9249426e-06,-0.00022704003,7.981213e-05,-7.794646e-05,-0.00016803888,-0.00019109843,-8.011458e-05,4.5092427e-05,-2.2849417e-05,-0.00021993218,-3.1380332e-05,-0.00018124876,-0.00016053615,0.00014375302,3.89755e-05,0.00010930898,3.6248588e-05,0.00010925683
2019-06-20,-0.00028023717,-0.000536336,-0.00037076918,-0.0006118923,-0.0002810344,-0.00043362973,-0.00057794,-0.00058900414,-0.00050747243,-0.00037876365,-0.00042772887,-0.00059192476,-0.0004017934,-0.0005731642,-0.0006048813,-0.00025408564,-0.0003356993,-0.00035458652,-0.0004241079,-0.0003528878
2019-06-21,0.0035000383,0.0031585633,0.0033792718,0.0031695156,0.0034980937,0.0033710613,0.0032120883,0.0031718477,0.0032273992,0.003400789,0.0033034622,0.0032199933,0.00346096,0.0031941845,0.0031648367,0.003510171,0.0034032925,0.0033534481,0.0034458353,0.0034095957
2019-06-24,0.001973839,0.0016805992,0.0019089744,0.0017105058,0.0020037382,0.0018096954,0.0017475873,0.0016951427,0.0017810703,0.0019284129,0.0018460766,0.0016932577,0.0019575744,0.0017078534,0.0018351391,0.0019799336,0.0019684522,0.0019147709,0.0019865944,0.0019854917
2019-06-25,0.0001525596,-0.00012624857,-4.2861677e-05,-0.00017422286,0.00014709833,-0.00011531112,-0.00016136316,-0.00019728241,-1.1010445e-05,2.0431005e-05,1.0670745e-05,-0.00019272265,4.9912953e-05,-0.00013916788,-2.4719513e-05,0.000113853836,9.3565905e-05,6.348046e-05,0.00012615474,7.223489e-05
2019-06-26,0.00015993568,-0.00018358079,1.952285e-07,-0.00012608466,0.00016550871,-8.0829835e-05,-0.00013510732,-0.00020926294,-9.463576e-05,1.151266e-05,-1.9630766e-05,-0.00012165157,1.857581e-05,-0.00016973016,-3.430841e-05,0.00010655972,9.521248e-05,2.2844994e-05,0.00012390467,6.304833e-05
2019-06-27,0.0030635162,0.002798134,0.0029512807,0.0027601435,0.003135325,0.0028700172,0.0027913838,0.0027581467,0.0030256822,0.0030370294,0.002866672,0.0028115003,0.0029931157,0.0027807443,0.0027884482,0.003046648,0.0030591576,0.0029143183,0.003057228,0.003047952
2019-06-28,0.0036984324,0.0034163906,0.0035290061,0.0035566478,0.0037557422,0.00358081,0.0034284159,0.0034278124,0.0035554036,0.0036541908,0.0035547256,0.0034122034,0.003646606,0.0034394874,0.0035040393,0.0036666482,0.0037011593,0.003607945,0.0037182658,0.003712566
2019-07-01,0.0038588955,0.0035366877,0.0037800758,0.0037604957,0.0038943305,0.0036258637,0.00363055,0.0035902201,0.0035856157,0.0038108989,0.0037451922,0.003635676,0.003786245,0.0036068573,0.0036928891,0.0038242578,0.0038838251,0.0036678403,0.003894569,0.0038424893
2019-07-02,0.00012491795,-0.000121629215,5.077722e-05,1.8777791e-07,6.376358e-05,-6.667373e-05,-0.00014583615,-0.00016540138,-0.0001484513,0.00010480883,-3.9926148e-05,-5.572883e-05,3.0183815e-05,-0.00015655754,-8.3139515e-05,4.5099878e-05,0.00012739154,0.00012145343,0.00011519494,0.00010428729
2019-07-03,0.005411239,0.005089314,0.0052912994,0.0052421107,0.0052692457,0.005222441,0.005139047,0.005101615,0.0053203567,0.0053634807,0.005286665,0.0050814613,0.0052687316,0.0051323115,0.0053032725,0.005351314,0.0053700446,0.005236627,0.0053575574,0.0054159476
2019-07-05,0.003616543,0.0032956987,0.0034949495,0.003365138,0.00346625,0.0033978834,0.0033058687,0.0032931357,0.0034147813,0.003539437,0.0034609823,0.003254184,0.00349185,0.0034177764,0.0034090816,0.0035714149,0.0035949661,0.003580676,0.0035435497,0.0036298274
2019-07-08,0.006535524,0.006204152,0.0064561157,0.006310375,0.0063910573,0.006355779,0.0062258034,0.0062221154,0.0062493174,0.006493309,0.0063760444,0.006408797,0.0064243465,0.006428951,0.006330298,0.0065047382,0.0065073236,0.0064002885,0.0064739897,0.006496222
2019-07-09,0.001794906,0.001580143,0.0017107815,0.0015846431,0.0017686725,0.0015280932,0.0015059129,0.0015115008,0.0015451998,0.0017701403,0.0016332135,0.0017028988,0.0017355249,0.0016793177,0.0016120985,0.0018438414,0.0017841995,0.0016960889,0.0017558724,0.0018335
2019-07-10,9.731355e-05,-0.00015197543,4.8266375e-05,-8.541194e-05,4.795345e-05,-0.00011720357,-0.00014369783,-0.00017265079,-0.00012691913,0.00010070356,-4.007516e-05,-1.0265387e-05,5.6998455e-05,-0.00019171683,-7.314829e-05,0.000121162855,9.6017146e-05,6.127509e-05,8.9579844e-05,0.00016392174
2019-07-11,9.218755e-05,-0.00011424569,8.206966e-05,0.00013558718,4.3520355e-05,-2.1940446e-05,-0.00017201004,-0.0001746848,6.741437e-05,0.00011599215,-9.753404e-05,-0.00018740294,0.00011292996,-0.00013801304,-0.00021196005,7.1758055e-05,0.00013190659,0.00011201354,5.4457807e-05,0.00015562924
2019-07-12,0.003706233,0.0034716441,0.003657253,0.0034186481,0.0036695837,0.0035843789,0.0034707054,0.003448756,0.003443831,0.003740327,0.003632219,0.0034215688,0.0036373674,0.0034899204,0.0035272776,0.0037742122,0.0037386059,0.0037266626,0.0037228703,0.0037417128
2019-07-15,0.0023398562,0.002091074,0.0022824942,0.0022200583,0.0022970825,0.002399431,0.0020675375,0.0021165176,0.0022630184,0.0022953167,0.002181375,0.0019677817,0.0022527738,0.0021035909,0.002017641,0.0023538559,0.0023755892,0.0023829727,0.0022771521,0.0022695153
2019-07-16,-0.00019893644,-0.0004442915,-0.0002856016,-0.00058984605,-0.00029103307,-0.0003761783,-0.0005487114,-0.0005116522,-0.00055692194,-0.00025081483,-0.00021099148,-0.0006016403,-0.00024700759,-0.0005132094,-0.00060802547,-0.00027108786,-0.00017859635,-0.00021767465,-0.00026947854,-0.00030071137
2019-07-17,0.00073313864,0.0004580632,0.00063138606,0.00043956342,0.0006357074,0.00065082463,0.00041721913,0.00039941224,0.00040611776,0.00069092365,0.0005840674,0.0003488526,0.00061316194,0.00042805227,0.00046800973,0.00070075097,0.0007186249,0.00059320184,0.00061298313,0.0007187665
2019-07-18,0.003043869,0.0027943566,0.00298381,0.002787733,0.0030752062,0.0030185445,0.0027907952,0.0027599721,0.002778673,0.0030550673,0.003069432,0.0027232482,0.0029624715,0.002789603,0.0028229519,0.0030156686,0.0030730977,0.003065826,0.0029563247,0.0030665635
2019-07-19,0.0024365946,0.0022225245,0.0024194433,0.002050595,0.0023932024,0.0022514625,0.002155499,0.0021640747,0.0021997034,0.002436818,0.0024225353,0.002130696,0.0023525297,0.0021798774,0.002355659,0.0024141162,0.00248401,0.0024979352,0.002407582,0.0024719476
2019-07-22,0.005405286,0.005146818,0.005318181,0.0053704246,0.005289824,0.005250381,0.0050873696,0.0051098107,0.0051160543,0.0053604855,0.0054275854,0.0050598322,0.0053185164,0.005111003,0.0052584126,0.0053679734,0.005418384,0.0053440793,0.005323203,0.00537336
2019-07-23,8.76874e-05,-0.00016541628,-1.1986471e-05,-9.58055e-05,-3.713963e-05,-0.00013120321,-0.00015403924,-0.0001932293,-9.4419695e-05,8.0743455e-05,9.457173e-05,-0.00023747084,-5.4374104e-06,-0.00019423512,-8.354185e-05,6.280246e-05,0.00010067376,7.3054456e-05,5.707296e-05,0.000105255865
2019-07-24,6.672891e-05,-0.00014427898,-2.840755e-05,-0.00026877818,0.00018358382,-0.00013863889,-0.00015828607,-0.00017800031,-0.00015459803,1.3740384e-05,0.00011892023,-0.00026198325,1.8045539e-06,-0.0001368731,-0.00022565422,9.8952674e-05,0.00010418298,8.101913e-05,8.816423e-05,4.4548535e-05
2019-07-25,0.0030649542,0.0028466969,0.0030238046,0.002687165,0.0030630692,0.002825202,0.002807641,0.0027672066,0.002818705,0.003025697,0.0030429377,0.002766767,0.002996625,0.0027876138,0.0026594936,0.0030886172,0.0030584573,0.0029820292,0.002913536,0.0030831113
2019-07-26,8.8827335e-05,-0.00015684066,3.487023e-05,-0.0002587795,1.4671707e-05,-2.5285757e-05,-0.00018291769,-0.00021054444,-0.00012425182,7.2257244e-05,5.6074583e-05,-0.00023374555,-2.2141612e-05,-0.00016541628,-0.0002035707,0.00012321922,0.00012365135,8.3813095e-05,3.063085e-05,0.00011623057
2019-07-29,9.118917e-05,-0.00014503894,-1.7030514e-05,-0.00025432406,0.0001159549,-0.00011490879,-0.00019112078,-0.00016943959,-0.00014927832,3.4639263e-05,0.0001128033,-0.00022569147,-1.6196049e-05,-0.00016566215,-0.00017185358,4.9041235e-05,0.00014893862,5.037489e-05,7.332268e-05,0.00010135921
2019-07-30,0.0021992787,0.002042973,0.0021318137,0.0019467637,0.0022234633,0.002005735,0.0019164771,0.0019407511,0.0020019426,0.0021912022,0.002187097,0.0018123031,0.002058284,0.00198462,0.0019121558,0.002206908,0.0022455766,0.0021430491,0.0022140457,0.002195099
2019-07-31,0.0022282093,0.0020277067,0.0021209805,0.001952672,0.002168791,0.0020537092,0.0019510702,0.0019593327,0.0020499094,0.0021787896,0.0022294386,0.0019171998,0.002102302,0.0019755452,0.0019598468,0.0022353767,0.002244295,0.0021833493,0.002207683,0.0022557764
2019-08-01,0.0028713658,0.0026786565,0.002790132,0.0026270463,0.0028347312,0.0026993915,0.0026238277,0.0026330142,0.0027269511,0.0028716787,0.002913931,0.0025688722,0.00274297,0.002648787,0.0025764569,0.002862805,0.002939777,0.0028360798,0.0029064952,0.002826178
2019-08-02,0.00036770257,0.00011511298,0.00019690546,0.00019852968,0.00024826976,0.00018392655,9.283575e-05,8.634629e-05,0.00011594745,0.0003372446,0.00036741944,6.6252076e-05,0.00030607136,9.60842e-05,0.00010317715,0.0003483385,0.00038106146,0.00029441866,0.00031082483,0.0003052965
2019-08-05,0.0018700302,0.0015448869,0.0017446742,0.0017325968,0.0018295661,0.0016003862,0.0016495377,0.0016015858,0.0016276404,0.0018471867,0.0017342583,0.0015522108,0.0018389017,0.0016460285,0.0018811837,0.0018607319,0.0019257456,0.0018014997,0.0018259451,0.0018102989
2019-08-06,0.0044754907,0.004279317,0.0043943017,0.0044049784,0.004473777,0.0042926013,0.004312122,0.004242064,0.004300454,0.0045007034,0.0045351326,0.0041547134,0.0044710278,0.0042714863,0.004515113,0.004537256,0.0044705807,0.004521565,0.004518138,0.004445271
2019-08-07,0.0033679768,0.0030976026,0.003321895,0.0033210977,0.0033035292,0.0031875758,0.0031315922,0.0030758395,0.0031378507,0.0033504828,0.0033605634,0.0031114384,0.003369154,0.0030975728,0.0033708303,0.0033535524,0.003329055,0.0032861917,0.0034201606,0.0032341196
2019-08-08,0.0019722222,0.0018557176,0.0019427777,0.0016957388,0.0020444258,0.0017374322,0.0018143744,0.0017615497,0.0018425599,0.0020448207,0.0020781844,0.0017223448,0.002019161,0.0017488316,0.0017518342,0.0020142435,0.0020182743,0.0019797399,0.0020745634,0.001901263
2019-08-09,0.00033695402,8.4982836e-05,0.00023123773,0.00042226317,0.00030841085,0.00012107345,0.00015128555,9.155425e-05,0.00027099403,0.00032282027,0.00037213566,-2.6881462e-06,0.00038769993,0.00015544298,0.00034549984,0.0003063694,0.00034112635,0.00017801824,0.0003136039,0.00025351497
2019-08-12,3.5272562e-05,-0.00019753573,2.9587769e-05,0.00018866512,1.3054931e-05,-0.00025656668,-6.4654625e-05,-0.0001598507,-8.008478e-05,0.00013430568,0.0001134217,-0.0002762362,1.0946416e-05,-0.00010977534,0.000114472234,0.00012460502,4.8534595e-05,-0.00020530669,0.00010559859,-4.689989e-05
2019-08-13,7.17059e-05,-0.00019480882,6.3040876e-05,0.00024750235,5.823525e-05,-0.00012261269,-0.0001354873,-0.00015331653,-0.00014608202,0.000112557434,9.5249736e-05,-0.00023165194,0.00015226158,-0.00012101827,9.912404e-05,6.801041e-05,0.0001301706,-7.216481e-05,0.00012222829,1.3084733e-05
2019-08-14,4.5472407e-05,-0.00017061678,4.6865665e-05,0.00020549598,2.7449452e-05,-0.00018897501,-0.00016356108,-0.00016379205,-0.00014727411,0.00012570771,7.93502e-05,-0.0002465382,0.00012135657,-6.589142e-05,9.7030425e-05,9.4601535e-05,9.916129e-05,-7.176993e-05,0.00013443979,0.00010284933
2019-08-15,0.0030234396,0.002752663,0.0030220537,0.003140354,0.0030129119,0.0027847379,0.0028609722,0.0027896627,0.0028378828,0.0030619218,0.0030686571,0.0027555018,0.003045389,0.0028389706,0.0030884757,0.00304334,0.0030724644,0.0029753312,0.0031018495,0.002974534
2019-08-16,0.0027628182,0.002499984,0.002776736,0.0028664037,0.0027133836,0.0025322451,0.0025803982,0.002523461,0.0026327386,0.0028330772,0.0028152405,0.002472201,0.0027593314,0.0025420203,0.0028190627,0.0027351244,0.002820508,0.0026349141,0.0028487681,0.002764368
2019-08-19,0.000111141824,-0.00021284667,6.965699e-05,0.0001095772,2.806785e-05,-0.00019085256,-0.00016439555,-0.00016517041,-9.7884214e-05,0.00011985155,0.00010398927,-0.00021423248,8.478912e-05,-0.00013886986,8.525851e-05,5.6856894e-05,0.0001370922,-5.253253e-05,0.00010750594,4.3110573e-05
2019-08-20,0.00011927786,-0.00012168137,3.2962882e-05,0.00018254074,2.511742e-05,-9.605137e-05,-0.00015423296,-0.00014913676,-9.586511e-05,0.000101642334,7.2771334e-05,-0.00019822863,9.21801e-05,-7.9786754e-05,0.00010015967,6.450119e-05,0.00014653208,5.3548836e-05,9.8207616e-05,8.026662e-05
2019-08-21,0.0066323443,0.006334008,0.0066257208,0.0066328435,0.006539175,0.0064822077,0.006298864,0.0063669397,0.0064020245,0.006631644,0.0065598874,0.0063391193,0.006573403,0.006418289,0.006326103,0.006569387,0.006674969,0.006605813,0.006671728,0.0065174415
2019-08-22,0.0006999016,0.00039035233,0.000688383,0.00049583765,0.0005961597,0.00047851505,0.000474529,0.0004368663,0.00053553435,0.0007013768,0.0006148234,0.00042457285,0.0006033272,0.0005105898,0.00040946307,0.00066161307,0.0007517204,0.00068385305,0.0007078886,0.0006354168
2019-08-23,2.4558627e-05,-0.00019668636,2.9751682e-05,0.00015859457,9.657466e-06,-3.2684184e-05,-0.00015618501,-3.6551035e-05,-0.00014093367,0.00011708739,-3.1276024e-05,-0.00025137363,-5.173532e-05,-0.00015640853,-0.0002432823,0.000118458294,0.00013981166,-6.1190105e-05,0.00013032707,-2.3750938e-05
2019-08-26,0.0038433536,0.003647679,0.0038310005,0.0035986616,0.0037597804,0.0037399246,0.0035991087,0.0036254092,0.0036551147,0.003854008,0.0037492677,0.003597842,0.0039021685,0.003641942,0.0035964265,0.003876598,0.003933416,0.0038716733,0.0038645207,0.003879869
2019-08-27,0.0031313463,0.0029225885,0.00318508,0.0032323985,0.0031462102,0.0029284745,0.0029322072,0.0029487922,0.0029666065,0.0031248643,0.003252977,0.0028974055,0.0031509711,0.002985315,0.0029825433,0.00308896,0.0032561212,0.0031778081,0.0032010241,0.0031770258
2019-08-28,0.0045934855,0.004361564,0.0045177205,0.0044088154,0.004526989,0.0044883057,0.004415208,0.004339555,0.004394838,0.004585856,0.0045826896,0.0043755635,0.004548022,0.0044158264,0.0043450533,0.004623042,0.0046196743,0.0046580224,0.0045859604,0.004519531
2019-08-29,9.590539e-05,-0.00020769832,1.1199736e-05,-0.00010643003,-3.621576e-05,-4.133559e-06,-0.00020582078,-0.0001741409,-0.00014930812,5.564245e-05,-1.3670302e-05,-0.00026097742,0.00010117295,-0.00013920513,-0.00022525934,2.1816813e-05,0.00011516514,-5.8127916e-05,9.901228e-05,-1.0272837e-05
2019-08-30,0.0027336045,0.0025259121,0.0026642769,0.0025810762,0.002556914,0.0027143671,0.0024518757,0.0025032028,0.0024618,0.002731563,0.0027056574,0.0024350598,0.0027412712,0.002518007,0.0024121641,0.0027386337,0.0028005405,0.002660857,0.002802284,0.0026752143
2019-09-03,0.0037331372,0.003572592,0.0037344634,0.0036602183,0.0037847995,0.003622712,0.0036059185,0.0036100387,0.003758551,0.0038602813,0.0038705557,0.0036420464,0.0037140562,0.0036637946,0.0036494075,0.003933543,0.00384655,0.003918828,0.0037392764,0.003858143
2019-09-04,8.3962106e-05,-0.00022473035,-7.995812e-05,-0.00019118038,8.375966e-06,-0.0002156928,-0.00019313244,-0.00016665307,-0.00010195223,7.568451e-05,9.7559416e-05,-0.00015931425,-3.6790734e-06,-9.860692e-05,-0.00017461774,0.00015401246,4.9965107e-05,0.00015200826,7.896277e-05,-7.037667e-05
2019-09-05,8.696469e-05,-0.00028161553,7.2658295e-06,-0.00013623235,-1.4959252e-05,-0.0001265168,-0.00021356938,-0.0001900181,-0.00012955663,6.3033425e-05,-9.282527e-05,-0.00020924804,3.3901655e-05,-0.00012615172,-0.00027461944,8.848461e-05,0.00013469311,3.898167e-06,8.158537e-05,-3.788469e-05
2019-09-06,-0.00074816344,-0.0010725617,-0.0007899016,-0.0010241478,-0.000882408,-0.0009738415,-0.0010653496,-0.0010334909,-0.0009927884,-0.0007664099,-0.0009109959,-0.0010269865,-0.0008478671,-0.0009802118,-0.0011026695,-0.00076550094,-0.00073919294,-0.00076317636,-0.0007819667,-0.0008581936
2019-09-09,5.0032162e-05,-0.00014909205,-8.373556e-05,-0.00013998745,-3.402529e-05,-0.000101870275,-0.00018606184,-0.00015935895,-0.00015715358,0.00014026614,0.00010854902,-0.00015918014,4.15236e-05,-0.0001240432,-0.00025105325,0.00012923928,7.466378e-05,2.0393752e-05,8.481147e-05,3.7597143e-05
2019-09-10,6.306323e-05,-0.00010424701,1.7151469e-06,-0.00011680869,2.8231763e-05,-8.861569e-05,-0.00019155291,-0.00014953909,-9.928492e-05,0.000105896615,0.0001371965,-0.00017738191,1.37850875e-05,-6.138382e-05,-0.00022187678,0.000111030065,0.00012882205,4.8294896e-06,8.247199e-05,1.4738762e-05
2019-09-11,0.0048750653,0.0046049445,0.004758024,0.0048711537,0.0047333627,0.0046812757,0.004592502,0.004624778,0.0046425327,0.0048891245,0.0048970073,0.0046154647,0.004892127,0.0046431064,0.004529567,0.004866035,0.004897976,0.0047215684,0.0048663034,0.004857288
2019-09-12,6.324949e-05,-0.00018854288,-2.070365e-05,-0.0001259133,-2.492813e-05,-0.00011746434,-0.0001566842,-0.00013124046,-0.00014442054,8.615258e-05,0.00015265646,-0.00015377847,4.460814e-05,-0.00010351685,-0.00012297777,0.00013183954,0.00010496529,8.749368e-05,7.8046345e-05,-4.815159e-05
2019-09-13,7.94247e-05,-0.00016175804,7.524493e-05,9.757432e-05,-6.386486e-05,-3.2050884e-05,-0.00014364568,-0.00014205126,-0.00012917665,3.972801e-05,6.221386e-05,-0.00016635505,5.1246607e-05,-0.00013662723,-0.00014915911,0.00014762732,0.00015144947,0.0001794413,3.7895166e-05,4.2641186e-05
2019-09-16,0.0030261665,0.0028210594,0.003028871,0.0031178608,0.0029935627,0.00281834,0.002852702,0.0028573363,0.0028897687,0.003081703,0.003106655,0.0028462126,0.0030261367,0.0029905154,0.0028126775,0.0031699105,0.003135094,0.0031525134,0.0031404062,0.0030858754
2019-09-17,7.019343e-05,-0.00020377187,-1.2783683e-05,0.000107289874,-1.4601625e-05,-6.37233e-05,-4.8337854e-05,-0.00015378592,-0.000117136515,8.96767e-05,6.128254e-05,-0.0001772031,5.063566e-05,-0.00010258553,-0.00015078334,0.00014953467,0.0001231149,9.7686076e-05,9.493681e-05,-9.4307936e-05
2019-09-18,1.4559948e-05,-0.00018136797,-1.7984188e-05,-4.573143e-06,-4.0686107e-05,-0.000109305955,6.2906765e-05,-0.00017344055,-0.00013588963,6.999972e-05,0.00012248161,-0.00015712378,3.5093748e-05,-0.00012813357,-0.00013318507,0.0001511887,0.00011735561,9.314122e-05,0.00014645013,-5.984155e-05
2019-09-19,0.0013679579,0.0011804193,0.0013399288,0.0012512893,0.0013247892,0.0010376141,0.0013419256,0.0011626423,0.0012545228,0.0014186964,0.0014545113,0.0011593193,0.0013754308,0.001167582,0.0011953727,0.0014944017,0.001474002,0.0014765054,0.0014264226,0.0012789309
2019-09-20,0.0020641773,0.0018777192,0.0020119934,0.0021673157,0.0020239218,0.0018362046,0.0020066737,0.0018776,0.001928562,0.0021319552,0.0021382212,0.001861231,0.002156043,0.0019743158,0.0019016132,0.0022098436,0.0021603643,0.0021757125,0.0021650656,0.0019555255
2019-09-23,0.00041102024,0.00021276774,0.00034130516,0.00043860974,0.00042418542,0.00016420486,0.00022743049,0.00020164403,0.00023346546,0.00041663798,0.00039643946,0.00016611966,0.00042713585,0.00022940489,0.00022346678,0.0004980654,0.0005014554,0.00042052718,0.0004502997,0.00033250602
2019-09-24,8.1652426e-05,-0.00016806868,-2.2216118e-05,8.8052475e-05,-5.972979e-05,-0.000141336,3.882649e-05,-0.00015771983,-9.9821365e-05,0.00010132941,0.00010299834,-0.00016448495,2.4640583e-05,-0.00011928228,-0.00018872914,0.00012239965,0.00010354223,0.00019223394,0.0001301408,-1.6099191e-05
2019-09-25,0.0050288676,0.0047694608,0.004979932,0.0051554604,0.005028294,0.004799412,0.004855001,0.0048665716,0.0049109473,0.0051035746,0.0051092594,0.0048638447,0.005031289,0.004991883,0.0048244833,0.0050587817,0.0051007583,0.0051267906,0.005125196,0.005003677
2019-09-26,0.0035021468,0.003198342,0.0033533736,0.0035036593,0.0033795326,0.0031913682,0.0033853068,0.0032512634,0.0032970994,0.003494875,0.0035687773,0.00324762,0.0034584343,0.003282541,0.0032087876,0.0034759506,0.0034701987,0.003499539,0.0034853532,0.0034164353
2019-09-27,1.0365271e-05,-0.00019207445,-3.3339835e-05,9.9489116e-05,-5.379168e-05,-0.0001875445,-0.00010112522,-0.00016270427,-3.723649e-05,7.10726e-05,0.00010199251,-0.0001688659,1.445564e-05,-0.00013723818,-0.00020092574,0.00010202231,5.9568905e-05,0.00013359042,8.212181e-05,3.7582242e-05
2019-09-30,-0.0006285369,-0.00093973277,-0.0008277729,-0.0007816091,-0.0007397741,-0.000928542,-0.0006838575,-0.00090373156,-0.00083979813,-0.00062747893,-0.00060918776,-0.00089350936,-0.00071418134,-0.00089218316,-0.00093061326,-0.00069960055,-0.00065447984,-0.00059518067,-0.00063373,-0.0007268622
2019-10-01,0.00011222216,-7.886288e-05,-8.779613e-05,9.993615e-05,-3.5031117e-05,-8.8392175e-05,-0.00019562838,-0.00016726402,-0.00010172126,9.914639e-05,7.9059624e-05,-0.00017092226,4.746171e-05,-0.00012664346,-0.00017089245,5.6640827e-05,0.0001018137,6.169977e-05,6.903859e-05,0.00013049098
2019-10-02,0.0048898174,0.0046896725,0.004698062,0.0047760843,0.004667045,0.0046694293,0.004513064,0.0045775264,0.0045982837,0.0047942265,0.004820691,0.004577586,0.004748994,0.004575522,0.00460408,0.0048361584,0.0048332526,0.004826592,0.004749821,0.0048895343
2019-10-03,0.000104734325,-0.00013600884,-0.0001156613,1.1340016e-06,-5.894748e-05,-8.6469925e-05,-0.00013850478,-0.00015109626,-0.000101616955,9.7544515e-05,3.3521676e-05,-0.00016252545,-8.25373e-06,-0.00014226732,-0.00013653038,2.817961e-05,0.00013768824,5.5217766e-05,0.00011933001,0.00013207796
2019-10-04,0.00172081,0.0014933586,0.0015435457,0.001483196,0.0015584246,0.0015254259,0.0016194448,0.001419963,0.00143096,0.0016177461,0.001645872,0.0014348939,0.0014980674,0.0014417857,0.0014343649,0.0017142609,0.0017286629,0.0017094329,0.001610072,0.0017490328
2019-10-07,8.931162e-05,-0.00018402783,1.4045858e-05,-3.4144497e-05,2.215954e-05,-3.069488e-05,-0.0001823738,-0.00017746387,-0.00013116596,7.735344e-05,2.6197755e-05,-0.00018146483,1.3546669e-05,-0.00014938263,-0.0001939967,4.0562474e-05,0.00012035819,9.761902e-05,6.027671e-05,0.00015072676
2019-10-08,0.000144811,-0.00014988927,1.973065e-05,5.0725066e-05,-7.419882e-05,-9.386835e-05,-0.00016043184,-0.00016265956,-0.00016498414,7.450732e-05,2.5400543e-05,-0.00017309783,-8.439866e-05,-7.8274286e-05,-7.7104545e-05,-4.9388385e-05,9.275379e-05,6.664696e-05,0.00012835267,0.00012704136
2019-10-09,0.0010686308,0.0008255482,0.0009853184,0.00101939,0.00086042436,0.00087423774,0.0007742435,0.0007533744,0.00076556357,0.0009588689,0.0008911282,0.0008070931,0.0009198353,0.0008368507,0.0007692069,0.0009541601,0.0010465548,0.0009491608,0.0010272429,0.0010585055
2019-10-10,0.00016117247,-6.677059e-05,4.7744834e-05,-6.237475e-05,-4.0544546e-05,-0.0001040682,-0.00014912931,-0.00015430001,-0.00012433378,0.00010324421,2.8753304e-05,-0.00018212793,2.5989139e-05,-0.00014530716,-0.00013599393,5.6648278e-05,9.508582e-05,6.88585e-06,0.000121162855,0.00011866691
2019-10-11,0.00086461904,0.0006342918,0.0007433087,0.00081221166,0.0006311402,0.0006384194,0.00057818147,0.0005860046,0.0005743817,0.0008227691,0.0008209065,0.0005526111,0.000757964,0.00060060027,0.000602299,0.0007493213,0.00081393274,0.0008031145,0.00083737227,0.00082523527
2019-10-14,0.0023696884,0.0020954474,0.00219118,0.0022447049,0.0021768971,0.0020956038,0.0020764559,0.0020741387,0.0020923852,0.0023588478,0.0022102534,0.0020659654,0.002247037,0.0021519898,0.002060534,0.00226202,0.0022808998,0.0023042872,0.002320902,0.0023427098
2019-10-15,0.0001409814,-0.00020407734,2.2822642e-05,-7.6702214e-05,-7.732806e-05,-0.00020555255,-0.00015334634,-0.00015811471,-6.172655e-05,0.00014774653,-3.252027e-05,-0.00019182859,2.6540481e-05,-0.00011218933,-0.00013139693,3.112259e-05,7.16463e-05,-5.391834e-05,9.764137e-05,0.00014114531
2019-10-16,0.00014595839,-0.00014664826,9.1017806e-05,4.9704337e-05,-2.2663153e-05,-0.00015461294,-0.00016026048,-0.00016507355,-0.00014144776,0.00013340416,9.195658e-05,-0.00019031612,-1.1360622e-05,-0.00012764183,-0.00012477336,6.1610364e-05,3.6084675e-05,-7.295457e-05,7.2369e-05,0.00010415318
2019-10-17,0.00011815282,-0.00014176813,0.00010851177,-0.00010321138,2.0334148e-05,-0.000115460134,-0.00017894653,-0.0001766592,-0.00015567092,0.00015296193,8.3827996e-05,-0.00018400548,2.9066228e-05,-0.00014486758,-0.0002804905,8.184614e-05,0.000105762505,-4.108844e-05,6.0813152e-05,7.857534e-05
2019-10-18,0.00011388364,-0.00012700108,0.00013436528,-5.213765e-05,5.75647e-05,-3.3235527e-05,-0.0001618251,-0.000169529,-0.00014761684,0.00016179087,9.478652e-06,-0.00017439423,1.8329942e-05,-0.00010222045,-0.00021794287,7.964822e-05,8.358213e-05,-0.00014942733,5.3407275e-05,9.208324e-05
2019-10-21,0.00012294354,2.4871551e-05,0.00010799768,-5.5937446e-05,3.7753605e-05,-0.00018834171,-0.0001715034,-0.00017423031,-0.0001247212,0.00016143324,-5.636213e-05,-0.00019667891,2.7358765e-06,-0.00011668203,-0.00015073118,7.9447054e-05,9.615871e-05,-0.00012703089,6.7146146e-05,5.4264092e-05
2019-10-22,0.000114874565,-0.00021699665,0.00015339407,-9.412167e-05,5.8055157e-06,-7.071195e-05,-0.00016238389,-0.00016861258,-0.00013393012,0.00012886676,-1.0891235e-05,-0.00016168354,9.433948e-06,-0.00015736965,-0.00021567044,6.865861e-05,0.00012967142,-0.00010172126,8.337351e-05,0.00012576731
2019-10-23,0.000106135034,-0.00012812612,0.00013867917,-0.00017104147,-5.4410077e-05,-0.00017820892,-0.00014491228,-0.00015574542,-0.00011491624,0.00015166553,-1.6881502e-05,-0.00010949967,5.333277e-05,-0.00013126282,-0.00013559905,9.992125e-05,8.366408e-05,-6.8521476e-05,0.000106276595,-4.393456e-05
2019-10-24,0.00011176767,-0.0003063291,0.00015311094,-7.648615e-05,-4.1207648e-05,-7.321534e-05,-0.00011218188,-0.00014710275,-6.9393194e-05,0.00012412819,5.4599368e-05,-0.00016270427,3.3521676e-05,-0.0001368135,-0.0002445936,9.463751e-06,7.448497e-05,-3.313867e-05,0.00012176635,0.00015934708
2019-10-25,0.00014058652,-0.00018048135,0.00013680907,-0.00010319648,-2.5658286e-05,-7.757393e-05,-0.00016264466,-0.00015530584,-0.00010809896,0.00011587294,2.48492e-05,-0.00014588085,8.264207e-06,-9.883044e-05,-0.00025798974,5.0181174e-05,8.476677e-05,-8.875725e-05,0.000117824995,0.00015362503
2019-10-28,9.586068e-05,-0.00016479788,0.00013873877,-4.226563e-05,-7.847545e-05,-0.00021753309,-0.00015833077,-0.00014920381,-0.0001343101,0.00012459757,9.41545e-05,-0.00012563018,2.4297857e-05,-0.00014355627,-0.0001375511,1.3494515e-05,0.00010661932,-5.213765e-05,0.000106388354,0.00014872255
2019-10-29,0.00013416412,-0.00010370312,0.0001262069,-6.706116e-05,-0.00011747924,-0.00023536233,-0.00014982221,-0.00015129743,-0.00014024822,0.00013334455,-8.022762e-06,-0.00013708172,-1.2202538e-05,-0.00014965085,-0.00013834832,0.0001436338,7.682445e-05,-0.00015060452,3.7112855e-05,0.00015363994
2019-10-30,0.002143362,0.0018858105,0.0021533757,0.00199669,0.0019320265,0.001816766,0.0018945053,0.0018886939,0.0020046546,0.0021517514,0.0020281165,0.0018769741,0.0020344793,0.0018774286,0.0018680632,0.0021605878,0.0021206825,0.0019335166,0.0020557581,0.0021793111
2019-10-31,0.0022555157,0.0020186692,0.0022615804,0.0020310297,0.002057077,0.0019366831,0.0019669696,0.0019697263,0.0020165532,0.0022930368,0.002051422,0.001972103,0.0021657585,0.0019915118,0.001983927,0.0022248267,0.0022474094,0.0020554825,0.0022474094,0.0022390499
2019-11-01,0.0077575683,0.007501082,0.007764408,0.007504919,0.007572965,0.007445821,0.007483491,0.007468985,0.0074772476,0.00777311,0.0075766756,0.007458748,0.007665144,0.0074682175,0.007494548,0.007725933,0.0077191605,0.007551247,0.0076362207,0.0077455356
2019-11-04,-0.0009101912,-0.0011430219,-0.00088075397,-0.0011853859,-0.0010475427,-0.0011777118,-0.0011959806,-0.0011911899,-0.001037313,-0.00094491837,-0.0010382294,-0.0012064785,-0.0010714888,-0.0011602029,-0.0011843726,-0.0009173885,-0.00089738367,-0.0010539055,-0.0009535983,-0.0008629471
2019-11-05,0.00013446959,-0.00010718254,0.00015101733,-4.2839325e-05,-4.677451e-06,-0.00013695506,-0.00015857664,-0.00015807746,-0.00014690903,0.0001712233,-2.981571e-05,-0.00013969687,5.2773976e-05,-0.00012374518,-0.00015399454,0.0001172662,0.0001312733,-0.00011427549,0.00013350847,0.00014657679
2019-11-06,0.00014452788,-0.00013001857,0.00014443102,-0.00018016098,-1.0541058e-05,-0.00016862003,-0.00015275774,-0.00015020964,-0.00016067771,0.00015430304,3.3409917e-05,-0.00015201268,2.2375607e-05,-0.00012951938,-0.00025156734,0.0001575813,0.000106790685,-9.703485e-05,0.00015140476,9.210431e-06
2019-11-07,0.0031409874,0.0028726025,0.003116624,0.0029014437,0.0029974668,0.002775879,0.002795869,0.0028045862,0.0028397306,0.0031050756,0.0028952002,0.0028403192,0.0029424964,0.0028280779,0.002746889,0.0030682026,0.0030663921,0.0028549968,0.0030646785,0.0029640435
2019-11-08,0.00011363777,4.9003982e-05,0.00015854242,-0.00015512703,-2.378819e-05,-5.5132783e-05,-0.00017608551,-0.00015886722,-0.00013445911,0.00015910866,-5.3107506e-06,-0.00014987437,1.3724202e-06,-0.00013308076,-0.00013336388,0.000105367624,9.7686076e-05,-0.000101862825,0.00013194385,3.4564757e-05
2019-11-11,0.000121036195,8.837902e-06,0.00017018022,-0.00015879271,1.7242157e-05,-6.81862e-05,-0.00015971658,-0.00016174314,-0.00017876772,0.00014555606,-6.189046e-05,-0.00017054973,5.296024e-05,-0.00015542505,-0.00018284319,0.00013870897,0.00011776539,-4.4932938e-05,0.00014824572,1.0566437e-05
2019-11-12,9.15915e-05,9.494426e-05,0.00015231373,-0.00012204645,-1.4936901e-05,-0.00014906225,-0.00016505865,-0.0001707807,-0.00012493727,0.000171119,4.1069114e-05,-0.00015880016,0.000118070864,-0.00015648303,-0.00017125008,0.00013351592,8.361193e-05,-7.807312e-05,0.00013957324,3.9780163e-05
2019-11-13,4.424306e-05,4.7996873e-06,0.00016452523,-0.00018158404,1.2548291e-05,1.5275204e-05,-0.00017888693,-0.00015386788,-0.00017047522,0.00015247765,0.00012336078,-0.00017900614,-8.693314e-06,-0.00014218537,-0.00018440036,0.00015048089,0.00010266306,-0.00017239002,0.0001724154,-7.99296e-06
2019-11-14,7.6876604e-05,-8.368341e-05,0.00017118605,-0.0001349583,-3.3690012e-05,2.6108348e-05,-0.00018315611,-0.00015371887,-0.00010437367,0.00015552493,7.581117e-05,-0.00015470234,-3.0910945e-05,-0.0001214206,-0.00019484607,9.7812735e-05,9.892287e-05,5.357864e-05,3.5190606e-05,0.00010868313
2019-11-15,9.606185e-05,-4.3249107e-05,0.00015024992,1.9820058e-05,-1.3796962e-05,-1.7984188e-05,-0.00017303077,-0.0001676738,-0.00012117473,0.00016227516,7.653388e-05,-0.00015117077,-2.2560125e-06,-0.00014247594,-0.00018966047,0.00010978582,0.000100636506,-2.1254993e-05,8.571299e-05,8.374604e-05
2019-11-18,0.0017715931,0.0016950086,0.0017794013,0.0016711369,0.001602532,0.0015651748,0.0014788971,0.0015024334,0.001489611,0.0018195302,0.0016959772,0.0015211568,0.0016126722,0.0015648917,0.001481475,0.0017479152,0.001783298,0.0015585289,0.0017538011,0.0017346531
2019-11-19,0.005542682,0.0054673715,0.005594784,0.0054174527,0.005358854,0.005310291,0.00526292,0.0052818223,0.0053480356,0.0055691763,0.0055078208,0.005293654,0.005401933,0.0054143905,0.005262987,0.0055390014,0.005549954,0.005327651,0.0055659725,0.0055219694
2019-11-20,9.8192715e-05,2.0162784e-05,0.00013955089,-0.00012413261,-4.881469e-05,-0.00012557057,-0.0001939669,-0.00015525369,-0.00012893078,0.00010952505,6.885233e-05,-0.00016826985,6.312155e-06,-0.000108806766,-0.000148347,0.00012187066,0.00011007639,-8.643267e-05,0.0001723558,0.00014209154
2019-11-21,0.0057353615,0.0056689694,0.0058261766,0.0056034042,0.005624415,0.00557919,0.005494544,0.005509333,0.0056239753,0.0057798936,0.005762936,0.0055323406,0.005744697,0.0056138425,0.005489023,0.0057432367,0.005759509,0.0055359467,0.0058490722,0.0057981475
2019-11-22,8.159282e-05,-8.922664e-05,0.00011558237,-5.8753765e-05,-6.6852546e-05,-0.000116913,-0.00020401028,-0.00018133817,-7.97495e-05,0.00010904821,4.7536218e-05,-0.00016629545,-2.52038e-05,-4.5938767e-05,-0.00018446741,0.00010322931,0.00010098668,-0.00014071015,0.00013479742,9.67324e-05
2019-11-25,-0.00024342386,-0.00048886833,-0.00017132459,-0.00040826795,-0.00039891002,-0.0004494771,-0.0005274549,-0.0004989937,-0.00044894067,-0.00023620424,-0.00035089848,-0.00047605333,-0.00037371216,-0.00036477146,-0.0004809111,-0.00022315083,-0.00021346507,-0.0004542604,-0.0001508951,-0.00023937819
2019-11-26,9.79543e-05,1.8359744e-05,9.469839e-05,-0.00015316752,-5.741266e-05,-0.00011373905,-0.00015359966,-0.00020661054,-9.616313e-05,0.00013062509,3.139081e-05,-0.00017459539,-7.3371804e-05,-9.158102e-05,-0.0001471251,0.00012706371,0.00011472555,-0.00010384468,0.00018759968,0.0001235992
2019-11-27,0.0001243815,-0.00015106646,0.00010406377,-0.0001476988,-6.334332e-05,-0.00010692922,-0.00021392701,-0.00017370132,-7.870642e-05,9.887817e-05,1.5893602e-05,-0.0001599848,7.699581e-05,-7.766334e-05,-0.00018269417,0.00012481364,0.0001037732,-7.3632575e-05,0.00014330598,0.00016250613
2019-11-29,0.0019045413,0.0018430665,0.0019005627,0.0016862542,0.0017131061,0.0017762497,0.0016362459,0.001646401,0.0017020717,0.0019122526,0.0017905325,0.0016253904,0.0017860845,0.0016867832,0.0016143784,0.0019205451,0.0018388048,0.0016226262,0.0019048095,0.0018939167
2019-12-02,8.464011e-05,-0.00027993915,0.00010275992,-0.00020453928,-1.4959252e-05,-0.00014848856,-0.00020132062,-0.00015260873,-9.547023e-05,0.00015931728,-4.8115617e-06,-0.0001707658,-7.761992e-06,-7.880328e-05,-0.00026048569,0.00013335946,0.00012286904,-0.00013403443,0.0001300365,7.143023e-05
2019-12-03,7.8299665e-05,-0.00018662063,0.00011773559,-0.00019877253,-3.148464e-05,-9.7392476e-05,-0.00016668288,-0.00013458577,-6.151048e-05,0.00015592726,8.1897015e-06,-0.00016161648,9.6143805e-05,-0.00013318507,-0.00017962453,0.00014305266,0.00011379423,-8.011458e-05,0.0001723856,1.8002116e-05
2019-12-04,3.139826e-05,4.9048685e-05,0.00012214633,3.3812248e-05,-6.237475e-05,-0.00011824665,-0.00016780046,-0.00014676002,-6.142107e-05,0.00016512873,-3.263948e-05,-0.00016593037,3.4520053e-05,-0.00013495085,-0.00018531678,0.00014578702,0.0001403183,-0.00011563895,0.0001018882,0.00013595226
2019-12-05,4.819187e-05,-0.00024428812,0.00013966265,-7.511524e-05,-0.000110706664,-0.00013340113,-6.572006e-05,-0.0001451209,-7.5048185e-05,0.00016215595,4.6448433e-05,-0.00016481278,6.833696e-06,-0.000116994954,-0.00022599695,9.8714256e-05,0.00013437273,-0.0001388028,0.0001365334,0.00013013335
2019-12-06,4.191848e-05,-0.000118559576,0.00013029727,-0.00012680737,-2.2402382e-05,-0.00014474092,-0.00016201881,-0.0001695737,-6.5563596e-05,0.00014969858,0.000108712935,-0.00015716848,7.197412e-05,-0.0001259878,-0.00020688621,9.008648e-05,0.00013309123,-0.00012929586,0.000111648464,0.00018512609
2019-12-09,5.1887357e-05,2.8097653e-05,0.00012339803,-5.0528324e-05,-7.6702214e-05,-0.00014977751,-0.00016431359,-0.00014372764,-0.00012989191,0.00015147182,1.0582153e-07,-0.00017109362,1.1169934e-05,-0.00012821553,-0.00017367897,0.000113704824,0.00011181238,-0.00012445298,0.00016830268,0.00010777416
2019-12-10,5.7117664e-05,8.160027e-05,0.00014752301,-0.00016482023,-0.00010310707,-0.00016048399,-0.00016777811,-0.00018122641,-0.00014723686,0.0001384035,8.081051e-05,-0.00016932783,5.845877e-05,-0.00013352779,-0.00020382402,6.0477876e-05,0.00011151435,-0.00016309915,0.00016797485,9.06887e-06
2019-12-11,0.0031273603,0.002989532,0.003186935,0.002867186,0.0029818877,0.0028991266,0.0029453947,0.0028960346,0.0029783188,0.0031720563,0.0031905933,0.0028878464,0.0031222417,0.0029106005,0.0028406768,0.0031226217,0.003158593,0.002895148,0.0032248958,0.0030963584
2019-12-12,0.0021310463,0.002120228,0.0021988763,0.0019271165,0.0020490005,0.0019224525,0.0019005031,0.0018906534,0.0019715442,0.0021725236,0.0022066846,0.0019057557,0.0021481677,0.001957038,0.0018692777,0.002146238,0.0021745726,0.0018922776,0.002139093,0.002225013
2019-12-13,3.0228519e-05,-4.6572066e-05,8.481892e-05,-0.00012054143,-7.308868e-05,-0.000155358,-0.00015247462,-0.00020472554,-7.527915e-05,0.00011330994,0.0001409963,-0.00019626913,8.039328e-05,-0.00013873575,-0.00020854769,7.543864e-05,0.00014323147,-0.0001675844,0.00019191357,0.00014885666
2019-12-16,-0.0024522678,-0.0024367333,-0.0024253489,-0.0026588724,-0.0026074038,-0.0026692287,-0.0026954473,-0.0026879744,-0.0025567398,-0.002384609,-0.0023825527,-0.0026922063,-0.0024030195,-0.0025837333,-0.0026269243,-0.002412899,-0.0023919553,-0.0026895837,-0.0023258836,-0.0024014772
2019-12-17,5.092623e-05,9.714218e-05,2.03714e-05,-0.00015772728,-6.329117e-05,-0.00015093235,-0.00017840264,-0.0001772776,-0.000105833984,0.00013049098,0.00012788328,-0.0001553729,4.1613006e-05,-7.924286e-05,-9.719876e-05,0.00012798759,0.00010484608,-0.00017538515,0.00016332569,0.000105635845
2019-12-18,0.002635093,0.002647461,0.002683693,0.002411054,0.0025460212,0.0024105473,0.0023972034,0.0024075895,0.002413766,0.0027168482,0.0026840582,0.002396339,0.0025959401,0.0024673208,0.0024216785,0.0026638224,0.002688588,0.0024309321,0.00271243,0.0025227456
2019-12-19,7.836672e-05,6.503763e-05,7.262232e-05,-0.0001201987,1.8866383e-05,-0.00017212925,-0.00021656451,-0.0001862034,-0.00015462784,0.00012391212,0.00010195526,-0.00018500385,8.897507e-06,-0.00015751866,-0.00015714613,-2.2715307e-05,6.973895e-05,-0.00017615256,0.00013033452,-4.969386e-05
2019-12-20,9.283575e-05,6.198289e-05,7.7927136e-05,-0.00016884354,-5.470065e-05,-0.00015205739,-0.00020143983,-0.00017473695,-7.627008e-05,0.00012093189,0.00013173523,-0.00016235409,2.3657107e-05,-0.00015001593,-0.0001457542,0.00010850432,0.00012278708,-0.00015676615,0.00013347866,4.9636e-06
2019-12-23,8.58173e-05,-0.0002721384,3.231468e-05,-0.00016815809,-1.1166907e-05,-0.00016332266,-0.00016300974,-0.00017841754,-0.00012801436,0.00010812434,9.67473e-05,-0.00023709086,5.0210976e-05,-0.0001483172,-0.00015768257,9.993615e-05,0.00010726752,-0.00015900878,0.00014384242,-2.5360263e-05
2019-12-24,9.071978e-05,-8.331833e-05,3.4825527e-05,-0.0001895189,-9.6483505e-05,-0.0001926705,-0.00019550172,-0.00019572524,1.2160861e-05,8.281472e-05,5.8823847e-05,-0.00019682792,1.9112253e-05,-0.00014421192,-0.0002086669,0.00012260827,0.00013146701,-0.00018846837,0.00010784122,-1.5987433e-05
2019-12-26,9.5383846e-05,-0.00020134298,0.00013014826,-0.00016052125,-8.191017e-05,-0.00017846224,-0.0001933634,-0.00017652509,-0.00016616134,0.00011097791,7.744285e-05,-0.00017893908,8.013996e-05,-0.00010741351,-0.00017105637,0.0001037881,0.00013236853,-0.00012108532,0.00012146833,-5.263684e-05
2019-12-27,6.929936e-05,-0.00020924804,6.771984e-05,-0.00015292165,-3.4263707e-05,-0.00016952155,-0.00019090471,-0.00017105637,5.8630132e-05,0.00011863711,5.1470124e-05,-0.00016881374,8.924457e-05,-9.025482e-05,-0.00018653867,6.825628e-05,0.00011426362,-0.00016311405,0.00013873877,-4.352478e-05
2019-12-30,7.554295e-05,-0.00020210294,2.5005662e-05,-0.00011451391,-9.8398305e-05,-0.00017363427,-0.0001799002,-0.00016475318,9.150826e-06,0.0001102105,8.597376e-05,-0.00018610654,0.00013603421,-0.00013054011,-0.0001586139,0.00010082277,0.00013942423,-0.00013667194,0.00015443715,-5.9282756e-05
2019-12-31,9.270164e-05,-0.0001964852,-2.9659248e-05,-5.6458986e-05,-9.714661e-05,-0.00015495566,-0.00016202626,-0.0001695886,-0.00017454324,0.00013166817,7.455947e-05,-0.00022179482,0.000118078315,-8.360145e-05,-0.00016622094,0.0001159847,0.00012584927,-0.00014169363,0.00014898332,-0.0001252949
2020-01-02,7.4306154e-05,-0.00020659564,7.287564e-05,2.9230141e-05,-5.0386763e-05,-0.00016003696,-0.00016900746,-0.00017123518,-3.9382256e-05,0.00010699185,4.2991363e-05,-0.00023442355,0.00016139599,-7.281301e-05,-0.00014708785,0.00013280811,0.00011065754,-0.00011502055,9.146484e-05,-0.000106601394
2020-01-03,0.000116558396,-0.00019681302,3.3111894e-05,-0.00015795825,-8.381007e-05,-0.00017671881,-0.00023230014,-0.00016175804,4.180672e-05,8.390995e-05,4.7901296e-05,-0.00020657328,0.0001474783,-0.00011537818,-0.00013312546,0.00010625424,0.00014517608,-0.00010309962,9.890797e-05,-0.00011999754
2020-01-06,9.503367e-05,-0.00020795909,6.7257904e-05,-0.00015177426,3.0049705e-05,-0.0001952782,-0.00016902236,-0.00019086001,-7.464585e-05,7.772597e-05,0.00010419788,-0.00020044146,8.414837e-05,-3.506837e-05,-0.00018770096,0.00012593123,0.00011061283,-0.00014442799,9.298476e-05,-0.000121636665
2020-01-07,0.0034778207,0.0031821071,0.0033835708,0.0032527163,0.0033352538,0.0032079755,0.0031903028,0.003204444,0.00342139,0.0034678965,0.003505887,0.0031907572,0.0035014986,0.003264682,0.0032050996,0.0035253628,0.003534162,0.0032496094,0.003539042,0.0032824292
2020-01-08,0.0031195967,0.0028477996,0.0030592843,0.0028972938,0.0029572858,0.002868393,0.0028482168,0.002909714,0.0028618067,0.0030807643,0.0031371652,0.0028640195,0.0031790822,0.0030167862,0.0028580218,0.0031535416,0.0031962409,0.0029224022,0.003157483,0.0031054034
2020-01-09,0.0009074226,0.0006282121,0.00082890096,0.00064960273,0.0007864252,0.0006141678,0.0006104127,0.0006255746,0.00068172964,0.00086945447,0.00092516246,0.00061943533,0.00086987915,0.0007769406,0.00064194354,0.00085217657,0.00096243026,0.0007064134,0.0008755565,0.0008648053
2020-01-10,7.441046e-05,1.0222429e-06,4.6753907e-05,-0.00018429605,-4.5052147e-05,-0.00013663468,-0.00018318591,-0.00018464623,-1.6643084e-05,4.2715692e-05,6.300362e-05,-0.00021497009,3.051909e-05,1.9700848e-05,-0.00021844206,6.822648e-05,0.00013820978,-0.00015178171,0.00011521729,7.891678e-06
2020-01-13,6.091746e-05,-0.00018028764,4.805776e-05,-0.00011741964,-0.00011248735,-0.00013667194,-2.7833856e-05,-0.00010312197,7.9722726e-05,9.6277916e-05,0.00012377801,-0.00017654744,8.566084e-05,-2.2558845e-05,-0.00020401028,0.00012988003,0.0001583487,-0.00012000499,0.0001665965,-2.8884388e-05
2020-01-14,0.00010772201,-0.00019312499,-1.7559505e-05,-0.00018132327,3.42133e-06,-0.00016312895,-0.00023695675,-0.00013406423,9.538257e-06,2.9386603e-05,0.000114755356,-0.00018848327,1.998397e-05,-9.4047165e-05,-0.00021215377,0.00011146965,6.736966e-05,-0.00015251187,0.00010205957,-5.213893e-06
2020-01-15,-0.00031229702,-0.0005592763,-0.00040992943,-0.00050451455,-0.00044900028,-0.00049947796,-0.0005381763,-0.000495179,-0.00032780913,-0.0002722427,-0.00021886674,-0.00055344997,-0.0002451822,-0.0005137011,-0.0005586803,-0.00025717018,-0.00023854373,-0.00048683432,-0.00023599563,-0.00038219092
2020-01-16,0.00010840746,-8.48457e-05,2.5206828e-05,-0.0001509249,-9.164808e-05,-0.00014328805,-0.00018723903,-0.00014338491,-1.814065e-05,4.7647976e-05,0.00014941546,-0.00018719432,0.00013855996,-0.00015063433,-0.00017450599,0.00011135044,0.00011430832,-0.00011318026,0.00011786225,-2.5129295e-05
2020-01-17,0.0031367703,0.0028410195,0.0031156107,0.0029056012,0.0029114946,0.0028514802,0.0028378456,0.0028821244,0.0028921305,0.0031044944,0.003138469,0.0028337105,0.0031130998,0.002906309,0.0028281673,0.0030877157,0.003151813,0.0029301806,0.003149876,0.0030059456
2020-01-21,0.0044317855,0.004145579,0.0044052466,0.0042171716,0.0043173297,0.0041673644,0.004146093,0.0042044013,0.0043482273,0.004438536,0.0044445484,0.0041418537,0.004415029,0.004217097,0.0041272654,0.0044290437,0.0044122576,0.0041781976,0.004430571,0.004295373
2020-01-22,0.00010413828,-0.0001965001,0.00010108354,-6.060151e-05,-7.743237e-05,-0.00016911922,-0.00014562008,-0.00012885628,-0.00019870547,7.487985e-05,0.00013402256,-0.00019627658,0.00012833031,-0.00015418825,-0.00019377319,0.00011454674,0.00013224932,-6.950495e-05,6.105157e-05,-9.5976866e-05
2020-01-23,7.950666e-05,-0.0001458585,2.9058778e-05,-0.0002041891,9.554031e-05,-0.00017241982,-0.00015105156,-0.0001829475,-0.00013571826,9.235891e-05,0.0001583636,-0.00022182462,-4.3219305e-05,-0.00016710756,-0.00019633619,0.000115522766,6.4456486e-05,-7.3006726e-05,3.8513565e-05,-0.00015470979
2020-01-24,8.080306e-05,-0.00013074873,-1.1420227e-05,-0.00016076711,6.819668e-05,-0.00018841622,-0.00015156565,-0.00018363295,1.2958073e-05,7.5364136e-05,9.492936e-05,-0.00018903462,-7.0823706e-05,-0.00017388014,-0.00023009477,9.003433e-05,0.000104995095,-0.00010806171,5.9419894e-05,-0.00014363823
2020-01-27,0.0042203753,0.0039031445,0.004193337,0.004019396,0.0041135936,0.0039185598,0.003952296,0.003935443,0.00410057,0.004133792,0.0041904612,0.003915088,0.004028329,0.003951767,0.0038987189,0.004201764,0.0041687875,0.003942476,0.0040442212,0.00399729
2020-01-28,0.00010887685,-0.00019226817,-4.495529e-05,-8.0949045e-05,8.493813e-05,-0.0001907706,-0.00021269021,-0.00025233475,-2.210436e-05,1.4664256e-05,5.4077827e-05,-0.00019463,-1.4020479e-05,-0.00015713123,-0.00017870066,0.00011868926,9.597989e-05,-0.00012289581,-7.0020324e-06,-9.334681e-05
2020-01-29,0.00010252895,-0.00018735824,-6.489304e-05,-0.00010169146,9.335729e-05,-0.00021225063,-0.00020718423,-0.0002054706,-0.000112636364,2.896937e-05,9.22397e-05,-0.00021432934,8.9602196e-05,-0.00010181067,-6.487814e-05,7.056596e-05,4.7886395e-05,-0.00012443808,1.6340637e-05,-0.00011966971
2020-01-30,0.0035663485,0.0032677664,0.003395164,0.00330756,0.0035362258,0.0032644882,0.0032406016,0.0032681688,0.0033394187,0.0035242303,0.0035956218,0.003284709,0.0035037636,0.0033227815,0.0033936738,0.0034923716,0.0035620867,0.003342153,0.0034868508,0.0033427193
2020-01-31,0.0064251586,0.00615658,0.0064033135,0.0062023266,0.006428772,0.006119014,0.0061105727,0.006134437,0.0061127036,0.0063210814,0.006446929,0.0061282753,0.0062322854,0.0061697825,0.006152445,0.0063860356,0.0064338236,0.006203854,0.0062628626,0.0061536147
2020-02-03,0.000654006,0.0004238129,0.00053235295,0.00044746103,0.0006986201,0.00038726034,0.00039760175,0.000364171,0.0003763825,0.00060270133,0.0006770134,0.0003789753,0.0005240083,0.0003988013,0.00040576758,0.00065574946,0.00062146934,0.00047470035,0.00059184583,0.00041747245
2020-02-04,7.562491e-05,-0.0001593515,8.212053e-06,-0.00013574807,0.000106403255,-0.00018081663,-0.00020216254,-0.00015644578,-0.0001773223,5.385431e-05,0.0001332179,-0.00017376093,2.5393092e-05,-0.00015639362,-0.00018448976,0.00012020918,0.000111521804,-7.8915036e-05,2.3157918e-05,-9.216217e-05
2020-02-05,5.614164e-05,-0.00016249565,-5.2734977e-06,-0.000120481825,7.679465e-05,-0.00019014475,-0.00019951758,-0.00018098054,-0.00018762646,6.439688e-05,9.580108e-05,-0.00025330333,7.993879e-05,-0.00016195921,-0.00018252281,0.00013545307,6.266835e-05,-8.9800335e-05,0.00013532641,-0.00014809368
2020-02-06,8.7791705e-05,-0.00014841405,-9.937561e-06,-8.907018e-05,8.782151e-05,-0.00020627526,-0.00018218008,-0.00019845215,-0.00018998829,5.000981e-05,0.000116409385,-0.00015183387,-1.5003956e-05,-0.00014083681,-0.00017100421,0.00013508054,7.077458e-05,-9.336916e-05,1.9075e-05,-0.00013252196
2020-02-07,4.2499625e-05,-0.00016342697,-2.0651496e-05,-0.00016521511,7.735344e-05,-0.00017223356,-0.00019727496,-0.00019168702,-0.000101996935,4.9412483e-06,0.00014270248,-0.0001612365,-9.445823e-06,-0.00013436226,-0.00011145172,0.00011823478,7.334503e-05,4.5226538e-05,3.9437436e-05,-0.00012961624
2020-02-10,6.0969614e-05,-0.00015763042,3.137591e-05,-0.0001387283,9.327533e-05,-0.00016981957,-0.00020751206,-0.00020955352,-0.00021907536,6.863498e-06,0.00017114135,-0.00013758836,9.791576e-06,-0.000112897134,-0.0001548886,0.00014148804,6.833824e-05,-9.111164e-05,-8.946634e-06,-0.0001201689
2020-02-11,0.007611194,0.0074134483,0.0076489015,0.0074676885,0.0076250895,0.0073863654,0.007383743,0.007387915,0.007503928,0.0076321675,0.0076866536,0.0073975413,0.0075722276,0.007435234,0.007410088,0.0076526417,0.007674755,0.00747236,0.007593611,0.007425004
2020-02-12,0.0028839125,0.0026485487,0.0028778776,0.0026526614,0.002900289,0.002624774,0.0026118918,0.0026338487,0.0027626618,0.002955833,0.0029602884,0.0026365384,0.0027947738,0.0026500016,0.0026298328,0.0029113754,0.0029218956,0.0027571782,0.0027633249,0.002682203
2020-02-13,0.008992674,0.008756215,0.008931765,0.008775504,0.008952076,0.008730071,0.008728558,0.008747803,0.0087780375,0.009034188,0.009054886,0.008700812,0.008915724,0.008756148,0.0087248925,0.008946763,0.008959116,0.008851716,0.008860866,0.008794712
2020-02-14,0.0043279394,0.004055889,0.004226723,0.0040841787,0.0042904257,0.0040627285,0.0040574386,0.004051672,0.0041232123,0.004362324,0.0043263226,0.004030609,0.0042577623,0.004068458,0.0041217594,0.004332432,0.004292497,0.0041618287,0.004179725,0.0040548383
2020-02-18,0.0058502345,0.005586089,0.0057461723,0.0055983975,0.005840556,0.005553664,0.0056034266,0.0055771484,0.0056081056,0.0058722435,0.00584674,0.005585143,0.0057434156,0.005593361,0.005589129,0.0058864593,0.0057953983,0.005718471,0.005782956,0.0056137606
2020-02-19,8.9706504e-05,-0.00016547588,8.316361e-06,-0.00013220159,0.00010117295,-0.00016089377,-0.00017276255,-0.00022134033,-0.0001266211,3.4929835e-05,0.00012021663,-0.00020759401,3.498199e-05,-0.00018520502,-0.00015479175,0.000100740814,3.0601048e-05,-3.278104e-05,1.8069171e-05,-0.00014013646
2020-02-20,0.00012951496,-0.00015941111,-5.839742e-06,0.000117936754,0.0001006067,-0.00015517918,-0.00014966575,-8.589623e-05,-8.396653e-05,0.00014718773,0.00011773559,-0.00019381044,1.9075e-05,-0.00014588085,-0.00017302332,0.00013036432,6.198289e-05,-4.3264008e-05,-8.693314e-06,-9.503064e-05
2020-02-21,0.000120395445,-0.00017052738,4.8258924e-05,5.9323036e-05,7.692131e-05,-0.00020687131,-0.00019741652,-0.00013860164,-0.00013954041,6.152096e-05,8.385035e-05,-0.0001939818,3.5965466e-05,-0.00013921259,-0.00018164364,0.0001287401,6.731006e-05,-2.917496e-05,7.787498e-05,-0.00014200655
2020-02-24,0.0012642533,0.0010004729,0.0011895389,0.001057753,0.0012203992,0.0009832174,0.0009930149,0.00092873874,0.0010041237,0.0012580618,0.0012551859,0.0009498015,0.0011282057,0.0009821892,0.00097518566,0.0012358293,0.0011978388,0.0011274308,0.001151377,0.0010033638
2020-02-25,9.425136e-05,-0.00014947203,2.6115798e-05,-2.2782362e-05,0.000103199505,-0.00010505167,-0.00018717942,-0.00019410101,-0.00014623848,7.468613e-05,4.193338e-05,-0.00015692262,-4.007516e-05,-0.0001568183,-0.00015471724,0.00010892155,5.1008188e-05,2.3619854e-05,7.094466e-06,-8.007861e-06
2020-02-26,0.0001365632,-0.00015300361,-1.00195175e-05,-8.009968e-05,9.414705e-05,-0.00015017984,-0.00018756685,-0.00015430001,-0.00017642824,0.00010094943,0.00011228176,-0.00015982089,6.000849e-05,-0.00012718735,-0.00016862748,0.00012885185,0.00013325515,-6.218103e-05,4.142674e-05,-0.00010977534
2020-02-27,0.00015462341,-0.00015777943,-6.5943575e-05,-3.519503e-05,8.4349536e-05,-0.00015166996,-0.00016456691,-0.00016353128,-0.00018083898,9.119662e-05,0.00011132809,-0.00016230193,7.29874e-05,-0.00016359088,-0.00018460897,0.00015401992,0.00010411593,-6.0772873e-05,7.016363e-05,-8.6589134e-05
2020-02-28,0.00477218,0.0045150756,0.004632951,0.0045101657,0.0047444715,0.0045114025,0.0044577955,0.004473427,0.004479551,0.0047274097,0.00473945,0.0044916584,0.0047281175,0.0044937073,0.0044904216,0.00477861,0.0047166436,0.0046158894,0.004616359,0.0045281067
2020-03-02,0.0039397343,0.0036414578,0.0037951707,0.0038204803,0.0039011627,0.0036457865,0.0035657971,0.003640154,0.0036165877,0.0038870736,0.0039399876,0.0035842522,0.003816375,0.0036743074,0.0036276444,0.0037060096,0.0038863956,0.003681609,0.0037298216,0.0036972775
2020-03-03,0.0032460778,0.002948591,0.0031345724,0.003190176,0.003201203,0.0029626503,0.0029162406,0.0029481812,0.002930285,0.0032159328,0.0031636967,0.0029339506,0.0030948757,0.0029645278,0.0029413416,0.0032698228,0.0032298951,0.0030082255,0.00317941,0.0029634177
2020-03-04,0.0025354638,0.0022508218,0.0024500876,0.0024280637,0.0025236919,0.0022746488,0.0022507845,0.002255024,0.002198936,0.0024325415,0.0025302111,0.0022222414,0.0024461015,0.0022939607,0.0022651716,0.0025515868,0.0024856492,0.0025499552,0.002424994,0.0022813394
2020-03-05,0.00013642164,-0.00015753356,-4.9790717e-05,-0.00014117954,7.768872e-05,-0.00015579758,-0.0001977965,-0.00017263589,-0.00015715358,6.59168e-05,7.172825e-05,-0.00019696949,1.035037e-05,-0.00013882515,-0.00018397567,0.00011944922,8.492323e-05,0.00020232948,-6.729213e-05,-0.00012680737
2020-03-06,0.0035495325,0.0032921075,0.0034462004,0.003305541,0.0035625189,0.0033093705,0.0032861172,0.003283137,0.003300035,0.0035466044,0.003467144,0.0032644807,0.003435546,0.0032997816,0.0032994314,0.0035755797,0.003496395,0.0036660149,0.0034268214,0.0032861768
2020-03-09,-0.0028601722,-0.0031475932,-0.0029897005,-0.0028801695,-0.0028865547,-0.0031420873,-0.0031540082,-0.0031544776,-0.0032182024,-0.0029377104,-0.0030352906,-0.0031770454,-0.00298225,-0.0031260536,-0.0031621144,-0.0028793947,-0.0029524104,-0.0027825148,-0.003048195,-0.0031108991
2020-03-10,0.00014892372,-0.00015950052,-4.0492392e-05,-6.7648944e-07,9.7045326e-05,-9.988842e-05,-0.00022145954,-0.00016613153,-0.00029063819,-2.9912568e-05,-3.9151288e-05,-0.00014769135,5.974027e-05,-0.00015117822,-0.00016739813,0.00012284669,5.9211277e-05,0.00020466896,-5.6809164e-05,-0.0001227617
2020-03-11,0.003997916,0.0036821156,0.0037225797,0.0040198728,0.003926018,0.0036859824,0.0036920547,0.0036842986,0.0035773455,0.0038097962,0.0038515343,0.003655055,0.0039106696,0.0037086695,0.0036698668,0.003936672,0.0039331256,0.0040259375,0.003848055,0.0037150397
2020-03-12,0.0024211793,0.0021065339,0.0022501587,0.0022781058,0.002368921,0.0021270006,0.0021155342,0.0021156534,0.0020441725,0.0022825017,0.002288112,0.0020717918,0.0023081764,0.0021446138,0.0021084337,0.002377966,0.0023999452,0.0024529113,0.0022457852,0.00214781
2020-03-13,0.0001243666,-0.00016429869,-4.5298017e-05,7.300975e-05,9.115937e-05,-0.00012785045,-0.00019672362,-0.00017900614,-0.00023255346,-1.607684e-05,-4.482118e-05,-0.0002209082,4.334154e-05,-0.00017423776,-0.00016671268,0.0001120806,0.00010299834,0.00018565508,1.047703e-05,-0.00011847762
2020-03-16,0.00012576731,-0.00016912667,-7.963774e-05,-4.7682202e-05,7.838907e-05,-0.00013451127,-0.00019307283,-0.00016908941,-0.00027689186,-1.8662191e-05,-2.7021742e-05,-0.00014301983,0.00013633969,-0.0001792222,-0.00017427502,0.00013152661,0.00011553767,0.00018622878,4.60461e-05,-0.00010593829
2020-03-17,0.00015048089,-0.00016783027,-8.0069876e-05,8.542987e-05,0.00013732316,-2.031622e-05,-0.00017253903,-0.00017810462,-0.00023929623,2.2114837e-05,6.9709145e-05,-0.00021322665,8.673372e-05,-0.00015387533,-0.00018215773,0.00010213407,9.275379e-05,0.00016170146,1.4023506e-05,7.973635e-06
2020-03-18,0.00080426934,0.00050946476,0.0007236317,0.0006599814,0.0008512676,0.00067857804,0.0005170271,0.000507848,0.0005232558,0.0007017568,0.000720048,0.0005172655,0.00077469053,0.0005298868,0.0005104408,0.00080829265,0.0007354334,0.0008547694,0.00070052745,0.00061239453
2020-03-19,0.0052209212,0.0049627065,0.005040766,0.0050861626,0.005244957,0.005086051,0.004937069,0.0049251853,0.0049382313,0.0051522194,0.0051655783,0.004946062,0.0051809116,0.004943521,0.004933925,0.0052248626,0.0052067875,0.0052307933,0.005086036,0.0051315366
2020-03-20,0.0013885886,0.0011167988,0.0012164802,0.0012236476,0.001414226,0.0012432054,0.0011361405,0.0010782495,0.0012302563,0.0012951657,0.0013526097,0.0010996849,0.001299867,0.0011047289,0.0011021659,0.0013925672,0.0014139205,0.0014091149,0.0012531445,0.0012592465
2020-03-23,0.003318505,0.0030333488,0.003189677,0.0031170635,0.0033708303,0.0031615435,0.0030192821,0.0030296682,0.0030143498,0.003237465,0.003257127,0.0030209213,0.0033107563,0.0030771508,0.0030366569,0.003335373,0.0033307984,0.003357084,0.0031674295,0.0031847744
2020-03-24,0.0001397297,-0.0001414105,5.2103424e-05,-4.712341e-05,0.00016874226,-3.1127012e-05,-0.0001670852,-0.00015377847,-0.00014661101,6.975257e-06,6.339105e-05,-0.00018723903,0.00011709484,-0.00015430001,-0.0001773521,0.0001037881,0.00013091567,0.00018386694,-7.1077025e-05,-1.8043793e-05
2020-03-25,0.0027880236,0.0024768724,0.0027594431,0.0024503856,0.0028629168,0.0025673448,0.0024606078,0.0024791895,0.0024868487,0.0027012615,0.0026568784,0.0024709417,0.0027018874,0.0024479865,0.0024474724,0.0027901097,0.0026666387,0.0027713492,0.0026232763,0.0025942042
2020-03-26,0.0039133294,0.0036489903,0.0037395223,0.003745386,0.004038857,0.0037433743,0.003630252,0.0036532744,0.0036241724,0.003864938,0.0039013936,0.0036747544,0.003859715,0.0036114245,0.0036331876,0.003954151,0.0038743108,0.0039333343,0.003824608,0.0037570759
2020-03-27,0.0029081567,0.0026457845,0.002750808,0.0027882918,0.003042677,0.0027779355,0.0026469394,0.0026339828,0.002669969,0.0028523444,0.002882333,0.0027105226,0.0028133555,0.00260351,0.0026417463,0.0029013394,0.0029303967,0.0029558032,0.0028246506,0.0027251109
2020-03-30,0.003914328,0.0036756336,0.0037925853,0.0036460548,0.0040644943,0.003832811,0.0036713718,0.0036662756,0.00374438,0.003946909,0.003944987,0.0036790683,0.0038847341,0.0036282106,0.0036768704,0.0039394363,0.0039077415,0.0039351075,0.0037550866,0.0037852912
2020-03-31,0.009461949,0.009205351,0.009452241,0.009385319,0.009499939,0.009381706,0.009213703,0.00919752,0.00937094,0.00948436,0.0094674695,0.009221094,0.009460622,0.009200895,0.009224357,0.00945496,0.009434486,0.009481916,0.009311164,0.009325938
2020-04-01,0.005159469,0.004901008,0.005149731,0.005073154,0.0052244007,0.0050133183,0.0049094646,0.0048988326,0.0050208285,0.005208166,0.005185546,0.004960188,0.0051614433,0.004892045,0.004906626,0.0051902845,0.005103649,0.0051792576,0.0050092502,0.005111912
2020-04-02,0.0054899766,0.0052126586,0.0055092587,0.0052500903,0.005558708,0.005374381,0.005196774,0.005203949,0.0052028387,0.0055068224,0.005533555,0.005175547,0.0054220646,0.0051580756,0.0052327006,0.005487749,0.005380967,0.005508089,0.0053897887,0.00536769
2020-04-03,0.0060302555,0.0057699247,0.0060532033,0.0059102117,0.0060780137,0.005858013,0.0057568043,0.005745606,0.0057929694,0.0060618236,0.0060414462,0.0057933345,0.005976276,0.0057198494,0.0057705953,0.006029719,0.005990879,0.006009692,0.0058138757,0.0057767867
2020-04-06,0.003856787,0.003587359,0.0039023622,0.003593342,0.0038983314,0.0037019565,0.003578113,0.0035747378,0.0036460622,0.0037838384,0.0037536933,0.003637941,0.0038360893,0.0036269068,0.0035867183,0.0038697957,0.0038421764,0.003925295,0.0036415919,0.0036762073
2020-04-07,0.006732182,0.006474273,0.0066975667,0.006769368,0.006797494,0.0065536215,0.006435813,0.0064399852,0.006481038,0.00674528,0.0067149266,0.0065044104,0.006664568,0.0064810454,0.0064721643,0.0067707016,0.0067108436,0.0068022995,0.006624119,0.006573574
2020-04-08,0.000120522105,-0.00015580503,8.00431e-05,0.000106529915,0.00018105807,-0.00011823175,-0.00015795825,-0.00015341339,-4.4776476e-05,9.8311924e-05,9.849074e-05,-0.00013962982,6.439688e-05,-0.00010458229,-0.00015497801,8.738192e-05,0.00010966661,0.00019274803,1.0842108e-05,4.3877983e-05
2020-04-09,0.0039735897,0.003712119,0.003985034,0.003809908,0.0039817034,0.003746511,0.0037067248,0.0037112175,0.003780031,0.0039133965,0.0038952841,0.003735268,0.0038901581,0.0037214248,0.0037197187,0.0039645373,0.003981942,0.004063429,0.0038035675,0.0038461103
2020-04-13,0.004364544,0.0040949895,0.004395367,0.0044222414,0.0044136806,0.0041134297,0.0040486096,0.004111783,0.0041554063,0.0043678447,0.0043633743,0.004140505,0.0043414547,0.004189165,0.0041231154,0.0043740286,0.004403399,0.0044393553,0.0041910796,0.0042390465
2020-04-14,0.00014044496,-0.00016411243,0.00011610391,0.00016120973,0.0001819894,-0.00012649444,-0.00018983183,-0.00014883128,-0.00020910648,0.00016455504,0.00017413648,-0.00011593697,6.576034e-05,-0.00013594923,-0.00016754714,0.00011997076,0.00013779255,0.00019216689,4.397356e-06,-0.000120466924
2020-04-15,0.0009915322,0.0006745547,0.0009785682,0.0009728536,0.0010029391,0.0007538736,0.00065412524,0.0006720886,0.00069488736,0.0009886414,0.000994505,0.00071777555,0.0009068117,0.0007378623,0.0007078961,0.0009720266,0.0009324789,0.0010229588,0.0008349583,0.00072596374
2020-04-16,0.0013688445,0.0010863185,0.0013843864,0.0014649794,0.0014501229,0.0011342183,0.0010717005,0.0010650844,0.0011263058,0.0014027223,0.001372771,0.0011103094,0.0012686342,0.0011086777,0.0010933742,0.0013680697,0.0013820321,0.0014368609,0.0012426242,0.0013020277
2020-04-17,0.00013939443,-0.0001528248,0.00010350498,0.00017812254,0.00017060491,-9.8286546e-05,-0.00020906923,-0.0001849666,-4.4418848e-05,8.799287e-05,0.00013296457,-0.00015874801,5.6648278e-05,-0.00013106165,-0.00013450382,0.0001089439,8.866342e-05,0.00019332918,7.052871e-05,-5.5542565e-05
2020-04-20,0.00078020396,0.00054026546,0.0008099169,0.0008664221,0.0008365229,0.00057452323,0.0004662365,0.0005038843,0.00062374177,0.00079351815,0.0008108929,0.0005265266,0.0007041112,0.0005663723,0.000540258,0.0008275524,0.0008031294,0.0008639634,0.0006482318,0.0007489935
2020-04-21,0.0024770363,0.0022367775,0.0024386733,0.002608107,0.0025364398,0.0023106202,0.0021945476,0.0022009327,0.0022818833,0.0024464666,0.0025025918,0.002408424,0.002458477,0.0023423969,0.0022276505,0.0025014072,0.0025151088,0.0025782376,0.0025111525,0.0024466305
2020-04-22,8.1130886e-05,-0.00016254035,-2.1009124e-05,0.00019730034,0.00013995322,-0.00012210605,-0.0001754075,-0.00016537157,-8.495001e-05,5.56648e-05,0.00010956975,-0.00015439687,5.862268e-05,-9.421108e-05,-0.00015925465,7.2667026e-05,0.00018514844,0.00019332918,6.59615e-05,-1.0123826e-05
2020-04-23,8.3835446e-05,-0.00014324335,2.8798007e-05,0.00023833814,0.00014642777,-7.476506e-05,-0.00011800078,-0.00017402915,-0.0001111537,9.968283e-05,0.00011801871,-0.00019332615,0.00012523832,-7.867662e-05,-0.00020350365,0.00015480968,0.00015317055,0.00019332918,0.00012736919,-3.4517027e-05
2020-04-24,9.872916e-05,-0.00013653038,2.0974898e-05,0.0002026275,0.00018324854,-6.525067e-05,-0.00011979637,-0.00018341688,-0.000113411224,9.963813e-05,0.000104488456,-0.00018784252,0.00013317319,-0.00011513976,-0.00018549559,0.0001313478,0.00013549777,0.00019332918,0.00011095556,-2.7915812e-05
2020-04-27,0.0038996576,0.003634633,0.0038469895,0.003933498,0.003970073,0.003704065,0.0036001517,0.0036028936,0.0036339103,0.0038667559,0.0038507148,0.00357178,0.0038981899,0.0036838963,0.0035686507,0.0039277985,0.0038749962,0.0039756387,0.0038219555,0.003784412
2020-04-28,0.00010121765,-0.00013553945,2.1302723e-05,3.7843012e-05,0.00014317932,0.00015684369,-0.00014030782,-0.00018743274,-0.00016780791,0.00013303908,7.450732e-05,-9.614823e-05,0.00011234137,-0.0001292288,-0.00018545834,0.00013830664,8.633139e-05,0.00019332918,0.00019408169,2.0393752e-05
2020-04-29,0.003843443,0.0035901307,0.0037771254,0.0036412044,0.0038660406,0.0038909256,0.0035985797,0.0035516336,0.003790365,0.003852339,0.003815645,0.0036231815,0.0038681342,0.0035727113,0.0035742833,0.003883095,0.003793837,0.0039358153,0.0038826182,0.003778906
2020-04-30,0.004296468,0.0041050403,0.0041977703,0.00427919,0.004326397,0.0043171733,0.004039475,0.0040096357,0.004105532,0.004284465,0.004265168,0.004034446,0.0043042614,0.0040088086,0.004012966,0.0043337434,0.004377657,0.004384586,0.0042999997,0.0043844744
2020-05-01,0.006828101,0.0065776794,0.006751077,0.006762178,0.0068194135,0.00682071,0.0064857467,0.0065215095,0.0067686304,0.0067693084,0.006798418,0.0065585985,0.0068445443,0.0065256,0.006582597,0.006852591,0.0067807077,0.006889248,0.0068160235,0.0068892105
2020-05-04,0.0001505256,-0.00012910215,5.962106e-05,-0.0001368731,0.00011876377,0.00016015174,-0.0002015814,-0.00016794947,3.4549856e-05,8.808973e-05,0.00013341906,-0.0001644626,0.0001911089,-6.405113e-05,-7.5316406e-05,0.00018128904,0.00010790827,0.0002147496,0.00020756724,0.00021469
2020-05-05,0.0001075879,-0.00014219282,6.897154e-05,-0.00014729647,4.0212297e-05,0.00011325034,-0.00013333408,-0.00018772332,-5.587039e-05,0.000102685415,8.2933926e-05,-0.00015647558,0.000119508826,-0.00011197326,-0.00011338887,0.00015048089,0.000120022916,0.00019332918,0.00018566253,0.00019326957
2020-05-06,0.003597112,0.0033071204,0.003483647,0.003301011,0.0036560534,0.003614524,0.003398986,0.0033022552,0.0033446862,0.0035523563,0.0036282032,0.0033015995,0.0035662218,0.0032804175,0.0033208518,0.0035522594,0.003531599,0.0036558672,0.0035754456,0.0036558523
2020-05-07,0.00014986994,-0.00016226468,7.8567886e-05,-3.7281192e-05,0.00019354525,0.00013461115,-0.00011850742,-0.00016917137,4.6187663e-05,8.503499e-05,0.0001500115,-9.118614e-05,7.564726e-05,-0.00010073779,-0.00013790873,5.424174e-05,7.677975e-05,0.00019332918,1.1803233e-05,0.00019328448
2020-05-08,0.00011894258,-0.00015841273,5.7534897e-05,0.00010047259,0.00019354525,0.000101009035,-7.178483e-05,-0.00015190837,0.00014202448,0.000106418156,0.0001172364,7.440301e-05,0.00014408084,-0.00013136712,-0.00013122556,0.00013244303,0.00010855647,0.00019334408,7.237645e-05,0.00019325467
2020-05-11,0.000118584954,-0.00015949307,6.972405e-05,-6.463227e-05,0.00019353034,0.00013794901,-8.640287e-05,-0.00017382053,7.787498e-05,0.00012252631,0.00013947638,-1.3342476e-05,0.000100562,-0.00015467999,-7.230637e-05,0.00014954212,0.0001556963,0.00019332918,-3.469584e-05,0.00019317272
2020-05-12,9.982439e-05,-0.00016287563,2.9133284e-05,-1.8610037e-05,0.00019353034,0.00013495388,-9.3168e-05,-0.00017933396,2.0810985e-05,0.00010219368,0.00010925683,-4.1021383e-05,0.0001306847,-0.00016204116,-0.00016149727,0.0001352221,0.00012654217,0.00019332918,-2.1836138e-05,0.00019312801
2020-05-13,0.0039080246,0.00359627,0.0037307977,0.0036670058,0.003949569,0.0038604527,0.0036502718,0.0035778075,0.003762783,0.0038729473,0.0038430556,0.0036562323,0.0038629486,0.0035506203,0.0035341247,0.0038596257,0.0038773953,0.0039493456,0.003697732,0.0039489805
2020-05-14,0.001922743,0.0016348899,0.0018097997,0.0017162651,0.001997815,0.0019194499,0.0016493961,0.0016268134,0.0016280651,0.0019010097,0.0018929184,0.0016817913,0.0019207165,0.0015519649,0.0016467512,0.0019143835,0.0019143164,0.0019976734,0.0017893628,0.0019960715
2020-05-15,0.0051687374,0.0048970967,0.0050147413,0.00504926,0.0052224114,0.005114922,0.0048591807,0.00486608,0.005100393,0.005127245,0.0051604672,0.0049161925,0.0051499098,0.004883358,0.0048690676,0.0051683798,0.0051319986,0.0052222847,0.00496784,0.0050593703
2020-05-18,0.0023348941,0.0020408123,0.0022753715,0.0020661517,0.002398254,0.0022951602,0.0020305975,0.0020174175,0.0022178679,0.0022940575,0.002314569,0.002086082,0.002337323,0.002115333,0.0020141988,0.0023519634,0.0022984906,0.0023982315,0.0021556034,0.0023795306
2020-05-19,7.082673e-05,-0.00015012024,6.575289e-05,-3.496406e-05,0.00019317272,0.00013812783,-0.00011786667,-0.00017570553,6.441923e-05,8.338841e-05,3.2210373e-05,-0.00018586067,0.00010686519,-0.00013234315,-0.00017331389,9.004923e-05,8.899125e-05,0.00019332918,-4.9783266e-05,0.0001929194
2020-05-20,0.0037172227,0.0034418046,0.003706248,0.0034847497,0.0038151382,0.0037261336,0.0034612208,0.0034548654,0.0037051677,0.0037638783,0.0036725863,0.0034493445,0.0037145852,0.0035439446,0.0034917681,0.0037226318,0.0038263514,0.0038164943,0.0037117987,0.0037410944
2020-05-21,0.005480127,0.0052302494,0.005519697,0.005268344,0.0054338514,0.005534382,0.0052641793,0.0052493974,0.0054992675,0.005611421,0.0053794696,0.005218254,0.0054095625,0.0052526384,0.0052464097,0.0054125204,0.005613604,0.0055950596,0.0055354848,0.0055548116
2020-05-22,0.003298813,0.003064455,0.0032587885,0.003178747,0.0034225672,0.0033517866,0.0030642836,0.0030776425,0.0032133698,0.003403978,0.0032968163,0.0030718907,0.0033479123,0.0030962094,0.0031097843,0.0033661588,0.003436239,0.0034225374,0.0033335923,0.003344813
2020-05-26,-0.002375713,-0.0026406855,-0.002411692,-0.0025216774,-0.0022546933,-0.0023064152,-0.0026154504,-0.0026416616,-0.0026785196,-0.0023200125,-0.002401142,-0.0025361315,-0.00237014,-0.0025635944,-0.0026329071,-0.0023258985,-0.0023073987,-0.002254738,-0.002335182,-0.0024436698
2020-05-27,9.4333314e-05,-0.00018443016,5.079212e-05,-6.9415546e-05,0.00019332918,0.0001718268,-0.0001580253,-0.00019114313,-8.443592e-05,0.00011363777,6.2377774e-05,-0.00017382798,0.000113704824,-0.00010256318,-0.0001523107,0.00013135525,9.944441e-05,0.00019332918,0.00011168572,3.0943775e-05
2020-05-28,7.7770674e-05,-0.00019159762,9.053969e-06,8.3060586e-05,0.00019332918,0.00014783593,-0.00018508581,-0.00019319204,-1.27017265e-05,8.147361e-05,4.5606517e-05,-0.00021426228,0.00011747482,-0.0001664221,-0.00018624065,0.00013819488,4.1717314e-05,0.00019329938,6.4814114e-05,7.802399e-05
2020-05-29,-0.0067390115,-0.007014251,-0.006833567,-0.006766586,-0.006648256,-0.006781979,-0.0071111606,-0.007029003,-0.0068779276,-0.006703316,-0.00680141,-0.007029204,-0.006773329,-0.0069434033,-0.0070151,-0.0067218603,-0.006757176,-0.006648256,-0.0067538233,-0.0067171217
2020-06-01,0.000103057944,-0.00017867086,7.364305e-05,-5.4261065e-05,0.00019332918,6.9128e-05,-0.00023973582,-0.00019049493,7.973635e-06,8.913281e-05,8.465501e-05,-0.00012880412,9.902718e-05,-0.00013000367,-0.00015853939,0.00010560604,0.00012249651,0.00019332918,0.000111909234,0.000102417194
2020-06-02,2.5072717e-05,-0.00018380431,1.0395073e-05,-4.6661473e-05,0.00019332918,7.7271485e-05,-0.00017805246,-0.0001932889,0.00010995718,2.9498362e-05,7.054361e-05,-0.00013193337,0.00014823081,1.8262886e-05,-0.00019676087,0.000109338784,0.00011176022,0.00019332918,7.052871e-05,0.00010535272
2020-06-03,0.0034085824,0.0032474413,0.003477165,0.0034242957,0.0035277097,0.0035559027,0.003240691,0.0032310202,0.003415422,0.0034218295,0.0035148947,0.0032451986,0.0034093126,0.003452742,0.003209421,0.0034855022,0.003555098,0.003609845,0.0033642142,0.0035594045
2020-06-04,1.7309212e-05,-0.00016537157,8.006545e-05,4.4541084e-05,0.00018610212,0.00010351243,-0.00017119793,-0.00019412336,-8.8138855e-05,6.155821e-05,8.798542e-05,-0.00027189252,9.7663724e-05,2.177211e-05,-0.00027565507,8.6763524e-05,0.00013235363,0.00019332918,-3.354845e-05,0.00016865286
2020-06-05,4.2477273e-05,-0.00015664694,6.949308e-05,3.4809345e-06,0.00010920467,0.00019113126,-0.00015960482,-0.0001984745,-9.7489334e-05,8.2807266e-05,5.2781426e-05,-0.0002028927,0.00013996812,-1.6866601e-05,-0.00024820713,8.7285065e-05,0.00014077278,0.00019332918,6.169977e-05,0.00015239569
2020-06-08,0.0050396263,0.0048494874,0.005035536,0.004897566,0.0051063313,0.0052437573,0.0048197596,0.0048240884,0.004980491,0.005179228,0.005015911,0.0047477423,0.005070777,0.0049401983,0.00475,0.005092004,0.005166517,0.005200857,0.0050345003,0.00518077
2020-06-09,5.014392e-05,-0.00016800163,-2.3035682e-05,6.736966e-05,0.00020804408,0.00011842104,-0.0001439139,-0.00019634364,-8.0427504e-05,0.00012408348,3.9072358e-05,5.1902258e-05,4.795345e-05,-0.00013267843,-0.00013531593,0.00011900964,0.00016365352,0.00019332918,5.912187e-05,0.00016757252
2020-06-10,-0.0022949264,-0.00249642,-0.0023908378,-0.0024227262,-0.0021860213,-0.0022076056,-0.0025084228,-0.0024903552,-0.0023751021,-0.0022392632,-0.0021827207,-0.0024606497,-0.0022128136,-0.00252994,-0.0024822191,-0.0021897391,-0.0021591918,-0.0021215961,-0.00228913,-0.0021410496
2020-06-11,0.0025796383,0.0023335977,0.0024639159,0.0023612692,0.0026304736,0.002499634,0.0022627055,0.0023020296,0.0025637462,0.002599956,0.002601029,0.0022880002,0.0025988757,0.0024011298,0.0022616251,0.0026022582,0.0026864125,0.0026977747,0.0025444939,0.0026797815
2020-06-12,0.00033343735,7.710757e-05,0.00028192403,0.00011685642,0.00036818685,0.00028374942,4.375004e-06,5.6119286e-05,0.00025396945,0.00032799842,0.00037402066,-3.8324273e-05,0.00036674144,9.8431134e-05,0.00016486796,0.00038359466,0.00042106363,0.00044085237,0.0003131047,0.00040780904
2020-06-15,0.0023750006,0.0021712272,0.0023353337,0.002195926,0.0024211719,0.0024243682,0.0021396591,0.0021301224,0.0022590472,0.0024315729,0.0023940145,0.0020350828,0.0024523824,0.0022953688,0.0022653877,0.0024104803,0.0025084107,0.002433592,0.0024291514,0.0024748906
2020-06-16,0.00010676833,-0.00015897898,-1.7015613e-05,-0.00011990068,0.00016117247,9.646418e-05,-0.0001906961,-0.00018527952,-0.00012469885,9.28581e-05,0.00010574015,-0.0002515748,0.00015597942,-8.2483864e-05,-5.6056655e-05,7.090869e-05,6.645324e-05,7.014128e-05,3.4907483e-05,0.00017299654
2020-06-17,0.00011453929,-0.00018206087,-4.0261424e-05,-0.00013919023,0.0001255885,9.745511e-05,-0.00011151133,-0.00020588038,1.4917576e-05,0.000102812075,6.887468e-05,-0.00024451164,0.00011983665,-0.00010258553,-0.00011910347,0.000117050135,0.00015338662,9.045156e-05,2.485665e-05,0.00016234966
2020-06-18,0.0011356414,0.0008490846,0.000981094,0.00095924886,0.0011582464,0.0010854468,0.0009070948,0.00084483775,0.0010383219,0.0011115909,0.0011390463,0.0008139253,0.0011618674,0.00093547406,0.0008758098,0.0011456624,0.0011879146,0.0011475772,0.0011053473,0.0011632756
2020-06-19,0.003293918,0.0030056997,0.0031467988,0.003037603,0.0033059209,0.0032620966,0.003074342,0.002995917,0.003226058,0.0032684891,0.0032715588,0.003003159,0.0033009662,0.0030315532,0.003028424,0.0033298074,0.0033474206,0.003336416,0.0031923442,0.0033339872
2020-06-22,0.00030416402,5.3556287e-05,0.040627167,0.00017964246,0.00037224742,0.00040489587,0.000116677606,4.412385e-05,0.00023816677,0.0003175825,0.00029075297,0.00021446648,0.00038822147,0.000117690885,0.00019970688,0.00036794844,0.0003823653,0.00040114077,0.00024555775,0.00041284563
2020-06-23,0.0041420176,0.0039432137,0.047522888,0.004003757,0.004248464,0.004268722,0.0039759665,0.0039249226,0.004054734,0.004180902,0.004263462,0.004042217,0.004165457,0.003978321,0.0039232164,0.0042333244,0.0042382344,0.0042889877,0.004189485,0.0043023466
2020-06-24,0.0028165071,0.0025999486,0.0440095,0.0025961637,0.0028598397,0.0026560365,0.002630794,0.0025590523,0.0026189326,0.0028006448,0.0029201447,0.0025683506,0.002818489,0.0025979145,0.0024774089,0.0028791442,0.0029062494,0.0029702126,0.0026351898,0.0029063015
2020-06-25,4.7282898e-05,-0.00014696864,0.038118333,-0.00013951806,0.00011812302,-5.061773e-05,-0.00022329239,-0.00018870679,-7.3149567e-06,4.0577375e-05,0.00015498104,-0.00016598997,7.9961144e-05,-0.00015892682,-0.0001959115,0.00013720396,0.000164108,0.00020533206,-9.0187765e-05,0.00017517956
2020-06-26,6.959739e-05,-0.00018286554,0.03208124,-0.00013020483,0.00017099234,-9.715406e-05,-0.00023612974,-0.0002131894,-5.047617e-05,8.39025e-05,0.00014083984,-0.00016573665,4.6224915e-05,-0.00015929935,-0.0001836702,8.350762e-05,0.00015919807,0.0002084017,-9.868143e-05,0.00017444196
2020-06-29,6.8420195e-05,-0.00012697128,-0.03051742,-0.00011595187,0.00013613852,-0.00017714349,-0.00010015664,-0.00021410582,-4.0045357e-05,6.513321e-06,0.00010536017,-0.00012101082,-1.3662851e-05,-0.00017662195,-0.00018437055,5.95093e-05,0.0001288295,0.00016510638,-0.00014461426,0.00013477507
2020-06-30,3.693404e-05,-0.00019277481,0.026220778,-0.0001342803,0.00012780132,-0.000105580664,-0.00015044061,-0.00016623584,-3.1387783e-05,4.2618834e-05,0.00015431794,-0.000206089,1.9671046e-05,-0.00016287563,-0.00015937386,0.00010901096,0.00015799853,0.00020671042,-4.3748296e-05,0.00016950967
2020-07-01,0.0039723306,0.003700906,0.03541991,0.0037497594,0.004013063,0.0037307083,0.0036633401,0.0037304773,0.0039586364,0.0039653494,0.0040667146,0.0037142201,0.0038863956,0.003707388,0.0037727444,0.004007147,0.004058504,0.00407833,0.0037975623,0.0040269657
2020-07-02,0.0055788695,0.005268754,0.035812765,0.005327457,0.0056359633,0.0053560375,0.005344981,0.0052943467,0.0054898127,0.005570577,0.0056560203,0.0052984073,0.0055156364,0.005333358,0.005314925,0.005578266,0.0056550144,0.0056491657,0.0054154783,0.00565868
2020-07-06,-0.00066538004,-0.00085031835,-0.032423787,-0.0008653387,-0.00062723306,-0.0008457288,-0.0008576795,-0.0009233415,-0.0007894471,-0.00067198125,-0.0005459547,-0.0009176716,-0.0007506072,-0.0009026214,-0.00089181063,-0.00065591035,-0.000600411,-0.00060479937,-0.0007956311,-0.000585033
2020-07-07,6.3941116e-06,-0.0001919925,-0.032404006,-9.539572e-05,8.796307e-05,0.00012213888,-0.00016103534,-0.00021400151,-0.00015070138,-5.601323e-06,0.00011780264,-0.00022639183,-5.0662435e-05,-0.00019478647,-0.00016107259,5.8876e-05,0.00016015174,0.00017734023,-9.812263e-05,-7.7104545e-05
2020-07-08,9.700807e-05,-0.00022069213,-0.03101891,-0.000208652,0.00012096914,0.00016186538,-0.00024250743,-0.00021681038,-0.00017463265,-8.983887e-06,0.00013762119,-0.00023665128,4.1382038e-05,-9.8025776e-05,-0.00015202013,7.5744116e-05,0.00023129734,0.00015772285,-8.586643e-05,2.0036125e-05
2020-07-09,0.005167739,0.0047888844,-0.025776794,0.004811467,0.0051733716,0.0050322874,0.004782678,0.004824662,0.0048206165,0.005039127,0.0051266863,0.0047834977,0.0050337478,0.0048719286,0.004871094,0.0050875335,0.005261095,0.0051940843,0.005013482,0.0050680577
2020-07-10,0.00011138769,-0.0002413973,-0.026934428,-0.00016959605,0.00012412074,-9.57459e-05,-0.00025230495,-0.00021566299,-0.00017955748,-9.66934e-06,0.00013698789,-8.0561615e-05,-9.920297e-05,-0.00023935584,-0.00015670655,8.495303e-05,0.00011236372,0.00013420137,1.958164e-05,-4.869548e-05
2020-07-13,0.006182061,0.0058051213,-0.020024484,0.00595005,0.0062005385,0.005979167,0.005894491,0.0058739125,0.0059248595,0.0061294674,0.0062497645,0.0059452592,0.006018558,0.0059088035,0.005942495,0.006189981,0.0062239333,0.0062584965,0.0061419173,0.0060330494
2020-07-14,0.0032951697,0.0028515696,-0.021128384,0.0030571385,0.0032993718,0.0030332073,0.0030099838,0.0029397993,0.0030484586,0.003224486,0.0033200174,0.0029625683,0.003160344,0.0030259355,0.003023581,0.0032480448,0.003322178,0.0033495813,0.0032195463,0.0031183227
2020-07-15,0.0024175583,0.0018110886,-0.021793379,0.0022402792,0.0025512814,0.0024170293,0.0022032647,0.0021426245,0.0022168322,0.0024065538,0.0025014444,0.0021676659,0.002328591,0.0022398992,0.0021606027,0.0024361997,0.0024630292,0.002501966,0.0023706048,0.002489665
2020-07-16,0.002850981,0.0023641004,0.036323488,0.0026960834,0.002931097,0.0027014776,0.002589786,0.0025433837,0.002683924,0.0028379424,0.0028717383,0.0025621667,0.0026806458,0.0025755703,0.0026220619,0.0028692721,0.0029475703,0.0029190644,0.0027817949,0.0028907
2020-07-17,0.0039380356,0.0032786666,-0.01989456,0.003656575,0.0039973794,0.003995487,0.003676006,0.0036216765,0.003715211,0.0039049177,0.0039777025,0.0036038025,0.0037199645,0.003631787,0.0036967634,0.0039531603,0.003946626,0.0039581,0.0038007735,0.0038815602
2020-07-20,0.0038783713,0.0031933053,-0.021816192,0.003614591,0.0039773523,0.0039572506,0.0036260425,0.0035721376,0.00368824,0.0038773655,0.0038891076,0.0036290227,0.0036813035,0.0035777404,0.0036437823,0.0038793175,0.0039006858,0.003919819,0.0037387027,0.0039330213
2020-07-21,5.0710165e-05,-0.00041697768,-0.024289398,-0.00016163138,0.00014117511,-4.6206987e-05,-0.00017713604,-0.00023719517,1.7212355e-05,4.961493e-05,9.747001e-05,-0.00015149114,-0.00011338142,-0.00019183604,-0.0001503661,0.00011606666,0.00011082145,0.00011867436,-0.00012037007,0.00016188028
2020-07-22,0.003826925,0.003095807,-0.020737259,0.0036083995,0.0038393377,0.0036637052,0.0035354733,0.0035283729,0.0037752776,0.003811778,0.0038014366,0.0036133914,0.0036554872,0.0035598143,0.0036219447,0.0038687899,0.003858225,0.003882484,0.003786096,0.003822343
2020-07-23,0.0048220395,0.004062542,-0.017945169,0.004601398,0.0049119755,0.0046738475,0.004578152,0.0045533045,0.00464824,0.0047783195,0.0048466115,0.0045669912,0.0046268194,0.0047588064,0.0046080886,0.0048630624,0.0048282235,0.004869902,0.0046266257,0.004887128
2020-07-24,0.005226457,0.0044880076,-0.017108379,0.005002403,0.0053071617,0.0050104125,0.0049923747,0.0049446984,0.0049331873,0.0051440387,0.005294533,0.0048932447,0.0050884946,0.0050218045,0.0051245405,0.0052770316,0.0052592545,0.005259508,0.0050481125,0.005155185
2020-07-27,0.0028366982,0.00198652,0.037469357,0.0025690063,0.0028949468,0.002585852,0.002566108,0.0025406717,0.0025583147,0.0027671917,0.0027830913,0.0024727597,0.0026283278,0.002588363,0.0026211306,0.002831371,0.0028311699,0.0026426553,0.002719903,0.0027370094
2020-07-28,9.761902e-05,-0.0006467983,0.039102465,-0.00014351902,0.00013815018,-0.00014857051,-0.00017025915,-0.0001876041,-0.00023331342,7.168355e-05,9.701552e-05,-0.00023026613,-0.00010106561,-8.396653e-05,-0.00013892201,8.582475e-05,0.00012139382,-0.0001277834,-9.152142e-05,4.6955072e-05
2020-07-29,0.0043308004,0.0036837845,-0.021835653,0.004068026,0.0043945326,0.0040923893,0.0040631383,0.00402669,0.0041055395,0.0042563914,0.0043236925,0.0040241047,0.004151584,0.0040671765,0.004241222,0.00424982,0.0043541505,0.0041608824,0.0040776148,0.0042386665
2020-07-30,0.0031877472,0.0025100945,-0.02426756,0.00292726,0.0032524853,0.002938503,0.0029160767,0.002884814,0.0028357818,0.0031273006,0.0031576916,0.002897398,0.0029575466,0.0029071881,0.00318847,0.0031034215,0.0032151504,0.0030321642,0.0029779463,0.0030795275
2020-07-31,-0.00046471355,-0.0010516554,-0.029854937,-0.00068796275,-0.0003048986,-0.0006093293,-0.0006609097,-0.0007261619,-0.00073788164,-0.0003960788,-0.00045600382,-0.0006785452,-0.00062132475,-0.00067657826,-0.00038397906,-0.00043114123,-0.00038562564,-0.00055862067,-0.0005884379,-0.0004542902
2020-08-03,0.0014950946,0.0008651257,-0.06884463,0.0012249589,0.0014791876,0.0015157178,0.0012419835,0.0011500061,0.001229474,0.0014713794,0.0014366895,0.0012152955,0.0013562605,0.0012322232,0.0015018896,0.001470381,0.0015170664,0.0013666317,0.0013150886,0.0014181078
2020-08-04,6.730261e-05,-0.0005387723,-0.06684902,-0.0001689851,6.5082335e-05,7.2018825e-05,-0.00016135571,-0.00023499725,-3.3876277e-05,0.000121676945,3.1621777e-05,-0.0002028778,-0.00021230278,-0.00020232645,9.682181e-05,0.00011915865,0.00011508318,6.0060644e-05,-0.0001946002,2.2695982e-05
2020-08-05,-0.005018732,-0.005626431,-0.06606063,-0.0052431435,-0.0049282075,-0.005039735,-0.005241929,-0.0053252564,-0.0050973655,-0.0050213696,-0.0050373212,-0.005285403,-0.005301638,-0.005290641,-0.0049942867,-0.0050064535,-0.0049695657,-0.005086182,-0.0053008557,-0.0051183016
2020-08-06,0.0074990853,0.00690137,-0.046657115,0.007317358,0.007575655,0.0076213046,0.0072765215,0.0072394623,0.0073200553,0.007486613,0.0074284165,0.007252456,0.0072939782,0.007297085,0.0074975877,0.0075165867,0.007603781,0.0074408217,0.00722848,0.0074975505
2020-08-07,0.0039636656,0.0033334284,-0.04524751,0.0038073375,0.00391929,0.0040718704,0.0037651076,0.0037314459,0.003789255,0.003985734,0.0038938834,0.003696823,0.0037231161,0.0037318259,0.004014881,0.004026161,0.00405273,0.004031071,0.0037353574,0.004030177
2020-08-10,-0.00019112078,-0.0007129818,-0.02288553,-0.00027308462,-4.8226095e-05,-0.00040719507,-0.00023894606,-0.00037532893,-0.0003413394,-0.0002305716,-0.00019294617,-0.0003974199,-0.0003703296,-0.00043730286,-0.000101616955,-1.6613281e-05,2.4051988e-05,-0.0001830518,-0.00036661176,-0.000171563
2020-08-11,5.796703e-05,-0.0006755054,-0.06318502,-0.000111868954,0.00015942159,-8.988229e-05,-0.00015283225,-0.00018688885,-0.00015045551,4.2402768e-05,6.859901e-05,-0.0001985043,-0.00018612144,-0.00021868048,9.515288e-05,0.00015054794,9.774568e-05,5.529844e-06,-0.00020203588,0.0001993567
2020-08-12,7.9201185e-05,-0.0006107524,-0.057548553,-0.00015770493,0.00015963765,-0.00015987305,-0.00015356985,-0.00018022803,-0.00024809537,3.6621117e-05,7.974508e-05,-0.00020345149,-0.00019309518,-0.000204882,9.6777105e-05,0.00015350583,0.00012272003,-4.3129898e-05,-0.00021158752,0.00019395503
2020-08-13,6.0500228e-05,-0.00069833396,0.01254257,-0.00014878658,0.000178279,-0.00016411988,-0.00016915647,-0.00020146964,-0.0001850113,4.886987e-05,2.0729029e-05,-0.00020118651,-0.00023479608,-0.00020137278,9.643438e-05,0.00013467821,5.2490854e-05,-6.649492e-05,-0.0002080336,0.00014365616
2020-08-14,0.0032693162,0.0026416196,-0.016496425,0.0030870899,0.0033988222,0.0031142994,0.0030934527,0.0030482947,0.0030490025,0.0033072694,0.0033432706,0.0030484586,0.0031036525,0.003050418,0.00334374,0.003365071,0.0034060492,0.003253357,0.0030494495,0.003420466
2020-08-17,0.0011068151,0.00043652358,0.036060803,0.000993067,0.0010612101,0.0010816172,0.00093463215,0.00090658816,0.000769721,0.0012064368,0.0012021452,0.0009222046,0.00087130966,0.00091546925,0.0012059748,0.0010416076,0.0011230797,0.001161398,0.00088694843,0.0012668684
2020-08-18,0.00259369,0.0018331647,0.040865652,0.0023437082,0.0025437265,0.0025508194,0.0023820787,0.00234645,0.0022466271,0.0026676892,0.0026199236,0.0023546233,0.0023462041,0.0023550256,0.0026417612,0.0024989187,0.002607876,0.0025892644,0.0023257076,0.0027020886
2020-08-19,4.3356442e-05,-0.0006626308,0.0351326,-0.00025515107,1.1989498e-05,-6.186066e-05,-0.00016728637,-0.00021666137,-0.00036547927,7.8552985e-05,-6.794778e-05,-0.0001932591,-0.00019662676,-0.00019726751,8.590671e-05,-0.00012967584,-3.598479e-05,0.000168556,-0.00017865596,0.00011892768
2020-08-20,4.9570226e-05,-0.00065316854,0.03393227,-0.00022179482,-2.1806336e-05,-1.0138727e-05,-0.00015991775,-0.00021894125,-0.00034963188,0.00011493417,6.760808e-05,-0.00018747745,-0.00020572392,-0.00019766984,8.589181e-05,-5.251763e-05,6.711634e-05,0.00015819969,-0.00016819534,0.000180842
2020-08-21,7.129612e-05,-0.0013365209,0.02811482,-0.00015299616,-6.3641346e-05,-6.327627e-05,-0.00013669429,-0.00023703871,-0.00030624715,3.7239515e-05,0.00012084993,-0.0001874402,-0.00020231155,-0.00017478911,9.403529e-05,-7.251499e-05,9.913894e-05,0.00017143192,-0.00017694233,0.00015299919
2020-08-24,0.00029712322,-0.0010610059,0.025908032,8.750858e-05,0.0002192125,0.00015534612,6.510469e-05,-2.3445464e-05,-0.000111876405,0.00031844678,0.0003874019,3.176334e-05,1.3524317e-05,2.6495778e-05,0.00030823948,0.00019124302,0.0003327966,0.00039642456,4.1195774e-05,0.00037280621
2020-08-25,0.0058095097,0.004730986,0.028002875,0.0055325716,0.005798632,0.0057277246,0.0055585965,0.0055011003,0.005416767,0.005795458,0.0058043315,0.0055147796,0.00550718,0.0055439337,0.005814144,0.005695665,0.005830565,0.0058891936,0.0055408715,0.005846852
2020-08-26,6.608816e-05,-0.0012921676,-0.06412467,-0.000114312745,-4.3882406e-05,-2.6068068e-05,-0.00016741303,-0.00020562706,-0.00031302718,9.044411e-05,0.00015486183,-0.00014591066,-0.00015263108,-0.00012710539,8.089247e-05,-3.4092343e-05,0.00016390684,0.0001955867,-0.00020371226,0.00021365436
2020-08-27,9.081664e-05,-0.0012530222,-0.037832886,-0.00016473827,-1.6754842e-05,2.4640583e-05,-0.00015138683,-0.00022969989,-0.000236845,8.4602856e-05,0.00011240842,-0.00017787365,-0.0002402052,-0.00022743491,8.235278e-05,-5.0528324e-05,8.829089e-05,0.00012573006,-0.00017993001,0.00011138769
2020-08-28,7.6764845e-05,-0.0012226462,-0.034046277,-0.0001554176,1.7972314e-05,2.743327e-06,-0.00015818176,-0.0002188891,-0.0002445191,0.00012630376,0.00012421014,-0.00019950268,-0.00021961925,-0.00021497754,8.5608684e-05,-5.9781945e-05,0.00010671618,0.0001473591,-0.00018001196,8.905085e-05
2020-08-31,0.00361775,0.0024671345,-0.026697246,0.0034584939,0.0035458668,0.003442803,0.0034009232,0.0033239438,0.0032775267,0.0035649105,0.0037277653,0.0033938452,0.0033569722,0.0033700033,0.0036607473,0.0035732402,0.0036531924,0.0037061884,0.0033957078,0.0037016585
2020-09-01,6.4054155e-05,-0.0010777846,-0.028076334,-0.00013222394,0.00012201967,-7.943658e-05,-0.0001567736,-0.00022049097,-0.00032353995,2.2055232e-05,0.00013795646,-0.00016677228,-0.00020346639,-0.00020642427,9.99436e-05,-1.2530363e-05,0.000110814,0.00015176984,-0.00018352119,9.079429e-05
2020-09-02,0.0002379507,-0.00033663062,-0.026301993,5.2252435e-05,0.000307107,0.00018535706,4.7118985e-05,1.50293345e-05,-0.0001503214,0.00030367228,0.00028253498,2.8239214e-05,1.2443983e-05,6.6250795e-06,0.00031240436,0.00012257847,0.00026317837,0.000348115,4.0413463e-05,0.00036724808
2020-09-03,-0.0023836256,-0.0028974921,-0.028858697,-0.0026230128,-0.0023571537,-0.00255332,-0.0026203007,-0.002643919,-0.0028848113,-0.0023868368,-0.0024056197,-0.0026398362,-0.0026483,-0.0026619122,-0.0023570047,-0.0024689944,-0.002362697,-0.0023160488,-0.002609013,-0.0023478256
2020-09-04,0.004714766,0.0040330454,-0.05511087,0.004538977,0.0047950386,0.00457094,0.0045436337,0.0045189797,0.0043331026,0.0048180535,0.004677558,0.0045481413,0.004515746,0.004504734,0.0048038005,0.0046610995,0.0047947555,0.004837611,0.004496345,0.004769051
2020-09-08,0.0014899835,0.001010345,-0.046349883,0.0012940035,0.0014898196,0.0013069526,0.001296559,0.0012648791,0.00110192,0.0015639156,0.0014990658,0.0012960598,0.0012493447,0.0012548879,0.0015519202,0.0013849378,0.0015262455,0.0015559584,0.0012371034,0.0015833915
2020-09-09,3.963115e-05,-0.0004193097,-0.023198655,-0.00017095206,9.3051814e-05,-0.00011640636,-0.00016348658,-0.00018215028,-0.0002824351,0.0001288444,4.8624002e-05,-0.0001810774,-0.00019161252,-0.00019550172,9.8699355e-05,-0.00011270342,4.6850764e-05,6.808492e-05,-0.00026490388,5.8048987e-05
2020-09-10,0.0037471591,0.00307914,-0.019771723,0.0035844161,0.0038870662,0.0036379634,0.0035690456,0.0036275773,0.003477031,0.0038941219,0.0038181557,0.0035628318,0.0036208197,0.0035432666,0.0038346439,0.0036642714,0.0038215606,0.0038896962,0.0036099716,0.0038849725
2020-09-11,-4.2347587e-05,-0.00075295416,-0.0229059,-0.00018818525,0.00010540488,-3.1426316e-06,-0.00017208455,-0.0002703875,-0.0002637267,0.00013646635,0.00011824968,-0.00016067026,-0.00019433943,-0.00018844602,8.890184e-05,-8.383987e-05,1.5252852e-05,0.00015973451,-0.00040090678,0.00017494115
2020-09-14,1.3054931e-05,-0.0006317481,-0.022844626,-0.00014729647,0.00015551748,-2.9957271e-05,-0.00018183736,-0.000312528,-0.00022935716,0.0001320109,7.9976046e-05,-0.00020777283,-0.0002613127,-0.00019869057,0.00014047476,-9.024737e-05,-3.997085e-05,8.119794e-05,-0.0012566432,5.6767487e-05
2020-09-15,1.0298216e-05,-0.00064330397,0.028860154,-0.00019629148,3.743323e-05,7.846358e-05,-0.00020389108,-0.00023127196,-0.00022558717,4.2596483e-05,-6.011105e-06,-0.00021428464,-0.00023807434,-0.00019937602,0.00010663422,-2.1329499e-05,2.4394714e-05,0.00013813528,-0.0028549791,-2.8035021e-05
2020-09-16,0.00042498263,-0.00026996282,0.03213589,0.00020711275,0.00047646614,0.000491561,0.00020604732,0.00017715397,0.00015290233,0.00046589377,0.00047099742,0.00018817338,-3.3220625e-05,3.3244723e-06,0.0004976407,0.00036712142,0.00043749216,0.0005507037,-0.0040086717,0.0004016474
2020-09-17,5.965086e-05,-0.00065573154,0.028485382,-0.00014044938,0.00012036564,7.884228e-06,-0.00017118303,-0.00019238738,-0.00030267832,8.147361e-05,0.00013236853,-0.00018031744,-0.00047154573,-0.0004273638,0.00013649615,2.2636377e-05,7.461163e-05,0.00016488286,-0.005600436,5.721452e-05
2020-09-18,0.0016319841,0.0009953469,0.02659248,0.0014675498,0.0016418934,0.001584673,0.0014168039,0.0014007181,0.0012906954,0.0016967967,0.0016881541,0.0014343873,0.0010712311,0.0011183486,0.0017522589,0.0015893743,0.0016749665,0.0017401889,-0.0052355663,0.001666309
2020-09-21,-0.003327927,-0.0040609823,0.01631117,-0.0035480321,-0.0033087418,-0.003394036,-0.0035542161,-0.0035741092,-0.0036861436,-0.0032544122,-0.00328037,-0.0035707043,-0.0039445222,-0.0038876818,-0.0032672645,-0.0034101666,-0.0033119307,-0.0032239915,-0.011308571,-0.0034464062
2020-09-22,9.3200826e-05,-0.00070549396,0.017133595,-0.00015647558,5.9181475e-05,1.6616308e-05,-0.00016093103,-0.00017846224,-0.0002900794,0.00014583173,0.000100897276,-0.0001958966,-0.0005003348,-0.00043298898,0.00016790035,-2.5375164e-05,9.513053e-05,0.00015781971,-0.008986926,6.6623325e-06
2020-09-23,-0.0015968293,-0.0023031891,0.011554675,-0.0018721953,-0.00160577,-0.0016410187,-0.0018381983,-0.00202187,-0.0019604103,-0.0015550613,-0.0015656188,-0.0018715024,-0.0022408129,-0.0021589608,-0.0015606642,-0.0017133936,-0.001594609,-0.0015442431,-0.011471888,-0.0016894176
2020-09-24,-0.0043731392,-0.005071415,-0.015811054,-0.004596314,-0.004420212,-0.0044141845,-0.004591635,-0.004799357,-0.004676892,-0.0042882026,-0.004313296,-0.004611938,-0.005023642,-0.0049346895,-0.0042977915,-0.004516712,-0.0043342547,-0.004338941,-0.015003992,-0.0044032843
2020-09-25,1.3844692e-05,-0.00051274,0.007773408,-0.00016926823,2.6816153e-05,3.460946e-05,-0.0001433253,-0.0003756195,-0.00020436791,0.00013217481,0.000106164836,-0.00013397483,-0.0006138891,-0.0005147293,0.00010644796,-7.819978e-05,0.00011804106,8.1637525e-05,-0.011422282,-3.1648553e-05
2020-09-28,0.0016251594,0.0010968462,-0.032354802,0.0014645696,0.0016369015,0.001602614,0.0014507562,0.0012176872,0.00080720487,0.0017651707,0.001700306,0.0014692411,0.0009563506,0.0010743082,0.0017539203,0.0015234813,0.0017394811,0.001668261,-0.010553187,0.0015917212
2020-09-29,-1.4333404e-05,-0.00068951247,-0.033623457,-0.00011736748,8.8081e-06,0.00018268975,-0.00015435216,-0.0005358666,-0.0013716653,4.294666e-05,7.350149e-05,-0.00016663072,-0.00069165824,-0.0005661532,0.00015110674,-7.7618635e-05,0.00010387751,6.0991966e-05,-0.012692539,-6.127206e-05
2020-09-30,0.0013075933,0.0006955877,-0.03221342,0.0010553614,0.0011999846,0.0013345868,0.0010585428,0.0006729752,-0.00076421944,0.0011670009,0.0012316272,0.0010682062,0.0004970074,0.00063773396,0.0013979465,0.0010945663,0.0013277248,0.0013375521,-0.012049144,0.0013181433
2020-10-01,-0.002861707,-0.0034925328,-0.03393899,-0.0030384124,-0.0028440342,-0.0028588013,-0.0030414895,-0.0034524486,-0.005544706,-0.002775541,-0.002908966,-0.0030412213,-0.0036582337,-0.0035036416,-0.0027494193,-0.0030006901,-0.0027770833,-0.0027464987,-0.016362427,-0.0028559328
2020-10-02,2.3753964e-05,-0.00067408977,-0.02907863,-0.00017184613,9.3051814e-05,4.2855972e-06,-0.00014573184,-0.00057461706,-0.003220743,0.00016053172,-1.0757125e-05,-0.00016929058,-0.00081527827,-0.000641866,0.00010477903,-0.00012914685,0.00010971876,0.00012251886,-0.014195813,1.3136887e-05
2020-10-05,-0.00018194166,-0.00090897677,-0.024372613,-0.00042448787,-0.0002151936,-0.00023047475,-0.00042557565,-0.00074273197,-0.0040239156,-0.00011486409,-0.00025766937,-0.0004146084,-0.0011242464,-0.0009288251,-0.00014901755,-0.00035210548,-0.00019264815,-0.00016986427,-0.014739698,-0.00027440337
2020-10-06,3.0787312e-05,-0.00074214337,-0.014418883,-9.361503e-05,7.733854e-05,4.8787915e-05,-0.0001555368,-0.0004942849,-0.0043388144,0.00012777152,1.6340637e-05,-0.0001451805,-0.00089903024,-0.0006932601,0.00012131932,-8.116511e-05,0.000113719725,0.00011225941,-0.015014073,2.1623098e-05
2020-10-07,0.002855727,0.0020611226,0.009912858,0.002617964,0.002863796,0.0028491705,0.0026299744,0.002297522,-0.0018954038,0.0029542907,0.0028357892,0.0026352196,0.0018870995,0.0021037846,0.0029185205,0.002727577,0.002866672,0.0028905957,-0.012059426,0.002751553
2020-10-08,0.0022387146,0.0013328582,0.008922206,0.002022998,0.002186106,0.0021397113,0.0019770726,0.0015938744,-0.0033390508,0.0023046522,0.0021393537,0.0019834503,0.0011221707,0.0013793946,0.0022731437,0.002074474,0.002231942,0.002247156,-0.013933269,0.0021595075
2020-10-09,0.00012418034,-0.0007876217,0.006165178,-0.00012995896,1.561048e-05,1.7905259e-05,-0.00015462784,-0.0005646035,-0.00584255,0.00012409838,-5.4672128e-06,-0.00014188734,-0.0010199159,-0.00077576784,0.00013667496,-8.547155e-05,6.702694e-05,8.5869455e-05,-0.01606523,4.0100538e-05
2020-10-12,-0.00012210605,-0.0009649828,0.0051253974,-0.00022323278,-0.000202848,-0.00010038761,-0.000406979,-0.00082862226,-0.0065320046,-0.000108680106,-0.0002576172,-0.00038919447,-0.0012874812,-0.0010529145,-9.434519e-05,-0.00028338877,-0.00017597375,-0.00011974422,-0.016550979,-0.00028474478
2020-10-13,0.00012269767,-0.0007504135,0.004789026,3.3000135e-05,2.267363e-05,0.0001692191,-0.00014252064,-0.00060308573,-0.006739399,0.00018570723,6.1602914e-05,-0.00010432897,-0.0010870158,-0.00083857623,0.00015036913,-3.6126352e-05,2.4938607e-05,0.00013214501,-0.016659653,4.34682e-05
2020-10-14,0.0060721054,0.0049840077,0.010286542,0.005756618,0.005907127,0.006053665,0.005774738,0.0053058057,-0.0016332924,0.0061038597,0.0059402226,0.00580948,0.0047605946,0.0050463094,0.006130041,0.0058511584,0.0060162633,0.0060844733,-0.011688454,0.0060288026
2020-10-15,5.8518373e-05,-0.0007962793,0.0034998073,-0.00016613898,-4.020927e-05,0.00018751773,-0.00016270427,-0.0006424546,-0.007716051,-7.382012e-06,-7.627881e-06,-0.00015320478,-0.0011782259,-0.0009074643,0.00014081749,-5.5579818e-05,8.465501e-05,0.00016357156,-0.017204655,7.242861e-05
2020-10-16,0.00012570026,-0.0009859562,0.002875471,-0.00021684018,-4.970876e-05,0.00020715746,-0.00015425531,-0.0006582573,-0.007945178,-1.7313636e-05,-5.9513724e-05,-0.00010394899,-0.001225768,-0.00094923226,0.00014830532,-0.000103270984,0.00011605921,0.0001018733,-0.017673938,-4.3606735e-05
2020-10-19,0.0001255736,-0.00085267273,0.0022537573,-0.00020427105,-1.5741563e-05,0.00016260298,-0.0001579657,-0.00068746356,-0.008322706,6.1476254e-05,6.334507e-06,-0.00013291684,-0.0012726992,-0.0009900391,0.00017009082,-8.331833e-05,0.00012596848,7.3926174e-05,-0.01782523,4.8236572e-05
2020-10-20,0.00012416544,-0.00090344844,0.0015957371,-0.00013284234,-4.7615147e-05,9.387138e-05,-0.00015354005,-0.00070939807,-0.008688247,0.0001326442,-2.1776534e-05,-0.00015496311,-0.0013371989,-0.0010393098,0.00016149285,-9.184179e-05,0.00012912753,8.0877566e-05,-0.018328628,9.4474875e-05
2020-10-21,0.00015778991,-0.0015232399,0.00015499594,-0.00013249216,1.1712546e-06,0.00015480223,-0.00015013514,-0.0007293358,-0.009038603,0.00017449411,6.517174e-05,-0.00016552059,-0.0014085382,-0.0010952115,0.00019306096,-6.7336834e-05,0.0001320109,1.7480575e-05,-0.018449327,4.2477273e-05
2020-10-22,0.00012186321,-0.0015273824,0.00022144767,-9.079871e-05,-7.165945e-06,0.0001788229,-0.00017203239,-0.0007609114,-0.009384802,0.00017169269,-4.0417886e-05,-0.00018293259,-0.0014917016,-0.001160568,0.00016653689,-9.0694404e-05,7.750245e-05,1.7502927e-05,-0.020018166,1.0365271e-05
2020-10-23,0.00013220462,-0.0011925906,-0.0040140064,-0.00018144993,-6.5921224e-05,0.00020748528,-0.00018445996,-0.00078989414,-0.009738481,0.00013420137,-4.6937144e-05,-0.0002100527,-0.0015919342,-0.001237838,0.00011315348,-0.00010298786,8.694979e-05,5.5605196e-05,-0.02307829,0.00010298344
2020-10-26,0.0025785356,0.00081809016,0.1111922,0.0022640242,0.002353774,0.0026775538,0.0022661625,0.0016252488,-0.007834932,0.0025894954,0.0023788153,0.0022364422,0.00068893435,0.0010825113,0.0024386807,0.0023612916,0.0025658472,0.0025149896,-0.021141669,0.002650769
2020-10-27,0.0059684827,0.003963144,0.1106177,0.0056911944,0.005793774,0.006085859,0.005704315,0.00505829,-0.0042795525,0.0059969737,0.0058579682,0.005702549,0.002968499,0.0035420447,0.00590031,0.005797261,0.006003888,0.006008999,-0.016754476,0.0060710697
2020-10-28,0.00014721008,-0.0019495696,0.10635445,-5.3352094e-05,-3.171561e-05,6.4687454e-05,-0.00018407253,-0.0008846208,-0.010686396,0.00012941065,3.4140074e-05,-0.00016457436,-0.0029760064,-0.0023916797,3.6330544e-05,-4.1036285e-05,0.00010555389,0.0001621038,-0.02307829,0.00013847055
2020-10-29,0.00015096518,-0.0019099697,0.10635445,-0.00016990153,7.782283e-05,6.993266e-05,-0.00018486229,-0.0009270519,-0.011012247,0.00010330381,1.4813268e-05,-0.00018276868,-0.0029760064,-0.0023916797,7.756206e-05,-6.0176826e-05,0.00013894739,0.000117318355,-0.02307829,0.00014387222
2020-10-30,0.00014196488,-0.0012017622,0.10635445,-0.0001438692,5.5366778e-05,5.781802e-05,-0.00017125753,-0.0009725675,-0.011334656,0.00010658952,-1.5778816e-05,-0.00022005884,-0.0029760064,-0.0023916797,-3.2162643e-05,-5.2733696e-05,0.00014519843,9.307289e-06,-0.02307829,0.0001473293
2020-11-02,0.00013150426,-0.0012330398,0.10635445,-0.00011552719,-5.161739e-06,0.00017809274,-0.00016300229,-0.0010276645,-0.0116638,0.00011634978,-4.6676374e-05,-0.00018738059,-0.0029760064,-0.0023916797,6.988051e-05,-2.2789813e-05,0.0001550928,9.688886e-05,-0.02307829,0.00016766193
2020-11-03,0.00010559114,-0.0010625183,0.10635445,-7.252989e-05,-2.5047339e-05,0.000117318355,-0.00016077457,-0.0016513526,-0.012026971,0.00011009129,-6.422994e-05,-0.00018319336,-0.0029760064,-0.0023916797,-5.714444e-05,-5.2562333e-05,0.00017479213,0.00012336823,-0.02307829,0.0001801342
2020-11-04,-0.0055800215,-0.0069360123,0.098792136,-0.005646615,-0.0057552443,-0.0054953382,-0.0057794214,-0.0073131905,-0.018091409,-0.0054861666,-0.0057320134,-0.0058128447,-0.008587671,-0.0080135,-0.0056633935,-0.005673273,-0.005482538,-0.0055358247,-0.028360462,-0.0054683224
2020-11-05,-5.190668e-05,-0.0014359191,0.10635445,-0.00017282215,-0.00013736484,0.00010225328,-0.00017049757,-0.0017066285,-0.012827834,0.00014510902,-0.00010152755,-0.00015762297,-0.0029760064,-0.0023916797,-6.7873276e-05,-0.00010175852,0.00012580457,0.00011626782,-0.02307829,0.00018230977
2020-11-06,-4.993973e-05,-0.0015538022,0.10635445,-0.00018833426,-0.00011896191,6.3301646e-05,-0.00017064658,-0.0017372131,-0.016678398,0.00014532509,-0.00011388806,-0.00017931161,-0.0029760064,-0.0023916797,-6.212888e-05,-9.419618e-05,0.00010980072,6.2631094e-05,-0.02307829,0.00016179832
2020-11-09,-3.2096868e-06,-0.0021435977,0.10635445,-0.00019168702,-0.00011011062,0.00013188424,-0.00016613898,-0.0019845278,-0.016678398,0.00011249783,-0.000103293336,-0.00017980335,-0.0029760064,-0.0023916797,4.0219747e-05,-6.553379e-05,0.00015076401,0.00011138769,-0.02307829,0.0001621932
2020-11-10,7.269683e-05,-0.0021435977,0.10635445,-0.00020687131,-4.63858e-05,-5.241332e-05,-0.00018894521,-0.0019845278,-0.016678398,-1.3357378e-05,-0.00010331569,-0.0001983702,-0.0029760064,-0.0023916797,7.4827694e-05,-7.791666e-05,0.000103065395,9.399059e-05,-0.02307829,0.00015057775
2020-11-11,-0.00070083735,-0.0028864653,0.102644935,-0.00090285984,-0.0008286893,-0.0008390307,-0.0009472057,-0.0027314262,-0.017042613,-0.0007116258,-0.0008408859,-0.00095027534,-0.0036964999,-0.003127566,-0.0007771164,-0.00084850786,-0.0006689712,-0.00075688807,-0.023275374,-0.00064776686
2020-11-12,0.003614956,0.001458244,0.108135186,0.0033937483,0.0036362275,0.003510879,0.003406161,0.001615116,-0.012867255,0.0036625727,0.003483863,0.003390038,0.0006382406,0.0012146175,0.0034561767,0.003489235,0.0036881357,0.0036106198,-0.019174485,0.0037285774
2020-11-13,0.0024576574,0.00025229307,0.11023457,0.0022570356,0.0024599447,0.0024628579,0.002251835,0.00041413459,-0.014519347,0.0024678572,0.002332726,0.0022760793,-0.0005936235,8.136267e-07,0.002329105,0.0023367195,0.0025347113,0.0024762913,-0.021023234,0.0025741472
2020-11-16,0.0044378727,0.0024654954,0.10729477,0.004389675,0.0044990047,0.0045259907,0.0043520345,0.0026182397,-0.011505915,0.0044308617,0.004418568,0.004344934,0.0016654968,0.0022268533,0.00439796,0.004388006,0.0046072467,0.004522921,-0.017658373,0.004623355
2020-11-17,-8.488295e-05,-0.0021435977,0.10635445,-0.0002344459,-4.3494976e-05,-8.136628e-05,-0.00017440913,-0.0019845278,-0.016678398,-4.7369278e-05,-2.5106943e-05,-0.00018880365,-0.0029760064,-0.0023916797,-0.00013150868,-0.00014057604,0.0001057327,-8.4048486e-05,-0.02307829,0.00010862353
2020-11-18,1.5819096e-05,-0.0021435977,0.10635445,-0.00011126546,-1.6024685e-05,-0.00019796041,-0.00017372367,-0.0019845278,-0.016678398,-1.3141311e-05,-8.8764704e-05,-0.00016542373,-0.0029760064,-0.0023916797,-2.2208667e-05,-8.6335815e-05,0.00010484608,-6.035564e-05,-0.02307829,0.0001076475
2020-11-19,0.0037098615,0.0015926972,0.109269686,0.0035730242,0.003580892,0.0035436093,0.0035494952,0.0017499492,-0.012790753,0.003628017,0.0035960688,0.0035199537,0.0007687748,0.0013470963,0.00379491,0.0035636737,0.0038077622,0.003728041,-0.019124432,0.003771448
2020-11-20,0.003034362,0.00094444456,0.10824525,0.0031566708,0.0029366924,0.0031548752,0.0028850003,0.0011012346,-0.013395717,0.0029871105,0.00295818,0.0028651669,0.00012310746,0.0006995589,0.0030137538,0.0029063537,0.0031549125,0.0031823008,-0.019710219,0.0031471564
2020-11-23,-2.9890216e-05,-0.0021435977,0.10635445,0.00013508054,-3.8667e-05,2.5199377e-05,-0.00018619595,-0.0019845278,-0.016678398,1.2213015e-05,-5.9379614e-05,-0.0001587182,-0.0029760064,-0.0023916797,-6.8744994e-05,-0.000116242445,0.00013174268,0.00011120888,-0.02307829,9.1889524e-05
2020-11-24,3.757479e-05,-0.0021435977,0.10635445,-0.00022703258,-7.6091266e-05,9.188207e-05,-0.00016964076,-0.0019845278,-0.016678398,1.28612155e-05,-3.9665378e-05,-0.00018999574,-0.0029760064,-0.0023916797,-1.8922961e-05,-0.000115095056,0.000118204975,3.0094408e-05,-0.02307829,8.730742e-05
2020-11-25,6.2780106e-05,-0.0021435977,0.10635445,-0.00026166288,-8.129177e-05,5.449506e-05,-0.00018734334,-0.0019845278,-0.016678398,-1.1859811e-05,-2.2089458e-05,-0.00019685028,-0.0029760064,-0.0023916797,-9.820459e-05,-0.00011197326,0.00010734203,6.9053494e-05,-0.02307829,9.311887e-05
2020-11-27,0.0062777116,0.0042547374,0.10556651,0.006036432,0.006125213,0.006366858,0.0060915216,0.0044013797,-0.009183457,0.006225632,0.006191933,0.0060526147,0.0034853532,0.0040248125,0.006176853,0.0061728596,0.006345117,0.0062955036,-0.015101692,0.0063331737
2020-11-30,-3.648398e-05,-0.0021435977,0.10635445,-0.00018329767,-0.000108039356,0.00015273097,-0.00016193686,-0.0019845278,-0.016678398,-8.6969114e-05,-5.509553e-05,-0.0001932442,-0.0029760064,-0.0023916797,-0.00010676531,-0.00014051644,0.0001267806,3.882649e-05,-0.02307829,9.580853e-05
2020-12-01,6.091001e-05,-0.0021435977,0.10635445,-0.00018883345,-5.972979e-05,0.00012728723,-0.0001818448,-0.0019845278,-0.016678398,5.7400786e-05,-5.8620935e-06,-0.00016297994,-0.0029760064,-0.0023916797,-9.3138195e-05,-9.6207834e-05,0.00015746208,3.1092786e-05,-0.02307829,0.00010321441
2020-12-02,6.4329826e-05,-0.0021435977,0.10635445,-0.00012221036,-0.0001188725,0.0001005322,-0.00017264334,-0.0019845278,-0.016678398,5.114975e-05,6.334635e-05,-0.0001734182,-0.0029760064,-0.0023916797,3.2724463e-05,-0.00012257544,0.00017191621,5.848857e-05,-0.02307829,6.387534e-05
2020-12-03,0.0042675897,0.002042198,0.112080805,0.0041936203,0.004125641,0.0043253093,0.00404066,0.0022034957,-0.012691347,0.0042860075,0.0041701808,0.004051374,0.0011981517,0.0017909721,0.004336545,0.0040927767,0.004376815,0.004236886,-0.01917897,0.004305662
2020-12-04,0.005873324,0.0037044226,0.11082027,0.0058108806,0.0056752204,0.005911024,0.005633564,0.003860542,-0.010579376,0.0059433295,0.005842635,0.0056455447,0.0028861105,0.0034603938,0.00579855,0.005688803,0.0059479563,0.005858281,-0.016869469,0.005856672
2020-12-07,0.0022905706,5.8771693e-05,0.10732107,0.0021442636,0.0020914017,0.0023419498,0.0020510494,0.00021599384,-0.014308771,0.0023276373,0.0023449375,0.0020178943,-0.0007639661,-0.00018621085,0.0022166981,0.0020978241,0.0022943555,0.0021850183,-0.020634858,0.0022283955
2020-12-08,0.00012005272,-0.0021435977,0.10635445,-2.2560125e-06,-8.1031e-05,0.00014213624,-0.00014960614,-0.0019845278,-0.016678398,0.00011296722,0.00014850649,-0.00015759317,-0.0029760064,-0.0023916797,-1.12637645e-05,-5.8336533e-05,0.00013891759,8.06317e-05,-0.02307829,7.860514e-05
2020-12-09,-0.0044792355,-0.00668308,0.099159226,-0.0045478255,-0.0046657086,-0.004726647,-0.0047485144,-0.006527631,-0.020884855,-0.0044863285,-0.004406898,-0.004738553,-0.007495804,-0.006925306,-0.004562898,-0.0046557025,-0.004460296,-0.0044888468,-0.027137665,-0.0045394213
2020-12-10,9.3305134e-05,-0.0021435977,0.10635445,-0.0002537578,-9.561179e-05,-0.00017962453,-0.00017911044,-0.0019845278,-0.016678398,0.00010811689,0.00017232599,-0.00018854288,-0.0029760064,-0.0023916797,-5.1727868e-05,-6.085483e-05,0.00016879442,0.0001133621,-0.02307829,9.041431e-05
2020-12-11,0.00011637958,-0.0021435977,0.10635445,-0.00026971695,-0.00011275557,-0.00017899123,-0.00017435697,-0.0019845278,-0.016678398,0.000117445015,0.00013973715,-0.0001913592,-0.0029760064,-0.0023916797,-9.527779e-06,-0.00010169891,0.00014165195,-4.604226e-07,-0.02307829,7.951411e-05
2020-12-14,0.000105904066,-0.0021435977,0.10635445,-0.00022569147,-7.983146e-05,7.718208e-05,-0.00017382798,-0.0019845278,-0.016678398,0.00012485089,0.00014256092,-0.00019155291,-0.0029760064,-0.0023916797,3.0824565e-05,-6.3872314e-05,0.00015499594,9.4482326e-05,-0.02307829,6.333145e-05
2020-12-15,7.820281e-05,-0.0021435977,0.10635445,5.0993287e-05,-0.00010180322,-0.00018770096,-0.00017440913,-0.0019845278,-0.016678398,9.175541e-05,0.0001608372,-0.00020321307,-0.0029760064,-0.0023916797,-4.932878e-05,-5.7226396e-05,0.00015977921,0.00010740163,-0.02307829,7.9208636e-05
2020-12-16,0.0011359021,-0.0010358974,0.104857996,0.0011053547,0.0009362862,0.0009282619,0.00089630636,-0.0008807018,-0.015215693,0.0011706516,0.0012640596,0.00089410844,-0.0018475935,-0.001277624,0.0010748372,0.001041399,0.001240024,0.0011870504,-0.021459138,0.0011428982
2020-12-17,0.000100636506,-0.0021435977,0.10635445,-0.00024539826,-0.00010128913,-0.00016751734,-0.00016725657,-0.0019845278,-0.016678398,0.00011749717,0.00010925683,-0.00019307283,-0.0029760064,-0.0023916797,-3.7088757e-06,-6.206927e-05,0.00015618803,6.8680965e-05,-0.02307829,0.00010481628
2020-12-18,0.004918368,0.0027805208,0.1075423,0.004600541,0.004758501,0.0047165095,0.004671277,0.0029327734,-0.011161385,0.0049034446,0.0050072013,0.00465911,0.0019820943,0.0025421246,0.0047755255,0.004788512,0.0050039752,0.0049054935,-0.01730126,0.004934916
2020-12-21,0.0010812223,-0.0011350497,0.1067507,0.0007698253,0.00087868574,0.0008356065,0.00082937034,-0.0009771496,-0.015572382,0.0010416597,0.0011704132,0.0008027867,-0.001961811,-0.0013814926,0.00094954076,0.0009655446,0.0011328399,0.0010657847,-0.021929404,0.0010774896
2020-12-22,0.0034539714,0.0012787596,0.107874945,0.0031780913,0.0032736673,0.003218235,0.00321635,0.0014352218,-0.013014687,0.0034233644,0.0035719364,0.0032277717,0.00046054425,0.0010354609,0.0033728196,0.0033489405,0.0035658716,0.0035509556,-0.01930811,0.0034979521
2020-12-23,5.977752e-05,-0.0021435977,0.10635445,-0.0002118334,-8.8667846e-05,-7.164327e-05,-0.00016909686,-0.0019845278,-0.016678398,6.532075e-05,0.00018163922,-0.00014947203,-0.0029760064,-0.0023916797,-4.3316162e-05,-1.607684e-05,0.0001532525,0.00015039148,-0.02307829,0.00010303559
2020-12-24,0.0065191626,0.004409933,0.109876126,0.0062454133,0.006531687,0.0063694506,0.0063133254,0.0045632212,-0.00962217,0.006517151,0.0066588535,0.006326863,0.003606127,0.0041700467,0.0063968166,0.006439687,0.0066417023,0.0066186353,-0.015801704,0.0065427213
2020-12-28,5.2028918e-05,-0.0021435977,0.10635445,-0.00022212265,-7.553247e-05,-1.9913889e-05,-0.0001784548,-0.0019845278,-0.016678398,2.1921122e-05,0.0001929045,-0.00014479307,-0.0029760064,-0.0023916797,-8.822826e-05,-8.130667e-05,0.00015270116,7.793459e-05,-0.02307829,9.0734684e-05
2020-12-29,-5.096791e-05,-0.0021435977,0.10635445,-0.00020838378,-0.000103151775,-9.588001e-05,-0.00017911044,-0.0019845278,-0.016678398,-8.593348e-05,0.00020806643,-0.00015408394,-0.0029760064,-0.0023916797,-8.470414e-05,-7.3759235e-05,0.00017145427,0.00013999047,-0.02307829,0.00012988748
2020-12-30,-6.201712e-05,-0.0021435977,0.10635445,-0.00022706983,-8.784083e-05,-0.000207974,-0.0001907408,-0.0019845278,-0.016678398,-0.00010049192,0.00020883384,-0.00015066413,-0.0029760064,-0.0023916797,-6.9385744e-05,-5.819497e-05,0.0001204774,2.9163086e-05,-0.02307829,0.00011894258
2020-12-31,0.0025749519,0.00044341537,0.10696645,0.002425687,0.00246554,0.002447845,0.0023830622,0.00060060027,-0.013902096,0.0025112196,0.0027726754,0.002433592,-0.00037740765,0.00019986334,0.0025089025,0.0024859174,0.002703981,0.0026672422,-0.02021773,0.0026993393
2021-01-04,-3.3339835e-05,-0.0021435977,0.10635445,-0.00016874669,-0.00013509986,-0.00014618633,-0.00018351374,-0.0019845278,-0.016678398,-3.778038e-05,0.00020407292,-0.0001226872,-0.0029760064,-0.0023916797,-8.5560954e-05,-9.1335154e-05,0.00014928135,0.00015267881,-0.02307829,0.00012615474
2021-01-05,-7.0839887e-06,-0.0021435977,0.10635445,-0.00012586114,-0.00011284498,-8.099375e-05,-0.00018016843,-0.0019845278,-0.016678398,-2.3683882e-05,0.00021830352,-0.000142692,-0.0029760064,-0.0023916797,-6.075797e-05,-7.472781e-05,0.00014729204,0.00011868926,-0.02307829,0.00013554248
2021-01-06,0.0027112006,0.00055808725,0.109190315,0.002624975,0.0026035993,0.0025887578,0.0025245934,0.0007178724,-0.014032466,0.0026951372,0.0029239221,0.0025548204,-0.0002772942,0.00030975195,0.002668166,0.0026755868,0.0028343066,0.0028079986,-0.020456655,0.002845609
2021-01-07,0.0061031817,0.0038864627,0.116330944,0.005926804,0.0059512495,0.0059471666,0.0058923005,0.0040511354,-0.011157608,0.006016107,0.006252797,0.005886422,0.0030243113,0.0036297753,0.0060556545,0.006027372,0.006168933,0.006198296,-0.017782321,0.006194228
2021-01-08,7.103535e-05,-0.0021435977,0.10635445,-0.00018647162,-0.0001567587,2.6078545e-05,-0.00018258987,-0.0019845278,-0.016678398,-3.0657626e-05,0.00016066583,-0.00018899736,-0.0029760064,-0.0023916797,-1.0906137e-05,-1.5048659e-05,9.1762864e-05,5.0352537e-05,-0.02307829,9.425136e-05
2021-01-11,0.0015305966,-0.00063586084,0.10629131,0.001213269,0.0013459414,0.0014649496,0.001296708,-0.0004794508,-0.0149299335,0.0015045718,0.0016121656,0.0012586132,-0.0014542699,-0.00087979285,0.0014748216,0.0013912633,0.0015975923,0.0015139446,-0.02122411,0.001574786
2021-01-12,-2.9391027e-05,-0.0021435977,0.10635445,-0.00030198542,-0.00013255177,2.2092485e-05,-0.00017799286,-0.0019845278,-0.016678398,-3.9151288e-05,0.00015270861,-0.0002028629,-0.0029760064,-0.0023916797,-5.1332987e-05,-5.519984e-05,0.00012905302,0.00014708342,-0.02307829,0.00011456164
2021-01-13,3.0854368e-05,-0.0021435977,0.10635445,-0.00024662015,-0.00011840311,-4.356203e-05,-0.00022712944,-0.0019845278,-0.016678398,6.479176e-05,0.00015791657,-0.00018036959,-0.0029760064,-0.0023916797,-3.968773e-05,-5.8217323e-05,5.9844577e-05,6.3912594e-05,-0.02307829,8.555653e-05
2021-01-14,6.067159e-05,-0.0021435977,0.10635445,-0.000114066876,-0.0001144096,-0.000114946044,-0.00022371707,-0.0019845278,-0.016678398,9.504112e-05,0.00016812386,-0.000110989786,-0.0029760064,-0.0023916797,-5.7621277e-05,-2.0979322e-05,5.552324e-05,-2.225337e-05,-0.02307829,8.598121e-05
2021-01-15,3.356638e-05,-0.0021435977,0.10635445,6.680342e-05,-2.9055751e-05,-6.81415e-05,-0.00016020832,-0.0019845278,-0.016678398,6.304833e-05,0.00013982656,-9.950099e-05,-0.0029760064,-0.0023916797,8.712115e-05,-8.8772154e-05,0.00010414573,3.0466937e-05,-0.02307829,8.948299e-05
2021-01-19,6.544741e-05,-0.0021435977,0.10635445,8.9080655e-05,7.626566e-05,-6.9393194e-05,-0.00016877649,-0.0019845278,-0.016678398,9.092095e-05,0.00013351592,-9.769795e-05,-0.0029760064,-0.0023916797,-1.7447746e-05,-6.792543e-05,0.000109629356,6.115588e-05,-0.02307829,8.3693885e-05
2021-01-20,6.6483044e-05,-0.0021435977,0.10635445,9.8453485e-05,-3.556756e-05,4.5091147e-06,-0.0001759365,-0.0019845278,-0.016678398,2.0982348e-05,0.00014636072,-9.4926334e-05,-0.0029760064,-0.0023916797,-3.2795942e-05,8.1748e-06,0.00013317319,2.2867345e-05,-0.02307829,9.8721706e-05
2021-01-21,4.2410218e-05,-0.0021435977,0.10635445,4.088285e-05,-4.0112413e-05,2.5929534e-05,-0.00017686037,-0.0019845278,-0.016678398,1.0000193e-05,0.00014440122,-0.00016470102,-0.0029760064,-0.0023916797,-8.373556e-05,3.113749e-05,0.00012634101,1.1414522e-06,-0.02307829,0.00010715576
2021-01-22,0.003155218,0.0008770466,0.10804239,0.0027658804,0.0029458418,0.0030397712,0.002848172,0.001034686,-0.013520999,0.002994032,0.0031628623,0.0029175072,5.2908086e-05,0.000632228,0.0029345169,0.0029379665,0.002996014,0.0030183508,-0.019860117,0.003133276
2021-01-25,0.00012156519,-0.0021435977,0.10635445,-0.00030004082,-8.604524e-05,-0.00011696515,-0.00016950665,-0.0019845278,-0.016678398,3.668072e-05,0.00013412687,-0.00013168005,-0.0029760064,-0.0023916797,-6.560085e-05,-8.175371e-05,1.5625381e-05,-5.519367e-06,-0.02307829,9.9727535e-05
2021-01-26,0.000100748264,-0.0021435977,0.10635445,-0.00028174964,-0.000112509704,-0.00011706946,-0.00018489955,-0.0019845278,-0.016678398,1.8404447e-05,0.000122064375,-0.00016854552,-0.0029760064,-0.0023916797,-5.9126294e-05,-8.007861e-06,0.000118070864,-6.789563e-05,-0.02307829,8.4461295e-05
2021-01-27,0.00010338577,-0.0021435977,0.10635445,-0.00017136184,-9.0329326e-05,-8.9405454e-05,-0.0001805037,-0.0019845278,-0.016678398,6.629678e-05,0.00011767598,-0.00012742577,-0.0029760064,-0.0023916797,-1.8990017e-05,-7.147936e-05,7.454457e-05,-1.672504e-05,-0.02307829,8.813443e-05
2021-01-28,0.0009630412,-0.0012901857,0.10619275,0.00055977853,0.0007573754,0.00075380655,0.00067788514,-0.0011330753,-0.015658101,0.00089148583,0.0009274647,0.000709714,-0.0021130429,-0.0015356377,0.00079986604,0.00077162834,0.00094117376,0.0008944139,-0.021984762,0.0009350345
2021-01-29,0.00015024992,-0.0021435977,0.10635445,-0.00024589745,-9.7757555e-05,-9.986607e-05,-0.00015686301,-0.0019845278,-0.016678398,4.652294e-05,0.000116804265,-0.00012351421,-0.0029760064,-0.0023916797,0.00011202844,-7.420627e-05,8.531066e-05,9.28283e-05,-0.02307829,9.6777105e-05
2021-02-01,0.0014835835,-0.0007857218,0.107496865,0.0011479423,0.0012622789,0.0012828127,0.0011644528,-0.0006266668,-0.015318101,0.0013588533,0.0014555916,0.0011759192,-0.0016178846,-0.0010332897,0.0013734341,0.001375565,0.0014712304,0.0014137939,-0.021716638,0.001476565
2021-02-02,0.00015286508,-0.0021435977,0.10635445,-0.00021468697,-0.0001034647,-3.675965e-05,-0.00018618105,-0.0019845278,-0.016678398,-1.0719872e-05,0.000109227025,-0.00019376574,-0.0029760064,-0.0023916797,-2.5919056e-05,2.6762718e-06,9.6635544e-05,3.0660653e-05,-0.02307829,0.00011721405
2021-02-03,0.0029709353,0.0006991044,0.1075435,0.0025748773,0.0027137785,0.0027352585,0.0026810109,0.0008564085,-0.013668148,0.0028159781,0.0028937324,0.0026069297,-0.00012320129,0.00045488926,0.0027611046,0.002790378,0.002873884,0.0028788163,-0.019993616,0.0029616966
2021-02-04,8.517527e-06,-0.0021435977,0.10635445,-0.00026737747,-0.0001259729,0.00011802616,-0.00015742925,-0.0019845278,-0.016678398,-5.524454e-05,7.29725e-05,-0.00018111465,-0.0029760064,-0.0023916797,-3.518758e-05,4.1873776e-05,0.00011713954,5.7035708e-05,-0.02307829,0.00011442753
2021-02-05,-4.175154e-05,-0.0021435977,0.10635445,-0.0002472609,-0.00013012288,2.5281333e-05,-0.00013825891,-0.0019845278,-0.016678398,-0.0001009464,7.388147e-05,-0.00018403528,-0.0029760064,-0.0023916797,2.2777938e-05,-2.4846173e-05,5.5187964e-05,4.2760395e-05,-0.02307829,0.00012300315
2021-02-08,3.603997e-05,-0.0021435977,0.10635445,-0.00028110144,-0.00010717509,-4.2332686e-05,-0.00014912931,-0.0019845278,-0.016678398,-4.8889196e-05,7.6369965e-05,-0.00019729731,-0.0029760064,-0.0023916797,1.8002116e-05,-2.738682e-05,8.5236155e-05,3.5987818e-05,-0.02307829,0.00012254121
2021-02-09,3.6874437e-05,-0.0021435977,0.10635445,-0.00017223356,-0.00010692177,-3.9792038e-05,-0.00015302596,-0.0019845278,-0.016678398,-2.8958893e-05,9.502622e-05,-0.00020721403,-0.0029760064,-0.0023916797,1.6802573e-05,-4.2168773e-05,8.378329e-05,9.136053e-05,-0.02307829,0.00011560472
2021-02-10,5.039724e-05,-0.0021435977,0.10635445,-0.00013735739,-5.984155e-05,-5.4246164e-05,-0.00015607325,-0.0019845278,-0.016678398,1.6661012e-05,6.951543e-05,-0.00017573533,-0.0029760064,-0.0023916797,-8.626259e-06,-2.8876937e-05,8.2404935e-05,7.692131e-05,-0.02307829,0.00010728242
2021-02-11,3.152492e-05,-0.0021435977,0.10635445,-0.00022039411,-9.1223395e-05,-7.502583e-05,-0.000171414,-0.0019845278,-0.016678398,-5.4746633e-06,6.500038e-05,-0.00019493548,-0.0029760064,-0.0023916797,1.0849559e-05,-1.8164283e-06,0.0001563296,0.00010157528,-0.02307829,9.54062e-05
2021-02-12,4.9138092e-05,-0.0021435977,0.10635445,-0.00018475798,-8.457003e-05,-5.803851e-05,-0.00018098054,-0.0019845278,-0.016678398,6.831589e-05,9.051862e-05,-0.00020843593,-0.0029760064,-0.0023916797,-2.6693917e-05,-4.5931316e-05,0.00014698657,0.00012689235,-0.02307829,9.842368e-05
2021-02-16,-5.496142e-05,-0.0022934512,0.10603622,-0.0002811834,-0.0002502635,-0.00021046249,-0.0003260061,-0.0021344782,-0.016818201,-0.000118820346,-0.00012213585,-0.00027716008,-0.0031251223,-0.0025410862,-0.00021023152,-0.00019893644,-2.3706234e-05,-0.000100700534,-0.023213504,-6.36935e-05
2021-02-17,0.00011111202,-0.0021435977,0.10635445,-0.0001195058,-0.00010902283,3.600272e-05,-0.0001618102,-0.0019845278,-0.016678398,4.3632113e-05,4.279765e-05,-0.00016283093,-0.0029760064,-0.0023916797,3.127905e-05,0.0001525745,0.00014721008,0.00012049975,-0.02307829,8.7806606e-05
2021-02-18,2.3068511e-05,-0.0021435977,0.10635445,-0.00012397615,-0.00011660752,1.2868666e-05,-0.00018264202,-0.0019845278,-0.016678398,-2.8297072e-06,7.6116645e-05,-0.00018571911,-0.0029760064,-0.0023916797,1.46195525e-05,0.00012733939,0.00012118521,4.6359026e-05,-0.02307829,9.842368e-05
2021-02-19,-1.723913e-05,-0.0021435977,0.10635445,-0.00016786007,-0.00013855693,7.313641e-05,-0.00017095206,-0.0019845278,-0.016678398,-6.5690256e-05,4.051777e-05,-0.00022061763,-0.0029760064,-0.0023916797,8.358213e-05,1.4664256e-05,-2.737192e-05,-1.0883785e-05,-0.02307829,0.00013367238
2021-02-22,0.0034312396,0.0011940912,0.11075385,0.003165239,0.0032099946,0.0032149344,0.0031733452,0.0013545543,-0.013474373,0.0032885163,0.0034466325,0.003088185,0.00035391154,0.00094385596,0.003368908,0.0034208684,0.0033090874,0.003215359,-0.019933475,0.003461489
2021-02-23,3.729167e-05,-0.0021435977,0.10635445,-0.000182344,-0.00012607721,-7.053313e-05,-0.00017041562,-0.0019845278,-0.016678398,-2.1441258e-05,0.000119091594,-0.00025233475,-0.0029760064,-0.0023916797,7.299485e-05,-2.468971e-05,5.4211938e-05,-1.9325293e-05,-0.02307829,0.000104101025
2021-02-24,8.165988e-05,-0.0021435977,0.10635445,-0.00017919985,-0.00010009704,-7.6463795e-05,-0.00017604826,-0.0019845278,-0.016678398,-1.4512218e-05,0.00011415931,-0.00022294966,-0.0029760064,-0.0023916797,4.5934343e-05,1.2308592e-06,6.255659e-05,-4.818139e-05,-0.02307829,0.00012941065
2021-02-25,8.821639e-05,-0.0021435977,0.10635445,-0.00014185754,-0.00013422815,-4.0365732e-05,-0.0001682624,-0.0019845278,-0.016678398,6.0588354e-06,0.00016933086,-0.00022490171,-0.0029760064,-0.0023916797,3.93542e-06,-7.830409e-05,6.9567584e-05,-0.000104686595,-0.02307829,0.00011171552
2021-02-26,0.0036486103,0.0014648378,0.110117584,0.0034406944,0.0034893467,0.0034885495,0.003439629,0.0016241312,-0.013089975,0.0035966574,0.0036670729,0.0036577894,0.00063138606,0.0012168378,0.0035189628,0.003549063,0.003689745,0.0035040467,-0.019498816,0.0036997362
2021-03-01,0.0034500672,0.0012351364,0.10963104,0.003160627,0.0032731905,0.0033977493,0.003171587,0.0013936401,-0.013255468,0.0033887937,0.0034919246,0.003261955,0.0004051939,0.000987874,0.0034640296,0.0033688783,0.003451088,0.0032810732,-0.019636383,0.0034803837
2021-03-02,0.0001250148,-0.0021435977,0.10635445,-0.00016995368,-7.189659e-05,-5.7606376e-05,-0.00016566215,-0.0019845278,-0.016678398,3.8871192e-05,0.00011330994,3.1316304e-05,-0.0029760064,-0.0023916797,5.655887e-05,-1.6599661e-06,5.437585e-05,-6.0176826e-05,-0.02307829,0.00011906924
2021-03-03,0.0075307502,0.005337903,0.11302728,0.007297428,0.007339449,0.0073238476,0.007273005,0.005494693,-0.009009218,0.0074714213,0.0075945347,0.007446134,0.0045158505,0.0050927564,0.0074249892,0.007442893,0.0074276193,0.0073961257,-0.015327377,0.0075527295
2021-03-04,0.0036738827,0.0014987156,0.10727845,0.0034429147,0.003482686,0.0036166324,0.0034021973,0.0016533077,-0.0126344245,0.0036423965,0.0037118136,0.0033716797,0.00068949314,0.0012576744,0.0035562231,0.0036034673,0.0036089509,0.0035144999,-0.018857783,0.003705935
2021-03-05,0.00011623802,-0.0021435977,0.10635445,-0.00015763787,4.9838447e-05,2.6294612e-05,-0.00015449373,-0.0019845278,-0.016678398,1.522305e-05,0.00012851658,-3.7206686e-05,-0.0029760064,-0.0023916797,-4.253385e-05,-5.8634556e-05,5.1498646e-06,-4.148332e-05,-0.02307829,0.00011752697
2021-03-08,5.579146e-05,-0.0021435977,0.10635445,-0.00016517786,-8.4808446e-05,-4.38228e-05,-0.0001747146,-0.0019845278,-0.016678398,2.7507776e-06,8.122029e-05,-9.709445e-05,-0.0029760064,-0.0023916797,-7.909385e-05,-4.0276325e-05,-5.6146062e-05,7.1750605e-05,-0.02307829,0.000124985
2021-03-09,5.8265054e-05,-0.0021435977,0.10635445,-0.000121644116,-9.991822e-05,-9.088812e-05,-0.00018383411,-0.0019845278,-0.016678398,-1.2463308e-05,0.00012136402,-0.00019997207,-0.0029760064,-0.0023916797,-4.5305467e-05,1.8194551e-06,-2.2439635e-05,-4.0768064e-05,-0.02307829,0.00013905915
2021-03-10,4.833343e-05,-0.0021435977,0.10635445,-0.0001246467,-0.00012422202,9.320828e-05,-0.00016198901,-0.0019845278,-0.016678398,-1.4840043e-05,6.6483044e-05,-0.00015405414,-0.0029760064,-0.0023916797,7.3292875e-05,-7.561443e-05,3.29467e-06,-4.4009066e-05,-0.02307829,0.00013695064
2021-03-11,-0.0003691822,-0.002603373,0.10605461,-0.0006173089,-0.0005636498,-0.00042367575,-0.00061211584,-0.0024435804,-0.017205006,-0.00036536006,-0.00039256958,-0.0006158933,-0.0034392686,-0.002852051,-0.00033610908,-0.00047228334,-0.0004135355,-0.00041054783,-0.023633702,-0.0003189951
2021-03-12,0.00011419656,-0.0021435977,0.10635445,-0.00016783027,-8.433906e-05,-2.5740243e-05,-0.00017770973,-0.0019845278,-0.016678398,8.685293e-05,9.850564e-05,-0.00021207181,-0.0029760064,-0.0023916797,9.669515e-05,-4.44263e-05,3.4967088e-05,2.7494156e-05,-0.02307829,0.00012868794
2021-03-15,2.0915293e-05,-0.0021435977,0.10635445,-0.00012817828,-9.360013e-05,-7.84829e-05,-0.00019965915,-0.0019845278,-0.016678398,0.00018558803,0.00011392834,-0.00025831757,-0.0029760064,-0.0023916797,5.425536e-06,-6.135402e-05,3.12865e-05,7.4967975e-06,-0.02307829,0.00010571035
2021-03-16,5.8287405e-05,-0.0021435977,0.10635445,-0.00015366671,-0.00013807265,6.1371946e-05,-0.00017659215,-0.0019845278,-0.016678398,0.00015097263,0.000107945525,-0.00025967357,-0.0029760064,-0.0023916797,-9.803451e-06,-7.323024e-05,4.704448e-05,-2.7552014e-06,-0.02307829,0.000100383186
2021-03-17,1.45673985e-05,-0.0021435977,0.10635445,-0.00015871075,-0.00011472998,4.6731555e-05,-0.0001656398,-0.0019845278,-0.016678398,0.00012201967,0.000103579485,-0.00028110144,-0.0029760064,-0.0023916797,-7.0392853e-06,0.0001114324,7.10875e-05,-8.044299e-08,-0.02307829,0.00011920335
2021-03-18,1.4470541e-05,-0.0021435977,0.10635445,-0.00024179963,-9.400991e-05,3.7328922e-05,-0.00016493944,-0.0019845278,-0.016678398,0.00014873,0.0001789272,-0.00025500206,-0.0029760064,-0.0023916797,1.1996948e-05,6.7891204e-05,6.614777e-05,-3.1939126e-05,-0.02307829,0.00013438764
2021-03-19,-0.0012345522,-0.0033725412,0.10499946,-0.0013730064,-0.0013042152,-0.0011928439,-0.0013852849,-0.0032135532,-0.017901963,-0.001091218,-0.0010756239,-0.0015092924,-0.004204503,-0.0036204816,-0.0012023806,-0.0011223912,-0.0012141824,-0.0012533203,-0.024299307,-0.0010870084
2021-03-22,0.0002281979,-0.0018763602,0.10497082,2.8552138e-05,9.1777765e-05,0.00031641277,8.6241984e-05,-0.0017199799,-0.016176378,0.0003096849,0.00033828022,-1.1368073e-05,-0.0026950971,-0.0021204115,0.00031115266,0.0003109813,0.00033253583,0.00021833333,-0.022472909,0.0003605351
2021-03-23,-5.8844453e-06,-0.0021435977,0.10635445,-1.852808e-05,-0.00012344716,2.1310174e-05,-0.00018773077,-0.0019845278,-0.016678398,4.7983252e-05,0.00012844207,-0.0003024697,-0.0029760064,-0.0023916797,1.882913e-05,6.7131245e-05,6.7533576e-05,0.000106284046,-0.02307829,0.00014617445
2021-03-24,0.0012791395,-0.00082208065,0.10439524,0.0012664214,0.0011311785,0.0012519524,0.0010651067,-0.0006688073,-0.014845816,0.0013468281,0.0013507247,0.0009887383,-0.0016251191,-0.0010619223,0.001211682,0.0013251469,0.0012960226,0.0013035625,-0.02102129,0.001403147
2021-03-25,0.0027119308,0.0005823836,0.10875196,0.0025344728,0.0026047616,0.002720864,0.0025358363,0.00074099156,-0.013910485,0.0027582212,0.0028288155,0.0024224757,-0.00024752168,0.0003353596,0.0027252003,0.002762766,0.0027839555,0.002803476,-0.020291863,0.0028865202
2021-03-26,3.12716e-05,-0.0021435977,0.10635445,-0.00018945185,-0.00015299616,-3.9359904e-05,-0.00018320826,-0.0019845278,-0.016678398,6.364437e-05,8.3299004e-05,-0.00031465886,-0.0029760064,-0.0023916797,-4.9664057e-05,0.000111782574,9.682181e-05,4.9823546e-05,-0.02307829,0.00014130177
2021-03-29,9.3811774e-05,-0.0021435977,0.10635445,-0.000164403,-0.00013986824,0.00010520371,-0.00017187593,-0.0019845278,-0.016678398,3.793987e-05,-2.6783324e-05,-0.00023929623,-0.0029760064,-0.0023916797,-8.797494e-05,7.844868e-05,0.00013359787,-3.1015254e-05,-0.02307829,0.00015077146
2021-03-30,5.1216804e-05,-0.0021435977,0.10635445,-0.00015200523,-0.00012288836,8.787366e-05,-0.00019627658,-0.0019845278,-0.016678398,4.681351e-05,-4.6423054e-05,-0.00024492142,-0.0029760064,-0.0023916797,-6.679294e-05,0.00012225064,0.00011721405,-3.5747653e-06,-0.02307829,0.00015140476
2021-03-31,-2.2298074e-05,-0.0021435977,0.10635445,-0.00018880365,-0.00013670919,5.462789e-06,-0.00017639098,-0.0019845278,-0.016678398,1.8732273e-05,4.553201e-05,-0.00032916514,-0.0029760064,-0.0023916797,-9.888259e-05,4.474225e-05,0.00014063867,-5.098281e-05,-0.02307829,0.00012343528
2021-04-01,1.5260302e-05,-0.0021435977,0.10635445,-0.0001534581,-0.00012919155,-1.9071973e-05,-0.00015474705,-0.0019845278,-0.016678398,0.00015540572,-1.1517084e-05,-0.0003127813,-0.0029760064,-0.0023916797,-6.24269e-05,9.7559416e-05,0.00014835747,-5.5825687e-05,-0.02307829,0.00014981779
2021-04-05,4.757347e-05,-0.0021435977,0.10635445,-0.00014024077,-0.00014240888,-2.2782362e-05,-0.00015500782,-0.0019845278,-0.016678398,0.00020779076,-9.548513e-05,-0.0002997875,-0.0029760064,-0.0023916797,-6.4147986e-05,4.1843974e-05,0.00014326128,-7.6732016e-05,-0.02307829,0.00016024115
2021-04-06,4.8922026e-05,-0.0021435977,0.10635445,-0.00012568233,-0.00014244614,2.4044537e-05,-0.00018263457,-0.0019845278,-0.016678398,0.00018105062,-2.0159758e-05,-0.00026990322,-0.0029760064,-0.0023916797,3.0295574e-05,4.591199e-05,9.92358e-05,-6.717292e-05,-0.02307829,0.00014100375
2021-04-07,4.603865e-05,-0.0021435977,0.10635445,-0.00012174097,-0.0001214802,-5.5147684e-05,-0.00015947816,-0.0019845278,-0.016678398,0.00014872255,9.054842e-05,-0.00030205993,-0.0029760064,-0.0023916797,2.678635e-05,3.319385e-05,0.00011852535,-5.920825e-05,-0.02307829,0.00013201835
2021-04-08,7.1132206e-05,-0.0021435977,0.10635445,-4.6184636e-05,-0.00013922749,-9.419618e-05,-0.00016824005,-0.0019845278,-0.016678398,3.1092786e-05,4.8936927e-05,-0.00032423285,-0.0029760064,-0.0023916797,-6.905792e-05,1.3636076e-05,0.0001320407,-8.2752085e-05,-0.02307829,9.4594085e-05
2021-04-09,8.737447e-05,-0.0021435977,0.10635445,-0.00010564772,-0.00012182293,-7.846055e-05,-0.00017700193,-0.0019845278,-0.016678398,7.0476555e-05,7.076713e-05,-0.0003377333,-0.0029760064,-0.0023916797,-6.1026192e-05,5.258026e-05,0.00014648738,-7.0182956e-05,-0.02307829,0.00010670128
2021-04-12,0.002217078,0.000111529254,0.104294926,0.002041386,0.0020710914,0.002084562,0.0019532605,0.00026334228,-0.013775406,0.0021589487,0.0022328063,0.001846464,-0.0006834775,-0.00012577919,0.0022131293,0.0021797507,0.0022695526,0.0020920127,-0.019890701,0.0022472083
2021-04-13,8.324685e-05,-0.0021435977,0.10635445,-0.00013570336,-0.0001240134,-2.133695e-05,-0.00015462039,-0.0019845278,-0.016678398,0.00011942687,0.00012918713,-0.00031361578,-0.0029760064,-0.0023916797,-3.392843e-05,1.5424215e-05,0.00014022889,-1.2820936e-05,-0.02307829,0.00012137892
2021-04-14,0.0036851033,0.0014900357,0.11005182,0.0034857257,0.0034977808,0.0034761368,0.0034860163,0.0016492769,-0.0130573865,0.0036911606,0.0037626638,0.0033235713,0.00065686705,0.001242125,0.0035355776,0.0035262494,0.003576429,0.0037846877,-0.019462882,0.0037330776
2021-04-15,4.382583e-05,-0.0021435977,0.10635445,-8.987484e-05,-9.284762e-05,-0.00010976789,-0.00015124527,-0.0019845278,-0.016678398,0.00010991248,0.00010863843,-0.00030129997,-0.0029760064,-0.0023916797,7.608556e-06,-1.7827726e-05,0.00012798014,0.00015811028,-0.02307829,0.00012587907
2021-04-16,-0.0019791336,-0.004164836,0.10079261,-0.0021459744,-0.0021936283,-0.0021449835,-0.002244024,-0.0040109665,-0.01822601,-0.002012527,-0.0019467234,-0.0023591653,-0.004969491,-0.0044046775,-0.0021144138,-0.0020074532,-0.0019090757,-0.0019628466,-0.024417108,-0.0019486829
2021-04-19,0.0038446425,0.0016311273,0.110514276,0.0036188974,0.003713572,0.0037109195,0.0036302148,0.0017909721,-0.012977308,0.0038269772,0.003904657,0.0034887656,0.0007944942,0.001382263,0.0037297471,0.0038513779,0.003923455,0.0039090156,-0.019409453,0.0039059534
2021-04-20,8.0475234e-05,-0.0021435977,0.10635445,-8.701382e-05,-5.7755387e-05,-6.996689e-05,-0.00013261882,-0.0019845278,-0.016678398,7.8679645e-05,9.4758e-05,-0.00028708426,-0.0029760064,-0.0023916797,-5.8969832e-05,3.5339617e-05,0.00013901445,0.00013245794,-0.02307829,0.00011801126
2021-04-21,0.0062629445,0.004029745,0.11486437,0.006152862,0.0060903965,0.006102228,0.0060539856,0.004191601,-0.010780988,0.0063217073,0.006257163,0.0058658808,0.00318093,0.0037768572,0.0062789633,0.006194593,0.006312722,0.0063212602,-0.017302921,0.0063141673
2021-04-22,9.735825e-05,-0.0021435977,0.10635445,-6.164459e-05,-0.000107257045,-8.438376e-05,-0.00014870462,-0.0019845278,-0.016678398,0.0001556814,9.3454146e-05,-0.00034506468,-0.0029760064,-0.0023916797,-2.9748655e-05,2.280774e-05,0.00011957588,0.00012524577,-0.02307829,0.00011200609
2021-04-23,6.574544e-05,-0.0021435977,0.10635445,-8.42124e-05,-5.1861978e-05,-8.423475e-05,-0.00013764051,-0.0019845278,-0.016678398,0.00013506564,0.000105769956,-0.00031028537,-0.0029760064,-0.0023916797,2.254697e-05,-3.4397817e-05,0.00012176635,0.00010899606,-0.02307829,9.4594085e-05
2021-04-26,5.9941434e-05,-0.0021435977,0.10635445,-0.00014233438,-1.8058694e-05,-5.2838004e-05,-0.00016016362,-0.0019845278,-0.016678398,0.00013314339,8.616748e-05,-0.00026165543,-0.0029760064,-0.0023916797,-2.3370958e-05,-2.2871769e-05,0.000115656876,9.606185e-05,-0.02307829,0.000111797475
2021-04-27,5.2230083e-05,-0.0021435977,0.10635445,-8.704362e-05,-9.034423e-05,-4.598347e-05,-0.00013852713,-0.0019845278,-0.016678398,0.00014714303,2.8388225e-05,-0.00023483334,-0.0029760064,-0.0023916797,-0.00010106561,-2.5166548e-05,0.00011044147,0.00012519362,-0.02307829,0.00012303295
2021-04-28,0.0012959555,-0.0008687809,0.10466822,0.001149492,0.0011260376,0.0011756137,0.0010959,-0.0007146433,-0.014966926,0.0013227478,0.0012495905,0.00096805545,-0.0016759023,-0.001109539,0.0011603028,0.0012310684,0.0013122127,0.001341404,-0.021174898,0.0013180316
2021-04-29,0.0017930582,-0.0004075229,0.1055083,0.0016464979,0.0016519368,0.0017127708,0.0015605852,-0.0002518281,-0.014626278,0.0018097773,0.0017201543,0.0014978811,-0.0012212306,-0.00064948795,0.0016447097,0.0017058715,0.0018044129,0.0017892212,-0.02088662,0.001802662
2021-04-30,0.000120909535,-0.0021435977,0.10635445,-1.7717248e-06,-1.3171113e-05,5.499425e-05,-0.00012212095,-0.0019845278,-0.016678398,5.537423e-05,6.375613e-05,-0.00023071317,-0.0029760064,-0.0023916797,-5.032716e-05,5.373382e-06,0.00013403001,0.00010156038,-0.02307829,9.925815e-05
2021-05-03,0.002312438,7.081183e-05,0.10718846,0.0021090521,0.0020805388,0.0021819635,0.0020734458,0.00022731128,-0.0142402705,0.0022713258,0.0021790802,0.0019085795,-0.0007487893,-0.00017357466,0.002049604,0.0022439077,0.0023079156,0.0022730394,-0.020542009,0.002285683
2021-05-04,0.0040260567,0.0018266455,0.108878724,0.0038373708,0.0038682907,0.0039343475,0.0037908345,0.0019832193,-0.012483781,0.0040878966,0.0041299625,0.003680767,0.0010071859,0.0015825868,0.0038267686,0.0039512604,0.0040344684,0.0040648817,-0.018785259,0.0040409504
2021-05-05,7.29427e-05,-0.0021435977,0.10635445,-0.00010642258,-9.000895e-05,-8.216477e-06,-0.00012928841,-0.0019845278,-0.016678398,0.00023257884,0.00024754705,-0.00019907055,-0.0029760064,-0.0023916797,-4.892645e-05,2.139213e-05,0.000108198845,9.065273e-05,-0.02307829,9.86174e-05
2021-05-06,0.0017241702,-0.000492385,0.10893542,0.0016052962,0.0015374959,0.0017263159,0.00156627,-0.00033136306,-0.015198713,0.0016774699,0.0019560917,0.0014695317,-0.0013345167,-0.00074271706,0.0016068235,0.0016824395,0.0018009484,0.001777561,-0.021673633,0.001768218
2021-05-07,0.0038195564,0.0016626731,0.105966054,0.0037067323,0.0036117523,0.0036857142,0.0035996675,0.0018146351,-0.012241697,0.0037552207,0.003972621,0.00348922,0.00086659344,0.0014252156,0.0036643608,0.0037151142,0.0038171797,0.003849612,-0.01836474,0.0038296445
2021-05-10,-0.00055452285,-0.0027455152,0.102974504,-0.00063751487,-0.00075595675,-0.000708355,-0.00080396084,-0.0025912137,-0.016860923,-0.0006063491,-0.0004738405,-0.00087071804,-0.003553784,-0.0029868544,-0.00077178923,-0.00069019047,-0.00053890643,-0.0005890265,-0.023076585,-0.0005541727
2021-05-11,0.00010895135,-0.0021435977,0.10635445,2.3172819e-05,-0.00010813621,-1.9474304e-05,-0.00013552455,-0.0019845278,-0.016678398,8.977356e-05,0.00019036385,-0.00017445383,-0.0029760064,-0.0023916797,-9.4941235e-05,-6.4879423e-06,0.00013946893,3.9258623e-05,-0.02307829,0.00011433812
2021-05-12,0.0001018733,-0.0021435977,0.10635445,-0.00014927832,-0.00010168401,-6.706116e-05,-0.00012890843,-0.0019845278,-0.016678398,9.5890486e-05,0.00019000622,-0.0002087414,-0.0029760064,-0.0023916797,-5.803106e-05,-1.865474e-05,0.00013114663,9.134563e-05,-0.02307829,0.00011636468
2021-05-13,0.00096375647,-0.0012921005,0.105627194,0.00069641473,0.0007399187,0.000779064,0.00069429877,-0.001135385,-0.015613986,0.000891158,0.0010109261,0.00065951946,-0.0021119625,-0.0015362859,0.00077877345,0.0008168981,0.0009458751,0.00093592855,-0.021920113,0.0009384245
2021-05-14,0.00013349357,-0.0021435977,0.10635445,-0.00013130752,-9.934453e-05,-1.8408871e-05,-0.00013220159,-0.0019845278,-0.016678398,8.9862966e-05,0.00018805417,-0.00017623452,-0.0029760064,-0.0023916797,-4.020927e-05,-4.3055392e-05,0.0001178548,0.00012211653,-0.02307829,0.0001282111
2021-05-17,0.00013251754,-0.0021435977,0.10635445,-0.00011557189,-8.034555e-05,-5.455909e-05,-0.00012606976,-0.0019845278,-0.016678398,3.730657e-05,0.00016195478,-0.000105968094,-0.0029760064,-0.0023916797,-9.7243465e-05,-4.661677e-05,0.00011965039,0.000106649124,-0.02307829,0.0001179293
2021-05-18,9.706768e-05,-0.0021435977,0.10635445,3.204646e-05,-9.336916e-05,-3.0083931e-05,-0.00011823175,-0.0019845278,-0.016678398,3.8871192e-05,0.00016123953,-9.2117465e-05,-0.0029760064,-0.0023916797,-9.6729374e-05,-3.9993203e-05,0.000101411366,0.00011927041,-0.02307829,0.00012301805
2021-05-19,0.0031099631,0.0010576636,0.103770025,0.0030505,0.0029915585,0.0030341088,0.0029556467,0.0012072116,-0.012631869,0.0031277551,0.0032635941,0.003024058,0.00027409347,0.00082392397,0.0029914095,0.0030186116,0.0031837537,0.0031738668,-0.018660044,0.0032076775
2021-05-20,-4.0894723e-05,-0.0021589608,0.10349453,2.2569322e-05,-0.0001696035,-0.0001182541,-0.00020558236,-0.002003646,-0.016350081,1.4306628e-05,3.6837184e-05,-0.00019427983,-0.0029710666,-0.0024004714,-0.00013746915,-0.00010465679,1.5379512e-05,-7.370708e-05,-0.02259816,6.0373568e-05
2021-05-21,2.9237592e-05,-0.0021435977,0.10635445,0.0001385078,-0.00011350808,-1.2209988e-05,-0.00013170985,-0.0019845278,-0.016678398,-7.3640025e-05,0.000110910856,-0.00013260392,-0.0029760064,-0.0023916797,-4.6327477e-06,-7.614342e-05,1.2421631e-05,-6.8901456e-05,-0.02307829,0.00011620077
2021-05-24,-0.004485211,-0.006646468,0.09981031,-0.0044047968,-0.0046468065,-0.004557422,-0.0046597184,-0.00649049,-0.020903653,-0.0045201913,-0.004299669,-0.00465492,-0.0074626044,-0.006890102,-0.0045460747,-0.0046008737,-0.00442957,-0.0044399113,-0.027181132,-0.0044111297
2021-05-25,7.759186e-05,-0.0021435977,0.10635445,5.614164e-05,-6.5928674e-05,-4.9790717e-05,-0.00015950052,-0.0019845278,-0.016678398,-9.736395e-06,0.00012443366,-0.0001670107,-0.0029760064,-0.0023916797,2.1472806e-06,-4.1930354e-05,8.9713954e-05,6.1118626e-05,-0.02307829,0.00013098272
2021-05-26,0.000104995095,-0.0021435977,0.10635445,-6.353704e-05,-1.7678714e-05,-3.278104e-05,-0.00014912186,-0.0019845278,-0.016678398,5.258026e-05,0.00015607628,-9.820459e-05,-0.0029760064,-0.0023916797,-1.8356717e-05,-2.659706e-05,0.00010585191,9.7157084e-05,-0.02307829,0.00014655443
2021-05-27,0.003638768,0.0014582366,0.10825266,0.003553824,0.0034998446,0.003524372,0.00338597,0.0016143635,-0.012816099,0.003560701,0.003713028,0.0034362613,0.00064085575,0.0012146771,0.003519246,0.0035395562,0.0036728992,0.0036427765,-0.01910176,0.003706263
2021-05-28,0.00010091218,-0.0021435977,0.10635445,-0.0001752436,-1.3379729e-05,-5.7205325e-06,-0.00016850082,-0.0019845278,-0.016678398,3.1681382e-05,0.00022294524,-8.858589e-05,-0.0029760064,-0.0023916797,-3.1015254e-05,6.1631436e-06,0.00010620209,8.696469e-05,-0.02307829,0.00013880583
2021-06-01,0.00013826194,-0.0021435977,0.10635445,-4.8277434e-07,-1.1688448e-05,2.4446868e-05,-0.00015094725,-0.0019845278,-0.016678398,3.2992684e-05,0.0001949236,-0.0001861736,-0.0029760064,-0.0023916797,-3.5151606e-06,-1.5234924e-05,0.00010531547,0.00013397785,-0.02307829,0.00014176371
2021-06-02,0.00013651105,-0.0021435977,0.10635445,6.242993e-05,-7.256714e-05,-4.599837e-05,-0.00015064923,-0.0019845278,-0.016678398,5.784037e-05,0.00016749057,-0.000196515,-0.0029760064,-0.0023916797,4.15385e-05,-2.6388443e-05,0.00011160376,0.000105129206,-0.02307829,0.00015006366
2021-06-03,0.002746114,0.0005520374,0.10667606,0.0027099117,0.0025820448,0.002608688,0.0024930327,0.00070697966,-0.0136163365,0.0027160286,0.0028031333,0.0024393513,-0.00025931594,0.00031007233,0.0026479228,0.0026244982,0.0027625053,0.002717869,-0.019855408,0.0027677133
2021-06-04,9.6263015e-05,-0.0021435977,0.10635445,-7.181463e-05,-1.929549e-05,-4.9634255e-05,-0.00012797711,-0.0019845278,-0.016678398,0.00012599083,0.0001768783,-0.00014613417,-0.0029760064,-0.0023916797,-2.7029193e-05,-1.6903854e-05,0.00012950005,9.913149e-05,-0.02307829,0.00014777633
2021-06-07,0.0024118214,0.000108332955,0.10946971,0.0021272614,0.0022349372,0.0022522449,0.0021194085,0.00026898237,-0.014568193,0.0023964732,0.0024831533,0.0021898984,-0.0007322192,-0.00014179794,0.0023039891,0.0022493317,0.0023835315,0.0023634299,-0.021030186,0.0024179309
2021-06-08,0.000120790326,-0.0021435977,0.10635445,2.8120005e-05,-5.943922e-05,-3.7705875e-05,-0.00014917401,-0.0019845278,-0.016678398,7.2920346e-05,0.00017305615,-8.67605e-05,-0.0029760064,-0.0023916797,-3.4077442e-05,-1.4445162e-05,0.00012976083,0.00010009261,-0.02307829,0.00015253725
2021-06-09,0.00011459144,-0.0021435977,0.10635445,7.62135e-05,-8.2118786e-05,-6.406603e-05,-0.00013727543,-0.0019845278,-0.016678398,5.977752e-05,2.3984932e-05,-8.331833e-05,-0.0029760064,-0.0023916797,-7.419265e-06,4.2790198e-05,0.00011468085,6.0984516e-05,-0.02307829,0.00012286904
2021-06-10,-0.0012709409,-0.003486915,0.10267728,-0.0013396129,-0.0014330059,-0.0013980031,-0.0014997557,-0.003331168,-0.017722858,-0.0013091996,-0.0013122394,-0.0014951065,-0.0043016584,-0.0037296251,-0.0013344645,-0.0013586193,-0.0012464881,-0.0012744277,-0.023990748,-0.0012815878
2021-06-11,0.000113607966,-0.0021435977,0.10635445,7.1504735e-05,-4.7726906e-05,5.1127397e-05,-0.00012311933,-0.0019845278,-0.016678398,0.000101783895,5.704316e-05,-7.4012554e-05,-0.0029760064,-0.0023916797,-5.432067e-05,6.607326e-05,0.00012400153,0.00012151303,-0.02307829,0.00012434425
2021-06-14,0.0010134444,-0.0012913555,0.107662246,0.00093443843,0.0007639468,0.00083832594,0.00078174623,-0.0011308849,-0.015935896,0.0009733528,0.0008817107,0.00079038145,-0.0021297173,-0.0015406072,0.00077019783,0.00091396424,0.0009875015,0.0009834483,-0.022383643,0.000987576
2021-06-15,0.00014137628,-0.0021435977,0.10635445,-4.712341e-05,-8.5709966e-05,-5.146838e-06,-0.00015848724,-0.0019845278,-0.016678398,0.000116558396,0.00017459842,-7.291732e-05,-0.0029760064,-0.0023916797,-8.060632e-05,-2.1553016e-05,0.000117191696,8.4990286e-05,-0.02307829,0.0001307145
2021-06-16,0.002963373,0.00067507627,0.10983035,0.0027929037,0.0027093156,0.002816902,0.0026883273,0.0008355692,-0.013979552,0.0029430403,0.0029700934,0.0027277037,-0.00016406027,0.00042550417,0.0028418987,0.0028127446,0.002948457,0.0029214858,-0.020431926,0.0029587015
2021-06-17,-0.00072008965,-0.0029394464,0.1040646,-0.00070294586,-0.0009131789,-0.0008479118,-0.00097472814,-0.0027827309,-0.01726344,-0.00068913994,-0.0006921798,-0.00095449237,-0.0037595318,-0.0031839744,-0.0009019658,-0.00085472164,-0.00070237217,-0.00074273197,-0.023570461,-0.00070276705
2021-06-18,-0.0017005563,-0.0039005787,0.100681685,-0.0016514048,-0.0018786326,-0.0018756449,-0.0019608275,-0.0037479461,-0.017863533,-0.0017273783,-0.0016858563,-0.0019104913,-0.0046998397,-0.0041393177,-0.0018413722,-0.0018644839,-0.0017207548,-0.0017094001,-0.024011886,-0.0016922042
2021-06-21,-0.0018972218,-0.0041087405,0.102056205,-0.0018592387,-0.0020192028,-0.0019870833,-0.002158104,-0.0039532618,-0.018314159,-0.0018983096,-0.001744239,-0.0020510093,-0.0049218745,-0.0043513314,-0.0020620436,-0.002048558,-0.0018581658,-0.0018870294,-0.024569092,-0.0018631354
2021-06-22,0.00014188292,-0.0021435977,0.10635445,0.00015875103,-6.295589e-05,-1.6158796e-05,-2.2223569e-05,-0.0019845278,-0.016678398,0.00013952109,0.00016768428,1.0976219e-05,-0.0029760064,-0.0023916797,-2.2387481e-05,-2.9331422e-05,0.00014764967,0.00017149898,-0.02307829,0.00016437622
2021-06-23,8.890184e-05,-0.0021435977,0.10635445,-4.827825e-05,-4.8859394e-05,-3.147719e-05,2.7821981e-05,-0.0019845278,-0.016678398,0.00010018947,0.000120119774,1.05515355e-05,-0.0029760064,-0.0023916797,1.8911087e-05,-4.5424677e-05,0.00012476149,0.0001519114,-0.02307829,0.00014665129
2021-06-24,0.0053925975,0.003154525,0.110911414,0.0053996607,0.005254911,0.0052389815,0.0053155287,0.0033118143,-0.011239199,0.0053176745,0.0054033487,0.005288632,0.0023299097,0.0029088347,0.0054007187,0.0052380725,0.0054192706,0.0054205447,-0.017577467,0.0054120435
2021-06-25,-5.497632e-05,-0.0022946284,0.105623655,-0.00023890135,-0.00016913412,-0.0001765549,-0.0002137631,-0.0021359683,-0.016785553,-6.7098415e-05,-4.3882406e-05,-7.808802e-05,-0.0031242059,-0.0025415258,-0.0001393169,-0.00019415317,-2.545712e-05,9.053969e-06,-0.023165716,-3.0234223e-06
2021-06-28,8.693489e-05,-0.0021435977,0.10635445,-3.4874654e-05,2.8477632e-05,-3.2557524e-05,-0.00012323854,-0.0019845278,-0.016678398,0.00010108354,2.895447e-05,-1.7321086e-05,-0.0029760064,-0.0023916797,-3.1000352e-05,-3.174541e-05,0.00010541978,0.00012393447,-0.02307829,0.00014700892
2021-06-29,6.493332e-05,-0.0021435977,0.10635445,0.000105516636,-2.0599342e-05,-8.387712e-05,-0.00017633883,-0.0019845278,-0.016678398,-3.056077e-05,8.623453e-05,0.00014323147,-0.0029760064,-0.0023916797,2.730044e-05,-4.4240034e-05,0.00010427984,9.402039e-05,-0.02307829,0.00014754536
2021-06-30,6.993266e-05,-0.0021435977,0.10635445,-2.057699e-05,-1.9645668e-05,4.613551e-05,-0.0001625329,-0.0019845278,-0.016678398,1.2674951e-05,0.00020732137,0.00015028717,-0.0029760064,-0.0023916797,-2.5614863e-06,-2.866087e-05,0.00013185444,0.0001384035,-0.02307829,0.00014726969
2021-07-01,0.0040363013,0.0017940715,0.10998039,0.0038560047,0.003875771,0.0039200797,0.0037910878,0.0019523293,-0.012671014,0.0040086894,0.0040401756,0.003902027,0.0009655595,0.0015472263,0.0039253323,0.0038984432,0.0040232777,0.0040310486,-0.019040613,0.004056835
2021-07-02,-9.760854e-05,-0.0022805543,0.1033173,-0.00026025472,-0.00023373065,-0.00018149463,-0.0002959728,-0.0021259473,-0.016413523,-0.00020852534,-1.5346683e-05,-0.00017651019,-0.0030895607,-0.0025216402,-4.754064e-05,-0.00025357155,-0.000101236976,-8.436886e-05,-0.022636486,-8.944271e-05
2021-07-06,8.295628e-05,-0.0021435977,0.10635445,-5.6950725e-05,-7.1702874e-05,7.411244e-05,-0.00014280376,-0.0019845278,-0.016678398,-1.2820936e-05,0.00012118521,9.298476e-05,-0.0029760064,-0.0023916797,0.000106135034,-7.764099e-05,0.00011055323,0.00011442008,-0.02307829,0.00011707994
2021-07-07,0.00010323676,-0.0021435977,0.10635445,-4.149822e-05,2.0676875e-05,6.2377774e-05,-0.00013691036,-0.0019845278,-0.016678398,2.5907182e-05,0.00011664035,-0.000116741634,-0.0029760064,-0.0023916797,7.308426e-05,-6.0781604e-06,0.00010416808,8.172693e-05,-0.02307829,0.00010866078
2021-07-08,-0.0014121741,-0.0035419376,0.099586755,-0.001534535,-0.0014000892,-0.0015056193,-0.0016180709,-0.003391637,-0.017293116,-0.0014779553,-0.0014083221,-0.0016340896,-0.0043289945,-0.0037769736,-0.0015034437,-0.001504986,-0.0014206826,-0.0014585763,-0.023348508,-0.0014012068
2021-07-09,0.00010886195,-0.0021435977,0.10635445,-3.4397817e-05,3.3760094e-05,1.3904297e-05,-0.0001798555,-0.0019845278,-0.016678398,-5.2502728e-05,8.9199864e-05,-0.0001368135,-0.0029760064,-0.0023916797,5.9665763e-05,-4.7734356e-05,6.133469e-05,-9.2758215e-05,-0.02307829,5.5709505e-05
2021-07-12,0.0002885774,-0.0019438326,0.104837954,0.0001011655,0.0002134681,0.00026812556,1.0365271e-05,-0.0017874077,-0.016246436,0.00015224668,0.00024318101,0.00027679058,-0.0027627707,-0.0021878765,0.00016351196,0.00012967142,0.00023931416,8.3179795e-05,-0.022544077,0.0002457291
2021-07-13,9.206089e-05,-0.0021435977,0.10635445,-8.156744e-05,8.287432e-05,0.00011149945,-0.00015797315,-0.0019845278,-0.016678398,2.2450113e-05,7.145258e-05,-6.62565e-05,-0.0029760064,-0.0023916797,-1.3321405e-06,-2.8802431e-05,8.013996e-05,-6.94975e-05,-0.02307829,0.00010840746
2021-07-14,7.564726e-05,-0.0021435977,0.10635445,-0.00010030565,7.690513e-06,-3.859168e-07,-0.000100961304,-0.0019845278,-0.016678398,-3.9613224e-05,0.00010623934,-0.00011940149,-0.0029760064,-0.0023916797,-1.6024685e-05,-5.08785e-05,7.938e-05,-0.00012291817,-0.02307829,0.00012668374
2021-07-15,0.00771545,0.0057925,0.10363261,0.007578106,0.007724592,0.007720941,0.0075841187,0.005933353,-0.007125108,0.007671462,0.007786417,0.007600808,0.005053164,0.005571337,0.007753001,0.0076618805,0.007775293,0.007627712,-0.012814721,0.0078087985
2021-07-16,5.9472048e-05,-0.0021435977,0.10635445,-3.1506992e-05,-3.8368977e-05,9.925687e-06,-0.00016490964,-0.0019845278,-0.016678398,-9.4160205e-06,0.0001539007,-0.000105722225,-0.0029760064,-0.0023916797,3.3141696e-05,-8.245406e-05,8.3448016e-05,-0.00014885364,-0.02307829,0.00010056945
2021-07-19,0.0027101873,0.0005479917,0.10656196,0.0025643646,0.0026395558,0.0026839687,0.0024814545,0.00070288184,-0.013618356,0.002680549,0.0027382686,0.0025522127,-0.00026313064,0.00030629488,0.0027122064,0.0026129275,0.0027227714,0.0025524287,-0.01985628,0.0027625202
2021-07-20,-4.059053e-06,-0.0021435977,0.10635445,-0.00010291336,-5.753187e-05,-5.42996e-06,-0.00017089245,-0.0019845278,-0.016678398,-8.670962e-06,0.000112549984,-5.3650117e-05,-0.0029760064,-0.0023916797,0.00010042789,-4.5149005e-05,8.566084e-05,-4.891155e-05,-0.02307829,0.00010659697
2021-07-21,8.592033e-06,-0.0021435977,0.10635445,-0.0001246765,-7.320789e-05,1.163804e-06,-0.00015453098,-0.0019845278,-0.016678398,2.8261566e-05,8.3306455e-05,-4.2198575e-05,-0.0029760064,-0.0023916797,0.000109495246,-5.522219e-05,0.00012061896,-3.751216e-05,-0.02307829,0.00014273229
2021-07-22,0.0050514727,0.0029317676,0.10928672,0.00485322,0.0049569025,0.0050193383,0.0048706844,0.0030868738,-0.011257848,0.005001576,0.00514912,0.004870513,0.0021190955,0.0026894673,0.005084635,0.0049606427,0.005108708,0.004977004,-0.017506337,0.0051699667
2021-07-23,6.8405294e-05,-0.0021435977,0.10635445,-0.0002317786,-8.790172e-06,-3.5649515e-05,-0.00015744416,-0.0019845278,-0.016678398,3.1323754e-05,9.237381e-05,-0.00011203287,-0.0029760064,-0.0023916797,7.269683e-05,-1.6494072e-05,0.00010405632,2.4453038e-06,-0.02307829,0.0001485959
2021-07-26,6.885978e-05,-0.0021435977,0.10635445,-0.00021578965,-5.9282756e-05,-3.9859093e-05,-0.0001600146,-0.0019845278,-0.016678398,-1.3842946e-06,0.00013134035,-0.00013151614,-0.0029760064,-0.0023916797,0.00013476016,-1.5488244e-05,0.00011458399,6.0232007e-05,-0.02307829,0.0001301706
2021-07-27,7.9722726e-05,-0.0021435977,0.10635445,-0.00015604345,-5.46932e-05,-6.6071516e-06,-0.00014270691,-0.0019845278,-0.016678398,2.6868307e-05,5.1328563e-05,-9.3793846e-05,-0.0029760064,-0.0023916797,0.0001294777,-3.981439e-05,0.000108847045,-1.3834215e-05,-0.02307829,0.00013278576
2021-07-28,7.435086e-05,-0.0021435977,0.10635445,-0.00016544608,-0.00011596677,0.00010299089,-0.0001726955,-0.0019845278,-0.016678398,3.4311437e-05,-4.071591e-05,-0.00023100374,-0.0029760064,-0.0023916797,4.039856e-05,-0.00011801568,7.979723e-05,-6.975827e-05,-0.02307829,0.00011065754
2021-07-29,-0.0021276162,-0.004265158,0.10240681,-0.0022935257,-0.0021513165,-0.0019984753,-0.002309023,-0.004108189,-0.018599821,-0.0021057338,-0.0021965266,-0.0023266734,-0.005085586,-0.004509269,-0.0021639005,-0.0022364617,-0.002009301,-0.0022037686,-0.02491088,-0.0019881264
2021-07-30,5.836936e-05,-0.0021435977,0.10635445,-4.430709e-05,3.6075944e-06,0.00013108703,-9.666977e-05,-0.0019845278,-0.016678398,1.0126852e-05,-2.3251749e-05,-9.218452e-05,-0.0029760064,-0.0023916797,0.000101523125,-6.8216e-05,0.00011839124,-4.3323613e-05,-0.02307829,0.00011631253
2021-08-02,0.000674741,-0.0015513658,0.104662694,0.00050626846,0.0005313471,0.0005846113,0.0003827453,-0.0013962149,-0.015739461,0.0005425379,0.00067804905,0.0004388556,-0.0023637624,-0.0017937928,0.00061965885,0.0005438343,0.0006603763,0.0005010754,-0.021987041,0.0006753892
2021-08-03,0.0034920736,0.0012489721,0.10946673,0.003377588,0.003336878,0.0033988147,0.00345906,0.0014072821,-0.013223959,0.0034249066,0.003388138,0.0032846793,0.00042000564,0.001002045,0.0034256368,0.0033186018,0.003496976,0.0034406423,-0.019596895,0.003505656
2021-08-04,0.0009562314,-0.0012716785,0.10526114,0.0007393897,0.0008302048,0.0008525789,0.00091022404,-0.0011158049,-0.01552338,0.00081744196,0.0008468047,0.00080776366,-0.002087681,-0.0015148878,0.0009241939,0.0007805616,0.0009619311,0.0009016186,-0.021798654,0.000963749
2021-08-05,0.00014431181,-0.0021435977,0.10635445,-2.595631e-05,0.000107677304,3.2359385e-05,9.7671174e-05,-0.0019845278,-0.016678398,-1.3364828e-05,-2.468971e-05,-1.6114092e-05,-0.0029760064,-0.0023916797,1.0328018e-05,-4.443375e-05,0.00011699798,8.994492e-05,-0.02307829,0.000108981156
2021-08-06,8.64804e-05,-0.0021435977,0.10635445,-0.00022183207,5.1209354e-05,-3.7610298e-06,-0.00014690158,-0.0019845278,-0.016678398,-8.209026e-06,0.00013434293,-0.000118157244,-0.0029760064,-0.0023916797,0.0001198143,-4.1416264e-05,0.00014405849,4.770013e-05,-0.02307829,9.09582e-05
2021-08-09,5.102309e-05,-0.002200252,0.10560677,-0.00019683538,-3.1529344e-05,-7.665751e-05,-0.00013679115,-0.0020417185,-0.0166779,2.3373985e-05,-0.00010178832,-0.00023667363,-0.0030290396,-0.002446799,8.144998e-06,-8.448807e-05,8.865597e-05,-0.00011600403,-0.023052184,-3.496406e-05
2021-08-10,0.0001300365,-0.0021435977,0.10635445,-0.000124602,1.5066587e-05,-6.9929636e-05,-0.00014274416,-0.0019845278,-0.016678398,-4.4634915e-05,0.00011113437,-0.000121115125,-0.0029760064,-0.0023916797,0.00012859853,-4.2600906e-05,0.00015877339,-3.4375465e-05,-0.02307829,0.00011734071
2021-08-11,0.0029377653,0.00069108757,0.107141785,0.0027054264,0.0028145998,0.0027491837,0.0026712655,0.00084798934,-0.013636759,0.0027919947,0.0029202937,0.002718085,-0.00012881157,0.0004477814,0.0029376238,0.0028059348,0.0029590367,0.0027985661,-0.01994477,0.0029322966
2021-08-12,0.00012435915,-0.0021435977,0.10635445,-1.7544604e-05,-2.3996807e-05,-5.716679e-05,-0.00013846008,-0.0019845278,-0.016678398,3.397616e-05,5.2014017e-05,-0.000133647,-0.0029760064,-0.0023916797,0.00016509893,2.0386302e-05,0.00015968981,-3.9277948e-05,-0.02307829,0.00010661187
2021-08-13,0.004971565,0.0027151867,0.11039439,0.004737751,0.0048517375,0.004792416,0.0046786233,0.002872245,-0.011649145,0.004803525,0.004935266,0.004705125,0.0018923372,0.0024697646,0.004922019,0.004827501,0.004984313,0.0048514768,-0.017974792,0.0049561425
2021-08-16,0.0011191532,-0.0011162743,0.10587941,0.0010414064,0.00093927386,0.0011275947,0.00084554555,-0.00095980463,-0.015421664,0.0009820998,0.001033397,0.0008557752,-0.0019354507,-0.0013604074,0.0010705978,0.0009879038,0.001154022,0.0009632126,-0.021720795,0.0011077985
2021-08-17,0.00011933001,-0.0021435977,0.10635445,2.7486705e-05,2.5974237e-05,3.9035105e-05,-0.00013447402,-0.0019845278,-0.016678398,4.948827e-05,5.768391e-05,-9.086577e-05,-0.0029760064,-0.0023916797,0.00011804106,2.7099275e-05,0.0001680121,-5.5417186e-06,-0.02307829,0.00012484344
2021-08-18,0.00014395418,-0.0021435977,0.10635445,-0.00012880412,-1.4348305e-05,2.050423e-06,-8.93384e-05,-0.0019845278,-0.016678398,-6.5922504e-06,0.00011710229,-9.561924e-05,-0.0029760064,-0.0023916797,0.00020708295,2.1056854e-05,0.0001776159,-1.6821898e-05,-0.02307829,7.0096576e-05
2021-08-19,-0.0011840299,-0.0034285993,0.10269589,-0.0014250263,-0.0013858884,-0.0012808576,-0.0015005156,-0.0032731504,-0.017640693,-0.0013974517,-0.0011886045,-0.0014132395,-0.004242188,-0.0036711232,-0.0011044353,-0.0013034925,-0.001143752,-0.0013876393,-0.023898391,-0.0013859778
2021-08-20,0.00013896974,-0.0021435977,0.10635445,-0.00010308472,-0.00010695157,3.176334e-05,-0.00011581031,-0.0019845278,-0.016678398,-7.52419e-05,9.084644e-05,-0.00012490747,-0.0029760064,-0.0023916797,0.00016956928,5.8278674e-06,0.00017557445,-9.041128e-05,-0.02307829,-6.6055334e-05
2021-08-23,-0.000838457,-0.003044872,0.10480441,-0.0010438323,-0.0009288251,-0.0008744433,-0.0010673314,-0.0028867112,-0.017499736,-0.0009264111,-0.0008211791,-0.0010044485,-0.0038725347,-0.0032914416,-0.00072655675,-0.00090442447,-0.00073754636,-0.00096684543,-0.023864342,-0.00090209243
2021-08-24,0.00014523568,-0.0021435977,0.10635445,-0.00014527736,-2.32592e-05,5.0306553e-06,-0.00014640985,-0.0019845278,-0.016678398,-4.1960157e-05,0.00016435387,-9.720621e-05,-0.0029760064,-0.0023916797,0.00018467905,3.3409917e-05,0.00017652812,-5.049107e-05,-0.02307829,3.5786652e-05
2021-08-25,0.002850154,0.0005659923,0.1084005,0.002608174,0.0027316376,0.0027356087,0.002546431,0.00072495046,-0.013943223,0.0026983484,0.0028632372,0.002614209,-0.0002644494,0.0003194973,0.002881059,0.00274107,0.002871917,0.0027346923,-0.020331284,0.002792926
2021-08-26,0.00413751,0.0019037515,0.107857145,0.0039159073,0.0039706393,0.0039796694,0.0038403585,0.0020583882,-0.012248119,0.00394413,0.0040802523,0.0038967296,0.0010932923,0.0016622186,0.004165651,0.003971772,0.0041199937,0.00392534,-0.01847983,0.0040178834
2021-08-27,-0.0021903426,-0.004429652,0.10263827,-0.0023707212,-0.0023179785,-0.0023413734,-0.002438611,-0.004272646,-0.018773353,-0.0023309723,-0.0021786601,-0.0024335817,-0.005250855,-0.0046744705,-0.0022024051,-0.0023259954,-0.0021535815,-0.002337894,-0.025089009,-0.0021991865
2021-08-30,0.00011741521,-0.0021435977,0.10635445,-0.00018066016,6.6399807e-06,-9.02859e-06,-0.00013571081,-0.0019845278,-0.016678398,-1.1859811e-05,8.4342086e-05,-0.00012815592,-0.0029760064,-0.0023916797,0.000110754394,2.728554e-05,0.0001543701,9.518268e-05,-0.02307829,0.00010415318
2021-08-31,0.0059829145,0.003759475,0.11182609,0.0056632995,0.0058447137,0.005922252,0.005731748,0.0039171665,-0.010666585,0.005868481,0.005908036,0.00576383,0.0029330566,0.003513211,0.0060279383,0.0058846935,0.0060068755,0.0059249266,-0.017019322,0.005903454
2021-09-01,0.0020339652,-0.00024969724,0.109568596,0.0017261744,0.0019206271,0.0019699722,0.0017928198,-8.8265515e-05,-0.014990805,0.0018942744,0.0020017638,0.0018398926,-0.0010938555,-0.0005008265,0.0020851805,0.0018821746,0.0020779534,0.00199593,-0.021481222,0.0020172982
2021-09-02,6.5223896e-05,-0.0021435977,0.10635445,-0.00016631035,9.2291855e-05,-3.9128936e-05,-0.00018875895,-0.0019845278,-0.016678398,-8.191762e-05,9.185227e-05,-0.00010336039,-0.0029760064,-0.0023916797,0.00012400153,-4.648266e-05,0.00013913366,4.076981e-06,-0.02307829,3.012421e-05
2021-09-03,0.00012216123,-0.0021435977,0.10635445,-0.00015831587,-4.0516024e-06,-4.0081795e-07,-0.00018381176,-0.0019845278,-0.016678398,-6.0713268e-05,4.7491514e-05,-0.000102525926,-0.0029760064,-0.0023916797,0.00015406462,-1.01089245e-05,0.00011803361,6.6250795e-06,-0.02307829,8.8559114e-05
2021-09-07,0.0052212267,0.0029409467,0.11442096,0.004964636,0.0050778626,0.0050920337,0.004947768,0.0031045913,-0.012011094,0.0051851138,0.005158232,0.005003193,0.0020843311,0.0026861667,0.0052291243,0.0050849183,0.005251819,0.0051752566,-0.018594583,0.0052515133
2021-09-08,0.00012178125,-0.0021435977,0.10635445,-0.00019846705,-8.897332e-05,-9.3920506e-05,-0.00017494557,-0.0019845278,-0.016678398,4.322233e-05,5.8771693e-05,-0.00010792015,-0.0029760064,-0.0023916797,-2.2566295e-05,-8.257327e-05,0.0001339257,0.00019414874,-0.02307829,5.666318e-05
2021-09-09,0.00012253376,-0.0021435977,0.10635445,-0.0001952037,-2.404151e-05,-8.194742e-05,-0.00016661582,-0.0019845278,-0.016678398,7.309916e-05,5.9412443e-05,-0.000104448176,-0.0029760064,-0.0023916797,3.164413e-05,-6.344018e-05,0.000103206956,0.00013263675,-0.02307829,9.373727e-05
2021-09-10,0.003593491,0.0012981534,0.112982884,0.0033132448,0.0034230738,0.0034725456,0.003354305,0.0014620811,-0.013680121,0.003598222,0.003471428,0.003365533,0.00043998065,0.0010427028,0.0036172061,0.0034276634,0.003597179,0.0036315932,-0.020275434,0.003596054
2021-09-13,7.211568e-05,-0.0021435977,0.10635445,-0.00014608947,-9.663252e-05,-9.343622e-05,-0.00017040817,-0.0019845278,-0.016678398,0.00013304653,-5.6824065e-05,-0.00016281602,-0.0029760064,-0.0023916797,0.000114993774,8.368515e-06,9.124132e-05,0.00016008469,-0.02307829,0.0001134217
2021-09-14,0.00010290148,-0.0021435977,0.10635445,-0.0001464769,-6.2471605e-05,-4.3256558e-05,-0.00018285809,-0.0019845278,-0.016678398,0.00010289403,-3.5791076e-05,-0.0001413956,-0.0029760064,-0.0023916797,0.00014950486,-3.211049e-05,9.924325e-05,0.00011849555,-0.02307829,8.592161e-05
2021-09-15,0.00083773735,-0.0013535902,0.10476,0.0005912647,0.0006473005,0.0006474346,0.00056062045,-0.0011986628,-0.015523231,0.0008405611,0.0007039398,0.0005936712,-0.0021649362,-0.0015956521,0.0008126885,0.0006418616,0.00084379467,0.0008416638,-0.021762742,0.0008013636
2021-09-16,0.0037752478,0.0016568691,0.105131224,0.0035270615,0.0036386042,0.0036090328,0.0035400703,0.0018075347,-0.012131004,0.0037715896,0.003692688,0.0036473959,0.00086756947,0.0014214382,0.0036830022,0.003652872,0.0038091703,0.003763692,-0.018202713,0.0037872954
2021-09-17,0.0022965758,0.00011351856,0.106067486,0.0020775138,0.0021406277,0.0021894216,0.002037102,0.00026865455,-0.01406539,0.002300085,0.0022373884,0.0020672618,-0.0006981924,-0.00012823043,0.002348335,0.0021780818,0.0023277118,0.0022807359,-0.020308686,0.0023047044
2021-09-20,8.388015e-05,-0.0021435977,0.10635445,-0.0002113044,-4.3703592e-05,-2.6559806e-05,-0.00018796173,-0.0019845278,-0.016678398,0.000115776085,4.3289387e-05,-0.00012726185,-0.0029760064,-0.0023916797,0.00012855383,-2.5650836e-05,0.00012531283,2.0587468e-05,-0.02307829,9.559991e-05
2021-09-21,8.559378e-05,-0.0021435977,0.10635445,-0.0001977369,-8.242426e-05,-3.7743128e-05,-0.00016390381,-0.0019845278,-0.016678398,0.00016655179,5.2878284e-05,-0.00014307944,-0.0029760064,-0.0023916797,0.00018457475,-3.0158437e-05,0.0001216993,8.9713954e-05,-0.02307829,8.198025e-05
2021-09-22,7.7495e-05,-0.0021435977,0.10635445,-0.00022003648,-0.000114051974,-9.915081e-05,-0.0001901373,-0.0019845278,-0.016678398,0.00010943564,-1.94296e-05,-0.00017434207,-0.0029760064,-0.0023916797,0.0001543999,-0.00011628715,9.983929e-05,0.00011433812,-0.02307829,4.9071037e-05
2021-09-23,6.589445e-05,-0.0021435977,0.10635445,-0.00018011627,9.825977e-05,-8.523313e-05,-0.00014850346,-0.0019845278,-0.016678398,8.978846e-05,-2.723781e-05,-0.0001298472,-0.0029760064,-0.0023916797,0.00011070224,-9.1350055e-05,0.000112825655,0.00013465586,-0.02307829,0.00013180228
2021-09-24,0.0036373152,0.0014311537,0.11006871,0.0034295856,0.0035922467,0.0035351752,0.0034282221,0.0015905515,-0.01313789,0.0037509887,0.0035957112,0.003465028,0.000596793,0.00118296,0.0036866232,0.0035465,0.0036742254,0.0037366613,-0.019552616,0.0037049293
2021-09-27,0.0014401019,-0.00071197597,0.105781876,0.0012041494,0.0015668288,0.0013236195,0.0012435332,-0.00055636314,-0.0149431955,0.0015620604,0.0014184281,0.0013239101,-0.0015267938,-0.0009550437,0.0014586911,0.0013968736,0.0014609412,0.0015641466,-0.0212097,0.0015178412
2021-09-28,9.29028e-05,-0.0021435977,0.10635445,-0.00019220111,3.1211996e-05,-9.420363e-05,-0.00014236418,-0.0019845278,-0.016678398,0.00014212134,1.4112913e-05,1.6139471e-05,-0.0029760064,-0.0023916797,7.461908e-05,-6.858853e-05,0.000101396465,6.131979e-05,-0.02307829,0.00011161121
2021-09-29,0.0020090952,-0.0002452567,0.10808015,0.001707913,0.0019071862,0.0019279212,0.0017319635,-8.650718e-05,-0.014755761,0.0020110696,0.001899907,0.0018379182,-0.0010761976,-0.0004927054,0.0019691824,0.001873301,0.0019958853,0.001932399,-0.02114494,0.0020187884
2021-09-30,-0.002337961,-0.00457394,0.103118286,-0.00263962,-0.0024426044,-0.0024579898,-0.0026444555,-0.004416114,-0.0190014,-0.002292438,-0.002361773,-0.002551733,-0.0053999485,-0.004820241,-0.0023464249,-0.0024399594,-0.0023294152,-0.0024266676,-0.025353944,-0.002333148
2021-10-01,0.00010324421,-0.0021272735,0.10544096,-0.00019731966,-1.3424433e-05,-5.267409e-05,-0.00015780178,-0.0019698949,-0.0165181,0.00013549777,-1.980341e-06,-0.000113433576,-0.002951397,-0.0023730681,2.8209412e-05,-8.4921485e-06,0.0001275331,5.1440322e-05,-0.022854729,0.00012226554
2021-10-04,0.00015599432,-0.0021435977,0.10635445,-0.00017504988,-2.6671565e-05,-7.4906624e-05,-0.00019212661,-0.0019845278,-0.016678398,0.00010517391,7.372501e-05,-7.2239316e-05,-0.0029760064,-0.0023916797,-3.5150326e-05,-5.0036586e-05,0.00012852403,7.410499e-05,-0.02307829,0.00011819007
2021-10-05,0.0001351476,-0.0021435977,0.10635445,-0.00021229533,1.6981387e-05,-3.316847e-05,-0.00018270162,-0.0019845278,-0.016678398,9.764137e-05,8.654746e-05,-7.1702874e-05,-0.0029760064,-0.0023916797,-9.977666e-05,-7.629988e-05,8.409622e-05,9.360316e-05,-0.02307829,0.00012850913
2021-10-06,0.0032328456,0.0009799913,0.107838415,0.002930218,0.0030842288,0.0030743345,0.0029146834,0.0011373177,-0.013389615,0.0032256036,0.0031598448,0.003023909,0.00015754404,0.0007358432,0.0030473187,0.0030327006,0.003201106,0.0031676977,-0.019716037,0.0032464727
2021-10-07,0.00070671143,-0.0015911966,0.10816283,0.0005244106,0.0006267369,0.0005333662,0.0003412381,-0.0014302194,-0.016300736,0.00066977146,0.0006077901,0.00045789185,-0.002433634,-0.0018421247,0.000543499,0.0005263031,0.00069131854,0.0006517783,-0.02277763,0.000708209
2021-10-08,0.0039216294,0.0016980931,0.1069837,0.003728473,0.0037781238,0.0037209108,0.0036018132,0.0018515602,-0.012341095,0.003956081,0.0038113757,0.0037306636,0.0008941606,0.0014583335,0.0037283092,0.0036983206,0.003835605,0.003838183,-0.01852343,0.0038743704
2021-10-11,0.0058805435,0.0037617846,0.104413204,0.005621576,0.005758406,0.005713226,0.005584055,0.003907451,-0.0095821675,0.0058848276,0.005770625,0.0056518405,0.0029978915,0.0035335957,0.0057171746,0.0056766137,0.0058196797,0.0057249083,-0.015458962,0.0058158874
2021-10-12,0.0022098063,-8.5195876e-05,0.10755207,0.0019426808,0.0020486652,0.0020007803,0.0018923968,7.2667026e-05,-0.014508983,0.0021818816,0.002123238,0.002039665,-0.0009110406,-0.00033106504,0.0020390316,0.0019713654,0.0021320968,0.0019964739,-0.020859888,0.0021739914
2021-10-13,0.00017228129,-0.0021435977,0.10635445,-0.0002068415,-4.2571104e-05,-1.3059354e-05,-0.00015456078,-0.0019845278,-0.016678398,0.00013420882,7.196667e-05,-2.866087e-05,-0.0029760064,-0.0023916797,8.89987e-05,-2.494303e-05,8.1495964e-05,1.639279e-05,-0.02307829,0.00010419043
2021-10-14,0.00014567527,-0.0021435977,0.10635445,-0.00020003913,-6.0690916e-05,-5.228666e-05,-0.00019959954,-0.0019845278,-0.016678398,0.00013151171,7.6160068e-06,-7.7499426e-05,-0.0029760064,-0.0023916797,1.0670745e-05,-6.867049e-05,9.440782e-05,0.00013228657,-0.02307829,0.00012725743
2021-10-15,7.397088e-05,-0.002200766,0.10533555,-0.0002498388,-8.946506e-05,-0.00017133949,-0.00025417504,-0.0020433725,-0.016586615,5.883875e-05,-5.253253e-05,-8.366851e-05,-0.003024614,-0.002446434,4.0173763e-06,-0.00017355976,3.7775957e-05,3.408792e-05,-0.022921128,4.5733177e-05
2021-10-18,0.0020282208,-0.00029592065,0.1091179,0.0016932577,0.0018170864,0.0017338485,0.0016805023,-0.0001355469,-0.014953336,0.0020087822,0.001870358,0.0017149687,-0.001135385,-0.00054597703,0.0019390747,0.0017836482,0.0019812821,0.0019776612,-0.021407312,0.0019720583
2021-10-19,0.00015026482,-0.0021435977,0.10635445,-0.00014930067,-7.501838e-05,-7.036922e-05,-0.00015911309,-0.0019845278,-0.016678398,0.00017644616,1.4992082e-05,-9.471772e-05,-0.0029760064,-0.0023916797,0.00011207315,-4.521606e-05,0.00013712945,0.00012856128,-0.02307829,0.00013161602
2021-10-20,0.00013945403,-0.0021435977,0.10635445,-0.00013908593,-6.0198363e-07,-6.50197e-05,-0.0001503065,-0.0019845278,-0.016678398,0.00013687613,1.1803233e-05,-0.00011087803,-0.0029760064,-0.0023916797,8.06317e-05,-8.2237995e-05,0.00012285414,0.00010368379,-0.02307829,0.00012890401
2021-10-21,0.00014194997,-0.0021435977,0.10635445,-0.00012700853,-7.574109e-05,-7.781235e-05,-0.00014021841,-0.0019845278,-0.016678398,0.00015290978,-2.5352812e-05,-0.00013848243,-0.0029760064,-0.0023916797,1.39266485e-05,-7.906405e-05,0.00012070837,0.00021898153,-0.02307829,0.00013952109
2021-10-22,0.004297541,0.0020782365,0.10794593,0.0040373816,0.0040892526,0.0041175648,0.0040247305,0.0022325455,-0.012043795,0.0042995526,0.004182914,0.004020752,0.0012694612,0.0018370316,0.004223713,0.0041494532,0.004267098,0.0043766587,-0.018262466,0.004295522
2021-10-25,-0.0013835415,-0.0036515952,0.10344748,-0.0016773999,-0.0015288949,-0.001574485,-0.0016331732,-0.003494604,-0.017995013,-0.0013664871,-0.0015288874,-0.0016533941,-0.0044728206,-0.003896384,-0.0014524445,-0.0015281945,-0.0013951048,-0.0013296216,-0.024310512,-0.0013915136
2021-10-26,0.00012473913,-0.0021435977,0.10635445,7.3695206e-05,-8.54939e-05,-7.355807e-05,-0.00012676266,-0.0019845278,-0.016678398,8.51393e-05,-6.5422035e-05,-7.2358525e-05,-0.0029760064,-0.0023916797,-4.2444444e-05,-0.00012028811,0.000116811716,0.00018196704,-0.02307829,0.00012885185
2021-10-27,0.008499192,0.0063775196,0.10923528,0.008273581,0.008348303,0.008307071,0.008296939,0.0065263747,-0.007257952,0.008542569,0.008416252,0.008319991,0.0055965125,0.0061442493,0.008370357,0.008322487,0.008482987,0.008600483,-0.013263239,0.008498089
2021-10-28,0.00093943777,-0.0012873545,0.10478781,0.0007807255,0.0007809714,0.00076704624,0.0006932259,-0.0011322334,-0.015469937,0.0009694636,0.0008988023,0.00066256674,-0.0020994158,-0.0015295133,0.0008790806,0.00075949135,0.00089437666,0.0009877771,-0.021714834,0.0009239182
2021-10-29,0.00016570243,-0.0021435977,0.10635445,-0.00012674031,1.1728727e-05,-1.0518706e-05,-9.156612e-05,-0.0019845278,-0.016678398,0.00012021663,-4.6550995e-06,-0.00015672145,-0.0029760064,-0.0023916797,1.7853105e-05,7.861876e-06,7.2272145e-05,0.00016134384,-0.02307829,0.00011254253
2021-11-01,0.00014455023,-0.0021435977,0.10635445,-0.00014031527,1.8865103e-06,-5.8708247e-07,-0.00013399718,-0.0019845278,-0.016678398,8.106383e-05,0.00010235759,-0.00020131317,-0.0029760064,-0.0023916797,6.643834e-05,-1.7419225e-06,0.00010850432,0.0001564786,-0.02307829,0.00011381658
2021-11-02,0.00012783112,-0.0021435977,0.10635445,-0.00020574627,-0.00010741351,-7.0674694e-05,-0.00013604609,-0.0019845278,-0.016678398,0.00013762119,-5.4633594e-05,-0.00018416194,-0.0029760064,-0.0023916797,0.00016848894,-8.912233e-05,0.00012998434,0.00017199817,-0.02307829,-6.148813e-05
2021-11-03,0.004138866,0.0019718497,0.106735885,0.0038169487,0.004069337,0.0040257736,0.0039109006,0.002124542,-0.011997802,0.0040366068,0.0039736866,0.0039531826,0.0011720523,0.0017332599,0.004168512,0.003955671,0.004069978,0.004171984,-0.018149545,0.0040763854
2021-11-04,0.005776198,0.0035903915,0.10760498,0.0054933666,0.0055767833,0.0055864095,0.0054242774,0.003741467,-0.010246759,0.005742827,0.0056513115,0.0056389733,0.0027980371,0.0033538877,0.0057802363,0.0055912747,0.0057276874,0.0057825237,-0.016340462,0.0057276874
2021-11-05,0.0022708415,4.062208e-05,0.107062854,0.0020269915,0.0022004484,0.0021063997,0.0019645854,0.00019724818,-0.014274923,0.0023093312,0.00216555,0.0022571175,-0.0007790312,-0.00020360795,0.0023086905,0.002148667,0.0022432595,0.0023130565,-0.02057842,0.0022745668
2021-11-08,0.000861907,-0.001331149,0.10484694,0.00054460915,0.00077538344,0.000666754,0.00055266323,-0.0011760652,-0.015509201,0.0008897275,0.000818038,0.00082608464,-0.002143024,-0.0015733748,0.00090897235,0.00073681923,0.0008788422,0.00091955217,-0.021752445,0.00087133946
2021-11-09,0.00011033716,-0.0021435977,0.10635445,-0.00020574627,-6.385741e-05,8.500519e-05,-0.00020076928,-0.0019845278,-0.016678398,4.460814e-05,-2.9741204e-05,-0.00012764183,-0.0029760064,-0.0023916797,0.00011900964,-0.000119446195,9.005668e-05,9.9742436e-05,-0.02307829,9.4072544e-05
2021-11-10,0.00011824223,-0.0021435977,0.10635445,-0.00019488332,-7.211929e-07,-2.5114394e-05,-0.0002124816,-0.0019845278,-0.016678398,8.350762e-05,2.3931498e-06,-0.0001964852,-0.0029760064,-0.0023916797,0.00011509063,-7.873622e-05,0.00010670128,0.00016624632,-0.02307829,0.00010091218
2021-11-11,-0.0012053534,-0.0034739585,0.10435365,-0.0015048444,-0.0013856426,-0.0013627246,-0.0015720188,-0.0033157603,-0.017929165,-0.001271671,-0.0013240039,-0.0015347212,-0.0043016137,-0.0037205801,-0.0012157917,-0.0013943895,-0.0012166112,-0.0011374265,-0.024293816,-0.0012379795
2021-11-12,6.954523e-05,-0.0021435977,0.10635445,-0.00012933312,-9.150652e-05,-6.858108e-05,-0.00016487984,-0.0019845278,-0.016678398,7.236155e-05,0.00011504593,-8.136628e-05,-0.0029760064,-0.0023916797,-2.6835478e-05,-8.3765364e-05,0.00011181238,0.00016969594,-0.02307829,0.000100256526
2021-11-15,-2.364663e-05,-0.0021595568,0.104159206,-0.0002241343,-0.000121614314,-0.00014521775,-0.00027326343,-0.0020038472,-0.016394591,-0.00011731533,1.2876117e-05,-0.00017884222,-0.0029744566,-0.0024023787,-0.00019101647,-0.00014541147,8.1115984e-05,8.4990286e-05,-0.02266243,-1.7060316e-05
2021-11-16,0.003512816,0.0013380066,0.11155081,0.0033559366,0.0034120618,0.003463605,0.0032720878,0.0015000791,-0.0134642925,0.003514552,0.0034759953,0.0034529283,0.00049025717,0.0010859832,0.003578262,0.003395991,0.0036616637,0.0036988794,-0.019981755,0.0035433709
2021-11-17,0.0030929237,0.000931637,0.1066165,0.0031459867,0.003033535,0.0030084564,0.0027652993,0.0010859534,-0.013187615,0.0030170246,0.0031101196,0.002830097,0.00012309256,0.0006905884,0.0030256226,0.002954775,0.0031437366,0.0032059043,-0.01940479,0.0030873208
2021-11-18,0.005545722,0.0033503263,0.11114927,0.0056024953,0.005404727,0.005408199,0.0052385195,0.0035076602,-0.011042779,0.0055373996,0.0055835485,0.0053314655,0.0025258302,0.0031045913,0.0053975224,0.005388619,0.005599962,0.005651356,-0.017380906,0.005539575
2021-11-19,0.0023189872,0.0001146883,0.10800957,0.002218747,0.0021997332,0.0022049188,0.0020862757,0.00027332606,-0.01437187,0.0023069396,0.0023692413,0.0020407005,-0.0007145986,-0.00013191102,0.0022095754,0.0021953224,0.0023826822,0.0024386435,-0.020750312,0.0023519336
2021-11-22,0.0039176955,0.0017910391,0.10721877,0.003775598,0.0038561313,0.0038003935,0.0036663725,0.0019450277,-0.012295155,0.0038803085,0.0039235963,0.0038181334,0.0009844691,0.0015507207,0.0038378178,0.0037769391,0.0040088906,0.004061335,-0.018497912,0.003960648
2021-11-23,7.0849084e-05,-0.0021435977,0.10635445,-8.554605e-05,-0.00015732495,-9.208021e-05,-0.0001933038,-0.0019845278,-0.016678398,6.677362e-05,0.00010259601,-0.00014529971,-0.0029760064,-0.0023916797,5.7549798e-05,-3.689376e-05,0.00014191272,0.00018577429,-0.02307829,0.00010913762
2021-11-24,0.003940986,0.0018026471,0.10852646,0.0038170977,0.0038196086,0.0038319617,0.0036608218,0.0019585653,-0.0124525335,0.003950165,0.0039529814,0.0036361231,0.0009863615,0.0015593857,0.0038404777,0.0038355752,0.0040379628,0.004101926,-0.018729819,0.0039881333
2021-11-26,0.0026519909,0.00044579955,0.10780506,0.0024869083,0.0025048642,0.0024804338,0.0023859157,0.0006026119,-0.013891226,0.0026122644,0.002632448,0.0026190295,-0.00037529168,0.00020102563,0.0025103255,0.0025045662,0.0026832907,0.0027432903,-0.02020461,0.0026527285
2021-11-29,0.0018724144,-0.00033314375,0.10544297,0.0016946659,0.0016910896,0.0016703099,0.0015596763,-0.0001785293,-0.014472006,0.0018078923,0.0018208787,0.001538375,-0.0011426419,-0.00057445315,0.001736933,0.0017505974,0.0018712223,0.0019429267,-0.02069783,0.0018488631
2021-11-30,0.00010248425,-0.0021435977,0.10635445,-7.716415e-05,-6.446836e-05,8.061761e-07,-0.00020565686,-0.0019845278,-0.016678398,4.5949244e-05,7.271173e-05,-0.00017550436,-0.0029760064,-0.0023916797,2.6413822e-05,4.7400827e-06,0.00014219584,0.00020216557,-0.02307829,0.00010861608
2021-12-01,0.00014931115,-0.0021435977,0.10635445,-3.4345663e-05,-4.0104962e-05,-8.4152794e-05,-0.00017270294,-0.0019845278,-0.016678398,1.857581e-05,6.925466e-05,-0.00022370962,-0.0029760064,-0.0023916797,-2.556888e-05,-3.689376e-05,0.00013356807,0.00015849026,-0.02307829,0.00013166817
2021-12-02,0.00013376179,-0.0021435977,0.10635445,8.5996115e-05,-9.521691e-05,-0.000105982996,-0.00015369651,-0.0019845278,-0.016678398,-1.5109545e-06,7.3576e-05,-0.00018836407,-0.0029760064,-0.0023916797,2.832734e-06,-5.6056655e-05,0.00012048485,0.0001320556,-0.02307829,9.954872e-05
2021-12-03,0.0025122478,0.0002706662,0.10832304,0.0024090125,0.002292709,0.0024858653,0.002194637,0.00042873027,-0.014179325,0.0023950352,0.0024563908,0.002159716,-0.0005568549,2.3970031e-05,0.0023857816,0.0023406534,0.002523282,0.0025711074,-0.02054221,0.0025041043
2021-12-06,0.002720581,0.0004702896,0.108628005,0.0025246753,0.0026209666,0.0025432347,0.002439165,0.0006290764,-0.014035223,0.0026129722,0.0026582866,0.002360554,-0.00036027876,0.00022318366,0.0026167943,0.0026081293,0.0027288957,0.002801971,-0.020422032,0.0027314364
2021-12-07,7.2138035e-05,-0.0021435977,0.10635445,1.7443323e-05,-2.556888e-05,-4.596857e-05,-0.00019425002,-0.0019845278,-0.016678398,-1.966802e-05,1.03205675e-05,8.04814e-06,-0.0029760064,-0.0023916797,0.000109741115,-3.2535172e-05,0.000105769956,0.00016337784,-0.02307829,0.00012616965
2021-12-08,0.00011365267,-0.0021435977,0.10635445,-2.8131879e-05,-7.745472e-05,-7.1702874e-05,-0.00011788902,-0.0019845278,-0.016678398,2.2122287e-05,3.834965e-05,-0.00012083945,-0.0029760064,-0.0023916797,3.343227e-05,-6.598828e-05,0.00011967274,0.0001755521,-0.02307829,0.00010150822
2021-12-09,0.0027099042,0.0006449387,0.1024016,0.002659814,0.0025626733,0.002631539,0.002542579,0.000792557,-0.012876926,0.0026512085,0.0026784553,0.0024586706,-0.00012911705,0.0004136503,0.0026557832,0.0025959476,0.0027571633,0.0028618737,-0.018831698,0.0027320473
2021-12-10,0.003631228,0.0015017182,0.10751241,0.0036102845,0.0035284176,0.003653334,0.0034971922,0.0016571,-0.012696048,0.0035806834,0.0036041527,0.0033612489,0.00068894925,0.0012599394,0.0035587489,0.0035405918,0.0037163883,0.0037655472,-0.018947547,0.003705801
2021-12-13,8.431228e-05,-0.0021435977,0.10635445,7.452094e-06,-9.3793846e-05,2.267363e-05,-0.00010209379,-0.0019845278,-0.016678398,3.883266e-06,-2.47953e-06,-0.00015364436,-0.0029760064,-0.0023916797,-9.845791e-05,1.2555742e-05,0.000113078975,0.00016664865,-0.02307829,0.000111037516
2021-12-14,7.807615e-05,-0.0021435977,0.10635445,-0.000108285225,-9.716151e-05,8.841755e-05,-0.00011230854,-0.0019845278,-0.016678398,2.4521374e-05,5.1596784e-05,-3.854034e-05,-0.0029760064,-0.0023916797,-3.4747995e-05,-3.342924e-05,0.00011455419,0.0002102867,-0.02307829,9.489211e-05
2021-12-15,0.0029955893,0.0008902714,0.10702464,0.002862373,0.0029918267,0.002972798,0.0028315946,0.001045616,-0.013312412,0.0030150204,0.002996446,0.0028704568,7.710757e-05,0.000648202,0.002964796,0.0029250323,0.0031236946,0.0032376735,-0.019566206,0.0031025498
2021-12-16,0.0028014495,0.0006695256,0.10809822,0.0027414276,0.0027140318,0.0026965304,0.0025175526,0.00082673284,-0.013700178,0.0028256788,0.002848999,0.0025468557,-0.00015340594,0.00042437168,0.0027922778,0.0027837544,0.002917306,0.0030204444,-0.020027695,0.002874413
2021-12-17,-0.0006077498,-0.0027082548,0.102367885,-0.00070129184,-0.00070460734,-0.0006118178,-0.00086302904,-0.0025543035,-0.01677025,-0.00057056395,-0.00056016294,-0.0005915001,-0.0035130293,-0.0029481263,-0.0006535336,-0.00064699946,-0.00047539023,-0.00044637767,-0.022961913,-0.0005200788
2021-12-20,-0.0010120556,-0.0031646774,0.10326768,-0.0012098983,-0.001125282,-0.0011219516,-0.0013086781,-0.0030088858,-0.017402193,-0.0009872451,-0.0010107815,-0.001094675,-0.0039797784,-0.00340776,-0.0011213332,-0.00105813,-0.0009271264,-0.00091021357,-0.023671446,-0.0009904116
2021-12-21,0.00010335597,-0.0020370544,0.103399314,-0.000108553446,-4.227308e-05,5.038106e-06,-0.00011449901,-0.0018825367,-0.016156694,0.00019107165,0.00017821195,-0.00012226996,-0.0028452785,-0.0022778423,-1.5763915e-05,-3.6774552e-05,3.3275806e-05,6.377848e-05,-0.022373652,0.00019022974
2021-12-22,7.248821e-05,-0.0021435977,0.10635445,2.78058e-06,-7.8468e-05,-0.000106877065,-0.00017122773,-0.0019845278,-0.016678398,0.00013844075,-4.2727566e-05,-0.0002620652,-0.0029760064,-0.0023916797,-4.982797e-05,-0.00010038016,3.141316e-05,7.6109194e-05,-0.02307829,0.00011480006
2021-12-23,-0.003693855,-0.005872628,0.10082573,-0.0038659484,-0.0038212375,-0.003814517,-0.003970875,-0.005715756,-0.02019999,-0.0036143945,-0.0037319348,-0.003913714,-0.0066925795,-0.0061169253,-0.0038504438,-0.003795369,-0.003614454,-0.0036760182,-0.026508017,-0.0036197887
2021-12-27,0.005819538,0.0036924197,0.109138824,0.0057197823,0.005701059,0.0056636124,0.005573721,0.0038456633,-0.010335362,0.005874963,0.0057494207,0.0056355684,0.0028888597,0.0034526675,0.0056490838,0.0057060583,0.0058020293,0.005750203,-0.016513145,0.0058673187
2021-12-28,7.090869e-05,-0.0021435977,0.10635445,-4.9097813e-05,-8.342264e-05,-7.154641e-05,-0.00019893644,-0.0019845278,-0.016678398,0.00014984759,1.4396035e-05,-0.00022864935,-0.0029760064,-0.0023916797,-5.1176525e-05,-2.2000051e-05,0.000108325505,3.5181874e-06,-0.02307829,0.00012895616
2021-12-29,-0.0073667676,-0.009512311,0.095290914,-0.0075690434,-0.007502048,-0.007470219,-0.007598257,-0.009358389,-0.023574343,-0.007305479,-0.0073772357,-0.007493152,-0.010316772,-0.009752391,-0.007492608,-0.007496393,-0.0073110447,-0.0072985725,-0.02976544,-0.0072950036
2021-12-30,6.207975e-05,-0.0021435977,0.10635445,-0.00016039459,-7.78049e-05,-9.170023e-05,-0.00019527075,-0.0019845278,-0.016678398,0.00015891495,7.195177e-05,-0.00015176681,-0.0029760064,-0.0023916797,-5.136279e-05,-3.0270196e-05,0.00011799636,5.6335353e-05,-0.02307829,0.000109994435
2021-12-31,0.0011645049,-0.0010532498,0.1074072,0.00096658024,0.0010430306,0.0010760963,0.0008398086,-0.00089387444,-0.015608406,0.0012335345,0.0011441127,0.0008746997,-0.0018865973,-0.0013012275,0.0010117829,0.0010475606,0.0012291908,0.0011905745,-0.02201694,0.0012136787
2022-01-03,6.575289e-05,-0.0021435977,0.10635445,-0.00014078466,-4.2839325e-05,-7.4914075e-05,-0.00011876074,-0.0019845278,-0.016678398,0.00014718773,7.923099e-05,-0.00022654084,-0.0029760064,-0.0023916797,-6.841717e-05,-7.642782e-06,0.0001249701,7.718953e-05,-0.02307829,0.000117951655
2022-01-04,1.2376928e-05,-0.0021435977,0.10635445,-9.255705e-05,-8.80569e-05,-8.421985e-05,-0.00023773161,-0.0019845278,-0.016678398,0.00013873132,6.345811e-05,-0.0002490863,-0.0029760064,-0.0023916797,3.103318e-05,-5.5766082e-05,0.00012833031,4.98608e-05,-0.02307829,0.00010990503
2022-01-05,0.0023285388,0.00013445469,0.10882316,0.002122657,0.0021948754,0.0022677942,0.0020971834,0.00029403123,-0.014450928,0.0023963316,0.0023572012,0.002034591,-0.0007007256,-0.00011400727,0.0022999211,0.0022163256,0.0023541464,0.0024013384,-0.020872718,0.0024122535
2022-01-06,6.619992e-05,-0.0021435977,0.10635445,-0.00013135222,-7.938442e-05,-4.7987676e-05,-0.00022678671,-0.0019845278,-0.016678398,0.00014767947,4.938396e-05,-0.00022943167,-0.0029760064,-0.0023916797,-4.624424e-05,-4.8062182e-05,9.7820186e-05,0.00012663903,-0.02307829,0.0001223028
2022-01-07,-0.0026174025,-0.004721476,0.10088502,-0.002778119,-0.0027233572,-0.002646251,-0.0028394074,-0.0045667426,-0.018869823,-0.0024785236,-0.0025857226,-0.0028055445,-0.0055312947,-0.0049629346,-0.0026085437,-0.0026773796,-0.002480595,-0.002563505,-0.025099305,-0.0025063367
2022-01-10,-0.002889736,-0.0050464408,0.102378786,-0.0030975253,-0.003016843,-0.0028150366,-0.0030826689,-0.004888697,-0.019454135,-0.002806312,-0.002906783,-0.0028916062,-0.0058712573,-0.0052922503,-0.002921878,-0.0029435367,-0.0027740286,-0.0028243647,-0.02579779,-0.0028148429
2022-01-11,4.357251e-05,-0.0021435977,0.10635445,-0.00015751866,-9.985862e-05,0.00014501961,-0.00015932915,-0.0019845278,-0.016678398,0.00014016929,5.796703e-05,-9.8972e-05,-0.0029760064,-0.0023916797,3.5719597e-05,-3.35261e-05,0.00013162347,4.643353e-05,-0.02307829,0.00011004659
2022-01-12,3.7373626e-05,-0.0021435977,0.10635445,-0.00013515202,-7.781235e-05,0.0001333371,-0.00015833823,-0.0019845278,-0.016678398,0.00012850168,6.871822e-05,-0.0002433121,-0.0029760064,-0.0023916797,9.173178e-06,8.6502754e-05,0.00012435915,0.000106395804,-0.02307829,0.0001069546
2022-01-13,-0.002104944,-0.004244028,0.10205918,-0.002262345,-0.0022626878,-0.0022402839,-0.002365178,-0.0040885494,-0.018456405,-0.0020410852,-0.0021063746,-0.0023103417,-0.0050576837,-0.0044868276,-0.0021072016,-0.0021695183,-0.002009748,-0.002049102,-0.024714498,-0.0020417036
2022-01-14,0.002190472,-5.0648814e-06,0.10829568,0.001956509,0.002009639,0.0021348908,0.0019662916,0.00015334191,-0.014495602,0.0022446378,0.0021578907,0.0019634753,-0.00083505956,-0.00025248376,0.0021068915,0.0021235063,0.002252379,0.002196127,-0.02087622,0.0022429689
2022-01-18,0.0049066856,0.0027584746,0.109998286,0.004748629,0.0047909333,0.004803957,0.0047028153,0.0029148771,-0.011559105,0.004967624,0.0048893034,0.0046220734,0.0019383297,0.0025140285,0.004805827,0.004897566,0.0049736365,0.0049534827,-0.017863957,0.004977749
2022-01-19,6.45906e-05,-0.0021435977,0.10635445,-8.36238e-05,-7.13974e-05,-4.2094267e-05,-0.00015233306,-0.0019845278,-0.016678398,0.00010840746,8.450472e-06,-0.00015176681,-0.0029760064,-0.0023916797,-3.7072576e-05,-3.1277305e-06,0.0001300812,0.00012217613,-0.02307829,0.00013612362
2022-01-20,0.004920894,0.0027549951,0.10990787,0.00467986,0.004714699,0.004771584,0.0047113462,0.0029110773,-0.011535337,0.0049739643,0.0048442646,0.004946427,0.0019362658,0.00251078,0.004779653,0.0048061176,0.0049455105,0.0049601435,-0.017828358,0.00499984
2022-01-21,0.00010748359,-0.0021435977,0.10635445,-0.00020581333,-0.000121875084,-0.00010702608,-0.00014869717,-0.0019845278,-0.016678398,8.2524144e-05,7.160159e-05,9.180629e-06,-0.0029760064,-0.0023916797,-3.4859753e-05,-2.3125089e-05,4.513713e-05,6.4069056e-05,-0.02307829,0.00013051333
2022-01-24,0.000111402594,-0.0021435977,0.10635445,-0.00020636467,-0.000113806105,-9.541807e-05,-0.00014877168,-0.0019845278,-0.016678398,0.00012341293,4.357251e-05,-0.00018662063,-0.0029760064,-0.0023916797,-4.8851944e-05,-4.66255e-06,5.579891e-05,0.00010578486,-0.02307829,0.00014219584
2022-01-25,0.008865932,0.006781408,0.10882354,0.008593628,0.008695813,0.008691492,0.008608023,0.0069289072,-0.006735197,0.008841636,0.008832844,0.008601317,0.0060073673,0.0065501197,0.008697415,0.008765409,0.008847298,0.008889863,-0.0126883965,0.008854905
2022-01-26,9.16064e-05,-0.0021435977,0.10635445,-0.00015543995,-7.989106e-05,5.3817057e-05,-0.00016227958,-0.0019845278,-0.016678398,0.000104734325,3.1435513e-05,7.991644e-05,-0.0029760064,-0.0023916797,-4.211662e-05,-1.0004616e-05,0.00010518136,0.00013794901,-0.02307829,0.0001325995
2022-01-27,-0.002660817,-0.0048678727,0.10206023,-0.0029388503,-0.002835034,-0.0027420656,-0.0029001446,-0.0047112913,-0.019173829,-0.0026478008,-0.0027053938,-0.002719252,-0.0056869895,-0.0051123262,-0.0027283714,-0.0027754665,-0.0026499839,-0.00263588,-0.025473094,-0.0026319013
2022-01-28,0.0026227473,0.0004310474,0.10702554,0.0023446395,0.0024485975,0.0024527623,0.0023641079,0.0005866155,-0.013800247,0.0026376857,0.0025655567,0.0023530587,-0.0003839567,0.00018794241,0.0025944947,0.0025523468,0.002624543,0.0026034354,-0.02006681,0.002639988
2022-01-31,0.000340046,-0.0018686637,0.10499369,3.882649e-05,0.00019188377,0.0003392935,8.821639e-05,-0.0017123282,-0.016168972,0.00039292278,0.000292407,7.666054e-05,-0.0026875422,-0.002112782,0.00019999745,0.00023820403,0.00033705833,0.00027233514,-0.022465615,0.0003533453
2022-02-01,0.0030498817,0.0008637622,0.10707879,0.0027550398,0.0028742566,0.0029088273,0.0028136163,0.001018861,-0.013319669,0.003088513,0.0029719188,0.002815084,5.1492476e-05,0.00062155875,0.003008218,0.0029554083,0.0030255928,0.0029465123,-0.01956538,0.003083767
2022-02-02,8.826854e-05,-0.0021435977,0.10635445,-0.00018473563,-9.96202e-05,-3.2469397e-06,-0.00015624461,-0.0019845278,-0.016678398,0.00019449892,6.362947e-05,-0.00016829965,-0.0029760064,-0.0023916797,-1.5482074e-06,-4.086492e-05,0.00012854638,8.2107726e-07,-0.02307829,0.000106410705
2022-02-03,0.002280326,1.4604651e-05,0.1098135,0.001962216,0.0020663156,0.0021270453,0.0020293235,0.00017557445,-0.014691604,0.002383375,0.0022161766,0.002072574,-0.00082775054,-0.0002363011,0.0022590845,0.0021620556,0.0022694482,0.002217935,-0.021167023,0.0023126393
2022-02-04,0.005528392,0.003343427,0.11020724,0.005251588,0.0053616925,0.005418466,0.005269611,0.0034989952,-0.010896733,0.00560555,0.005496831,0.0053687706,0.0025276034,0.003099957,0.005387725,0.005506256,0.005519071,0.0055127754,-0.01716776,0.0055655255
2022-02-07,0.00010302069,-0.0021435977,0.10635445,-0.00017399935,-6.4125634e-05,-6.3985353e-06,-0.00017460284,-0.0019845278,-0.016678398,0.00012929144,6.7652785e-05,-0.000111637986,-0.0029760064,-0.0023916797,-4.5827008e-05,7.4313604e-05,9.7432756e-05,9.859505e-05,-0.02307829,0.0001538411
2022-02-08,9.041431e-05,-0.0021435977,0.10635445,-0.00018981693,-9.284017e-05,-8.522568e-05,-0.0001766294,-0.0019845278,-0.016678398,4.305842e-05,7.3412084e-05,-0.00017270294,-0.0029760064,-0.0023916797,8.516165e-05,-2.582965e-05,8.648785e-05,6.4434134e-05,-0.02307829,0.00014866295
2022-02-09,0.0049900874,0.0027875914,0.11040661,0.0047000363,0.0047783568,0.0048299073,0.0047371476,0.0029445528,-0.011577709,0.004975797,0.004952924,0.004769416,0.00196466,0.0025423109,0.0048546433,0.0048948615,0.004981236,0.004979418,-0.01790355,0.005051495
2022-02-10,9.556266e-05,-0.0021435977,0.10635445,-0.00016336737,-0.00010590104,-5.8522797e-05,-0.00016584841,-0.0019845278,-0.016678398,0.00013694318,7.967057e-05,-9.054539e-05,-0.0029760064,-0.0023916797,-4.8226095e-05,-9.53523e-06,9.153935e-05,0.00010913017,-0.02307829,0.00014521333
2022-02-11,0.0034442036,0.0013175398,0.10479534,0.0031864806,0.0032314598,0.0033643334,0.0032311915,0.001468198,-0.012472181,0.0034608482,0.0034191771,0.0032427027,0.0005280465,0.0010819003,0.0034223734,0.0033551096,0.0034608706,0.003384897,-0.018544523,0.0034941002
2022-02-14,0.004963727,0.0028815358,0.10604026,0.004749955,0.0047964468,0.004871288,0.004734413,0.003031203,-0.010824477,0.005038613,0.0049822195,0.0048047616,0.0020967214,0.0026471405,0.005005376,0.004901239,0.004984477,0.004928225,-0.01686049,0.0050294115
2022-02-15,0.000102163875,-0.0021435977,0.10635445,-0.00015301106,-9.286252e-05,-3.1425036e-05,-0.00012653915,-0.0019845278,-0.016678398,0.00015363994,5.8034086e-05,-0.00011206267,-0.0029760064,-0.0023916797,1.1356198e-05,-2.0718551e-05,0.00012723508,-7.482467e-05,-0.02307829,0.0001473442
2022-02-16,0.0058296933,0.0035752743,0.113850445,0.0055652424,0.005635874,0.0058053522,0.0055748164,0.0037366464,-0.011176532,0.0058704033,0.005792433,0.005640456,0.0027300133,0.0033235117,0.005674453,0.005706714,0.0058389097,0.0058434173,-0.017672291,0.005857834
2022-02-17,-0.0013145566,-0.0035615847,0.10468786,-0.0015763998,-0.0015019536,-0.001407361,-0.0015598967,-0.003402567,-0.018089196,-0.0012850001,-0.001329413,-0.0015287086,-0.004393375,-0.003809339,-0.0014369696,-0.0014205113,-0.0013186693,-0.0014023766,-0.024485609,-0.0012906402
2022-02-18,0.0018465832,-0.00037298945,0.10748695,0.0015779972,0.001641193,0.0017253325,0.0016084701,-0.00021520106,-0.014799317,0.0019201055,0.0018062905,0.001599738,-0.0011992663,-0.00061926094,0.001779446,0.0017504409,0.0018181518,0.0017621085,-0.021151727,0.001900883
2022-02-22,-0.001887849,-0.0040776567,0.10164131,-0.002146861,-0.00209499,-0.0019606636,-0.0021095858,-0.003922744,-0.018234117,-0.0018076509,-0.0019300714,-0.0018817544,-0.0048879744,-0.0043192045,-0.0019910918,-0.0019612745,-0.001911363,-0.0020560385,-0.024467437,-0.0018288255
2022-02-23,9.617361e-05,-0.0021435977,0.10635445,-0.00018061546,-0.00010119227,-2.918241e-05,-0.00012864766,-0.0019845278,-0.016678398,0.00015866908,8.6510205e-05,4.8631453e-05,-0.0029760064,-0.0023916797,-3.9017177e-05,1.5588128e-05,7.641467e-05,-6.0787774e-05,-0.02307829,0.00014893862
2022-02-24,0.0014162973,-0.0008309245,0.10706383,0.0011733115,0.0011836455,0.0012463272,0.0011639387,-0.0006720185,-0.015340177,0.0013832838,0.0014075577,0.0011487767,-0.0016614258,-0.0010776952,0.0012960896,0.0013006047,0.0013798118,0.0012576446,-0.02172826,0.001459615
2022-02-25,-0.0025401325,-0.004776469,0.10323479,-0.0028146938,-0.00276099,-0.002620107,-0.0027463571,-0.004618129,-0.019251203,-0.0025937841,-0.00254654,-0.002628474,-0.0056052716,-0.005023575,-0.002690433,-0.0026548267,-0.0025684224,-0.002687669,-0.025624556,-0.0025017993
2022-02-28,0.00010030868,-0.0021435977,0.10635445,-0.00017241237,-0.00013698486,-6.2479055e-05,-0.0001060277,-0.0019845278,-0.016678398,3.1830394e-05,0.00010096433,3.0511641e-05,-0.0029760064,-0.0023916797,-1.3558543e-05,6.490969e-06,0.000106261694,-1.3259705e-07,-0.02307829,0.00013031217
2022-03-01,9.86174e-05,-0.0021435977,0.10635445,-0.000116495765,-0.00011228619,-9.344367e-05,-9.437499e-05,-0.0019845278,-0.016678398,5.348178e-05,9.093585e-05,-0.00015778688,-0.0029760064,-0.0023916797,-5.6332326e-05,4.6739005e-05,9.966793e-05,-3.0016876e-05,-0.02307829,0.000119613134
2022-03-02,0.0066328063,0.004542121,0.1061846,0.0064052357,0.0064223274,0.0064455955,0.0063988655,0.0046895533,-0.008954277,0.006689371,0.0066293343,0.006504172,0.003769511,0.004311511,0.0064589023,0.006501594,0.006625773,0.006514208,-0.01489803,0.0066295057
2022-03-03,0.0025086864,0.00031483325,0.105920084,0.0022222786,0.0022597178,0.0022925301,0.0022727712,0.00046922418,-0.013801521,0.0025930717,0.0025348081,0.0024802252,-0.00049340574,7.397833e-05,0.0023280173,0.0023627072,0.0025078594,0.0023775562,-0.020017384,0.0025084927
2022-03-04,0.0001139954,-0.0021435977,0.10635445,-0.00016949174,-0.00012362597,-9.2102564e-05,-0.00011526642,-0.0019845278,-0.016678398,0.00017326477,0.000105106854,1.022371e-05,-0.0029760064,-0.0023916797,-8.717028e-05,3.9950246e-06,0.00011775794,-6.420759e-05,-0.02307829,0.00012062641
2022-03-07,0.005483599,0.0033387109,0.10730818,0.005201341,0.005295077,0.00529384,0.005210364,0.0034895777,-0.010481296,0.0054629757,0.0055144443,0.0052174344,0.0025472655,0.003102356,0.005340272,0.0054004653,0.005474554,0.0053853705,-0.016567623,0.0055034026
2022-03-08,0.0001365185,-0.0021435977,0.10635445,-0.00012396125,-5.4246164e-05,-2.6783324e-05,-0.00010422466,-0.0019845278,-0.016678398,0.00012633356,0.000103721046,-8.433906e-05,-0.0029760064,-0.0023916797,-9.0180314e-05,-1.1024531e-07,0.000110001885,-2.4265028e-05,-0.02307829,0.00016316178
2022-03-09,0.00013452175,-0.0021435977,0.10635445,-0.00015323458,-9.421853e-05,-8.997915e-05,-9.393541e-05,-0.0019845278,-0.016678398,0.00020182284,9.772333e-05,-6.378291e-05,-0.0029760064,-0.0023916797,-6.1175204e-05,1.0246062e-05,9.673985e-05,2.330693e-05,-0.02307829,0.00011137279
2022-03-10,0.0013967917,-0.0009062722,0.10799957,0.0010868699,0.0011484042,0.0011743993,0.0010643468,-0.0007460251,-0.015532827,0.0014552936,0.0013721451,0.0011259482,-0.0017435759,-0.0011552855,0.0011647433,0.001254277,0.0013570428,0.0012374163,-0.021972736,0.0013741195
2022-03-11,0.00012344273,-0.0021435977,0.10635445,-0.00014275161,-6.75082e-05,-7.037667e-05,-0.00016391126,-0.0019845278,-0.016678398,0.00011797401,5.1842653e-05,-0.00011040119,-0.0029760064,-0.0023916797,5.5053853e-05,2.844038e-05,0.00011778774,-8.4413565e-05,-0.02307829,0.0001320854
2022-03-14,0.00012930634,-0.0021435977,0.10635445,-0.00015563366,-4.1826046e-05,-6.673334e-05,-0.00018258241,-0.0019845278,-0.016678398,0.0001479775,0.000102692866,-0.00016859767,-0.0029760064,-0.0023916797,-1.3953424e-05,5.4979348e-05,9.54211e-05,-5.4097152e-05,-0.02307829,0.00011151435
2022-03-15,0.00013139995,-0.0021435977,0.10635445,-0.00017362682,-8.399633e-05,-5.0148345e-05,-0.00014549342,-0.0019845278,-0.016678398,0.00021330419,0.00015092792,7.742795e-05,-0.0029760064,-0.0023916797,-7.1084476e-05,-3.9336737e-07,0.000111916685,-3.595499e-05,-0.02307829,0.00011106732
2022-03-16,0.00014909508,-0.0021435977,0.10635445,-0.0001907557,-7.9786754e-05,-0.00010831503,-0.00014497188,-0.0019845278,-0.016678398,0.00023423287,0.0001153216,8.886459e-05,-0.0029760064,-0.0023916797,5.579891e-05,-2.7863658e-05,9.7671174e-05,-9.658036e-05,-0.02307829,0.00013191404
2022-03-17,0.005978988,0.0038248166,0.10773737,0.00567946,0.0057563423,0.005808474,0.0056879534,0.003975676,-0.009990742,0.0060709133,0.0059746965,0.0059333756,0.0030336468,0.0035886778,0.0058694943,0.0058978437,0.0059704497,0.0057915463,-0.016074924,0.0059543713
2022-03-18,0.0044469847,0.0022323518,0.10857871,0.004177557,0.0042300834,0.004269065,0.004134783,0.0023872494,-0.011943085,0.0044563874,0.0043749674,0.0043402924,0.0014204473,0.001990126,0.0043177693,0.0043225526,0.00444206,0.004241863,-0.018185524,0.0044195964
2022-03-21,0.0010178924,-0.0011514634,0.10330146,0.0007482857,0.00081809016,0.00089536014,0.0007230431,-0.0009992629,-0.0150797125,0.0011146158,0.00096422585,0.0009087116,-0.0019489437,-0.0013895467,0.0009187475,0.0009596214,0.0010284722,0.0009150967,-0.021213083,0.0009985581
2022-03-22,0.00014055672,-0.0021435977,0.10635445,-0.00014924852,-8.445827e-05,-3.1141913e-05,-3.1954027e-05,-0.0019845278,-0.016678398,0.00022684934,0.000108340406,-0.00011202542,-0.0029760064,-0.0023916797,1.8896186e-05,3.8766302e-08,0.00012105855,-6.206182e-05,-0.02307829,0.000118331634
2022-03-23,0.0001448259,-0.0021435977,0.10635445,-0.00019151566,-9.1201044e-05,-5.2204705e-05,-9.2877424e-05,-0.0019845278,-0.016678398,0.00021466019,8.145126e-05,-5.2064424e-06,-0.0029760064,-0.0023916797,-6.5422035e-05,-2.7319766e-05,9.442272e-05,-0.00010767428,-0.02307829,0.00010943564
2022-03-24,0.0037331297,0.0014962718,0.10798196,0.003424415,0.003481017,0.0036007701,0.0035218908,0.0016518921,-0.012735946,0.003800915,0.003711389,0.0036783381,0.00068133476,0.0012535021,0.003539653,0.003571005,0.0037379875,0.0035638153,-0.019002808,0.0037195547
2022-03-25,0.002537103,0.00027790072,0.10839416,0.0022282465,0.0022935658,0.0023603602,0.002333322,0.00043627026,-0.014201483,0.0026337518,0.0025676056,0.0024726405,-0.000551334,3.0928873e-05,0.0023886948,0.0024270727,0.0025260462,0.002310486,-0.020577094,0.002530755
2022-03-28,0.0013444662,-0.0008978903,0.10547097,0.001038076,0.0010892168,0.0011617929,0.000990206,-0.0007415399,-0.015173836,0.0014274359,0.0013429016,0.0012302637,-0.0017148912,-0.0011408463,0.001194419,0.0012070477,0.0013452783,0.0011799947,-0.021459406,0.001337269
2022-03-29,0.0001397893,-0.0021435977,0.10635445,-0.00017553417,-0.000120474375,-4.032103e-05,-5.497632e-05,-0.0019845278,-0.016678398,0.0002205536,8.220377e-05,-2.2029853e-05,-0.0029760064,-0.0023916797,5.6341523e-06,1.6996288e-05,0.000111149275,-9.021012e-05,-0.02307829,0.000121162855
2022-03-30,0.00014588388,-0.0021435977,0.10635445,-0.00017008034,-9.817479e-05,-1.4385558e-05,-0.00011128036,-0.0019845278,-0.016678398,0.00021933916,0.00012769701,0.00012574496,-0.0029760064,-0.0023916797,-4.7883368e-05,6.8560475e-06,0.0001262516,5.128386e-05,-0.02307829,0.00011634978
2022-03-31,0.00015783461,-0.0021435977,0.10635445,-0.00016422418,-8.3012856e-05,-5.0953007e-05,-0.00017614511,-0.0019845278,-0.016678398,0.00022161903,9.300711e-05,0.0001159698,-0.0029760064,-0.0023916797,-5.2756048e-05,1.304748e-05,0.00017510506,-6.946025e-05,-0.02307829,0.00012225064
2022-04-01,0.0029493137,0.00066594186,0.1100879,0.0026677786,0.00273277,0.0027218102,0.0026779338,0.000826405,-0.014001546,0.0030281036,0.0029405667,0.0028555258,-0.00017420796,0.00041587802,0.0027485653,0.0028866245,0.0029527037,0.0027573942,-0.020459918,0.0029284074
2022-04-04,0.00014620426,-0.0021435977,0.10635445,-0.00017647294,-0.00015467254,-6.0184277e-05,-0.00018811075,-0.0019845278,-0.016678398,0.00023621472,0.00012516382,6.7898654e-05,-0.0029760064,-0.0023916797,-2.0846492e-06,1.6318285e-05,0.0001230404,-1.916138e-05,-0.02307829,0.000118860626
2022-04-05,-0.00399801,-0.0062298984,0.09849932,-0.004313475,-0.004245369,-0.004233292,-0.0041833133,-0.006076804,-0.02023193,-0.003946668,-0.004111922,-0.0040722624,-0.0070313276,-0.0064691664,-0.0041722045,-0.0041398318,-0.004003568,-0.0042027743,-0.02639736,-0.004052526
2022-04-06,0.0018371582,-0.00040516106,0.104786806,0.0015409306,0.0016312465,0.0015831158,0.0015468985,-0.0002511799,-0.01448497,0.0018870101,0.0018186435,0.0016739309,-0.0012110606,-0.0006451666,0.001649113,0.0016581431,0.0018473357,0.001580672,-0.020684494,0.0017499864
2022-04-07,0.00013167562,-0.0021435977,0.10635445,-0.00016093103,-4.9164868e-05,-7.872877e-05,-5.482114e-06,-0.0019845278,-0.016678398,0.00015553238,2.35677e-05,8.323195e-05,-0.0029760064,-0.0023916797,2.3409957e-06,-6.0251332e-05,0.00012883695,-0.000103665865,-0.02307829,8.217397e-05
2022-04-08,0.002345079,3.334286e-05,0.10909829,0.0020223423,0.0020938828,0.002132596,0.002179855,0.00019321742,-0.014576009,0.0023763343,0.00217759,0.0022585108,-0.00080340204,-0.000215812,0.0021250485,0.0021943985,0.0023882627,0.0021308674,-0.0210089,0.0022747754
2022-04-11,0.0010438949,-0.0012282416,0.10614676,0.0006995365,0.000817211,0.00080567005,0.000863792,-0.0010710716,-0.015590815,0.0010844261,0.0009810344,0.0009437144,-0.0020507784,-0.0014734924,0.0008384973,0.0009066701,0.0010133997,0.00080562534,-0.021915173,0.0009999141
2022-04-12,-0.0046533034,-0.0068447427,0.09900702,-0.0048677833,-0.004820174,-0.0048412443,-0.0049509914,-0.0066896887,-0.021015702,-0.0045608417,-0.00458633,-0.004890247,-0.00765585,-0.0070868195,-0.0047890083,-0.0047842474,-0.0046499507,-0.0048309104,-0.027255123,-0.0046854974
2022-04-13,0.00011452439,-0.0021435977,0.10635445,-0.00019046513,-0.00011029688,-6.651727e-05,-0.00014789996,-0.0019845278,-0.016678398,0.00015996548,9.632262e-05,-6.100512e-06,-0.0029760064,-0.0023916797,-1.5979982e-05,-4.584936e-05,7.5349235e-05,-6.4006425e-05,-0.02307829,5.7110214e-05
2022-04-14,0.00012404623,-0.0021435977,0.10635445,-0.00016726402,-8.898077e-05,-1.005677e-05,-0.00015516428,-0.0019845278,-0.016678398,0.00015301409,-3.99485e-05,1.0685646e-05,-0.0029760064,-0.0023916797,-3.544835e-05,5.1753246e-05,6.189349e-05,-0.00010761467,-0.02307829,6.1349594e-05
2022-04-18,0.0038581952,0.0016550809,0.1060915,0.0035280376,0.0036416515,0.0036511286,0.0034501045,0.00180711,-0.012270903,0.0039229556,0.003804767,0.0037381588,0.0008576751,0.0014171988,0.0036275252,0.0037524863,0.0038713603,0.0036313697,-0.018403267,0.0037843972
2022-04-19,0.0001346484,-0.0021435977,0.10635445,-0.00011057255,-9.299663e-05,0.00012202712,-5.367247e-05,-0.0019845278,-0.016678398,9.504112e-05,6.0172402e-05,6.177428e-05,-0.0029760064,-0.0023916797,-6.7716814e-05,8.0108875e-06,0.0001653746,-7.434783e-05,-0.02307829,0.0001409367
2022-04-20,0.004539521,0.0023885607,0.10491996,0.00432297,0.0043504774,0.0043223887,0.0043923347,0.002537751,-0.011266356,0.00452871,0.0043958365,0.004424536,0.0016069129,0.0021554395,0.0043591945,0.0043953,0.0045742034,0.004339935,-0.017279407,0.0045499145
2022-04-21,0.0022230907,8.986914e-06,0.1063901,0.0020412668,0.0021189167,0.002058716,0.0019455791,0.00016553851,-0.0142901,0.0022813394,0.0021092086,0.0020704581,-0.00080942956,-0.00023422984,0.002097228,0.002133557,0.0022636591,0.0020113378,-0.020585572,0.0022687702
2022-04-22,0.00015872868,-0.0021435977,0.10635445,-0.00010458229,-3.4666038e-05,-9.254215e-05,-0.00024616567,-0.0019845278,-0.016678398,0.00014583918,-3.0754483e-05,9.880366e-05,-0.0029760064,-0.0023916797,4.8378133e-05,-1.1397875e-05,0.00014063122,-0.0001298025,-0.02307829,0.00011276605
2022-04-25,0.0029080152,0.0006693691,0.107103154,0.0027183979,0.0028508692,0.0026650145,0.0024947613,0.0008248255,-0.013547657,0.0028892695,0.0027835532,0.002653466,-0.00014475582,0.00042670371,0.0027603968,0.0028355955,0.0029227152,0.0027115508,-0.019807993,0.0028944775
2022-04-26,0.0001442373,-0.0021435977,0.10635445,-0.00011183915,-3.9128936e-05,-9.2372065e-06,-0.00020377932,-0.0019845278,-0.016678398,0.00012464228,5.7221972e-05,6.692263e-05,-0.0029760064,-0.0023916797,-7.8400946e-05,6.359222e-05,0.00014832767,-2.5173998e-05,-0.02307829,0.00014122727
2022-04-27,0.0012780369,-0.0009896368,0.105444096,0.0010673866,0.0011121869,0.0010822132,0.0010802239,-0.000833413,-0.015263198,0.0012451127,0.0011676938,0.0011698619,-0.0018066972,-0.0012328312,0.0010676399,0.0012053862,0.0012896672,0.001058051,-0.021547733,0.0012462005
2022-04-28,0.0041664555,0.0019111574,0.11032678,0.0039095148,0.0039811595,0.003997253,0.003868082,0.002069415,-0.012559211,0.004173377,0.00403759,0.0040972843,0.0010821313,0.0016639397,0.004102045,0.004054853,0.0041782274,0.0039057,-0.01893141,0.0041401773
2022-04-29,0.0067509203,0.004614474,0.10745995,0.006530957,0.006588587,0.006564656,0.0065367087,0.0047634034,-0.009031063,0.0067481934,0.006724873,0.006529735,0.0038330196,0.004381047,0.0066558733,0.006621921,0.0067742406,0.0065940632,-0.015040843,0.0067523806
2022-05-02,0.00013478997,-0.0021435977,0.10635445,-0.00010436622,-1.9504107e-05,-8.4912754e-05,-0.00018346158,-0.0019845278,-0.016678398,8.025172e-05,-1.5987433e-05,-6.9423e-05,-0.0029760064,-0.0023916797,8.902105e-05,3.7276768e-05,0.00017224404,-2.839265e-05,-0.02307829,0.00014650228
2022-05-03,0.004440659,0.00227862,0.10567723,0.0041997596,0.0042975782,0.004295656,0.004336649,0.0024295463,-0.011527931,0.00443604,0.0043834983,0.004374185,0.0014883965,0.0020431592,0.0043100803,0.004340337,0.0043783425,0.0042776405,-0.017607486,0.004458809
2022-05-04,-0.0041722567,-0.006432502,0.100905865,-0.0044593946,-0.004336244,-0.004393494,-0.004422149,-0.006274982,-0.020819908,-0.004190272,-0.004218808,-0.0044140727,-0.007256134,-0.006678155,-0.0043366686,-0.0043172524,-0.0042149485,-0.004374935,-0.02715469,-0.004158689
2022-05-05,0.00012310746,-0.0021435977,0.10635445,-0.00016583351,-9.912101e-05,-5.392579e-05,2.78058e-06,-0.0019845278,-0.016678398,6.6252076e-05,4.552456e-05,-1.4445162e-05,-0.0029760064,-0.0023916797,-5.3255237e-05,-2.9599643e-05,9.233656e-05,-1.2582517e-05,-0.02307829,0.0001133919
2022-05-06,0.00052864256,-0.0016538337,0.10154996,0.00022506865,0.00032406452,0.00033129158,0.00032714906,-0.0015036002,-0.015407218,0.00044351968,0.0004296765,0.00030438008,-0.0024410994,-0.0018889591,0.0003333852,0.00040719064,0.00048069807,0.000316152,-0.021463616,0.00048981013
2022-05-09,0.000991942,-0.0012422263,0.10428048,0.0007134691,0.000748308,0.0007922888,0.0008059308,-0.0010881483,-0.015334947,0.0008862555,0.0008656472,0.00074759277,-0.002049102,-0.0014828577,0.000866735,0.0008657068,0.0010355205,0.0007408947,-0.021540513,0.0009490863
2022-05-10,0.00015027227,-0.0021435977,0.10635445,-9.9433935e-05,-6.858108e-05,-7.656065e-05,-1.6494072e-05,-0.0019845278,-0.016678398,3.755989e-05,2.5825226e-05,2.1994347e-06,-0.0029760064,-0.0023916797,1.4261925e-05,6.500783e-05,0.00010208937,-4.2816973e-05,-0.02307829,0.0001340002
2022-05-11,0.00014005753,-0.0021435977,0.10635445,-0.00013056991,-2.8057373e-05,-2.2797263e-05,-6.969122e-05,-0.0019845278,-0.016678398,2.2271299e-05,5.3936266e-05,-8.409319e-05,-0.0029760064,-0.0023916797,-4.2958534e-05,-2.1240092e-05,0.00011458399,-4.381535e-05,-0.02307829,0.00011482241
2022-05-12,0.00071592035,-0.001537925,0.10568278,0.0004463211,0.00056847336,0.00053610804,0.0004720256,-0.001380606,-0.015910706,0.0006614119,0.0005949229,0.00058347883,-0.0023607598,-0.0017828628,0.00057776424,0.0005830616,0.00065089914,0.00051866623,-0.022239162,0.0007200405
2022-05-13,0.0018008441,-0.00046297756,0.105469786,0.0014919728,0.001614058,0.0015489251,0.0015300378,-0.00030845997,-0.014597667,0.0016683206,0.0016763076,0.0014838144,-0.0012723565,-0.00070450304,0.0015900895,0.0016343162,0.0016980186,0.0015559584,-0.02082201,0.0017475948
2022-05-16,0.003910111,0.0017055363,0.106586516,0.0036248653,0.0036286055,0.0037490292,0.0036294698,0.0018581391,-0.012258349,0.003873126,0.0037711873,0.0036546304,0.000905858,0.0014668942,0.0038205548,0.0037686094,0.0038740872,0.0037535517,-0.018407678,0.0038641556
2022-05-17,0.00013374689,-0.0021435977,0.10635445,-0.00011718867,6.307068e-05,-7.6217926e-05,7.531943e-05,-0.0019845278,-0.016678398,4.9532973e-05,-5.7950383e-06,-0.00013533828,-0.0029760064,-0.0023916797,-1.3409532e-05,5.09026e-06,9.196403e-05,-4.125235e-05,-0.02307829,0.00011702778
2022-05-18,0.0070744096,0.0050011366,0.104381606,0.006925264,0.0069510057,0.0068531795,0.0068623214,0.005144523,-0.008151358,0.0070432364,0.0069413646,0.0067878976,0.0042482107,0.0047760173,0.0069298237,0.006995225,0.0070317327,0.0068719625,-0.013944043,0.007035756
2022-05-19,0.00473752,0.0024406998,0.11137977,0.0044427603,0.004562752,0.0045300587,0.0046664416,0.002600418,-0.012153706,0.004652114,0.0045439242,0.0044061183,0.0016048491,0.0021920814,0.0046595423,0.004569502,0.0047006025,0.004517907,-0.018579965,0.00469459
2022-05-20,0.00014435651,-0.0021435977,0.10635445,-0.00012766419,-7.0033944e-05,-3.198383e-05,0.00017411413,-0.0019845278,-0.016678398,5.105161e-06,-0.00011463312,-0.00014816818,-0.0029760064,-0.0023916797,-1.2075878e-05,2.9744231e-05,0.00012422504,-5.6555844e-05,-0.02307829,7.362815e-05
2022-05-23,0.004205057,0.0019454673,0.1091363,0.0038595363,0.003989802,0.0039713024,0.0040752827,0.0021021455,-0.0123802405,0.00413488,0.0041207164,0.0038382723,0.0011250988,0.0017010808,0.004068391,0.004083426,0.004222037,0.0039728372,-0.018688327,0.0041333153
2022-05-24,0.00016143324,-0.0021435977,0.10635445,-0.00015579013,-7.663516e-05,-2.1284795e-05,-8.283404e-05,-0.0019845278,-0.016678398,7.434341e-05,-4.27512e-06,-0.00021429954,-0.0029760064,-0.0023916797,6.377103e-05,3.780576e-05,0.00015051814,-8.64116e-06,-0.02307829,7.742795e-05
2022-05-25,0.0035188883,0.0012760177,0.1081407,0.0032253205,0.0033512725,0.003337571,0.0032942682,0.0014331654,-0.013072146,0.0034705936,0.0033537983,0.003262171,0.0004547626,0.0010319516,0.003562258,0.0034050434,0.0035357415,0.0033867746,-0.019389449,0.0035232469
2022-05-26,0.00010369124,-0.0021435977,0.10635445,-0.00015083549,2.3558969e-06,-6.276963e-05,-0.00020237861,-0.0019845278,-0.016678398,6.3428306e-05,-0.00010484306,-0.00017363427,-0.0029760064,-0.0023916797,7.4969255e-05,-5.0640665e-08,0.0001545042,-7.996557e-05,-0.02307829,9.913149e-05
2022-05-27,0.008622149,0.006684357,0.10348716,0.008357013,0.00846591,0.008498566,0.008333499,0.0068233027,-0.0060733543,0.008616963,0.008644486,0.0084970165,0.005954133,0.006465824,0.008527005,0.008586848,0.008706229,0.0085209925,-0.011692641,0.008672828
2022-05-31,0.0019652708,-0.00016773341,0.10358766,0.0017622277,0.0018201784,0.0017733813,0.0017126143,-1.6769744e-05,-0.013988791,0.0019658296,0.0018678695,0.0017782837,-0.0009590074,-0.00040400622,0.001876013,0.0019218639,0.001994857,0.0018263325,-0.020075051,0.001980634
2022-06-01,8.554908e-05,-0.0021435977,0.10635445,-8.574722e-05,-6.545184e-05,-3.039604e-07,-0.00012545136,-0.0019845278,-0.016678398,0.00011028501,-1.3878918e-05,-0.0001765698,-0.0029760064,-0.0023916797,0.000120134675,5.4949545e-05,0.00013673457,-2.6150024e-05,-0.02307829,0.00010169449
2022-06-02,0.0019404531,-0.0003056064,0.10898964,0.0017976105,0.0018452719,0.0018393189,0.0017129123,-0.00014524756,-0.01496168,0.0019732206,0.0018532366,0.0017123536,-0.0011449441,-0.000555551,0.0019627376,0.0019111574,0.0020099967,0.0018180028,-0.021414807,0.0019673943
2022-06-03,0.0064843907,0.0044334023,0.10588769,0.006371492,0.006406659,0.0063839494,0.006210105,0.0045804842,-0.0090433415,0.006483847,0.0063810362,0.0062576397,0.0036618798,0.00420312,0.0064600348,0.0064439937,0.006545657,0.006371626,-0.014978437,0.0065468564
2022-06-06,6.862881e-05,-0.0021435977,0.10635445,-3.1656004e-05,-4.380045e-05,-8.74087e-05,-0.00023209152,-0.0019845278,-0.016678398,0.00010394456,1.3189041e-05,-0.00012703834,-0.0029760064,-0.0023916797,7.192942e-05,0.0001312882,0.00014364126,-2.0480133e-05,-0.02307829,0.00010201486
2022-06-07,0.00011279585,-0.0021435977,0.10635445,-0.00012218801,-2.4980283e-05,-5.844084e-05,-0.00024442223,-0.0019845278,-0.016678398,8.636119e-05,-3.5105622e-05,-0.00010744331,-0.0029760064,-0.0023916797,1.3501965e-05,4.0584826e-05,0.00015876594,-4.123745e-05,-0.02307829,0.00011492672
2022-06-08,0.00010977837,-0.0021435977,0.10635445,-2.6583439e-06,-1.159159e-05,-7.872132e-05,7.5475895e-05,-0.0019845278,-0.016678398,0.0001044363,-1.249311e-05,-0.00013872085,-0.0029760064,-0.0023916797,0.00014227035,6.835314e-05,0.00014077278,-1.6897684e-06,-0.02307829,0.00011617842
2022-06-09,0.00010419043,-0.0021435977,0.10635445,-0.00015368161,0.00010159763,-0.00013645587,1.0119402e-05,-0.0019845278,-0.016678398,9.731355e-05,-1.7507351e-05,-0.00014621613,-0.0029760064,-0.0023916797,0.00014317187,4.2656087e-05,0.00012587162,-6.487069e-05,-0.02307829,9.5763826e-05
2022-06-10,0.00013104232,-0.0021435977,0.10635445,-0.00014091877,9.5115625e-05,-0.00011686084,7.424655e-05,-0.0019845278,-0.016678398,0.00010131451,4.7835056e-07,-0.00010345725,-0.0029760064,-0.0023916797,0.0001268253,1.7644488e-05,0.00013587775,-6.0400344e-05,-0.02307829,0.00010163488
2022-06-13,0.0023282035,4.3542706e-05,0.10973517,0.0020268797,0.0022228672,0.002129668,0.0020395233,0.00020474347,-0.014672635,0.0023407652,0.0022013127,0.0020861044,-0.0007992446,-0.00020719913,0.0023518293,0.0022634803,0.0023657768,0.0022316738,-0.021152226,0.0023289113
2022-06-14,0.00011111947,-0.0021435977,0.10635445,-0.000113411224,4.1374587e-05,-5.187688e-05,-0.0001784548,-0.0019845278,-0.016678398,0.000135766,-1.3029552e-05,-0.00013840792,-0.0029760064,-0.0023916797,0.00015615823,2.2003078e-05,0.00013717415,-7.6970435e-05,-0.02307829,9.92507e-05
2022-06-15,0.004215838,0.0020666062,0.1069917,0.004000926,0.004141317,0.0040469333,0.0039919033,0.0022196188,-0.011927707,0.004273498,0.004160495,0.0039876266,0.0012653709,0.0018276438,0.004279071,0.0041453405,0.004278147,0.004099773,-0.01809018,0.004218103
2022-06-16,-0.004480316,-0.0066154436,0.099426,-0.0046008513,-0.004534936,-0.0045744763,-0.0044242875,-0.0064599128,-0.020827604,-0.004336788,-0.0045516626,-0.0046325983,-0.0074289353,-0.006858072,-0.0043582604,-0.004525377,-0.004516399,-0.004538758,-0.027085168,-0.004488191
2022-06-17,0.0020444929,-0.00013381836,0.10662153,0.0018424183,0.0019873246,0.0019310579,0.0021715104,2.229365e-05,-0.014408102,0.0021645217,0.0019424573,0.0017194614,-0.00095126627,-0.0003774747,0.0019686907,0.0019511745,0.0021029203,0.0019452512,-0.020693494,0.00201589
2022-06-21,0.0017932669,-0.00040888635,0.10620276,0.0015709788,0.0016608924,0.0016398445,0.0018930897,-0.00025321392,-0.014652563,0.0018463075,0.001655528,0.0014912278,-0.0012246728,-0.00065217016,0.0017275229,0.0016985774,0.001812087,0.0016065404,-0.020924626,0.0017981544
2022-06-22,0.0028318702,0.0006567106,0.10605534,0.002650553,0.0027488484,0.002647811,0.002935478,0.0008105129,-0.013411133,0.0028867587,0.0027162894,0.0026244833,-0.00014874188,0.00041651132,0.0027535423,0.0027593016,0.002883674,0.002744229,-0.019605873,0.0028561666
2022-06-23,0.0007136181,-0.0015554487,0.107206345,0.00063046964,0.0006219089,0.00050907733,0.00081399234,-0.0013956412,-0.01615551,0.00076030346,0.00063827785,0.0005176306,-0.0023914934,-0.0018042013,0.0006047577,0.00056437554,0.00075441005,0.0005299911,-0.022583915,0.00074727985
2022-06-24,0.0059957593,0.00387215,0.106938414,0.005825454,0.0059316396,0.0058078854,0.0060656457,0.004021713,-0.009816727,0.005986878,0.0059005707,0.0058195083,0.0030882522,0.0036380454,0.005941422,0.0059027984,0.006018394,0.005869539,-0.015845297,0.0060250773
2022-06-27,0.0018519476,-0.0003570303,0.10652383,0.0016378775,0.0017152369,0.0016533897,0.0019433737,-0.00020050851,-0.014666928,0.0018867046,0.0016743407,0.0016750038,-0.0011763558,-0.0006011039,0.0017746628,0.0017004401,0.0019118503,0.0017296612,-0.020967772,0.0018868461
2022-06-28,0.004484737,0.002393113,0.10596596,0.004358606,0.0044279634,0.004367055,0.0045994236,0.0025436818,-0.01139242,0.0045419275,0.0043665334,0.0043846085,0.0016038507,0.0021575778,0.0044128834,0.004365468,0.004598306,0.004433268,-0.01746319,0.004566276
2022-06-29,9.158405e-05,-0.0021435977,0.10635445,-0.00014779565,-0.00010279415,-9.192375e-05,0.0001896784,-0.0019845278,-0.016678398,5.4554665e-05,-4.727242e-05,-0.00013392267,-0.0029760064,-0.0023916797,0.0001140401,2.0341598e-05,0.0001416296,6.0313963e-05,-0.02307829,0.00015713426
2022-06-30,0.0033907383,0.0011532173,0.10875762,0.0031329705,0.0032141074,0.0031678914,0.003462085,0.0013108343,-0.013247965,0.003407882,0.003252515,0.003131786,0.0003285274,0.000907594,0.00342101,0.0032587214,0.003439234,0.0032924875,-0.019589102,0.0034166514
2022-07-01,9.1904425e-05,-0.0021435977,0.10635445,-0.0001137316,-7.4779964e-05,-0.00011916307,6.236287e-05,-0.0019845278,-0.016678398,0.00011734816,-8.754281e-05,-0.00017898378,-0.0029760064,-0.0023916797,9.616616e-05,5.8637583e-05,0.00015024247,3.6583864e-05,-0.02307829,0.00012033584
2022-07-05,1.4008605e-05,-0.0021435977,0.10635445,-0.00012968329,-7.07641e-05,-0.000102771795,9.848329e-05,-0.0019845278,-0.016678398,1.678022e-05,-9.51424e-05,-0.00018543599,-0.0029760064,-0.0023916797,4.8005604e-05,-1.0757125e-05,0.00016856345,4.0979707e-05,-0.02307829,0.00017732533
2022-07-06,7.862749e-05,-0.0021435977,0.10635445,-0.00011088548,-8.6224056e-05,-0.00012925116,8.64804e-05,-0.0019845278,-0.016678398,7.10726e-05,-6.4506894e-06,-0.00015514193,-0.0029760064,-0.0023916797,7.564726e-05,-1.9191182e-05,0.00012234005,0.0001712382,-0.02307829,0.00015014561
2022-07-07,0.00011160376,-0.0021435977,0.10635445,-0.00012670306,-3.187207e-05,-0.000102630234,0.000110381865,-0.0019845278,-0.016678398,8.987042e-05,-3.2676733e-05,-0.000120832,-0.0029760064,-0.0023916797,6.415846e-05,-1.6054488e-05,0.00016434642,0.00017659517,-0.02307829,0.00015431794
2022-07-08,0.0034758388,0.001207383,0.10811793,0.0032434925,0.0033277809,0.0032088845,0.003543125,0.0013648883,-0.013168475,0.003386268,0.0033516823,0.003189282,0.0003846452,0.0009631604,0.0034185885,0.0033828109,0.003480026,0.0034482344,-0.019497668,0.0034805178
2022-07-11,0.0010834947,-0.0011281803,0.10480111,0.0008607969,0.0008797959,0.0008109525,0.00095126184,-0.0009733647,-0.015285438,0.0010188982,0.0009788811,0.0008105278,-0.0019387066,-0.001369892,0.0010476649,0.00092775526,0.0010864228,0.0010531634,-0.021519361,0.0010385081
2022-07-12,0.00013376924,-0.0021435977,0.10635445,-0.00014670787,-5.779264e-05,-0.00012557802,-9.5447875e-05,-0.0019845278,-0.016678398,5.5813813e-05,-1.2984849e-05,-0.00015435962,-0.0029760064,-0.0023916797,0.00010676088,-3.6960817e-05,0.00014723989,0.00017849507,-0.02307829,8.876773e-05
2022-07-13,0.0032399981,0.0011011675,0.10400788,0.003012301,0.0030582487,0.0030011027,0.0030104755,0.0012508497,-0.012600651,0.0031677498,0.0030959114,0.0029783784,0.0003168151,0.00086706283,0.0032331734,0.0031167432,0.0032441183,0.0033048182,-0.018634384,0.003233151
2022-07-14,0.00012732449,-0.0021435977,0.10635445,-0.00017201749,-6.9281436e-05,-0.000123924,-0.00019875017,-0.0019845278,-0.016678398,9.566697e-05,-6.672589e-05,-0.00016041694,-0.0029760064,-0.0023916797,0.00010879489,1.2578093e-05,0.00013423862,0.00011507573,-0.02307829,8.704665e-05
2022-07-15,0.003100635,0.000874655,0.10794357,0.0028512343,0.002933578,0.0028620153,0.0027873158,0.0010311172,-0.013431711,0.0030702516,0.0029747277,0.0028148754,5.5307173e-05,0.00063043984,0.0030653416,0.0030032261,0.0031386553,0.0031662895,-0.01973134,0.0030689328
2022-07-18,0.00093871506,-0.001244238,0.10362881,0.0006439552,0.0008280069,0.00068466517,0.00066829624,-0.0010913297,-0.015238104,0.0008762643,0.0008536816,0.0006732583,-0.0020454885,-0.0014833867,0.0008462757,0.0007719934,0.0009742767,0.0008283794,-0.021400286,0.0009576619
2022-07-19,0.000107312226,-0.0021435977,0.10635445,-0.00017256138,-5.8977283e-05,-0.00014564989,-0.00013150868,-0.0019845278,-0.016678398,7.506611e-05,3.358128e-05,-0.00016942469,-0.0029760064,-0.0023916797,9.020569e-05,-8.462346e-06,0.00013144466,1.9939267e-05,-0.02307829,0.00013461115
2022-07-20,-0.00049890426,-0.0027360157,0.10579622,-0.0007691145,-0.00069354323,-0.00074013916,-0.0007358402,-0.0025768117,-0.017286425,-0.00047805754,-0.00055749563,-0.0007515162,-0.0035692067,-0.0029843734,-0.000487788,-0.0005994871,-0.00047218648,-0.0005779102,-0.023693157,-0.00046207604
2022-07-21,0.00010790082,-0.0021435977,0.10635445,-0.00017054973,-8.793024e-05,-0.00013337133,-0.00010052917,-0.0019845278,-0.016678398,0.00011291506,-3.583578e-05,-0.00017329899,-0.0029760064,-0.0023916797,7.9201185e-05,3.564509e-05,0.00014004263,7.847848e-05,-0.02307829,0.000105628395
2022-07-22,0.00010401162,-0.0021435977,0.10635445,-0.00016335992,-6.591377e-05,-0.00015577523,-0.00013279018,-0.0019845278,-0.016678398,9.7052776e-05,1.7465674e-05,-0.0001638442,-0.0029760064,-0.0023916797,7.564726e-05,1.4269375e-05,0.00013504329,6.129744e-05,-0.02307829,0.00014389458
2022-07-25,0.0032651662,0.000964807,0.11130321,0.0029514,0.0030576303,0.0030053793,0.0031079738,0.0011274681,-0.013880035,0.003286758,0.0031036674,0.0029716357,0.0001147032,0.0007123143,0.0032017916,0.0032123788,0.0032964214,0.003194043,-0.02041581,0.0032803505
2022-07-26,0.00011625292,-0.0021435977,0.10635445,-0.00014991162,-8.382497e-05,-9.9307275e-05,-1.9228435e-05,-0.0019845278,-0.016678398,9.759667e-05,2.869987e-06,-0.00016005186,-0.0029760064,-0.0023916797,7.943215e-05,0.00011497887,0.00012786838,6.0960883e-06,-0.02307829,0.00014957937
2022-07-27,0.005652712,0.003549063,0.10540643,0.0054245903,0.0054619103,0.0054930835,0.005420798,0.003696838,-0.00998245,0.0056217923,0.005550125,0.0053816675,0.002774404,0.0033177524,0.0055994852,0.0056001334,0.0056900545,0.0055888533,-0.015941618,0.0056609525
2022-07-28,0.0015928537,-0.00062981097,0.10610942,0.0013730988,0.0014152393,0.0013752222,0.0014116705,-0.00047335622,-0.014928004,0.001541698,0.0016200707,0.0013168022,-0.0014484137,-0.00087356416,0.0015278101,0.001486899,0.0016166285,0.0015299931,-0.021223662,0.0015993431
2022-07-29,0.0045596748,0.0023139804,0.111564845,0.004410775,0.00435424,0.0043430342,0.0043646186,0.0024737506,-0.012287548,0.0045508086,0.004534447,0.0042978614,0.0014775634,0.0020647137,0.004507126,0.0045359447,0.0046130135,0.0044413297,-0.018717369,0.004603417
2022-08-01,0.0012954489,-0.0009529799,0.10705908,0.0010236815,0.0011398733,0.0010576785,0.0013528481,-0.0007948637,-0.015406078,0.0012704671,0.0012242809,0.0010216177,-0.0017806723,-0.0011996984,0.0011740417,0.0012547836,0.001329118,0.001219669,-0.021770103,0.0013490185
2022-08-02,0.0051668,0.0030679344,0.10556697,0.0049133464,0.0049933433,0.0049740537,0.0051754056,0.003216633,-0.010548053,0.005138853,0.005072133,0.004920663,0.0022883727,0.0028350665,0.0051352843,0.0051904037,0.0052191108,0.0050430014,-0.016544407,0.005218522
2022-08-03,0.000103311264,-0.0021435977,0.10635445,-0.00013564376,-2.854166e-05,-0.00012475846,0.000111909234,-0.0019845278,-0.016678398,8.5347914e-05,2.0131702e-06,-0.00016348658,-0.0029760064,-0.0023916797,4.3669366e-05,0.0001319513,0.00013084861,2.9014074e-05,-0.02307829,0.00015541317
2022-08-04,0.00010068121,-0.0021435977,0.10635445,-0.000110222376,-3.430096e-05,-0.00010812876,2.0281994e-05,-0.0019845278,-0.016678398,0.00013889524,-3.276742e-06,-0.00015423296,-0.0029760064,-0.0023916797,4.2983913e-05,0.0001493931,0.00016198459,0.00014004263,-0.02307829,8.735957e-05
2022-08-05,-0.00018606929,-0.0023991526,0.104618326,-0.0003908038,-0.00034015474,-0.00043638644,-0.00013454852,-0.002242586,-0.016713662,-0.00020517258,-0.00037991104,-0.00045739708,-0.0032188431,-0.0026436434,-0.00024334935,-0.00016588566,-0.00015684811,-0.00016915647,-0.023016816,-0.00022508798
2022-08-08,0.00014511647,-0.0021435977,0.10635445,-0.0001528397,-9.540317e-05,-0.00014950184,0.00021986815,-0.0019845278,-0.016678398,0.00012057426,-7.355807e-05,-0.00015656499,-0.0029760064,-0.0023916797,-2.8094626e-05,0.00020913186,0.00012727233,0.00016357901,-0.02307829,3.3797347e-05
2022-08-09,0.0001287997,-0.0021435977,0.10635445,-0.00011865643,-6.009487e-05,-0.00012592075,0.00020251574,-0.0019845278,-0.016678398,7.6116645e-05,1.4485442e-05,-0.0001285508,-0.0029760064,-0.0023916797,-4.033593e-05,0.00019701722,0.00013976695,0.00014561566,-0.02307829,8.396956e-05
2022-08-10,-0.0014472589,-0.003699182,0.10323962,-0.0017176404,-0.001650995,-0.0016914591,-0.0013444185,-0.00354158,-0.018083705,-0.0015624076,-0.0014034197,-0.0017160535,-0.00452227,-0.0039438964,-0.0016408026,-0.001372008,-0.001420556,-0.0014303311,-0.024416653,-0.0014188051
2022-08-11,0.0034558563,0.0011942029,0.1099324,0.003202179,0.003270635,0.003185974,0.0035114898,0.0013533622,-0.013354754,0.0034006326,0.0034137978,0.0031918376,0.0003608853,0.0009459943,0.0033818423,0.0035611405,0.0034893765,0.0035335212,-0.019761128,0.003414215
2022-08-12,0.00012877735,-0.0021435977,0.10635445,3.561529e-05,-0.00010960398,-0.00015130488,-6.4654625e-05,-0.0019845278,-0.016678398,0.00010621699,-9.438372e-06,-0.00014688668,-0.0029760064,-0.0023916797,-2.2514141e-05,0.00011069479,0.00015544298,0.0001692042,-0.02307829,0.00010469707
2022-08-15,0.0036147102,0.0013939604,0.10757386,0.003383705,0.0034478991,0.0033618002,0.0035064383,0.0015494094,-0.012814878,0.0035594865,0.0034520864,0.003364013,0.0005804986,0.001151757,0.0034500523,0.0036541536,0.0036004796,0.0035955175,-0.019071294,0.003598468
2022-08-16,0.005600521,0.0035113334,0.1050376,0.005452694,0.005424583,0.0053715794,0.005380088,0.0036584376,-0.0099681,0.005587043,0.0055162846,0.0053572594,0.0027396097,0.003280872,0.005475135,0.005686046,0.0056304126,0.005599947,-0.015904343,0.0056049316
2022-08-17,-0.00026496348,-0.0025452287,0.106554,-0.00044702587,-0.000344111,-0.00052156893,-0.0004119262,-0.0023847208,-0.017199485,-0.00024684367,-0.00030112115,-0.00052630005,-0.0033841939,-0.0027948902,-0.00037059037,-0.00021650491,-0.00023365614,-0.00016846356,-0.023651501,-0.00031526235
2022-08-18,-0.003055504,-0.005294046,0.10216055,-0.0032177926,-0.0031636418,-0.003289862,-0.0031041563,-0.0051363246,-0.019699363,-0.003009914,-0.0031092302,-0.0033158273,-0.0061187134,-0.0055399523,-0.0031946884,-0.0029755444,-0.0030451478,-0.0030197338,-0.026041938,-0.0030591548
2022-08-19,0.000112564885,-0.0021435977,0.10635445,4.0279352e-05,-1.9779778e-05,-0.00016750244,8.2032406e-05,-0.0019845278,-0.016678398,0.00011548551,1.6355538e-05,-0.00015951542,-0.0029760064,-0.0023916797,4.0048384e-05,0.00013524445,0.00010790082,0.00016443583,-0.02307829,0.00011932256
2022-08-22,0.0015772745,-0.0006388485,0.10700914,0.0014168933,0.0014666632,0.0013165117,0.001318568,-0.0004812911,-0.015038615,0.001626575,0.0014655158,0.0013220251,-0.0014634341,-0.0008846655,0.0014721915,0.0016351134,0.0016065553,0.001572983,-0.021379245,0.0016002149
2022-08-23,0.007637718,0.0055701896,0.106835105,0.0075459345,0.0074777915,0.007408039,0.0074824034,0.005716437,-0.007840617,0.0076766848,0.0075585633,0.007447572,0.004802258,0.0053407117,0.0074998303,0.0076714843,0.0076729073,0.007582785,-0.013747154,0.0076561957
2022-08-24,0.00011083635,-0.0021435977,0.10635445,-3.762392e-05,-1.7164624e-05,-0.00015542505,-7.8907586e-05,-0.0019845278,-0.016678398,0.00016574713,4.754984e-06,-7.533131e-05,-0.0029760064,-0.0023916797,-6.024388e-05,0.00015606137,0.00014460238,1.1207187e-05,-0.02307829,0.00011363032
2022-08-25,0.004012571,0.0018276215,0.10772977,0.003882715,0.003928439,0.0038028224,0.003767082,0.0019819974,-0.01229248,0.004044117,0.0039195805,0.0037585138,0.0010189578,0.0015863642,0.0039048358,0.004070708,0.0040415986,0.0039517297,-0.018510481,0.0040414124
2022-08-26,0.005302021,0.0031035482,0.110174626,0.00512384,0.0052440553,0.005080217,0.0050426885,0.0032596453,-0.011179624,0.0053385436,0.0052525043,0.005053365,0.0022853627,0.0028595417,0.0051761656,0.0053815334,0.005342336,0.00519281,-0.017469345,0.0053132786
2022-08-29,0.0019648834,-0.0002659544,0.107003696,0.001748094,0.0018151418,0.0017080099,0.0017653048,-0.00010851619,-0.014647273,0.0019847243,0.0019029096,0.0017219424,-0.001089333,-0.00051090715,0.0017777398,0.0020054518,0.0019969582,0.001981066,-0.020979477,0.0019664555
2022-08-30,0.00010451081,-0.0021435977,0.10635445,-0.0001271799,-4.262326e-05,-0.00016467122,-9.9575496e-05,-0.0019845278,-0.016678398,0.000121535384,7.794821e-06,-7.1710325e-05,-0.0029760064,-0.0023916797,-8.088199e-05,0.00014535489,0.00013615342,2.5214278e-05,-0.02307829,0.00010515156
2022-08-31,9.438547e-05,-0.0021435977,0.10635445,-0.00012001244,-1.7642742e-06,-0.00022825447,7.376226e-05,-0.0019845278,-0.016678398,7.221254e-05,-1.3506389e-05,-0.00010524539,-0.0029760064,-0.0023916797,-0.000107629574,0.00017442706,0.0001146734,0.00011223706,-0.02307829,9.564462e-05
2022-09-01,-0.0035201074,-0.005733578,0.0999993,-0.0037192912,-0.0036535845,-0.0038348646,-0.0035659433,-0.0055781663,-0.019934705,-0.0035117925,-0.0036139623,-0.0037143142,-0.006546198,-0.0059755803,-0.003722033,-0.003480068,-0.00348503,-0.0035915584,-0.026187045,-0.0035228045
2022-09-02,0.0006931067,-0.0015576616,0.10695437,0.00041505846,0.0005108878,0.00040830823,0.0006878689,-0.0013982713,-0.016109718,0.0007040143,0.0006429121,0.00044176134,-0.0023908676,-0.0018057287,0.00046976807,0.0007200107,0.0007313356,0.00055266323,-0.022516979,0.00070420804
2022-09-06,0.00010138156,-0.0021435977,0.10635445,-0.00016476808,1.6944134e-05,-0.00014802662,3.2612705e-05,-0.0019845278,-0.016678398,0.00012643787,-2.3423112e-05,-0.0001361355,-0.0029760064,-0.0023916797,-0.00010838953,0.000103326165,0.00014451297,0.00016315433,-0.02307829,8.4506e-05
2022-09-07,9.969773e-05,-0.0021435977,0.10635445,-0.00012338755,-2.1232641e-05,-4.596112e-05,-0.00017502008,-0.0019845278,-0.016678398,5.9919083e-05,-0.000104165054,-0.000101467944,-0.0029760064,-0.0023916797,-0.00011872349,0.00013931992,0.0001332626,0.00013036432,-0.02307829,9.28283e-05
2022-09-08,-3.3049262e-05,-0.0022418634,0.10392729,-0.00027216075,-0.00015590189,-0.0002698138,-0.00024449674,-0.0020864145,-0.016451253,-7.129309e-05,-0.00012917665,-0.00027714518,-0.0030553178,-0.0024843947,-0.00025771407,-3.766117e-05,-2.9636896e-05,-3.597117e-06,-0.022707818,-9.590981e-05
2022-09-09,0.00013034942,-0.0021435977,0.10635445,-6.4669526e-05,-6.551144e-05,-0.00011464057,0.000104600214,-0.0019845278,-0.016678398,4.9391412e-05,6.601366e-05,-0.00012694148,-0.0029760064,-0.0023916797,-0.00010522304,0.00016358646,0.0001166329,0.00018126669,-0.02307829,0.00013422372
2022-09-12,0.0028567328,0.00057527574,0.10930673,0.0025743335,0.0026319786,0.0025550812,0.002872297,0.0007345915,-0.0139874425,0.0028341948,0.0026965826,0.0025631278,-0.00025877205,0.00032698514,0.0026414557,0.0028972714,0.0028425618,0.0028916462,-0.020399785,0.0028323024
2022-09-13,0.005437897,0.0033624708,0.103873104,0.005212763,0.0052736565,0.005176985,0.00522262,0.0035078316,-0.00995609,0.005402723,0.0053469925,0.005198033,0.0025999784,0.0031344532,0.00524223,0.0053854524,0.005428785,0.005360776,-0.015821835,0.0053924336
2022-09-14,0.0034823506,0.0012460441,0.10787814,0.0032088473,0.003312753,0.0032580136,0.003256315,0.001403065,-0.01308888,0.0034708618,0.0034211515,0.003251338,0.00042566808,0.0010025069,0.0033104732,0.0034468262,0.0034740507,0.0035241633,-0.019400252,0.0034447028
2022-09-15,0.00013421627,-0.0021435977,0.10635445,-9.602902e-05,-5.972234e-05,-8.9420355e-05,-3.2952405e-05,-0.0019845278,-0.016678398,8.397701e-05,1.2943172e-05,-0.000101371086,-0.0029760064,-0.0023916797,-7.8505254e-05,0.00010405632,8.660706e-05,0.000166671,-0.02307829,8.354487e-05
2022-09-16,0.0005329043,-0.0016956463,0.10460741,0.00038201513,0.00032556953,0.0002668068,0.00060562196,-0.0015403241,-0.01590391,0.0003558934,0.0003225744,0.00029986503,-0.0025092126,-0.0019383192,0.00030867907,0.00055440667,0.00046856108,0.00056558254,-0.02216035,0.00036065432
2022-09-19,0.00011427852,-0.0021435977,0.10635445,-0.000104060746,-5.9096492e-05,-0.000121390796,0.0001653001,-0.0019845278,-0.016678398,3.241154e-05,-6.712822e-05,-9.310094e-05,-0.0029760064,-0.0023916797,-0.000105580664,5.4658973e-05,0.00011173787,0.00016167911,-0.02307829,1.8881285e-05
2022-09-20,0.00013527425,-0.0021435977,0.10635445,-0.00014427153,-5.4641045e-05,-9.6207834e-05,0.00014251622,-0.0019845278,-0.016678398,0.00011225941,-5.446968e-05,-7.290242e-05,-0.0029760064,-0.0023916797,-0.00010242162,6.0455524e-05,7.0983195e-05,0.00017424824,-0.02307829,0.0001005769
2022-09-21,0.00013241323,-0.0021435977,0.10635445,-0.00020947901,-7.740257e-05,-0.00012236682,4.1694962e-05,-0.0019845278,-0.016678398,0.00013343396,3.2933895e-07,-0.000113292015,-0.0029760064,-0.0023916797,-9.3778945e-05,1.689198e-05,5.499425e-05,0.00015212747,-0.02307829,6.433728e-05
2022-09-22,-0.0014133066,-0.0036437572,0.102708675,-0.0017096981,-0.0015913307,-0.0016990661,-0.0014591798,-0.003488189,-0.017873725,-0.0014673754,-0.0015528932,-0.0016381427,-0.004458411,-0.0038867877,-0.0015347808,-0.0014700576,-0.001456438,-0.0013834819,-0.024139492,-0.0014046862
2022-09-23,0.0037629022,0.0016321555,0.10403601,0.0035151853,0.0035753562,0.0035075261,0.0037494167,0.0017810628,-0.012003532,0.0037302463,0.0036481186,0.003531651,0.00085166993,0.0013992056,0.0035448684,0.0036497428,0.0037612482,0.0038030758,-0.018008096,0.0037616878
2022-09-26,0.00018950703,-0.002052805,0.10577173,3.4706318e-05,7.194432e-05,-1.9317842e-05,-2.2573746e-05,-0.0018949792,-0.016485421,0.00018684717,2.1183514e-05,1.035782e-05,-0.002879268,-0.0022991882,-3.329513e-05,0.00020551833,0.00017924013,0.00025418552,-0.022840468,0.00021790864
2022-09-27,0.0038144453,0.0016550139,0.10598448,0.003606142,0.0038292198,0.0035909875,0.0035852804,0.0018069312,-0.01224721,0.0037475168,0.0036302074,0.0036066487,0.0008590311,0.0014175415,0.003593722,0.0038078441,0.0037910133,0.0038674115,-0.018369248,0.0038490607
2022-09-28,0.00012833776,-0.0021435977,0.10635445,9.687268e-06,-7.3596602e-06,-0.00016488729,-7.0548034e-05,-0.0019845278,-0.016678398,5.7423138e-05,3.0338997e-06,-0.00012255309,-0.0029760064,-0.0023916797,-8.366851e-05,9.8311924e-05,9.609165e-05,0.00013740512,-0.02307829,0.00013427588
2022-09-29,0.0053719073,0.003121437,0.111498974,0.0052471324,0.005252966,0.0051104366,0.0051404475,0.003279732,-0.011359466,0.0053030713,0.0052203475,0.00516116,0.0022919565,0.0028742491,0.005148181,0.00537152,0.0053703426,0.005367407,-0.017736098,0.005360843
2022-09-30,0.0026224046,0.00031753036,0.110628985,0.002526024,0.002555476,0.002348119,0.00237924,0.0004797891,-0.014508074,0.002535501,0.0024211197,0.002379374,-0.0005315825,6.504508e-05,0.0024979874,0.0026183291,0.002610886,0.0025991737,-0.021035558,0.0026112883
2022-10-03,0.000107312226,-0.0021435977,0.10635445,-4.6303845e-05,3.9176666e-05,-0.00015773473,-7.229147e-05,-0.0019845278,-0.016678398,3.241154e-05,-2.5770045e-05,-0.00013342348,-0.0029760064,-0.0023916797,-8.182821e-05,3.4758472e-05,0.00010053965,2.4186098e-05,-0.02307829,0.000109741115
2022-10-04,0.005630912,0.0035428046,0.10472804,0.0054530664,0.0054521947,0.0053970083,0.0056066825,0.0036896928,-0.009910291,0.005605386,0.005558872,0.005483152,0.0027727573,0.0033130213,0.0054343133,0.005630912,0.005603695,0.0055664345,-0.015834806,0.0056495606
2022-10-05,0.00012118521,-0.0021435977,0.10635445,-4.7339476e-05,-0.000114051974,-0.00014621613,0.00014180841,-0.0019845278,-0.016678398,5.720707e-05,9.398314e-05,-5.0424016e-05,-0.0029760064,-0.0023916797,-9.845046e-05,0.00013224187,0.00010018947,5.334022e-05,-0.02307829,0.00012343528
2022-10-06,0.0030955537,0.0008939445,0.106654644,0.0029083132,0.0030545979,0.0028768866,0.002892287,0.001048924,-0.013265682,0.0030257269,0.002950707,0.0028471737,8.3448016e-05,0.0006527171,0.0029042452,0.003045523,0.0030969842,0.0030280142,-0.019500455,0.0030746176
2022-10-07,0.0019864528,-0.00032708643,0.11056866,0.0016679853,0.0017982066,0.0017398909,0.001785481,-0.00016424654,-0.015204115,0.0018838436,0.0018745974,0.0016772986,-0.0011793285,-0.0005808532,0.0017621383,0.0019618436,0.0019639446,0.001971425,-0.02175468,0.001911515
2022-10-10,0.002809213,0.00056982937,0.106587164,0.0025649308,0.0027726232,0.002512002,0.002815248,0.0007259116,-0.013685441,0.0027240901,0.002688916,0.0025984957,-0.0002459943,0.0003275514,0.002567859,0.002753341,0.002788709,0.002780275,-0.019961623,0.0027437597
2022-10-11,0.00013185444,-0.0021435977,0.10635445,-0.00017063913,4.08903e-05,-0.00015914289,0.0001319811,-0.0019845278,-0.016678398,7.499906e-05,-1.8863357e-05,-2.1418906e-05,-0.0029760064,-0.0023916797,-0.00011288223,0.0001487747,0.00011941197,0.00011765363,-0.02307829,2.2874796e-05
2022-10-12,-0.0032939226,-0.0055269958,0.09985202,-0.0036380352,-0.003366454,-0.0036416934,-0.003354563,-0.005372158,-0.019676892,-0.0034463317,-0.0034984038,-0.0035052807,-0.0063367398,-0.0057681785,-0.0035549463,-0.0033050315,-0.0033761994,-0.0034141154,-0.025906777,-0.0034304843
2022-10-13,0.0019071043,-0.000360845,0.107033834,0.001612851,0.00173738,0.0016001553,0.0019150838,-0.00020333973,-0.014754025,0.001815559,0.0016974151,0.0016556025,-0.0011849388,-0.0006062448,0.0016284004,0.0018916145,0.0018552333,0.0018776074,-0.021091407,0.0017747075
2022-10-14,0.00012851658,-0.0021435977,0.10635445,-0.00013246981,6.2653446e-05,-0.00016773341,7.725658e-05,-0.0019845278,-0.016678398,7.771107e-05,-5.5535114e-05,-0.00011876074,-0.0029760064,-0.0023916797,-0.00011373905,6.346556e-05,7.041695e-05,1.6914331e-05,-0.02307829,3.7373626e-05
2022-10-17,-0.0035022856,-0.0057700337,0.10193892,-0.0037645833,-0.0035636337,-0.0037701712,-0.0038117678,-0.005611731,-0.02022486,-0.0035308436,-0.0036766739,-0.0036915005,-0.006597473,-0.006016603,-0.0037244768,-0.00351633,-0.0035418258,-0.0035675154,-0.02658922,-0.00357776
2022-10-18,0.00027911516,-0.0019500986,0.104413465,-1.3171113e-05,0.00019177201,4.0212297e-05,-3.711728e-05,-0.0017940908,-0.016203096,0.0002801359,6.7764544e-05,6.0053193e-05,-0.002766034,-0.0021930472,4.0577375e-05,0.0002924517,0.00024881365,0.00022205862,-0.022478728,0.00019256922
2022-10-19,0.0001281217,-0.0021435977,0.10635445,-0.00016024557,-8.140353e-05,-0.00015675125,-0.00013723818,-0.0019845278,-0.016678398,0.0001230404,-2.8958893e-05,-4.1013933e-05,-0.0029760064,-0.0023916797,-0.00010120717,-7.07045e-05,0.00010276737,7.353129e-05,-0.02307829,2.1660351e-05
2022-10-20,0.000113838934,-0.0021435977,0.10635445,-9.937433e-05,-1.5912927e-05,-0.00014275906,-0.00013219414,-0.0019845278,-0.016678398,0.00010515156,-7.316319e-05,-0.00018151698,-0.0029760064,-0.0023916797,-8.919684e-05,-5.3858734e-05,0.000109241926,5.3750002e-05,-0.02307829,7.6369965e-05
2022-10-21,-0.0042436183,-0.0064509646,0.09848991,-0.004520683,-0.0044227825,-0.004504709,-0.0043754564,-0.0062971995,-0.020509219,-0.004271357,-0.004383637,-0.0044885115,-0.0072554783,-0.00669097,-0.004465236,-0.0043456317,-0.0042536245,-0.0043478594,-0.026698975,-0.0042794407
2022-10-24,0.00011389109,-0.0021435977,0.10635445,-3.0434108e-05,-3.686524e-06,-0.00013711152,-6.94677e-05,-0.0019845278,-0.016678398,0.0001082361,-7.1330345e-05,-0.00013483164,-0.0029760064,-0.0023916797,-0.0001015499,-7.1956194e-05,0.000103713595,8.142891e-05,-0.02307829,4.626217e-05
2022-10-25,0.0023858412,0.00016381743,0.1068174,0.0020909398,0.0023537888,0.0022875085,0.0022920086,0.0003199071,-0.014103366,0.0023540198,0.0022078692,0.0021034717,-0.0006530568,-7.9533434e-05,0.0021755784,0.0021952107,0.0023749038,0.002321878,-0.020385562,0.0023234799
2022-10-26,-0.0003448337,-0.0025924281,0.10430071,-0.00056233106,-0.0004912823,-0.00038869528,-0.00030035374,-0.0024351762,-0.016946068,-0.00036047248,-0.000536254,-0.0005201533,-0.0034139738,-0.0028367848,-0.0005676955,-0.0005301073,-0.00035457907,-0.000360167,-0.023265658,-0.00043460575
2022-10-27,0.0001281813,-0.0021435977,0.10635445,-9.521691e-05,6.4462656e-06,-0.00016479043,0.0001172215,-0.0019845278,-0.016678398,0.00011352601,-9.51424e-05,-5.738286e-05,-0.0029760064,-0.0023916797,-0.00010436622,-5.061028e-05,0.00011427852,0.00012280943,-0.02307829,3.9891922e-05
2022-10-28,0.00011766108,-0.0021435977,0.10635445,-9.4047165e-05,1.2965524e-05,5.8570527e-05,4.678371e-05,-0.0019845278,-0.016678398,0.00012032839,-9.6878386e-05,-0.00010567007,-0.0029760064,-0.0023916797,-0.0001054391,-8.141098e-05,3.6591315e-05,-2.5391346e-06,-0.02307829,1.575204e-05
2022-10-31,0.0014873311,-0.0007701501,0.10637149,0.0011997909,0.0014426947,0.0012592316,0.0013374552,-0.0006122276,-0.015187567,0.0014693305,0.0012899652,0.0013618559,-0.0015952572,-0.0010152444,0.0012395993,0.0013292223,0.0015214846,0.0014256776,-0.021535126,0.0013661549
2022-11-01,0.00011310878,-0.0021435977,0.10635445,-0.0001407027,-3.80337e-05,2.8499984e-05,-0.0001573026,-0.0019845278,-0.016678398,9.325298e-05,-8.269993e-05,-4.0516024e-06,-0.0029760064,-0.0023916797,-0.00010920165,-8.482335e-05,0.00013435783,5.6909048e-05,-0.02307829,1.806172e-05
2022-11-02,0.002094613,-0.00013141183,0.10559048,0.0018238217,0.0018738151,0.0018221304,0.0019464806,2.3455941e-05,-0.014287358,0.0020468845,0.0018507704,0.0018755213,-0.00094170717,-0.00037271378,0.0018671841,0.0018603966,0.002064602,0.0020029559,-0.020520402,0.0020044907
2022-11-03,0.0026076748,0.00038583728,0.106393866,0.002428168,0.0025522946,0.0023512258,0.0024343817,0.00054126384,-0.013820222,0.0025763824,0.0023949905,0.002422215,-0.00042737124,0.00014382752,0.0023474707,0.0024096533,0.0025962903,0.002436155,-0.020075208,0.0025985478
2022-11-04,-0.006786524,-0.009022078,0.09679775,-0.006943187,-0.0068589584,-0.00689455,-0.00699251,-0.008866778,-0.023211619,-0.0068497495,-0.0069994763,-0.0070293904,-0.009834094,-0.009264363,-0.0070218504,-0.0069788382,-0.006806432,-0.006848982,-0.029459214,-0.0068496824
2022-11-07,0.0002429575,-0.0020076619,0.10540879,-2.069748e-06,7.4447715e-05,-6.301678e-06,-7.0839887e-06,-0.0018503874,-0.01637598,0.00023136439,3.5592937e-05,-1.8834835e-06,-0.002830437,-0.0022529946,-1.9817031e-05,8.525106e-05,0.00021886977,0.00010905566,-0.022702774,0.00016176107
2022-11-08,-0.0009298384,-0.0031727017,0.10321972,-0.0011769593,-0.0009518474,-0.0012195393,-0.001024945,-0.003016709,-0.017428866,-0.00097077934,-0.0010607973,-0.0012790099,-0.003988816,-0.0034158216,-0.0011954963,-0.0011364057,-0.00096183864,-0.001121512,-0.023705913,-0.0010418504
2022-11-09,0.00015008601,-0.0021435977,0.10635445,-0.000103665865,0.000111782574,-0.00015369651,-0.00014885364,-0.0019845278,-0.016678398,7.965567e-05,-6.3389307e-06,-0.00012122688,-0.0029760064,-0.0023916797,-0.00010832993,-2.9116636e-06,0.000104726874,1.5901052e-05,-0.02307829,3.370794e-05
2022-11-10,0.00015011581,-0.0021435977,0.10635445,-8.243171e-05,4.8497343e-05,-0.00012495962,-0.00021522341,-0.0019845278,-0.016678398,0.00010305049,-4.8352755e-05,-0.00018837152,-0.0029760064,-0.0023916797,-9.5202005e-05,7.316703e-07,9.440037e-05,-4.5880442e-06,-0.02307829,4.5941793e-05
2022-11-11,0.00014761987,-0.0021435977,0.10635445,-0.00010709313,3.1456584e-06,-9.602157e-05,-3.5768724e-05,-0.0019845278,-0.016678398,0.00013639929,-4.018692e-05,-0.00018409488,-0.0029760064,-0.0023916797,-0.000119192875,-3.213284e-05,0.00011323544,-2.0085252e-05,-0.02307829,1.4790916e-05
2022-11-14,0.00015011581,-0.0021435977,0.10635445,-0.000108270324,3.0562514e-06,-0.00011318771,-0.0001470208,-0.0019845278,-0.016678398,0.00013286027,7.839524e-06,-2.7848757e-05,-0.0029760064,-0.0023916797,-0.00011155603,-6.17638e-05,0.00011824223,-1.6032136e-05,-0.02307829,6.780925e-05
2022-11-15,0.00014494511,-0.0021435977,0.10635445,-0.00016850082,-7.301418e-05,-5.7233847e-05,-0.00013530103,-0.0019845278,-0.016678398,0.0001044214,1.0156655e-05,-0.00023165939,-0.0029760064,-0.0023916797,-0.00010195223,-2.6433147e-05,0.00011634978,1.4448189e-05,-0.02307829,5.1753246e-05
2022-11-16,0.00014754536,-0.0021435977,0.10635445,-0.00013340113,1.9045197e-05,-7.128564e-05,-0.00023534743,-0.0019845278,-0.016678398,0.00010086002,-6.963161e-05,-0.00018832681,-0.0029760064,-0.0023916797,-0.00012338755,2.7315342e-05,0.000110627734,8.64953e-05,-0.02307829,3.4505152e-05
2022-11-17,0.00014923664,-0.0021435977,0.10635445,-0.0002131447,-8.3146966e-05,-0.00013698486,-0.00016710756,-0.0019845278,-0.016678398,0.00010338577,3.3529126e-05,-0.00017096696,-0.0029760064,-0.0023916797,-0.00011788157,-1.8602586e-05,0.00011497142,9.9742436e-05,-0.02307829,-1.5778816e-05
2022-11-18,0.00014636817,-0.0021435977,0.10635445,-8.754281e-05,-8.99717e-05,-0.00014664081,-0.00013836322,-0.0019845278,-0.016678398,9.2671835e-05,1.5774393e-05,-4.7421432e-05,-0.0029760064,-0.0023916797,-9.003875e-05,-7.7991164e-05,0.0001050547,0.00011561217,-0.02307829,3.6866986e-05
2022-11-21,0.002360554,0.00012920203,0.10708812,0.0020927577,0.0021490916,0.0020831316,0.00206677,0.00028537365,-0.01415748,0.0023244186,0.0022774576,0.0021848916,-0.0006890878,-0.00011487154,0.0021075322,0.0022119968,0.0023388504,0.00228578,-0.020448422,0.0022727414
2022-11-22,0.000128226,-0.0021435977,0.10635445,-0.00014775095,5.281868e-05,-0.00013633666,-0.00016098318,-0.0019845278,-0.016678398,8.198025e-05,-2.8079725e-05,-0.00018516032,-0.0029760064,-0.0023916797,-0.00012828258,-6.842462e-05,9.264948e-05,6.722065e-05,-0.02307829,9.891542e-05
2022-11-23,0.0028651594,0.00059975835,0.10960005,0.0026334464,0.002803707,0.0025916486,0.0026208623,0.00075953605,-0.0139983725,0.002810934,0.0026908158,0.002478452,-0.00023624895,0.0003508121,0.0025989576,0.0026696934,0.0028621643,0.0028442978,-0.020426294,0.0027772426
2022-11-25,0.004828894,0.0026639937,0.10641441,0.0045879497,0.004798868,0.0045758053,0.00474015,0.0028153895,-0.01118621,0.0047971844,0.0046437248,0.004504265,0.0018711925,0.002427788,0.004636967,0.0046546324,0.004803644,0.0047392636,-0.01728504,0.0047323345
2022-11-28,-0.0001381695,-0.002366683,0.10424257,-0.0003550261,-0.00021201966,-0.00039783714,-0.00042717753,-0.0022100941,-0.016667781,-0.00014346687,-0.00023608503,-0.00035263447,-0.0031852187,-0.002610384,-0.0003647044,-0.00019266305,-0.00015215424,-0.00019886193,-0.022964416,-0.00023775396
2022-11-29,0.00011994841,-0.0021435977,0.10635445,-0.00016139296,4.3796026e-05,-0.00012092886,-0.00029813347,-0.0019845278,-0.016678398,8.867087e-05,-5.969999e-05,-0.00024439243,-0.0029760064,-0.0023916797,-0.000116249896,-2.7945614e-05,0.00010106119,5.130621e-05,-0.02307829,3.7142658e-05
2022-11-30,0.000107803964,-0.0021435977,0.10635445,-0.00017832813,8.683058e-05,-0.00015083549,-0.00014801172,-0.0019845278,-0.016678398,0.00011394324,-2.6567257e-05,-0.00021622924,-0.0029760064,-0.0023916797,-0.000108151115,-6.24418e-05,0.00010369124,4.21569e-05,-0.02307829,5.7773315e-05
2022-12-01,0.0036013885,0.0013304591,0.11058135,0.003315927,0.0034850999,0.0033354252,0.003309214,0.0014909446,-0.013325354,0.003588812,0.0034593134,0.0032833903,0.0004911289,0.0010808572,0.0034036576,0.0034224107,0.0035829707,0.0036011725,-0.019778488,0.0035234704
2022-12-02,0.000112065696,-0.0021435977,0.10635445,-0.00019214896,-7.306633e-05,-0.0001900479,-0.00010734645,-0.0019845278,-0.016678398,9.530934e-05,-8.2611805e-06,-7.625518e-05,-0.0029760064,-0.0023916797,-0.0001444876,-2.8371578e-06,0.00011021795,-1.607812e-06,-0.02307829,-3.4114695e-05
2022-12-05,0.0016952768,-0.00052031723,0.10511339,0.0013846621,0.0016072706,0.0014113873,0.0013302282,-0.0003659114,-0.014632961,0.0016467139,0.001584442,0.0014011577,-0.0013282582,-0.00076120195,0.0014458761,0.0015181989,0.0016446352,0.0016095057,-0.020847274,0.0015846282
2022-12-06,0.000110508525,-0.0021435977,0.10635445,-0.00017215905,1.484307e-05,-0.00015485135,-0.0002734795,-0.0019845278,-0.016678398,9.245577e-05,-1.5287078e-05,-0.00024054793,-0.0029760064,-0.0023916797,-9.965e-05,-5.1541603e-05,7.873925e-05,0.00011048617,-0.02307829,0.000116811716
2022-12-07,0.000121162855,-0.0021435977,0.10635445,-0.00019496528,6.413611e-05,-0.00014557538,5.0851726e-05,-0.0019845278,-0.016678398,0.00011482241,2.5719637e-06,-0.00015311537,-0.0029760064,-0.0023916797,-0.000103658414,-8.4421015e-05,8.517655e-05,7.5483345e-05,-0.02307829,4.091882e-06
2022-12-08,-0.005310601,-0.0075541795,0.09925323,-0.005610606,-0.005392282,-0.0055812583,-0.005538909,-0.007397315,-0.021883233,-0.005332707,-0.005469656,-0.005501962,-0.008374264,-0.0077987746,-0.0055474252,-0.005479133,-0.0053097294,-0.0053843246,-0.028192086,-0.005394897
2022-12-09,0.00011456909,-0.0021435977,0.10635445,-5.7286e-05,4.6858215e-05,-0.00015406159,-0.00026921777,-0.0019845278,-0.016678398,8.206966e-05,-4.146842e-05,-0.0002555981,-0.0029760064,-0.0023916797,-0.00013819186,-6.756163e-06,5.9673213e-05,0.00012955966,-0.02307829,0.00010415318
2022-12-12,0.00012098404,-0.0021435977,0.10635445,-0.00013293175,2.099725e-05,-8.667109e-05,-8.846668e-05,-0.0019845278,-0.016678398,0.00011138769,-3.3056713e-05,-0.0002266824,-0.0029760064,-0.0023916797,-0.00015637872,-3.4257537e-06,7.5460994e-05,7.955881e-05,-0.02307829,3.0548894e-05
2022-12-13,0.00010394456,-0.0021435977,0.10635445,-7.7864504e-05,3.856572e-05,-9.4941235e-05,-0.00020707247,-0.0019845278,-0.016678398,0.00011541101,-2.5889254e-05,-0.0002305716,-0.0029760064,-0.0023916797,-0.00013852713,-7.149426e-05,7.244351e-05,3.294798e-05,-0.02307829,4.2916858e-05
2022-12-14,0.0017741859,-0.00048503128,0.109014854,0.0015863791,0.0016640365,0.0014631167,0.0016439572,-0.00032414345,-0.015181279,0.0018004492,0.0016309932,0.0015226171,-0.0013266265,-0.0007355049,0.0015403047,0.001592578,0.0017733813,0.0017731577,-0.021652108,0.0016327292
2022-12-15,-0.0028514476,-0.0050859065,0.10201077,-0.0030860961,-0.0029136897,-0.0031732754,-0.003034769,-0.004928714,-0.019447086,-0.0028500245,-0.0029827938,-0.003114453,-0.005907914,-0.005330852,-0.0030937404,-0.0030102194,-0.0028621764,-0.0028980956,-0.025770335,-0.002918406
2022-12-16,0.0014162228,-0.00072764454,0.10313512,0.0011769101,0.00135822,0.0011467204,0.0011454687,-0.00057617424,-0.01457998,0.0014078185,0.0012909189,0.0011576131,-0.0015205875,-0.0009641856,0.0012416631,0.0012734622,0.0014111936,0.0013689712,-0.020679777,0.0013112739
2022-12-19,-0.0021895678,-0.0043505863,0.10108047,-0.0023733214,-0.0022197426,-0.0024632053,-0.0024627582,-0.0041961432,-0.018452441,-0.0021876604,-0.002299136,-0.0024458156,-0.00515773,-0.0045913816,-0.002393304,-0.0023348466,-0.002157329,-0.0022852183,-0.024661688,-0.0021930472
2022-12-20,6.7794346e-05,-0.0021435977,0.10635445,-8.664874e-05,6.067159e-05,-0.00014291552,-0.00016292778,-0.0019845278,-0.016678398,0.00010003301,8.0594444e-05,-0.0002819061,-0.0029760064,-0.0023916797,-0.00013888476,-7.58901e-05,0.00010489079,-6.0042716e-05,-0.02307829,2.0431005e-05
2022-12-21,6.4061605e-05,-0.0021435977,0.10635445,-6.469933e-05,9.514543e-05,-0.00013214198,-0.00016029773,-0.0019845278,-0.016678398,0.00013835134,0.0001222879,-0.00022505072,-0.0029760064,-0.0023916797,-0.00010543165,0.00012357684,9.694847e-05,-9.248254e-05,-0.02307829,6.3568586e-06
2022-12-22,0.0026219054,0.00039744528,0.10798994,0.0024182885,0.0026357262,0.0024370863,0.0023731901,0.00055605324,-0.014080843,0.0026740073,0.0026363372,0.0022872998,-0.00043121574,0.00015138241,0.002404788,0.002674648,0.0026356368,0.0025738939,-0.020454971,0.0025499328
2022-12-23,0.0020690202,-0.00013953296,0.10622857,0.0019069106,0.001976104,0.0018345505,0.0018211693,1.7257058e-05,-0.014450809,0.0021103485,0.0020856052,0.0020112558,-0.00095850823,-0.0003826901,0.0018395126,0.0021110117,0.0020680814,0.0019503996,-0.020751504,0.0020323633
2022-12-27,0.0015610993,-0.0006869569,0.10685085,0.0013541818,0.0015733332,0.0013721004,0.0012769491,-0.0005288258,-0.015124684,0.001605177,0.0015003994,0.0012253613,-0.0015134945,-0.00093272177,0.0012980715,0.0015508548,0.0015261412,0.0014135927,-0.021481497,0.0015500576
2022-12-28,0.00012606534,-0.0021435977,0.10635445,-8.115766e-05,0.00012442621,-0.00013004837,-0.0001733735,-0.0019845278,-0.016678398,0.00015521946,2.8231763e-05,-0.00025839952,-0.0029760064,-0.0023916797,-9.652821e-05,0.00014822336,8.2159066e-05,-1.7023063e-05,-0.02307829,0.00010810944
2022-12-29,-0.0009638205,-0.0031665848,0.10281137,-0.001185207,-0.0009312689,-0.0011813253,-0.0012293592,-0.0030114935,-0.017352564,-0.0009239003,-0.001052162,-0.0012977481,-0.0039786906,-0.0034087137,-0.0011774212,-0.001050657,-0.0009870514,-0.0011342898,-0.023598848,-0.00096786616
2022-12-30,0.00012588652,-0.0021435977,0.10635445,-0.00010503677,0.00014935585,-0.00014299003,-0.00014632044,-0.0019845278,-0.016678398,0.00017642381,-2.4078763e-05,-5.382148e-05,-0.0029760064,-0.0023916797,-9.356288e-05,2.1921122e-05,0.000112184905,3.677013e-05,-0.02307829,4.9950206e-05
2023-01-03,0.00011123123,-0.0021435977,0.10635445,-0.00012492237,0.00011554512,-0.00013952551,-0.00016647426,-0.0019845278,-0.016678398,0.00021646323,-2.6954687e-05,-3.7474907e-05,-0.0029760064,-0.0023916797,-5.6347228e-05,-1.6069389e-05,0.00012770446,6.876292e-05,-0.02307829,8.002075e-05
2023-01-04,0.00012985023,-0.0021435977,0.10635445,-3.1559146e-05,0.00015022757,-0.00014897285,-0.00017182378,-0.0019845278,-0.016678398,0.0001531482,6.580376e-06,-5.215255e-05,-0.0029760064,-0.0023916797,-0.000117129064,4.3743872e-05,0.00010658952,2.2503082e-07,-0.02307829,4.7878944e-05
2023-01-05,0.0014960334,-0.000771901,0.10677671,0.0012548283,0.0014983133,0.0012757719,0.001196222,-0.00061368046,-0.015221072,0.0015567407,0.0013754755,0.0012061313,-0.0015990048,-0.0010177329,0.0012440622,0.0013106555,0.0014726535,0.0013714075,-0.02158275,0.0014268175
2023-01-06,0.00014855119,-0.0021435977,0.10635445,-0.00011139957,0.00013595971,-8.3005405e-05,-0.00016553549,-0.0019845278,-0.016678398,0.00017253461,3.2276148e-06,-6.7716814e-05,-0.0029760064,-0.0023916797,-0.00010575948,-6.7189103e-06,0.00010552409,5.0083036e-06,-0.02307829,5.217793e-05
2023-01-09,-0.0017607346,-0.0040293024,0.10338811,-0.0020429478,-0.0017707258,-0.001954554,-0.0020560087,-0.00387173,-0.018427556,-0.0017238915,-0.0018919393,-0.0019464925,-0.004853642,-0.004275015,-0.0019887076,-0.0017434567,-0.0017674699,-0.0019681887,-0.024767099,-0.0018589258
2023-01-10,0.00013767334,-0.0021435977,0.10635445,-0.00011411903,0.00014332833,-6.1719096e-05,-0.00015836803,-0.0019845278,-0.016678398,0.00015011581,5.8041536e-05,-0.00016029773,-0.0029760064,-0.0023916797,-0.00012650935,0.00013680162,0.00011810067,-4.9343682e-05,-0.02307829,7.921481e-06
2023-01-11,0.00013989361,-0.0021435977,0.10635445,-0.00015929935,0.00014458748,-0.0001425877,-0.00015841273,-0.0019845278,-0.016678398,0.00016696157,1.5543425e-05,-0.00017381308,-0.0029760064,-0.0023916797,-0.00012378988,0.00011415931,0.0001140252,8.6578075e-07,-0.02307829,3.998133e-05
2023-01-12,0.00014199468,-0.0021435977,0.10635445,-0.0001579657,0.00011634233,-8.000282e-05,-0.00016403792,-0.0019845278,-0.016678398,0.00014088454,2.8768205e-05,-0.000187619,-0.0029760064,-0.0023916797,-0.00012989191,0.00012805464,0.00011686387,5.5596465e-06,-0.02307829,7.717463e-05
2023-01-13,0.0031264885,0.000854449,0.10908493,0.0028324737,0.0031265407,0.0028642952,0.0028397306,0.0010136307,-0.013679763,0.003106141,0.003057362,0.0028063296,2.2316002e-05,0.0006070599,0.0028641834,0.0030741855,0.0031179427,0.0029867305,-0.020079022,0.0030732094
2023-01-17,-0.00078859774,-0.0029543252,0.1036641,-0.0009980485,-0.0009085819,-0.0010071754,-0.0010111764,-0.0027983398,-0.017217634,-0.00071360765,-0.0007091969,-0.001048772,-0.0037710355,-0.0031979517,-0.0009910449,-0.00076542643,-0.0007732272,-0.0008763805,-0.02349799,-0.00086905656
2023-01-18,0.000100748264,-0.0021435977,0.10635445,-0.00014107523,-5.8492995e-05,-0.00016586331,-0.00016843376,-0.0019845278,-0.016678398,0.00015534612,0.000119121396,-0.00011449901,-0.0029760064,-0.0023916797,-0.00014435349,9.1896974e-05,0.00012476894,-1.197157e-05,-0.02307829,2.2181892e-05
2023-01-19,0.00012478384,-0.0021435977,0.10635445,-0.00016429869,-2.8049923e-05,-0.00016364304,-0.00016061065,-0.0019845278,-0.016678398,0.0001506895,0.00010684284,-9.579805e-05,-0.0029760064,-0.0023916797,-0.00014638004,0.0001434848,0.00015136751,-5.289761e-05,-0.02307829,5.731883e-05
2023-01-20,0.00013487192,-0.0021435977,0.10635445,-0.00018428115,4.4854823e-07,-0.00015967188,-0.00015779433,-0.0019845278,-0.016678398,0.00013917836,5.9814774e-05,-4.228053e-05,-0.0029760064,-0.0023916797,-0.00015132723,0.00015903416,0.0001467705,-3.0143536e-05,-0.02307829,-1.8015271e-06
2023-01-23,0.0011528448,-0.0010591134,0.10463344,0.0008074731,0.0009970978,0.00090091827,0.00086749496,-0.00090492365,-0.015165014,0.0011792645,0.0010543481,0.0010115817,-0.0018667266,-0.0013001099,0.0008714438,0.0010830328,0.0011595577,0.000977391,-0.021376548,0.0010144204
2023-01-24,0.00012440386,-0.0021435977,0.10635445,-0.00016390381,-6.326137e-05,-0.00013061462,-0.00015971658,-0.0019845278,-0.016678398,0.00015358033,0.00010004046,-5.6458986e-05,-0.0029760064,-0.0023916797,-0.00014167128,2.2621476e-05,0.00012434425,-2.8459704e-05,-0.02307829,5.220773e-05
2023-01-25,0.0010338888,-0.0011550098,0.103243746,0.0007840708,0.0008565873,0.0007791162,0.0007588059,-0.0010026455,-0.015091797,0.0010550708,0.0009823159,0.0008458212,-0.0019528404,-0.0013930782,0.0007604599,0.00096799585,0.0010611132,0.0009357572,-0.021228625,0.0009582803
2023-01-26,-0.0014861807,-0.003701529,0.10203838,-0.0017576873,-0.0016268775,-0.0017463177,-0.0017880633,-0.003546706,-0.017846568,-0.0015438333,-0.0015583694,-0.0017478898,-0.004511176,-0.0039429874,-0.0017246663,-0.0016262963,-0.0014985785,-0.0016749039,-0.024074895,-0.0015553593
2023-01-27,0.00014533999,-0.0021435977,0.10635445,-1.7730868e-05,-8.195487e-05,-0.00018735079,-0.00019245443,-0.0019845278,-0.016678398,6.7898654e-05,5.053135e-05,-0.00014108268,-0.0029760064,-0.0023916797,-0.00016648916,-4.6728528e-05,0.0001569778,-8.3519495e-05,-0.02307829,5.3504133e-05
2023-01-30,-0.00039625762,-0.0026890323,0.10566296,-0.00067274866,-0.0005597755,-0.00074703095,-0.00072072295,-0.0025296048,-0.017244553,-0.00043079106,-0.0004943743,-0.00065830944,-0.0035223798,-0.0029369653,-0.0006871134,-0.00039474515,-0.00040402112,-0.00060180423,-0.023653043,-0.0004950523
2023-01-31,0.00012464973,-0.0021435977,0.10635445,-0.00013349054,-6.664393e-05,-0.0001361206,-0.00017674861,-0.0019845278,-0.016678398,0.00011801871,3.2582902e-05,-0.000115601695,-0.0029760064,-0.0023916797,-0.0001330435,0.00013479742,0.00017039629,2.422952e-06,-0.02307829,7.720315e-06
2023-02-01,0.001337269,-0.0008544907,0.10408997,0.0010424868,0.0011254788,0.0010467634,0.0010399983,-0.0007014036,-0.014858542,0.0013031006,0.00119652,0.0010873914,-0.0016562178,-0.0010937735,0.0010473967,0.0012881324,0.001332441,0.0011133418,-0.021025112,0.001261273
2023-02-02,0.0016031727,-0.0005924314,0.104913026,0.0013790071,0.0014865712,0.0013509184,0.0013520733,-0.00043795106,-0.014710313,0.0015944034,0.0015597359,0.0014006883,-0.0014006331,-0.00083315966,0.0013349295,0.0016324684,0.0016172469,0.0014264673,-0.020926563,0.0015610174
2023-02-03,0.00083214196,-0.0013753757,0.10484535,0.0005801857,0.0007001698,0.00062593224,0.00055300596,-0.0012198224,-0.015592797,0.00081838074,0.000754194,0.0005669758,-0.0021892474,-0.0016178921,0.0006727666,0.00076954963,0.000867033,0.00066851976,-0.021852909,0.0008291766
2023-02-06,0.0008773968,-0.0012956396,0.10445538,0.00063764455,0.0008359492,0.00064492377,0.0006456316,-0.0011410847,-0.015424369,0.0008868441,0.00084414484,0.00070740434,-0.0021044896,-0.0015369043,0.0006473601,0.0008539051,0.0009497717,0.0006999016,-0.02164591,0.00087975117
2023-02-07,0.0081565175,0.006107786,0.10612861,0.007920371,0.007985713,0.007933969,0.007898996,0.006252104,-0.0071269036,0.008147279,0.008128824,0.00798917,0.00535001,0.0058812364,0.00792172,0.008117216,0.008176537,0.008010285,-0.012955798,0.008114772
2023-02-08,0.000118964934,-0.0021435977,0.10635445,-0.00014690158,1.0901713e-05,-0.0001695886,-0.00016672013,-0.0019845278,-0.016678398,5.8756792e-05,7.9849386e-05,-0.00011812744,-0.0029760064,-0.0023916797,-0.00014021096,-6.5549975e-06,0.00012163224,-2.7483678e-05,-0.02307829,8.4088766e-05
2023-02-09,0.00011466595,-0.0021435977,0.10635445,-0.00015289185,2.447667e-05,-0.000104932464,-0.00016871688,-0.0019845278,-0.016678398,8.565339e-05,5.2796328e-05,-7.437763e-05,-0.0029760064,-0.0023916797,-0.00012166647,2.4536275e-05,0.00015001895,-8.76782e-06,-0.02307829,0.00011593255
2023-02-10,0.0029936596,0.0007525921,0.10875297,0.0026919632,0.002869138,0.0027821525,0.0027280985,0.00091073813,-0.013699522,0.0028828396,0.0029704436,0.002731861,-7.507799e-05,0.00050603005,0.002718316,0.0029027103,0.0030105724,0.0028293296,-0.02006325,0.0029630228
2023-02-13,-9.555963e-05,-0.0023227693,0.10498723,-0.00030644832,-0.00015371141,-0.00037169305,-0.00036112068,-0.0021651224,-0.016721522,-0.00011116115,-0.00014621613,-0.00011352298,-0.003147012,-0.002568087,-0.00029293296,-0.0001971781,-5.0662435e-05,-0.00016012636,-0.023061184,-0.0001144096
2023-02-14,0.00012781622,-0.0021435977,0.10635445,-0.00014372019,2.6331865e-05,-7.764844e-05,-0.00016498414,-0.0019845278,-0.016678398,0.0001133919,6.46502e-05,8.345547e-05,-0.0029760064,-0.0023916797,-7.714925e-05,3.536197e-05,0.00014063122,8.273276e-05,-0.02307829,8.1905746e-05
2023-02-15,0.00013104232,-0.0021435977,0.10635445,-9.362248e-05,4.7625625e-05,-0.00010736135,-0.0001509994,-0.0019845278,-0.016678398,0.00010322931,2.3351633e-05,5.139562e-05,-0.0029760064,-0.0023916797,-0.00012069789,7.6131546e-05,0.00014842453,-1.1762953e-05,-0.02307829,8.995237e-05
2023-02-16,0.00012596848,-0.0021435977,0.10635445,-0.00015060452,-1.0727323e-05,-1.5525497e-05,-0.0001516327,-0.0019845278,-0.016678398,4.7111535e-05,3.9169216e-05,-0.00017276255,-0.0029760064,-0.0023916797,-0.00012290326,8.8708126e-05,0.00014540704,-2.4071313e-05,-0.02307829,0.000100562
2023-02-17,-0.0034038783,-0.0056635574,0.10199759,-0.00357776,-0.0035576434,-0.0035395608,-0.0036980943,-0.005505568,-0.020103185,-0.003382361,-0.0035018758,-0.0034589455,-0.0064902366,-0.005909911,-0.003620109,-0.00341606,-0.0033759312,-0.003552577,-0.026460825,-0.003498903
2023-02-21,-0.00036492047,-0.0026420117,0.106324084,-0.00061621366,-0.0005154371,-0.00056283025,-0.0006739333,-0.0024821968,-0.017238824,-0.0003467187,-0.00047726778,-0.0004440829,-0.0034778775,-0.0028911517,-0.0005614966,-0.0003594443,-0.0003350809,-0.0005659446,-0.023666037,-0.0004641622
2023-02-22,9.744766e-05,-0.0021435977,0.10635445,-7.9011894e-05,-1.6382313e-05,-8.266268e-05,-0.00018814055,-0.0019845278,-0.016678398,0.00013232382,4.7238194e-05,-0.00019915996,-0.0029760064,-0.0023916797,-0.0001419842,0.000113213086,0.00011831673,-1.6620732e-05,-0.02307829,3.292563e-05
2023-02-23,0.004353644,0.0022668256,0.10519665,0.00416203,0.004350075,0.0040824725,0.004119703,0.0024163066,-0.011428168,0.0043868735,0.0043193637,0.00412579,0.0014827937,0.002032803,0.004150757,0.00438925,0.0044120415,0.0042281835,-0.017459085,0.0042860373
2023-02-24,-0.0062154145,-0.0084191095,0.09686406,-0.0064380006,-0.006227976,-0.006343289,-0.006495318,-0.00826451,-0.022542408,-0.006203352,-0.006294361,-0.006500079,-0.009227244,-0.0086601805,-0.0064406455,-0.00623305,-0.0062109963,-0.0063408525,-0.028760655,-0.0062440843
2023-02-27,-0.0020382912,-0.0042910934,0.103606835,-0.0023196326,-0.0021070526,-0.0023602606,-0.0023353458,-0.0041328953,-0.018751113,-0.0020334856,-0.002137667,-0.0023287968,-0.005118987,-0.004537909,-0.0023170398,-0.0021364898,-0.002045399,-0.0021641315,-0.025117954,-0.002082108
2023-02-28,0.000113473856,-0.0021435977,0.10635445,-0.00014378724,8.383417e-06,-0.00017891673,-0.00018455682,-0.0019845278,-0.016678398,0.00010303559,3.4952187e-05,-0.00019366143,-0.0029760064,-0.0023916797,-0.00015514938,0.00010008516,0.000105121755,-0.000115072704,-0.02307829,4.7267997e-05
2023-03-01,9.374472e-05,-0.0021435977,0.10635445,-7.563678e-05,-8.9547015e-05,-0.00020172296,-0.00018244085,-0.0019845278,-0.016678398,5.233439e-05,1.45823e-05,-0.00013569591,-0.0029760064,-0.0023916797,-0.00017519889,0.00012727978,8.954259e-05,-7.679907e-05,-0.02307829,1.3606274e-05
2023-03-02,0.000113838934,-0.0021435977,0.10635445,-0.00011400727,4.360103e-06,-0.00019933132,-0.00017929671,-0.0019845278,-0.016678398,9.051862e-05,1.2101256e-05,1.047703e-05,-0.0029760064,-0.0023916797,-0.00016998348,0.000118219876,9.1658556e-05,-6.270257e-05,-0.02307829,3.164413e-05
2023-03-03,0.00012072327,-0.0021435977,0.10635445,-0.00012261269,-9.117997e-06,-0.00018062291,-0.00018201617,-0.0019845278,-0.016678398,0.00012877735,-2.3847795e-05,2.5586807e-05,-0.0029760064,-0.0023916797,-0.00016274152,0.0001095921,0.00011132809,-8.3005405e-05,-0.02307829,1.7823302e-05
2023-03-06,0.00013099017,-0.0021435977,0.10635445,-0.00013178436,-1.0660267e-05,-9.780971e-05,-0.00018136052,-0.0019845278,-0.016678398,0.0001319364,2.3657107e-05,9.60991e-05,-0.0029760064,-0.0023916797,-0.00014916656,0.00014540704,0.00010875019,-6.0541905e-05,-0.02307829,3.3536577e-05
2023-03-07,0.0001300812,-0.0021435977,0.10635445,-0.00016597507,-2.9204763e-05,-0.00021081266,-0.00016991643,-0.0019845278,-0.016678398,0.00010405632,-2.0629144e-05,0.00010468217,-0.0029760064,-0.0023916797,-0.0001689851,6.0462975e-05,0.00010976347,-6.588397e-05,-0.02307829,5.7140016e-05
2023-03-08,0.0025948598,0.00037610682,0.10745518,0.0023709475,0.0024362071,0.0023151874,0.0023099869,0.0005326957,-0.013937844,0.0025985702,0.0025527193,0.002504231,-0.0004435837,0.00013177993,0.0023309751,0.002525711,0.002599658,0.002386944,-0.02024079,0.0024871915
2023-03-09,1.9834959e-05,-0.0021435977,0.10635445,-0.0001778513,-4.7056354e-05,-0.00014411507,-0.00019319204,-0.0019845278,-0.016678398,0.0001558155,-4.7935522e-05,-2.5382615e-05,-0.0029760064,-0.0023916797,-0.00017126498,9.969028e-05,0.00011454674,-0.00015240756,-0.02307829,3.9303326e-05
2023-03-10,0.0028064414,0.0005988941,0.10749633,0.0025992482,0.002606967,0.0026201992,0.0025120988,0.0007550955,-0.013689673,0.0028514205,0.0026881858,0.0027439161,-0.00021940318,0.00035495462,0.0025431975,0.0028048023,0.002758795,0.0025909035,-0.019981494,0.0027680113
2023-03-13,0.004432501,0.0021287887,0.112411305,0.0041567176,0.004256034,0.004196377,0.0041279434,0.002290444,-0.01264107,0.0044308393,0.0042404844,0.0044001727,0.0012826115,0.0018769294,0.0041251495,0.004396343,0.004400806,0.0042227744,-0.019144638,0.0043630465
2023-03-14,0.00015303644,-0.0021435977,0.10635445,-0.00012603251,-3.8853264e-05,-8.316932e-05,-0.00020004658,-0.0019845278,-0.016678398,0.000146167,-2.2827066e-05,2.8476352e-06,-0.0029760064,-0.0023916797,-0.00012638269,2.5378191e-05,6.3815736e-05,-4.5379973e-05,-0.02307829,1.5275204e-05
2023-03-15,0.003663437,0.0013497412,0.112491414,0.0033758595,0.003460118,0.0034783273,0.0033555194,0.0015126854,-0.013544386,0.003661336,0.0035002842,0.0034631132,0.00049641135,0.0010955945,0.0034077852,0.0035447418,0.0036573573,0.0034452914,-0.020102454,0.003635557
2023-03-16,0.0054422556,0.0033356561,0.1049196,0.005184704,0.005288066,0.0051813885,0.0051497607,0.0034829616,-0.01015616,0.0054313554,0.005271205,0.0052652447,0.002563247,0.003105001,0.0052024364,0.0053882836,0.0054214983,0.005272278,-0.016097939,0.005330795
2023-03-17,-0.00032275764,-0.0025612623,0.10389152,-0.0005887359,-0.00045426784,-0.00054921804,-0.00063450483,-0.0024053142,-0.016814983,-0.000322929,-0.0004333168,-0.0006770104,-0.0033772946,-0.0028044493,-0.00055328605,-0.00035206077,-0.00035001186,-0.00052323786,-0.023091076,-0.00038642285
2023-03-20,0.0010560617,-0.0011905715,0.10641732,0.00078884664,0.0009326354,0.00087116065,0.00074866565,-0.0010328054,-0.015611751,0.0010617912,0.0009624228,0.00091206434,-0.002016312,-0.0014365449,0.00081765803,0.001013586,0.0010378003,0.000804396,-0.02196156,0.0010335386
2023-03-21,0.0014507413,-0.0008503854,0.10801452,0.0011596173,0.0012560129,0.0013893262,0.0011253,-0.0006902203,-0.015480345,0.0014379859,0.0013324633,0.0012745798,-0.0016880244,-0.001099436,0.0012129784,0.0014704034,0.0014244035,0.0012690738,-0.021921618,0.0013158188
2023-03-22,0.0028259247,0.0005998999,0.10746952,0.002590598,0.002701716,0.0025749072,0.0025216802,0.0007561386,-0.013689188,0.002841176,0.002683626,0.0025173887,-0.00021838245,0.0003560722,0.0025777086,0.0027610525,0.0028067469,0.0026590242,-0.019981174,0.002712892
2023-03-23,0.0015527398,-0.00065596995,0.10429345,0.0012682095,0.001409778,0.0013258621,0.0012263,-0.00050271896,-0.0146711,0.0015548334,0.0014316306,0.0013337001,-0.0014583155,-0.00089524535,0.0013428942,0.0014847011,0.0015110314,0.0013174504,-0.020842506,0.0014522538
2023-03-24,0.0020057424,-0.00023975072,0.10725805,0.0017187312,0.0017980948,0.0019039154,0.0017082557,-8.2349754e-05,-0.014624169,0.0020105927,0.0018434316,0.0016059965,-0.0010634571,-0.00048512814,0.0017217413,0.0019921898,0.0019829064,0.0017603204,-0.020958012,0.0018842533
2023-03-27,0.0024527325,0.00018637779,0.10832115,0.0022341846,0.0022864207,0.0022402643,0.0021240725,0.00034482183,-0.014295233,0.002455437,0.0023660897,0.0020547598,-0.0006428942,-6.0586608e-05,0.002181427,0.0024332344,0.002426879,0.0022857352,-0.020671753,0.0023216992
2023-03-28,0.0042463704,0.002163352,0.10330488,0.003999965,0.0041673793,0.004243055,0.003962168,0.002309808,-0.011258898,0.00426341,0.00426341,0.0038534491,0.0013948545,0.0019336432,0.0039973496,0.0042061224,0.0042336076,0.0040992512,-0.017170003,0.0041379794
2023-03-29,0.0024740337,0.00025840255,0.10639623,0.002170497,0.002348253,0.002460116,0.0021641566,0.00041338208,-0.0139185395,0.0024761572,0.002407895,0.0020817234,-0.0005533978,1.6281032e-05,0.002212809,0.0024038642,0.0024520173,0.0024316027,-0.020161202,0.0024130805
2023-03-30,0.003450708,0.0011824385,0.11005776,0.0031702681,0.0033978089,0.0034478246,0.003135325,0.0013421715,-0.013407765,0.0034743636,0.003356853,0.0030469908,0.0003470123,0.0009337828,0.0032088622,0.003290066,0.0034305095,0.0033739894,-0.019832095,0.0033547222
2023-03-31,0.0031236275,0.00083461555,0.10957136,0.0028743832,0.0029850542,0.0028515323,0.0028026043,0.0009945646,-0.013769953,0.003106275,0.003037387,0.0027077063,-1.5929108e-06,0.000586094,0.0029197126,0.0030270233,0.0030971034,0.0029730215,-0.020200273,0.0030236854
2023-04-03,0.00013232382,-0.0021435977,0.10635445,-0.0001015052,-1.7291284e-05,-0.000118939555,-0.00013466028,-0.0019845278,-0.016678398,0.00012441876,2.7769827e-05,-0.00028855947,-0.0029760064,-0.0023916797,-0.00014561263,7.897767e-05,0.000121803605,-3.6916113e-05,-0.02307829,3.2350654e-06
2023-04-04,0.003353627,0.001067476,0.1094737,0.0030936538,0.003152573,0.003110507,0.0030770688,0.0012264639,-0.013462005,0.0033262535,0.0032865345,0.0029198318,0.00023542496,0.0008199528,0.0030698492,0.0032967567,0.0033326834,0.003154093,-0.019859506,0.003225857
2023-04-05,0.00014414045,-0.0021435977,0.10635445,-7.007865e-05,-6.5176166e-05,-0.00017373858,-0.000115974224,-0.0019845278,-0.016678398,8.544477e-05,9.4861025e-06,-0.0001650214,-0.0029760064,-0.0023916797,-0.00013901142,5.152973e-05,0.00014054927,-3.0620373e-05,-0.02307829,-3.4971512e-05
2023-04-06,0.00013073685,-0.0021435977,0.10635445,-0.00014158932,-7.053313e-05,-0.00015330908,-0.00011397747,-0.0019845278,-0.016678398,0.00010822865,-3.86521e-05,-0.00018411723,-0.0029760064,-0.0023916797,-0.00013071147,8.769485e-05,0.00012713077,-6.7338115e-06,-0.02307829,2.1831715e-05
2023-04-10,0.00011608156,-0.0021435977,0.10635445,-0.00016773341,-3.54707e-05,-0.0001536071,-7.6322234e-05,-0.0019845278,-0.016678398,9.054842e-05,-4.1274703e-05,-0.0001798853,-0.0029760064,-0.0023916797,-0.00014033017,2.024474e-05,0.00013128074,-2.96816e-05,-0.02307829,5.333277e-05
2023-04-11,0.0027433052,0.00048686715,0.10972572,0.0024745404,0.0025689094,0.0024623438,0.0025761737,0.00064673426,-0.014121292,0.0027358993,0.0026308089,0.002447681,-0.0003499001,0.00023748132,0.0025001331,0.0026684417,0.0027773767,0.0025947108,-0.020553967,0.0026277169
2023-04-12,-0.0011804387,-0.0034483583,0.105214484,-0.0014413431,-0.0013343453,-0.001451841,-0.0013715535,-0.0032886253,-0.01803646,-0.0011290297,-0.001334837,-0.0015076384,-0.0042836578,-0.0036970512,-0.0014507755,-0.0012677148,-0.0011539966,-0.0011590332,-0.02445939,-0.001301384
2023-04-13,-0.0040548802,-0.006252146,0.09895098,-0.0042646737,-0.0042017684,-0.004257335,-0.004234603,-0.0060980828,-0.02033293,-0.0040241242,-0.0042072744,-0.00415629,-0.0070579858,-0.006492591,-0.0043080137,-0.0040286467,-0.0040376396,-0.0041779787,-0.026532887,-0.0042062015
2023-04-14,0.0036148517,0.0013527662,0.109859645,0.0033612787,0.0033979653,0.0033785864,0.0034153773,0.0015115828,-0.013171261,0.0035774573,0.0035169139,0.0033145635,0.0005209014,0.0011050269,0.0033441721,0.0035847812,0.0036111786,0.0034290045,-0.019566549,0.0035268306
2023-04-17,0.0017026901,-0.0004839137,0.105053626,0.0014482081,0.0015376747,0.0016406864,0.001480648,-0.00032994745,-0.014563104,0.0017129794,0.0016482264,0.0013989076,-0.0012900665,-0.00072449294,0.001477556,0.0016677097,0.001722084,0.001595223,-0.020762926,0.001576753
2023-04-18,9.915384e-05,-0.0021435977,0.10635445,-0.0001701176,-2.26259e-05,-0.00014751998,-0.00012256054,-0.0019845278,-0.016678398,0.00013301673,-2.994237e-05,-0.00016677228,-0.0029760064,-0.0023916797,-0.00010642258,-1.299975e-05,0.00015062245,1.3351673e-06,-0.02307829,-4.227308e-05
2023-04-19,-0.0005063027,-0.002742155,0.10334831,-0.0007940739,-0.00065732596,-0.0007671773,-0.0007371664,-0.0025864379,-0.016969113,-0.00049959717,-0.00060988066,-0.0009490311,-0.0035564513,-0.002984582,-0.0007354751,-0.0005914405,-0.00049984304,-0.000616087,-0.023233129,-0.00069911627
2023-04-20,0.00013483467,-0.0021435977,0.10635445,-0.00016828475,-2.519635e-05,-0.00011870859,-0.00014047173,-0.0019845278,-0.016678398,0.00014203938,7.347169e-05,-0.00026777235,-0.0029760064,-0.0023916797,-0.00011750159,8.029642e-05,0.00012966397,-4.3986714e-05,-0.02307829,1.843425e-05
2023-04-21,0.002508515,0.00021749141,0.110668845,0.0023340373,0.0023773103,0.0022969781,0.0022060364,0.00037976506,-0.01460555,0.0024858653,0.0024263873,0.0024509593,-0.000631614,-3.518758e-05,0.0022959276,0.0025211736,0.0025431677,0.0023943498,-0.021132333,0.002414757
2023-04-24,0.0034494489,0.0012312845,0.1085147,0.0032533272,0.0033578067,0.0032259687,0.0032245233,0.0013886184,-0.013138002,0.0034416555,0.0033460944,0.0034304275,0.00040865096,0.0009865776,0.0032365113,0.0034681722,0.0034818738,0.003315264,-0.019465057,0.0033504232
2023-04-25,0.00012273493,-0.0021435977,0.10635445,-0.00011440215,3.3767545e-05,-0.00016024557,-0.00012440083,-0.0019845278,-0.016678398,0.000103452825,5.8630132e-05,-6.5027154e-05,-0.0029760064,-0.0023916797,-6.136147e-05,5.3533935e-05,0.00013431313,-4.0946878e-05,-0.02307829,-8.685864e-06
2023-04-26,0.00013218226,-0.0021435977,0.10635445,-0.00015558896,-8.417643e-06,-0.00018711982,-0.00014808623,-0.0019845278,-0.016678398,7.950666e-05,7.324817e-05,-0.00015711633,-0.0029760064,-0.0023916797,-5.227921e-05,0.000119248056,0.00012891146,-2.2961176e-05,-0.02307829,0.0001006067
2023-04-27,0.0001250148,-0.0021435977,0.10635445,-0.0001568034,-4.14846e-06,-0.00020691601,-0.00019215641,-0.0019845278,-0.016678398,3.1748437e-05,3.497454e-05,-0.00030968932,-0.0029760064,-0.0023916797,-0.00010952202,0.00014079513,0.00013905915,-2.0472682e-05,-0.02307829,8.373859e-05
2023-04-28,0.000117966556,-0.0021435977,0.10635445,-0.0001522064,-2.672372e-05,-0.00012358127,-0.000106631196,-0.0019845278,-0.016678398,5.5173063e-05,9.823742e-05,-0.00020200608,-0.0029760064,-0.0023916797,-8.868275e-05,8.4200525e-05,0.00013876113,-7.2239316e-05,-0.02307829,7.122161e-05
2023-05-01,0.00014193507,-0.0021435977,0.10635445,-0.0001272544,7.902237e-05,-0.00021218357,-0.00015938876,-0.0019845278,-0.016678398,4.5681023e-05,-9.497977e-06,-0.00022335199,-0.0029760064,-0.0023916797,-9.478477e-05,0.00012765976,0.0001403034,-7.994322e-05,-0.02307829,6.6632056e-05
2023-05-02,0.00014594349,-0.0021435977,0.10635445,-0.00012174097,2.7717673e-05,-8.589623e-05,-0.00018370745,-0.0019845278,-0.016678398,6.3800835e-05,3.0040974e-06,-0.00026824174,-0.0029760064,-0.0023916797,-5.7978905e-05,8.8819885e-05,0.00013235363,8.7814056e-05,-0.02307829,0.00013519975
2023-05-03,-0.00050924567,-0.0027922825,0.10509668,-0.0007604569,-0.0005881622,-0.00075747666,-0.00085105596,-0.0026335106,-0.017289734,-0.00057725457,-0.0006649628,-0.0009430706,-0.0036221207,-0.0030391351,-0.0007909968,-0.0005510658,-0.0005181491,-0.0006382525,-0.023672624,-0.00056346355
2023-05-04,0.0019827425,-0.00019017456,0.10588178,0.0017505825,0.0018378437,0.0017565727,0.0017119363,-3.5425997e-05,-0.014345398,0.001964265,0.0019131094,0.0015866697,-0.0010007307,-0.0004320204,0.0017605365,0.001961866,0.0020321026,0.001921916,-0.020578658,0.002031216
2023-05-05,0.0004553214,-0.0018237367,0.1072798,0.00023109617,0.00032866898,0.0002481133,0.00013695809,-0.0016637057,-0.016445568,0.00039872678,0.00030941668,5.795958e-05,-0.0026611076,-0.0020731674,0.00022275897,0.00045238587,0.00046998414,0.0003193483,-0.022883719,0.00046897086
2023-05-08,-0.0010646567,-0.003295286,0.10252206,-0.0012995884,-0.0011355117,-0.0013281613,-0.0013898074,-0.00314056,-0.017443126,-0.001117891,-0.0011602923,-0.0014501422,-0.004105246,-0.0035369308,-0.0013306051,-0.001079379,-0.0010916427,-0.0011617675,-0.02367275,-0.0010988772
2023-05-09,0.00014035555,-0.0021435977,0.10635445,-0.00011014042,7.750245e-05,-9.971706e-05,-0.00012952683,-0.0019845278,-0.016678398,8.978846e-05,4.525634e-05,-0.00028090028,-0.0029760064,-0.0023916797,-0.00013767031,0.00015290978,0.000120767974,-2.6053167e-05,-0.02307829,6.607326e-05
2023-05-10,0.00013573619,-0.0021435977,0.10635445,-0.00013712642,5.1350915e-05,-6.4669526e-05,-0.00016837416,-0.0019845278,-0.016678398,9.886327e-05,2.9818737e-05,-0.00027102826,-0.0029760064,-0.0023916797,-0.00014207361,7.0863985e-05,0.000116141164,-1.1219061e-05,-0.02307829,1.4857971e-05
2023-05-11,0.004767874,0.0025395765,0.109663986,0.0045056357,0.0047313287,0.00453777,0.004483187,0.0026960163,-0.011765843,0.0047412678,0.0046891435,0.004394205,0.0017202661,0.0022955402,0.004535751,0.004698956,0.004763724,0.0046136766,-0.018065339,0.0047313734
2023-05-12,0.002863714,0.0006128714,0.10781838,0.0025948673,0.0028652786,0.0025904416,0.0025677322,0.00076998177,-0.013746863,0.002844402,0.0027016564,0.0024859398,-0.0002093598,0.00036806765,0.002584444,0.0028163283,0.0028373986,0.0027052625,-0.020069672,0.0027421056
2023-05-15,0.0016076058,-0.0005739763,0.10360618,0.001344876,0.0015877575,0.0013963074,0.0014386118,-0.00042211113,-0.014462588,0.0015980169,0.0016057357,0.0012958884,-0.0013690129,-0.0008113071,0.0013278291,0.0014966145,0.0015781015,0.0014764533,-0.020578502,0.0015105173
2023-05-16,0.00011652114,-0.0021435977,0.10635445,-0.00013410149,9.886327e-05,-8.252857e-05,-7.421372e-05,-0.0019845278,-0.016678398,8.000585e-05,0.000102938735,-0.00022132543,-0.0029760064,-0.0023916797,-0.00012703089,-9.378768e-06,0.00011264684,1.05515355e-05,-0.02307829,9.20298e-06
2023-05-17,0.0001377106,-0.0021435977,0.10635445,-0.00013095734,6.2519335e-05,-0.00014743803,3.8236612e-06,-0.0019845278,-0.016678398,9.115192e-05,3.8230442e-05,-0.00019296107,-0.0029760064,-0.0023916797,-0.00011761335,-1.9898987e-05,0.0001249105,0.00017763826,-0.02307829,0.00010522606
2023-05-18,0.0063397153,0.0041154264,0.11077065,0.006057681,0.0062189936,0.006100127,0.0060959696,0.0042708605,-0.01010651,0.0063142492,0.0062046214,0.0060364245,0.0033008023,0.0038726418,0.006107108,0.006247477,0.0063089817,0.0063687577,-0.016369274,0.0063284873
2023-05-19,0.0001210809,-0.0021435977,0.10635445,-0.00014940498,8.798542e-05,-5.751697e-05,-4.033593e-05,-0.0019845278,-0.016678398,8.723291e-05,-3.0866242e-05,-0.00018980948,-0.0029760064,-0.0023916797,-0.00010505167,2.1429383e-05,0.000110113644,0.00012714567,-0.02307829,0.000118584954
2023-05-22,0.0001242772,-0.0021435977,0.10635445,-0.0001477733,1.4618272e-06,-0.00018700061,-9.598432e-05,-0.0019845278,-0.016678398,6.7019486e-05,-1.9728905e-06,-0.00015204248,-0.0029760064,-0.0023916797,-0.00015467254,0.00016277435,9.989145e-05,0.00012020918,-0.02307829,0.00013224187
2023-05-23,0.000113838934,-0.0021435977,0.10635445,-0.00013583002,2.6294612e-05,-0.000140658,-1.8542982e-05,-0.0019845278,-0.016678398,0.00013093802,9.656104e-05,-0.0001920074,-0.0029760064,-0.0023916797,-0.00015244482,0.00013938698,0.000112676644,1.0633492e-05,-0.02307829,0.00016012194
2023-05-24,0.0027797758,0.0005194262,0.11000645,0.0025231107,0.0027233376,0.0026585995,0.0026607155,0.0006803513,-0.014173849,0.0028109117,0.0027502119,0.002515459,-0.00032195298,0.00026918354,0.0025496497,0.0028135492,0.0027980073,0.0027986406,-0.020643352,0.002815084
2023-05-25,0.0026541068,0.0004026011,0.109983884,0.0023937388,0.002560386,0.0024906262,0.0025523095,0.00056340697,-0.014283663,0.0026410758,0.0026693358,0.0023878305,-0.0004385322,0.00015221687,0.002426566,0.0026143058,0.0026835962,0.00258013,-0.020750238,0.002604337
2023-05-26,0.00010173919,-0.0021435977,0.10635445,-0.00012723205,0.000114487135,-0.000108017004,-0.0001682475,-0.0019845278,-0.016678398,0.00012096169,8.4729516e-05,-0.00021764485,-0.0029760064,-0.0023916797,-3.35559e-05,5.922618e-05,0.000116170966,8.038583e-05,-0.02307829,1.6683363e-05
2023-05-30,-0.0014856517,-0.003716214,0.10301502,-0.0017436355,-0.0015128016,-0.0016882181,-0.0017778858,-0.003559886,-0.018008178,-0.0015242755,-0.0015982449,-0.0017766714,-0.004534407,-0.0039601834,-0.0016611054,-0.0015304968,-0.0014960453,-0.0015265405,-0.024301065,-0.0015318975
2023-05-31,0.00010463747,-0.0021435977,0.10635445,-0.0001374617,8.7270164e-05,-9.2244125e-05,-7.5308955e-05,-0.0019845278,-0.016678398,0.00010162743,4.28051e-05,-0.00023092178,-0.0029760064,-0.0023916797,-1.6009784e-05,7.4708485e-05,0.00011608901,5.3407275e-05,-0.02307829,3.9452338e-05
2023-06-01,0.00010290148,-0.0021435977,0.10635445,-0.000119192875,9.03398e-05,3.7522637e-05,-0.00020769832,-0.0019845278,-0.016678398,0.000107565545,6.710889e-05,-0.0002183154,-0.0029760064,-0.0023916797,-4.2571104e-05,9.431096e-05,0.000115761184,-4.5923865e-05,-0.02307829,1.1579716e-05
2023-06-02,0.00012395682,-0.0021435977,0.10635445,-0.000113299466,0.00013359787,2.7896487e-05,-0.00019512919,-0.0019845278,-0.016678398,7.9454505e-05,9.527954e-05,-0.0002023041,-0.0029760064,-0.0023916797,-7.6590455e-05,5.654397e-05,0.00012321176,1.3628625e-05,-0.02307829,7.146748e-05
2023-06-05,-0.00039569882,-0.0026392178,0.1053602,-0.0006638601,-0.00038487313,-0.0006284028,-0.0007268324,-0.0024811835,-0.01709084,-0.0004286602,-0.00053064374,-0.0007000625,-0.0034668357,-0.002886048,-0.00063807366,-0.0003798589,-0.00037926284,-0.00053759513,-0.023454292,-0.00045914052
2023-06-06,0.000117936754,-0.0021435977,0.10635445,-9.282527e-05,0.00010881724,-0.00013351289,-0.00014888344,-0.0019845278,-0.016678398,7.128867e-05,8.120539e-05,-0.00020235626,-0.0029760064,-0.0023916797,-0.000108411885,6.6125416e-05,0.00013397785,7.812085e-05,-0.02307829,1.1624419e-05
2023-06-07,7.2532916e-05,-0.0021435977,0.10635445,-0.00017513928,7.184001e-05,-0.00019423512,-0.00023570505,-0.0019845278,-0.016678398,0.00015233608,5.551579e-05,-0.00020439026,-0.0029760064,-0.0023916797,-0.00012250093,9.146484e-05,9.737315e-05,6.8919384e-05,-0.02307829,-2.582965e-05
2023-06-08,0.0025436892,0.0003458351,0.10817676,0.002398604,0.002546677,0.002278754,0.0022091432,0.000504227,-0.01412352,0.0026574223,0.0026639863,0.002252662,-0.0004825875,9.950402e-05,0.0023853793,0.002553457,0.002588661,0.0025155186,-0.020494288,0.002452047
2023-06-09,0.00010852667,-0.0021435977,0.10635445,-0.00016351638,7.4328505e-05,-0.000107644475,-1.6181148e-05,-0.0019845278,-0.016678398,0.00015430304,0.00016839954,-0.00022049842,-0.0029760064,-0.0023916797,-0.00013319997,7.206353e-05,0.00012952986,7.532688e-05,-0.02307829,-1.8811203e-05
2023-06-12,9.003433e-05,-0.0021435977,0.10635445,-7.160602e-05,3.884139e-05,-0.00012254564,-0.00022079644,-0.0019845278,-0.016678398,0.00016746076,0.00014698657,-0.00024493632,-0.0029760064,-0.0023916797,-0.00010183302,9.7537064e-05,0.000100755715,-4.4150627e-05,-0.02307829,-9.192503e-06
2023-06-13,0.004559146,0.0022927239,0.11250026,0.004382254,0.0045168563,0.004383424,0.004195453,0.0024544834,-0.012482105,0.0045972406,0.0045890375,0.0042496785,0.0014463678,0.0020409687,0.004387179,0.0044950186,0.0045690103,0.0044668033,-0.018987713,0.0044830455
2023-06-14,0.00498777,0.0029315143,0.10420718,0.0048736646,0.0049866973,0.0048053875,0.0046468093,0.003078179,-0.010507254,0.0050581484,0.005030194,0.00473337,0.00216213,0.002701582,0.0048337444,0.004993507,0.0050161644,0.0048872693,-0.016425772,0.0048970445
2023-06-15,0.002735184,0.00045309367,0.10942834,0.0024476363,0.0026695891,0.002498643,0.0024167388,0.00061308744,-0.014156399,0.0027263104,0.0027472018,0.0023899316,-0.00038348732,0.00020416977,0.0025118901,0.002702029,0.0027173548,0.002639988,-0.020589134,0.00261821
2023-06-16,0.0011063233,-0.0011250958,0.10515175,0.0009256542,0.0010245979,0.0008520797,0.00073835405,-0.0009697586,-0.015331289,0.0010720134,0.0011212096,0.0007724479,-0.001938565,-0.001367642,0.00089913013,0.001030536,0.0010927484,0.0009395719,-0.02158673,0.000987576
2023-06-20,-0.003362535,-0.005560948,0.1002025,-0.0035747574,-0.0034477995,-0.003626539,-0.0036420212,-0.005406073,-0.019717207,-0.0033576326,-0.0033252076,-0.0036863,-0.0063712136,-0.0058027417,-0.0035637007,-0.0033747093,-0.003357111,-0.003467849,-0.02595034,-0.0034436197
2023-06-21,0.000103333616,-0.0021435977,0.10635445,-5.8500445e-05,6.809237e-05,-9.1618276e-05,2.6287162e-05,-0.0019845278,-0.016678398,0.000148052,8.7143504e-05,-0.0001772925,-0.0029760064,-0.0023916797,-6.527302e-05,8.411112e-05,0.00011546316,6.242993e-05,-0.02307829,1.8657767e-05
2023-06-22,0.0016188041,-0.00062191335,0.107541084,0.0013398916,0.0015773565,0.0014480144,0.0013439074,-0.0004627764,-0.01515664,0.001683937,0.0015510261,0.0013153345,-0.0014539793,-0.0008692801,0.0014156491,0.0015788913,0.0016331315,0.0014371813,-0.021556003,0.0014934257
2023-06-23,7.594528e-05,-0.0021435977,0.10635445,-0.00011745689,9.121152e-05,-0.00012000499,-0.00014931557,-0.0019845278,-0.016678398,0.00015517476,8.685293e-05,-0.00018400548,-0.0029760064,-0.0023916797,-0.00014474092,2.1623098e-05,9.2805945e-05,3.9139413e-05,-0.02307829,-6.398407e-05
2023-06-26,0.004133837,0.0019569187,0.10743374,0.0038997023,0.0040652393,0.0038498505,0.0038502454,0.0021110787,-0.012141166,0.0041587367,0.0040212437,0.003857152,0.0011497602,0.0017165408,0.003905931,0.004088105,0.004143113,0.0038730516,-0.018349027,0.003941932
2023-06-27,0.00012290629,-0.0021435977,0.10635445,-0.0001508951,1.0752701e-05,-4.0626503e-05,-0.00024817733,-0.0019845278,-0.016678398,0.00011683407,7.988664e-05,-0.00022406725,-0.0029760064,-0.0023916797,-0.00011451391,3.7417049e-06,0.00011311623,4.8661255e-05,-0.02307829,-5.8649457e-05
2023-06-28,0.008332642,0.0061565354,0.110349655,0.008063512,0.008233728,0.008047642,0.007960403,0.006307402,-0.007673739,0.008279169,0.00826771,0.008006649,0.005364278,0.0059199943,0.008052597,0.008251781,0.008290553,0.008122431,-0.013764715,0.008171843
2023-06-29,0.00013262185,-0.0021435977,0.10635445,-8.726714e-05,6.371888e-05,-0.00014591811,-0.00010323373,-0.0019845278,-0.016678398,9.886327e-05,-1.6227132e-06,-0.00017800776,-0.0029760064,-0.0023916797,-0.000106623746,2.1369779e-05,0.00011561217,6.041082e-05,-0.02307829,-2.0473963e-06
2023-06-30,0.0001397148,-0.0021435977,0.10635445,-0.0001484364,-7.896102e-06,-0.00018527952,-0.00022331474,-0.0019845278,-0.016678398,0.00014238211,-5.2830554e-05,-0.0002465531,-0.0029760064,-0.0023916797,-7.361022e-05,7.905217e-05,0.0001185775,-5.251146e-06,-0.02307829,-3.80486e-05
2023-07-03,0.0001332328,-0.0021435977,0.10635445,-0.00016362814,6.40318e-05,-0.00014180539,-0.00019421277,-0.0019845278,-0.016678398,0.00012419524,-2.724526e-05,-0.00019436923,-0.0029760064,-0.0023916797,-9.451655e-05,7.9059624e-05,0.00012856128,-7.2865165e-05,-0.02307829,-2.9592193e-05
2023-07-05,0.0001377106,-0.0021435977,0.10635445,-0.00015442667,-5.369482e-05,-0.00013462303,-0.00021649746,-0.0019845278,-0.016678398,0.000106656575,-4.1259802e-05,-0.00026553718,-0.0029760064,-0.0023916797,-0.00012354401,9.9600875e-05,0.00012923928,-3.4472323e-05,-0.02307829,-2.659706e-05
2023-07-06,0.00011944177,-0.0021435977,0.10635445,-0.00010900048,-1.7568236e-06,-8.892862e-05,-0.00019201485,-0.0019845278,-0.016678398,8.697214e-05,7.900747e-05,-0.00022899208,-0.0029760064,-0.0023916797,-0.00010638533,0.00010150077,0.00010968896,-2.146361e-05,-0.02307829,1.5938305e-05
2023-07-07,7.8813755e-05,-0.0021917955,0.1057666,-0.00014924107,6.59168e-05,1.9075e-05,-0.00019820628,-0.0020329715,-0.016692435,1.2518489e-05,-7.22555e-06,-0.00020776538,-0.0030218274,-0.0024386854,-0.00015192328,-1.6823178e-06,6.8561756e-05,-0.000120750046,-0.0230768,-4.7346926e-05
2023-07-10,0.0008208767,-0.0014455825,0.10643128,0.00055673125,0.000742586,0.00069042447,0.0005443186,-0.0012872949,-0.015913313,0.000757286,0.00077752175,0.00051263126,-0.0022739158,-0.0016922042,0.000598827,0.0006964222,0.000785479,0.0005732939,-0.022283373,0.00064462575
2023-07-11,0.00014968368,-0.0021435977,0.10635445,-0.000101743615,0.00012005272,0.00011058303,-0.00014363823,-0.0019845278,-0.016678398,0.000101642334,2.434256e-05,-0.00015972403,-0.0029760064,-0.0023916797,-7.729826e-05,4.7238194e-05,0.00011883082,-6.3879765e-05,-0.02307829,1.6064965e-05
2023-07-12,0.00014265778,-0.0021435977,0.10635445,-9.094027e-05,9.73359e-05,8.076581e-05,-0.00014500914,-0.0019845278,-0.016678398,8.478167e-05,8.527341e-05,-0.00015011278,-0.0029760064,-0.0023916797,-0.00010515598,0.00012125971,0.00013628753,-7.596461e-05,-0.02307829,-4.097668e-05
2023-07-13,0.0023554205,7.448497e-05,0.10761922,0.0021494268,0.0022817194,0.0023292168,0.0020859255,0.00023301097,-0.0143960845,0.0023352145,0.0022711023,0.0020549684,-0.00075370667,-0.00017135439,0.0021109818,0.0022557839,0.002344021,0.0021681353,-0.020766897,0.0022787764
2023-07-14,0.0027673556,0.0004978195,0.1081222,0.0025665401,0.0027219593,0.002720633,0.0024977713,0.00065596553,-0.013946516,0.0027354672,0.0026740893,0.002455005,-0.00032911298,0.00025192054,0.0025310083,0.0027081906,0.0027665882,0.002589622,-0.020306295,0.002665752
2023-07-17,0.002140136,-4.187075e-05,0.10594019,0.0020159944,0.0021109371,0.0021312623,0.0019430384,0.00011292996,-0.014196446,0.0021470203,0.0020511537,0.0018604338,-0.0008524194,-0.00028353033,0.001941213,0.002128908,0.0021652519,0.0021606474,-0.020429319,0.0021540686
2023-07-18,9.6270465e-05,-0.0021435977,0.10635445,-0.000234431,-9.825802e-06,-0.00014339981,-0.00016461906,-0.0019845278,-0.016678398,0.00013221952,3.998133e-05,-0.0001818299,-0.0029760064,-0.0023916797,-0.00015073863,8.4058964e-05,9.310397e-05,-1.9712723e-05,-0.02307829,0.00013104232
2023-07-19,0.006130339,0.00402555,0.1060423,0.0059792637,0.0060293763,0.005896622,0.005899967,0.0041735857,-0.009529112,0.006151156,0.0061301007,0.005874784,0.00324952,0.0037938892,0.005915725,0.0061133294,0.006139511,0.0060484423,-0.0154984575,0.0061401143
2023-07-20,9.5875585e-05,-0.0021435977,0.10635445,-0.00010511873,6.198289e-05,-0.0001663178,-0.00016426889,-0.0019845278,-0.016678398,0.00013863447,6.282481e-05,-0.00018403528,-0.0029760064,-0.0023916797,-8.93384e-05,8.107873e-05,0.00012488815,2.4275505e-05,-0.02307829,8.525851e-05
2023-07-21,0.00013344141,-0.0021435977,0.10635445,-3.3861375e-05,4.0599727e-05,-0.00014601497,-0.00017177162,-0.0019845278,-0.016678398,7.947686e-05,5.974027e-05,-0.00021498499,-0.0029760064,-0.0023916797,-0.000113537884,7.438811e-05,0.00012266042,-5.3709722e-05,-0.02307829,6.91578e-05
2023-07-24,0.000106388354,-0.0021435977,0.10635445,-0.00016888825,3.2888376e-05,-0.00015897152,-0.00016749499,-0.0019845278,-0.016678398,0.00010610523,0.0001095772,-0.00017856655,-0.0029760064,-0.0023916797,-0.00013208983,8.6897635e-05,0.000121036195,-2.2312975e-05,-0.02307829,0.0001043916
2023-07-25,0.000116148614,-0.0021435977,0.10635445,-2.1649874e-05,5.207362e-05,-0.00016340462,-0.0001844078,-0.0019845278,-0.016678398,9.02951e-05,9.437057e-05,-0.00018174795,-0.0029760064,-0.0023916797,-0.00017813442,0.00010579231,0.00012903812,-4.8322952e-05,-0.02307829,4.3162727e-05
2023-07-26,9.7179436e-05,-0.0021435977,0.10635445,-7.9935766e-05,8.687528e-05,-0.00022495387,-0.0001778662,-0.0019845278,-0.016678398,0.00012487324,0.00015015306,-0.00016745774,-0.0029760064,-0.0023916797,-0.00011039374,1.0454678e-05,0.000117310905,-8.113531e-05,-0.02307829,-6.6071516e-06
2023-07-27,0.0012576223,-0.0009538367,0.10458684,0.0010982692,0.0011596024,0.0009824053,0.00095652195,-0.0007991105,-0.015094398,0.001225935,0.0012864337,0.0009670422,-0.0017632529,-0.0011948332,0.0011011228,0.0011803597,0.0012572572,0.0010970846,-0.02132061,0.0011680439
2023-07-28,0.0022314056,3.076496e-05,0.10509838,0.0019251719,0.0022186427,0.0019152627,0.0019639297,0.00018404576,-0.01399312,0.0021964028,0.002233976,0.0019392908,-0.00077220646,-0.0002087563,0.0020118593,0.002126196,0.0022234484,0.0020274236,-0.020168563,0.0021385564
2023-07-31,0.00070197287,-0.0015118405,0.104155466,0.00053538533,0.0007253826,0.00045067968,0.00037244114,-0.0013576731,-0.015618181,0.00060245546,0.0007170305,0.00039088877,-0.0023195283,-0.0017529562,0.00043705257,0.00060542824,0.00062858465,0.0004873291,-0.021829678,0.00071254524
2023-08-01,0.00016581418,-0.0021435977,0.10635445,-0.00013195572,0.00011055323,-0.00018978713,-0.00012443063,-0.0019845278,-0.016678398,6.992521e-05,9.399804e-05,-0.00016453711,-0.0029760064,-0.0023916797,-8.854119e-05,4.7029578e-05,0.00013164582,-0.00013761816,-0.02307829,5.938264e-05
2023-08-02,0.0023312955,-7.523573e-06,0.10962733,0.002143608,0.002218315,0.0020231619,0.002018304,0.00015354308,-0.014720714,0.0022401228,0.0022698059,0.0019842698,-0.00085010973,-0.0002581611,0.002107808,0.0021990254,0.0022925301,0.0021091416,-0.021198904,0.0022008135
2023-08-03,0.0001917273,-0.0021435977,0.10635445,-0.00019419042,-4.6572066e-05,-9.330956e-05,-0.00014664081,-0.0019845278,-0.016678398,5.5694603e-05,8.540007e-05,-0.00019296852,-0.0029760064,-0.0023916797,-0.00011605618,6.6237175e-05,0.00013829919,-8.925644e-05,-0.02307829,4.870596e-05
2023-08-04,-0.0027929083,-0.0050660656,0.10172629,-0.0028716535,-0.002902119,-0.0031098858,-0.0031118304,-0.004909231,-0.019391758,-0.0028351233,-0.002801417,-0.0030859173,-0.0058859796,-0.005310288,-0.0030493052,-0.0029842542,-0.002821593,-0.0030251727,-0.025699144,-0.0029852823
2023-08-07,0.00017246755,-0.0021435977,0.10635445,6.114843e-05,-0.000104820705,-0.00017993746,-0.00014639494,-0.0019845278,-0.016678398,7.8038895e-05,0.00014198723,-0.00016741303,-0.0029760064,-0.0023916797,-0.0001734182,3.844651e-05,0.00012866559,-0.00011373905,-0.02307829,-5.6436635e-05
2023-08-08,0.00017278048,-0.0021435977,0.10635445,-0.00014337746,-2.6001013e-05,-0.000112777925,-0.00013857929,-0.0019845278,-0.016678398,8.334371e-05,0.00010971131,-0.00016909686,-0.0029760064,-0.0023916797,-0.00011938659,3.6732876e-05,0.00013098272,-7.152406e-05,-0.02307829,-1.9058352e-06
2023-08-09,0.00018028321,-0.0021435977,0.10635445,-2.4980283e-05,-5.66378e-05,-0.00014500169,-0.0001868218,-0.0019845278,-0.016678398,6.4002e-05,0.00012161734,-0.00017075834,-0.0029760064,-0.0023916797,-0.0001945108,6.6490495e-05,0.000121066,-0.000116868294,-0.02307829,2.677145e-05
2023-08-10,-0.0009804055,-0.0032234997,0.101360515,-0.0012613371,-0.0012236148,-0.0013456255,-0.0013305455,-0.0030707405,-0.01719462,-0.0010556564,-0.0010350853,-0.0013434276,-0.0040232823,-0.0034622015,-0.0012130424,-0.0011495858,-0.0010622203,-0.0011005908,-0.023346482,-0.0011058584
2023-08-11,0.0001397446,-0.0021435977,0.10635445,-0.00013189611,3.4564757e-05,-0.0001894146,-0.00019510684,-0.0019845278,-0.016678398,7.6131546e-05,9.675475e-05,-0.00016906706,-0.0029760064,-0.0023916797,-0.0001291096,2.7203583e-05,0.000118450844,7.2920346e-05,-0.02307829,-1.5741563e-05
2023-08-14,0.00014500471,-0.0021435977,0.10635445,-0.00016199646,3.5703415e-06,-0.0001715332,-0.0002023488,-0.0019845278,-0.016678398,0.000117296004,0.00010965171,-0.0001593813,-0.0029760064,-0.0023916797,-0.0001387581,4.2641186e-05,0.000113078975,1.20193e-05,-0.02307829,2.3716711e-05
2023-08-15,0.0001421884,-0.0021435977,0.10635445,-0.00012970564,6.3286745e-05,-7.0779e-05,-0.00019211916,-0.0019845278,-0.016678398,5.9159123e-05,0.000118733966,-0.00016176549,-0.0029760064,-0.0023916797,-0.00018952636,-6.6220528e-06,0.00013604912,-6.6710985e-05,-0.02307829,2.3657107e-05
2023-08-16,0.00014569762,-0.0021435977,0.10635445,-2.544222e-05,1.1340016e-06,-0.00013607589,-0.00021174399,-0.0019845278,-0.016678398,3.8394355e-05,0.00011837634,-0.00015004573,-0.0029760064,-0.0023916797,-0.00013954041,4.8147165e-05,0.00013830664,6.222748e-06,-0.02307829,1.7569982e-05
2023-08-17,0.00013756903,-0.0021435977,0.10635445,-6.7724264e-05,0.00015206041,-7.986126e-05,-0.00017748622,-0.0019845278,-0.016678398,0.000117296004,8.2904124e-05,-0.00016849337,-0.0029760064,-0.0023916797,-0.00015789119,-2.9712683e-06,0.00012979063,-9.106693e-05,-0.02307829,3.756734e-05
2023-08-18,0.0001301557,-0.0021435977,0.10635445,5.9717917e-05,8.783641e-05,-8.74385e-05,-0.00018495915,-0.0019845278,-0.016678398,9.759667e-05,0.00016250613,-0.000166437,-0.0029760064,-0.0023916797,-0.00015330908,7.8441226e-05,0.00012600573,-6.226299e-05,-0.02307829,5.512836e-05
2023-08-21,0.0027785837,0.00043825211,0.10976398,0.002598533,0.0025681793,0.002449186,0.002414131,0.00059832784,-0.014187409,0.0026365235,0.0027983352,0.0024294197,-0.00039952097,0.00018858316,0.0024501248,0.0026652976,0.0027257218,0.0026681586,-0.020627653,0.0026984676
2023-08-22,0.00018629583,-0.0021435977,0.10635445,5.4420554e-05,-6.7114597e-06,-0.00013697741,-0.00017039326,-0.0019845278,-0.016678398,6.565603e-05,0.00021365436,-0.00016374735,-0.0029760064,-0.0023916797,-0.00017578003,7.3799514e-05,0.000117191696,0.0001531631,-0.02307829,2.8090202e-05
2023-08-23,0.00064280035,-0.0016181081,0.10453942,0.00039737078,0.0004971862,0.00040510448,0.00029734673,-0.0014620557,-0.01586975,0.00055624696,0.0006236896,0.00033418986,-0.002433768,-0.0018607065,0.0003540829,0.00060473534,0.0006070972,0.00061893614,-0.022144554,0.00051528367
2023-08-24,0.00017009082,-0.0021435977,0.10635445,2.1249289e-06,-3.8205064e-05,-0.0001208171,-0.00018857268,-0.0019845278,-0.016678398,5.964341e-05,0.00016186538,-0.00017928181,-0.0029760064,-0.0023916797,-0.00010826287,6.116333e-05,0.00012837502,9.4713294e-05,-0.02307829,3.9809966e-05
2023-08-25,0.007768327,0.005695039,0.10465317,0.0075470894,0.007607357,0.0075176894,0.00743393,0.0058376207,-0.0073893205,0.0076989993,0.0077609434,0.007585184,0.0049460395,0.0054711117,0.007504554,0.0076963096,0.00773354,0.007697986,-0.013152143,0.0076497286
2023-08-28,0.0023091598,-5.7354337e-06,0.10907045,0.001970613,0.0021535843,0.0020365133,0.0019578426,0.00015462341,-0.0146489125,0.0022393405,0.002213688,0.0020907684,-0.00084417907,-0.00025509147,0.001959884,0.0022573634,0.002281846,0.0022235452,-0.02109625,0.002181576
2023-08-29,0.00014390203,-0.0021435977,0.10635445,-7.9533434e-05,-6.8759895e-05,-0.00014296768,-0.00019993482,-0.0019845278,-0.016678398,4.550966e-05,0.0001422629,8.361065e-06,-0.0029760064,-0.0023916797,-0.00021816639,0.00015368464,0.00013040158,0.00011843594,-0.02307829,1.19373435e-05
2023-08-30,0.0036221757,0.0013473273,0.10876031,0.0033494546,0.0034327968,0.0033494323,0.0032868995,0.0015048698,-0.013044452,0.0035491153,0.0036131754,0.0033920421,0.0005232409,0.001102069,0.0034196689,0.0036065667,0.0036056875,0.0035595982,-0.019381372,0.0035346537
2023-08-31,0.00011202099,-0.0021435977,0.10635445,-0.0001066759,-8.48308e-05,-0.0001612216,-0.00022798625,-0.0019845278,-0.016678398,7.242197e-07,7.6772296e-05,-0.00020921824,-0.0029760064,-0.0023916797,-9.219942e-05,0.0001698375,0.00011301192,-2.6544905e-05,-0.02307829,-4.160253e-05
2023-09-01,0.00013088586,-0.0021435977,0.10635445,-0.00012805907,-4.3368316e-05,-0.00013686565,-0.00021726487,-0.0019845278,-0.016678398,7.443281e-05,0.00010797533,-0.00019979326,-0.0029760064,-0.0023916797,-0.00014217792,0.00017343613,0.00011073204,-7.278321e-05,-0.02307829,2.9177987e-05
2023-09-05,9.86174e-05,-0.0021435977,0.10635445,-6.5951026e-05,-7.4414886e-05,-0.000120846904,-0.00021242944,-0.0019845278,-0.016678398,5.4070377e-05,0.00013904425,-0.00013474224,-0.0029760064,-0.0023916797,-0.00014423428,0.00019342604,0.00013277831,8.398318e-06,-0.02307829,-3.2818294e-05
2023-09-06,0.00011211785,-0.0021435977,0.10635445,-0.00014722196,-3.8883067e-05,-0.00014336256,-0.00023921428,-0.0019845278,-0.016678398,8.90136e-05,8.995982e-05,-0.000113031245,-0.0029760064,-0.0023916797,-0.00017978845,0.00015161338,0.00012831541,-1.1301017e-05,-0.02307829,-2.556888e-05
2023-09-07,9.560736e-05,-0.0021435977,0.10635445,-0.00012378988,1.1348748e-05,-0.00012071279,-0.00015110371,-0.0019845278,-0.016678398,7.0744776e-05,0.00013878348,-0.000133647,-0.0029760064,-0.0023916797,-0.0001477733,0.000158304,0.00013023766,5.8518373e-05,-0.02307829,2.522918e-05
2023-09-08,-0.0023149238,-0.0045444057,0.10325482,-0.002551368,-0.0024475665,-0.002512312,-0.0026663826,-0.00438585,-0.0190218,-0.0023080693,-0.0022492767,-0.0025089444,-0.005373089,-0.004791169,-0.0025475011,-0.0022533224,-0.0022953288,-0.0024633096,-0.025395883,-0.0023617134
2023-09-11,0.00011303427,-0.0021435977,0.10635445,-2.1702028e-05,-3.5105622e-05,-1.1382974e-05,-0.0002055153,-0.0019845278,-0.016678398,5.6588673e-05,8.726271e-05,-0.0001901671,-0.0029760064,-0.0023916797,-0.0001394808,0.00013310614,0.000119613134,-4.4277287e-05,-0.02307829,4.3930137e-05
2023-09-12,5.2118325e-05,-0.0021435977,0.10635445,-9.175984e-05,-4.76375e-05,-0.00013781933,-0.00020006148,-0.0019845278,-0.016678398,6.500783e-05,0.00013383629,-0.00017779914,-0.0029760064,-0.0023916797,-0.00012476591,0.00010560604,6.731751e-05,-0.000105580664,-0.02307829,-5.1273382e-05
2023-09-13,0.0008145735,-0.0013843462,0.105706036,0.0006872058,0.00067542645,0.0006530747,0.0005302668,-0.001226364,-0.0157933,0.000841783,0.0008617282,0.0005660221,-0.0022088722,-0.0016292691,0.0006366983,0.00086558016,0.0008335799,0.0007142887,-0.022137,0.0007579118
2023-09-14,0.00011236372,-0.0021435977,0.10635445,-5.8969832e-05,-0.00010653434,-9.470282e-05,-0.000199756,-0.0019845278,-0.016678398,0.00016124698,0.00018922391,-0.00011537073,-0.0029760064,-0.0023916797,-7.615832e-05,9.291025e-05,0.000102439546,-4.4128275e-05,-0.02307829,1.228007e-05
2023-09-15,0.00011440518,-0.0021435977,0.10635445,-0.00013124791,-0.00010368822,-9.973941e-05,-0.0001817852,-0.0019845278,-0.016678398,0.00010278972,0.00018448534,-0.0001201838,-0.0029760064,-0.0023916797,-8.657423e-05,0.00012420269,0.00013610127,-2.7535832e-05,-0.02307829,-1.0205782e-05
2023-09-18,0.0016907022,-0.0004679769,0.1039071,0.0015158147,0.0015079692,0.0014532522,0.0013979465,-0.0003160074,-0.014381966,0.0016868949,0.0017528177,0.0014377326,-0.0012646526,-0.00070587394,0.0014089063,0.0017112136,0.001710558,0.0015709788,-0.020508928,0.001666823
2023-09-19,0.00011067989,-0.0021435977,0.10635445,-0.000106504536,-5.0789095e-05,-0.000113925315,-0.00018302945,-0.0019845278,-0.016678398,0.00012270513,0.00018354657,-0.00017560867,-0.0029760064,-0.0023916797,-8.7892986e-05,0.0001262218,0.00012526812,3.1307572e-06,-0.02307829,3.975781e-05
2023-09-20,0.000117951655,-0.0021435977,0.10635445,-1.9519008e-05,-8.4681786e-05,-7.01308e-05,-0.00018536893,-0.0019845278,-0.016678398,0.00013409706,0.00018814357,-0.00016631035,-0.0029760064,-0.0023916797,-0.000100335455,9.470584e-05,0.00011222216,-9.119359e-05,-0.02307829,5.537423e-05
2023-09-21,0.00044746848,-0.0017737433,0.10549638,0.00020604732,0.00023871812,0.00019125047,0.00015199336,-0.0016165882,-0.016135989,0.00045709463,0.00047785195,0.0001654342,-0.0025960715,-0.0020188005,0.0002746001,0.00040259364,0.0004687101,0.00030885788,-0.022459788,0.0003673524
2023-09-22,0.002957189,0.0008185074,0.10467117,0.0027846931,0.0028333752,0.0028070821,0.0026621534,0.0009696126,-0.013012348,0.0029348,0.0030793413,0.0027093827,2.6629888e-05,0.0005821228,0.002727264,0.0029716953,0.002959588,0.0028286441,-0.019102989,0.0029152646
2023-09-25,-0.0009213224,-0.0031341002,0.10272076,-0.0011348486,-0.0010899439,-0.0011346996,-0.0012448415,-0.0029794113,-0.017283676,-0.00098124,-0.00082018075,-0.0011887088,-0.003944135,-0.003375812,-0.0012319967,-0.00096575764,-0.0009281769,-0.0011046141,-0.02351412,-0.001035957
2023-09-26,0.00012587907,-0.0021435977,0.10635445,-9.024737e-05,-3.4792698e-05,-5.638448e-05,-0.00016923097,-0.0019845278,-0.016678398,7.3680305e-05,0.00019863399,-0.00015450118,-0.0029760064,-0.0023916797,-0.00018129346,0.00010927918,0.00010942074,5.3951168e-05,-0.02307829,3.308209e-05
2023-09-27,0.0032178103,0.0009500921,0.109394774,0.002965638,0.003043735,0.0029337197,0.0029076799,0.0011098027,-0.013632109,0.0031283363,0.0032805218,0.0029547527,0.00011529925,0.0007021815,0.0029108985,0.0032148077,0.0032071709,0.0030848398,-0.020052237,0.003229694
2023-09-28,0.00011570903,-0.0021435977,0.10635445,-8.0688274e-05,2.9058778e-05,-1.4854944e-05,-0.00016619859,-0.0019845278,-0.016678398,3.3238553e-05,0.00017383101,-0.00014991162,-0.0029760064,-0.0023916797,-0.00015781668,0.00012827816,0.00011596235,-3.2155192e-05,-0.02307829,6.347301e-05
2023-09-29,0.0016843394,-0.0004973322,0.10410119,0.0014513895,0.0015423239,0.0015298069,0.0014200077,-0.00034436432,-0.014483979,0.001631321,0.0017407924,0.0014238969,-0.0012978375,-0.0007359445,0.0014308483,0.001700075,0.001696685,0.0016019956,-0.020642666,0.0016807333
2023-10-02,0.0038404553,0.0016174332,0.10814839,0.0036865412,0.0036740317,0.003637114,0.0035821958,0.0017737538,-0.012661887,0.0038210466,0.0038690954,0.0035561412,0.00080004486,0.0013743654,0.0035803183,0.0038537993,0.003845097,0.003647761,-0.01894915,0.0037508397
2023-10-03,9.8721706e-05,-0.0021435977,0.10635445,-0.000159277,-2.815423e-05,-9.19312e-05,-0.00013857184,-0.0019845278,-0.016678398,2.2099935e-05,0.0001262814,-0.0001798555,-0.0029760064,-0.0023916797,-0.00014851091,9.709003e-05,0.00011568668,-1.1189259e-05,-0.02307829,-2.8005219e-05
2023-10-04,7.7405595e-05,-0.0021435977,0.10635445,-7.5182295e-05,-0.000107003725,-0.00015803275,-0.00019559113,-0.0019845278,-0.016678398,3.7857913e-05,0.00014578702,-0.00016987917,-0.0029760064,-0.0023916797,-0.00015000848,9.130838e-05,0.00012010487,2.4014735e-05,-0.02307829,-2.0509935e-05
2023-10-05,0.0031472235,0.0009472609,0.10774082,0.002969922,0.0029830574,0.0029229536,0.0028603687,0.0011038423,-0.0133620035,0.0031457036,0.003195019,0.0028755828,0.00012808444,0.0007035077,0.0028979643,0.0031573935,0.0031706928,0.0030879392,-0.019662602,0.0030528097
2023-10-06,0.0055138706,0.0033353954,0.10986972,0.005372481,0.0053404956,0.005364427,0.005239041,0.0034904643,-0.010856977,0.005505809,0.0055441423,0.005508603,0.002522373,0.003092782,0.0052899956,0.005519816,0.005526082,0.0053999065,-0.017106926,0.0054372414
2023-10-09,0.000101001584,-0.0021435977,0.10635445,-0.00015841273,-8.457748e-05,-0.00012383459,-0.00018007157,-0.0019845278,-0.016678398,3.1338655e-05,0.0001223922,5.0345086e-05,-0.0029760064,-0.0023916797,-0.00015869585,7.8798854e-05,0.0001011655,-8.2230545e-05,-0.02307829,5.795958e-05
2023-10-10,0.00010674598,-0.0021435977,0.10635445,-0.00012750772,-4.522351e-05,-0.00017598865,-0.00019582955,-0.0019845278,-0.016678398,5.3496682e-05,0.0001191363,-0.00020386872,-0.0029760064,-0.0023916797,-0.00020900962,0.00011707994,8.486363e-05,4.206004e-05,-0.02307829,-3.2035983e-05
2023-10-11,0.00010997953,-0.0021435977,0.10635445,-0.00017841754,-1.6643084e-05,-9.90018e-05,-0.00018276123,-0.0019845278,-0.016678398,4.2842352e-05,0.00011048617,-0.00012989936,-0.0029760064,-0.0023916797,6.189349e-05,6.33687e-05,0.00011618587,1.9373023e-05,-0.02307829,8.629286e-06
2023-10-12,0.00011502358,-0.0021435977,0.10635445,-0.000102116144,-4.5670546e-05,-0.00010298041,-0.0002535492,-0.0019845278,-0.016678398,0.00010014477,0.00011682662,-0.00016877649,-0.0029760064,-0.0023916797,7.081928e-05,8.107873e-05,0.000112296664,3.4244382e-05,-0.02307829,-2.1329499e-05
2023-10-13,0.0023997216,0.00015370699,0.10835477,0.0021335199,0.0022044568,0.0021318956,0.0021196469,0.00031197967,-0.014323322,0.0023760959,0.0023747995,0.0021477728,-0.0006754383,-9.3406416e-05,0.0022228821,0.0023411824,0.0023858189,0.0022212132,-0.020697942,0.0023004203
2023-10-16,-0.0014205485,-0.00364258,0.10344435,-0.0015727788,-0.0015848934,-0.0016286433,-0.0017917216,-0.0034855441,-0.017992174,-0.0014638886,-0.0014394358,-0.0016649499,-0.0044640885,-0.0038874955,-0.001508741,-0.0013693407,-0.001419796,-0.0015773758,-0.024310453,-0.0015480727
2023-10-17,0.00012350234,-0.0021435977,0.10635445,-0.00011938659,-1.3960875e-05,-0.00016775576,-0.00025265513,-0.0019845278,-0.016678398,5.6208693e-05,0.00013627263,-0.00015895662,-0.0029760064,-0.0023916797,-0.00013550965,0.00014215859,0.00011694583,2.6488327e-05,-0.02307829,-1.1815107e-05
2023-10-18,0.00013362023,-0.0021435977,0.10635445,-0.0001722112,-6.975082e-05,-0.00015406159,-0.00014719216,-0.0019845278,-0.016678398,2.8663897e-05,0.00015080126,-0.00018443761,-0.0029760064,-0.0023916797,-3.1506992e-05,9.970518e-05,0.00011779519,0.00011403265,-0.02307829,2.651813e-05
2023-10-19,0.00012122991,-0.0021435977,0.10635445,-0.00013556925,-0.00010255573,-0.00010282395,-0.00017408875,-0.0019845278,-0.016678398,8.271041e-05,3.8521015e-05,-0.0001816958,-0.0029760064,-0.0023916797,-0.0001085609,7.784518e-05,0.000109756016,-0.00015172956,-0.02307829,2.625736e-05
2023-10-20,0.00043183716,-0.0018222466,0.10514038,0.00019055011,0.00021489861,0.00017483684,0.00011915865,-0.0016648605,-0.016189335,0.0003147811,0.000410454,3.433379e-05,-0.0026444779,-0.00206673,0.00028653594,0.0004186571,0.00041904452,0.00023380073,-0.022514848,0.000286454
2023-10-23,0.004069933,0.0018785686,0.1075034,0.0038780659,0.0038765683,0.0038111447,0.0037677302,0.002032706,-0.012220336,0.003988677,0.004038365,0.003762269,0.0010712236,0.0016379073,0.003980206,0.0040537356,0.004066752,0.0038914918,-0.018428816,0.0039208843
2023-10-24,0.00011571648,-0.0021435977,0.10635445,-0.00016603468,-0.00010812131,-0.00014534441,-0.00018108485,-0.0019845278,-0.016678398,4.8668706e-05,9.297731e-05,-0.0002047777,-0.0029760064,-0.0023916797,-1.5705591e-06,9.6136355e-05,0.0001038179,-9.927747e-05,-0.02307829,1.868757e-05
2023-10-25,0.00012245926,-0.0021435977,0.10635445,-0.0001188427,-0.0001271203,-0.00018397567,-0.00019812433,-0.0019845278,-0.016678398,9.938481e-05,5.4025673e-05,-0.00016569195,-0.0029760064,-0.0023916797,-6.0050166e-05,9.5629715e-05,9.261968e-05,-0.00013448147,-0.02307829,4.7111535e-05
2023-10-26,0.0012965888,-0.0009378701,0.10574663,0.0009894088,0.0010726989,0.0010470316,0.00097491,-0.00078149734,-0.015231049,0.0012002975,0.0012313217,0.0010339856,-0.0017562195,-0.0011815861,0.0010876,0.0012889296,0.0012773067,0.0010945887,-0.021524517,0.0011796817
2023-10-27,0.00012832286,-0.0021435977,0.10635445,-0.00015206484,-5.5259443e-05,-0.000105982996,-0.00022138504,-0.0019845278,-0.016678398,0.00010647031,5.2543008e-05,-0.00016227213,-0.0029760064,-0.0023916797,-0.00010461954,8.732977e-05,9.273144e-05,-7.422862e-05,-0.02307829,9.150826e-06
2023-10-30,0.0017727554,-0.00049976853,0.10771667,0.0014912576,0.0015719101,0.0014605314,0.001470165,-0.00034061668,-0.015031261,0.001726301,0.0017698944,0.0015002206,-0.0013316408,-0.000747098,0.0015579403,0.0017588675,0.0017408148,0.0015742123,-0.02142932,0.0016515419
2023-10-31,0.00012234005,-0.0021435977,0.10635445,-0.00018326787,-8.03828e-05,-0.00014845876,-0.00018381921,-0.0019845278,-0.016678398,5.785527e-05,4.9279653e-05,-0.00017238257,-0.0029760064,-0.0023916797,6.2749023e-06,0.000103318715,8.64804e-05,-0.00012620387,-0.02307829,7.5222575e-05
2023-11-01,0.00012110325,-0.0021435977,0.10635445,-0.0001734182,-0.00012334285,-0.00016797928,-0.00024443713,-0.0019845278,-0.016678398,0.00013210031,9.4586634e-05,-0.00015406159,-0.0029760064,-0.0023916797,-9.137986e-05,6.551447e-05,8.083286e-05,3.131572e-08,-0.02307829,9.697082e-05
2023-11-02,0.0036088242,0.0013951525,0.10749686,0.0033712327,0.003381954,0.0033597364,0.0032523214,0.001550363,-0.012795506,0.003560552,0.003543639,0.0033263504,0.00058265927,0.00115318,0.0034145652,0.003574477,0.003559546,0.0033462956,-0.019044084,0.0034818812
2023-11-03,0.0013819278,-0.00083810685,0.1058973,0.0011799947,0.0011953131,0.0011362598,0.0010281369,-0.0006819054,-0.01511476,0.0013511643,0.0013332084,0.001053983,-0.0016555324,-0.0010817334,0.0011606679,0.0013600528,0.0013485119,0.0011840701,-0.021401165,0.0012661383
2023-11-06,-0.0007268101,-0.002945213,0.10344689,-0.000937736,-0.0009000957,-0.0009895101,-0.0010236263,-0.0027896375,-0.017171888,-0.00079721806,-0.0006999731,-0.0010465815,-0.0037597478,-0.0031882436,-0.0009264782,-0.0007090479,-0.00075238047,-0.00085656194,-0.023436217,-0.00084220467
2023-11-07,0.00010737928,-0.0021435977,0.10635445,-0.0001381695,-8.285639e-05,-0.00020859984,-0.0002472609,-0.0019845278,-0.016678398,1.8247985e-05,0.00016334059,-0.00019762514,-0.0029760064,-0.0023916797,-0.00013552455,0.00015565904,0.000116677606,-9.395031e-05,-0.02307829,-1.4243997e-05
2023-11-08,0.00013756158,-0.0021435977,0.10635445,-6.2724925e-05,-0.000109171844,-0.00012049673,-0.00018112955,-0.0019845278,-0.016678398,6.7666406e-06,0.00015804323,-0.0001906663,-0.0029760064,-0.0023916797,-0.00010964123,9.8207616e-05,0.00011733326,-7.666496e-05,-0.02307829,-3.54558e-05
2023-11-09,0.00014388713,-0.0021435977,0.10635445,-0.00020746735,-0.00014400331,-0.00015769748,-0.00019527075,-0.0019845278,-0.016678398,-1.1607772e-06,0.00011066499,-0.00021196005,-0.0029760064,-0.0023916797,-0.00015564112,0.000103206956,0.000114345574,-6.955711e-05,-0.02307829,-2.506224e-05
2023-11-10,0.00012136402,-0.0021435977,0.10635445,-0.00010257063,-8.6849905e-05,-0.00011429784,-0.00019222347,-0.0019845278,-0.016678398,2.060982e-05,0.00015849771,-0.0002767801,-0.0029760064,-0.0023916797,-0.00014570204,0.00010296109,0.00014508667,-0.000105342246,-0.02307829,-4.9149967e-05
2023-11-13,0.0048392205,0.002621004,0.10876995,0.004530044,0.00460598,0.00460113,0.0045238524,0.0027758642,-0.011539383,0.0048078685,0.0048519685,0.004477778,0.0018100679,0.0023792698,0.0045743375,0.004806602,0.00484267,0.004652755,-0.01777493,0.004634389
2023-11-14,0.00014458748,-0.0021435977,0.10635445,-0.000112919486,-5.6607998e-05,-0.00016530452,-0.00016548333,-0.0019845278,-0.016678398,7.7800476e-05,0.00012808444,-0.00021356193,-0.0029760064,-0.0023916797,-0.00011974422,8.2680606e-05,0.00015726092,-8.1075705e-05,-0.02307829,-2.2573746e-05
2023-11-15,0.00013606402,-0.0021435977,0.10635445,-0.00012179313,-2.6917434e-05,-0.00020725129,-0.00011300889,-0.0019845278,-0.016678398,6.731751e-05,0.00010352733,-0.00020442752,-0.0029760064,-0.0023916797,-0.00012254564,8.4319734e-05,0.00015515985,-9.15525e-06,-0.02307829,-3.5150326e-05
2023-11-16,0.006347434,0.0041338964,0.10968399,0.006175892,0.0061447783,0.006038615,0.0060594543,0.0042876094,-0.009935973,0.0062753647,0.006333926,0.0059817,0.0033280863,0.003893727,0.0060815453,0.0062373145,0.00637667,0.006187001,-0.016131898,0.006207274
2023-11-17,0.0020127385,-0.00018450466,0.10413918,0.0017921046,0.0018373817,0.0016996876,0.0017856598,-3.187952e-05,-0.014138443,0.0019427479,0.0020197271,0.0016319692,-0.0009831398,-0.000422357,0.0017282009,0.0019487903,0.002027975,0.0018490568,-0.020282691,0.0018537879
2023-11-20,0.003582464,0.0014010012,0.10598128,0.0033358424,0.0033997833,0.0033510788,0.003288114,0.0015531793,-0.012523515,0.0035514547,0.0035696193,0.0032389774,0.00060367736,0.001162985,0.0033336892,0.003468135,0.0036185845,0.0034849136,-0.018655723,0.003412941
2023-11-21,0.0039728596,0.0017384753,0.10744054,0.0036183312,0.0038424223,0.003674367,0.003674799,0.0018935219,-0.012429966,0.0038905232,0.003952989,0.0035997643,0.00092753174,0.0014973894,0.0037701665,0.00391365,0.0039680987,0.003816539,-0.018668441,0.0038320585
2023-11-22,0.0039608344,0.0018013656,0.10552107,0.0037605627,0.003817053,0.0038562655,0.0036860644,0.001952225,-0.012011616,0.0038846075,0.0039761527,0.0036416664,0.001010494,0.0015653238,0.003815414,0.0039189174,0.0040111183,0.0038402542,-0.018094419,0.0038407906
2023-11-24,0.00012211653,-0.0021435977,0.10635445,-0.000112509704,-6.576476e-05,-0.0001323208,-0.00018863229,-0.0019845278,-0.016678398,3.8491213e-05,0.00016228261,-0.00022733805,-0.0029760064,-0.0023916797,-0.000102376915,5.8294856e-05,0.00014598819,-4.661677e-05,-0.02307829,6.780925e-05
2023-11-27,0.00013180973,-0.0021435977,0.10635445,-8.642522e-05,-5.8515347e-05,-8.830277e-05,-0.00019216386,-0.0019845278,-0.016678398,4.5204186e-05,0.00010659697,-0.00017563102,-0.0029760064,-0.0023916797,-5.3232885e-05,6.400945e-05,0.00016604515,-3.968028e-05,-0.02307829,-1.549488e-07
2023-11-28,0.00012849423,-0.0021435977,0.10635445,-0.00014076976,-7.717288e-06,-0.0001355469,-0.00016566215,-0.0019845278,-0.016678398,7.180276e-05,0.00014377537,-0.00022252498,-0.0029760064,-0.0023916797,-0.000103658414,5.2505755e-05,0.00014858099,2.4453038e-06,-0.02307829,-4.05818e-05
2023-11-29,0.00011760148,-0.0021435977,0.10635445,-0.00013018248,-4.138646e-05,-0.0001907706,-0.0001624584,-0.0019845278,-0.016678398,6.542506e-05,0.00017867389,-0.0002446383,-0.0029760064,-0.0023916797,-9.091047e-05,9.001943e-05,0.00013034942,1.1661672e-05,-0.02307829,2.1056854e-05
2023-11-30,0.003987932,0.0018606052,0.10471148,0.0037321611,0.003802748,0.0038944124,0.003750281,0.0020100488,-0.011822699,0.0039325817,0.004064658,0.0036212816,0.0010772437,0.0016266644,0.0038174554,0.0039433404,0.0040201484,0.0038308366,-0.017848535,0.0038680523
2023-12-01,-0.0010095,-0.0032518492,0.10499263,-0.0012449309,-0.0012039825,-0.001303634,-0.0012945518,-0.0030933158,-0.01774112,-0.0011446237,-0.00094454584,-0.0013696983,-0.0040816427,-0.003499365,-0.0011960253,-0.000990732,-0.0010003954,-0.0011177048,-0.024121104,-0.0012018814
2023-12-04,0.00013036432,-0.0021435977,0.10635445,-0.00015321968,-5.2487827e-05,-0.00011710671,-0.00018147973,-0.0019845278,-0.016678398,7.6011056e-06,8.618238e-05,-0.00029518304,-0.0029760064,-0.0023916797,-6.276963e-05,0.0001288146,0.00011072459,1.0663294e-05,-0.02307829,-2.9599643e-05
2023-12-05,0.00011516514,-0.0021435977,0.10635445,-0.00017380563,-9.5701194e-05,-0.00010779349,-0.0001715779,-0.0019845278,-0.016678398,3.1971955e-05,0.00014361145,-0.0002752602,-0.0029760064,-0.0023916797,-0.00010949967,0.00011676701,0.00015208276,-5.8761216e-05,-0.02307829,1.5111291e-05
2023-12-06,0.000101150596,-0.0021435977,0.10635445,-0.00014611182,-9.077636e-05,-0.00014567969,-0.00018227694,-0.0019845278,-0.016678398,5.4651522e-05,0.00017480704,-0.00018064526,-0.0029760064,-0.0023916797,-5.277095e-05,0.00012520852,0.0001409963,-5.8582402e-05,-0.02307829,2.5206828e-05
2023-12-07,0.00010736438,-0.0021435977,0.10635445,-0.00014181284,-7.716415e-05,-0.000103911734,-0.00018200872,-0.0019845278,-0.016678398,0.0001012102,0.00015466812,-0.0002144858,-0.0029760064,-0.0023916797,-6.471423e-05,0.00010264071,0.00014706852,-4.099158e-05,-0.02307829,4.5427703e-05
2023-12-08,0.000116923475,-0.0021435977,0.10635445,-0.00012595055,-3.0761934e-05,-6.0541905e-05,-0.00017197279,-0.0019845278,-0.016678398,8.64804e-05,0.00013480487,-0.0002253711,-0.0029760064,-0.0023916797,-3.9024628e-05,0.00013975205,0.00014029595,-7.741002e-05,-0.02307829,-3.4658588e-05
2023-12-11,0.00012018683,-0.0021435977,0.10635445,-0.00014034507,-1.9735075e-05,-0.00012779084,-0.00017195789,-0.0019845278,-0.016678398,4.3155276e-05,0.00012354704,-0.00019110588,-0.0029760064,-0.0023916797,2.7494156e-05,0.00013469311,0.00015271606,5.208107e-05,-0.02307829,1.5735859e-06
2023-12-12,0.00011072459,-0.0021435977,0.10635445,-0.0001111388,-6.987003e-05,-9.542552e-05,-0.00016840396,-0.0019845278,-0.016678398,0.00010745379,8.440169e-05,-0.00020127592,-0.0029760064,-0.0023916797,-6.9668866e-05,0.00014498981,0.00014066848,-5.5892742e-05,-0.02307829,-3.6066747e-05
2023-12-13,0.0015856415,-0.00066949276,0.10650766,0.001311326,0.0013609246,0.0013514698,0.0013063416,-0.0005119875,-0.015055491,0.0015235782,0.0016047746,0.0012505368,-0.0014929533,-0.00091440824,0.0013659016,0.001576224,0.0016286463,0.0015517488,-0.021389542,0.001456359
2023-12-14,0.003889428,0.0016560868,0.11014192,0.0036748662,0.003760667,0.003722848,0.0036310493,0.0018158421,-0.012932127,0.0038761063,0.003917867,0.0035971492,0.0008208916,0.0014081091,0.003679128,0.0039205938,0.003967741,0.0037170588,-0.01935499,0.0037476956
2023-12-15,-0.0014016166,-0.0035507963,0.10130902,-0.0016072005,-0.0015626907,-0.0014970213,-0.0016405418,-0.0033975528,-0.017560458,-0.0014398157,-0.0013541117,-0.0017238095,-0.0043526725,-0.0037901164,-0.0015623703,-0.0013594687,-0.0013320952,-0.001526317,-0.023729412,-0.0015124365
2023-12-18,-0.0010678231,-0.003252624,0.102751985,-0.0012600183,-0.0012532234,-0.0013409465,-0.0013333916,-0.003097734,-0.017417936,-0.001073955,-0.0010537714,-0.0013584926,-0.0040636496,-0.0034946785,-0.0012042656,-0.0010498374,-0.0010241106,-0.001160419,-0.023655435,-0.0011935517
2023-12-19,0.007920178,0.005850771,0.10706424,0.0077190637,0.0077665388,0.007684523,0.00765101,0.0059972047,-0.007563992,0.007909657,0.007958734,0.0076376065,0.0050827353,0.0056213005,0.007746385,0.007920751,0.00799592,0.007793845,-0.013472123,0.007828424
2023-12-20,-0.0008638337,-0.0030734898,0.10472423,-0.0010656625,-0.001018314,-0.0010771885,-0.0011293873,-0.0029152022,-0.017524643,-0.00090510247,-0.0008696824,-0.0012384936,-0.0039007352,-0.0033198656,-0.001020661,-0.0007794112,-0.0008094221,-0.0010105207,-0.023887677,-0.0009725898
2023-12-21,0.0017170549,-0.00046792475,0.10789229,0.0014822722,0.001553075,0.0015929282,0.0014326439,-0.00030901877,-0.0149836,0.0016495452,0.0016726196,0.0013468877,-0.0012990966,-0.00071549264,0.0014967636,0.0018366441,0.001711683,0.0015900597,-0.0213752,0.0016020999
2023-12-22,0.0039792373,0.0018033028,0.109553054,0.003743784,0.0038504764,0.0038484274,0.003714384,0.0019609123,-0.0126081165,0.0039247065,0.004032263,0.003615105,0.0009779349,0.0015575081,0.00379301,0.0040982454,0.0039922683,0.0038816794,-0.018953888,0.0038944795
2023-12-26,8.7411725e-05,-0.0021435977,0.10635445,-0.00012427417,-4.6922243e-05,-8.527783e-05,-0.00019856391,-0.0019845278,-0.016678398,4.5204186e-05,0.00015288743,-0.0002797678,-0.0029760064,-0.0023916797,-0.00012676266,0.00016004744,7.4961805e-05,-5.370355e-06,-0.02307829,1.1616969e-05
2023-12-27,7.7010714e-05,-0.0021435977,0.10635445,-0.00012387929,1.5729689e-05,-7.52419e-05,-0.00016606448,-0.0019845278,-0.016678398,2.2472464e-05,0.00015941414,-0.00027821062,-0.0029760064,-0.0023916797,-0.00010909734,0.00015508535,0.00010328146,0.0001127139,-0.02307829,1.1944794e-05
2023-12-28,9.001198e-05,-0.0021435977,0.10635445,-7.691828e-05,-8.581555e-06,-7.185934e-05,-0.00011336652,-0.0019845278,-0.016678398,7.733854e-05,0.00015511515,-0.00024716405,-0.0029760064,-0.0023916797,-0.00011104939,0.00015782716,0.00010527822,0.000118868076,-0.02307829,-1.6069389e-05
