date,TGS,FARM,UGL,LNN,KFRC,ATRI,GLBZ,TOWN,HURN,KEP,WWD,MFG,OMCL,TSM,ASRVP,ALOT,FXN,CFFI,AKO-A,FFBC
2018-02-15,0.0068984297,0.007160735,0.006909248,0.006988403,0.0071125296,0.007122454,0.0068773446,0.0070483503,0.0070181456,0.0071299043,0.007176232,0.006960165,0.0069553074,0.007170644,0.0068400768,0.0068632183,0.0068834093,0.006853309,0.0068389294,0.0070663956
2018-02-16,0.0066639897,0.0069114235,0.0066367057,0.006727394,0.006871548,0.0068422225,0.0066522625,0.006766331,0.0066970405,0.0068787155,0.0069146124,0.0066920337,0.006703776,0.0069174436,0.0065870252,0.006759566,0.0066451547,0.0066067544,0.0065883067,0.006829974
2018-02-20,0.008422609,0.008674543,0.0083745085,0.008503389,0.008639064,0.008627292,0.008394506,0.008550268,0.008479547,0.008638423,0.00868639,0.0084286295,0.008487295,0.008678298,0.008350994,0.008440789,0.008401927,0.00836898,0.008351993,0.008591976
2018-02-21,0.0068802056,0.0069599715,0.00688259,0.007015836,0.0071200547,0.007130292,0.006826442,0.007051554,0.0070042876,0.0071324524,0.0071735946,0.0068948087,0.0069429097,0.0071743247,0.00684866,0.0068657515,0.0068642613,0.006855291,0.006838393,0.0070650843
2018-02-22,0.0069159386,0.0069263843,0.006986108,0.00697298,0.0070407805,0.0071408716,0.0068595824,0.00704914,0.0069762585,0.0071329293,0.007170048,0.0069883135,0.0069417176,0.007167172,0.0068433103,0.006913137,0.006930646,0.0068523404,0.0068399278,0.0070508984
2018-02-23,0.009851556,0.009943645,0.009875294,0.0100034885,0.0100882165,0.010102343,0.009866934,0.009999912,0.009943437,0.010118436,0.010166969,0.009919178,0.009921458,0.01015849,0.009830203,0.009905424,0.009906229,0.009839755,0.009826671,0.0100634955
2018-02-26,0.007335585,0.007330772,0.007338148,0.0074391034,0.0075978753,0.007588875,0.0073796925,0.0075357226,0.007430401,0.0076092747,0.0076500294,0.0073729423,0.007393178,0.007643592,0.007313561,0.0073398766,0.0073436466,0.0073225168,0.00731301,0.0075592217
2018-02-27,0.006898117,0.006867212,0.006883484,0.006994095,0.0071332124,0.007126656,0.0068773,0.0069965688,0.006992605,0.0071252403,0.00718106,0.0070076105,0.0069561717,0.0071698544,0.006844428,0.0069839773,0.0069014546,0.006854203,0.006843489,0.007077214
2018-02-28,0.006877419,0.00686447,0.006894183,0.0069770184,0.0071309176,0.0071158824,0.006870922,0.007019725,0.0069881347,0.0071105775,0.007174161,0.00697827,0.0069605825,0.0071722087,0.006865394,0.0068783876,0.0068825153,0.006853741,0.0068449792,0.00708307
2018-03-01,0.006901261,0.006858584,0.0069016633,0.006906864,0.00711019,0.0071324077,0.0068533835,0.0070229587,0.0070930836,0.007128027,0.0071761278,0.006913316,0.00697304,0.007173848,0.006844085,0.0069014993,0.0068763015,0.006853622,0.006845352,0.007074502
2018-03-02,0.0074161855,0.0073817787,0.007409167,0.0074547795,0.007652056,0.007650074,0.0074115065,0.007564169,0.007612121,0.007670861,0.0077055064,0.0074288663,0.007488188,0.007702556,0.0073813465,0.0073972163,0.0075078723,0.0073949215,0.0073747304,0.0076068905
2018-03-05,0.006902423,0.0068556485,0.006916907,0.006938216,0.007081833,0.007122111,0.0068648127,0.007032436,0.007080984,0.0071393666,0.007177469,0.006941196,0.0069729653,0.0071701375,0.0068715033,0.0068625477,0.0069435653,0.0068586585,0.006840643,0.007092562
2018-03-06,0.0068736044,0.006876346,0.006860864,0.0069127795,0.007133004,0.0071309325,0.006987658,0.0070358333,0.007045698,0.007145059,0.007181641,0.006920707,0.0069223163,0.007170629,0.006841567,0.0069055525,0.006977406,0.0068569896,0.006840479,0.007058766
2018-03-07,0.006867927,0.006865349,0.0069266227,0.006938767,0.00709891,0.0071246442,0.0068742004,0.007014748,0.0070284274,0.007146981,0.0071841297,0.0069081155,0.0069369045,0.0071736095,0.0068399427,0.0068835733,0.0068709073,0.006857243,0.0068414924,0.0070796427
2018-03-08,0.0061136005,0.006111112,0.0062453267,0.0061549214,0.006357726,0.0063741026,0.0061446247,0.0062298295,0.0062815514,0.0063920435,0.006437939,0.0061829654,0.0062295315,0.006425154,0.0060944674,0.0061434624,0.006144729,0.006105822,0.0060957787,0.0063560423
2018-03-09,0.006860223,0.006856021,0.0068659005,0.006958973,0.007147264,0.007120621,0.006913733,0.0070005176,0.0070634005,0.00714561,0.007186052,0.006912884,0.006892067,0.0071751294,0.0068612066,0.0069080857,0.0068767485,0.0068595973,0.0068426547,0.0070670214
2018-03-12,0.0068940786,0.0068696556,0.006875601,0.007000026,0.0071419445,0.0071176407,0.006993827,0.0070365635,0.0070572165,0.0071494845,0.007181984,0.0068844524,0.006880474,0.007174563,0.0068412838,0.006866601,0.0068838564,0.0068559465,0.0068413285,0.007065606
2018-03-13,0.006877464,0.0068768975,0.0068714586,0.006977972,0.0071411845,0.0071230796,0.007051837,0.006983724,0.0070420024,0.0071484563,0.0071811196,0.006967705,0.006934401,0.0071731177,0.0068507907,0.00687502,0.00688329,0.006859463,0.00684337,0.0070801494
2018-03-14,0.0068817255,0.006870803,0.0068720845,0.0069884923,0.007143375,0.007121202,0.0068810848,0.0070119766,0.0070517627,0.0071499464,0.007180792,0.0069411364,0.00693832,0.0071727005,0.0068428186,0.0068844375,0.0068788794,0.0068594036,0.0068417755,0.0070799557
2018-03-15,0.0068965373,0.006891009,0.006983232,0.006951299,0.0070970175,0.0071274308,0.0068787453,0.006991696,0.006986406,0.0071495143,0.007183295,0.0069109914,0.006905925,0.0071693775,0.0068424162,0.007100832,0.0069462922,0.0068746177,0.006841433,0.007073891
2018-03-16,0.007827263,0.007825967,0.007861447,0.007895451,0.008081775,0.008071091,0.007810664,0.007993724,0.007958587,0.00809462,0.008131709,0.007868987,0.007870462,0.008116972,0.007792082,0.008068647,0.007859152,0.007807356,0.007792738,0.007994201
2018-03-19,0.006860372,0.006869879,0.0068693575,0.0069579002,0.0071326015,0.0071313498,0.0068660793,0.0070275334,0.0070015457,0.007148352,0.0071838615,0.0068716523,0.006966975,0.0071772155,0.006843534,0.007126343,0.0068619815,0.0068594483,0.0068407026,0.0070950356
2018-03-20,0.006887716,0.0068628606,0.0070182797,0.0069245365,0.0070797172,0.007126373,0.006871667,0.0070333895,0.0069777486,0.007147145,0.007183951,0.006948557,0.0069262204,0.0071716276,0.006841552,0.0071293083,0.0068921414,0.0068750945,0.006841433,0.007082027
2018-03-21,0.0034301695,0.0034342376,0.0035797176,0.0035053608,0.0036296812,0.0037108627,0.0034294394,0.003586602,0.0035484103,0.0036983457,0.003747162,0.003457975,0.0034560976,0.003742021,0.0034065214,0.0036991504,0.0034506884,0.0034338352,0.003411111,0.0036625979
2018-03-22,0.0071913716,0.0071954844,0.007261601,0.0072668907,0.007414442,0.007465225,0.007214871,0.007369083,0.0073147384,0.0073981998,0.0075081405,0.00726248,0.0072179404,0.0075007495,0.007169631,0.007435885,0.0072022793,0.0071884063,0.007168677,0.007419732
2018-03-23,0.007986467,0.007960182,0.008064162,0.008092772,0.008120071,0.008242395,0.007964205,0.008133914,0.008084428,0.008226987,0.008278068,0.008007284,0.007992696,0.008267563,0.007935505,0.008162346,0.0079757385,0.007957544,0.007935759,0.008186709
2018-03-26,0.008982327,0.008944314,0.0091283135,0.009068709,0.009111058,0.009235676,0.008975085,0.009139966,0.009044375,0.009231966,0.009277519,0.009041723,0.009027299,0.009269532,0.008936193,0.00921781,0.008976068,0.008956473,0.0089360885,0.009204339
2018-03-27,0.0074871895,0.0074309376,0.007662725,0.0075048027,0.007589501,0.0077059087,0.007440713,0.0075928834,0.0075765667,0.0077017215,0.0077464995,0.0075209704,0.0074750897,0.007736948,0.0074044284,0.00768992,0.007442039,0.007418957,0.007402685,0.0076686856
2018-03-28,0.007565674,0.0075526503,0.007691544,0.0076010344,0.0076291827,0.007824983,0.007579204,0.007686239,0.0076135364,0.007833373,0.007873099,0.0076136407,0.0076220897,0.007865008,0.0075317738,0.007820275,0.0076409546,0.007539746,0.0075295684,0.007825103
2018-03-29,0.008259188,0.008236226,0.008499112,0.008301642,0.008281093,0.008507084,0.008224394,0.008318495,0.008305084,0.00851747,0.008543309,0.008276369,0.008254569,0.008547541,0.008215632,0.008488219,0.0082499795,0.008225169,0.008228537,0.008495655
2018-04-02,0.006758448,0.006773543,0.0070053455,0.0068291244,0.0067752716,0.0070473817,0.0067752567,0.0068105874,0.006764349,0.0070512113,0.0070684073,0.0067986813,0.006827083,0.00708307,0.0067534563,0.0070350138,0.006773543,0.0067532924,0.006751102,0.0070555774
2018-04-03,0.006852281,0.006868359,0.007148501,0.0069763926,0.0069300947,0.0071529862,0.0068529663,0.006962937,0.0069188443,0.00714941,0.0071573523,0.0068803695,0.006909263,0.0071760085,0.0071063903,0.0071349707,0.006937918,0.00685316,0.006845948,0.0071328697
2018-04-04,0.006886509,0.0071237055,0.0071398136,0.0069500026,0.00695869,0.007143062,0.0068850187,0.006907564,0.0069051203,0.007137042,0.0071739373,0.0069712964,0.006906521,0.0071668294,0.0068821874,0.0071346727,0.0069172797,0.0068610427,0.006842938,0.0070968536
2018-04-05,0.006889459,0.0071287868,0.0071166423,0.006968018,0.0069512394,0.0071416614,0.006880265,0.0068883416,0.006918904,0.0071286527,0.0071613905,0.006949228,0.0068985936,0.007167619,0.0069498834,0.007134151,0.006934386,0.006859642,0.0068479893,0.007093039
2018-04-06,0.0068565425,0.007144597,0.0071490225,0.0069379923,0.006935638,0.0071352837,0.006840643,0.0068779704,0.0069480953,0.007131946,0.0071605262,0.0069264886,0.006893095,0.0071553853,0.0068410304,0.007122111,0.006948438,0.006847274,0.006835666,0.00709587
2018-04-09,0.0068715033,0.00715695,0.0071526137,0.00698052,0.0069783,0.0071450886,0.006863725,0.0069032875,0.006908786,0.007146713,0.007158753,0.0069193807,0.0069504348,0.0071666804,0.0068502096,0.0071348962,0.0068876115,0.006869,0.0068663475,0.00709812
2018-04-10,0.006862041,0.0071606752,0.0071620313,0.00694814,0.00691877,0.0071472493,0.0068467525,0.006878477,0.0069025126,0.0071467725,0.007157725,0.0069242534,0.00689086,0.007168975,0.0068428186,0.007135105,0.0069130627,0.006858748,0.0068948087,0.0071187285
2018-04-11,0.0068645147,0.007065114,0.0071437475,0.00690518,0.006927055,0.007143658,0.006853175,0.0068853614,0.0069254753,0.00714263,0.007156771,0.006922495,0.0069189784,0.0071757105,0.006890994,0.0071360436,0.0069497493,0.006854799,0.006895509,0.007134464
2018-04-12,0.006879267,0.007049453,0.007162076,0.0069216457,0.0069452045,0.0069050756,0.006842938,0.006892648,0.00697757,0.007133153,0.0071798977,0.006916028,0.0069070724,0.007175949,0.006846514,0.007135537,0.0069772718,0.006862026,0.006845352,0.007092994
2018-04-13,0.00397509,0.0041672555,0.004276794,0.004091662,0.0040692952,0.0040246067,0.0039567915,0.003987756,0.004109558,0.004259315,0.004289475,0.0040205386,0.004008752,0.004290384,0.003958371,0.004249793,0.004001927,0.003971514,0.004192498,0.004209962
2018-04-16,0.0071589467,0.0073377606,0.007454824,0.0072483835,0.0072740135,0.0072026816,0.007182863,0.0071780947,0.0072763977,0.0074550924,0.0074728397,0.0072285202,0.007196587,0.007473361,0.0071512577,0.0074381647,0.0072574136,0.007167217,0.0074487743,0.0074065593
2018-04-17,0.00686374,0.0070552346,0.0070680943,0.006899458,0.0070656654,0.0070498106,0.0070547727,0.0068760184,0.006912273,0.0071424213,0.007179093,0.006911632,0.00696544,0.0071697948,0.0068618474,0.007136014,0.0069679287,0.006858286,0.0068692383,0.007108685
2018-04-18,0.0036428687,0.0037923572,0.0038864878,0.0036603329,0.0037521836,0.003757399,0.0037378636,0.0036368337,0.0038628248,0.003918287,0.0039526043,0.0037670103,0.0036799577,0.0039517996,0.0036252257,0.0039089886,0.0036615846,0.0036259708,0.0036201444,0.0037765321
2018-04-19,0.008032139,0.008063313,0.008261647,0.008024689,0.008109059,0.008073907,0.008031841,0.007991936,0.008264925,0.008223381,0.008311596,0.008037206,0.008029725,0.008301657,0.007977661,0.008264046,0.008118477,0.007978808,0.007973086,0.00810739
2018-04-20,0.005681765,0.00574654,0.005951476,0.005707812,0.005742785,0.0059028235,0.0056541977,0.0057832417,0.005907547,0.005799201,0.005961564,0.0056661633,0.005658638,0.0059725908,0.0056413827,0.0059601483,0.005671051,0.0056495187,0.00564481,0.0056970534
2018-04-23,0.0068759588,0.007007864,0.007148188,0.006921422,0.0070136157,0.00713129,0.006872904,0.006873798,0.007127878,0.0071511087,0.0071685133,0.0068619964,0.006883603,0.0071731624,0.0068529365,0.007163402,0.006871995,0.006847602,0.0068488983,0.00710718
2018-04-24,0.006863978,0.007035908,0.007154998,0.0068925736,0.006982994,0.007126969,0.0068701175,0.0068710116,0.0070359674,0.007167336,0.007156011,0.0069221226,0.006911051,0.0071773645,0.0068467823,0.007166919,0.00686599,0.00685167,0.006857079,0.0070876596
2018-04-25,0.008071106,0.008176681,0.008367967,0.008121308,0.00815342,0.008335214,0.008047979,0.008075129,0.008315992,0.008372854,0.008361023,0.008098211,0.008098777,0.008374836,0.008045848,0.0083695315,0.008088004,0.008054938,0.008053374,0.00829817
2018-04-26,0.007321578,0.007348117,0.007516366,0.007251781,0.007391241,0.0075007346,0.007250142,0.007233646,0.007509571,0.007535529,0.0075283316,0.007238951,0.007274073,0.007541504,0.007214826,0.007546347,0.0072494266,0.007221502,0.007213634,0.007474166
2018-04-27,0.0069418517,0.0069909063,0.0071621207,0.006922346,0.007075113,0.0071339277,0.006851059,0.0068910983,0.007148337,0.007175502,0.0071002063,0.0069194105,0.0069869724,0.007168871,0.006842625,0.007179689,0.0069268313,0.0068566916,0.0068552014,0.0070656356
2018-04-30,0.0068915454,0.0069134203,0.0071594683,0.006891277,0.0070937243,0.007132825,0.006852713,0.0068892655,0.0071495143,0.007177111,0.007142317,0.006879669,0.006979775,0.007163879,0.0068481085,0.007171985,0.006895658,0.006850433,0.0068483767,0.0070238677
2018-05-01,0.0069046286,0.006972593,0.0071154353,0.006915909,0.0070775268,0.0071366397,0.0069927094,0.0068842736,0.007146519,0.007167768,0.007149976,0.006957051,0.006953549,0.0071606007,0.006859061,0.007174295,0.006926697,0.0068612513,0.0068476317,0.0070579615
2018-05-02,0.009008404,0.009126019,0.00927579,0.009023871,0.009198394,0.00925618,0.008980449,0.009002682,0.009135481,0.009236854,0.009270366,0.0090321265,0.009100523,0.009281632,0.008979108,0.009276029,0.009146195,0.008989494,0.008972954,0.009184536
2018-05-03,0.0071339128,0.007095453,0.0073958007,0.00720821,0.0073567,0.0073768017,0.0071046916,0.0071890918,0.0073582944,0.0073302058,0.007361692,0.007120025,0.007143509,0.0074131754,0.007085916,0.0074167517,0.007155117,0.0071071205,0.0070974794,0.007285711
2018-05-04,0.0069061783,0.0068466333,0.007158142,0.0070088324,0.007062238,0.0071491865,0.006859761,0.0069418666,0.0071201143,0.00708456,0.007112485,0.00690366,0.0069412556,0.0071663824,0.0068443385,0.0071728346,0.006905165,0.006876391,0.0068580327,0.00705443
2018-05-07,0.007635441,0.007624757,0.007860642,0.0076650796,0.007785913,0.0078870915,0.007735726,0.0076232967,0.007877927,0.0078112897,0.0078965835,0.007641506,0.007655379,0.007919427,0.007609856,0.007902216,0.007672679,0.0076073674,0.0075951335,0.007865395
2018-05-08,0.007033315,0.006886792,0.0071559814,0.0068752286,0.007064384,0.007138413,0.0068918583,0.0068868366,0.0070039,0.007104811,0.0070383963,0.0069275466,0.0069120047,0.007162389,0.0068484363,0.0071777967,0.0069833663,0.0068662283,0.0068625626,0.0070902375
2018-05-09,0.0077879843,0.007812645,0.007997464,0.0077577797,0.007948261,0.007987078,0.0076804426,0.0078050164,0.007919546,0.007884633,0.0078068194,0.0077184853,0.0077740964,0.007993471,0.007676449,0.008012246,0.0077264276,0.0076970574,0.007696685,0.007922556
2018-05-10,0.0073688147,0.0074238745,0.0074671027,0.007203948,0.0074101505,0.007433143,0.0071402458,0.007169139,0.0073392657,0.0073460606,0.0072340188,0.0071616736,0.007196289,0.0074428436,0.0071335104,0.0074688164,0.007287797,0.0071476367,0.007154834,0.0073641804
2018-05-11,0.007113528,0.0071461615,0.007158619,0.0069418815,0.0071155843,0.0071440306,0.0068902043,0.0068666306,0.007094961,0.0069928584,0.006927174,0.0068778065,0.0068954793,0.00715771,0.0068493453,0.0071800617,0.007002097,0.006854248,0.0068560657,0.007097241
2018-05-14,0.007114303,0.0071573225,0.007178378,0.006872144,0.007129949,0.0070649204,0.0070375768,0.0068889973,0.007071,0.007013288,0.006924462,0.0069153276,0.006900516,0.007152405,0.006869268,0.0070708063,0.007053506,0.0068544117,0.0068570045,0.0070899096
2018-05-15,0.0071050343,0.0071644005,0.007178974,0.006878313,0.0071209637,0.007124242,0.0071347174,0.0068868217,0.007076558,0.007007268,0.006928232,0.006899175,0.006905195,0.0071535376,0.006838974,0.0071633724,0.007058632,0.0068627116,0.0068585244,0.007089537
2018-05-16,0.0070873317,0.007155117,0.0071645495,0.006861594,0.0071368334,0.0071292934,0.0070618954,0.006872442,0.0070573655,0.0070358333,0.006912526,0.006892499,0.006894198,0.0071617034,0.0068650213,0.007151794,0.007130843,0.0068672416,0.0068628755,0.007101935
2018-05-17,0.008045446,0.008192282,0.008216288,0.007903051,0.00816315,0.008172017,0.008174058,0.007912036,0.008130055,0.008085083,0.007955875,0.00791752,0.007958394,0.008192968,0.007879343,0.0080841,0.0081105195,0.007896062,0.007899325,0.008143287
2018-05-18,0.0070751724,0.007076111,0.007171449,0.0068680164,0.007143971,0.0071308133,0.0071066287,0.006920528,0.0071091917,0.007048857,0.0069178757,0.0068872687,0.006912288,0.0071720895,0.0068554548,0.0070785997,0.007071745,0.0068663475,0.006858465,0.0070670214
2018-05-21,0.006984305,0.0070704636,0.0071645644,0.006871712,0.00712375,0.00713357,0.007135075,0.006924477,0.0070985374,0.007098895,0.0069461134,0.0068868813,0.0068927524,0.0071572927,0.006854054,0.0070722518,0.0070464727,0.0068631736,0.0068644253,0.0070383516
2018-05-22,0.0069887605,0.007072654,0.007175472,0.006868374,0.007151049,0.007143241,0.00685617,0.0069052544,0.0070929495,0.007125583,0.0069127646,0.006896299,0.006874886,0.0071705696,0.0068490026,0.0069165197,0.0070274738,0.006863978,0.006865051,0.007064533
2018-05-23,0.007927801,0.007906865,0.00806905,0.0077594933,0.008020204,0.008002978,0.008016165,0.007777911,0.007953476,0.007992636,0.007825356,0.007831063,0.0077884016,0.008060705,0.0077300784,0.007880162,0.007969078,0.0077621606,0.0077549783,0.007965516
2018-05-24,0.006620657,0.0065043834,0.0067090807,0.006426227,0.006704029,0.0066506234,0.0064098504,0.0064466563,0.00668053,0.0066026864,0.006451857,0.0064511714,0.0064458665,0.0067086336,0.0063905832,0.006583434,0.0065978286,0.006423008,0.0064078984,0.0065868315
2018-05-25,0.007036921,0.007114601,0.0071791974,0.0069325683,0.007144612,0.006916758,0.0073132184,0.006874737,0.006900173,0.007086974,0.0069265184,0.0068893996,0.0068784324,0.007177439,0.0068407175,0.006926414,0.007051107,0.006865081,0.006843653,0.007074621
2018-05-29,0.006567445,0.0067108837,0.0067515788,0.0064941165,0.0067207185,0.006505352,0.006738868,0.006466311,0.006464776,0.0066938517,0.006499138,0.006473702,0.00647622,0.0067530093,0.0064261076,0.00656448,0.0066739437,0.0064381626,0.0064389226,0.0066668955
2018-05-30,0.0070676324,0.0071559665,0.007179093,0.0069316146,0.007132691,0.00687201,0.007152003,0.006898534,0.006872591,0.0070724604,0.0069246707,0.006922823,0.0068850187,0.00717577,0.0068392125,0.0069051203,0.007080477,0.0068695513,0.0068589267,0.0070772585
2018-05-31,0.0070389924,0.007159379,0.0071794507,0.0069095013,0.0071330187,0.006868106,0.007153642,0.0069290665,0.006886628,0.0070811925,0.0069177267,0.0069298563,0.006891903,0.007177737,0.00683881,0.0069689867,0.007085961,0.0068619517,0.006863084,0.0070644584
2018-06-01,0.006909382,0.0071630892,0.0071797487,0.0069100675,0.007160228,0.006884825,0.0068827835,0.006987807,0.0068759588,0.0070821014,0.0069372025,0.006968495,0.006889966,0.0071654436,0.0068417606,0.0069913683,0.0070507047,0.006856632,0.006814253,0.0070507643
2018-06-04,0.0068841097,0.007170033,0.0071860817,0.006929156,0.0071411547,0.006894779,0.0068651107,0.0070273546,0.0068889675,0.007138979,0.006934237,0.006925043,0.006930378,0.007171255,0.006849688,0.0070472327,0.007066515,0.006858763,0.0068078456,0.0070424792
2018-06-05,0.0068609235,0.0071659503,0.0071797785,0.006891426,0.007135403,0.0069427905,0.0068941233,0.0069791493,0.006858122,0.0071250913,0.0068992046,0.0069117364,0.0068990407,0.0071733114,0.006842178,0.0070012924,0.0070856926,0.006865945,0.0067893085,0.007077512
2018-06-06,0.0070465025,0.007154998,0.007178974,0.006951463,0.0071348366,0.0069102165,0.006862801,0.0068811444,0.0068754223,0.007087019,0.0069109467,0.0069196043,0.0069670347,0.0071737436,0.00684261,0.007127818,0.007004511,0.0068681506,0.0068503288,0.0070735333
2018-06-07,0.007038113,0.007145327,0.0071797934,0.0069076386,0.007161733,0.0068940935,0.006858271,0.0068851826,0.0068725017,0.0071063903,0.006903511,0.0068806824,0.006915551,0.007174742,0.0068420735,0.0069976863,0.007097852,0.006867361,0.006858852,0.007073578
2018-06-08,0.0070245382,0.0071428535,0.0071796444,0.006931391,0.0071465042,0.0068918583,0.0069977907,0.0068886993,0.006872129,0.0071208146,0.006908458,0.0069113043,0.0069109467,0.0071663675,0.0068417606,0.0070784804,0.007051405,0.006862235,0.006863725,0.007075113
2018-06-11,0.0070317355,0.0071298596,0.007179525,0.006897491,0.0071490225,0.006911945,0.0073220995,0.0068767783,0.0068798927,0.0071310666,0.0069214967,0.006902334,0.006909263,0.0071648774,0.006848302,0.0070760814,0.0070383367,0.006871384,0.0068617878,0.00706048
2018-06-12,0.0070570675,0.007148322,0.0071758297,0.0069104997,0.0071370867,0.0068993983,0.0071505276,0.006902736,0.0068921563,0.007051077,0.00692853,0.006922495,0.006909218,0.007156667,0.0068466184,0.0071282205,0.007068318,0.0068630693,0.006861028,0.0070764837
2018-06-13,0.006464791,0.006628406,0.0066500274,0.0064498005,0.0066117314,0.006375697,0.0066164103,0.0063854125,0.0063451943,0.006539133,0.0063951877,0.0063961116,0.006380093,0.0066372273,0.0063122627,0.0064835367,0.0064754304,0.0063342717,0.0063334224,0.006520849
2018-06-14,0.01082648,0.010971796,0.010991063,0.010711025,0.010955151,0.010716569,0.01096059,0.010705572,0.01069228,0.010866579,0.010722976,0.010712635,0.0107181035,0.010989677,0.010663953,0.010863926,0.010826763,0.010684084,0.0106786005,0.01086406
2018-06-15,0.008319821,0.008400213,0.008418005,0.008165281,0.008382674,0.008145925,0.008132707,0.0081275515,0.008116972,0.00828087,0.008151304,0.008121159,0.008142721,0.008407723,0.008088928,0.008336779,0.008236166,0.008111592,0.008097764,0.008335765
2018-06-18,0.008186664,0.008304682,0.008318972,0.008127447,0.0082795285,0.0080288015,0.00827558,0.008045699,0.008012366,0.008199703,0.008076098,0.0080453865,0.008036729,0.008315098,0.007989656,0.008178499,0.008089181,0.008015003,0.008005511,0.0082528405
2018-06-19,0.0070956764,0.007164296,0.0069860932,0.0069311527,0.007139575,0.0069055227,0.0071445373,0.006880012,0.0068578986,0.007031035,0.0069073853,0.006886658,0.0068915454,0.0071737585,0.0068543074,0.0071250615,0.007017341,0.0068677035,0.006863561,0.007067722
2018-06-20,0.007045549,0.0071690944,0.007106107,0.006865215,0.007137936,0.006898057,0.007159692,0.0070106057,0.006873038,0.007039499,0.006894049,0.006887373,0.006897774,0.007174757,0.0068585393,0.0070286063,0.0069973287,0.0068818,0.0068675545,0.007071909
2018-06-21,0.007047009,0.0071752784,0.0071272817,0.0068560955,0.007136014,0.006899264,0.007162657,0.007002887,0.0068610725,0.0070864377,0.006905299,0.00687803,0.006911647,0.0071666953,0.0068574664,0.0069993404,0.006990966,0.006876063,0.0068746177,0.0070820865
2018-06-22,0.007556882,0.0076144007,0.007539567,0.0072892425,0.0076056835,0.0073401,0.007341486,0.0074252603,0.0073043373,0.007360157,0.007321265,0.0073145297,0.0073232767,0.007597905,0.007296216,0.007470351,0.0074402657,0.0072967676,0.0072830287,0.0075355736
2018-06-25,0.007039931,0.007181701,0.0070689735,0.0068656025,0.007150915,0.006880742,0.0071511534,0.0070462045,0.006872636,0.0070959893,0.006914836,0.006884646,0.0069257286,0.007164609,0.0068652597,0.0070700017,0.0070145694,0.006875795,0.00685468,0.007081118
2018-06-26,0.0071327207,0.007135835,0.0070885536,0.006861013,0.007150021,0.0069068936,0.007164207,0.0070214835,0.0068752286,0.0070746806,0.0068999347,0.0068785367,0.006912243,0.0071713147,0.006866869,0.0070538935,0.006995332,0.0068637994,0.006870982,0.0070728627
2018-06-27,0.0070335236,0.0071670976,0.0071502146,0.006956291,0.0070522693,0.006888297,0.006853175,0.006990936,0.0068683443,0.006884184,0.0068923947,0.0068964926,0.0068943915,0.007185262,0.0068496135,0.006891754,0.0070217666,0.006860536,0.0068536964,0.0070576635
2018-06-28,0.0070702997,0.007164609,0.0069506434,0.00702427,0.0070099947,0.006884393,0.0068861363,0.0068832156,0.0068715927,0.006985542,0.00687955,0.0069631604,0.006939989,0.0071758595,0.0068498966,0.0069623855,0.0069768843,0.006864038,0.0068580178,0.007065159
2018-06-29,0.00093538733,0.0009984192,0.00079041393,0.0007683751,0.0009206054,0.00074165734,0.0007398245,0.0008286652,0.0007234928,0.00089865597,0.000739601,0.00075092586,0.00076122256,0.0010347483,0.00070827873,0.0008542356,0.00087769004,0.0007184562,0.0007090387,0.00094212266
2018-07-02,0.010012712,0.009816479,0.009989705,0.009795915,0.009940948,0.009805705,0.009794947,0.009896468,0.009782951,0.009967398,0.009804245,0.009791177,0.009825122,0.010081124,0.009780597,0.009919044,0.009942871,0.009772699,0.009765904,0.009966891
2018-07-03,0.0070862737,0.006901544,0.0071299043,0.006883901,0.007078078,0.006899011,0.0068812934,0.007001486,0.0068720994,0.007029277,0.006906834,0.00695419,0.0068921265,0.0071710614,0.006810945,0.0068639484,0.007080686,0.006866288,0.0068653193,0.0070674685
2018-07-05,0.0042558876,0.004224938,0.004069474,0.0039813486,0.004080337,0.0039972034,0.003995296,0.0039839265,0.003973302,0.0041629043,0.003990915,0.0041028974,0.004000407,0.004297104,0.003978413,0.003974941,0.0042356965,0.003971305,0.003968802,0.0041999486
2018-07-06,0.0071452227,0.0070977774,0.006965157,0.0068746475,0.006923985,0.0069239405,0.0068616983,0.0069987443,0.006868225,0.0070428667,0.006891128,0.0068835733,0.006924477,0.0071820137,0.0068494794,0.006982368,0.0070677665,0.0068859127,0.006858703,0.0070510623
2018-07-09,0.007132527,0.0071661887,0.0069823232,0.0068633226,0.007110056,0.0068722633,0.0069909063,0.0069824574,0.0068491963,0.007022795,0.0068906364,0.006890547,0.006967735,0.007180434,0.0069232103,0.0068732766,0.0070818183,0.0068697897,0.006856781,0.0070442674
2018-07-10,0.0071327803,0.007146251,0.0069771525,0.0068616685,0.0069332984,0.006871533,0.0068915454,0.0070118723,0.006848615,0.007111546,0.0068993983,0.007052597,0.0069530723,0.0071674404,0.006951582,0.0068882224,0.0070376215,0.006855127,0.006853935,0.007035401
2018-07-11,0.0089216195,0.009067055,0.008938741,0.008796375,0.008856069,0.008795541,0.008832406,0.0089142285,0.008771803,0.009040605,0.00881381,0.008974921,0.008869763,0.009090241,0.008890267,0.008916225,0.0089703165,0.008789312,0.0087741725,0.0089668
2018-07-12,0.0070594368,0.0071486053,0.0069839326,0.006889787,0.0071151373,0.0068611023,0.006885883,0.007010069,0.0068462756,0.0071314094,0.0069213775,0.0070548025,0.0069346544,0.0071732965,0.0068690446,0.006917414,0.0070427028,0.006874737,0.0068545607,0.007036519
2018-07-13,0.0071262536,0.007148918,0.0069541153,0.0069081453,0.006950226,0.0068850634,0.0068521467,0.0070044515,0.007100132,0.0071366546,0.006904986,0.0069428203,0.0069366214,0.007166323,0.006847885,0.0070213494,0.0070274887,0.006858554,0.0068498817,0.007045236
2018-07-16,0.007068467,0.0071493504,0.006938797,0.0069108275,0.007029098,0.0068658856,0.0068785963,0.007007968,0.0071220663,0.007142749,0.0069089797,0.0068975505,0.0069091287,0.007164475,0.0068629053,0.0070721027,0.007058796,0.0068841544,0.006854218,0.007046011
2018-07-17,0.0070730564,0.007149529,0.006900814,0.006894898,0.0071197716,0.0068708626,0.006878805,0.00696249,0.0068766144,0.0071430323,0.006897044,0.0069299606,0.0070391563,0.0071701673,0.006846797,0.007051837,0.0070599285,0.006876853,0.0068569,0.00705069
2018-07-18,0.007083189,0.0071493355,0.0069182334,0.0068922904,0.007134315,0.0068637696,0.006865081,0.0069815335,0.006855589,0.0071689454,0.0068812636,0.0069417027,0.0070385453,0.007174414,0.006939721,0.006901872,0.0070501682,0.006880712,0.0068517593,0.0069910106
2018-07-19,0.008698788,0.0088035725,0.008563455,0.00852498,0.008794706,0.0085095875,0.008549761,0.008593481,0.008506294,0.008801188,0.008533921,0.008677777,0.008636814,0.00883707,0.008533668,0.008618515,0.008760523,0.008519154,0.008507516,0.008633148
2018-07-20,0.007736337,0.007873889,0.007651326,0.0075883535,0.007869821,0.0075805453,0.0076079187,0.007704955,0.0075757024,0.0078718625,0.0076062945,0.0075999764,0.007752177,0.007903319,0.0077059385,0.007606637,0.007782441,0.0076200482,0.007613626,0.0076225367
2018-07-23,0.007040885,0.007148233,0.006913882,0.0068573323,0.0071459976,0.0068577793,0.007019919,0.00699715,0.006847274,0.007056844,0.0068830517,0.006867212,0.0070287404,0.0071847555,0.006866437,0.007034492,0.007010531,0.0068721143,0.00685617,0.007078421
2018-07-24,0.0077339676,0.007875066,0.0076647815,0.007597756,0.007872324,0.007579979,0.007609364,0.0076840934,0.0075832126,0.007762578,0.007632908,0.0077635613,0.007766452,0.007908519,0.007565197,0.0076836166,0.0077463654,0.0075969216,0.007582229,0.0077022132
2018-07-25,0.006615561,0.006705236,0.0066297916,0.006450352,0.0065678325,0.0064182696,0.0064981994,0.006502342,0.006407839,0.0066678342,0.006463122,0.006446403,0.0066270647,0.006723654,0.0063367602,0.006418493,0.006514412,0.0064308015,0.006419298,0.0065393564
2018-07-26,0.007007983,0.007150155,0.006935906,0.0068816957,0.007059407,0.006857407,0.0068818894,0.0069597927,0.0068466333,0.007122588,0.0068880883,0.0068652746,0.0070436564,0.0071782586,0.0068088886,0.0069142547,0.007035878,0.006863248,0.006859061,0.006985512
2018-07-27,0.0071113077,0.0071553257,0.0069005457,0.006860834,0.006997716,0.0068584797,0.006854963,0.0069453833,0.006845471,0.0070865867,0.0069056866,0.006863844,0.006939661,0.007181239,0.0068319705,0.006889936,0.0070323464,0.0068734405,0.0068618325,0.007090789
2018-07-30,0.007110354,0.007151958,0.006940883,0.006860864,0.0070142713,0.0068566618,0.0068785516,0.0068731722,0.0070133326,0.007054892,0.0069050756,0.00686748,0.0069479463,0.0071814326,0.006770965,0.0068605063,0.007095274,0.0068630246,0.006862831,0.007045206
2018-07-31,0.0070579317,0.007139009,0.00695793,0.0069236723,0.0069734273,0.0068944213,0.006882277,0.0068975207,0.00701822,0.0070584384,0.0069518653,0.0069129136,0.006907251,0.007168424,0.0068659303,0.0068883267,0.007011336,0.0068767485,0.006867361,0.0069414494
2018-08-01,0.010112744,0.010138687,0.009956118,0.009998646,0.010068726,0.009940024,0.009939294,0.00995734,0.010051619,0.010147031,0.010048803,0.009956505,0.009982552,0.010213073,0.010077681,0.009928133,0.010069054,0.009939488,0.009920862,0.010039162
2018-08-02,0.00710642,0.0071143624,0.0069042263,0.0069025573,0.007038426,0.0068697897,0.0068686274,0.0069460836,0.0070375917,0.007067513,0.0069732633,0.00690141,0.006889638,0.0071707335,0.0067960736,0.0068833646,0.007056352,0.0069010076,0.006862935,0.006910783
2018-08-03,0.0070909825,0.007100579,0.0070316163,0.0068883565,0.007039082,0.0068769422,0.0068583903,0.0069836346,0.007034686,0.0070718345,0.0069311825,0.006884393,0.006902021,0.007165533,0.006859806,0.0068636504,0.007107016,0.0068759737,0.0068645445,0.006919917
2018-08-06,0.008570936,0.008398246,0.008400824,0.008470397,0.008514356,0.008357655,0.008348446,0.008383986,0.008493897,0.008402359,0.008395221,0.008502271,0.008353557,0.008622389,0.008331429,0.008478191,0.00845423,0.008357044,0.008334111,0.008387189
2018-08-07,0.0070982096,0.0069015888,0.0069086817,0.006941226,0.0070563373,0.0068929014,0.006870952,0.0069471416,0.0069909957,0.0068755564,0.0069087264,0.006922182,0.0068819043,0.007167768,0.006855857,0.007052344,0.0070264903,0.0068732616,0.006866094,0.006998506
2018-08-08,0.0071390537,0.0069159237,0.0068813977,0.006934699,0.0070475307,0.006852281,0.00686748,0.006906849,0.007012185,0.0068595973,0.0069162366,0.0069674817,0.0068739173,0.007165369,0.007095736,0.006876108,0.007052016,0.006865841,0.006860268,0.0068894443
2018-08-09,0.0071524796,0.006898534,0.0068760035,0.006913733,0.007018578,0.006865528,0.0068538454,0.006905746,0.0070311395,0.006875452,0.0069449213,0.007034239,0.0068713543,0.0071437773,0.006860968,0.0069227186,0.006937769,0.0068695513,0.0068516103,0.006889772
2018-08-10,0.007156324,0.0069050607,0.0068594036,0.006905299,0.0069924113,0.0068663773,0.0068612066,0.0068750647,0.006987628,0.006882858,0.006950375,0.006906655,0.0068746028,0.0071642813,0.006994587,0.0070067164,0.0070426282,0.0068759588,0.0068563935,0.0070386496
2018-08-13,0.0071613905,0.006924015,0.0069014546,0.006974396,0.006992292,0.006874111,0.0068530557,0.0068636355,0.0070188907,0.00687952,0.0069049564,0.0068853614,0.0068885204,0.0071672467,0.0068972227,0.0070424345,0.0070535806,0.00686146,0.006855589,0.0070299325
2018-08-14,0.0071583656,0.0069011417,0.006907758,0.006861147,0.0069914726,0.006901395,0.006855842,0.006985244,0.007003781,0.007116985,0.0068899957,0.0068702367,0.0068871346,0.007160258,0.006839406,0.0069400487,0.0070552346,0.0068704006,0.006849971,0.006907415
2018-08-15,0.007148814,0.0070199487,0.0068758545,0.006868866,0.007000875,0.006875482,0.0068628606,0.00696395,0.0069960174,0.007150751,0.006890681,0.006881502,0.0068913964,0.0071564433,0.006859657,0.00690369,0.0070422706,0.006873664,0.0068523553,0.0069094417
2018-08-16,0.0071377126,0.007041779,0.0069057313,0.006864798,0.006995749,0.0068268892,0.006861579,0.0069898632,0.0069825617,0.0069204685,0.0068974462,0.006875914,0.0068975356,0.0071667996,0.006877613,0.0069020507,0.0070953188,0.00686672,0.0068591502,0.0070440588
2018-08-17,0.007131648,0.007007998,0.0069037047,0.0068583456,0.0070127514,0.006839451,0.0068603125,0.006943044,0.006954324,0.0069104997,0.0069002775,0.006901216,0.0069321212,0.00715917,0.0068647084,0.0069141057,0.0070896265,0.0068707136,0.0068612364,0.0070507047
2018-08-20,0.007153642,0.00704689,0.0068862108,0.006863129,0.00698283,0.0068678376,0.0068544713,0.006982666,0.0069447723,0.0068966565,0.0068760035,0.006880131,0.0068709967,0.0071672914,0.0068684635,0.007092711,0.0070659188,0.0068725464,0.0068582264,0.007066008
2018-08-21,0.007084411,0.007145044,0.0068734256,0.006864798,0.006968361,0.0068459925,0.0068687615,0.0069946167,0.0069759605,0.0070020226,0.006884095,0.0068801013,0.0069049266,0.0071569798,0.0068446663,0.007135567,0.0070950505,0.0068804887,0.0068619666,0.007067528
2018-08-22,0.0068091718,0.00681549,0.0065221754,0.0065253642,0.0066719768,0.006475341,0.006507334,0.006625172,0.006606486,0.0068018255,0.0065589664,0.0065375236,0.0065460172,0.0068122116,0.0064980355,0.0068061915,0.006749314,0.0065186885,0.006508511,0.0066011217
2018-08-23,0.008551221,0.008584034,0.008299958,0.008286547,0.008289289,0.008222859,0.008275371,0.008406054,0.008364197,0.008562963,0.008308034,0.008283105,0.008301895,0.008575212,0.008257594,0.008575778,0.008439656,0.008290898,0.008271184,0.008478861
2018-08-24,0.007340249,0.0073717353,0.0070947227,0.0070718345,0.007080224,0.0070350138,0.0070645777,0.007147905,0.007117313,0.007339385,0.007118043,0.0071624783,0.0071094898,0.007357743,0.007049423,0.0073721823,0.007257533,0.0070989546,0.007063341,0.0072719273
2018-08-27,0.008707937,0.00873163,0.008445736,0.008420151,0.008577,0.00840525,0.008413773,0.008531522,0.008490931,0.008705091,0.008485716,0.008463543,0.00851671,0.008717399,0.008402135,0.0087265335,0.008492287,0.00845794,0.008421164,0.008584302
2018-08-28,0.007159334,0.0071755615,0.006876078,0.0068594334,0.006887045,0.006829661,0.006851834,0.0069292453,0.0069402573,0.007154074,0.00692327,0.006883767,0.006891784,0.0071635065,0.006842774,0.0071651754,0.007044312,0.006871831,0.006852698,0.007060629
2018-08-29,0.00715467,0.0069342223,0.0069512245,0.0068591204,0.0070420173,0.006802779,0.006851491,0.0069168475,0.0069729057,0.0071243164,0.006873023,0.0068606553,0.006865975,0.00717881,0.0068546203,0.0071543423,0.0068987724,0.006854799,0.006856006,0.0070448187
2018-08-30,0.0071630296,0.007127118,0.006855127,0.006860551,0.007007983,0.0068346825,0.0068525043,0.006894645,0.0069634137,0.0071426597,0.0068598655,0.0068564233,0.006885898,0.007172954,0.006850448,0.0071642664,0.006958809,0.0068500307,0.006849688,0.007057723
2018-08-31,0.007800993,0.0077762273,0.007590097,0.0074938503,0.0076703248,0.007480335,0.0074871746,0.0075357226,0.0075670597,0.0077199456,0.007511523,0.007509541,0.007534441,0.007812824,0.0074859676,0.0078035262,0.0075249937,0.0074879196,0.0074932245,0.0076888916
2018-09-04,0.007152852,0.0071723578,0.0068856147,0.006857228,0.0070127663,0.0068443385,0.0068594185,0.006906551,0.0069146273,0.0071090576,0.0068689105,0.006867644,0.0068824855,0.0071777967,0.0068474677,0.0071624336,0.006925341,0.006859016,0.006859031,0.0070661274
2018-09-05,0.007148531,0.0071021733,0.006861326,0.007088971,0.0070137796,0.006859955,0.006855261,0.006913629,0.0069153574,0.0071592745,0.006876242,0.0068659005,0.0068978933,0.007163611,0.0068538007,0.007161465,0.007016462,0.006860238,0.006854546,0.0070480076
2018-09-06,0.007126656,0.0071449396,0.0068507013,0.0069836047,0.0069967923,0.006855097,0.0068635014,0.006897953,0.0069188145,0.0071587977,0.0068823514,0.0068994877,0.00688028,0.0071606007,0.006873828,0.007146683,0.0070288894,0.0068616834,0.00685769,0.0070379344
2018-09-07,0.008008625,0.007930364,0.007699993,0.007868689,0.00786845,0.0077073392,0.0077042994,0.007756364,0.007758212,0.007994201,0.0077255634,0.007718366,0.007736203,0.008018788,0.007710558,0.00800119,0.0077615795,0.0077090827,0.007704821,0.00787824
2018-09-10,0.0086941235,0.0086261,0.008408632,0.008421253,0.008566719,0.008420762,0.008422669,0.008532714,0.008468565,0.0086894,0.008425113,0.0084172,0.008624356,0.0087292455,0.008417811,0.008712541,0.008438241,0.008431833,0.008425336,0.008585136
2018-09-11,0.00703935,0.00708082,0.0068606106,0.00685994,0.006985706,0.0068694022,0.0068950322,0.006944504,0.006932777,0.007151183,0.0068760035,0.006878,0.0070418534,0.0071671125,0.0068948534,0.0071205464,0.0068837223,0.0068805334,0.006859344,0.007031691
2018-09-12,0.0069613573,0.00696924,0.006727111,0.006724265,0.0068556634,0.0067431447,0.006763768,0.006794375,0.006764349,0.0069985655,0.006741565,0.006740224,0.0069159684,0.0070420024,0.006739017,0.0070104566,0.006751996,0.0067336974,0.0067335335,0.0069181737
2018-09-13,0.006689396,0.006815475,0.0065653143,0.006551933,0.0067450968,0.006560516,0.0065501896,0.0065717367,0.0065877554,0.0068251756,0.0065740314,0.0067000953,0.006574583,0.0068714884,0.0065618274,0.006826457,0.00656819,0.00655165,0.006553587,0.006730732
2018-09-14,0.0071062115,0.007083651,0.006866407,0.0069661406,0.0069988486,0.0068705943,0.00686371,0.006864589,0.0069090542,0.0070893434,0.006883037,0.0068694022,0.00692403,0.0071758446,0.0070032743,0.007152599,0.006884229,0.0068562147,0.006864902,0.0070908484
2018-09-17,0.007117581,0.0071339575,0.00690366,0.0069970605,0.0070044813,0.0068615195,0.0068615046,0.006888744,0.0069476035,0.0070637283,0.0069085327,0.006869566,0.007029694,0.007180181,0.0069471267,0.0069319126,0.006880623,0.006843236,0.006897789,0.006941032
2018-09-18,0.007151034,0.0070148376,0.006915596,0.00697073,0.007005137,0.0068666306,0.006856915,0.0069015143,0.0069474992,0.0069931415,0.0069020954,0.0068803844,0.0070372936,0.0071719703,0.0068716076,0.0071216193,0.006893691,0.0068571535,0.006856319,0.006936696
2018-09-19,0.0071488586,0.00696547,0.006878507,0.0069467095,0.0070193973,0.0068686423,0.0068613407,0.0068715927,0.0069321063,0.0070581106,0.0068851826,0.0068761674,0.006867599,0.007177424,0.0068982956,0.0070964065,0.0070844856,0.0068733213,0.0068611917,0.006907907
2018-09-20,0.007141438,0.006889191,0.0068591204,0.006955948,0.0069939313,0.006870058,0.0068609533,0.0068721888,0.006972101,0.007054877,0.0069054184,0.0070561883,0.0068819937,0.0071665165,0.0069699106,0.007081729,0.0071188626,0.006868985,0.0068583456,0.0069521186
2018-09-21,0.007154953,0.006928828,0.0068586883,0.006964859,0.006994587,0.006866884,0.0068666455,0.0068729934,0.00689463,0.0070473966,0.006903988,0.0070970473,0.0068820235,0.007164341,0.0069057313,0.0070335683,0.00710642,0.006883454,0.006857407,0.0069263694
2018-09-24,0.006540489,0.0063548503,0.006245759,0.0063799885,0.0063822684,0.006266054,0.0062427935,0.006398332,0.0063223806,0.0064265844,0.006325614,0.006274086,0.0062915203,0.0065431115,0.0062309024,0.006502059,0.0064363745,0.0062455204,0.006246221,0.0063882885
2018-09-25,0.007146534,0.0069670198,0.006871429,0.0069195,0.006987196,0.006872576,0.0068563786,0.0069658575,0.0069972393,0.007097375,0.0068879244,0.0068630544,0.0068841395,0.0071634916,0.0068439064,0.0071247783,0.006904748,0.0068496284,0.0068598953,0.0070485887
2018-09-26,0.009041142,0.008867379,0.008792352,0.008811306,0.008906212,0.00880393,0.008792307,0.008924451,0.008883145,0.009021398,0.008820739,0.0089564435,0.008813392,0.009091582,0.008782309,0.008825015,0.008864891,0.008782875,0.008785617,0.008841123
2018-09-27,0.00712229,0.0068916795,0.006864634,0.006880295,0.0069243875,0.006894451,0.006865066,0.0068913517,0.0069194552,0.007129949,0.0069162366,0.0070800004,0.00689308,0.007158619,0.0068606553,0.00689083,0.0071187434,0.0068362323,0.006856319,0.0069596437
2018-09-28,0.0070674536,0.0069483486,0.0068595824,0.0068855253,0.0069236127,0.006884527,0.006824088,0.006951299,0.006917384,0.007136774,0.0068919626,0.0070873466,0.0068981764,0.0071612713,0.0068434444,0.006880578,0.0069489,0.0068478105,0.0068609086,0.0069332537
2018-10-01,0.007891621,0.007800516,0.0076287207,0.007742044,0.007774141,0.0076410887,0.007575896,0.007726338,0.007733774,0.007860091,0.0076551107,0.007815506,0.007639256,0.007944148,0.007632148,0.007646945,0.007662278,0.0076358435,0.0076326695,0.0077136722
2018-10-02,0.00705592,0.0069367406,0.006856498,0.00692552,0.0069939313,0.0068870005,0.006861892,0.006989133,0.006973636,0.007126507,0.006901127,0.007059675,0.0068717566,0.0071715084,0.0068494347,0.006863859,0.0069874045,0.006861594,0.006867659,0.007074487
2018-10-03,0.0070670065,0.006997433,0.0069190827,0.0069777486,0.0070465324,0.006891605,0.0068654832,0.006958407,0.0068837223,0.0070980308,0.0069000837,0.007090923,0.0068917987,0.0071648774,0.006861296,0.0068666157,0.0068914113,0.006871682,0.0068670926,0.0069397804
2018-10-04,0.0070852605,0.0069330004,0.006891575,0.0069944677,0.007014778,0.00688636,0.0068616685,0.006951135,0.006907713,0.007052433,0.00689913,0.007100564,0.006883782,0.007147622,0.006864291,0.0068682698,0.0069306907,0.0068675396,0.006867003,0.00695042
2018-10-05,0.006679144,0.006534007,0.0064877835,0.0066150245,0.0066148457,0.0064894077,0.0064640013,0.0065782336,0.006593269,0.006522056,0.006479707,0.006654334,0.0064574596,0.006770265,0.0064571616,0.006459695,0.0064784107,0.00646491,0.006463733,0.0066662547
2018-10-08,0.005864945,0.005739626,0.005645972,0.0057236073,0.0057569114,0.0056483564,0.0056260196,0.0057594744,0.0057872203,0.005664256,0.005648133,0.0058075157,0.0056291935,0.0059356955,0.0056311754,0.0056343046,0.005815622,0.0056299237,0.0056302664,0.0056659547
2018-10-09,0.0070582447,0.006950718,0.0069396463,0.0070059863,0.006993216,0.006899756,0.006866586,0.0069370684,0.007035431,0.006922987,0.006876063,0.0070225117,0.006861594,0.0071698395,0.0068640676,0.0068654087,0.00702126,0.0068693724,0.006896433,0.0069182036
2018-10-10,0.007069629,0.0069232252,0.006889072,0.0069632945,0.007027712,0.006892484,0.006789562,0.0069690314,0.0069901017,0.006923434,0.0068999496,0.0070298878,0.0068618623,0.0071725217,0.006856647,0.0068667647,0.007079285,0.0068734405,0.0068645296,0.0069499877
2018-10-11,0.0070563075,0.0070029316,0.006880876,0.0069638607,0.0069524464,0.006912526,0.006894794,0.0069973436,0.007058915,0.006927055,0.0069071767,0.0070118126,0.0068716225,0.0071778116,0.006860566,0.006864008,0.0068907705,0.0068473485,0.0068664816,0.0070378003
2018-10-12,0.00870366,0.008601319,0.008602824,0.008525606,0.008580949,0.008486744,0.008461129,0.008594226,0.00862604,0.0085379,0.008528542,0.008606788,0.008474778,0.00877462,0.008467656,0.008467149,0.008482885,0.0084643625,0.008467566,0.008659866
2018-10-15,0.0042985645,0.0042926786,0.0042646495,0.004168954,0.004229468,0.004154992,0.0041316566,0.0042393175,0.004224297,0.0041693565,0.0041883853,0.0043089655,0.00411756,0.004420322,0.004103538,0.0041126725,0.0041294363,0.0041151163,0.0041171876,0.004331064
2018-10-16,0.0070103523,0.0070101437,0.0070757535,0.006888595,0.0069823083,0.006892484,0.0068295863,0.006969687,0.006984007,0.006974977,0.0070433733,0.0070529846,0.0068657366,0.007167485,0.006857377,0.006866109,0.0069025573,0.0068602976,0.006862622,0.007068124
2018-10-17,0.007090491,0.0070821163,0.0071132,0.0068628755,0.006979954,0.006871131,0.006824818,0.0069524315,0.0069180247,0.0068969694,0.006914806,0.0070329723,0.0068612215,0.007172015,0.006862354,0.0070860204,0.006922778,0.006861892,0.0068656174,0.0070792404
2018-10-18,0.0070843515,0.007068139,0.007147264,0.006885421,0.0070269373,0.006881323,0.0068811444,0.0069759903,0.00694586,0.006919783,0.0069655,0.0070510027,0.006861013,0.0071707335,0.006839749,0.006911528,0.0069361147,0.006866735,0.0068550673,0.007058185
2018-10-19,0.0074198213,0.0073587415,0.0075015244,0.0072776643,0.0073489216,0.0072346297,0.007193756,0.0072896597,0.007265013,0.0072648344,0.007384163,0.007417467,0.007221919,0.0075165895,0.007140931,0.0072141853,0.0072720614,0.0072147218,0.0072031883,0.007423025
2018-10-22,0.009174313,0.009013813,0.009262171,0.008998092,0.009077158,0.008995455,0.008988034,0.009052437,0.009047549,0.009033155,0.009007808,0.009163808,0.008965295,0.009281408,0.008912768,0.009015169,0.008986201,0.0089715235,0.008960094,0.009221148
2018-10-23,0.007066917,0.006950405,0.007154357,0.0068859425,0.0069632796,0.0069099334,0.006871831,0.0069691804,0.0070071635,0.006932926,0.0068854955,0.007036653,0.0068962243,0.007176977,0.006789815,0.006881219,0.006966051,0.0070970324,0.0068604317,0.007114601
2018-10-24,0.0070638326,0.0069169668,0.0071571735,0.0068756905,0.0069568274,0.0068861214,0.006960031,0.0069391546,0.006976035,0.0069104102,0.006892946,0.007052925,0.0068901,0.0071711806,0.0068381396,0.0071457443,0.006879669,0.007117715,0.006856289,0.0071057943
2018-10-25,0.0039451984,0.0039822576,0.003960666,0.003796306,0.003885236,0.0038041142,0.0037635681,0.0038520214,0.0038485643,0.0040401784,0.0038061705,0.0038085547,0.0038106856,0.004086551,0.0037779924,0.0039644954,0.0038981256,0.0038448093,0.0037866798,0.0040332493
2018-10-26,0.0086665265,0.008556481,0.008584123,0.008387666,0.0084492825,0.008381259,0.008375462,0.008453812,0.008494642,0.00864492,0.0084046535,0.008447122,0.008418452,0.008669879,0.008385044,0.008548673,0.008569058,0.008390363,0.008376848,0.008609783
2018-10-29,0.009747919,0.009557974,0.009767171,0.0095178,0.009523403,0.009518471,0.009490665,0.009600993,0.009653296,0.009676348,0.009536933,0.009550612,0.00973111,0.009815406,0.009514924,0.009624522,0.009608787,0.009520587,0.009504046,0.00970998
2018-10-30,0.0071190563,0.007024851,0.0070761857,0.0068797437,0.006878611,0.00688031,0.006957349,0.006984752,0.007088375,0.0070420024,0.0068901745,0.006959897,0.00709891,0.007170197,0.0070028272,0.0069265333,0.007028204,0.0068733064,0.006863874,0.007040408
2018-10-31,0.0070590195,0.0070579466,0.007047784,0.006872636,0.0068734107,0.0068802205,0.006861311,0.00696471,0.007064831,0.0071024713,0.0069020954,0.00711472,0.006920573,0.0071700034,0.0068732915,0.006993946,0.0069137183,0.006846514,0.0068688956,0.0070668575
2018-11-01,0.007884067,0.0077756313,0.007857289,0.0076512513,0.007817712,0.0076388386,0.0078001735,0.007718679,0.007914986,0.007826131,0.007670608,0.0076892045,0.007688966,0.007944163,0.0076384065,0.007792991,0.007764813,0.0076438603,0.0076391515,0.007835429
2018-11-02,0.007116121,0.0070446697,0.0070487824,0.006872919,0.007059109,0.006868657,0.007069063,0.0069681075,0.0071388897,0.007040989,0.0068922755,0.0068937954,0.0068846312,0.0071694073,0.006860864,0.0069454727,0.0069851247,0.0068626967,0.006862518,0.0070442376
2018-11-05,0.0045815823,0.0045343307,0.004453954,0.004331779,0.004504558,0.0043236283,0.0043546376,0.004435223,0.0046078977,0.0045049456,0.004353982,0.0043654856,0.004348379,0.0046239463,0.004260835,0.004355606,0.004454073,0.004320499,0.0043300358,0.004505497
2018-11-06,0.007110995,0.0071039614,0.006895375,0.006875631,0.006986421,0.0068666753,0.006970745,0.0068759737,0.0071572033,0.0070709405,0.006894794,0.007031497,0.007057276,0.0071675894,0.0068129716,0.006895211,0.006904122,0.0069028405,0.00688557,0.0070698825
2018-11-07,0.0066542295,0.006712463,0.0064343777,0.0064574,0.00655691,0.0064695594,0.0064191935,0.0064413813,0.006735277,0.0066460636,0.006456968,0.006613713,0.006622803,0.0067400155,0.0063680974,0.0064383564,0.006529447,0.006468233,0.0064631966,0.006651428
2018-11-08,0.007834535,0.007859807,0.0077256677,0.007663813,0.0077954647,0.007656705,0.007668045,0.0076461104,0.007939275,0.007851597,0.0077168313,0.0077680317,0.007877376,0.007929813,0.00761227,0.0077164886,0.007761371,0.0076474664,0.0077049253,0.00780524
2018-11-09,0.008385908,0.00841881,0.008153092,0.008161765,0.008294355,0.008152243,0.008088823,0.008152153,0.008239251,0.008318853,0.008348372,0.00829364,0.008193042,0.008453187,0.008066144,0.008150708,0.008229058,0.00815184,0.008163702,0.008285847
2018-11-12,0.0070887175,0.0070636985,0.0071009365,0.006881934,0.0069965986,0.0068586734,0.0070845303,0.0068915156,0.007018414,0.0070276973,0.0070511964,0.0069614914,0.006906104,0.0071754423,0.006794956,0.006887239,0.0070261476,0.006870818,0.0068588224,0.0070456085
2018-11-13,0.007095885,0.0071203527,0.006914702,0.006873947,0.0070136455,0.0068709073,0.007094693,0.006948423,0.006953087,0.007031035,0.0068969545,0.006971818,0.0068781343,0.007177752,0.006781843,0.0068634567,0.006969538,0.006873038,0.0068663624,0.0070347455
2018-11-14,0.0071067032,0.0070972857,0.007108879,0.006879222,0.007025954,0.006895375,0.007104468,0.0069239554,0.006898102,0.0071105924,0.0068749157,0.0070010093,0.0068794754,0.007165667,0.0068056104,0.0069060293,0.0069909957,0.006869134,0.006850433,0.007045236
2018-11-15,0.007164952,0.0071312753,0.007211369,0.0069739637,0.0070659188,0.006974843,0.0072018174,0.0070475307,0.007095915,0.007131603,0.006966513,0.0070078787,0.007036191,0.0072623906,0.006925207,0.0070378897,0.007037204,0.006946784,0.006944817,0.007143062
2018-11-16,0.0070853946,0.007052791,0.0071579632,0.006886762,0.0070537445,0.006894585,0.0071229455,0.0069346693,0.0070022014,0.0071130064,0.0068810848,0.006930169,0.0069019464,0.007167053,0.006821972,0.0068729636,0.0069227633,0.006885749,0.0068526086,0.007036027
2018-11-19,0.007847022,0.007865053,0.007878657,0.007635188,0.007863324,0.007618394,0.008012529,0.0076192883,0.0076670614,0.007867139,0.007630479,0.007845875,0.0077953157,0.007914808,0.0078902505,0.0076046702,0.0076286164,0.00762884,0.007604849,0.0077992496
2018-11-20,0.00691646,0.0069167432,0.0071337787,0.0068677333,0.0071347174,0.0068640974,0.0070224074,0.0069511053,0.007096213,0.007126477,0.006873962,0.006947663,0.007061508,0.007163894,0.00712229,0.0068468866,0.006919038,0.0068681356,0.0068509397,0.007030275
2018-11-21,0.0070496765,0.0070068953,0.007134941,0.0068685976,0.0071474877,0.006873068,0.0068675545,0.0069465307,0.007125404,0.007128414,0.006881636,0.0069616404,0.0070386794,0.0071630594,0.0071208295,0.006845501,0.006984454,0.006855246,0.00685316,0.007036504
2018-11-23,0.0070521054,0.006958258,0.007135522,0.006873828,0.0071528372,0.0069014695,0.007265013,0.006956723,0.007127818,0.0071304855,0.006878507,0.0070023653,0.0070311693,0.0071592745,0.007191446,0.0068549034,0.006974202,0.006852579,0.006860372,0.0070496616
2018-11-26,0.007062238,0.007110831,0.0071593192,0.006872442,0.0071384576,0.0068605063,0.0071268794,0.006996971,0.0069326875,0.007131469,0.006916445,0.0069797006,0.007016894,0.0071677086,0.0068914113,0.00684486,0.007005584,0.0068776724,0.00685766,0.0070552495
2018-11-27,0.007129189,0.0071237055,0.007146966,0.006870505,0.007152092,0.0068719354,0.0068868217,0.0069578853,0.006857973,0.0071325866,0.0068964926,0.007082802,0.00703029,0.0071683493,0.0071079996,0.0068399576,0.0069652763,0.006855753,0.006849092,0.007063624
2018-11-28,0.0069457856,0.007136729,0.0070834723,0.006869417,0.0071380255,0.0070068804,0.0068859425,0.0069622365,0.006857347,0.0071330783,0.0068845865,0.0071072993,0.007050362,0.007174548,0.007124555,0.006854933,0.0069685695,0.006879207,0.006856185,0.0070571867
2018-11-29,0.0069666025,0.0071365056,0.007136625,0.006878328,0.0070628193,0.0070097265,0.0068616536,0.0069129732,0.006951478,0.0071465936,0.006888908,0.0070842174,0.006948468,0.007177171,0.007116806,0.006852072,0.0069887456,0.0069093374,0.006864619,0.0070679155
2018-11-30,0.007435572,0.007575747,0.0075870273,0.0073194024,0.0075726924,0.007476535,0.007304516,0.0073232916,0.0074299094,0.007606205,0.0073354957,0.00753459,0.0074116853,0.007616651,0.0075666276,0.0073024747,0.0073922393,0.007337433,0.007305425,0.0075074253
2018-12-03,0.008211743,0.008352529,0.008285265,0.008093324,0.008231889,0.00825825,0.008114602,0.0082269125,0.008210372,0.008357476,0.008121531,0.008162778,0.00813752,0.008399989,0.008356553,0.008122068,0.0081198625,0.008153092,0.008076888,0.008297976
2018-12-04,0.006985974,0.007131648,0.007096511,0.0068757054,0.007023972,0.006997731,0.006935206,0.0069940207,0.0069488403,0.007132065,0.006907564,0.0069609103,0.006899413,0.007177871,0.0071388152,0.0068654683,0.006977674,0.006897506,0.006869581,0.007069197
2018-12-06,0.008249309,0.008295726,0.008348893,0.008036267,0.008199643,0.008027282,0.008031499,0.008053135,0.008104857,0.008379083,0.008064371,0.00817078,0.008232962,0.008336749,0.008363675,0.008057158,0.008056056,0.008066576,0.008048054,0.00822876
2018-12-07,0.007096064,0.0071431813,0.0071028736,0.006864604,0.0070464727,0.0068550673,0.0068810103,0.006873992,0.0069736657,0.0071808663,0.006889787,0.007017475,0.007117015,0.007166591,0.0071312007,0.00690518,0.0069807586,0.0068922606,0.006866392,0.0070415256
2018-12-10,0.0069653955,0.0069661257,0.0068964926,0.006697115,0.006873783,0.006694269,0.0067021367,0.0067086187,0.0067396876,0.006995943,0.0067308065,0.0068103787,0.006918427,0.006995794,0.006962147,0.006720614,0.006796506,0.0067157713,0.0066891727,0.0068944213
2018-12-11,0.0070888666,0.0071334806,0.007101011,0.006864187,0.00700618,0.0069027958,0.0068741706,0.006940719,0.0069290665,0.007289287,0.0069338945,0.0069950935,0.00691646,0.007170808,0.0072037843,0.006940153,0.006912139,0.0068883565,0.006859463,0.007075411
2018-12-12,0.007032242,0.007139426,0.0071271625,0.006872636,0.0069849906,0.0068989513,0.006895554,0.006925505,0.006955799,0.0071493504,0.00693534,0.0070233014,0.0069220182,0.0071782586,0.0071422276,0.0069902358,0.0069485274,0.006912839,0.006852236,0.0070566204
2018-12-13,0.007090446,0.0071434197,0.0071256426,0.006868061,0.0070427028,0.0069082496,0.006944698,0.00688481,0.0069874194,0.0071510044,0.0069148955,0.006953266,0.0070677665,0.0071692583,0.0071299938,0.0069577214,0.0070326743,0.0068925587,0.0068471697,0.007063505
2018-12-14,0.009711649,0.009911027,0.009907749,0.009664606,0.009819623,0.009655949,0.009638917,0.0097447,0.009697225,0.009916153,0.009690862,0.009804677,0.009690966,0.009941261,0.009911355,0.009648632,0.009717282,0.009661626,0.009627324,0.009851348
2018-12-17,0.010017674,0.010052096,0.010198649,0.009788167,0.009904798,0.0098444335,0.009789761,0.009871852,0.009796511,0.010050025,0.009822693,0.010006484,0.009841036,0.010075133,0.010110673,0.009840604,0.009889167,0.009919804,0.009759527,0.009990644
2018-12-18,0.008687552,0.008726966,0.008890118,0.008453485,0.008604463,0.008502763,0.008493777,0.008578565,0.008461382,0.008721512,0.008496191,0.0086776875,0.0084916465,0.008750107,0.008802023,0.008519765,0.008567896,0.008600753,0.008434188,0.008661028
2018-12-19,0.008790847,0.008795973,0.008733731,0.008521821,0.008516353,0.008667778,0.008554589,0.008589398,0.008601677,0.008791652,0.0085727535,0.0087636225,0.008580919,0.008808102,0.008657273,0.0086690895,0.008642849,0.008676793,0.008536946,0.008768287
2018-12-20,0.0066201505,0.0068793413,0.0068486896,0.0066003916,0.0065875915,0.0066190776,0.0065979925,0.006699499,0.006656435,0.0068752584,0.0066447225,0.0068447706,0.0067931083,0.006899175,0.006857407,0.006588247,0.006663811,0.0066106883,0.006689426,0.0068393913
2018-12-21,0.010164242,0.010368299,0.010346394,0.010089677,0.010084908,0.010314044,0.010091212,0.010180872,0.010111045,0.010368701,0.010117035,0.010219332,0.010311302,0.010393392,0.010355439,0.010063883,0.010202687,0.010109749,0.010079455,0.010317069
2018-12-24,0.009196367,0.009470191,0.009427231,0.009193238,0.009186339,0.009335544,0.009239506,0.009315904,0.009209227,0.009461071,0.009284463,0.009421717,0.00934745,0.009498399,0.009459879,0.009170812,0.009261396,0.009310242,0.009175342,0.009440135
2018-12-26,0.008894246,0.009168964,0.009195637,0.008903693,0.008886542,0.008899268,0.0089060925,0.008993935,0.00893895,0.009166982,0.008935582,0.009157386,0.009049665,0.009204622,0.008921083,0.008983012,0.009043928,0.009087902,0.008872148,0.009118404
2018-12-27,0.0071321097,0.0071483073,0.007140499,0.0068616983,0.006859955,0.0069851545,0.006873485,0.006887999,0.0069738743,0.007140216,0.0069142547,0.0071179983,0.0069861975,0.0071624336,0.00688554,0.0069673923,0.0070536253,0.007083383,0.006844294,0.007073101
2018-12-28,0.0069137183,0.0069016037,0.00692704,0.00661948,0.0066265133,0.0066907075,0.006628197,0.0066453037,0.0067257253,0.0069066104,0.0066515324,0.006892946,0.0067678806,0.0069182036,0.0066228476,0.0067198095,0.006772336,0.0066221324,0.0065979776,0.006863129
2018-12-31,0.0072387275,0.007211518,0.0072418866,0.0069428203,0.007091236,0.0070781824,0.006945845,0.006968212,0.0070235995,0.007215407,0.0069720712,0.007207003,0.0069822934,0.0072363135,0.006943476,0.007067826,0.0071354476,0.0069424775,0.0069226143,0.0071723727
2019-01-02,0.007139322,0.007141855,0.0071648774,0.0068664667,0.0070669916,0.007004094,0.0068897572,0.0068998453,0.0070387837,0.007150483,0.0069328365,0.0070623574,0.006998163,0.0071551916,0.006867957,0.0069402275,0.007020485,0.006906685,0.0068437275,0.007107791
2019-01-03,0.0071633277,0.0071475473,0.007175949,0.0068784324,0.007055488,0.0070834276,0.0068626967,0.006906372,0.007062089,0.0071505127,0.0069394526,0.0070134667,0.007053089,0.007160556,0.006872889,0.006860417,0.006988969,0.006930229,0.0068419096,0.0070944396
2019-01-04,0.0036854413,0.0037514237,0.0037960676,0.003481519,0.0036742655,0.0036339727,0.0034629074,0.0035800305,0.0037302193,0.0037679938,0.0034991917,0.0036744294,0.003523272,0.0037897644,0.003478479,0.0036547747,0.0035290238,0.0034685698,0.003459495,0.0037520942
2019-01-07,0.005962622,0.0059397933,0.005984601,0.005663928,0.005857062,0.005717751,0.0056581316,0.0056876955,0.0057745096,0.0059539196,0.00570434,0.005874392,0.005693194,0.0059721884,0.0056657013,0.0058396277,0.00571416,0.0058405814,0.0056481925,0.0059240577
2019-01-08,0.00706045,0.0071339128,0.007177439,0.0068770465,0.0070822206,0.006928068,0.006876525,0.006886613,0.006941539,0.0071505276,0.006976214,0.0070679006,0.006902319,0.007163149,0.0068699983,0.0070681837,0.006914508,0.007010412,0.006843966,0.007112485
2019-01-09,0.0072496203,0.0074648526,0.0074920324,0.007191297,0.0073621687,0.0072286245,0.0071850833,0.007197019,0.0071717915,0.007465106,0.0072953966,0.007392552,0.007334557,0.007489544,0.0071689454,0.0073831794,0.007232305,0.007210296,0.007163253,0.0074251113
2019-01-10,0.0070529548,0.0071502146,0.007179406,0.006862652,0.0070544747,0.007075545,0.007121679,0.0068705645,0.0068471846,0.0071505276,0.0069343564,0.0070757237,0.007030916,0.0071790484,0.006861311,0.0068668392,0.006946471,0.006859061,0.006852832,0.007104781
2019-01-11,0.007058036,0.0071501997,0.0071679023,0.006865364,0.0070495126,0.0069692847,0.007047501,0.0068780896,0.006855142,0.007150617,0.00691345,0.0071032164,0.007063162,0.007172149,0.0068657068,0.007067558,0.006906998,0.0069624153,0.006848496,0.0070919064
2019-01-14,0.007421237,0.0074984846,0.007515904,0.00721119,0.007353407,0.00740191,0.007352632,0.0072396663,0.0072150347,0.0075019565,0.007262927,0.0074650613,0.0074198213,0.0075221625,0.007232752,0.007319,0.0072521833,0.007399526,0.007201266,0.0074579385
2019-01-15,0.007072818,0.0071501997,0.00715543,0.0068607,0.0070904163,0.0069132117,0.00706951,0.0068926034,0.006864023,0.007154849,0.006915715,0.0071169105,0.0070355353,0.0071617034,0.0068946746,0.0070994017,0.006920826,0.007041287,0.0068494496,0.007106569
2019-01-16,0.007094216,0.007150155,0.0071682897,0.0068552014,0.0070250896,0.006984156,0.0071399924,0.0068687317,0.006848928,0.007151064,0.0068838713,0.007073593,0.0070016203,0.0071672318,0.006861758,0.0070781824,0.00692254,0.007012662,0.0068443385,0.0071322587
2019-01-17,0.0071087447,0.0071502444,0.0071717915,0.006857854,0.00705519,0.0069687036,0.0070154485,0.006876346,0.0068568555,0.0071504978,0.006902632,0.0070490805,0.0070106504,0.0071723876,0.006862056,0.007081878,0.006889787,0.0070437756,0.006848198,0.0071279076
2019-01-18,0.0071374443,0.007150319,0.0071771857,0.0068531153,0.007057917,0.0069345054,0.0071126637,0.0068698344,0.0068446067,0.0071508703,0.0068727103,0.0070789275,0.007037994,0.00717507,0.0068684337,0.0068985936,0.0068765697,0.007020366,0.00684939,0.007098165
2019-01-22,0.0071054962,0.0071502593,0.007175651,0.006853473,0.0070033637,0.006967601,0.0070784953,0.0068743345,0.0068580774,0.0071524796,0.006880414,0.0070936945,0.007077497,0.0071711508,0.0068644104,0.006861728,0.0069216755,0.006994721,0.0068526235,0.0070757684
2019-01-23,0.007085752,0.007150319,0.0071707186,0.0068552014,0.007020068,0.0069978503,0.0070815203,0.006874871,0.0068554697,0.0071505574,0.006902483,0.0070810434,0.007053342,0.0071770665,0.0068601784,0.006851521,0.0068862406,0.0069693294,0.0068502394,0.007079121
2019-01-24,0.0070924726,0.007150155,0.0071776477,0.0068586287,0.0069924113,0.007081431,0.006869149,0.0069171754,0.0068618176,0.0071508554,0.006873977,0.007108983,0.0069955406,0.0071763513,0.0068663773,0.0070288745,0.006987807,0.0068583903,0.006842595,0.0069381413
2019-01-25,0.00709435,0.0069572893,0.0071795997,0.0068612364,0.00699186,0.007095274,0.007113245,0.0069923815,0.006852713,0.0071503785,0.006893393,0.007066306,0.007001352,0.0071807024,0.0068595675,0.0068824706,0.0068898615,0.0068626967,0.006843385,0.006939363
2019-01-28,0.008549895,0.008331548,0.008598607,0.008275237,0.008434441,0.008523878,0.008564021,0.008389499,0.008272167,0.008564707,0.008330446,0.008474719,0.008302968,0.008599382,0.008278336,0.008280318,0.008332666,0.008282166,0.008260082,0.008477282
2019-01-29,0.0071008024,0.0068590757,0.0071799424,0.006858301,0.0070120064,0.00710642,0.0071916697,0.006985348,0.0069441316,0.0071503487,0.0069027212,0.007099923,0.006881487,0.0071773943,0.0068571386,0.0070906994,0.0069058207,0.006863978,0.006840464,0.0069331345
2019-01-30,0.007069838,0.00686523,0.007181209,0.006869894,0.006949362,0.007108983,0.0071620014,0.00692777,0.00686368,0.0071503785,0.007101741,0.007117477,0.006887045,0.0071818945,0.006864932,0.007044163,0.0069070873,0.0068675694,0.006840181,0.0069124517
2019-01-31,0.0078024683,0.00763562,0.00793704,0.0076204804,0.0076296744,0.007871848,0.007634562,0.0076755253,0.007628348,0.007906597,0.007864933,0.007895764,0.007642579,0.007932838,0.0076207635,0.007884767,0.0076584336,0.0076218364,0.007596862,0.0077686873
2019-02-01,0.007140365,0.0069339243,0.0072272834,0.006930229,0.00692631,0.007122126,0.0069267717,0.0069916514,0.006928664,0.007197824,0.0071502742,0.007224333,0.0069581834,0.0072266427,0.0068992195,0.0069417474,0.0069723544,0.0069215265,0.0068986234,0.0071182963
2019-02-04,0.00885899,0.00867657,0.008952986,0.008647423,0.008663338,0.008733954,0.008635383,0.008722287,0.008645307,0.008923721,0.008866217,0.008944299,0.008682039,0.008944359,0.008632701,0.008855816,0.00873379,0.008626398,0.008616041,0.008816298
2019-02-05,0.0070929197,0.0069123027,0.007170629,0.006869879,0.0068856147,0.007043269,0.0068518636,0.006950539,0.0068797437,0.0071503785,0.007090431,0.007161912,0.0069229123,0.0071792123,0.006866005,0.007045653,0.006914672,0.0068562296,0.0068502096,0.0070350287
2019-02-06,0.0071154055,0.0068971184,0.007193756,0.006880876,0.0068877456,0.006993797,0.006862324,0.0069543836,0.0068934974,0.00716598,0.0071241823,0.0071912077,0.0069323,0.0071936515,0.006873053,0.0070902524,0.006910291,0.0068678227,0.006869462,0.007062879
2019-02-07,0.009010088,0.008832645,0.009106424,0.008796569,0.0088138245,0.008994397,0.008782174,0.008864846,0.0088005625,0.009081226,0.0089960955,0.009077009,0.008839365,0.009109911,0.008778255,0.008907955,0.008821737,0.008808684,0.008787196,0.008956369
2019-02-08,0.0071143326,0.0068963137,0.0071780053,0.0068619517,0.006873515,0.0069114086,0.0068488983,0.006945279,0.006875035,0.0071503636,0.007053506,0.007172343,0.006927755,0.007173833,0.0068412838,0.007105407,0.006960359,0.0068651107,0.006841969,0.007056114
2019-02-11,0.007082325,0.006890875,0.0071798232,0.0068702814,0.006889474,0.0069097993,0.006843504,0.0069516567,0.0068710265,0.007150334,0.0070014712,0.0071402905,0.007105839,0.0071713296,0.0068396446,0.0071139005,0.0069042263,0.006859493,0.0068467823,0.0069385287
2019-02-12,0.007107925,0.0069322404,0.0071775583,0.006864619,0.006873694,0.006913793,0.006844085,0.0069287983,0.006868806,0.0071503487,0.007024449,0.007159811,0.0070665297,0.007173356,0.0068420735,0.007115778,0.0069066253,0.00684638,0.006848451,0.006915387
2019-02-13,0.0066710976,0.006532189,0.006761354,0.0064568636,0.0064664003,0.0065007326,0.006428641,0.0064858613,0.006473389,0.0067283628,0.0066498336,0.0067270664,0.0066709784,0.0067555574,0.0064253625,0.0066988436,0.0064693955,0.0064324555,0.0064324704,0.0065079
2019-02-14,0.0071045277,0.0069077727,0.0071797487,0.0068614003,0.0068910387,0.006944847,0.006848451,0.006909263,0.006891322,0.0071503785,0.007069346,0.0070849177,0.0070895073,0.0071744737,0.0068397787,0.007110071,0.006997314,0.006867346,0.0068453667,0.006945905
2019-02-15,0.0070242104,0.0069198874,0.007180315,0.0068678525,0.0068863,0.006961372,0.0068428037,0.00695948,0.0068927077,0.0071503785,0.0070580957,0.0071053025,0.007096928,0.007180017,0.0068393615,0.0071072695,0.0068936017,0.0068598506,0.006845933,0.006960493
2019-02-19,0.0070997444,0.006908935,0.00717881,0.0068667647,0.006892171,0.006953087,0.006841984,0.006985691,0.0068773744,0.0071503785,0.00705142,0.0071134237,0.0070876,0.0071743694,0.006840762,0.007102039,0.006895688,0.00684334,0.006847259,0.007014152
2019-02-20,0.0071216044,0.006913629,0.0071801064,0.006864604,0.006894645,0.0069581387,0.006841269,0.00697827,0.0068840203,0.0071503785,0.007038605,0.0070979265,0.0070693013,0.007174578,0.0068395105,0.00710493,0.0068884757,0.0068153557,0.0068443385,0.0069581685
2019-02-21,0.007134658,0.006906685,0.007179227,0.006863591,0.006885868,0.0069706705,0.0068449494,0.0069593308,0.006879565,0.0071503785,0.007037115,0.0070920256,0.007060733,0.0071736095,0.0068402854,0.0070961085,0.0069854227,0.006846812,0.006846499,0.006949511
2019-02-22,0.00713354,0.006891873,0.007180613,0.0068621305,0.0069280085,0.0069184867,0.0068636355,0.006938931,0.0068851826,0.0071503487,0.007042375,0.0070771095,0.007077005,0.0071745035,0.0068388996,0.0069361296,0.0069067148,0.006871563,0.006845784,0.006973919
2019-02-25,0.0059140143,0.005635303,0.0059395847,0.0056183306,0.005653527,0.0056451974,0.005606946,0.005739447,0.005658981,0.005909529,0.0058031348,0.005857554,0.0057800976,0.005931836,0.005600613,0.0058864024,0.0056566563,0.005593505,0.005601209,0.0056975153
2019-02-26,0.0071121273,0.006893587,0.00717805,0.006874424,0.0068805483,0.0069462624,0.0068487492,0.006976452,0.0068865237,0.0071503487,0.007061076,0.007126626,0.0070560095,0.00717732,0.006841254,0.007110995,0.0068917987,0.0070653227,0.0068501798,0.0069468883
2019-02-27,0.008215826,0.0079695545,0.00826345,0.007944029,0.007967483,0.008062433,0.007967558,0.008009579,0.007983249,0.008232888,0.008125316,0.008206662,0.008098166,0.008256491,0.007924538,0.007984053,0.007987555,0.008198064,0.007934671,0.008039247
2019-02-28,0.008808654,0.008607324,0.008867424,0.008545827,0.008555319,0.0087009035,0.008549925,0.008700263,0.008572679,0.008834835,0.008720096,0.008802529,0.008690264,0.008869942,0.008527841,0.008571591,0.008573066,0.008593094,0.008542623,0.008607309
2019-03-01,0.007320058,0.007119697,0.007366326,0.007047024,0.007082802,0.0070726094,0.007043135,0.00717957,0.0070932326,0.007341337,0.007238802,0.007301655,0.0072275964,0.0073666987,0.007037055,0.007085454,0.0070897755,0.0073038903,0.007041287,0.007130709
2019-03-04,0.007132378,0.006894734,0.007176694,0.0068559316,0.0068895635,0.0070195016,0.006857049,0.00699113,0.0068808016,0.0071503785,0.007070568,0.007096824,0.007090282,0.007176217,0.006842774,0.006879565,0.006967318,0.0071200696,0.0068542776,0.00693455
2019-03-05,0.00714868,0.0068933633,0.0071740863,0.0068580476,0.0068806377,0.0070306477,0.0068556187,0.006949481,0.006876793,0.007150334,0.007069808,0.0071229157,0.0070490954,0.0071755615,0.006845352,0.0068637994,0.006936815,0.0071156737,0.0068573323,0.00695264
2019-03-06,0.0069596586,0.0066996184,0.007001665,0.0066816774,0.006722745,0.006709632,0.0066840467,0.006812912,0.006691676,0.0069670943,0.0068750945,0.006913137,0.006906551,0.0069987443,0.006663081,0.0069542495,0.0067154435,0.00672051,0.006667,0.0067543504
2019-03-07,0.007113543,0.0068945405,0.007174593,0.006867957,0.0069022593,0.006897297,0.006867152,0.006968003,0.0068981317,0.0071503487,0.0070671705,0.007101428,0.0070454446,0.0071749506,0.006844711,0.0071330634,0.006993499,0.00687727,0.0068470207,0.006949526
2019-03-08,0.0070825336,0.006880772,0.007178065,0.006865826,0.006896418,0.007014301,0.0068580625,0.0069287685,0.0068930355,0.0071503487,0.007079881,0.007099819,0.007063594,0.0071829823,0.0068412838,0.006887537,0.006917235,0.0068721888,0.0068476764,0.0070032445
2019-03-11,0.0032715616,0.0030550328,0.0033415225,0.0030192551,0.0030566272,0.0032575545,0.0030255732,0.0031403122,0.0030406383,0.003311899,0.003213462,0.0032791463,0.0032146838,0.0033470956,0.0030007032,0.003019121,0.003065255,0.003026661,0.0030147997,0.0031206128
2019-03-12,0.00709663,0.0068867323,0.0071790037,0.006868985,0.00688554,0.0069813845,0.006876957,0.0069414494,0.0068660346,0.007150334,0.0071106968,0.0071190265,0.0070569483,0.0071800915,0.006840494,0.006893721,0.006883007,0.0068592546,0.006846082,0.007062432
2019-03-13,0.008465167,0.008253064,0.008558657,0.008247238,0.008278932,0.0083476715,0.008243453,0.008338105,0.008255806,0.008529615,0.008490961,0.00849111,0.008433025,0.008557674,0.00822049,0.008272599,0.008274924,0.008239444,0.008227047,0.008455943
2019-03-14,0.0070780036,0.0068671224,0.00717656,0.0068634865,0.006875899,0.0069659916,0.00685015,0.006942284,0.006870326,0.0071503785,0.0070950207,0.007119369,0.007037055,0.007180002,0.006842878,0.0068759588,0.0068900553,0.006858167,0.006846246,0.0070769456
2019-03-15,0.0070399162,0.0069160727,0.007180285,0.006867152,0.006888565,0.006966245,0.006848004,0.0069463965,0.0068820086,0.0071503785,0.0070656952,0.0071269837,0.007033792,0.007180017,0.0068392125,0.006877404,0.0068782386,0.0068580178,0.006844294,0.0070615676
2019-03-18,0.00536063,0.005174276,0.0054821935,0.0051766154,0.005198073,0.005339217,0.0051538614,0.005316597,0.0051945266,0.0054504094,0.0053296206,0.0053940383,0.005323243,0.005489972,0.005146977,0.00517596,0.0051741567,0.005161476,0.0051494655,0.0054173735
2019-03-19,0.0071057496,0.0069568423,0.0071769324,0.006861743,0.006872934,0.0068580923,0.006846857,0.006977808,0.006989878,0.007161599,0.007032883,0.0070866016,0.007045206,0.007185918,0.006842476,0.0068760333,0.0068841246,0.0068574217,0.0068451134,0.0071035144
2019-03-20,0.0071039167,0.0068817404,0.0071713296,0.0068622497,0.006875899,0.006836292,0.006838691,0.006973904,0.0069838283,0.007142004,0.007030007,0.0071157482,0.0070273397,0.0071706143,0.006833103,0.0068613705,0.006870803,0.0068486,0.0068375883,0.007068631
2019-03-21,0.009779599,0.00964823,0.009870928,0.009580072,0.009572711,0.00954641,0.009550031,0.009675857,0.00964744,0.009778526,0.009739798,0.009788793,0.009740543,0.009868305,0.009531479,0.009568345,0.009593245,0.009551,0.009537067,0.009782549
2019-03-22,0.00043530436,0.00022582384,0.0005308655,0.00021530362,0.00022221776,0.00019518705,0.00019672187,0.00033479603,0.00025559636,0.00049271854,0.0003615436,0.0004319963,0.00044926675,0.0005358872,0.00019260915,0.00046829553,0.00024118694,0.000209969,0.00019943388,0.00045171054
2019-03-25,0.0050370065,0.004860532,0.005078715,0.0047873375,0.00481033,0.004774865,0.0047763702,0.0049082604,0.00486609,0.0050700125,0.004974958,0.005064529,0.004975554,0.0050979224,0.0050229994,0.0050132093,0.004828882,0.004782435,0.0047736433,0.004990768
2019-03-26,0.010794159,0.010713141,0.010900628,0.010613646,0.010649826,0.010598954,0.010600146,0.010722499,0.010634031,0.010895144,0.010793846,0.010900002,0.01079331,0.01092064,0.01086868,0.01078942,0.01064251,0.0106125735,0.010599103,0.010783996
2019-03-27,0.0070936647,0.0068999347,0.007150036,0.006863099,0.0068755415,0.0068523255,0.006845322,0.006948438,0.0068737683,0.007146832,0.007030156,0.0071505276,0.00706045,0.007180762,0.0071055708,0.007021692,0.006906372,0.0068604467,0.006860864,0.0070422557
2019-03-28,0.009385597,0.009159174,0.009432297,0.009142455,0.00916427,0.009133186,0.009158593,0.00927734,0.009145912,0.009430435,0.009345349,0.00938971,0.009322863,0.009464305,0.00940403,0.009341132,0.009185266,0.009152751,0.009144392,0.009316307
2019-03-29,0.0072676656,0.0070456085,0.007337537,0.0070153293,0.0070331213,0.007013243,0.0070050177,0.007079613,0.0070272502,0.0072150794,0.007178348,0.007312101,0.0071811196,0.007349622,0.007268068,0.00707556,0.0070347455,0.00702129,0.007003483,0.007240739
2019-04-01,0.008818772,0.008664589,0.008940186,0.00861622,0.008654814,0.008615281,0.0086125545,0.008811396,0.008635234,0.008884441,0.00880618,0.008917358,0.00879788,0.008944314,0.008891266,0.008842196,0.008637693,0.008633565,0.008608576,0.008828949
2019-04-02,0.007084143,0.0068880734,0.007177573,0.006853622,0.0068896827,0.0068624136,0.0068465886,0.007007968,0.0069134203,0.0071509746,0.007088524,0.007013601,0.0070490954,0.0071759787,0.007123765,0.0068866876,0.006883737,0.0068737087,0.006847274,0.006948289
2019-04-03,0.0056994525,0.0055095074,0.005791214,0.005470034,0.005490598,0.0054784385,0.0054592756,0.0056058285,0.005599749,0.005674344,0.005688798,0.005620044,0.0056869504,0.005783778,0.0057318625,0.0054962453,0.0054935035,0.0054725376,0.0054570404,0.005522516
2019-04-04,0.0069619683,0.0068650064,0.0070801196,0.0067583737,0.0067811427,0.006756243,0.006756064,0.006908816,0.0069129136,0.00700466,0.006956559,0.006913018,0.0069256243,0.0070977923,0.007094648,0.00703105,0.006783333,0.006773707,0.0067557213,0.00679439
2019-04-05,0.007063758,0.0068809655,0.007182699,0.006858614,0.006871995,0.006855589,0.0068490175,0.006995198,0.006940004,0.007191193,0.00706872,0.006971833,0.007052165,0.00719614,0.007213813,0.007164803,0.0068743643,0.006865379,0.006849569,0.0069162813
2019-04-08,0.007069644,0.006896403,0.007182252,0.006871697,0.006879848,0.0068662283,0.006849524,0.007032704,0.006939244,0.007136431,0.0070702997,0.0069254157,0.0070109633,0.00718787,0.0072200415,0.007169333,0.006906044,0.0068780896,0.006850135,0.0069947955
2019-04-09,0.009996098,0.009956371,0.010137331,0.009838503,0.009824123,0.009815734,0.009801339,0.0099086575,0.009904753,0.010082599,0.010054048,0.009907763,0.009923976,0.010127362,0.010091852,0.00989325,0.00984193,0.009832289,0.009803843,0.009924289
2019-04-10,0.008663576,0.008599978,0.008816119,0.008588325,0.008534443,0.008595329,0.008508768,0.008648541,0.008618858,0.008774426,0.0087254755,0.008656364,0.008640137,0.008835029,0.00885376,0.008585062,0.008543041,0.008516755,0.008510482,0.008584123
2019-04-11,0.008377906,0.008274537,0.008524191,0.00828084,0.00824235,0.008234065,0.008221891,0.0083583705,0.008280855,0.008464601,0.00843766,0.008398157,0.008390959,0.008522313,0.008502986,0.008273091,0.008284118,0.008244004,0.008237641,0.008392092
2019-04-12,0.006542903,0.006427136,0.0066890535,0.0064074215,0.006388035,0.006396052,0.0063669053,0.006501761,0.006437641,0.0065946993,0.0066194055,0.006550309,0.006541666,0.006684628,0.006640267,0.006626588,0.006393176,0.0063986,0.0063742963,0.00646342
2019-04-15,0.0073594567,0.0073680994,0.0074981865,0.0071936664,0.007198375,0.007189986,0.007167917,0.007262912,0.0072366414,0.0073837903,0.0074620214,0.0073004332,0.0072890935,0.0075162617,0.007519212,0.0074644056,0.007197049,0.007211369,0.0071779755,0.0072690365
2019-04-16,0.0060103056,0.005974364,0.0061098305,0.0058117625,0.0058138636,0.0058033583,0.005795431,0.0058948216,0.005865228,0.006014895,0.0060488847,0.005942282,0.0059313593,0.0061271456,0.0060692844,0.006084886,0.005821195,0.0058096615,0.005802077,0.005867895
2019-04-17,0.009232473,0.00909492,0.0093347095,0.009046461,0.009041067,0.00904591,0.009024706,0.009143468,0.00909267,0.009237837,0.009246241,0.00911751,0.009198364,0.009342473,0.009293374,0.009316888,0.009056639,0.009037744,0.009023409,0.009105649
2019-04-18,0.008076008,0.007926609,0.008108493,0.007872369,0.007873159,0.008030336,0.007865112,0.007981908,0.007896941,0.00808255,0.008085143,0.007892918,0.008101117,0.008198094,0.008119326,0.0081182085,0.007869031,0.0078677945,0.007862743,0.007896032
2019-04-22,0.0070771095,0.0069168773,0.0071428535,0.00686821,0.0068740663,0.0069475886,0.006849569,0.006966379,0.006890964,0.0070759472,0.0071535525,0.0068927077,0.0070813117,0.0072075543,0.0072045145,0.0071208593,0.0068669287,0.0068706092,0.006858554,0.0068806377
2019-04-23,0.00709891,0.0069171456,0.0071602133,0.0068603274,0.006871697,0.0068879244,0.006848347,0.006947827,0.0068942425,0.0070810434,0.007128146,0.006906223,0.0070798513,0.007184651,0.007134002,0.007135537,0.006866586,0.0068653044,0.0068543074,0.0069088754
2019-04-24,0.0075122234,0.0073519615,0.0075294343,0.0072769043,0.0072965887,0.0074349907,0.0072687385,0.007375729,0.0073059914,0.0075678197,0.0075536636,0.0073688296,0.0075009284,0.0075963554,0.007539701,0.0074983356,0.007283014,0.0072744456,0.0072725383,0.007323053
2019-04-25,0.0037032184,0.0034834114,0.0037251827,0.0034561125,0.0034733382,0.0035280404,0.0034523574,0.0035243449,0.0034874496,0.003648099,0.003743973,0.003527936,0.0037153182,0.0037959334,0.0038016108,0.003723484,0.0034804014,0.003463101,0.0034532663,0.0034929034
2019-04-26,0.004870024,0.0046121893,0.004887846,0.0046068844,0.0046115634,0.0046354053,0.004824665,0.0046189246,0.004654434,0.004757565,0.004721713,0.0048557785,0.0048669693,0.004928407,0.0049589393,0.00486761,0.004712474,0.004596364,0.0045954403,0.0047429916
2019-04-29,0.0074910936,0.007258889,0.0075635132,0.00737856,0.0072607067,0.0072676954,0.0075719175,0.0072753695,0.0072976467,0.0074487296,0.007314634,0.007524815,0.0075247404,0.0075752106,0.007542741,0.0075354544,0.0072705564,0.007261243,0.0072521833,0.007327121
2019-04-30,0.011850458,0.011593904,0.011839312,0.011661243,0.0115968995,0.011599001,0.011885997,0.011584353,0.01159301,0.011723485,0.011683177,0.011632141,0.011822965,0.0118899755,0.011894252,0.011830073,0.011560585,0.011554565,0.011549633,0.011638816
2019-05-01,0.007163581,0.0068788496,0.0070924577,0.006927055,0.0069744107,0.007005301,0.007205513,0.006894153,0.0069476184,0.0070356396,0.007011306,0.006905791,0.007142004,0.0071980325,0.00722025,0.00711244,0.006867346,0.0068651703,0.006872576,0.006918278
2019-05-02,0.007570323,0.0073264507,0.007598233,0.007360172,0.0074385074,0.0073168394,0.0075806943,0.007332441,0.007408124,0.0074878153,0.0074277637,0.007339966,0.0075784144,0.0076195863,0.007592332,0.007579681,0.007317212,0.0073085544,0.0072981385,0.007440191
2019-05-03,0.0073142466,0.007095408,0.007337373,0.0071032313,0.0071774838,0.0070501384,0.007376638,0.007065263,0.007172611,0.007270303,0.0071470854,0.007098776,0.0072920886,0.007382211,0.0073903915,0.0073303697,0.007064056,0.0070532677,0.007042345,0.007093456
2019-05-06,0.006762397,0.0065717516,0.006814879,0.0066070524,0.0066383,0.006514665,0.006947261,0.006556791,0.00660367,0.006755736,0.006625634,0.006593075,0.0067731407,0.006849822,0.0068927226,0.006586623,0.006525126,0.0065228906,0.006517839,0.0066171256
2019-05-07,0.0070825336,0.006973904,0.007088464,0.006978598,0.006956425,0.00701223,0.0072860536,0.0068749157,0.0069346395,0.007088315,0.0069216457,0.006906342,0.007088941,0.0071749506,0.0072428253,0.0069418517,0.0068550375,0.0068681207,0.006870207,0.006906402
2019-05-08,0.0077855554,0.007823478,0.007871788,0.00767031,0.007593405,0.0075952527,0.008034732,0.0075868336,0.0077698347,0.007869612,0.0076558706,0.007652935,0.0078078625,0.007900428,0.007968973,0.007630777,0.0076940325,0.007579979,0.007577595,0.007625085
2019-05-09,0.008194681,0.00822584,0.008246537,0.008006539,0.008072536,0.007967334,0.008310419,0.007979747,0.008157205,0.008263569,0.008062761,0.008094039,0.008194085,0.00827625,0.0082641505,0.008233216,0.008086633,0.0079633705,0.007951599,0.008027088
2019-05-10,0.0071004,0.007126969,0.0071207252,0.006927338,0.006962147,0.0068636504,0.0071379063,0.0068678227,0.006913167,0.0070712087,0.0068988767,0.0069403467,0.0071065393,0.0071725217,0.007165518,0.007138681,0.0069569764,0.0068578687,0.0068519977,0.006897148
2019-05-13,0.0070962575,0.007129204,0.0071217087,0.0069141802,0.006979328,0.0068723825,0.0071325866,0.006880444,0.0069440124,0.0070683328,0.006936815,0.0069543687,0.0071395454,0.0071749357,0.007220265,0.00715695,0.00685769,0.0068649766,0.0068559465,0.0069448915
2019-05-14,0.0070496914,0.007012394,0.007157233,0.006943461,0.006965023,0.006865811,0.0071265814,0.006869447,0.0070172665,0.007150021,0.0069235233,0.006889325,0.0071461764,0.007176381,0.00723834,0.0071455208,0.006856617,0.0068600145,0.0068479446,0.006922078
2019-05-15,0.0071620164,0.007121813,0.0072895107,0.0071152416,0.007107776,0.0070453403,0.0070409146,0.0070305434,0.0071528223,0.007298988,0.007076409,0.007085037,0.007278901,0.0073269275,0.007075068,0.0072826114,0.0070141223,0.0070084897,0.006997895,0.0070664254
2019-05-16,0.0052114394,0.0051868674,0.0052756784,0.0051096943,0.005090889,0.005030003,0.0049949107,0.005013269,0.005095419,0.0052345064,0.0050510434,0.005109575,0.0051979986,0.005311754,0.0050813076,0.0053017256,0.005035248,0.005000022,0.004986581,0.0051019606
2019-05-17,0.00706419,0.007063043,0.0071469215,0.007018533,0.0069831875,0.006886196,0.0068584797,0.0068760333,0.0070007113,0.0071277437,0.0068928865,0.006936502,0.007098582,0.007185292,0.006947827,0.0069887307,0.006871265,0.0068737236,0.0068549183,0.006897357
2019-05-20,0.0070893434,0.0070884493,0.007121992,0.0069946465,0.0069882986,0.006935742,0.0068662134,0.0068849293,0.0069507924,0.007118222,0.0069097844,0.006904256,0.00707857,0.007183042,0.006938618,0.00698052,0.006863412,0.0068672267,0.00686222,0.0069233445
2019-05-21,0.0071087894,0.0071097133,0.007116508,0.0070000854,0.006982338,0.006969061,0.0069976565,0.00686976,0.0070010093,0.007051882,0.0070834127,0.006907564,0.007056978,0.0071752486,0.0070068208,0.0069193807,0.0068630395,0.0068730083,0.006854993,0.0068955985
2019-05-22,0.005331543,0.0052504954,0.005409446,0.005156484,0.0052204845,0.005128157,0.0051125255,0.0051250574,0.0052794483,0.0053215143,0.005198088,0.0051799384,0.005368274,0.005423647,0.005148944,0.0051448313,0.0051277396,0.005126324,0.0051034507,0.005167764
2019-05-23,0.006531146,0.00650717,0.006540653,0.0062943813,0.0063630757,0.0063435254,0.006349605,0.006285396,0.0064122793,0.0065518883,0.0063481,0.006367978,0.0063854423,0.0065865484,0.006380525,0.006496173,0.0062782285,0.006272879,0.0062736836,0.0063150492
2019-05-24,0.010062616,0.0099995695,0.010075282,0.009918716,0.009948324,0.009864252,0.009805512,0.009824093,0.00987969,0.01005597,0.009883489,0.009847742,0.009948235,0.010117155,0.009853121,0.010109764,0.009810802,0.009805825,0.009798314,0.009837698
2019-05-28,0.0052627143,0.0052634445,0.005255547,0.0050411043,0.005119976,0.00508016,0.004998353,0.0050029573,0.0050653187,0.00524379,0.005043384,0.0050743488,0.005131584,0.0053048995,0.005103436,0.0053109196,0.0050540236,0.004998949,0.004988503,0.0050178734
2019-05-29,0.007154953,0.0071094898,0.0070746806,0.007099655,0.0068814275,0.0070162383,0.0068708626,0.0068987724,0.0069913683,0.006999236,0.0068933335,0.0069475886,0.0068779704,0.0071776775,0.006916162,0.007005405,0.006863263,0.0068528918,0.00685392,0.006866094
2019-05-30,0.0071216044,0.0070814905,0.0071110246,0.0069837985,0.00702351,0.0069348034,0.007147622,0.006978449,0.0070337025,0.007027429,0.0068996814,0.0069671837,0.0069458303,0.007173103,0.006918144,0.0069355187,0.0069077727,0.006871533,0.0068532643,0.006899577
2019-05-31,0.0071351645,0.0070468006,0.0071001616,0.0070172665,0.006959778,0.006961551,0.007132244,0.0069718626,0.006894049,0.0070137796,0.0069258776,0.0069797155,0.00699411,0.0071734455,0.0069581685,0.0069269803,0.0069017825,0.006858614,0.0068569,0.0069351015
2019-06-03,0.0071082977,0.007034507,0.0069621173,0.0070116934,0.007009369,0.0068845716,0.007113349,0.0069820997,0.006900471,0.007028189,0.0069360402,0.006939542,0.007017654,0.0071710018,0.0069006947,0.0071464297,0.0068809954,0.0068687615,0.0068467525,0.0069226143
2019-06-04,0.0071146754,0.0070354757,0.006998923,0.006952491,0.007001173,0.006867495,0.007115316,0.006969255,0.006918144,0.006978896,0.0069566634,0.006942865,0.007050928,0.0071713296,0.0068897572,0.007168841,0.0068951366,0.0068704453,0.0068449643,0.0069193956
2019-06-05,0.007130739,0.0070380983,0.006939423,0.0069795814,0.0069454727,0.0068787006,0.0071235267,0.006941211,0.006887999,0.0070748744,0.0069503305,0.00698207,0.0070317653,0.0071592,0.006905299,0.0071653393,0.006965917,0.006863248,0.006848943,0.0069106934
2019-06-06,0.006148767,0.006045353,0.0059623388,0.0059421924,0.005977255,0.0058950004,0.0062020537,0.0059575704,0.005927634,0.0060567376,0.0059671965,0.005951759,0.006030139,0.006176379,0.005905029,0.0062469062,0.00589509,0.005880457,0.0058590886,0.0059043583
2019-06-07,0.00791524,0.007827949,0.0077433554,0.007823762,0.007814866,0.007702228,0.007976394,0.0077397046,0.007738751,0.0078989975,0.0077431914,0.007814284,0.00786696,0.007977884,0.007707041,0.007985737,0.0076957312,0.0076790717,0.007666063,0.007714045
2019-06-10,0.006943491,0.006847453,0.006855872,0.0068325517,0.006848034,0.0067293015,0.0070597646,0.0068312404,0.0067689684,0.0068047163,0.0068432656,0.0068681506,0.0069091287,0.007004794,0.0067144153,0.0070884493,0.0067336825,0.0067234454,0.0066989926,0.0067840335
2019-06-11,0.0071005044,0.007022497,0.0069166687,0.007097509,0.0069753644,0.0069709984,0.007168275,0.0069716093,0.0069453237,0.007082191,0.006945547,0.006968167,0.00704692,0.0071694073,0.006888759,0.006965172,0.0068634716,0.006863099,0.006849703,0.0069129434
2019-06-12,0.007892262,0.007832285,0.0076836315,0.007701349,0.007750493,0.0076560345,0.007923286,0.007717025,0.0076834676,0.0077766296,0.007713583,0.007863861,0.007831629,0.007909592,0.0076919612,0.007668611,0.007658955,0.0076379892,0.007637542,0.00768086
2019-06-13,0.007828902,0.0077689257,0.007577297,0.007683989,0.0075909314,0.0076780436,0.007833909,0.0075551835,0.0075815436,0.0075895456,0.007630151,0.0078075496,0.007671219,0.007774737,0.0075898585,0.007556346,0.0075761345,0.007535499,0.007536542,0.00757001
2019-06-14,0.0071437773,0.007053998,0.006963369,0.00695267,0.006957647,0.0069946763,0.007159483,0.0068708924,0.0069714305,0.006912675,0.0069267717,0.006986421,0.007003751,0.007154953,0.006913301,0.0071330634,0.0068667647,0.0068571237,0.006850001,0.0069136736
2019-06-17,0.007783648,0.007715356,0.007639047,0.0076359776,0.0076849875,0.007721719,0.007848319,0.0075700847,0.0076967594,0.007739004,0.007617545,0.0076103923,0.00773662,0.007874709,0.0075919745,0.0076033887,0.0075622615,0.0075657484,0.00753082,0.0076033142
2019-06-18,0.007060763,0.007067394,0.006891486,0.0069406447,0.007001069,0.0070415256,0.007146683,0.0068939445,0.0069690314,0.006993514,0.0069431034,0.006998178,0.00706124,0.007160243,0.0068972674,0.0071336594,0.0068667945,0.0068581966,0.0068463353,0.0069634435
2019-06-19,0.0070912954,0.0070572463,0.0069690463,0.006891158,0.0069604036,0.006908816,0.007161018,0.0068814126,0.00693379,0.0070272353,0.0069033024,0.0070062843,0.007022929,0.0071689305,0.0069077876,0.0071500805,0.0068577197,0.00685845,0.006848064,0.0068977443
2019-06-20,0.0074958173,0.0074819145,0.0074175564,0.0073234406,0.007373747,0.0072747585,0.0075571504,0.0072892574,0.0073587564,0.0074334857,0.007284176,0.0073756394,0.0074537215,0.0075802323,0.007288527,0.0073266295,0.007269856,0.007262301,0.0072642234,0.007323515
2019-06-21,0.008355346,0.008290302,0.0083108805,0.008224275,0.0082082115,0.008297633,0.008194905,0.008149963,0.008172985,0.008270841,0.008169141,0.008223828,0.008378115,0.008436885,0.0082620345,0.008424398,0.008175503,0.0081441365,0.008125123,0.008233633
2019-06-24,0.0087833665,0.008698549,0.00869393,0.008616816,0.008656796,0.008790534,0.008805763,0.008586522,0.00863969,0.0086529665,0.008581992,0.008597996,0.008759182,0.008844104,0.008576389,0.008829217,0.008569237,0.008541893,0.008535158,0.0086315535
2019-06-25,0.0070797917,0.006932941,0.007057321,0.006923404,0.007001188,0.007112023,0.0069142547,0.00692926,0.006990668,0.007004705,0.0069342074,0.006965962,0.0070698974,0.0071663973,0.0069121984,0.007172,0.0068733213,0.006875631,0.0068470356,0.0069363383
2019-06-26,0.0070609865,0.006907251,0.0070835915,0.0068975207,0.006974947,0.007119414,0.006873649,0.0069045243,0.0070068655,0.0069872704,0.0069300053,0.0069855717,0.00705893,0.007176366,0.006891724,0.006930929,0.0068663624,0.0068734554,0.0067929444,0.006967914
2019-06-27,0.010123994,0.010041546,0.010115143,0.009949353,0.010019373,0.009987157,0.009936567,0.009942841,0.010024589,0.010100257,0.0099754,0.009961929,0.010163095,0.010232162,0.009900119,0.010213759,0.009932201,0.009934317,0.009899717,0.010010552
2019-06-28,0.007826623,0.0077300784,0.0077746627,0.007606205,0.007670146,0.0075977263,0.0075832424,0.007589486,0.0076560644,0.0076685813,0.0076373783,0.0075918254,0.007808354,0.007886242,0.007828038,0.00786921,0.0075695184,0.007575881,0.0075553474,0.007607755
2019-07-01,0.007601124,0.0076264557,0.00753614,0.007446286,0.0074546454,0.007437822,0.0074482528,0.0074794707,0.007550758,0.007612672,0.007638362,0.0074627814,0.0076792357,0.0076977727,0.0076737073,0.007693988,0.007435572,0.007472005,0.00742906,0.0075260964
2019-07-02,0.007096794,0.0069411066,0.007070583,0.006928202,0.006954175,0.0069054184,0.0068708775,0.0068791923,0.006961432,0.0069684056,0.006949794,0.0069500473,0.007081416,0.007165399,0.0071403203,0.007134911,0.006870013,0.006870207,0.0068485406,0.0069051054
2019-07-03,0.008199569,0.008136164,0.008160543,0.008046132,0.008094188,0.0080413185,0.008008521,0.008034419,0.008125734,0.008161347,0.008093905,0.008124109,0.0082057975,0.008290749,0.008333664,0.008264881,0.008028608,0.008020159,0.007985633,0.008069228
2019-07-05,0.007246953,0.007125553,0.0071748015,0.0070282337,0.007053357,0.0070326296,0.0069990573,0.0070169535,0.0070751724,0.0070900884,0.0070712236,0.007139322,0.0071576354,0.0072862175,0.0072675613,0.0072726575,0.007023838,0.0069916067,0.0069830087,0.007081118
2019-07-08,0.0067870733,0.006661993,0.0067436663,0.006679606,0.0067167995,0.0066498336,0.0066128043,0.006666076,0.006734994,0.0067965356,0.006728482,0.006740269,0.006822732,0.0069073853,0.0068926034,0.0068973717,0.0066231904,0.0066100177,0.0065967557,0.006706488
2019-07-09,0.008011278,0.007903468,0.007890429,0.007941645,0.007898163,0.007830378,0.007786807,0.0077888635,0.007909622,0.007856231,0.007842865,0.007921871,0.007978123,0.008074563,0.007876497,0.008061465,0.0077849594,0.0077806083,0.007765603,0.0078266375
2019-07-10,0.0070439097,0.0070169386,0.006902289,0.007123318,0.0069828597,0.0068872687,0.006871563,0.0068749753,0.0069766757,0.0069981483,0.0068918285,0.006974515,0.0070579466,0.00716522,0.0071132896,0.007157084,0.0068636057,0.006857109,0.0068462756,0.0069055525
2019-07-11,0.0070959,0.0070457575,0.0069842157,0.007095259,0.0069736657,0.006889623,0.0068912026,0.0068830815,0.006988105,0.007003781,0.0068869856,0.0069346842,0.007029992,0.007168096,0.0071191606,0.0071367887,0.006886181,0.006869566,0.0068563935,0.0068918434
2019-07-12,0.0081602745,0.0081117265,0.008074414,0.008058306,0.007940855,0.008083399,0.0079681985,0.007934194,0.007926401,0.008044254,0.007960301,0.00800569,0.0081839375,0.008219715,0.008184519,0.008187871,0.007930737,0.007915478,0.007902663,0.007950719
2019-07-15,0.008120652,0.008037668,0.008076023,0.008022871,0.007930424,0.008126136,0.0078834705,0.00790615,0.007959884,0.007966336,0.007919859,0.007973682,0.008139666,0.0081545375,0.008218195,0.008157682,0.007882576,0.0078783,0.00785872,0.007934179
2019-07-16,0.005967852,0.00590862,0.0058561233,0.005868551,0.005765554,0.006004688,0.0057432917,0.0057580736,0.005869892,0.0058746156,0.005799633,0.0057947305,0.006017667,0.0060321805,0.0060168025,0.005788308,0.005747613,0.0057541695,0.0057384637,0.005794775
2019-07-17,0.0055605588,0.005486798,0.0054576513,0.0054468927,0.0053765443,0.0056088236,0.0053326455,0.005349171,0.005457532,0.005438265,0.005388063,0.005482879,0.0055894223,0.0056194034,0.005679619,0.005621847,0.0053417203,0.0053398428,0.0053219167,0.00537647
2019-07-18,0.007705596,0.0075423685,0.007671189,0.007559594,0.0075247553,0.0077977893,0.007467654,0.007489514,0.0075656143,0.0075784144,0.0075541255,0.0075418022,0.0077115563,0.0077507165,0.007820796,0.007767078,0.0074891713,0.0074651656,0.007445317,0.007526633
2019-07-19,0.008252125,0.0081063025,0.008196872,0.00810815,0.008150782,0.008321952,0.0080318265,0.0080419,0.00814658,0.008157205,0.008052226,0.008087125,0.008308735,0.008335497,0.008311834,0.008103769,0.008069035,0.008033004,0.008030456,0.008057024
2019-07-22,0.0077875373,0.007621717,0.007734385,0.0076734987,0.007695597,0.007879194,0.0075631407,0.007555094,0.0076218066,0.007678759,0.007568341,0.007570606,0.0078046736,0.007849734,0.007892024,0.00784209,0.007558566,0.007556599,0.007539582,0.0076192734
2019-07-23,0.007112947,0.0070395586,0.006994885,0.0069442955,0.0069462475,0.007132095,0.006875914,0.006866273,0.0069414196,0.007034969,0.006889221,0.006912288,0.007121053,0.007169184,0.0071433005,0.0071511683,0.0068653193,0.006866288,0.0068588075,0.0069051352
2019-07-24,0.007091087,0.0069771972,0.007031497,0.006968003,0.006932166,0.0070158956,0.006890279,0.0068861065,0.006981742,0.007026669,0.0069595394,0.006937411,0.0071487245,0.007157427,0.00713959,0.006918114,0.006875348,0.00686824,0.006860417,0.0069551137
2019-07-25,0.007793617,0.0076443073,0.0077413437,0.0076510278,0.00764313,0.00781792,0.0075575975,0.0075830636,0.007629451,0.0076663014,0.0075977114,0.0075977263,0.007800397,0.007835429,0.007773679,0.007822689,0.007586744,0.0075511453,0.007543188,0.007651117
2019-07-26,0.00711548,0.006937918,0.0070406315,0.006964293,0.006955367,0.0071592894,0.006875497,0.006892052,0.006938067,0.0070409146,0.006926414,0.0069099483,0.0071434197,0.0071603474,0.0072568324,0.0071446565,0.0068822023,0.0068652895,0.006848809,0.0069626984
2019-07-29,0.0071069864,0.0070137796,0.006937709,0.006915551,0.0069183377,0.007169422,0.0068725315,0.006919187,0.0069474992,0.0070773032,0.006963488,0.006920513,0.0071534184,0.0071496633,0.0072838482,0.006882977,0.0069012907,0.0068624136,0.006868374,0.0069643524
2019-07-30,0.0071277735,0.007027861,0.006989267,0.0069287834,0.006983441,0.0071969,0.0068998453,0.0069222865,0.0069625196,0.007111442,0.0070005474,0.0069955406,0.007153746,0.0071657267,0.007301804,0.006950718,0.0069225547,0.006891486,0.006886941,0.0070107696
2019-07-31,0.009247955,0.009151813,0.009145539,0.009069558,0.009112086,0.009287443,0.009019729,0.009041514,0.009108257,0.009198796,0.009106439,0.009110298,0.00925919,0.009292956,0.009319808,0.00903986,0.009019207,0.009003993,0.009008359,0.009105649
2019-08-01,0.009809669,0.009665977,0.009748723,0.009631228,0.009695288,0.009614628,0.009613212,0.009609636,0.009820353,0.009719651,0.009662028,0.009624433,0.009819668,0.009866353,0.009874877,0.009574499,0.009586643,0.009574559,0.009567406,0.009654012
2019-08-02,0.0019224402,0.0018131104,0.0019438681,0.0017730561,0.0018081781,0.001781967,0.0016866294,0.00171442,0.0019560573,0.0018384871,0.0017583189,0.0017753509,0.0019771275,0.0019952622,0.0017610458,0.0017277715,0.00171141,0.0017011878,0.0016800878,0.0017588106
2019-08-05,0.008397054,0.00829969,0.008383106,0.008156177,0.008219417,0.008272227,0.008140903,0.008137923,0.008388933,0.008166995,0.0082228,0.008135777,0.008392733,0.008434247,0.00813007,0.008148517,0.008146431,0.008121263,0.008058768,0.008187961
2019-08-06,0.012367245,0.012282964,0.012278926,0.01215836,0.012189578,0.01213887,0.012116056,0.012126964,0.012368586,0.012151118,0.012226265,0.0121388845,0.012341764,0.012397211,0.012110364,0.012128126,0.012130376,0.01208606,0.01204456,0.012181576
2019-08-07,0.010313522,0.010206994,0.010076623,0.010102581,0.010159668,0.010114487,0.010039743,0.010067459,0.010300543,0.010222387,0.010170605,0.0101556,0.0102955215,0.01034471,0.009980183,0.010081049,0.01005898,0.010027599,0.010035943,0.01009592
2019-08-08,0.0081581585,0.007954311,0.007943805,0.007939588,0.007982042,0.007923838,0.007886987,0.007986601,0.008148145,0.007894274,0.008000713,0.007987734,0.008137789,0.008181866,0.007846158,0.007921528,0.007963296,0.007870596,0.007871788,0.007980879
2019-08-09,0.0072026667,0.0069780764,0.0069553372,0.0069455323,0.0069529233,0.0069683907,0.0068982807,0.007041004,0.0071441648,0.006892931,0.0069860187,0.0069269952,0.007155013,0.0071972725,0.00687122,0.0069399294,0.0069192615,0.0068826196,0.006841403,0.0069975373
2019-08-12,0.0071378318,0.0070704785,0.006891143,0.006948751,0.0069195745,0.006922674,0.006925684,0.0069934097,0.007101592,0.0068795052,0.0069851694,0.0069922474,0.0071290103,0.007155415,0.0068826643,0.006895971,0.006881189,0.0068504033,0.006857228,0.0070011136
2019-08-13,0.007173505,0.006871697,0.006939825,0.0069762287,0.0069491235,0.0069017974,0.0068420586,0.0069081453,0.007108432,0.0068616685,0.0069244322,0.0069534895,0.00709663,0.0071615097,0.0068589714,0.0069604185,0.0068950322,0.0068453816,0.0068379757,0.0069818166
2019-08-14,0.007171285,0.0070490805,0.0070082066,0.006956723,0.0069261757,0.0068877754,0.0068710563,0.0069699106,0.006938797,0.0068711457,0.006918293,0.006919172,0.0071061966,0.007162404,0.0068887887,0.006916594,0.006872934,0.0068464694,0.006839272,0.006935355
2019-08-15,0.007876959,0.0077374843,0.007835355,0.007663232,0.0076727686,0.0075841215,0.0075704125,0.007582423,0.007637751,0.0076585826,0.0075957743,0.0076174405,0.007811871,0.007867631,0.00756925,0.0076355604,0.007690635,0.007557374,0.0075438884,0.007622969
2019-08-16,0.009581815,0.009414714,0.009564068,0.009395834,0.009384017,0.0093000345,0.009257402,0.009299766,0.009524684,0.009408247,0.0092998855,0.009400871,0.009524878,0.009585869,0.009279769,0.009334501,0.009314027,0.009271573,0.009260099,0.009334605
2019-08-19,0.0071713594,0.0069236127,0.007154864,0.0069455174,0.0069607315,0.00689688,0.006844726,0.006895062,0.0071235416,0.0068664965,0.0069091585,0.007072207,0.007136014,0.0071598855,0.00685164,0.0068911132,0.0068770912,0.006860834,0.0068411794,0.00698505
2019-08-20,0.007162553,0.0069168624,0.0071296063,0.0069739935,0.006978911,0.006893259,0.0069367257,0.006884363,0.007120442,0.0068698493,0.006944102,0.0070579764,0.0071015474,0.0071634618,0.006861296,0.006906044,0.006884199,0.0068628904,0.006841671,0.0069777784
2019-08-21,0.011345517,0.011074763,0.011306029,0.011216637,0.011087757,0.011123415,0.011043306,0.0110533945,0.011290383,0.011031028,0.011109766,0.011287477,0.011276301,0.011336844,0.011051934,0.011085402,0.011047747,0.011032429,0.011021968,0.011118915
2019-08-22,0.007415649,0.0073459116,0.0073818234,0.0071841893,0.0071948585,0.007203993,0.0070960787,0.0071591255,0.0073488173,0.007117,0.00718179,0.0073153344,0.007368949,0.0074103293,0.007116076,0.0071620313,0.0071316776,0.007108685,0.00709359,0.0072084335
2019-08-23,0.007164147,0.0070312587,0.0071396795,0.0069001135,0.006967273,0.0069825468,0.0068408665,0.0069405404,0.0070938882,0.00685842,0.0069183228,0.00709137,0.007150483,0.0071537164,0.0068722484,0.0068822918,0.0069005606,0.0068594334,0.006845009,0.0069837836
2019-08-26,0.008191492,0.008004006,0.008157726,0.007957887,0.008018058,0.007959928,0.00787526,0.00791594,0.008136075,0.007878881,0.007936474,0.008077528,0.008131783,0.00819644,0.007892903,0.007912394,0.007908937,0.007889908,0.007873338,0.007981416
2019-08-27,0.007303771,0.0071050343,0.007272106,0.0070769307,0.007075366,0.0070608375,0.006983709,0.007024717,0.007245165,0.0069981036,0.007067707,0.0072135446,0.007306349,0.0073046056,0.0070067164,0.007063341,0.0070116785,0.007004705,0.006986004,0.007088062
2019-08-28,0.008346524,0.008165058,0.008308511,0.00805163,0.008117791,0.008118432,0.0080254935,0.008066084,0.008203786,0.008047279,0.008114528,0.008274566,0.008289825,0.008315917,0.00803804,0.0080803,0.008131366,0.008026119,0.008014198,0.00814053
2019-08-29,0.007169765,0.006961074,0.007165384,0.0068756607,0.0069486615,0.0069102314,0.006852877,0.006880563,0.0071078804,0.0068743345,0.0069286493,0.0070884344,0.0071065095,0.007155013,0.006864336,0.0071316776,0.0068944213,0.0068564233,0.0068397787,0.0069777784
2019-08-30,0.0075253514,0.007295203,0.007522997,0.007269439,0.0073341248,0.007279974,0.0072185067,0.007243794,0.0074682054,0.007236224,0.0072592166,0.0074505624,0.007423159,0.0075233695,0.0072311726,0.0074834493,0.0072361645,0.0072165397,0.0072191325,0.0073111174
2019-09-03,0.0071752784,0.0069329557,0.007165369,0.00692023,0.0069887307,0.0069301096,0.0068589565,0.0068803844,0.0071307686,0.0068875966,0.006938499,0.00706647,0.0070745316,0.007176381,0.0068716374,0.0071416763,0.0068824855,0.0068613854,0.0068560806,0.0069469777
2019-09-04,0.0071750847,0.006942403,0.0071577546,0.006907758,0.0069739637,0.0068829474,0.0068569747,0.0068905023,0.0071380255,0.006906685,0.0069655594,0.0070709405,0.007072937,0.0071687815,0.0068747667,0.007152122,0.006870937,0.0068582264,0.0068411347,0.0069393036
2019-09-05,0.007178065,0.0068952856,0.007163745,0.0069694337,0.006980729,0.007096481,0.006865349,0.0068736193,0.007138875,0.0068918434,0.0069799093,0.0070877937,0.007082921,0.0071543423,0.0068684486,0.0071739224,0.0068672863,0.00685845,0.0068394807,0.006941688
2019-09-06,0.0058202115,0.005572882,0.0058102724,0.0056216237,0.005634424,0.005764481,0.0054985103,0.0055205193,0.0056925383,0.005535182,0.00558677,0.005672541,0.005717602,0.0058121798,0.005537328,0.0058171866,0.0055208323,0.005501446,0.0054786024,0.0055809286
2019-09-09,0.0071229753,0.0069934693,0.0071645197,0.0069216606,0.0069684056,0.0070258942,0.006849852,0.0069022444,0.0070560393,0.00689007,0.0069649634,0.007041436,0.007159036,0.007157576,0.0068945554,0.0071606454,0.0068731573,0.006873798,0.006854799,0.0069447425
2019-09-10,0.007172656,0.007010263,0.0071454463,0.006902155,0.0069497195,0.006980103,0.006851968,0.006889817,0.0070529995,0.006887865,0.0069740233,0.007070672,0.007131499,0.007158291,0.0069130627,0.007161912,0.006876659,0.0068687317,0.0068426696,0.0069684056
2019-09-11,0.007708397,0.007602882,0.0077302274,0.0075196144,0.0075794873,0.0075185117,0.00741477,0.007465821,0.007618141,0.007458445,0.00751577,0.007665467,0.0077399877,0.0077306447,0.0074503985,0.007703629,0.00745317,0.007439446,0.0074235466,0.007518765
2019-09-12,0.0071721193,0.0071395603,0.0071704206,0.0069479165,0.006968778,0.0069744107,0.0068524894,0.0069081453,0.007045519,0.006908622,0.00692178,0.007089537,0.007116672,0.007148069,0.006868523,0.007158172,0.0070142415,0.006871563,0.006842908,0.006983724
2019-09-13,0.007173952,0.007073444,0.007177111,0.0069643375,0.0069655743,0.006888908,0.0068484363,0.0068997857,0.007062104,0.006877702,0.0069101867,0.007089403,0.007114005,0.00716376,0.00684863,0.007162791,0.0068922755,0.006876957,0.006849852,0.006948721
2019-09-16,0.007840525,0.0077811745,0.007875647,0.007686731,0.007662114,0.0076208827,0.0075481352,0.0075863865,0.007784706,0.007562664,0.0076525477,0.007757586,0.007862445,0.00786243,0.007541087,0.00786164,0.007581365,0.007573199,0.0075533506,0.007661816
2019-09-17,0.0071508405,0.007153508,0.0071605113,0.006939527,0.006946933,0.0070077893,0.006841552,0.006911781,0.007063937,0.006884512,0.006934714,0.0071317223,0.007170644,0.0071481583,0.006849718,0.0071631786,0.006980252,0.0068511036,0.0068449196,0.0069776145
2019-09-18,0.007144999,0.007154089,0.007143539,0.006952238,0.0068683145,0.006990221,0.0068475124,0.006885287,0.0070466665,0.0068883863,0.0069452045,0.0070950356,0.0071710465,0.0071674255,0.00687122,0.007134792,0.006981459,0.006865394,0.0068440107,0.0069358167
2019-09-19,0.007945444,0.0079318695,0.007934283,0.007694435,0.0076382426,0.007739496,0.0076157716,0.0076739457,0.007851701,0.007639688,0.007719141,0.0078460835,0.007937517,0.007932913,0.0076174256,0.007931914,0.0076874164,0.0076430407,0.007608485,0.0077559915
2019-09-20,0.009720232,0.009706464,0.009706538,0.00949065,0.00941154,0.00947256,0.009387534,0.009426724,0.009628814,0.009608146,0.009498056,0.009633269,0.00971758,0.009705301,0.009390783,0.009675812,0.00939643,0.009405818,0.0093829,0.00947259
2019-09-23,0.0068829325,0.0068787155,0.0068696556,0.0066659865,0.0066067544,0.006671813,0.0065493104,0.0066310284,0.006824803,0.006744456,0.0066616205,0.006759387,0.0068804887,0.006860879,0.006545034,0.0068355915,0.006560233,0.006597635,0.006543037,0.006707054
2019-09-24,0.007180136,0.007164192,0.0071665016,0.00699861,0.0069239554,0.00701673,0.0068480787,0.006892931,0.007039633,0.0071103987,0.0069512245,0.0070913997,0.0071726707,0.007155862,0.0068456796,0.00713433,0.0068955836,0.006859046,0.0068408367,0.006963965
2019-09-25,0.009723928,0.0097997,0.009793218,0.009597924,0.00950503,0.0095735155,0.009478148,0.009531688,0.0096686,0.009737071,0.0095397495,0.0096949,0.0097954385,0.009789582,0.009469014,0.0097583495,0.009493317,0.009491216,0.009473767,0.009563725
2019-09-26,0.007533264,0.0076006767,0.007610467,0.0073035923,0.0073001054,0.007470649,0.007281181,0.0073079285,0.007482287,0.0073471186,0.0073747453,0.0075422493,0.007602927,0.0075866547,0.007270929,0.007564467,0.007422116,0.0072842357,0.007278603,0.007385489
2019-09-27,0.0071371463,0.007082444,0.0071820435,0.0069592264,0.0068626073,0.0069296923,0.006848928,0.006871533,0.007045072,0.006861281,0.006896895,0.0070884493,0.007174608,0.007177141,0.0068415967,0.007154566,0.0069956,0.0068559316,0.0068553803,0.006878626
2019-09-30,0.007915076,0.0078053293,0.007970583,0.0077483174,0.0076524434,0.00767709,0.007633936,0.007667419,0.007835384,0.007651266,0.0077386913,0.00787453,0.007965382,0.007966217,0.0076264855,0.007946115,0.007823151,0.0076537547,0.0076424894,0.0076907245
2019-10-01,0.0070965406,0.0070940224,0.0071817753,0.0069635925,0.006868404,0.0068930653,0.0068467376,0.0069105444,0.0070947674,0.0068820086,0.006908369,0.0070602563,0.007170972,0.007176664,0.0068396893,0.0071360436,0.006973904,0.0068591502,0.0068568257,0.006933835
2019-10-02,0.010313954,0.010369297,0.010402914,0.010163795,0.010096353,0.010088425,0.010063868,0.010109361,0.010293763,0.01008698,0.010141965,0.0103176795,0.010394257,0.0103918575,0.010060977,0.010354158,0.010257494,0.010078397,0.010069948,0.010157745
2019-10-03,0.007115763,0.007170495,0.0071831164,0.0069524315,0.006962609,0.006935638,0.006838095,0.0068871495,0.007061806,0.0068841395,0.00693233,0.007039827,0.0071744886,0.007166263,0.006839898,0.0071351347,0.007056397,0.0068627265,0.006847438,0.0069694933
2019-10-04,0.005234283,0.005301234,0.005317461,0.0050956574,0.0050424454,0.0050553796,0.004975599,0.0050510135,0.005211365,0.005015489,0.00505909,0.00516161,0.005312961,0.005304348,0.0049759564,0.005299371,0.0051108864,0.0049914536,0.004985493,0.0051312116
2019-10-07,0.0071286974,0.007163104,0.0071804193,0.0069637266,0.0068828133,0.0069350717,0.0068400768,0.0069002626,0.0070494083,0.0068803397,0.0068965373,0.0070784655,0.006967258,0.007168737,0.006838974,0.0071654287,0.0069697616,0.0068636206,0.0068449345,0.0069812057
2019-10-08,0.0071194884,0.0071623144,0.0071803895,0.006968063,0.006871101,0.00688259,0.006839436,0.0068808314,0.0071270284,0.006861728,0.0068797586,0.0071196673,0.007123944,0.007171553,0.0068390486,0.0071362075,0.0069186655,0.0068569747,0.006848779,0.006951165
2019-10-09,0.009372067,0.0094530545,0.009467389,0.009284373,0.009153035,0.009209838,0.0091283135,0.009161066,0.009436991,0.009139415,0.009172197,0.009381767,0.00936408,0.009460282,0.009129133,0.0094232075,0.009205844,0.009160455,0.009137403,0.009215426
2019-10-10,0.0071336445,0.0071660397,0.0071802554,0.0069655296,0.006859165,0.0068827835,0.0068408367,0.0068719056,0.007167977,0.0068566618,0.006872889,0.0071179983,0.0070274887,0.0071769175,0.006839257,0.0071503636,0.0070178774,0.006892946,0.0068436232,0.0069159833
2019-10-11,0.006083515,0.006130409,0.0061434326,0.005909976,0.0058164564,0.0058563915,0.005804282,0.0058488664,0.0061346707,0.0058296886,0.0058437553,0.00604887,0.005985957,0.0061401096,0.005802956,0.0061106053,0.005902585,0.0058506248,0.0058103767,0.0058847186
2019-10-14,0.006528136,0.0066150543,0.0066273627,0.006322932,0.0064822403,0.006346431,0.006287944,0.006352183,0.0065904525,0.006323364,0.0063513634,0.0065094796,0.006458741,0.006622937,0.0062867072,0.006592792,0.006427419,0.0063230363,0.0062905815,0.0064138887
2019-10-15,0.007165399,0.0071654734,0.0071754423,0.006864634,0.007058364,0.00695416,0.0068429974,0.006874543,0.007145819,0.006853726,0.0068847057,0.0071232584,0.006994587,0.007173371,0.006843936,0.007150304,0.0069682715,0.0068718013,0.006836247,0.006937411
2019-10-16,0.0071734604,0.007168394,0.007179674,0.0068686423,0.0070365337,0.006934401,0.00684185,0.0068818,0.007149097,0.006853041,0.0068830666,0.007138368,0.0070214835,0.007171389,0.0068397936,0.0071503636,0.0069445637,0.0068776724,0.0068346974,0.006971684
2019-10-17,0.007174131,0.0071571735,0.0071547595,0.0068621305,0.007037666,0.0069614616,0.0068505225,0.0068630395,0.0071371165,0.006849658,0.006880921,0.007121068,0.007017058,0.007176575,0.0068657366,0.0071502742,0.0069419113,0.0068755415,0.0068407026,0.0069337008
2019-10-18,0.0071523604,0.0071651307,0.0071684537,0.006859046,0.0070246723,0.0068751094,0.00685389,0.0068610874,0.007139277,0.0068568406,0.0068827537,0.0071179536,0.007026505,0.007171881,0.006850448,0.0071503785,0.006957811,0.0068687615,0.006840315,0.0069655594
2019-10-21,0.007161331,0.0071701673,0.0071772602,0.0068704453,0.0070287255,0.0068699387,0.0069216755,0.006871399,0.0071405736,0.006862652,0.0068823514,0.0071228114,0.007007253,0.007171851,0.006841567,0.0071503636,0.0069028405,0.0068639633,0.0068363515,0.0069999513
2019-10-22,0.0071475026,0.0071718213,0.0071786908,0.0069378433,0.0070300517,0.0068574515,0.00684714,0.0068796095,0.0071680513,0.0068848548,0.0069053737,0.00711475,0.0069391695,0.007164907,0.0068405387,0.007150289,0.006876197,0.0068628904,0.006842163,0.0069996235
2019-10-23,0.00716376,0.0071839807,0.0071798083,0.006870058,0.007064503,0.006858286,0.0068565127,0.0068721143,0.0071396646,0.0068562147,0.0069016484,0.0069736955,0.007065606,0.00717124,0.0068395254,0.0071502146,0.006982204,0.0068542627,0.0068360087,0.006968018
2019-10-24,0.0071604666,0.007172507,0.007164773,0.0068695364,0.0070897606,0.006888103,0.0068461564,0.0068867323,0.00717054,0.0068554995,0.0069058654,0.007088807,0.0070505706,0.007169884,0.006855112,0.0071503636,0.0069770482,0.006873947,0.0068428335,0.006953415
2019-10-25,0.0071546105,0.007177752,0.0071787057,0.006868717,0.0070845005,0.0068729487,0.006848347,0.0068807867,0.007044044,0.006859165,0.006898206,0.007098746,0.0070338813,0.007173192,0.006840464,0.0071502742,0.0069619236,0.006852564,0.00684182,0.0069085774
2019-10-28,0.007148501,0.007179391,0.007181209,0.0068732915,0.007069942,0.0069100973,0.006840032,0.0068845865,0.006985348,0.0068582115,0.0068850485,0.0069759157,0.0071307686,0.0071598706,0.006842744,0.0071501103,0.00696322,0.006828156,0.0068425355,0.0069233146
2019-10-29,0.007138711,0.007179391,0.007182446,0.0068902937,0.0070307073,0.006866884,0.00684033,0.0068799225,0.007016119,0.0068549034,0.0069049117,0.006990072,0.0071205464,0.0071707633,0.006840375,0.0071500656,0.0069096354,0.006851357,0.0068476168,0.0069249836
2019-10-30,0.010127377,0.010163497,0.010161903,0.009888064,0.009972613,0.009839978,0.009829085,0.0098962,0.010088827,0.009856131,0.009898331,0.009957429,0.01010507,0.010144021,0.009824004,0.010129746,0.009923603,0.009780612,0.00982539,0.00993548
2019-10-31,0.008120637,0.008179452,0.008181568,0.007966336,0.00804707,0.007864814,0.0078445785,0.007884901,0.008131992,0.007893916,0.007915746,0.008018043,0.007921692,0.008166637,0.007844936,0.008145567,0.0079755,0.007856395,0.007844921,0.007908311
2019-11-01,0.01139855,0.011442836,0.011446517,0.01122221,0.011299413,0.011126619,0.011103999,0.011177298,0.011368897,0.011165362,0.011187952,0.011272591,0.011199649,0.011424508,0.0111113,0.011411276,0.011179324,0.01113553,0.011107709,0.011226054
2019-11-04,0.00579327,0.005865794,0.005863842,0.0056965915,0.0057124016,0.0055492786,0.0055321124,0.0055925217,0.005771872,0.0055803326,0.0056201187,0.0057016728,0.0056060967,0.0058525917,0.005534169,0.0058334735,0.0055678305,0.005554047,0.005533215,0.0056450483
2019-11-05,0.007128742,0.007146534,0.007039618,0.006972742,0.0069957045,0.0068746177,0.0070473966,0.006892216,0.007075113,0.006886017,0.006906223,0.0070217964,0.006909978,0.0071705696,0.00686447,0.0071502742,0.0069277105,0.0068819043,0.0068606106,0.0069495556
2019-11-06,0.0071021286,0.0071526137,0.0071349707,0.006967705,0.006979969,0.007004228,0.0068809655,0.0070163873,0.007069316,0.006893125,0.0069156257,0.0070734886,0.006898236,0.007167485,0.0068536517,0.007150036,0.0068718013,0.006892201,0.006856915,0.006954458
2019-11-07,0.008010577,0.008048173,0.008025762,0.007831808,0.0077614305,0.007776004,0.007749614,0.007874664,0.007936444,0.0077701327,0.007815432,0.0080037825,0.007779863,0.008053895,0.007735562,0.008031037,0.007846694,0.0077565876,0.007730272,0.007817116
2019-11-08,0.0071003702,0.0071625826,0.0071471003,0.0069609997,0.006868806,0.006869462,0.006846797,0.0070058075,0.0070419726,0.006867018,0.006910306,0.007110384,0.0068839607,0.007178035,0.006852087,0.00715017,0.0069999364,0.006873232,0.0068407473,0.0069007543
2019-11-11,0.0071577397,0.007148516,0.0071695116,0.006874141,0.0068543223,0.00692479,0.00685012,0.0069671986,0.007069644,0.006866407,0.00690214,0.007008594,0.0070472476,0.007163715,0.006853041,0.00715014,0.0068794307,0.0068773893,0.006840628,0.0069193062
2019-11-12,0.0071597663,0.007149991,0.0071648327,0.0068773893,0.0069617745,0.0069155064,0.0068598804,0.0069818613,0.007053342,0.0068802205,0.006908369,0.0070540276,0.0068932143,0.0071607647,0.006854531,0.0071502295,0.0068989513,0.006910142,0.0068421927,0.0069304076
2019-11-13,0.007148531,0.007150155,0.0071782735,0.0068655726,0.0068672565,0.0069272337,0.006841671,0.006983724,0.007067856,0.0068619815,0.0069049266,0.0070700464,0.006877717,0.007168424,0.006860253,0.0071500954,0.006982085,0.00698958,0.0068642017,0.007029113
2019-11-14,0.007140082,0.007150185,0.0071788398,0.006874141,0.0069703576,0.006931883,0.006841701,0.0069658575,0.0070559946,0.006872576,0.0069385734,0.0070243594,0.006894496,0.00716148,0.0068645147,0.0069465456,0.006967452,0.0069497195,0.0068579135,0.0069675264
2019-11-15,0.0071522114,0.0071502593,0.0071791974,0.006868672,0.0069914875,0.0069878963,0.0068414477,0.0069562164,0.0070200083,0.0068775383,0.0069387523,0.0070478884,0.006872487,0.0071556834,0.006847006,0.007130292,0.006894734,0.0069492725,0.0068424908,0.0069560823
2019-11-18,0.008350562,0.008347597,0.008322712,0.008077618,0.008191314,0.008164059,0.00809909,0.00820997,0.008251991,0.008083101,0.008126151,0.008246493,0.008085992,0.008359905,0.00805841,0.008342128,0.008080166,0.008104797,0.008057635,0.008165296
2019-11-19,0.0073220697,0.007319313,0.007343289,0.007043999,0.007101935,0.007076707,0.007019725,0.00719611,0.0072071073,0.0070698825,0.007133436,0.007238236,0.007060122,0.00732882,0.0070189503,0.007316452,0.007068467,0.007053998,0.007021275,0.007128936
2019-11-20,0.007149887,0.0071504978,0.0071280715,0.006865811,0.0069425222,0.0068662283,0.0069219884,0.007012796,0.007092294,0.006876346,0.0070483056,0.0070047346,0.006907013,0.007146117,0.0068650213,0.00714865,0.006902304,0.006879252,0.006884989,0.0069401083
2019-11-21,0.008986216,0.008993667,0.008841839,0.008722346,0.008826431,0.008695941,0.008782279,0.008845206,0.008939993,0.008727249,0.008857917,0.008828428,0.008751329,0.009001609,0.008713674,0.008992579,0.0087361,0.008733612,0.008696821,0.008815642
2019-11-22,0.007136312,0.007150468,0.0070614335,0.0068698195,0.0069742617,0.006848302,0.006880131,0.006950837,0.007083532,0.00687277,0.0069598225,0.0070355055,0.006894332,0.007163417,0.006866392,0.0070324806,0.006912869,0.0068741855,0.006867152,0.0069224653
2019-11-25,0.005702075,0.0058170226,0.0056586084,0.0055937734,0.0055980203,0.0055226353,0.005543154,0.0056410846,0.0057713655,0.0055420664,0.005603221,0.0057028946,0.005562019,0.00583097,0.005532664,0.00568476,0.005561751,0.0055363444,0.005528283,0.0055877534
2019-11-26,0.0071411994,0.0071504232,0.0070231226,0.006882113,0.00692555,0.006855425,0.0068592546,0.007006791,0.0071042296,0.0068733213,0.006953698,0.00693233,0.0069015143,0.0071568307,0.0068624434,0.006922629,0.0068968353,0.0069079367,0.0068612513,0.0069622365
2019-11-27,0.0071426597,0.0071501997,0.0071520177,0.006867927,0.006867897,0.0068622795,0.0068520424,0.0069740084,0.007098448,0.00705443,0.0069896993,0.0069806245,0.006891128,0.007077169,0.0068569,0.006907728,0.006861177,0.006874111,0.006848153,0.006907549
2019-11-29,0.008365434,0.008351278,0.008369293,0.008077424,0.008066695,0.008057978,0.0080536865,0.008177813,0.008290451,0.008293521,0.008203667,0.008195858,0.008087512,0.008360174,0.008057278,0.008117791,0.008084293,0.008067589,0.008049782,0.008150633
2019-12-02,0.0071614203,0.007150438,0.007168245,0.0068687913,0.006860089,0.0068618027,0.006845769,0.0070123193,0.007048082,0.0071276543,0.006909978,0.0070306924,0.0068722633,0.007168245,0.0068498966,0.006877404,0.0068681804,0.006862339,0.0069901315,0.006958675
2019-12-03,0.0071606454,0.007150453,0.007165205,0.0068767783,0.0069321957,0.0068798927,0.0068515358,0.00699712,0.007058513,0.0071226475,0.006909516,0.007059243,0.0069079367,0.007163447,0.006852564,0.006878179,0.0068758843,0.006863427,0.006852236,0.0069410023
2019-12-04,0.007165414,0.007150483,0.0071695414,0.0068714735,0.0069125113,0.006855276,0.0068573025,0.006988999,0.007053849,0.0070825038,0.006911498,0.007069361,0.006906044,0.0071689305,0.006853905,0.0069156555,0.0069019464,0.0068705943,0.006842118,0.0069111404
2019-12-05,0.0071609584,0.007150334,0.007175055,0.006872636,0.006922838,0.0068585244,0.0068458137,0.0069265035,0.0070302603,0.0071000424,0.0069897887,0.007025492,0.006931838,0.007159841,0.0068512824,0.0069963452,0.006901112,0.0068655876,0.006894019,0.0069555906
2019-12-06,0.0071509746,0.0071421084,0.0071655777,0.006872129,0.0069221077,0.0068782535,0.006860208,0.006935191,0.007024419,0.007069823,0.006938648,0.006905299,0.006893289,0.0071703014,0.006856036,0.0069222418,0.006926846,0.0068646637,0.006849718,0.0069343713
2019-12-09,0.0071348664,0.007142913,0.007150438,0.0068747667,0.007103589,0.006874424,0.006870177,0.006945726,0.007060778,0.0070446846,0.00697003,0.0068760184,0.0069064763,0.0071657714,0.0068580774,0.006947857,0.006921482,0.0068835584,0.0069184867,0.0069587496
2019-12-10,0.007122558,0.007147026,0.007137817,0.0068717864,0.007120889,0.0068651256,0.0068830517,0.0069323895,0.0070442674,0.007075798,0.006967556,0.007039201,0.0068984297,0.007174101,0.006858271,0.006947812,0.00693607,0.006874841,0.006851223,0.0069378433
2019-12-11,0.009135913,0.00916655,0.008977603,0.008893874,0.009136092,0.00890423,0.009089168,0.008992206,0.009052794,0.009132516,0.008985337,0.009051349,0.0089189075,0.009200942,0.0088819675,0.008985724,0.008950304,0.0088952,0.008863937,0.008976575
2019-12-12,0.0072980043,0.0073154834,0.007271659,0.0070362953,0.0072821346,0.0071950224,0.00706951,0.007137206,0.0072282073,0.0072702584,0.0071048555,0.0071917144,0.007148501,0.0073537794,0.007029709,0.0070365337,0.0070895967,0.0070373234,0.007019114,0.007070404
2019-12-13,0.0069582877,0.007149693,0.0071349856,0.0068684933,0.0071214703,0.007053089,0.0068794754,0.006972831,0.007047322,0.00708836,0.0069090095,0.007052791,0.0069936183,0.0071754423,0.0068621305,0.0068911132,0.0068584946,0.0068711755,0.006884497,0.0068925736
2019-12-16,0.006066319,0.0062129465,0.0061288443,0.005932775,0.00618526,0.006099191,0.006064218,0.0059786704,0.006130707,0.006164622,0.0059960303,0.006151211,0.006015089,0.006237161,0.0059233275,0.006050971,0.005924475,0.0059332964,0.006086853,0.0059729633
2019-12-17,0.0071056006,0.007148337,0.0070639816,0.0068744686,0.007104021,0.0070206937,0.00687879,0.0069047776,0.0070617762,0.007111382,0.0069774655,0.007009965,0.0069896993,0.007169273,0.0068699834,0.006990027,0.006886181,0.0068702367,0.006995511,0.006962013
2019-12-18,0.012376066,0.012390491,0.012202095,0.012115192,0.012337055,0.0122478865,0.012119453,0.012129288,0.012321245,0.012311932,0.012198772,0.012270447,0.0122114085,0.012408342,0.012111928,0.012239289,0.012106862,0.012113448,0.012298312,0.012189146
2019-12-19,0.0071327058,0.0071502295,0.0071199057,0.0068649766,0.0071058986,0.0070266393,0.006852251,0.006870028,0.007060018,0.0070644584,0.0069482294,0.007112306,0.0069182036,0.007162389,0.0068651554,0.006955218,0.0068648425,0.006870773,0.0070552495,0.00698131
2019-12-20,0.007101294,0.007150125,0.0070377556,0.0068690744,0.0071184156,0.007051539,0.006871533,0.006876227,0.0070475754,0.007082325,0.0070885834,0.0069065955,0.0069581536,0.0071648327,0.0068717417,0.0069774208,0.0069214073,0.0068741855,0.006891575,0.0069447127
2019-12-23,0.0070676175,0.007150289,0.0071229604,0.0068835584,0.007107523,0.007012781,0.0068478105,0.0069206473,0.007085752,0.0069745597,0.006964263,0.006979805,0.0070594964,0.007162374,0.0068617878,0.0069373515,0.006867644,0.0068912623,0.006869119,0.007014465
2019-12-24,0.0070331064,0.0069705513,0.0070490506,0.0068861214,0.007107344,0.0070023206,0.006863725,0.0069040773,0.007046115,0.007087898,0.00704841,0.007085156,0.0069730696,0.007162836,0.006888431,0.006958541,0.0068787304,0.0068687317,0.0068906513,0.0069423434
2019-12-26,0.0070237634,0.006963667,0.0071247187,0.0068735746,0.007116985,0.0069070426,0.0068429527,0.0068815765,0.0069201705,0.0071324524,0.007032406,0.007092115,0.0069391844,0.007165995,0.006820884,0.0069274125,0.00688554,0.00685769,0.0068459776,0.0069592563
2019-12-27,0.0071383235,0.006992486,0.0071363267,0.0068671224,0.0071103093,0.006933939,0.006852266,0.0069052544,0.00700694,0.0070789573,0.0069192913,0.0070850817,0.006901887,0.0071664867,0.006944385,0.00689539,0.006901097,0.0068603572,0.0068520424,0.0069370386
2019-12-30,0.007103738,0.0069536534,0.0071411696,0.0068821874,0.007097539,0.006904107,0.0068528173,0.006908488,0.0070199785,0.00709365,0.007032391,0.0070587364,0.006928962,0.0071465787,0.006880742,0.006961387,0.006884378,0.006865856,0.0069307503,0.0069703427
2019-12-31,0.0070490357,0.0069735763,0.007141125,0.0068903533,0.007104647,0.0068501798,0.0068521765,0.006907445,0.0070213345,0.007090178,0.007064056,0.0070270863,0.006963533,0.0071627316,0.006869313,0.0069552776,0.0069727567,0.0068719354,0.006877464,0.006961238
2020-01-02,0.0070855585,0.006932151,0.007146087,0.0068812636,0.007092294,0.0068578687,0.006847557,0.006931823,0.0070049134,0.0071052727,0.007053685,0.0070392457,0.006940749,0.007164326,0.006881964,0.006984141,0.0069014993,0.006864291,0.006847125,0.006991994
2020-01-03,0.0071265963,0.0069402126,0.0071447906,0.006868419,0.0071189073,0.0068722484,0.0068488535,0.0068755117,0.007007387,0.00709587,0.006928813,0.0070147333,0.0070026186,0.0071716723,0.0068651703,0.0069276807,0.0068773297,0.006867778,0.00688107,0.006924194
2020-01-06,0.007110071,0.0069545475,0.0071337637,0.006865036,0.0071018157,0.006858718,0.0068683145,0.006871548,0.007017192,0.0070554283,0.006892216,0.007041168,0.0069985357,0.0071749804,0.0068707434,0.0069578555,0.0069346693,0.006869894,0.0068616387,0.0069232997
2020-01-07,0.008268651,0.008083548,0.008262616,0.007992875,0.00822651,0.007969391,0.007970538,0.008002069,0.0080788545,0.008240845,0.008008119,0.008210268,0.008099224,0.008301657,0.007984545,0.008051466,0.007990267,0.007988345,0.007972147,0.0080339275
2020-01-08,0.008449983,0.008231398,0.008453827,0.008191492,0.008433279,0.008165117,0.008162107,0.008206349,0.00834943,0.008415427,0.008256879,0.008368742,0.008301314,0.008495595,0.008183252,0.008201044,0.008186784,0.008187097,0.008169856,0.008221533
2020-01-09,0.007910561,0.0077466634,0.007942375,0.0076955077,0.007898059,0.0076517877,0.0076626656,0.0077027497,0.007823821,0.007916909,0.007756662,0.0077995923,0.0077879247,0.007973459,0.0076649007,0.0077000675,0.007769611,0.0076744226,0.0076613543,0.0077247736
2020-01-10,0.0070944247,0.006983843,0.0071497825,0.006941494,0.0070675877,0.0068451134,0.006841835,0.0068919775,0.0070341495,0.007099983,0.0069290367,0.007031393,0.0070157615,0.007159483,0.0068633524,0.0069234935,0.006889921,0.006867197,0.0068515507,0.006912541
2020-01-13,0.007110816,0.0070143905,0.0071411696,0.0069091436,0.0071090427,0.0068817404,0.006853577,0.006904718,0.0070404527,0.0070989695,0.006930974,0.007048842,0.006981578,0.0071701226,0.006865364,0.00689691,0.0068738577,0.006869879,0.006860715,0.0069242534
2020-01-14,0.007124242,0.0068936315,0.0071472493,0.0068838117,0.007118356,0.0068903235,0.0068413136,0.0068855104,0.0069737104,0.0071123955,0.007032123,0.007069376,0.006911513,0.007167977,0.0068637994,0.006909099,0.006866586,0.0068639484,0.006852102,0.0068938104
2020-01-15,0.0065625575,0.0063266126,0.00657877,0.0062907604,0.0065182564,0.006281179,0.006268662,0.0063010273,0.0064576534,0.0064847586,0.006446224,0.006410387,0.0063852337,0.006587666,0.006285694,0.0063245413,0.0062815514,0.0062806723,0.0062720445,0.006333035
2020-01-16,0.007135984,0.0069046435,0.0071487245,0.006861147,0.007096645,0.006916147,0.0068419245,0.0068735597,0.007045847,0.0070894775,0.006982681,0.006982502,0.006946143,0.0071755764,0.0068630395,0.00699107,0.006863725,0.0068631885,0.0068512824,0.0068872687
2020-01-17,0.009989288,0.00982831,0.010015901,0.009736251,0.009976741,0.009761866,0.009709325,0.009742063,0.0099218,0.009947713,0.009830918,0.009880122,0.009839665,0.010044422,0.009723883,0.009798061,0.009726968,0.009736028,0.009733167,0.0097660385
2020-01-21,0.009158026,0.008980688,0.009172257,0.008895885,0.00909337,0.00891998,0.008878227,0.008910146,0.009102639,0.00908443,0.008993473,0.009035002,0.009026643,0.009204265,0.008878093,0.008957442,0.008886587,0.008890938,0.008885097,0.008941393
2020-01-22,0.007140335,0.0069402424,0.007150766,0.0068705496,0.00709888,0.0068822918,0.006865826,0.0068761674,0.007059124,0.0070666787,0.0069880304,0.0069925305,0.0069503305,0.007177469,0.0068569747,0.006947812,0.0068535325,0.0068720547,0.0068574813,0.006912988
2020-01-23,0.0071544913,0.0069468585,0.00712299,0.0068649766,0.007053685,0.0069159833,0.006861177,0.00687727,0.007091683,0.0070883897,0.0069868383,0.007129472,0.0069491235,0.007168826,0.006857824,0.00703707,0.0068499413,0.0068597314,0.0068609086,0.006923285
2020-01-24,0.007143822,0.006942716,0.0071303663,0.0068652,0.0070815203,0.0068859127,0.006863099,0.006890115,0.0070807305,0.007074204,0.0069244322,0.00714108,0.0070015755,0.0071707633,0.0068556783,0.00693379,0.006853011,0.006866899,0.0068704304,0.0069643524
2020-01-27,0.0066212383,0.0064107445,0.0066048023,0.0063225296,0.006573659,0.0063403216,0.0063096103,0.006335866,0.0065129367,0.0065055457,0.0063828495,0.0065789935,0.0064534214,0.006639522,0.0063183275,0.0064006564,0.0063201156,0.0063452837,0.006320369,0.0063906726
2020-01-28,0.0071357605,0.006930631,0.007102337,0.0068632034,0.007120576,0.0068768677,0.0068611917,0.006877568,0.0070331213,0.0070849922,0.006900978,0.007145923,0.007032287,0.0071740416,0.006865394,0.0069596884,0.006871414,0.006901246,0.006857377,0.006910306
2020-01-29,0.007138428,0.0070372787,0.007077795,0.0068605957,0.0071101305,0.006897923,0.0068671224,0.006870967,0.0069412705,0.0071447757,0.0069538173,0.0071653244,0.0069895056,0.0071729687,0.0068577644,0.006950256,0.0068678525,0.006858003,0.006867897,0.006923419
2020-01-30,0.0105290525,0.010329839,0.010403749,0.010233026,0.010410663,0.010260295,0.010241907,0.01025429,0.0103225075,0.010540854,0.010311585,0.0104922615,0.01039071,0.010543507,0.010243978,0.010404494,0.010239836,0.010238972,0.010239165,0.01031686
2020-01-31,0.009384107,0.009287979,0.00932857,0.009094711,0.009271678,0.009120163,0.009099316,0.009111207,0.009210106,0.009406503,0.009147521,0.009394702,0.00924268,0.009416785,0.009093266,0.009175535,0.009099986,0.009100761,0.009111863,0.009158578
2020-02-03,0.0050613997,0.0049812165,0.00498369,0.004770827,0.004929584,0.004794669,0.0050189313,0.00479452,0.0048569557,0.0048099575,0.004904431,0.0050876257,0.0049129096,0.0050927964,0.0047815857,0.0049145785,0.004864466,0.004773822,0.004783314,0.004866105
2020-02-04,0.007153001,0.007112291,0.00713354,0.0068539795,0.0070266393,0.0068743643,0.006870162,0.0068768677,0.0069285003,0.0068666902,0.0069964346,0.0071496335,0.007004541,0.0071783033,0.006849092,0.006876048,0.0069104847,0.006854546,0.006851074,0.0069580344
2020-02-05,0.007143494,0.006971967,0.0071618226,0.0068540243,0.007000786,0.0068534133,0.0068500307,0.006875929,0.0070179966,0.006858003,0.007104453,0.007157069,0.0069514182,0.007177141,0.006845337,0.0068656174,0.006873932,0.0068524745,0.0068512526,0.0069090393
2020-02-06,0.00713813,0.007058498,0.0071120826,0.0068607894,0.0071133194,0.0069131074,0.006860819,0.006890711,0.006994855,0.0068781343,0.0070870784,0.0071431664,0.007017937,0.0071782735,0.006858107,0.0069685546,0.006866601,0.0068563786,0.0068527726,0.0069840965
2020-02-07,0.0071375486,0.006951746,0.007124525,0.0068700877,0.0071352837,0.0068693724,0.006858256,0.006884363,0.0069920537,0.006883916,0.007106599,0.0071582464,0.0070420024,0.007171553,0.006866586,0.0069090393,0.0068678376,0.0068587926,0.0068524894,0.0069591817
2020-02-10,0.00713661,0.0071112034,0.0071176854,0.0068598953,0.0071491566,0.0068608043,0.006861147,0.0068757203,0.0070102927,0.0068741557,0.007112351,0.007059079,0.0070819226,0.0071724025,0.006862667,0.006995004,0.0068640527,0.00685696,0.0068539497,0.0069067595
2020-02-11,0.007389885,0.0073363897,0.007360485,0.007111576,0.0073546586,0.007123765,0.007117775,0.007126611,0.007213902,0.0071356264,0.0073810783,0.007350248,0.0072858897,0.007409644,0.0071065393,0.007235047,0.007116538,0.007099372,0.0071013984,0.0071760532
2020-02-12,0.006518912,0.0064666984,0.006473225,0.006234553,0.0064786193,0.006240439,0.0062400666,0.006252196,0.0063144085,0.0062485603,0.0065036383,0.0064911214,0.006408375,0.0065476713,0.0062435833,0.006397557,0.006249037,0.0062298295,0.00622822,0.006282803
2020-02-13,0.008127671,0.008077364,0.008042689,0.007860359,0.008038159,0.007844459,0.0078458,0.007849287,0.007974293,0.007871386,0.008117866,0.008096319,0.008025166,0.008153435,0.00784358,0.008043181,0.007849466,0.00783835,0.0078370385,0.007896598
2020-02-14,0.0071419296,0.0069604036,0.0070870635,0.0068440703,0.007054564,0.0068426994,0.0068431017,0.0068533686,0.006950569,0.0068464247,0.007104632,0.0071030525,0.007047635,0.0071570245,0.006851074,0.00698505,0.0068523404,0.006841105,0.0068425653,0.0069027212
2020-02-18,0.008498069,0.00835396,0.008438181,0.008192521,0.008399468,0.0081948005,0.008193132,0.008198556,0.008305278,0.00819191,0.008455973,0.008483853,0.008414771,0.008508217,0.008193668,0.00832003,0.00818887,0.008191224,0.008184385,0.008246463
2020-02-19,0.0071596173,0.0070391563,0.0071029034,0.0068547246,0.007034343,0.0068859574,0.006862026,0.006868359,0.0069931117,0.00686973,0.007125404,0.007136863,0.007047471,0.007183921,0.0068636653,0.006954801,0.0068574366,0.0068709967,0.0068578837,0.006887999
2020-02-20,0.0071436134,0.0070910123,0.007019442,0.0068607745,0.0070428667,0.0068744984,0.006862056,0.006867778,0.0070294854,0.006871697,0.007094797,0.007154953,0.007036936,0.0071864543,0.006865811,0.0069364277,0.0068601635,0.0068667796,0.0068542776,0.006898966
2020-02-21,0.007160869,0.006953117,0.007105839,0.0068577495,0.0071127084,0.006872472,0.006857109,0.006871518,0.0070211855,0.00687429,0.0070902226,0.0071550426,0.007013705,0.0071733263,0.0068625626,0.006940421,0.0068686125,0.0068581966,0.0068479595,0.006923136
2020-02-24,0.0067748395,0.006578487,0.006733459,0.0064754602,0.006739926,0.0065375385,0.0064739105,0.006483924,0.0066284207,0.0064851907,0.0067181108,0.006762665,0.006629419,0.0067929444,0.00647853,0.006517392,0.0064778295,0.0064784703,0.006469351,0.0065435288
2020-02-25,0.0071620014,0.0069002775,0.007165816,0.0068494943,0.0071409014,0.006851208,0.0068441895,0.006868687,0.0069875685,0.00687128,0.00712299,0.0071550724,0.007044312,0.007178214,0.006849703,0.006858554,0.006871548,0.0068684933,0.006859165,0.0069061783
2020-02-26,0.0071208444,0.006900039,0.0071472493,0.0068437126,0.0070634005,0.006857854,0.0068515358,0.0068730083,0.0069949445,0.0068835136,0.0070950207,0.007173386,0.0070567993,0.0071885553,0.0068526384,0.0069070277,0.0068725613,0.007079449,0.006854367,0.0069026616
2020-02-27,0.007113513,0.00688858,0.0071713,0.0068465886,0.0070492444,0.0068568853,0.006843966,0.006868106,0.007020232,0.0068833795,0.007093903,0.007164907,0.007026699,0.0071817604,0.006845933,0.0068591353,0.0068657366,0.0068984595,0.0068532196,0.006915998
2020-02-28,0.0071203974,0.00691345,0.0071274755,0.006802332,0.007096764,0.0068119434,0.0068058637,0.006837499,0.0069599864,0.0068536666,0.0070297685,0.007123169,0.006994393,0.0071416316,0.0068045077,0.0068603125,0.0068431464,0.0068411944,0.0068028686,0.0068823514
2020-03-02,0.0076551405,0.0076238927,0.007684004,0.0073534665,0.007637125,0.007349011,0.0073812124,0.0074834195,0.0073873815,0.007434648,0.0075788614,0.007671323,0.0075262305,0.007687655,0.0073486236,0.0076308963,0.0073873666,0.0073968438,0.0073546288,0.007436123
2020-03-03,0.0067249504,0.006658238,0.006690946,0.00638431,0.006836843,0.0063902405,0.006675434,0.0064318296,0.006505337,0.0064229486,0.0066144285,0.0066728857,0.0065618274,0.006744426,0.0064241257,0.006600019,0.0064093587,0.0064732847,0.0063858298,0.006459516
2020-03-04,0.00498597,0.004948285,0.004996341,0.0046633747,0.0049682525,0.0046688286,0.0046360013,0.004694995,0.0046930877,0.004711461,0.0048901555,0.0049575833,0.004865926,0.005007994,0.0046674875,0.004699674,0.004676905,0.004698944,0.0046663103,0.0047282246
2020-03-05,0.0071698395,0.007130083,0.0071770963,0.007099521,0.0069575873,0.0068536666,0.0067793843,0.0068846312,0.006927949,0.006889787,0.007065144,0.0071502295,0.006887075,0.0071758446,0.0068446365,0.006870326,0.006852996,0.006873366,0.0068444726,0.006976601
2020-03-06,0.006259304,0.006216195,0.00625765,0.006204587,0.0060769883,0.005933952,0.0058636186,0.0059696254,0.0059654233,0.0059768227,0.006177586,0.006231275,0.006150138,0.006259006,0.0059362766,0.00595462,0.0059477654,0.005944532,0.0059284386,0.006071311
2020-03-09,0.0032846746,0.0032522795,0.0033257124,0.0032738862,0.0032718894,0.0030861315,0.0032759574,0.0030284342,0.0030096439,0.003023636,0.0032415655,0.0032947925,0.0030737338,0.003331643,0.0029911217,0.0030161408,0.0030445722,0.0030122814,0.0030074087,0.003137153
2020-03-10,0.007091191,0.0069283214,0.007174131,0.006945592,0.0069684205,0.0070797172,0.006886747,0.006911349,0.0068619815,0.0069465605,0.0070121256,0.007109922,0.007025477,0.0071826545,0.0068550673,0.006857064,0.006941807,0.0068717417,0.0069106338,0.0069954363
2020-03-11,0.00805309,0.00796273,0.008188035,0.007931542,0.007994439,0.007891726,0.007876124,0.007923331,0.007881951,0.008034404,0.008004364,0.0081607215,0.008054923,0.008198064,0.0078688525,0.00788651,0.00792193,0.0079908185,0.007916238,0.008009028
2020-03-12,0.0076777753,0.0075742123,0.007788193,0.007532802,0.0075732884,0.0074799773,0.007454228,0.007502657,0.0077205417,0.007591587,0.0076115993,0.0077350554,0.007493001,0.0077912477,0.007467982,0.007499036,0.0075396863,0.0075278846,0.0074607995,0.0075728414
2020-03-13,0.007052493,0.0069405404,0.007176515,0.0068605063,0.006962624,0.007087749,0.0068434444,0.0068885353,0.007120919,0.0069838134,0.0070207086,0.0071074483,0.0068854955,0.0071669486,0.006845903,0.0069383797,0.006939825,0.006891471,0.0070924875,0.0069038984
2020-03-16,0.0070133624,0.00694063,0.007171255,0.0069628176,0.006994691,0.0068734554,0.007112798,0.0069067595,0.0070276526,0.006984797,0.006998938,0.007103127,0.0068981615,0.0071686623,0.006843027,0.0069254753,0.006861266,0.006849718,0.007116091,0.006917652
2020-03-17,0.0070109335,0.0069719073,0.007179138,0.0068545756,0.006889519,0.007105079,0.007170048,0.006881621,0.007022929,0.006987315,0.0070003388,0.0071478453,0.0068738875,0.0071775583,0.006840524,0.006964412,0.006889176,0.0070935157,0.0071149436,0.0070346263
2020-03-18,0.007944103,0.007879954,0.008096691,0.007774931,0.0078202,0.007809725,0.008051049,0.00781418,0.007937383,0.007908966,0.007924955,0.0080526285,0.007988494,0.008098569,0.0077603427,0.007793796,0.00782774,0.0077694175,0.007967602,0.007846888
2020-03-19,0.008474272,0.008350205,0.008588668,0.008359995,0.008337211,0.008514892,0.008570503,0.008330058,0.008306529,0.008445945,0.008444425,0.008560713,0.008492213,0.008624088,0.008532967,0.008329492,0.0083763115,0.008310672,0.00844441,0.008357149
2020-03-20,0.008241292,0.008209299,0.008398157,0.008334052,0.0081966035,0.008106034,0.008353081,0.008151066,0.008085337,0.008098211,0.008231726,0.0083389245,0.008312102,0.0083894245,0.00808787,0.008099105,0.008190375,0.008082163,0.0082541965,0.008191925
2020-03-23,0.0068959114,0.006858599,0.0070641455,0.006881219,0.0069056717,0.006981131,0.0070220646,0.00682829,0.0067525622,0.006761473,0.0069040027,0.006984603,0.006987002,0.0070589003,0.006740686,0.00684787,0.006782156,0.0067662564,0.006872606,0.006867629
2020-03-24,0.0070279953,0.006947812,0.0071485904,0.006938484,0.0070210067,0.0068901447,0.007133242,0.00691345,0.006861773,0.0068702665,0.007022005,0.0071105924,0.007048693,0.007173684,0.0070998934,0.0069002924,0.0069322106,0.006871876,0.0069370386,0.0069745895
2020-03-25,0.008570712,0.008498635,0.008694407,0.008647617,0.008540478,0.008417871,0.008685362,0.008454736,0.008407142,0.00842404,0.008562904,0.00867052,0.00862455,0.008723777,0.008673664,0.008468609,0.008506905,0.0084245615,0.008425396,0.008501958
2020-03-26,0.00974245,0.009630185,0.009835552,0.009780254,0.009681355,0.009554323,0.009882163,0.009596419,0.009562355,0.009568568,0.009726685,0.0098477565,0.00975525,0.009878885,0.009828921,0.00961582,0.009604316,0.009697299,0.009539213,0.009685826
2020-03-27,0.0057144132,0.005590957,0.0057936874,0.0057379273,0.0056156483,0.005486798,0.005835083,0.0055295196,0.0054906127,0.0055065867,0.005661961,0.0057384637,0.0057218787,0.005808976,0.005746123,0.005528402,0.00553475,0.005554017,0.005707499,0.0056160954
2020-03-30,0.0059240726,0.0058073667,0.0059925136,0.00597046,0.0058366326,0.0057074097,0.006054726,0.0057316837,0.0057002124,0.005718064,0.0058651385,0.0059282896,0.0057588336,0.0060220775,0.0059770164,0.0057438132,0.005761471,0.0057202843,0.0058339057,0.00594705
2020-03-31,0.00752857,0.0076484648,0.0077780006,0.0077586886,0.0075661805,0.007512462,0.007784855,0.0075544384,0.0074893353,0.0075065163,0.0076721427,0.0077665118,0.0077351746,0.0078065065,0.007763457,0.0075154123,0.0075623062,0.0075033423,0.007713255,0.0076851365
2020-04-01,0.0090259425,0.009044405,0.0091637485,0.009143349,0.008915182,0.00889748,0.009069409,0.008940738,0.008890506,0.008902829,0.009048935,0.009161126,0.009113889,0.009207141,0.009156179,0.008904379,0.008924123,0.008911725,0.009036791,0.009092223
2020-04-02,0.012157436,0.012153875,0.012326267,0.012286704,0.012190085,0.012041878,0.012285735,0.0120915435,0.0120372735,0.012040686,0.012183841,0.012265202,0.012289863,0.012352373,0.012296271,0.012073439,0.012043949,0.012064841,0.01226018,0.0122579
2020-04-03,0.009226289,0.009219583,0.009400424,0.009369861,0.009198409,0.009105545,0.009492677,0.0091663115,0.009105455,0.009121817,0.009281289,0.009368937,0.009191092,0.009419631,0.009449717,0.009133827,0.00923666,0.009146985,0.009509202,0.009315696
2020-04-06,0.009196859,0.009148564,0.009296741,0.00925931,0.009110969,0.008995216,0.009402674,0.009059053,0.0090013705,0.009018119,0.009196367,0.009266209,0.009130623,0.009314563,0.009360459,0.009031471,0.009051707,0.009050187,0.009279992,0.009215888
2020-04-07,0.007799488,0.0076831845,0.0078406,0.007715401,0.0076171276,0.00754368,0.007831927,0.0076031354,0.007548955,0.0075660017,0.007756409,0.007797804,0.0077911583,0.007856812,0.007834833,0.00756776,0.0075636175,0.0076310155,0.007795405,0.0077448008
2020-04-08,0.0071146903,0.006960523,0.007150304,0.007055205,0.0069193956,0.006848153,0.0071333167,0.0069118557,0.0068563637,0.006876212,0.007041928,0.0071283993,0.0069367555,0.007162687,0.007201847,0.0069014546,0.0069195298,0.0068786857,0.0072728363,0.0070329127
2020-04-09,0.006145951,0.006182429,0.006309178,0.006208178,0.0060923216,0.0060145524,0.0062929955,0.006064248,0.006014791,0.006049436,0.006184411,0.0062606153,0.006058198,0.006328818,0.0062883166,0.0060600904,0.006197226,0.0061159846,0.0063114283,0.0062096086
2020-04-13,0.008250918,0.0082745515,0.008429628,0.008305948,0.008223306,0.008130308,0.00837953,0.008176487,0.008139249,0.00813831,0.008289676,0.008353781,0.008161556,0.008457746,0.00840446,0.008187201,0.008333962,0.008173149,0.008366432,0.0083418
2020-04-14,0.0070300368,0.006971654,0.0071497974,0.0070594964,0.006958869,0.0068463054,0.006902289,0.0069804755,0.0068509695,0.0068571833,0.007006657,0.00709438,0.006895554,0.007177886,0.0071345386,0.0068912623,0.006897491,0.0068653044,0.00697076,0.0070664254
2020-04-15,0.0075901267,0.0076599238,0.007849123,0.007735234,0.0076208827,0.007546541,0.0075817374,0.007630971,0.0075521884,0.007563394,0.0077060726,0.007842939,0.007595655,0.007877376,0.007822748,0.0075753,0.0076007512,0.007573929,0.007803869,0.0076686856
2020-04-16,0.0054763374,0.0055875597,0.005737182,0.0056145457,0.0055199233,0.005432543,0.0056549576,0.0055400846,0.0054471013,0.005453181,0.005614024,0.005731207,0.005461436,0.005759519,0.0057143983,0.005462688,0.0054888097,0.0054779914,0.0056934324,0.0055946526
2020-04-17,0.0068660644,0.0069543836,0.0071502146,0.007020366,0.0069501665,0.0068527726,0.0070769456,0.0069849757,0.006855738,0.00685015,0.0069888947,0.007130709,0.0068717864,0.0071882573,0.0071266857,0.006876659,0.0069789556,0.006881383,0.007055622,0.0070526567
2020-04-20,0.002352756,0.002476391,0.0026452658,0.002529141,0.0024221507,0.0023424295,0.0025849012,0.0024770913,0.0023442623,0.0023650941,0.0024846164,0.0026196209,0.0023575095,0.002673414,0.0026222584,0.0023707864,0.0025032428,0.0023688492,0.002589312,0.0025500027
2020-04-21,0.011605021,0.011719506,0.01188029,0.01174913,0.011666488,0.011600744,0.011962961,0.0117152445,0.011578556,0.011601504,0.011728611,0.011830565,0.011604454,0.011909794,0.011929523,0.011609193,0.011742871,0.0116250925,0.012009542,0.011779781
2020-04-22,0.006857556,0.0069185165,0.007150334,0.007004064,0.0069029,0.006848332,0.0069139865,0.006937441,0.0068512377,0.0068621305,0.006971684,0.0071458933,0.006876987,0.0071824756,0.0071306643,0.006895643,0.0069467095,0.0068812785,0.0071491865,0.0070258495
2020-04-23,0.0068823067,0.006925654,0.0071503636,0.007018816,0.006941539,0.006847244,0.0069453535,0.006965604,0.0068654534,0.0068649766,0.0069913086,0.007083845,0.0068883565,0.007181701,0.0071350005,0.0069094864,0.006952089,0.0068680313,0.007003021,0.007078123
2020-04-24,0.00688636,0.0069783595,0.0071503487,0.006998163,0.0069036153,0.00686523,0.007544276,0.0069946316,0.006863263,0.006859657,0.0069889096,0.0070743975,0.0068747816,0.0071750996,0.0071990904,0.0068980274,0.007067573,0.0069167283,0.0072730747,0.0070302305
2020-04-27,0.010999884,0.011048805,0.011263203,0.01112045,0.011019047,0.01096205,0.011716332,0.011082258,0.010969859,0.01097637,0.011130702,0.01123051,0.011031952,0.011288833,0.011327099,0.010992702,0.011071455,0.011098009,0.011399563,0.011140581
2020-04-28,0.0068900404,0.0069696573,0.0071502444,0.0070245382,0.0069106636,0.0068656025,0.007066604,0.006975752,0.0068698344,0.0068753776,0.0070004878,0.0071202037,0.0068835733,0.00717881,0.007142764,0.0068821874,0.006976333,0.0069007543,0.007117715,0.0070531187
2020-04-29,0.0066654054,0.0067801294,0.006933358,0.006789681,0.0066905585,0.006632131,0.007350516,0.006755736,0.006644633,0.0066524115,0.0067698476,0.006917265,0.006671649,0.0069650677,0.0069894907,0.0066682515,0.0067062047,0.006721225,0.0070329276,0.006816816
2020-04-30,0.010789748,0.010936897,0.011064645,0.010930743,0.010843467,0.01078726,0.0109557025,0.010917019,0.010771077,0.010787766,0.010909598,0.010999765,0.010804694,0.011104446,0.011069845,0.010847699,0.010971781,0.010802966,0.010934111,0.010946762
2020-05-01,0.007431757,0.0075092283,0.007695031,0.0075984118,0.0074751643,0.007403013,0.007813793,0.007520136,0.007412326,0.0074599353,0.0075569716,0.007634279,0.007446256,0.007719916,0.0077493754,0.0074332175,0.0075919,0.007443693,0.007808116,0.007558238
2020-05-04,0.0043118116,0.004388225,0.0045955894,0.0044865725,0.0044273552,0.004314136,0.0043663797,0.0044358936,0.004320037,0.004312944,0.004417744,0.0045206216,0.0043299166,0.004629266,0.0045801667,0.004352462,0.0044541773,0.0043306467,0.004535061,0.0044923243
2020-05-05,0.0068746028,0.006940168,0.007150453,0.007012364,0.0069242683,0.006848809,0.0072381613,0.0069919047,0.006864142,0.0068524596,0.007023182,0.007091057,0.006881666,0.007177871,0.007222947,0.006884214,0.0069977758,0.006918561,0.007259187,0.007022139
2020-05-06,0.009886902,0.009994727,0.010153707,0.009969812,0.009961855,0.009852406,0.010563906,0.010001447,0.009861346,0.009868693,0.010020446,0.010091882,0.009884667,0.010185774,0.010239299,0.009899121,0.010039311,0.009959545,0.010244977,0.010024484
2020-05-07,0.0068749455,0.006940168,0.0071499464,0.0069857356,0.0069319424,0.006849837,0.0073290733,0.0069874194,0.007060927,0.0068557677,0.006983992,0.00705367,0.006894138,0.0071758595,0.0072415737,0.0068631885,0.0069975224,0.006930363,0.0072705117,0.007063937
2020-05-08,0.0068838415,0.006978449,0.0071532545,0.007014912,0.0069531617,0.0068520424,0.0073018786,0.006982949,0.0070549217,0.0068773744,0.006982204,0.0070994613,0.006906342,0.0071731773,0.0072501865,0.0068592844,0.006998074,0.006910157,0.0072835353,0.0070309904
2020-05-11,0.006873992,0.007066053,0.0071503636,0.006996822,0.0069510904,0.00684337,0.0069530425,0.0070029167,0.0070650396,0.006860074,0.0069836793,0.0070736376,0.006943625,0.007176366,0.0071544615,0.0068606553,0.006977853,0.006930318,0.006928843,0.0070742485
2020-05-12,0.0068586436,0.007015061,0.007150304,0.006973308,0.006950673,0.0068471846,0.0071268347,0.0069952575,0.007091996,0.0068708626,0.006999549,0.007086512,0.0069195298,0.0071707335,0.007141542,0.0068624285,0.0070320484,0.0069633094,0.0071336,0.0070460406
2020-05-13,0.010166552,0.010287147,0.010456737,0.010325622,0.010261934,0.010155957,0.010198768,0.010299411,0.010407668,0.01016612,0.010270309,0.010423746,0.010203164,0.010488268,0.010458734,0.010173615,0.010295685,0.010216709,0.010328095,0.010364246
2020-05-14,0.0073234704,0.0074832407,0.007609543,0.0074400124,0.007394713,0.0073047993,0.00752784,0.0074647632,0.0075494614,0.007333767,0.0074446616,0.0075705466,0.0073665795,0.007633832,0.0076127467,0.007324171,0.007450503,0.0073504713,0.007490736,0.007530969
2020-05-15,0.006319579,0.0064663854,0.006611195,0.0064663854,0.0063807038,0.0063059,0.006603968,0.00645667,0.0065216837,0.0063300845,0.0064137694,0.006553766,0.0063444194,0.0066409674,0.006620687,0.0063243476,0.0064758775,0.006334212,0.0063995835,0.006553274
2020-05-18,0.0061009643,0.0062250462,0.0063844887,0.0062827435,0.0061695543,0.006091204,0.0063784835,0.0062355218,0.0063109514,0.006088492,0.0061508236,0.0063127694,0.0061167744,0.0064163473,0.0064548072,0.006093484,0.006240752,0.0061237183,0.0065100607,0.006342661
2020-05-19,0.0068776277,0.0069788215,0.007150304,0.007005703,0.0069129732,0.0068490175,0.007142794,0.00696395,0.0070553687,0.006860968,0.006939125,0.0071194586,0.0068859723,0.007179689,0.0072319475,0.0068610725,0.006985229,0.006923106,0.007144701,0.007096362
2020-05-20,0.007047173,0.0072411713,0.007322666,0.007171106,0.0070629236,0.007023093,0.0073211757,0.0071180877,0.0073388335,0.0070455936,0.007095855,0.0073412624,0.0070449826,0.0073510376,0.007333961,0.0070514646,0.0071448204,0.007060629,0.0073724356,0.007194322
2020-05-21,0.008274969,0.008440521,0.008547109,0.008374926,0.008311879,0.008248147,0.008545648,0.00837284,0.008576136,0.008262273,0.008346435,0.008518841,0.008275639,0.008574288,0.00862835,0.008270007,0.008364793,0.0083018355,0.008614656,0.008492406
2020-05-22,0.0065191207,0.006680843,0.006788623,0.0066456315,0.006554183,0.0064873067,0.0067787883,0.0066130874,0.006682333,0.006508392,0.0066290614,0.0067148325,0.006513309,0.0068244007,0.00688259,0.006501254,0.006592777,0.0065310863,0.0067942855,0.0067342487
2020-05-26,0.004552853,0.004696634,0.004833412,0.00469951,0.0045841304,0.004538786,0.004814413,0.004561451,0.0047425297,0.0045502004,0.004599285,0.004790452,0.0047581163,0.0048700836,0.0049257246,0.004542437,0.0047211912,0.004570332,0.0048164097,0.004750457
2020-05-27,0.0068643657,0.0070347604,0.007150334,0.007096958,0.0069456813,0.006851819,0.00713053,0.0068986234,0.0070383516,0.0068657366,0.006993976,0.007080641,0.007115361,0.0071735946,0.007246178,0.0068678674,0.0069403765,0.006879058,0.0071497527,0.0070825038
2020-05-28,0.006852519,0.007039052,0.007150289,0.0071097133,0.0069211987,0.0068541137,0.0071966765,0.006901693,0.0070749787,0.0068666306,0.0069851247,0.007138696,0.0070825038,0.0071737585,0.0071559367,0.0068655876,0.007001784,0.00687955,0.0071467278,0.0070700464
2020-05-29,-0.001670036,-0.0015254798,-0.0013737413,-0.0013937834,-0.0015380713,-0.0016785595,-0.0013683173,-0.001625869,-0.0014461312,-0.0016606483,-0.0015656087,-0.001462895,-0.0014035287,-0.0013536545,-0.0012906226,-0.0016692611,-0.0015578899,-0.001650128,-0.0013842913,-0.0014256272
2020-06-01,0.006864932,0.0070556966,0.0071502146,0.0071449247,0.0069847223,0.006852072,0.0072004613,0.0069777933,0.00708006,0.0068707285,0.0069465605,0.0071236757,0.00711545,0.0071697053,0.007242289,0.0068609235,0.0068852124,0.0068654087,0.00714491,0.007099521
2020-06-02,0.0068646786,0.007030156,0.007150185,0.007117432,0.006933358,0.0068516103,0.0071719554,0.007002127,0.007063326,0.00685316,0.006950673,0.0070566502,0.007157516,0.007172045,0.007252407,0.0068694022,0.007008013,0.00688481,0.007143688,0.0070839343
2020-06-03,0.008463707,0.008570503,0.0087414645,0.008713823,0.008503865,0.008445989,0.008728962,0.008543577,0.008686822,0.008457091,0.008526456,0.008707147,0.008711901,0.008759495,0.008749645,0.008455273,0.008553725,0.008521359,0.008741569,0.008626904
2020-06-04,0.0068651256,0.006920528,0.0071503785,0.007117581,0.006913152,0.0068565127,0.007133585,0.0069881347,0.0070194867,0.0068763313,0.0069590774,0.0071058837,0.007066634,0.0071759936,0.0071494845,0.006860223,0.006922078,0.006873336,0.007132497,0.007088196
2020-06-05,0.007179138,0.006965202,0.007150319,0.0071221557,0.0069068787,0.006848451,0.0072468785,0.0069863913,0.0070205894,0.006856334,0.006961223,0.0071208146,0.0068939743,0.007172611,0.0072291163,0.0068616983,0.0068934825,0.0068729934,0.0071517793,0.007103559
2020-06-08,0.006821525,0.006832477,0.007073846,0.007045385,0.006815475,0.0067719487,0.0071167764,0.006921467,0.0069919196,0.0067821112,0.006924939,0.00704236,0.0070403484,0.0070953635,0.007081878,0.006790754,0.006906253,0.006792691,0.0068624434,0.0070043323
2020-06-09,0.006885883,0.0069995043,0.0071501997,0.007144433,0.0069138673,0.0068486896,0.0072785434,0.006970447,0.0070041534,0.0068669883,0.006997463,0.007104006,0.007105094,0.0071721342,0.0072248545,0.006865245,0.0069807735,0.006882247,0.0072418866,0.00708684
2020-06-10,0.0043716994,0.004500222,0.0046551046,0.0046456424,0.0044562337,0.004352581,0.0045679924,0.0044674245,0.004378822,0.004360583,0.0044921157,0.004634377,0.0046121147,0.00467844,0.00466862,0.004361969,0.004545447,0.0043642786,0.004421186,0.0045806435
2020-06-11,0.0030769226,0.0028228876,0.0031096903,0.0031017032,0.002810475,0.0027986434,0.002841365,0.0028367755,0.002930489,0.002809402,0.0028739688,0.003080931,0.003078204,0.0031321463,0.003108811,0.0028133658,0.0030993936,0.002816212,0.0029233214,0.0029350636
2020-06-12,0.007052299,0.0067077246,0.0069623855,0.0069501367,0.006685954,0.0066548106,0.007048544,0.006704074,0.0067749736,0.006665152,0.0067542014,0.0069334325,0.006931287,0.0069839326,0.007039961,0.006725949,0.006915864,0.00668503,0.0069371727,0.0068091718
2020-06-15,0.00835323,0.008066889,0.008369695,0.008229177,0.008125823,0.008066814,0.008342054,0.008087214,0.00818279,0.008073624,0.0080839805,0.008217435,0.00830799,0.008398082,0.008382212,0.008272972,0.008365702,0.008076336,0.008357506,0.00810736
2020-06-16,0.007240173,0.0068744686,0.0071502742,0.0070576784,0.006906521,0.006843355,0.0071439412,0.006989714,0.0069027063,0.0068659005,0.006950852,0.007001531,0.0070594666,0.0071714637,0.007232052,0.007010382,0.0070774374,0.006879237,0.0071465787,0.007038411
2020-06-17,0.0071413335,0.0068832454,0.00715017,0.006926906,0.006923583,0.0068429527,0.007190418,0.0069817123,0.006905597,0.0068649915,0.0069675413,0.00695489,0.007057768,0.007174891,0.0071670827,0.0070653376,0.0070655462,0.0068637547,0.0071437773,0.0070402143
2020-06-18,0.0061589,0.0058847186,0.0061586616,0.005918008,0.0059453067,0.0058524725,0.0061571714,0.0060052094,0.0059256223,0.0058755544,0.005948317,0.0059736785,0.0060875234,0.0061802235,0.0061536697,0.0059331176,0.006057289,0.0058956114,0.0061498103,0.006069314
2020-06-19,0.0050904867,0.004845035,0.0051217643,0.004896891,0.0048802313,0.0047933725,0.0048595485,0.0049599377,0.0048705903,0.004799914,0.004893553,0.0050543514,0.0050971922,0.0051258025,0.005109709,0.0048123566,0.005063173,0.004809138,0.0050996807,0.0050107655
2020-06-22,0.0025061187,0.0022150693,0.0024182913,0.0022335616,0.0022159335,0.0021077213,0.0021274802,0.0023123887,0.0021831063,0.002121341,0.0022340235,0.0023461548,0.002443653,0.0024341908,0.0024912623,0.0021277335,0.0023368415,0.0021291045,0.0024020788,0.0023746756
2020-06-23,0.010265019,0.009977024,0.010161858,0.010046583,0.009878051,0.009858441,0.009882074,0.009888779,0.010004621,0.009862643,0.009992849,0.010105278,0.010018941,0.010188889,0.01025271,0.009870868,0.009886216,0.009873208,0.010162573,0.010108288
2020-06-24,0.0075744805,0.007260081,0.007498395,0.0072183725,0.0072147516,0.00719611,0.00719988,0.00721873,0.007271346,0.007192802,0.0072893617,0.0073748496,0.007340428,0.007534903,0.0075859395,0.0073108044,0.0072025326,0.0072265086,0.0072323647,0.0074338433
2020-06-25,0.007215437,0.0069829044,0.0071503785,0.0068568406,0.006856498,0.0068426845,0.0068554697,0.006863293,0.0069943336,0.0068455306,0.006977212,0.006915551,0.006959912,0.007182103,0.007240292,0.0070107696,0.0068514463,0.0068694022,0.006864038,0.007124808
2020-06-26,0.0071642515,0.0069590625,0.007178661,0.00687499,0.006857511,0.0068418053,0.006861624,0.0068607894,0.0069777784,0.006849107,0.006974098,0.0069765565,0.0068758694,0.007182714,0.0071561453,0.0070728925,0.006850284,0.0068802205,0.0068526235,0.0071209786
2020-06-29,0.0071595577,0.007034075,0.007179257,0.006931719,0.006863293,0.00684188,0.0068628457,0.0068605063,0.006930765,0.0068474677,0.0070353416,0.0069069383,0.006863859,0.007183042,0.0071546403,0.0071176407,0.006857675,0.006869298,0.006866556,0.007106167
2020-06-30,0.0071627316,0.0069931266,0.007179883,0.0069736806,0.0068660793,0.006840464,0.006861296,0.0068652597,0.0070109186,0.0068439213,0.00699715,0.0069376496,0.007159334,0.007185113,0.007148039,0.0070294705,0.006854054,0.006854829,0.0068619815,0.0071120975
2020-07-01,0.010041904,0.009864863,0.010063078,0.009863015,0.009753402,0.0097274,0.009743955,0.009751897,0.009867873,0.009746354,0.009848069,0.009862389,0.010086488,0.0100585185,0.010031026,0.009851094,0.009736937,0.009734284,0.009758484,0.009967711
2020-07-02,0.009489682,0.009315547,0.009504598,0.009323951,0.009195458,0.009165507,0.009183314,0.0091913305,0.00930969,0.0092759095,0.009293165,0.009213101,0.009536903,0.009502973,0.009230699,0.009205233,0.00917488,0.009230237,0.009195041,0.00932331
2020-07-06,0.006473851,0.0062797484,0.0064941314,0.0063471613,0.006187406,0.0061551896,0.0061764983,0.006184664,0.006261718,0.006296229,0.006233793,0.0062150178,0.006537896,0.006500524,0.006198582,0.006181788,0.006164905,0.006197032,0.006179419,0.0062839207
2020-07-07,0.006886017,0.006921571,0.007180464,0.0070287255,0.006867152,0.006841522,0.0068593887,0.006856766,0.007012096,0.007106167,0.0069091883,0.006855574,0.007234615,0.0071798083,0.0068771807,0.0069366214,0.006855142,0.006876644,0.0071196076,0.0069785533
2020-07-08,0.007109311,0.0069400338,0.007152152,0.0071501103,0.006853905,0.0070765433,0.0068596867,0.0068562594,0.0068870005,0.0069756624,0.0069893715,0.006852072,0.007260677,0.007163432,0.006874096,0.006886896,0.006853279,0.0068630693,0.0071381596,0.007014644
2020-07-09,0.008768152,0.008760583,0.008954551,0.00896528,0.00866152,0.008673813,0.008675154,0.008657362,0.008689176,0.008935984,0.008754652,0.0086665265,0.009094577,0.0089754425,0.0086811,0.00879794,0.008661639,0.008674007,0.00880241,0.00879414
2020-07-10,0.0069578257,0.007019457,0.0071505276,0.0069003967,0.0068941233,0.0070830104,0.0068583754,0.006854367,0.0068889675,0.007151809,0.006894943,0.0068673757,0.007300135,0.0071767983,0.0068707434,0.006989625,0.0068533835,0.0068752733,0.0068701473,0.006955054
2020-07-13,0.0075515327,0.007595357,0.0077532497,0.007497203,0.007480201,0.007710111,0.007476386,0.007455331,0.007475358,0.00776152,0.007542413,0.0074656573,0.00769518,0.0077707586,0.0074743745,0.0075499234,0.0074615297,0.00747804,0.0076293913,0.0075521884
2020-07-14,0.0087954365,0.008785542,0.00895692,0.008956637,0.008658107,0.008915585,0.008667361,0.008659404,0.008808386,0.008967113,0.0087173395,0.008663338,0.008730482,0.0089730285,0.008678656,0.008762848,0.008661028,0.008687776,0.0089550875,0.008747559
2020-07-15,0.0042712656,0.004272383,0.004409176,0.0041609225,0.0040909764,0.0043771532,0.0041208533,0.0041082916,0.0042472896,0.0044213203,0.0041889367,0.0041230735,0.0041963276,0.004428771,0.0041262773,0.0042284545,0.004113969,0.004165065,0.004298505,0.004212734
2020-07-16,0.0058806357,0.0058674035,0.006002736,0.00599454,0.0057065752,0.0059690145,0.0057136235,0.005707335,0.005832952,0.0057353196,0.0058237133,0.005715978,0.005847108,0.0060341326,0.0057159183,0.005728286,0.0057222066,0.005733755,0.0057253507,0.0058090356
2020-07-17,0.0074615595,0.007425871,0.0075837043,0.007595685,0.007289481,0.00754663,0.0073015955,0.0072896,0.0074346033,0.0073043373,0.0073490855,0.0072997776,0.007334542,0.0076114205,0.007303622,0.007314053,0.0072949645,0.0073299375,0.00751273,0.007555124
2020-07-20,0.010170396,0.010104891,0.01028065,0.0102950595,0.009983104,0.010244738,0.010003936,0.009984251,0.010097768,0.009996455,0.010034051,0.0099933855,0.010014873,0.010316383,0.009997349,0.010041129,0.009996276,0.010040399,0.010222282,0.010136705
2020-07-21,0.006994125,0.007015106,0.0071503487,0.0071775583,0.0068500903,0.007116106,0.0068563786,0.0068519977,0.006947067,0.006884348,0.0069477824,0.006863591,0.0068622497,0.007170689,0.006867301,0.0068782684,0.006854993,0.006902438,0.0071630147,0.0069981483
2020-07-22,0.0090331845,0.008990344,0.009177234,0.009211864,0.008880254,0.009143587,0.008871701,0.0088789575,0.0090242885,0.008883145,0.008954894,0.008889567,0.008916404,0.00920343,0.0088907,0.008894216,0.00889295,0.008900236,0.009175297,0.009021234
2020-07-23,0.007907506,0.0077979085,0.007993143,0.008069705,0.0076973555,0.007959928,0.0076933918,0.0076964465,0.007857975,0.007718694,0.0077690748,0.0077086356,0.007826295,0.008015763,0.008015271,0.0077290204,0.007729065,0.0077193794,0.007763487,0.0077998457
2020-07-24,0.0074614403,0.0074288067,0.007587802,0.00762203,0.0072972444,0.0075544384,0.0073068407,0.0072949496,0.0074691144,0.007303607,0.007383105,0.0073169586,0.0073724505,0.0076133427,0.007338297,0.00732353,0.007309031,0.007319343,0.00757831,0.0073969928
2020-07-27,0.0069366214,0.0069967625,0.0071261344,0.0071363864,0.006841269,0.0068577644,0.0068397042,0.0068316427,0.0069845584,0.0068336097,0.006850925,0.0068402705,0.0071947095,0.007156458,0.0068461862,0.006832805,0.0068636653,0.0068222103,0.0072390256,0.0068707285
2020-07-28,0.006976154,0.007022795,0.007150438,0.0071622697,0.0072352407,0.0068558124,0.0068585244,0.006856811,0.0070531783,0.0068493304,0.0068682847,0.006863725,0.0069082794,0.007177439,0.0068703857,0.006865692,0.0068617878,0.0068543223,0.0071805236,0.0070966003
2020-07-29,0.0071831015,0.0072097597,0.0073049483,0.0072977063,0.00704692,0.007006195,0.0070114103,0.0070169237,0.007218313,0.0070078936,0.0070434627,0.0070113507,0.007375863,0.0073301164,0.0070178327,0.0070118275,0.007031482,0.0070240316,0.00743587,0.007229608
2020-07-30,0.007200059,0.0073653725,0.0074783084,0.0074680117,0.007198971,0.0071781543,0.007186201,0.0071915654,0.007356819,0.007175487,0.0072281775,0.00719611,0.00757305,0.007504296,0.0071998504,0.007179257,0.0072055426,0.007209834,0.0071887043,0.0074381796
2020-07-31,0.007708412,0.007723045,0.0078834705,0.007907327,0.0076012877,0.0075788167,0.0075745997,0.007590663,0.007736918,0.0075904396,0.007649299,0.0075940457,0.007759061,0.0079107545,0.007906314,0.0075946418,0.00760546,0.0076058176,0.007617813,0.0078322105
2020-08-03,0.0075075743,0.007504028,0.00765368,0.0076390174,0.007366192,0.0073508886,0.0073448387,0.007367414,0.0075761643,0.0073599634,0.007443112,0.007365179,0.0074133393,0.007677373,0.0074022976,0.0073567894,0.007372957,0.0073726443,0.007499945,0.0076283184
2020-08-04,0.0070502874,0.006999087,0.007150334,0.0071288166,0.0068623093,0.0068449047,0.0068400917,0.0068588373,0.0070383963,0.006849986,0.0069856313,0.006863531,0.0068874476,0.0071752337,0.00687429,0.00686976,0.006863725,0.00689007,0.007066634,0.007103753
2020-08-05,0.0027456847,0.0027146754,0.0028507975,0.0028432873,0.0025537577,0.0025436399,0.0025407788,0.0025546816,0.0026912508,0.002558377,0.0026447591,0.0025516567,0.0025775996,0.0028716293,0.0025679437,0.0025528339,0.0025644866,0.002570149,0.0025271294,0.0028232452
2020-08-06,0.006160539,0.0061236587,0.0063025323,0.006340292,0.0060042706,0.0059979972,0.0059932736,0.00600664,0.0061333743,0.0060166684,0.006110933,0.0060051647,0.0060329405,0.0063243625,0.0063326177,0.006016743,0.006015849,0.006017041,0.0062195626,0.0062794057
2020-08-07,0.0076511917,0.0077911136,0.007917192,0.007806104,0.007633802,0.00761528,0.0076172915,0.0076302555,0.0078116623,0.0076359627,0.0077114967,0.0076361266,0.0076480773,0.007937532,0.007985126,0.0076411185,0.007636037,0.007654589,0.0075791297,0.007873472
2020-08-10,0.0071051684,0.0072807786,0.0073861596,0.007194486,0.0074447063,0.007086959,0.0070810434,0.0071000424,0.0072960374,0.0070964363,0.007224333,0.0071045426,0.007110503,0.0074018207,0.0071411994,0.0071040955,0.007106018,0.007109788,0.007139441,0.0073466566
2020-08-11,0.0068862406,0.0069715497,0.0071504083,0.0070201275,0.0068934527,0.006845799,0.006839734,0.006860059,0.0070444313,0.0068713096,0.00695872,0.006865215,0.006899324,0.007166427,0.0071889577,0.0068571535,0.0068508503,0.0069015888,0.0070285914,0.007113811
2020-08-12,0.0069234935,0.006989461,0.007150438,0.006984007,0.0068582413,0.0068441895,0.0069823978,0.006857049,0.0070499,0.007120442,0.006960523,0.006855574,0.0068954644,0.007142496,0.006897655,0.0068521616,0.00684714,0.0068881777,0.007028517,0.0071013686
2020-08-13,0.0070546237,0.0069857356,0.0069059995,0.0071184305,0.0068533537,0.006846067,0.0070259837,0.0068589714,0.0070379344,0.0071273115,0.00690293,0.0068564233,0.006894734,0.007179138,0.006798875,0.0068147895,0.006854829,0.0068705794,0.006992039,0.0070765135
2020-08-14,0.0069706556,0.0069914428,0.00720894,0.0072239754,0.006931421,0.006925252,0.0071514514,0.0069382307,0.0071082977,0.0072159884,0.007021841,0.006937456,0.0069744405,0.00724664,0.006918278,0.00691573,0.006927487,0.0068812934,0.0070375768,0.0071617183
2020-08-17,0.008007642,0.008146089,0.008033197,0.008238729,0.00800119,0.00798225,0.0082709305,0.007994827,0.0081822835,0.0082784705,0.008047398,0.007988509,0.008027922,0.008308228,0.007977184,0.007993039,0.007986229,0.007934343,0.008127984,0.0081941
2020-08-18,0.008004781,0.008113917,0.00801475,0.008116942,0.007983696,0.008007448,0.0082838945,0.007991131,0.008150157,0.008285996,0.00805765,0.007985946,0.008036252,0.008309837,0.007979404,0.007927146,0.007981058,0.007983591,0.007996764,0.008204665
2020-08-19,0.006855261,0.007005867,0.0068791774,0.007004347,0.006849256,0.0068483767,0.007374164,0.006857496,0.00706878,0.0072033373,0.006921467,0.006864768,0.006908041,0.007174444,0.006797862,0.0068440405,0.0068482873,0.0067829606,0.0073059318,0.007061389
2020-08-20,0.0068550077,0.007016611,0.0068797437,0.006980103,0.0068591502,0.0068747518,0.007403743,0.0068553803,0.0070493785,0.0071461764,0.0069008884,0.006858316,0.0068962094,0.0071764556,0.0068350253,0.006782782,0.006851163,0.0067867753,0.0071362373,0.0070763496
2020-08-21,0.0068582264,0.006979507,0.0068688807,0.00699484,0.0068595675,0.0068713245,0.007055175,0.0068557826,0.007098135,0.007166427,0.0069110957,0.0068648127,0.0068912026,0.007180151,0.006847453,0.0068639335,0.0068473187,0.00677323,0.0070573804,0.007055905
2020-08-24,0.0060822484,0.006182429,0.006074038,0.006218311,0.0060663787,0.006049913,0.0062714485,0.0060591814,0.0062963185,0.0063676652,0.006108862,0.0060616103,0.0060718027,0.006378394,0.00607295,0.006043088,0.0060517457,0.0060279933,0.0061999974,0.0062590656
2020-08-25,0.008668672,0.00879873,0.008655112,0.008707326,0.008612182,0.008653682,0.008635681,0.008641746,0.008797165,0.008927401,0.008717429,0.008638557,0.008641358,0.008951437,0.008665752,0.008568492,0.008639645,0.008578863,0.008920681,0.008838024
2020-08-26,0.0069400338,0.006980878,0.0068708477,0.006962296,0.006828618,0.006844726,0.007122886,0.00685544,0.0070627597,0.007141095,0.006903213,0.0068569896,0.0068811295,0.007171717,0.006839451,0.006806862,0.0068523255,0.0068283197,0.006896418,0.0070480076
2020-08-27,0.006913003,0.007005137,0.006874871,0.0069491384,0.0068602976,0.006811243,0.0071425554,0.0068591204,0.007050198,0.0072343764,0.00691722,0.0068609235,0.006978568,0.0071683046,0.006840956,0.0068683294,0.0068600145,0.0068078605,0.007166442,0.007085961
2020-08-28,0.006914538,0.0069663194,0.0068805483,0.006929737,0.006803867,0.006861728,0.007180285,0.0068535176,0.007030916,0.007251498,0.006958958,0.0068592546,0.0068720994,0.0071621356,0.0067912904,0.0068793413,0.0068491516,0.006811869,0.0071408716,0.0070611057
2020-08-31,0.00617772,0.006254446,0.006159943,0.0062004295,0.0061372486,0.0061507937,0.0064799753,0.006141406,0.006295514,0.006534469,0.0062627015,0.006140035,0.0062636253,0.0064461646,0.0060528186,0.0064027724,0.0061342237,0.0061026183,0.0064208624,0.0063562808
2020-09-01,0.006904986,0.0069580344,0.0068710563,0.0069503603,0.006865096,0.0068649766,0.007144761,0.006864589,0.007000175,0.007105541,0.006924313,0.0068488983,0.0071938154,0.007178035,0.0067641106,0.0071443287,0.0068574515,0.006819528,0.007148352,0.007084739
2020-09-02,0.006006759,0.006135818,0.0059596268,0.0060188887,0.0059320894,0.005951774,0.006220591,0.0059562144,0.006048408,0.006125432,0.0059994278,0.005936947,0.006316778,0.006263342,0.005933356,0.0062379804,0.0059581366,0.0059132394,0.006212082,0.0061274883
2020-09-03,0.006200832,0.0063554165,0.0062158224,0.00631949,0.006214824,0.0062112776,0.006475624,0.0062126485,0.0063270447,0.006412622,0.0062284586,0.0061983434,0.006585416,0.006523591,0.006176662,0.006501001,0.006211397,0.006126326,0.0064856824,0.006431338
2020-09-04,0.0065716472,0.006726813,0.006589782,0.006687653,0.0065627214,0.006566983,0.006856796,0.0065823165,0.0066771028,0.0068687913,0.0066011366,0.0065764305,0.0066794273,0.006898564,0.006581303,0.00677779,0.0065874723,0.006521192,0.006966215,0.0068245945
2020-09-08,0.0029353765,0.0030763564,0.0029564616,0.0030733314,0.0034286496,0.0029260037,0.0029688743,0.0034234491,0.003088486,0.003176507,0.0031275717,0.0029398468,0.0033267406,0.0032642898,0.0029481915,0.0031670448,0.0029451963,0.0029318598,0.0030163196,0.0032126424
2020-09-09,0.0068499562,0.006976661,0.006874737,0.006969866,0.00729416,0.006842744,0.0068648276,0.0073920605,0.007023823,0.0070526865,0.0070612994,0.0068604467,0.0073256907,0.0071785715,0.006861311,0.006978106,0.006880161,0.0068550375,0.0069392887,0.0071351794
2020-09-10,0.008076768,0.008219596,0.00809392,0.008208748,0.008505087,0.008065548,0.0080847405,0.008132692,0.008153196,0.008270975,0.00827786,0.008076217,0.008506861,0.00840148,0.008070644,0.008353006,0.008079391,0.0080793165,0.008334514,0.008352961
2020-09-11,0.0068607447,0.0070266095,0.006871548,0.0068880287,0.007266071,0.0068431315,0.0069013503,0.0072687385,0.006980669,0.00706194,0.007032883,0.006859493,0.0068667796,0.007179123,0.006887805,0.0071022627,0.006920379,0.0068648574,0.0071868864,0.0071475026
2020-09-14,0.006861147,0.007069078,0.006867629,0.0068796542,0.0072941002,0.0068438468,0.0068794903,0.00733937,0.0070232716,0.0069715944,0.00701977,0.006857526,0.007054847,0.007177156,0.0068563637,0.006967601,0.00703406,0.006807294,0.007137936,0.0070974943
2020-09-15,0.006882277,0.007030901,0.006870669,0.0070136753,0.0072206077,0.006845024,0.0068631736,0.007367831,0.006987777,0.0068629202,0.007027593,0.006858122,0.0072602895,0.007174712,0.006857213,0.0069545624,0.0072265235,0.006798413,0.007135403,0.007105258
2020-09-16,0.00857028,0.008694734,0.0085419975,0.008633252,0.008891877,0.008522581,0.008541685,0.008888852,0.008667421,0.008527454,0.0086932,0.008531626,0.0088999085,0.008857187,0.008547317,0.008780342,0.009333339,0.008621853,0.008806523,0.008799311
2020-09-17,0.006905448,0.006957364,0.0068641123,0.00700168,0.0072236476,0.006843817,0.0068658707,0.007214051,0.006976661,0.006852534,0.0070573357,0.006858316,0.0072235432,0.0071764407,0.0068993834,0.007111248,0.0077014086,0.0069224206,0.007203561,0.0071336296
2020-09-18,0.007590872,0.007647541,0.0075334725,0.007663232,0.0078947805,0.007513356,0.0075324443,0.007883158,0.0076588807,0.007519346,0.0077321795,0.0075250533,0.007891621,0.00784215,0.007561472,0.0077702967,0.008363869,0.00757679,0.00783078,0.0077828434
2020-09-21,0.0060249683,0.0061078337,0.0059916195,0.006110084,0.0064223227,0.005971965,0.005988505,0.00634886,0.0061176387,0.0059907404,0.006159198,0.0059734103,0.0063564596,0.0062985984,0.005987462,0.0060294834,0.006835651,0.006089088,0.006296721,0.006268081
2020-09-22,0.0068987277,0.006975454,0.006879267,0.0069402424,0.0072322157,0.006846067,0.0068653193,0.007225093,0.007004988,0.0068614897,0.0070673493,0.0068511185,0.0072313366,0.007168737,0.006889638,0.0069900122,0.0077152965,0.0069046733,0.0071601686,0.007121947
2020-09-23,0.0036652205,0.0037097898,0.0036175963,0.003682014,0.0039751497,0.0035886136,0.0036101309,0.003970456,0.0037470874,0.0036268053,0.0038048145,0.0035975394,0.0039763567,0.003910568,0.003614467,0.0036738184,0.004460138,0.003669527,0.0039637056,0.0038887677
2020-09-24,0.003110942,0.0031356928,0.0030425158,0.0031162617,0.0034041968,0.0030157831,0.0030394313,0.0034002033,0.0031654057,0.003057432,0.003238779,0.003018659,0.0034058806,0.0033439961,0.003044289,0.0031992313,0.0038925675,0.0030588922,0.0033512083,0.0032852557
2020-09-25,0.0068939296,0.006907564,0.00687499,0.0069274423,0.0072330204,0.0068446514,0.006848779,0.00722928,0.0069303033,0.0068819937,0.0071000126,0.006846499,0.007235062,0.0071751443,0.006863874,0.0072299954,0.007719156,0.0069199917,0.0068963883,0.007119101
2020-09-28,0.0056468067,0.0056923893,0.0056210426,0.005680558,0.005995911,0.005603206,0.0056380597,0.005991083,0.0057460335,0.005661529,0.005872023,0.005608168,0.005995807,0.005938035,0.0056180176,0.00598478,0.0064847735,0.005630639,0.005899575,0.0058207926
2020-09-29,0.006934237,0.0069551137,0.006877121,0.0069644568,0.007234004,0.0068455604,0.0068680313,0.007230994,0.006973293,0.006881174,0.006963071,0.0071092215,0.0072362986,0.007177588,0.0072684702,0.0073160795,0.0069867936,0.006889072,0.007131633,0.0070955274
2020-09-30,0.011223894,0.011280324,0.011153813,0.011244994,0.011521991,0.011136722,0.011295464,0.011519115,0.011304747,0.011169221,0.011372816,0.011438992,0.011523526,0.011466395,0.011616465,0.011612263,0.011236411,0.011153173,0.01150414,0.011370044
2020-10-01,0.0010765013,0.0007760194,0.0007245508,0.00073422166,0.0011007604,0.0007081148,0.0008709994,0.0010976312,0.00086012157,0.00077542337,0.00095611485,0.0010280279,0.0011006412,0.0010329601,0.0012355712,0.0011479375,0.0014418182,0.0007206616,0.0010117409,0.0009388593
2020-10-02,0.007233557,0.0069616255,0.0068621454,0.006866139,0.007235166,0.006845635,0.0068743792,0.0072323945,0.007005867,0.0068870154,0.0070827273,0.0071692136,0.0072365073,0.007178467,0.0073381183,0.007288527,0.0069823978,0.0068628606,0.0071413037,0.0070814756
2020-10-05,0.0051632193,0.0051457104,0.005060878,0.0050806073,0.0054457453,0.005064693,0.0050811586,0.005439472,0.0052037803,0.005097669,0.0052607027,0.00537869,0.005443704,0.0053846953,0.0055462536,0.00543223,0.005156484,0.0050852564,0.0053436426,0.005303201
2020-10-06,0.0071944264,0.0069218692,0.0068547693,0.006857541,0.0072417674,0.0068502245,0.006842312,0.0072331545,0.0069186655,0.006871846,0.0068993536,0.0071743396,0.0072344956,0.0071825352,0.007380408,0.007188019,0.007570606,0.0069401083,0.0071460125,0.0071256426
2020-10-07,0.007418182,0.007103291,0.0070400056,0.007051137,0.007420447,0.0070394245,0.0070443717,0.007412624,0.0071443585,0.007050034,0.0070921895,0.0073562977,0.007415172,0.00736421,0.0075379577,0.007321697,0.0077985344,0.0070641157,0.007309091,0.007311654
2020-10-08,0.007843148,0.0075262752,0.0074351993,0.0074485806,0.007829275,0.007437241,0.00744788,0.007817116,0.007569429,0.0074598608,0.007610422,0.007761207,0.007829916,0.0077617285,0.007945355,0.007877599,0.008226078,0.007449296,0.0074692336,0.00770418
2020-10-09,0.0072565344,0.006997612,0.0068479595,0.006862324,0.007241961,0.006844577,0.006882381,0.0072328267,0.006999981,0.006865036,0.0069002328,0.0071790484,0.007235032,0.007181373,0.0073662517,0.0072028753,0.0076350835,0.0069936183,0.006888014,0.007099029
2020-10-12,0.006081578,0.0058158603,0.005710211,0.005712059,0.0060904888,0.0056920317,0.0057562557,0.006078255,0.0058153835,0.00571343,0.0057558385,0.0060248342,0.006091636,0.0060240296,0.0062136767,0.0060525653,0.006478962,0.0057573286,0.0057305065,0.0059536365
2020-10-13,0.0072518256,0.0070080725,0.006853011,0.0068623093,0.00724138,0.00684638,0.0068639484,0.0072336015,0.0069558886,0.0068610576,0.0068855104,0.007179719,0.00727154,0.0071808216,0.007368338,0.007287082,0.007636246,0.006877717,0.0068826047,0.007104036
2020-10-14,0.00954048,0.009198468,0.009142708,0.009145942,0.009513076,0.009131741,0.00914697,0.009512898,0.009266268,0.009136181,0.009180289,0.0094593875,0.009548005,0.009461921,0.009640213,0.009555396,0.009912904,0.009167906,0.009163257,0.00940178
2020-10-15,0.0072548655,0.0070146737,0.00685845,0.0068626967,0.0072395173,0.006849658,0.0068801013,0.0072337356,0.007022169,0.006864485,0.006899473,0.0071813283,0.0072705266,0.0071808365,0.0073617217,0.007200938,0.007638019,0.006943312,0.0068870005,0.007105198
2020-10-16,0.0072880355,0.0069771376,0.0068486896,0.0068630097,0.0072399047,0.006845739,0.0068728295,0.007233691,0.006986898,0.00687353,0.0070657996,0.0071814177,0.00723685,0.007181239,0.0073652235,0.0072199223,0.00763711,0.00687426,0.006816503,0.0071021733
2020-10-19,0.007299092,0.0069732335,0.006846395,0.0068740067,0.0072943536,0.006846812,0.0068659303,0.0073000905,0.0069940505,0.0068954495,0.0069254455,0.007183042,0.007284608,0.00718103,0.0073656705,0.0072061685,0.007654291,0.0069712517,0.0070888367,0.007070121
2020-10-20,0.0072809574,0.0069709835,0.0068479744,0.0068654683,0.007289779,0.006844875,0.006853592,0.0072960523,0.007031497,0.006891873,0.0069289175,0.0071835485,0.007282343,0.007180598,0.007352647,0.0072438833,0.006946903,0.0068917093,0.007105675,0.007069197
2020-10-21,0.007247415,0.006932181,0.0068513867,0.006856349,0.0069572297,0.006845948,0.006854799,0.0072336313,0.0069492576,0.007049125,0.0069558886,0.007183206,0.007270318,0.0071819094,0.0073431847,0.007256177,0.0075363037,0.006871399,0.0071363566,0.006984007
2020-10-22,0.007239428,0.007013899,0.006862965,0.0068672416,0.0072303233,0.006887656,0.006846216,0.007283759,0.006942269,0.006872144,0.006944951,0.0071838466,0.0072396216,0.007179838,0.0073638824,0.0070260135,0.00762881,0.0068785516,0.0071373847,0.006924641
2020-10-23,0.007249233,0.0069701937,0.0068630693,0.0068844524,0.0072760847,0.0068526235,0.0068522957,0.007297632,0.006982934,0.006971475,0.006935623,0.007183951,0.007264447,0.007176217,0.007365566,0.006943148,0.0076579866,0.0069013056,0.0072058705,0.007001337
2020-10-26,0.0048748967,0.0045927432,0.0045044837,0.004523587,0.004911792,0.0044903127,0.004500207,0.004932281,0.004633453,0.0045339135,0.004608136,0.004824829,0.004920688,0.0048219827,0.004989919,0.0045648334,0.004681286,0.004650351,0.0045462367,0.004622307
2020-10-27,0.01499569,0.014765557,0.014620718,0.014622804,0.015005659,0.014610689,0.014629003,0.015004586,0.014713135,0.01467086,0.014681917,0.014934581,0.015007194,0.0149391405,0.01511563,0.0148607455,0.015360024,0.014683869,0.014774259,0.014733221
2020-10-28,0.0072518853,0.007018965,0.006852996,0.006870192,0.007256147,0.006847706,0.0069076386,0.0072542247,0.006962311,0.0069071916,0.0069583026,0.007184994,0.0072566536,0.0071806875,0.007350382,0.00696471,0.0070338813,0.0070585427,0.0068589714,0.0069716987
2020-10-29,0.0072081354,0.006967437,0.0068675247,0.0068657068,0.0072568622,0.006846648,0.007143986,0.0072542247,0.0069810566,0.006914195,0.006963503,0.0071853218,0.0072566536,0.007180494,0.007348862,0.006991696,0.006997895,0.0070794043,0.007296529,0.0069272486
2020-10-30,0.0072346,0.0070234803,0.0068615344,0.0068666455,0.0072573987,0.0068459776,0.0068951366,0.0072542247,0.0069875387,0.006933075,0.006958958,0.0071844426,0.0072566536,0.007178944,0.0073473123,0.006924,0.006995898,0.0070424047,0.0068604616,0.006950569
2020-11-02,0.007223752,0.006998655,0.0068594185,0.006875899,0.007257771,0.006851625,0.0069019613,0.0072542247,0.0070193824,0.0070298878,0.006967884,0.007185262,0.0072566536,0.0071792123,0.007347625,0.007003289,0.0069944677,0.006917563,0.0071158228,0.0069685397
2020-11-03,0.007228982,0.0070182797,0.0068666902,0.006862086,0.0072580096,0.006848645,0.0069456217,0.0072542247,0.0070015755,0.0069458005,0.0069831875,0.007185426,0.0072566536,0.0071733114,0.007363331,0.0071850386,0.0076198545,0.006875914,0.007153776,0.006931272
2020-11-04,0.0056899455,0.0054630158,0.0053097424,0.005313408,0.0057055918,0.0052916673,0.005401012,0.005701509,0.005473655,0.0054017124,0.0054087457,0.0056336042,0.005704027,0.005626839,0.005811554,0.005525094,0.006121811,0.0053664115,0.005644512,0.005417627
2020-11-05,0.0073088077,0.0069224206,0.006855887,0.00686143,0.0072583524,0.006862205,0.0068616536,0.0072542247,0.006990936,0.006848764,0.006940317,0.0071864394,0.0072566536,0.0071791825,0.0073617366,0.0072032628,0.007683274,0.006932315,0.0071288464,0.0069462773
2020-11-06,0.0073126224,0.0069539514,0.0068587926,0.0068554995,0.007258412,0.00686067,0.0068442044,0.0072542247,0.0069647697,0.0068521914,0.006934416,0.007188615,0.0072566536,0.0071772602,0.0073585776,0.0072734025,0.007684317,0.006889489,0.0071512726,0.0069688973
2020-11-09,0.007317525,0.006991532,0.0068506864,0.0068550524,0.0072585163,0.0068505225,0.0068745133,0.0072542247,0.0069808033,0.0068536815,0.0069197384,0.007217389,0.0072566536,0.007175785,0.007390809,0.007091385,0.0076383916,0.0068915156,0.0071505425,0.0069584367
2020-11-10,0.006953698,0.006962341,0.006871369,0.0068630544,0.007258561,0.006842282,0.006835681,0.0072542247,0.0069448766,0.006854635,0.007084277,0.007217389,0.0072566536,0.007172656,0.0073907194,0.0070059416,0.007639956,0.0068798033,0.007149246,0.007104602
2020-11-11,0.006012034,0.0060237315,0.0059516993,0.0059646484,0.006352943,0.0059402552,0.0059590456,0.006348398,0.006042343,0.005953279,0.0062163887,0.0063109067,0.006351095,0.0062768576,0.006487411,0.006238368,0.006776404,0.005988654,0.0062423763,0.006204453
2020-11-12,0.0061957506,0.0062457738,0.0061471877,0.006157842,0.0065465686,0.0061348644,0.0061440286,0.0065420386,0.0062658903,0.006150287,0.0064160046,0.0065043685,0.0065446612,0.006473568,0.006680396,0.006360647,0.006927517,0.0061727283,0.0064316806,0.0063916114
2020-11-13,0.00848582,0.008522507,0.008413192,0.008428868,0.00881524,0.008408066,0.008409854,0.00881068,0.008540105,0.008421179,0.008655023,0.0087731145,0.008813288,0.008741062,0.008948799,0.008587357,0.009190645,0.008448925,0.008706685,0.008687627
2020-11-16,0.006877896,0.006984618,0.006828439,0.0068522957,0.007235613,0.0068342355,0.0068676737,0.0072310534,0.0069591072,0.0068425504,0.0070689586,0.007193741,0.007233676,0.0071985987,0.0073695597,0.0070036766,0.007651877,0.006878462,0.0071836826,0.0071032164
2020-11-17,0.0072379676,0.0069801477,0.006848034,0.00686219,0.007258725,0.006839153,0.0069275615,0.0072542247,0.006934252,0.0068458137,0.006947216,0.007217389,0.0072566536,0.0071870354,0.00739136,0.0069399592,0.0076803383,0.0068875966,0.007161286,0.0071074036
2020-11-18,0.0072910455,0.006950092,0.0068447855,0.0068665114,0.00725874,0.00684033,0.00683881,0.0072542247,0.006938037,0.00684866,0.006920275,0.007217389,0.0072566536,0.0071812687,0.007391345,0.007251468,0.007680681,0.0068785367,0.007143673,0.0071278033
2020-11-19,0.008189987,0.007917967,0.0077849743,0.007797089,0.008181971,0.0077796695,0.007791978,0.008177336,0.007912081,0.0077815023,0.007914241,0.008140143,0.008179914,0.008112844,0.008315902,0.008067559,0.008594822,0.007841568,0.00806525,0.008033689
2020-11-20,0.0074413833,0.007106152,0.0070808795,0.0071478304,0.0074728993,0.0070709405,0.0070839045,0.007468295,0.0071764854,0.0070816097,0.0072039333,0.007431042,0.0074709025,0.0074041453,0.007606965,0.0074897674,0.007887613,0.0071156886,0.0073533324,0.0073305485
2020-11-23,0.0072539863,0.0069905785,0.006854233,0.006925684,0.0072587696,0.006849986,0.0068509993,0.0072542247,0.006876838,0.006848451,0.0070069847,0.007217389,0.0072566536,0.007183176,0.0073913154,0.0072315005,0.0076812324,0.0068784473,0.0071280864,0.007097256
2020-11-24,0.0072338847,0.006998968,0.0068609235,0.006916445,0.00725874,0.0068475124,0.0068782386,0.0072542247,0.006866005,0.006848019,0.0069626984,0.007217389,0.0072566536,0.0071818945,0.0073913154,0.0070503918,0.0076813516,0.006886494,0.0071360436,0.0071157333
2020-11-25,0.0072313217,0.0070074913,0.0068657366,0.0069303927,0.007258725,0.0068493155,0.006934848,0.0072542247,0.0069898334,0.00686751,0.0069615063,0.007217389,0.0072566536,0.0071752486,0.0073913154,0.0070585725,0.007681441,0.0068653044,0.0071285036,0.007123303
2020-11-27,0.0052599427,0.005001944,0.0048711863,0.004959863,0.005271789,0.004866135,0.0050074575,0.005267259,0.0050191698,0.004880604,0.004971203,0.0052306023,0.005269688,0.0051978347,0.00540432,0.005113032,0.0056926874,0.004911464,0.0049015996,0.0051388857
2020-11-30,0.007180181,0.007013571,0.0068968204,0.006898206,0.007258531,0.006847155,0.0069162813,0.0072542247,0.007021558,0.0068590012,0.0069243875,0.007217389,0.0072566536,0.0071796146,0.0073912707,0.006985661,0.007680726,0.006886628,0.006877568,0.0071126786
2020-12-01,0.007232648,0.007023212,0.0068575707,0.006982949,0.007257801,0.006844428,0.006859046,0.0072542247,0.006989163,0.006869164,0.006905046,0.007217389,0.0072566536,0.0071816263,0.007390332,0.007026997,0.0076314625,0.006899473,0.006873962,0.0070921895
2020-12-02,0.0073193726,0.006974396,0.006852564,0.0069543985,0.007233512,0.0068437126,0.0068615493,0.0072542247,0.00699867,0.006859806,0.0068874923,0.007217389,0.0072566536,0.0071812985,0.007392254,0.007109609,0.0076749143,0.0068827835,0.006868255,0.007101428
2020-12-03,0.0075982627,0.007258412,0.0071393964,0.0072899875,0.007547882,0.0071330336,0.007178363,0.0075442013,0.0072717485,0.0071384427,0.0072034714,0.0075063673,0.0075468984,0.0074691144,0.007682812,0.007194188,0.007970046,0.007180017,0.007159364,0.007397112
2020-12-04,0.007314202,0.0069569913,0.0069372472,0.0070409295,0.007333171,0.006923404,0.0069521037,0.0073295054,0.007076126,0.0069316593,0.007139024,0.007292148,0.007332098,0.0072625694,0.007467654,0.007201415,0.0077472744,0.0069569615,0.006949973,0.0071819094
2020-12-07,0.0074542877,0.0071184454,0.007098776,0.00721499,0.0074917492,0.0070844707,0.0071363566,0.007488024,0.0072214124,0.0070943055,0.0073071835,0.007451069,0.007490572,0.0074259457,0.007625025,0.007382196,0.007861342,0.007177141,0.0070926067,0.0073198196
2020-12-08,0.007174876,0.006865841,0.0068595973,0.006932881,0.0072577414,0.0068434295,0.0068557975,0.0072542247,0.0069954214,0.006848064,0.0070407954,0.007217389,0.0072566536,0.0071897474,0.007391047,0.0072233346,0.0076673594,0.006885436,0.006851968,0.007130873
2020-12-09,0.003955972,0.003913727,0.0038880822,0.0040127602,0.0042952416,0.0038811532,0.0039106575,0.004291591,0.004080933,0.004061487,0.0040906784,0.0042545763,0.0042940793,0.004224908,0.0044280407,0.0042324183,0.0046665785,0.0039460477,0.0038904366,0.004133728
2020-12-10,0.0069238064,0.006870192,0.006863427,0.006955695,0.0072577414,0.006843966,0.0068779257,0.0072542247,0.007012796,0.0070142564,0.007058051,0.007217389,0.0072566536,0.007182595,0.007390004,0.0070753363,0.007619452,0.0069474992,0.0068904427,0.0071048853
2020-12-11,0.007190418,0.006873515,0.006859523,0.0069616404,0.0072577414,0.006843534,0.0068708626,0.0072542247,0.0069940058,0.0070511964,0.0069543985,0.007217389,0.0072566536,0.0071874526,0.0073899,0.007119846,0.0076099453,0.006916773,0.006853443,0.0070894477
2020-12-14,0.0072384146,0.006884661,0.006852728,0.0069446084,0.0072577414,0.00684337,0.0068592993,0.0072542247,0.00703254,0.0070327786,0.006909516,0.007217389,0.0072566536,0.0071897325,0.0073897955,0.0070106206,0.007596683,0.006882679,0.006861296,0.007101473
2020-12-15,0.007238072,0.0069213924,0.006856006,0.006983724,0.0072577414,0.006844249,0.007003006,0.0072542247,0.006995809,0.00699037,0.0069177267,0.007217389,0.0072566536,0.007190269,0.0073906747,0.006954786,0.007616472,0.006894302,0.0068608043,0.0071003702
2020-12-16,0.008239906,0.007897329,0.007833775,0.007915642,0.008229967,0.007821839,0.007840019,0.008226361,0.00796273,0.007957723,0.007910203,0.008189317,0.00822885,0.0081608705,0.008363765,0.008248743,0.008585166,0.007864755,0.007846486,0.008078765
2020-12-17,0.007181075,0.00688554,0.006865662,0.00694811,0.0068649766,0.006845605,0.0068648127,0.0072542247,0.0070051667,0.007064816,0.006937873,0.007217389,0.0072566536,0.0071918634,0.007370409,0.007133898,0.007575464,0.0068990258,0.006866541,0.007092741
2020-12-18,0.0064464924,0.0063914177,0.006377783,0.006492671,0.0063361493,0.006362748,0.0063807485,0.006763872,0.0065004346,0.006614503,0.0065506217,0.0067264703,0.0067663905,0.00670011,0.006876689,0.00666168,0.0070737717,0.006407034,0.0063766357,0.0065922705
2020-12-21,0.007788044,0.0077486304,0.0077270535,0.007858794,0.008053105,0.00773209,0.007763427,0.00812481,0.0078797005,0.007944938,0.0078604035,0.00808787,0.008127417,0.008061465,0.008259293,0.0080244355,0.008478727,0.007769954,0.0077578244,0.007990848
2020-12-22,0.007759836,0.007744473,0.007728007,0.007888209,0.008087274,0.0077163097,0.007734489,0.008112412,0.007911112,0.007898506,0.007793945,0.008075174,0.00811496,0.008050125,0.008249741,0.007983696,0.008467328,0.0077757356,0.0077496883,0.007980268
2020-12-23,0.00694358,0.006881368,0.0068590012,0.0069435355,0.007240769,0.006843966,0.0068498966,0.0072542247,0.0070562777,0.0070537594,0.00707401,0.007217389,0.0072566536,0.0071807024,0.007390332,0.0070416,0.0076150564,0.006894645,0.0068686423,0.0070914296
2020-12-24,0.0077291396,0.0076767025,0.0076508936,0.0077053127,0.008026373,0.007629272,0.0077668247,0.008033436,0.0077861664,0.007836964,0.007865768,0.0079966,0.008035924,0.007963922,0.008170377,0.0077151624,0.008390885,0.0076855686,0.0076546636,0.007901963
2020-12-28,0.0069077876,0.006882739,0.006852519,0.007007417,0.0072504696,0.0068423864,0.007146519,0.0072542247,0.0070282784,0.0070570675,0.007054102,0.007217389,0.0072566536,0.0071840403,0.007390615,0.006994155,0.0076161292,0.006906655,0.0068695215,0.007143643
2020-12-29,0.00719766,0.0069045094,0.006858748,0.006930214,0.0072527197,0.0068428037,0.0071312306,0.0072542247,0.006999385,0.0070587513,0.006915119,0.007217389,0.0072566536,0.0071844426,0.007390645,0.006951031,0.0076161292,0.0068867174,0.006876957,0.0071388897
2020-12-30,0.007235464,0.00690214,0.0068638143,0.0068749157,0.0072544483,0.00684258,0.007128936,0.0072542247,0.0070276526,0.0070556668,0.0070064035,0.007217389,0.0072566536,0.00718331,0.00739063,0.0069501516,0.007616174,0.0068859425,0.006868389,0.0071256724
2020-12-31,0.008464258,0.008120175,0.008097868,0.00818206,0.008495297,0.008081209,0.008364331,0.008493807,0.008264672,0.008284058,0.008302119,0.008456092,0.008496564,0.008420493,0.008632001,0.008178052,0.008860167,0.008108895,0.008105975,0.008329462
2021-01-04,0.0072812405,0.0069180247,0.006861445,0.0068898913,0.00725643,0.0068437723,0.0071313945,0.0072542247,0.007003617,0.007055637,0.007014629,0.007217389,0.0072566536,0.0071778414,0.00739066,0.006885406,0.0076162633,0.0068682698,0.006868821,0.007114005
2021-01-05,0.0072099683,0.0068760333,0.0068712053,0.0069039133,0.0072571007,0.0068435785,0.007128772,0.0072542247,0.006981638,0.007011634,0.0070462194,0.007217389,0.0072566536,0.007188764,0.007390645,0.006884482,0.0076162484,0.0068871942,0.006862026,0.007125702
2021-01-06,0.008885976,0.008564647,0.008541595,0.00860041,0.008931097,0.008521628,0.008807626,0.0089276545,0.008690279,0.008674394,0.008753967,0.00889061,0.008930203,0.008867901,0.009064775,0.008555394,0.009285923,0.0085710995,0.008540448,0.008780774
2021-01-07,0.005408537,0.0051116464,0.0051059243,0.0051803705,0.005479273,0.0050641117,0.005356204,0.0054755327,0.005218577,0.00517441,0.0052887616,0.005438265,0.005478081,0.005408254,0.005612862,0.005090472,0.0058414307,0.005108502,0.0050811884,0.005340379
2021-01-08,0.0072245863,0.006878492,0.0068582264,0.0070114103,0.0072581884,0.006842878,0.007131633,0.0072542247,0.006963697,0.0070109633,0.007072788,0.007217389,0.0072566536,0.007182237,0.0073906,0.0069141355,0.007616308,0.0068706837,0.0068631438,0.007104662
2021-01-11,0.00643025,0.0061149863,0.0061151055,0.006238219,0.0065002856,0.006086391,0.0063743857,0.0064960388,0.006237176,0.00617696,0.006295648,0.0064582196,0.0064986614,0.0064303097,0.0066343215,0.00613932,0.006862622,0.0061148372,0.006086704,0.006351453
2021-01-12,0.0072235432,0.0068746624,0.0068639633,0.006993812,0.007258531,0.0068515507,0.0071176556,0.0072542247,0.006989476,0.0070223925,0.0070456383,0.007217389,0.0072566536,0.007186648,0.0073906,0.006869149,0.007616293,0.0069058505,0.006847557,0.007115301
2021-01-13,0.0071693775,0.0068978635,0.0068610576,0.007003945,0.0072586355,0.0068428186,0.0071351943,0.0072542247,0.006957319,0.006986138,0.007066023,0.007217389,0.0072566536,0.007191938,0.0073906,0.0068679717,0.007616293,0.0068972525,0.0068429825,0.007083189
2021-01-14,0.0071604964,0.007109177,0.006862786,0.006985244,0.00725874,0.006850165,0.0071915206,0.0072542247,0.0069199917,0.0069046584,0.007034641,0.007217389,0.0072566536,0.007191491,0.0073906,0.0068715927,0.007616308,0.0068726507,0.006842431,0.0070843515
2021-01-15,0.0071580526,0.007041779,0.006854203,0.006995019,0.007258859,0.0068504927,0.0072112796,0.0072542247,0.0069332984,0.0069777784,0.0070447144,0.007217389,0.0072566536,0.0071932343,0.0073906,0.006868061,0.007616308,0.006869134,0.0068423566,0.0071424213
2021-01-19,0.0071894047,0.0070596454,0.006860253,0.0069307503,0.0072589037,0.0068506417,0.007214111,0.0072542247,0.0069245514,0.0070853797,0.0070061055,0.007217389,0.0072566536,0.0071908054,0.0073906,0.006878626,0.007616308,0.0068698493,0.0068471846,0.007100728
2021-01-20,0.007173669,0.007025462,0.006856602,0.006959569,0.0072589335,0.0068431464,0.007149246,0.0072542247,0.0069578257,0.0070373532,0.007062849,0.007217389,0.0072566536,0.007192087,0.0073906,0.006872889,0.007616293,0.0068713096,0.0068484214,0.0071035144
2021-01-21,0.0071306643,0.0070371,0.0068603274,0.006998476,0.0072589633,0.006843191,0.007135656,0.0072542247,0.006930169,0.0070433733,0.0070517776,0.007217389,0.0072566536,0.0071954546,0.007390615,0.006888133,0.007616308,0.006867167,0.0068491963,0.0071113673
2021-01-22,0.009262066,0.009079706,0.008907374,0.00905345,0.009309273,0.008905496,0.009245407,0.0093044005,0.009060618,0.009038489,0.009115424,0.009266909,0.009307083,0.009242352,0.00944246,0.00893509,0.009665232,0.00892679,0.008898359,0.009184267
2021-01-25,0.007175159,0.0070010987,0.0068566767,0.0069504646,0.0072589484,0.006850463,0.007133287,0.0072542247,0.0070078936,0.0069977012,0.007073906,0.007217389,0.0072566536,0.007187557,0.007390615,0.0068687317,0.007616308,0.0068702516,0.0068435487,0.007122558
2021-01-26,0.007221174,0.0070444313,0.006854799,0.006955397,0.0072589633,0.006851506,0.0071985987,0.0072542247,0.006996658,0.007011455,0.0070707914,0.007217389,0.0072566536,0.0071878997,0.007390615,0.0068771658,0.007616308,0.0068698195,0.006844085,0.007117298
2021-01-27,0.0069213477,0.007086259,0.006846514,0.006915149,0.007258859,0.0069020954,0.0070659188,0.0072542247,0.006976661,0.0070477393,0.00704616,0.007217389,0.0072566536,0.007188719,0.0073905853,0.006869581,0.007616308,0.0068699387,0.006848764,0.0070838896
2021-01-28,0.005507317,0.0053460863,0.005156663,0.005225506,0.0055624363,0.005151328,0.005476397,0.0055578765,0.0053074476,0.0052509573,0.0053581265,0.005521145,0.0055603352,0.0054914323,0.0056939838,0.005172786,0.0059222397,0.005172622,0.005143997,0.0054249284
2021-01-29,0.0072099534,0.007042837,0.006857645,0.0069121686,0.0072580543,0.006848049,0.007195544,0.0072542247,0.006988358,0.006962579,0.0070754853,0.007217389,0.0072566536,0.0071903137,0.007390615,0.0068886694,0.007616308,0.0068687913,0.006842327,0.0071238694
2021-02-01,0.006039169,0.0058791307,0.0057335612,0.0058142957,0.006116968,0.0057233837,0.0060828296,0.006129917,0.005832669,0.0059540686,0.0059436527,0.0060927835,0.0061324504,0.0060716686,0.0062679914,0.0057524857,0.0064972457,0.0057464656,0.0057243523,0.0059890267
2021-02-02,0.006909576,0.007033494,0.0068542925,0.006901872,0.007241335,0.0071742204,0.0072112796,0.0072542247,0.0069707152,0.007023972,0.007078123,0.007217389,0.0072566536,0.0071922955,0.007391703,0.0068812785,0.007618305,0.0068699685,0.006843981,0.0071299192
2021-02-03,0.009437811,0.009341564,0.009168562,0.009304058,0.009563457,0.009540211,0.009519678,0.009559896,0.00928035,0.009392168,0.009375151,0.009522181,0.009562563,0.009503093,0.009698223,0.009192284,0.009920817,0.009180617,0.00916351,0.009276208
2021-02-04,0.007182431,0.0070799557,0.0068557677,0.0069103506,0.0072577414,0.0070168194,0.006909665,0.0072542247,0.006930929,0.0070213494,0.007049736,0.007217389,0.0072566536,0.0071854857,0.0073906747,0.0068741557,0.007616472,0.0068689254,0.0068490473,0.0069585857
2021-02-05,0.0071669784,0.0070475754,0.006875005,0.0069160876,0.0072577414,0.0069403765,0.007015955,0.0072542247,0.0069391993,0.00702427,0.0070794937,0.007217389,0.0072566536,0.007186767,0.0073906747,0.0068711606,0.007616472,0.006869745,0.0068479,0.006947261
2021-02-08,0.0071365056,0.0070917574,0.0068781045,0.0068952558,0.0072577414,0.0069323448,0.0070709107,0.0072542247,0.0069415984,0.0069925752,0.00694963,0.007217389,0.0072566536,0.0071797636,0.0073906747,0.006961387,0.007616472,0.0068678376,0.0068454263,0.0069590923
2021-02-09,0.007212591,0.007107493,0.0070367125,0.006903228,0.0072577414,0.006879863,0.0070010987,0.0072542247,0.0069201556,0.007023659,0.00692023,0.007217389,0.0072566536,0.0071850237,0.0073906747,0.0068917987,0.007616472,0.006865036,0.006850448,0.006928992
2021-02-10,0.0071793017,0.0070951995,0.0070644883,0.0069183228,0.0072577414,0.0069661257,0.0070317206,0.0072542247,0.0068675247,0.0070408103,0.0069164303,0.007217389,0.0072566536,0.007181641,0.0073906747,0.0069542346,0.007616472,0.006869015,0.0068538305,0.006959629
2021-02-11,0.007089284,0.0070754257,0.0068741706,0.0069283214,0.0072577414,0.0068844673,0.0071119783,0.0072542247,0.0069711623,0.0070853946,0.0068997857,0.007217389,0.0072566536,0.007183146,0.0073906747,0.0069873002,0.007616472,0.006871071,0.0068546054,0.0069210497
2021-02-12,0.0071719703,0.0070775864,0.0070619253,0.006916028,0.0072577414,0.0070196358,0.0069318977,0.0072542247,0.0069514182,0.007020232,0.006927025,0.007217389,0.0072566536,0.007185605,0.0073906747,0.0068757203,0.007616472,0.0068693426,0.0068546054,0.006918919
2021-02-16,0.006270912,0.0061557856,0.005951476,0.0059429524,0.006336671,0.0059799817,0.0061220345,0.0063330648,0.006017354,0.006072786,0.005987313,0.00629611,0.0063356725,0.0062599,0.006469917,0.0060334173,0.0066972193,0.0059975353,0.005932313,0.006002125
2021-02-17,0.0069228527,0.007070836,0.007058215,0.0068622646,0.0072577414,0.0068729487,0.0068938104,0.0072542247,0.006973129,0.007002529,0.0069031087,0.007217389,0.0072566536,0.0071869907,0.0073906747,0.0070988056,0.007616472,0.006949943,0.006855589,0.0069476184
2021-02-18,0.006895092,0.007071432,0.0071071056,0.006861475,0.0072577414,0.0069334474,0.006942984,0.0072542247,0.0069697914,0.0070047197,0.0068981913,0.007217389,0.0072566536,0.0071826396,0.0073906747,0.0070142266,0.007616472,0.0069103953,0.0068512526,0.0069298563
2021-02-19,0.007133004,0.006974381,0.007076767,0.006860402,0.0072577414,0.0068895486,0.0069088456,0.0072542247,0.0070656654,0.0070110676,0.0068922606,0.007217389,0.0072566536,0.007189956,0.0073906747,0.007102203,0.007616472,0.006862786,0.0068535325,0.006927487
2021-02-22,0.006927815,0.0070547727,0.007086676,0.0068858084,0.007274669,0.0069026467,0.0070786593,0.0072710332,0.0070413616,0.00704914,0.0069337157,0.0072336164,0.007273611,0.007206422,0.007408839,0.0071621654,0.007633668,0.0069000837,0.00687274,0.0069587496
2021-02-23,0.006896999,0.007082608,0.0070185927,0.0068613705,0.0072577414,0.0069839624,0.0068082926,0.0072542247,0.006933641,0.007071015,0.0069017974,0.007217389,0.0072566536,0.0071920124,0.0073906747,0.00704993,0.007616472,0.0069220033,0.0068524596,0.0069424626
2021-02-24,0.0068904427,0.00711621,0.006956574,0.00685167,0.0072577414,0.0069536236,0.006788146,0.0072542247,0.0069391844,0.007106107,0.006876093,0.007217389,0.0072566536,0.007189062,0.0073906747,0.0071345684,0.007616472,0.006909665,0.0068453965,0.006913435
2021-02-25,0.006885689,0.0070751277,0.007000756,0.006864604,0.0072577414,0.00701749,0.0068712947,0.0072542247,0.006975573,0.0070799557,0.0069028405,0.007217389,0.0072566536,0.0071992544,0.0073906747,0.0070738164,0.007616472,0.006896135,0.006853428,0.0069326875
2021-02-26,0.007128891,0.007344362,0.007095602,0.0070888367,0.007483613,0.007247281,0.0070457724,0.0074798283,0.0071729985,0.007296827,0.007108685,0.0074416962,0.007482764,0.007418495,0.007618871,0.0072005508,0.0078496,0.0071434644,0.007084128,0.0071470407
2021-03-01,0.006448683,0.0066420254,0.0066221026,0.0064216373,0.006818023,0.0065955636,0.0064331857,0.006814402,0.0065362123,0.0066106734,0.0064541367,0.0067773876,0.00681695,0.006755021,0.0069514182,0.0064641205,0.007178065,0.006466177,0.0064146933,0.0064897356
2021-03-02,0.0069007543,0.0071267155,0.0070398715,0.006860372,0.0072577414,0.0069564846,0.0068610427,0.0072542247,0.0069770482,0.0070738015,0.0069172946,0.007217389,0.0072566536,0.007193756,0.0073906747,0.007041734,0.007616472,0.006899145,0.0068493006,0.0069088903
2021-03-03,0.010638665,0.010853898,0.0107851885,0.010587405,0.010977592,0.010692384,0.010604229,0.010973882,0.010776889,0.01074433,0.010629978,0.010936793,0.010976505,0.010914024,0.011111688,0.010779869,0.011328783,0.01064169,0.010577943,0.010636475
2021-03-04,0.009259757,0.00940771,0.009458166,0.009225126,0.009612095,0.009295847,0.009236436,0.009608369,0.009386282,0.009347137,0.009269666,0.009571325,0.009610992,0.009541195,0.009745907,0.009401407,0.009964775,0.00924414,0.009211477,0.009360772
2021-03-05,0.006904092,0.007116806,0.007120621,0.0068600145,0.0072577414,0.0070598093,0.0068515656,0.0072542247,0.0069693443,0.007052761,0.006889176,0.007217389,0.0072566536,0.007179227,0.0073906747,0.006963503,0.007616472,0.0069063273,0.0068484214,0.0069227037
2021-03-08,0.0068951217,0.007125553,0.007071343,0.0068605063,0.0072577414,0.0070140925,0.0068759886,0.0072542247,0.006993946,0.0070212004,0.0069228974,0.007217389,0.0072566536,0.007191342,0.0073906747,0.0070534763,0.007616472,0.0069147614,0.006845307,0.006906685
2021-03-09,0.0068950024,0.00706802,0.0070885983,0.006860536,0.0072577414,0.007120338,0.006840971,0.0072542247,0.007008475,0.007012677,0.006906834,0.007217389,0.0072566536,0.007181343,0.0073906747,0.006900635,0.007616472,0.006936219,0.006852713,0.0069070277
2021-03-10,0.006880444,0.0070756343,0.006876257,0.0068622795,0.0072577414,0.0068740067,0.006858286,0.0072542247,0.0069727567,0.007077944,0.0068993834,0.007217389,0.0072566536,0.0071835783,0.0073906747,0.006999966,0.007616472,0.0069735614,0.0068559316,0.007098165
2021-03-11,0.0076338914,0.007797834,0.007593718,0.00759789,0.007989999,0.00765222,0.007614535,0.007986348,0.0077234474,0.007793453,0.007624131,0.007949274,0.007988971,0.007925134,0.008123647,0.007864978,0.008347895,0.0076753316,0.0075904992,0.007845517
2021-03-12,0.006912705,0.0071000275,0.0070018885,0.006863084,0.0072577414,0.0068377224,0.0068836776,0.0072542247,0.0069648144,0.00709137,0.006900218,0.007217389,0.0072566536,0.007190105,0.0073906747,0.00696018,0.007616472,0.006920722,0.0068535027,0.007094261
2021-03-15,0.006898534,0.0070838598,0.007028338,0.0068714735,0.0072577414,0.0068355617,0.0068836627,0.0072542247,0.0069732186,0.0070788977,0.0068984297,0.007217389,0.0072566536,0.00719994,0.0073906747,0.0071103987,0.007616472,0.006897506,0.0068566916,0.0071273413
2021-03-16,0.006888908,0.007082608,0.0069811908,0.006865543,0.0072577414,0.006863561,0.006888118,0.0072542247,0.00697982,0.007081267,0.006916147,0.007217389,0.0072566536,0.0071925786,0.0073906747,0.0070855585,0.007616472,0.00691725,0.006855887,0.007118937
2021-03-17,0.006889474,0.00706124,0.0069554565,0.0068663475,0.0072577414,0.006869462,0.006893855,0.0072542247,0.0069977012,0.0071105626,0.0069246707,0.007217389,0.0072566536,0.007194367,0.0073906747,0.007124406,0.007616472,0.006895375,0.006856185,0.007085156
2021-03-18,0.0068968055,0.0070908335,0.0070539084,0.0068643508,0.0072577414,0.0068562594,0.0070306924,0.0072542247,0.0070344326,0.007018831,0.006902155,0.007217389,0.0072566536,0.0071978536,0.0073906747,0.0071066585,0.007616472,0.0068981466,0.006854546,0.0070878384
2021-03-19,0.00962026,0.009844091,0.009754401,0.009585436,0.009979587,0.009577688,0.009542938,0.009975906,0.009692859,0.009746131,0.009626564,0.0099389665,0.009978469,0.009917896,0.010112699,0.009640213,0.010335933,0.009632926,0.009566929,0.009784829
2021-03-22,0.00806744,0.00834259,0.008184534,0.008047055,0.008432981,0.0080312155,0.0079766475,0.008429315,0.008143958,0.008149084,0.008106526,0.008392166,0.008431878,0.008367684,0.008566659,0.008231264,0.008790325,0.008077588,0.008021247,0.008276593
2021-03-23,0.0069082794,0.0071708676,0.007088315,0.0068657217,0.0072577414,0.006859642,0.006906804,0.0072542247,0.0069512096,0.007037711,0.006904703,0.007217389,0.0072566536,0.0071863052,0.0073906747,0.00690892,0.007616472,0.006972578,0.0068440703,0.0070709107
2021-03-24,0.008718561,0.008992817,0.008894842,0.008691292,0.009077352,0.008683559,0.008688282,0.009073745,0.008799072,0.0088254325,0.008795571,0.009036895,0.009076234,0.00901043,0.0092103295,0.008751061,0.009433102,0.0087628625,0.008665379,0.008872312
2021-03-25,0.0078068045,0.008074667,0.007922184,0.0077927825,0.008188244,0.007787746,0.0077849594,0.0081846975,0.007894989,0.007913139,0.007827755,0.008147653,0.008187201,0.008114468,0.008321475,0.008166339,0.008546155,0.007859241,0.007775184,0.008002412
2021-03-26,0.006887224,0.007143554,0.0069465158,0.0068575707,0.0072577414,0.0068683443,0.006802228,0.0072542247,0.006975737,0.0070110825,0.006886509,0.007217389,0.0072566536,0.007187214,0.0073906747,0.007264909,0.007616472,0.0069185314,0.006842118,0.0070736823
2021-03-29,0.006888595,0.00714412,0.0070867655,0.0068624285,0.0072577414,0.006857824,0.006851223,0.0072542247,0.00697003,0.007047918,0.0068928567,0.007217389,0.0072566536,0.007186663,0.0073906747,0.0070864377,0.007616472,0.006907445,0.0068426845,0.0070728925
2021-03-30,0.0068811146,0.007143852,0.007084754,0.0068643806,0.0072577414,0.0068574366,0.006821629,0.0072542247,0.006961134,0.0070058224,0.006906968,0.007217389,0.0072566536,0.0071933684,0.0073906747,0.007159334,0.007616472,0.0069245216,0.0068493304,0.0070723263
2021-03-31,0.006882679,0.00714412,0.0071238545,0.0068711904,0.0072577414,0.006859776,0.006880146,0.0072542247,0.0069548306,0.006961536,0.0069286344,0.007217389,0.0072566536,0.0071800915,0.0073906747,0.0070349094,0.007616472,0.0069250283,0.0068449494,0.00707702
2021-04-01,0.006892648,0.0071353433,0.006983247,0.006864783,0.0072577414,0.0068580476,0.0068295863,0.0072542247,0.0070255217,0.0069735465,0.006963667,0.007217389,0.0072566536,0.0071931,0.0073906747,0.007331368,0.007616472,0.0069203493,0.006841999,0.0070905504
2021-04-05,0.0068722186,0.0071405885,0.006862175,0.0068563637,0.0072577414,0.0068795797,0.0068283495,0.0072542247,0.0070167896,0.006980133,0.0068975952,0.007217389,0.0072566536,0.0071950224,0.0073906747,0.007358682,0.007616472,0.0069344756,0.006841433,0.0070920256
2021-04-06,0.006870177,0.007104662,0.0068508503,0.0068588373,0.0072577414,0.006870669,0.0068826643,0.0072542247,0.006995034,0.007038277,0.0068822023,0.007217389,0.0072566536,0.0071939644,0.0073906747,0.0073560295,0.007616472,0.006907609,0.0068482426,0.0071158824
2021-04-07,0.0068850038,0.0070783314,0.006848198,0.0068623093,0.0072577414,0.00686748,0.0070317355,0.0072542247,0.006996554,0.0070362953,0.0068872985,0.007217389,0.0072566536,0.007200521,0.0073906747,0.0073664454,0.007616472,0.006926906,0.0068479297,0.0071063456
2021-04-08,0.006886345,0.0070746657,0.0068450687,0.0068687466,0.0072577414,0.006870788,0.006843087,0.0072542247,0.006998819,0.0070373085,0.0068776724,0.007217389,0.0072566536,0.0071986136,0.0073906747,0.00736348,0.007616472,0.0069255945,0.006849271,0.0071160165
2021-04-09,0.0068785516,0.007130292,0.006844681,0.0068654087,0.0072577414,0.006870937,0.0068441746,0.0072542247,0.007020977,0.0070468304,0.0068788645,0.007217389,0.0072566536,0.007189643,0.0073906747,0.0073633906,0.007616472,0.006897491,0.006841552,0.0071209935
2021-04-12,0.0067682234,0.0070214686,0.0067419526,0.0067532924,0.007142168,0.006768998,0.006728333,0.0071384576,0.00688177,0.0069331643,0.006778803,0.007101026,0.0071410653,0.0070781675,0.0072765765,0.007260692,0.00750142,0.006819364,0.006730613,0.0069991616
2021-04-13,0.0068800417,0.007143688,0.006848958,0.0068640676,0.0072577414,0.006863293,0.006885272,0.0072542247,0.006963056,0.007037115,0.0068755564,0.007217389,0.0072566536,0.0071877656,0.0073906747,0.007363763,0.007616472,0.0069233445,0.0068408963,0.007123616
2021-04-14,0.0066293,0.0069121686,0.006600913,0.006601211,0.006997016,0.0066052643,0.006599691,0.0069934097,0.0066964743,0.0067686853,0.006629866,0.0069560674,0.006996077,0.0069252965,0.007130843,0.007100698,0.0073591736,0.0066481647,0.0065808115,0.0068488535
2021-04-15,0.0068876115,0.0071651456,0.0068580178,0.006861296,0.0072577414,0.006875944,0.006903496,0.0072542247,0.006993663,0.0070686755,0.006887209,0.007217389,0.0072566536,0.0071822074,0.0073906747,0.00736275,0.007616472,0.0069518206,0.0068410304,0.007067558
2021-04-16,0.0049478826,0.0052450118,0.005181503,0.0049208817,0.005323824,0.0049523083,0.0049992916,0.005320173,0.0050194976,0.004952055,0.0049380776,0.0052827713,0.005322751,0.0052470383,0.0054578152,0.005432528,0.0056866375,0.005033609,0.0049049226,0.005136755
2021-04-19,0.0079320185,0.008218881,0.007920589,0.007901918,0.008298423,0.007918727,0.008018386,0.008294743,0.0080206655,0.008036803,0.007942971,0.008257415,0.008297395,0.008230429,0.008432355,0.00841267,0.00865699,0.008049335,0.00788423,0.0081286095
2021-04-20,0.006873813,0.007113528,0.0068640974,0.0068618176,0.0072577414,0.0068903235,0.006998476,0.0072542247,0.00700545,0.007052478,0.0068797437,0.007217389,0.0072566536,0.0071894196,0.0073906747,0.007365298,0.007616472,0.0070864228,0.006851491,0.007072699
2021-04-21,0.008252468,0.008502182,0.0082196705,0.008226927,0.008620989,0.008227538,0.008317422,0.008617412,0.008352634,0.008381989,0.008249667,0.008580264,0.00861999,0.008547496,0.008754816,0.008742567,0.008976992,0.008293819,0.008221548,0.008487191
2021-04-22,0.0068775085,0.007140484,0.0068533686,0.006857526,0.0072577414,0.0068592546,0.007005703,0.0072542247,0.0070103672,0.0069965837,0.006887358,0.007217389,0.0072566536,0.007187259,0.0073906747,0.007368919,0.007616472,0.006927174,0.0068494943,0.0071184156
2021-04-23,0.006878015,0.0071455357,0.0068544117,0.0068576303,0.0072577414,0.0068479,0.0069902805,0.0072542247,0.0070454744,0.006981474,0.006892201,0.007217389,0.0072566536,0.007183593,0.0073906747,0.007366073,0.007616472,0.007002559,0.006843072,0.0071062115
2021-04-26,0.0068722335,0.007144403,0.0068506715,0.006858569,0.0072577414,0.0068457094,0.0069084135,0.0072542247,0.0070260135,0.0070121256,0.0068814126,0.007217389,0.0072566536,0.0071893153,0.0073906747,0.0073683527,0.007616472,0.006922212,0.0068443087,0.0071328846
2021-04-27,0.006881383,0.007032719,0.006848302,0.0068608937,0.0072577414,0.0068452028,0.006853145,0.0072542247,0.0070531485,0.00701901,0.006896999,0.007217389,0.0072566536,0.0071951863,0.0073906747,0.0073669967,0.007616472,0.006978747,0.006856021,0.007105064
2021-04-28,0.0045367596,0.0046709296,0.0044900444,0.0045058695,0.0048998264,0.0044859764,0.004495707,0.00489628,0.0046845344,0.004659247,0.004563954,0.004859012,0.004898858,0.0048354235,0.0050335047,0.005004522,0.0052655754,0.0046054986,0.0044853804,0.0047335443
2021-04-29,0.008175325,0.00834417,0.008142199,0.00814965,0.008539688,0.008139547,0.008150261,0.008536126,0.008330788,0.00833654,0.0081934,0.008499365,0.008538511,0.008481618,0.00867274,0.008657303,0.00889514,0.008240487,0.008153062,0.008382034
2021-04-30,0.006880578,0.0070855734,0.006867152,0.006861773,0.0072577414,0.006856766,0.006869715,0.0072542247,0.0069977758,0.0070692715,0.006898817,0.007217389,0.0072566536,0.0071937856,0.0073906747,0.0073649553,0.007616472,0.0069950637,0.006851685,0.0071096686
2021-05-03,0.0072749075,0.0075176773,0.007252973,0.0072612134,0.007644814,0.007244718,0.007238772,0.007641208,0.007385519,0.0074630496,0.0073187915,0.007603985,0.007643786,0.007574689,0.007778671,0.0077630845,0.008002605,0.00732882,0.007231903,0.0075045046
2021-05-04,0.011135351,0.011386361,0.011126038,0.011117037,0.011502307,0.01110607,0.011115339,0.011498582,0.011257317,0.011300128,0.0111584775,0.011461895,0.011501145,0.011436369,0.011635568,0.011624705,0.011851963,0.011159103,0.011098396,0.011367511
2021-05-05,0.0068764505,0.0071426,0.00687578,0.006867197,0.0072577414,0.006852534,0.0068549183,0.0072542247,0.006982368,0.007032749,0.006953832,0.007217389,0.0072566536,0.0071853218,0.0073906747,0.0073646274,0.007616472,0.0069988635,0.0068477807,0.007066634
2021-05-06,0.0066352007,0.0068117795,0.006602746,0.006615978,0.0070032147,0.0066056964,0.0066040424,0.0069994745,0.006771919,0.0067842123,0.0067063537,0.00696173,0.007002261,0.0069377837,0.0071380106,0.0071282503,0.0073666987,0.0068153557,0.0065920767,0.0067993817
2021-05-07,0.00658026,0.006857496,0.0065643606,0.006557178,0.0069545177,0.0065525887,0.0065529016,0.0069508967,0.0066661504,0.0067811874,0.0066969064,0.0069137034,0.0069534895,0.0068842885,0.0070884046,0.007087585,0.007312533,0.0066577015,0.00654934,0.0067238924
2021-05-10,0.0076004234,0.0078637265,0.007601213,0.0075805304,0.0079773925,0.0075767008,0.0075854477,0.007973831,0.007680085,0.0077946302,0.0076633957,0.007937249,0.007976245,0.007908504,0.008110177,0.0080954395,0.008331623,0.007688832,0.007572618,0.007758316
2021-05-11,0.0068761227,0.0071440754,0.0068766144,0.006857824,0.0072577414,0.0068535325,0.0068565723,0.0072542247,0.006986913,0.0070706126,0.00691269,0.007217389,0.0072566536,0.007187691,0.0073906747,0.0073717353,0.007616472,0.0069703576,0.00685693,0.007084262
2021-05-12,0.006876555,0.007146072,0.0068771807,0.006864023,0.0072577414,0.0068571684,0.0069021103,0.0072542247,0.0069882986,0.007036057,0.006901991,0.007217389,0.0072566536,0.0071817157,0.0073906747,0.0073644784,0.007616472,0.006953117,0.006830421,0.007062253
2021-05-13,0.011838924,0.011741009,0.0114524625,0.011446934,0.011849295,0.011447322,0.011444878,0.011845734,0.011560094,0.011472177,0.011490267,0.01180939,0.011848312,0.011778694,0.011981841,0.011976358,0.012200307,0.011538561,0.011433076,0.011676427
2021-05-14,0.007276353,0.0071152714,0.006859061,0.0068651554,0.0072577414,0.00685319,0.0068582413,0.0072542247,0.006973129,0.0068548736,0.006913018,0.007217389,0.0072566536,0.0071851728,0.0073906747,0.007380795,0.007616472,0.006940913,0.0068422523,0.007072669
2021-05-17,0.0072845784,0.007139307,0.0068590906,0.006860998,0.0072577414,0.0068529514,0.006855604,0.0072542247,0.0069811908,0.006913033,0.0069225696,0.007217389,0.0072566536,0.0071832505,0.0073906747,0.007382166,0.007616472,0.0070079234,0.0068918285,0.0070638773
2021-05-18,0.007280719,0.007139426,0.006866452,0.0068586734,0.0072577414,0.006853592,0.006854665,0.0072542247,0.006979656,0.0068753627,0.0068806377,0.007217389,0.0072566536,0.0071895984,0.0073906747,0.0073813316,0.007616472,0.0071009514,0.006856617,0.0070629832
2021-05-19,0.006728929,0.0065772203,0.006312352,0.006294411,0.0066924957,0.0062882123,0.0062762615,0.00668886,0.0064479974,0.006299686,0.006314751,0.0066514877,0.006691393,0.006619152,0.006826338,0.0068207053,0.0070529995,0.0064630923,0.006308284,0.0065111932
2021-05-20,0.0062097576,0.0060944674,0.005858716,0.005803239,0.0062031266,0.0057982025,0.0057881144,0.006199431,0.0059549627,0.005816188,0.0058368114,0.0061624465,0.006202009,0.0061256555,0.006336656,0.0063291756,0.006563064,0.0058856276,0.005795267,0.0060671684
2021-05-21,0.00728507,0.0071492163,0.0068770763,0.00685994,0.0072577414,0.0068533835,0.0069195447,0.0072542247,0.007009935,0.0068656174,0.0068943915,0.007217389,0.0072566536,0.0071785715,0.0073906747,0.0073802886,0.007616472,0.006976348,0.0068523106,0.007104155
2021-05-24,0.006036949,0.00590713,0.005630326,0.0056185094,0.006013852,0.005610582,0.005610254,0.006010231,0.0057281074,0.0056219366,0.0056616333,0.0059732315,0.006012645,0.005940136,0.0061473665,0.006149572,0.006371599,0.00571945,0.005601239,0.0058192727
2021-05-25,0.0072577563,0.0071497676,0.006860968,0.006857824,0.0072577414,0.0068518934,0.0068402407,0.0072542247,0.0069350717,0.006858703,0.006912079,0.007217389,0.0072566536,0.0071782884,0.007373404,0.007344183,0.0069349525,0.0069140014,0.0069029895,0.0070784506
2021-05-26,0.007286918,0.007149842,0.0068642017,0.0068729487,0.0072577414,0.006856453,0.0069142696,0.0072542247,0.006984186,0.0068841693,0.006917548,0.007217389,0.0072566536,0.007177454,0.007388678,0.007295352,0.007580143,0.006911319,0.0068614003,0.0070971665
2021-05-27,0.008094605,0.007989775,0.007717934,0.0077151177,0.0080963485,0.0076978025,0.0077781943,0.008092698,0.007828724,0.0077092913,0.0077707437,0.008055609,0.008095246,0.008018073,0.007806149,0.008098688,0.007789847,0.007780668,0.007635933,0.007916074
2021-05-28,0.007165235,0.0071498123,0.00685997,0.006861773,0.0072577414,0.0068575856,0.006866258,0.0072542247,0.0069937375,0.0068606255,0.0069772718,0.007217389,0.0072566536,0.0071824607,0.0069301245,0.0072769043,0.006922346,0.0069005904,0.006854978,0.0070809093
2021-06-01,0.007251021,0.007146668,0.006861415,0.0068636355,0.0072577414,0.006855574,0.006852683,0.0072542247,0.0069782403,0.006893378,0.0069416133,0.007217389,0.0072566536,0.007184651,0.0069248793,0.007285696,0.006926697,0.0068839756,0.006854188,0.0070807454
2021-06-02,0.007180926,0.007013109,0.0068803844,0.006876212,0.0072577414,0.006855574,0.006858703,0.0072542247,0.007039767,0.006859508,0.006915104,0.007217389,0.0072566536,0.007183757,0.006920707,0.007300925,0.006925967,0.0068785367,0.0068223146,0.007098776
2021-06-03,0.007777956,0.0076876846,0.0074130413,0.0074276295,0.0078122434,0.007414606,0.0074133244,0.0078087416,0.0075618145,0.007430401,0.0074638245,0.0077717123,0.0078113046,0.007740077,0.007872906,0.007870298,0.0074891564,0.0074652103,0.0073747453,0.0076491353
2021-06-04,0.0072646555,0.0071433005,0.0068859276,0.0068628904,0.0072577414,0.006856632,0.0068484363,0.0072542247,0.007022139,0.0068774787,0.0069211093,0.007217389,0.0072566536,0.007182103,0.007359427,0.007310745,0.006938052,0.0069200364,0.007129219,0.0070893285
2021-06-07,0.006888595,0.006753486,0.006466028,0.0064680395,0.006865647,0.0064597395,0.0064961133,0.0068620113,0.0066191372,0.0064717797,0.0065017757,0.0068249223,0.0068645594,0.006788817,0.006979015,0.006890666,0.006546688,0.0064969626,0.0067224023,0.006696206
2021-06-08,0.007253554,0.007134449,0.0068524745,0.006866407,0.0069247154,0.006865364,0.0068475422,0.0072542247,0.0068906215,0.006865498,0.006911468,0.007217389,0.0072566536,0.0071799275,0.007376027,0.0072940406,0.0075815883,0.0069126603,0.007116523,0.0070746955
2021-06-09,0.007279348,0.007136744,0.006846082,0.0068592993,0.0072088507,0.006865856,0.006864649,0.0072542247,0.0068714586,0.0068607447,0.0069414047,0.007217389,0.0072566536,0.007183325,0.00738005,0.007301104,0.0069724736,0.006894496,0.0071158377,0.00707854
2021-06-10,0.008880373,0.008729514,0.008438241,0.00845037,0.008830752,0.008443948,0.0085043125,0.008840989,0.008477356,0.0084684305,0.008497309,0.008804318,0.008843552,0.008771684,0.008968543,0.008870404,0.008531939,0.008469891,0.00842927,0.008684348
2021-06-11,0.007286888,0.007144612,0.0068479297,0.006855574,0.007252213,0.006856185,0.0068508503,0.0072542247,0.0068704453,0.006881055,0.0068923053,0.007217389,0.0072566536,0.007184249,0.0073831943,0.007338491,0.0069358167,0.006882843,0.0068031517,0.007113856
2021-06-14,0.01084445,0.010729369,0.01043966,0.010441821,0.010502871,0.010434683,0.010434132,0.010832023,0.010444459,0.010472309,0.010500219,0.010794979,0.010834541,0.010758933,0.010960188,0.010868799,0.011157151,0.010466617,0.010796007,0.0106758885
2021-06-15,0.0072566834,0.0069056866,0.006858152,0.00685769,0.006888118,0.0068559465,0.006846812,0.0072542247,0.00700992,0.0068824855,0.0069029746,0.007217389,0.0072566536,0.007183459,0.0073828665,0.0072883633,0.0076382724,0.006896716,0.0068966565,0.007094201
2021-06-16,0.013166349,0.012876984,0.0128446035,0.012855675,0.012873244,0.012861636,0.012882423,0.013241019,0.012959372,0.012873556,0.012893032,0.013204496,0.013243493,0.013174143,0.013370689,0.0132628195,0.01362985,0.012904193,0.012852903,0.013087224
2021-06-17,0.00810362,0.007956963,0.007831465,0.007808071,0.008138772,0.007828187,0.007812526,0.008199897,0.007939976,0.007819708,0.007848721,0.008162823,0.008202445,0.008135911,0.008348834,0.008268248,0.008630376,0.007928219,0.0078071323,0.007889327
2021-06-18,0.0065114168,0.006268081,0.0062756655,0.006249648,0.0062918332,0.0062521663,0.0063759354,0.0066325483,0.006352615,0.0062403795,0.0062866923,0.006595668,0.0066349325,0.0065598157,0.006763187,0.0066504893,0.007022914,0.0063516465,0.006246355,0.006468576
2021-06-21,0.0081353,0.007951181,0.007787254,0.007797685,0.007809576,0.007781994,0.007785481,0.008179884,0.007918861,0.0077938554,0.007854488,0.008142885,0.008182507,0.00810891,0.008310135,0.008220594,0.0085686855,0.007865038,0.0077381697,0.0080253
2021-06-22,0.0070695993,0.007014167,0.006862175,0.0068633226,0.006875288,0.00684939,0.006844681,0.0069251177,0.0069583026,0.0068661687,0.0069053588,0.007217389,0.0072566536,0.0071868864,0.0073658195,0.0072536734,0.0076073823,0.006983381,0.0068429527,0.007098925
2021-06-23,0.007125583,0.007037398,0.006855097,0.006865528,0.0068760035,0.00685614,0.0068541137,0.0072055277,0.006951433,0.0068667796,0.0069167432,0.007217389,0.0072566536,0.007188466,0.0073630926,0.0072575626,0.0069845137,0.0069568125,0.0068433103,0.0070658145
2021-06-24,0.0077383635,0.0076134023,0.0074445275,0.007452008,0.007458952,0.007440206,0.0074842093,0.007822793,0.0075479266,0.0074417708,0.0074688164,0.0077983704,0.007839289,0.007768002,0.007950347,0.0078307055,0.0075247255,0.007524353,0.00743058,0.0076759425
2021-06-25,0.0089819245,0.008709203,0.008683827,0.0086942725,0.008999687,0.008669283,0.008672621,0.009059887,0.0087511055,0.008665126,0.008864727,0.009028669,0.009068098,0.009001683,0.009212952,0.009133678,0.009433445,0.008850511,0.008646127,0.008882131
2021-06-28,0.007168692,0.0071080294,0.0068563637,0.006894034,0.0072317687,0.0068576303,0.0068488237,0.007251185,0.0069414047,0.0068564382,0.0070152697,0.007217389,0.0072566536,0.0071752486,0.0074052033,0.0073792753,0.0076834676,0.0069830683,0.0067870882,0.0070427326
2021-06-29,0.007269439,0.007053804,0.0068527577,0.0068615046,0.00724442,0.006848466,0.006844547,0.007252094,0.006989327,0.006846037,0.007045206,0.007217389,0.0072566536,0.0071868566,0.007406023,0.0073827324,0.0076953885,0.0069979695,0.0068368283,0.0070783165
2021-06-30,0.0071594683,0.0070342985,0.0070429114,0.0068606404,0.0072499183,0.006855127,0.0068428037,0.007252958,0.0070260284,0.006863829,0.0070592877,0.007217389,0.0072566536,0.00718255,0.0074062166,0.007381287,0.0076970574,0.0068704453,0.0067891744,0.0070525524
2021-07-01,0.0073346165,0.007191893,0.0070569334,0.0070530144,0.007431355,0.0070359823,0.007024702,0.0074321297,0.0071836826,0.0070431647,0.0072422144,0.0073953387,0.0074353484,0.0073614684,0.0075857607,0.0075191823,0.007868525,0.007109907,0.006961417,0.007261735
2021-07-02,0.006505799,0.006333005,0.0061763194,0.006189671,0.0065693227,0.0061734286,0.0061597344,0.006568786,0.006409165,0.0061835316,0.0063380864,0.0065322784,0.006571513,0.006503057,0.0067210314,0.00666694,0.0070024696,0.0062383083,0.0060930816,0.006370854
2021-07-06,0.007160243,0.0070086536,0.006874081,0.0068669585,0.0072558788,0.006855097,0.0068416563,0.007254165,0.007040974,0.0068781343,0.0070213047,0.007217389,0.0072566536,0.007181939,0.0074062166,0.007344034,0.0076916334,0.006920513,0.006782141,0.007081535
2021-07-07,0.007101175,0.0069823232,0.006878611,0.0068636653,0.0072568026,0.006848511,0.006838348,0.007254344,0.0069231507,0.0068767187,0.0070284572,0.007217389,0.0072566536,0.007178333,0.0074049947,0.0073370156,0.0076400605,0.0069139865,0.0068067727,0.00712606
2021-07-08,0.0063620773,0.006276917,0.006117013,0.0061082807,0.006505054,0.006097686,0.0060926047,0.006502044,0.0062492457,0.0061241207,0.006264564,0.0064645377,0.006504279,0.006432962,0.0066527096,0.006548148,0.006939065,0.0061640707,0.0060994145,0.0063730148
2021-07-09,0.0071410355,0.0070482013,0.006875616,0.0068578837,0.0072580543,0.006852534,0.0068378565,0.0072545973,0.007006612,0.0068607745,0.0070243445,0.007217389,0.0072566536,0.007182893,0.007365566,0.0073385355,0.007640716,0.006992337,0.006861162,0.0071071205
2021-07-12,0.006344643,0.006150436,0.0062055406,0.0060781804,0.006092083,0.006074321,0.006059226,0.0064724353,0.006246474,0.0060832915,0.006268468,0.0064347354,0.0064744917,0.006398734,0.0065595624,0.0064959493,0.006812435,0.006120723,0.0060194847,0.0063071963
2021-07-13,0.0071834293,0.0070614335,0.0068651554,0.006856811,0.007200536,0.0068536666,0.0068373797,0.0072547463,0.0069671688,0.0068632183,0.0070266244,0.007217389,0.0072566536,0.007183921,0.007359382,0.0073384163,0.007635635,0.0068761823,0.0067864624,0.0070996103
2021-07-14,0.007173863,0.0070363847,0.0068582115,0.006858301,0.007238653,0.006854486,0.006842178,0.007254806,0.006983426,0.0068561253,0.0070332405,0.007217389,0.0072566536,0.007188466,0.0073578176,0.0072994796,0.0076391515,0.0069026765,0.0068003056,0.0071101156
2021-07-15,0.005440232,0.005240184,0.0050462303,0.00504702,0.0054374305,0.0050368276,0.005094242,0.0054438827,0.005184245,0.005041313,0.005217355,0.0054058847,0.0054458645,0.0053805825,0.005580288,0.0051159826,0.005830538,0.0050867465,0.005052638,0.0052905795
2021-07-16,0.007221487,0.007027712,0.0068506864,0.006857094,0.006886956,0.006846693,0.0068611023,0.0072548655,0.0070009795,0.0068532196,0.0070291576,0.007217389,0.0072566536,0.007186201,0.007366684,0.0068942425,0.0075931367,0.0069276807,0.0068695215,0.007100743
2021-07-19,0.0089575015,0.008701857,0.008569296,0.00857174,0.008908402,0.008558404,0.008486997,0.008963432,0.008733537,0.008568015,0.0087579,0.008925553,0.008965369,0.008897629,0.008913916,0.008608025,0.008974817,0.0086946,0.008574229,0.008792993
2021-07-20,0.0072477725,0.0070086983,0.006866601,0.0068607447,0.0072123227,0.006846514,0.0067885634,0.007254925,0.006990519,0.006883484,0.007048097,0.007217389,0.0072566536,0.007181537,0.0070786444,0.006891322,0.0071194884,0.006890413,0.0068645296,0.0070831445
2021-07-21,0.0071539697,0.0069786278,0.006876838,0.006865498,0.007247847,0.0068539944,0.0067972657,0.007254925,0.0069972095,0.0068769273,0.0070556668,0.007217389,0.0072566536,0.0071805683,0.0070325253,0.0068909344,0.0070112017,0.0069080708,0.0068836627,0.0071051237
2021-07-22,0.007433441,0.0072579947,0.0071368185,0.007140067,0.0075252918,0.0071309325,0.0071626124,0.007528391,0.0073041734,0.007165369,0.0073313084,0.007490274,0.007530254,0.0074609336,0.0072891233,0.007163596,0.007263955,0.0071704504,0.007147592,0.0073652384
2021-07-23,0.007225987,0.007000726,0.006857228,0.006863874,0.007253122,0.0068503437,0.006802928,0.00725494,0.007083949,0.0068687615,0.0070394096,0.007217389,0.0072566536,0.0071865735,0.0072171357,0.006888118,0.0073178527,0.0068761376,0.006883022,0.0070571867
2021-07-26,0.007203233,0.0069649187,0.006854546,0.006859672,0.0072292504,0.006851774,0.006925833,0.00725497,0.0070363996,0.0068635163,0.007021677,0.007217389,0.0072566536,0.007184979,0.007083651,0.0068855253,0.0071221557,0.0068853465,0.006931689,0.007111278
2021-07-27,0.0071845916,0.0069632647,0.0068616834,0.006861326,0.0072304723,0.006853756,0.0067681936,0.007254925,0.0070194867,0.006864321,0.0070524034,0.007217389,0.0072566536,0.007188451,0.007321444,0.006889325,0.0075770435,0.0068858084,0.0068737385,0.0070877937
2021-07-28,0.0072162417,0.006941524,0.0068529663,0.0068586287,0.0072865603,0.006851223,0.006751251,0.007254925,0.0070131836,0.0068613854,0.007054698,0.007217389,0.0072566536,0.00718939,0.007347983,0.0068866727,0.0076023457,0.0069323746,0.006861132,0.0070876298
2021-07-29,0.005001646,0.004751709,0.004646626,0.0046366868,0.004657027,0.0046270755,0.0045720604,0.005032566,0.004765686,0.004632589,0.0048565534,0.004995283,0.0050342497,0.004968625,0.004919645,0.0046616015,0.004981723,0.004665327,0.00465053,0.004859206
2021-07-30,0.007248011,0.0069961515,0.006865498,0.006862354,0.0067961034,0.006847244,0.006755334,0.0072547463,0.0069853333,0.0068499115,0.007058811,0.007217389,0.0072566536,0.0071925935,0.0073190597,0.0068828133,0.007555288,0.0068901596,0.00685769,0.0071000424
2021-08-02,0.007729229,0.0074683395,0.0073715267,0.0073689786,0.007294607,0.007352349,0.0073196855,0.007372406,0.0075070825,0.007373315,0.007552546,0.0077229855,0.0077623245,0.0076920507,0.0075144437,0.0073882607,0.0075272885,0.0073729125,0.0073762205,0.007610303
2021-08-03,0.007193443,0.0068414477,0.0070981947,0.0068384525,0.0067643044,0.006824997,0.0067821858,0.006776598,0.0069899675,0.0068328646,0.007055145,0.0071812985,0.007221442,0.007167023,0.0070667234,0.0068556336,0.0071177003,0.0068554995,0.0068365154,0.007075649
2021-08-04,0.0068732467,0.0064780083,0.0066578803,0.0064778146,0.006805804,0.006459233,0.0063645956,0.006788936,0.0065981415,0.006464031,0.006739464,0.0068292436,0.0068684784,0.00680193,0.006935787,0.006501463,0.007132199,0.006482747,0.006465387,0.0066777286
2021-08-05,0.00725415,0.0069162813,0.0071198014,0.006862816,0.0072521684,0.006845739,0.0067528156,0.0072235134,0.0070012626,0.006857854,0.0070881513,0.007217389,0.0072566536,0.007185426,0.0073518273,0.006895673,0.0075514433,0.0068765995,0.0068558273,0.007053506
2021-08-06,0.007280391,0.006942686,0.007119399,0.006866422,0.0072946814,0.0068474826,0.0067490158,0.0072366116,0.0069947955,0.006849688,0.007103842,0.007217389,0.0072566536,0.0071907607,0.0073593524,0.0068907407,0.007601839,0.006870922,0.0068574664,0.00705972
2021-08-09,0.0051736054,0.0049975333,0.005201843,0.0050131944,0.0053947684,0.0049332497,0.004838225,0.005332988,0.0050759283,0.004941922,0.0051134643,0.0053071496,0.005347055,0.005273786,0.0054538217,0.004975405,0.0056962636,0.0049778935,0.004943934,0.0051790294
2021-08-10,0.007096615,0.006895971,0.007069659,0.006904733,0.0068865535,0.00684413,0.0067737964,0.007246193,0.0069954065,0.0068526384,0.0070710597,0.007217389,0.0072566536,0.007188138,0.0071035293,0.0068860766,0.0071311113,0.0068833646,0.0068518934,0.007082802
2021-08-11,0.005885702,0.0060000536,0.006023955,0.0059148488,0.005803522,0.0058268276,0.0057381806,0.0062281457,0.006003898,0.0058345464,0.00605489,0.0061962274,0.0062361476,0.0061745164,0.005973336,0.005862978,0.0059750346,0.0058660624,0.0058413562,0.0060601053
2021-08-12,0.0069020656,0.007057008,0.0069557843,0.0069278,0.006798294,0.006844145,0.0067475107,0.007250291,0.0069548157,0.0068531004,0.007094261,0.007217389,0.0072566536,0.007182908,0.0069732186,0.006882411,0.0069778976,0.0068784473,0.0068604616,0.00707933
2021-08-13,0.008924063,0.009088766,0.008954268,0.00894646,0.008837145,0.0088525675,0.008875992,0.009253483,0.009019729,0.008860182,0.009067725,0.009219151,0.009258654,0.009189244,0.008961137,0.008887764,0.00897124,0.008883204,0.008869361,0.009077918
2021-08-16,0.0074730334,0.0075774607,0.0075966385,0.0075288233,0.007447314,0.007421669,0.007533726,0.007828128,0.0076094386,0.00744718,0.0076103625,0.007792589,0.007832628,0.007762876,0.0075324294,0.0074575064,0.0075440523,0.0074621853,0.0074362126,0.0076584634
2021-08-17,0.0068808016,0.007061523,0.007022944,0.00692026,0.0067999777,0.006843027,0.0067691323,0.0072530177,0.00703932,0.0068598804,0.0070106206,0.007217389,0.0072566536,0.007190552,0.0069625643,0.0068817553,0.0069774357,0.0068874923,0.0068625626,0.007080343
2021-08-18,0.0068732467,0.0069088456,0.006912288,0.0069376943,0.006873351,0.0068752137,0.0070493487,0.0072535095,0.007014763,0.006853622,0.0070375917,0.007217389,0.0072566536,0.0071845767,0.006924775,0.0068813977,0.006939363,0.0068788496,0.0068462905,0.0071032164
2021-08-19,0.0058452454,0.0058152047,0.0058491197,0.005869907,0.005841103,0.0058062193,0.0060170856,0.0062127677,0.0059726355,0.005809423,0.0060336557,0.0061761555,0.0062154797,0.006147411,0.005881798,0.005841863,0.0058964607,0.0058422205,0.0057602194,0.0060375747
2021-08-20,0.0068958965,0.0068482724,0.0069220928,0.006940004,0.007216495,0.0068456945,0.006788504,0.00725415,0.007007566,0.006851521,0.0070487526,0.007217389,0.0072566536,0.007184517,0.0069739786,0.0068848995,0.0069906977,0.0068835285,0.0067854044,0.0071039465
2021-08-23,0.0056150225,0.0055759368,0.0056462702,0.005704832,0.0060064313,0.005568382,0.0054841903,0.0059768376,0.0057321903,0.0055714515,0.0057482687,0.0059391675,0.0059792963,0.005907294,0.005697411,0.005605739,0.005714905,0.005597752,0.0054969457,0.0058444706
2021-08-24,0.0068939445,0.006851357,0.006955218,0.006957483,0.0069148806,0.006848049,0.006783229,0.0072545228,0.007018816,0.0068545607,0.007024389,0.007217389,0.0072566536,0.007188585,0.007138234,0.006878045,0.0069868383,0.006888163,0.006767642,0.007113558
2021-08-25,0.00777958,0.007683989,0.0077543524,0.007829245,0.008071851,0.007675719,0.0075934497,0.0080782585,0.0078358315,0.0076968786,0.007857945,0.008040097,0.008080509,0.008012887,0.008152124,0.007697892,0.008379158,0.007712346,0.0076021967,0.007926073
2021-08-26,0.008079734,0.008030202,0.008108806,0.008162376,0.008450579,0.0080271475,0.007940393,0.008430567,0.008193996,0.008027043,0.008203115,0.008392837,0.008432563,0.008364748,0.008528363,0.008045804,0.008780446,0.008058172,0.0079389475,0.00829814
2021-08-27,0.0040140417,0.00398038,0.0040716347,0.0039757756,0.0044235853,0.0040005115,0.003866714,0.004370284,0.004121926,0.0039667306,0.004135844,0.0043329713,0.004372042,0.00429928,0.0044523445,0.003977519,0.0041318056,0.003989395,0.0038827625,0.004224282
2021-08-30,0.0069024977,0.0068733064,0.0070062694,0.006866705,0.006940123,0.006897327,0.0069703725,0.00725491,0.006984752,0.00686371,0.007017654,0.007217389,0.0072566536,0.007185158,0.006964248,0.0068616983,0.006920409,0.0068794307,0.0067727533,0.0071091023
2021-08-31,0.0073950705,0.0073435274,0.007428494,0.0074187336,0.007722747,0.00734466,0.0072533605,0.0077232984,0.0074523804,0.007328343,0.0074784425,0.0076847193,0.007725191,0.0076528606,0.007445973,0.0073357937,0.00744338,0.0073564914,0.007298228,0.0075933305
2021-09-01,0.009263676,0.0092362575,0.009393554,0.009277862,0.009279933,0.009247612,0.009287711,0.00961512,0.009354752,0.009220313,0.00938512,0.009577479,0.009616878,0.009545218,0.009307381,0.009223577,0.0093054585,0.009250622,0.0091946535,0.009470414
2021-09-02,0.00689384,0.00691047,0.007018727,0.006917518,0.0068575707,0.006895226,0.0068019894,0.0072549996,0.0069869426,0.0068590757,0.0070299176,0.007217389,0.0072566536,0.007186827,0.0070929197,0.0068630693,0.007151794,0.006877404,0.006835055,0.0071038124
2021-09-03,0.0068945703,0.0071080443,0.006986287,0.006862786,0.007237029,0.006873649,0.0067590442,0.0073242006,0.0070228693,0.0068651703,0.007038873,0.007217389,0.0072566536,0.007188153,0.0073250798,0.0068674204,0.0075289276,0.0068734107,0.006842133,0.0070869443
2021-09-07,0.009628084,0.00982153,0.009709086,0.009586316,0.009692412,0.009651627,0.009488564,0.009688359,0.009682056,0.0095872395,0.00977413,0.0099382065,0.009978365,0.009911951,0.010049846,0.0095875375,0.010079723,0.009607147,0.00957429,0.009812813
2021-09-08,0.006894287,0.0070552644,0.006969404,0.006864887,0.0068826196,0.006895509,0.006873336,0.0072082398,0.006975439,0.006856766,0.007071939,0.007217389,0.0072566536,0.007184204,0.0069979844,0.0068598357,0.006999966,0.006879356,0.006846529,0.0070876894
2021-09-09,0.0068972227,0.0070043323,0.006938335,0.006862354,0.007218581,0.006898996,0.006767195,0.0072385785,0.0069544134,0.00686143,0.0070752767,0.007217389,0.0072566536,0.00718559,0.006971475,0.006863084,0.0069726375,0.0068773595,0.006842744,0.0071027246
2021-09-10,0.0089894645,0.009153809,0.009082969,0.008954819,0.008913811,0.009002384,0.00884242,0.009326544,0.009072464,0.008961257,0.009113919,0.0092973225,0.009337392,0.009268697,0.00938357,0.008949246,0.009623047,0.008964043,0.008934047,0.009183358
2021-09-13,0.006923121,0.0071135727,0.0069042263,0.006866109,0.0068446067,0.006922525,0.00677548,0.007231098,0.0069635627,0.00688782,0.0070862737,0.007217389,0.0072566536,0.007181537,0.0069663045,0.0068626967,0.006970328,0.006875482,0.006848019,0.00706647
2021-09-14,0.007005763,0.0070469645,0.0071107564,0.0068675843,0.006790754,0.0068696258,0.0067889956,0.0072331843,0.006982025,0.0068835584,0.007048544,0.007217389,0.006923896,0.0071783927,0.0070546833,0.0068610576,0.00708684,0.0068800715,0.0068500307,0.0070706126
2021-09-15,0.0063386825,0.0062875715,0.006517392,0.0063808677,0.0062098918,0.006299865,0.006169748,0.0066458103,0.0063550887,0.0062696305,0.006445166,0.0066115824,0.0066024032,0.0065755066,0.0065566567,0.006264698,0.0066453037,0.0062780348,0.0062425253,0.006477338
2021-09-16,0.0074209836,0.0075416085,0.007651907,0.007385772,0.007389244,0.0073953834,0.0073982743,0.007762384,0.007498112,0.007446226,0.0075624404,0.0077269343,0.007751238,0.0076947478,0.0075054583,0.007380989,0.007517871,0.007406723,0.0073667434,0.007613775
2021-09-17,0.01111057,0.011246573,0.011342149,0.011066761,0.01108275,0.011078235,0.010977846,0.011451986,0.011157792,0.011088353,0.01129074,0.011416521,0.011448052,0.011385348,0.0113558285,0.011070456,0.011443686,0.011081468,0.0110552125,0.011287104
2021-09-20,0.006874275,0.006954786,0.0071424213,0.006875586,0.0068807867,0.006900203,0.0068338034,0.0072530624,0.0069403467,0.0068763164,0.007077318,0.007217389,0.0068796244,0.0071828333,0.006972697,0.006861266,0.006984186,0.006871071,0.00684486,0.0071196076
2021-09-21,0.006882843,0.007067543,0.006961581,0.0068659303,0.006830227,0.0068719056,0.006780517,0.0072533903,0.0069582877,0.00688937,0.0070677665,0.007217389,0.0068743345,0.0071876314,0.0070406017,0.0068605957,0.0070680496,0.006894004,0.006843638,0.007102963
2021-09-22,0.0068739024,0.0070765135,0.00693686,0.006866005,0.006832805,0.0068767336,0.006832969,0.0072536585,0.00700846,0.006880876,0.0070633707,0.007217389,0.007189822,0.0071857837,0.00694133,0.006859776,0.0069403765,0.0068760184,0.0068432507,0.0071083424
2021-09-23,0.006894168,0.0070545194,0.0069155064,0.0068634865,0.0068241027,0.006876793,0.0067645875,0.0072537777,0.006940302,0.006925818,0.0070918617,0.007217389,0.007230785,0.007181522,0.006932032,0.006861624,0.0069314805,0.0068888483,0.00683656,0.006990981
2021-09-24,0.008005243,0.008193042,0.008043017,0.007962,0.007961404,0.00796872,0.008083206,0.008350547,0.008038189,0.007990163,0.0081943385,0.008313265,0.008339237,0.008275446,0.007995781,0.007961553,0.007991936,0.007976051,0.007905748,0.0080765
2021-09-27,0.0076658097,0.007852431,0.007892411,0.0076478687,0.007648703,0.0076569137,0.0077836034,0.008035835,0.00774641,0.007688534,0.007838126,0.0079989545,0.008029636,0.007967662,0.007655811,0.007646438,0.007653397,0.0076691327,0.007604253,0.007771891
2021-09-28,0.006899607,0.007083502,0.0071262238,0.006861743,0.00679433,0.006879252,0.006818455,0.0072541353,0.0069657234,0.0068947193,0.0070570675,0.007217389,0.0072506783,0.007183206,0.0068690595,0.0068612215,0.006868106,0.0068970737,0.006807294,0.0069690016
2021-09-29,0.0075904396,0.0077518937,0.007838633,0.0075706807,0.007547986,0.0076138047,0.007480633,0.007963311,0.00767028,0.0075969216,0.007795435,0.007926118,0.0079620145,0.007894646,0.007633653,0.007573482,0.007640254,0.0076058027,0.007519346,0.0076203165
2021-09-30,0.002666649,0.0026347903,0.002696928,0.002642509,0.0026246128,0.002682772,0.0026078788,0.003038433,0.0027019647,0.0026488272,0.0029021916,0.0030018059,0.0030382094,0.0029660282,0.0030409065,0.002990794,0.0026628044,0.0027015922,0.0026238975,0.0027050343
2021-10-01,0.006298777,0.006398302,0.006526333,0.006279361,0.006298524,0.006296706,0.006204706,0.0066658524,0.0064004627,0.0063089696,0.0065064398,0.0066287485,0.0066667763,0.0065931347,0.006714281,0.006304261,0.0063549993,0.006383654,0.0062355814,0.006349456
2021-10-04,0.006905642,0.0070380983,0.0071282503,0.006870043,0.0068836478,0.0068777916,0.006795567,0.007254314,0.0069887605,0.0069074896,0.007054847,0.007217389,0.007255968,0.0071772453,0.007317197,0.0068708775,0.006938201,0.0068873283,0.0068235216,0.006986272
2021-10-05,0.0068885055,0.006864306,0.007076007,0.0068643508,0.00717124,0.0068696258,0.0067958054,0.007254329,0.0070171324,0.0068941084,0.007043403,0.007217389,0.0072565046,0.007187378,0.0073605296,0.006872919,0.0069020507,0.006881055,0.006809455,0.0070861545
2021-10-06,0.007112202,0.0070540127,0.007339236,0.0070682284,0.0074418304,0.0070826975,0.0070149866,0.0074495343,0.007188883,0.0070780036,0.007208672,0.0074116853,0.0074521867,0.0073830304,0.007574108,0.0070738015,0.0071358946,0.0070830104,0.0070019034,0.0073328433
2021-10-07,0.0075586406,0.007520434,0.0076329377,0.0075301942,0.007925358,0.007547703,0.007603627,0.007919382,0.0076596257,0.0075678197,0.00772832,0.007881712,0.007922616,0.007851969,0.008048233,0.0077456203,0.007630047,0.007554215,0.0074831215,0.007614043
2021-10-08,0.0073018637,0.0072582928,0.0073587266,0.00726853,0.007667404,0.007292193,0.0072903004,0.0076572117,0.0074271676,0.0073029664,0.0074543026,0.0076196757,0.00766046,0.007586133,0.0074031022,0.0076381234,0.00731751,0.0072782007,0.007220235,0.007354569
2021-10-11,0.008807432,0.008779969,0.008848738,0.008791219,0.009156775,0.008813348,0.008779939,0.0091810785,0.008888658,0.008836459,0.009016018,0.009143781,0.0091845505,0.009110611,0.00886732,0.0091945045,0.008847978,0.008820232,0.00875349,0.008868214
2021-10-12,0.0054438678,0.0053689447,0.0054638055,0.0053746817,0.005782005,0.0053857383,0.005369362,0.005767342,0.005548161,0.005411085,0.005567309,0.0057300148,0.0057707992,0.005695489,0.0054331985,0.0057811257,0.0054229614,0.005390432,0.0053229895,0.0054389206
2021-10-13,0.0068717417,0.0068494496,0.006993946,0.006858867,0.007233855,0.0068781194,0.0068435487,0.0072544483,0.007023063,0.0068885055,0.007069927,0.007217389,0.007257935,0.0071889577,0.006906402,0.0072761294,0.006899473,0.006987628,0.006798264,0.006894734
2021-10-14,0.0068802056,0.0068530557,0.0070021716,0.0068581966,0.007241991,0.006887045,0.0069063124,0.0072550294,0.0069979546,0.0068891314,0.0070521203,0.007217389,0.0072580096,0.0071883616,0.007313412,0.0070513454,0.0075824973,0.0069463667,0.0068499413,0.0069099185
2021-10-15,0.008347567,0.008348804,0.008461293,0.0083363615,0.008749347,0.008366492,0.008431565,0.008757707,0.00849862,0.008364063,0.00853708,0.00869314,0.0087340735,0.008672353,0.008839797,0.0085952245,0.0084740035,0.008367594,0.008296113,0.008360799
2021-10-18,0.008359771,0.008348715,0.008484852,0.008342292,0.0087300055,0.008380886,0.008510422,0.008725803,0.008483019,0.0083541535,0.008518528,0.008696463,0.008737441,0.008671101,0.008851226,0.008483093,0.008424085,0.008372765,0.008273687,0.008392584
2021-10-19,0.0068912623,0.0068608043,0.0069119898,0.0068606255,0.0072397557,0.006885719,0.006933641,0.0072542247,0.0069480506,0.0068891016,0.0070565757,0.007217389,0.007258129,0.0071889427,0.007340592,0.007103544,0.006927919,0.0069141206,0.006796476,0.006915894
2021-10-20,0.0069195,0.006860834,0.006956574,0.0068615493,0.0072748777,0.0068695215,0.0070335534,0.0072542247,0.0069880453,0.006905746,0.0070573506,0.007217389,0.0072581437,0.0071828035,0.00734688,0.0069149253,0.006909412,0.006914985,0.0068104384,0.0069111255
2021-10-21,0.006900203,0.0068732915,0.0068830964,0.0068592546,0.007240739,0.0068843183,0.0070106057,0.0072542247,0.0069310633,0.006962043,0.0071052876,0.007217389,0.0072580543,0.0071829823,0.0073971865,0.0070026186,0.007609558,0.006904286,0.0068472293,0.0069005606
2021-10-22,0.010064136,0.010029685,0.010069769,0.010021176,0.0103950165,0.010026243,0.0100319795,0.010403391,0.010127556,0.010052916,0.010244634,0.010366302,0.010406997,0.010336261,0.010498073,0.010244023,0.010136541,0.010051947,0.009991538,0.010123577
2021-10-25,0.003967267,0.003952664,0.0041078147,0.0039329794,0.004311141,0.0039054272,0.0038943854,0.004324135,0.003995326,0.003992167,0.0041101244,0.004287016,0.004315209,0.0042545763,0.0044521955,0.0039804843,0.004663807,0.0039353487,0.003907439,0.0041643796
2021-10-26,0.0069248644,0.0068654236,0.0070237485,0.0068631885,0.007240784,0.006860253,0.006837931,0.0072542247,0.0069787917,0.0068801013,0.00706045,0.007217389,0.0072578457,0.007185724,0.0071297106,0.006976333,0.0071655926,0.0068662134,0.006790724,0.0070909527
2021-10-27,0.009909343,0.009899449,0.010069426,0.0098709725,0.010236051,0.009877171,0.009873953,0.010256823,0.010008346,0.009915557,0.0100342,0.010220107,0.010260399,0.010192748,0.010313388,0.009910237,0.0099902265,0.0098785125,0.010003205,0.01011027
2021-10-28,0.010494452,0.010466468,0.010648366,0.010458883,0.010822188,0.010458168,0.010443773,0.010843854,0.010561373,0.010498773,0.010607,0.010807242,0.01084679,0.010769244,0.010951858,0.010500889,0.010508042,0.0104602985,0.010713603,0.010694649
2021-10-29,0.006906193,0.006861609,0.0069800583,0.0068719652,0.0072332737,0.00686295,0.00685015,0.0072542247,0.006982964,0.0068833944,0.0070503918,0.007217389,0.0072391895,0.007173043,0.0073629883,0.0068949577,0.0075635877,0.0068672565,0.0071398136,0.0070934263
2021-11-01,0.006883484,0.006863725,0.006957766,0.0068690297,0.007239577,0.0069125113,0.006880891,0.0072542247,0.0069677797,0.006891903,0.007058349,0.007217389,0.0072440174,0.0071809855,0.007356253,0.007031974,0.007073235,0.0068678525,0.006917503,0.007096496
2021-11-02,0.0069023785,0.0068850336,0.0069050756,0.006875318,0.007239443,0.007085663,0.006855708,0.0072542247,0.0069471416,0.0068835285,0.007067215,0.007217389,0.0072566536,0.007178378,0.0073480573,0.0072143045,0.0069802967,0.006864783,0.007122856,0.0070977774
2021-11-03,0.006540921,0.0065391776,0.0066029844,0.0065261987,0.0065927473,0.00677931,0.006522563,0.0069101867,0.0066661057,0.006603312,0.006717783,0.0068723974,0.006912824,0.006833401,0.0069928733,0.0067057875,0.0071707037,0.0065288213,0.0067991433,0.00672425
2021-11-04,0.009967711,0.009965297,0.010062363,0.009940919,0.010262277,0.010186117,0.00993916,0.010325041,0.010091718,0.009983983,0.010136243,0.010287758,0.010327648,0.010252204,0.010435771,0.010004681,0.01068176,0.009948041,0.010221686,0.010148477
2021-11-05,0.010119241,0.009746831,0.009853121,0.009740379,0.010103326,0.009783026,0.009754892,0.010134768,0.009752613,0.009756353,0.009943526,0.010097992,0.010137375,0.010065388,0.010243978,0.009763818,0.010506164,0.009748604,0.009823676,0.009968217
2021-11-08,0.008147385,0.007781413,0.007954609,0.007698637,0.008073907,0.007673007,0.007702675,0.008092951,0.0077098575,0.007754874,0.007888731,0.00805619,0.008095529,0.00801089,0.008202221,0.007774916,0.008471306,0.007702407,0.007857885,0.007900935
2021-11-09,0.006920081,0.0068716076,0.007013407,0.006860879,0.0072297123,0.006805089,0.006869894,0.0072542247,0.006857824,0.006873232,0.0070457724,0.007217389,0.0072566536,0.007178631,0.007370409,0.00704537,0.0076369313,0.006909233,0.006900054,0.0071042445
2021-11-10,0.0069140014,0.0068696556,0.0070023653,0.006904852,0.0072306064,0.006860268,0.006851372,0.0072542247,0.0068562,0.0068802205,0.0070163873,0.007217389,0.0072566536,0.0071820137,0.007402089,0.006910261,0.0076336083,0.006866094,0.007101294,0.0071144667
2021-11-11,0.004697111,0.00467768,0.004840058,0.0047031012,0.005032417,0.004871961,0.004677069,0.0050553945,0.0046617803,0.004691672,0.004842159,0.005018559,0.0050577936,0.004980397,0.0052029905,0.0047241715,0.0054463563,0.004665878,0.004664209,0.004903075
2021-11-12,0.0069093076,0.0068855104,0.0069896695,0.006903496,0.007231888,0.00708003,0.00689007,0.0072542247,0.006868553,0.006893229,0.0070391265,0.007217389,0.0072566536,0.007180747,0.007402089,0.0069323895,0.0076432494,0.0068663326,0.0068401215,0.0071053323
2021-11-15,0.011173334,0.011138212,0.011360418,0.011161622,0.011511575,0.011154141,0.01111434,0.011508208,0.011129405,0.011126261,0.011302974,0.011471417,0.011510741,0.011446904,0.011655878,0.01116183,0.01188786,0.011128824,0.011075165,0.011338126
2021-11-16,0.007620525,0.007561472,0.007816505,0.007614952,0.00794154,0.0075393287,0.007562217,0.007937994,0.007556897,0.0075595644,0.0076135066,0.007900607,0.007940527,0.007876437,0.008085843,0.0077079353,0.008316975,0.0075616804,0.0075612483,0.0077858833
2021-11-17,0.010590654,0.01022483,0.010336842,0.010250684,0.010593127,0.010423224,0.010194596,0.010589298,0.010208663,0.010223072,0.010260295,0.010552522,0.01059192,0.0105221085,0.010735821,0.010382097,0.010975953,0.010218527,0.010193612,0.010410797
2021-11-18,0.008371454,0.008091655,0.008141082,0.008092921,0.0084617995,0.008321788,0.008064922,0.008457821,0.008084219,0.008120131,0.00815567,0.008420777,0.008460488,0.008389976,0.008573052,0.008252259,0.008842211,0.008096915,0.008077871,0.008317452
2021-11-19,0.008125719,0.007838454,0.0078692995,0.007854473,0.008220386,0.008031037,0.00782175,0.008216407,0.007818636,0.0078489445,0.008063849,0.008179348,0.008218911,0.008146923,0.008329254,0.007982057,0.008605432,0.00786994,0.007835131,0.007872682
2021-11-22,0.007860165,0.007565242,0.00759719,0.0075856117,0.007951822,0.007600185,0.0075429347,0.0079476945,0.0075598774,0.007572737,0.007813435,0.007910665,0.0079502575,0.007883083,0.008059036,0.0076063243,0.00833432,0.0075919447,0.007702422,0.0076137153
2021-11-23,0.0071793613,0.0068618176,0.00710113,0.0068832603,0.0072583077,0.006878939,0.006844532,0.0072542247,0.0068555144,0.0068759886,0.0070963767,0.007217389,0.0072566536,0.007186156,0.007361066,0.0070489165,0.0076432345,0.006886464,0.0068767187,0.0068909493
2021-11-24,0.008187529,0.007879969,0.008122187,0.007906105,0.008256625,0.00802749,0.007855069,0.008252453,0.007854592,0.007878181,0.008080419,0.0082154535,0.008254956,0.0081840865,0.008391332,0.007938605,0.00868341,0.00788809,0.007830065,0.0078926645
2021-11-26,0.008331787,0.007976007,0.00823551,0.008017357,0.008365225,0.0082107745,0.007962313,0.008360978,0.007971358,0.008023944,0.008180153,0.008323949,0.008363556,0.008287933,0.008498918,0.007996496,0.00874659,0.007999506,0.007910114,0.0080003105
2021-11-29,0.0069797602,0.006833088,0.0069302586,0.0066586104,0.00705595,0.0069210944,0.006650564,0.0070516733,0.0066760746,0.0066820947,0.0067636487,0.0070142266,0.007054281,0.006981608,0.0071902988,0.0067395684,0.0074365702,0.0066865054,0.0066267666,0.0067507145
2021-11-30,0.0071779755,0.0069884476,0.007131603,0.006851193,0.0072584418,0.0069823083,0.006864619,0.0072542247,0.0068812934,0.0068773,0.0069516865,0.007217389,0.0072566536,0.0071806726,0.0073913005,0.007225123,0.007640895,0.0068755713,0.006850776,0.006933969
2021-12-01,0.007207614,0.0069317487,0.0071325717,0.006847557,0.0072584567,0.0070786146,0.0068342057,0.0072542247,0.0068958965,0.006897655,0.006922942,0.007217389,0.0072566536,0.007179525,0.007391196,0.006903094,0.00763784,0.006901842,0.0068863,0.0069120643
2021-12-02,0.007192236,0.0070258942,0.0071608243,0.006853726,0.0072585014,0.0068448153,0.0068443683,0.0072542247,0.0068746773,0.0068767336,0.0069181737,0.007217389,0.0072566536,0.007180494,0.0073920456,0.006966975,0.0076782075,0.0068806377,0.0068624136,0.006894615
2021-12-03,0.007239443,0.0073658344,0.0074475524,0.007145044,0.0075413403,0.007156473,0.007128459,0.007537049,0.007175666,0.007172492,0.007211846,0.00749996,0.007539612,0.0074834493,0.0076746163,0.007184502,0.007918682,0.0072031287,0.007309329,0.0073281196
2021-12-06,0.0070071933,0.007064712,0.007230338,0.006974947,0.0073220995,0.006913346,0.006915,0.007317793,0.0069489894,0.006939676,0.006986272,0.007280287,0.007320356,0.0072656837,0.0074562547,0.007318985,0.007737976,0.0069664833,0.0070894626,0.007006627
2021-12-07,0.006935206,0.0070310947,0.007137668,0.006909874,0.0072585014,0.0070730713,0.0068487045,0.0072542247,0.006899607,0.006899279,0.006948438,0.007217389,0.0072566536,0.007200178,0.007372838,0.0072624055,0.007644531,0.0069123176,0.006927934,0.0069715795
2021-12-08,0.0069440273,0.007018235,0.007162642,0.006935295,0.0072584865,0.006866437,0.0068502245,0.0072542247,0.0068757054,0.006885138,0.006911632,0.007217389,0.0072566536,0.007202354,0.007390198,0.007277873,0.007630509,0.006947961,0.006811571,0.006930661
2021-12-09,0.0037641493,0.0038637188,0.004021865,0.0037149456,0.0041215685,0.0037279543,0.003705081,0.0041173515,0.0037347493,0.0037259874,0.0037922082,0.004080367,0.0041197953,0.0040579853,0.0042528627,0.0041482863,0.004485887,0.003779885,0.0037075398,0.003945884
2021-12-10,0.008518975,0.008617099,0.008731943,0.008515354,0.0088676475,0.008641433,0.008497011,0.008863311,0.008496668,0.008500304,0.008546498,0.008825939,0.008865964,0.008790668,0.009001251,0.008849587,0.009253796,0.0085121505,0.008622866,0.008545201
2021-12-13,0.0069176373,0.0069940505,0.0071247634,0.0069091436,0.0072583226,0.0070327637,0.0068707136,0.0072542247,0.00688931,0.0068772254,0.0069227186,0.007217389,0.0072566536,0.0071793613,0.007390049,0.007282537,0.0076145497,0.0069093076,0.006855559,0.006921884
2021-12-14,0.006949019,0.006992888,0.0071307984,0.006898206,0.0072576967,0.0070458916,0.006854248,0.0072542247,0.0069015888,0.0068738577,0.006938663,0.007217389,0.0072566536,0.007181671,0.007390198,0.007277545,0.007598859,0.0068987575,0.0068650064,0.006964993
2021-12-15,0.009867456,0.009657364,0.009842198,0.009584796,0.009913173,0.009811919,0.009525027,0.009931635,0.009570893,0.00956751,0.009600159,0.009894799,0.009934213,0.009858023,0.01006953,0.009593394,0.010290813,0.009607773,0.009593319,0.009683516
2021-12-16,0.0047506806,0.0046118465,0.004807007,0.0044962433,0.004900333,0.004776981,0.0044857827,0.0048966077,0.004526731,0.004528236,0.004598927,0.0048593697,0.004899156,0.004819703,0.005033877,0.004526895,0.0052627143,0.0045273867,0.0044823554,0.0047653434
2021-12-17,0.0080563985,0.007923808,0.0079975985,0.0077747074,0.008174997,0.00803801,0.0077861366,0.008171376,0.007794988,0.007820051,0.007820379,0.008134406,0.008173939,0.008093264,0.008308139,0.0077998308,0.008532893,0.0078074154,0.007747647,0.008036327
2021-12-20,0.0077650812,0.0077036736,0.007948037,0.0076665846,0.008067619,0.0076994863,0.007656556,0.0080640875,0.0077096936,0.007698488,0.007762429,0.008027028,0.008066561,0.007991176,0.008201074,0.0076846597,0.008425605,0.007708442,0.007626992,0.00794768
2021-12-21,0.002073985,0.0020144251,0.0021762368,0.0019017574,0.002307814,0.0021455553,0.0018895236,0.0023041782,0.0019258079,0.0019750264,0.0019607958,0.0022670296,0.002306622,0.0022227434,0.0024407771,0.0019226191,0.002676603,0.0019198623,0.0019459096,0.0021770713
2021-12-22,0.007039052,0.007009801,0.0071552065,0.0068593738,0.0072577414,0.0071156886,0.006854993,0.0072542247,0.0068856296,0.0069141206,0.0069145677,0.007217389,0.0072566536,0.0071786162,0.0073906747,0.0068722186,0.007616472,0.0069157,0.006858897,0.007121396
2021-12-23,0.007880118,0.0078478865,0.0080167465,0.0077285585,0.008132752,0.008013975,0.007750627,0.008129146,0.007749167,0.0077591506,0.007784572,0.008092489,0.008131575,0.008059423,0.008265566,0.008009952,0.008488368,0.007774141,0.007935118,0.0078257285
2021-12-27,0.004726824,0.0047619906,0.0049876687,0.0046930728,0.0050879833,0.0049682674,0.0046867994,0.0050843623,0.004699212,0.0047641215,0.004738089,0.005047452,0.0050867614,0.0050191698,0.0052210954,0.0048966226,0.00544804,0.004736599,0.0049216417,0.004901093
2021-12-28,0.0068927673,0.0069618193,0.007176411,0.006855604,0.0072577414,0.007121515,0.0068414477,0.0072542247,0.006881934,0.0069170115,0.0069031534,0.007217389,0.0072566536,0.007188898,0.0073906747,0.007286441,0.007616472,0.0070221988,0.0070398566,0.0070748744
2021-12-29,0.004142132,0.0040138033,0.0042150733,0.0038887975,0.0042982814,0.004160535,0.0038854745,0.0042946157,0.0039304313,0.0039610085,0.0039300886,0.004257467,0.004297134,0.0042284247,0.0044316915,0.0041778353,0.004661676,0.004149821,0.0040042517,0.0039836434
2021-12-30,0.006923568,0.0069651273,0.00715692,0.0068542776,0.0072577414,0.0071446863,0.0068511036,0.0072542247,0.006883007,0.0069831577,0.0068979827,0.007217389,0.0072566536,0.007187214,0.0073906747,0.0072797355,0.007616472,0.0071052876,0.0069435504,0.0070570824
2021-12-31,0.007941287,0.008022245,0.008182537,0.0078729205,0.008272614,0.008162197,0.007860806,0.008268993,0.007908311,0.0079861395,0.007961463,0.008231711,0.008271497,0.008206051,0.008406457,0.0083321,0.008630689,0.0082014315,0.007942166,0.008098941
2022-01-03,0.0069125113,0.0070023504,0.0071633277,0.0068583605,0.0072577414,0.0071004746,0.0068440554,0.0072542247,0.00688481,0.0070185033,0.0069411513,0.007217389,0.0072566536,0.0071889427,0.0073906747,0.007310998,0.007616472,0.0071540144,0.007019725,0.0070633707
2022-01-04,0.0068897125,0.0069703427,0.0071653393,0.0068516997,0.0072577414,0.0071277735,0.006839272,0.0072542247,0.006861907,0.006870639,0.0068913964,0.007217389,0.0072566536,0.0071893004,0.0073906747,0.0073229787,0.007616472,0.0072443304,0.006860253,0.007079762
2022-01-05,0.0046174047,0.0045248535,0.004695591,0.0043658284,0.004771721,0.004609358,0.0043570665,0.0047681,0.004380685,0.00437535,0.004400563,0.0047306684,0.0047706035,0.0047057536,0.0049058464,0.0048337844,0.005133551,0.0044930694,0.004518178,0.0044080135
2022-01-06,0.0070937094,0.007016134,0.0071802703,0.006849062,0.0072577414,0.0071339724,0.0068399725,0.0072542247,0.0068630246,0.0068532643,0.0068998006,0.007217389,0.0072566536,0.0071890024,0.0073906747,0.0073232767,0.007616472,0.006899726,0.006985229,0.0068885055
2022-01-07,0.004571062,0.004630652,0.0047763404,0.0044558463,0.0048582223,0.0046564904,0.0044446406,0.004854482,0.0044603315,0.0044773486,0.0044876304,0.004816961,0.0048571494,0.0047971425,0.0049925265,0.004916784,0.0052227792,0.004508939,0.004426953,0.004487869
2022-01-10,0.0070915935,0.00701296,0.007216495,0.0068862555,0.0072944877,0.007173237,0.006878507,0.007290971,0.0069044647,0.0068996367,0.0069278446,0.007254046,0.0072934297,0.0072351363,0.0074276146,0.0073444066,0.0076525775,0.0069508967,0.00691424,0.0069220033
2022-01-11,0.0071169552,0.0069854376,0.007179257,0.006849554,0.0072577414,0.0071202484,0.006840777,0.0072542247,0.006864753,0.0068745282,0.006912705,0.007217389,0.0072566536,0.007197079,0.0073906747,0.007292178,0.007616472,0.0069002924,0.006878045,0.006902632
2022-01-12,0.007147115,0.007022333,0.007001352,0.006852683,0.0072577414,0.0070569483,0.0071029332,0.0072542247,0.0068649915,0.006868255,0.0069093523,0.007217389,0.0072566536,0.007197332,0.0073906747,0.007215437,0.007616472,0.006895539,0.006955546,0.006898072
2022-01-13,0.0022234586,0.0022888747,0.0024003652,0.0021712002,0.0025801775,0.0023362306,0.0024387506,0.0025766012,0.0021791873,0.0021778462,0.0022040275,0.002539989,0.0025789407,0.0025147316,0.0027122912,0.0025205133,0.0029450622,0.002202582,0.0023078886,0.0024089036
2022-01-14,0.007888701,0.007846158,0.0078438185,0.0076586124,0.008061927,0.0078607015,0.007923719,0.008058246,0.007662606,0.0076610264,0.007672262,0.008020889,0.008060854,0.008001443,0.008195903,0.008066472,0.008422043,0.0077099768,0.0077723083,0.007694539
2022-01-18,0.008815538,0.008687269,0.008741122,0.008555125,0.008955147,0.008816671,0.008827921,0.008951481,0.008557778,0.008559238,0.008593719,0.008914676,0.0089540295,0.008897703,0.009088289,0.00892527,0.0093101375,0.008619126,0.0085649155,0.008578461
2022-01-19,0.0070627597,0.0070053157,0.0070814607,0.0068576303,0.0072577414,0.0070379344,0.0071222303,0.0072542247,0.0068615195,0.0068682996,0.006892678,0.007217389,0.0072566536,0.007197064,0.0073906747,0.007324558,0.007616472,0.006946963,0.0069592563,0.006886658
2022-01-20,0.008404445,0.0083577745,0.008450385,0.008189093,0.008579355,0.008427095,0.008221578,0.008575808,0.00819945,0.008196186,0.008227017,0.0085388385,0.008578327,0.008525532,0.008713137,0.008574929,0.00893366,0.008242991,0.008289482,0.008220267
2022-01-21,0.0070202914,0.0070067463,0.0071503785,0.006859806,0.0072577414,0.0070376513,0.00686824,0.0072542247,0.0068628904,0.006866392,0.006923985,0.007217389,0.0072566536,0.007197064,0.0073906747,0.00728282,0.007616472,0.0069107083,0.006860253,0.0069079665
2022-01-24,0.007033643,0.007010725,0.007165518,0.0068586585,0.0072577414,0.006940019,0.0068517295,0.0072542247,0.006866571,0.006863084,0.0069007245,0.007217389,0.0072566536,0.0071970937,0.0073906747,0.0073662368,0.007616472,0.007116851,0.0068749753,0.00691497
2022-01-25,0.009175148,0.009069558,0.00925177,0.008942317,0.009333741,0.00898556,0.0089345835,0.00933009,0.008948069,0.008948725,0.008970093,0.009292867,0.009332683,0.009266179,0.0094679855,0.009475093,0.009686749,0.009317514,0.008951735,0.00898331
2022-01-26,0.0069964197,0.006977391,0.0071597216,0.0068597314,0.0072577414,0.0071039763,0.0068477956,0.0072542247,0.0068722633,0.0068681506,0.006889221,0.007217389,0.0072566536,0.0071963933,0.0073906747,0.0073187617,0.007616472,0.0072263745,0.0068752733,0.0068942723
2022-01-27,0.0066347686,0.0065093604,0.0067676273,0.006444257,0.0068473187,0.0065126834,0.006432828,0.006843653,0.006456536,0.006461617,0.006481242,0.006807145,0.006846082,0.0067729023,0.006979954,0.0069145975,0.007204261,0.006834906,0.0065020737,0.006493714
2022-01-28,0.008255076,0.008186337,0.008397993,0.008069884,0.008473214,0.008120861,0.008061808,0.008469593,0.008077066,0.008087438,0.0081064515,0.008432578,0.008472096,0.008401271,0.008606862,0.008551639,0.008828428,0.008502778,0.008084845,0.008115899
2022-01-31,0.008701872,0.0085863285,0.008740958,0.008449163,0.008849379,0.008493643,0.0084623955,0.008845758,0.008462559,0.008466493,0.008502405,0.008808743,0.008848276,0.008778747,0.008982878,0.00881144,0.009206515,0.008835342,0.008589353,0.008517217
2022-02-01,0.008627694,0.00852586,0.008724999,0.008405726,0.008800086,0.008433428,0.008390825,0.008796375,0.008458313,0.008435141,0.008494597,0.008759331,0.008798953,0.008732956,0.008933943,0.008868229,0.00915454,0.00868861,0.00851978,0.008513045
2022-02-02,0.0070521203,0.006965157,0.007175666,0.0068612066,0.0072577414,0.0070635793,0.006843966,0.0072542247,0.006903213,0.0069034514,0.006983858,0.007217389,0.0072566536,0.007188913,0.0073906747,0.007316422,0.007616472,0.0071356413,0.006913614,0.0069515076
2022-02-03,0.007998701,0.007940542,0.008079942,0.0078028706,0.008197736,0.007959109,0.007828232,0.008194175,0.007838782,0.0078510605,0.007904898,0.008157235,0.008196693,0.008126821,0.008331206,0.008114796,0.008554306,0.008155819,0.007804614,0.007887315
2022-02-04,0.00791445,0.007821392,0.008076187,0.0077712354,0.00816847,0.007932525,0.0077745733,0.008164819,0.007909205,0.007797849,0.007863637,0.008127373,0.008167367,0.0080969,0.008302983,0.008096185,0.0085254125,0.008115228,0.007813346,0.007838633
2022-02-07,0.006989625,0.0070974794,0.0071259704,0.0068632034,0.0072577414,0.0070739356,0.0068971035,0.0072542247,0.006890219,0.006879997,0.0069661406,0.007217389,0.0072566536,0.007180494,0.0073906747,0.007118639,0.007616472,0.007152852,0.0069624153,0.00695492
2022-02-08,0.0070262817,0.007078868,0.007120487,0.006860268,0.0072577414,0.007100102,0.0071027693,0.0072542247,0.0068794903,0.0069119898,0.0069590327,0.007217389,0.0072566536,0.007176575,0.0073906747,0.0071072397,0.007616472,0.0071056155,0.006957155,0.0069274125
2022-02-09,0.009881061,0.009865399,0.009881806,0.009669092,0.010057788,0.009772431,0.00992341,0.010054152,0.009684365,0.009689625,0.009779673,0.010017153,0.010056775,0.009983461,0.010191243,0.01012538,0.010413256,0.010059487,0.009710666,0.009728249
2022-02-10,0.0070715365,0.0070442227,0.0071395305,0.0068588224,0.0072577414,0.007024881,0.0071261493,0.0072542247,0.006883603,0.0068749455,0.0069599715,0.007217389,0.0072566536,0.007184964,0.0073906747,0.0073635546,0.007616472,0.0072837737,0.0068773893,0.0069141355
2022-02-11,0.009432178,0.009448629,0.009583574,0.0092961155,0.009694841,0.009467017,0.009565797,0.00969119,0.009314816,0.009341907,0.009377163,0.009653803,0.009693857,0.009621378,0.009829041,0.009816151,0.010051843,0.009766307,0.009289678,0.009369906
2022-02-14,0.004460406,0.0043745455,0.0045070914,0.0042215106,0.004618582,0.004369077,0.0042338786,0.0046149013,0.0042459783,0.0042548,0.004328814,0.004577842,0.0046174345,0.0045405743,0.004751977,0.0047301617,0.004981574,0.004661393,0.0042313156,0.0042848703
2022-02-15,0.0069668856,0.0069765714,0.0071481583,0.006867346,0.0072577414,0.0070210067,0.006864038,0.0072542247,0.006895941,0.006902617,0.006957766,0.007217389,0.0072566536,0.0071816114,0.0073906747,0.007376578,0.007616472,0.007274833,0.0069135693,0.0069358763
2022-02-16,0.009859797,0.009623971,0.009904753,0.009620693,0.010010894,0.009873297,0.0096107535,0.010007244,0.009663831,0.009791147,0.0096835755,0.009969961,0.010009807,0.009937804,0.010145139,0.010150533,0.010363605,0.009703662,0.009889822,0.009667616
2022-02-17,0.007238236,0.0070030955,0.0072619733,0.006982979,0.007370245,0.007059884,0.007217404,0.007366654,0.0070190397,0.0071565923,0.0070859906,0.0073296693,0.0073691127,0.0072905687,0.007503581,0.007494655,0.007728171,0.007366028,0.0070156422,0.0070267585
2022-02-18,0.0076477197,0.0074565527,0.007762712,0.007457283,0.007843193,0.0076052067,0.007458445,0.007839467,0.0074644056,0.0076154736,0.0075414297,0.0078026173,0.007842045,0.0077629653,0.007976513,0.007956531,0.008199494,0.007940453,0.0076927063,0.007497352
2022-02-22,0.005639252,0.0054117558,0.005732101,0.0054463116,0.0058110473,0.005629998,0.005409595,0.0058074114,0.005430382,0.0055643436,0.005515572,0.005769935,0.0058099744,0.0057333824,0.0059453514,0.005944636,0.0061713425,0.0059022573,0.005680096,0.005461287
2022-02-23,0.0071550724,0.006855276,0.0071791527,0.0068663773,0.0072577414,0.0070344624,0.0068454263,0.0072542247,0.006872338,0.00699943,0.0069661555,0.007217389,0.0072566536,0.007179078,0.0073906747,0.0073819426,0.007616472,0.007341188,0.0071326313,0.0069014844
2022-02-24,0.008010339,0.0076906052,0.00788435,0.0076877144,0.008080136,0.007814359,0.0077071604,0.008076575,0.0076970574,0.007855739,0.007752445,0.008039456,0.008079123,0.008004423,0.00821365,0.007874709,0.008438792,0.008183654,0.007825997,0.00773136
2022-02-25,0.010252561,0.010015648,0.010297891,0.010024112,0.010417532,0.010233369,0.010030743,0.010413926,0.0100342445,0.010131475,0.010046121,0.010377403,0.010416489,0.010353338,0.01054984,0.010160383,0.010770794,0.010426667,0.010075863,0.010038208
2022-02-28,0.007135239,0.006862041,0.0071053472,0.0068684337,0.0072577414,0.007102993,0.0068790433,0.0072542247,0.006890413,0.007015359,0.0069194552,0.007217389,0.0072566536,0.0071873036,0.0073906747,0.007021677,0.007616472,0.0073161093,0.006857258,0.0068773148
2022-03-01,0.007080179,0.006851491,0.0071583954,0.006859627,0.0072577414,0.007126045,0.006858852,0.0072542247,0.006869119,0.0070378897,0.0069072214,0.007217389,0.0072566536,0.0071882424,0.0073906747,0.0069762287,0.007616472,0.0072725234,0.006863248,0.0068699685
2022-03-02,0.007482168,0.007333156,0.007618871,0.0073415157,0.0077330885,0.007562351,0.0073466864,0.007729363,0.007341635,0.007495281,0.007388201,0.0076914993,0.0077320305,0.007661846,0.007868212,0.007547405,0.00809383,0.0077400324,0.0073448387,0.0073627946
2022-03-03,0.007478681,0.007257652,0.0075391647,0.0072564003,0.00764915,0.0074644056,0.0072444496,0.0076454994,0.0072599915,0.0074024317,0.0073251096,0.007607993,0.0076480624,0.0075798747,0.007783484,0.007459503,0.008006748,0.0077243117,0.0072613326,0.0072796014
2022-03-04,0.0071499017,0.0068524745,0.007049915,0.00686222,0.0072577414,0.0069311378,0.0068678823,0.0072542247,0.006862503,0.0070158658,0.006940749,0.007217389,0.0072566536,0.0071836677,0.0073906747,0.0073322174,0.007616472,0.0073238877,0.006856796,0.006889176
2022-03-07,0.0074298647,0.007141289,0.0073601124,0.007149425,0.007535499,0.007377219,0.007149246,0.007531908,0.007146862,0.00728206,0.0071695265,0.007494372,0.007534441,0.007476744,0.0076703546,0.0076670167,0.00789034,0.007578325,0.007145342,0.007159796
2022-03-08,0.0071145413,0.0068524,0.0070863185,0.006860059,0.006942135,0.007072505,0.006862071,0.0072542247,0.0068553057,0.0070157764,0.0068681506,0.007217389,0.0072566536,0.0071902242,0.00737178,0.0073124436,0.0075779823,0.0073154387,0.0068535176,0.006867808
2022-03-09,0.007081893,0.0068574217,0.007162985,0.0068586734,0.0068901596,0.007120919,0.006845322,0.0072542247,0.0068637994,0.0069982526,0.0068785814,0.007217389,0.0072566536,0.0071886,0.007369962,0.0070187566,0.0075735715,0.0072509316,0.006861177,0.006876391
2022-03-10,0.010716882,0.0104559325,0.010735717,0.010459807,0.010789793,0.010711294,0.010452937,0.010844942,0.010459419,0.010670658,0.010502439,0.010808077,0.010847416,0.010780554,0.010562878,0.010514524,0.0105320625,0.010746207,0.010464501,0.010499295
2022-03-11,0.007145059,0.0068539497,0.00711776,0.0068708328,0.0072382805,0.00689162,0.0068605957,0.0072542247,0.0068586585,0.007025924,0.006899562,0.007217389,0.0072566536,0.007184264,0.0069376943,0.0069296625,0.0069165644,0.007255566,0.0068550375,0.0068984893
2022-03-14,0.0071499017,0.006852415,0.00712074,0.0068626073,0.007248905,0.006880027,0.0068607894,0.0072542247,0.0068601486,0.007087585,0.0068840054,0.007217389,0.0072566536,0.007182282,0.0069320765,0.0068992195,0.0069233146,0.0072992262,0.0068553356,0.0068875817
2022-03-15,0.0071166274,0.0068553057,0.007134509,0.006865856,0.0069314954,0.0070853946,0.0068582413,0.0072542247,0.0068645147,0.007072818,0.0069117364,0.007217389,0.0072566536,0.007183355,0.00730395,0.006950524,0.00692549,0.0072520045,0.006861132,0.0068888483
2022-03-16,0.0071015623,0.006853011,0.007145193,0.006861117,0.0072068986,0.0070203063,0.0068643955,0.0072542247,0.006866288,0.0070927707,0.00692479,0.007217389,0.0072566536,0.0071864245,0.0073618856,0.0069172946,0.0069334772,0.0072879014,0.0068603125,0.006901261
2022-03-17,0.008720528,0.008411553,0.008667167,0.008423071,0.0087999515,0.008564081,0.008428048,0.008811351,0.008426454,0.008622181,0.00847676,0.008774351,0.008814108,0.008747485,0.008930858,0.008448865,0.0085034035,0.008805674,0.008424517,0.008455943
2022-03-18,0.006081831,0.005752009,0.0059690443,0.0057469425,0.006130737,0.005754855,0.005749699,0.0061337617,0.005758297,0.005935144,0.0058577624,0.006096792,0.006136131,0.0060704765,0.0062728194,0.0057700095,0.0064914045,0.0058799353,0.005745959,0.005813983
2022-03-21,0.009628173,0.009339359,0.0095337,0.009320971,0.009697866,0.009332072,0.009319555,0.009697389,0.00932784,0.009508129,0.009485465,0.009660583,0.009700146,0.009626936,0.0098419,0.009391021,0.010115262,0.0096207075,0.009309839,0.009438332
2022-03-22,0.0071568904,0.00687353,0.00711998,0.0068655726,0.007255983,0.0068785814,0.006874245,0.0072542247,0.006875646,0.0070753214,0.0069572744,0.007217389,0.0072566536,0.0071863052,0.0073998836,0.0069064614,0.0076866713,0.007169139,0.0068681804,0.006922972
2022-03-23,0.00719009,0.006864485,0.0070940373,0.006866571,0.0072569815,0.0068648127,0.006877568,0.0072542247,0.006869104,0.007056829,0.0069117066,0.007217389,0.0072566536,0.007187363,0.0074010757,0.00690968,0.0076887873,0.0072288928,0.0068595675,0.0068912175
2022-03-24,0.007818978,0.0074788746,0.007720959,0.0074897823,0.007880103,0.0074970988,0.0075058457,0.007876392,0.007488799,0.007692155,0.0075147417,0.007839005,0.007879075,0.0078112152,0.008025255,0.0075242934,0.008307021,0.007927936,0.0074772206,0.007520613
2022-03-25,0.00778788,0.007455435,0.007715073,0.0074678776,0.007861357,0.007476878,0.007482257,0.007857304,0.007484075,0.007711735,0.007508185,0.007820349,0.007859837,0.0077944812,0.008005809,0.0075124768,0.008285131,0.007789698,0.007469606,0.0075057265
2022-03-28,0.007699561,0.007299241,0.0074766693,0.0073091206,0.007701513,0.0073305485,0.0073112217,0.007697102,0.0073161838,0.007473704,0.007372108,0.007659581,0.007699695,0.007641342,0.0078465305,0.0073472676,0.008127715,0.007607874,0.007305589,0.0073609916
2022-03-29,0.007175502,0.006853428,0.00709435,0.0068692085,0.007258874,0.0068751094,0.006860402,0.0072542247,0.0068655577,0.0070864228,0.0069108275,0.007217389,0.0072566536,0.007189062,0.007386726,0.0069940803,0.0069931564,0.007114288,0.00687052,0.0068989363
2022-03-30,0.007214707,0.006850001,0.0070236293,0.006860983,0.0072590974,0.006886032,0.0068641272,0.0072542247,0.006863978,0.007107642,0.006914344,0.007217389,0.0072566536,0.007186797,0.0073849675,0.0069433865,0.0069629964,0.007159692,0.0068787006,0.006894034
2022-03-31,0.0072376397,0.0068514463,0.0069723544,0.006856334,0.007259291,0.0068556634,0.0068737683,0.0072542247,0.0068586734,0.0071224836,0.0069224504,0.007217389,0.0072566536,0.0071806577,0.007384714,0.0069061634,0.006966066,0.007239696,0.0068555293,0.006906685
2022-04-01,0.008871999,0.008511182,0.008672353,0.008526307,0.00891697,0.008527543,0.008523714,0.008911695,0.008526515,0.008772384,0.00855526,0.0088744275,0.008914318,0.008847173,0.009042408,0.00855739,0.008617025,0.008911397,0.008534279,0.0085584335
2022-04-04,0.0072072265,0.0068799374,0.007008013,0.00686523,0.00725944,0.0068777916,0.0068610874,0.0072542247,0.006857109,0.006877553,0.0069082794,0.007217389,0.0072566536,0.007188123,0.0073851463,0.006908801,0.0069571105,0.0072212783,0.006872308,0.0069240597
2022-04-05,0.0051342365,0.0047856686,0.004924339,0.0047911075,0.0051660803,0.004794952,0.004775357,0.0051608053,0.004890692,0.004771855,0.00482544,0.0051235673,0.0051633087,0.0050965813,0.0052905497,0.004812163,0.00486159,0.004868534,0.0047822264,0.004848492
2022-04-06,0.00826348,0.0079011135,0.008046847,0.007912021,0.008290257,0.0079145245,0.007905927,0.0082849525,0.008055355,0.007901695,0.007950913,0.008247521,0.008287456,0.008232769,0.008414444,0.008052837,0.00799128,0.007994037,0.007900115,0.007941689
2022-04-07,0.007214364,0.006845337,0.0070051965,0.0068641272,0.007259634,0.006906402,0.0068624434,0.0072542247,0.007040974,0.006855887,0.0068900106,0.007217389,0.0072566536,0.007197943,0.0073854444,0.006969866,0.0069577065,0.00695571,0.006854397,0.0068911132
2022-04-08,0.006968361,0.0066025374,0.00677098,0.0066237864,0.0070133326,0.006652769,0.0066246805,0.0070079085,0.006746557,0.0066143987,0.0066610244,0.006970894,0.0070104566,0.0069486317,0.00713883,0.006689456,0.006707531,0.0066741225,0.0066132513,0.00664286
2022-04-11,0.009273913,0.008933734,0.009166848,0.008953314,0.009341028,0.0089866035,0.008945148,0.009335469,0.009097647,0.0089421235,0.008979093,0.0092986785,0.009337958,0.009278443,0.0094666,0.008962151,0.009029489,0.009010833,0.008948501,0.008971956
2022-04-12,0.0060870466,0.00577147,0.0059684333,0.0057923463,0.0061705974,0.0058011976,0.0057800678,0.006165218,0.0059459326,0.005776596,0.0058301804,0.0061281887,0.0061676023,0.0061066565,0.006295365,0.005830866,0.005861145,0.0061230627,0.0057797697,0.0058020917
2022-04-13,0.007146519,0.006846067,0.00707626,0.0068689403,0.007259634,0.0068868366,0.0068629202,0.0072542247,0.007040259,0.0068651703,0.0068934825,0.007217389,0.0072566536,0.007194665,0.0073858467,0.0070160446,0.006944996,0.0071973023,0.006867897,0.0068865833
2022-04-14,0.0072167185,0.006844145,0.0070133028,0.006860685,0.00725947,0.006882888,0.0068690297,0.0072542247,0.0070254174,0.0068614897,0.006881219,0.007217389,0.0072566536,0.007192057,0.007385817,0.006897014,0.0069538173,0.0069334176,0.0068653044,0.0068811295
2022-04-18,0.006151777,0.0058128205,0.0060224053,0.0058283475,0.0062260446,0.0058546034,0.0058346805,0.0062215147,0.0060946164,0.005824786,0.005839717,0.006184515,0.0062240628,0.0061517325,0.006369379,0.005944353,0.006582853,0.005908903,0.005836245,0.005839851
2022-04-19,0.0071347323,0.0068468866,0.0070829955,0.0068596867,0.007235375,0.0068828133,0.006862622,0.0072542247,0.0071309474,0.006869864,0.006901678,0.007217389,0.0072566536,0.007181671,0.00740492,0.0069428203,0.007677507,0.0069649783,0.00689159,0.0068791625
2022-04-20,0.0077433405,0.0074143675,0.007625815,0.007437837,0.007793304,0.00745542,0.007361051,0.007812303,0.0075844047,0.0074359593,0.007456046,0.007774886,0.007814851,0.007753369,0.007962953,0.0076909033,0.008233424,0.0074719605,0.00746296,0.007460397
2022-04-21,0.0090833865,0.008716937,0.008944657,0.008739691,0.009122487,0.008756023,0.008673485,0.009117898,0.008897733,0.008740809,0.008766945,0.009080958,0.00912058,0.009057935,0.009212222,0.008812886,0.008796763,0.008787375,0.008750539,0.008760016
2022-04-22,0.0072096703,0.00684711,0.0070923683,0.006866571,0.007258531,0.00686675,0.006808561,0.0072542247,0.006935772,0.006859314,0.0069402573,0.007217389,0.0072566536,0.007185709,0.007360634,0.0069174734,0.007570785,0.0069052395,0.00687125,0.0068782684
2022-04-25,0.00724287,0.0069034365,0.0071798977,0.006917816,0.007307258,0.006940436,0.0068425057,0.007303607,0.007046145,0.0069179204,0.0069653955,0.007266101,0.007306185,0.0072390256,0.0074112234,0.006946471,0.007675093,0.0069566187,0.006913793,0.006953534
2022-04-26,0.007213932,0.0068520424,0.00710943,0.006867152,0.007234153,0.0068758396,0.006795835,0.0072542247,0.006914851,0.0068704006,0.006922376,0.007217389,0.0072566536,0.0071868715,0.007392165,0.0068815616,0.0076359925,0.006901261,0.0068722484,0.0069301543
2022-04-27,0.009565111,0.009245884,0.009514373,0.009257715,0.009648081,0.009258237,0.009206619,0.009644356,0.0093659125,0.009264704,0.009307604,0.00960758,0.009647038,0.009579938,0.009781968,0.009355675,0.0100273155,0.009315353,0.009263005,0.009287771
2022-04-28,0.008421462,0.008103337,0.008333515,0.008117627,0.008502584,0.008101162,0.008036595,0.008498903,0.008186799,0.008123096,0.008192893,0.008461963,0.008501347,0.008439194,0.0086369775,0.008182537,0.008875024,0.008153241,0.0081224255,0.008143511
2022-04-29,0.00874516,0.008393522,0.008597728,0.008394685,0.008784544,0.008411344,0.008317526,0.008780848,0.008562412,0.0084014945,0.008432712,0.008743893,0.008783396,0.008724865,0.008919667,0.008453067,0.009210866,0.008421179,0.008483838,0.008426573
2022-05-02,0.0071919826,0.0068579135,0.007116836,0.006863412,0.0072577414,0.006871563,0.0068415967,0.0072542247,0.006946337,0.0068659303,0.0069587943,0.007217389,0.0072566536,0.0071880636,0.007392135,0.0069002328,0.007692438,0.0068955985,0.0068782982,0.0069133607
2022-05-03,0.006879535,0.006520581,0.0067866114,0.0065321294,0.006916803,0.006538239,0.0065119085,0.006913167,0.006643113,0.006547433,0.006645378,0.006875616,0.006915745,0.006853041,0.0070528355,0.00664663,0.0073456434,0.0065803793,0.006527808,0.0065936563
2022-05-04,0.0040481505,0.003725287,0.0040055034,0.003734347,0.004133996,0.0037258533,0.0037027565,0.0041304794,0.003805649,0.003745493,0.0038963822,0.0040935096,0.004132923,0.004059669,0.0042680916,0.0038271812,0.004576009,0.0037939516,0.0037318286,0.003775489
2022-05-05,0.0071749655,0.006860387,0.007138547,0.0068616685,0.0072577414,0.006863084,0.006846514,0.0072542247,0.0070056138,0.006883484,0.006970417,0.007217389,0.0072566536,0.007187572,0.00739212,0.006936711,0.0076940027,0.006895703,0.006878343,0.0069108573
2022-05-06,0.0026301262,0.0022724536,0.0025158343,0.0022868183,0.0026780483,0.0022817072,0.0022619483,0.0026744423,0.0024119136,0.0023058918,0.0023577479,0.0026374576,0.002676886,0.0026072082,0.0028123972,0.0023111221,0.0031179604,0.0023565856,0.002286118,0.0023075608
2022-05-09,0.009111803,0.008874398,0.008987632,0.008755099,0.009139534,0.008728217,0.008733358,0.009135868,0.0087675415,0.008771401,0.008815866,0.009098675,0.009138506,0.009074088,0.009274822,0.008827161,0.00957058,0.008843567,0.00875048,0.008807909
2022-05-10,0.0072153774,0.006856945,0.007103395,0.006866869,0.0072577414,0.006862205,0.006858256,0.0072542247,0.0070334193,0.0068875668,0.0069386777,0.007217389,0.0072566536,0.0071900752,0.007391047,0.006904569,0.007641357,0.0068998155,0.006885704,0.0068895337
2022-05-11,0.00722405,0.0068514463,0.007110086,0.006871414,0.0072577414,0.0068696258,0.0068583754,0.0072542247,0.0070513454,0.0069014397,0.0069292006,0.007217389,0.0072566536,0.0071841595,0.0073910025,0.006914091,0.007643637,0.006905955,0.006870341,0.006898817
2022-05-12,0.008621823,0.008259814,0.00852875,0.008274,0.008665424,0.008277532,0.008268889,0.008661833,0.008492928,0.0082992725,0.008348759,0.008624595,0.008664396,0.008590888,0.00879943,0.008325558,0.009051707,0.008390795,0.008269247,0.008297857
2022-05-13,0.0080643855,0.007748198,0.008047607,0.0077665118,0.008158069,0.0077740964,0.0077546206,0.008154478,0.00796799,0.0078047183,0.007860463,0.008117568,0.008156981,0.0080876015,0.008291375,0.007827457,0.008541431,0.0078012464,0.007760149,0.007793006
2022-05-16,0.008607563,0.008265119,0.008541387,0.008277323,0.008669537,0.008273866,0.008273955,0.00866599,0.00854839,0.008292835,0.008308914,0.008628871,0.008668449,0.008592527,0.008803036,0.008333471,0.009052914,0.008302968,0.008281823,0.008287754
2022-05-17,0.00721049,0.0068496284,0.0071042445,0.0068643955,0.0072577414,0.006871384,0.006863725,0.0072542247,0.0070643392,0.006909844,0.0069255796,0.007217389,0.0072566536,0.0071799275,0.0073905853,0.0069191274,0.0076432195,0.0069097844,0.0068810997,0.0068990556
2022-05-18,0.0077282307,0.0073876795,0.0076669273,0.0074193147,0.007787612,0.007404011,0.0074026254,0.0077839014,0.007592958,0.007437345,0.0074785766,0.007746306,0.00778639,0.007722136,0.007922437,0.0074591604,0.008165654,0.007435125,0.0074153957,0.007439774
2022-05-19,0.009738546,0.009367537,0.009565722,0.00937463,0.009763282,0.009381574,0.009386342,0.009759616,0.009537082,0.009399127,0.009405386,0.009722602,0.009762209,0.0096876435,0.0098964535,0.009454753,0.010144915,0.009437706,0.009471502,0.009430852
2022-05-20,0.007209417,0.0068532047,0.0070632366,0.006870013,0.0072577414,0.006873232,0.0068686423,0.0072542247,0.0070134667,0.006881204,0.0069765565,0.007217389,0.0072566536,0.007178378,0.007390317,0.006956589,0.00763939,0.0068944064,0.006981027,0.0069198576
2022-05-23,0.00758363,0.0072604534,0.007500258,0.007283461,0.0076667485,0.0073001054,0.007282835,0.0076631126,0.0074298647,0.007286024,0.007323858,0.007625815,0.0076657203,0.0075963554,0.0078003374,0.007373151,0.008043345,0.0073702154,0.0072615263,0.0073044267
2022-05-24,0.0072154817,0.0068924692,0.00708757,0.0068621305,0.0072577414,0.006868508,0.006866303,0.0072542247,0.006872755,0.0069020507,0.006919008,0.007217389,0.0072566536,0.0071785417,0.0073900786,0.006884676,0.0076313284,0.0069925752,0.0070044217,0.0068981466
2022-05-25,0.006633919,0.006273609,0.0065313545,0.006297481,0.006681126,0.0062964973,0.006292295,0.0066774604,0.006445658,0.0063448516,0.00634059,0.0066402224,0.0066799787,0.006616455,0.006814596,0.0063282666,0.00704616,0.0063583967,0.0064745215,0.0063178507
2022-05-26,0.007203352,0.0068432805,0.007084441,0.0068634567,0.0072577414,0.0068677184,0.006865826,0.0072542247,0.0070196805,0.0069097993,0.006910753,0.007217389,0.0072566536,0.007187125,0.0073899296,0.006954339,0.007614639,0.0069887904,0.0069027063,0.0068924692
2022-05-27,0.007120323,0.006759953,0.0070071486,0.0067797718,0.007161465,0.006781724,0.0067795035,0.0071577397,0.006930959,0.0067941365,0.0068048504,0.0071202484,0.0071601984,0.007094052,0.0072966483,0.006858435,0.0075392392,0.006874588,0.006998953,0.006810647
2022-05-31,0.0071472493,0.0068663624,0.007137057,0.0068945405,0.007266697,0.00688636,0.006871995,0.007263046,0.0070519564,0.0069211093,0.0069246707,0.0072255847,0.0072655794,0.0071943966,0.007400867,0.0069289026,0.00765222,0.006949928,0.007090014,0.0069103804
2022-06-01,0.007148322,0.0068586883,0.007135954,0.006880727,0.0072577414,0.006876197,0.0068666157,0.0072542247,0.0070341346,0.0069005904,0.0069171754,0.007217389,0.0072566536,0.0071890024,0.007390749,0.0068862108,0.007644367,0.006889474,0.0070670065,0.0068995026
2022-06-02,0.008582514,0.008293252,0.008569714,0.008307409,0.008683588,0.008303922,0.0082891695,0.008679848,0.008439239,0.0083007775,0.008347791,0.008642595,0.00868259,0.008612197,0.008816611,0.008302774,0.009027477,0.00837573,0.008353706,0.008375119
2022-06-03,0.007699561,0.007360202,0.007621926,0.007357937,0.0077438024,0.0073582795,0.0073571918,0.007740092,0.007525262,0.0073726294,0.00743736,0.007702273,0.00774267,0.0076706973,0.007878881,0.0073848185,0.008102711,0.0073920307,0.007515591,0.007408541
2022-06-06,0.00712603,0.0068474677,0.007154223,0.0068624434,0.0072577414,0.006880116,0.006853756,0.0072542247,0.007014599,0.006873694,0.0069058803,0.007217389,0.0072566536,0.0071818647,0.0073906747,0.007256713,0.007616472,0.0068679866,0.006856453,0.006884661
2022-06-07,0.007210296,0.0068473187,0.007116404,0.006860983,0.0072577414,0.006873485,0.006876093,0.0072542247,0.0069780466,0.0068854955,0.0068986085,0.007217389,0.0072566536,0.007176381,0.0073906747,0.0072291014,0.007616472,0.0068876413,0.0069344905,0.0069411066
2022-06-08,0.007233676,0.006849673,0.0070923087,0.0068645743,0.0072577414,0.006898832,0.006882128,0.0072542247,0.0069586006,0.006940168,0.006902125,0.007217389,0.0072566536,0.007174861,0.0073906747,0.007221025,0.007616472,0.0069347736,0.006908503,0.006886166
2022-06-09,0.007216227,0.0068660197,0.0070819375,0.006873381,0.0072577414,0.00685918,0.0068551865,0.0072542247,0.007021111,0.006894496,0.0069106636,0.007217389,0.0072566536,0.0071749953,0.0073906747,0.0072625545,0.007616472,0.0069103655,0.0069109616,0.0068853763
2022-06-10,0.0072196242,0.0068749306,0.0071318266,0.006860685,0.0072577414,0.0068499562,0.0069759903,0.0072542247,0.0070089665,0.006867212,0.006909859,0.007217389,0.0072566536,0.0071817604,0.0073906747,0.007077944,0.007616472,0.0069440124,0.0070773778,0.006906193
2022-06-13,0.007973637,0.0077114967,0.007988762,0.007680219,0.008069109,0.007669833,0.007674527,0.0080654435,0.0078221075,0.0076911566,0.007724699,0.008027863,0.008067992,0.007997092,0.008203935,0.008071344,0.008424308,0.007694077,0.00791293,0.007725146
2022-06-14,0.007142332,0.0069079516,0.0071428386,0.0068627414,0.0072577414,0.0068484214,0.0068663773,0.0072542247,0.006972846,0.006875646,0.006899577,0.007217389,0.0072566536,0.007188123,0.0073906747,0.0071500656,0.007616472,0.0069109467,0.007009816,0.0068840054
2022-06-15,0.009340581,0.0090562515,0.009310391,0.0090579055,0.00944915,0.009048294,0.009042975,0.009445529,0.009198215,0.009083625,0.009118807,0.009408545,0.009448033,0.009375688,0.009582575,0.009458389,0.009804096,0.009081241,0.009223383,0.0090859495
2022-06-16,0.0039219973,0.0036732522,0.0039300737,0.003661823,0.004058447,0.0036503938,0.0036465493,0.004054841,0.0038151112,0.0036816862,0.0037060496,0.004017946,0.00405724,0.0039818403,0.0041912463,0.00404447,0.0044211266,0.0036918786,0.0037745652,0.0036922959
2022-06-17,0.0076255915,0.0073610214,0.0076109883,0.0073109237,0.0077030626,0.0073002693,0.0073128906,0.0076993373,0.0074647483,0.007335883,0.0073623327,0.007662442,0.0077018854,0.0076296,0.007836696,0.00766046,0.00805914,0.0073510525,0.007517841,0.0073549864
2022-06-21,0.009249609,0.008961674,0.009221148,0.0089426,0.009327885,0.008925851,0.008928683,0.009324249,0.009043854,0.008964848,0.009050678,0.009287547,0.0093268715,0.009247195,0.009460907,0.009337064,0.009683009,0.008966964,0.008940142,0.009024944
2022-06-22,0.009086203,0.008873742,0.009027224,0.008750077,0.009140249,0.008738216,0.00873312,0.00913645,0.008882057,0.008796107,0.008792844,0.009099375,0.009139072,0.009065311,0.009273957,0.009158652,0.009495046,0.008802455,0.008766603,0.008791786
2022-06-23,0.007994007,0.007697713,0.007972043,0.0076727537,0.008065235,0.0076557663,0.0076326397,0.008061569,0.007802185,0.0077032265,0.007719439,0.00802448,0.008064073,0.0079911165,0.00819869,0.0077683446,0.008423638,0.007954877,0.0077196327,0.007718411
2022-06-24,0.0076873866,0.007684466,0.0078754835,0.007631105,0.008015182,0.0076263812,0.00760093,0.008011352,0.007877048,0.0076497165,0.0076498804,0.007974144,0.008014005,0.007947501,0.008149501,0.0077086953,0.008369427,0.007934477,0.0077159223,0.0076452014
2022-06-27,0.007171121,0.0068485853,0.007027876,0.0068238494,0.0072073755,0.0068108556,0.006808382,0.0072037545,0.0070328233,0.0068570045,0.006871563,0.0071661887,0.007206362,0.007136446,0.007341918,0.006982666,0.0075669405,0.007045385,0.0070002493,0.006912824
2022-06-28,0.006912377,0.0066530076,0.0067903814,0.00661115,0.0069954363,0.0065974263,0.006606188,0.0069916663,0.006814566,0.006649744,0.0066545275,0.006954145,0.006994393,0.00692628,0.007130232,0.006821957,0.007353705,0.006778058,0.0067584333,0.006666061
2022-06-29,0.006921303,0.0068843183,0.0071313945,0.006858107,0.0072577414,0.0068637547,0.0068785963,0.0072542247,0.007037875,0.006899145,0.0069072214,0.007217389,0.0072566536,0.007186931,0.0073906747,0.0069970903,0.007616472,0.0071505276,0.006974947,0.0069004265
2022-06-30,0.011035498,0.010978591,0.011259269,0.01099382,0.011384662,0.010998499,0.010992508,0.011380982,0.011210766,0.011017453,0.01103973,0.011344355,0.01138356,0.0113213025,0.01151773,0.011264693,0.011736568,0.011126023,0.01114824,0.0110336505
2022-07-01,0.006901872,0.006829795,0.0071446416,0.006975901,0.0072577414,0.0068538454,0.006909248,0.0072542247,0.007067394,0.006882977,0.0068897572,0.007217389,0.0072566536,0.007184383,0.0073906747,0.006921482,0.007616472,0.006890264,0.007033896,0.0069001135
2022-07-05,0.0068861363,0.006808978,0.0071551767,0.0069738743,0.0072577414,0.006849867,0.006985095,0.0072542247,0.007086408,0.006860104,0.0068794307,0.007217389,0.0072566536,0.0071918783,0.0073906747,0.006882709,0.007616472,0.006894794,0.0069937524,0.006880906
2022-07-06,0.0068887738,0.006859523,0.007164058,0.0069696275,0.0072577414,0.0068470207,0.006996658,0.0072542247,0.0070385304,0.0068590757,0.006877106,0.007217389,0.0072566536,0.0071900305,0.0073906747,0.006893587,0.007616472,0.0071573225,0.0069838134,0.006894645
2022-07-07,0.0069010225,0.006866243,0.007161942,0.0069286046,0.0072577414,0.0068476168,0.0069292155,0.0072542247,0.0070249257,0.006872144,0.006895196,0.007217389,0.0072566536,0.0071864394,0.0073906747,0.00690363,0.007616472,0.007149589,0.0068589714,0.0069132713
2022-07-08,0.0076649007,0.0076652286,0.007933091,0.007754114,0.008035492,0.007633474,0.007644635,0.008031856,0.007814687,0.007648882,0.0076622036,0.007994276,0.008034494,0.007970508,0.008170169,0.007834565,0.008393656,0.007882815,0.007882457,0.0076702503
2022-07-11,0.0073743877,0.007473972,0.0076194075,0.0074065593,0.007726994,0.007323262,0.007319596,0.0077233133,0.007507589,0.007354882,0.007353988,0.0076861647,0.0077258763,0.00765599,0.007860627,0.0074752388,0.00808477,0.007511404,0.00759117,0.0073643443
2022-07-12,0.0068901298,0.006878164,0.0071447906,0.0069944677,0.0072577414,0.0068536815,0.0068556783,0.0072542247,0.0070465175,0.006888297,0.0068794754,0.007217389,0.0072566536,0.0071902242,0.0073906747,0.0071375784,0.007616472,0.0069153574,0.006906834,0.006883022
2022-07-13,0.002771866,0.0028269258,0.003048074,0.0028350768,0.003146213,0.0027377573,0.0028726426,0.003142607,0.002925348,0.0027789143,0.0027976003,0.0031056968,0.003145006,0.0030793664,0.0032792059,0.0028658626,0.0035093394,0.0030170796,0.0027724472,0.0027683047
2022-07-14,0.0068859425,0.006866392,0.0071467427,0.0068928567,0.0072577414,0.0068520126,0.0068978635,0.0072542247,0.0070858565,0.006881353,0.006886941,0.007217389,0.0072566536,0.007183757,0.0073906747,0.0069489,0.007616472,0.006952804,0.007120487,0.0068762717
2022-07-15,0.0077127335,0.0077074436,0.008012738,0.007764694,0.00808927,0.00768685,0.007645097,0.008085515,0.007862609,0.0077076373,0.0077094105,0.008048218,0.008088168,0.008029606,0.008223813,0.007742387,0.008443844,0.0077742157,0.0077250567,0.007699382
2022-07-18,0.0076077697,0.0077020642,0.007898819,0.007683974,0.0079793,0.0075741527,0.007571709,0.007975679,0.007740539,0.007583764,0.007615712,0.007938262,0.007978331,0.007910263,0.008113485,0.0077496883,0.00833955,0.007820528,0.007814627,0.007610586
2022-07-19,0.006877002,0.0070995507,0.007162955,0.006950569,0.0072577414,0.0068490473,0.006852251,0.0072542247,0.006979969,0.006867167,0.006906044,0.007217389,0.0072566536,0.007180434,0.0073906747,0.0070548174,0.007616472,0.00726777,0.006885153,0.006884825
2022-07-20,0.006520134,0.0067566154,0.006797668,0.0065829423,0.0068963584,0.00648908,0.0064965007,0.0068927375,0.0066139516,0.00653502,0.0065370467,0.006855991,0.006895211,0.0068180826,0.007029247,0.006699976,0.007253122,0.0069827107,0.006549042,0.006549251
2022-07-21,0.006897923,0.0071229455,0.007155728,0.006953385,0.0072577414,0.006848198,0.006896001,0.0072542247,0.0069736657,0.006872576,0.006894764,0.007217389,0.0072566536,0.0071770367,0.0073906747,0.00695796,0.007616472,0.0073501137,0.0068801013,0.0068903086
2022-07-22,0.006894585,0.0071316776,0.007159349,0.0069628176,0.0072577414,0.0068453965,0.0068695066,0.0072542247,0.0069823978,0.0068749753,0.0069332686,0.007217389,0.0072566536,0.007176068,0.0073906747,0.0069319126,0.007616472,0.0072983173,0.006865692,0.006912541
2022-07-25,0.0093010925,0.009540003,0.009591799,0.009356376,0.009665545,0.009256747,0.009253975,0.009661984,0.009378564,0.0092831515,0.009321969,0.009624835,0.009664547,0.009590443,0.009799372,0.009696122,0.010020252,0.009707984,0.009274151,0.009341281
2022-07-26,0.006929171,0.00713208,0.0071751443,0.006915745,0.0072577414,0.006844696,0.0068539497,0.0072542247,0.006937903,0.006907564,0.006933805,0.007217389,0.0072566536,0.00717501,0.0073906747,0.007310119,0.007616472,0.0073052016,0.0068595377,0.006949615
2022-07-27,0.009504419,0.009745192,0.009762045,0.009591725,0.009864654,0.009456467,0.00945669,0.009860989,0.00959086,0.00950807,0.009512108,0.009824034,0.009863507,0.00979292,0.009998318,0.009932574,0.010218095,0.009933423,0.009461891,0.009514447
2022-07-28,0.0105102025,0.010724705,0.01073515,0.010533463,0.01084448,0.010437917,0.010673609,0.0108408,0.010626879,0.010467749,0.010525789,0.010804217,0.010843378,0.01076619,0.010977235,0.0109166615,0.011197295,0.010902431,0.010437321,0.010481577
2022-07-29,0.008581441,0.008782428,0.008794423,0.00858311,0.0089014135,0.008496564,0.0088160895,0.008897807,0.008694094,0.008541968,0.0085593425,0.008860733,0.0089004,0.008836713,0.009035092,0.008653726,0.009257626,0.008898776,0.008658987,0.008524936
2022-08-01,0.008827608,0.009036239,0.009055983,0.008853864,0.009159919,0.008753847,0.009098005,0.009156268,0.008977901,0.008779924,0.008843299,0.009119134,0.009158891,0.009091627,0.009293627,0.009259712,0.009516906,0.009249579,0.008851644,0.008781891
2022-08-02,0.007639658,0.0078754835,0.007890191,0.0076855836,0.007998031,0.0075933007,0.007943716,0.00799441,0.007843804,0.007618871,0.0076478836,0.0079565905,0.007997107,0.007931139,0.008133065,0.008134913,0.008357879,0.008107867,0.0076046255,0.007609394
2022-08-03,0.0068881926,0.00713582,0.0071481434,0.006905955,0.0072577414,0.006847289,0.0070587364,0.0072542247,0.007054698,0.0068717864,0.0070062843,0.007217389,0.0072566536,0.0071832803,0.0073906747,0.007368606,0.007616472,0.0073264805,0.0068517444,0.006984454
2022-08-04,0.006877553,0.0071381894,0.0071500656,0.006973889,0.0072577414,0.006840181,0.007130381,0.0072542247,0.0070925173,0.0068619815,0.0069121686,0.007217389,0.0072566536,0.0071808216,0.0073906747,0.007016268,0.007616472,0.0073729125,0.0068401066,0.007018235
2022-08-05,0.008281361,0.0085447095,0.008552697,0.008374538,0.008664589,0.008253511,0.008382257,0.008660909,0.0084709935,0.008270826,0.008326169,0.008623626,0.008663621,0.008588504,0.00879861,0.008655559,0.009023141,0.008772876,0.008247849,0.008443024
2022-08-08,0.0068844077,0.007135224,0.007140365,0.006936979,0.0072577414,0.006840166,0.0068589714,0.0072542247,0.007050481,0.0068656025,0.0069193956,0.007217389,0.0072566536,0.0071834144,0.0073906747,0.007315379,0.007616472,0.007360768,0.006852698,0.0068785665
2022-08-09,0.006894317,0.0071368334,0.0071386364,0.0069275466,0.0072577414,0.0068365303,0.0070056734,0.0072542247,0.007040974,0.006874722,0.0069236723,0.007217389,0.0072566536,0.0071827886,0.0073906747,0.0072590825,0.007616472,0.0073626456,0.0068517295,0.006876346
2022-08-10,0.0061866012,0.0063986895,0.006448683,0.00622375,0.0065560457,0.0061482755,0.006165218,0.0065524247,0.0063389507,0.0061696586,0.006216001,0.0065152464,0.006554958,0.0064842966,0.00668959,0.006605473,0.006916341,0.0066744206,0.0061487523,0.0061838594
2022-08-11,0.008407813,0.008676793,0.008705761,0.008470472,0.008781042,0.008377489,0.008384373,0.008777361,0.008556392,0.008404698,0.008440312,0.008739959,0.008779969,0.008713897,0.008915734,0.008865949,0.009134676,0.00891098,0.008383673,0.008419778
2022-08-12,0.006888893,0.0071535376,0.0070593026,0.006941062,0.0072577414,0.0068437126,0.0068705943,0.0072542247,0.0070365635,0.0068749157,0.006902617,0.007217389,0.0072566536,0.007180747,0.0073906747,0.0072938916,0.007616472,0.0073493985,0.006857109,0.0068861214
2022-08-15,0.008316871,0.008567195,0.008380961,0.008368727,0.008678388,0.0082657,0.008272257,0.008674633,0.008442666,0.008322459,0.008311596,0.008636948,0.008677345,0.008602168,0.00881302,0.008732598,0.009039234,0.008778181,0.008285504,0.008294519
2022-08-16,0.007166442,0.0074250964,0.0073134718,0.0071315137,0.007526469,0.0071128425,0.0071787057,0.0075227288,0.0073491153,0.007280987,0.007170063,0.0074844775,0.0075255153,0.007450771,0.0076620695,0.0075485525,0.0078914575,0.0076287803,0.0071245995,0.007141408
2022-08-17,0.008173477,0.008397426,0.008307125,0.008147027,0.008531835,0.008125823,0.008127656,0.008528199,0.008308183,0.008312728,0.008207347,0.008491155,0.008530777,0.008457255,0.0086653195,0.008589353,0.0088890605,0.008642506,0.008141052,0.008167606
2022-08-18,0.0067695645,0.007019919,0.006930959,0.0067482856,0.0071445373,0.0067382124,0.0067523685,0.0071408716,0.0069242683,0.0069335517,0.006804597,0.0071039167,0.0071434495,0.007066455,0.007277828,0.0069888053,0.007502612,0.0072562215,0.006762069,0.0067836163
2022-08-19,0.006876987,0.0071353284,0.0069868234,0.0068615046,0.0072577414,0.0068512377,0.006908503,0.0072542247,0.007035863,0.007059884,0.0068874327,0.007217389,0.0072566536,0.007181686,0.0073906747,0.006973323,0.007616472,0.0073100445,0.006879088,0.006882262
2022-08-22,0.008495178,0.008645531,0.008624401,0.008507561,0.008853596,0.008444469,0.008447643,0.0088500045,0.008654457,0.00849485,0.0084967725,0.008812856,0.008852523,0.008777898,0.008987185,0.008596029,0.009210777,0.008957636,0.008464705,0.008569103
2022-08-23,0.007205811,0.007309672,0.00741249,0.0072809574,0.0075636175,0.007157993,0.007175308,0.007559907,0.007372555,0.0072276113,0.0072215465,0.007522252,0.0075625894,0.007491064,0.0076985327,0.0073898253,0.007922571,0.007690307,0.0072010127,0.007220101
2022-08-24,0.006895047,0.0070103225,0.0070800153,0.0069466797,0.0072577414,0.006845471,0.0068683145,0.0072542247,0.007074144,0.0069390056,0.006939095,0.007217389,0.0072566536,0.007186976,0.0073906747,0.0070477542,0.007616472,0.007354167,0.0068646935,0.0070139286
2022-08-25,0.008737262,0.008796658,0.008784261,0.008798506,0.00909495,0.008685838,0.008704927,0.009091299,0.008926403,0.008775707,0.00875501,0.009054463,0.0090937875,0.009020548,0.009228196,0.008795317,0.009449344,0.009206247,0.008742016,0.008736532
2022-08-26,0.010597702,0.010703649,0.010761809,0.010677259,0.010956224,0.010549825,0.0105130635,0.010952558,0.010785561,0.010623824,0.01062366,0.010915827,0.010955151,0.010884535,0.01108947,0.010622155,0.011308249,0.010996189,0.010613855,0.010623213
2022-08-29,0.005998921,0.005930763,0.005947527,0.005780366,0.006175619,0.005761501,0.005959269,0.006171983,0.0060121384,0.005821463,0.005816799,0.006135207,0.006174442,0.006098148,0.0063083586,0.0058184383,0.0065351096,0.0062904325,0.005843666,0.005842757
2022-08-30,0.0071316925,0.0069866893,0.006982651,0.0068561104,0.0072577414,0.006851193,0.006871667,0.0072542247,0.007084098,0.0068977145,0.0068874327,0.007217389,0.0072566536,0.0071823266,0.0073906747,0.007026058,0.007616472,0.00736424,0.007018965,0.00689764
2022-08-31,0.00716294,0.0069568125,0.0069951084,0.0068581966,0.0072577414,0.0068450836,0.0068601933,0.0072542247,0.007030171,0.0069173095,0.0069204685,0.007217389,0.0072566536,0.007177782,0.0073906747,0.0070479033,0.007616472,0.0073712883,0.006994125,0.0068954644
2022-09-01,2.501579e-05,-0.00015418557,-4.41405e-05,-0.00022524921,0.0001804945,-0.0002417597,-8.461205e-05,0.00017688842,-5.3707045e-05,-0.00015184609,-0.00012556044,0.00013975473,0.00017927261,0.000101950485,0.00031301053,-6.4868014e-05,0.00055171223,0.00027851434,-0.00017330376,-0.00019865064
2022-09-02,0.008954193,0.00885978,0.008844089,0.008687567,0.009081867,0.008669417,0.008924346,0.009078216,0.008830529,0.008730408,0.008733328,0.0090413205,0.009080719,0.00900596,0.009215143,0.008853849,0.009438064,0.009194907,0.008829486,0.008712273
2022-09-06,0.007069644,0.0070909974,0.007016283,0.006857839,0.0072577414,0.0068417606,0.007117894,0.0072542247,0.00700998,0.0069195894,0.006899443,0.007217389,0.0072566536,0.0071772602,0.0073906747,0.0069534895,0.007616472,0.007378083,0.0069112894,0.0068874923
2022-09-07,0.0071401265,0.007066962,0.0069981334,0.0068586287,0.0072577414,0.0068512526,0.0071063754,0.0072542247,0.0070025143,0.0069075045,0.0068957177,0.007217389,0.0072566536,0.0071785417,0.0073906747,0.0069884327,0.007616472,0.0073808846,0.0068678674,0.0068914113
2022-09-08,0.0051515666,0.0050540683,0.004891422,0.0048355726,0.0052300957,0.0048212525,0.005116236,0.0052264747,0.0049965796,0.0049023298,0.004856598,0.0051897434,0.005228829,0.0051496294,0.0053629694,0.005001348,0.0055887816,0.005349588,0.004819196,0.004876089
2022-09-09,0.0071668294,0.007102546,0.006987181,0.006862503,0.0072577414,0.006854248,0.0072072414,0.0072542247,0.0070184437,0.0069285748,0.0068874923,0.007217389,0.0072566536,0.0072025475,0.0073906747,0.0069106636,0.007616472,0.0073469696,0.0068530557,0.0069083837
2022-09-12,0.008853268,0.008762699,0.008599859,0.008495327,0.008891087,0.008483436,0.008794706,0.008887451,0.008632418,0.00856499,0.008541416,0.008850481,0.008889984,0.008813318,0.0090244375,0.008529525,0.009247374,0.00900289,0.008483406,0.008537602
2022-09-13,0.0072147963,0.0071111736,0.0069549796,0.0068990407,0.0072827754,0.006883469,0.0070920107,0.0072790203,0.007079583,0.0069480655,0.006947827,0.0072415886,0.007281613,0.0072135744,0.007417452,0.006972265,0.007639107,0.0074105975,0.0068867323,0.0069503156
2022-09-14,0.0068131653,0.0065881875,0.006572914,0.0064882007,0.006799471,0.006399986,0.0066219387,0.006795746,0.0066164997,0.0064517376,0.0064399806,0.006758165,0.0067983386,0.006734025,0.0069343117,0.006469038,0.0071570394,0.0069319275,0.006396469,0.0064404276
2022-09-15,0.0071777073,0.006959584,0.0070273844,0.0069293794,0.0072577414,0.006850716,0.00692175,0.0072542247,0.00708684,0.0069155064,0.006944698,0.007217389,0.0072566536,0.0071846214,0.0073906747,0.0070334193,0.007616472,0.007373568,0.0068454263,0.0069010225
2022-09-16,0.00744563,0.007235017,0.007363361,0.0071262983,0.007517439,0.0071152416,0.007131931,0.007513773,0.007347342,0.007151332,0.0072206375,0.0074763414,0.0075164405,0.007441413,0.007651475,0.0073647914,0.007878315,0.007578042,0.007110652,0.007296395
2022-09-19,0.007088464,0.006971952,0.0068982807,0.006938365,0.0069251475,0.0068539497,0.0068686125,0.0069255796,0.0070716557,0.0069625047,0.0069745746,0.0069343564,0.0072566536,0.007183772,0.00733712,0.007056859,0.006919321,0.0072260317,0.006852683,0.007069838
2022-09-20,0.0071068075,0.006958511,0.006877866,0.006892067,0.0068930057,0.0068533686,0.0068823216,0.006893259,0.0070226905,0.006940138,0.006945577,0.0071707037,0.0072566536,0.007181969,0.007333499,0.0070417193,0.0069025126,0.0072315303,0.0068475124,0.007031974
2022-09-21,0.0070587066,0.0071106222,0.0068808314,0.006897014,0.006889355,0.0068527428,0.006863442,0.006889459,0.0069960323,0.0069278297,0.006969225,0.007201236,0.0072566536,0.0071838764,0.0073295203,0.007025,0.006919783,0.0072236178,0.0068476913,0.0069990274
2022-09-22,0.0061481562,0.0060232845,0.0059217927,0.0059581664,0.005928513,0.005891156,0.005903822,0.006226894,0.0060728756,0.0059328345,0.00596821,0.006245461,0.0062934724,0.0062212613,0.0063772765,0.005949971,0.0059851822,0.006275606,0.005886298,0.0060634282
2022-09-23,0.009367671,0.009340193,0.009137582,0.009196516,0.009165462,0.009129446,0.009229388,0.009503525,0.009259235,0.0091741495,0.009173136,0.009482529,0.009527769,0.009458419,0.009613227,0.009190347,0.009221714,0.0095057,0.009129133,0.009318974
2022-09-26,0.010480862,0.010396611,0.010218453,0.010255691,0.010534178,0.010196861,0.010238897,0.010585856,0.010338228,0.010244068,0.0102333985,0.010554697,0.010598775,0.010526162,0.010415565,0.010292824,0.010402229,0.010596093,0.010195237,0.010384079
2022-09-27,0.0093739,0.009252068,0.009259608,0.009085622,0.009454887,0.009075593,0.009098183,0.009468894,0.00921553,0.00913265,0.009103294,0.009434056,0.009477358,0.009406295,0.009345125,0.009209868,0.00940701,0.009489756,0.00907759,0.009262826
2022-09-28,0.0071292636,0.006922376,0.007015493,0.006860223,0.007246029,0.0068550226,0.0070070145,0.007250112,0.007010069,0.006914031,0.0069019613,0.0072141555,0.006944981,0.0071823266,0.0069518653,0.0069236574,0.0069632647,0.007224065,0.006852728,0.007015672
2022-09-29,0.007373747,0.0072544185,0.007369977,0.0071503636,0.0075355438,0.0071351645,0.0071400073,0.007535931,0.007260945,0.0071776924,0.0072021154,0.007498574,0.007497486,0.0074701575,0.007589799,0.007562932,0.007841554,0.007621613,0.0071351943,0.0073402342
2022-09-30,0.008185815,0.007997867,0.008080777,0.007897478,0.00829215,0.007885661,0.007882457,0.008290987,0.008016732,0.007926401,0.007924106,0.008252095,0.008288082,0.008221459,0.008386325,0.008333158,0.008658823,0.008375224,0.007885616,0.008090463
2022-10-03,0.0070852307,0.006966677,0.0070762155,0.0068643955,0.0072554615,0.0068490324,0.0069272933,0.007253465,0.007001039,0.006892946,0.0069057313,0.0072151837,0.006919828,0.0071813283,0.007006761,0.007199135,0.007597026,0.007233974,0.0068562445,0.0069115427
2022-10-04,0.007696849,0.007517692,0.0076000807,0.0073985276,0.007782441,0.0073807505,0.007383969,0.007779714,0.007536125,0.0074174074,0.0074249026,0.007740569,0.007733327,0.0077148196,0.007839318,0.0078400485,0.008183073,0.007861819,0.0073917774,0.0074253795
2022-10-05,0.007128474,0.0070071784,0.007078242,0.0068627414,0.0072574285,0.006848511,0.0068987426,0.0072544334,0.0069744107,0.0069100377,0.00689086,0.007215571,0.007241186,0.0071833697,0.007377055,0.00726777,0.007680681,0.0072866497,0.006920692,0.006891635
2022-10-06,0.006243926,0.0061055836,0.0061707613,0.005963531,0.0063605574,0.0059489575,0.0059740064,0.0063570556,0.006108847,0.005981442,0.005989727,0.0063176122,0.006352183,0.006285679,0.0064904955,0.006394696,0.006789666,0.0064083007,0.0059774783,0.005979952
2022-10-07,0.008092623,0.0077975807,0.0079484545,0.007782769,0.008175861,0.007763293,0.007778224,0.00817224,0.007936668,0.007789966,0.007803854,0.008132976,0.008170124,0.008104857,0.008308586,0.008222338,0.008600991,0.008238759,0.00789642,0.007809144
2022-10-10,0.0076674637,0.0073556122,0.0073203114,0.0073062447,0.00769968,0.0073294607,0.0073015806,0.007695776,0.0074704406,0.007311013,0.0073226807,0.0076560494,0.007696074,0.0076330123,0.007837173,0.007747811,0.008122694,0.0077951965,0.007372957,0.0073348847
2022-10-11,0.007212576,0.006914344,0.0068620113,0.006857675,0.0072592166,0.0068666455,0.0068482873,0.0072552976,0.006985229,0.0068680462,0.0068696854,0.0072159586,0.007255223,0.0071885106,0.0073961285,0.0073047844,0.007689711,0.0073309806,0.0068951664,0.0068654534
2022-10-12,0.0033865836,0.0031089452,0.0030368832,0.0030349311,0.003437173,0.0030366895,0.0030817506,0.0034331647,0.003138241,0.0030443487,0.0030493704,0.0033937213,0.0034338054,0.00336152,0.0035746214,0.003459063,0.0038690087,0.0034615216,0.003047016,0.0030443338
2022-10-13,0.00704993,0.0067894426,0.006731373,0.0067297933,0.007129055,0.0067315665,0.006742623,0.0071249125,0.006859627,0.006739032,0.0067472425,0.0070850817,0.0071261344,0.0070575443,0.0072676954,0.0072301743,0.0075601307,0.0071855006,0.006720316,0.006741148
2022-10-14,0.007095617,0.0069397953,0.0068523404,0.006854635,0.0072597084,0.0068527577,0.0068676737,0.007255536,0.0070423153,0.0068488833,0.006884244,0.007216063,0.0072571007,0.0071937856,0.0073980954,0.006965157,0.007691246,0.007330772,0.0068493006,0.0068669883
2022-10-17,0.006618735,0.0066381213,0.006592345,0.006589186,0.0069864956,0.006592926,0.0066187796,0.0069822785,0.0066625294,0.0066000638,0.0067779836,0.006942731,0.0069841263,0.006911796,0.007125166,0.0070581106,0.007415634,0.0070150313,0.006619152,0.0066046086
2022-10-18,0.0053677377,0.00535455,0.00534102,0.0053465483,0.005419236,0.0053427634,0.0055006263,0.005724725,0.005408418,0.005361524,0.0055117127,0.0056847897,0.005726796,0.0056632874,0.0058468548,0.0056894836,0.0061133024,0.0057907966,0.005455565,0.0053838757
2022-10-19,0.006890577,0.006898355,0.0068544713,0.0068608043,0.007209387,0.006864157,0.0068685827,0.0072556403,0.006990981,0.006876078,0.007043731,0.0072161225,0.00725792,0.0071852026,0.007396978,0.0073085246,0.0076871333,0.0073750135,0.006881487,0.00688329
2022-10-20,0.006893989,0.0068881777,0.006863829,0.006865513,0.007243481,0.006861922,0.0069137034,0.0072557,0.0069997874,0.006867182,0.0070596603,0.0072161225,0.0072580245,0.007181552,0.007398617,0.0072813896,0.007690769,0.007369649,0.0069227037,0.006894615
2022-10-21,0.0052293506,0.005265605,0.005198669,0.005199444,0.0055870083,0.005194318,0.0054114726,0.005590823,0.005321529,0.0052009043,0.0053763357,0.005551335,0.005593207,0.005520579,0.0057335016,0.0054924604,0.0060288724,0.0056889025,0.0051913676,0.005246338
2022-10-24,0.0068927673,0.0069785533,0.0068687913,0.006880578,0.0072550145,0.0068670926,0.0070789573,0.0072556552,0.0069839475,0.0068639186,0.00705291,0.007216063,0.0072581884,0.007183608,0.0073991087,0.0071447757,0.0076919165,0.0073507396,0.006857854,0.0069075045
2022-10-25,0.008587789,0.00860716,0.008554589,0.008554127,0.008946221,0.008554693,0.008598816,0.008945163,0.008670669,0.008551668,0.008757573,0.008904915,0.008947995,0.008880358,0.009062868,0.008936074,0.008697163,0.009005751,0.008593362,0.008574482
2022-10-26,0.010747891,0.010805126,0.010719817,0.010716032,0.011109527,0.010715213,0.010877799,0.011107501,0.010800775,0.01072767,0.010897081,0.011067551,0.011110585,0.011044096,0.011249077,0.011074569,0.011483382,0.011210363,0.010874014,0.010754045
2022-10-27,0.007221293,0.0068734703,0.006876853,0.0068603572,0.0072571603,0.006867197,0.0070706275,0.0072545377,0.006986615,0.0068642315,0.006904867,0.0072147218,0.007258278,0.0071836975,0.007398945,0.0071582166,0.007682767,0.0073741493,0.006868687,0.006907281
2022-10-28,0.006931689,0.0069420603,0.0069532213,0.006861475,0.007232186,0.0068878946,0.006985199,0.0072293547,0.0069847223,0.0068765995,0.006881636,0.0071880636,0.0072583524,0.007188272,0.0074048606,0.007235479,0.0076391664,0.0073406515,0.0068591502,0.006894019
2022-10-31,0.0058390168,0.0058688936,0.005939823,0.005811256,0.006168839,0.006021541,0.0059162495,0.0061654565,0.0058968035,0.0058081863,0.005827051,0.0061523733,0.006193888,0.00611895,0.0063368347,0.0061910567,0.0065794555,0.006251883,0.0057992903,0.005857792
2022-11-01,0.006895494,0.0070296046,0.006952387,0.0068715033,0.0072334674,0.0070707914,0.0068758843,0.007230234,0.006980714,0.0068923053,0.006897625,0.007217389,0.007258397,0.0071882573,0.007400718,0.0072840718,0.0076344577,0.0072780815,0.006851625,0.0069233594
2022-11-02,0.010053914,0.010209303,0.010119092,0.010019209,0.01038086,0.010182869,0.010013502,0.010400828,0.010131385,0.010044511,0.010041218,0.0103638135,0.01040509,0.01033422,0.010546576,0.010452699,0.010775816,0.010463905,0.009999257,0.010052066
2022-11-03,0.0108044855,0.010920491,0.010923382,0.0107708685,0.011132639,0.010895681,0.010839324,0.011152592,0.010939028,0.01079249,0.0107821785,0.011115801,0.011156838,0.011089813,0.011297267,0.011262756,0.011521857,0.011154454,0.010758188,0.010807615
2022-11-04,0.0064951447,0.006615233,0.0066364077,0.0064568487,0.0068450687,0.00658859,0.006591466,0.0068410155,0.0066396263,0.00647175,0.0064792302,0.0068042246,0.0068450985,0.0067775366,0.006959167,0.006934863,0.0072182533,0.006853756,0.006511953,0.0064814207
2022-11-07,0.008135643,0.008066785,0.007887613,0.0078757815,0.008267503,0.00797924,0.007861566,0.008263331,0.007992964,0.007886063,0.007893827,0.008226436,0.008266892,0.0081967525,0.0083909,0.008376088,0.0086454265,0.00834034,0.007868137,0.007900309
2022-11-08,0.0072801677,0.0071122614,0.006940719,0.0069364873,0.00732277,0.0071244207,0.0069119004,0.0073184487,0.0070563075,0.006985259,0.0069641736,0.007281613,0.0073008803,0.007245716,0.0074272123,0.007438537,0.0076756,0.007401299,0.006923687,0.0069802073
2022-11-09,0.0072197584,0.006982681,0.0068906513,0.0068678376,0.007258382,0.0070591983,0.0068897274,0.0072542247,0.007001382,0.0068876115,0.006907296,0.007217389,0.0072623757,0.0071746227,0.0073932824,0.0073808995,0.0076419977,0.0071638045,0.0068583307,0.0069085327
2022-11-10,0.0071925786,0.007006761,0.0068704304,0.006864604,0.0072584418,0.0070168343,0.0068681356,0.0072542247,0.0069640693,0.0068650064,0.006903362,0.007217389,0.0072616455,0.0071848,0.0073926416,0.0073803184,0.007641774,0.007299837,0.0068509993,0.0068856743
2022-11-11,0.007184547,0.007000175,0.006873232,0.006864157,0.0072584567,0.006900531,0.0068575707,0.0072542247,0.006987047,0.0068476168,0.006885093,0.007217389,0.0072377888,0.0071897474,0.0073628095,0.0073772785,0.0076415655,0.0072969315,0.0068545607,0.006876078
2022-11-14,0.007152867,0.006983441,0.0068699387,0.006864589,0.0069259224,0.006868076,0.006881979,0.0072542247,0.007012096,0.0068528918,0.0068826345,0.006934729,0.0072612134,0.0071838317,0.0073659685,0.0072681424,0.007586759,0.007230517,0.0068501798,0.006869715
2022-11-15,0.007208836,0.0069455323,0.0068795797,0.0068630097,0.007209402,0.0068609533,0.006848183,0.0072542247,0.0069687185,0.0068626967,0.006902021,0.007170689,0.0072566536,0.0071769473,0.007387575,0.007369038,0.0076324907,0.0073254225,0.0068530557,0.0068820682
2022-11-16,0.007236522,0.0069483337,0.00686444,0.0068568257,0.007244405,0.0068578837,0.0069053886,0.0072542247,0.006939825,0.0068503884,0.006872487,0.007201296,0.0072566536,0.007178959,0.007389602,0.0073792306,0.007637706,0.0072545973,0.006853428,0.006854501
2022-11-17,0.007239443,0.0069375304,0.006862354,0.0068625626,0.00725269,0.0068618027,0.00702956,0.0072542247,0.006995168,0.0068544117,0.0068802354,0.007208955,0.0072566536,0.007185709,0.007390019,0.007361394,0.0076388386,0.0072414097,0.0068583903,0.006869164
2022-11-18,0.0072278497,0.006883186,0.0068580178,0.0068568704,0.0072553423,0.006926548,0.006857407,0.0072542247,0.0070079234,0.0068489877,0.006887537,0.0072116074,0.0072566536,0.0071829674,0.007390168,0.0073818234,0.007639658,0.00732125,0.00686824,0.006860551
2022-11-21,0.008535322,0.008264374,0.008188333,0.008191761,0.008583289,0.008229073,0.008227255,0.00858089,0.008292984,0.0081771575,0.008245241,0.008539405,0.008583393,0.008507978,0.008717146,0.0087045245,0.008965563,0.008614179,0.008201536,0.008211847
2022-11-22,0.0071907756,0.007014897,0.0068635163,0.006865334,0.0072572795,0.007046577,0.006871265,0.0072542247,0.0069678095,0.006853443,0.00689837,0.0072135595,0.0072566536,0.0071842787,0.0073905555,0.007374328,0.0076412973,0.0073026684,0.0068497774,0.00687803
2022-11-23,0.008726265,0.008559819,0.0084069185,0.008407529,0.008791607,0.008480292,0.0085251145,0.008787941,0.008461591,0.00839388,0.008439239,0.0087482,0.008790445,0.008718293,0.008923989,0.008916911,0.009171914,0.008793753,0.008390006,0.008420687
2022-11-25,0.00785641,0.007668015,0.007519689,0.0075192866,0.007900264,0.007628557,0.0075559434,0.00789633,0.007588145,0.0075085727,0.0075395224,0.007856112,0.007898938,0.007834252,0.008035164,0.0079948865,0.008278739,0.007903006,0.007513013,0.0075251427
2022-11-28,0.006834146,0.0066893366,0.0065637496,0.0065495935,0.006934297,0.0065883067,0.0067104665,0.006930765,0.0066418466,0.0065383133,0.006571558,0.0068912324,0.006933343,0.006869298,0.0070680496,0.006892812,0.0073191193,0.0068927077,0.006546062,0.0065571633
2022-11-29,0.007175368,0.006908801,0.0068690744,0.006858614,0.0072358665,0.006927308,0.0068590012,0.0072542247,0.0070039895,0.0068563637,0.0069146273,0.0072151837,0.0072566536,0.0071867076,0.0073917625,0.006998357,0.0076435325,0.007330936,0.0068575856,0.00688484
2022-11-30,0.00714944,0.006994691,0.0068782535,0.006863248,0.0072583524,0.0069427458,0.0068566618,0.0072542247,0.0069352803,0.006862071,0.0069041518,0.007215422,0.0072566536,0.007181954,0.0073907045,0.007206824,0.0076417294,0.0073144403,0.006853309,0.006899592
2022-12-01,0.007119071,0.0069004265,0.0068363217,0.0068348316,0.007224467,0.00686298,0.006851342,0.0072200564,0.006942388,0.006833103,0.0068577793,0.007180643,0.007222828,0.00714938,0.0073585776,0.007227835,0.007610616,0.007152688,0.0068268743,0.006857526
2022-12-02,0.007157516,0.0069591072,0.0068738577,0.0068669138,0.0072584567,0.007004392,0.006976929,0.0072542247,0.0069927243,0.006869313,0.006907013,0.0072157052,0.0072566536,0.0071859625,0.0073907045,0.0073567,0.00764237,0.007170376,0.006866273,0.0068869856
2022-12-05,0.0082590245,0.007996287,0.007980328,0.007977795,0.008363035,0.0081284605,0.008033004,0.008358698,0.008111205,0.00796945,0.0080215,0.008319821,0.008361306,0.0082893185,0.008496072,0.008422356,0.008747723,0.008253571,0.007982012,0.008002397
2022-12-06,0.007189673,0.006920528,0.00687201,0.0068627414,0.0072586206,0.0069275615,0.0068503735,0.0072542247,0.00696021,0.006859344,0.006907907,0.007215884,0.0072566536,0.0071752784,0.007389751,0.0073754755,0.0076004234,0.007305142,0.0068484065,0.006899011
2022-12-07,0.007166725,0.0069258926,0.006863427,0.006865498,0.0072586504,0.0068926034,0.006868255,0.0072542247,0.006952044,0.00686973,0.0068946,0.0072159288,0.0072566536,0.0071841893,0.007390645,0.007379335,0.0076162335,0.0070708063,0.0068707136,0.006887507
2022-12-08,0.009943392,0.009647679,0.009608086,0.009608027,0.00999796,0.009647351,0.009616774,0.009993296,0.009706955,0.00960907,0.0096122585,0.009955253,0.009995755,0.009923246,0.010129627,0.010069083,0.010351058,0.009929176,0.009602796,0.009620305
2022-12-09,0.0072173295,0.0069085923,0.0068595675,0.0068672863,0.007258695,0.0069267717,0.006890845,0.0072542247,0.006984916,0.006858167,0.0068779555,0.007216018,0.0072566536,0.0071808365,0.007390645,0.007264283,0.0076162484,0.0072048423,0.0068654236,0.0068772254
2022-12-12,0.0072189984,0.00696395,0.0068660346,0.006864932,0.007258695,0.0069096205,0.006873187,0.0072542247,0.006990638,0.0068521914,0.006882977,0.0072160927,0.0072566536,0.007181835,0.007390645,0.0072717783,0.0076162484,0.0073039946,0.006857079,0.0068799523
2022-12-13,0.0072626737,0.0069609103,0.00686444,0.0068649617,0.00725871,0.006897342,0.0070032445,0.0072542247,0.0069754687,0.0068491963,0.0069057015,0.0072161076,0.0072566536,0.00718182,0.007390645,0.0072713015,0.0076162484,0.007131886,0.00697374,0.0068820086
2022-12-14,0.009032335,0.008820053,0.008692559,0.008688372,0.009077471,0.008697625,0.0087762885,0.009072807,0.008794438,0.0086724125,0.008707371,0.00903463,0.009075414,0.009005245,0.0092098825,0.00913262,0.009431358,0.009075593,0.00867964,0.0087262355
2022-12-15,0.0063032922,0.00605258,0.005960014,0.0059590754,0.0063560274,0.0059699384,0.0059614447,0.006351453,0.006049749,0.0059436825,0.0059894887,0.006313544,0.0063538817,0.006278869,0.006487396,0.006412756,0.0067145047,0.0063633737,0.005967271,0.005985987
2022-12-16,0.007834982,0.00767329,0.007518348,0.007517081,0.00790013,0.0075248447,0.00766724,0.007895421,0.007614058,0.0074955192,0.0075307903,0.007857006,0.007898029,0.007834312,0.008032929,0.0079681985,0.008256268,0.007928651,0.007522982,0.007535812
2022-12-19,0.006401476,0.006038305,0.005949211,0.0059756455,0.0063438234,0.0059791026,0.005942878,0.006339353,0.0060109165,0.0059536067,0.0060296026,0.0063012657,0.006341767,0.0062614796,0.006475624,0.0064258543,0.0067010936,0.006404769,0.0059320894,0.0061119613
2022-12-20,0.0073700515,0.0070344177,0.0068535176,0.006862935,0.00725871,0.0069063273,0.0068448153,0.0072542247,0.0069388268,0.006850165,0.006905597,0.007216063,0.0072566536,0.0071817306,0.007390645,0.007308018,0.0076162186,0.0073289094,0.006964442,0.006916773
2022-12-21,0.007375818,0.007005718,0.0068619964,0.0068621454,0.007258695,0.0068901745,0.006879356,0.0072542247,0.006943625,0.006848317,0.0068918434,0.0072159884,0.0072566536,0.007178989,0.007390645,0.0072883335,0.0076162484,0.0072527346,0.006883618,0.006911647
2022-12-22,0.0077172336,0.0073654023,0.007241678,0.007242587,0.0076331464,0.0072675464,0.007248875,0.007628661,0.007302281,0.0072319624,0.0072822687,0.007589784,0.007631254,0.0075627533,0.0077665863,0.007578191,0.007989731,0.007446852,0.00745773,0.0072976914
2022-12-23,0.007893544,0.0075877574,0.0074371365,0.007446867,0.007835921,0.0074521867,0.007461783,0.007832315,0.007519212,0.007428017,0.0074689505,0.007792723,0.007834803,0.0077618477,0.007969301,0.007879805,0.008193117,0.007758331,0.007480484,0.007469189
2022-12-27,0.009028714,0.008676197,0.008570205,0.0085852705,0.008944731,0.008591231,0.008583974,0.008965861,0.008625548,0.008576017,0.008633893,0.008899819,0.008968454,0.008893263,0.00910617,0.009015616,0.0093298815,0.008947309,0.008603957,0.008603837
2022-12-28,0.0073368517,0.007011336,0.006870162,0.0068612215,0.0072577414,0.006863844,0.0068550077,0.0072542247,0.0069260267,0.006851208,0.006897476,0.007217389,0.0072566536,0.007179406,0.007373568,0.007314634,0.006934863,0.0072792587,0.006845322,0.0068737236
2022-12-29,0.0067234156,0.006351706,0.006230023,0.0062340912,0.0066215512,0.0062447754,0.0062271473,0.00661796,0.006345403,0.0062296656,0.0062584546,0.006580558,0.0066204634,0.006550458,0.0067538437,0.0066645113,0.0069387523,0.0066846726,0.006352183,0.0062497077
2022-12-30,0.0073763845,0.0070073274,0.006855902,0.006857973,0.0072577414,0.0069043455,0.0068707583,0.0072542247,0.006952536,0.006862816,0.0068899957,0.007217389,0.0072566536,0.0071840254,0.0073904064,0.0071603027,0.007633325,0.0072796163,0.0069164154,0.0068791476
2023-01-03,0.007318091,0.007029083,0.0068591502,0.0068593887,0.0072577414,0.0069050756,0.0068532047,0.0072542247,0.006949481,0.006863531,0.0068902043,0.007217389,0.0072566536,0.00718334,0.007365134,0.007096645,0.006987777,0.007277113,0.007002842,0.0068924245
2023-01-04,0.007312414,0.0069995937,0.0068630544,0.006866452,0.0072577414,0.006893095,0.006851774,0.0072542247,0.006943342,0.0068963137,0.006894198,0.007217389,0.0072566536,0.0071802256,0.0073877093,0.0071310517,0.007594731,0.007314798,0.0069400338,0.006917995
2023-01-05,0.010891985,0.010486882,0.010387655,0.010382768,0.010765191,0.0103796385,0.0103782825,0.010761585,0.010535147,0.0105475,0.010426041,0.010724571,0.010764178,0.010694485,0.010898601,0.0106991045,0.011095058,0.010610025,0.010370906,0.010410886
2023-01-06,0.007286933,0.0069682566,0.006867957,0.0068833944,0.0072577414,0.006847259,0.0068709073,0.0072542247,0.0070851413,0.00704008,0.006930825,0.007217389,0.0072566536,0.007186156,0.007390779,0.006939274,0.0076465127,0.0069499877,0.007028934,0.006898504
2023-01-09,0.0070681986,0.006840494,0.0067141918,0.0067136404,0.0067826924,0.0066910204,0.006706488,0.0070944843,0.0068317023,0.0068744686,0.006744277,0.007057574,0.007096913,0.0070244935,0.0068086204,0.00689387,0.0068057296,0.0067859557,0.0069145975,0.0067410287
2023-01-10,0.0072282967,0.0070077744,0.0068587926,0.0068640527,0.00720973,0.006852072,0.0068738875,0.0072542247,0.006996524,0.006993991,0.0068800417,0.007217389,0.0072566536,0.0071890173,0.0069532064,0.006922346,0.0069529978,0.0070656207,0.0070923683,0.0068753627
2023-01-11,0.007249635,0.0069002477,0.0068578986,0.006979775,0.007243764,0.0068541286,0.006865543,0.0072542247,0.0071003404,0.0068695215,0.006903839,0.007217389,0.0072566536,0.0071827737,0.007309329,0.006935787,0.0069666025,0.006958109,0.007068288,0.006894287
2023-01-12,0.0072534946,0.006976169,0.0068505225,0.0069828746,0.0072519896,0.0068562445,0.0068473336,0.0072542247,0.0070834425,0.006857392,0.0068962392,0.007217389,0.0072566536,0.007184517,0.0073500243,0.0071498123,0.0070166555,0.0069964794,0.006900665,0.0068975356
2023-01-13,0.007946622,0.007732984,0.007587683,0.007707548,0.007992964,0.007596445,0.0076075313,0.007992398,0.007824805,0.0075986055,0.007613775,0.007954713,0.00799505,0.007928859,0.008101489,0.007719886,0.0077035245,0.0077305404,0.007784125,0.0076115844
2023-01-17,0.005017486,0.0048128334,0.0046734777,0.004747179,0.0050681797,0.0046752957,0.004683208,0.0050665555,0.004900959,0.0046762344,0.0047203717,0.0050294814,0.0050689694,0.0050062505,0.0051765856,0.004935619,0.0049048928,0.0048225936,0.0047219363,0.004697543
2023-01-18,0.0072122184,0.006983858,0.0068536815,0.0069568423,0.0072566834,0.006862935,0.0068592397,0.0072542247,0.007089865,0.006855589,0.0068867025,0.007217389,0.0072566536,0.0071890918,0.007363763,0.00714339,0.0070389626,0.006996718,0.0068963584,0.006872427
2023-01-19,0.0072087613,0.0069094715,0.0068531004,0.0069573787,0.0072572497,0.006854039,0.006865185,0.0072542247,0.0071234074,0.006858912,0.0068963137,0.007217389,0.0072566536,0.007183355,0.0073658493,0.006962162,0.006970909,0.00693005,0.0070454893,0.006875646
2023-01-20,0.0072501567,0.0070540276,0.0068592546,0.0068657664,0.007257637,0.006852683,0.00685994,0.0072542247,0.007042807,0.0069714603,0.006900635,0.007217389,0.0072566536,0.007178065,0.0073715714,0.0068892804,0.0069445637,0.007203546,0.007121813,0.006884825
2023-01-23,0.009021129,0.008712899,0.008646723,0.008763712,0.009044658,0.008638006,0.008645084,0.009040859,0.008892935,0.008794855,0.008688327,0.009004023,0.009043466,0.008979749,0.00918239,0.008670103,0.009353187,0.009098362,0.008593302,0.008679505
2023-01-24,0.007238653,0.0069596586,0.00685012,0.0069629964,0.007258099,0.0068485406,0.006859955,0.0072542247,0.007102635,0.0069454727,0.0068792817,0.007217389,0.0072566536,0.0071826694,0.0073740003,0.006876689,0.007035997,0.0070683477,0.0068953303,0.0068761823
2023-01-25,0.006243479,0.005940583,0.0058844206,0.0059777913,0.006282639,0.0058722314,0.0058929143,0.006278631,0.00614832,0.0060549346,0.0059353677,0.0062414524,0.006281179,0.006210622,0.0063925353,0.0059078154,0.0060906676,0.0059723374,0.0058419374,0.00590637
2023-01-26,0.003608894,0.0033116606,0.003254008,0.0032574502,0.00332458,0.0032442329,0.0032809642,0.0036578742,0.003523287,0.003426042,0.0032840786,0.0036213365,0.0036603329,0.0035922793,0.0037655053,0.003374618,0.0036511538,0.003338572,0.0032360074,0.003272709
2023-01-27,0.007178497,0.0069263843,0.006854799,0.0068562743,0.0068629053,0.0068511483,0.0068713096,0.0072542247,0.0071158675,0.0070023057,0.006886345,0.007217389,0.0072566536,0.007190597,0.0073574004,0.0069233445,0.0071141985,0.007034373,0.006864783,0.006877568
2023-01-30,0.008431178,0.00815564,0.008061018,0.008061733,0.008391764,0.008055326,0.008063581,0.008454125,0.008316468,0.008237045,0.008095618,0.00841729,0.008456599,0.008390944,0.008574944,0.008215424,0.0081770085,0.008359339,0.008166339,0.008125152
2023-01-31,0.0072389957,0.006929275,0.0068597314,0.006858271,0.0068636653,0.006847587,0.0068713543,0.0072542247,0.0071301428,0.0070371297,0.006899622,0.007217389,0.0072566536,0.007192072,0.007376593,0.007029217,0.007574585,0.006933656,0.006882992,0.0068924096
2023-02-01,0.009577643,0.0092539005,0.009154927,0.0091522895,0.009482171,0.00914387,0.009158086,0.009544473,0.00941154,0.009392809,0.009291153,0.00950725,0.009547051,0.009479787,0.009689387,0.009184103,0.009953555,0.009288605,0.009140518,0.009322833
2023-02-02,0.008262496,0.007991891,0.007869642,0.007948395,0.008237299,0.007853728,0.007873144,0.008259039,0.008116793,0.008063417,0.007935014,0.008221846,0.008261602,0.008193683,0.008405965,0.007888626,0.00868639,0.008018222,0.007874977,0.007908713
2023-02-03,0.0067926613,0.0064159003,0.006381851,0.006507334,0.0067575243,0.006358486,0.0063781408,0.0067678806,0.0065553156,0.00658929,0.0064126668,0.0067312536,0.0067703393,0.006697592,0.006913897,0.006393638,0.007201564,0.006509569,0.0063705114,0.0064015207
2023-02-06,0.010884594,0.01054519,0.010486376,0.010547306,0.010849293,0.010450732,0.010472681,0.010854404,0.010598581,0.010655131,0.01049402,0.010817718,0.0108569525,0.010790657,0.011001419,0.01047885,0.011283454,0.010490295,0.010465678,0.0105055235
2023-02-07,0.009093072,0.008779284,0.008722227,0.008839097,0.008728918,0.008701738,0.008719232,0.009103876,0.008844372,0.008887347,0.008749809,0.009067025,0.009106364,0.00904211,0.009230461,0.008735266,0.009492036,0.009085398,0.008725416,0.008735623
2023-02-08,0.007199642,0.0068883714,0.006861296,0.0069895205,0.007197496,0.0068536517,0.0068639037,0.0072542247,0.007012632,0.007046458,0.0068889377,0.007217389,0.0072566536,0.0071900752,0.0073990193,0.006887045,0.007684004,0.007213664,0.006868687,0.006879714
2023-02-09,0.0071579036,0.007058066,0.0068622646,0.0069789854,0.0068664667,0.006870654,0.006867793,0.0072542247,0.006986555,0.0068662283,0.0068840054,0.007217389,0.0072566536,0.0071871844,0.0073721227,0.0068864194,0.007583168,0.0071285185,0.0068628904,0.006879699
2023-02-10,0.009009492,0.009007048,0.008901235,0.0088843815,0.009077083,0.008736651,0.0087533705,0.009137969,0.008864384,0.008741062,0.00876778,0.009100657,0.009140667,0.009073224,0.009255525,0.008765247,0.008884739,0.009010088,0.008986618,0.008759391
2023-02-13,0.008031141,0.007914912,0.0077736643,0.007921364,0.008138817,0.007835772,0.007775989,0.008160066,0.007914018,0.007757884,0.0078136735,0.008122977,0.008162614,0.008097466,0.008303296,0.0077790436,0.008534145,0.007974502,0.007818993,0.007783484
2023-02-14,0.007148769,0.0069302586,0.0068693277,0.0069555906,0.0072441814,0.0068456647,0.0068491516,0.0072542247,0.0070201573,0.0068637845,0.0068957326,0.007217389,0.0072566536,0.0071852324,0.0073780087,0.00692102,0.006935027,0.006976154,0.007109177,0.006885838
2023-02-15,0.007201117,0.0069745746,0.0068624434,0.0069378284,0.0072491285,0.006840762,0.006864321,0.0072542247,0.0070300815,0.006850761,0.0068794307,0.007217389,0.0072566536,0.0071808067,0.0073756245,0.006973591,0.006949064,0.006909725,0.0071253446,0.0068704453
2023-02-16,0.00723007,0.0069632945,0.006856647,0.0069474843,0.0072520194,0.006840956,0.0068796244,0.0072542247,0.0070412573,0.006853026,0.0068726805,0.007217389,0.0072566536,0.007186663,0.007397291,0.0069736806,0.007622462,0.006874901,0.0071286377,0.0068588224
2023-02-17,0.0070750383,0.0067609814,0.0067183194,0.0068598804,0.007115346,0.0067039547,0.0067269024,0.007116091,0.0069711027,0.006717202,0.006755647,0.0070788977,0.0071185944,0.0070489612,0.0072613624,0.006863382,0.0075391796,0.00675894,0.0070017693,0.006731522
2023-02-21,0.007646155,0.0072768745,0.0072345403,0.0073160795,0.007602748,0.007216465,0.0072341976,0.007624146,0.007441562,0.0072331843,0.0072722253,0.007587087,0.0076267687,0.0075587,0.0077332375,0.0073425737,0.008007672,0.007275742,0.0072637913,0.007254031
2023-02-22,0.007167828,0.0069215265,0.006861266,0.0070000705,0.0072565344,0.0068454263,0.0068642464,0.0072542247,0.0071001467,0.006852981,0.0068925438,0.007217389,0.0072566536,0.007188913,0.0073610065,0.0069270697,0.0076432494,0.006897461,0.0068920967,0.006880474
2023-02-23,0.007080969,0.0068823663,0.00684112,0.0069929776,0.007226285,0.006822732,0.00684188,0.007223156,0.00707024,0.0068456796,0.006898996,0.0071856347,0.007225689,0.0071580526,0.0073315618,0.0068812934,0.0069636223,0.0069289473,0.0070873317,0.006876108
2023-02-24,0.0039166925,0.0036681113,0.0035904315,0.0037612435,0.0039835838,0.0035757986,0.0035968837,0.0039800075,0.003804278,0.0035879877,0.0036416915,0.0039430526,0.0039823917,0.003911969,0.004113507,0.0036448953,0.004310724,0.0036998955,0.0038554338,0.003601831
2023-02-27,0.005569902,0.0053615686,0.0053299633,0.0054968563,0.0057231304,0.005311754,0.0053326455,0.005719122,0.0055316356,0.0053333608,0.005391207,0.0056819436,0.0057215956,0.0056501743,0.0058556465,0.00536741,0.006097209,0.0053795394,0.0056035635,0.0053577838
2023-02-28,0.007161584,0.0068955836,0.006865081,0.0070138243,0.007258576,0.006848153,0.006866705,0.0072542247,0.007049155,0.0068595824,0.006903481,0.007217389,0.0072566536,0.0071885553,0.0073908833,0.0069169668,0.007653829,0.0069093225,0.0069067,0.0068867323
2023-03-01,0.0071490374,0.006835234,0.0068782684,0.0069836196,0.0072587994,0.0070537743,0.0068695513,0.0072542247,0.0070648757,0.0068861363,0.0069514033,0.007217389,0.0072566536,0.007189181,0.0073905853,0.006910738,0.007652339,0.0069037047,0.006865334,0.0069243875
2023-03-02,0.007196289,0.0068425057,0.0068652597,0.00691874,0.007258978,0.0070148227,0.0068762866,0.0072542247,0.007109877,0.006885689,0.006934416,0.007217389,0.0072566536,0.0071892557,0.007390496,0.0068663475,0.0076400605,0.0068819937,0.006864902,0.0069058356
2023-03-03,0.007213768,0.0069851396,0.0068657813,0.006912884,0.0072590974,0.0070611355,0.006877866,0.0072542247,0.007073578,0.0068734256,0.006910932,0.007217389,0.0072566536,0.007189822,0.0073904064,0.006914657,0.007638466,0.006898981,0.0068650213,0.0068871197
2023-03-06,0.0071823266,0.006990832,0.006862488,0.0069207815,0.007259172,0.0070604202,0.0068812636,0.0072542247,0.0071128723,0.00686073,0.0069753793,0.007217389,0.0072566536,0.0071911034,0.0073912707,0.0068885204,0.007687506,0.0068979827,0.006860566,0.006882575
2023-03-07,0.0072570113,0.0069488254,0.0068610427,0.0069426266,0.007259172,0.007031631,0.0068567214,0.0072542247,0.0070555327,0.006862935,0.006919038,0.007217389,0.0072566536,0.007190105,0.007390332,0.0069114533,0.0076450375,0.006878015,0.006848794,0.006923732
2023-03-08,0.008443978,0.008129861,0.008061286,0.008172657,0.008446094,0.008190867,0.008053806,0.008441519,0.008257117,0.008055564,0.0080910735,0.008404788,0.008444067,0.008377891,0.008577686,0.008144792,0.008832704,0.0080774985,0.008041184,0.008091014
2023-03-09,0.007267904,0.0069889245,0.006862354,0.0069716987,0.0072466996,0.007002991,0.00687353,0.0072542247,0.007059392,0.00687575,0.006891918,0.007217389,0.0072566536,0.0071926382,0.0073921797,0.006889072,0.0076665995,0.006883037,0.0068467674,0.006897461
2023-03-10,0.007703331,0.007314038,0.0073106256,0.007429641,0.007695448,0.0074304906,0.007320386,0.0077072647,0.007501271,0.007384878,0.0073418585,0.0076693413,0.007709962,0.007639822,0.007846516,0.00735293,0.0081079565,0.007335913,0.0073049483,0.0073792604
2023-03-13,0.006970462,0.006605726,0.0065691588,0.006657046,0.006966409,0.006532055,0.0065631834,0.006961998,0.0067430106,0.006614071,0.006603342,0.0069245067,0.006964695,0.0068944213,0.007099372,0.0066343364,0.0073504564,0.006609839,0.0065537808,0.0066352454
2023-03-14,0.0072689024,0.006909069,0.00687502,0.0069141802,0.0072410223,0.006832954,0.0068609086,0.0072542247,0.0069883135,0.006886032,0.0069020507,0.007217389,0.0072566536,0.0071863947,0.0073920903,0.006929618,0.0076822606,0.006874737,0.006849271,0.0069774357
2023-03-15,0.0087340735,0.0084144585,0.008394163,0.008479711,0.008789998,0.008346822,0.008385878,0.008785319,0.008528706,0.008484881,0.008417662,0.008748483,0.008787852,0.008719977,0.00892235,0.00839166,0.009208705,0.00842705,0.00839309,0.008485343
2023-03-16,0.0076160845,0.0072870073,0.0074281213,0.0073384014,0.0076326397,0.0071779606,0.0072353897,0.0076280204,0.007396218,0.0072709587,0.007266101,0.007590976,0.0076305834,0.007566896,0.0077652154,0.0072358665,0.008052092,0.007253867,0.0072208163,0.0073129353
2023-03-17,0.007719603,0.0074339476,0.00756551,0.0074684885,0.007789519,0.0073879925,0.007373911,0.0077849147,0.0075286,0.0074481186,0.0074526337,0.007747811,0.0077875373,0.007722777,0.007922571,0.0073946086,0.008211132,0.0076459167,0.0073813614,0.0074551073
2023-03-20,0.007777479,0.00761525,0.007695895,0.007673901,0.007951032,0.0075389263,0.007556182,0.007947143,0.0076799807,0.0076329526,0.0076345173,0.007910069,0.007949691,0.007883366,0.008084651,0.0075574187,0.008371737,0.0076413867,0.0075410423,0.0076996353
2023-03-21,0.0029219654,0.0027330485,0.002834734,0.0028031138,0.0030413237,0.002612513,0.002663341,0.003054556,0.0028052595,0.0027011302,0.002725449,0.0030176458,0.00305697,0.0029886928,0.0031924215,0.0026716557,0.0034835455,0.0027405587,0.0026493785,0.002767634
2023-03-22,0.0065357503,0.0063104,0.006462839,0.0063649234,0.0066520837,0.006205511,0.0062646237,0.0066485372,0.006374326,0.0062670377,0.0062861857,0.0066110906,0.0066512194,0.0065845964,0.0067868945,0.006263685,0.00707556,0.0063017127,0.006247815,0.0063703326
2023-03-23,0.0073031303,0.007321295,0.00738534,0.007314783,0.007610854,0.007210043,0.00747278,0.0076216278,0.007335272,0.007227984,0.007251766,0.007584673,0.007624161,0.0075542596,0.0077599403,0.0072415886,0.008047041,0.007267919,0.0072194007,0.0073266593
2023-03-24,0.0097413175,0.009715494,0.009735506,0.009753328,0.010081764,0.009669062,0.009951603,0.0100781135,0.009768259,0.009737294,0.009717207,0.010041248,0.010080557,0.010007855,0.010214623,0.009761941,0.010449972,0.009729352,0.009692144,0.009825226
2023-03-27,0.007840749,0.007633638,0.0077342805,0.007659313,0.007985916,0.0075788912,0.007858973,0.007982325,0.007719156,0.007597771,0.0076269326,0.007945295,0.007984798,0.007919397,0.008119594,0.0075952676,0.00839841,0.0076367226,0.007585686,0.0077151773
2023-03-28,0.008004945,0.007821079,0.007826876,0.007877987,0.00819179,0.007816564,0.00811569,0.008188304,0.007968914,0.00783829,0.007849898,0.0081513785,0.008190762,0.008113783,0.008324157,0.0078092483,0.008556124,0.007857289,0.00779995,0.00790621
2023-03-29,0.005343911,0.005091336,0.00516237,0.005138394,0.0054590073,0.0050421623,0.0050709066,0.0054553417,0.0052118865,0.005074438,0.005106103,0.005418193,0.005457845,0.005380836,0.005591732,0.0050861505,0.005817142,0.005099472,0.005069655,0.005167779
2023-03-30,0.006508824,0.006227341,0.0062514213,0.006305289,0.0065955934,0.006151241,0.0062656966,0.0065919873,0.006358516,0.0062118885,0.0062455204,0.0065545705,0.00659461,0.006516021,0.0067295847,0.0062113223,0.006980416,0.0062681404,0.006205302,0.006249499
2023-03-31,0.006804582,0.006603521,0.0065640477,0.006614354,0.0068950173,0.0064568487,0.0065033403,0.006891277,0.006678131,0.0065420684,0.006541845,0.006853577,0.006893989,0.0068149534,0.007029709,0.0065081236,0.007280451,0.00654864,0.006505769,0.006541517
2023-04-03,0.0071830717,0.0069700447,0.007020172,0.0069880006,0.0072577414,0.0068168757,0.006894317,0.0072542247,0.0070011285,0.0069030193,0.0069243577,0.007217389,0.0072566536,0.007181954,0.0073907343,0.0068783727,0.0076397923,0.0069076237,0.0068545905,0.0069269505
2023-04-04,0.01163223,0.011603918,0.011593413,0.011566576,0.011806812,0.011372995,0.011426639,0.011803117,0.011562463,0.01143926,0.011490148,0.011766087,0.011805739,0.011731084,0.011940386,0.011432733,0.012185913,0.011462104,0.011410382,0.011487465
2023-04-05,0.0069350568,0.0068958667,0.0070632217,0.007054877,0.0072577414,0.0068092463,0.006868851,0.0072542247,0.006957051,0.0068998453,0.006926876,0.007217389,0.0072566536,0.0071783927,0.0073899743,0.0069218543,0.0076000956,0.0069088605,0.006871131,0.006956127
2023-04-06,0.00713284,0.006910172,0.0070463982,0.0068991003,0.0072577414,0.00679737,0.006869715,0.0072542247,0.006966096,0.0068776426,0.0068778214,0.007217389,0.0072566536,0.007183161,0.0073906747,0.0069293496,0.007616472,0.0069099483,0.006870356,0.0069236276
2023-04-10,0.007045653,0.0069104847,0.007031035,0.0069034067,0.0072577414,0.0068081585,0.0069059846,0.0072542247,0.0069319275,0.0068872985,0.0069500175,0.007217389,0.0072566536,0.0071799275,0.0073906747,0.0069699553,0.007616472,0.0069121835,0.006866422,0.006919202
2023-04-11,0.0041101393,0.0039195237,0.004018944,0.0038860855,0.0042662737,0.0038180468,0.0038772044,0.004262757,0.0039388654,0.003879663,0.0038937447,0.0042257425,0.004265201,0.0041927216,0.004399386,0.004128885,0.004629594,0.0039385674,0.0038599637,0.0039118943
2023-04-12,0.009359177,0.009287339,0.009221461,0.009115379,0.009492304,0.009066042,0.009146418,0.0094886385,0.00918531,0.00911596,0.009134363,0.00945149,0.009491231,0.00941978,0.0096093975,0.009165522,0.009186786,0.009156685,0.0090912245,0.009146195
2023-04-13,0.0067528603,0.0066941646,0.006570649,0.006475192,0.006845888,0.0064238575,0.0064574745,0.006842178,0.0065293876,0.006477576,0.006474119,0.006804791,0.006844711,0.0067790416,0.0069599566,0.0065358398,0.006518629,0.0065244106,0.0064490554,0.0064936695
2023-04-14,0.0074850586,0.007507768,0.007375565,0.007251155,0.0076303002,0.0071978685,0.0072738496,0.0076266644,0.007414755,0.0072608856,0.0072637764,0.0075891432,0.007629406,0.0075556007,0.007745978,0.0073781577,0.007299107,0.0072503206,0.007228133,0.007297468
2023-04-17,0.008416247,0.008282911,0.008266281,0.008136239,0.0085228495,0.0080980025,0.008133631,0.008519258,0.008306216,0.008138236,0.008213993,0.008482214,0.008521821,0.0084547065,0.008654069,0.008175995,0.008847397,0.008212324,0.008122902,0.00820021
2023-04-18,0.0071762768,0.0070200977,0.0070307073,0.0068692085,0.0072577414,0.0068275896,0.006868553,0.0072542247,0.006990176,0.0068716076,0.006897193,0.007217389,0.0072566536,0.007189479,0.0073905704,0.0069035855,0.0076439646,0.0069105444,0.0068538156,0.006931704
2023-04-19,0.0059192595,0.005842772,0.005758491,0.0056069163,0.00599305,0.0055719283,0.005619612,0.00598931,0.005774435,0.005626884,0.005625319,0.0059516993,0.0059919027,0.005922642,0.006127831,0.0057072905,0.006392118,0.0056270924,0.005588588,0.005645123
2023-04-20,0.00720742,0.007065874,0.007067081,0.006858748,0.0072577414,0.0068175313,0.0068639633,0.0072542247,0.0069871363,0.0068614897,0.0068830964,0.007217389,0.0072566536,0.0071855155,0.007391062,0.007108402,0.0076574353,0.006922495,0.0068500754,0.0068902043
2023-04-21,0.0072856513,0.007273611,0.0071662334,0.006998461,0.007386279,0.0069505093,0.0070193824,0.0073825684,0.0071390537,0.006989327,0.0069964794,0.007345107,0.0073851463,0.00732733,0.0075211492,0.0071937707,0.0077808914,0.0070077744,0.00698657,0.007011619
2023-04-24,0.0069180247,0.0069280383,0.007060003,0.007014912,0.007230681,0.0068411496,0.006843474,0.007226866,0.0069124517,0.0068376777,0.0068557975,0.0071892557,0.0072295484,0.007158008,0.0073658046,0.0069865254,0.007628065,0.0069093374,0.0068300185,0.006878805
2023-04-25,0.0069284406,0.006902036,0.007077616,0.0069899526,0.0072577414,0.006850597,0.0068726656,0.0072542247,0.0069522676,0.006867167,0.0068986383,0.007217389,0.0072566536,0.007181522,0.007391107,0.007039335,0.0076584485,0.0069157,0.0068533537,0.006902289
2023-04-26,0.0071582017,0.006978419,0.007045549,0.006860074,0.0072577414,0.006800544,0.0068661985,0.0072542247,0.0070144353,0.0068685976,0.0068845716,0.007217389,0.0072566536,0.00718632,0.007391062,0.006946784,0.0076593575,0.006915134,0.0068545756,0.0068930206
2023-04-27,0.0071609733,0.007116836,0.00705516,0.006857094,0.0072577414,0.006791916,0.00688329,0.0072542247,0.007017371,0.006867167,0.0068916795,0.007217389,0.0072566536,0.0071824607,0.007391092,0.0070027676,0.0076599536,0.0068739173,0.0068547097,0.0069029746
2023-04-28,0.0071877358,0.007118624,0.0070618507,0.0068662134,0.0072577414,0.006788355,0.0068797884,0.0072542247,0.0070358184,0.0068704304,0.006907311,0.007217389,0.0072566536,0.0071808365,0.007391062,0.006902915,0.0076604453,0.006898236,0.0068543223,0.006902274
2023-05-01,0.0069437292,0.0071299192,0.0070590493,0.0069451598,0.0072577414,0.006834593,0.006874543,0.0072542247,0.0069943634,0.00687429,0.006966349,0.007217389,0.0072566536,0.0071766344,0.0073910323,0.006923538,0.007660818,0.0068977145,0.00685392,0.006923076
2023-05-02,0.0071158973,0.0071256724,0.0070798215,0.0068668094,0.0072577414,0.0068137464,0.006876346,0.0072542247,0.0069901315,0.0068849144,0.0070029018,0.007217389,0.0072566536,0.0071789143,0.0073910174,0.006917071,0.007661116,0.006882575,0.006855738,0.006942552
2023-05-03,0.006004226,0.005878192,0.0060162363,0.0058245775,0.006213647,0.005765718,0.0058456776,0.006209981,0.005920854,0.005843472,0.0060647097,0.0061727283,0.006212693,0.0061344025,0.0063477126,0.0058264104,0.0066186306,0.005865228,0.0058066663,0.005904999
2023-05-04,0.007675868,0.0074962047,0.007683974,0.007489365,0.007881995,0.0074297604,0.007516649,0.0078783,0.007629898,0.007523578,0.0077202288,0.007841419,0.007880803,0.007812705,0.0080155395,0.0075467494,0.00828306,0.0075278697,0.0074746725,0.007560533
2023-05-05,0.009465706,0.0093074255,0.00948244,0.0093962215,0.009305712,0.009283211,0.009325143,0.009689625,0.009440016,0.009332489,0.0095403455,0.0096529685,0.009692084,0.009622987,0.009804722,0.009302031,0.010049876,0.009353425,0.009284284,0.009370368
2023-05-08,0.0073886034,0.0071496484,0.0073289094,0.0072005955,0.00749087,0.0071526733,0.007174414,0.007544991,0.007290822,0.0072004315,0.007374164,0.0075081405,0.0075474796,0.0074823764,0.0076632765,0.007161435,0.007269707,0.007190731,0.00714637,0.0072336015
2023-05-09,0.0069404063,0.006855112,0.0070495126,0.006972578,0.0072381017,0.0068782237,0.006893736,0.0072542247,0.0070847836,0.0068832603,0.007039499,0.007217389,0.0072566536,0.0071859476,0.007372361,0.0069436696,0.0069433865,0.0068933633,0.0068539944,0.0069248346
2023-05-10,0.0069503007,0.006852281,0.0070577827,0.006994691,0.0072476235,0.0068857786,0.006872874,0.0072542247,0.007026267,0.0068760035,0.0070638624,0.006876793,0.0072566536,0.0071881977,0.007366788,0.0069832173,0.0069373962,0.0069195596,0.006851029,0.0069042114
2023-05-11,0.006481495,0.0064237234,0.0066205678,0.006520447,0.006808501,0.0064287153,0.006436717,0.006810975,0.006589603,0.006443542,0.006647032,0.0067193476,0.0068135676,0.0067498204,0.006928113,0.0064926264,0.0065077064,0.0064686355,0.0064166007,0.006472927
2023-05-12,0.007796508,0.007568803,0.0077764955,0.0076274094,0.007947292,0.0075408784,0.0075758365,0.007947784,0.0076967147,0.0075657186,0.007779923,0.007888582,0.007950332,0.007882174,0.008082952,0.0075687733,0.00830571,0.0075968322,0.0075519052,0.0075996635
2023-05-15,0.008208137,0.007901248,0.008031424,0.007900875,0.008293103,0.007904749,0.007907998,0.008292165,0.008048292,0.008115586,0.008100849,0.008241814,0.008294832,0.008223649,0.008412864,0.007904645,0.00803652,0.007952582,0.007896479,0.007960837
2023-05-16,0.007166874,0.0068637547,0.0070184735,0.006858882,0.0072558788,0.0068699536,0.0068683443,0.0072542247,0.0069394973,0.0070594964,0.007077035,0.007207763,0.0072566536,0.007192996,0.0073727635,0.0068648276,0.0069581834,0.0069450107,0.006854978,0.006884244
2023-05-17,0.007146355,0.00685845,0.007033494,0.006868851,0.007256579,0.0068709967,0.006867048,0.0072542247,0.0069617596,0.007074323,0.0070636985,0.0072096703,0.0072566536,0.0071905074,0.007372972,0.0068671373,0.006951597,0.007020351,0.006855753,0.00689083
2023-05-18,0.0079415105,0.0076719043,0.007822301,0.0076786396,0.0077617434,0.0076940027,0.0076916334,0.008069824,0.0077954796,0.007886957,0.007903185,0.0080267005,0.008072313,0.008012053,0.008171003,0.007683587,0.00776827,0.0076844064,0.007684287,0.00770947
2023-05-19,0.007053402,0.006854501,0.006973755,0.006859046,0.007207182,0.006872174,0.0068779406,0.0072542247,0.007017624,0.007080805,0.007096824,0.007212427,0.0072566536,0.007190984,0.0073715863,0.006865185,0.006958556,0.006863382,0.0068616387,0.0068943915
2023-05-22,0.0070997593,0.00686371,0.007006314,0.0068660197,0.007241663,0.0068643955,0.006875646,0.0072542247,0.0069941995,0.0071212915,0.0070813266,0.007213172,0.0072566536,0.0071929214,0.007372972,0.0068742153,0.0069503603,0.006872293,0.0068570194,0.006909516
2023-05-23,0.007089701,0.006862652,0.006908488,0.0068652597,0.007250559,0.0068592844,0.0068570194,0.0072542247,0.0070344624,0.0071348813,0.007081982,0.0072137383,0.0072566536,0.007189837,0.007372108,0.006866556,0.0069294837,0.0068651405,0.0068551716,0.006904867
2023-05-24,0.008560907,0.008319493,0.008371305,0.008316096,0.008691471,0.008303907,0.008303966,0.008691695,0.00843538,0.008566793,0.008507904,0.008651074,0.008694481,0.008624505,0.008811023,0.008308958,0.008356806,0.008303788,0.00829443,0.008361068
2023-05-25,0.0058532027,0.005645123,0.005771887,0.005656105,0.0060317186,0.0056533185,0.0056507257,0.00603078,0.005834472,0.005884793,0.0058408645,0.005991083,0.0060332236,0.0059660343,0.0061487523,0.005646926,0.005678233,0.005644363,0.0056378213,0.005685192
2023-05-26,0.0070002493,0.006857526,0.0070693013,0.0068562147,0.0072564003,0.006878671,0.006876391,0.0072542247,0.007044789,0.007068616,0.0070893583,0.0072147963,0.0072566536,0.007191893,0.0073735532,0.0068732766,0.00694212,0.006902006,0.006855857,0.0068629053
2023-05-30,0.0050837663,0.0048815575,0.0050848243,0.0048815575,0.005278018,0.0048434106,0.00489397,0.005275112,0.005055886,0.0050855693,0.0051033315,0.005235624,0.0052774665,0.0052140024,0.005394366,0.0048963246,0.004966837,0.0049392697,0.004877266,0.0048883376
2023-05-31,0.007062596,0.006871548,0.0070320037,0.0068580476,0.007257682,0.0067926017,0.006866303,0.0072542247,0.006982949,0.00708681,0.0070913997,0.007215154,0.0072566536,0.0071898964,0.0073736426,0.0069014695,0.0069511053,0.0068665263,0.006853756,0.006868255
2023-06-01,0.0069067148,0.0068630097,0.0070249108,0.0068582115,0.007257965,0.006868374,0.006858003,0.0072542247,0.006974202,0.0071280566,0.0070884046,0.007215258,0.0072566536,0.0071900156,0.0073737022,0.0069067446,0.0069522974,0.0069272486,0.0068490026,0.0068823067
2023-06-02,0.007133883,0.0068722037,0.0070140776,0.0068590757,0.0072582928,0.006857109,0.0068616685,0.0072542247,0.007022884,0.0071277884,0.0068827686,0.0072153774,0.0072566536,0.0071888086,0.0073738364,0.007047471,0.0069531766,0.0069135544,0.0068524596,0.00689007
2023-06-05,0.008870732,0.008936774,0.0089383535,0.008781504,0.009175699,0.008782368,0.008784693,0.009171348,0.0089241825,0.009024736,0.008793261,0.009132784,0.009173881,0.009102371,0.009290736,0.00893518,0.00887328,0.008853819,0.008771967,0.008823644
2023-06-06,0.007153359,0.006863978,0.006991577,0.0068669585,0.0072586504,0.006866586,0.00686067,0.0072542247,0.0069935885,0.0071147946,0.0068787304,0.0072154966,0.0072566536,0.007184249,0.007373598,0.0070305136,0.006957796,0.0069495556,0.0068529365,0.0069123325
2023-06-07,0.0072167483,0.006852221,0.007007849,0.0068586883,0.0072587547,0.006873232,0.006867197,0.0072542247,0.0069756624,0.00709435,0.006859329,0.0072155413,0.0072566536,0.0071843383,0.007373613,0.0069543836,0.0069536087,0.006943312,0.0068534133,0.006911781
2023-06-08,0.009348404,0.009351131,0.009184923,0.009068381,0.009144764,0.009055238,0.009062823,0.00945377,0.009061839,0.009331983,0.0090557,0.009414595,0.009456422,0.009392571,0.0095569305,0.009151828,0.009153333,0.009057444,0.009055909,0.0090633
2023-06-09,0.0069477824,0.0071573225,0.0069937375,0.006854203,0.0069073555,0.0068568257,0.0069005457,0.0072542247,0.0068786857,0.0071238247,0.006875616,0.007215616,0.0072566536,0.007187721,0.00735597,0.0069928584,0.0069476184,0.006859046,0.006851491,0.0068864343
2023-06-12,0.007127699,0.0071562645,0.006969553,0.0068577346,0.007195842,0.00685465,0.006861266,0.0072542247,0.006934386,0.0071375635,0.0068748263,0.007215616,0.0072566536,0.007191938,0.007372063,0.0069215265,0.0069563505,0.00685617,0.00685164,0.0068763164
2023-06-13,0.00790083,0.007881176,0.007720184,0.007613149,0.007986825,0.0076202867,0.007603955,0.008004274,0.007703271,0.00789487,0.0076278565,0.007965367,0.008006897,0.007947292,0.008124124,0.0076705334,0.007708248,0.0076175896,0.0076147583,0.0076382575
2023-06-14,0.007974025,0.007956456,0.007814106,0.0076953885,0.008076783,0.007702735,0.007690978,0.008083504,0.007766199,0.007940453,0.007731479,0.008044552,0.008086052,0.008025389,0.008203652,0.0077570346,0.007783946,0.007701975,0.007696089,0.0077234325
2023-06-15,0.010588285,0.010559138,0.010474812,0.010323625,0.010702949,0.010327097,0.01031388,0.010705259,0.010427531,0.010529425,0.010349374,0.010666382,0.010707896,0.010647308,0.010825928,0.010402378,0.01040196,0.010325175,0.010319766,0.0103579275
2023-06-16,0.008598801,0.008592408,0.008457597,0.008348789,0.008718934,0.008351933,0.008342128,0.0087352805,0.008458283,0.008557972,0.008557033,0.008696239,0.008737933,0.008676242,0.008857276,0.008378562,0.008436557,0.008354079,0.008340355,0.008377101
2023-06-20,0.0075558242,0.007456687,0.0073694405,0.007325363,0.0077021685,0.007317197,0.0073023853,0.0077004847,0.007408288,0.0075457213,0.007527199,0.007661682,0.007702884,0.0076352474,0.007819619,0.007345688,0.0073631373,0.0073164073,0.0073025343,0.0074313846
2023-06-21,0.007145014,0.007073086,0.00701749,0.0068678227,0.0072568622,0.0068756756,0.0068542627,0.0072542247,0.0070056287,0.007050794,0.006910127,0.007214364,0.0072566536,0.0071913865,0.007373866,0.007001635,0.006893095,0.0068711457,0.006866854,0.006906521
2023-06-22,0.0076855686,0.007529777,0.0075304774,0.007369232,0.0077574966,0.0073762652,0.0073528406,0.00775398,0.0074914214,0.007515472,0.007522088,0.0076952544,0.0077566174,0.0076836464,0.007876288,0.00745019,0.0073914942,0.007373598,0.0073530045,0.007404041
2023-06-23,0.0071779606,0.0070479033,0.0070290086,0.006866899,0.0072581437,0.006880876,0.0068509844,0.0072542247,0.0069670347,0.006997314,0.006909978,0.007217389,0.0072566536,0.007183206,0.0073900786,0.0069185016,0.0075573144,0.0069549647,0.0068547246,0.0068906066
2023-06-26,0.00854231,0.008354213,0.008393731,0.008313816,0.008697834,0.008319061,0.008297127,0.008693378,0.008478191,0.008532118,0.008346852,0.00865623,0.00869609,0.008645978,0.008833166,0.0083283745,0.009101506,0.008594152,0.008301076,0.008413669
2023-06-27,0.007160586,0.0070542214,0.006936234,0.006861475,0.0072587994,0.0068740663,0.006854978,0.0072542247,0.0069863168,0.007101294,0.0068768975,0.007217389,0.0072566536,0.007200953,0.007392314,0.0068901596,0.007630777,0.006891903,0.0068605957,0.0069073555
2023-06-28,0.007509422,0.0071888086,0.0072525856,0.007180777,0.007571232,0.007143986,0.0071713296,0.007566419,0.007272896,0.0074526933,0.0072055277,0.0075285253,0.007569161,0.007506591,0.0077070263,0.0072022793,0.0079451315,0.0072409776,0.007173252,0.0072060046
2023-06-29,0.007192996,0.0070326594,0.0069227484,0.006867465,0.0072584567,0.006879237,0.006853175,0.0072542247,0.0069899973,0.0071393517,0.006880742,0.007217389,0.0072566536,0.007197526,0.007392284,0.006925073,0.007630315,0.006909561,0.006852385,0.0069029597
2023-06-30,0.007199016,0.0070606885,0.0069635776,0.006913152,0.0072366414,0.006870192,0.006854993,0.0072542247,0.006976959,0.007126373,0.0068918583,0.007217389,0.0072566536,0.00717352,0.0073929396,0.0069025722,0.0076338914,0.006886032,0.00685468,0.0068984744
2023-07-03,0.00720745,0.0069571254,0.006945696,0.006889042,0.0072590676,0.006842297,0.0068560657,0.0072542247,0.0070043025,0.0070924726,0.0068956283,0.007217389,0.0072566536,0.0071772602,0.007391986,0.0069066253,0.0076371995,0.0069307205,0.0068558124,0.006884974
2023-07-05,0.007193547,0.0068744984,0.0069601503,0.0068684337,0.0072591123,0.0068084714,0.0068556187,0.0072542247,0.0069825468,0.0071157184,0.0070426133,0.007217389,0.0072566536,0.00718407,0.0073918817,0.006892827,0.007636991,0.0069037494,0.0068587926,0.0068836478
2023-07-06,0.0072329906,0.006846365,0.0069449064,0.006871712,0.007259187,0.006814566,0.006852862,0.0072542247,0.0069654253,0.0070839194,0.007077661,0.007217389,0.0072566536,0.007181671,0.0073917923,0.0069085774,0.00764164,0.0069119153,0.00685316,0.006897655
2023-07-07,0.008036893,0.0076465574,0.007721689,0.007667866,0.008058857,0.007616934,0.0076513407,0.008053731,0.0077383635,0.007883575,0.007874783,0.008016359,0.008056369,0.007979017,0.008192223,0.0077217785,0.008445408,0.0076637086,0.0076560196,0.0077029434
2023-07-10,0.007485014,0.0071428833,0.0071966317,0.0071469215,0.0075331447,0.007098761,0.0071319607,0.0075280485,0.007256415,0.0073359576,0.007365328,0.0074903932,0.007530656,0.0074551073,0.0076670316,0.0072103557,0.0079157315,0.0071476665,0.0071422276,0.007194769
2023-07-11,0.007198703,0.0070547876,0.0069569615,0.0068739024,0.007259336,0.006861445,0.006855693,0.0072542247,0.0069717136,0.007039082,0.0070785847,0.007217389,0.0072566536,0.0071739075,0.0073914346,0.0069230315,0.0076395688,0.006869417,0.0068548885,0.006965008
2023-07-12,0.0072054383,0.007071343,0.006956753,0.0068711755,0.007259306,0.006869104,0.006856155,0.0072542247,0.00698058,0.0070612547,0.0068944064,0.007217389,0.0072566536,0.00717507,0.007391375,0.0069176224,0.0076407907,0.006916326,0.0068544564,0.006928962
2023-07-13,0.005840507,0.005743396,0.005693194,0.00554682,0.005934563,0.005545136,0.0055323956,0.005929422,0.005650234,0.0057430235,0.005555731,0.005891618,0.0059320596,0.005848345,0.0060678837,0.005677995,0.0063232896,0.0055684266,0.0055304137,0.00558978
2023-07-14,0.008889448,0.008795839,0.00864042,0.008571278,0.008966606,0.008582871,0.008567315,0.0089614205,0.00866225,0.008820113,0.008608814,0.00892387,0.008964013,0.008891936,0.0090999715,0.008642774,0.009348776,0.008599248,0.008565094,0.008604791
2023-07-17,0.008004244,0.0078412555,0.0077642915,0.0076438454,0.008040588,0.0076527414,0.0076367375,0.008035358,0.007791367,0.007875692,0.007816594,0.007997643,0.008037996,0.007960942,0.008173924,0.0077259955,0.008426961,0.0076524583,0.0076364544,0.0076739457
2023-07-18,0.007161197,0.007047009,0.007020366,0.0068641272,0.007259276,0.006891933,0.0068574813,0.0072542247,0.0070116487,0.007078555,0.007050958,0.007217389,0.0072566536,0.0071793017,0.007390958,0.006948453,0.0076430705,0.006870669,0.006855693,0.006893706
2023-07-19,0.009309437,0.009127911,0.00915968,0.008986395,0.009372514,0.008989792,0.008978527,0.009367552,0.009144332,0.009188663,0.009000238,0.009330239,0.009370085,0.009295162,0.009505626,0.009038817,0.009751599,0.008993443,0.008993518,0.0090438835
2023-07-20,0.0071865735,0.00701752,0.006968197,0.006858718,0.007258427,0.006870818,0.006855738,0.0072542247,0.0070121405,0.0071045426,0.0068605957,0.007217389,0.0072566536,0.0071761576,0.007390794,0.006884989,0.007642996,0.006908786,0.006855723,0.006931674
2023-07-21,0.0071579483,0.006859821,0.006995317,0.0068594483,0.0072366265,0.0068035093,0.006854635,0.0072542247,0.0070416,0.007110965,0.006854531,0.007217389,0.0072566536,0.007180345,0.0073914793,0.00688934,0.007643324,0.006918442,0.0068898913,0.0068941084
2023-07-24,0.0071438965,0.0068541584,0.0069783,0.0068710265,0.0072361496,0.0068102297,0.0068556485,0.0072542247,0.0069827256,0.007095274,0.0070410934,0.007217389,0.0072566536,0.007178646,0.007375222,0.006887835,0.006934297,0.0068969694,0.00691123,0.0069162813
2023-07-25,0.007184532,0.006861147,0.0069830683,0.006868702,0.0072577414,0.006811839,0.0068522957,0.0072542247,0.006984201,0.0071184007,0.0070494977,0.007217389,0.0072566536,0.0071788398,0.0073724953,0.0068903533,0.0068932143,0.0069132117,0.0068607447,0.0069126454
2023-07-26,0.0071845767,0.0068576005,0.0069387225,0.006863829,0.0072577414,0.006817844,0.0068533686,0.0072542247,0.0070247618,0.0071146158,0.0070725945,0.007217389,0.0072566536,0.0071863947,0.0073721525,0.0070504663,0.0068873134,0.006891456,0.0068610725,0.006910723
2023-07-27,0.007181939,0.0068928865,0.007028308,0.006890368,0.0072784987,0.006834474,0.006883335,0.0072748032,0.007036921,0.007126462,0.007106301,0.007237625,0.0072773662,0.007211339,0.0073928353,0.006982085,0.006910261,0.006949913,0.0068870005,0.0069159535
2023-07-28,0.009067919,0.008781534,0.008924495,0.008780118,0.009166252,0.008750599,0.008765053,0.009162631,0.008977216,0.009013828,0.00895546,0.009125795,0.009165149,0.00909498,0.009280499,0.008932184,0.008793365,0.008797836,0.0087717585,0.008858528
2023-07-31,0.008095007,0.007874604,0.00804938,0.007875424,0.008263286,0.007819261,0.007863324,0.008259665,0.008116435,0.008119058,0.007922109,0.007961687,0.008262228,0.008191075,0.008388307,0.007892307,0.008559566,0.007899921,0.0078683905,0.007932272
2023-08-01,0.007125568,0.006856304,0.0070387986,0.006866884,0.0072577414,0.0068574664,0.006869164,0.0072542247,0.0070950952,0.0071158973,0.006948319,0.0071705696,0.0072566536,0.0071867523,0.0073727486,0.0068885055,0.0069228676,0.006891918,0.0068615493,0.0069028405
2023-08-02,0.008959632,0.008631568,0.008778255,0.008630466,0.009020429,0.008581635,0.0086369775,0.0090167485,0.008780669,0.008840259,0.008761656,0.0089629255,0.009019401,0.008951616,0.00913481,0.008689653,0.008652639,0.008640658,0.008625414,0.008677404
2023-08-03,0.0072046784,0.0068615195,0.007056069,0.0068610576,0.0072577414,0.006790173,0.0068668392,0.0072542247,0.0071054515,0.007050481,0.0069382605,0.0072079715,0.0072566536,0.0071874973,0.007371944,0.0069073406,0.0068835285,0.0069721458,0.006861579,0.00687575
2023-08-04,0.008574795,0.008230519,0.008378144,0.008229177,0.008625682,0.00816923,0.008228179,0.008622076,0.008486401,0.008409914,0.008302938,0.008578848,0.008624654,0.008555096,0.008740913,0.008257758,0.008302119,0.008308228,0.008228179,0.008245643
2023-08-07,0.007171091,0.0068624434,0.007044208,0.0068619666,0.0072577414,0.006797087,0.0068698344,0.0072542247,0.0071128127,0.007065159,0.0069026467,0.0072121588,0.0072566536,0.007187989,0.0073731807,0.0068972525,0.0069334176,0.0069652763,0.0068687317,0.006886911
2023-08-08,0.0072114435,0.0069396016,0.0070122,0.006859761,0.0069243875,0.0068503288,0.006869268,0.0072542247,0.00710642,0.007053387,0.0069050905,0.0072132167,0.0072566536,0.0071876612,0.00735667,0.006884646,0.006927517,0.0069284406,0.006881487,0.006889817
2023-08-09,0.007191327,0.006980997,0.0070328084,0.006860879,0.0068892506,0.006860089,0.0068714735,0.0072542247,0.007057157,0.0070598093,0.006900173,0.007213917,0.0072566536,0.007187676,0.0073552695,0.006899428,0.0069269356,0.0069162813,0.006872159,0.0068798927
2023-08-10,0.0075831083,0.0072512594,0.007432815,0.007245448,0.0075778184,0.0072393683,0.00725792,0.0076334593,0.007414919,0.007445675,0.007316899,0.007592928,0.0076361713,0.007568222,0.0077525196,0.007371035,0.007314187,0.0073251245,0.007250842,0.0072779623
2023-08-11,0.0072142747,0.0068664965,0.0070271757,0.0068675247,0.0072384295,0.006856319,0.0068610427,0.0072542247,0.0069950637,0.0070885387,0.006926429,0.007214811,0.0072566536,0.0071852324,0.0073733744,0.0069019166,0.006932762,0.006907564,0.0068731722,0.0069400785
2023-08-14,0.007219535,0.0068630693,0.0070317206,0.0068574813,0.0072489646,0.0068580327,0.006871235,0.0072542247,0.007042032,0.007091072,0.006896865,0.007215109,0.0072566536,0.0071887043,0.007373747,0.0069196937,0.0069321063,0.006920707,0.0068666306,0.006891441
2023-08-15,0.007226896,0.006911364,0.0070306477,0.0068607596,0.0072531966,0.0068583456,0.006866154,0.0072542247,0.007029277,0.0070935753,0.0069117513,0.0072153625,0.0072566536,0.0071855006,0.006959614,0.0068903086,0.006928962,0.006893557,0.0068678674,0.006901678
2023-08-16,0.007232037,0.006858867,0.007038471,0.0068581817,0.00725497,0.006869104,0.006862369,0.0072542247,0.00698961,0.006901693,0.0069041518,0.0072155264,0.0072566536,0.0071855006,0.0073438105,0.0069185165,0.007616591,0.0069197533,0.0068571535,0.0069326577
2023-08-17,0.00725497,0.0068635014,0.0070100394,0.006855604,0.007256266,0.0068110046,0.0068739024,0.0072542247,0.007021871,0.0068863896,0.0069145528,0.0072156903,0.0072566536,0.0071864245,0.0073827473,0.0068927226,0.0076775816,0.006873202,0.0068525043,0.0068858084
2023-08-18,0.0072471616,0.006875467,0.0070289043,0.006855276,0.0072571454,0.006802049,0.006854829,0.0072542247,0.0070270565,0.006889921,0.00689685,0.0072157946,0.0072566536,0.007187125,0.0073909727,0.0068759588,0.0076895324,0.0068815616,0.006857109,0.0068754074
2023-08-21,0.00761902,0.00724968,0.007406008,0.007237178,0.007637691,0.007176113,0.007243779,0.0076340702,0.007411894,0.0072520194,0.0072940257,0.0075948206,0.007636678,0.007566717,0.0077759293,0.0073289243,0.00807574,0.0072606173,0.0072381017,0.007285696
2023-08-22,0.007175919,0.007040125,0.0070552644,0.0068657813,0.006924343,0.006855395,0.0068609384,0.0072542247,0.0069851098,0.0068860617,0.007063803,0.0069324193,0.0072566536,0.007184517,0.007372093,0.0069644717,0.0076340553,0.006884944,0.0068631885,0.0068957773
2023-08-23,0.00686672,0.006594461,0.0065046814,0.006494519,0.006839585,0.0064781425,0.0064927456,0.006884542,0.006503996,0.0065269438,0.006717798,0.00679962,0.006887209,0.00680944,0.0070246574,0.0065678325,0.007312712,0.006545332,0.0064868894,0.006521475
2023-08-24,0.007222247,0.007025149,0.0068571386,0.006860104,0.007244226,0.006862831,0.0068566618,0.0072542247,0.0068586287,0.0068883863,0.0070710597,0.0072001186,0.0072566536,0.007181641,0.0073958305,0.00690065,0.007686999,0.0069259224,0.006856647,0.006876957
2023-08-25,0.008214962,0.008002799,0.0078375,0.007847186,0.008231398,0.007850807,0.0077937064,0.008232858,0.00784051,0.007864233,0.008074384,0.008186679,0.008235302,0.008165907,0.008375656,0.007865872,0.008661326,0.007872488,0.007864382,0.007866066
2023-08-28,0.0068169055,0.006656539,0.006470081,0.00646722,0.006864589,0.00647628,0.0064166603,0.006863263,0.006558102,0.006475654,0.0067442325,0.0068188575,0.006865856,0.006793272,0.0070073423,0.006475356,0.007303503,0.00651246,0.0064809886,0.006477636
2023-08-29,0.0072447625,0.0069344905,0.006863248,0.0068649617,0.007256728,0.006888282,0.0068637994,0.0072542247,0.006978121,0.006889161,0.007120904,0.0072116074,0.0072566536,0.007180613,0.007397425,0.006866109,0.007692483,0.006896567,0.0068575707,0.00688931
2023-08-30,0.008851927,0.008543875,0.00847986,0.008479323,0.008864757,0.008463364,0.008544769,0.008861195,0.008678522,0.008489978,0.008741345,0.008818876,0.008863922,0.008794587,0.009006362,0.008481976,0.009297442,0.0084866695,0.008468505,0.00848655
2023-08-31,0.007215273,0.006897491,0.006875795,0.006866899,0.0072582182,0.0068352935,0.0068361727,0.0072542247,0.0071111587,0.0068873432,0.0071292487,0.0072131273,0.0072566536,0.0071823564,0.007397708,0.0068690595,0.0076913503,0.0068978188,0.0068568704,0.006890219
2023-09-01,0.0072191474,0.006930825,0.006875646,0.0068646637,0.0072586653,0.0068555144,0.0068552312,0.0072542247,0.006873664,0.0068776724,0.0071308133,0.0072135595,0.0072566536,0.0071841595,0.0073968587,0.006868657,0.007638362,0.0068952707,0.006870669,0.0070629385
2023-09-05,0.00719766,0.006991994,0.00687353,0.0068696854,0.007258889,0.0070781377,0.0068648425,0.0072542247,0.006876406,0.0068875966,0.0071167615,0.007213902,0.0072566536,0.007184547,0.0073968885,0.006869581,0.0076391515,0.0068966863,0.0068696705,0.007082638
2023-09-06,0.0072225747,0.006976929,0.00689387,0.0068713394,0.007259142,0.0071041104,0.0068406877,0.0072542247,0.0068642017,0.0069068787,0.0071452972,0.007214081,0.0072566536,0.0071758,0.0073968736,0.0068675843,0.0076397774,0.006889936,0.006855559,0.0071187136
2023-09-07,0.007205766,0.0068666902,0.006875139,0.006867212,0.007259321,0.007111844,0.0068009314,0.0072542247,0.006862831,0.0068980423,0.007134479,0.007214096,0.0072566536,0.0071814475,0.007396933,0.0068982956,0.0076405224,0.0069124666,0.0068628755,0.0071204123
2023-09-08,0.006003794,0.0056453017,0.0056434837,0.0056415466,0.0060419557,0.0058948365,0.005631205,0.0060366807,0.0056451824,0.005669978,0.005931538,0.0059958217,0.0060392884,0.005965781,0.006165501,0.005662259,0.005832222,0.0057398495,0.0056374935,0.0058919457
2023-09-11,0.007229027,0.006877121,0.0068758396,0.006869775,0.007259455,0.007119831,0.006853905,0.0072542247,0.006875899,0.006966215,0.0071390537,0.0071897623,0.0072566536,0.0071773645,0.007387039,0.0068749604,0.0070927856,0.0068829623,0.0068540988,0.007117298
2023-09-12,0.0071778265,0.0068717715,0.0068777767,0.0068719056,0.0072595594,0.0068957326,0.00686143,0.0072542247,0.0068731573,0.006912258,0.0071318713,0.0072157946,0.0072566536,0.0071790484,0.007382509,0.006947097,0.0071152267,0.0069201854,0.006862533,0.007097837
2023-09-13,0.006557327,0.00622749,0.006193441,0.0061858413,0.006579098,0.0061920253,0.0061901775,0.0065737334,0.0061803428,0.0062085357,0.0064562527,0.006535482,0.006576192,0.006492403,0.0067143855,0.0062445966,0.0069076386,0.0062586186,0.0061803875,0.006396678
2023-09-14,0.007180896,0.0069143143,0.0068730083,0.006872725,0.0072595594,0.007094961,0.006869015,0.0072542247,0.006888297,0.006881234,0.007107806,0.0072159586,0.0072566536,0.007173654,0.0073968587,0.0069349376,0.0076316562,0.006937411,0.006864887,0.0070555327
2023-09-15,0.007192519,0.006903049,0.0068766293,0.0068758694,0.0072594252,0.0071123955,0.006865036,0.0072542247,0.0068841693,0.006880414,0.0071311262,0.0072159884,0.0072566536,0.007175651,0.007397127,0.0068937656,0.0076374677,0.0069150743,0.0068588075,0.007075858
2023-09-18,0.008791175,0.008680519,0.008683469,0.008698504,0.009071153,0.008668687,0.008667987,0.009066623,0.008686524,0.008682247,0.008923229,0.009028193,0.00906929,0.008994576,0.00921021,0.008766886,0.0094462745,0.009138893,0.008670758,0.008928474
2023-09-19,0.007197377,0.007053074,0.006880444,0.0068687615,0.0072331247,0.0070872423,0.0068283495,0.0072542247,0.007010859,0.0068864194,0.0069117513,0.007216063,0.0072566536,0.007181373,0.0073976186,0.0068894145,0.007634994,0.0069868383,0.006858301,0.0069277254
2023-09-20,0.007212457,0.0070779887,0.0068681506,0.006863129,0.007233527,0.0071090725,0.006821778,0.0072542247,0.007042226,0.0068942425,0.0068775234,0.0072160778,0.0072566536,0.0071793613,0.007397544,0.006882396,0.007635188,0.00732055,0.0068540988,0.006909546
2023-09-21,0.008972313,0.00884093,0.00867356,0.0086598955,0.009037834,0.008680042,0.008592006,0.0090331845,0.008824866,0.00869019,0.008656841,0.008994769,0.009035792,0.008961882,0.009154197,0.008675601,0.008719023,0.009084027,0.008641895,0.00867356
2023-09-22,0.008002397,0.008100491,0.007946324,0.007926431,0.007978808,0.007952895,0.007924166,0.008316334,0.008170497,0.00795899,0.008122411,0.008278232,0.008318868,0.008247357,0.008072477,0.007933658,0.007998984,0.0080438815,0.007923212,0.0081542395
2023-09-25,0.0072366265,0.0073352423,0.007179719,0.007176068,0.007221293,0.007200983,0.00717431,0.007567924,0.0074385223,0.0072602597,0.007398915,0.0075295535,0.0075705317,0.007495892,0.0072668907,0.0071812537,0.007220727,0.007363212,0.007182446,0.007435721
2023-09-26,0.006909412,0.007027161,0.0068711904,0.0068577793,0.0068875966,0.006903392,0.0068559614,0.0072542247,0.0070401845,0.006897148,0.0068818745,0.0072160778,0.0072566536,0.0071787504,0.0069088754,0.006990772,0.006906372,0.006989446,0.0068506566,0.0071175513
2023-09-27,0.007139903,0.0069709835,0.0068458435,0.0068283197,0.0068387804,0.0068770763,0.006815177,0.007220548,0.0069537577,0.006870207,0.006836575,0.0071814326,0.0072232303,0.007146102,0.006923538,0.0069021103,0.0069371876,0.0069415835,0.0068322537,0.006912422
2023-09-28,0.006937769,0.007078108,0.006874573,0.006860253,0.0068792817,0.006877702,0.006864768,0.0072542247,0.006923866,0.0069174436,0.006871682,0.0072159735,0.0072566536,0.007177916,0.0069255647,0.0069091883,0.0069391397,0.007181954,0.0068612364,0.007057559
2023-09-29,0.006370273,0.006392565,0.0063470867,0.0063266126,0.0063358066,0.0063433317,0.00632019,0.006712314,0.0063931462,0.006397572,0.006329384,0.0066735563,0.006714877,0.0066394475,0.0063760844,0.006546956,0.006389898,0.006683972,0.0063305316,0.0065616635
2023-10-02,0.0077588526,0.0078090546,0.0077341315,0.007707235,0.0077140746,0.007719111,0.0077109155,0.008088719,0.007794943,0.0077281413,0.0077054915,0.008049082,0.008091327,0.0080208,0.008126896,0.007871669,0.007773441,0.008089077,0.007700142,0.007948335
2023-10-03,0.0071766195,0.0069441614,0.006903675,0.006862935,0.0068473187,0.006862071,0.00686298,0.0072542247,0.0069868234,0.006912392,0.0068752435,0.007188004,0.0072566536,0.0071808663,0.007342812,0.0068613705,0.006937456,0.007259008,0.0068553803,0.0071037677
2023-10-04,0.007207733,0.00693756,0.0068719354,0.0068594334,0.006876808,0.0068817255,0.006867763,0.0072542247,0.006941688,0.0068904427,0.006884959,0.007217389,0.0072566536,0.0071821776,0.007347536,0.0068514314,0.0069400338,0.007251915,0.006852251,0.0071117845
2023-10-05,0.007873472,0.007848602,0.007784751,0.0077765402,0.0078066853,0.0077849147,0.0077784774,0.00816391,0.007899519,0.007816996,0.0077980724,0.008126434,0.008166593,0.008097272,0.008264225,0.007908251,0.007859942,0.008070227,0.0077546206,0.008028921
2023-10-06,0.011348214,0.011309456,0.011333507,0.011260029,0.011585411,0.011246573,0.011263754,0.011649977,0.011376079,0.011291947,0.01129457,0.011613172,0.011652719,0.011580121,0.011769827,0.011256244,0.011343133,0.011687856,0.011214104,0.011526819
2023-10-09,0.006916356,0.0069908616,0.0070110825,0.006859195,0.006904554,0.0068733213,0.006870222,0.0072542247,0.0069257882,0.006878164,0.006905046,0.007217389,0.0072566536,0.007181239,0.0073610214,0.00685468,0.006932598,0.007261899,0.0068544564,0.007121992
2023-10-10,0.0069177267,0.0069596437,0.007056695,0.006858256,0.006844681,0.006865066,0.006876093,0.0072542247,0.00690892,0.006896597,0.006917071,0.007217389,0.0072566536,0.007179525,0.007357937,0.0068577197,0.0069964346,0.0069435355,0.0068414775,0.007116076
2023-10-11,0.006933969,0.0069801924,0.00702278,0.0068623987,0.006853905,0.006930944,0.0068723527,0.0072542247,0.0070036766,0.006899011,0.0068963584,0.007217389,0.0072566536,0.007183906,0.00735974,0.006858882,0.0069835153,0.006958273,0.006849822,0.0071012047
2023-10-12,0.006962639,0.0069697467,0.0068788794,0.0068602827,0.00688405,0.00698809,0.006870207,0.0072542247,0.006988373,0.0068818447,0.006888908,0.007217389,0.0072566536,0.0071849194,0.007363003,0.0069329706,0.006956753,0.0070695993,0.0068458584,0.007101786
2023-10-13,0.010158103,0.01015852,0.010066371,0.010065358,0.0100880675,0.010150295,0.010074165,0.0104548745,0.010165166,0.01009592,0.010088664,0.010417383,0.010457601,0.010385003,0.01019768,0.010118764,0.010162558,0.010253292,0.010056164,0.01031157
2023-10-16,0.007126492,0.0071844873,0.00732125,0.0070995954,0.0070886877,0.0072085527,0.0071001765,0.007487711,0.007133883,0.0071130362,0.0071111587,0.007450801,0.007490259,0.007418331,0.0075478223,0.0071445373,0.0072051105,0.0071658907,0.0070788977,0.007358801
2023-10-17,0.0068893847,0.0069654253,0.007065576,0.0068620113,0.006864768,0.0068960157,0.0068880436,0.0072542247,0.006979969,0.0068849293,0.0068819937,0.007217389,0.0072566536,0.00718255,0.007348132,0.0070610014,0.0069621173,0.0069555906,0.0068461415,0.0071453867
2023-10-18,0.0070514497,0.007025775,0.0069553223,0.0068704453,0.0068658856,0.006892931,0.0068746177,0.0072542247,0.0070320037,0.00690214,0.0069270846,0.007217389,0.0072566536,0.0071831015,0.007372555,0.006965157,0.007571247,0.00696547,0.0068535176,0.007090625
2023-10-19,0.007025641,0.0069934693,0.0070065227,0.006871682,0.0071807024,0.006895539,0.0068696258,0.0072542247,0.007004943,0.006883469,0.006921035,0.007217389,0.0072566536,0.00718562,0.007396829,0.006981459,0.0076215384,0.006934878,0.006849718,0.007073712
2023-10-20,0.003795248,0.0036050496,0.0036189524,0.0034807292,0.0038340655,0.0035061357,0.0034728316,0.003862497,0.0036203084,0.0034730402,0.003489044,0.003825557,0.003864896,0.0037895408,0.0040092585,0.003465083,0.0042512235,0.0035490957,0.0034553227,0.0036533442
2023-10-23,0.007320997,0.0072052,0.007161018,0.006983858,0.007346478,0.006954354,0.006975588,0.0073600677,0.007087317,0.0069907275,0.006989133,0.0073225317,0.007362735,0.007282358,0.007510182,0.007022601,0.0077564386,0.007000637,0.0069590774,0.0070424196
2023-10-24,0.0072280583,0.006927621,0.007050198,0.006879103,0.0072465804,0.006849271,0.0068708626,0.0072542247,0.0069680777,0.0068931994,0.006895092,0.007217389,0.0072566536,0.007175025,0.0074045327,0.0068965075,0.0076847044,0.0068910536,0.0068490324,0.006929171
2023-10-25,0.0071882275,0.0071116057,0.00701676,0.006872636,0.0072500077,0.006882262,0.0069016186,0.0072542247,0.007001352,0.006933969,0.0068988022,0.007217389,0.0072566536,0.007176381,0.0074050394,0.0068802354,0.0076874313,0.006896418,0.0068523404,0.0069303927
2023-10-26,0.007728305,0.0076715616,0.007639554,0.007415962,0.0078117815,0.007431325,0.007424277,0.007813539,0.007501569,0.0074457494,0.0074463007,0.0077761677,0.007816102,0.0077392873,0.007965606,0.0074998257,0.008248311,0.007451844,0.0074136374,0.007496577
2023-10-27,0.007147756,0.0071206507,0.0070676175,0.0068543074,0.007254016,0.0068725315,0.006863263,0.0072542247,0.006967884,0.00687803,0.00689761,0.007217389,0.0072566536,0.007181656,0.0074055013,0.006906968,0.0076902774,0.006914955,0.00685237,0.0069664535
2023-10-30,0.0076809046,0.0075981584,0.0076187816,0.007343915,0.0077365306,0.0073376563,0.0073450175,0.0077354577,0.007481527,0.007356879,0.0073578623,0.007698339,0.007738006,0.0076691774,0.007887136,0.007409778,0.008166697,0.0073736873,0.007342112,0.0074009267
2023-10-31,0.0072015044,0.007138398,0.0070933816,0.006855276,0.007255968,0.0068779406,0.006875452,0.0072542247,0.006985348,0.0068758694,0.0068773297,0.007217389,0.0072566536,0.00718106,0.0074054864,0.006889474,0.007689726,0.006908205,0.006850448,0.006903645
2023-11-01,0.0072268513,0.0071392623,0.0070879725,0.0068642762,0.007256117,0.006857645,0.006860998,0.0072542247,0.006856185,0.007098895,0.0069411662,0.007217389,0.0072566536,0.007178035,0.007403564,0.006883886,0.0076377955,0.0069029597,0.0068526533,0.006900769
2023-11-02,0.010189202,0.010117527,0.010052513,0.009833511,0.010204729,0.009835076,0.009838935,0.010220524,0.009975176,0.009861033,0.009869348,0.01018339,0.010223132,0.0101506375,0.010339748,0.009862345,0.010607731,0.00985327,0.009821486,0.009891968
2023-11-03,0.010413375,0.010305192,0.01025648,0.010048326,0.0104150735,0.010051023,0.010048475,0.010433789,0.010235097,0.0100829415,0.010082077,0.010397207,0.010436367,0.010362279,0.010548245,0.010211896,0.010818224,0.010071214,0.010036673,0.010124844
2023-11-06,0.008671861,0.008592527,0.008554276,0.00831021,0.008679058,0.008310001,0.00829808,0.008695941,0.008520972,0.0083398335,0.008328419,0.008658972,0.00869837,0.008620527,0.008812021,0.008337107,0.0090845935,0.008333158,0.008296695,0.008409467
2023-11-07,0.0072364477,0.007141572,0.0071074036,0.00685766,0.0072387275,0.0068743792,0.0068857786,0.0072542247,0.007036608,0.0068942574,0.0068835584,0.007217389,0.0072566536,0.007178527,0.0073700068,0.006892842,0.007646945,0.0068898615,0.0068501798,0.006933373
2023-11-08,0.007269528,0.007106599,0.007068601,0.0068577197,0.0072335866,0.00689764,0.0069407043,0.0072542247,0.007006955,0.0068858084,0.006886598,0.007217389,0.0072566536,0.007175606,0.007363927,0.006923091,0.007641506,0.006920722,0.0068559763,0.006923583
2023-11-09,0.007266071,0.007133004,0.0070695844,0.0068716374,0.0072333184,0.006864947,0.0068748114,0.0072542247,0.0069716987,0.006884229,0.0068888334,0.007217389,0.0072566536,0.0071764854,0.007361081,0.0068919775,0.0076408354,0.006902125,0.006852251,0.006952327
2023-11-10,0.007252839,0.007130679,0.0070293364,0.006872293,0.0072335717,0.0068723825,0.0070454595,0.0072542247,0.0070157615,0.0068734107,0.0069016633,0.007217389,0.0072566536,0.0071774987,0.007395145,0.006938961,0.007641044,0.0069029448,0.006856051,0.0069298563
2023-11-13,0.0070815203,0.0072581437,0.0071829525,0.007000905,0.0073774275,0.007014465,0.0069443253,0.0073976633,0.0071790037,0.006993082,0.007019874,0.0073605147,0.0074001667,0.0073305783,0.0075390902,0.0070422855,0.007783499,0.00708082,0.0070134965,0.00703409
2023-11-14,0.006895539,0.007084903,0.0071196374,0.0068553207,0.007234317,0.006870803,0.007097539,0.0072542247,0.007042673,0.0070402143,0.0069065806,0.007217389,0.0072566536,0.0071869907,0.007394996,0.006878656,0.007640716,0.006903377,0.006853935,0.0068992344
2023-11-15,0.0068853465,0.0070229736,0.0070808646,0.0068636653,0.0072369096,0.0068549183,0.0068800417,0.0072542247,0.0070107994,0.0070974794,0.006909516,0.007217389,0.0072566536,0.0071832505,0.0073949215,0.0068934676,0.007641059,0.006949034,0.0068670628,0.006915417
2023-11-16,0.007828783,0.007971924,0.007985558,0.007802483,0.008188497,0.007790577,0.007877555,0.008183565,0.007949438,0.007999282,0.0078695975,0.008145805,0.008186173,0.008119505,0.00832535,0.007826205,0.008565169,0.00788952,0.007807311,0.007840287
2023-11-17,0.0068952856,0.007095587,0.0070648906,0.006858763,0.0072272685,0.006852102,0.0068762717,0.007246789,0.007058468,0.007012364,0.0069554714,0.0072094915,0.0072493968,0.0071745035,0.0073884693,0.006952223,0.0076276627,0.0069130925,0.0068611023,0.0068977294
2023-11-20,0.00693908,0.0071634618,0.007144746,0.0068851677,0.007249337,0.006875616,0.006892961,0.0072603193,0.0070409146,0.0070620445,0.0069984314,0.0072227684,0.0072628227,0.0071951714,0.007402849,0.0069103357,0.0076355604,0.006909665,0.0068757352,0.0069574234
2023-11-21,0.008690145,0.008755129,0.008663263,0.0084810965,0.008841496,0.008469086,0.008481722,0.008854266,0.008584987,0.008694958,0.008592214,0.008816864,0.008856829,0.008786764,0.00899623,0.008521002,0.009226736,0.008493807,0.00846697,0.008532446
2023-11-22,0.0030365256,0.0031476137,0.003163409,0.0029471037,0.00332455,0.0029394892,0.0029557166,0.003340554,0.0030958918,0.003156301,0.0030103442,0.003303778,0.0033429381,0.0032652137,0.0034797904,0.0030012843,0.003716391,0.0029872772,0.0029549566,0.0029773382
2023-11-24,0.0069554118,0.007054251,0.0070798513,0.006861579,0.0072379825,0.006855991,0.006870639,0.0072542247,0.0070264903,0.0070578572,0.0069160727,0.007217389,0.0072566536,0.007179704,0.007360902,0.006911349,0.0076197204,0.0068934974,0.006870505,0.006902736
2023-11-27,0.0070499,0.0069949743,0.007116523,0.00685243,0.0072393683,0.0068562147,0.0068548736,0.0072542247,0.0069403765,0.0071171043,0.006894004,0.007217389,0.0072566536,0.007185873,0.007390645,0.0068871197,0.0076109287,0.0068838117,0.0068518785,0.006894436
2023-11-28,0.0070715067,0.0070169237,0.006951016,0.006852713,0.0072382507,0.0068551865,0.0068649915,0.0072542247,0.0069979248,0.007102054,0.006919023,0.007217389,0.0072566536,0.0071826545,0.0073905704,0.0068926034,0.0075975177,0.0069405106,0.006858897,0.0069141653
2023-11-29,0.0072282073,0.0069785235,0.0071013984,0.0068540988,0.007238057,0.006852251,0.0068595675,0.0072542247,0.00702807,0.0070383367,0.006910291,0.007217389,0.0072566536,0.0071770814,0.007391688,0.0068669436,0.00761829,0.0068836627,0.0068726507,0.0069224057
2023-11-30,0.008127224,0.0079158805,0.007953968,0.0077469316,0.008135717,0.0077349064,0.0077434746,0.0081320815,0.00788508,0.007955115,0.0078060445,0.008094948,0.00813457,0.008059632,0.008269604,0.007756558,0.0084920935,0.0077566174,0.007746872,0.007802349
2023-12-01,0.0102219395,0.010023128,0.010057729,0.009834927,0.010225292,0.009829383,0.009833362,0.010221716,0.009927403,0.010024529,0.009963881,0.010185014,0.010224219,0.01014873,0.0103583895,0.009843361,0.010578465,0.009851228,0.009838995,0.009868275
2023-12-04,0.007305902,0.007050973,0.007100281,0.0068592397,0.0072577414,0.0068591204,0.006854844,0.0072542247,0.0070314226,0.006968659,0.006927517,0.007217389,0.0072566536,0.007174578,0.0073906747,0.006868702,0.007616472,0.006895509,0.006869,0.006910172
2023-12-05,0.007282507,0.007132199,0.0070157466,0.0068500605,0.0072577414,0.0068532196,0.0068527428,0.0072542247,0.0069727716,0.0069996533,0.0069122133,0.007217389,0.0072566536,0.007174399,0.0073906747,0.0068660793,0.007616472,0.0068955687,0.0068505523,0.006895494
2023-12-06,0.0072760996,0.007144463,0.0070668724,0.006855708,0.0072577414,0.0068531004,0.00685769,0.0072542247,0.006996241,0.0070158807,0.006942865,0.007217389,0.0072566536,0.0071736095,0.0073906747,0.0068702516,0.007616472,0.006886807,0.006855261,0.006923896
2023-12-07,0.007287022,0.0071410504,0.0070109037,0.0068509397,0.0072577414,0.0068553207,0.006856811,0.0072542247,0.006997314,0.0070159403,0.0069040474,0.007217389,0.0072566536,0.0071754274,0.0073906747,0.006872487,0.007616472,0.0068854657,0.0068595526,0.006909531
2023-12-08,0.007275593,0.0069406894,0.006925997,0.0068476317,0.0072577414,0.0068521616,0.006856632,0.0072542247,0.006950524,0.0070834723,0.0069364575,0.007217389,0.0072566536,0.0071764407,0.0073906747,0.006873232,0.007616472,0.006915581,0.0068589565,0.0068850336
2023-12-11,0.007234421,0.006914493,0.007092085,0.006848153,0.0072577414,0.00685918,0.0068628457,0.0072542247,0.007006314,0.0070128855,0.0069120196,0.007217389,0.0072566536,0.0071817753,0.0073906747,0.0068701473,0.007616472,0.006893393,0.00687274,0.0069020507
2023-12-12,0.0072580692,0.0069658873,0.007080477,0.0068501947,0.0072577414,0.0068550524,0.006868061,0.0072542247,0.007003915,0.0070335683,0.0068967757,0.007217389,0.0072566536,0.007176724,0.0073906747,0.0068763313,0.007616472,0.0068788496,0.006870326,0.0069106487
2023-12-13,0.007641655,0.007265639,0.0073521254,0.007205006,0.0076116887,0.007203665,0.007207569,0.0076080677,0.0073163477,0.007458341,0.007306021,0.0075708595,0.007610616,0.0075258133,0.0077451435,0.007225659,0.007971313,0.007227358,0.007212606,0.007273358
2023-12-14,0.0080215,0.00769369,0.0077645597,0.007567194,0.007970121,0.0075699654,0.0075827655,0.00796641,0.0077297357,0.0077713844,0.0076425043,0.007928755,0.007969078,0.007887464,0.008104723,0.0075916764,0.0083301775,0.0076031354,0.0075823036,0.0076605794
2023-12-15,0.005849656,0.0054915366,0.005606663,0.005395737,0.005800989,0.00539754,0.0054107574,0.005797383,0.005607691,0.005515468,0.0054529575,0.0057606366,0.005799797,0.005720299,0.005933684,0.0054173884,0.0061613587,0.0054395166,0.005395558,0.005465102
2023-12-18,0.006564718,0.006193426,0.006282654,0.0061184433,0.00651094,0.0061057624,0.006107804,0.0065073636,0.00627571,0.0062835035,0.006187704,0.006470692,0.0065098223,0.006431025,0.0066437987,0.006122392,0.0068692532,0.006143686,0.0061178473,0.00625084
2023-12-19,0.009429779,0.009100985,0.009166639,0.008983474,0.009376522,0.008978438,0.008989822,0.0093728565,0.009130519,0.009150531,0.009046342,0.00933544,0.009375583,0.009297829,0.009510916,0.009003725,0.009732898,0.009017881,0.008995067,0.00908668
2023-12-20,0.0072696325,0.006920841,0.007022437,0.0068175313,0.007213008,0.006807339,0.006817904,0.007209402,0.006967437,0.006960836,0.0068548736,0.007172492,0.0072119352,0.007132676,0.0073460755,0.006830361,0.0075708297,0.0068441,0.0068400023,0.0068934676
2023-12-21,0.0065539745,0.0061421213,0.006276336,0.0060959277,0.006496769,0.006094199,0.006095719,0.006493103,0.006267008,0.006279391,0.0061183837,0.0064561483,0.006495577,0.0064197746,0.00663,0.006110501,0.006855857,0.0061313626,0.0061045554,0.0061764685
2023-12-22,0.006823477,0.0064585474,0.006558698,0.006368038,0.0067662266,0.0063603786,0.006371793,0.0067626503,0.006547284,0.006524649,0.006387588,0.0067255166,0.0067651686,0.006685492,0.0068996814,0.0063781557,0.0071270433,0.006396186,0.006373447,0.0064177033
2023-12-26,0.007298213,0.007035297,0.007046875,0.0068607745,0.0072577414,0.0068533984,0.0068642762,0.0072542247,0.007005271,0.0070385453,0.0068956134,0.007217389,0.0072566536,0.007173997,0.0073906747,0.0068773,0.007616472,0.006884229,0.006863561,0.006941688
2023-12-27,0.0073023406,0.007059258,0.0070071337,0.006853324,0.0072577414,0.0068484363,0.0068663326,0.0072542247,0.0069504944,0.0070703444,0.00692704,0.007217389,0.0072566536,0.0071782586,0.0073906747,0.006871548,0.007616472,0.0068826643,0.0068658707,0.0069119153
2023-12-28,0.0072981236,0.0070207086,0.0070777205,0.0068609086,0.0072577414,0.0068487492,0.006859165,0.0072542247,0.00700238,0.0070518223,0.0068823514,0.007217389,0.0072566536,0.0071769324,0.0073906747,0.0068730977,0.007616472,0.0068832156,0.0068664965,0.0069091436
