date,EWX,HAP,AME,AZO,NMI,ABT,GIS,PRFZ,EDD,FT,IVE,SWZ,BCML,RWL,MSD,DLS,TJX,NAN,CHD,EWU
2009-02-19,0.0075754207,0.0076693576,0.0074035805,0.007492421,0.0074845087,0.0074655246,0.007461233,0.007585136,0.007460667,0.0074657183,0.007546885,0.0076304805,0.0072449427,0.0076689404,0.0074965935,0.007672293,0.0074568074,0.0074826907,0.007504238,0.0075605344
2009-02-20,0.007538153,0.0075715613,0.007466046,0.0074744504,0.0074798297,0.007469384,0.007462276,0.007584689,0.007472096,0.0074845683,0.0075486135,0.0075713377,0.0075048637,0.0076072942,0.007503329,0.007612882,0.007460324,0.007483823,0.0075069647,0.0074943434
2009-02-23,0.006075589,0.0061486494,0.0060477983,0.0059967767,0.005930094,0.005975662,0.005976109,0.006050704,0.0059578996,0.005993856,0.006015716,0.0060761105,0.0057248306,0.006121723,0.005990742,0.0061406028,0.005973218,0.005916653,0.0060162377,0.0060416292
2009-02-24,0.0075739305,0.00768484,0.007507397,0.0074786823,0.0073844027,0.007469965,0.007464526,0.0075404327,0.007441936,0.007458819,0.0075036865,0.0076010507,0.0072452556,0.0076552164,0.0074670743,0.00765845,0.0074548107,0.0073973667,0.0075051766,0.0075403135
2009-02-25,0.0075689685,0.007685868,0.0075451415,0.007499708,0.0074388366,0.007467119,0.007489903,0.0075509977,0.0074277353,0.0074740183,0.0075119566,0.0076016467,0.007247595,0.007664604,0.0074625295,0.007671727,0.0074594747,0.0074601155,0.007506458,0.0075380187
2009-02-26,0.0076199006,0.0076092314,0.0075324755,0.0074929427,0.00740896,0.007463677,0.0074643027,0.0075563323,0.007441176,0.007480992,0.0075173806,0.0075626057,0.007224275,0.0076321494,0.007459117,0.0076371264,0.0074737202,0.0074114334,0.0075000804,0.007548062
2009-02-27,0.005381806,0.0054810625,0.0053705107,0.0053025763,0.0052158367,0.0052577984,0.005249141,0.0053623,0.0052501094,0.00528693,0.005321784,0.0053598266,0.0050585847,0.005474193,0.0052747857,0.005480258,0.005275501,0.005210651,0.005224375,0.0053572487
2009-03-02,0.007574899,0.007685883,0.0075469594,0.0075011235,0.0074676257,0.0074742567,0.0074673276,0.007558508,0.007469533,0.0074916463,0.0075207483,0.00753711,0.0072532576,0.0076735,0.0074792486,0.0076727998,0.0074679535,0.0074720215,0.007391019,0.007553173
2009-03-03,0.0075718444,0.0076702815,0.007519422,0.00736597,0.0074254405,0.007458074,0.0074684303,0.007560862,0.007447792,0.0074931663,0.0075181853,0.0075487923,0.0072538387,0.007671548,0.0074678343,0.007672755,0.0074661355,0.007395027,0.007393835,0.0075532924
2009-03-04,0.0076166075,0.0076741707,0.0075646024,0.0074582677,0.0073982906,0.007452978,0.0074643027,0.0075661372,0.007443575,0.007487936,0.007524891,0.0075537544,0.0072543453,0.007673634,0.007469086,0.007676704,0.0074608307,0.0074007194,0.0074013453,0.0075491797
2009-03-05,0.0075660776,0.007686181,0.0074696075,0.0074991863,0.0074014943,0.0074569415,0.007496489,0.0076099318,0.0074460637,0.007484479,0.007524891,0.007553024,0.0072546434,0.0076720696,0.007475732,0.007676987,0.0074602347,0.0073981117,0.007485179,0.0075479727
2009-03-06,0.0064130407,0.0065353345,0.006369723,0.006315468,0.0063313823,0.0063147973,0.006347714,0.006476445,0.006309895,0.006301759,0.0063803177,0.0064091366,0.0061071645,0.006529955,0.0063406955,0.0065341275,0.0063126367,0.0063043814,0.006353868,0.0063956063
2009-03-09,0.00563675,0.0057550203,0.005596144,0.0055653136,0.0055561494,0.005540086,0.0055683535,0.0057036113,0.005539475,0.005497841,0.0056018364,0.005640654,0.0053354334,0.0057512354,0.0055716466,0.0057578366,0.0055392217,0.0055612307,0.0055802744,0.005621774
2009-03-10,0.007548256,0.0076874774,0.0074679386,0.00746092,0.0074777883,0.0074606966,0.007487057,0.007629318,0.007460369,0.007436065,0.00752048,0.00755067,0.007255314,0.007673247,0.007492153,0.0076806527,0.007460339,0.007498009,0.0075044464,0.007534547
2009-03-11,0.0075656455,0.0076518934,0.007486103,0.0074605923,0.007476492,0.0074606817,0.007461084,0.007602183,0.0074603986,0.007419614,0.0075218063,0.0075448435,0.007255478,0.007674141,0.0074967872,0.007681502,0.007460339,0.007480515,0.0075068306,0.0075445157
2009-03-12,0.0074918102,0.007591648,0.007375596,0.007460458,0.0074597728,0.007456092,0.0074469876,0.0076028537,0.0074518155,0.0074384194,0.007517649,0.007531209,0.007508008,0.0076087695,0.007485343,0.007616056,0.0074603837,0.007484911,0.007507352,0.0075482856
2009-03-13,0.00848916,0.008511899,0.008353395,0.008443816,0.008442773,0.00842577,0.008427901,0.008588625,0.008442132,0.0084251445,0.008503227,0.008516608,0.0084881615,0.008590786,0.008480383,0.0085971635,0.008443771,0.008466912,0.008489726,0.0085297655
2009-03-16,0.007283477,0.0075968187,0.007467134,0.007460354,0.007459713,0.0074536335,0.007457299,0.0076625925,0.00745569,0.007432578,0.007554872,0.0075248163,0.0072434973,0.007658316,0.007491274,0.0076745134,0.0074604284,0.0075460207,0.0075092893,0.0075363945
2009-03-17,0.008742986,0.008718697,0.008683665,0.008620096,0.008619783,0.008611767,0.0086203795,0.008791832,0.008605195,0.008599905,0.008681817,0.008686734,0.008402271,0.008834733,0.008657036,0.008844329,0.008620052,0.008709086,0.008558704,0.008690504
2009-03-18,0.007898403,0.007865412,0.007848127,0.007813079,0.00781293,0.0078027826,0.007836251,0.007982744,0.007807968,0.0077804755,0.007871492,0.007872937,0.0075727534,0.00798334,0.007844983,0.007992087,0.007813213,0.007902412,0.007726742,0.007887451
2009-03-19,0.0075588506,0.0075002145,0.0074382704,0.007499827,0.007460056,0.0074779224,0.007494284,0.007632224,0.007450266,0.007447837,0.0075256806,0.007536305,0.0072261374,0.0076318216,0.0074848216,0.0076333415,0.0074604284,0.0075555723,0.0075054895,0.0075359177
2009-03-20,0.005329592,0.0053500365,0.005298985,0.005333049,0.005279748,0.005293576,0.005314378,0.005436046,0.0052533727,0.005269794,0.005381642,0.0053732973,0.0053350907,0.0054415446,0.005291743,0.005443169,0.0053120833,0.0053601693,0.005351169,0.0053512435
2009-03-23,0.00715716,0.007087944,0.0070289653,0.0071033966,0.007029472,0.0071248394,0.0070780795,0.007184146,0.0070339423,0.007048754,0.0071539413,0.007131515,0.006848065,0.0072606783,0.0070554595,0.0072021764,0.007045714,0.0071757417,0.007118417,0.0071242284
2009-03-24,0.0075649302,0.00750312,0.0074776392,0.0074868333,0.0074599367,0.007540224,0.0074860584,0.007601438,0.0074760746,0.007465495,0.007522298,0.0075404327,0.0072604697,0.0076725166,0.0075623374,0.007612942,0.0074594,0.0075844955,0.0075317454,0.007533489
2009-03-25,0.0064319354,0.0063702147,0.006349681,0.0063713323,0.0063218605,0.0064147096,0.0063211154,0.0064657163,0.006335167,0.006322382,0.006385235,0.006411804,0.0061240625,0.0065408777,0.006431071,0.006474657,0.006320296,0.0064848345,0.0063968133,0.006410433
2009-03-26,0.0075406116,0.0074893963,0.0074792337,0.007501973,0.007483823,0.007543681,0.0074607115,0.00756423,0.0074610393,0.0074631255,0.0075248163,0.007553203,0.0072404277,0.007634757,0.007565273,0.00757253,0.0074655693,0.0075459313,0.0075260233,0.0075484794
2009-03-27,0.007567106,0.007506905,0.007497711,0.007494254,0.007464556,0.0075737964,0.007460488,0.0075663906,0.007473452,0.007448254,0.0075666737,0.00755143,0.007268144,0.007675169,0.0075755846,0.0075729024,0.0074600857,0.007610617,0.007523475,0.0075478684
2009-03-30,-0.0052388776,-0.0052851904,-0.005285131,-0.005322816,-0.005324872,-0.0052252878,-0.005324604,-0.0052188504,-0.005320953,-0.00533426,-0.005262049,-0.0052477736,-0.0055074263,-0.0051316787,-0.005176084,-0.005211534,-0.0053247977,-0.005195113,-0.005253779,-0.0052384306
2009-03-31,0.0075623672,0.00752124,0.007485358,0.0074613225,0.0074599218,0.0075665247,0.007460369,0.0075660627,0.0074685495,0.0074454676,0.0075240564,0.007540552,0.0072712433,0.007675929,0.007630272,0.0075683426,0.0074604284,0.0076223444,0.007519169,0.007550774
2009-04-01,0.007564081,0.007506935,0.0074967872,0.0074608605,0.0074595343,0.00756274,0.007460339,0.0075683873,0.0074435156,0.007430775,0.007525159,0.0075371545,0.007271437,0.0076743346,0.0076250564,0.007567508,0.007460354,0.0075938534,0.0075168144,0.007550476
2009-04-02,0.007885231,0.007826982,0.007725535,0.007778717,0.007778151,0.007886989,0.007778419,0.007886125,0.0077673476,0.0077914577,0.007845042,0.007857082,0.0075891297,0.007998807,0.007949514,0.007891161,0.007778434,0.007911352,0.007841168,0.0078727435
2009-04-03,0.0075670015,0.007521821,0.0073808264,0.0074605476,0.007459564,0.0075715315,0.007460354,0.007567538,0.007446019,0.0074434113,0.0075255316,0.007548718,0.0072737914,0.007675631,0.007626815,0.007570429,0.0074604433,0.007610379,0.007523058,0.007558478
2009-04-06,0.0075647514,0.00753483,0.0073900204,0.007460488,0.007460056,0.007567061,0.007460354,0.007567657,0.0074536186,0.0074542295,0.0075276326,0.007558016,0.0072739404,0.007681189,0.007623164,0.00757025,0.0074605923,0.007618455,0.007517649,0.0075549465
2009-04-07,0.0075642,0.0075475406,0.007377131,0.007460458,0.007460026,0.0075718295,0.007460354,0.0075712185,0.0074720066,0.007506771,0.007526366,0.0075647812,0.0072740894,0.0076809507,0.0076302867,0.007572634,0.007460667,0.007622374,0.0075172912,0.0075600278
2009-04-08,0.010234086,0.010221032,0.010145454,0.010129554,0.010147361,0.010235844,0.010129435,0.010236172,0.010154946,0.010139255,0.010194091,0.010222418,0.0099413525,0.010341419,0.01029597,0.010237886,0.010171486,0.010282038,0.010193093,0.010228364
2009-04-09,0.006232215,0.0062003117,0.006068198,0.0061204266,0.0061299186,0.0062223654,0.0061311256,0.006225271,0.006117521,0.0061165374,0.0061872583,0.006223051,0.0059346836,0.0063421708,0.0062883776,0.0062353145,0.0061231684,0.006251542,0.0060620736,0.006211413
2009-04-13,0.0075656157,0.0075525474,0.0073722433,0.0074604433,0.007457746,0.0075537097,0.0074782055,0.0075656753,0.007449819,0.007439656,0.0075223874,0.007556243,0.007274283,0.007674424,0.007600246,0.0075747054,0.0074609797,0.0075866412,0.007378904,0.007547794
2009-04-14,0.0075659286,0.0075598788,0.0074769687,0.0074604433,0.0074376743,0.0075469594,0.00747378,0.0075633507,0.00744891,0.007459743,0.0075237583,0.0075564217,0.007274328,0.007673992,0.0076057743,0.0075745713,0.007460965,0.0075880717,0.0073740464,0.0075516384
2009-04-15,0.006429268,0.0064341854,0.0063562673,0.006325064,0.0063236337,0.006413443,0.0063388627,0.0064252894,0.0063182097,0.006348176,0.006388573,0.0064233374,0.006137429,0.0065390747,0.006471498,0.006439073,0.006333826,0.0064100157,0.006242795,0.006404234
2009-04-16,0.0075638127,0.0075575095,0.0074930172,0.007460518,0.007454766,0.0075609814,0.0075307023,0.007558508,0.00745265,0.007453887,0.0075255167,0.007563142,0.007274417,0.0076782983,0.0076040607,0.007574467,0.0074607115,0.00757022,0.007386474,0.0075447243
2009-04-17,0.007982207,0.007935761,0.007873191,0.007822825,0.007846041,0.007928474,0.007870881,0.007930053,0.007824717,0.007821275,0.00789207,0.007920785,0.007636113,0.0080434065,0.007984219,0.00792831,0.007822974,0.007947234,0.007853536,0.007910265
2009-04-20,0.0071391743,0.00713302,0.0070655476,0.0070207994,0.0070388,0.007114304,0.007064415,0.007125957,0.0070441794,0.0070123356,0.007084636,0.007119892,0.0068341177,0.0072343927,0.007193489,0.007130457,0.007021023,0.0071685296,0.006950943,0.0071108174
2009-04-21,0.008398009,0.008443339,0.008398561,0.008348523,0.008378489,0.008415369,0.008396549,0.008453114,0.008365748,0.008340312,0.008409707,0.0084435325,0.008411093,0.008504627,0.008461414,0.00845675,0.008348776,0.00845827,0.008261053,0.00843179
2009-04-22,0.0069026183,0.006967766,0.006875841,0.006863145,0.006929038,0.006947575,0.0069116186,0.006964607,0.0068846475,0.0068480056,0.0069266986,0.006952135,0.0066672694,0.0070747864,0.0070364904,0.006967915,0.0068678986,0.0069363695,0.0067754667,0.0069591086
2009-04-23,0.0053467583,0.005364118,0.0052686315,0.0052551758,0.0052606147,0.0053271484,0.005283458,0.005354462,0.0052423608,0.0052275043,0.0053162854,0.0053420793,0.0053114425,0.005411176,0.005363552,0.005361108,0.0052553844,0.0053174477,0.005171938,0.005349351
2009-04-24,0.007491557,0.0075680297,0.007470457,0.007460518,0.0075406414,0.007551385,0.0075145196,0.007552905,0.007445229,0.0074329358,0.007515533,0.007542832,0.0072580706,0.0076654684,0.007605253,0.007561205,0.007470144,0.007539181,0.0073715877,0.0075546335
2009-04-27,0.007379694,0.0075548124,0.0074669104,0.007460473,0.007545067,0.007517634,0.0075065773,0.0075489264,0.0074465554,0.0074643176,0.007515041,0.0075458568,0.007233916,0.007623611,0.007552026,0.007549746,0.007454945,0.007528929,0.007366387,0.0075519066
2009-04-28,0.0074929427,0.007569028,0.0074550044,0.0074604135,0.007585315,0.0075439196,0.007491512,0.0075529944,0.00745341,0.007454006,0.0075148772,0.007542802,0.0072637927,0.007665975,0.0076100957,0.007553218,0.0074609797,0.007577477,0.007466225,0.007529525
2009-04-29,0.007519407,0.007570846,0.007457001,0.0074603986,0.007530285,0.0075139087,0.007496355,0.0075567197,0.0074561816,0.0074739736,0.007520912,0.0075495224,0.0072404873,0.0076315086,0.0075571965,0.0075555574,0.0074602794,0.0075484645,0.0074776392,0.007524831
2009-04-30,0.0077573787,0.007836727,0.0077210497,0.007724745,0.007881282,0.007819487,0.0077628326,0.007815031,0.00771421,0.007727636,0.007779075,0.007806329,0.007531969,0.007944522,0.007863594,0.007824061,0.007726727,0.007846488,0.0076607,0.0077879857
2009-05-01,0.0075327586,0.0075637084,0.00745946,0.007460503,0.0075746905,0.0075544696,0.0075062495,0.0075466316,0.007446496,0.007443933,0.0075154435,0.0075424444,0.0072687548,0.0076636057,0.0075898897,0.007544948,0.0074602794,0.007592557,0.007369755,0.0075320434
2009-05-04,0.007793067,0.00786948,0.007765187,0.007762043,0.007885156,0.00786045,0.0078029614,0.007853268,0.0077479314,0.0077465754,0.007822497,0.007851301,0.0075737666,0.007972775,0.0079105925,0.007858185,0.007762043,0.0079074185,0.0076654833,0.007823227
2009-05-05,0.007488085,0.0075600874,0.007468624,0.0074606817,0.0075779837,0.0075480174,0.0074922275,0.007557599,0.0074886065,0.0074602496,0.0075196456,0.0075560343,0.0072725397,0.007670654,0.0076526534,0.0075602364,0.007460652,0.007615028,0.007365389,0.0075122844
2009-05-06,0.0069192033,0.0069826525,0.006905077,0.0068931114,0.0070432853,0.0069837105,0.006929664,0.006988419,0.006930677,0.006908862,0.006957365,0.0069948416,0.006704537,0.0071080904,0.0070943516,0.006997077,0.006893156,0.007017566,0.006829215,0.0069502126
2009-05-07,0.0070884656,0.0071626734,0.007087825,0.0070711207,0.007209925,0.007147176,0.0071029197,0.0071613174,0.0071091484,0.007053597,0.0071355086,0.0071656536,0.0068836343,0.0072746556,0.007270513,0.00717452,0.0070711654,0.0071786176,0.006982399,0.0071254354
2009-05-08,0.0088632535,0.008931411,0.008853344,0.008836551,0.0089430045,0.008922113,0.008869393,0.008937208,0.0088834,0.008766634,0.008899746,0.008938191,0.008647261,0.009046195,0.0090486985,0.008939741,0.008836551,0.008981926,0.008751301,0.0088940095
2009-05-11,0.007721139,0.007745398,0.0077019017,0.0076797437,0.0077833068,0.007764859,0.007705329,0.007770164,0.0077477824,0.0076879393,0.0077428203,0.007775558,0.0074916165,0.007880239,0.007905377,0.0077741574,0.0076757055,0.007824136,0.0075958055,0.0077224206
2009-05-12,0.007516397,0.007505683,0.0074756574,0.0074606817,0.0075668674,0.0075443964,0.0074868333,0.0075523835,0.007526396,0.00748281,0.007519556,0.007554112,0.007273225,0.0076624583,0.0076906364,0.0075522494,0.0074573737,0.00762455,0.0073728543,0.007505683
2009-05-13,0.007529868,0.0075451564,0.0074878763,0.007460667,0.0075637978,0.0075351726,0.0075030904,0.0075579267,0.0075303596,0.0074593704,0.0075213592,0.0075561386,0.0075692814,0.0076051336,0.0076253545,0.0075523686,0.0074603837,0.0075787585,0.0074258577,0.007505862
2009-05-14,0.007506339,0.0075515937,0.007485671,0.0074606817,0.007495297,0.0075229835,0.007497592,0.007556839,0.007537512,0.0074774753,0.0075224023,0.0075377654,0.007506294,0.0075977426,0.0076140147,0.007545529,0.007457597,0.0075536203,0.0074184965,0.007504223
2009-05-15,0.0075636636,0.0074932408,0.007483987,0.0074606817,0.0074986946,0.007532997,0.0074999314,0.0075592976,0.007501228,0.0074683707,0.0075217914,0.007545991,0.007475538,0.007600112,0.007617099,0.0075457375,0.0074611288,0.0075304043,0.007415695,0.0074880105
2009-05-18,0.00757323,0.007491259,0.007476924,0.0074606817,0.007499231,0.0075374674,0.007504968,0.00756572,0.0075216126,0.0074439626,0.007526098,0.007544784,0.0075442027,0.0076016765,0.007617591,0.007548956,0.007461069,0.0075538587,0.007399259,0.0074955802
2009-05-19,0.0075762104,0.0075062197,0.0074783545,0.007460667,0.0075062197,0.0075024944,0.007507516,0.0075660776,0.007529853,0.0074722897,0.0075276922,0.0075469296,0.00755368,0.007563947,0.0075767916,0.007556079,0.007460637,0.007473735,0.0073927473,0.00751826
2009-05-20,0.007961048,0.007964311,0.007902859,0.007887764,0.007911978,0.0078940075,0.007924406,0.007989107,0.007942183,0.007879851,0.007961078,0.007986171,0.0079556685,0.00799307,0.008004157,0.007969959,0.0078891795,0.007900907,0.007820575,0.0079338085
2009-05-21,0.007555796,0.0075142365,0.007472871,0.0074605774,0.00747378,0.0074759405,0.007504834,0.007559685,0.0075288992,0.0074579697,0.0075265896,0.007547794,0.007518364,0.007562859,0.007571591,0.007541312,0.0074578654,0.007470159,0.0073788147,0.00751066
2009-05-22,0.005341826,0.0053155255,0.005269943,0.0052417796,0.0053347927,0.0052797776,0.0052881967,0.005340351,0.0052860063,0.0052199494,0.005305795,0.005340634,0.005314259,0.0053433757,0.005339129,0.005329473,0.00523646,0.005303828,0.005166484,0.005290119
2009-05-26,0.0059505235,0.005880801,0.005864201,0.0058498364,0.0059237164,0.0058917385,0.005894972,0.0059466045,0.0059006643,0.0058323275,0.005910976,0.0059449654,0.005933864,0.0059501063,0.0059549343,0.0059295725,0.005844308,0.005909143,0.0058559906,0.0058899354
2009-05-27,0.007522462,0.0074596386,0.0074828546,0.0074607413,0.0075299274,0.0074842703,0.0074931215,0.007559417,0.0075442474,0.007446436,0.007526098,0.007560609,0.0075007807,0.0075654667,0.007567657,0.0075353365,0.007455064,0.0075192135,0.0074903946,0.0075105857
2009-05-28,0.0077908617,0.0077561717,0.0077194553,0.00768259,0.0077342074,0.007703049,0.007709993,0.007782979,0.007753564,0.007674752,0.0077465754,0.0077818763,0.0077227484,0.007789789,0.007795496,0.007684229,0.0076815914,0.0077691805,0.0077028554,0.0077342372
2009-05-29,0.0075679254,0.007466702,0.0074983817,0.007459311,0.007544933,0.007492332,0.0074851047,0.007561205,0.007520197,0.00749564,0.007523952,0.007564811,0.0075414013,0.007563947,0.007393701,0.0075142365,0.0074539464,0.0075462144,0.0074943136,0.00750695
2009-06-01,0.006088583,0.006043954,0.006018756,0.005977465,0.006056292,0.0060110968,0.0060040336,0.0060839783,0.0060701203,0.0059863757,0.0060441922,0.0060851406,0.0060620885,0.0060850214,0.0058847796,0.0060516875,0.0059744697,0.0060668867,0.006012274,0.0060173105
2009-06-02,0.007564483,0.007531775,0.0074944925,0.00745262,0.0074871015,0.007482333,0.0074774753,0.0075644087,0.007553501,0.0074631553,0.0075200778,0.0075326245,0.007532982,0.0075611603,0.0075245034,0.0075389277,0.00745645,0.0074754935,0.007484881,0.007502718
2009-06-03,0.0075647514,0.007509617,0.007490037,0.007456569,0.0075434726,0.0074774753,0.0074733775,0.0075650048,0.007559864,0.0074367356,0.007522894,0.00755438,0.0075630527,0.0075584333,0.0075536054,0.0075287204,0.0074574035,0.007506756,0.0074837487,0.007498203
2009-06-04,-0.0024860222,-0.0025154967,-0.0025719572,-0.002595963,-0.0025277454,-0.0025650132,-0.0025773216,-0.0024877358,-0.0025055278,-0.0025155414,-0.0025257338,-0.0024915207,-0.0024909992,-0.0024884213,-0.0024948437,-0.0025098938,-0.0025960375,-0.0025378782,-0.0025634188,-0.0025314111
2009-06-05,0.009255497,0.009207888,0.009167267,0.00914198,0.009236498,0.009190453,0.009173734,0.009246854,0.0092220735,0.009192033,0.009211091,0.009247435,0.009253932,0.009245319,0.009240417,0.009218929,0.009141875,0.009219898,0.009183971,0.009197591
2009-06-08,0.009067042,0.00901611,0.008979617,0.008958397,0.00904621,0.008995367,0.008976368,0.009063406,0.009026749,0.009006141,0.009025527,0.009046448,0.009066833,0.009056596,0.009065105,0.009037791,0.008955268,0.0090491455,0.008990465,0.009012071
2009-06-09,0.00757098,0.0075173657,0.007469697,0.0074560624,0.0075486284,0.007476924,0.0074644964,0.007558299,0.0075218063,0.0074615013,0.0075281393,0.007560177,0.0075779837,0.0075587165,0.0075664204,0.007525636,0.0074545424,0.0075518023,0.0074827652,0.007495297
2009-06-10,0.007567374,0.0075318795,0.007460354,0.0074546617,0.0075490456,0.007474391,0.007465316,0.0075608473,0.00754611,0.00747904,0.0075259786,0.007563932,0.007580353,0.0075574648,0.0075718146,0.007544128,0.0074519943,0.00757174,0.007475136,0.00749862
2009-06-11,0.007510064,0.0075348895,0.007475985,0.0074598175,0.007548867,0.0075047296,0.0074863713,0.007564811,0.007548971,0.0074388664,0.0075203907,0.0075665694,0.0075745266,0.007558165,0.00757174,0.0075505357,0.0074540954,0.007575957,0.0075100195,0.0075101983
2009-06-12,0.007048933,0.007024778,0.006976722,0.00695063,0.0070377868,0.0069974344,0.0069797914,0.0070566516,0.007038353,0.0070001166,0.0070171785,0.007045744,0.007063864,0.007050557,0.0070605706,0.0070455503,0.006944416,0.0070664864,0.007001562,0.0069071483
2009-06-15,0.006432591,0.00644633,0.0063907485,0.006372584,0.006426109,0.0064230543,0.0063985866,0.00648324,0.0064457785,0.006465731,0.0064380746,0.0064753126,0.006471766,0.006450368,0.006483434,0.006460903,0.0063764434,0.0064603817,0.0064201187,0.006431965
2009-06-16,0.0075552147,0.0075369906,0.00746776,0.00745338,0.0074652415,0.007476492,0.007486744,0.0075612348,0.00747375,0.0075486433,0.0075168144,0.007558761,0.0075264405,0.007551877,0.0075630676,0.007536469,0.007459296,0.007508723,0.007469712,0.007527007
2009-06-17,0.007565571,0.0075377207,0.007538406,0.0074587,0.0075409394,0.0075217616,0.0074929874,0.007562561,0.0075432938,0.007561831,0.0075184684,0.007550938,0.007257445,0.007533608,0.007567508,0.007537974,0.007471515,0.0075728875,0.0074855965,0.0075105857
2009-06-18,0.007553084,0.0075166505,0.0075256955,0.007486416,0.007546259,0.0075243395,0.0074935686,0.0075391214,0.007532118,0.0075623374,0.00750543,0.0075659137,0.0072547775,0.007539315,0.0075449776,0.007529972,0.007484464,0.0075674485,0.007500155,0.0075028073
2009-06-19,0.007557003,0.007506443,0.007537959,0.007472126,0.0075417887,0.007526649,0.0074993204,0.0075518917,0.0075631123,0.007563902,0.007522447,0.007566599,0.007249726,0.007522164,0.0075398367,0.0075110923,0.0074855816,0.007544754,0.007505564,0.007467596
2009-06-22,0.0058439653,0.0058306884,0.0057916027,0.005792631,0.0057711285,0.005766658,0.0057981294,0.005850641,0.005771635,0.005867554,0.0058222245,0.00586435,0.00578299,0.005818216,0.0058301967,0.005832402,0.0057875346,0.0057618003,0.0058107805,0.0057946127
2009-06-23,0.007529242,0.0075359177,0.0075337123,0.007490916,0.0075632613,0.0075439196,0.00747302,0.0075497013,0.007560728,0.00755967,0.007513253,0.0075523388,0.007244928,0.007543398,0.0075113755,0.0075354557,0.0074539613,0.0075588804,0.007499246,0.0074998867
2009-06-24,0.008112369,0.008095888,0.00808206,0.008042408,0.008078052,0.008076919,0.008055104,0.008120773,0.008088751,0.008118866,0.008084102,0.008128939,0.008085726,0.008118881,0.008087067,0.008114366,0.00803232,0.00807449,0.008067874,0.008078588
2009-06-25,0.006065948,0.0060862135,0.006075142,0.006008072,0.006109385,0.006082041,0.0060188156,0.0060871076,0.006158082,0.006097911,0.0060438793,0.0060891043,0.005783079,0.0060853343,0.0060151946,0.006081609,0.006012855,0.0061127227,0.0060530882,0.006050987
2009-06-26,0.0053803604,0.0053902846,0.005353911,0.005370183,0.0053822678,0.005360855,0.0053312015,0.005381597,0.005388854,0.0054076444,0.0053417813,0.0054014456,0.005062936,0.0053805094,0.005318938,0.0053435843,0.005338682,0.005386932,0.0053548496,0.0053393524
2009-06-29,0.008361025,0.008387489,0.008394016,0.00835043,0.008414267,0.008393316,0.008326022,0.008365525,0.008423192,0.008405162,0.008326782,0.00839336,0.00808893,0.008363007,0.008328555,0.008347092,0.008307589,0.008434175,0.008359043,0.008320747
2009-06-30,0.0075344723,0.0075101983,0.0074991565,0.007490335,0.0075374227,0.007517142,0.007484434,0.007518841,0.0075476,0.0075532924,0.0074961316,0.007556675,0.007221399,0.007514192,0.0075132083,0.0074929576,0.0074616205,0.007524295,0.0074259024,0.0074628126
2009-07-01,0.00752726,0.0075217616,0.007579593,0.0074878763,0.0075454544,0.0075576287,0.007480545,0.007528482,0.007618604,0.0075491797,0.0075045656,0.0075585674,0.0072493386,0.0075228494,0.0074957144,0.007496072,0.007468654,0.0075692516,0.0074236374,0.0074653756
2009-07-02,0.0075184237,0.007509662,0.007562382,0.007498501,0.0075362455,0.007529525,0.0074578207,0.0075221043,0.007600529,0.007522268,0.0074886214,0.0075291526,0.007250471,0.007518662,0.007477073,0.0074824523,0.0074565243,0.007553844,0.0074549895,0.00746019
2009-07-06,0.0075446498,0.0075411033,0.0075671803,0.007501928,0.0075689387,0.0075336974,0.007449342,0.007533176,0.0076110493,0.0075582396,0.007507248,0.0075281095,0.0072512757,0.007537691,0.0075269323,0.0075105857,0.007462023,0.00758685,0.0074949246,0.007501213
2009-07-07,0.0075431447,0.0075419825,0.007547764,0.0075004827,0.0076079797,0.0075274836,0.0074630063,0.007537348,0.007591663,0.007562889,0.0075101834,0.007524101,0.007251678,0.0075395685,0.007507993,0.007524861,0.0074546915,0.007583378,0.0075004976,0.0075122844
2009-07-08,0.007519705,0.0075393748,0.007540373,0.0075033586,0.0076058935,0.0075336527,0.007469503,0.0075344574,0.007609157,0.007518811,0.00751072,0.0075327735,0.0072520357,0.0075380486,0.0074706357,0.0075139683,0.00746621,0.0075836014,0.007512627,0.007499857
2009-07-09,0.0075157564,0.0075348746,0.007530151,0.007503433,0.007529093,0.007465003,0.007485656,0.0075487327,0.0075513553,0.007504655,0.007511748,0.0075508337,0.00751148,0.0075365137,0.007468758,0.0075354557,0.007457448,0.007512225,0.007492332,0.007496519
2009-07-10,0.007497249,0.007542623,0.0075382125,0.007523684,0.007565422,0.0075528454,0.0075324904,0.0075526964,0.0076137614,0.007494686,0.0075235944,0.0075432938,0.0072488915,0.007541923,0.0074286144,0.0075421464,0.0074829143,0.0075201523,0.0075200032,0.0075139087
2009-07-13,0.00721973,0.0072859507,0.007229222,0.007193325,0.007240681,0.0071454477,0.007187141,0.007225869,0.0072848927,0.0071618687,0.0071982723,0.007207779,0.006915791,0.007220952,0.007155074,0.0072199535,0.007146416,0.0072234403,0.0071781557,0.007185025
2009-07-14,0.007520629,0.0075416397,0.0075365584,0.0075193327,0.007498352,0.0074914675,0.0074973684,0.00755292,0.007538868,0.0074534994,0.0075256806,0.0075383764,0.00750312,0.00754386,0.0074891727,0.007544784,0.0074792933,0.007525487,0.0075163227,0.007503776
2009-07-15,0.010699494,0.010761483,0.010705261,0.010685889,0.010641215,0.0106906425,0.010710089,0.01071517,0.010695426,0.010619802,0.010686381,0.010690687,0.010382174,0.010708375,0.010672985,0.010713978,0.010648249,0.010665564,0.010685174,0.010669066
2009-07-16,0.0075320136,0.007611556,0.007581128,0.0074833166,0.007494552,0.007511465,0.0075514894,0.0075499844,0.0075661223,0.007454185,0.007532431,0.0075179767,0.007244287,0.0075484198,0.007445259,0.007619424,0.007473437,0.007480098,0.0075259935,0.0075288545
2009-07-17,-0.0029878635,-0.0028148312,-0.0029378105,-0.0029433835,-0.0029664654,-0.002998637,-0.0029194523,-0.0029027034,-0.0029053409,-0.0030022133,-0.002928676,-0.0029666293,-0.003201114,-0.0029188562,-0.0030225534,-0.0028418768,-0.0029825736,-0.0029532034,-0.0029375274,-0.0029387046
2009-07-20,0.0062570553,0.006416438,0.006356625,0.006316511,0.006263716,0.006247936,0.006292401,0.006344823,0.0063189548,0.006259961,0.006332768,0.0063049775,0.006026564,0.0063556414,0.0062146615,0.006430207,0.0062772464,0.0063042324,0.0063182544,0.00634232
2009-07-21,0.007539658,0.007601453,0.007540269,0.0075346213,0.00746019,0.007459147,0.007547004,0.0075564813,0.0074970257,0.007461218,0.007526962,0.0074987095,0.0075053107,0.0075510126,0.007501183,0.007568432,0.007467551,0.007503433,0.0074963253,0.0075079184
2009-07-22,0.0062478464,0.006362362,0.006308047,0.006220652,0.006157128,0.0061163735,0.0062270444,0.006259186,0.0062635373,0.0061527025,0.0062252264,0.0061548483,0.005947305,0.0062521677,0.0060667973,0.0063021015,0.0061749797,0.006171016,0.006188808,0.006269155
2009-07-23,0.010051278,0.010124637,0.010082303,0.009984372,0.009949489,0.00993727,0.010035066,0.010033948,0.01004268,0.009965671,0.0100105535,0.009999065,0.009736029,0.010041444,0.010006292,0.010056419,0.0099463,0.009970082,0.009988336,0.010043411
2009-07-24,0.0066900533,0.006717844,0.0067135375,0.0066146236,0.0065899026,0.0065930765,0.006636886,0.0066777896,0.00664453,0.006604431,0.0066560786,0.006642638,0.006641237,0.0066830497,0.0066629034,0.0066862833,0.0065960567,0.006611256,0.00664082,0.0066821408
2009-07-27,0.008939339,0.008983044,0.008949993,0.008879168,0.008842004,0.008839084,0.008936433,0.00893013,0.008904157,0.008841379,0.008903338,0.008858843,0.008604912,0.008926703,0.008922471,0.008922158,0.008851556,0.008840812,0.008889658,0.008922515
2009-07-28,0.0074258577,0.0075817835,0.0075767916,0.0075062644,0.00745943,0.0074543934,0.0075576287,0.007550312,0.007553695,0.0074619036,0.0075183343,0.007471917,0.0075060558,0.0075514894,0.00754836,0.007525338,0.0074690264,0.0074602794,0.0075063687,0.007523088
2009-07-29,0.0088413935,0.009098006,0.009079291,0.008964835,0.008917568,0.008899746,0.009054584,0.009007974,0.0090260785,0.00892566,0.0089799445,0.008957146,0.008706985,0.009013904,0.00898972,0.008983029,0.008928774,0.00891724,0.008960931,0.009041427
2009-07-30,0.0069760215,0.007182015,0.0071507823,0.0071037393,0.0070583504,0.0070319604,0.0071381014,0.0071477722,0.007133035,0.007047875,0.007118268,0.007088108,0.0068243574,0.0071452986,0.007142676,0.007122336,0.007057039,0.0070581865,0.007084487,0.007146446
2009-07-31,0.0063767117,0.0064378064,0.0064412933,0.006367488,0.00631292,0.006291805,0.0064091664,0.006406976,0.0064018946,0.0063081216,0.006373165,0.0063076597,0.0063652527,0.006400643,0.006410418,0.006370647,0.0063188206,0.0063125025,0.0063517224,0.0063996743
2009-08-03,0.009491621,0.009560285,0.009501053,0.009468405,0.00941111,0.009400887,0.009502662,0.009512259,0.009499101,0.009413211,0.009478865,0.0094130915,0.009176267,0.009504734,0.009518145,0.0094709825,0.009411288,0.009413702,0.0094162505,0.009507192
2009-08-04,0.007503642,0.007657869,0.0075391065,0.0075086784,0.0074586105,0.0074367505,0.0075950455,0.007562859,0.007568104,0.0074602943,0.0075263362,0.0074783843,0.007252006,0.007551132,0.0075308513,0.007519705,0.007452978,0.007460041,0.0074869376,0.007608054
2009-08-05,0.0074854027,0.0076485258,0.007537706,0.0075058173,0.0074601006,0.0074331444,0.0075887274,0.007555349,0.0075599533,0.0074548405,0.0075214636,0.0074950885,0.007254226,0.0075397473,0.007505564,0.0075181555,0.0074550193,0.0074593853,0.0074807536,0.0075971168
2009-08-06,0.0075034183,0.0075612795,0.007492913,0.0075095426,0.007460309,0.0074394774,0.0074976217,0.0075610857,0.0074779373,0.0074795466,0.0075183343,0.007507859,0.0074861627,0.0075528305,0.007507203,0.00752577,0.0074595045,0.007460011,0.0074888747,0.007514162
2009-08-07,0.007509304,0.007662682,0.007534994,0.00752501,0.0074596982,0.0074466,0.0076016914,0.0075617563,0.007562725,0.0074905287,0.007527394,0.0074982177,0.007254852,0.0075558703,0.0075023603,0.007527394,0.0074848514,0.007458953,0.0074973386,0.007597668
2009-08-10,0.007819323,0.00800526,0.007901741,0.00785674,0.0078133475,0.007772578,0.007933689,0.007893933,0.007906554,0.00781448,0.007852776,0.007857619,0.007595701,0.007882474,0.0077987295,0.007871864,0.007818548,0.007802395,0.007838128,0.007937638
2009-08-11,0.0075051915,0.0076623242,0.007561652,0.0075100493,0.007483868,0.00743155,0.007586999,0.0075567644,0.0075653773,0.0074860435,0.0075130295,0.007521374,0.0072555225,0.007548807,0.007479964,0.0075371247,0.0074583273,0.0074598026,0.007483674,0.007583691
2009-08-12,0.0058696996,0.0059034657,0.005867673,0.005861772,0.005839376,0.005774973,0.005848376,0.0059018414,0.005838735,0.0058698934,0.0058612805,0.005874468,0.0058352333,0.005900381,0.0058199596,0.005886091,0.005813835,0.0058044475,0.0058348607,0.005882023
2009-08-13,0.007520942,0.0076519083,0.007568253,0.0075282883,0.007473631,0.0074374657,0.00758454,0.007550625,0.0075546782,0.0074557792,0.0075182,0.007556079,0.0072553735,0.0075460505,0.0075015705,0.0075330716,0.0074718725,0.0074596684,0.007509617,0.0075569283
2009-08-14,0.008296413,0.008436678,0.008327244,0.008293284,0.008326514,0.008211477,0.008358208,0.00832556,0.008335708,0.008208988,0.008281587,0.008333949,0.0080286395,0.008311031,0.008290021,0.008312194,0.008245615,0.0082345735,0.008280424,0.008322431
2009-08-17,0.006936742,0.0069966596,0.006954832,0.0069096666,0.006965382,0.0068255793,0.00696568,0.0069491696,0.0069579612,0.00685112,0.0069609415,0.0069561433,0.006650774,0.0069387835,0.0069187563,0.0069309156,0.0068638306,0.0068549793,0.006891845,0.006919397
2009-08-18,0.0074406844,0.007453708,0.007406337,0.00743377,0.0074209105,0.0073906463,0.0073794704,0.007457314,0.0073800813,0.0073797833,0.007425649,0.007454453,0.007393075,0.007452799,0.0074494164,0.0074382257,0.007393731,0.0073666107,0.0074183624,0.0073942672
2009-08-19,0.0075282287,0.007591484,0.0075239222,0.007533757,0.00755967,0.0074471366,0.0075603556,0.007551385,0.0075474363,0.0074572098,0.0075160842,0.0075526666,0.0072535407,0.0075467806,0.0075368118,0.007518111,0.007526038,0.007460056,0.0075181704,0.007522
2009-08-20,0.0075254273,0.0075867753,0.007525293,0.007519586,0.007519601,0.0074378233,0.0075240266,0.007540388,0.007506294,0.007444499,0.0075112116,0.0075528454,0.0075109582,0.007541178,0.0075335335,0.00752051,0.007486297,0.0074599814,0.007505579,0.0075085294
2009-08-21,0.007536633,0.007546721,0.007533489,0.0075225513,0.007613985,0.007471798,0.0075684916,0.0075293165,0.0074979793,0.0074211787,0.007601319,0.007518841,0.0072493386,0.0075266045,0.007533429,0.0075208973,0.0074754786,0.007460205,0.007562278,0.0074864756
2009-08-24,0.0075280797,0.007533444,0.007512225,0.0075251143,0.007569341,0.0074892472,0.007538704,0.0075404625,0.007452322,0.007451562,0.0075730365,0.0074988585,0.0072228294,0.007539762,0.0075145047,0.00751823,0.007467581,0.0074600857,0.007560564,0.007478727
2009-08-25,0.00754161,0.0075302403,0.007547183,0.0075240564,0.0075442474,0.0074522477,0.0075555723,0.0075429063,0.0075016897,0.0074486267,0.007513566,0.007493792,0.007507561,0.007537259,0.007500468,0.0075192433,0.0074934494,0.0074597728,0.0075193625,0.007467
2009-08-26,0.0075321477,0.0075416993,0.007548807,0.007529853,0.00757177,0.007481275,0.007551862,0.0075557213,0.00747749,0.00748205,0.007580219,0.007540835,0.0072249454,0.007554544,0.007513864,0.0075240415,0.007479025,0.007460324,0.0075743776,0.0074955206
2009-08-27,0.006646393,0.0066460054,0.006699888,0.0066355895,0.0067385267,0.006597532,0.00670865,0.0066653173,0.0065697413,0.006570099,0.0067374688,0.006634278,0.0063610356,0.006664155,0.0066203605,0.006620912,0.0065825116,0.0065707844,0.006727902,0.006564526
2009-08-28,0.007176576,0.0071771573,0.007155029,0.0071709286,0.007199524,0.0071317535,0.0071988385,0.007192252,0.0071103405,0.007090701,0.0072141867,0.0071751606,0.0071516316,0.007195739,0.00712779,0.0071643274,0.00712174,0.0070997607,0.0072095226,0.007144807
2009-08-31,0.0075487327,0.007525785,0.0074868333,0.007529868,0.0075641107,0.007492436,0.007559372,0.0075446945,0.007486416,0.0074326973,0.0075748097,0.007537795,0.007223798,0.0075333696,0.0075163823,0.0074987095,0.0074762683,0.007460473,0.0075743776,0.007494582
2009-09-01,0.007534785,0.0075468402,0.0075558405,0.0075323116,0.007654337,0.0075065475,0.0075932276,0.0075515937,0.007495163,0.0075022113,0.0076175313,0.0075645875,0.0072510075,0.0075507294,0.007536648,0.007454304,0.007474033,0.007460473,0.007627262,0.007483585
2009-09-02,0.0077514183,0.007767452,0.0077459197,0.007762743,0.007853432,0.0077376645,0.007827444,0.0077705365,0.007681353,0.0076739322,0.007833598,0.0077937227,0.007483078,0.0077650826,0.0077441763,0.0077118706,0.007710604,0.007691009,0.007857529,0.007710917
2009-09-03,0.007531522,0.0075483005,0.0075439196,0.007542325,0.0075713377,0.007519899,0.0075472277,0.0075432044,0.0074895006,0.0074459445,0.00757706,0.007565243,0.007229848,0.0075438153,0.0075376015,0.0075137448,0.007494835,0.007460324,0.0076018106,0.0074916314
2009-09-04,0.00800742,0.008018611,0.008021681,0.008010237,0.0080239605,0.007983429,0.008029116,0.00801949,0.007960452,0.007929457,0.008043943,0.008046893,0.007982774,0.008022068,0.008020831,0.007955132,0.007961674,0.007937742,0.008048145,0.007945074
2009-09-08,0.0073901843,0.007415695,0.007451428,0.0074021053,0.0074914675,0.007384075,0.007401718,0.0074090045,0.0073651206,0.007316677,0.0074767005,0.0073411744,0.007119907,0.0074082892,0.007428063,0.0073884856,0.007350905,0.007327987,0.0074847024,0.0073719155
2009-09-09,0.007512359,0.0075427424,0.007563455,0.00754389,0.007605193,0.0075188708,0.0075915735,0.007531492,0.0074848663,0.007437704,0.0076214354,0.0075487327,0.0072537344,0.0075223576,0.007545842,0.007502867,0.0075291526,0.007460309,0.007625995,0.007480873
2009-09-10,0.0075183045,0.0075463485,0.00755821,0.0075481515,0.0076158326,0.0075252634,0.0075570475,0.007594032,0.007457612,0.007440133,0.0076278728,0.0075602066,0.007255269,0.0075403135,0.0075278264,0.0075362157,0.007495029,0.00746022,0.007629169,0.007490961
2009-09-11,0.0073016863,0.0073367935,0.00729282,0.0073357057,0.0073660593,0.0073159467,0.0073263478,0.0073990505,0.0072564613,0.007266475,0.0073843133,0.0073513817,0.007009862,0.0073325466,0.00733657,0.0072935354,0.007276876,0.007243542,0.007375775,0.0072680097
2009-09-14,0.00878231,0.00880043,0.008800073,0.008799864,0.008907093,0.0087292325,0.008813171,0.008865116,0.008758662,0.008776842,0.008876337,0.008820562,0.008512987,0.0087877195,0.008818937,0.008647559,0.008742077,0.008715702,0.00886835,0.008720679
2009-09-15,0.0075194966,0.0075312387,0.0075618904,0.007551236,0.00761245,0.0074722003,0.007549597,0.0076141786,0.007470889,0.007472394,0.007626621,0.007559223,0.007261319,0.007535441,0.007560475,0.007432772,0.0075255763,0.007460488,0.007560132,0.007477803
2009-09-16,0.0075172316,0.007533161,0.0075655263,0.007549016,0.0076359343,0.0074725132,0.007553784,0.0076509546,0.0074890237,0.007460071,0.0076212566,0.007565303,0.0072615724,0.007535873,0.007528795,0.007429255,0.0074926894,0.007460503,0.0075620096,0.0074762087
2009-09-17,0.003124429,0.0031394195,0.0031165015,0.0031588804,0.0031791013,0.0030760746,0.003141595,0.0032004397,0.0030878317,0.0030733924,0.0031738263,0.0031726044,0.0031201672,0.003129987,0.0031709056,0.0030134302,0.003099842,0.0030644815,0.0031795036,0.0030946266
2009-09-18,0.0057259183,0.0057917815,0.005701972,0.0057403874,0.005862547,0.005653901,0.0057533514,0.005851535,0.0057060104,0.0057088565,0.00581087,0.005764721,0.0054523777,0.005731417,0.005765153,0.005576534,0.0056825113,0.0056544077,0.005735887,0.005708603
2009-09-21,0.0072252583,0.0072719287,0.0072548967,0.007251261,0.007354332,0.00716546,0.007261781,0.0073665213,0.007205082,0.0071629714,0.0073390733,0.0072737914,0.0069597196,0.0072493088,0.007282926,0.0072144996,0.0072018933,0.0071656983,0.0071730893,0.007220475
2009-09-22,0.00752726,0.0075203013,0.007607935,0.0075404625,0.0075766575,0.00752957,0.007549746,0.00764565,0.007501481,0.0074385535,0.0076033007,0.007571755,0.007256625,0.007531671,0.0075784605,0.007518707,0.0074893963,0.007505266,0.0074873995,0.007508857
2009-09-23,0.007934703,0.007924868,0.007907091,0.007937057,0.007919474,0.007924927,0.007899461,0.007949097,0.007887853,0.0078606885,0.007915018,0.007963715,0.007875813,0.007922782,0.007968722,0.007918609,0.007882742,0.007912425,0.0078759175,0.00791028
2009-09-24,0.0075252485,0.007568104,0.0075266045,0.007535545,0.0076099616,0.0074647795,0.0075677764,0.007584585,0.0075142067,0.0074622463,0.0075685214,0.007574914,0.0075552445,0.0075131636,0.007572023,0.007527111,0.0074852835,0.007485641,0.0074799936,0.007527588
2009-09-25,0.008974982,0.008991433,0.00899267,0.0089981835,0.009069456,0.0089229625,0.00903341,0.009047953,0.008980764,0.008936165,0.0089733135,0.0090352725,0.009025065,0.008948831,0.009031041,0.009009926,0.008956699,0.00893618,0.008989705,0.008992789
2009-09-28,0.0074961167,0.007510228,0.007550953,0.0075146686,0.007583512,0.007446332,0.0075473916,0.0075608324,0.007499231,0.007474972,0.007485492,0.007545842,0.007537989,0.007500155,0.0075488817,0.007517768,0.007466359,0.0074780416,0.007506637,0.0074978303
2009-09-29,0.010165406,0.010178221,0.010145111,0.010195715,0.010212226,0.01011744,0.010185866,0.010113699,0.010118334,0.010106308,0.010167627,0.010217933,0.010184405,0.010194821,0.010161756,0.010183094,0.010142876,0.010144068,0.010190023,0.01015955
2009-09-30,0.009255929,0.009288011,0.009235619,0.009272559,0.009318216,0.009233622,0.009286327,0.009285925,0.00923085,0.009231968,0.009273065,0.009311749,0.009273795,0.009295998,0.009226678,0.009281276,0.009232802,0.009201063,0.0092829745,0.009274451
2009-10-01,0.007509483,0.0075430404,0.007487504,0.007546006,0.0075787287,0.007503925,0.007506622,0.007546393,0.007505847,0.0075451266,0.007525442,0.007574348,0.0074854176,0.007558061,0.007503761,0.007547332,0.00750087,0.0074613374,0.0075404476,0.007528348
2009-10-02,0.00750014,0.007543383,0.0074848365,0.007546855,0.007648645,0.0075311046,0.0075562727,0.0075330865,0.007503478,0.007511286,0.0075816493,0.007572977,0.0072589945,0.0075474363,0.007474793,0.0075217616,0.007543577,0.007460786,0.0075401645,0.007517917
2009-10-05,0.0049547236,0.0049889516,0.0048968922,0.0049922895,0.0050204378,0.004971726,0.0049522202,0.0049606096,0.0049455296,0.0049358737,0.004961459,0.0050087105,0.0050002765,0.0049829613,0.0049044173,0.0049781036,0.004953472,0.00489801,0.004985718,0.0049535166
2009-10-06,0.007526351,0.00755438,0.007458655,0.0075477045,0.007580502,0.0075429957,0.0075154286,0.007543398,0.007503582,0.007555289,0.0075222384,0.007560564,0.007538153,0.0075555127,0.0074720066,0.0075437557,0.0075102877,0.007460622,0.0075433236,0.007505296
2009-10-07,0.0075202417,0.007543979,0.0074565094,0.007549165,0.007650269,0.00754386,0.007575361,0.0075328927,0.007498337,0.007518349,0.007533876,0.0075481217,0.0072843116,0.0075478535,0.0074393284,0.0075220447,0.007543532,0.007528467,0.007542638,0.007496504
2009-10-08,0.0063227843,0.0063618105,0.006276829,0.006362332,0.006507976,0.006379066,0.0064333063,0.006339757,0.006307481,0.0063182097,0.006384684,0.0063714962,0.006079195,0.0063633006,0.006255446,0.0063051563,0.006393863,0.0063465815,0.0063576084,0.0063046347
2009-10-09,0.006535111,0.0065730345,0.0064792614,0.0065701883,0.006678967,0.0065742563,0.0066025984,0.00656469,0.0065223556,0.006554542,0.0065562557,0.006579308,0.0062889587,0.006572811,0.0064850133,0.00654958,0.006571738,0.006557254,0.0065606367,0.006527571
2009-10-12,0.007522298,0.007545693,0.0074572098,0.0075452756,0.007655142,0.007549254,0.007578848,0.0075484645,0.0074901264,0.0075392555,0.007539807,0.0075607877,0.0072680097,0.007556839,0.007447554,0.007528616,0.0075447243,0.0075338017,0.0075339805,0.0074896347
2009-10-13,0.007518498,0.007551683,0.0074606817,0.007549895,0.007694302,0.007565303,0.0076151025,0.0075581055,0.007478712,0.0074388813,0.007551117,0.0075549614,0.007255314,0.0075547975,0.0074851345,0.007548226,0.007577313,0.0075178724,0.0075404476,0.007497711
2009-10-14,0.003938971,0.00397232,0.0038802605,0.0039681625,0.003981365,0.0039776843,0.004021136,0.003976835,0.003906844,0.0038838666,0.003967209,0.0039816033,0.0039810967,0.003979845,0.003866462,0.00396475,0.0039608013,0.0039036106,0.0039629024,0.0039280932
2009-10-15,0.007518245,0.007552875,0.007460324,0.0075403284,0.007598577,0.007568015,0.007607488,0.0075603407,0.0074819904,0.007507516,0.007551877,0.007559998,0.0075623225,0.007558016,0.007492153,0.007554857,0.0075380336,0.007530121,0.0075278413,0.007501958
2009-10-16,0.004449753,0.0044807773,0.0043913554,0.004474221,0.004500551,0.0045005213,0.004530428,0.0044920277,0.0044119637,0.004378019,0.004483266,0.00449319,0.0044424813,0.0044815373,0.0044390094,0.004484115,0.004462896,0.0044208,0.0044505578,0.004442958
2009-10-19,0.0059535485,0.005968882,0.0058728885,0.0059182625,0.00607319,0.00595933,0.005972145,0.005968122,0.0059005003,0.005953638,0.005957989,0.0059740525,0.0056740027,0.005967675,0.005940078,0.005970476,0.005975945,0.0059564095,0.005977927,0.0059373807
2009-10-20,0.0075406563,0.0075526666,0.0074602645,0.0075048786,0.0076179784,0.0075367074,0.0075387787,0.00755292,0.0075050723,0.0075236987,0.007542504,0.007545037,0.007267041,0.007555453,0.0075276475,0.0075549167,0.0075326245,0.007518811,0.007574944,0.0075056087
2009-10-21,0.0066752266,0.006723834,0.0066987257,0.0066116136,0.0067406874,0.006708501,0.0067148786,0.0067084115,0.0066619944,0.0066548567,0.0067045223,0.0067268144,0.0064367335,0.0067245346,0.006710885,0.006724937,0.0067026597,0.0065537076,0.0067281704,0.0066831093
2009-10-22,0.007717995,0.007746337,0.007749019,0.007630242,0.0076594036,0.007744251,0.007749675,0.0077436697,0.007698996,0.0076384377,0.007726906,0.0077040624,0.0074712615,0.0077521037,0.007749466,0.0077575576,0.007735787,0.0076063406,0.007775007,0.007688282
2009-10-23,-0.0028797109,-0.00285648,-0.0028538126,-0.0029554982,-0.0028781611,-0.002848925,-0.002855735,-0.002846377,-0.0029086042,-0.002921613,-0.0028709788,-0.0028847326,-0.003134774,-0.0028383005,-0.0028541852,-0.0028428603,-0.0028444696,-0.0029679406,-0.0027998406,-0.002903955
2009-10-26,0.009131743,0.009148685,0.009073479,0.009076608,0.009183241,0.009101151,0.00914502,0.00915405,0.009102462,0.009124218,0.0091307,0.009108631,0.00909215,0.009157164,0.0091516655,0.009150637,0.009112148,0.009119658,0.0091545265,0.009098617
2009-10-27,0.007529972,0.0075576585,0.007571323,0.0074680876,0.007559119,0.0074937325,0.0075570475,0.007557733,0.007499559,0.007463647,0.00753255,0.0075113457,0.0072498303,0.007562099,0.007548226,0.007555915,0.007568581,0.007452367,0.007612748,0.0075055193
2009-10-28,0.00042272918,0.00044898503,0.00046855025,0.00036485307,0.0003843736,0.00036839955,0.00036969595,0.00044329278,0.00037143938,0.00032059662,0.0004243236,0.0003819149,0.00035285763,0.0004488062,0.00038017146,0.0004435163,0.0004228335,0.00034771673,0.0004435312,0.00038865022
2009-10-29,0.0075275134,0.0075623672,0.007606102,0.0074852686,0.0075134616,0.0074854027,0.0074858647,0.007561071,0.007490767,0.007435454,0.007541446,0.007472275,0.007459564,0.0075650495,0.0075323563,0.007558657,0.0075483005,0.0074717533,0.0075655263,0.0075020473
2009-10-30,0.0075228494,0.0075631123,0.007535754,0.007471485,0.00749257,0.007462753,0.007473765,0.007560907,0.0075008404,0.0074379575,0.0075410437,0.00749865,0.0074742567,0.0075653475,0.0075407606,0.0075576734,0.007507367,0.0074724387,0.0075044613,0.007515846
2009-11-02,0.0075249504,0.0075646173,0.007567404,0.007485239,0.0075353216,0.00745341,0.007489143,0.0075634997,0.0075097512,0.0074353795,0.007540239,0.0075469892,0.0074861627,0.0075679254,0.0075453203,0.00756268,0.0075669717,0.007459892,0.0076137315,0.00751145
2009-11-03,0.007516576,0.00754459,0.0075483304,0.0074902307,0.00746697,0.0074617993,0.00745645,0.0075552296,0.0074797254,0.007430492,0.0075369608,0.007559506,0.007506905,0.007560907,0.007526977,0.0075530093,0.0075205844,0.0074739438,0.0075647812,0.007509513
2009-11-04,0.005792124,0.005823208,0.005821867,0.005751891,0.005760057,0.0056861173,0.0057195704,0.0058300775,0.005778251,0.00570832,0.0058044177,0.0057611447,0.0057554375,0.005835442,0.005808158,0.0058211964,0.0057748836,0.0057533216,0.005741013,0.0057858806
2009-11-05,0.0045704227,0.0046100747,0.0045330655,0.004517911,0.0045057368,0.0045434516,0.004570229,0.004618479,0.0045320373,0.004506735,0.0045909565,0.0045084637,0.004571704,0.0046221446,0.004581047,0.0046087783,0.0045626294,0.004531322,0.0045475345,0.004570393
2009-11-06,0.0009855311,0.0010210257,0.0009412449,0.0009648483,0.00090372376,0.0009770226,0.0009852331,0.0010332447,0.0009160321,0.00088707916,0.0010073166,0.0010240059,0.0009385925,0.0010303687,0.0009962749,0.0010192227,0.0009937119,0.0009320807,0.001010133,0.0009820145
2009-11-09,0.0073987376,0.0074531417,0.0073832106,0.0074082892,0.0073354077,0.0074356627,0.0074331444,0.0074703824,0.0073740017,0.0073192697,0.007449014,0.0074794274,0.0073871296,0.0074712764,0.007403923,0.007464109,0.007447405,0.0073676836,0.0074604433,0.0074249487
2009-11-10,0.007523982,0.0075620543,0.0074750464,0.007471917,0.0074769687,0.0075336676,0.0075155627,0.007565139,0.007481022,0.0074824523,0.007542489,0.0075772386,0.007546691,0.0075644683,0.007514341,0.0075610857,0.0075397473,0.007512985,0.0075603705,0.0075205546
2009-11-11,0.0075210016,0.0075594317,0.0075291675,0.00746247,0.007492451,0.007465793,0.0075090807,0.0075623374,0.007478399,0.0075122397,0.007544009,0.0075787287,0.0075542163,0.007567106,0.0075118523,0.007556198,0.007525502,0.007507099,0.007489858,0.007518051
2009-11-12,0.0085668545,0.008596046,0.008570878,0.008509992,0.008518903,0.0085021835,0.008543817,0.008600486,0.008513538,0.008546663,0.008586107,0.008615298,0.008593587,0.0086025875,0.008539392,0.008599369,0.0085844975,0.008548794,0.008512495,0.008543549
2009-11-13,0.008275507,0.0083108675,0.008280603,0.008243574,0.008178173,0.008212773,0.008224575,0.008310748,0.008199586,0.008273644,0.008293955,0.008326454,0.008260904,0.008316396,0.008225365,0.0083095115,0.00829467,0.008205501,0.008227451,0.008265285
2009-11-16,0.008184163,0.008229746,0.008130876,0.008158816,0.008145643,0.008132262,0.008137284,0.008229909,0.008128388,0.008146433,0.008214412,0.0082380455,0.008177249,0.008232353,0.008146418,0.008231727,0.0081748795,0.008121086,0.008171765,0.0081765335
2009-11-17,0.0071896,0.007229237,0.0071455967,0.00714658,0.007138444,0.007122753,0.0071361046,0.0072341245,0.0071427207,0.007148562,0.0072187167,0.0072420966,0.0071575176,0.007238282,0.007171897,0.007236583,0.0071635675,0.0071021,0.007157607,0.007188512
2009-11-18,0.007524384,0.007562859,0.007475717,0.007496191,0.0074673574,0.0074577313,0.007466404,0.0075662415,0.007489456,0.007496996,0.0075552594,0.0075710993,0.007512985,0.007568864,0.007491423,0.0075673293,0.007545529,0.007466538,0.0074617993,0.0075224023
2009-11-19,0.0057115387,0.005743919,0.005653126,0.00568269,0.0056794565,0.0056331586,0.0056380015,0.0057450514,0.0056750756,0.005703343,0.0057326984,0.0057554077,0.005730821,0.005748747,0.0056970697,0.0057433527,0.00572942,0.005698649,0.0056395363,0.005698098
2009-11-20,0.004114298,0.0041656327,0.004064275,0.004111735,0.0040836316,0.004057346,0.00406429,0.0041671973,0.004077224,0.0040836316,0.0041549187,0.0041770916,0.0040547084,0.004172517,0.004077984,0.0041660946,0.0041395407,0.0040666144,0.004070012,0.0041218232
2009-11-23,0.004522143,0.0045421403,0.0044383835,0.004468618,0.0044335704,0.0044329297,0.0044385027,0.0045428555,0.0044648927,0.0044911634,0.0045363437,0.0045543145,0.00447209,0.0045529436,0.004445253,0.0045445543,0.004516585,0.004443301,0.004443152,0.00450371
2009-11-24,0.007545499,0.0075642895,0.0074605923,0.007486416,0.00743006,0.0074558835,0.007460652,0.0075615775,0.0074797254,0.007506741,0.0075522643,0.0075680744,0.0074860584,0.0075699966,0.0074449163,0.0075641107,0.007549016,0.007450117,0.0074602943,0.0075184833
2009-11-25,0.007396264,0.0074041914,0.0073007774,0.0073416065,0.007268591,0.007307632,0.0073024016,0.007407604,0.0073374193,0.0073402356,0.0073855054,0.0074143987,0.0073253047,0.0074108224,0.007319404,0.0074068587,0.0073867124,0.007278351,0.007300524,0.007360203
2009-11-27,0.007559223,0.00756575,0.0074605774,0.0074930917,0.007404072,0.0074622016,0.0074613225,0.007572783,0.0074688923,0.007508127,0.007548107,0.007573245,0.007485805,0.007572321,0.007481871,0.0075722467,0.007548718,0.007452069,0.007460309,0.007523937
2009-11-30,0.0075672846,0.007563336,0.0074605774,0.0074747335,0.0074982475,0.007462008,0.0075114053,0.007574348,0.0075051915,0.0075289737,0.0075484794,0.007571174,0.0075555574,0.0075751822,0.007503478,0.007571919,0.0075489264,0.007525323,0.007460309,0.0075234305
2009-12-01,0.008223174,0.008219836,0.008117689,0.00813858,0.008081419,0.008118508,0.0081228595,0.008229969,0.008105366,0.008086694,0.008206872,0.008225678,0.008155463,0.008227779,0.008113412,0.008228583,0.008185817,0.008105515,0.00811745,0.008178635
2009-12-02,0.008858545,0.008857308,0.008750645,0.008776767,0.008740379,0.008750303,0.008762775,0.008862628,0.008769987,0.008759333,0.008833436,0.008864535,0.008816583,0.008861972,0.008764176,0.008847369,0.008836506,0.008773727,0.008762,0.008810161
2009-12-03,0.0032193642,0.0032139253,0.0031059813,0.0031207185,0.003136469,0.0031057727,0.0031451266,0.00322151,0.0031406116,0.0031189006,0.0031983983,0.0032217037,0.0032029133,0.003220616,0.0031413417,0.0032128226,0.0031926017,0.0031624567,0.0031062793,0.0031709652
2009-12-04,0.007577209,0.007572515,0.007488979,0.007488502,0.007456554,0.007464705,0.0074786674,0.007578669,0.007498605,0.0074765515,0.007557882,0.0075696986,0.007499842,0.0075795483,0.007476909,0.0075729024,0.0075516086,0.0074496698,0.00746469,0.0075236987
2009-12-07,0.008769451,0.008767692,0.00866632,0.0086677205,0.008650167,0.008654712,0.008668659,0.008767007,0.008691667,0.008664412,0.008752881,0.008762745,0.0087189805,0.008770807,0.008660508,0.008765636,0.008739544,0.008676676,0.008654742,0.008720471
2009-12-08,0.0075755995,0.007575212,0.0074664783,0.0074532162,0.007460324,0.007460354,0.0074769985,0.0075741094,0.0074945968,0.007459907,0.007553367,0.007571889,0.0075190645,0.007577477,0.0074558984,0.0075650346,0.007530464,0.007463334,0.007462589,0.0075278115
2009-12-09,0.007576106,0.007575048,0.0074646454,0.0074736755,0.0074708145,0.0074603986,0.0074620824,0.007573677,0.007493688,0.007460071,0.0075557064,0.0075625163,0.007464124,0.0075766277,0.007470472,0.0075720083,0.0075480323,0.0074635725,0.0074604135,0.007527886
2009-12-10,0.0061338823,0.0061318856,0.006046487,0.0060237776,0.005979417,0.0060167294,0.0060165357,0.006129695,0.006072594,0.0060165357,0.006117223,0.0061199795,0.0060375463,0.0061321836,0.006011827,0.0061248373,0.0061071794,0.0060202163,0.006016804,0.006081341
2009-12-11,0.007575242,0.007575525,0.0074613225,0.0074575823,0.007428525,0.0074604284,0.00752428,0.0075719487,0.007510571,0.0074602645,0.0075588953,0.0075674336,0.007502882,0.007573677,0.0074370634,0.0075695645,0.0075489413,0.007455481,0.007460503,0.007522894
2009-12-14,0.0058860164,0.005887164,0.0057723057,0.0057575237,0.005757509,0.0057717245,0.0058218967,0.005883945,0.0058069807,0.0057715755,0.005870534,0.0058805775,0.0058161747,0.0058861803,0.005768655,0.0058834087,0.005839957,0.005766658,0.0057718437,0.0058366936
2009-12-15,0.007574616,0.0075754654,0.0074608605,0.0074691456,0.0074260067,0.007460458,0.007523177,0.0075698923,0.007504834,0.007460339,0.0075499993,0.007565541,0.0074729603,0.007575361,0.0075032692,0.007570861,0.007547451,0.0074658077,0.0074605625,0.007532371
2009-12-16,0.005118696,0.00511731,0.0050037485,0.0050039273,0.0049804877,0.0050034504,0.0050159823,0.00511582,0.0050546657,0.005003346,0.005090682,0.00511582,0.0050595235,0.0051183384,0.0050292145,0.0051120203,0.005091233,0.00502309,0.0049986076,0.005074529
2009-12-17,0.0075740498,0.0075701457,0.007450564,0.0074525904,0.0074526053,0.007460518,0.007486282,0.0075647663,0.007505534,0.0074603837,0.0075470787,0.007573245,0.00752501,0.007571934,0.007474525,0.007570727,0.0075490605,0.007481007,0.0074706357,0.0075343978
2009-12-18,0.008027194,0.008026091,0.007908745,0.007958842,0.007918743,0.007912887,0.007940395,0.008021174,0.007947309,0.007912723,0.008002354,0.00802785,0.0079826545,0.008027611,0.007931171,0.008027164,0.008000119,0.007936029,0.007913096,0.007991476
2009-12-21,0.006087376,0.006087376,0.005971415,0.0060260575,0.0059490036,0.0059726965,0.0059963446,0.006084008,0.0060160886,0.0059725624,0.0060631614,0.0060868245,0.006035058,0.0060892235,0.005982576,0.006087629,0.0060619097,0.0059867185,0.0059725773,0.0060611796
2009-12-22,0.007564528,0.007571904,0.00745265,0.007463513,0.0074275564,0.007466955,0.0074641984,0.007568313,0.007478444,0.007444663,0.0075451713,0.0075801294,0.0074698906,0.007572798,0.0074329358,0.0075694304,0.0074824374,0.0074294936,0.00746244,0.007536782
2009-12-23,0.009854494,0.009855179,0.009809477,0.00980158,0.009712575,0.009744955,0.009755893,0.009854106,0.00976686,0.009815125,0.009837909,0.009861095,0.0097788405,0.009859068,0.009726552,0.009856163,0.009832947,0.009737698,0.009752108,0.009826807
2009-12-24,0.0075661074,0.0075680893,0.007526858,0.0075143557,0.0074617695,0.00745943,0.0074795615,0.0075585674,0.0074919444,0.0075329226,0.0075428616,0.007560475,0.0075256657,0.007565288,0.0074660014,0.0075686704,0.0075489264,0.0074804556,0.007467909,0.007544128
2009-12-28,0.007571129,0.0075726192,0.007518066,0.0075139534,0.0074703526,0.007465197,0.007481886,0.007561503,0.007485537,0.007533474,0.007548107,0.0075660627,0.007535575,0.007570667,0.007467253,0.0075677764,0.007548524,0.007490648,0.0074709486,0.0075387787
2009-12-29,0.007568581,0.0075720977,0.007508261,0.0074920785,0.007462723,0.007480366,0.007462127,0.0075618904,0.007480217,0.0075136255,0.0075425636,0.0075656157,0.0074988585,0.0075706076,0.007461248,0.00756952,0.007518498,0.0074782204,0.0074691456,0.0075361114
2009-12-30,0.0075700264,0.0075716507,0.007536901,0.007524697,0.0075173955,0.007468967,0.0074621867,0.0075624865,0.0074895304,0.0075475704,0.007539509,0.0075535756,0.007563485,0.0075684916,0.007497279,0.0075662863,0.007548539,0.007534368,0.00751294,0.007534964
2009-12-31,0.0055393856,0.0055394303,0.005513264,0.0054824483,0.0054596644,0.0054410975,0.0054322015,0.005526362,0.0054613184,0.005517749,0.0055003744,0.0055150967,0.0055152457,0.0055344235,0.005447639,0.005536182,0.0055184495,0.00545804,0.0054440927,0.0055076163
2010-01-04,0.007572366,0.007569773,0.0075421613,0.0075125676,0.007479055,0.0074605774,0.007464273,0.00756268,0.0074825715,0.007548971,0.007537214,0.0074961763,0.0075378697,0.007570414,0.0074620973,0.0075677913,0.0075493287,0.0074798893,0.007468356,0.007539628
2010-01-05,0.007571427,0.0075699966,0.0075386297,0.0075136553,0.007490916,0.0074605625,0.00748734,0.0075686704,0.0074954014,0.007545067,0.0075365435,0.007475389,0.0075442027,0.0075712334,0.0074697565,0.0075705927,0.0074766856,0.007489903,0.0074827354,0.007535754
2010-01-06,0.010625241,0.010626344,0.010603217,0.010589464,0.010587467,0.010516239,0.010566799,0.010634897,0.010556428,0.010589449,0.010595737,0.010609729,0.010624839,0.010633869,0.010556383,0.01063302,0.010610713,0.010574026,0.010576276,0.010596914
2010-01-07,0.0075588953,0.0075646024,0.007536916,0.0075264256,0.0074552577,0.0074487757,0.0074612927,0.007568,0.0074953865,0.0075466763,0.0075346064,0.0075582843,0.0074903797,0.007567955,0.007507069,0.0075668823,0.007548688,0.007453574,0.0074635874,0.00753334
2010-01-08,0.008387087,0.0083871465,0.008336036,0.008337943,0.008287443,0.008279709,0.008273376,0.008391557,0.008302284,0.008341683,0.008364601,0.008361919,0.008266507,0.008390365,0.008321209,0.008389605,0.008299498,0.0082832705,0.008274673,0.008361874
2010-01-11,0.005971996,0.0059725773,0.0059504043,0.0059493016,0.005900411,0.005859969,0.0059053134,0.0059744697,0.005896045,0.0059543233,0.005950926,0.005948631,0.0059442203,0.005975468,0.0058888625,0.005975632,0.005861191,0.0059145372,0.0059045535,0.0059397947
2010-01-12,0.0075587165,0.0075626206,0.0075339656,0.007544143,0.0074549,0.0074601006,0.007468341,0.0075657796,0.0074876826,0.0075482707,0.0075408947,0.007476045,0.0074837636,0.0075683277,0.0074598324,0.007567091,0.0074758064,0.0074557345,0.0074614864,0.0075348895
2010-01-13,0.007555751,0.007558031,0.0075314175,0.00754158,0.007433487,0.007448433,0.00745192,0.007564543,0.0074695926,0.007543547,0.007535888,0.0075356048,0.007464556,0.007564498,0.0074549895,0.007563619,0.0074721407,0.0074689966,0.00745639,0.0075264554
2010-01-14,0.0053533595,0.005351154,0.005319027,0.0053293537,0.0052505564,0.005235119,0.0052504223,0.0053583365,0.0052564424,0.005329622,0.0053346585,0.0053363424,0.0053369533,0.0053571593,0.0052778255,0.0053554457,0.0052476507,0.0053347778,0.0052484106,0.005320413
2010-01-15,0.0062569063,0.0062544476,0.00622773,0.0062449556,0.006178377,0.006147174,0.0061692726,0.0062602293,0.0061688703,0.006245209,0.0062331986,0.0062505435,0.0062641334,0.006257696,0.006175844,0.006254224,0.006149439,0.006241275,0.0061590504,0.0062219184
2010-01-19,0.009507937,0.009518741,0.009496046,0.009506447,0.009471742,0.00941485,0.00943437,0.009526787,0.009463368,0.009506611,0.009500129,0.009512303,0.009538172,0.00952637,0.009492664,0.009519635,0.0094198715,0.009516014,0.009510918,0.009487269
2010-01-20,0.0075600278,0.0075593274,0.007534219,0.007548986,0.0075238924,0.0074523967,0.0074714404,0.0075676274,0.007505847,0.0075492244,0.0075436365,0.0075561386,0.0075817984,0.0075626206,0.007457493,0.0075595807,0.0074559133,0.007558001,0.0075276177,0.007522581
2010-01-21,0.0057504307,0.0057498943,0.0057250243,0.0057328325,0.0057159644,0.005648775,0.005698083,0.0057558995,0.005692629,0.0057329964,0.00573173,0.005741982,0.005766509,0.0057512503,0.005648596,0.005744798,0.005639596,0.0057317894,0.0057174247,0.0057094228
2010-01-22,-0.006299572,-0.0063084085,-0.0063967872,-0.006389128,-0.00637001,-0.0064101834,-0.0063727964,-0.006291257,-0.006387653,-0.006389277,-0.0063234437,-0.006302612,-0.006337153,-0.006298201,-0.0063732583,-0.006305741,-0.006406592,-0.006391676,-0.0064003337,-0.0063459445
2010-01-25,0.008706583,0.008709205,0.008616162,0.008695288,0.008665858,0.008603571,0.008642448,0.008721454,0.008716492,0.0086951535,0.0086950045,0.0087090265,0.008415533,0.008715404,0.008729337,0.008711172,0.008608101,0.008694438,0.008626474,0.008675469
2010-01-26,0.007560877,0.0075599533,0.0074702483,0.0075466316,0.0075063985,0.0074525755,0.0074872356,0.0075719934,0.0075543057,0.007547198,0.007547898,0.0076293927,0.007262064,0.0075636934,0.0075202715,0.0075614136,0.0074566137,0.007546602,0.0074741375,0.0075277667
2010-01-27,0.00686848,0.006861342,0.006771622,0.0068842154,0.0068024676,0.006751029,0.006786151,0.0068731885,0.006818665,0.0068481844,0.006847946,0.006932525,0.0065632146,0.00686766,0.0068185907,0.0068583917,0.006808577,0.006847514,0.0067753326,0.0068380963
2010-01-28,0.007780535,0.0077777784,0.007691918,0.007785676,0.007676063,0.0076711904,0.0076747816,0.0077844243,0.0077012163,0.0077492576,0.0077608507,0.007847486,0.007439254,0.007781042,0.007726861,0.007778166,0.007706819,0.00774893,0.007673202,0.007752238
2010-01-29,0.0047980975,0.004798053,0.0047008824,0.0048030596,0.0046915095,0.0046967696,0.004692612,0.0048012417,0.0048012566,0.004795594,0.0047813933,0.004828645,0.0044889133,0.004798038,0.0047938954,0.004789902,0.004694773,0.0047948044,0.004714025,0.004776163
2010-02-01,0.0073113125,0.007311268,0.0072088074,0.0073147845,0.007205976,0.007204784,0.007205365,0.007315619,0.0072959345,0.007314844,0.0072974395,0.007379381,0.0070009064,0.0073109847,0.0072635543,0.0073052626,0.0072066765,0.0073357504,0.0072247814,0.0072874855
2010-02-02,0.00756347,0.007559998,0.007460458,0.007617099,0.0074604284,0.0074564647,0.007460205,0.0075733494,0.00757098,0.007567106,0.0075534116,0.007624058,0.0072564017,0.0075680595,0.0075122695,0.0075555127,0.0074712764,0.007608203,0.007483093,0.0075405817
2010-02-03,0.0075613093,0.007561518,0.0074769985,0.00761096,0.0074602943,0.007468162,0.007460175,0.007567389,0.007594941,0.0075671356,0.0075417142,0.0075728726,0.007256819,0.007566033,0.007507054,0.0075456183,0.007467894,0.0076268893,0.0074899625,0.0075323414
2010-02-04,0.007578565,0.0075614285,0.0074539315,0.0075466763,0.007457791,0.0075029116,0.007459162,0.00756873,0.007504506,0.0074996334,0.0075433087,0.007508008,0.007509781,0.0075662713,0.0075086486,0.0075502675,0.0074605476,0.007597415,0.0075175446,0.0075380933
2010-02-05,0.0075476,0.007561175,0.0074507575,0.007519556,0.007443471,0.0074564647,0.0074554067,0.0075678807,0.007524086,0.0075134467,0.007545514,0.0074436944,0.0074944776,0.007564811,0.0074652266,0.007546408,0.00745642,0.0075576287,0.0074885916,0.007523684
2010-02-08,0.005167989,0.0051736813,0.0050717425,0.0051771533,0.005146144,0.0050995033,0.0050785225,0.0051864814,0.005164562,0.0051839184,0.0051641297,0.0050993543,0.005168898,0.00518292,0.0051112007,0.005172057,0.00507511,0.005239783,0.005123837,0.005148424
2010-02-09,0.007549582,0.0075626504,0.007454736,0.00755213,0.0075212102,0.007461993,0.0074578505,0.007562874,0.0075422805,0.007559402,0.007542027,0.007491259,0.007382361,0.0075653624,0.007494984,0.007550059,0.007459862,0.007587401,0.0075498354,0.007539822
2010-02-10,0.0009000283,0.00093035214,0.000812022,0.0008641165,0.0008538347,0.00087299757,0.0008157771,0.00092308037,0.00083552115,0.00086518936,0.00090345554,0.0008052122,0.00084943883,0.0009274017,0.00085975043,0.0009135138,0.0008205604,0.0008885991,0.00084475987,0.0008900296
2010-02-11,0.0069745313,0.0069761407,0.0068719666,0.0069494676,0.0069560986,0.0069135707,0.006875543,0.006979583,0.0068986993,0.006955771,0.0069621336,0.0068732183,0.006972311,0.0069784056,0.006921051,0.0069653373,0.0068748426,0.006963147,0.0068822037,0.006945638
2010-02-12,0.005201755,0.0052026194,0.0051639955,0.0051849764,0.0051858258,0.005117653,0.0050979536,0.005205212,0.00513239,0.0051867943,0.0051859897,0.0050584506,0.004918454,0.005206568,0.00514899,0.00519873,0.0050955396,0.005191056,0.005136503,0.005172966
2010-02-16,0.008396728,0.008394478,0.008363066,0.0083778035,0.008380799,0.008303819,0.008292643,0.008396162,0.008328987,0.008382274,0.008377491,0.0082589965,0.008400394,0.008402212,0.008343754,0.008396519,0.008289037,0.008404983,0.00832556,0.008365853
2010-02-17,0.0075647365,0.007556645,0.007530434,0.0075422656,0.007543115,0.0074723046,0.0074593257,0.0075674783,0.007488204,0.0075436365,0.0075420868,0.0074306857,0.007274328,0.0075672697,0.007515965,0.007561175,0.0074533653,0.0075443666,0.007488249,0.007523505
2010-02-18,0.007559417,0.007560743,0.0075253528,0.0075454246,0.0075472873,0.0074929576,0.0074596684,0.0075630825,0.007485179,0.0075483155,0.0075440537,0.0074683856,0.0072701406,0.007564081,0.0075157713,0.007551698,0.007460056,0.007548256,0.0074999165,0.0075291675
2010-02-19,0.0086924415,0.008709906,0.00866848,0.008701993,0.008702306,0.008628426,0.0086022895,0.008710263,0.008640928,0.00870326,0.008688925,0.008565975,0.008700652,0.008710263,0.008668659,0.008705391,0.008603318,0.008702381,0.008643551,0.008670313
2010-02-22,0.0065745395,0.006584583,0.0065438133,0.0065633487,0.0065700095,0.0064988863,0.006477205,0.0065814536,0.0065157246,0.006570531,0.0065612774,0.006455792,0.006599499,0.006585432,0.0065469425,0.0065767,0.0064786654,0.0065700393,0.006516708,0.0065430235
2010-02-23,0.0075477343,0.0075644385,0.0075490307,0.0075618606,0.007568417,0.0074934196,0.0074596386,0.0075579565,0.00748731,0.0075689238,0.0075420868,0.0074622016,0.0075710844,0.0075651836,0.0075218063,0.0075544547,0.0074612033,0.0075682383,0.0074914526,0.0075317603
2010-02-24,0.007550819,0.007561667,0.007499857,0.0075561386,0.007565854,0.0074975323,0.0074584614,0.007553799,0.0074762832,0.0075667333,0.0075417887,0.007516293,0.007570846,0.0075637978,0.0075285565,0.0075605195,0.0074601453,0.0075657945,0.007488845,0.0075293463
2010-02-25,0.007831661,0.007809369,0.007763205,0.0077978056,0.007794855,0.0077705365,0.007740317,0.007845951,0.007782055,0.007806761,0.007826386,0.007746754,0.007839961,0.007847143,0.0078027677,0.007830827,0.0077413004,0.0077907424,0.007760955,0.007819114
2010-02-26,0.0030320417,0.003018571,0.002934141,0.0030008685,0.0030070525,0.0029713493,0.0029235464,0.0030308347,0.002969889,0.003008647,0.0030100327,0.0029067975,0.0030419212,0.0030281525,0.002987368,0.0030181091,0.0029232483,0.0030065905,0.0029440504,0.0029952656
2010-03-01,0.008786349,0.008790417,0.008705614,0.0087782275,0.008785842,0.008746086,0.008696152,0.008799819,0.008744253,0.008786617,0.008782683,0.008716209,0.008816181,0.008798895,0.008749498,0.008785425,0.008697314,0.008785529,0.008717595,0.008773698
2010-03-02,0.0075515937,0.0075567197,0.0074717384,0.0075447094,0.00754836,0.0075015705,0.007459758,0.0075663608,0.007508425,0.0075490307,0.0075468253,0.007443873,0.007580353,0.0075643193,0.0075111073,0.0075556617,0.007458655,0.007548241,0.00748734,0.0075330418
2010-03-03,0.008296026,0.00829844,0.0082210135,0.008282302,0.008284597,0.008235974,0.008197112,0.008307291,0.008245526,0.0082852375,0.008286832,0.008166371,0.008312462,0.008304505,0.008251412,0.008299975,0.00819443,0.00828479,0.008221535,0.008281244
2010-03-04,0.0048555266,0.004849879,0.0047822874,0.004801227,0.0048379134,0.0047849696,0.004752366,0.004854871,0.00482036,0.00483918,0.0048376303,0.0047843587,0.004875092,0.0048576724,0.004801957,0.0048484933,0.004789887,0.004838316,0.0047750603,0.004838763
2010-03-05,0.007563142,0.007556198,0.007472111,0.007523028,0.0075490754,0.0074978005,0.0074602794,0.0075673144,0.0075172465,0.0075493883,0.0075453054,0.0075027775,0.0075823944,0.007565556,0.007517053,0.0075588804,0.007510258,0.0075486284,0.0075015854,0.0075285267
2010-03-08,0.0091064405,0.009104637,0.009019254,0.009061931,0.00905074,0.009031309,0.009003265,0.009111894,0.009053512,0.009070529,0.009092001,0.009043707,0.00910808,0.009110345,0.009051187,0.009100912,0.009042768,0.008995665,0.009045957,0.009088008
2010-03-09,0.007563455,0.0075513404,0.00747375,0.007526843,0.007545395,0.0074827056,0.007459162,0.0075528603,0.0075186025,0.0075476,0.0075430106,0.007488517,0.0075776707,0.0075596254,0.0074988287,0.0075530093,0.007498635,0.00753936,0.007502375,0.0075326245
2010-03-10,0.0071417224,0.0071291607,0.007050572,0.007123051,0.0071118306,0.0070583355,0.0070375185,0.007137237,0.0070830565,0.007117031,0.0071196835,0.0070673954,0.007152362,0.0071390104,0.007064862,0.0071315747,0.007087661,0.0071142446,0.0070812088,0.007082371
2010-03-11,0.0063565504,0.0063468497,0.006244881,0.00634004,0.006338371,0.0062849056,0.006248994,0.0063539427,0.0063004177,0.0063393097,0.006335674,0.0062981974,0.0063710045,0.0063560437,0.0062932353,0.006351335,0.006300701,0.0063386094,0.0062998068,0.006292863
2010-03-12,0.0071453582,0.0071373563,0.0070391726,0.0071317386,0.0070758443,0.007038472,0.0070417803,0.0071462225,0.007045267,0.0070863348,0.007129414,0.007088123,0.0071043503,0.007143898,0.007076515,0.0071334075,0.007101534,0.0070563387,0.0070718955,0.0070948284
2010-03-15,0.007566167,0.0075588655,0.00745414,0.00762455,0.0075437855,0.0074756276,0.007458551,0.0075574797,0.0074709635,0.0075453203,0.0075493585,0.007507352,0.0072689783,0.0075606387,0.0075588357,0.0075367074,0.0075223725,0.007542191,0.007498963,0.0074994396
2010-03-16,0.007565109,0.0075606685,0.007455183,0.007631181,0.007545097,0.007463185,0.0074594896,0.0075668376,0.0074747633,0.007545678,0.007550312,0.007511897,0.007262228,0.0075620543,0.0075602066,0.0075305384,0.00751896,0.0075549763,0.007491423,0.0074724387
2010-03-17,0.0047330093,0.0047242325,0.004619075,0.0047845077,0.0047053825,0.004659293,0.00462131,0.004728047,0.004631607,0.004705934,0.004710151,0.0046705436,0.00442837,0.0047231894,0.004719509,0.00471106,0.0046652686,0.0047246795,0.0046504866,0.004650904
2010-03-18,0.0076209586,0.0076256823,0.0075231027,0.0076150578,0.0075634997,0.007556526,0.007516099,0.0076250415,0.007520763,0.0076038223,0.0076077413,0.007569207,0.0076181125,0.0076203477,0.0075727087,0.0076092314,0.007564245,0.007557882,0.007530732,0.0075689238
2010-03-19,0.008549018,0.008554755,0.008447496,0.008591486,0.008472739,0.008449612,0.008447064,0.008552639,0.008448331,0.008485241,0.008538334,0.008490531,0.008502929,0.008547885,0.008534325,0.008539019,0.008508472,0.008519871,0.008460252,0.008462561
2010-03-22,0.007570965,0.007569177,0.0074611735,0.00766672,0.007547511,0.0074794125,0.0074593704,0.007572992,0.007460637,0.007563321,0.007559253,0.007512359,0.007250486,0.0075675976,0.007610215,0.007557733,0.0075078886,0.0076086354,0.0074933153,0.007491825
2010-03-23,0.006014986,0.006008012,0.0059028696,0.0060352664,0.005931793,0.0059128534,0.005906893,0.006015448,0.0059394967,0.005940212,0.0059936177,0.005962638,0.005948467,0.006011693,0.0060135406,0.006012274,0.005943341,0.005993275,0.0059052985,0.0059403908
2010-03-24,0.0075644236,0.007566301,0.0074602645,0.0076197963,0.0075331163,0.007509215,0.0074674916,0.007571904,0.0075017046,0.0075437706,0.0075517874,0.00752203,0.007253928,0.007569341,0.007602928,0.0075653177,0.007510705,0.0075795185,0.007507531,0.0075011533
2010-03-25,0.0066984873,0.0067059975,0.0066023897,0.0067592394,0.006654067,0.0066429507,0.0066037457,0.006711645,0.006604193,0.0066621583,0.0066956114,0.006674258,0.00635813,0.0067100357,0.0067044925,0.0067101996,0.0066514295,0.006686313,0.006621806,0.0066579115
2010-03-26,0.0075199287,0.0075647067,0.007460339,0.007602049,0.0074920934,0.007509364,0.007451175,0.00756648,0.0074416082,0.0074827354,0.007553635,0.0075401347,0.0075013917,0.0075662415,0.0075446647,0.0075680297,0.0075164866,0.0075367074,0.007455228,0.0075166207
2010-03-29,0.0075484794,0.007551281,0.007460354,0.007627411,0.007533608,0.007506339,0.0074815284,0.007570414,0.0074804258,0.007523803,0.007551117,0.0075494032,0.0072176885,0.007566301,0.0075792205,0.0075668674,0.0075214934,0.0075660925,0.0074583422,0.007456703
2010-03-30,0.007559834,0.007553233,0.007460354,0.0076734554,0.0075505953,0.007489739,0.007464541,0.007569505,0.007490961,0.007565556,0.0075481664,0.0075441133,0.00724387,0.007565988,0.007624803,0.0075600874,0.0075178873,0.0076182913,0.0074602943,0.0075049233
2010-03-31,0.007232396,0.0072323065,0.007128535,0.0073467772,0.007227553,0.0071510505,0.0071340036,0.007244287,0.0071305465,0.007245837,0.007226063,0.007232515,0.006912632,0.0072395485,0.0072900485,0.0072397124,0.0071879905,0.007281242,0.0071356725,0.0071765464
2010-04-01,0.007564096,0.0075651687,0.0074604135,0.007634757,0.0075279456,0.007466225,0.007459251,0.007572202,0.00748655,0.0075380187,0.007555647,0.0075575393,0.0072228294,0.007568432,0.0075650048,0.007567866,0.007523684,0.0075290184,0.007471038,0.0075213592
2010-04-05,0.0054745805,0.0054681282,0.0053628813,0.005524872,0.0054130685,0.005366249,0.005378483,0.0054751616,0.0053774845,0.0053936224,0.0054552685,0.0054499786,0.005414797,0.0054762494,0.0054629873,0.0054693203,0.0054367613,0.0054449867,0.0053814035,0.005449636
2010-04-06,0.007461069,0.007461382,0.0073508453,0.0074992906,0.0074124914,0.0073470306,0.0073647927,0.0074650478,0.007400496,0.007384224,0.007441474,0.007429434,0.007394789,0.0074649286,0.007452069,0.007459415,0.007417066,0.0074425917,0.0073827337,0.007396249
2010-04-07,0.0069796722,0.0069785547,0.0068673324,0.0069881063,0.006932525,0.0068614017,0.006856514,0.0069802683,0.006881414,0.006892575,0.0069566946,0.006940527,0.0069039445,0.0069792103,0.0069439244,0.0069771986,0.006880773,0.006941257,0.0068773013,0.006924687
2010-04-08,0.0075593423,0.007573275,0.007460458,0.007552756,0.0075376164,0.0074653756,0.0074572694,0.007574944,0.007488681,0.0074905436,0.007546393,0.0075413417,0.00748956,0.007571293,0.0075363647,0.0075678956,0.007472975,0.0074989926,0.007461665,0.007514177
2010-04-09,0.007814689,0.00783555,0.007721929,0.007825552,0.007793827,0.0077303927,0.0077328216,0.007838098,0.0077637415,0.007794259,0.007811291,0.007808743,0.00746545,0.007833196,0.00781375,0.007828994,0.007735206,0.0077844393,0.0077234786,0.00776851
2010-04-12,0.006355701,0.0063690823,0.0062561613,0.006294308,0.0062797647,0.0062526744,0.006253345,0.006371988,0.006290419,0.00625634,0.0063489955,0.006337343,0.0062604975,0.0063696187,0.0062841903,0.006367279,0.0062672775,0.006258903,0.006256653,0.006332604
2010-04-13,0.007564185,0.0075746607,0.007460503,0.007469235,0.0074831676,0.0074721705,0.007459117,0.0075737815,0.007477535,0.0074607264,0.0075568687,0.007545648,0.007465152,0.0075719934,0.007485343,0.0075724404,0.0074605476,0.007475747,0.007466985,0.0075413715
2010-04-14,0.0075598788,0.007572664,0.0074605327,0.0075175,0.007501496,0.0074658673,0.007461695,0.0075738262,0.0074795615,0.007529704,0.0075576436,0.0075548124,0.007208405,0.007572977,0.007561533,0.0075719487,0.0074605923,0.0075246077,0.00745642,0.007547809
2010-04-15,-0.0013528783,-0.0013455022,-0.0014562178,-0.0013636369,-0.0013286788,-0.0014574099,-0.0014622379,-0.0013394821,-0.0014583934,-0.0013729054,-0.0013507921,-0.0013620276,-0.0016746689,-0.0013418514,-0.0013219137,-0.001341911,-0.0014561284,-0.001329245,-0.0014226902,-0.0013697613
2010-04-16,0.0075696986,0.0075722765,0.007460622,0.007530464,0.007564662,0.007455213,0.007455526,0.007574035,0.007466195,0.0075330567,0.007558612,0.007554708,0.0072160196,0.007573141,0.0075626653,0.0075712483,0.007460652,0.0075290184,0.0074763875,0.00755213
2010-04-19,0.0060982686,0.006117804,0.0060038995,0.006079374,0.006130142,0.0060038995,0.006001083,0.00611992,0.006015895,0.0060796123,0.0061029475,0.0061025005,0.005764572,0.00611843,0.0061142724,0.0061189216,0.0060038995,0.0060951393,0.0060554873,0.006099252
2010-04-20,0.0060834717,0.006107731,0.005996717,0.006098179,0.00611764,0.00599104,0.0059959274,0.0061096977,0.005989356,0.006076215,0.006093977,0.006092025,0.005785642,0.0061093103,0.0061391573,0.006109996,0.005996717,0.006104542,0.005996911,0.0060911905
2010-04-21,0.007542981,0.007568879,0.007460637,0.0075552743,0.0075540673,0.0074537825,0.0074599367,0.007572515,0.007441176,0.0075352173,0.0075565707,0.0075484794,0.007521866,0.0075699966,0.0075498205,0.00757329,0.007460637,0.0075060558,0.007463483,0.0075472873
2010-04-22,0.0013072472,0.0013340097,0.0012238007,0.0013103765,0.0013271999,0.0012165885,0.0012175273,0.0013365727,0.0012016278,0.001285715,0.0013217311,0.0013114344,0.00102867,0.001335768,0.0013376158,0.0013373476,0.0012237858,0.0012774896,0.0012191217,0.0013166349
2010-04-23,0.00753483,0.0075702947,0.007460652,0.0075568687,0.0075393748,0.007456882,0.0074591767,0.007572053,0.0075066667,0.007535232,0.007554887,0.0075475704,0.007510511,0.007573707,0.007555021,0.007574765,0.007460637,0.007487593,0.0074640047,0.00755213
2010-04-26,0.0075419378,0.007572932,0.007460667,0.007563321,0.0076012444,0.007454155,0.007455079,0.0075719785,0.0075084846,0.0075559,0.007552786,0.00755365,0.0072598886,0.0075746905,0.00759512,0.007576404,0.007460652,0.007556243,0.0074744504,0.0075448733
2010-04-27,0.007540671,0.007572485,0.007498471,0.007528467,0.007498903,0.007458998,0.0074497145,0.0075685065,0.0074691307,0.007505698,0.0075452607,0.0075475853,0.007540358,0.0075694453,0.007498814,0.007572947,0.007460652,0.0074949097,0.0074629616,0.0075605344
2010-04-28,0.0075377654,0.0075699817,0.007475568,0.0075516533,0.0075519364,0.0074658375,0.0074513983,0.007569058,0.007452784,0.007530285,0.0075514447,0.0075475406,0.007485224,0.007571144,0.0075456034,0.0075728428,0.007460652,0.0075085443,0.007457165,0.0075562876
2010-04-29,0.0075413864,0.0075688343,0.007468177,0.007483823,0.0074949693,0.0074646156,0.0074570905,0.0075679254,0.0074762385,0.0074662846,0.0075508337,0.007526247,0.007521568,0.0075703543,0.0074756127,0.007570965,0.007460652,0.0074792933,0.007463796,0.0075567346
2010-04-30,0.007532699,0.0075681936,0.007465897,0.0075591784,0.0075947475,0.0074537825,0.0075294655,0.0075701904,0.0074962806,0.0075496566,0.0075526964,0.007528929,0.00724457,0.007567672,0.0075365286,0.007569624,0.007460652,0.0075452607,0.007465733,0.007553367
2010-05-03,0.008479549,0.008506758,0.008436708,0.008468343,0.008441655,0.008393316,0.008436454,0.0085122865,0.008405147,0.008484645,0.008492572,0.008478371,0.008480547,0.008499665,0.008441223,0.008508874,0.008400125,0.008445708,0.00840999,0.008482603
2010-05-04,0.0074023586,0.0074341726,0.0073250663,0.007403983,0.007304279,0.0073249023,0.0074039977,0.0074368697,0.0073065143,0.007358862,0.0074156355,0.007397903,0.0071318876,0.007430328,0.007409213,0.0074287336,0.007324068,0.0073725563,0.007324083,0.0073890667
2010-05-05,0.0075369757,0.00756952,0.0074612033,0.0074594,0.007437153,0.0074688327,0.0074757915,0.007574795,0.007453887,0.0074705016,0.007554589,0.00752349,0.007462917,0.007568894,0.007506443,0.0075680893,0.007460667,0.0074715,0.0074613076,0.007526649
2010-05-06,0.007750718,0.0077741425,0.007665081,0.0077518057,0.00771047,0.0077284407,0.007816909,0.0077746343,0.007649554,0.007769717,0.007758705,0.007738022,0.0074480753,0.0077726077,0.0077165347,0.007771043,0.007664798,0.007756574,0.007672293,0.0077383053
2010-05-07,0.0034719538,0.0034929495,0.003387956,0.0034006666,0.0033609401,0.0033903848,0.0034371149,0.0034969281,0.003415404,0.0034159105,0.0034759175,0.0034801494,0.003440557,0.0034886878,0.0034411233,0.0034973603,0.0033878367,0.0034500044,0.0034427624,0.0034338962
2010-05-10,0.009090735,0.009115858,0.009009881,0.0090505015,0.008949457,0.0090107005,0.009165941,0.009120999,0.009111313,0.009120179,0.009093983,0.009101016,0.008789552,0.009120015,0.009102283,0.009118108,0.009009836,0.009200959,0.0090687405,0.009058682
2010-05-11,0.0075376015,0.0075598042,0.0074606817,0.0074522477,0.0074175727,0.007463379,0.0075058322,0.007573379,0.0075161587,0.007483868,0.007542534,0.0074472707,0.0074716937,0.007567225,0.0075044464,0.007568596,0.0074606817,0.0075151306,0.0074201506,0.0075187217
2010-05-12,0.00801727,0.008045493,0.007982833,0.007990358,0.007931156,0.007976396,0.008104263,0.008057592,0.008018089,0.008045016,0.008023186,0.00797878,0.0077213924,0.008052854,0.0080301,0.008055387,0.007944597,0.008075548,0.00794342,0.007975308
2010-05-13,0.008478371,0.008502496,0.00845827,0.008471547,0.008374048,0.008404685,0.008502243,0.008510096,0.008479847,0.008505596,0.008486865,0.0084384065,0.008157058,0.008511333,0.008494047,0.008513657,0.008404804,0.008390291,0.0084173065,0.00846277
2010-05-14,0.00558242,0.0055962037,0.0055607986,0.0055598747,0.005481137,0.005497111,0.0056378823,0.0056022387,0.0056334715,0.005650444,0.0055799168,0.005537687,0.0052807163,0.0055987816,0.005628912,0.0056066792,0.00549723,0.0055461507,0.005509047,0.0055556577
2010-05-17,0.008234708,0.008247105,0.008206395,0.008210791,0.008081285,0.008141635,0.008243142,0.008255063,0.0082378965,0.008249251,0.008231727,0.008159218,0.007899268,0.008251218,0.008238761,0.008255376,0.00814168,0.008108227,0.008154867,0.00819589
2010-05-18,0.007459862,0.007559521,0.007563306,0.00746244,0.0074256193,0.007460652,0.00759813,0.0075674485,0.007553039,0.007608233,0.0075369757,0.0074848663,0.007249547,0.007567553,0.007597415,0.00757025,0.0074606966,0.0075282734,0.0074588787,0.007515369
2010-05-19,0.0074662995,0.0075598788,0.007570727,0.007551579,0.007441221,0.007460652,0.0075702053,0.0075685214,0.0075446796,0.007603837,0.0075477343,0.0074726325,0.0072508585,0.0075681936,0.0075961184,0.007571129,0.0074606966,0.007452963,0.0074547213,0.0075311344
2010-05-20,-0.0026057381,-0.002492221,-0.002482893,-0.0025458504,-0.0026627053,-0.0025874246,-0.0025516618,-0.0024807174,-0.002564447,-0.00250669,-0.002506243,-0.002571987,-0.002537595,-0.002485441,-0.0025216807,-0.0024780352,-0.002587365,-0.0026385952,-0.0025856812,-0.0025278497
2010-05-21,0.0074857753,0.0075523984,0.007565407,0.007500304,0.007409213,0.007460667,0.0075071584,0.007572336,0.0074713062,0.007535411,0.0075406116,0.0074587893,0.0075005274,0.0075679403,0.007531209,0.007572485,0.0074606966,0.007430775,0.007461382,0.0075258594
2010-05-24,0.0066689234,0.0066910964,0.006706832,0.0066120904,0.006536005,0.006601153,0.006646691,0.006710304,0.0066297334,0.0066835117,0.0066746455,0.00660914,0.0066372883,0.0067088436,0.0066877734,0.006711496,0.0066011827,0.0066025387,0.0066003036,0.00666414
2010-05-25,0.0075395983,0.0075547975,0.007570086,0.0074904393,0.007452382,0.007460667,0.0075606983,0.007568745,0.0075282734,0.007596774,0.0075928103,0.0074711274,0.007234512,0.00756876,0.0076033752,0.007565571,0.0074606966,0.007471619,0.007460175,0.007567821
2010-05-26,0.0075466763,0.007553188,0.0075264852,0.0075120013,0.007464869,0.007460667,0.0075270813,0.007564975,0.0075085144,0.0075416546,0.0075955223,0.007477237,0.0072098654,0.0075692665,0.0075589847,0.007562859,0.0075091403,0.007476924,0.0074618887,0.007560609
2010-05-27,0.008513613,0.008518709,0.00847031,0.008470623,0.0083866995,0.008418946,0.008500708,0.008523984,0.008469818,0.008451683,0.008550761,0.008403538,0.008173389,0.008526428,0.008473573,0.008522106,0.008477686,0.008388115,0.008419333,0.008512421
2010-05-28,0.00856748,0.008571355,0.008539794,0.008496268,0.008435963,0.0084729325,0.008541776,0.008578477,0.008530317,0.008497683,0.008616118,0.0084275585,0.008231131,0.008579878,0.008525787,0.008573888,0.008472605,0.008421643,0.008472694,0.008562325
2010-06-01,0.004032312,0.0040304046,0.003981961,0.0039751213,0.0039177965,0.003931327,0.004037751,0.004036708,0.0040304046,0.0040409993,0.004114611,0.003919406,0.0037213992,0.004030658,0.004074214,0.004027782,0.0039758813,0.003920866,0.003931163,0.004061727
2010-06-02,0.007555483,0.0075558107,0.0075279456,0.0075516086,0.0074760895,0.007460667,0.0075593423,0.0075692963,0.0075664204,0.0075657796,0.007632626,0.007466851,0.0072502773,0.007564841,0.0076124202,0.007558806,0.0075282287,0.0074578207,0.0074624997,0.007535083
2010-06-03,0.008576227,0.008588938,0.008524073,0.008555708,0.008492826,0.008564038,0.008592842,0.008603064,0.008595077,0.008584468,0.008673219,0.008494867,0.008283822,0.008600621,0.008614881,0.008594153,0.00850725,0.008467702,0.008503599,0.008580742
2010-06-04,0.0075365137,0.0075627547,0.0075356048,0.007474242,0.007483555,0.0075321924,0.00756651,0.007571785,0.007561682,0.007595999,0.007646514,0.0074647795,0.0072522145,0.0075669717,0.0076108705,0.0075632315,0.007458953,0.0074674617,0.007475985,0.0075400155
2010-06-07,0.0075394493,0.0075689238,0.0075110625,0.007502584,0.0074691605,0.007532997,0.007566301,0.0075698923,0.0075659286,0.007590888,0.0076461714,0.0074705463,0.0072534066,0.00756119,0.007613955,0.0075634103,0.0074694436,0.007456897,0.0074813496,0.007549314
2010-06-08,0.007551415,0.00756645,0.0075522047,0.00749938,0.007480262,0.0075341444,0.007564662,0.0075721126,0.0075641554,0.0075828563,0.0076402854,0.0074725877,0.0072533768,0.0075603556,0.007614864,0.0075671803,0.00746998,0.007458998,0.0075080376,0.007512225
2010-06-09,0.007478712,0.007549567,0.007552592,0.007462127,0.0074818414,0.0075668376,0.0075668376,0.0075707864,0.0075656604,0.0075939726,0.0076438766,0.0074606966,0.0072544944,0.00756797,0.0076091867,0.0075687747,0.007457642,0.0074679684,0.0075137746,0.0075163078
2010-06-10,0.007510809,0.0075552743,0.0075578373,0.007461367,0.0074600857,0.0075668227,0.007564498,0.0075722765,0.007518111,0.0076019447,0.007645456,0.0074650478,0.0072565507,0.007567225,0.00761023,0.0075679403,0.0074580293,0.007459102,0.0075169187,0.0075101983
2010-06-11,0.0075234603,0.007557882,0.0076168757,0.007460965,0.0074599218,0.007499231,0.0075627845,0.007564826,0.0075101685,0.0075980406,0.0076354723,0.0074780714,0.00725743,0.007563604,0.007610364,0.007567836,0.0074546468,0.0074596684,0.0075044315,0.007524384
2010-06-14,0.00859092,0.008633805,0.008630527,0.008543132,0.008542372,0.0086434465,0.008629231,0.008650286,0.008579714,0.008654593,0.008715494,0.008569447,0.008336527,0.008640496,0.008670313,0.008649586,0.008537425,0.008565588,0.008579729,0.008604867
2010-06-15,0.0075012427,0.0075398963,0.007547332,0.007460488,0.007460011,0.0075662415,0.007544605,0.007570518,0.0074814986,0.007600857,0.0076413136,0.0074723046,0.0072601717,0.0075634103,0.0075786244,0.0075689387,0.0074579697,0.007486848,0.0074973386,0.007525785
2010-06-16,0.0006629508,0.0006952863,0.00067646615,0.00059407763,0.0005934518,0.00069302134,0.00068661384,0.0007068496,0.000583319,0.0007166248,0.00077272765,0.00060196035,0.00039823167,0.00070076995,0.000726847,0.00070477836,0.00059024803,0.00060836785,0.0006502848,0.0006669443
2010-06-17,0.0075318646,0.0075519066,0.0075988453,0.00746697,0.0074662548,0.007543592,0.0075704884,0.0075793844,0.007461218,0.0075888466,0.007657228,0.007485686,0.0072662514,0.0075706225,0.007616503,0.0075760614,0.007463662,0.007474659,0.0074950885,0.007532833
2010-06-18,0.007516278,0.0075517427,0.00755289,0.007460369,0.0074599218,0.007566778,0.0075641107,0.0075710695,0.007458819,0.007595299,0.007647438,0.0074766707,0.0072606783,0.00756648,0.007604329,0.007569669,0.0074582826,0.0074884873,0.007504074,0.0075236093
2010-06-21,0.0075273197,0.0075561535,0.0075536054,0.007460354,0.0074599963,0.007566748,0.00756268,0.007573379,0.0074563157,0.007599024,0.007651178,0.007475136,0.007262362,0.0075642895,0.0076057,0.0075689983,0.0074583273,0.007482214,0.0074945074,0.0075279456
2010-06-22,0.007516129,0.0075579267,0.0075542163,0.007460354,0.007459609,0.007499112,0.00752273,0.0075731557,0.007458506,0.0075368863,0.0075918715,0.0074763726,0.0075228196,0.007565854,0.0075290184,0.007569028,0.0074578207,0.007460071,0.0075113606,0.007524578
2010-06-23,0.0075073224,0.007548241,0.0075429957,0.007460339,0.007460011,0.00756344,0.0075700413,0.007572217,0.007472379,0.0075769704,0.0076422077,0.0074792784,0.0072582792,0.0075665247,0.0076089185,0.007569356,0.0074578505,0.007460622,0.0074949544,0.0075252037
2010-06-24,0.0074892472,0.0075590443,0.0075463187,0.007460324,0.0074599814,0.0075662415,0.0075626355,0.0075708013,0.007456286,0.0075920206,0.0076455753,0.0074679684,0.007255627,0.00756645,0.0076153856,0.0075695943,0.007456882,0.007460041,0.0074946266,0.0075260233
2010-06-25,0.0074800383,0.007562695,0.0075439643,0.0074602943,0.007460175,0.007565735,0.0075677466,0.0075728577,0.007455481,0.0075852405,0.007645635,0.0074763577,0.007257087,0.007568015,0.007617159,0.0075703096,0.0074570905,0.0074602645,0.0074856263,0.007535396
2010-06-28,0.009176908,0.009237645,0.009227706,0.009132264,0.009131236,0.009207828,0.009210778,0.009246303,0.009133337,0.009220047,0.009289933,0.009148715,0.008902876,0.009241445,0.009244157,0.009244038,0.009131251,0.009129701,0.009160159,0.0092110615
2010-06-29,0.0074865054,0.007563008,0.00755444,0.0074602645,0.0074594896,0.0075668227,0.0075691324,0.007574795,0.0074506085,0.0075760763,0.0076473635,0.0074684303,0.007260574,0.0075701457,0.007617606,0.007572485,0.007459117,0.0074590724,0.007461233,0.0075452607
2010-06-30,0.007502122,0.007560743,0.007556824,0.007460309,0.007459445,0.007498948,0.0074983966,0.007574929,0.0074519645,0.0075205695,0.007592408,0.0074742865,0.007520182,0.007567538,0.007546274,0.00757025,0.0074592363,0.007459311,0.0074608903,0.0075358283
2010-07-01,0.0075072777,0.0075617265,0.0075514596,0.0074602943,0.0074596684,0.0074955206,0.0075137448,0.007572381,0.0074617695,0.0075332206,0.0075876396,0.0074871164,0.0075115096,0.0075668376,0.0075469445,0.0075739156,0.007458685,0.0074601006,0.0074641835,0.0075461995
2010-07-02,0.0075199585,0.0075609367,0.0075385105,0.007460354,0.0074599367,0.0075627845,0.0075470638,0.0075712483,0.007526232,0.0075635742,0.007580219,0.0074758213,0.007247461,0.00756724,0.007611675,0.0075707715,0.00745791,0.0074595343,0.0074703377,0.0075377654
2010-07-06,0.007195873,0.007221831,0.007224364,0.0071382653,0.007137878,0.007244153,0.007221801,0.007246388,0.0072028916,0.007263122,0.0072537046,0.007146282,0.0069235098,0.007243125,0.0072877984,0.007248847,0.0071360003,0.007137714,0.007146908,0.0072136205
2010-07-07,0.0075122993,0.007545797,0.0075467806,0.007460309,0.007460026,0.0075330418,0.007509453,0.0075694006,0.007453574,0.0075279456,0.007590903,0.007464988,0.0072282683,0.007562889,0.0075590294,0.0075703543,0.0074578654,0.0074601453,0.0074688774,0.0075264107
2010-07-08,0.007519705,0.0075585376,0.007538615,0.007460324,0.007459892,0.00753407,0.0075280797,0.0075709354,0.007527126,0.00755143,0.0075460207,0.007479755,0.0072325002,0.00756569,0.007550208,0.0075704735,0.0074576717,0.007460041,0.0074972343,0.007535694
2010-07-09,0.0075197797,0.0075590145,0.007539628,0.007501794,0.0074598324,0.0075668227,0.0075617414,0.007571725,0.0075567346,0.007567866,0.0075427126,0.0074649137,0.0072604995,0.007566048,0.0076123457,0.0075691026,0.0075243544,0.0074602347,0.0074917953,0.0075213294
2010-07-12,0.0036829393,0.0037168246,0.0037084948,0.003681047,0.0036247652,0.0036641192,0.0036639255,0.0035729539,0.0036651772,0.0036648344,0.003715722,0.0036346298,0.003687201,0.0037323814,0.003718121,0.0037353467,0.003686903,0.0036221873,0.0036521535,0.003692923
2010-07-13,0.0075177234,0.0075609814,0.007539613,0.007519586,0.00746019,0.0074948203,0.0074980985,0.007383583,0.0074539464,0.007496102,0.007583497,0.0074768793,0.007508902,0.007566301,0.0075331163,0.007570384,0.007517202,0.0074597728,0.007483823,0.00752501
2010-07-14,0.007368235,0.007411314,0.0073746275,0.007370321,0.007306395,0.0074155163,0.0074125063,0.0072436016,0.007354168,0.007411478,0.00744438,0.0073327255,0.0070933085,0.0074126553,0.0074688923,0.0074162167,0.007366879,0.0073058438,0.007306991,0.0073712002
2010-07-15,0.0075279903,0.0075638276,0.0075396877,0.007563902,0.00746016,0.007496355,0.0074964147,0.0073895734,0.007501317,0.0074970257,0.0075402837,0.0074857604,0.007503612,0.0075650346,0.007553665,0.0075677317,0.0075300317,0.0074599516,0.0074607115,0.007525889
2010-07-16,0.0074357074,0.0074153226,0.0073881876,0.0074090343,0.0073086303,0.0073800962,0.0073746126,0.0072232466,0.0073092263,0.0073768776,0.007386772,0.007331906,0.007068066,0.0074129533,0.0074145477,0.007417245,0.0073733013,0.0073084515,0.0073090326,0.0073789638
2010-07-19,0.0072570127,0.0072576534,0.0072394293,0.007257385,0.0071531367,0.007226048,0.007220937,0.0070532244,0.0071465354,0.0072223227,0.007231651,0.007187469,0.0069142412,0.0072588157,0.0072497707,0.007262511,0.0072241407,0.0071528982,0.0071530025,0.0072249006
2010-07-20,0.0075811725,0.0075643193,0.007547943,0.007567523,0.0074596833,0.0075665545,0.00756344,0.007355286,0.0074544083,0.0075796377,0.007572202,0.007486714,0.007253764,0.0075651687,0.0076161455,0.007567404,0.007534696,0.007460354,0.007460339,0.0075330716
2010-07-21,0.0075810384,0.0075649302,0.0075540524,0.007568149,0.0074604135,0.007534845,0.007537229,0.0075186025,0.0074522626,0.0075315665,0.007538138,0.007487742,0.0072308015,0.00756797,0.007562382,0.0075712334,0.0075344127,0.0074599665,0.007460324,0.007531358
2010-07-22,0.0061249267,0.006076513,0.006063355,0.00607547,0.00597067,0.0060739648,0.006077094,0.00606486,0.0059634726,0.0060669016,0.00604753,0.0059908014,0.005769698,0.0060790014,0.0061174165,0.0060815196,0.0060378443,0.0059701484,0.005970476,0.0060536843
2010-07-23,0.008340521,0.00828266,0.008277787,0.008284567,0.008184833,0.008288769,0.008290721,0.008150546,0.008174015,0.008297084,0.008262603,0.008215828,0.007982327,0.008290617,0.008328347,0.008294923,0.008244364,0.008184535,0.008203117,0.008270932
2010-07-26,0.0071507823,0.007152928,0.0071401726,0.0071426462,0.00705239,0.007091729,0.007100327,0.0069984477,0.007043777,0.0070852023,0.007119892,0.007116167,0.0071080457,0.00715035,0.0071252864,0.0071527343,0.007099254,0.007052375,0.007053552,0.007117359
2010-07-27,0.0075472873,0.007556958,0.00754386,0.007556407,0.0074604135,0.007564334,0.00756347,0.007422058,0.0075203013,0.007558955,0.0075344574,0.00753632,0.007256178,0.007565124,0.0075980704,0.007569222,0.007519318,0.007460071,0.00748734,0.007530136
2010-07-28,0.0075453203,0.0075606983,0.007541416,0.007563768,0.0074605476,0.007498635,0.0075660627,0.00742173,0.0075203013,0.0075701308,0.0075310897,0.0076075774,0.007254122,0.007566644,0.0076066237,0.007571427,0.0075313877,0.0074604433,0.0074935984,0.0075408947
2010-07-29,0.007548524,0.007560296,0.007548688,0.007556213,0.0074605774,0.0075630825,0.007565541,0.0074272286,0.0075272303,0.007574154,0.0075333994,0.00755441,0.0072556864,0.007566614,0.0076036286,0.0075712632,0.0075181555,0.007460056,0.0075270217,0.00754389
2010-07-30,0.0074832123,0.007561682,0.007546736,0.00756192,0.007460473,0.007534234,0.0074706655,0.0073800217,0.0074595492,0.0075356644,0.00753331,0.0075977277,0.007231785,0.0075693857,0.0075442325,0.0076348167,0.007530598,0.007460473,0.007533891,0.0075457375
2010-08-02,0.009479431,0.009547992,0.009537293,0.009514017,0.009450031,0.009545414,0.009481562,0.009522719,0.009475393,0.009550763,0.009520678,0.009571819,0.009245036,0.009555532,0.009584723,0.009619845,0.009461356,0.009449927,0.009524865,0.009519784
2010-08-03,0.0075585824,0.007558329,0.007544739,0.0075006764,0.007460473,0.0075349193,0.007562695,0.007540537,0.0074917953,0.0075017046,0.0075311344,0.0075495373,0.007259978,0.0075638723,0.0075471234,0.007638259,0.007537825,0.0074605625,0.007526962,0.0075343978
2010-08-04,0.007554589,0.0075599533,0.00755365,0.007534785,0.0074605476,0.0075677466,0.007564945,0.007553978,0.007483287,0.0075317454,0.007532237,0.0075055193,0.0072620194,0.0075634997,0.0075321477,0.0076407474,0.0075392555,0.007460175,0.0075151455,0.0075393002
2010-08-05,0.007864548,0.007884903,0.007880105,0.00787027,0.00778134,0.007886035,0.007851867,0.007876677,0.0077702086,0.007822586,0.007861612,0.007892413,0.007580174,0.007887883,0.007847426,0.007999046,0.007860882,0.0077817272,0.0078349095,0.007860927
2010-08-06,0.007914899,0.007954879,0.007955117,0.007916449,0.007851852,0.007893605,0.00785443,0.007941989,0.007840944,0.007897822,0.007935224,0.007990567,0.00790943,0.007957516,0.007922007,0.008013574,0.007922528,0.007851822,0.007882936,0.007922543
2010-08-09,0.007543532,0.007563157,0.007553665,0.007526798,0.0074601304,0.007495744,0.007506592,0.0075523388,0.007447956,0.0074677,0.007532237,0.0075375717,0.0075109135,0.007559402,0.0074676704,0.0076158773,0.007548375,0.007460473,0.007492913,0.0075312685
2010-08-10,0.007533325,0.0075637978,0.0075512063,0.007515533,0.0074587,0.007563619,0.007539613,0.0075504314,0.00745189,0.00746022,0.0075350534,0.0076156985,0.007247446,0.007560758,0.0074664634,0.007679237,0.0074885916,0.0074605327,0.007484792,0.007588951
2010-08-11,0.007537557,0.0075578075,0.0075572412,0.0075038653,0.0074602794,0.0075659584,0.007540552,0.0075565707,0.007450266,0.0074602496,0.0075333994,0.0076500606,0.007246224,0.007560013,0.0074613374,0.007680429,0.007484285,0.0074604135,0.0074876975,0.007577477
2010-08-12,0.008341564,0.008391602,0.008386446,0.0083248,0.008288844,0.008293433,0.008313505,0.008376835,0.008269129,0.00828856,0.00836709,0.008410944,0.008309839,0.008390097,0.008286906,0.008404998,0.008292643,0.008288709,0.008328406,0.008363841
2010-08-13,0.0074896347,0.00752729,0.007500289,0.007448448,0.007416589,0.0074859094,0.007480381,0.0075083803,0.0074226093,0.0074172895,0.007491065,0.0076085906,0.007179601,0.007522924,0.0074231457,0.0075930934,0.0074193906,0.0074165296,0.0074681174,0.0075489115
2010-08-16,0.007501019,0.0075347405,0.0075136106,0.0074229073,0.0074239504,0.007466687,0.0074813496,0.007513983,0.00742775,0.0074243527,0.0075044166,0.007593794,0.0074747335,0.007531656,0.0074423384,0.0075834226,0.007415725,0.007426394,0.0074646305,0.007543994
2010-08-17,0.0075469296,0.0075707566,0.0075449925,0.0074513983,0.0074604284,0.007493807,0.0075124037,0.0075459164,0.0074634682,0.007460369,0.007538913,0.007624535,0.007503746,0.007566003,0.007463051,0.00761625,0.007450519,0.0074655097,0.007510571,0.007569013
2010-08-18,0.012100829,0.012071429,0.012049807,0.011959715,0.011968015,0.012033252,0.012031807,0.012044264,0.011975734,0.01196803,0.01204188,0.012086896,0.0117224585,0.012072457,0.011970697,0.012143789,0.011960639,0.01196876,0.012026368,0.012098445
2010-08-19,-0.0010026265,-0.0009819586,-0.0010048617,-0.001098888,-0.0010916311,-0.0010369886,-0.001059534,-0.0010095108,-0.0010808278,-0.001091795,-0.0010256339,-0.0009321142,-0.0010550637,-0.0009838808,-0.0010920484,-0.0009388495,-0.0011015702,-0.001054408,-0.0010374505,-0.0009728838
2010-08-20,0.006539969,0.0065477025,0.006528152,0.006432874,0.0064432602,0.0064646136,0.0064417403,0.006527258,0.006448446,0.006443305,0.0065166187,0.0065630656,0.006452916,0.0065494906,0.006442992,0.006559236,0.0064527076,0.0064840894,0.0064622443,0.006523339
2010-08-23,0.004218338,0.0042086374,0.004190279,0.004108889,0.004115386,0.00411479,0.0041152667,0.004203094,0.004120065,0.004115833,0.0041902047,0.004237069,0.0041234177,0.00422108,0.004115684,0.004233701,0.004108919,0.004120512,0.0041255485,0.0042001586
2010-08-24,0.0076571237,0.0075626057,0.0075432044,0.0074525606,0.007460205,0.007558925,0.0075647067,0.00754836,0.007475836,0.0074604284,0.007532401,0.007580323,0.007238252,0.0075699966,0.0074602496,0.00767575,0.0074638706,0.007485224,0.007507948,0.007655753
2010-08-25,0.0076241624,0.007558955,0.0075455587,0.0074571352,0.007460518,0.0075350683,0.007535441,0.00755289,0.007476164,0.0074604135,0.0075352024,0.007579414,0.007214306,0.00756569,0.0074602496,0.007642446,0.007466508,0.007499991,0.0075084697,0.0075974893
2010-08-26,0.008562921,0.008490993,0.008476211,0.008389099,0.008386223,0.008458329,0.008464931,0.008466942,0.008393167,0.008386208,0.008464051,0.008461503,0.008145733,0.008493332,0.008386044,0.008567495,0.008389948,0.008412791,0.008437274,0.008526428
2010-08-27,0.0076384824,0.0075688493,0.0075385254,0.0074626487,0.007460071,0.007533295,0.0075390916,0.007551072,0.0074729156,0.0074604433,0.007541118,0.0075283926,0.007226927,0.0075667035,0.00739911,0.0076371413,0.0074591916,0.0074726027,0.00751826,0.0075944345
2010-08-30,0.007025985,0.0069129895,0.0068843346,0.0068030637,0.0067997854,0.0069159996,0.0069155376,0.006903706,0.006821243,0.0068003368,0.0068808477,0.0069030505,0.00659409,0.0069125276,0.006763531,0.007026447,0.0068014096,0.006823791,0.0068576615,0.00698073
2010-08-31,0.0076727252,0.0075687896,0.007545335,0.0074606966,0.0074604284,0.0075674485,0.007566644,0.007560266,0.0074846577,0.0074604433,0.007537542,0.0075680595,0.0072574746,0.007566346,0.0074468683,0.00768107,0.0074616354,0.0074795466,0.007523222,0.007622985
2010-09-01,0.009707553,0.009611649,0.009581624,0.009503288,0.009503378,0.009601219,0.009600325,0.00959642,0.009525774,0.009503631,0.009574739,0.009559972,0.009298069,0.009610144,0.009508384,0.0097125005,0.0095036905,0.009514643,0.009560151,0.009653015
2010-09-02,0.0076717567,0.0075711887,0.007525159,0.0074522626,0.007460488,0.007567702,0.0075667035,0.0075622033,0.007492436,0.007460488,0.0075314324,0.0074995887,0.0072590094,0.0075660776,0.0074856114,0.0076248776,0.007460324,0.0074599665,0.0075249355,0.00762148
2010-09-03,0.007896407,0.007805271,0.007759182,0.007694153,0.007694153,0.007796971,0.007795913,0.00780019,0.0076972675,0.007695062,0.007763354,0.007750703,0.0074911546,0.007800577,0.007726161,0.007885007,0.007694928,0.0076942276,0.007750375,0.007851748
2010-09-07,0.007654203,0.0075686257,0.0075378846,0.007452367,0.0074603986,0.0075662863,0.0075667184,0.0075636934,0.0074621867,0.007460473,0.007528303,0.0075059067,0.007260708,0.007565571,0.0074903946,0.0076587778,0.0074795466,0.007475121,0.0075165313,0.007624967
2010-09-08,0.008995486,0.008906065,0.008870004,0.008793337,0.008798895,0.008892698,0.008898823,0.008902771,0.0088029485,0.008799775,0.008864863,0.008819712,0.008597745,0.008904351,0.008830039,0.0089965295,0.00879438,0.008796601,0.008847548,0.008944673
2010-09-09,0.007654948,0.0075662117,0.0075327437,0.007454155,0.0074604433,0.007564647,0.0075667333,0.0075651985,0.0074634682,0.0074605625,0.007531507,0.007466076,0.0072611105,0.0075635146,0.0074881744,0.007660119,0.0074691754,0.007474212,0.0075047743,0.0076143276
2010-09-10,0.0076300185,0.0075654965,0.007530136,0.0074537974,0.0074604135,0.0075653177,0.0075667333,0.0075659435,0.0074667465,0.007460607,0.0075332057,0.007474987,0.0072611403,0.0075625014,0.0074609946,0.0076596867,0.007460756,0.0074810367,0.0075040143,0.007619811
2010-09-13,0.008145062,0.008069633,0.008029399,0.007955207,0.007963074,0.008067323,0.008067755,0.008068202,0.00797799,0.00796373,0.008034838,0.00796674,0.0077619683,0.008060185,0.00796376,0.00816199,0.007966919,0.007993592,0.00800894,0.008122398
2010-09-14,0.0076495986,0.0075653624,0.0075232517,0.0074513834,0.0074603986,0.00756195,0.007567225,0.007564394,0.0074684154,0.007460607,0.0075306725,0.007453708,0.0072612297,0.0075622927,0.007460488,0.0076592546,0.007460488,0.0074656736,0.007506801,0.0076193046
2010-09-15,0.0043299478,0.0042383056,0.0041876268,0.004121987,0.0041306894,0.0042315703,0.0042398702,0.004237516,0.0041392874,0.004131539,0.0042044055,0.004130481,0.003933428,0.004237769,0.0041312706,0.004336251,0.004132552,0.0041442346,0.00417882,0.004293902
2010-09-16,0.0076461267,0.007565556,0.007516293,0.0074521285,0.007460056,0.0075621884,0.007499067,0.0075641703,0.007472409,0.007460667,0.0075316858,0.0075267386,0.007261036,0.0075643193,0.0074604135,0.0076576006,0.0074602347,0.0074722003,0.0075060558,0.007618321
2010-09-17,0.007287396,0.007195918,0.0071474593,0.0070874225,0.0070900302,0.0071937125,0.00712475,0.007193012,0.0071097594,0.0070902836,0.0071554463,0.0071554463,0.0068885665,0.0071870815,0.00709006,0.0072864424,0.0070900302,0.00710289,0.007138489,0.0072600674
2010-09-20,0.0054963212,0.005404843,0.0053610485,0.0052951407,0.0052975398,0.005397452,0.005332468,0.0053993296,0.0053030383,0.005298121,0.0053698253,0.0053756367,0.0050994884,0.0054025333,0.0052978527,0.0054789465,0.0052983295,0.005306212,0.0053500216,0.005474074
2010-09-21,0.0076642316,0.00756648,0.0075221937,0.007459415,0.007460026,0.00755891,0.0074935537,0.0075633954,0.007466657,0.0074606817,0.0075309705,0.0075409096,0.007263122,0.0075664353,0.007460339,0.0076321643,0.0074605476,0.0074578654,0.007515682,0.0076318216
2010-09-22,0.010462565,0.010426579,0.0103930365,0.010327024,0.010322465,0.010357348,0.010323016,0.010424627,0.010326786,0.010323359,0.010389401,0.010355113,0.010382084,0.010427697,0.010323031,0.010442434,0.010323314,0.010321749,0.010382248,0.010436473
2010-09-23,0.0075982492,0.007566927,0.0075302105,0.0075526666,0.0074601453,0.007559059,0.007528467,0.0075633656,0.007466374,0.0074606817,0.0075278264,0.0074974727,0.0072586816,0.007562278,0.0074604284,0.0076496433,0.007481931,0.007468803,0.007520808,0.0076330733
2010-09-24,0.0079594385,0.007924272,0.007887242,0.007843165,0.007825373,0.007873191,0.007819621,0.007922245,0.0078352075,0.007816924,0.007890044,0.007893352,0.007865949,0.0079232585,0.007816715,0.007955311,0.0078323465,0.007814614,0.007873891,0.007944478
2010-09-27,0.0075989347,0.0075664353,0.0075507592,0.0075352173,0.0074851196,0.007556973,0.0075291526,0.007557763,0.007463677,0.007460667,0.007538764,0.0074935835,0.007251514,0.007563336,0.0074603986,0.007592125,0.0074530523,0.007406829,0.007512627,0.0076459926
2010-09-28,0.0075528305,0.007564543,0.007542236,0.007535694,0.007481275,0.0075260233,0.007533295,0.0075555425,0.0074620675,0.0074606817,0.0075281393,0.007458104,0.0072264504,0.007562576,0.0074604284,0.0075424444,0.007452203,0.007401971,0.007513387,0.0076062065
2010-09-29,0.0075559597,0.0075656753,0.0075308513,0.0076068174,0.0074850004,0.0075581353,0.007566003,0.0075620394,0.00745794,0.0074606817,0.007527558,0.0074677,0.0072575193,0.0075613093,0.0074604284,0.0075979214,0.007458819,0.007410316,0.007506145,0.0076362025
2010-09-30,0.0046591144,0.004666744,0.0046396535,0.0046514105,0.0046015363,0.004629297,0.0046327394,0.0046539884,0.0045734923,0.004560856,0.0046260934,0.004566906,0.0043346416,0.0046644937,0.0045606326,0.0045932066,0.0045555364,0.0045043062,0.004590584,0.0047020745
2010-10-01,0.007554112,0.007565899,0.0075359326,0.0075819474,0.007552488,0.0075590145,0.007566942,0.0075561833,0.0074602496,0.0074606817,0.0075303596,0.007462574,0.0072627645,0.0075623672,0.0074603986,0.007511778,0.0074706506,0.0074238908,0.007495163,0.0076463055
2010-10-04,0.0072769206,0.0072934013,0.007263584,0.007314382,0.007289542,0.0072858464,0.007295264,0.007284252,0.0071882587,0.007190449,0.007247491,0.0071946066,0.0069929194,0.007290853,0.0071902256,0.0072237086,0.0071989577,0.007175682,0.00721897,0.0073720794
2010-10-05,0.0075446945,0.00756499,0.0075311195,0.0075882357,0.0075678956,0.007557852,0.007567076,0.0075583737,0.0075276773,0.0074606817,0.007519914,0.0074694436,0.007268695,0.007562889,0.007460339,0.0075171124,0.007468311,0.00747071,0.0074908715,0.0075795483
2010-10-06,0.0075371396,0.0075664353,0.0075363945,0.0075890254,0.0075446945,0.007499365,0.007567091,0.007560013,0.0075307917,0.0074606817,0.007523356,0.0074893367,0.007269142,0.0075664353,0.007460309,0.007477341,0.007528199,0.0074260365,0.0074964296,0.0075745564
2010-10-07,0.0075280946,0.007566346,0.0075238477,0.007633595,0.0075460654,0.0075029414,0.007567091,0.007565586,0.007526813,0.0074606817,0.0075236093,0.00744961,0.0072694104,0.0075586867,0.0074575674,0.00750996,0.007533787,0.0074741524,0.007504789,0.0075752717
2010-10-08,0.007219119,0.0072579663,0.007240696,0.0073188525,0.007241888,0.007253213,0.0072363894,0.0072639864,0.007222442,0.007154731,0.0072259586,0.0071525555,0.006963147,0.007257847,0.0071677547,0.0072129797,0.0071731787,0.007178379,0.007177962,0.007271586
2010-10-11,0.0073652696,0.0074088406,0.007392181,0.007477699,0.0074255895,0.007406203,0.0074091684,0.007409824,0.007405175,0.0073006283,0.0073809903,0.0073047113,0.0071088206,0.0073893946,0.007318495,0.007376967,0.0073201787,0.007334424,0.00734785,0.0073785763
2010-10-12,0.0075339805,0.007565735,0.007547347,0.0075765233,0.007505415,0.007518528,0.0075674187,0.007567702,0.007555453,0.007460652,0.007541178,0.0074839573,0.007505117,0.0075560343,0.0074726623,0.0075377505,0.0075161736,0.0074955057,0.007515965,0.0075336974
2010-10-13,0.006900577,0.0069341194,0.006918026,0.0069477092,0.0068458896,0.0068894904,0.006939186,0.0069362354,0.006922407,0.0068306457,0.0069192033,0.006838409,0.0068540554,0.0069301855,0.0068594646,0.0069057625,0.0068795662,0.006870283,0.006888462,0.006916089
2010-10-14,0.0075787734,0.007597981,0.0075956266,0.007670773,0.0076155197,0.007608367,0.0076074433,0.0076056253,0.007612182,0.007502569,0.0075885784,0.0075165015,0.0073007923,0.0076028686,0.0075265,0.0075604897,0.007512523,0.007545946,0.0075566154,0.0075838845
2010-10-15,0.0091095995,0.009139223,0.009067399,0.0091519635,0.009040726,0.009135468,0.009109063,0.009135855,0.009135036,0.009041889,0.009120641,0.009050144,0.009057565,0.00913213,0.009063287,0.009118764,0.009047164,0.0090762805,0.009094385,0.009116394
2010-10-18,0.008561267,0.008588521,0.0085463505,0.008534966,0.008486999,0.00853139,0.008495046,0.008583261,0.008528886,0.008486314,0.008563412,0.00849825,0.008535786,0.008584274,0.008486731,0.008569969,0.008494301,0.008534772,0.008523805,0.008554829
2010-10-19,0.0075391512,0.0075624567,0.0075160097,0.0075694453,0.007491557,0.007542236,0.0075137746,0.007557435,0.0075412374,0.0074606817,0.007539822,0.007477252,0.007267995,0.00756274,0.007460786,0.0075495224,0.007471664,0.007506443,0.007484017,0.007531477
2010-10-20,0.0069491994,0.0069758426,0.006907074,0.0070554,0.0069419276,0.0069841575,0.0069547873,0.0069842767,0.006992845,0.0068763923,0.006953655,0.0069030207,0.006668268,0.006982414,0.006876422,0.0069702994,0.0069087725,0.0069279056,0.006900547,0.0069426727
2010-10-21,0.009252517,0.00929491,0.009259446,0.009329645,0.0092531275,0.009281872,0.009246541,0.009299753,0.009277416,0.009195564,0.009273825,0.009197263,0.009002699,0.009297399,0.00919546,0.009291841,0.009229137,0.009231625,0.009215115,0.009252919
2010-10-22,0.0052088927,0.005241273,0.005216537,0.005204482,0.0051197093,0.005155517,0.005141301,0.005248351,0.005146591,0.005141003,0.005214421,0.0051532965,0.0051264,0.0052449387,0.0051407944,0.005242301,0.0051757675,0.0051394533,0.0051673036,0.0052033793
2010-10-25,0.009613169,0.009639336,0.00961612,0.009650482,0.009615583,0.0096410345,0.009598015,0.009648634,0.009629978,0.009542538,0.009619771,0.009576334,0.009504629,0.00964543,0.009542314,0.009645326,0.009554578,0.009554578,0.009564085,0.0096036475
2010-10-26,0.007518364,0.007558344,0.0075228047,0.007570563,0.007526098,0.007542534,0.00752127,0.007567389,0.0075347405,0.007460652,0.0075346213,0.0074729454,0.007482959,0.0075653475,0.0074604433,0.0075641405,0.0074837636,0.0074494015,0.0074958336,0.0075197797
2010-10-27,0.008337183,0.008373378,0.008281572,0.008385448,0.008338733,0.008372737,0.008381097,0.008380337,0.008353172,0.008270292,0.008348195,0.008287383,0.008320732,0.008375732,0.008270098,0.008376909,0.008287637,0.008273466,0.008316709,0.008330403
2010-10-28,0.0063640606,0.00640562,0.006305648,0.0064276885,0.0063604843,0.006366236,0.0063747,0.0064129215,0.006365327,0.006299285,0.0063768756,0.006327329,0.006082101,0.0064074975,0.006299047,0.0064074527,0.00632724,0.0062990617,0.0063523185,0.0063640904
2010-10-29,0.0050854217,0.005122034,0.005040733,0.005076183,0.0050490033,0.0050462764,0.005032478,0.0051274877,0.0050290357,0.0050162803,0.005093647,0.0050512534,0.0050759446,0.005121125,0.0050160717,0.0051273536,0.0050326567,0.004984988,0.0050595235,0.0050770026
2010-11-01,0.007933198,0.007969705,0.007877899,0.007986648,0.007949723,0.007944969,0.007873682,0.00797586,0.007937787,0.00786498,0.007940708,0.007894827,0.0076551717,0.007972224,0.007864786,0.007974787,0.0078956615,0.0078765135,0.0079660695,0.00793062
2010-11-02,0.006697057,0.006729169,0.006617887,0.0066953134,0.0067090522,0.006639568,0.0067035686,0.006733684,0.006687371,0.006621061,0.006700484,0.006654961,0.0067198705,0.006727485,0.0066208374,0.006730063,0.0066542607,0.0066425633,0.006714938,0.0066862237
2010-11-03,0.0073101353,0.0073503237,0.007237641,0.0073734354,0.007368384,0.0072761457,0.00735466,0.007354332,0.0073378067,0.0072392505,0.0073247086,0.007266639,0.00734183,0.007347433,0.0072391015,0.007349251,0.0072877835,0.007262511,0.007342143,0.0073096137
2010-11-04,0.00836396,0.008376105,0.008289231,0.008355288,0.008383138,0.008291794,0.00836332,0.008387981,0.008343531,0.008288456,0.008361889,0.0083031785,0.0083666425,0.008391393,0.008288352,0.008393971,0.008313177,0.008291332,0.0083765965,0.008351756
2010-11-05,0.0076822024,0.007708771,0.007611556,0.0077428054,0.007710485,0.007646559,0.007682396,0.0077225845,0.007700367,0.0076125693,0.0076841395,0.0076285135,0.007718323,0.007717548,0.007612137,0.007714955,0.007663382,0.0076188575,0.007673485,0.007676346
2010-11-08,0.0076677185,0.007701246,0.0075947326,0.007687254,0.007607205,0.0076004695,0.0076496582,0.00771348,0.0076300483,0.0076004397,0.007672889,0.0076092165,0.007665394,0.0077025127,0.0076046716,0.0077061336,0.007659463,0.0075706225,0.0076461863,0.007667957
2010-11-09,0.007844193,0.007876171,0.0077720266,0.007856248,0.007858289,0.007774858,0.0078631025,0.007884724,0.007831333,0.0077747833,0.00784616,0.0077783596,0.007883219,0.00787702,0.007769687,0.007882101,0.0078052264,0.00777903,0.007857291,0.00783026
2010-11-10,0.008629633,0.008649735,0.008553846,0.008635728,0.008646248,0.0085564535,0.008647678,0.008660881,0.008622898,0.008556424,0.008627353,0.008572383,0.008672265,0.008661075,0.008553727,0.008666066,0.008598832,0.008571221,0.008647991,0.008618293
2010-11-11,0.0073460173,0.007386176,0.0072981846,0.0073637348,0.00727324,0.0072802585,0.007370157,0.00739157,0.0073165577,0.007244734,0.007354779,0.0072503816,0.007322831,0.007383881,0.007265417,0.007389454,0.0073111933,0.007231964,0.0073808115,0.007340355
2010-11-12,0.0071992707,0.0072390568,0.007132141,0.007207943,0.0070923846,0.0071264487,0.007137103,0.0072416794,0.007124303,0.0070581865,0.007202862,0.007102279,0.0071720164,0.007233111,0.0071153473,0.0072353166,0.0071736556,0.007100014,0.00713682,0.007185919
2010-11-15,0.004161833,0.0042072516,0.004072545,0.0042416435,0.0040654223,0.0040919464,0.0041831713,0.004206268,0.004155187,0.0040559154,0.0041688513,0.0040538143,0.0038923603,0.0041996967,0.0040842127,0.004205687,0.0041701626,0.0040774327,0.004182009,0.004163338
2010-11-16,0.0075231027,0.0075734835,0.0074771177,0.0076125693,0.0074454974,0.0074606817,0.0075470787,0.007574735,0.007509766,0.0074290168,0.0075440984,0.0074085128,0.007259367,0.007565884,0.007454632,0.007570712,0.0075360965,0.007433219,0.0075469743,0.007533176
2010-11-17,0.007125227,0.0071741175,0.0070622843,0.00721894,0.00703129,0.007063402,0.0071528684,0.007177172,0.007114334,0.0070195924,0.0071440917,0.007010175,0.006866647,0.007167382,0.0070377868,0.0071717184,0.007140426,0.0070040803,0.0071526896,0.0071344506
2010-11-18,0.00750239,0.0075397473,0.007429747,0.0075241607,0.0073644053,0.007429762,0.0074349623,0.0075444262,0.0074366312,0.0073713344,0.0075050276,0.007403923,0.0074509364,0.007535873,0.0074438583,0.0075375717,0.007489113,0.007371826,0.007434545,0.0074990373
2010-11-19,0.0078035276,0.007842882,0.007738469,0.007866455,0.0076732766,0.0077332687,0.0077676903,0.007847382,0.0077635776,0.007677717,0.0078082513,0.007688431,0.007774679,0.007842375,0.007741688,0.0078416,0.00780545,0.0076778065,0.0077673923,0.007798625
2010-11-22,0.0071652513,0.007212026,0.007078318,0.0073049944,0.007074503,0.007100789,0.0072051417,0.0072139334,0.007192863,0.007046966,0.007184459,0.0071049016,0.006882904,0.0072043817,0.0070824157,0.00720915,0.0072038304,0.007058261,0.007204948,0.007168485
2010-11-23,0.0071768593,0.0072232913,0.0071085673,0.0072478782,0.0070566665,0.007114021,0.007150246,0.007226957,0.0071462374,0.0071033966,0.0071949046,0.007135732,0.0071520936,0.0072194915,0.0070959907,0.0072215777,0.0071837287,0.007055564,0.007149888,0.00717978
2010-11-24,0.007690681,0.007722823,0.0075941365,0.0077703875,0.0076230895,0.00761096,0.007673813,0.007725058,0.007661758,0.007613061,0.0076793116,0.0076349806,0.007364271,0.0077164005,0.0076288413,0.007717235,0.007687522,0.0076197665,0.0076777767,0.0076749306
2010-11-26,0.0075783115,0.007604627,0.0074862223,0.0076424163,0.0074460786,0.0075054895,0.0075577777,0.0076082777,0.0075513255,0.0074395966,0.0075636487,0.007542832,0.007250322,0.007600067,0.0074856263,0.0076004993,0.0075697433,0.007459713,0.007565884,0.0075558405
2010-11-29,0.009990601,0.010027094,0.009913294,0.010111107,0.009866742,0.00991763,0.0100144725,0.01002915,0.010015352,0.009857876,0.009994565,0.009965865,0.009703321,0.010020239,0.009899942,0.010022117,0.0100193005,0.009857519,0.010023681,0.009976966
2010-11-30,0.007531358,0.0075704735,0.0074581634,0.007549001,0.007420106,0.0074607115,0.0075045954,0.007574944,0.007454587,0.0074374955,0.0075365137,0.0074918848,0.007482616,0.0075693857,0.007459743,0.007569326,0.0075162183,0.007432176,0.0074649286,0.007512806
2010-12-01,0.007953836,0.007973818,0.007858558,0.008001713,0.0078745615,0.007864652,0.0079324525,0.00798033,0.007898493,0.007856084,0.007935328,0.007906614,0.007907225,0.007974355,0.007869525,0.007973341,0.007943733,0.007884352,0.007900698,0.007917611
2010-12-02,0.0075442325,0.0075688045,0.0074530076,0.007601572,0.0074945074,0.0074626636,0.0075347256,0.00757478,0.0074949395,0.0074509364,0.0075362455,0.007538913,0.007496042,0.0075691026,0.007458223,0.0075680744,0.00755441,0.0074750017,0.007494686,0.0075095575
2010-12-03,0.0075414013,0.007570727,0.007460026,0.0076763313,0.007514788,0.007460667,0.0075503867,0.0075743627,0.0074708443,0.0073941033,0.0075442027,0.007612778,0.0072388034,0.0075710695,0.0074435454,0.007567106,0.0075646173,0.007414369,0.007561533,0.0075167995
2010-12-06,0.009246929,0.009275971,0.009183286,0.0092670005,0.009192882,0.009166164,0.0092146825,0.00928068,0.0091557335,0.0091424715,0.0092480015,0.009251414,0.009174613,0.009275211,0.009171722,0.009275405,0.009179784,0.009125678,0.009169428,0.009225471
2010-12-07,0.0075489115,0.0075664204,0.0074684154,0.007547779,0.0074884873,0.0074606966,0.0074910056,0.0075756144,0.0074392688,0.0074415486,0.0075421613,0.007530449,0.0074674916,0.007569028,0.00745715,0.007563634,0.007508738,0.007397903,0.0074608456,0.0075218957
2010-12-08,0.007564543,0.007584391,0.0074856114,0.0075641703,0.0075149667,0.0074779075,0.007493971,0.007592572,0.0074796956,0.0074379575,0.007556645,0.0075879525,0.0074738394,0.0075902324,0.007498352,0.007587431,0.007492019,0.007439209,0.0074772965,0.0075281244
2010-12-09,0.008682353,0.008700518,0.008602304,0.008771924,0.008688582,0.008593215,0.008606641,0.0087076705,0.008588998,0.0085367095,0.008673547,0.0088184755,0.0083686095,0.008703662,0.008605478,0.008701263,0.008693634,0.008545099,0.008695362,0.008652894
2010-12-10,0.0075449627,0.0075702053,0.0074641537,0.0075469296,0.007493628,0.0074606966,0.0075035673,0.0075757783,0.0074580293,0.0073672663,0.007547913,0.0075698327,0.007467879,0.0075703394,0.007484434,0.007571114,0.0074638706,0.007401092,0.0074638557,0.0075187813
2010-12-13,0.0080247205,0.008046089,0.007941244,0.0080863815,0.007974474,0.007936133,0.007980106,0.008052168,0.007926343,0.007856382,0.00802861,0.008113397,0.007688744,0.008050157,0.007953091,0.008044867,0.008015228,0.007877884,0.008006213,0.007989733
2010-12-14,0.0075528603,0.0075677913,0.0074796807,0.0075566154,0.0074943732,0.0074606966,0.007513238,0.00757627,0.0074444246,0.007468907,0.007544605,0.0075712185,0.00747302,0.007573081,0.007470323,0.0075511914,0.0074629914,0.0074492525,0.0074652117,0.0075261723
2010-12-15,0.0075560343,0.007568879,0.007475732,0.0076024365,0.0075511914,0.0074606966,0.0075140875,0.007577477,0.00743228,0.0074774753,0.0075508337,0.0075611155,0.007496057,0.007573141,0.007458864,0.007554231,0.0074910056,0.0074534845,0.0074947607,0.007528914
2010-12-16,0.0079901945,0.008016078,0.007924331,0.008008389,0.007942496,0.007907806,0.007965831,0.008024065,0.007878197,0.00792451,0.008001132,0.008000119,0.007909818,0.008020325,0.0079066735,0.008010862,0.007913051,0.007853014,0.007908924,0.007975562
2010-12-17,0.0067902487,0.0068127643,0.006719513,0.0068760645,0.006831987,0.0066973995,0.006708814,0.0068149697,0.006677879,0.00672747,0.0067840945,0.0069122743,0.006475745,0.0068128686,0.0067001116,0.00679609,0.0067976993,0.0066408943,0.0067307632,0.0067687314
2010-12-20,0.0067445617,0.006762324,0.0066775214,0.0067788046,0.006749762,0.006649716,0.0066631716,0.00676593,0.006647093,0.0067108255,0.0067369323,0.006767167,0.0064019393,0.006767137,0.006659357,0.0067448597,0.006723849,0.00663702,0.0066497605,0.0067225527
2010-12-21,0.007556705,0.0075724553,0.0075053107,0.007603137,0.007533325,0.0074606966,0.0074726027,0.0075763743,0.007425187,0.0075222086,0.007543845,0.0076086055,0.007222591,0.0075756293,0.0074382406,0.007564975,0.0075326245,0.0074168574,0.0074606966,0.0075329076
2010-12-22,0.0075511765,0.0075716954,0.0074896496,0.0076208245,0.007536946,0.0074543785,0.0074727368,0.0075737815,0.0074251126,0.007515071,0.0075379442,0.0076380055,0.007227702,0.0075240564,0.007441057,0.007555498,0.007535247,0.0074072015,0.0074606966,0.0075285714
2010-12-23,0.0075579267,0.007570712,0.00751899,0.007624073,0.0076117795,0.0074516516,0.007460354,0.007571025,0.0074548405,0.007601483,0.0075306576,0.007691143,0.007257549,0.0075354706,0.007462425,0.0075531285,0.0075668823,0.0073804837,0.0074606966,0.0075261574
2010-12-27,0.006814046,0.006829126,0.006776316,0.006818263,0.006824238,0.0067105573,0.0067198705,0.0068308096,0.0067170095,0.006811036,0.006797252,0.0068433564,0.006774856,0.0068008285,0.0067198556,0.0068155807,0.0067605507,0.0066580754,0.006719662,0.0067908745
2010-12-28,0.0075466316,0.007569505,0.0075257104,0.0076673906,0.007607354,0.007453231,0.007460488,0.0075709503,0.007450102,0.007589964,0.00753635,0.007612465,0.007257534,0.0075502526,0.0074624103,0.0075576883,0.0075641703,0.0074480753,0.007528601,0.007523058
2010-12-29,0.007749228,0.0077676754,0.0077180993,0.007861717,0.0078005027,0.007658927,0.0076589417,0.0077679437,0.0076396298,0.0077909213,0.007730482,0.007816745,0.00745265,0.0077455174,0.0076573174,0.0077558886,0.00776547,0.00759211,0.0077305567,0.007721184
2010-12-30,0.0073827934,0.0074016135,0.007359622,0.007433815,0.0073951464,0.0072906,0.0072976183,0.0074008387,0.007291345,0.007388694,0.0073705297,0.0074530076,0.007348014,0.0073854607,0.007311819,0.0073887836,0.0073363017,0.0072579365,0.007312713,0.007361291
2010-12-31,0.0075431,0.0075614583,0.0075983983,0.007612316,0.0075478684,0.007453067,0.0074605625,0.00756119,0.007440774,0.0075397175,0.007526977,0.0075695943,0.0072283875,0.0075449627,0.007471068,0.0075438153,0.007530628,0.0073917788,0.0074534696,0.007520197
2011-01-03,0.00884415,0.00886981,0.008852525,0.008904619,0.008865474,0.008754922,0.008764265,0.008871196,0.008765889,0.008851631,0.008839084,0.008871583,0.008807762,0.008861734,0.008789582,0.0088585,0.008803038,0.00876431,0.0087979715,0.008827178
2011-01-04,0.0075404327,0.007566316,0.007550968,0.0076535475,0.0076134335,0.0074518155,0.0074605625,0.007568313,0.007457046,0.007597966,0.007531343,0.007564364,0.007251246,0.007558299,0.0074819904,0.0075539034,0.007562874,0.0075159054,0.007493524,0.007519616
2011-01-05,0.0058698338,0.0059058648,0.0058885645,0.0059263986,0.005911691,0.005790485,0.0057958495,0.005909888,0.00579424,0.005885808,0.005867226,0.005902691,0.005557848,0.0058995765,0.0058131497,0.0058953743,0.0058709066,0.0058397036,0.00579953,0.005854888
2011-01-06,0.0075270217,0.0075639617,0.007609172,0.0075914096,0.007572962,0.0074552726,0.0074605625,0.0075749885,0.0074676257,0.0075505804,0.007526977,0.0075679254,0.0075035673,0.007566793,0.0074801426,0.0075573754,0.0075491797,0.007498009,0.00746323,0.0075216573
2011-01-07,0.0066613536,0.0066907983,0.00669129,0.0066355746,0.006639315,0.0065768044,0.006582929,0.006698517,0.0065838825,0.0066157114,0.006663887,0.00667171,0.0065935086,0.006692929,0.0066062342,0.00668378,0.0065865796,0.006621478,0.0065828394,0.00664228
2011-01-10,0.0051392745,0.005170895,0.0051737856,0.005149601,0.0051867496,0.0050557535,0.0050612967,0.0051773023,0.0050728153,0.005157722,0.0051344763,0.005152149,0.0050960016,0.0051726233,0.0050850343,0.005158378,0.005096657,0.0051522385,0.0050613414,0.0051200073
2011-01-11,0.007528169,0.0075662266,0.007563738,0.0075685363,0.0076337736,0.007455824,0.0074605774,0.0075743776,0.0074690115,0.007562114,0.0075267833,0.0075555276,0.0072423946,0.007570518,0.0074693095,0.007559089,0.007563634,0.00759515,0.007460607,0.007523207
2011-01-12,0.006422354,0.0064643603,0.006468056,0.0064676832,0.006480677,0.0063573103,0.0063603055,0.0064765494,0.00635962,0.006424455,0.0064320993,0.006451605,0.00611843,0.006472109,0.0063735526,0.0064584743,0.006442694,0.006407393,0.006360365,0.006425781
2011-01-13,0.002369104,0.002406625,0.0024052393,0.0023670625,0.002420945,0.0022992473,0.0022960585,0.0024127942,0.00230564,0.002324758,0.0023785066,0.0023784917,0.002064718,0.0024122875,0.002313001,0.0023953002,0.0023659002,0.0023403447,0.002296118,0.0023584794
2011-01-14,0.006611405,0.006637333,0.006630866,0.0066024195,0.0066618007,0.0065338593,0.006529866,0.0066438746,0.00654201,0.0065755676,0.0066063236,0.006606428,0.006300701,0.00664456,0.0065422636,0.0066182446,0.006602047,0.006595446,0.006557269,0.0065988135
2011-01-18,0.0060211252,0.006048439,0.0060406607,0.0060446095,0.0060727876,0.0059416573,0.00594051,0.0060539823,0.0059045386,0.0060103666,0.006015284,0.0060316604,0.0057387184,0.0060512107,0.0059315544,0.0060346406,0.006044684,0.006038232,0.0059811305,0.0060132127
2011-01-19,0.0075400453,0.0075642895,0.00755514,0.007567195,0.0076113325,0.0074756574,0.007460607,0.007574586,0.007446317,0.0075283777,0.007531179,0.0075397175,0.0072614383,0.0075677913,0.0074673425,0.007548047,0.007567404,0.007541759,0.007504938,0.0075351726
2011-01-20,0.009049727,0.00906655,0.009062184,0.009066863,0.009119971,0.008986009,0.008965014,0.009078382,0.008961139,0.009043334,0.009033827,0.008937685,0.008765725,0.009069366,0.008971496,0.009046359,0.009067176,0.009059323,0.009021921,0.00903487
2011-01-21,0.007541118,0.007562233,0.0075561684,0.0074991267,0.0075664353,0.007462634,0.0074632745,0.007575674,0.007461561,0.007520927,0.007523669,0.0074776243,0.0075172167,0.007565988,0.0074787866,0.0075484198,0.0074997377,0.0075464826,0.0075502377,0.007528214
2011-01-24,0.0075370204,0.0075571965,0.007554127,0.0075156074,0.0075593274,0.0074653756,0.0074700993,0.007574139,0.0074495506,0.0075380486,0.007520525,0.007501794,0.0075077843,0.0075528603,0.0074641537,0.007543696,0.007496057,0.0075560343,0.007546855,0.007531775
2011-01-25,0.0075362455,0.0075552445,0.0075566005,0.007576106,0.007609902,0.0074694585,0.0074792337,0.0075752567,0.007445572,0.0075537544,0.0075209867,0.0075044464,0.007250605,0.007552324,0.007468311,0.0075428616,0.007563455,0.0075534713,0.0075495522,0.0075317156
2011-01-26,0.007717369,0.007733045,0.0077412706,0.0077896845,0.007781772,0.007651074,0.0076578837,0.0077511203,0.007614089,0.007731525,0.0076961797,0.007645173,0.0074231606,0.007729305,0.0076245796,0.0077161174,0.007744519,0.0077530276,0.007732598,0.0077034216
2011-01-27,0.0075404625,0.007556079,0.007560281,0.0075845253,0.0075650048,0.0074969064,0.007525442,0.0075729173,0.007460041,0.0074798744,0.007528005,0.007494284,0.0072283875,0.0075601023,0.007468758,0.0075509977,0.0075328927,0.007530449,0.007558001,0.00752805
2011-01-28,0.0075404774,0.007560475,0.0075575393,0.0076238196,0.007578818,0.0074949395,0.007527707,0.007574184,0.007464839,0.007492913,0.007530732,0.007524548,0.0072333496,0.0075619947,0.007467417,0.007560132,0.0075339805,0.007515041,0.0075483005,0.0075267535
2011-01-31,0.007983519,0.008000104,0.00799769,0.008095054,0.008067934,0.007931707,0.007968275,0.008013962,0.007902322,0.007970406,0.0079647135,0.007959379,0.007700486,0.008001937,0.007909996,0.007997109,0.008007539,0.008021144,0.007991863,0.007968454
2011-02-01,0.007543577,0.007561637,0.0075601917,0.007569818,0.0075710844,0.0074979793,0.007537646,0.007573856,0.007466404,0.0075309407,0.007526038,0.00753179,0.0075187217,0.00756651,0.007467447,0.0075623672,0.0074997675,0.007572947,0.0075568836,0.0075276773
2011-02-02,0.0075267386,0.0075547677,0.0075585973,0.007554127,0.007583646,0.0074964296,0.007533191,0.007569952,0.0074852835,0.0075400304,0.0075208675,0.0075291526,0.0075098407,0.0075658094,0.007483376,0.0075611006,0.007496221,0.0075734537,0.0075440984,0.0075207483
2011-02-03,0.0075234603,0.0075508486,0.0075624567,0.0075663906,0.007622881,0.0074836295,0.0075287055,0.0075726938,0.007456584,0.007539494,0.0075260084,0.0075148623,0.007251663,0.0075668674,0.0074708443,0.0075649302,0.0075633805,0.007572187,0.007550178,0.0075210314
2011-02-04,0.0075180214,0.007549925,0.007562993,0.0075670313,0.007620899,0.007457657,0.0075051915,0.0075728428,0.007458834,0.007558776,0.0075198244,0.007493673,0.0072511565,0.007565288,0.0074760746,0.00756572,0.007565556,0.00756271,0.007553054,0.0075038057
2011-02-07,0.007525606,0.007531313,0.0075642597,0.0075725596,0.0075708907,0.007521225,0.007521404,0.0075696837,0.007465778,0.0074881595,0.0075231176,0.007509319,0.0072289538,0.0075652134,0.0074816328,0.007550968,0.0075329076,0.007412581,0.0075539183,0.0075080227
2011-02-08,0.007515533,0.007532714,0.0075653326,0.0075894278,0.0076007377,0.007495178,0.0075218063,0.007571576,0.0074815284,0.007515086,0.0075202864,0.0075057726,0.007234214,0.0075641256,0.007492928,0.0075493436,0.00753404,0.0075476747,0.0075481515,0.0075132083
2011-02-09,0.0070378315,0.007037474,0.0070589464,0.0070719104,0.007085083,0.007008357,0.0070376527,0.007076828,0.0069834273,0.0070451777,0.007027818,0.006972162,0.0070218723,0.0070728194,0.0069909077,0.0070432555,0.00700636,0.0070812237,0.0070457887,0.0070185047
2011-02-10,0.0075327735,0.007546453,0.007554589,0.0075264554,0.007559223,0.0075042676,0.007520659,0.0075722765,0.0074687283,0.0074757766,0.00751896,0.0075152796,0.007409675,0.007566629,0.007482199,0.007546602,0.007558478,0.007562546,0.007533772,0.0075098705
2011-02-11,0.006374849,0.006391881,0.00638981,0.006323172,0.006420372,0.006371675,0.0063634943,0.006415678,0.0063395184,0.006308345,0.0063602757,0.006317137,0.006227402,0.006409807,0.0063371193,0.0063899737,0.0063713472,0.0063758325,0.006380154,0.0063521694
2011-02-14,0.008384688,0.00838813,0.008404149,0.0082984995,0.008434234,0.008354468,0.008365927,0.008417515,0.008328332,0.008299096,0.0083654355,0.008298008,0.00827132,0.008409245,0.008362738,0.008390201,0.008409826,0.008403046,0.008380128,0.008371068
2011-02-15,0.0075424444,0.0075365882,0.0075484794,0.007395847,0.00751896,0.0075013023,0.007526366,0.007574139,0.007479666,0.007427288,0.0075166207,0.0074632,0.0073874574,0.0075671207,0.0075248014,0.007532386,0.0075345915,0.0075112116,0.0075225215,0.00750318
2011-02-16,0.0075436067,0.007539911,0.007557584,0.0073405486,0.007527424,0.0075131785,0.007529525,0.0075723063,0.0074914973,0.0074408483,0.007514147,0.007470472,0.0074752104,0.007567374,0.007529525,0.0075408053,0.007544456,0.007520346,0.007527856,0.0075061005
2011-02-17,0.007544009,0.0075419378,0.0075511616,0.007530419,0.007547019,0.0075177234,0.0075262617,0.007572515,0.0074947607,0.0074421745,0.0074284654,0.007479174,0.0074869525,0.007568462,0.007512687,0.007543994,0.007540075,0.007522417,0.0075321477,0.0075045656
2011-02-18,0.007547332,0.0075342786,0.0075650793,0.0075543206,0.0075508486,0.007503299,0.007520793,0.007573141,0.007492764,0.007449908,0.007398663,0.007483406,0.0075026583,0.007564096,0.0075193625,0.0075397473,0.0075338017,0.007504089,0.0075287353,0.0074920338
2011-02-22,0.005265726,0.0052532386,0.0052829217,0.0052835178,0.005261896,0.0052244943,0.005241452,0.0052940827,0.0052066576,0.0051870774,0.0052121263,0.0051133167,0.0052317064,0.0052831154,0.005233718,0.0052551758,0.0052725803,0.0052327346,0.0052546244,0.005232541
2011-02-23,0.007536469,0.007520346,0.007561473,0.007441161,0.0075564664,0.007505549,0.0075197946,0.0074881893,0.007490335,0.00744511,0.007473765,0.0073695164,0.0074923467,0.007554276,0.00753331,0.0075229835,0.007530017,0.007528467,0.007534681,0.0074823927
2011-02-24,0.0052022915,0.0051968973,0.005226044,0.005211128,0.005218355,0.0051662903,0.005171297,0.0052206647,0.0051555913,0.0051095616,0.005156545,0.0050040316,0.005165307,0.005219994,0.005169837,0.0051997434,0.0052090418,0.005188493,0.0052015614,0.0051502567
2011-02-25,0.006784035,0.006784914,0.006816266,0.006811036,0.0067931693,0.0067545455,0.0067499857,0.006815372,0.006742565,0.0067108255,0.0067515057,0.0066117626,0.006700067,0.0067952704,0.0067793857,0.0067869406,0.006725041,0.0067723524,0.0066704284,0.0067605805
2011-02-28,0.0075406116,0.0074852984,0.007563306,0.0075657945,0.0075576287,0.007510422,0.0075163823,0.0075677168,0.007504938,0.007455973,0.0074570607,0.007336436,0.007427005,0.0075605493,0.0075406265,0.00753179,0.0074762087,0.0075446647,0.0074018817,0.0074741375
2011-03-01,0.007854013,0.0077858847,0.007873563,0.007871924,0.0078671705,0.007828562,0.007827504,0.00787702,0.007813318,0.0076996963,0.00775194,0.007640941,0.0077354144,0.007868005,0.007865159,0.007830707,0.0077797156,0.007863564,0.007698847,0.007784454
2011-03-02,0.007522119,0.0075109582,0.0074816626,0.0075296443,0.0075472724,0.007485805,0.007496102,0.007569162,0.0075039696,0.007434113,0.0074996483,0.0075092595,0.007443918,0.0075558256,0.0075259637,0.007542191,0.0074569862,0.007540567,0.007385103,0.00748585
2011-03-03,0.006728051,0.006748317,0.0067024957,0.006683005,0.006780399,0.006727798,0.0067385267,0.006725384,0.006727604,0.0067117494,0.0067013334,0.0067127477,0.006688876,0.0067722183,0.0067585837,0.0067604613,0.006685881,0.0067771953,0.0066176485,0.0066843014
2011-03-04,0.00720389,0.007186128,0.007183118,0.0072144847,0.00725512,0.0071784984,0.0071968418,0.007266892,0.0072139185,0.0071496945,0.007223351,0.0072422605,0.0071608108,0.0072633754,0.0072289687,0.0072528105,0.007137878,0.0072538685,0.0070917737,0.007190926
2011-03-07,0.007703943,0.007699905,0.007604046,0.007671101,0.0077182036,0.007662533,0.007670937,0.0077364724,0.007669328,0.007627366,0.00768782,0.0077012014,0.0075965505,0.0077299755,0.0076870304,0.0077200215,0.007628007,0.0077038985,0.0075371396,0.007682873
2011-03-08,0.0075064134,0.007469384,0.0074605774,0.007465018,0.0075460356,0.007478116,0.0074898284,0.0075663608,0.0074982326,0.007438896,0.00752574,0.0075524133,0.00744283,0.0075558554,0.007502271,0.0075507592,0.007459743,0.0074371826,0.0073812585,0.0074797105
2011-03-09,0.003275482,0.00322452,0.0032164883,0.0032429378,0.0033081006,0.0032639783,0.0032630544,0.003322674,0.0032504778,0.0031663459,0.003277747,0.0032996964,0.0031911265,0.0033118557,0.0032560062,0.003303824,0.0032265764,0.003153054,0.0031327438,0.0032375883
2011-03-10,0.0075351875,0.0074882936,0.007428227,0.0074611735,0.007546095,0.0075044464,0.007505594,0.007568268,0.007486297,0.0074504446,0.007518498,0.00754839,0.0074361395,0.0075529795,0.007492868,0.007541178,0.0074789356,0.007509513,0.007386012,0.0074790847
2011-03-11,0.00755593,0.0074281674,0.007528497,0.007529093,0.007555453,0.007516844,0.007517172,0.007559715,0.007493062,0.007448731,0.0075242203,0.007535754,0.007433323,0.0075628143,0.0075030755,0.007545499,0.0074875336,0.007434277,0.007368056,0.0074841063
2011-03-14,0.007562129,0.0074482393,0.007548837,0.007533727,0.0075578224,0.0075235497,0.007520316,0.007564841,0.007483868,0.007459594,0.007523624,0.0075428467,0.007542355,0.0075630974,0.007499872,0.0075368118,0.0074817818,0.0074149948,0.007358996,0.007483853
2011-03-15,0.007557867,0.0074780267,0.0075540375,0.0075339954,0.007555617,0.007520629,0.0075202566,0.0075695496,0.0074821245,0.007452322,0.00752203,0.007534204,0.0075585227,0.0075626504,0.0074938517,0.007534651,0.0074799787,0.007400302,0.007361127,0.00748129
2011-03-16,0.007558806,0.007503165,0.007540865,0.007534636,0.0075500887,0.00751221,0.00752428,0.0075662713,0.0074544083,0.007520927,0.007515935,0.0074863415,0.0075577926,0.0075655263,0.0075075906,0.0075230133,0.0074802916,0.007491065,0.0073704403,0.0074827503
2011-03-17,0.006575329,0.0065195095,0.006589858,0.006588189,0.0065772217,0.0065410417,0.0065497886,0.0066071283,0.006497292,0.00651866,0.0065561365,0.006518973,0.0065912735,0.0065984707,0.006521551,0.006575195,0.0065032076,0.0065340977,0.0064126384,0.0065315496
2011-03-18,0.008960141,0.008851333,0.008985637,0.008977933,0.008971317,0.008939041,0.008937566,0.009002311,0.008897616,0.008912591,0.008944018,0.008936388,0.008989288,0.008990807,0.00893007,0.008965043,0.008893056,0.008937476,0.008840619,0.008911325
2011-03-21,0.007540239,0.0073862504,0.0075597,0.007548971,0.0075484645,0.007504953,0.0074950885,0.0075737964,0.007482229,0.0074290168,0.0075192135,0.007530598,0.007473005,0.0075591784,0.0074803215,0.0075368863,0.007460369,0.007522581,0.0073882025,0.0074751806
2011-03-22,0.007538317,0.0073791873,0.0075573903,0.007548867,0.0075106304,0.007502569,0.007495431,0.0075746905,0.00747223,0.007417677,0.0075170677,0.0075161736,0.0074598473,0.0075589996,0.0074700546,0.007534785,0.0074603837,0.0075151157,0.0073813926,0.0074916016
2011-03-23,0.0049301814,0.0047797244,0.00495,0.004937453,0.0048961025,0.004892556,0.004883943,0.0049668085,0.0048501324,0.004823072,0.004912628,0.0049221944,0.0048410427,0.004950149,0.004865853,0.0049339514,0.0048515927,0.0049059223,0.004767103,0.004883079
2011-03-24,-0.0010476429,-0.0011441726,-0.0010230709,-0.0010471661,-0.0011081267,-0.0010952521,-0.0010924358,-0.0010208655,-0.0011565704,-0.0011356641,-0.0010650922,-0.0011363644,-0.0011111666,-0.001026826,-0.0011337716,-0.0010503102,-0.0011276025,-0.0010896046,-0.0011641998,-0.0011000056
2011-03-25,0.00754915,0.0074558537,0.0075596254,0.007549135,0.007466493,0.007507367,0.007506652,0.007565601,0.0074437093,0.0074077826,0.0075291973,0.00746773,0.0074554365,0.0075585376,0.007471515,0.007541282,0.007460354,0.0075094085,0.007387815,0.007504357
2011-03-28,0.0067619067,0.0066684615,0.006770132,0.0067570936,0.0066954475,0.0067159217,0.0067200195,0.006760193,0.006683899,0.006633548,0.006736977,0.0066384654,0.006677864,0.0067706537,0.0067059677,0.006753696,0.006668104,0.0066980105,0.006580157,0.00672224
2011-03-29,0.007550789,0.0075018387,0.0075647663,0.0075484943,0.0074585658,0.00750467,0.0075125527,0.007555438,0.0074498933,0.0073903184,0.007527141,0.007457791,0.007495789,0.007561369,0.007487608,0.0075421166,0.0074603986,0.0074757915,0.0073818844,0.0075070392
2011-03-30,0.0075522494,0.0074407887,0.0075562727,0.0075490605,0.007464675,0.0075089317,0.007515548,0.00755669,0.0074340384,0.0074019115,0.007522924,0.0074110758,0.007447062,0.007562725,0.007475836,0.007547034,0.0074604135,0.0074489694,0.007404713,0.0075134914
2011-03-31,0.007552592,0.007388739,0.007554708,0.0075391214,0.007487936,0.007507516,0.0075200927,0.0075633954,0.0074429642,0.0073896926,0.007527007,0.007383449,0.007425366,0.007565839,0.0074851345,0.0075437557,0.0074604135,0.007468967,0.0073966663,0.00751443
2011-04-01,0.0076523107,0.0074828696,0.007641582,0.007629646,0.0075661223,0.0076109897,0.0076664817,0.00764337,0.0075552743,0.0074677,0.007620467,0.0074845385,0.0076481383,0.007660968,0.0075894874,0.007648645,0.0075555276,0.0075986963,0.0075980406,0.007613985
2011-04-04,0.004687203,0.0046028774,0.0046751034,0.004669009,0.0045644175,0.004636897,0.0046436917,0.004693566,0.004598899,0.0045030843,0.004651604,0.004492728,0.0046057086,0.004695235,0.0046346765,0.0046818983,0.004592253,0.0045873504,0.0045683663,0.004641069
2011-04-05,0.0075574648,0.0075300317,0.007539658,0.0075009894,0.0074951034,0.007508142,0.00751598,0.0075614583,0.0074473005,0.007385595,0.00751671,0.0074177515,0.0074355435,0.0075632315,0.0074766558,0.007536469,0.0074956696,0.0074711572,0.007424159,0.0075146686
2011-04-06,0.0069767814,0.0069612395,0.006922601,0.0069320034,0.006856812,0.0069271605,0.0069345366,0.0069848876,0.0068770032,0.006783558,0.0069487225,0.0068047326,0.006875975,0.006982861,0.006913675,0.0068945717,0.006926758,0.0068982076,0.006817935,0.0069408547
2011-04-07,0.0048455726,0.0048319083,0.0047825705,0.00481057,0.004724277,0.0047904532,0.0047890823,0.004852129,0.004743887,0.004654674,0.0048156213,0.0046899896,0.004742427,0.0048480164,0.00478193,0.0047779363,0.0048026126,0.004742248,0.004674537,0.004804088
2011-04-08,0.008997841,0.008984862,0.008923171,0.00896555,0.008900089,0.0089384,0.008945627,0.009008599,0.008908493,0.008806391,0.008969335,0.008894501,0.00891812,0.009004412,0.0089488905,0.008936403,0.008963464,0.0089143645,0.008859752,0.0089424085
2011-04-11,0.008238656,0.008231549,0.008170618,0.00822988,0.008132605,0.008183224,0.008190094,0.008251382,0.0081433635,0.008118449,0.008215172,0.00813858,0.008151142,0.008248432,0.008139281,0.00818008,0.008216454,0.008140741,0.0081444215,0.008196263
2011-04-12,0.007558821,0.0075505804,0.0074642133,0.007536335,0.0074413996,0.0075019877,0.007502375,0.0075643193,0.007511584,0.0075181406,0.007533325,0.007501347,0.0074521285,0.0075620394,0.0074880105,0.0075498503,0.007498784,0.00741799,0.007401271,0.007511137
2011-04-13,0.0075498503,0.0075392406,0.007474793,0.007525919,0.007451309,0.0075098556,0.0075076055,0.007558657,0.0074552726,0.007509811,0.007533727,0.007496072,0.007444514,0.0075583737,0.0074854624,0.0075440686,0.007484777,0.0074694883,0.0073923897,0.0075064134
2011-04-14,0.009642107,0.0096318405,0.009553222,0.009613855,0.009544713,0.0096004885,0.009597061,0.009648381,0.009554891,0.009604303,0.0096274745,0.009583263,0.009533478,0.00965157,0.00957918,0.009640483,0.009583442,0.009553282,0.009517504,0.0096050035
2011-04-15,0.007553233,0.0075507592,0.007464243,0.007521836,0.007412551,0.0075107645,0.0075063985,0.007558001,0.007453529,0.0075083505,0.007531522,0.00750616,0.007455064,0.0075592827,0.007470457,0.007561786,0.007491244,0.007461397,0.007397441,0.007514028
2011-04-18,0.009422449,0.0093842875,0.009312598,0.009395568,0.009331433,0.009331478,0.009371756,0.009419275,0.009343563,0.00939451,0.009394063,0.00938843,0.009380652,0.0094198715,0.009330673,0.0094278585,0.009369386,0.009333087,0.009354709,0.0093683135
2011-04-19,0.0075563174,0.007456882,0.0073854458,0.0076011997,0.007470859,0.007459877,0.00755669,0.0075479727,0.007475389,0.0075062495,0.0075242054,0.0075745117,0.0072579216,0.0075528454,0.0074603837,0.007619513,0.0075127613,0.0074970257,0.007500751,0.007495923
2011-04-20,0.0075557064,0.0074548107,0.0073712897,0.0076048058,0.007461516,0.0074496996,0.007551668,0.0075504165,0.0074676853,0.007507948,0.0075211357,0.007576881,0.0072592776,0.007554231,0.007460175,0.007623581,0.0075094234,0.0074947607,0.0075007062,0.0074916314
2011-04-21,0.008597268,0.008515714,0.008432297,0.0086444,0.008511765,0.008483781,0.008583723,0.008596746,0.008517204,0.008553131,0.008563904,0.008614032,0.008303938,0.008594571,0.008500783,0.008666543,0.008545054,0.008540643,0.008577941,0.00853744
2011-04-25,0.007561503,0.007482169,0.007386951,0.0075381827,0.0073947143,0.007459147,0.007510362,0.007556377,0.007456688,0.00750318,0.007534085,0.0075014215,0.0074785333,0.007559268,0.0074602496,0.0075659733,0.007493688,0.0074356925,0.007518528,0.007516844
2011-04-26,0.0088878255,0.008800475,0.008750839,0.008922545,0.008737428,0.008791057,0.0088656675,0.008879809,0.008787556,0.008832214,0.008861197,0.008877752,0.008827193,0.008890672,0.008789165,0.008934332,0.00884342,0.0087770205,0.008899627,0.008856995
2011-04-27,0.0047772955,0.0046767574,0.0046231877,0.0048114937,0.004666848,0.00467634,0.004751025,0.0047742855,0.0046673547,0.0047097784,0.004747225,0.0047714096,0.004707871,0.0047819447,0.00467336,0.0048237424,0.004725201,0.0046742093,0.0047896337,0.0047442
2011-04-28,0.0063200127,0.0062075686,0.0062367152,0.006411655,0.0061570983,0.0062214565,0.0063651484,0.0063190293,0.0062401723,0.006272031,0.006289525,0.0063869786,0.0059962254,0.0063237976,0.0062175076,0.006438939,0.0062521975,0.0061817896,0.006399868,0.0062838923
2011-04-29,0.0086862575,0.008612273,0.008599831,0.008732615,0.008521957,0.008580921,0.00865872,0.008681176,0.008591769,0.008629365,0.00865878,0.008688359,0.008335171,0.008685274,0.00858113,0.008757008,0.008629395,0.008534668,0.008700384,0.008652387
2011-05-02,0.007652087,0.0075950306,0.0075833183,0.0076393317,0.0075406414,0.0075487774,0.007551728,0.007649837,0.007554887,0.0075968485,0.0076255184,0.0075810533,0.0075557064,0.007654829,0.0075489264,0.007653309,0.0076070707,0.007534815,0.007604895,0.007612763
2011-05-03,0.0075642746,0.0074724536,0.007498799,0.007613955,0.007482348,0.0074602496,0.0075301956,0.0075620394,0.007452963,0.0074800383,0.0075313877,0.0075707417,0.0072202217,0.007566778,0.0074602347,0.0076290797,0.0075138044,0.007420806,0.0075310897,0.0075156223
2011-05-04,0.0075603705,0.00746925,0.0075111967,0.007625712,0.0075188857,0.007460309,0.00756648,0.007560326,0.0074540954,0.0075011235,0.0075340997,0.0076204967,0.007247312,0.0075668674,0.0074601453,0.007677315,0.007465152,0.007461725,0.007570697,0.007521076
2011-05-05,0.0075631123,0.0074572545,0.0075080525,0.0075849425,0.0074239206,0.0074603837,0.0074964445,0.0075609367,0.007464273,0.0075100344,0.0075361114,0.007557405,0.007496966,0.0075625163,0.007460309,0.007610185,0.007514296,0.007420225,0.0075590443,0.0075173955
2011-05-06,0.007563291,0.0074993502,0.007520331,0.007550327,0.0074614715,0.0074604135,0.0074622016,0.0075653624,0.0074611586,0.0075071286,0.0075387936,0.0074948054,0.007473586,0.0075658243,0.0074602943,0.007565586,0.0075272303,0.007417215,0.007512061,0.0075335037
2011-05-09,0.0075611603,0.0076039415,0.007534383,0.0076636057,0.007475568,0.007460458,0.007562993,0.0075679105,0.0074831676,0.0074890386,0.0075375717,0.007620452,0.007243572,0.007568015,0.0074602347,0.0076760184,0.007520361,0.007404579,0.007505415,0.007521851
2011-05-10,0.007559357,0.0075495224,0.007534189,0.0075520556,0.0074599963,0.007460488,0.0074971,0.007569937,0.007488264,0.007505445,0.0075409543,0.0075439196,0.0074985605,0.0075601023,0.0074563455,0.007609023,0.0075068604,0.007437108,0.0074888747,0.007518409
2011-05-11,0.0075582843,0.0075463187,0.007532073,0.0075475704,0.0074655395,0.007460503,0.0074604433,0.0075713973,0.0074967872,0.0075213145,0.0075432938,0.0075029414,0.0074650776,0.007560326,0.0074583422,0.0075608175,0.007517768,0.0074613225,0.007483078,0.007521121
2011-05-12,0.007557748,0.0075504165,0.0075194817,0.00760266,0.007425694,0.007460503,0.0075294655,0.007566167,0.0074985754,0.00752352,0.0075430404,0.007569013,0.0072152596,0.007559387,0.0075279307,0.007627217,0.007497905,0.0074465405,0.0074821543,0.0075060856
2011-05-13,0.007529808,0.007561831,0.007518826,0.0075959247,0.007420225,0.007460518,0.0074971896,0.007565407,0.0075248014,0.007516278,0.007538272,0.007586984,0.007497398,0.0075607877,0.007459296,0.007613225,0.007514341,0.0074171554,0.0074613076,0.007525621
2011-05-16,0.007547168,0.007530419,0.007518349,0.0076132845,0.0074116867,0.007460518,0.007528944,0.007565586,0.007517649,0.00753106,0.0075437855,0.007617248,0.007217614,0.0075573307,0.0075293165,0.0076369327,0.0075155776,0.007434858,0.0074608456,0.007525591
2011-05-17,0.007869093,0.007872058,0.00787103,0.007971806,0.0077399444,0.007812602,0.007882489,0.007918639,0.007867871,0.007871104,0.007897837,0.007971419,0.0075723957,0.007914348,0.007882519,0.007992087,0.007870553,0.0077651422,0.007812677,0.007874681
2011-05-18,0.0074789803,0.007441489,0.0075062495,0.007674424,0.007408036,0.0074747037,0.007566018,0.007569073,0.007505996,0.0075024795,0.0075411033,0.0076694917,0.007250769,0.007566152,0.007543711,0.0076789986,0.0075304043,0.0074299257,0.0074604284,0.0075221937
2011-05-19,0.0074869823,0.007425351,0.0075167846,0.0075570475,0.007494403,0.0074520838,0.007534785,0.0075647216,0.0075223725,0.007499976,0.0075365286,0.0075323414,0.007437108,0.007566033,0.0074388515,0.007567255,0.007528452,0.007474242,0.007452337,0.0075248014
2011-05-20,0.0035431962,0.0034952145,0.003584994,0.0036510509,0.0035755467,0.0035505574,0.003620578,0.003630368,0.0035748016,0.0035163742,0.0035958719,0.0036323648,0.0033191126,0.0036273878,0.0035396945,0.0037260335,0.003574578,0.0036329608,0.003512023,0.0035808664
2011-05-23,0.0063919257,0.006293563,0.0063762795,0.0064414274,0.006372614,0.006308211,0.006408302,0.00641769,0.006361006,0.006325422,0.006396709,0.0064379107,0.006105108,0.0064195525,0.0063211005,0.006531013,0.0063657444,0.0064044576,0.0063003283,0.0063731056
2011-05-24,0.00755365,0.0074479263,0.007551862,0.0075999927,0.0074079167,0.0074906033,0.0075651538,0.007571114,0.007510079,0.007506637,0.0075487476,0.0076307934,0.007259248,0.0075731855,0.007559536,0.007680459,0.0075152796,0.0075614434,0.007458536,0.0075240713
2011-05-25,0.007557733,0.0073998254,0.007541878,0.007542936,0.0074726176,0.0074646007,0.007475255,0.0075698327,0.0075264107,0.007534234,0.007544635,0.007517053,0.0075110476,0.007571114,0.0074578654,0.007568268,0.0074880105,0.007546006,0.007455392,0.0075250994
2011-05-26,0.007548047,0.0074361246,0.0075410884,0.0075407308,0.0074830633,0.00746244,0.007491423,0.0075703245,0.0075257253,0.0075355005,0.0075408947,0.007559715,0.00750467,0.007567851,0.0074602794,0.007612301,0.00750163,0.0075854044,0.007452531,0.007513417
2011-05-27,0.0075659435,0.007522283,0.007577477,0.0076153707,0.007442279,0.007457612,0.0075588357,0.007569028,0.007531522,0.0075374227,0.0075525325,0.0076150876,0.0072481465,0.007570414,0.0074595045,0.0076743495,0.007511301,0.0075777005,0.0074623358,0.0075286906
2011-05-31,0.007568015,0.007542504,0.0075706225,0.007553084,0.0074149054,0.007464258,0.0075207185,0.0075703245,0.007520316,0.007538883,0.0075481962,0.00756043,0.007501511,0.0075701755,0.007512061,0.0076097976,0.007510362,0.0075582694,0.007460518,0.0074894857
2011-06-01,0.007563485,0.0075418185,0.0074992906,0.0075526964,0.007419659,0.0074544232,0.007470263,0.007572947,0.0075336974,0.007556243,0.00754836,0.007500006,0.007455228,0.0075701755,0.007461665,0.007563589,0.007517619,0.007506354,0.0074581336,0.0075201225
2011-06-02,0.007631464,0.007525636,0.0075196605,0.007554142,0.007424159,0.0074696373,0.007549269,0.007564647,0.007539062,0.007541148,0.0075447243,0.0075611304,0.0072172564,0.007565124,0.007478578,0.00763054,0.0075211953,0.0075228494,0.0074673723,0.0075074714
2011-06-03,0.0074402373,0.007403357,0.007421,0.0074772667,0.007284699,0.007363213,0.0074527245,0.0074385684,0.0074073505,0.00742626,0.0074121635,0.0074445587,0.0071129333,0.0074352007,0.007293118,0.0075384807,0.0073969793,0.0074166786,0.007331578,0.0073743295
2011-06-06,0.007335482,0.0073385965,0.0073395204,0.007349087,0.007256476,0.00728303,0.0073673557,0.0073551517,0.007237969,0.0073536765,0.007333828,0.0073045474,0.0070164334,0.007345764,0.007191999,0.007415144,0.007310657,0.0073200297,0.007276548,0.0073076915
2011-06-07,0.007537825,0.007532729,0.0075172912,0.007561935,0.00748354,0.00748956,0.0074916314,0.0075570624,0.007422162,0.007559059,0.0075365435,0.00748056,0.0073983353,0.007554246,0.0074778777,0.00755365,0.007524444,0.0074940156,0.0074865352,0.0074970704
2011-06-08,0.007600991,0.007550342,0.007560743,0.0075612497,0.007428108,0.007497249,0.007570727,0.007566748,0.0075164717,0.007555185,0.0075468402,0.0075134467,0.007486893,0.00756271,0.007454021,0.0075994264,0.007524712,0.0075041037,0.0074783396,0.0075006466
2011-06-09,0.0036152583,0.003618149,0.0036015492,0.0036357623,0.0035238694,0.0035746526,0.0036450159,0.0036421102,0.0035980623,0.0036395025,0.0036178362,0.0035934877,0.003525747,0.0036388766,0.0035558771,0.0036389213,0.003588749,0.0036004167,0.0035510045,0.0035749208
2011-06-10,0.008034674,0.008026047,0.008015005,0.0080400985,0.007932125,0.007980121,0.00804442,0.00804509,0.008000864,0.008047504,0.008021129,0.0080158245,0.007925762,0.008033691,0.007928414,0.008064328,0.007995648,0.0079773795,0.007963611,0.007970033
2011-06-13,0.008013887,0.007968647,0.007948516,0.007985322,0.007842107,0.007930858,0.008004157,0.007986752,0.00792001,0.007995037,0.007964743,0.007947249,0.0076830965,0.007986484,0.007875992,0.008016003,0.007947041,0.007949812,0.00782883,0.007927103
2011-06-14,0.007600991,0.007553486,0.0074770134,0.007557718,0.007481916,0.0074911397,0.0075840037,0.007564692,0.0075097214,0.007414637,0.00754459,0.00754687,0.007266177,0.0075651687,0.0075035077,0.007571755,0.007513134,0.007541729,0.007377429,0.0075047594
2011-06-15,0.0075614434,0.007557003,0.0074736606,0.0075307023,0.007463021,0.007474808,0.0075216275,0.007558955,0.007476164,0.0074284207,0.007541014,0.0074634533,0.007518513,0.0075609963,0.0074507277,0.007513283,0.0074881,0.0074738692,0.0073569696,0.007484136
2011-06-16,0.0075519513,0.007546408,0.0074741673,0.0075293463,0.0075018387,0.0074796807,0.0075241756,0.00755815,0.007496355,0.007418854,0.0075350534,0.007497711,0.00755666,0.007558508,0.0074525755,0.007537855,0.007501779,0.0075014215,0.00736518,0.007497592
2011-06-17,0.0056301933,0.005564688,0.0054932665,0.0055333804,0.0055380147,0.0055083465,0.0055893343,0.0055828076,0.0055351984,0.0055297595,0.005556343,0.0055987965,0.0055772793,0.005583195,0.00548221,0.005613191,0.005513085,0.005587263,0.005483685,0.005529387
2011-06-20,0.007602541,0.0075496715,0.007460175,0.0075059813,0.0075299274,0.0074623656,0.007620482,0.007563634,0.007505236,0.0075163674,0.007545678,0.0075973403,0.00727172,0.0075632166,0.0074406248,0.007648064,0.00748205,0.007561071,0.0074681323,0.0075095426
2011-06-21,0.007551683,0.007544322,0.00746022,0.007511733,0.0074658077,0.0074540805,0.0075128656,0.0075604897,0.007486282,0.007509215,0.0075412076,0.0075338315,0.0075092,0.0075555574,0.0074500125,0.0075318348,0.0074860584,0.007496668,0.007478429,0.0075116735
2011-06-22,0.0024846178,0.002471177,0.0024427902,0.002452327,0.0024310928,0.0023697447,0.0024818908,0.0024778973,0.0024189185,0.0024427455,0.0024630707,0.0025328528,0.002195878,0.002482472,0.0024338644,0.0024623703,0.0024176221,0.0024961364,0.0023988318,0.0024261605
2011-06-23,0.007556347,0.0075498205,0.0074634235,0.0075149518,0.0075106304,0.0074428897,0.007555945,0.007557703,0.007475985,0.0075273197,0.0075358283,0.007618455,0.007262511,0.007560132,0.007508246,0.007529689,0.0074601006,0.007555349,0.007470919,0.0074984264
2011-06-24,0.004212169,0.0042042565,0.004162891,0.0041604023,0.004206417,0.004108263,0.004267929,0.004213838,0.0041373204,0.004194988,0.0041974615,0.00425951,0.0039105993,0.0042193215,0.0042312723,0.0042230617,0.004161222,0.0042603295,0.004127471,0.0041507613
2011-06-27,0.0075518023,0.007542057,0.0075096022,0.007495431,0.0074609797,0.0074454974,0.007478414,0.007560743,0.00747603,0.0075400453,0.007535232,0.0075485837,0.0075114053,0.0075576287,0.007515786,0.0075115245,0.0075323116,0.0075191986,0.0075115245,0.0074637216
2011-06-28,0.0075474065,0.0075488966,0.007532073,0.007499067,0.0075093787,0.007453872,0.007542981,0.007566316,0.0074991565,0.007546453,0.0075385105,0.0075208377,0.007468952,0.0075638276,0.0075608175,0.007533146,0.0075445604,0.007592244,0.00751747,0.007488368
2011-06-29,0.007495744,0.0075493883,0.007475568,0.0074615013,0.007473184,0.007430492,0.007537214,0.007558955,0.0074726474,0.007537244,0.007519616,0.0075314622,0.007453708,0.007553829,0.0075006615,0.0075145494,0.007501511,0.007539658,0.0074977707,0.007479174
2011-06-30,0.0074706357,0.007547198,0.007493539,0.0074609797,0.0074395966,0.007460309,0.007599963,0.0075531434,0.007517962,0.0075377207,0.0075347554,0.007604493,0.007248355,0.007558806,0.0074905287,0.007531984,0.0075380486,0.007560594,0.007521121,0.0074884724
2011-07-01,0.0084970575,0.008548303,0.008483363,0.008456273,0.008390782,0.008464409,0.008555455,0.008550463,0.008527903,0.008536993,0.008538498,0.008585123,0.008231787,0.008558435,0.008502109,0.008540554,0.008536933,0.008511199,0.0085166525,0.008495344
2011-07-05,-0.0011483897,-0.0011035521,-0.0011470187,-0.0011688787,-0.0012334157,-0.0011881012,-0.001086669,-0.0010772813,-0.0011255015,-0.001093002,-0.0011045206,-0.0010942388,-0.0013518352,-0.0010774899,-0.0012005586,-0.001109438,-0.0011055786,-0.001134472,-0.0011206586,-0.001155572
2011-07-06,0.007484896,0.007533891,0.007518096,0.0074601453,0.0074590575,0.007483674,0.0075606834,0.0075625163,0.007520942,0.0075335484,0.007528631,0.007531507,0.0072725844,0.007550059,0.0074052345,0.007523058,0.007541908,0.0075865816,0.0075213145,0.007482482
2011-07-07,0.00746697,0.0075418334,0.0075244587,0.0074601155,0.007475896,0.00746998,0.007613687,0.0075597,0.007556243,0.007538138,0.0075322967,0.007575525,0.007258905,0.0075573456,0.007433681,0.007533146,0.0075718444,0.0076224636,0.0075228047,0.007487176
2011-07-08,0.0074911397,0.0075445008,0.007529838,0.007460071,0.0075184535,0.0075187217,0.0076224487,0.0075597,0.0075537395,0.0075443815,0.0075389575,0.007586522,0.007259978,0.007559968,0.007433204,0.007537989,0.007574348,0.007571934,0.007458193,0.0074951183
2011-07-11,0.005399687,0.005508138,0.0054847877,0.005415125,0.005442692,0.0054277163,0.005525468,0.005518226,0.005471809,0.005490182,0.005492313,0.0054124277,0.0054251235,0.00551535,0.0053617638,0.0054834913,0.0054985564,0.0055284183,0.005462436,0.0054371785
2011-07-12,0.0075071435,0.0075532775,0.007540701,0.0074599963,0.007468162,0.0074635427,0.0075532626,0.0075619947,0.007523326,0.0075317305,0.007539509,0.0074872207,0.007552294,0.0075573158,0.0074177366,0.007515384,0.0075546335,0.007626606,0.0075086635,0.0074727666
2011-07-13,0.007507367,0.007558031,0.007546304,0.007460056,0.007465331,0.007460309,0.007563425,0.0075615924,0.0075427126,0.007542772,0.0075401347,0.0075027626,0.007552786,0.007562531,0.0074741673,0.00753331,0.0075410884,0.007594688,0.007496847,0.0074931215
2011-07-14,0.007511867,0.0075555574,0.0075397175,0.007460026,0.0075000506,0.00747226,0.0076213013,0.0075618755,0.0075568985,0.0075414013,0.007542787,0.0074439477,0.0072711688,0.0076298844,0.007417677,0.0075404625,0.0075697433,0.007609127,0.0075137895,0.0074910205
2011-07-15,0.007813869,0.007856233,0.007837696,0.00776246,0.007763354,0.0077542346,0.0077922773,0.007866023,0.007804094,0.00784534,0.007833524,0.0077535044,0.00786495,0.0078655165,0.007771073,0.007827384,0.0078105163,0.007850779,0.0078121256,0.007777361
2011-07-18,0.0073182117,0.007367132,0.0073134582,0.007266311,0.007267071,0.0072594415,0.007287247,0.007363526,0.007341994,0.007354168,0.0073448997,0.00728452,0.0073428135,0.0073606353,0.0072989445,0.007333709,0.007327033,0.007323293,0.0072748344,0.007302312
2011-07-19,0.007493673,0.0075526666,0.0074951034,0.007459758,0.0074602347,0.0074570756,0.0074893367,0.007551668,0.007496385,0.007556943,0.0075297635,0.007412119,0.0075244587,0.0075544845,0.007396562,0.0075342786,0.007508887,0.007508142,0.007432012,0.007502733
2011-07-20,0.0074489545,0.0075510424,0.0074882936,0.0074599665,0.0074604284,0.0074932855,0.0075498354,0.0075543057,0.0074776392,0.007527737,0.0075145643,0.007479323,0.007386951,0.0075944643,0.007403074,0.0074958336,0.0075496268,0.0075349193,0.0074422043,0.007478608
2011-07-21,0.007498203,0.0075561684,0.0075472575,0.0074598026,0.0074390154,0.007467596,0.0074967723,0.0075469,0.0075400453,0.007554991,0.007529257,0.0074187648,0.007517053,0.0075590145,0.0073889773,0.007539211,0.0075049084,0.007496221,0.007410107,0.007510228
2011-07-22,0.007521821,0.0075630974,0.007544486,0.0074599963,0.0074543934,0.007490365,0.007488085,0.0075518917,0.007546453,0.007552428,0.0075382125,0.0074825417,0.0075440835,0.007559238,0.0074827056,0.007553635,0.0074996334,0.0075019132,0.0074144434,0.0075118374
2011-07-25,0.007514132,0.0075597446,0.007539643,0.007459758,0.007465644,0.007460041,0.0074862223,0.007558165,0.00754763,0.0075552296,0.007539613,0.007477341,0.007473422,0.007558031,0.007420091,0.0075546484,0.007512493,0.007505117,0.0074014794,0.00749938
2011-07-26,0.0075292867,0.0075632613,0.0075431895,0.0074599665,0.007464273,0.0074669253,0.007493822,0.007558314,0.0075540077,0.007539628,0.0075442027,0.0074757915,0.007514013,0.0075579267,0.0074254405,0.007554708,0.00751525,0.0075365733,0.0074047726,0.0075103324
2011-07-27,0.0075244736,0.0075550657,0.0074593704,0.0074596833,0.0074816924,0.0075026583,0.0075072777,0.007559119,0.0074316543,0.007564543,0.0075449627,0.007475747,0.007488815,0.007560609,0.0073832255,0.0075514745,0.0075207185,0.007511927,0.007413445,0.007493941
2011-07-28,0.00864136,0.008668153,0.0085560065,0.008574603,0.008579655,0.008641748,0.008663578,0.008669136,0.008574305,0.008651657,0.008626146,0.0085745435,0.008378385,0.008732287,0.008557884,0.008660896,0.008654607,0.008648125,0.008542789,0.008610083
2011-07-29,0.0069786888,0.007022081,0.006982086,0.006920023,0.0069221836,0.006918339,0.0069582593,0.0070148986,0.0068705063,0.0069998335,0.006976558,0.006919993,0.006982146,0.007023914,0.006854741,0.0070129316,0.006953193,0.0069742035,0.006864665,0.0069555175
2011-08-01,0.009040026,0.00907938,0.009035615,0.008979334,0.008950768,0.009025468,0.009057311,0.009068964,0.008919014,0.009048862,0.009027926,0.008979199,0.008779569,0.009134186,0.008899523,0.00906801,0.009046612,0.009051649,0.008919401,0.009015454
2011-08-02,0.0075052213,0.007563604,0.0075419527,0.00746022,0.0074045938,0.0075279754,0.007552324,0.007551117,0.007446287,0.007532848,0.007512687,0.0074600857,0.007264031,0.0076260846,0.0074227285,0.007548226,0.0075446498,0.007520659,0.007399408,0.00750996
2011-08-03,0.0075140875,0.0075545292,0.007469682,0.007460309,0.0074204486,0.007538466,0.007555155,0.0075497907,0.0074602496,0.007457463,0.007512791,0.007460175,0.0074955206,0.0076002013,0.0074225497,0.00755289,0.0075489115,0.0075234305,0.0073970538,0.007506354
2011-08-04,0.008444576,0.0084944945,0.008391721,0.008402465,0.008412389,0.008414296,0.008441014,0.008488772,0.008395476,0.008387266,0.008455379,0.008401973,0.0084206145,0.008496774,0.008380828,0.008491008,0.008409454,0.008444725,0.008325694,0.008444635
2011-08-05,0.00827275,0.008311881,0.008235557,0.00822076,0.00818154,0.008304579,0.008315636,0.008313311,0.008265747,0.008228956,0.008276878,0.008220462,0.008215679,0.008359654,0.008240519,0.0083137285,0.008295624,0.008283479,0.00815594,0.008276908
2011-08-08,0.005988328,0.0060366075,0.0060079824,0.005943356,0.005903883,0.005996121,0.006034596,0.006035475,0.005959926,0.00596541,0.006004302,0.005949585,0.005917741,0.0060825925,0.0059748422,0.006022034,0.0060019176,0.0059670936,0.005972622,0.005961014
2011-08-09,0.007508127,0.0075573307,0.0075278413,0.0074605625,0.0074033123,0.0074707996,0.007490499,0.0075555127,0.007523803,0.0074871313,0.0075266343,0.007527722,0.007246418,0.0075597744,0.007546691,0.007552488,0.007544128,0.007499395,0.0074142497,0.007507069
2011-08-10,0.004418833,0.00447209,0.0044587683,0.004367007,0.0043429416,0.0043644737,0.004391594,0.0044682156,0.004420651,0.0043928307,0.0044344347,0.0044380855,0.004128812,0.0044685584,0.0044510793,0.0044640284,0.004450066,0.0044528823,0.0042967033,0.004416315
2011-08-11,0.004821224,0.0048661362,0.004849149,0.0047703516,0.004767863,0.004788412,0.004802568,0.0048620384,0.004811628,0.0047909003,0.004845394,0.0047644805,0.004829703,0.0048745554,0.004797308,0.004864989,0.004794387,0.004830135,0.0047896933,0.0048135947
2011-08-12,0.007414801,0.007461248,0.0074370336,0.007357193,0.0073093455,0.0073532145,0.0073849093,0.0074561816,0.0074185263,0.007389037,0.0074308943,0.007433815,0.007143734,0.0074628126,0.007334782,0.0074525457,0.007437004,0.007418884,0.007389007,0.007421417
2011-08-15,0.008151604,0.008196695,0.008162407,0.0080878865,0.008109851,0.008080838,0.008112846,0.008185072,0.0081842225,0.008149801,0.008165462,0.008199571,0.007876618,0.0081931185,0.008179752,0.008187829,0.008199273,0.008239595,0.008115215,0.008153601
2011-08-16,0.006761862,0.0068045836,0.006780563,0.0066956114,0.006729273,0.0067026,0.006735502,0.006797014,0.0067958366,0.006703792,0.0067770313,0.006809069,0.006487338,0.0068032425,0.0067666154,0.0067991894,0.0068087857,0.006849421,0.006717397,0.0067710113
2011-08-17,0.0075249504,0.0075641107,0.0075402986,0.007460354,0.007439984,0.0074399095,0.007479651,0.0075583886,0.00751446,0.007417215,0.0075368863,0.0075394195,0.007230727,0.007565109,0.0074510407,0.007552011,0.0075335633,0.0075284373,0.007460473,0.0075320285
2011-08-18,0.0075208377,0.0075665694,0.007562993,0.0074602496,0.007438598,0.007444037,0.0074813794,0.007560266,0.0075454544,0.0074237417,0.0075365882,0.0075670015,0.007258741,0.0075665694,0.007474987,0.007561801,0.007567225,0.007563619,0.0074603837,0.007534934
2011-08-19,0.0027310532,0.0027774107,0.0027635377,0.0026681107,0.0026389938,0.0026501697,0.002687661,0.0027696174,0.0027272534,0.0026311409,0.0027478319,0.0027660858,0.0024712961,0.0027742218,0.0026485603,0.0027699452,0.00276619,0.0027145874,0.0026679765,0.002738325
2011-08-22,0.010502217,0.01054707,0.010547338,0.010440333,0.010412393,0.010454683,0.010477705,0.010540871,0.01052816,0.010403691,0.010517476,0.010550333,0.010238467,0.010546533,0.010404361,0.010544164,0.010550065,0.010508729,0.010440139,0.0105172675
2011-08-23,0.007514773,0.007561652,0.0075622927,0.007460518,0.0074145775,0.0074581187,0.0074886065,0.0075611454,0.0074931663,0.0074545424,0.0075338166,0.007497294,0.007511867,0.007563455,0.0074423235,0.007539822,0.0074981432,0.007531507,0.0074528586,0.0075261425
2011-08-24,0.0075207334,0.0075602513,0.0075635742,0.0074604135,0.0074169915,0.0074587893,0.0074913334,0.00756122,0.0075422805,0.0074276906,0.0075316112,0.0075636636,0.0072564464,0.0075626355,0.0074183177,0.0075534265,0.0075633954,0.007544128,0.0074524414,0.007528795
2011-08-25,0.0075169485,0.007563023,0.0075556617,0.0074605476,0.0074172597,0.007478146,0.0075006913,0.007561533,0.0075449627,0.007450415,0.0075369608,0.0074989926,0.0072544347,0.0075636934,0.0074971,0.0075535458,0.007566793,0.00755292,0.007454006,0.0075250696
2011-08-26,0.0068189185,0.006856529,0.006842492,0.006756304,0.0067494493,0.006776182,0.0067993086,0.0068558585,0.0067979526,0.0067729484,0.0068315994,0.006792752,0.0067973863,0.0068569314,0.0067575853,0.006849272,0.006786404,0.006838409,0.0067506414,0.0068155956
2011-08-29,0.0075202268,0.007556958,0.007535232,0.007460324,0.0074762236,0.0074902754,0.0075124186,0.007559983,0.007510213,0.007548405,0.007534547,0.007461844,0.0072247367,0.0075593423,0.0075125527,0.0075496268,0.007454274,0.007522015,0.007460458,0.0075249206
2011-08-30,0.006369723,0.006412236,0.0063981693,0.006310044,0.0063031446,0.006327806,0.006353153,0.006411759,0.0063873064,0.0063739996,0.006389154,0.0063431393,0.0061005782,0.0064148437,0.006355552,0.006414531,0.006347431,0.0064169746,0.006317539,0.0063755196
2011-08-31,0.007626502,0.007670371,0.007652892,0.0075650644,0.0075166803,0.007588027,0.0076116305,0.007667331,0.0075973403,0.007587759,0.007647304,0.007565124,0.007611586,0.007671578,0.007603882,0.00767122,0.00759965,0.007580785,0.007573409,0.0076313745
2011-09-01,0.0075140875,0.0075590294,0.007501615,0.0074603837,0.0074088853,0.0074927043,0.0075160395,0.0075576585,0.007509051,0.0075166505,0.007599948,0.007460503,0.007225884,0.007563887,0.0074929427,0.0075667333,0.0075364094,0.007390244,0.007468341,0.0075419378
2011-09-02,0.008069051,0.0081124585,0.008055059,0.008020667,0.008009417,0.008022947,0.008061467,0.008116258,0.008065073,0.00808583,0.008105738,0.008020742,0.008063851,0.0081172865,0.008050753,0.008125169,0.008041395,0.008022396,0.008015839,0.0080903005
2011-09-06,0.0075148772,0.007554544,0.007488413,0.0074604135,0.0074505787,0.007453678,0.0074918102,0.0075590294,0.007498486,0.0075154137,0.0075397026,0.007460518,0.0074904542,0.0075439345,0.007500289,0.0075617116,0.007459594,0.007498665,0.0074526947,0.007523654
2011-09-07,0.0075139683,0.0075579416,0.007459877,0.007460473,0.007454751,0.00747527,0.007501958,0.0075488966,0.0075124335,0.007515071,0.0075383466,0.007460607,0.007217301,0.0075544696,0.0075104367,0.0075603854,0.0075294953,0.007529704,0.007451756,0.007530285
2011-09-08,0.0060778987,0.0061261784,0.0060559493,0.0060262512,0.0060269516,0.006053908,0.0060782414,0.00612974,0.0061434787,0.0061534774,0.0061564427,0.006012393,0.0058106463,0.0061308276,0.0061753374,0.0061078947,0.006155519,0.006105898,0.006017087,0.0061010104
2011-09-09,0.0044216644,0.0044822674,0.0044172388,0.004386736,0.0043583196,0.0043874364,0.0044281464,0.004481895,0.004365949,0.004379822,0.0044644903,0.0043864083,0.004404245,0.0044875573,0.004392801,0.004477067,0.004391147,0.004400624,0.004384367,0.0044495743
2011-09-12,0.007832272,0.007881371,0.007815359,0.007788984,0.0077651124,0.007787822,0.007822989,0.007878853,0.0077612083,0.007830156,0.00786869,0.007862372,0.007551981,0.007880611,0.007842926,0.007937966,0.0077913236,0.007830976,0.0077854972,0.007859511
2011-09-13,0.0075140726,0.0075575095,0.0074851643,0.0074604433,0.007432265,0.0074578654,0.0074892174,0.0075452905,0.0074694585,0.0075510573,0.007541312,0.007534979,0.007252855,0.007556079,0.007551713,0.0076175313,0.0074954014,0.0075683873,0.007456882,0.007528035
2011-09-14,0.0067624133,0.0068121534,0.0067539494,0.0067124497,0.0067152213,0.0067107063,0.006739242,0.006805403,0.00674027,0.0067958813,0.006790919,0.0068059843,0.006506635,0.006814776,0.0068317037,0.00686994,0.0067468863,0.0068228226,0.0067096185,0.006781487
2011-09-15,0.0075680893,0.0075603556,0.0074855965,0.007460458,0.0074659567,0.0074550044,0.0074611884,0.007552607,0.007468013,0.0075049233,0.007544128,0.0075521003,0.0072330963,0.0075635593,0.007511927,0.0076181423,0.007460458,0.0074831974,0.007457165,0.007533489
2011-09-16,0.0073958617,0.007376207,0.0073031615,0.0072744917,0.0072259884,0.007299302,0.0072788876,0.0073726457,0.007272912,0.0073850136,0.0073645245,0.0073904227,0.0070778113,0.00738102,0.0073776823,0.0074867588,0.0072785895,0.007284997,0.0072823744,0.0073554795
2011-09-19,0.006066529,0.0060508084,0.0059337895,0.0059136134,0.005947722,0.0059526693,0.0059491973,0.0060420167,0.0059491526,0.006053118,0.0060354006,0.006054638,0.005753858,0.006050078,0.0060347896,0.0061181914,0.0059491675,0.0059937965,0.0059048217,0.006029887
2011-09-20,0.007504968,0.007558359,0.007448403,0.0074076485,0.0074524116,0.007462291,0.0074604433,0.007554276,0.0074455123,0.0075021964,0.007546006,0.007497279,0.0075122993,0.007561682,0.007517008,0.0075845104,0.007460622,0.0075294655,0.0073992293,0.0075409543
2011-09-21,0.006701244,0.006704418,0.006603403,0.0065747034,0.0065487307,0.0066177975,0.0066052508,0.0067078006,0.006598918,0.006653024,0.006690545,0.006638227,0.0066476744,0.006709961,0.0066381525,0.0067330133,0.006605504,0.0065689217,0.0065674316,0.0066871326
2011-09-22,0.008170513,0.008165268,0.008081121,0.008094264,0.008062301,0.008089868,0.008071287,0.008172719,0.0080728065,0.008104859,0.008154554,0.008097349,0.008114753,0.008176787,0.00813335,0.008207602,0.008071495,0.008057175,0.008067502,0.008148221
2011-09-23,0.009131802,0.009058831,0.008984579,0.008976115,0.008964507,0.008985234,0.008973582,0.00906436,0.008971496,0.009060843,0.009048296,0.009073092,0.008762179,0.009074761,0.009075789,0.009161545,0.008912517,0.008944897,0.008948101,0.009053333
2011-09-26,0.006935103,0.0069622975,0.006917728,0.00692649,0.006862847,0.0068992954,0.0068909954,0.006966574,0.006885318,0.006911231,0.0069669466,0.006888313,0.0069063734,0.006989388,0.006904034,0.00698073,0.006847156,0.006840108,0.0069133025,0.006962059
2011-09-27,0.007551072,0.0075381678,0.007490782,0.007496802,0.00740817,0.007481752,0.007460309,0.0075387936,0.0074478965,0.0074825417,0.0075384956,0.007528914,0.007225467,0.007558061,0.007529391,0.0076159816,0.007428689,0.0074159335,0.0074683856,0.007532714
2011-09-28,0.007561369,0.0075424444,0.0074620824,0.007496072,0.007409407,0.0074818265,0.007460309,0.0075546186,0.0074468385,0.007482065,0.007542534,0.007535858,0.0072284173,0.0075650346,0.007532282,0.0076242965,0.007461218,0.007391421,0.007459877,0.0075326394
2011-09-29,0.0075816195,0.0075384956,0.0074647646,0.007502077,0.007423101,0.007486744,0.007460309,0.007558061,0.0074141305,0.00754383,0.007540567,0.0075662266,0.0072591137,0.0075647812,0.007575942,0.007666139,0.0074811857,0.0074276607,0.007472424,0.0075288396
2011-09-30,0.006219132,0.0062285345,0.0061528515,0.006234182,0.0061011,0.0061629843,0.006146131,0.006242497,0.0061131995,0.0062199663,0.006233884,0.006223617,0.0059223603,0.0062549245,0.006211413,0.0063194316,0.0061680656,0.006096972,0.006155519,0.0062172096
2011-10-03,0.0078755,0.007836832,0.0077383053,0.007837398,0.0077149104,0.0077587795,0.0077476036,0.007845147,0.0077103954,0.007863013,0.007824702,0.007830573,0.007550625,0.007852001,0.007854028,0.007962389,0.007822825,0.0077119153,0.007771177,0.007822884
2011-10-04,0.0075856578,0.007548107,0.0074783843,0.0075520407,0.007424636,0.007476179,0.007460324,0.007553039,0.007438181,0.007564528,0.0075306725,0.0075474363,0.0072657596,0.0075632017,0.007582424,0.0076755267,0.0075173657,0.0074092876,0.007482214,0.0075314622
2011-10-05,0.007500736,0.007545246,0.007485507,0.00755593,0.007423369,0.0074786674,0.007460339,0.007558195,0.007455392,0.0075103175,0.007528631,0.0074872207,0.0075189304,0.007561682,0.0075188857,0.0076049697,0.007516993,0.00745791,0.007490797,0.007529108
2011-10-06,0.007534532,0.007554082,0.007485999,0.0075657647,0.0074185114,0.0074605476,0.007460354,0.007563321,0.00750616,0.0075701904,0.007531492,0.0075629037,0.0072645377,0.007566018,0.0075600427,0.007607354,0.0075190347,0.007505862,0.0075034928,0.0075307023
2011-10-07,0.0075466465,0.007601483,0.007521255,0.0076137017,0.0074665975,0.007504983,0.0075048488,0.0076132696,0.0075547528,0.0076013636,0.007585345,0.0076176655,0.0073044132,0.007613046,0.0076150727,0.0076545905,0.007581545,0.007535396,0.0075363647,0.0075819623
2011-10-10,0.007518394,0.0075569283,0.0074784737,0.0075679403,0.0074705165,0.0074603837,0.007460369,0.007564364,0.0075096767,0.007585613,0.0075393002,0.007570563,0.0072653126,0.0075677317,0.0075874757,0.0076105576,0.0075332057,0.0075208377,0.0074855518,0.0075349044
2011-10-11,0.0075054597,0.007556958,0.007476045,0.0075630825,0.0075018387,0.007460354,0.0074603837,0.00756721,0.0075153243,0.007538555,0.007545827,0.007535754,0.007241456,0.0075670313,0.0075416844,0.007567389,0.0075250845,0.0075356346,0.00748503,0.0075214338
2011-10-12,0.007503135,0.007545231,0.007481737,0.00752802,0.0074766856,0.007447256,0.0074603986,0.0075701904,0.007551117,0.00756423,0.007546557,0.0075674187,0.0072688144,0.007566152,0.0076001566,0.0075624716,0.0074733626,0.0075810533,0.007461412,0.007519899
2011-10-13,0.0075074863,0.007546125,0.007478548,0.007513998,0.0074592214,0.0074571203,0.0074604284,0.0075649302,0.007551251,0.0075558107,0.007550044,0.007567523,0.0072708707,0.007562114,0.0076021533,0.0075601917,0.0074704867,0.0075573307,0.0074643325,0.007527275
2011-10-14,0.0075151157,0.0075522494,0.0074869227,0.007505683,0.007482646,0.007461218,0.007460458,0.0075638425,0.007552428,0.007585196,0.007544158,0.0075674932,0.00727099,0.0075662266,0.007604746,0.00756043,0.0074696373,0.0075459313,0.0074653607,0.0075217914
2011-10-17,0.0074252468,0.007455526,0.0074062627,0.0074224304,0.0074070524,0.0073874723,0.007383896,0.007479368,0.007468147,0.0074915867,0.0074610244,0.007466687,0.0071941298,0.0074851345,0.0075164866,0.007476149,0.0073918086,0.00745867,0.0073878746,0.007447658
2011-10-18,0.0075020473,0.00752653,0.0074798595,0.0074622612,0.007454945,0.007461278,0.0074605476,0.0075564217,0.007545097,0.007550208,0.007536335,0.007527752,0.007274447,0.0075621735,0.0075958204,0.007548986,0.007455973,0.007533876,0.007455809,0.0075270664
2011-10-19,0.007495014,0.007535441,0.007479174,0.0074614417,0.007506801,0.0074740034,0.007460622,0.007558195,0.007551817,0.0075906944,0.0075318646,0.007554887,0.007274417,0.0075600725,0.007602213,0.0075494926,0.007456584,0.007575838,0.0074556004,0.0075266045
2011-10-20,0.007498009,0.0075388383,0.007483391,0.00746092,0.007451875,0.0074671786,0.0074606966,0.0075671654,0.0075434726,0.007561533,0.0075424146,0.007539792,0.007274164,0.007563932,0.007593019,0.0075498056,0.007456688,0.00753635,0.007452799,0.007538436
2011-10-21,0.008544965,0.008594064,0.008534847,0.008515386,0.008481322,0.008520989,0.008515565,0.008621691,0.008545352,0.008582709,0.008594958,0.008584393,0.008578969,0.008617742,0.008586166,0.00860743,0.008512987,0.00856827,0.008511765,0.008599265
2011-10-24,0.009011654,0.009069113,0.00900477,0.008984877,0.008961914,0.008984683,0.008985309,0.009094356,0.009015841,0.009033693,0.009069232,0.009054033,0.009030638,0.009091137,0.009054823,0.009080408,0.0089826565,0.009050412,0.008981345,0.0090717655
2011-10-25,0.0074995738,0.007532535,0.0074881,0.0074602645,0.007459743,0.007466702,0.0074606966,0.0075631123,0.0075418632,0.0075579267,0.0075409096,0.007535843,0.0072570574,0.007562263,0.0075814854,0.007547764,0.0074573737,0.0075511616,0.0074548405,0.0075404625
2011-10-26,0.007500602,0.007542772,0.0075044464,0.0074601006,0.0074114185,0.007457791,0.0074606966,0.0075615477,0.007545544,0.007553814,0.0075419676,0.0075671207,0.007256819,0.007564245,0.0075909626,0.0075541567,0.007457806,0.0075651985,0.0074578803,0.0075406116
2011-10-27,0.007378338,0.007409064,0.0073720347,0.007327078,0.007320164,0.007338209,0.007327808,0.007434426,0.007382391,0.007386936,0.0074072313,0.0073733013,0.007098643,0.0074328016,0.0074103903,0.007418601,0.0073260944,0.007396875,0.007336138,0.0074069332
2011-10-28,0.007510705,0.007550625,0.0075436514,0.0074654054,0.007422311,0.0074741226,0.0074606966,0.0075680297,0.0075127315,0.0075015854,0.0075410884,0.0075311046,0.007237507,0.007565303,0.007543711,0.0075589996,0.0074878912,0.007515235,0.007469861,0.007542042
2011-10-31,0.0075180065,0.0075546186,0.0075047445,0.007481424,0.0074197333,0.0074729454,0.0074606966,0.007567657,0.0075521898,0.007545037,0.007543592,0.0075933468,0.0072656106,0.0075673144,0.0076016765,0.007560445,0.0074964743,0.007563485,0.0074801277,0.0075394046
2011-11-01,0.0075196903,0.0075457375,0.0075100493,0.0074997377,0.007410152,0.007542325,0.0074606966,0.0075722467,0.007492585,0.0075305384,0.0075425785,0.0075692367,0.0072678756,0.0075702947,0.007603718,0.0075672995,0.0074970257,0.007552011,0.007462008,0.007530121
2011-11-02,0.009579388,0.009619219,0.0095843505,0.009545414,0.009503631,0.00954823,0.009536384,0.009637473,0.009539006,0.009571193,0.009611769,0.009575395,0.0095859,0.009634895,0.009603677,0.009627221,0.009525089,0.009567095,0.009530468,0.009596629
2011-11-03,0.0106066745,0.010629816,0.010634137,0.010607047,0.010571165,0.010650499,0.010588108,0.01068276,0.01058626,0.010661436,0.010650171,0.010625957,0.010375587,0.010677306,0.010691358,0.010661064,0.0105750095,0.010706944,0.010576097,0.010639651
2011-11-04,0.0058326554,0.0059256386,0.005916847,0.0058795195,0.005846558,0.005928023,0.0058537405,0.0059543382,0.0058712345,0.005964322,0.0059293043,0.0059591513,0.005649088,0.005952297,0.00599703,0.005945636,0.005850492,0.0059603583,0.0058427583,0.005909158
2011-11-07,0.007226972,0.0073246937,0.007315172,0.0072855186,0.0072223227,0.007362662,0.007256193,0.0073634516,0.007270558,0.007383464,0.007340921,0.0073829424,0.0070607346,0.007362617,0.007415531,0.007359324,0.007259233,0.0073569845,0.0072440933,0.0073115956
2011-11-08,0.0074352752,0.0075314026,0.007520942,0.0074608605,0.0074732583,0.0074638557,0.007489739,0.0075715464,0.00749339,0.007488517,0.007546408,0.0074739736,0.007494999,0.007570071,0.0075038355,0.007564036,0.007458834,0.0074890833,0.0074545424,0.00751902
2011-11-09,0.0074242335,0.0075356644,0.0075246375,0.007460622,0.0074202847,0.00751972,0.0074731093,0.0075732004,0.007467149,0.0075285565,0.007544307,0.007555453,0.007513581,0.0075713973,0.007527871,0.007563276,0.0074569713,0.0075386744,0.0074596833,0.007519616
2011-11-10,0.0074076485,0.0075282287,0.0075233113,0.007460354,0.0074466597,0.0075754803,0.007464854,0.0075737964,0.007463349,0.007553635,0.007546453,0.007614685,0.007256372,0.0075720083,0.0076156836,0.0075648855,0.0074583124,0.007543085,0.007461978,0.0075190943
2011-11-11,0.007424025,0.007503776,0.0075299274,0.0074600857,0.007435946,0.007506205,0.007463349,0.0075746607,0.0075076204,0.0074868035,0.0075464975,0.0075484347,0.007508142,0.007573111,0.0075522345,0.007565139,0.0074587893,0.007529242,0.007463483,0.0075177383
2011-11-14,0.0063206237,0.0064204913,0.006427048,0.006357936,0.0063392203,0.0063588005,0.0063651185,0.006473599,0.0064768475,0.006404413,0.006449921,0.0064320546,0.006124256,0.0064728092,0.006444482,0.006463928,0.0063565653,0.006399853,0.006356774,0.006419657
2011-11-15,0.007398708,0.007515682,0.007529719,0.007459862,0.007486848,0.007462127,0.0074906927,0.0075743925,0.0075598042,0.0075142663,0.007541446,0.0075443517,0.0072297435,0.0075729024,0.007556362,0.0075636487,0.0074592214,0.0075314324,0.0074591767,0.0075274687
2011-11-16,0.0059995633,0.0061482918,0.006165741,0.0060871225,0.006065814,0.0061205607,0.006090833,0.006202219,0.0061626416,0.0061804187,0.006170867,0.0062473845,0.005888937,0.0061992537,0.006241156,0.0061978977,0.0060866904,0.0061647426,0.006087197,0.0061531793
2011-11-17,0.0074018817,0.007533161,0.0075386893,0.007459579,0.0074528437,0.0074620973,0.0074644815,0.0075758826,0.00755438,0.007522432,0.0075472575,0.007571025,0.007239176,0.007573379,0.007565139,0.00757025,0.0074596684,0.007503597,0.0074601155,0.007533295
2011-11-18,0.0073927026,0.0075342637,0.0075432193,0.0075012576,0.007418422,0.0074658673,0.007462276,0.0075758826,0.0076019596,0.007561503,0.007545097,0.0076226722,0.007267503,0.007572828,0.0076320153,0.007568462,0.0075236093,0.0075556915,0.0074605774,0.0075255167
2011-11-21,0.0073922705,0.007514579,0.0075350534,0.0074753743,0.0074492525,0.007523028,0.00746849,0.0075746905,0.0075362306,0.0074976664,0.0075427275,0.0075564515,0.0075140875,0.007571159,0.0075624567,0.0075639766,0.007463185,0.007488994,0.007460339,0.007535754
2011-11-22,0.007402448,0.007522611,0.007534636,0.0074679684,0.0074283164,0.007524876,0.007461874,0.007572828,0.007488964,0.007547168,0.0075409245,0.00756423,0.007506309,0.00756952,0.007566778,0.0075668376,0.0074590724,0.0075029414,0.007460369,0.0075362157
2011-11-23,0.007408632,0.00752881,0.0075443517,0.0074655544,0.007473899,0.0075234007,0.0074794274,0.0075708013,0.0075059365,0.0075257253,0.0075382274,0.0075501334,0.0074426513,0.0075715166,0.0075465273,0.0075618457,0.007459445,0.0075144153,0.0074603986,0.0075377654
2011-11-25,0.007396711,0.007542489,0.0075347107,0.007499097,0.0074392688,0.0075350236,0.007465003,0.0075728428,0.0075085294,0.0075326543,0.0075330567,0.00753559,0.007505415,0.0075733643,0.00755067,0.007565392,0.007473035,0.007527305,0.0075296294,0.0075283926
2011-11-28,0.0074296575,0.0075391065,0.007542623,0.0074608903,0.0074677896,0.0075353067,0.007475732,0.007572515,0.0074851643,0.007516546,0.0075407606,0.007468952,0.0075412076,0.0075707715,0.007502539,0.0075608026,0.007458685,0.0074971,0.007532714,0.0075354856
2011-11-29,0.007422937,0.0075327884,0.007537378,0.007460667,0.007470412,0.0075365286,0.0074718725,0.007572232,0.0074916612,0.0075083356,0.0075391065,0.007480813,0.0075436514,0.00756952,0.0074946266,0.007560564,0.0074587,0.007497428,0.0075341295,0.007530568
2011-11-30,0.0074098688,0.0075457674,0.007545812,0.007500572,0.0074304175,0.0075363796,0.007466225,0.007563425,0.0075208824,0.00751896,0.0075348895,0.007483674,0.0075137746,0.007568879,0.007460503,0.0075636487,0.007521523,0.0074729305,0.007526813,0.0075299274
2011-12-01,0.007412372,0.007553486,0.007527156,0.0075163525,0.0074697565,0.007530732,0.007484166,0.0075656306,0.007530002,0.0074946564,0.0075437855,0.0074659865,0.007545216,0.0075723957,0.0074920785,0.0075698923,0.0075249206,0.0075059813,0.0075379442,0.007527588
2011-12-02,0.0074409377,0.0075546633,0.00753103,0.0075250547,0.007524384,0.007547645,0.0075201225,0.007561384,0.00753711,0.0075057875,0.0075514745,0.0075089913,0.00756575,0.007573111,0.0074958783,0.007572053,0.0075258743,0.007526798,0.0075351726,0.007529212
2011-12-05,0.0073217284,0.007461725,0.007444991,0.0074484777,0.007414175,0.0074590575,0.007387219,0.0074762236,0.0074082,0.0074082,0.0074577015,0.0074481647,0.0074515473,0.0074869525,0.007387964,0.007489411,0.0074427854,0.0074001383,0.007451562,0.0074392837
2011-12-06,0.007418303,0.007555006,0.007515205,0.0075689685,0.007492585,0.007539822,0.0074571054,0.0075575095,0.00751674,0.00750017,0.007540671,0.0075379442,0.007526545,0.007571785,0.007442413,0.0075739603,0.007536439,0.0074717086,0.007535128,0.007524533
2011-12-07,-0.00038339384,-0.00029105134,-0.00032545812,-0.00027975626,-0.00032861717,-0.000313418,-0.0003853459,-0.00028377958,-0.0003481824,-0.00036257692,-0.0003019739,-0.00030164607,-0.00029407628,-0.0002737958,-0.00036785193,-0.00027057715,-0.00032442994,-0.00036469288,-0.00031770952,-0.00032234378
2011-12-08,0.007408915,0.0075561535,0.0075149965,0.007567538,0.0075067114,0.0075345766,0.0074647944,0.0075552296,0.007495893,0.00747749,0.0075476747,0.0075665396,0.0075318348,0.0075689536,0.007493509,0.0075739454,0.0075334143,0.0074753147,0.0075322073,0.0075158607
2011-12-09,0.010384498,0.010557843,0.010515643,0.010575784,0.010509474,0.010538189,0.010500593,0.010559572,0.010477392,0.010519577,0.01054473,0.010576544,0.010564325,0.010575084,0.010503558,0.010579048,0.010546176,0.01052974,0.0105454605,0.010529308
2011-12-12,0.0073845964,0.007558508,0.0075130593,0.0075564515,0.0074537676,0.007491393,0.007475538,0.0075572114,0.0075049233,0.0074717086,0.0075403284,0.0075697135,0.0074970108,0.007569177,0.0074693095,0.007570727,0.0075144004,0.00744739,0.0074851494,0.007519571
2011-12-13,0.007410167,0.0075439047,0.0075137895,0.007525308,0.0074688178,0.0075394493,0.0074634086,0.0075558405,0.007488264,0.007514922,0.0075436514,0.007570384,0.007509647,0.0075689536,0.007494418,0.0075724106,0.007470874,0.0074822735,0.007532118,0.007516695
2011-12-14,0.005342601,0.0055010747,0.0054703783,0.005463196,0.0054322463,0.0054874253,0.005419774,0.005493967,0.0054316353,0.0054501127,0.005494667,0.0055209678,0.005483551,0.0055225026,0.005445583,0.005524365,0.0054219943,0.0054524075,0.0054845046,0.005473284
2011-12-15,0.0051848125,0.005290268,0.005263699,0.0052853506,0.0052433293,0.005272625,0.005223645,0.00528997,0.0052281003,0.005244864,0.005282698,0.0053136777,0.0052855443,0.0053162705,0.005243866,0.0053144973,0.005271403,0.0052393656,0.005278526,0.005264459
2011-12-16,0.006277321,0.0064354073,0.006404711,0.006428955,0.006330086,0.00637768,0.006349517,0.0064376276,0.006388111,0.0063417237,0.006423084,0.006449161,0.0063569676,0.0064528566,0.0063866656,0.00645384,0.006407244,0.0063120257,0.0063716006,0.006403325
2011-12-19,0.0075042676,0.007543234,0.0075264107,0.00752203,0.007491557,0.007533936,0.007474197,0.0075591486,0.007477103,0.0074909013,0.0075419676,0.0075300466,0.007538868,0.0075715017,0.0075104665,0.0075704735,0.007519437,0.0075002443,0.0075351726,0.007518215
2011-12-20,0.0075145494,0.007557867,0.0075305384,0.007529063,0.0075088274,0.0075294506,0.007496251,0.0075547826,0.0075046998,0.0074961614,0.007541446,0.0075154137,0.007556258,0.0075724553,0.0075160395,0.007568283,0.0075226855,0.007513387,0.0075356793,0.0075217914
2011-12-21,0.0075088125,0.007552458,0.007518066,0.0075276475,0.007498352,0.007515488,0.007471679,0.007560564,0.0074584913,0.007507367,0.0075395238,0.0075072777,0.007537676,0.0075684916,0.007493375,0.0075682234,0.0074710976,0.0074895155,0.007536782,0.0075250994
2011-12-22,0.0075089466,0.0075567793,0.0075222533,0.0075121354,0.007496653,0.0075054,0.0074561667,0.007560311,0.0074741226,0.0074705463,0.007536603,0.0075003933,0.007539509,0.0075674932,0.007511331,0.0075535756,0.0074688178,0.0074996185,0.0075160097,0.0075254124
2011-12-23,0.0043289643,0.004383428,0.0043584984,0.0043319,0.004319681,0.0043526124,0.004283605,0.0043961685,0.004296897,0.004272027,0.0043659788,0.0042904895,0.004359154,0.0043966454,0.004344104,0.004379226,0.0042981934,0.0043070894,0.004353849,0.0043597054
2011-12-27,0.0075033586,0.007549925,0.007542683,0.007500289,0.007516591,0.0075105857,0.0074602347,0.0075668376,0.0074827652,0.007477237,0.0075362455,0.0074616056,0.0075520407,0.0075688194,0.0075203013,0.0075577926,0.007470874,0.0075062495,0.0075154435,0.0075276773
2011-12-28,0.0075056534,0.007543532,0.007530866,0.0074622165,0.0074918102,0.0075225364,0.007452039,0.00756046,0.007454274,0.0074464064,0.0075311046,0.007461084,0.007522015,0.007561682,0.007497905,0.007545529,0.007455183,0.0074719917,0.0075295996,0.007527245
2011-12-29,-0.0009363163,-0.00087908097,-0.0008907784,-0.00096635707,-0.0009363014,-0.00091889687,-0.0009774882,-0.00086197443,-0.0009862203,-0.000993507,-0.00089945085,-0.0009667296,-0.0008923579,-0.0008627046,-0.00092491694,-0.0008912403,-0.00096996315,-0.00094668753,-0.00091117807,-0.0009011198
2011-12-30,0.007813243,0.007883174,0.007872669,0.007856024,0.00782199,0.007862328,0.007788865,0.007894738,0.007805465,0.0077949893,0.007860927,0.007849706,0.007904677,0.007897867,0.007839976,0.007879181,0.0077919196,0.0078092646,0.007874576,0.007863937
2012-01-03,0.006804554,0.0068566184,0.0068439227,0.0068091284,0.0067976546,0.006815551,0.006754322,0.006866364,0.0067988317,0.006771622,0.0068276655,0.006795777,0.006862996,0.006869195,0.006827874,0.0068527292,0.0068104696,0.0067710113,0.0068294834,0.0068267565
2012-01-04,0.007481871,0.00754535,0.007528959,0.007521687,0.007493971,0.00752428,0.0074557047,0.007559059,0.0074611735,0.00746244,0.007526068,0.007505579,0.0075773876,0.007562278,0.0075048488,0.0075156223,0.007504491,0.007478563,0.007544158,0.007522745
2012-01-05,0.007476313,0.0075454246,0.0075321924,0.007494552,0.0074981432,0.0075006615,0.0074468534,0.007558463,0.007461829,0.0074670147,0.007520212,0.007456852,0.007531194,0.007562412,0.007490812,0.007526962,0.007481886,0.007484285,0.007477535,0.007525338
2012-01-06,0.0042223167,0.0042793285,0.004262818,0.0042684656,0.004170222,0.0042669605,0.0041830223,0.004292352,0.0041938554,0.0041899662,0.0042501222,0.004275618,0.0039987247,0.0042964797,0.0042371284,0.0042739194,0.0041924845,0.0041353237,0.0042745154,0.0043239873
2012-01-09,0.007287381,0.007324187,0.007307632,0.00725892,0.007218985,0.00731322,0.007223932,0.007337643,0.0072431397,0.0072345566,0.00730644,0.0073244106,0.0070319306,0.007342873,0.0072868895,0.0073181074,0.00731167,0.007204501,0.0073233973,0.0073841047
2012-01-10,0.0074922573,0.0075461846,0.007530166,0.007506786,0.00750312,0.0075351875,0.007447941,0.007564051,0.0074825864,0.007460175,0.0075285565,0.0075477045,0.007265849,0.0075649153,0.0075069945,0.0075363647,0.007541908,0.007482333,0.0075444262,0.0076008122
2012-01-11,0.0044537913,0.004576115,0.004553495,0.004494963,0.004492415,0.004548503,0.0044721197,0.0045871567,0.004491238,0.004480703,0.004539339,0.004511891,0.004253952,0.0045865756,0.004514916,0.0045650583,0.0045553725,0.004446892,0.0045517366,0.0046194773
2012-01-12,0.010921968,0.011010049,0.010991661,0.010959012,0.010884194,0.011016903,0.0109217,0.011019526,0.010917855,0.010923309,0.010990066,0.010961024,0.01094499,0.011025606,0.010956032,0.010986699,0.010986818,0.010864301,0.011035321,0.011053501
2012-01-13,0.007389499,0.0074785035,0.007459713,0.0073975604,0.00734031,0.0074367803,0.0073868465,0.007491259,0.007382719,0.0073878895,0.0074649137,0.0073970985,0.007371722,0.0074940007,0.007417066,0.007457463,0.0074325483,0.007315574,0.0074448716,0.007510809
2012-01-17,0.008257864,0.008352963,0.008333845,0.008277146,0.0082345735,0.008300332,0.008263363,0.008368699,0.008267282,0.008265389,0.008336304,0.0082609635,0.0082532,0.00837077,0.0082816165,0.0083434265,0.008307232,0.008200271,0.0082992,0.008377729
2012-01-18,0.0075009298,0.0075502377,0.0075233113,0.007465301,0.007420955,0.0075454544,0.0074545573,0.007556541,0.0074593257,0.007460354,0.0075245034,0.007542206,0.007462172,0.007564394,0.007460816,0.007541118,0.007491721,0.007395355,0.0075569283,0.007569773
2012-01-19,0.007491512,0.00755137,0.0075261425,0.0074551534,0.0074317586,0.0074658375,0.0074555855,0.0075553637,0.0074783396,0.007460369,0.0075336974,0.00745645,0.007476,0.0075635742,0.007484479,0.0075278264,0.0074688774,0.0074275266,0.007474376,0.007524682
2012-01-20,0.0075103473,0.0075413864,0.0075228494,0.0074534845,0.0074643325,0.007455809,0.007445438,0.00756274,0.007501615,0.0074604284,0.007530568,0.007468803,0.0074875783,0.00756271,0.0074612927,0.0075489264,0.0074576717,0.007471977,0.0075192433,0.0075140577
2012-01-23,0.007517902,0.0075513255,0.0075208675,0.007460473,0.0075036865,0.007453827,0.0074584913,0.0075640213,0.0075100046,0.0074603986,0.007532565,0.007493375,0.007505147,0.007564841,0.00746016,0.007548509,0.0074539166,0.007475091,0.0075305235,0.007519109
2012-01-24,0.0075507592,0.0075565856,0.007520942,0.007449908,0.007479487,0.0074657034,0.007447852,0.007557733,0.007504223,0.0074604284,0.007528482,0.0074759256,0.0075327735,0.0075626653,0.0074602943,0.0075457525,0.007455645,0.0074914824,0.0075424444,0.0075210314
2012-01-25,0.008425904,0.008430151,0.008396221,0.008327482,0.008376805,0.008331401,0.008390022,0.008437915,0.008372886,0.008334128,0.008406503,0.00833234,0.008374212,0.008438362,0.008386655,0.00840923,0.008330358,0.008348836,0.008396281,0.008394105
2012-01-26,0.008358924,0.008349327,0.00832027,0.00828631,0.008313788,0.008260516,0.008314161,0.008361904,0.008300928,0.008257566,0.008319078,0.008277325,0.008291958,0.008363185,0.008312894,0.008337839,0.008303134,0.00827278,0.0083340835,0.008319242
2012-01-27,0.0075550955,0.007557256,0.0075253528,0.0075050276,0.0075053107,0.0074893963,0.0075175446,0.0075677913,0.0074981432,0.007460458,0.0075325053,0.0074729007,0.0074390005,0.007568611,0.0075127613,0.007535545,0.007510511,0.007483719,0.0075397473,0.007525621
2012-01-30,0.0070126634,0.007020248,0.00698225,0.0069691967,0.006972505,0.0069570374,0.0069734734,0.0070279967,0.006969882,0.0069182646,0.006992189,0.0069339257,0.0068718474,0.0070239585,0.0069730114,0.006999625,0.0069681536,0.006951673,0.0069954377,0.0069836807
2012-01-31,0.0060991626,0.00609958,0.006057633,0.006035207,0.0060372036,0.005998267,0.0060596745,0.006105615,0.0060433727,0.0059959274,0.0060715657,0.0059835296,0.005969329,0.0061002206,0.0060226154,0.0060658436,0.0060296934,0.0059912484,0.00607921,0.0060583036
2012-02-01,0.007683901,0.00771725,0.0076716226,0.0076856744,0.00763583,0.007613195,0.0076585244,0.0077168774,0.0076469313,0.0075819325,0.0076774936,0.0076108854,0.0075886976,0.007717369,0.007637961,0.007690711,0.0076577496,0.007583631,0.0076568257,0.007667033
2012-02-02,0.008509679,0.008555798,0.008509083,0.008530391,0.008461742,0.008459015,0.008501558,0.008555485,0.0084959995,0.008421196,0.008522777,0.008468686,0.008472679,0.008553831,0.008477805,0.008517636,0.008501885,0.008396057,0.008516101,0.008507801
2012-02-03,0.0064704847,0.0064988118,0.006467728,0.0064838957,0.0064297,0.006401507,0.0064664166,0.006501345,0.0064358395,0.006376384,0.006475387,0.00643575,0.0064491015,0.0064997803,0.006420983,0.0064652096,0.0064626615,0.006372569,0.006466968,0.006452678
2012-02-06,0.0075342637,0.0075624418,0.007513998,0.0075350534,0.007459281,0.007460458,0.0075151753,0.0075635295,0.0075038653,0.0074258875,0.007531507,0.0074469727,0.007500453,0.0075606834,0.007501183,0.0075302254,0.007505251,0.0074114483,0.00753404,0.0075199436
2012-02-07,0.007508425,0.00756198,0.0075127464,0.007536618,0.007439388,0.007460473,0.0074975323,0.0075638127,0.0074819904,0.00743003,0.0075226706,0.007447971,0.0074816626,0.0075573158,0.007491363,0.007528944,0.0075072926,0.0074044447,0.00751148,0.0075077694
2012-02-08,0.011710493,0.011742009,0.011700897,0.01170863,0.011638774,0.011640264,0.011703191,0.011739818,0.011682702,0.011600969,0.0117088985,0.0116923135,0.011678634,0.011729209,0.011678247,0.011707319,0.011682985,0.011604739,0.011715947,0.011708273
2012-02-09,0.007545484,0.0075620543,0.007544024,0.007541461,0.0074712615,0.0074605327,0.0075354856,0.007565109,0.007497145,0.0074548107,0.007539345,0.007467134,0.0075195413,0.0075585674,0.007499067,0.0075227153,0.007510392,0.0074465256,0.0075368416,0.007529227
2012-02-10,0.007547466,0.0075610112,0.007524399,0.00752875,0.0075180363,0.0074605476,0.007540671,0.0075612944,0.0075175446,0.0074272584,0.0075252485,0.007429896,0.0072706323,0.0075595807,0.0075457226,0.0075285416,0.007492317,0.0074325185,0.007535426,0.0075125825
2012-02-13,0.00753784,0.0075603705,0.007528318,0.0075229686,0.007488547,0.0074605476,0.0075193327,0.007563485,0.007498784,0.007424323,0.0075278413,0.007403804,0.0075234454,0.0075579863,0.0074960124,0.0075258743,0.007486431,0.00744812,0.007542653,0.007523326
2012-02-14,0.0075424593,0.0075532775,0.00752875,0.0075199436,0.007472096,0.0074605625,0.007516397,0.007562874,0.007499112,0.0074421894,0.007519452,0.0074352752,0.0075214338,0.0075563174,0.00749862,0.007518975,0.007486103,0.007441787,0.00754839,0.007524429
2012-02-15,0.006314216,0.0063289683,0.0063064527,0.0062935334,0.0062541794,0.0062330794,0.006301103,0.006336568,0.0062743407,0.0062238406,0.0063025486,0.0062193703,0.0063040983,0.0063374024,0.0062738936,0.0062939506,0.006262092,0.0062326174,0.006320564,0.0062927734
2012-02-16,0.0075415056,0.0075549167,0.0075276326,0.0075276177,0.0075150263,0.0074605774,0.0075496417,0.0075631123,0.0075310003,0.0074448865,0.007522134,0.0074287187,0.00750318,0.0075657945,0.007545961,0.007524384,0.007501347,0.007427154,0.0075688343,0.0075169485
2012-02-17,0.0075401645,0.00755742,0.0075256806,0.007517634,0.007456301,0.0074605923,0.0075158756,0.007564677,0.007504491,0.0074465256,0.0075283926,0.007437108,0.007509215,0.0075632315,0.0074992757,0.0075248014,0.0074905735,0.0074367803,0.0075488817,0.00751519
2012-02-21,0.0072597396,0.0072646867,0.0072476845,0.0072401892,0.0071466696,0.007168589,0.0072409343,0.0072748493,0.0072211903,0.0071644317,0.007244883,0.0071581434,0.007209314,0.0072760712,0.0072485935,0.0072327536,0.007207988,0.0071765166,0.0072574895,0.0072330367
2012-02-22,0.0075350087,0.0075567197,0.0075377654,0.0075321775,0.007422818,0.007460607,0.0075141173,0.0075639766,0.007479785,0.007435946,0.0075372737,0.007471366,0.0074817967,0.007566197,0.0075068306,0.0075249206,0.0075067263,0.007433666,0.007518841,0.0075189304
2012-02-23,0.006022958,0.006033389,0.0060132723,0.006014405,0.005941121,0.005932493,0.0060045104,0.0060293507,0.0059811454,0.005909933,0.006015105,0.0059353393,0.0059977304,0.0060411673,0.005999176,0.0060105454,0.0059936326,0.0059306603,0.0060198884,0.005993856
2012-02-24,0.0064537358,0.006458534,0.0064443033,0.00643654,0.006366087,0.006359754,0.006425081,0.0064632725,0.0063987803,0.00633247,0.00644633,0.006398527,0.0064171385,0.006467594,0.0064332616,0.006429998,0.0064179283,0.0063375365,0.0064523946,0.006425781
2012-02-27,0.0075585525,0.007561965,0.0075440984,0.0075302254,0.007481439,0.007460637,0.0075084697,0.007565407,0.007520212,0.007452784,0.007543681,0.007476015,0.007521732,0.007568268,0.007521702,0.0075290184,0.0074984115,0.0074534845,0.007548867,0.0075366627
2012-02-28,0.0075459015,0.0075635742,0.0075309407,0.007522417,0.0074711125,0.007460622,0.0074881297,0.007565422,0.007505147,0.007431818,0.00754012,0.007463647,0.0075213443,0.0075681787,0.007516561,0.0075434577,0.007488085,0.0074583273,0.0074738096,0.007531358
2012-02-29,0.008312209,0.008309377,0.008282928,0.008283971,0.008259369,0.00821167,0.008225052,0.0083101075,0.00826682,0.008135451,0.008294953,0.008213995,0.00828561,0.008318676,0.008264629,0.0082879495,0.008250339,0.008219732,0.0082274955,0.008287458
2012-03-01,0.0075497758,0.007556526,0.00753632,0.007538585,0.007473616,0.007460637,0.007471932,0.007566003,0.007513879,0.0074378382,0.0075411033,0.0074628573,0.0075237732,0.007567687,0.00751449,0.007532997,0.007498918,0.007442994,0.0074757617,0.00753182
2012-03-02,0.007548211,0.007557003,0.007538123,0.007537989,0.0074751955,0.007460652,0.007468147,0.0075648855,0.007511927,0.0074789356,0.007538257,0.0075141173,0.0074910503,0.0075649153,0.0074975323,0.0075357687,0.0074961316,0.0074353795,0.0074751806,0.007528214
2012-03-05,0.0077646654,0.0077724885,0.007748438,0.0077531617,0.007708637,0.0076746177,0.0076797735,0.007777406,0.0077127945,0.0076895785,0.007751612,0.007704539,0.0076097976,0.0077801477,0.007707311,0.0077529233,0.007711662,0.007584734,0.0077025425,0.0077424776
2012-03-06,0.007542057,0.007561533,0.007530762,0.007534994,0.0075175446,0.007460667,0.0074771773,0.0075655263,0.007525442,0.0074865203,0.007542072,0.007527305,0.0073580127,0.0075657945,0.007529421,0.0075415205,0.0074944478,0.0073835235,0.0075131785,0.0075305533
2012-03-07,0.008607907,0.008636666,0.008604256,0.008615075,0.008548034,0.008595942,0.008561967,0.008647678,0.00859688,0.008563234,0.008621363,0.008595733,0.008439345,0.008644594,0.008608786,0.008624179,0.00859612,0.008511541,0.00854638,0.008601887
2012-03-08,0.0075478386,0.007562695,0.0075270515,0.007534547,0.0073756855,0.0074637067,0.007484479,0.0075662117,0.00751525,0.0074676853,0.007544471,0.007397739,0.007376192,0.0075683426,0.007493226,0.0075356644,0.007515667,0.0073761027,0.0075116586,0.0075252187
2012-03-09,0.0075538587,0.0075597446,0.0075290482,0.0075354706,0.0074047726,0.0074610543,0.007479308,0.007569013,0.0075056087,0.007470725,0.007547481,0.0074671637,0.0073772054,0.0075680446,0.0074899476,0.007544128,0.007520197,0.0074225347,0.0074810367,0.007531775
2012-03-12,0.0043452512,0.004353864,0.0043172967,0.0043216627,0.0041618627,0.0042515676,0.0042740386,0.004359288,0.0042919945,0.004266007,0.0043390375,0.00428286,0.004176734,0.0043620598,0.0042830985,0.004330678,0.00430697,0.0041869115,0.0042924713,0.004308192
2012-03-13,0.0075495224,0.0075624865,0.0075189453,0.007531805,0.0073909145,0.007471679,0.0074914377,0.00756651,0.0075052213,0.0074599516,0.0075443517,0.007501511,0.00738631,0.007568432,0.0074944925,0.0075339656,0.007517008,0.0074302834,0.0074750762,0.0075187366
2012-03-14,0.008907018,0.008928446,0.008891804,0.008900626,0.008829368,0.008830262,0.008857055,0.008931933,0.008864446,0.008851944,0.008908106,0.008789657,0.008757068,0.008938415,0.008871047,0.00888945,0.008886335,0.008840559,0.00884272,0.008886708
2012-03-15,0.007551132,0.0075603705,0.0075237583,0.0075946134,0.0073741507,0.007460518,0.0074860137,0.007565541,0.0075142216,0.007459743,0.0075427275,0.007372601,0.007245375,0.0075702798,0.0075433534,0.00758983,0.007538153,0.0073922854,0.0075197797,0.0075104665
2012-03-16,0.0059304964,0.005959062,0.005924104,0.0060105156,0.0057656,0.0058578234,0.005901573,0.00596313,0.0059034657,0.005856974,0.0059443694,0.005958138,0.00565855,0.0059699398,0.00593297,0.0059145223,0.0059342664,0.005790828,0.005888222,0.0059209
2012-03-19,0.004077805,0.004108561,0.0040619206,0.004147975,0.003952561,0.0040068757,0.004036559,0.0041100364,0.004054887,0.0039482396,0.004093481,0.004112808,0.0038142484,0.0041151177,0.0040799957,0.0040666442,0.004070414,0.003930701,0.004011018,0.0040678065
2012-03-20,0.007517783,0.0075650346,0.0075146835,0.007607339,0.0074079614,0.0074606817,0.0074944627,0.007563276,0.007528616,0.0074270945,0.0075433683,0.007571174,0.0072675627,0.0075691473,0.007553531,0.00753635,0.0075281095,0.0073659103,0.007477818,0.007522611
2012-03-21,0.0052944105,0.0053153317,0.0052800905,0.005347995,0.0052322727,0.0052139144,0.0052216332,0.005319981,0.00527942,0.0051650982,0.005303992,0.005289806,0.0051424485,0.0053235274,0.0052811634,0.0053387266,0.005288912,0.0050961953,0.0052537005,0.00527413
2012-03-22,0.0064842533,0.006571321,0.006540863,0.0065987688,0.006500913,0.006469665,0.0064795595,0.006572334,0.0065557044,0.006466998,0.006564213,0.006605042,0.0064114463,0.0065781157,0.006547166,0.006558357,0.006534962,0.00637394,0.006503759,0.006550638
2012-03-23,0.006558938,0.0066140275,0.006572647,0.00663629,0.00644709,0.0065090787,0.006516589,0.006615741,0.006589694,0.006489916,0.006601898,0.006648643,0.0064240675,0.006617708,0.0065879505,0.006607635,0.0065799933,0.006502984,0.006559206,0.0065641683
2012-03-26,0.0075246673,0.007561473,0.007531343,0.0075917225,0.0074911844,0.0074606966,0.007469071,0.007570369,0.0075234603,0.0074985456,0.0075531583,0.0075921547,0.007360218,0.0075716805,0.0075492244,0.0075505655,0.007538555,0.0075098258,0.0075277817,0.007523624
2012-03-27,0.0075250696,0.007563455,0.0075329375,0.0075426977,0.007501764,0.0074606966,0.0074602496,0.0075659137,0.0074870866,0.0075091105,0.007542176,0.007557256,0.007381631,0.007572962,0.0074854475,0.0075549167,0.0075173657,0.007410256,0.007532267,0.007529555
2012-03-28,0.0075440835,0.007560907,0.007525338,0.007533787,0.0075212847,0.0074606966,0.007460369,0.0075647365,0.0075088125,0.0075250696,0.0075405072,0.007559521,0.0074132513,0.007572813,0.0074978005,0.007556198,0.0075106304,0.0074037295,0.007524697,0.007514296
2012-03-29,0.0064426195,0.0064634215,0.006418748,0.006434215,0.0063860696,0.006358234,0.0063580107,0.0064673703,0.006357072,0.0064264964,0.006435631,0.006463183,0.006303666,0.0064696055,0.0063661467,0.0064471792,0.0064156484,0.0062809717,0.006431235,0.006418852
2012-03-30,0.008891208,0.008907182,0.0088641625,0.0088742655,0.008809386,0.008803723,0.008803485,0.00890605,0.0087985825,0.008868469,0.008885292,0.0089142155,0.008734701,0.008914037,0.00880052,0.008900939,0.008856831,0.008769838,0.008858545,0.008869572
2012-04-02,0.005816547,0.005830301,0.0057881903,0.005809022,0.005793346,0.005720718,0.005720539,0.0058228504,0.0057340097,0.0058202576,0.0058109593,0.005838407,0.005627824,0.0058367234,0.0057304036,0.0058216285,0.0057973396,0.0057561975,0.005833341,0.0057938974
2012-04-03,0.0056980234,0.0057161134,0.0056706797,0.0057364684,0.0055984985,0.005610464,0.0056102704,0.005704595,0.0056360792,0.0057084095,0.0056924354,0.005725218,0.005698396,0.00572492,0.0055899154,0.0057117324,0.0056852084,0.005561201,0.0056631546,0.0056803357
2012-04-04,0.005459843,0.0054828357,0.0054260623,0.0055048745,0.005441157,0.005367322,0.005367143,0.005467532,0.005412562,0.0054148715,0.005453421,0.0054796766,0.005486889,0.0054839384,0.0053415727,0.0054735374,0.00545579,0.0053627025,0.0054768305,0.0054445397
2012-04-05,0.0075519215,0.0075711887,0.0075140577,0.007570414,0.007448269,0.0074606966,0.0074605625,0.007550789,0.007495193,0.007448463,0.007545097,0.007569207,0.007578997,0.007571785,0.0074470323,0.00756496,0.007524727,0.007410122,0.0074626785,0.0075261425
2012-04-09,0.007173298,0.007182313,0.0071339887,0.0071840864,0.0070984494,0.007069377,0.0070691686,0.0071617346,0.0071036797,0.0070886295,0.007159559,0.007180644,0.0071899425,0.0071810614,0.0070789885,0.0071774554,0.00708325,0.007067619,0.0071023386,0.0071444046
2012-04-10,0.00747749,0.007569043,0.007522015,0.00754234,0.0075039547,0.0074606966,0.0074605774,0.007561026,0.007495908,0.0074734967,0.0075393002,0.0075700264,0.0074863415,0.0075728726,0.007481439,0.00756648,0.007471768,0.0074840914,0.0074655097,0.00753632
2012-04-11,0.0075273793,0.0075593423,0.0075115394,0.007548375,0.007532833,0.0074606966,0.0074605774,0.0075665843,0.0075083952,0.0075128805,0.007530017,0.00756873,0.0074456017,0.0075722616,0.0075252783,0.00755441,0.007533444,0.0075035375,0.007493539,0.007525904
2012-04-12,0.0064725857,0.006507648,0.006464673,0.0064939987,0.006410433,0.0064054113,0.006405322,0.0065069627,0.006449951,0.0064674597,0.0064793956,0.006516991,0.0064207744,0.006516246,0.006431071,0.006497605,0.006477637,0.0064047407,0.0064074676,0.0064703654
2012-04-13,0.0067369174,0.006902946,0.00686167,0.0068905037,0.006802706,0.0067989808,0.0067988317,0.006903572,0.006847469,0.0068564992,0.006881399,0.006910352,0.0068096053,0.0069130193,0.006831659,0.0068972986,0.0068573784,0.006786598,0.0068078917,0.0068611335
2012-04-16,0.008030726,0.008217184,0.008174671,0.008197857,0.008123932,0.0081126075,0.008112473,0.008217452,0.0081478935,0.008169858,0.008190123,0.008223264,0.008095471,0.008225618,0.008145837,0.00821027,0.008166863,0.008086352,0.008129789,0.008185742
2012-04-17,0.0074715596,0.007560326,0.0075261723,0.007547749,0.00747223,0.0074606966,0.0074605774,0.0075659733,0.0074838083,0.007552488,0.0075431745,0.0075722616,0.0074769836,0.007572515,0.007499097,0.007553784,0.007532267,0.007435603,0.007482825,0.0075271707
2012-04-18,-0.0010268558,-0.0008374173,-0.0008862484,-0.0008589495,-0.0009207297,-0.00094045885,-0.00094059296,-0.00082984753,-0.00088016875,-0.00086373277,-0.0008472074,-0.00082868524,-0.00089404173,-0.00082513876,-0.0009139646,-0.00083676167,-0.00091219135,-0.0009436626,-0.00092612393,-0.0008629728
2012-04-19,0.008015005,0.00809948,0.008051125,0.008086784,0.008023409,0.007998226,0.007998107,0.008108316,0.008069692,0.008068619,0.008093713,0.008112056,0.008065699,0.008111371,0.00802633,0.008101193,0.008034764,0.008021204,0.008018402,0.008071674
2012-04-20,0.007496504,0.007559834,0.0075116884,0.0075406414,0.007489307,0.0074606966,0.007460607,0.007571442,0.007527752,0.0075337123,0.007554127,0.0075715315,0.0075193774,0.007572977,0.0074854624,0.0075652134,0.0075177085,0.007475121,0.007485045,0.0075347107
2012-04-23,0.0074882787,0.007560862,0.007516293,0.007548062,0.0074753296,0.0074606966,0.007460622,0.0075709354,0.0075249206,0.00754158,0.007552786,0.007575197,0.007490007,0.0075703394,0.0074775647,0.007555587,0.0075214785,0.007427005,0.0074693095,0.0075315665
2012-04-24,0.007489143,0.0075602066,0.0075142514,0.0075404923,0.007489143,0.0074606966,0.007460637,0.00757101,0.0075481366,0.007513983,0.0075520407,0.0075766873,0.0074753147,0.0075720083,0.007481111,0.007559968,0.0074706655,0.0074123275,0.0074688476,0.0075359624
2012-04-25,0.008134363,0.008194311,0.008147074,0.008176101,0.008126838,0.008133797,0.008092089,0.008201195,0.008180825,0.008159218,0.008181466,0.008206828,0.008099703,0.008200122,0.008120893,0.008193446,0.008126063,0.008031068,0.008105887,0.008160127
2012-04-26,0.007495193,0.007562576,0.007532237,0.007542176,0.007497279,0.0074778777,0.007460637,0.00757022,0.0075444113,0.0075182896,0.007547645,0.0075772684,0.0075077247,0.0075683724,0.007492913,0.007548509,0.007478444,0.007457508,0.0074836444,0.007530166
2012-04-27,0.0079874825,0.008052347,0.007990627,0.008015348,0.007987125,0.00794716,0.007946191,0.008053405,0.008036463,0.008015199,0.00803238,0.008061005,0.007971151,0.008053986,0.007992102,0.008032573,0.007987542,0.007908745,0.007963626,0.00801727
2012-04-30,0.0066626053,0.006827904,0.006770177,0.006789578,0.0067625325,0.0067918133,0.006721286,0.0068276506,0.006811274,0.0067780297,0.0068074744,0.006838424,0.0067634564,0.0068305116,0.006760014,0.0068163406,0.0067602973,0.006710736,0.006735159,0.0067765545
2012-05-01,0.0074780565,0.0075680446,0.007523833,0.0075265598,0.007498948,0.007542683,0.007460667,0.007568462,0.0075382423,0.0075228196,0.0075485986,0.0075767916,0.0075459164,0.0075689238,0.007486699,0.0075535905,0.007492272,0.0075046998,0.0074834656,0.00751595
2012-05-02,0.0022761058,0.0023437273,0.0023010802,0.0022988003,0.0022754204,0.002311511,0.0022336077,0.0023471396,0.0023089033,0.0022820663,0.0023155194,0.002353413,0.0023203176,0.002344681,0.0022556614,0.002320556,0.002255736,0.002267627,0.002253009,0.002277283
2012-05-03,0.0075056683,0.007570563,0.007518543,0.007525144,0.007516844,0.0074854624,0.0074606966,0.007572664,0.0075401943,0.007517142,0.007538704,0.0075766575,0.0075382423,0.0075726192,0.0075100195,0.0075588655,0.0074868333,0.0074922275,0.0074568223,0.007503895
2012-05-04,0.008843077,0.008895857,0.008849068,0.00881098,0.008837251,0.008799775,0.008787153,0.0088955,0.008825032,0.008799119,0.008861197,0.0089001935,0.008851213,0.008896617,0.008791206,0.008887915,0.008791594,0.008712975,0.008802025,0.008832885
2012-05-07,0.0075162333,0.0075695347,0.007526202,0.0075047296,0.0075174104,0.007473601,0.007458998,0.0075681936,0.0074958634,0.0074800085,0.0075386,0.0075727087,0.007501019,0.0075686704,0.0074893814,0.007559074,0.0074581336,0.0074732583,0.0074569266,0.007511912
2012-05-08,0.007523684,0.007566167,0.007575853,0.0075386893,0.007572798,0.0074688923,0.0074606966,0.007572202,0.007482199,0.0074795317,0.0075401496,0.007572962,0.0072509926,0.007570116,0.007521538,0.0075635295,0.0074577313,0.0075050276,0.0074824523,0.0075187664
2012-05-09,0.007533623,0.007559074,0.007529838,0.0074954163,0.007517768,0.0074606966,0.0074606966,0.007568715,0.007473318,0.0074676108,0.00753635,0.007573245,0.007499261,0.0075663608,0.007470561,0.0075642,0.0074602794,0.007479502,0.0074528735,0.0075078737
2012-05-10,0.007550789,0.0075650346,0.0075278413,0.0075315367,0.0075937044,0.007453857,0.0074606966,0.0075665545,0.0074570607,0.0074937325,0.007544292,0.007648675,0.00721441,0.007564394,0.007520823,0.007563291,0.007454125,0.0075330418,0.007507367,0.0075234603
2012-05-11,0.007545961,0.0075672697,0.007525502,0.007536037,0.0075699966,0.007452769,0.0074606966,0.0075681787,0.007464705,0.00744961,0.007549016,0.007650612,0.007216258,0.0075641256,0.007515071,0.007569192,0.0074529927,0.0074878465,0.007470457,0.0075122546
2012-05-14,0.004091082,0.004098309,0.0041015577,0.004092736,0.0041510593,0.0039912295,0.0039931964,0.004101379,0.003998352,0.0039489996,0.0040798616,0.004136754,0.0037811827,0.00410348,0.0040792655,0.0041027945,0.0039900374,0.0040635895,0.0040139686,0.004038481
2012-05-15,0.0075610857,0.0075630825,0.007523207,0.007471068,0.007498173,0.0074554365,0.0074606966,0.0075671207,0.0074578207,0.0074234884,0.007547958,0.007520927,0.007477401,0.007568164,0.007459102,0.007565109,0.0074543487,0.007460339,0.0074566137,0.007513536
2012-05-16,0.007566018,0.0075682085,0.0075261723,0.007599367,0.007587729,0.0074587,0.0074606966,0.007571904,0.007493181,0.0074935537,0.0075493883,0.007624833,0.0072484147,0.007569311,0.0075468402,0.0075655114,0.007517321,0.0075326245,0.0074659716,0.0075138044
2012-05-17,0.0075601023,0.007567955,0.007520316,0.00753334,0.0075495522,0.007459713,0.0074606966,0.0075726938,0.0074482244,0.0074987095,0.007547317,0.007552637,0.0075035375,0.007571725,0.0075151306,0.0075683426,0.0075069647,0.0075389873,0.007475598,0.0075053256
2012-05-18,0.007550789,0.0075641405,0.007524116,0.0075760167,0.0075892787,0.007460518,0.0074606966,0.0075683873,0.00746317,0.00750917,0.0075332057,0.0074969213,0.0072444063,0.007570682,0.0075430553,0.0076352786,0.0074979793,0.0075811576,0.007472826,0.0075058173
2012-05-21,0.0073740613,0.0073989313,0.0073496085,0.0073961895,0.007344393,0.007293297,0.0072935205,0.0074029546,0.0073152315,0.007346673,0.007372601,0.0072962474,0.0070514064,0.0074052196,0.0073309075,0.007471485,0.0073335003,0.0073375087,0.0072944146,0.007337136
2012-05-22,0.0075104963,0.007565288,0.0074961465,0.007652892,0.007569073,0.0074605327,0.007461874,0.007564394,0.0075077247,0.0075492244,0.0075351875,0.007494418,0.0072483104,0.007568596,0.007535098,0.0076413285,0.007514922,0.0075619947,0.0074480455,0.0074994545
2012-05-23,0.008586792,0.008609189,0.008556141,0.008561177,0.008586599,0.008511661,0.008515416,0.008610709,0.008567376,0.00859466,0.008576764,0.0085118245,0.008274926,0.008615626,0.008581473,0.008692829,0.008545829,0.008589504,0.008520199,0.008592514
2012-05-24,0.007506786,0.0075526964,0.007502733,0.007538451,0.007551728,0.007460622,0.007467253,0.007560594,0.0075190794,0.007547317,0.0075351875,0.007460607,0.0072534215,0.0075642746,0.0075668823,0.0076805335,0.0074973535,0.0076027047,0.007475836,0.007543532
2012-05-25,0.007519616,0.00755292,0.00750315,0.0075384807,0.007574631,0.007460652,0.0074610095,0.0075593274,0.0075237434,0.007553084,0.007526798,0.0074604284,0.0072546583,0.007563157,0.0075632017,0.0076827537,0.0074921977,0.0076143127,0.0074745994,0.007543741
2012-05-29,0.0074976515,0.0075590294,0.0075041037,0.0075401645,0.007505534,0.007460667,0.0074612033,0.0075592827,0.0075291526,0.007535858,0.0075311046,0.007460354,0.0075124037,0.007560907,0.0075400453,0.0076161753,0.0074957144,0.0075467806,0.0074735116,0.0075110476
2012-05-30,0.0075172167,0.007559715,0.007504238,0.00747448,0.0075648557,0.007460667,0.0074759107,0.007556526,0.007532371,0.0075119566,0.0075382274,0.007460175,0.007252304,0.0075609814,0.007570876,0.0076743793,0.0074747186,0.00759515,0.0074956696,0.0075876396
2012-05-31,0.0055401754,0.0055660885,0.005515231,0.0055067968,0.0055496525,0.005466057,0.0054934006,0.0055697244,0.005525125,0.005534036,0.00554928,0.0054656398,0.0055144858,0.0055733304,0.0055287164,0.0056226235,0.0055012684,0.0055779647,0.0055188965,0.005561186
2012-06-01,0.0075360667,0.007560147,0.007517023,0.00745493,0.007506473,0.0074606817,0.00745639,0.0075656306,0.007522626,0.007534696,0.0075339954,0.0074601006,0.007488949,0.00756645,0.0075122993,0.007603897,0.007519124,0.007550521,0.007474078,0.0075536203
2012-06-04,0.00739765,0.007410748,0.007352365,0.0072951,0.0073220413,0.007304771,0.0072807353,0.00740665,0.0073500853,0.007332651,0.007385252,0.007304324,0.007305486,0.007411478,0.007295741,0.0074113887,0.0073221754,0.0073076915,0.007306112,0.0073887687
2012-06-05,0.007616399,0.0075594317,0.0075787585,0.007449014,0.0075680595,0.007433666,0.0074259173,0.007553084,0.007468624,0.007427497,0.0075324755,0.0074602794,0.007237388,0.0075591635,0.007457925,0.007646067,0.0075214487,0.007475434,0.007458059,0.0075665545
2012-06-06,0.0059411656,0.0059369784,0.00590205,0.0058869403,0.0058951657,0.0058140587,0.0057959836,0.0059356224,0.0058653336,0.005860744,0.005920021,0.005841924,0.005841939,0.005940018,0.005857436,0.00593145,0.0058435183,0.005897967,0.0058716964,0.0059068333
2012-06-07,0.007620169,0.0075539034,0.0075804573,0.007457314,0.0074986797,0.00742775,0.0074434113,0.007551385,0.0075278413,0.0074551683,0.0075324457,0.0074602794,0.007212309,0.0075591337,0.007437093,0.0076111834,0.007477222,0.0074376445,0.0074667316,0.0075125825
2012-06-08,0.0072888415,0.007211549,0.0072446,0.0071507376,0.007208867,0.007087527,0.007103769,0.007210089,0.0071943235,0.00712174,0.0071979742,0.00711946,0.0068725925,0.0072145294,0.0071160775,0.0072796773,0.0071286242,0.007150201,0.00713907,0.007157309
2012-06-11,0.0074368697,0.007374687,0.007394431,0.0072936397,0.0073595624,0.007249994,0.0072555076,0.0073755663,0.0073185693,0.007273419,0.007361619,0.007282598,0.0073236506,0.007380573,0.0072721224,0.007415248,0.0073161256,0.0072710793,0.007288946,0.007331861
2012-06-12,0.007633401,0.0075589847,0.007580204,0.0074665677,0.0075724106,0.0074124914,0.0074108522,0.0075591486,0.007545484,0.007462023,0.0075400453,0.00746022,0.0072187316,0.007559372,0.0074876826,0.007613061,0.007457448,0.0074652266,0.007485075,0.0075210314
2012-06-13,0.0034077745,0.0032919776,0.0033601057,0.0031930339,0.003335191,0.0031858515,0.0031514,0.0032923948,0.003323717,0.0031947475,0.003270803,0.0031959992,0.0029842537,0.003294183,0.0032027792,0.003397001,0.0031972956,0.0032117795,0.0032299887,0.0032509249
2012-06-14,0.007609738,0.007551981,0.0075662266,0.0074593853,0.007538004,0.0074501317,0.0074215215,0.0075527113,0.007503627,0.007462783,0.0075278115,0.0074578803,0.007507352,0.007550819,0.007460458,0.007597832,0.0074625146,0.007466404,0.0074952077,0.00751373
2012-06-15,0.00630231,0.006285576,0.006255312,0.0061911773,0.00621335,0.006187005,0.0061656516,0.006288914,0.0061961245,0.0062118154,0.0062672775,0.0061931144,0.0062100124,0.006291924,0.006202204,0.0062919986,0.006201936,0.0062006842,0.006231649,0.00624202
2012-06-18,0.0076856744,0.007562129,0.0076363217,0.007458685,0.0075602215,0.0074637067,0.0074701738,0.00756192,0.007519869,0.0074694883,0.0075386744,0.00752802,0.007246865,0.007563008,0.007479353,0.007657079,0.0074551236,0.0074594747,0.0074883234,0.0075193923
2012-06-19,0.007611079,0.0075455885,0.0075691026,0.007453678,0.0075020175,0.007436378,0.0074735563,0.0075553935,0.007518245,0.0074619185,0.0075283777,0.0074584763,0.0075023305,0.007556407,0.0074238162,0.007589979,0.0074568223,0.0074598175,0.0074825864,0.0074900966
2012-06-20,0.007618515,0.007555304,0.00759512,0.007456584,0.007528467,0.0074504893,0.007415859,0.007558478,0.007487146,0.0074744057,0.0075263362,0.007529108,0.0072203707,0.0075633656,0.0074254256,0.00760342,0.0074602496,0.0074597728,0.0074801873,0.0075107943
2012-06-21,0.007233424,0.0072208475,0.0072059017,0.007123215,0.007130025,0.0071218144,0.0070807915,0.007224707,0.0071219336,0.0071621966,0.0071964543,0.007127447,0.0071484726,0.0072272103,0.0071029942,0.007227732,0.007133333,0.007130487,0.0071566384,0.0071845185
2012-06-22,0.0066482406,0.006525142,0.0066163223,0.006426109,0.0065387916,0.0064194184,0.0064338576,0.006531609,0.006433217,0.006439386,0.0065068733,0.006535588,0.006217448,0.006530119,0.006420953,0.0066122394,0.006429611,0.0064298343,0.0064351987,0.0064739566
2012-06-25,0.0072631817,0.00725442,0.0072297584,0.007178886,0.007182045,0.007141812,0.0071838927,0.0072590243,0.0071502756,0.0071442854,0.007238893,0.007161645,0.007158546,0.0072609615,0.0071484577,0.00725512,0.007169662,0.0071353596,0.0071836244,0.007222457
2012-06-26,0.0076028537,0.007550938,0.0075807404,0.007460965,0.0075218063,0.0074325483,0.007471008,0.0075597744,0.0074508917,0.0074212234,0.0075377803,0.007492302,0.007498665,0.0075599086,0.0074264538,0.007600842,0.007458685,0.007427616,0.007480098,0.007498605
2012-06-27,0.007624043,0.0075564664,0.0075763892,0.007453082,0.0075037163,0.0074287187,0.007468475,0.0075584482,0.0074307304,0.007437302,0.0075303894,0.007531358,0.007217599,0.007560922,0.0074204933,0.0076318067,0.00746323,0.0074275117,0.007478697,0.007519705
2012-06-28,0.007600097,0.007551534,0.007569654,0.0074596386,0.007497428,0.007466657,0.00747071,0.0075578224,0.007433949,0.0074509215,0.0075341742,0.0075664055,0.007502688,0.007558776,0.0074307155,0.007600559,0.007465301,0.007431967,0.007468505,0.0075011533
2012-06-29,0.007554991,0.007553382,0.0075101387,0.0074943285,0.0074867737,0.0074445885,0.007515518,0.0075573158,0.007436661,0.0074550193,0.0075335484,0.0075332057,0.0073946845,0.0075617116,0.0074518453,0.0075577926,0.0074962806,0.0074940454,0.007464541,0.0074881595
2012-07-02,0.007554246,0.0075552743,0.0075116586,0.0074982774,0.007495625,0.00744131,0.007501168,0.007557107,0.00743605,0.0074369144,0.0075367223,0.0075356197,0.007480694,0.0075612646,0.0074394923,0.007548107,0.0074875634,0.007448731,0.007460175,0.007510258
2012-07-03,0.007587565,0.007550461,0.007566659,0.007481722,0.007490812,0.007433487,0.007460309,0.0075564664,0.0074203294,0.007434277,0.007522432,0.007568104,0.0074922424,0.007555349,0.007427914,0.0075870138,0.0074561965,0.0074246507,0.0074626934,0.007495327
2012-07-05,0.0075532477,0.007549731,0.0075807255,0.007523222,0.0074372124,0.0074314456,0.00750242,0.007614685,0.007450564,0.007477699,0.0075912457,0.007548375,0.0072675925,0.007555185,0.007461874,0.007612599,0.0075007956,0.00743,0.007461829,0.007510526
2012-07-06,0.0075568985,0.0075594317,0.00753334,0.0075436514,0.0074174535,0.007446481,0.007513834,0.0075597595,0.0074471217,0.007473005,0.0075424593,0.0075485837,0.007481439,0.0075602364,0.007463021,0.0075416397,0.0075089764,0.007391108,0.007460041,0.007513536
2012-07-09,0.007555319,0.0075624716,0.0075401943,0.007538764,0.007459877,0.0074794125,0.0075121503,0.0075606387,0.007433219,0.007470576,0.007548062,0.0075492244,0.007435588,0.00756274,0.0074483734,0.0075409245,0.0074985456,0.0074634235,0.007460175,0.007502584
2012-07-10,0.007537691,0.0075581204,0.0075192135,0.007502688,0.0074587446,0.0074649286,0.0074734967,0.007552294,0.0074355435,0.007435767,0.0075340997,0.00746849,0.007436974,0.0075549614,0.0074408483,0.0075485986,0.0074804705,0.007437257,0.0074534696,0.007488413
2012-07-11,0.0075381827,0.0075641405,0.0075604897,0.007538004,0.007418586,0.0074676257,0.007484911,0.007594643,0.0074367207,0.0074439477,0.007580517,0.007559551,0.007447211,0.0075596403,0.0074175578,0.0076036137,0.0074900966,0.007393239,0.0074591767,0.0075045656
2012-07-12,0.0076962244,0.007724939,0.0076720547,0.0076927077,0.0076266956,0.0076244753,0.007646812,0.007717116,0.0075932574,0.007593287,0.007699577,0.007707564,0.0076664817,0.0077204835,0.0075736325,0.0077177268,0.0076442044,0.0075916927,0.007630674,0.007659657
2012-07-13,0.008544488,0.008565588,0.008515475,0.008533819,0.008449836,0.008476241,0.00847405,0.008563055,0.00843857,0.008409126,0.008539302,0.00849521,0.008490218,0.00856076,0.008427782,0.008564858,0.008478595,0.008418469,0.008472187,0.008492632
2012-07-16,0.0077910554,0.0078195315,0.0077760946,0.007789327,0.0076975804,0.0077233445,0.007733075,0.007811753,0.0076927524,0.0076514017,0.0077863913,0.007746665,0.007702766,0.007813795,0.0076580327,0.007798476,0.007739423,0.007671533,0.00774963,0.007743297
2012-07-17,0.0075235646,0.007557271,0.007521061,0.0075336676,0.007486893,0.007482616,0.007474048,0.007552175,0.007441653,0.00740066,0.0075271856,0.007517336,0.007526083,0.0075536203,0.0073880088,0.0075335186,0.007481305,0.007469101,0.0074902903,0.0074830633
2012-07-18,0.007533012,0.0075625014,0.0075941067,0.007603718,0.007515056,0.0074679237,0.007473452,0.007552607,0.0074353497,0.0073981863,0.0075269025,0.0075445157,0.007263733,0.00755666,0.007396279,0.0076097976,0.007480828,0.0074652117,0.007489575,0.007504998
2012-07-19,0.007163955,0.007179169,0.0071397554,0.0071699154,0.0071678143,0.0070889276,0.00709009,0.0071845483,0.0070578437,0.0070206057,0.007147832,0.007094888,0.0071760695,0.0071766507,0.0070337784,0.007177664,0.0071237516,0.0071111005,0.007103203,0.007114781
2012-07-20,0.008235542,0.008248193,0.00827275,0.008315278,0.00810994,0.008145763,0.008144824,0.00824642,0.008126212,0.008103011,0.008208228,0.008227138,0.007957337,0.008247791,0.0080952775,0.008283524,0.008224366,0.008117316,0.008142216,0.008184759
2012-07-23,-0.002570169,-0.0025713015,-0.0025387127,-0.002499001,-0.0026611257,-0.002656864,-0.0026504714,-0.002560662,-0.0026987959,-0.0027102847,-0.002591582,-0.002622487,-0.0028529335,-0.0025661904,-0.00272231,-0.00251575,-0.002601521,-0.0026507098,-0.0026314128,-0.0026237536
2012-07-24,0.007560475,0.0075531583,0.0075792205,0.0076126736,0.00750616,0.007485686,0.0074895155,0.007564334,0.007467402,0.007471619,0.0075386595,0.007511912,0.007511286,0.0075546484,0.007441966,0.0076059382,0.0075145494,0.0075015854,0.007502405,0.007479949
2012-07-25,0.0075549018,0.0075534564,0.00755742,0.0076315384,0.0074741524,0.0074612927,0.007482065,0.0076241177,0.007435797,0.0074729305,0.00753331,0.0075172465,0.007261751,0.0075455736,0.007422803,0.007623626,0.007510571,0.0074826907,0.0074976366,0.0074744355
2012-07-26,0.007555185,0.007554574,0.0076102447,0.0076781493,0.007473154,0.0074607413,0.0074877124,0.007631881,0.0074420255,0.007433651,0.007527111,0.007529689,0.0072481316,0.007549299,0.0074262302,0.0076607596,0.007530136,0.0074801277,0.0074972343,0.0074833017
2012-07-27,0.008005215,0.007995902,0.008015646,0.008057995,0.007906197,0.007900832,0.0079136025,0.008007808,0.007892234,0.007861806,0.007972879,0.008023648,0.007997556,0.007991476,0.007849736,0.008044941,0.007984145,0.007912232,0.007944195,0.007931454
2012-07-30,0.0077615213,0.007770909,0.007732926,0.0077821,0.0076760035,0.0076836627,0.007704092,0.00778207,0.007650731,0.0076081436,0.007751493,0.0077091586,0.0077545326,0.0077670794,0.0076214354,0.0077808034,0.0077386927,0.0077010375,0.0077220034,0.007710872
2012-07-31,0.0075376313,0.0075451266,0.007541133,0.0076127034,0.007459892,0.007452501,0.0074841063,0.0076031964,0.0074277204,0.0074052643,0.007528348,0.007523207,0.007569207,0.0075401794,0.0074012857,0.0075914543,0.007530583,0.0074736755,0.007500453,0.007500274
2012-08-01,0.006977586,0.0069829505,0.0069985967,0.0070406925,0.0068850946,0.006883515,0.006913705,0.0070333015,0.0068842154,0.006891353,0.006959064,0.0069570374,0.006978197,0.0069805663,0.006908519,0.007030098,0.006946711,0.006912021,0.00693026,0.006963251
2012-08-02,0.008321,0.008316381,0.008287324,0.008332847,0.0082380455,0.008231176,0.008274211,0.008331282,0.008207871,0.008253975,0.008294998,0.00822599,0.008353082,0.008320792,0.008198006,0.0083159935,0.008294804,0.008248879,0.008292733,0.008278651
2012-08-03,0.008042423,0.008056207,0.00801721,0.008057399,0.0079427045,0.007976783,0.007991685,0.008057473,0.007944895,0.0079912525,0.008023081,0.007876007,0.00796078,0.008052466,0.007973818,0.008062182,0.008012621,0.007962419,0.008024005,0.007991834
2012-08-06,0.0070649814,0.0070978533,0.0070557874,0.007094575,0.00699587,0.007015614,0.007031245,0.007096572,0.006978033,0.007020144,0.00706595,0.007083608,0.006974412,0.007091431,0.007018296,0.0070976745,0.007055698,0.007011382,0.0070723873,0.007024957
2012-08-07,0.007534204,0.0075434726,0.007565452,0.0076072495,0.00746776,0.007454766,0.007486133,0.00755441,0.0074375104,0.007449312,0.0075232964,0.0075334143,0.007245375,0.007551728,0.0074721705,0.0076089483,0.0075304788,0.007487772,0.0075059664,0.0074841212
2012-08-08,0.0075264852,0.007550312,0.0075092,0.007543696,0.007406963,0.007455094,0.0074865352,0.007556973,0.007436095,0.0074587744,0.0075227153,0.0074929725,0.007515041,0.0075549763,0.007459013,0.0075587016,0.00748886,0.007414473,0.007509468,0.0074846577
2012-08-09,0.006664334,0.00666192,0.0066799205,0.006723894,0.00657895,0.0065743756,0.006612746,0.0067245495,0.006546853,0.0065523516,0.006639747,0.006663425,0.0063765924,0.0066602807,0.006569965,0.006719364,0.0066177975,0.006557865,0.0066108387,0.0065999012
2012-08-10,0.007360561,0.007361887,0.007390557,0.0074311923,0.0072445106,0.0072894376,0.007305948,0.0073716175,0.0072511714,0.007224275,0.0073458683,0.007338254,0.00707647,0.0073655825,0.007255001,0.00742775,0.0073521715,0.007228626,0.0073192995,0.0073071998
2012-08-13,0.0075439643,0.007549314,0.007623492,0.007660074,0.0074384045,0.0074586105,0.0074863564,0.0075547677,0.007429613,0.007463483,0.0075291377,0.0075576734,0.007248355,0.0075519364,0.0074610543,0.0076557975,0.0075584482,0.0074521583,0.0074786674,0.0074946564
2012-08-14,0.007558627,0.0075445604,0.007523833,0.0075918566,0.007464094,0.007479189,0.0074831527,0.007564185,0.007455526,0.0074264985,0.0075351875,0.0074772667,0.0075284075,0.0075561386,0.007432161,0.0075639617,0.0075199883,0.00745417,0.007479323,0.007503582
2012-08-15,0.007562263,0.0075425487,0.0075700413,0.0075971466,0.0074277055,0.0074805897,0.007508455,0.0075950753,0.007445229,0.007435931,0.0075276922,0.0074531864,0.00738856,0.0075534116,0.007432727,0.007589517,0.0075294804,0.0074058753,0.007462142,0.0074966084
2012-08-16,0.0058551114,0.0058525037,0.00592087,0.0059582274,0.005698664,0.0057611,0.0057716947,0.005857138,0.0057240557,0.0057289284,0.005831374,0.005835993,0.0055445265,0.0058567803,0.005725397,0.005920289,0.0058601927,0.005703686,0.005765645,0.0058075916
2012-08-17,0.007557435,0.0075144004,0.0076277684,0.007669164,0.007404266,0.0074649137,0.0074750315,0.007562531,0.0074156504,0.007406784,0.007534845,0.007510988,0.0072555225,0.007556094,0.0074112695,0.0076597463,0.0075610857,0.007389484,0.0074661355,0.007507993
2012-08-20,0.007561339,0.007552577,0.0075796824,0.0076099616,0.0074141305,0.0074906033,0.0074603837,0.0075632315,0.0074266773,0.007419018,0.0075321924,0.007507054,0.0072687697,0.0075585525,0.00743,0.0076268446,0.007538436,0.007437153,0.0074741226,0.007509453
2012-08-21,0.00755894,0.007525651,0.0075263064,0.0075616073,0.0074308347,0.00747454,0.007472543,0.0075621586,0.0074291807,0.0074168425,0.0075203907,0.007486729,0.007523818,0.007555319,0.0074456166,0.0075671654,0.007515816,0.007422311,0.0074697416,0.007510809
2012-08-22,0.0075570624,0.0075254124,0.0075493883,0.0075861793,0.0074041765,0.0074620675,0.0074601155,0.007556973,0.007430462,0.007426901,0.0075216275,0.0075172614,0.0073807817,0.007551519,0.0074248146,0.007603748,0.0075318348,0.007408796,0.0074610543,0.0075020324
2012-08-23,0.00756043,0.0075266343,0.0075603556,0.0076072197,0.0074076485,0.007473184,0.007460205,0.0075660925,0.007439701,0.0074226093,0.0075210314,0.0075228047,0.007346971,0.0075479727,0.007431088,0.0076039117,0.007551981,0.0074174684,0.0074723493,0.007514177
2012-08-24,0.0075588655,0.0075232666,0.0075589847,0.007607816,0.007420806,0.0074565243,0.0074602794,0.0075665843,0.0074322056,0.007426692,0.0075137448,0.0075400304,0.0073387455,0.007548524,0.007447688,0.0076069217,0.0075514894,0.0074271094,0.0074610095,0.0075069796
2012-08-27,0.008457793,0.008423744,0.008401958,0.008451043,0.008350832,0.008350981,0.008409468,0.008459432,0.00833389,0.008357583,0.008426471,0.008355511,0.008280857,0.008449001,0.008344499,0.008462949,0.008409856,0.008334054,0.008357553,0.008398009
2012-08-28,0.0075585973,0.0075413864,0.0074996483,0.007550938,0.007431878,0.007455034,0.007506637,0.00755894,0.007507978,0.0074408036,0.0075239222,0.0074415337,0.0074481945,0.007552294,0.0074459296,0.0075587016,0.007511271,0.0074184965,0.00745867,0.0075190496
2012-08-29,0.0075558554,0.007543711,0.0075021666,0.0075558554,0.0074032973,0.007462768,0.007508097,0.007556794,0.0075074714,0.007409705,0.0075238477,0.0074388515,0.0074780863,0.0075501334,0.0074184965,0.007556809,0.00751449,0.0074082147,0.007466508,0.007511316
2012-08-30,0.007558806,0.007540239,0.00750011,0.007554991,0.007435648,0.007466985,0.007498471,0.0075562727,0.0074470323,0.0074456017,0.007532982,0.007446615,0.007494686,0.0075486135,0.007442413,0.007552771,0.0075169634,0.0074144583,0.0074599963,0.007510407
2012-08-31,0.0075475257,0.007522,0.007499857,0.0075540226,0.0074460637,0.0074651074,0.007504655,0.0075562727,0.007425232,0.0074509215,0.0075357836,0.0074886065,0.0075013917,0.007541595,0.0074536484,0.007544173,0.007513685,0.007418884,0.0074598175,0.007504998
2012-09-04,0.007520525,0.0075059365,0.0074585807,0.0075097512,0.0074263196,0.007425798,0.007461576,0.0075208824,0.007406337,0.007406516,0.007501615,0.0074836444,0.0074831974,0.0075104665,0.0074169766,0.007513715,0.0074658375,0.0074074846,0.0074506085,0.007485194
2012-09-05,0.0075549763,0.007540388,0.0075018536,0.007550506,0.0074376594,0.0074635725,0.0075080227,0.007559208,0.0074536484,0.007430954,0.0075347405,0.0075340997,0.007501347,0.0075498503,0.0074341726,0.0075550657,0.007508902,0.0074203145,0.0074752998,0.007526187
2012-09-06,0.0075570475,0.007553635,0.0075119715,0.0075486284,0.007412685,0.007472066,0.007501496,0.007561205,0.0074524265,0.007457791,0.0075358134,0.0075426977,0.007476894,0.007556258,0.0074655246,0.007546095,0.0075080227,0.0073910337,0.0074664783,0.007520957
2012-09-07,0.0075525474,0.0075487476,0.0075109582,0.007551102,0.0074285697,0.0074660312,0.0075047445,0.0075570177,0.0074540954,0.007462157,0.007526992,0.007510392,0.0074904393,0.0075570475,0.0074639004,0.0075492095,0.0075118076,0.0074022394,0.007472856,0.00750166
2012-09-10,0.0075644534,0.007556049,0.0075093936,0.007550193,0.0074199867,0.007463811,0.007514922,0.007558195,0.007468654,0.0074661803,0.0075291526,0.0075417887,0.007492615,0.007562069,0.0075190496,0.00755137,0.00750841,0.0074061733,0.007472841,0.007505564
2012-09-11,0.007558925,0.007536156,0.0075058173,0.0075461846,0.0074444246,0.007454304,0.007490633,0.007551534,0.0074364226,0.0074667316,0.0075264405,0.0075272154,0.0074488204,0.0075560194,0.0075042527,0.007539643,0.0075026285,0.0074293893,0.0074739736,0.007498188
2012-09-12,0.007195471,0.007177679,0.0071464013,0.007180987,0.0071064066,0.0070943367,0.007138295,0.0071907174,0.0070765447,0.0070981216,0.0071694534,0.0071615856,0.0070256125,0.0071945917,0.007132722,0.007176919,0.0071379524,0.0071008485,0.007092638,0.0071489494
2012-09-13,0.008561863,0.008542759,0.008513151,0.008551968,0.008421345,0.008459864,0.008508993,0.008556677,0.008456958,0.008461146,0.008532358,0.008530689,0.008475019,0.008559806,0.008518619,0.008546798,0.008512376,0.008409811,0.008470548,0.00851026
2012-09-14,0.007561652,0.0075508486,0.0075101834,0.007547347,0.0074584763,0.0074756723,0.0074985903,0.0075534265,0.007480694,0.007460041,0.007529212,0.0075030755,0.007524861,0.007561056,0.0075044166,0.007547481,0.0075009596,0.007460518,0.0074905436,0.007510988
2012-09-17,0.005259542,0.005245505,0.005213095,0.0052365195,0.005126385,0.005173592,0.005169032,0.005248649,0.005149914,0.005158333,0.0052270126,0.0051451307,0.0051714163,0.005247293,0.00520174,0.005240781,0.0051904004,0.0051078927,0.0051697027,0.0052127372
2012-09-18,0.007327853,0.007316543,0.007274894,0.0073012393,0.0071936976,0.0072466116,0.0072474014,0.0073175263,0.007230563,0.0072269123,0.0073031764,0.0072723757,0.007179914,0.0073203724,0.007284386,0.0073105525,0.007257892,0.0071851443,0.007239757,0.007276995
2012-09-19,0.008340357,0.008326096,0.00829768,0.008319495,0.008178918,0.008259965,0.008280156,0.00833313,0.0082341265,0.008239968,0.0083211195,0.0083036255,0.008159665,0.008335469,0.008264242,0.008321969,0.0082801115,0.0081934165,0.008250488,0.008301465
2012-09-20,0.0059991013,0.005983783,0.005951626,0.0059690457,0.0058780294,0.0059025716,0.005900232,0.0059913527,0.005892126,0.005896462,0.005971251,0.005953012,0.005879013,0.0059980433,0.0059669297,0.005981831,0.0059128534,0.0058703553,0.005903734,0.005956305
2012-09-21,0.007904841,0.007885991,0.007865189,0.00787924,0.007825745,0.007827533,0.007831885,0.007910935,0.007790489,0.007810576,0.007880611,0.007867811,0.0077620577,0.007899193,0.007880939,0.007885618,0.007841019,0.0078089964,0.0078034233,0.007872893
2012-09-24,0.007552875,0.007533429,0.0075127315,0.0075796973,0.0074488353,0.0074591916,0.0074610095,0.00756423,0.0074468087,0.0074602794,0.007535098,0.007529391,0.0075490903,0.007550476,0.0075312387,0.007537229,0.0074621867,0.007424919,0.007460622,0.007514773
2012-09-25,0.0055962186,0.005584253,0.0055599194,0.005621506,0.00551082,0.005501969,0.0054987203,0.0055890363,0.005499704,0.005492283,0.0055785757,0.0055572074,0.005607201,0.0055939537,0.005511103,0.00557941,0.005505843,0.00547537,0.0055038016,0.0055725407
2012-09-26,0.0017415863,0.00172293,0.0017076563,0.0017492753,0.0016409736,0.0016409438,0.0016399603,0.0017433148,0.0016307812,0.0016409587,0.0017209332,0.001724733,0.0017634761,0.0017434787,0.001660822,0.0017276984,0.0016418379,0.001596449,0.0016406905,0.0016857069
2012-09-27,0.007553635,0.007538466,0.007524295,0.00752273,0.007461874,0.0074875783,0.0074878912,0.007560579,0.007447807,0.0074603837,0.0075382274,0.0075211506,0.00742252,0.0075564366,0.007473333,0.007535083,0.0074988734,0.0074148905,0.0074560028,0.0074949097
2012-09-28,0.0075472575,0.0075317305,0.007521106,0.0075563174,0.007492004,0.0074634235,0.0074624997,0.0075596552,0.0074483585,0.007460369,0.0075356793,0.0075413566,0.0075594913,0.0075555574,0.0074700546,0.007542832,0.007455228,0.0074745845,0.0074524563,0.0075074118
2012-10-01,0.007525144,0.0075386893,0.007556556,0.00755517,0.0074824523,0.007467432,0.007463632,0.007566942,0.0074492376,0.0074603837,0.007546751,0.0075567495,0.0075775813,0.007564945,0.0074566137,0.007550223,0.007455377,0.0074556004,0.007453693,0.007511733
2012-10-02,0.0075356346,0.007535903,0.007559536,0.0075531136,0.0075128805,0.0074584763,0.007461665,0.0075671654,0.007477237,0.0074603986,0.007541014,0.007557599,0.0075810086,0.00756344,0.007467849,0.007552279,0.007474838,0.007464288,0.007483242,0.0075182896
2012-10-03,0.0062778424,0.0062790196,0.006290568,0.0063036364,0.006241007,0.0061994623,0.006198792,0.0062952023,0.0061932933,0.0061588567,0.006267382,0.006291477,0.006314529,0.0062960815,0.0062003266,0.0062815677,0.006216852,0.006198583,0.0062148105,0.0062505733
2012-10-04,0.010100169,0.010076983,0.010089977,0.010095088,0.010017632,0.010013742,0.0100297015,0.01010759,0.00998251,0.009949474,0.010073898,0.010107441,0.010129793,0.010103358,0.010007499,0.010085059,0.010026155,0.010005621,0.010035483,0.010048
2012-10-05,0.007552875,0.0075341146,0.0075207483,0.00754912,0.007428063,0.007463513,0.007485492,0.0075598042,0.007436974,0.0074010473,0.0075303297,0.007548092,0.0075822305,0.0075541865,0.007429002,0.007539196,0.0074555855,0.007411761,0.007463498,0.007504819
2012-10-08,0.0075512957,0.0075400453,0.0074782055,0.0074063074,0.0074432176,0.007469682,0.00748509,0.0075570177,0.007461382,0.0074668955,0.0075229686,0.007541878,0.0074714106,0.0075535756,0.0074575823,0.007534636,0.007455034,0.007461367,0.007488845,0.007508097
2012-10-09,0.007555587,0.0075911116,0.0074652713,0.0074692946,0.0074011367,0.007453529,0.0074831974,0.0076147746,0.0074421447,0.0074396264,0.0075187217,0.007621823,0.007265417,0.007545961,0.007433666,0.0075931083,0.0074518304,0.0074287485,0.007473333,0.0075550657
2012-10-10,0.0075595956,0.007605044,0.0074599814,0.007475538,0.0074653905,0.0074531417,0.007503165,0.007621793,0.007481156,0.007496191,0.007522149,0.0076279324,0.007267071,0.0075490456,0.0074868333,0.0076084863,0.007454036,0.007483883,0.007502718,0.00757399
2012-10-11,0.007537348,0.007590873,0.007458849,0.007476164,0.0074073058,0.0074551087,0.00750011,0.007616205,0.007441355,0.0074524414,0.0075139683,0.007624788,0.007268546,0.007541297,0.0074414294,0.007608069,0.007450504,0.0074209254,0.0074707847,0.0075686853
2012-10-12,0.007549433,0.0075641256,0.0074574184,0.0074930023,0.0074006002,0.0074665975,0.007501645,0.0075701606,0.0074560177,0.0074501764,0.0075255763,0.0075675827,0.0075315814,0.007552175,0.007450221,0.0075645875,0.007463215,0.007434247,0.0074821394,0.0075285863
2012-10-15,0.007941483,0.008002741,0.007865502,0.007876633,0.007821469,0.00787784,0.007913647,0.008021919,0.007860599,0.0078469645,0.007944224,0.008020772,0.007911367,0.007964639,0.007868869,0.008010445,0.007876782,0.00784236,0.007890118,0.007980866
2012-10-16,0.0075248163,0.0076363813,0.0074567776,0.0073723625,0.007388575,0.0074895006,0.0075064283,0.0076453816,0.0074471664,0.0074301194,0.0075277817,0.007670475,0.0072426926,0.0075429957,0.007429911,0.0076443683,0.0074756723,0.007414235,0.0074727517,0.0075998437
2012-10-17,0.0077653807,0.007825835,0.007720394,0.0076250862,0.007660983,0.00771725,0.007747216,0.007830201,0.0076859873,0.007675661,0.007775454,0.007841704,0.0076732915,0.0077848416,0.0076735597,0.007830618,0.0077135246,0.0076583456,0.0077104103,0.007809473
2012-10-18,0.008911757,0.008913962,0.008822067,0.008909358,0.008869214,0.008940352,0.008952929,0.0089873355,0.008910729,0.0088888835,0.008973924,0.008972166,0.008748723,0.008984311,0.008860139,0.008953212,0.008916421,0.008868916,0.008889554,0.008946372
2012-10-19,0.0075201076,0.007522879,0.00737956,0.007506324,0.007417498,0.0075122993,0.007526813,0.007552145,0.0074676555,0.007463632,0.0075519364,0.0075448435,0.007303668,0.0075591635,0.0074444693,0.007540671,0.007490037,0.0074095856,0.0074639153,0.0075300466
2012-10-22,0.0054198485,0.0054695737,0.0053498577,0.0054275375,0.005300937,0.005407883,0.005402101,0.0054649394,0.0053497683,0.005344374,0.0054373425,0.0054647904,0.005379973,0.0054462384,0.0053783637,0.0054770987,0.005396245,0.0053025167,0.005353419,0.005445225
2012-10-23,0.007517947,0.0075504314,0.0074910354,0.0075376164,0.00745943,0.0075006466,0.007503001,0.0075297635,0.0074851494,0.0074638557,0.0075506996,0.007433964,0.0075147282,0.00755742,0.0075050425,0.007546393,0.007497607,0.007451562,0.0074545275,0.0075240117
2012-10-24,0.00753334,0.007496087,0.0074715894,0.007533787,0.0074562263,0.007496981,0.0074984115,0.0075273346,0.007520048,0.007459758,0.0075370204,0.007502405,0.007379083,0.007551117,0.0075159203,0.007529868,0.007508917,0.0074150693,0.0074670445,0.007519303
2012-10-25,0.007146893,0.0071048867,0.007074816,0.007140247,0.0070727747,0.0071011614,0.007108925,0.007117925,0.007090984,0.0071352255,0.0071430784,0.007126374,0.0069574546,0.007157324,0.0071259122,0.0071011167,0.0071145725,0.007035477,0.0070726406,0.007133035
2012-10-26,0.005559651,0.00551237,0.00551155,0.005545793,0.0054575186,0.0055122357,0.005514739,0.005554987,0.005499391,0.005485652,0.0055440348,0.0055353474,0.0053223204,0.0055581313,0.0055742096,0.005506156,0.005492119,0.0054341387,0.0054778885,0.005509166
2012-10-31,0.008511541,0.00849965,0.00846958,0.008509709,0.008440165,0.008493526,0.008454768,0.008506088,0.008518605,0.008476047,0.0084987115,0.008468313,0.00825916,0.008522375,0.008524669,0.008475451,0.008436663,0.008402495,0.00843793,0.008455945
2012-11-01,0.007554142,0.007540835,0.007509349,0.0075526517,0.007477192,0.0075342488,0.0074955355,0.007545082,0.00753711,0.00752504,0.0075278115,0.007538883,0.007342426,0.007557599,0.007523028,0.0075285714,0.0075179767,0.007458193,0.007480232,0.007502852
2012-11-02,0.0075437557,0.0075573307,0.0075154137,0.0075495224,0.007490514,0.0075293165,0.0074893665,0.007562069,0.007524742,0.0075462293,0.007534085,0.0075506847,0.007518841,0.007561965,0.0075253975,0.007531522,0.0075182896,0.00747226,0.007482199,0.0075070392
2012-11-05,0.0075488817,0.0073944014,0.0075212102,0.007547809,0.0074730795,0.007528482,0.0074928235,0.0075526517,0.0074977707,0.007574005,0.007533429,0.007551713,0.0075240713,0.007563276,0.0075089317,0.007537795,0.00748731,0.007480068,0.0074754637,0.0075156074
2012-11-06,0.00746323,0.0073991697,0.0075116586,0.007556809,0.0074620675,0.00753556,0.007511584,0.007542057,0.0074860584,0.0075748693,0.0075278264,0.007519005,0.007368399,0.007565452,0.007497905,0.007542042,0.007479934,0.0074807685,0.007475732,0.007522179
2012-11-07,0.0075394493,0.007467402,0.0075117927,0.007556675,0.007473914,0.0075322967,0.0075113755,0.0075461697,0.007453827,0.0075764935,0.0075252485,0.007556079,0.007503582,0.0075642,0.007484032,0.0075416397,0.007489769,0.0074817967,0.0074790698,0.0075187366
2012-11-08,0.007452069,0.0074039083,0.007519422,0.007559402,0.007501496,0.0075362604,0.007516457,0.00755669,0.0074661803,0.0075770896,0.0075342637,0.0075543206,0.007477997,0.0075663906,0.0074980985,0.007537527,0.0075166803,0.0074820947,0.007493539,0.007516576
2012-11-09,0.007437749,0.007406799,0.0074539315,0.0075579267,0.007503299,0.0075284075,0.007516397,0.00755666,0.0074579995,0.0075935703,0.0075335037,0.0075539034,0.0074406546,0.0075683277,0.0074975025,0.007532833,0.0074904095,0.0074762087,0.0074389856,0.0075264852
2012-11-12,0.008352352,0.008296756,0.008277146,0.00837451,0.008299483,0.008345244,0.008321879,0.008376179,0.008274732,0.008333294,0.008340461,0.00836849,0.008321924,0.008377789,0.008306144,0.008346988,0.00831428,0.008254362,0.008260621,0.008340253
2012-11-13,0.00762756,0.007520778,0.007482512,0.0076271724,0.0075028073,0.0075291377,0.0075089913,0.0076199006,0.0074468385,0.00750917,0.0075343084,0.007554231,0.0072151404,0.007565124,0.0074778628,0.007526813,0.0075362306,0.0074008238,0.0074750762,0.007523043
2012-11-14,0.007560147,0.0075068604,0.007481275,0.0075601917,0.0074302536,0.0075293016,0.0075148474,0.0075558703,0.007445572,0.007502852,0.0075351875,0.0075558852,0.0074679684,0.0075650793,0.007480515,0.0075250696,0.00747299,0.0073918384,0.0074765664,0.0075186174
2012-11-15,0.007563932,0.00741875,0.0074778926,0.007561935,0.007450862,0.0075288843,0.00752276,0.007516099,0.007461546,0.0074757766,0.007536171,0.007560862,0.007481916,0.0075650644,0.0074968915,0.007479934,0.007476313,0.0073942672,0.007483376,0.007513223
2012-11-16,0.0029797535,0.0029197615,0.0030191373,0.0030962955,0.0029706936,0.0030519497,0.0030489992,0.0030516814,0.0029480588,0.0029475074,0.0030617546,0.0030885022,0.002975298,0.0030887704,0.0029880982,0.003017215,0.0030014198,0.0029476415,0.0030225795,0.0030371826
2012-11-19,0.0073582064,0.007153524,0.0072853547,0.0073610228,0.0072969627,0.007276861,0.007253496,0.007358281,0.007190777,0.0072006714,0.007305784,0.0073269885,0.007270841,0.007323114,0.007223932,0.00722572,0.0072846096,0.007183982,0.0072752964,0.0072811376
2012-11-20,0.0075576585,0.007376818,0.007514892,0.007557137,0.0074882787,0.0075321924,0.0075211804,0.007550521,0.0074419957,0.0074531417,0.0075393748,0.007563172,0.0074956845,0.007554693,0.007475404,0.0073951464,0.007477341,0.0074596237,0.0075179767,0.007518394
2012-11-21,0.0066527855,0.006511135,0.0065948498,0.006653426,0.00659254,0.006631119,0.006614087,0.0066466015,0.006552918,0.0065555554,0.006623773,0.0066587757,0.006593136,0.0066468697,0.0065769088,0.006531922,0.00657369,0.0065389853,0.0066154283,0.0066272896
2012-11-23,0.0075584333,0.007383747,0.007487653,0.007554559,0.007487489,0.007518826,0.007504938,0.007550223,0.007440297,0.007475285,0.0075258743,0.007557137,0.0074935984,0.0075497013,0.007469816,0.0074557345,0.007449759,0.0074141454,0.007493032,0.0075309854
2012-11-26,0.007633893,0.0073823165,0.0074898433,0.007570533,0.0075367223,0.007535724,0.0074587595,0.007586224,0.0074376743,0.0074888,0.007529808,0.0075591933,0.0072065275,0.0075528305,0.0074575227,0.0074164104,0.0074474495,0.0074407887,0.0075002443,0.0075291675
2012-11-27,0.007155923,0.0069793444,0.007032199,0.0070934873,0.007054953,0.0070576947,0.006989835,0.0071152877,0.0069648605,0.007013647,0.007041393,0.00707121,0.006720422,0.007065518,0.0069889557,0.0070157032,0.0069621485,0.006971134,0.0070235264,0.007047398
2012-11-28,0.00764112,0.0073705,0.0074858796,0.007569058,0.0075055193,0.0074724536,0.0074675363,0.007600574,0.0074598175,0.00751373,0.007522283,0.0075615924,0.0072171222,0.0075516235,0.007473467,0.0074806493,0.0075151306,0.0074189883,0.007517321,0.007535143
2012-11-29,0.0076434594,0.0073833745,0.0074928086,0.0075588506,0.007515339,0.0075366776,0.007461218,0.007603882,0.0074571054,0.0075184833,0.007521076,0.0075554084,0.007222263,0.0075508785,0.007487206,0.0074319225,0.007478399,0.007435946,0.007523624,0.007529689
2012-11-30,0.007686464,0.0074142497,0.007498337,0.00756043,0.007513402,0.007563634,0.0074510705,0.0076553505,0.007470323,0.007526381,0.007522432,0.007556198,0.007251842,0.0075548124,0.0074890833,0.0074216854,0.00751747,0.007430656,0.007527305,0.007523952
2012-12-03,0.008701889,0.008388607,0.008502124,0.008583648,0.008484123,0.008588759,0.008500336,0.008667318,0.008465959,0.00854121,0.008548213,0.008588312,0.008280022,0.008581309,0.008520676,0.008445529,0.008544249,0.008448718,0.008541776,0.008563427
2012-12-04,0.0076159965,0.0074058007,0.0074981283,0.00750616,0.007474033,0.007483406,0.007464869,0.0075942706,0.0074751657,0.0075229984,0.0075202566,0.007566748,0.0074945074,0.0075558554,0.0075004827,0.007406367,0.0075065475,0.0074064713,0.0075051915,0.00753252
2012-12-05,0.0076093655,0.0074132364,0.0075077843,0.0075582545,0.0075692367,0.00749339,0.0074504893,0.007601185,0.0074962955,0.0075382125,0.0075164866,0.007564245,0.007494895,0.0075568985,0.0075151157,0.007390855,0.007480679,0.0074423086,0.0075216424,0.0075235944
2012-12-06,0.0071020406,0.006929798,0.0070063453,0.0069963317,0.007034285,0.0069906246,0.0069496464,0.0070996415,0.0069927108,0.00703129,0.007007135,0.0070660096,0.0069954526,0.007053597,0.0070111286,0.006992189,0.0070035886,0.00698906,0.0070191603,0.0070196223
2012-12-07,0.0076057743,0.0074326675,0.007514326,0.007494731,0.007543115,0.0074902307,0.0074666124,0.007597415,0.007485239,0.007514788,0.0075190347,0.0075663906,0.0074824076,0.007556794,0.007507546,0.0075278264,0.0075121205,0.0073856246,0.0075122695,0.0075264554
2012-12-10,0.007567687,0.00741273,0.0075001847,0.0074833613,0.0075535756,0.007464541,0.007494075,0.007555036,0.00745116,0.007519854,0.007516889,0.0075644385,0.007461859,0.0075558852,0.007488949,0.0075267833,0.0074726474,0.0073812585,0.0075129997,0.0075263213
2012-12-11,0.0053459983,0.00518067,0.005274443,0.0052605104,0.005297942,0.005236922,0.005237041,0.005333809,0.005240036,0.0053005796,0.005297018,0.0053434055,0.0052365344,0.005335359,0.005281983,0.0053063463,0.005245371,0.0052095633,0.0052918773,0.005308537
2012-12-12,0.0049681645,0.004789306,0.0048964005,0.0049138796,0.004961772,0.004920421,0.0048472118,0.0050100815,0.0048492234,0.0049147885,0.0049114954,0.0049561094,0.0046004187,0.0049503427,0.0048737954,0.0049419682,0.0048809927,0.004849447,0.0049092006,0.0049215984
2012-12-13,0.0076423865,0.007533593,0.0075053256,0.0075276624,0.0075235795,0.0075324755,0.0074626785,0.007624699,0.00746694,0.007523803,0.007529391,0.007563276,0.007210223,0.0075642,0.007498188,0.0075587314,0.0074889045,0.007408349,0.007519556,0.0075350683
2012-12-14,0.006457044,0.0063919704,0.006331755,0.006362332,0.006373776,0.006363554,0.0062996577,0.006457476,0.00629103,0.0063470285,0.006359635,0.006393222,0.0060496163,0.0063969474,0.006329952,0.0063856374,0.0063173603,0.0062914323,0.00635132,0.006373463
2012-12-17,0.0076060575,0.0075623523,0.0075030457,0.0075330865,0.007389752,0.0075318646,0.00745715,0.007631285,0.007461665,0.007517485,0.007526396,0.0075623374,0.0072187614,0.0075642746,0.0075020026,0.007558493,0.0075253826,0.0073942523,0.007519109,0.007542385
2012-12-18,0.0076966416,0.007560013,0.007562114,0.007524831,0.00746016,0.007568,0.007468803,0.007678656,0.0074109714,0.0074592363,0.0075317156,0.007569192,0.007251976,0.007568313,0.007446198,0.0075674187,0.0075237732,0.007392613,0.0075213145,0.0075450074
2012-12-19,0.0058760624,0.005697323,0.005712224,0.005712999,0.0056835096,0.005704267,0.005659668,0.0058217477,0.005665792,0.0057133865,0.0057365876,0.0057748538,0.0057131033,0.0057745706,0.0057085585,0.0057622176,0.0057076346,0.0056199264,0.005733667,0.00575052
2012-12-20,0.0076386165,0.0075546782,0.007494746,0.007501034,0.007443575,0.007495953,0.007464258,0.007610915,0.0074733775,0.007513372,0.007529108,0.0075651687,0.007504089,0.007567538,0.0075057726,0.007559715,0.0075054895,0.0074242335,0.007531358,0.007542787
2012-12-21,0.0076253098,0.007564647,0.007498158,0.007532222,0.007472841,0.007494433,0.007453976,0.0076122712,0.0074094813,0.00749339,0.00753179,0.007567359,0.007493047,0.0075698476,0.0074900817,0.007565422,0.007549746,0.0074644666,0.007541625,0.007541327
2012-12-24,0.00770521,0.00756575,0.007502226,0.007541327,0.0075150114,0.007561652,0.0074557047,0.007673038,0.0074003916,0.007488979,0.007587118,0.0075710546,0.007237343,0.007571174,0.007484017,0.0075697433,0.007544605,0.007463677,0.0075303447,0.007536752
2012-12-26,-0.0038195718,-0.003844576,-0.003936859,-0.003932597,-0.003947066,-0.0039551873,-0.003941985,-0.0038452167,-0.003953116,-0.0039153416,-0.0038829762,-0.0038476605,-0.003961893,-0.0038445015,-0.003917204,-0.0038490165,-0.0039506275,-0.0040031243,-0.0038727839,-0.0038898308
2012-12-27,0.007582156,0.007565735,0.0075009,0.0075083952,0.007478429,0.0074611586,0.007453529,0.007570235,0.0074204933,0.0074917804,0.0075338315,0.007495282,0.0074692797,0.0075648557,0.0074764173,0.0075666737,0.007522894,0.0074633043,0.0075167846,0.0075253975
2012-12-28,0.0076481085,0.0075566154,0.0074919295,0.0075541865,0.0074913334,0.007529853,0.007457806,0.007634444,0.0074353646,0.0074710976,0.0075321626,0.0075499993,0.0072121155,0.0075689983,0.00745946,0.0075691175,0.0075401645,0.0074412655,0.007507099,0.007520018
2012-12-31,0.007688148,0.00756344,0.0074946117,0.0075552594,0.007526828,0.007565392,0.007460205,0.007674871,0.0074188393,0.007454632,0.007571114,0.0074921977,0.007241128,0.0075697433,0.0074468832,0.0075715464,0.007538719,0.0074270945,0.0074943136,0.007520927
2013-01-02,0.0076270085,0.0075647514,0.0075222086,0.0075299274,0.0074958038,0.0075332355,0.007465137,0.007634951,0.0074454527,0.007458849,0.0075299125,0.007506175,0.007220445,0.0075692814,0.007455958,0.0075710844,0.0075300913,0.007415844,0.007495759,0.0075272154
2013-01-03,0.0076265316,0.007566793,0.0075324457,0.0075670164,0.0074860286,0.0075339656,0.0074639153,0.007635517,0.007462768,0.007467134,0.0075265,0.0074615907,0.0072262567,0.0075665694,0.007469995,0.007568462,0.007542191,0.0074194353,0.0074620824,0.0075274836
2013-01-04,0.0076617133,0.007563887,0.007544903,0.007507516,0.00753936,0.007567076,0.007463498,0.007677881,0.0074420106,0.007451905,0.007521568,0.0074612927,0.007255314,0.007568879,0.00745414,0.0075701308,0.007527275,0.007411776,0.0074613076,0.007521255
2013-01-07,0.0077098887,0.0076825004,0.007626025,0.007605089,0.007649375,0.007611094,0.007563887,0.0077282917,0.007546408,0.007572515,0.007635696,0.0075775217,0.00762604,0.007679416,0.0075844806,0.0076793414,0.007640345,0.007570518,0.0075707864,0.007633118
2013-01-08,0.0076627713,0.0075704586,0.0075559,0.0074890833,0.007576568,0.0075638276,0.0074536335,0.0076762866,0.00741568,0.00746092,0.007523982,0.007443441,0.007253973,0.007569922,0.0074720066,0.007565735,0.0075279158,0.007462276,0.007460637,0.0075244885
2013-01-09,0.007645173,0.0076255035,0.007572172,0.00753556,0.0075840186,0.007550223,0.0075144004,0.007663084,0.0074495506,0.007480575,0.007578103,0.0074902605,0.007560177,0.0076226126,0.0074952226,0.0076194685,0.00757551,0.007474346,0.00751221,0.007568268
2013-01-10,0.0076338034,0.007569058,0.007610379,0.007470606,0.0075867753,0.0075624418,0.007478578,0.0076732617,0.007454602,0.0074587446,0.0075237732,0.0074652117,0.0072478782,0.007567046,0.0074721705,0.00756651,0.007512627,0.0074581187,0.0074631404,0.0075168144
2013-01-11,0.0075470787,0.0075698923,0.0075442325,0.0074884575,0.007515369,0.007533325,0.0074544232,0.0076356363,0.007415278,0.007460503,0.0075253826,0.00744584,0.0072219353,0.007566927,0.0074714106,0.007566763,0.007558031,0.007467,0.00748281,0.0075156074
2013-01-14,0.007594092,0.0075724255,0.0075564664,0.0075442772,0.0075085443,0.0074981283,0.0074616503,0.007614417,0.007428361,0.007443605,0.007528199,0.007438032,0.0075089615,0.007566897,0.007449357,0.007566659,0.0075430702,0.0074264836,0.0074864756,0.00751826
2013-01-15,0.007553233,0.0075712036,0.0075706374,0.0075537395,0.0075038355,0.007530568,0.0074659865,0.007635547,0.0074393433,0.00744207,0.0075226407,0.0074087065,0.0072222333,0.007565869,0.0074543785,0.0074524563,0.00755137,0.00742021,0.007468922,0.007519601
2013-01-16,0.0075845253,0.0075698923,0.007620452,0.0075526666,0.0075000655,0.0075665247,0.0074738245,0.00767952,0.00743529,0.007444037,0.0075721424,0.007411508,0.0072481018,0.007566897,0.007447554,0.007544307,0.0075487923,0.0074132513,0.00747828,0.0075201076
2013-01-17,0.0072644334,0.007289229,0.0073375683,0.0072728675,0.007160319,0.007282896,0.007183505,0.007398961,0.007167099,0.0071767103,0.007300092,0.0071329903,0.0069659185,0.0072839092,0.007165907,0.007277025,0.007307319,0.007119907,0.007181762,0.007236628
2013-01-18,0.00754687,0.007569609,0.0075694304,0.0075638723,0.0074405354,0.007527305,0.0074783694,0.0076393913,0.0074695777,0.0074849557,0.0075743925,0.0074219685,0.0072281044,0.0075654816,0.007470606,0.007460622,0.007541476,0.007431848,0.007465465,0.0074174684
2013-01-22,0.007964669,0.007993771,0.00799085,0.007988704,0.007889999,0.007926924,0.007920278,0.008040605,0.007885171,0.007896764,0.0079508405,0.007815031,0.00792083,0.007990984,0.007884873,0.007860271,0.007975517,0.007826773,0.007887272,0.007824032
2013-01-23,0.007542772,0.007571576,0.007620571,0.0075623672,0.007465435,0.007555498,0.007491214,0.007676674,0.0074406993,0.0074617695,0.007621376,0.0073944014,0.0072523635,0.007568432,0.0074634235,0.0074088555,0.007562993,0.007450817,0.0074645113,0.0073847603
2013-01-24,0.007584421,0.007649241,0.0076604616,0.007637186,0.0075148176,0.007585136,0.0075715315,0.0076900106,0.0075112414,0.007545335,0.007646827,0.0075968783,0.007569758,0.007643042,0.00752428,0.0075958055,0.0076209586,0.007525591,0.00755745,0.0075719785
2013-01-25,0.0075050723,0.0075699817,0.0075428914,0.007527275,0.0074621867,0.007512955,0.0075225066,0.007608054,0.007469354,0.0074817818,0.0075646024,0.007507367,0.0074854773,0.0075665247,0.007458044,0.007529972,0.007490216,0.0074566584,0.0074813943,0.007509364
2013-01-28,0.0074867588,0.0075727087,0.0074981432,0.007535709,0.00748278,0.007495282,0.0075359326,0.0075702798,0.007432772,0.007511331,0.007526217,0.007490976,0.0074719917,0.007566778,0.0074698906,0.0075360667,0.0075077247,0.0074809175,0.007506637,0.007515503
2013-01-29,0.007495789,0.0075713824,0.0075461846,0.007533131,0.007445274,0.0075083803,0.0075336527,0.007606296,0.007440878,0.007509945,0.007564185,0.007494746,0.0074762087,0.007563947,0.007451175,0.0075294953,0.007518513,0.007465793,0.007497577,0.007517932
2013-01-30,0.008178381,0.008356376,0.008208184,0.008258862,0.008142872,0.0082436185,0.0082384925,0.00834748,0.008146806,0.008237777,0.008291168,0.008214606,0.007924868,0.008344902,0.008155493,0.008258296,0.008228047,0.008160455,0.00824119,0.008234335
2013-01-31,0.006926043,0.0070419144,0.006976677,0.0069499295,0.006929649,0.0069523286,0.0069870334,0.0070373695,0.006939886,0.006998135,0.006995393,0.0069264006,0.00691892,0.0070360135,0.0069313925,0.0070030224,0.0069255214,0.0069138836,0.006993545,0.006985737
2013-02-01,0.007503135,0.007685421,0.0076203477,0.00758232,0.007466076,0.0075754505,0.007584734,0.0076767635,0.0075291228,0.0075799953,0.00761625,0.007503463,0.0072564464,0.0076122712,0.007520182,0.007580025,0.0075629037,0.0074881893,0.0075710397,0.007560177
2013-02-04,0.0070579182,0.007242603,0.007176785,0.0071291905,0.0070533734,0.007128967,0.007139532,0.0072342437,0.00703354,0.0070767086,0.0071757715,0.0070579927,0.006815551,0.0071653854,0.007041393,0.007133035,0.0070967805,0.0070422273,0.0071041863,0.0071156453
2013-02-05,0.0074604135,0.0076862406,0.007586969,0.0075479876,0.007439686,0.007558344,0.007534651,0.0076774936,0.007434113,0.007461576,0.007619275,0.007460488,0.0072500836,0.007608546,0.0074313562,0.007537065,0.007520331,0.007439239,0.0074905884,0.007515935
2013-02-06,0.0074602794,0.007580368,0.0075266194,0.007523982,0.007454304,0.0074870866,0.0075299125,0.007575346,0.007443784,0.0075172912,0.007528616,0.0074603986,0.0074837636,0.0075705033,0.0074421894,0.007541416,0.0075172167,0.007421879,0.0075046103,0.007513432
2013-02-07,0.0074601304,0.0076136123,0.007578848,0.007559506,0.0074837487,0.00753255,0.007538257,0.007612912,0.0074085873,0.007503761,0.0075692367,0.0074602347,0.0075053703,0.0075710546,0.007471053,0.007541461,0.0075256806,0.0074884575,0.0075081717,0.0075106304
2013-02-08,0.010186059,0.01034051,0.010304449,0.010265125,0.0101902615,0.010233907,0.010263009,0.010337813,0.0102113765,0.010189725,0.010297818,0.010148821,0.010224653,0.010294436,0.010161145,0.010263098,0.010224698,0.0101486575,0.010205133,0.010235338
2013-02-11,0.008233039,0.008510677,0.008476986,0.00838135,0.008259801,0.008338047,0.008375911,0.00850646,0.008347375,0.008284701,0.008453084,0.008302046,0.008077307,0.008468403,0.008254467,0.008376537,0.008339865,0.008229984,0.008309407,0.008348523
2013-02-12,0.0074575823,0.0076408815,0.0075802635,0.007542921,0.0074794274,0.007490365,0.0075308066,0.0076332074,0.0075080823,0.007509155,0.0075819176,0.0074213725,0.0072157662,0.007637156,0.0074794423,0.0075393002,0.007502524,0.0074756723,0.0074944776,0.007511167
2013-02-13,0.0073624533,0.0075723957,0.0075299125,0.0075207036,0.007491274,0.00751446,0.007533131,0.00757323,0.007516114,0.007510869,0.00753106,0.0074663144,0.0074798446,0.0075728875,0.007510213,0.007536439,0.0075163078,0.0075040143,0.0075003784,0.007505549
2013-02-14,0.007867677,0.008046819,0.007995335,0.007916896,0.007893397,0.007912813,0.007934449,0.008046104,0.0079378765,0.007942675,0.00799319,0.00782655,0.007633684,0.008046536,0.007938338,0.00794333,0.007933451,0.007924689,0.007913617,0.007918848
2013-02-15,0.007503612,0.0076772254,0.0076545905,0.0074996483,0.0073985737,0.007509662,0.007495491,0.007678209,0.0075090807,0.007605521,0.0076188873,0.0074598175,0.0072483104,0.0076138508,0.007539345,0.007533593,0.007524444,0.0074313264,0.007489128,0.0075169336
2013-02-19,0.007453231,0.007617144,0.0075902175,0.007530598,0.007363824,0.007513849,0.007488249,0.0076171737,0.0074917357,0.007399408,0.007573722,0.0075009745,0.007422028,0.007612122,0.0075431447,0.0075311046,0.007530926,0.007415725,0.007492451,0.007512344
2013-02-20,0.0074646454,0.007575987,0.007535903,0.007507665,0.007447375,0.0075060558,0.007493792,0.0075760763,0.0074917953,0.007358549,0.0075317007,0.0074631404,0.0073822867,0.007572068,0.0075543653,0.0075291526,0.007527558,0.007488845,0.0075021815,0.007514743
2013-02-21,0.0074158143,0.007603435,0.0075810384,0.0074820053,0.0073612314,0.007475717,0.007459877,0.0076090526,0.007507054,0.007509066,0.0075680446,0.0074894708,0.007411642,0.0076077264,0.0075346064,0.0075270515,0.007495133,0.007417051,0.0074990224,0.007520793
2013-02-22,0.0074569862,0.007597668,0.007584585,0.0074727368,0.007439686,0.007482348,0.0074534398,0.0076023173,0.007474063,0.007577209,0.00755821,0.0074607264,0.0074448865,0.0075618457,0.007489158,0.007529719,0.0074738543,0.0074617844,0.007503612,0.0075034928
2013-02-25,0.0074487757,0.007525144,0.007498471,0.0074649584,0.0073507708,0.0074322056,0.0074222367,0.007527573,0.007418556,0.0074875336,0.0074863117,0.007424025,0.007394476,0.0075270366,0.0074734073,0.0074916314,0.0074320417,0.0073634516,0.0074498784,0.0074610393
2013-02-26,0.0074497443,0.0075592827,0.007530449,0.0074963104,0.007424874,0.0074956696,0.007500259,0.007567553,0.007500572,0.0074934047,0.0075255167,0.007460354,0.007495774,0.007566197,0.0075215977,0.007526351,0.0075249355,0.0074482244,0.007496534,0.0075034928
2013-02-27,0.007451592,0.007561637,0.007532535,0.0074617397,0.00741945,0.007475598,0.007503299,0.007569043,0.0075279158,0.007524429,0.0075246524,0.007460309,0.007396592,0.007570235,0.007450385,0.007534994,0.0075136553,0.0074361544,0.007477848,0.0074958485
2013-02-28,0.0074926894,0.0075668376,0.007531224,0.0074453037,0.0073960107,0.0074839126,0.0075142365,0.0075674336,0.0074847173,0.007524235,0.0075169336,0.0074602496,0.0075331163,0.007564826,0.0074527096,0.007541878,0.0074559133,0.0074869674,0.007486088,0.0074976664
2013-03-01,0.008074803,0.008136405,0.008101029,0.008012069,0.007979272,0.008061839,0.008092089,0.008134184,0.008032335,0.0081055,0.008089675,0.008027358,0.008128492,0.008135019,0.008020638,0.008110745,0.008018075,0.0080678,0.008064104,0.008074848
2013-03-04,0.005472539,0.0055394005,0.005506633,0.005408583,0.005369989,0.0054484885,0.0054914486,0.0055399667,0.005457623,0.005454166,0.0054923724,0.005431978,0.0055029523,0.00554022,0.0054336023,0.0055241566,0.005434556,0.005437894,0.005453823,0.005476473
2013-03-05,0.0075113457,0.007566048,0.0075336974,0.0074566137,0.00740136,0.007469399,0.0075122397,0.0075683277,0.00747752,0.0074899625,0.0075183343,0.0074602943,0.0075118225,0.007568715,0.007456539,0.007555617,0.007464586,0.0074500125,0.0074744206,0.0075133275
2013-03-06,0.007484911,0.007567687,0.007533161,0.0074518155,0.007434262,0.0074800234,0.0075178873,0.007567836,0.007455794,0.0074750464,0.007518051,0.007460324,0.007514892,0.0075674932,0.0074433517,0.0075540375,0.0074513685,0.0074500125,0.0074831527,0.007519571
2013-03-07,0.009152247,0.009265585,0.009229301,0.009084372,0.009028865,0.009117467,0.009155257,0.009268416,0.009085206,0.009157209,0.009204565,0.009097366,0.008889405,0.009201897,0.009095965,0.009185923,0.009087278,0.00912015,0.00912228,0.009152977
2013-03-08,0.007545082,0.007571427,0.007528497,0.0074589085,0.007391898,0.007487295,0.007498754,0.007567687,0.0074512493,0.00750993,0.0075212996,0.007438941,0.007511629,0.007564975,0.00745417,0.0075260233,0.007448269,0.0074979793,0.0074925106,0.007518379
2013-03-11,0.007787047,0.007800905,0.0077545773,0.007689325,0.0076663177,0.0077059697,0.0077175777,0.007796673,0.0076700877,0.0077381264,0.007749824,0.0076935124,0.007783128,0.007798074,0.0076577645,0.007777853,0.0076796245,0.0077177715,0.00771123,0.0077393036
2013-03-12,0.007551281,0.007568164,0.0075252634,0.0074611586,0.0074105244,0.007483883,0.007484747,0.007568283,0.0074634235,0.0074724834,0.0075200927,0.007462753,0.007488204,0.007566957,0.0074718576,0.0075484943,0.0074524563,0.0074678194,0.0074850153,0.0075136553
2013-03-13,0.0074802767,0.0076105725,0.007566748,0.0074602943,0.007412685,0.0074724834,0.0074922275,0.007606892,0.0074385535,0.0075241607,0.007555185,0.0074625444,0.007538555,0.0075670015,0.007437123,0.0075481217,0.0074513387,0.0074804705,0.007480843,0.007509915
2013-03-14,0.0072993916,0.007391004,0.007337911,0.007281361,0.007216988,0.0072918963,0.007282285,0.007385729,0.0072692465,0.0072605144,0.007334633,0.0073069762,0.0073253494,0.0073884856,0.00727023,0.0073731076,0.0072736274,0.0072813164,0.0072921794,0.007325707
2013-03-15,0.008579416,0.00865872,0.008602826,0.008550076,0.008472515,0.008554814,0.008550612,0.008650465,0.0085315835,0.008553518,0.008599905,0.008550702,0.008608041,0.008656172,0.008510647,0.008644922,0.008548601,0.008552594,0.008561311,0.008604584
2013-03-18,0.007540418,0.0075692814,0.007516993,0.0074599218,0.007438747,0.0074764024,0.0074757915,0.0075661074,0.0074418467,0.0074527394,0.0075068306,0.0074603837,0.007504208,0.0075671803,0.0074156653,0.0075507294,0.0074682366,0.0074507277,0.007473616,0.0075178724
2013-03-19,0.007536439,0.00756423,0.0075171273,0.0074366312,0.007448999,0.007468356,0.0074789505,0.0075627994,0.007438315,0.007490961,0.007511733,0.0074603837,0.0075383913,0.007563127,0.007425813,0.0075551104,0.00745569,0.0074591916,0.0074751955,0.0075182
2013-03-20,0.0070148837,0.0070274007,0.006977914,0.006895272,0.0069605093,0.0069701355,0.006966425,0.007025225,0.006911723,0.006942628,0.0069747996,0.00692047,0.0069866013,0.0070236605,0.0069382917,0.007014228,0.0069167595,0.0069433134,0.006939305,0.0069687497
2013-03-21,0.0075575095,0.0075659584,0.0075166505,0.0074388813,0.0074917655,0.0074792337,0.0074878316,0.0075618457,0.0074727517,0.0074896496,0.0075117033,0.007460309,0.0075162183,0.007564528,0.007468445,0.0075531136,0.007463021,0.0074917506,0.007495148,0.0074899774
2013-03-22,0.004873736,0.004886044,0.0048386287,0.0047519635,0.004818214,0.004809452,0.0047976654,0.0048818868,0.00476609,0.004790513,0.0048367064,0.004775865,0.00481428,0.004880322,0.0047895294,0.0048644077,0.0047865044,0.0048083346,0.0048018675,0.004815681
2013-03-25,0.006692661,0.0067594927,0.0067144465,0.006566627,0.0065704715,0.0066002887,0.0065953713,0.0066892933,0.006640507,0.0066431295,0.006643994,0.006585909,0.0063761007,0.0066909175,0.0065255146,0.0066809487,0.006658731,0.0065985452,0.006598426,0.0066428315
2013-03-26,0.00756347,0.00762978,0.007564364,0.007434873,0.007490335,0.0074884575,0.0074811857,0.0075614583,0.0075192284,0.0075172316,0.007512836,0.007460339,0.0072514545,0.0075621437,0.007450996,0.0075489115,0.007528169,0.007484762,0.007483674,0.00751218
2013-03-27,0.0075715166,0.007630391,0.0075553935,0.007441027,0.0074842107,0.007501213,0.007463632,0.0075633805,0.0075050574,0.007494403,0.0075195264,0.007460339,0.0072179716,0.0075636785,0.0074516367,0.007550923,0.0075265896,0.007476492,0.0074693393,0.00751826
2013-03-28,0.008064939,0.008131666,0.00806242,0.0079452675,0.008007212,0.007996855,0.007983683,0.008067278,0.008021472,0.008023275,0.008022053,0.008006258,0.0077302437,0.008067591,0.007968752,0.007994382,0.008037148,0.007996289,0.007991044,0.008030353
2013-04-01,0.007570235,0.007678626,0.0075895917,0.0074456614,0.007498203,0.007495625,0.007488055,0.007567702,0.00760415,0.0075582843,0.0075178724,0.0074753445,0.0072513055,0.0075638723,0.0074750464,0.0075285714,0.007568864,0.007493211,0.007483272,0.007517604
2013-04-02,0.007563887,0.0076127034,0.0075255614,0.0074351113,0.007477997,0.007476164,0.0074729007,0.007559104,0.0075496864,0.007524384,0.0075172465,0.0074681025,0.0075276326,0.0075594317,0.007435931,0.0075389426,0.0074907523,0.007488502,0.007487921,0.007512225
2013-04-03,0.0018678438,0.0019124579,0.0018371027,0.001736341,0.0017922502,0.0017890614,0.0017723124,0.0018641781,0.0018596184,0.0018453132,0.0018167626,0.0017505717,0.0018394124,0.0018620472,0.001754133,0.0018372219,0.0018630754,0.0017896872,0.0017951112,0.0018268507
2013-04-04,0.0075672846,0.007610066,0.0075525474,0.007448135,0.0074801426,0.007479919,0.007474331,0.0075683873,0.0075467657,0.0075249206,0.0075183045,0.007483287,0.007538317,0.0075650346,0.0074421447,0.0075406116,0.00757025,0.0074129533,0.007492019,0.0075272005
2013-04-05,0.0075663757,0.007608352,0.00754012,0.0074418765,0.007507054,0.007506503,0.0074974727,0.007563619,0.0075258594,0.0075235944,0.0075210463,0.0074888747,0.007542623,0.0075630676,0.0074836295,0.007539956,0.0075406265,0.0074955504,0.007522,0.007522149
2013-04-08,0.007567955,0.007567538,0.007512687,0.007447822,0.0074943434,0.0074828994,0.007484911,0.0075596403,0.0075127464,0.007464258,0.007516904,0.007500915,0.0075499844,0.0075638425,0.007466538,0.007512985,0.007510511,0.007412715,0.007516561,0.0075263213
2013-04-09,0.00756946,0.0075668525,0.0075113904,0.007492317,0.0074780565,0.007476745,0.0074980985,0.0075638574,0.007450549,0.007495759,0.007524727,0.007475687,0.007528765,0.0075670164,0.0074295234,0.007544605,0.0075193625,0.0074242335,0.0075168144,0.007531343
2013-04-10,0.0030511003,0.0030416977,0.002992062,0.002984522,0.0029768627,0.0029845815,0.0029751938,0.0030525457,0.0029295068,0.0029971134,0.0030094665,0.00297804,0.0030334871,0.0030506235,0.0029557925,0.0030289125,0.0030116867,0.002921788,0.002949221,0.0030091833
2013-04-11,0.008340923,0.008340953,0.008274032,0.008261306,0.008289991,0.008284701,0.008272735,0.008344097,0.008217467,0.008288024,0.008301957,0.00828485,0.008328183,0.008341847,0.008258952,0.0083202105,0.008291585,0.008198751,0.008249862,0.008299677
2013-04-12,0.0048778486,0.0048758667,0.0048211496,0.004765434,0.004808722,0.0048070084,0.004796488,0.00487837,0.00476001,0.0048234444,0.00484222,0.004803134,0.0048620533,0.004878862,0.0047747176,0.0048621576,0.0048313867,0.0047255736,0.0047890227,0.004845483
2013-04-15,0.008865936,0.008867307,0.008816315,0.008780358,0.008774562,0.008776186,0.008792577,0.0088685285,0.0087298285,0.008818341,0.00882992,0.008805482,0.008826701,0.00886829,0.008727698,0.008856548,0.0088205915,0.008718563,0.008810161,0.008830307
2013-04-16,0.0075650495,0.007556213,0.0075189453,0.0074932557,0.0074852984,0.007482229,0.0074899327,0.0075688194,0.007430954,0.007550625,0.0075275283,0.0074763577,0.0075528305,0.0075657647,0.007440297,0.0075573307,0.007531343,0.0073941927,0.007501675,0.0075282734
2013-04-17,0.006067587,0.0060625505,0.0060289036,0.0059817564,0.0059978794,0.0060004275,0.0059888493,0.0060785394,0.005940659,0.0060503315,0.0060374867,0.0059853625,0.006070478,0.0060764384,0.00596085,0.0060687345,0.0060441624,0.005889667,0.0060084146,0.006043328
2013-04-18,0.006898267,0.006896777,0.0068927538,0.0068077277,0.006793825,0.006806491,0.0068140756,0.006973503,0.0067751985,0.006885631,0.0068668406,0.006854294,0.0066153537,0.0069726687,0.0067772996,0.0068992656,0.006875707,0.0067734253,0.0068139117,0.0068822633
2013-04-19,0.0043409597,0.0043454897,0.004344715,0.0042311978,0.004251031,0.004280297,0.0042709988,0.0044228416,0.0042164456,0.004313199,0.004306672,0.0042715054,0.00405751,0.0044174325,0.0042282324,0.004336683,0.0043281,0.0042639356,0.004235385,0.0043167304
2013-04-22,0.007496653,0.007500006,0.0074498933,0.007424457,0.0074489545,0.0074640047,0.007454334,0.007519899,0.0073788296,0.00741875,0.007464988,0.0074274223,0.0074548107,0.0075111818,0.007425634,0.00749637,0.0074579995,0.0074675214,0.007398395,0.0074724983
2013-04-23,0.0075537097,0.0075576883,0.00750841,0.007482467,0.0075023454,0.0075034928,0.007490156,0.007570071,0.007439835,0.0074917655,0.0075222533,0.0074834954,0.0075362753,0.0075675827,0.007472573,0.007555602,0.0074783545,0.007429419,0.007464869,0.0075328033
2013-04-24,0.0075591635,0.007557912,0.00755897,0.0074367505,0.007517768,0.00752729,0.0075204503,0.0076079797,0.0074462574,0.007493047,0.0075211953,0.0075065475,0.007457463,0.007599933,0.0075065624,0.0075536054,0.007495759,0.0075234007,0.0074726176,0.0075245034
2013-04-25,0.0075623523,0.0075701308,0.0075579863,0.007490335,0.0074737202,0.00747977,0.0074934047,0.0075988006,0.0074328166,0.007541133,0.0075180363,0.007452069,0.007525591,0.007603256,0.007426856,0.007543428,0.0075625014,0.007399557,0.0074854176,0.007523475
2013-04-26,0.0075605195,0.007569073,0.0075151306,0.007519139,0.007507844,0.0074949693,0.0075060558,0.007557748,0.0074379276,0.007511003,0.0075222235,0.0074789803,0.007542966,0.0075660925,0.007474242,0.0075431596,0.0075352173,0.0073748063,0.0074845534,0.0075189155
2013-04-29,0.0075614285,0.0075662266,0.007515041,0.007529674,0.0074476134,0.0074714553,0.0074823927,0.007554291,0.0074376,0.007488979,0.007520361,0.007476164,0.0075340997,0.0075667184,0.0074483734,0.0075442772,0.0075336527,0.0074237417,0.007483391,0.0075220894
2013-04-30,0.0075594317,0.007561831,0.007515399,0.0074667614,0.0074890684,0.007495953,0.0074831825,0.0075564813,0.007435171,0.0074346196,0.0075152647,0.0074777286,0.007451145,0.0075615626,0.0074568074,0.0075376164,0.0074661206,0.0073909294,0.0075088125,0.007520063
2013-05-01,0.006912915,0.0069108885,0.006867705,0.0068829935,0.006768329,0.00682324,0.00682701,0.006915195,0.0067970585,0.006860582,0.00687219,0.006812973,0.0068913084,0.0069193076,0.006787611,0.006898774,0.006890429,0.0067613553,0.0068471115,0.006868137
2013-05-02,0.008107198,0.008107943,0.008060245,0.008066101,0.008017911,0.008016346,0.008027969,0.008113338,0.007985769,0.008041142,0.008070497,0.008001728,0.008086367,0.008116348,0.007994903,0.00804433,0.008074431,0.00794269,0.008046089,0.008071689
2013-05-03,0.008326812,0.008329196,0.008280126,0.008289186,0.008198051,0.008231102,0.008251784,0.0083236825,0.008217214,0.008249609,0.0082846265,0.008200644,0.008301152,0.008332191,0.008179737,0.00829698,0.008303581,0.008194638,0.0082675945,0.008285595
2013-05-06,0.0076948684,0.0076966565,0.007683439,0.007665394,0.007559685,0.0076072197,0.007614417,0.007762639,0.007576702,0.007573573,0.007656513,0.007581396,0.007379679,0.007768465,0.007585464,0.007675765,0.007663278,0.0075611603,0.007648034,0.0076571982
2013-05-07,0.007524429,0.007553814,0.0075267684,0.007536618,0.0074088406,0.0074163955,0.007418899,0.007555155,0.0074311476,0.0074366312,0.0075076204,0.0074142944,0.0072645973,0.007621659,0.0074079614,0.007532416,0.007537214,0.0074052196,0.0075579416,0.0075085443
2013-05-08,0.007491721,0.0075207185,0.007479517,0.007496996,0.0073776376,0.007373182,0.007390512,0.0075187664,0.0073981564,0.007391257,0.0074720066,0.00741121,0.007227732,0.007589398,0.0073958915,0.0075059216,0.0074976366,0.0073655974,0.0074931365,0.007478548
2013-05-09,0.007538317,0.0075546335,0.0074932706,0.0074833166,0.0074085128,0.007413937,0.0074482094,0.00755444,0.007439552,0.007456286,0.0075077694,0.0074650776,0.0075229835,0.007563932,0.00745268,0.0075320285,0.0074727666,0.0074082,0.0074953865,0.0075056385
2013-05-10,0.007535575,0.0075571816,0.007517157,0.007496683,0.007396234,0.007416008,0.007452635,0.007597504,0.0074444097,0.007429613,0.0075049084,0.0074664634,0.007502405,0.0075985026,0.007451592,0.00752653,0.007488353,0.0074038487,0.0075026136,0.0075068753
2013-05-13,0.0075254273,0.0075507145,0.007516844,0.0075107943,0.0074378084,0.007423712,0.0074606817,0.00755514,0.0074471813,0.0074284505,0.007510064,0.0074539017,0.007496847,0.0075944494,0.007449759,0.0075318348,0.007488696,0.0074278396,0.0075521152,0.0075056087
2013-05-14,0.0075314324,0.0075494926,0.007536156,0.007498188,0.007421268,0.0074224155,0.0074991267,0.0075516384,0.007511167,0.0074344855,0.0075073373,0.0074375253,0.0072380733,0.007656781,0.0074151885,0.007531939,0.0075550806,0.007402761,0.0075962823,0.0075095575
2013-05-15,0.005865423,0.0058932584,0.005813865,0.0058317017,0.005824147,0.005758403,0.0057898145,0.005894376,0.005811421,0.0058146548,0.00584927,0.0057956707,0.0057849716,0.00589451,0.005811272,0.0058686566,0.0057877284,0.0057240706,0.0058319997,0.0058412235
2013-05-16,0.0075091105,0.00756119,0.0075186472,0.0074831974,0.0074712913,0.0074304324,0.0075043123,0.0075600725,0.007512672,0.007433964,0.0075103175,0.0074617546,0.00721444,0.007620869,0.0074414145,0.007537527,0.0075278413,0.0074441563,0.0074698906,0.007506935
2013-05-17,0.00760719,0.007622687,0.0076218825,0.0075625014,0.007560907,0.007530732,0.0076154005,0.007650314,0.0076747667,0.0075436663,0.007620288,0.0075350683,0.0073304903,0.0077284705,0.007525904,0.0076354425,0.0076411646,0.0075074565,0.0075747054,0.0076131206
2013-05-20,0.0075106453,0.007538585,0.0074961167,0.0074967872,0.0074990224,0.0074182283,0.007525144,0.0075504016,0.0075466614,0.007480545,0.0075160246,0.0074825417,0.0075048935,0.0076027643,0.0074883234,0.00754614,0.007550342,0.0074368846,0.007521389,0.0075278115
2013-05-21,0.007501198,0.0075338315,0.007571472,0.0074821543,0.0074914675,0.0074652564,0.0075282287,0.0075442325,0.0075397324,0.0074460637,0.0075196456,0.007461665,0.007219432,0.007624088,0.0074466597,0.0075448137,0.007519139,0.0073903482,0.007509915,0.0074987244
2013-05-22,0.0075014364,0.0075275283,0.0075852107,0.0074902456,0.0074343514,0.007464526,0.0075862687,0.00754088,0.0075628143,0.0074679386,0.0075163227,0.007469697,0.007246433,0.007668374,0.0074792337,0.0075469445,0.00755064,0.0073737334,0.0075259935,0.007491542
2013-05-23,0.007510258,0.0075421166,0.007561026,0.0074842703,0.0074309986,0.0074675214,0.007542653,0.0075450074,0.0075276326,0.0074376147,0.007518051,0.0074563157,0.0075038653,0.007604791,0.007450266,0.0075441133,0.007528467,0.007422326,0.0075292867,0.0075243097
2013-05-24,0.0075168293,0.007537691,0.007568879,0.0075516235,0.007494433,0.0074687432,0.0074765515,0.0076170545,0.0074784737,0.0074623507,0.007517053,0.00747375,0.0072216373,0.0076265614,0.00747828,0.007543562,0.0075266343,0.007477088,0.0075289886,0.007506294
2013-05-28,0.007292656,0.007322235,0.007355405,0.007305054,0.0072477143,0.007245166,0.0072985273,0.0073421877,0.00726567,0.0072399657,0.007303683,0.00724156,0.007220594,0.007392211,0.0072411727,0.0073277336,0.0073162746,0.0072364043,0.0073143225,0.007272212
2013-05-29,0.0075234454,0.0075264703,0.0075429063,0.007521985,0.0074506085,0.0074599516,0.007516576,0.0075561386,0.007469965,0.0074322056,0.0075152945,0.0074510556,0.0074776094,0.007602794,0.007441489,0.0075442474,0.007529987,0.0074285995,0.007531656,0.0075169485
2013-05-30,0.0075377505,0.0075204503,0.007524712,0.0075407606,0.0074315798,0.0074601006,0.007522283,0.007602228,0.007433636,0.0074406546,0.00751218,0.007454319,0.0072223675,0.00762078,0.007452382,0.007527752,0.007519169,0.007420553,0.0075953435,0.007474391
2013-05-31,0.007541148,0.007547511,0.007563157,0.007583512,0.0074022245,0.0074602347,0.0075243544,0.007660283,0.0074507575,0.007423369,0.0075181704,0.0074495804,0.0072513055,0.0076657515,0.0074512195,0.0075395536,0.0075457226,0.0073682647,0.007591231,0.007500289
2013-06-03,0.0074884873,0.00749333,0.0074592214,0.0075356346,0.007478116,0.007446287,0.007530732,0.007629333,0.007460205,0.0074613374,0.0075132977,0.007408617,0.007262109,0.007626323,0.007462917,0.0075472724,0.0075401645,0.007471321,0.007591037,0.007478265
2013-06-04,0.007485656,0.0074923467,0.00747752,0.00754389,0.0075038504,0.007451756,0.0075374674,0.0076319706,0.00747524,0.007479323,0.007517336,0.0074118953,0.0072672945,0.00762832,0.007472692,0.007551519,0.007543696,0.007470859,0.00760491,0.0074407887
2013-06-05,0.007482482,0.007510839,0.0074853282,0.0075396877,0.0074943136,0.0074510854,0.007551713,0.0076719653,0.0074528586,0.007471515,0.0075162333,0.0073980074,0.0072544347,0.0076658707,0.0074589234,0.007548971,0.0075739753,0.007405294,0.0076472443,0.0074258577
2013-06-06,0.0074941795,0.007529361,0.007501824,0.007535739,0.007509796,0.0074446034,0.007546691,0.007674737,0.007480828,0.0074887704,0.0075144004,0.0074032824,0.007255463,0.0076628905,0.0074887555,0.0075514745,0.007574184,0.0074302386,0.00764264,0.0074354094
2013-06-07,0.0075318795,0.0075518023,0.0075422656,0.007534532,0.007499052,0.007460175,0.0075506847,0.007679669,0.0074552875,0.007480217,0.007523818,0.007403804,0.0072561484,0.0076683443,0.007471619,0.0075578075,0.007566763,0.007367162,0.0076425206,0.007502733
2013-06-10,0.007053999,0.0070812237,0.0070744734,0.007053746,0.007034166,0.0069961976,0.0070869457,0.007213084,0.0069886874,0.007013036,0.007058827,0.0069635343,0.0067880433,0.0072047245,0.007004587,0.0070865583,0.0071028005,0.0068764817,0.0071846824,0.0069927406
2013-06-11,0.007536499,0.007547332,0.007504372,0.0075156223,0.007521881,0.0074659865,0.0075610857,0.0076647084,0.0074813645,0.007500885,0.007517932,0.0074035507,0.0072570723,0.007668538,0.0074934047,0.00754915,0.007566897,0.007464407,0.0076476615,0.0074798
2013-06-12,0.0075355154,0.007552488,0.0075317454,0.007509066,0.0075299274,0.007455198,0.0075493287,0.0076742154,0.007487444,0.007514624,0.0075199585,0.007487176,0.0072575193,0.007670654,0.007499231,0.0075520407,0.007566942,0.007479353,0.0076412093,0.0074763577
2013-06-13,0.0075271707,0.0075582396,0.007538466,0.0075244587,0.0075318795,0.0074550044,0.007545201,0.0076777022,0.007483585,0.0075031053,0.0075267833,0.00750619,0.0072581153,0.007672144,0.0074976366,0.0075584482,0.0075669866,0.0074806195,0.0076387357,0.007473482
2013-06-14,0.011211751,0.011231838,0.0112074,0.011157645,0.01120515,0.011126531,0.011221496,0.011350108,0.01116058,0.011175273,0.011198534,0.011112196,0.010932816,0.0113461595,0.011174766,0.011227084,0.0112443995,0.011158003,0.011318339,0.011151461
2013-06-17,0.0075482856,0.007552905,0.0075321924,0.0074724536,0.007525025,0.007461665,0.0075287353,0.0076099616,0.0074777734,0.0075058173,0.007523669,0.0074004065,0.0075173657,0.0076123904,0.0074997675,0.0075530987,0.0074993055,0.007459877,0.0075853746,0.0074871313
2013-06-18,0.0075267386,0.007541416,0.007538868,0.0074774455,0.0075117927,0.007456897,0.0075257104,0.0076104384,0.007455481,0.007487757,0.0075189155,0.0074063074,0.0075082164,0.0076087695,0.007473899,0.0075523686,0.0074958336,0.0073842686,0.007578997,0.0074906778
2013-06-19,0.004591299,0.0046163034,0.0046015214,0.0045214426,0.0045685302,0.004511131,0.0046221297,0.004749609,0.0045234095,0.004549442,0.0046433043,0.004538579,0.0043045115,0.0047444385,0.004538266,0.0046141576,0.0046346616,0.004414929,0.004626332,0.004556475
2013-06-20,0.0058877002,0.005918784,0.0058969837,0.005830927,0.0058676433,0.0058151465,0.0058959555,0.0059746187,0.0058231037,0.005847169,0.0058902334,0.0057823937,0.005865572,0.0059734266,0.0058442187,0.0059178155,0.005859865,0.0057329666,0.0059309285,0.005866034
2013-06-21,0.007240681,0.0072559547,0.007246075,0.0071631204,0.007228328,0.0071732383,0.0071768593,0.0072779935,0.007171301,0.007207183,0.0072262567,0.007114647,0.00718431,0.0072736125,0.007196961,0.007262258,0.0071726423,0.007162286,0.0072185826,0.0072087925
2013-06-24,0.0027455222,0.0027105939,0.0026974361,0.0026404243,0.0026179682,0.0026014578,0.0026229303,0.0028027277,0.0026224535,0.0026529413,0.0027265083,0.0026314985,0.0023832899,0.0027932208,0.0026408117,0.00271873,0.002693547,0.0025850069,0.002659453,0.0026639085
2013-06-25,0.007535426,0.007555587,0.0075355303,0.0074644964,0.007400928,0.007432146,0.0074790698,0.0076149683,0.0074489694,0.007482348,0.007562397,0.007490022,0.0074916165,0.007608397,0.007464854,0.007561518,0.0074958038,0.007385565,0.007510064,0.0075066816
2013-06-26,0.0068954956,0.006843744,0.006838007,0.0067688655,0.006792022,0.0067298543,0.006744338,0.0069378447,0.0067693274,0.00679536,0.0068572294,0.0067956727,0.0065088253,0.0069314074,0.006781576,0.0068595093,0.0068314206,0.0067658555,0.0067845564,0.006801171
2013-06-27,0.00822751,0.008224098,0.008192597,0.008131994,0.008097975,0.008116571,0.008155866,0.008308036,0.008116646,0.008151693,0.008236108,0.008105068,0.0078914445,0.008304192,0.008140011,0.008230595,0.008203385,0.008058412,0.008182196,0.008171378
2013-06-28,0.007569207,0.007551668,0.0075268727,0.0074635576,0.0074201655,0.0074442606,0.0074605327,0.007614119,0.0074587446,0.0074741524,0.007557569,0.0074135195,0.007507531,0.0076084416,0.0074607115,0.0075442325,0.0075192135,0.0073947143,0.0074953716,0.0075104963
2013-07-01,0.006552575,0.0064961296,0.0064845365,0.0064005684,0.0063373726,0.0063891094,0.0063556116,0.006589515,0.0064035486,0.006410314,0.0065204334,0.00640109,0.0061597507,0.00658202,0.00639653,0.0064847004,0.0064647626,0.0063409638,0.006401507,0.006450547
2013-07-02,0.0076350104,0.007545082,0.0075376015,0.007466851,0.0074105095,0.007424636,0.0074061435,0.007681472,0.007468043,0.0074699353,0.0076065343,0.0074072015,0.007250918,0.007673247,0.007461993,0.0075320285,0.0075419527,0.007397337,0.0074468683,0.007506011
2013-07-03,0.00065716915,0.000630958,0.0006076079,0.00053244643,0.00047769956,0.00050167553,0.0004996937,0.0006871354,0.0005421024,0.0005384218,0.0006359946,0.0005434882,0.0005823355,0.0006844085,0.00052773766,0.00061721914,0.0005755406,0.00049686246,0.00053906254,0.0005884748
2013-07-05,0.009397207,0.009351863,0.009334071,0.009249685,0.009186922,0.009234546,0.009216545,0.009418456,0.009251012,0.009272737,0.009346692,0.009231342,0.009015588,0.009411303,0.009261174,0.009325011,0.009305654,0.009188307,0.0092528,0.009281678
2013-07-08,0.007630674,0.00750467,0.007493539,0.0074498784,0.007465882,0.0074337553,0.007467596,0.0076696854,0.007448716,0.007467283,0.007600395,0.007414816,0.007250769,0.0076536667,0.0074647944,0.0075430255,0.0075594615,0.007410405,0.007484926,0.007463513
2013-07-09,0.0075837653,0.0074829143,0.007494552,0.007430462,0.007463066,0.0074420255,0.0074714553,0.007607026,0.007429911,0.007449312,0.0075540524,0.0074076485,0.007508008,0.0075991433,0.0074486863,0.0075439345,0.007526202,0.007411508,0.007492779,0.007457761
2013-07-10,0.007251663,0.0072000753,0.0072083157,0.0071492326,0.0071789455,0.00714506,0.007158963,0.007265074,0.0071439426,0.0071633738,0.0072187465,0.0070951264,0.0071828645,0.0072604995,0.0071572494,0.0072534215,0.007194562,0.0070839655,0.0071908217,0.0071842354
2013-07-11,0.007583959,0.0075010043,0.007506771,0.0074741375,0.007489739,0.0074255597,0.007439716,0.0076057445,0.007445408,0.00746472,0.0075549167,0.0074364077,0.007500915,0.007596357,0.007461829,0.007545499,0.0075267088,0.0073662233,0.0074248593,0.007469816
2013-07-12,0.0076306444,0.00750996,0.007511927,0.0074798744,0.007504685,0.007425798,0.0074346643,0.0076612066,0.007461695,0.0074786525,0.007591618,0.007455392,0.007243661,0.007637499,0.0074727368,0.007537974,0.0075469892,0.0073607396,0.007420866,0.00746472
2013-07-15,0.007244481,0.0072320383,0.007240949,0.0071956944,0.0071522724,0.0071508717,0.0071564596,0.007283924,0.0071645062,0.007189302,0.0072374474,0.0071881097,0.007197855,0.0072760712,0.0071866047,0.007266326,0.007209031,0.0071205776,0.0072172265,0.0072001647
2013-07-16,0.007513372,0.007456852,0.007525949,0.0074715,0.0074094366,0.0074334275,0.007445095,0.007564647,0.007432161,0.0074618887,0.0075187515,0.007463513,0.007472707,0.0075550955,0.0074620377,0.0075532477,0.0074935835,0.007404251,0.0075053405,0.007465763
2013-07-17,0.0075103026,0.0075419974,0.007523192,0.0074865054,0.007451771,0.0074429344,0.0074639004,0.0076322686,0.0074605476,0.0074524563,0.0075694304,0.007445408,0.007216571,0.007620482,0.0074467044,0.0075505655,0.0075227898,0.007416455,0.007510273,0.007477967
2013-07-18,0.007565422,0.0075555723,0.00752276,0.0074839275,0.0074803215,0.0074598473,0.0074595492,0.007680757,0.0074755084,0.007462023,0.0076134037,0.0074539315,0.0072451215,0.0076622497,0.0074631553,0.007551385,0.007558046,0.0074287187,0.007559402,0.0074861776
2013-07-19,0.0062089395,0.0062352996,0.0062071066,0.006160496,0.0061724465,0.006114198,0.0061266106,0.006246401,0.006158648,0.0061582904,0.006203426,0.0060865264,0.006151302,0.0062421244,0.006154297,0.0062329154,0.006174011,0.0060650986,0.0061826836,0.0061531346
2013-07-22,0.0074016284,0.0074206274,0.0073910933,0.0073392075,0.0073582064,0.0073182564,0.0073182564,0.007425366,0.007338805,0.0073470455,0.0073850285,0.0072968435,0.0073345434,0.007424025,0.00734487,0.0074085575,0.0073594134,0.0072428416,0.0073648375,0.007361917
2013-07-23,0.007551072,0.0075569283,0.007532371,0.0074593406,0.007504819,0.0074632745,0.0074768346,0.0076750796,0.007477341,0.007484792,0.007619379,0.0074285846,0.0072441977,0.0076627415,0.0074822735,0.0075478386,0.007559566,0.0073744636,0.007610647,0.007512925
2013-07-24,0.0075549465,0.007559208,0.007524891,0.0074594747,0.007510869,0.0074660163,0.0074335765,0.0076782387,0.0074804556,0.0074899327,0.0076212864,0.0073918235,0.0072446745,0.007665528,0.0074883383,0.007543383,0.007554395,0.007358147,0.0075916927,0.0075128656
2013-07-25,0.005405871,0.0054166447,0.0053859334,0.0053089987,0.0053388905,0.005313782,0.0053155255,0.005421398,0.0053174775,0.0053168517,0.0053832214,0.0052615535,0.0053279977,0.005417971,0.005318491,0.0054002684,0.0053551327,0.0052324515,0.0053487998,0.0053663384
2013-07-26,0.007553084,0.007567195,0.007527722,0.0074599516,0.0074859094,0.007459758,0.0074259173,0.007636158,0.007471321,0.007472573,0.00757776,0.0074437093,0.007220803,0.007628409,0.00746776,0.0075444113,0.0075282734,0.00738555,0.007467119,0.0075552296
2013-07-29,0.008229775,0.008254839,0.008203758,0.008149339,0.008176951,0.008149786,0.008118851,0.008300973,0.008162616,0.008169515,0.008260308,0.00813186,0.008189766,0.0082968455,0.0081573855,0.008225052,0.00820276,0.008145539,0.008237673,0.008198289
2013-07-30,0.0075512957,0.007562099,0.007519422,0.007459162,0.00748585,0.0074601155,0.0075105857,0.0076016914,0.0074675214,0.0074754935,0.0076046865,0.007424606,0.0072440635,0.007665394,0.0074718576,0.007540403,0.0075525623,0.007405637,0.007548524,0.007555602
2013-07-31,0.00661893,0.0066255014,0.006603388,0.0065276753,0.0065561514,0.0065282118,0.0065353196,0.006626947,0.0065425616,0.0065479707,0.0065947007,0.006495638,0.006545333,0.0066370945,0.0065434705,0.0066135954,0.006578101,0.0064430367,0.0065766703,0.0065897685
2013-08-01,0.0052785557,0.005280284,0.005243106,0.0051794033,0.0052259546,0.0051796865,0.0051877033,0.0053180587,0.0052029323,0.0052279215,0.00528246,0.0051692557,0.005217118,0.005326269,0.005217148,0.0052612554,0.005242048,0.005098922,0.005222408,0.005280299
2013-08-02,0.007542668,0.0075585674,0.007507695,0.007459728,0.007456122,0.0074602645,0.0075239222,0.0075521152,0.00746472,0.0074572098,0.007568253,0.007403506,0.0072127413,0.007627545,0.007443024,0.0075324606,0.0075160395,0.0073860567,0.0074846875,0.0075443964
2013-08-05,0.008309303,0.008318661,0.008280901,0.0082175415,0.008241398,0.008217914,0.008250965,0.008313714,0.008216513,0.008230953,0.008302612,0.008221818,0.008257462,0.008362068,0.008227868,0.008301837,0.008283226,0.00816281,0.008218972,0.008306501
2013-08-06,0.007553024,0.007555155,0.0075225662,0.00745943,0.007459609,0.007460324,0.0074598026,0.007555632,0.007462932,0.0074519794,0.0075781327,0.007484494,0.007214768,0.0076227766,0.007444946,0.0075476,0.0075279754,0.0074044745,0.0074585658,0.007546587
2013-08-07,0.007554723,0.0075600874,0.007510258,0.0074597877,0.0074639004,0.007460339,0.007398082,0.007553203,0.0074652117,0.0074582677,0.0075351875,0.0074613374,0.0074657183,0.007561205,0.007450251,0.0075415354,0.0074792337,0.007380305,0.007421119,0.0075089615
2013-08-08,0.0075588506,0.0075590145,0.0074983668,0.007459907,0.0074840914,0.007460354,0.007490037,0.0075528305,0.007460473,0.0074697416,0.007570876,0.007474197,0.0074975323,0.0075884294,0.0074688178,0.007529555,0.007491691,0.007375298,0.0074370187,0.007538555
2013-08-09,0.007554276,0.0075574648,0.0075146835,0.007460011,0.0074873697,0.007460369,0.0074657183,0.007560013,0.007445989,0.0074647795,0.0075844955,0.0074762683,0.0072117876,0.0076196473,0.00745867,0.0075403433,0.0075246524,0.0073686074,0.007422624,0.0075508337
2013-08-12,0.004554061,0.004561631,0.0045169424,0.004464967,0.004484175,0.0044655334,0.004470436,0.0045658033,0.004451303,0.0044724476,0.0046226364,0.004563151,0.004246367,0.0046569835,0.0044626426,0.004544435,0.0045505445,0.004388584,0.0044527035,0.004588945
2013-08-13,0.0075555276,0.007559253,0.0075166505,0.0074598473,0.007502226,0.0074603837,0.007476924,0.0075571816,0.0074718576,0.007483719,0.0075368416,0.007479159,0.0074786525,0.0075587314,0.007486118,0.007546095,0.007493688,0.007382525,0.007457806,0.007513685
2013-08-14,0.004998384,0.0050070714,0.004961578,0.004906757,0.004934592,0.0049072485,0.004918618,0.0050105434,0.0048915576,0.0049200635,0.004978968,0.0049164426,0.0049141627,0.00500503,0.0049156677,0.0049920958,0.004938809,0.0048253965,0.0049129855,0.0049644243
2013-08-15,-0.0046453644,-0.004656093,-0.0046762843,-0.0047325063,-0.0046985764,-0.00473194,-0.004714446,-0.004628973,-0.004738705,-0.00471686,-0.0046347547,-0.004662337,-0.0046985764,-0.004598649,-0.004722314,-0.004655095,-0.0046941657,-0.004824968,-0.0047672857,-0.0046559293
2013-08-16,0.0069106948,0.0068982076,0.0068701636,0.006762592,0.006850345,0.006822033,0.0068430137,0.0069104414,0.006814463,0.006833179,0.006985141,0.0068876427,0.0065971147,0.0070208292,0.0068365317,0.006863771,0.006913526,0.0067362916,0.006803168,0.0069496166
2013-08-19,0.0069021266,0.0068341624,0.0067943316,0.0066831987,0.006796865,0.0068238806,0.0067581367,0.0068475585,0.0067530405,0.006768195,0.006873904,0.0067971926,0.0064982753,0.006844802,0.0067735743,0.0067843925,0.006744964,0.0066551547,0.006748317,0.006845696
2013-08-20,0.0075386,0.00752951,0.0075009894,0.0073589515,0.007498933,0.0074570607,0.0074667465,0.0075457375,0.0074596833,0.007481022,0.0075208973,0.0074779075,0.0074765813,0.0075407755,0.0074723493,0.0074982475,0.00747226,0.0073696207,0.007415263,0.0074977856
2013-08-21,0.0053972136,0.005338086,0.005319087,0.005147336,0.005315868,0.0052025598,0.0052897464,0.005361391,0.0052742194,0.005291773,0.0053880047,0.0053209346,0.0050200056,0.005413441,0.0052874964,0.005309088,0.005301578,0.005185811,0.0051998477,0.0053268354
2013-08-22,0.007704733,0.007691769,0.0076727252,0.0075311046,0.0075949263,0.007556839,0.0076476317,0.007713197,0.0076262485,0.0076465737,0.007731391,0.007688282,0.0076533984,0.007753579,0.0076422077,0.0076565575,0.007681934,0.0075600874,0.007579131,0.0077050608
2013-08-23,0.007036684,0.0069285315,0.006894259,0.006747512,0.006804375,0.006865604,0.006862594,0.0069303047,0.0068217646,0.006858198,0.007006971,0.0069135856,0.0066182,0.0070007574,0.00685036,0.006907625,0.0068651866,0.0067830216,0.0068645906,0.006980298
2013-08-26,0.0066266637,0.006629465,0.006588204,0.006467445,0.006497843,0.0065439325,0.0065695476,0.0066255312,0.0065496843,0.006576864,0.006617559,0.0065585356,0.0065589976,0.006642772,0.0065610986,0.0066021364,0.0065434854,0.006488649,0.0065722745,0.006591378
2013-08-27,0.0075857323,0.0075409096,0.0075092893,0.0073759686,0.0074252766,0.007473422,0.007479606,0.007542668,0.007446794,0.00749184,0.0075594466,0.00751747,0.00750014,0.007600246,0.0074765664,0.0075412374,0.0074714404,0.0074234884,0.0074965637,0.007554559
2013-08-28,0.0071282666,0.0071047377,0.0070809405,0.006959779,0.007025851,0.00705084,0.0070572477,0.007119281,0.007017685,0.0070563387,0.0070982706,0.0070681404,0.0070474576,0.007140143,0.00704333,0.007130904,0.0070396643,0.007031856,0.0070791673,0.0070800763
2013-08-29,0.009390933,0.009344531,0.009314088,0.009181289,0.009237675,0.009267969,0.009275479,0.009349717,0.009257389,0.009287579,0.009364931,0.009351013,0.009300364,0.009405313,0.009288235,0.009367911,0.009281186,0.009249849,0.009306369,0.009361921
2013-08-30,0.007581381,0.0075341146,0.007498963,0.007406531,0.007431416,0.007438941,0.007471768,0.007540388,0.007451294,0.007491393,0.0075419825,0.007514341,0.0072066914,0.0076026153,0.007477073,0.0075137746,0.0074519645,0.0074361395,0.0074967574,0.0075429957
2013-09-03,0.006693987,0.0066210013,0.006587295,0.006579576,0.0064935368,0.006523473,0.006560562,0.0066270065,0.0065623354,0.0065897983,0.0066506844,0.006592838,0.00630456,0.0066934954,0.0065843295,0.006601019,0.006535588,0.00650209,0.0065814983,0.006643994
2013-09-04,0.007613523,0.007538257,0.0074685346,0.007483704,0.0073892158,0.0074579697,0.007455094,0.0075141173,0.0074623358,0.0074917804,0.0075600278,0.007532699,0.007217614,0.00761473,0.0074884575,0.0075531583,0.0074150693,0.0074098688,0.0074689817,0.007564349
2013-09-05,0.0076065045,0.007521121,0.007479964,0.0075044762,0.0074211787,0.007460518,0.0074290764,0.007519318,0.007452933,0.0074881297,0.007568164,0.007506473,0.007222606,0.0076149087,0.007478876,0.007561369,0.007436199,0.0074388664,0.007434873,0.0075645875
2013-09-06,0.007592393,0.0075302254,0.00749561,0.007527409,0.0074499827,0.0074742865,0.007440729,0.007533891,0.007456539,0.007484881,0.0075698327,0.00751896,0.0075112414,0.007601781,0.00748509,0.0075585973,0.0074606817,0.007447077,0.0074421596,0.0075662863
2013-09-09,0.007259546,0.007121993,0.0071071666,0.0071460586,0.007054476,0.0070788097,0.007057382,0.0071457755,0.0070486795,0.007088391,0.0072316956,0.007176025,0.006858049,0.007265521,0.0070814323,0.007177038,0.007068841,0.0070576053,0.007051451,0.007216675
2013-09-10,0.007583944,0.0075312685,0.0074831527,0.0075212847,0.007405741,0.0074602645,0.007470591,0.007527901,0.007451905,0.0074865352,0.007567955,0.007509021,0.0075071882,0.007599963,0.007480724,0.007556392,0.0074376147,0.0074117016,0.0074601453,0.0075659435
2013-09-11,0.006698219,0.006657047,0.006602226,0.006640343,0.006529955,0.00657293,0.006626798,0.0066620093,0.006570561,0.0065916013,0.0066815745,0.006612016,0.006612001,0.0067052525,0.006591661,0.00666642,0.0065572243,0.0065510105,0.0065936875,0.006671233
2013-09-12,0.0075422507,0.0075483304,0.007499857,0.0075379293,0.007399095,0.0075282883,0.007466851,0.0075548273,0.00750087,0.007467879,0.0075953435,0.00742249,0.0072120707,0.007619677,0.007471768,0.00755365,0.007484181,0.0074117165,0.007480575,0.007553233
2013-09-13,0.0025624763,0.0025297832,0.0024722498,0.0024884176,0.0023956727,0.0025033187,0.002441315,0.0025295448,0.0024796408,0.0024545025,0.0026043784,0.0024490636,0.0022179764,0.0026312005,0.0024534594,0.0025342386,0.0024267863,0.0023750197,0.002453534,0.0025573801
2013-09-16,0.0075336974,0.007554142,0.0074747633,0.0075134467,0.007434858,0.0074648988,0.0074682813,0.0075535756,0.007464094,0.007484464,0.00753483,0.007442398,0.0074680876,0.0075582247,0.00748579,0.0075507592,0.00745645,0.0074272137,0.0074804705,0.007522909
2013-09-17,0.0075418185,0.0075391214,0.0074887853,0.0075290333,0.0074204486,0.007462306,0.0074549597,0.0075422507,0.007464407,0.0074844193,0.0075257104,0.007468311,0.007474927,0.0075481366,0.007488562,0.0075451564,0.007476805,0.0074333083,0.007442234,0.0075030904
2013-09-18,0.008463426,0.008450536,0.008427544,0.00844839,0.008337839,0.0084150415,0.0083856415,0.008475391,0.008416159,0.008411286,0.008492036,0.008400274,0.00841832,0.008521019,0.008397667,0.008477999,0.008401064,0.008327035,0.0083839875,0.008468999
2013-09-19,0.0073815864,0.0073702615,0.0073556285,0.0073848795,0.00725667,0.007339118,0.0073031317,0.0074028354,0.0073596667,0.007358713,0.0074191373,0.0073518734,0.0073390882,0.007443173,0.0073225033,0.0073679667,0.007343201,0.007255448,0.0073081087,0.007373182
2013-09-20,0.0075393748,0.0075395387,0.007500438,0.007547034,0.0074082,0.0075282436,0.0074647795,0.0075581055,0.007514475,0.007593183,0.0075302254,0.0074878316,0.0072054695,0.0075577777,0.007495342,0.007531477,0.0074956845,0.0074073058,0.0074623358,0.007533295
2013-09-23,0.006425677,0.0064112674,0.006399749,0.006425051,0.0062676053,0.0063409638,0.0063385796,0.0064376127,0.0063660275,0.0063806158,0.0064112823,0.0063423496,0.0063482355,0.006441666,0.006361885,0.0064197313,0.0063516777,0.0062856358,0.0063614827,0.00638601
2013-09-24,0.006307928,0.0062990617,0.0062294435,0.0063016396,0.0061776023,0.006211413,0.0062241834,0.006308643,0.006242214,0.00624275,0.0062877964,0.0062316936,0.0062093716,0.006316079,0.0062381756,0.006305663,0.006223632,0.00616738,0.006212471,0.006260751
2013-09-25,0.0055211615,0.00552815,0.005465148,0.005512623,0.005435152,0.0055052023,0.0054403227,0.005535243,0.0054818224,0.0055419337,0.0055092853,0.005526958,0.005185662,0.0055399965,0.0054511707,0.0055239927,0.0054588,0.0054385494,0.00543694,0.005529685
2013-09-26,0.0073319953,0.0073375236,0.0072491,0.007286502,0.007206021,0.0073437374,0.0072368216,0.007333366,0.007307453,0.0073981714,0.0073156487,0.00738251,0.0070133936,0.0073413085,0.007248206,0.0073346775,0.007232977,0.0072098356,0.007237045,0.0073627066
2013-09-27,0.007537229,0.007548658,0.0074714404,0.0074397456,0.007459415,0.007464735,0.0074700397,0.0075587314,0.0074706804,0.007499559,0.0075392704,0.0075080525,0.007478876,0.00756572,0.0074702334,0.0075530093,0.007477848,0.0074616056,0.0074602794,0.00751972
2013-09-30,0.006259201,0.0062633585,0.0061843526,0.0061335247,0.0061379503,0.006164206,0.0061679166,0.006259231,0.006200595,0.0062053185,0.006231634,0.0062126946,0.0061570387,0.0062689018,0.0061910283,0.006266607,0.006170405,0.0061444025,0.006163938,0.0062285494
2013-10-01,0.0075460803,0.0075469445,0.007493077,0.0074201655,0.007475598,0.0075623374,0.007475553,0.007560609,0.0075829607,0.0075852703,0.007530598,0.0076161306,0.0072381776,0.007565288,0.0074907523,0.007501466,0.0074818414,0.0074958485,0.0074602645,0.0075941663
2013-10-02,0.007545365,0.0075518917,0.0074889045,0.0074352752,0.0074301045,0.0075647812,0.007474242,0.007560311,0.0076003503,0.0075894725,0.007531015,0.0076134037,0.007239355,0.007563336,0.00748056,0.0075440835,0.0074869376,0.007444022,0.0074602943,0.00757554
2013-10-03,0.006237222,0.0062729847,0.0062175523,0.0061507057,0.00611086,0.0061557423,0.0061904173,0.006278498,0.0062194,0.006213678,0.006238593,0.0062854122,0.006198464,0.006265564,0.006146146,0.006223468,0.0061913114,0.0061395746,0.006179167,0.0062088054
2013-10-04,0.0078101736,0.007856337,0.0077911746,0.0077365767,0.00770895,0.007720841,0.007765768,0.007857723,0.0078062546,0.007793976,0.007812528,0.007864026,0.0077636074,0.007845743,0.007703392,0.0078005474,0.007758213,0.007735176,0.0077604633,0.007758064
2013-10-07,0.0075256806,0.0075496268,0.007550312,0.007446049,0.007439522,0.0074548703,0.0074783396,0.007560713,0.007622121,0.0075489115,0.007509453,0.007676108,0.0072394144,0.0075505953,0.007390721,0.007519169,0.00748354,0.0074699204,0.007460309,0.0075609665
2013-10-08,0.0075234156,0.0075580906,0.007499231,0.007403625,0.0074005853,0.0074738245,0.007478548,0.0075660925,0.0075716507,0.007449208,0.007509662,0.0076149534,0.0074887406,0.0075531136,0.0074776094,0.007526083,0.0074964594,0.0074303877,0.007460324,0.007531164
2013-10-09,0.0035798233,0.0036004465,0.003539933,0.0034613293,0.0034512412,0.0034936797,0.0035006385,0.0036051404,0.003570838,0.0034628343,0.003552271,0.0036114436,0.0035114568,0.0035890322,0.003476007,0.003576083,0.0035275202,0.0034680795,0.0035012793,0.0035663228
2013-10-10,0.0066901725,0.0067200344,0.0067087095,0.006592868,0.0065757167,0.006665705,0.0066297334,0.0067192,0.006743325,0.006590752,0.0066734683,0.006793482,0.0063709747,0.00671543,0.0065827947,0.006695552,0.006648449,0.006601734,0.006620301,0.006693421
2013-10-11,0.0061483365,0.006163059,0.0061622392,0.0061044376,0.0060257,0.006061537,0.006077988,0.0061715525,0.0061878245,0.0061072093,0.006128384,0.006224869,0.0061089974,0.006169213,0.0060950797,0.006156249,0.0061103236,0.0060577225,0.006070165,0.006138144
2013-10-14,0.0062660556,0.0062835645,0.0062441807,0.0062285494,0.006176172,0.0061867964,0.00620435,0.0062990617,0.0062492173,0.0061917882,0.006255029,0.0063096117,0.0062046032,0.006293742,0.006225569,0.0062820893,0.0062434953,0.0061950367,0.0061972123,0.0062444042
2013-10-15,0.0075291526,0.007545365,0.0075047147,0.00749257,0.0074051004,0.0074488204,0.0074599963,0.0075651985,0.0075009745,0.007411195,0.0075195413,0.007568432,0.0074466746,0.007559685,0.007494388,0.0075475257,0.007510854,0.0074341577,0.0074603986,0.00749865
2013-10-16,0.009530662,0.009529842,0.009549452,0.00948341,0.009396626,0.009486152,0.009460015,0.009551598,0.009533806,0.009397639,0.009512199,0.009609608,0.009482382,0.009552984,0.009480534,0.0095397215,0.009501843,0.009409217,0.00945027,0.009516401
2013-10-17,0.007534949,0.007536007,0.0075748246,0.0074605774,0.0074148607,0.00751671,0.007481767,0.0075680595,0.007502733,0.0074226838,0.0075250547,0.007599978,0.0072054844,0.0075615477,0.007470591,0.0075377356,0.007472275,0.007437108,0.007460458,0.007528914
2013-10-18,0.0073173176,0.007321654,0.0073065143,0.007246999,0.0072220247,0.0072544944,0.0072711688,0.0073491316,0.0072543304,0.0072073173,0.0073114615,0.007302059,0.0072369706,0.007348297,0.007272495,0.007307796,0.0072805267,0.0072470587,0.0072473716,0.0072844904
2013-10-21,0.006128682,0.006131692,0.0060915183,0.006041823,0.005985452,0.006039558,0.0060738157,0.0061405133,0.0060797464,0.006051017,0.0061056446,0.0060911905,0.0060501825,0.0061411094,0.0060717445,0.006108312,0.0060500633,0.0060104113,0.0060423743,0.0060828906
2013-10-22,0.007553218,0.007553531,0.0075128656,0.0074598026,0.0074366312,0.00745414,0.0074897986,0.007556645,0.007490663,0.0074726623,0.0075249206,0.0075155925,0.0074676406,0.007561816,0.0074786227,0.00752729,0.0074784886,0.0074439626,0.007460637,0.0075072777
2013-10-23,0.005910499,0.005910037,0.0059243124,0.0058154,0.0057711136,0.0058600437,0.0058613997,0.0059166383,0.005871458,0.005832894,0.005883364,0.0058662575,0.005835606,0.0059207957,0.005833028,0.0058798175,0.0058437567,0.0057956707,0.0058163535,0.005889548
2013-10-24,0.007509334,0.0075302105,0.0075749736,0.0074596386,0.007403342,0.007459415,0.0075598788,0.0075557213,0.0075299423,0.0074257236,0.0075188708,0.007523222,0.007202266,0.0075566005,0.007440103,0.0075003933,0.007463379,0.007435007,0.007460622,0.007509334
2013-10-25,0.0078003537,0.0077997576,0.007790027,0.007742731,0.007744951,0.0077447873,0.0077839326,0.007839231,0.007784782,0.007706953,0.0078027975,0.0077688973,0.007752491,0.007836072,0.0077521782,0.0077742767,0.0077456515,0.0077563655,0.0077433567,0.007768227
2013-10-28,0.007546259,0.007545663,0.00751148,0.007416619,0.0073741656,0.007464988,0.0075021517,0.0075587016,0.0075062495,0.0074553173,0.0075267237,0.007480232,0.0074678045,0.00755967,0.007413609,0.0075154733,0.0074753296,0.007427482,0.007460607,0.007495178
2013-10-29,0.005562229,0.005544318,0.005532412,0.005421428,0.0054477584,0.005474923,0.0055062305,0.0055650156,0.0055259448,0.00547236,0.0055329036,0.0054720026,0.0054790806,0.0055734497,0.005459724,0.0055357497,0.005514769,0.005476473,0.0054184776,0.0055132937
2013-10-30,0.008176131,0.008180959,0.008232562,0.008041827,0.008027626,0.008091716,0.0082396995,0.008188812,0.008227898,0.008099539,0.008213071,0.008200912,0.007861523,0.008190928,0.008051692,0.008156149,0.008104486,0.008056594,0.008085517,0.008174432
2013-10-31,0.0068920534,0.0068898182,0.0068477076,0.006804196,0.006766392,0.006804986,0.006839318,0.006899519,0.006877823,0.0068027806,0.0068703126,0.006838275,0.0068083834,0.006904347,0.0067898016,0.006858809,0.0068040024,0.006801782,0.0067973714,0.006840078
2013-11-01,0.0058054905,0.005868016,0.005826561,0.0057476144,0.005684091,0.0057181995,0.005813403,0.0058122557,0.0058168154,0.005709661,0.0057797115,0.005787758,0.005459724,0.0058162045,0.0056992155,0.0057741683,0.005732743,0.0057041775,0.005729122,0.0057596397
2013-11-04,0.008551298,0.008608086,0.00858937,0.008508442,0.008418186,0.008488996,0.008512808,0.00857058,0.008576764,0.008470966,0.008539302,0.008551447,0.008221937,0.008574573,0.0084925275,0.008545591,0.008489458,0.008449195,0.0084346365,0.008522226
2013-11-05,0.0075193327,0.007600708,0.0076241028,0.0074948203,0.0074570905,0.007465316,0.00756046,0.007557137,0.0075945985,0.0074600857,0.0075633507,0.0075625014,0.007243393,0.007561473,0.00747302,0.0075278413,0.007465912,0.0074718576,0.0073782783,0.007505132
2013-11-06,0.007525323,0.007548554,0.0075817984,0.0074604284,0.0074499827,0.007469071,0.0075163823,0.007560415,0.0075426083,0.0074379575,0.0075248163,0.0075388383,0.00722125,0.0075610112,0.0074731093,0.007519467,0.0074709635,0.0074781757,0.0073658507,0.007523043
2013-11-07,0.007525621,0.0075867306,0.0075701606,0.007460056,0.0073751938,0.0074665826,0.0075012874,0.007558165,0.0075401347,0.007431699,0.0075210314,0.007458104,0.0075121652,0.007556794,0.0074685793,0.0075098556,0.0074732583,0.0074245315,0.007396234,0.0075017493
2013-11-08,0.0071121734,0.007230265,0.007208569,0.0070429128,0.0070003103,0.0070454013,0.0071153324,0.007141469,0.0071219336,0.0069874357,0.0071036797,0.0071040075,0.00682999,0.0071422737,0.0070458334,0.007113604,0.007045312,0.0070284884,0.0069850814,0.007103456
2013-11-11,0.0064024907,0.00646588,0.0065081697,0.0063299816,0.0062577706,0.006311504,0.0064630937,0.0064343046,0.006433038,0.0063363295,0.006398348,0.006416736,0.0061150473,0.0064353924,0.006338818,0.0064172577,0.006336687,0.0063012075,0.006259946,0.0064042043
2013-11-12,0.007535709,0.007540224,0.0076381247,0.0074594747,0.007410435,0.007443635,0.0075901877,0.007560743,0.0075469,0.0074694585,0.0075298976,0.0075600427,0.0072469246,0.007559253,0.007477356,0.0075403135,0.0074831676,0.0074340384,0.007406203,0.0075332057
2013-11-13,0.007538615,0.0075395536,0.0075820815,0.007459758,0.00745116,0.0074349027,0.007532118,0.007559417,0.007514147,0.0074326526,0.0075210463,0.007506935,0.0072234403,0.0075602513,0.0074801277,0.007548986,0.007459147,0.007455079,0.0073999744,0.007517157
2013-11-14,0.00511661,0.0051686447,0.0052170437,0.005052684,0.0049941223,0.0050129425,0.0051026326,0.00515431,0.0051392894,0.0050233137,0.0051183086,0.005135892,0.004845364,0.0051504057,0.005072994,0.0051391404,0.0050477516,0.0050194543,0.0049933325,0.005139021
2013-11-15,0.00817561,0.008190287,0.008204831,0.008117391,0.008094875,0.008076919,0.008192925,0.008211551,0.008168606,0.008139474,0.008176176,0.008115707,0.008170573,0.008214382,0.008132158,0.008201135,0.008113278,0.008107586,0.008082969,0.008179201
2013-11-18,0.006629346,0.00664757,0.006720392,0.0065698307,0.0065037142,0.0065243226,0.006671248,0.0066654813,0.0066589247,0.0065309536,0.0066315066,0.0066605937,0.0063588154,0.006666256,0.006599052,0.006652681,0.0065693837,0.0065052193,0.0065053534,0.0066696387
2013-11-19,0.0075176787,0.0075507145,0.0076069515,0.0074596386,0.007387815,0.0074428897,0.0075532626,0.007559119,0.0075574648,0.0074059945,0.007525785,0.0075847637,0.007246269,0.0075590443,0.007490484,0.0075505357,0.007458074,0.007404713,0.0074070673,0.0075700264
2013-11-20,0.007506607,0.00754991,0.0075662713,0.0074595194,0.007393269,0.007427348,0.007542325,0.007560609,0.0075597744,0.007402865,0.0075302403,0.007604284,0.0072484147,0.007558031,0.0074896496,0.0075466167,0.007463945,0.007404728,0.007399289,0.0075574946
2013-11-21,0.007502837,0.007549716,0.007466091,0.007459147,0.0073790085,0.0074649435,0.0074688625,0.007558642,0.0074652266,0.0073996317,0.0075261127,0.0074809324,0.0074845385,0.0075611304,0.007469116,0.007544158,0.0074640047,0.007412536,0.00746548,0.007518364
2013-11-22,0.0065350514,0.006620718,0.006561784,0.0065333974,0.0064907055,0.006532816,0.0066102725,0.006631581,0.0065729152,0.0064858925,0.0065989327,0.006593762,0.0065591317,0.00663021,0.006517617,0.006602196,0.0065346193,0.0064824056,0.0065430086,0.00660613
2013-11-25,0.0065651815,0.0066292565,0.006572036,0.006545095,0.0064932536,0.0065654647,0.0065460186,0.0066434573,0.0065917056,0.0065166485,0.006608544,0.0065721553,0.00657971,0.006643532,0.0065420847,0.006608052,0.0065461528,0.0064908396,0.0065769684,0.0065977406
2013-11-26,0.0074899774,0.0075416397,0.0075558107,0.00745943,0.0073872786,0.0075159203,0.0075303447,0.0075598788,0.007550923,0.007464541,0.0075264554,0.007527603,0.0072359573,0.0075576287,0.0074668955,0.0075204056,0.007462574,0.0073849987,0.0074857604,0.007547898
2013-11-27,0.0075187366,0.007553188,0.007463379,0.0074599367,0.0073881727,0.0074828546,0.007479517,0.007562874,0.007479353,0.007437704,0.0075341742,0.0074816477,0.0074726325,0.007564394,0.0074757617,0.0075469892,0.007462589,0.0073796045,0.0074616205,0.0075074565
2013-11-29,0.00751221,0.007546721,0.00746095,0.0074598324,0.007398246,0.00743307,0.0074833613,0.007560564,0.007497398,0.007433025,0.0075298976,0.0074741077,0.0074489694,0.0075621437,0.007482497,0.007546155,0.007458804,0.00739385,0.0074363034,0.0075090807
2013-12-02,0.0075100195,0.007539032,0.00753103,0.0074594747,0.007411672,0.007446749,0.0075068157,0.0075615924,0.0075300466,0.0074314456,0.007524697,0.0075141173,0.0072089415,0.0075564813,0.007487325,0.0075395685,0.0074858945,0.0074126106,0.007467,0.007529659
2013-12-03,0.0074621122,0.0075465273,0.007498337,0.0074595492,0.007415084,0.0075211953,0.007484434,0.007560147,0.0075389426,0.0073993634,0.007522775,0.0075140726,0.007494418,0.0075609367,0.0074342173,0.0075473767,0.007487593,0.007413296,0.007475583,0.0075276624
2013-12-04,0.004534526,0.0046351682,0.004614113,0.004543258,0.0044822823,0.004530562,0.0045542847,0.0046896767,0.004594816,0.0044724774,0.0046067517,0.004596291,0.0042959135,0.0046482068,0.0044976603,0.004633544,0.0045520794,0.004484413,0.0045677554,0.0046141576
2013-12-05,0.0048067104,0.0048956405,0.0048065763,0.004802568,0.0047356915,0.0048109274,0.0048305523,0.004889516,0.0048293304,0.0047553163,0.0048645716,0.004819853,0.0047982763,0.004894642,0.0047702473,0.00489345,0.004822133,0.0047409963,0.004843397,0.004848404
2013-12-06,0.008251024,0.008302538,0.008323474,0.0082238745,0.008148028,0.008221803,0.0083051305,0.008315859,0.008314757,0.008178515,0.008273659,0.008292435,0.008003829,0.0083177965,0.008222608,0.008306978,0.008242143,0.00816728,0.008253766,0.008320747
2013-12-09,0.008537097,0.00856608,0.008493779,0.008488877,0.00848837,0.008506281,0.008427767,0.008583946,0.008532746,0.008484272,0.008542625,0.008496625,0.00850427,0.008584378,0.008507384,0.008571846,0.008502943,0.008495076,0.008519409,0.008523939
2013-12-10,0.007507978,0.007530315,0.0075301807,0.0074601453,0.0074619185,0.0074681174,0.007382212,0.0075846445,0.007547958,0.0074602496,0.0075174104,0.007517008,0.0074922424,0.007554231,0.007483406,0.0075431,0.0074744206,0.007471068,0.0074822735,0.007515086
2013-12-11,0.008222042,0.008253975,0.0082457345,0.008186666,0.008124156,0.008205054,0.008137537,0.00827275,0.0082044285,0.00814083,0.008240996,0.008186905,0.008196352,0.008276207,0.008199526,0.008269219,0.008198677,0.008138491,0.008202745,0.0082185995
2013-12-12,0.0011350494,0.0011719298,0.0011983495,0.0011624675,0.0010191333,0.0010937285,0.0010830592,0.0012516659,0.0011795145,0.0010553282,0.0011573713,0.0011292677,0.00087155215,0.0011947136,0.0011722576,0.0011830907,0.001107527,0.0010389965,0.0010726582,0.0011633467
2013-12-13,0.006578846,0.006603105,0.0066204052,0.006619556,0.0064462703,0.0065529477,0.006521551,0.0067133587,0.006606413,0.0065350663,0.0066024195,0.006481318,0.0062947553,0.006640775,0.006572677,0.0066331755,0.0066111665,0.0064953547,0.0065395664,0.006587861
2013-12-16,0.0067949425,0.006802393,0.006816251,0.0068189483,0.0066509675,0.0067497026,0.00672142,0.0068920236,0.0068054777,0.006677432,0.0067954194,0.0067540538,0.0065008234,0.0068320017,0.006770892,0.00682999,0.006812675,0.006685121,0.006749613,0.0067878943
2013-12-17,0.00750318,0.0075360965,0.007491572,0.0074651223,0.007366998,0.0074611288,0.007440118,0.007558344,0.007472573,0.0074506383,0.0075138044,0.007463051,0.007481737,0.0075475406,0.0074883085,0.007543696,0.007462872,0.0073775332,0.0075014364,0.0075057875
2013-12-18,0.0070795696,0.0070597064,0.0071343016,0.007124318,0.0069475602,0.007024033,0.00701241,0.007227717,0.0071145277,0.006940199,0.007081656,0.00694908,0.006805552,0.0071134847,0.007105155,0.0071115475,0.0070316326,0.0069427025,0.007092489,0.007055683
2013-12-19,0.0046063643,0.004590733,0.0046485495,0.004641531,0.0045412015,0.0045345407,0.0045589637,0.004746346,0.004611654,0.00450298,0.0045891088,0.0044576656,0.0043189805,0.0046301913,0.0045558643,0.004626615,0.0045904797,0.0045205187,0.0046509486,0.0045731794
2013-12-20,0.005718751,0.005695997,0.0057333093,0.0056810062,0.005579574,0.005612908,0.0056556147,0.0057807844,0.0056902003,0.005584104,0.005698068,0.0055660736,0.0056754034,0.0057329666,0.005678607,0.005734278,0.0056881737,0.0055786055,0.005696548,0.005681051
2013-12-23,0.0060934555,0.006064115,0.0060709696,0.0060325693,0.005985884,0.0059954207,0.0060473215,0.006128354,0.0060365032,0.0059822034,0.0060863774,0.005938364,0.0060299616,0.0061208736,0.006062789,0.006119637,0.006047694,0.00599098,0.0060732197,0.006060822
2013-12-24,0.0070795547,0.0071122926,0.0070898365,0.0070589315,0.00703354,0.0070090573,0.0070315283,0.0071620177,0.0070551615,0.0069886874,0.0070764404,0.006967975,0.007064862,0.007109342,0.0070408713,0.0071047675,0.0070398133,0.006981952,0.0071251076,0.0070611667
2013-12-26,0.0069983136,0.0070257317,0.0070084613,0.006977765,0.006995229,0.0069425832,0.0069506746,0.007077871,0.006999893,0.006920768,0.0069946777,0.006883053,0.0069692563,0.0070297103,0.006968571,0.0070239883,0.006971432,0.0068909954,0.0070493054,0.0069732945
2013-12-27,0.007513387,0.00753556,0.0075152647,0.007458506,0.0075137448,0.0074620973,0.007455079,0.007550372,0.0074863713,0.0073893648,0.0075096916,0.007392971,0.00745639,0.0075431895,0.0074964296,0.0075422507,0.00747074,0.0074044745,0.00750312,0.0074961167
2013-12-30,0.0074978154,0.00753632,0.0075484198,0.007528065,0.0075050723,0.0075077545,0.0074546915,0.0075870138,0.0074769687,0.0073961746,0.007504491,0.00739765,0.0072045308,0.0075420123,0.007491214,0.007536469,0.0074675065,0.007402925,0.0075504016,0.007502569
2013-12-31,0.0074616354,0.0075380187,0.0075442176,0.007531507,0.007522745,0.0075054,0.007456882,0.00758083,0.007483525,0.0073835384,0.007507501,0.0073947143,0.0072096568,0.0075419974,0.0074918997,0.0075359773,0.007467089,0.0073995125,0.007548405,0.0074806046
2014-01-02,0.007450698,0.007537795,0.007507993,0.007462157,0.007523326,0.0074859243,0.0074594,0.007539762,0.007478757,0.007385133,0.0075066816,0.007392226,0.0074563157,0.007542951,0.007492749,0.0075266045,0.0074610244,0.007388143,0.0075038057,0.0074904244
2014-01-03,0.0074521434,0.007548509,0.007540418,0.007529361,0.007520793,0.007456852,0.007456122,0.007602049,0.007474674,0.007395832,0.0075067114,0.007453559,0.0072159152,0.00754088,0.007493956,0.00752957,0.0075256955,0.007408915,0.0075356495,0.0074913483
2014-01-06,0.007479323,0.007543562,0.007586224,0.007565422,0.0075355005,0.007507561,0.007458804,0.007641269,0.0074908864,0.0074548405,0.0075059664,0.007446287,0.0072434377,0.0075365733,0.007497249,0.0075332653,0.007529063,0.0073824953,0.0075841676,0.007494552
2014-01-07,0.007479651,0.007551266,0.007580472,0.007565139,0.0075080823,0.007490931,0.007465152,0.0076420587,0.007461978,0.007434441,0.0075077843,0.0074071866,0.007246403,0.0075401645,0.0074851047,0.0075312834,0.0075312834,0.007395087,0.0075522494,0.0074892025
2014-01-08,0.0074738245,0.007564394,0.007542519,0.007534085,0.00749333,0.0074313264,0.007456882,0.007625697,0.0074433815,0.0074028056,0.0075159054,0.007411165,0.0072230827,0.0075502526,0.007464735,0.0075411927,0.007534979,0.0074465703,0.0075330567,0.007502554
2014-01-09,0.004843859,0.004969163,0.005009575,0.004983304,0.004920719,0.004860742,0.0048979204,0.0050696265,0.0048856717,0.0048015695,0.0049362313,0.0048681777,0.0046770405,0.004969014,0.0049023014,0.004961906,0.004992945,0.004897071,0.005030928,0.0049090665
2014-01-10,0.0075288247,0.007548256,0.0075810384,0.0075662117,0.007517947,0.007485045,0.0074311923,0.007643653,0.007476611,0.0075251143,0.0075145643,0.0073976647,0.007253064,0.0075442027,0.0074881297,0.0075427275,0.0075109284,0.007492317,0.007582037,0.007488815
2014-01-13,0.008108852,0.008160217,0.008152885,0.008185757,0.008173881,0.008080525,0.008044137,0.00826682,0.008077322,0.008147804,0.0081355255,0.008095039,0.007874979,0.008165194,0.008101387,0.008147327,0.00814311,0.008107452,0.008187888,0.008116333
2014-01-14,0.0074634533,0.0075427126,0.007557122,0.0074979793,0.007509617,0.0075014513,0.0074210893,0.0076030623,0.0074712466,0.0075000506,0.0075244587,0.007483406,0.0075125825,0.00755368,0.0074858945,0.0075332504,0.0075341295,0.0075035524,0.0075460207,0.0074834507
2014-01-15,0.007476164,0.007545693,0.007538004,0.007562889,0.0074941795,0.007471619,0.007438643,0.0076386016,0.0074657183,0.007547809,0.0075240415,0.007485373,0.0072502624,0.0075542014,0.007483868,0.007541744,0.0075697135,0.007513566,0.007595597,0.007491125
2014-01-16,0.007468788,0.0075535756,0.007534368,0.0075488817,0.00749789,0.0074724387,0.007456539,0.0075760614,0.007455347,0.007527245,0.0075270366,0.007416634,0.007427169,0.0075538587,0.007481722,0.0075445753,0.007493345,0.007490931,0.0075444113,0.0075046103
2014-01-17,0.0061204117,0.0061540883,0.006120218,0.0061327945,0.006174503,0.006085692,0.006059317,0.0062036198,0.0060955267,0.0061596464,0.0061452966,0.006054623,0.0060255956,0.0061741304,0.00611387,0.006164206,0.0060951393,0.0061172824,0.0061418395,0.0061270725
2014-01-21,0.007731108,0.007841526,0.007778017,0.007815717,0.007791249,0.007749958,0.0077224057,0.007815016,0.0077516865,0.0077726226,0.00781378,0.007676242,0.007627247,0.007841719,0.0077788364,0.007828621,0.007786287,0.0077828,0.0077497642,0.007780848
2014-01-22,0.007515399,0.007529689,0.007491065,0.0075264405,0.0074848365,0.0075072926,0.007446749,0.0075908583,0.007446153,0.007522924,0.0075245183,0.0074671786,0.0074879657,0.007550476,0.0074896496,0.0075416546,0.0075273346,0.007508276,0.007528035,0.007502435
2014-01-23,0.0056286436,0.005654199,0.0056126844,0.005616335,0.005630119,0.005568547,0.005572675,0.005692212,0.00559452,0.0056060534,0.0056383144,0.0056364518,0.005369289,0.0056533497,0.005670918,0.0056538414,0.0055936556,0.005690841,0.0056072604,0.005640758
2014-01-24,0.009883029,0.009867592,0.009842051,0.009845091,0.009885741,0.009792937,0.009777395,0.009956105,0.009851156,0.009858606,0.009865178,0.009867517,0.009594096,0.009883,0.009909866,0.009882761,0.009815631,0.009938253,0.009813799,0.009878216
2014-01-27,0.0074994694,0.007473735,0.007454587,0.007473288,0.0075267684,0.0074438285,0.0074508768,0.0074801277,0.00748886,0.007509066,0.0074898284,0.007441772,0.007443456,0.007515667,0.007500453,0.007525025,0.007450102,0.0074448865,0.007479472,0.0074834805
2014-01-28,0.00748053,0.0075060707,0.0074614417,0.0074986946,0.0075128805,0.007447226,0.0074284654,0.0075152647,0.0074725877,0.0075003933,0.0074860733,0.007419152,0.007378949,0.0075131934,0.0074863117,0.0075223427,0.0074481647,0.007413892,0.0074670296,0.0074801426
2014-01-29,0.0058946144,0.005961491,0.005894704,0.005932806,0.005931927,0.0058847945,0.0058342647,0.0060027074,0.005881889,0.00587794,0.005928306,0.0058769416,0.005879579,0.0059542935,0.0059547555,0.005956335,0.005884154,0.005932657,0.005875347,0.0059739035
2014-01-30,0.0058184247,0.0058419984,0.0057833325,0.005818082,0.005833192,0.0057826024,0.00575885,0.0058772545,0.0057887416,0.0058138203,0.0058050584,0.005779205,0.0057394337,0.005836142,0.0058514457,0.0058412086,0.005772827,0.0057910215,0.005784912,0.005828319
2014-01-31,0.0074843746,0.0075175744,0.0074607264,0.0074868035,0.0075293463,0.007465495,0.0074307304,0.00750467,0.007492734,0.007515697,0.007480083,0.0074465405,0.0074111354,0.00751142,0.007495431,0.0075274687,0.0074606966,0.0074227583,0.007466374,0.007490171
2014-02-03,0.004785789,0.0048454683,0.0047928523,0.004801361,0.0048484486,0.0047961157,0.004727287,0.0048482995,0.00481054,0.0048368853,0.0048097204,0.0047436636,0.0047192406,0.0048427265,0.0048134904,0.004850639,0.004784329,0.004715992,0.0047624838,0.004811419
2014-02-04,0.007642923,0.007692335,0.007596655,0.0076559167,0.0076623987,0.0075702947,0.0075358283,0.0076783877,0.0076196324,0.0075772237,0.007658316,0.007650001,0.0075529646,0.007690249,0.007629765,0.0076811444,0.007614849,0.007559566,0.007562546,0.007646842
2014-02-05,0.0075119566,0.007557003,0.0074613374,0.0075081866,0.007473318,0.0074337106,0.007405026,0.0075351875,0.0074524414,0.00748579,0.007511733,0.007512225,0.0074958485,0.0075389575,0.0074854624,0.007537825,0.00747448,0.0074660312,0.007420359,0.007492779
2014-02-06,0.007500304,0.0075459015,0.0074905735,0.00752504,0.007469846,0.0074789207,0.007405428,0.0075983685,0.007448567,0.0074919593,0.0075142514,0.0075255763,0.00725366,0.0075428467,0.0075341146,0.0076018255,0.007504372,0.0075148474,0.0074291807,0.0074993055
2014-02-07,0.007507099,0.0075564366,0.007483987,0.007516844,0.007443322,0.0074551087,0.007428346,0.0075494777,0.0074512195,0.0074566733,0.0075211357,0.007510094,0.007494567,0.0075457226,0.0074947756,0.00754991,0.007480098,0.0074585658,0.007447494,0.0075115543
2014-02-10,0.007832436,0.007851554,0.0078481715,0.007848604,0.0077755284,0.007818697,0.007774679,0.007931812,0.0078048836,0.007827161,0.00786276,0.007867454,0.007602183,0.007890744,0.007897524,0.007948829,0.007850571,0.007843776,0.0077913236,0.00782053
2014-02-11,0.007481603,0.007467849,0.007484136,0.0074575376,0.007423414,0.0074332785,0.0074123126,0.0075952243,0.0074494462,0.0074969064,0.007501526,0.007516859,0.0072565656,0.007524235,0.007551266,0.0076019,0.007439537,0.0075016897,0.0074071866,0.007488547
2014-02-12,0.005268825,0.0053337794,0.005319206,0.0053619575,0.0052499156,0.0052764993,0.005246235,0.005454166,0.0052572917,0.0052779596,0.0053272527,0.0053555947,0.0050578844,0.005351303,0.0054202955,0.0054575633,0.005326716,0.005372314,0.005262522,0.005296005
2014-02-13,0.007489128,0.0075467657,0.007505296,0.0075525623,0.007469831,0.007461561,0.007419912,0.0076007675,0.0074561816,0.0074757915,0.0075262915,0.007535098,0.007262526,0.0075490307,0.0075666737,0.007612152,0.007511882,0.007550938,0.007448895,0.007487504
2014-02-14,0.006881116,0.00694908,0.0069154184,0.006961314,0.006878404,0.0068655293,0.0068169516,0.0069888365,0.006860895,0.006876318,0.006930528,0.0069223624,0.006917132,0.00695814,0.0069683176,0.0069932025,0.00691895,0.0069654863,0.0068898927,0.0068979543
2014-02-18,0.0074694436,0.0075481217,0.0075094085,0.0075603556,0.0074139517,0.007461367,0.0074371826,0.007580636,0.0074756574,0.007450102,0.0075278115,0.0075705927,0.007470412,0.0075520854,0.0075644385,0.0075876694,0.0075262617,0.00752276,0.0074700695,0.0074858945
2014-02-19,0.007469861,0.0075495224,0.0075095575,0.0075626206,0.0074121933,0.007459296,0.007403804,0.007639898,0.0074619185,0.0074262302,0.007524131,0.007565601,0.007241605,0.007549433,0.007619662,0.0075843614,0.0075198095,0.0075684916,0.0075039845,0.0074960124
2014-02-20,0.00747752,0.0075544845,0.00750844,0.0075626653,0.007464422,0.00745642,0.0074234735,0.0075802933,0.0074806493,0.0074643027,0.007526515,0.007566629,0.007425351,0.0075533967,0.0075682085,0.007585792,0.007521672,0.0075492393,0.007474331,0.007508559
2014-02-21,0.005464731,0.00553116,0.005500762,0.0055549573,0.0054313373,0.005447058,0.005412413,0.005531458,0.0054393243,0.0054353755,0.0055223983,0.0055416506,0.005406348,0.005547954,0.005497394,0.005534528,0.005509911,0.0054855477,0.005431501,0.0055174064
2014-02-24,0.006597696,0.00665891,0.0066330265,0.0066842865,0.006534232,0.006581245,0.0065496694,0.0066613685,0.0065767746,0.006543426,0.0066535305,0.006669892,0.006616978,0.006677313,0.00663021,0.0066654366,0.0066438,0.0065921973,0.006579427,0.0066479575
2014-02-25,0.0075218957,0.007545544,0.007513566,0.007568283,0.007404564,0.0074664783,0.0074189734,0.0075897556,0.0074596982,0.007412685,0.007532222,0.007534189,0.0074865054,0.007555483,0.007554589,0.007544143,0.007528467,0.007504506,0.007486148,0.007520331
2014-02-26,0.008057086,0.008061884,0.008035539,0.0080881845,0.007947473,0.007988168,0.007951258,0.008067412,0.007980881,0.007944552,0.008049799,0.008040665,0.0077723097,0.008073671,0.008082567,0.008057741,0.008046804,0.008035077,0.007966874,0.008045865
2014-02-27,0.009234486,0.009182824,0.0091975015,0.009251324,0.009134559,0.009151576,0.009080438,0.009218378,0.009127794,0.009141101,0.009213207,0.009221626,0.008937744,0.009236811,0.009241639,0.009219004,0.0092122685,0.0092270505,0.009112133,0.009206055
2014-02-28,0.006305767,0.0062406193,0.0062576067,0.006313471,0.0061767083,0.006214289,0.0061527025,0.0062842052,0.006209744,0.0061741304,0.006276412,0.0062756073,0.006002186,0.00629705,0.006311668,0.006283058,0.006271912,0.0062573683,0.0061833393,0.0062680673
2014-03-03,0.007511435,0.0075067114,0.0075199436,0.007570816,0.0074234437,0.007471053,0.0074312817,0.0075465124,0.0074733477,0.0074525606,0.0075308513,0.007533176,0.007511003,0.0075546186,0.0075163227,0.0075398814,0.0075281244,0.0074666124,0.007454438,0.007515548
2014-03-04,0.007550923,0.0074932408,0.0075211357,0.007567359,0.0074810963,0.007487921,0.0074141007,0.0075356495,0.007469533,0.007454274,0.0075211357,0.00754766,0.0075416844,0.007549463,0.0075636934,0.0075347256,0.0075161736,0.0075432044,0.007445721,0.0075264554
2014-03-05,0.006994618,0.0069404524,0.0069508683,0.0069877338,0.0068629216,0.0069020223,0.0068626534,0.0069776457,0.006914152,0.0068813544,0.0069558006,0.0069632214,0.00690466,0.0069856923,0.0069979113,0.0069788974,0.006935967,0.006940825,0.0068854075,0.0069678407
2014-03-06,0.0075638276,0.0074862223,0.007511882,0.007554112,0.0074317437,0.0074583422,0.007401226,0.007540105,0.007465644,0.0074468683,0.0075202864,0.007543845,0.0074651223,0.0075484645,0.00756268,0.007540209,0.007506309,0.0074940156,0.007431699,0.0075300913
2014-03-07,0.007498039,0.007511003,0.007513879,0.0075610112,0.0074719917,0.0074742567,0.007426737,0.0075375866,0.0074744057,0.0074444693,0.0075131934,0.0074530225,0.0075394195,0.0075436216,0.0075136255,0.007530285,0.007513074,0.0075000506,0.007470606,0.007492749
2014-03-10,0.009444637,0.0094389,0.009452997,0.009490205,0.009342505,0.009394733,0.009354038,0.0094754975,0.009412451,0.00935906,0.009440063,0.009400947,0.009451939,0.009474082,0.009443013,0.009474112,0.009443177,0.009373052,0.009418113,0.009415252
2014-03-11,0.007521985,0.00750166,0.0075632464,0.0075587314,0.0073995274,0.0074537974,0.007416321,0.0076054614,0.007456703,0.0074056517,0.0075142067,0.007519571,0.0072467607,0.0075475406,0.007501064,0.007601632,0.007521374,0.007417647,0.007518066,0.007498754
2014-03-12,0.0075066965,0.007488666,0.007566629,0.007559983,0.0073690396,0.007462932,0.0074085128,0.0076072197,0.007461427,0.007443903,0.0075154286,0.0075310897,0.007254077,0.0075487327,0.007501973,0.007606728,0.0075136106,0.007468043,0.007504208,0.007500751
2014-03-13,0.007515816,0.0074843597,0.007522745,0.0075662713,0.0074124467,0.0074640643,0.0073987674,0.007547898,0.0074890684,0.0074136537,0.007515786,0.0074607264,0.0075166505,0.0075519364,0.0075215977,0.0075502377,0.007523684,0.0074755084,0.0074860733,0.007512925
2014-03-14,0.007524384,0.007512329,0.0075124633,0.007556496,0.0073900204,0.0074589085,0.00740519,0.007546244,0.007458968,0.007435022,0.007515786,0.0075322073,0.00721441,0.007545544,0.00750616,0.0076089036,0.007507561,0.007530747,0.0075076204,0.0075282883
2014-03-17,0.007899312,0.007932616,0.007937504,0.0079414975,0.007790057,0.007855041,0.007841883,0.007971598,0.00781752,0.007867275,0.007903142,0.007879136,0.0078840535,0.007936342,0.007853849,0.007978214,0.007901279,0.007878555,0.007935343,0.007889343
2014-03-18,0.004734276,0.004731236,0.0047889184,0.0047961604,0.0046348106,0.004687695,0.004700793,0.004816098,0.004660977,0.00463487,0.004747538,0.0047848504,0.0046940874,0.004787026,0.0046984386,0.004819719,0.0047552865,0.004689319,0.0047962945,0.0047297906
2014-03-19,0.0068920534,0.006900249,0.006918637,0.006968377,0.0068247598,0.0068606865,0.0068748724,0.006943239,0.006845681,0.006836502,0.0069200527,0.006933732,0.0068080705,0.006954564,0.0068674516,0.0069498103,0.0069264006,0.0068615805,0.006910635,0.006906299
2014-03-20,0.007723389,0.0076900255,0.0077397656,0.007788552,0.007688416,0.0076894294,0.0076950025,0.0077657383,0.0076768827,0.007663382,0.007741539,0.0077187996,0.007717235,0.007776959,0.007684497,0.007812364,0.0077448767,0.0077647697,0.0077752303,0.007753147
2014-03-21,0.007511733,0.0075350236,0.0075214487,0.007565109,0.007419644,0.007456599,0.0074596833,0.0075426977,0.007440133,0.007417066,0.00751975,0.0074608903,0.0074673574,0.0075590145,0.007439537,0.007553084,0.007521866,0.0074953716,0.0074967872,0.0075089317
2014-03-24,0.0059885513,0.006051777,0.00602716,0.0060797315,0.0059591513,0.005971594,0.005966274,0.0060509276,0.005965395,0.0059488695,0.0060302746,0.005974008,0.006008668,0.006071238,0.005983932,0.0060628783,0.006036965,0.0060048234,0.005994184,0.006004451
2014-03-25,0.007548211,0.0076270234,0.0076078456,0.007656036,0.0075747203,0.0075747054,0.0075442176,0.0076313894,0.007573096,0.0075567346,0.007605551,0.0075477194,0.007585911,0.007648153,0.007578714,0.007640062,0.0076158177,0.0076039117,0.007572172,0.0075927954
2014-03-26,0.005970223,0.006047709,0.0060218405,0.006056426,0.0059550386,0.0059690606,0.0059584808,0.006046338,0.005977584,0.0059711616,0.0060206633,0.005950449,0.0059589725,0.006062029,0.0059798937,0.0060531776,0.0060183983,0.005993871,0.00598274,0.0060158204
2014-03-27,0.0076401215,0.0077044796,0.007689191,0.007734431,0.0076473188,0.0076199006,0.0076277237,0.007712541,0.0076815467,0.007641254,0.007688431,0.0076648574,0.0073677283,0.007729022,0.0076527577,0.007781936,0.00769387,0.007666005,0.0077167135,0.007679878
2014-03-28,0.007205827,0.007282613,0.007259665,0.007305784,0.007156236,0.00719106,0.007196514,0.007280929,0.007202221,0.007180674,0.0072576683,0.0071891826,0.007195605,0.0073001366,0.0072080027,0.007292656,0.007263465,0.007201789,0.0072222482,0.00722274
2014-03-31,0.007491244,0.00753407,0.0075214636,0.007564334,0.007462291,0.007476611,0.0074602645,0.007521255,0.0074768495,0.007440774,0.007513238,0.0074545722,0.0074668657,0.0075584333,0.007459132,0.007547362,0.0075181853,0.0074983817,0.0074762236,0.007496251
2014-04-01,0.007466702,0.007519571,0.0075169634,0.00755897,0.0074397754,0.0074652564,0.0074602943,0.0075294357,0.0074665975,0.007414488,0.0075126123,0.007453738,0.0074649584,0.0075568836,0.007458655,0.007545484,0.007512821,0.007478861,0.0074827354,0.0074779224
2014-04-02,0.010531692,0.010560228,0.010553999,0.01059979,0.01044835,0.010500206,0.01050034,0.010538755,0.0105252545,0.010413302,0.0105504375,0.0105425995,0.010527773,0.0105944555,0.01046109,0.0106235575,0.010554893,0.010493292,0.010578049,0.010547785
2014-04-03,0.007130338,0.007182194,0.0071507525,0.0072043072,0.007092444,0.0070931,0.007100044,0.0071578603,0.007106332,0.0070237946,0.007145239,0.0071157496,0.007100595,0.0071998667,0.007096885,0.0071887802,0.007158814,0.0071162265,0.00712475,0.007130457
2014-04-04,0.0075044166,0.007549284,0.0075092,0.0075665247,0.0074082892,0.0074602794,0.0074603986,0.0074848663,0.007512672,0.0073735546,0.0075080823,0.0075216573,0.0072009694,0.0075607877,0.00740744,0.00760269,0.007526366,0.007450981,0.007551564,0.0075241458
2014-04-07,0.0074925106,0.00752428,0.007513864,0.0075632315,0.007405637,0.0074582975,0.0074699353,0.0074639153,0.007457806,0.0074096154,0.0075035673,0.0074643623,0.0074667316,0.0075590443,0.0074200016,0.0075465124,0.0075175893,0.0074243676,0.00749561,0.007498337
2014-04-08,0.007488383,0.007526038,0.0075129103,0.0075630527,0.0074554216,0.0074692946,0.007465301,0.0074540507,0.0074502807,0.0074581187,0.007498203,0.007460652,0.00745867,0.007554246,0.0074341428,0.007545082,0.0075144004,0.007469384,0.0074971,0.007489441
2014-04-09,0.0074951183,0.007522134,0.0075176787,0.007561384,0.007428197,0.007463632,0.0074694436,0.00745341,0.007444991,0.0074354094,0.00750543,0.007443009,0.0074253064,0.007559387,0.007422922,0.0075440686,0.0075149816,0.0074334275,0.0074982326,0.0074857604
2014-04-10,0.0064491015,0.006475879,0.006467877,0.0065149944,0.006381927,0.006409971,0.0064160954,0.0064097475,0.0064198356,0.0063874107,0.0064558517,0.0064472836,0.006421862,0.0065070074,0.0063727032,0.006526945,0.0064725857,0.0064005833,0.0065071415,0.006464703
2014-04-11,0.0075027626,0.0075392555,0.00752127,0.007563589,0.007439209,0.0074538123,0.0074694436,0.007537259,0.0074477773,0.007443605,0.0075137,0.007449342,0.0074565243,0.0075627547,0.0074563455,0.0075472575,0.0075190347,0.0074491333,0.007512195,0.0075169634
2014-04-14,0.0062889587,0.006316049,0.0063015353,0.0063444506,0.0062124263,0.006235821,0.0062456112,0.006327627,0.0062614363,0.0062000286,0.0062938165,0.0062771123,0.0061975997,0.0063425284,0.0062532406,0.006329341,0.006300701,0.0061979126,0.0062930863,0.0063060503
2014-04-15,0.007494686,0.0075330567,0.0075209867,0.007567687,0.0074033123,0.007455839,0.0074653607,0.0075488966,0.007474525,0.0074207317,0.007511763,0.0074444693,0.007453082,0.007563947,0.0074705463,0.0075443517,0.007526992,0.0073982608,0.007512955,0.0075163525
2014-04-16,0.0075000953,0.0075414013,0.0075246524,0.007568715,0.0074293893,0.0074564796,0.0074685644,0.0075505506,0.007435126,0.007414652,0.007517351,0.0074504297,0.007495029,0.0075645726,0.0074652266,0.0075456332,0.0075249355,0.007447524,0.0075143557,0.0075166803
2014-04-17,0.0075134467,0.0075501483,0.007530598,0.0075663757,0.007430775,0.0074809473,0.0074762534,0.0075493883,0.00750163,0.0074213874,0.0075190496,0.0075032394,0.0072545987,0.0075662863,0.007541267,0.007614104,0.0075187366,0.0074220877,0.007568253,0.0075019877
2014-04-21,0.0022531431,0.0022728276,0.0022566747,0.0022900533,0.00218126,0.002223311,0.0022146534,0.002281187,0.002204774,0.0021666717,0.0022437554,0.002205966,0.0022445004,0.0022963565,0.0022242796,0.002291305,0.0022479128,0.0021842252,0.0022308808,0.0022170078
2014-04-22,0.0074937027,0.0075222086,0.007535396,0.0075695794,0.007413788,0.007476179,0.0074667167,0.007553784,0.007505579,0.0073993485,0.0075178873,0.007514743,0.007255597,0.007567836,0.007539017,0.007608814,0.0075352024,0.007403834,0.007561801,0.007488696
2014-04-23,0.007519914,0.0075332057,0.0075350534,0.007565988,0.007512925,0.007514609,0.0074548703,0.0075570922,0.0074906033,0.0075038653,0.0075153094,0.0074789356,0.0075080525,0.0075669866,0.0075059813,0.007554082,0.0075256955,0.0074912887,0.007495148,0.007496638
2014-04-24,0.0075060707,0.007531313,0.0075342935,0.007559223,0.007429002,0.007472975,0.007462872,0.00755818,0.007537378,0.007399915,0.0075130295,0.007570265,0.0072379243,0.0075649153,0.0075139683,0.0076571386,0.007538108,0.007435603,0.0076009315,0.00750844
2014-04-25,0.006878389,0.006890921,0.006893499,0.0069123786,0.0067664515,0.006828664,0.006826265,0.006918518,0.0068157297,0.006794257,0.0068763923,0.0068511944,0.0068288576,0.006920634,0.006824,0.006918205,0.0068863165,0.006765036,0.0068387818,0.0068801474
2014-04-28,0.0075061154,0.0075320136,0.007536603,0.007552637,0.007411493,0.007469384,0.0074620824,0.007556705,0.007542236,0.007438509,0.007516293,0.0075531285,0.0072374474,0.0075644236,0.0075218957,0.0076572876,0.0075419378,0.0074274074,0.007593332,0.0075181704
2014-04-29,0.0074871015,0.007505132,0.007529957,0.007553039,0.007429911,0.007482378,0.0074533653,0.0075584184,0.007499827,0.007382391,0.0075193774,0.00748959,0.0072119366,0.0075626206,0.007450087,0.0076201838,0.0075406563,0.0074640196,0.0075428467,0.007493494
2014-04-30,0.0074874144,0.0075237136,0.007525651,0.0075570624,0.0074075293,0.0074671786,0.0074210297,0.007566331,0.0074917506,0.007403774,0.0075085294,0.007556213,0.0074965637,0.007558776,0.0074545573,0.0075918566,0.0075492095,0.007417066,0.0075110625,0.0074923467
2014-05-01,0.007501481,0.007546393,0.007518692,0.00755213,0.007440163,0.0074513387,0.007448999,0.007564096,0.0074604433,0.007392181,0.0075049233,0.007504789,0.007471798,0.0075560343,0.0074609797,0.007546736,0.0075200778,0.0074476283,0.007484017,0.0074795764
2014-05-02,0.0072942954,0.0073283445,0.00731021,0.0073538553,0.0072232317,0.0072399955,0.007235436,0.00735618,0.00734256,0.007175831,0.0073033404,0.007407723,0.007034762,0.0073497575,0.007267652,0.007440282,0.0073618423,0.0072436463,0.0073678177,0.0072722565
2014-05-05,0.0075804275,0.0076008867,0.0075951647,0.0076370966,0.0074748825,0.007526232,0.007507099,0.007642133,0.007597102,0.0074789952,0.0075767767,0.0076462906,0.007571934,0.0076317172,0.007561488,0.007673694,0.007627202,0.0074964,0.007589264,0.007576583
2014-05-06,0.007495327,0.0074997228,0.0075137448,0.0075573903,0.0073767584,0.0074584167,0.007428644,0.007559074,0.0074617397,0.007410405,0.0074982475,0.007521672,0.0074685346,0.007552622,0.0074622165,0.0075448435,0.007475553,0.007427616,0.0074557643,0.0074765813
2014-05-07,0.007518707,0.007474838,0.007511003,0.007563455,0.0074034017,0.0074422043,0.0074478667,0.0075614285,0.007513134,0.0074215215,0.007499678,0.007569758,0.007206885,0.007551728,0.0074849706,0.0075990986,0.007537229,0.0074344706,0.007513417,0.007483734
2014-05-08,0.0075189155,0.0074955206,0.0075089615,0.007560311,0.0074439477,0.007450519,0.0074373167,0.0075641405,0.0075109433,0.007393567,0.007495938,0.007575659,0.007495938,0.0075497758,0.007487474,0.0075910967,0.0075509977,0.007459445,0.007497458,0.0074928086
2014-05-09,0.007860525,0.007870434,0.007838486,0.007891802,0.0077367555,0.0077659916,0.007755948,0.007885871,0.0077972542,0.0077322256,0.007832719,0.007855488,0.0077977907,0.007877974,0.007821275,0.00788079,0.0078570675,0.007751463,0.007789461,0.007847829
2014-05-12,0.006833909,0.00685188,0.0068171155,0.0068713855,0.006714357,0.0067535024,0.0067614447,0.006863324,0.006770266,0.0067188274,0.0068107527,0.006834356,0.0067703556,0.006858526,0.006785838,0.0068546217,0.0068258476,0.0067329686,0.0067809504,0.0068228524
2014-05-13,0.007529525,0.007537363,0.007510124,0.0075638127,0.007430328,0.007447643,0.007442428,0.0075571965,0.00754389,0.007420687,0.007505728,0.0076197665,0.007229818,0.007548554,0.007497264,0.007644562,0.0075623672,0.007415129,0.0075728577,0.0075000506
2014-05-14,0.0075214487,0.0075319987,0.007511867,0.0075513255,0.0074070822,0.007440014,0.0074203443,0.0075546335,0.0074792784,0.0074219536,0.0075026434,0.007530106,0.007469056,0.007548107,0.0074946117,0.0075499546,0.0075199585,0.0074219387,0.007467715,0.0074946713
2014-05-15,0.0075359475,0.00748278,0.0075158756,0.007558046,0.0073944163,0.007454319,0.007434575,0.0075632166,0.007522879,0.0074011367,0.007507516,0.0075977426,0.0072081815,0.0075531583,0.0075184237,0.0076199006,0.0075404327,0.0074118357,0.0075261425,0.007479785
2014-05-16,0.0052721184,0.0052490365,0.0052523445,0.0052948575,0.0051439684,0.0051812213,0.005173905,0.0053020995,0.005258439,0.0051777344,0.0052416157,0.0053206515,0.00494626,0.0052898508,0.0052407663,0.0053550433,0.0052793752,0.005182324,0.0052787047,0.0052064937
2014-05-19,0.0075136404,0.0075294655,0.0075703245,0.007553367,0.007435469,0.007445557,0.007441638,0.0075617563,0.0075437706,0.0074443202,0.0075077247,0.007561831,0.007241158,0.007552011,0.0074906778,0.0076524,0.007561071,0.007448254,0.007588355,0.007470114
2014-05-20,0.007511003,0.007527752,0.0075186174,0.007551683,0.007441936,0.0074338,0.007419301,0.007557152,0.007484285,0.0074762534,0.007497398,0.007523073,0.0074807387,0.007549612,0.007500259,0.0075532626,0.0075243693,0.0074730944,0.0074816775,0.007479621
2014-05-21,-0.0009424556,-0.00091494806,-0.00093044527,-0.0008881707,-0.0010488648,-0.0010183621,-0.0010363031,-0.0008843262,-0.0009179283,-0.0009881575,-0.00094819255,-0.000837462,-0.00120488,-0.0008987207,-0.00095451064,-0.00080968626,-0.00090089627,-0.00096884556,-0.0008858014,-0.0009600986
2014-05-22,0.003238229,0.0032542925,0.0032382887,0.0032735895,0.0031698328,0.0031319987,0.0031303,0.0032773595,0.0032290053,0.0031817686,0.003220899,0.003273813,0.003209753,0.0032662135,0.003200559,0.0033056866,0.0032633375,0.0032078307,0.003242759,0.003221495
2014-05-23,0.00532314,0.0053520035,0.005375413,0.005367039,0.005207507,0.00524175,0.0052232575,0.005382551,0.0053126495,0.005227728,0.005320145,0.0053315144,0.0053042155,0.0053666364,0.005283488,0.005401654,0.005354939,0.005269794,0.005338995,0.005303381
2014-05-27,0.006890176,0.006930707,0.006910188,0.0069490056,0.006773887,0.006847156,0.006835444,0.006961195,0.006863592,0.0068333726,0.0069003385,0.0069173854,0.006859256,0.0069447737,0.0068827253,0.0069383364,0.0069136154,0.0068680327,0.006868897,0.0068569165
2014-05-28,0.007506771,0.0075454097,0.007523356,0.007550774,0.007370321,0.007474361,0.0074700993,0.0075662117,0.007504819,0.0074937474,0.007514281,0.00757402,0.007491557,0.007551862,0.0074326377,0.007586671,0.007532088,0.0075095426,0.0075389575,0.0074934643
2014-05-29,0.0075124186,0.007540224,0.0075205397,0.0075597297,0.007384373,0.0074442457,0.0074297916,0.0075698625,0.007474078,0.007435484,0.007511629,0.0075062495,0.007463051,0.007548971,0.0074423384,0.0075467955,0.0075236093,0.0074788164,0.0074812304,0.0074798446
2014-05-30,0.0075060558,0.0075413566,0.007514788,0.0075551104,0.0074099433,0.0074299853,0.007426871,0.0075687896,0.0074790996,0.007444231,0.0075120013,0.007515786,0.007440267,0.0075481515,0.007475866,0.007542057,0.007517142,0.0074712466,0.007470308,0.00747603
2014-06-02,0.0075213294,0.0075488817,0.0075151455,0.007559506,0.007414473,0.007454468,0.0074495655,0.0075701904,0.007466389,0.0074052047,0.0075104814,0.0075352024,0.0074619334,0.007555483,0.0074834805,0.007548971,0.0075207483,0.0074323546,0.0074871164,0.0075094383
2014-06-03,0.0075045507,0.007548062,0.007516755,0.007624803,0.0074065905,0.0074581485,0.007447941,0.0075696986,0.007537497,0.007460756,0.0075074714,0.007591231,0.0072027575,0.007550372,0.0075080525,0.0076087993,0.007517798,0.0074849855,0.007524995,0.0074875634
2014-06-04,0.0075235497,0.00753556,0.0075155627,0.0074699055,0.0074158143,0.0074325036,0.0074416082,0.00756645,0.0074897986,0.0074996185,0.0075120907,0.0075940173,0.0072065275,0.007549925,0.007502673,0.007614894,0.0075386595,0.007498039,0.0075314026,0.0075226855
2014-06-05,0.007512344,0.0075290035,0.0075142663,0.007542325,0.0074157845,0.0074384343,0.007432563,0.007567836,0.0074578207,0.007468803,0.00750318,0.007520495,0.0074436646,0.007548241,0.0074955355,0.0075380635,0.007527156,0.0074339937,0.007485045,0.0074845534
2014-06-06,0.0061552804,0.006160347,0.0061521064,0.0061938446,0.006101666,0.0060663056,0.0060625505,0.006206138,0.006108297,0.006096242,0.0061394256,0.0062110256,0.0058531743,0.0061860215,0.006129397,0.0062410664,0.0061618965,0.006158946,0.0061576646,0.0061481427
2014-06-09,0.0043144654,0.0043341946,0.004317401,0.004408164,0.004261134,0.0042367857,0.0042666923,0.004373653,0.0043053012,0.0042298418,0.0043108296,0.0043597203,0.004289804,0.0043556225,0.0043033045,0.0043907594,0.00432582,0.0042568874,0.0043523293,0.004289178
2014-06-10,0.007516904,0.0075336676,0.0075110923,0.007614149,0.0074077826,0.007440565,0.0074358117,0.007563917,0.007456882,0.0074179154,0.0075100493,0.007577775,0.007244138,0.0076138806,0.007496087,0.0076455604,0.0075178575,0.0074541103,0.007585017,0.0075059664
2014-06-11,0.0075297635,0.00755067,0.007516114,0.007563142,0.0074061435,0.0074632894,0.0074263494,0.0075662266,0.0074631553,0.0074346196,0.007512687,0.007518677,0.0075154435,0.0075614285,0.0074985605,0.0075570326,0.0075238775,0.0074109565,0.0074666124,0.0074857306
2014-06-12,0.0075216573,0.0075561535,0.0075166654,0.0076212566,0.007421626,0.007536931,0.0074170213,0.007565586,0.0074716937,0.0074219983,0.0075145494,0.0076188873,0.007239146,0.0075597595,0.0075555574,0.007663099,0.0075154733,0.007491408,0.0075009298,0.0075071435
2014-06-13,0.0077636223,0.0078109484,0.007776914,0.007880626,0.0076791923,0.007795019,0.0077218544,0.007821305,0.007711632,0.0076627564,0.007772742,0.007814093,0.007467104,0.007816805,0.007800488,0.007881476,0.0077699553,0.0076752286,0.0077445637,0.007740272
2014-06-16,0.0074640047,0.0074967574,0.007515086,0.007590262,0.0073961,0.0074705165,0.007450057,0.0075651836,0.0074658077,0.0074676555,0.00751525,0.0075690877,0.007504074,0.0075980853,0.007504029,0.007606609,0.0075016897,0.0074123275,0.0075356793,0.007482214
2014-06-17,0.00750467,0.0075555127,0.007519407,0.0075327586,0.007437704,0.007530896,0.007445095,0.0075670015,0.0074706953,0.007463513,0.0075202268,0.0075109284,0.0074318927,0.007562069,0.007502688,0.0074893814,0.0075120907,0.0074495655,0.0074820947,0.0074819755
2014-06-18,0.009787856,0.009850917,0.009815214,0.009867413,0.0097406935,0.009852452,0.009731574,0.009865208,0.009733675,0.0097559225,0.009813784,0.009830786,0.009751035,0.00985804,0.009830562,0.009774802,0.009811563,0.009762181,0.00978115,0.009778691
2014-06-19,0.00766143,0.007703079,0.0076778065,0.0076424014,0.0075661372,0.0076752286,0.007621823,0.007720692,0.007609172,0.0075775366,0.007674603,0.0077087563,0.00761318,0.007715864,0.0076984,0.007632686,0.0076495837,0.007583974,0.0076530706,0.0076475274
2014-06-20,0.007330401,0.007392181,0.00735995,0.007247893,0.007300092,0.0073441844,0.007330997,0.007407738,0.007272361,0.0072997343,0.0073574763,0.007318018,0.0073104333,0.0074014943,0.0073262136,0.007274924,0.007319404,0.007308943,0.0073396396,0.0073485803
2014-06-23,0.006656958,0.00670789,0.0066800844,0.006593792,0.006610481,0.0066786837,0.006623013,0.0067305844,0.006604029,0.0066178124,0.0066871773,0.006640671,0.006671829,0.0067239087,0.0066417437,0.00667092,0.006648002,0.006625382,0.0066467505,0.0066681635
2014-06-24,0.006392775,0.006424172,0.0064084064,0.006327344,0.006307183,0.006392507,0.0063323956,0.0064453017,0.0063290577,0.0062960666,0.006407289,0.006315602,0.0063812416,0.0064444225,0.0063714217,0.006368546,0.00637999,0.0063226055,0.006369395,0.0063983183
2014-06-25,0.0074964743,0.007553814,0.0075190347,0.0073865484,0.0074273776,0.007491825,0.007472841,0.0075554233,0.00746323,0.007463826,0.0075179767,0.007483689,0.0074777734,0.007555036,0.007484434,0.007517455,0.0074845236,0.0074750017,0.0074912887,0.00751294
2014-06-26,0.007505683,0.007560311,0.0075280797,0.0073676985,0.007419182,0.0074752998,0.007506637,0.0075612497,0.0074738543,0.0075145643,0.007530866,0.007489262,0.007456688,0.007566778,0.0074888747,0.007495014,0.007506339,0.007491721,0.0075225662,0.0075246375
2014-06-27,0.008297397,0.008367283,0.008326439,0.008158339,0.008226274,0.008278562,0.008286459,0.008367164,0.008242188,0.008313326,0.008337451,0.008264301,0.008262528,0.0083639305,0.008286564,0.0082122665,0.008298991,0.008230044,0.008304818,0.008318661
2014-06-30,0.005491523,0.0055785608,0.0055389684,0.0055388194,0.005428819,0.005490167,0.0055149626,0.005576862,0.0054369997,0.0054871123,0.005540861,0.0054811966,0.005264474,0.00557415,0.005534215,0.0054924022,0.0054846983,0.0054255705,0.005505262,0.0055588614
2014-07-01,0.007509915,0.0075612646,0.00752203,0.0075535458,0.0074293893,0.007480366,0.0075125676,0.0075614285,0.007462455,0.007493479,0.0075208675,0.0074611437,0.0072532576,0.0075594317,0.0075386,0.0075416993,0.0074768346,0.007418109,0.0075017493,0.0075594913
2014-07-02,0.0065252613,0.006576998,0.0065443646,0.0065605026,0.0064364057,0.0064810943,0.0064825397,0.006580217,0.0064534526,0.0065067243,0.006544901,0.006490616,0.006442232,0.0065778475,0.0064806473,0.006504668,0.0064824205,0.0064171534,0.0065283906,0.0065240543
2014-07-03,0.007511301,0.007560281,0.007504193,0.0075344723,0.00739686,0.00746016,0.0074628424,0.007560445,0.0074658226,0.0075246077,0.007521389,0.007509796,0.0075020622,0.007555304,0.0074967425,0.007535694,0.0074791294,0.007389007,0.0075272005,0.0074995738
2014-07-07,0.0075297486,0.007560266,0.0074946564,0.0076036733,0.0073956978,0.0074602347,0.0075041186,0.0075644236,0.0074613225,0.00748509,0.007522283,0.0075213294,0.00749035,0.0075608175,0.007546304,0.0074834954,0.007461233,0.0074074846,0.007522149,0.0075520407
2014-07-08,0.0074961614,0.0075615626,0.007490946,0.007600425,0.007467134,0.0075281244,0.0074970555,0.0075659435,0.007451428,0.007426722,0.0075250845,0.00750011,0.007488353,0.007560579,0.0075387787,0.0075695794,0.0074765366,0.0074136388,0.0075074416,0.0075499695
2014-07-09,0.0073354375,0.007385997,0.0073200744,0.0073835384,0.0073075723,0.0073357653,0.007348327,0.007384477,0.00728531,0.007333083,0.0073434096,0.0073263925,0.007044656,0.0073827785,0.007359473,0.007273106,0.0073226374,0.0072479527,0.0073514115,0.0073737483
2014-07-10,0.009203328,0.009237407,0.009173764,0.009250877,0.009167654,0.009187115,0.009207947,0.00923836,0.009138329,0.009215875,0.009197755,0.009185625,0.008878989,0.009237019,0.00921808,0.009093432,0.009185968,0.009102,0.009213744,0.009222684
2014-07-11,0.007550774,0.007568283,0.007508157,0.007503627,0.0074296873,0.0074632894,0.007477237,0.007565407,0.007472081,0.0075294804,0.0075247567,0.007529868,0.0074730497,0.0075635444,0.0074943136,0.0074086916,0.0075111073,0.0074168127,0.0074978005,0.007503135
2014-07-14,0.00433336,0.0043620747,0.0043022167,0.0043563675,0.0042021107,0.004270939,0.0043286067,0.0043590646,0.004246561,0.004330514,0.0043185037,0.004310278,0.004011018,0.004358871,0.004336251,0.00432056,0.0042933803,0.0042001586,0.0043277126,0.0043424796
2014-07-15,0.0075466465,0.0075653177,0.0074991416,0.007523788,0.007434575,0.0074726623,0.007519854,0.007544441,0.0074557047,0.0075219404,0.007513089,0.0074967574,0.0074934345,0.0075547975,0.0075499546,0.00753404,0.007496802,0.007429255,0.007514132,0.0075582396
2014-07-16,0.0075290482,0.0075694304,0.0074933004,0.007595597,0.0074231755,0.00753933,0.0075632613,0.0075593125,0.0074541997,0.007549612,0.0075134616,0.0075131487,0.007236911,0.0075606536,0.007590113,0.0075517874,0.00749941,0.00742398,0.0075600874,0.007597251
2014-07-17,0.007533727,0.007559521,0.007495297,0.00750692,0.00746095,0.007491363,0.007490335,0.0075561535,0.0074707996,0.007554082,0.0075114947,0.00750771,0.0074684303,0.0075576585,0.0074907374,0.0075544994,0.007502405,0.007472707,0.0074649435,0.007489143
2014-07-18,0.0064544063,0.006527884,0.0064495336,0.006492419,0.0063838046,0.0064182263,0.006467579,0.0065191966,0.0063925963,0.006503312,0.0064721983,0.006454183,0.0064148884,0.0065185707,0.006483732,0.0065243673,0.0064610373,0.0063907485,0.006451769,0.006484596
2014-07-21,0.00577393,0.0058486443,0.0057661366,0.0058103185,0.005763335,0.0057334285,0.0057494324,0.0058407914,0.0057102125,0.00581762,0.005791245,0.005767895,0.0057368707,0.005837394,0.0057554375,0.0058484357,0.005768506,0.005752502,0.005777536,0.0057575535
2014-07-22,0.0075084697,0.007571442,0.0074973386,0.0075771194,0.00742705,0.007474778,0.007509662,0.0075686406,0.007456405,0.007546393,0.007523356,0.007530717,0.007456271,0.007564662,0.0075367223,0.007575808,0.0074970108,0.0074551534,0.0075041484,0.007498322
2014-07-23,0.008233471,0.00830215,0.008226154,0.008253364,0.0082210135,0.008195622,0.008221222,0.008291138,0.008180914,0.008273063,0.00824949,0.008239431,0.008252798,0.008288203,0.008225156,0.008300988,0.008216588,0.008213846,0.0082044285,0.008192493
2014-07-24,0.0075139385,0.0075734537,0.007495312,0.0075312834,0.0074061286,0.007460473,0.007491721,0.0075649004,0.0074544083,0.0075423997,0.007517902,0.007523088,0.0074599963,0.0075617563,0.007496683,0.007571159,0.0074973237,0.007429881,0.007468922,0.0074822735
2014-07-25,0.0073352586,0.0073809605,0.007313369,0.0073877405,0.0072001945,0.0072648656,0.0073129665,0.007373495,0.0072681736,0.0073617827,0.007332338,0.007332353,0.0072683226,0.007372109,0.0073084217,0.007378904,0.0073282104,0.0072525274,0.007284267,0.007311223
2014-07-28,0.007512821,0.0075745266,0.007501809,0.007524295,0.0074192714,0.0074605476,0.007500304,0.0075672697,0.0074690115,0.0075475853,0.0075238477,0.007525606,0.0074702334,0.007563485,0.007503731,0.0075743925,0.0075039994,0.0074412953,0.00746469,0.0074917655
2014-07-29,0.0075199734,0.0075610112,0.0075003337,0.0074970406,0.007425038,0.0074605625,0.0074821245,0.007566197,0.007448299,0.007545067,0.0075181257,0.0075145196,0.0074717384,0.0075611603,0.007490484,0.007568864,0.0075183194,0.0074518155,0.007487653,0.007497741
2014-07-30,0.006380705,0.006435884,0.006374119,0.0063830595,0.0062616,0.006326018,0.006334437,0.006432114,0.006325988,0.0064222347,0.006385429,0.006394593,0.0063022207,0.006428657,0.0063643586,0.006437717,0.0063793045,0.006274907,0.006338207,0.006356595
2014-07-31,-0.00014303811,-9.969063e-05,-0.00015984662,-0.00018970855,-0.0002570022,-0.00020744093,-0.00019590743,-9.688921e-05,-0.00021775253,-0.0001031328,-0.00014269538,-0.00013160892,-0.00021195598,-9.964593e-05,-0.00017216988,-9.7678974e-05,-0.00013703294,-0.00023439713,-0.00019490905,-0.00016823597
2014-08-01,0.0075135063,0.0075617116,0.0075041186,0.0075253975,0.007450117,0.0074605774,0.007479368,0.0075697284,0.0074513834,0.007554887,0.0075212102,0.007548569,0.0074844193,0.007564826,0.0074982475,0.0075692814,0.0075314622,0.007452978,0.0074587595,0.0074786227
2014-08-04,0.007260887,0.007309286,0.00725287,0.0072683673,0.0071914475,0.0072102677,0.00717072,0.0073174965,0.007206006,0.007248191,0.0072664153,0.0072757434,0.007214455,0.0073092263,0.007224826,0.007317109,0.0072865915,0.007209746,0.0071831625,0.007199971
2014-08-05,0.00750771,0.0075704884,0.00749865,0.007529406,0.0074883383,0.007460607,0.007455183,0.00756876,0.00743757,0.007478891,0.007513387,0.0075252336,0.0075000506,0.0075584333,0.007495625,0.007569207,0.007536931,0.007483868,0.007417692,0.0074681025
2014-08-06,0.007532118,0.0075665545,0.007519571,0.0075300913,0.0074772667,0.007460637,0.0074789356,0.0075685363,0.0074575525,0.007507948,0.0075145047,0.007544739,0.0075196307,0.007561831,0.0074907076,0.007560326,0.00752349,0.007509349,0.0074515026,0.0074688327
2014-08-07,0.007250948,0.0073007327,0.0072576087,0.007309554,0.007216839,0.0071991812,0.0072404575,0.007307319,0.0071759652,0.00727549,0.007254107,0.0072830003,0.007251857,0.0073019546,0.00723402,0.007293416,0.007278396,0.007221801,0.007190762,0.007212905
2014-08-08,0.00751525,0.007558344,0.007510258,0.00756651,0.007452948,0.0074606817,0.0074676257,0.0075653326,0.0074483436,0.007491393,0.00750993,0.0075434577,0.0074833613,0.007562233,0.007473929,0.0075539183,0.0075190645,0.0074638557,0.0074613374,0.0074549895
2014-08-11,0.007526217,0.007561831,0.0074947607,0.007571442,0.0074774306,0.0074606817,0.0075058024,0.00756274,0.0074325334,0.0074558537,0.007510511,0.0075481217,0.007520659,0.00756195,0.007485343,0.0075606387,0.0075324755,0.007492183,0.0074653607,0.0074786674
2014-08-12,0.0075377803,0.0075496417,0.007532401,0.0075727236,0.007497905,0.0074606817,0.007505743,0.0075624567,0.0074442755,0.00752124,0.0075119715,0.0075412076,0.007544143,0.0075617414,0.007485239,0.0075610857,0.0075359326,0.007498307,0.0074519496,0.0074784737
2014-08-13,0.0090789925,0.009099839,0.009031413,0.009119002,0.009060962,0.0090013575,0.009049116,0.009110702,0.008977978,0.009090213,0.0090578925,0.009098632,0.009021549,0.009110866,0.009037672,0.009105204,0.009082822,0.009026064,0.009015454,0.009013085
2014-08-14,0.009751378,0.00976078,0.009731231,0.009782357,0.009661822,0.0096703,0.00968097,0.009771375,0.009656562,0.009739054,0.009720413,0.009754999,0.009675277,0.009772895,0.009682907,0.009771375,0.009748189,0.009649767,0.009704648,0.009656979
2014-08-15,0.007542802,0.0075585525,0.0074803215,0.007572813,0.0074804407,0.0074602496,0.0074911397,0.007565556,0.0074908417,0.007526515,0.0075172763,0.007548211,0.007512359,0.0075638276,0.0075044017,0.007563172,0.0075374823,0.0074845087,0.0075002294,0.0075056385
2014-08-18,0.0075504314,0.0075544547,0.0074741077,0.0075738262,0.0075006913,0.007460458,0.0074932557,0.007567851,0.0074676704,0.0075323265,0.0075151306,0.0075410437,0.0075161736,0.0075657945,0.0075011384,0.007555185,0.0075395387,0.0074824523,0.0074937027,0.007508872
2014-08-19,0.0075423997,0.007560311,0.007460473,0.007575242,0.0074596833,0.007460369,0.007496221,0.0075671207,0.007478131,0.0075294655,0.007519422,0.0075421166,0.007501824,0.0075680595,0.007507546,0.00756122,0.007542057,0.0074795615,0.0074894708,0.007426275
2014-08-20,0.007818906,0.007831259,0.0077495854,0.0078532975,0.007792769,0.0077357274,0.00777453,0.00784695,0.007767109,0.0078134965,0.0078015905,0.00783111,0.007796956,0.007845072,0.0077894907,0.007839752,0.007821916,0.007800145,0.007795511,0.007746188
2014-08-21,0.004614113,0.0046451073,0.0045389514,0.0046562534,0.0045826714,0.004539443,0.0045598876,0.0046501737,0.0045567434,0.004598854,0.004606141,0.0046360623,0.0045900475,0.0046458673,0.00459644,0.0046440344,0.00462055,0.0045928787,0.004534809,0.004569648
2014-08-22,-0.0009473432,-0.00091201253,-0.0010212976,-0.00090439804,-0.0010300148,-0.0010207463,-0.0009863544,-0.0009105522,-0.001041757,-0.0009916592,-0.0009567756,-0.0010059793,-0.00097021647,-0.0009117741,-0.0009834189,-0.00091743656,-0.0009477753,-0.0010018963,-0.0010851342,-0.0010696221
2014-08-25,0.0084958505,0.008527217,0.008422969,0.00853516,0.008452712,0.008423446,0.008463515,0.008528559,0.008421285,0.008478714,0.008489279,0.008430971,0.008494226,0.008525131,0.008468745,0.008522583,0.008497698,0.008455722,0.0083731245,0.008387325
2014-08-26,0.0075317603,0.007566048,0.007460205,0.0075764637,0.007495148,0.0074606817,0.0074899476,0.0075643044,0.007491512,0.0075395685,0.007531492,0.007459609,0.007403923,0.0075664204,0.007507561,0.0075575244,0.007542772,0.007539643,0.007465644,0.007434992
2014-08-27,0.0040150266,0.004048122,0.003935544,0.004052071,0.00395572,0.0039288234,0.00396627,0.004046647,0.003924025,0.0040009897,0.004004849,0.0039906185,0.003978951,0.0040438157,0.0039810073,0.0040358882,0.004015861,0.003974391,0.0038803201,0.0039630663
2014-08-28,0.008531494,0.008566601,0.008459909,0.008572249,0.008464439,0.008459119,0.008488802,0.008560969,0.008443801,0.008513777,0.008523105,0.008522002,0.008478774,0.008563457,0.008489413,0.008548288,0.008537946,0.008485166,0.008405952,0.008473588
2014-08-29,0.009557111,0.009584812,0.0094843935,0.009597493,0.009500427,0.009484453,0.0095083695,0.009591443,0.009478686,0.009556694,0.009544535,0.00956939,0.009505881,0.009586407,0.009516714,0.0095703285,0.009563966,0.009522973,0.009520574,0.009509234
2014-09-02,0.007532088,0.0075599384,0.0074602943,0.007572068,0.007498963,0.007460473,0.007551564,0.0075668674,0.007468803,0.00753936,0.0075189304,0.0076007675,0.007231934,0.007565124,0.007544486,0.007553665,0.007536007,0.0075352173,0.00751449,0.0075062197
2014-09-03,0.0075335186,0.007561831,0.007460309,0.007571889,0.0074678045,0.0074603986,0.0075513255,0.0075719934,0.007453231,0.0075476,0.0075219553,0.007607622,0.007205842,0.0075665247,0.007543428,0.007553218,0.007536618,0.007534204,0.0075276326,0.00752881
2014-09-04,0.00750695,0.0075579863,0.00749488,0.0075642597,0.007427899,0.007460637,0.0074769687,0.0075612795,0.007438956,0.007529078,0.007513879,0.007550014,0.007452173,0.007558627,0.0074837785,0.00754766,0.0075346213,0.007449312,0.0075039547,0.007467
2014-09-05,0.0075273644,0.0075636934,0.0074611288,0.0075700413,0.0074676108,0.007460652,0.007472871,0.00757177,0.007431684,0.0075369906,0.0075187963,0.0075401943,0.0074637663,0.007565869,0.007490186,0.0075585973,0.007533906,0.0074263494,0.0074757617,0.007497279
2014-09-08,0.0073978137,0.0074226987,0.007372869,0.0074376,0.0074052196,0.007334573,0.0074717235,0.007441176,0.00731924,0.0074147265,0.007391734,0.0074648988,0.0071054976,0.0074376445,0.007462604,0.0074353497,0.0074084383,0.0073545706,0.007412566,0.007435305
2014-09-09,0.00752203,0.0075515937,0.007461695,0.0075700264,0.0075124335,0.0074606817,0.007578699,0.007572083,0.0074402075,0.0075484496,0.007525457,0.0075968336,0.0072335284,0.0075661372,0.007585166,0.007556064,0.0075356048,0.0074660014,0.0075415056,0.00757551
2014-09-10,0.008172004,0.008186026,0.00810991,0.008204905,0.008130355,0.008097319,0.0081688445,0.008207036,0.008148355,0.008182881,0.008154867,0.008189512,0.007845355,0.008200018,0.008124543,0.00819294,0.008168099,0.0080658775,0.008170394,0.008153899
2014-09-11,0.0042051505,0.0042161774,0.0041252356,0.004230289,0.0041537117,0.0041257124,0.004207356,0.0042357426,0.0041813087,0.0042172056,0.0041808914,0.004215045,0.0038838368,0.0042293053,0.0041590016,0.004224656,0.0041860472,0.004192574,0.004192723,0.0041812193
2014-09-12,0.0068834256,0.006900994,0.006847514,0.0069203507,0.0068567973,0.006819172,0.006970806,0.0069279205,0.006869061,0.0068575125,0.0068767797,0.00691746,0.006601317,0.006923018,0.0068909805,0.0069080424,0.0068870913,0.006878061,0.0069182348,0.0069122743
2014-09-15,0.0075128656,0.007561682,0.007474391,0.0075549316,0.0074456614,0.0074606817,0.0076014977,0.0075637978,0.0075104665,0.0074595045,0.0075130444,0.0074893367,0.0072458517,0.0075591337,0.007533608,0.0075535905,0.0075258743,0.0074837487,0.007511763,0.007525159
2014-09-16,0.007516546,0.007558046,0.0074976515,0.007555632,0.0074992906,0.0074606817,0.00750993,0.00756344,0.007502256,0.0074688178,0.007514907,0.007542206,0.0074888896,0.007559402,0.007492764,0.0075536054,0.00752574,0.0074768495,0.0074527394,0.007503597
2014-09-17,0.006609587,0.006622998,0.0066105407,0.006635217,0.0065467935,0.0065326076,0.0065920632,0.0066416394,0.006627409,0.006567402,0.0065940004,0.006704269,0.0063144844,0.0066361707,0.006580455,0.006632788,0.0066066813,0.0066182297,0.006546868,0.0066609513
2014-09-18,0.0071350466,0.0071536135,0.0071514826,0.007148294,0.007051287,0.0070640724,0.007151438,0.007163061,0.007149456,0.0071136635,0.0071190875,0.007231025,0.0068359207,0.00715944,0.0070978086,0.0071504544,0.007118566,0.007144464,0.007086603,0.0072186273
2014-09-19,0.0040154886,0.0040566605,0.003960071,0.004044501,0.003926931,0.0039623063,0.0040215086,0.004050879,0.00401075,0.003962783,0.004006041,0.004051177,0.003984688,0.0040416103,0.003993122,0.004049657,0.0040044617,0.003961308,0.003973795,0.0040468704
2014-09-22,0.007092936,0.0071130674,0.007041348,0.0071080606,0.006971536,0.007015018,0.0070219766,0.007114349,0.0070470404,0.0070852917,0.0070693623,0.007123871,0.00702372,0.0071109515,0.007051317,0.007109059,0.0070729833,0.0069609564,0.0070381444,0.007069586
2014-09-23,0.006909756,0.0068605077,0.0068187844,0.0068577956,0.006751595,0.0067830067,0.006759478,0.0069380235,0.006848274,0.006844623,0.0068231355,0.0069972705,0.006535856,0.0068642776,0.006797282,0.0069044214,0.0067791473,0.0067741703,0.006775303,0.0068773758
2014-09-24,0.0070829373,0.0070613157,0.007071642,0.00709079,0.0070010703,0.0070242267,0.0069853496,0.007101251,0.007034762,0.007073311,0.0070471596,0.007147668,0.007018728,0.0070913117,0.0070233475,0.0070817005,0.007000847,0.0070319753,0.006977631,0.0070966166
2014-09-25,0.004260285,0.004249586,0.0042086374,0.0042865407,0.004181264,0.0042047184,0.0041748714,0.00429116,0.0041924994,0.004270522,0.004239885,0.0042947214,0.0041835587,0.00427985,0.0042116176,0.004277317,0.0041908007,0.004157586,0.004186107,0.00423239
2014-09-26,0.007541461,0.0075183194,0.0075033437,0.0075710546,0.007482318,0.0074991267,0.0074606817,0.0076339673,0.007520495,0.0075455736,0.0075233113,0.0076450836,0.007205216,0.007564692,0.007494567,0.0076131653,0.0075404476,0.007477043,0.0074508023,0.007504521
2014-09-29,0.007575227,0.0075430702,0.0074866544,0.0075650346,0.0074509066,0.00748053,0.00745645,0.0076132696,0.0075181853,0.0075267088,0.0075205844,0.00762072,0.007497994,0.0075655114,0.0075056385,0.007594062,0.007463975,0.0074124318,0.0074574035,0.00750312
2014-09-30,0.0075300466,0.0075196456,0.0074304026,0.007570399,0.007490305,0.0074678045,0.007426573,0.0075683575,0.0074542444,0.007504983,0.0075201374,0.007568611,0.00746697,0.007556511,0.007484747,0.007548837,0.0074613374,0.007458521,0.007410003,0.0075239222
2014-10-01,0.0075183045,0.0075328182,0.0074059796,0.007569475,0.007429732,0.007467417,0.0074189287,0.0075722616,0.007470904,0.007461248,0.0075184386,0.007571144,0.007463781,0.007560132,0.0074922424,0.0075546335,0.0074617993,0.0074205827,0.007386161,0.0075243544
2014-10-02,0.008262916,0.008245138,0.00821246,0.008306546,0.00814916,0.008209197,0.008186517,0.008340297,0.008235602,0.008204801,0.008254586,0.008349372,0.008211641,0.008296458,0.008229939,0.008319942,0.008228762,0.008131234,0.008187471,0.008240161
2014-10-03,0.0075650048,0.0074809175,0.00742252,0.0075650197,0.007404266,0.007466851,0.007411955,0.007627545,0.007512359,0.0074625593,0.0075118523,0.0076286625,0.0072003733,0.0075560343,0.00749865,0.0076043736,0.007510511,0.0074051153,0.007398231,0.007510362
2014-10-06,0.007890103,0.007833568,0.0077537727,0.007864891,0.007684691,0.007763041,0.0077385586,0.00792682,0.007817669,0.0077662896,0.0078118276,0.007920323,0.007504208,0.007859437,0.007798208,0.0079045575,0.0078156125,0.007710425,0.007754458,0.0078136455
2014-10-07,0.0075391363,0.0074931514,0.0074387025,0.0075632166,0.007394178,0.0074652564,0.0074198525,0.0075687896,0.0074812304,0.0074762832,0.0075131785,0.0075659137,0.0074742567,0.007560877,0.0075122993,0.0075550955,0.007515503,0.0074135195,0.007420091,0.0075029563
2014-10-08,0.007600708,0.007535843,0.0075078886,0.007562889,0.0073982608,0.0074693095,0.00745414,0.007633982,0.00750844,0.007466091,0.007513849,0.0076019447,0.0072128307,0.0075599384,0.0074965637,0.0076099467,0.0075138193,0.007400034,0.007452784,0.007521374
2014-10-09,0.0034726094,0.0033355486,0.0033454876,0.0033947658,0.0032194238,0.0032941233,0.0032912623,0.0035080444,0.0033527147,0.003269298,0.0033406448,0.0034550559,0.0030692797,0.0033875387,0.003289042,0.003470851,0.0033593308,0.0032292139,0.0032984298,0.0033335816
2014-10-10,0.007529987,0.0074751507,0.0074290317,0.007497711,0.0073669683,0.007411612,0.007406844,0.007611079,0.0074677,0.0074121933,0.0074468832,0.0075975936,0.0071674567,0.0074910503,0.007411925,0.007574586,0.00747603,0.007370947,0.0073930155,0.007431535
2014-10-13,0.0038137864,0.0038061868,0.0037485044,0.0038301628,0.0036754292,0.0037307125,0.0037290882,0.0038303416,0.0037186574,0.0037332904,0.00377859,0.0038274806,0.003743915,0.0038230699,0.003737254,0.0038146358,0.0037957113,0.0036647748,0.0037284177,0.0037641805
2014-10-14,0.007589875,0.0075484198,0.00749412,0.0075705927,0.007414831,0.0074724685,0.007470457,0.007677449,0.007545201,0.0075478237,0.007517157,0.0076761376,0.0072446894,0.007563157,0.007483272,0.007585494,0.0075429063,0.007400183,0.0074597728,0.007509215
2014-10-15,0.007589383,0.007552935,0.007484881,0.0075729173,0.0074068885,0.007471202,0.007466508,0.007678328,0.0075502824,0.0075350683,0.0075214487,0.0076874923,0.0072428565,0.0075665247,0.007479055,0.0075898897,0.007544024,0.0073969793,0.007460011,0.00750312
2014-10-16,0.007556943,0.007553367,0.0074629467,0.007573722,0.007443888,0.0075120013,0.0074718874,0.0076713096,0.007555945,0.007553933,0.0075133126,0.0076883417,0.0072453897,0.0075620245,0.007487474,0.0075793993,0.007565288,0.0074194353,0.0074739736,0.007499663
2014-10-17,0.007428406,0.007414235,0.0072993618,0.007446466,0.0073512476,0.0073824506,0.0073508453,0.0075014215,0.007390363,0.007433338,0.0073820185,0.007513551,0.007091252,0.0074329656,0.0073471796,0.0074125063,0.0074174386,0.0073297303,0.0073515456,0.0073797386
2014-10-20,0.0071118455,0.007098792,0.007030202,0.0071343314,0.007040648,0.007073952,0.0070532393,0.0072389226,0.007124288,0.007198347,0.007070316,0.007247044,0.0068086665,0.0071204733,0.007036118,0.007101355,0.0071268063,0.0070324223,0.0070396643,0.0070620608
2014-10-21,0.007545186,0.0075487327,0.0074498933,0.007575555,0.007479785,0.0074890535,0.0074766856,0.0076019447,0.0075107347,0.0075622927,0.0075086933,0.0076161604,0.0075065326,0.0075583737,0.007478548,0.0075448137,0.007559983,0.0074756127,0.007480232,0.007512672
2014-10-22,0.0059262197,0.0059419554,0.0059074443,0.005962996,0.0058684777,0.005886672,0.0058526825,0.006053878,0.0059404206,0.006004719,0.0058961343,0.0060682725,0.0056352597,0.005941702,0.005840538,0.0059256386,0.005953787,0.005854873,0.0058916938,0.0058908295
2014-10-23,0.0055307876,0.0055315774,0.005459605,0.005561663,0.005443765,0.0054851454,0.005454583,0.0055927765,0.0054810625,0.0055437516,0.0054914784,0.005594669,0.0054915827,0.00554025,0.0054531377,0.00551763,0.0054814946,0.0054459255,0.005479334,0.0054884385
2014-10-24,0.0073186588,0.007321773,0.0073046666,0.007345153,0.007235525,0.007284386,0.0072427522,0.00738935,0.0072692316,0.007334767,0.0072908383,0.0073904525,0.0072776806,0.0073387157,0.0072333645,0.007318599,0.007270796,0.0072355103,0.0072654914,0.007276712
2014-10-27,0.006728096,0.006750582,0.0067244153,0.0067545157,0.0066486876,0.006706713,0.006652398,0.0068231653,0.0067086797,0.006758822,0.00670488,0.0068285447,0.0063984226,0.0067533087,0.0066515636,0.006734593,0.006731523,0.006648762,0.006673081,0.0066906344
2014-10-28,0.007545246,0.007546453,0.0075195115,0.0075603854,0.0074599218,0.007505877,0.007461814,0.0076738875,0.0075625014,0.0076255333,0.0075127017,0.0076838713,0.0072371345,0.0075604897,0.00745417,0.007543398,0.007564662,0.0074598324,0.007505296,0.007508604
2014-10-29,0.007681383,0.0076948088,0.007618366,0.0077014994,0.0075982045,0.007643832,0.0076007377,0.0077093523,0.007652743,0.007674871,0.0076576155,0.0077121537,0.0076044034,0.0077050906,0.007604895,0.0076907557,0.007601334,0.0075985324,0.0076193195,0.0076508652
2014-10-30,0.007533489,0.00755289,0.007493777,0.00755967,0.0074599367,0.007516874,0.0075160842,0.007624699,0.0075287055,0.007613359,0.007512031,0.00763808,0.0072145294,0.007559268,0.0074694436,0.007553948,0.007530315,0.0074599814,0.0074765664,0.007517336
2014-10-31,0.007903008,0.007920859,0.00785966,0.007914079,0.007818742,0.007865278,0.007821916,0.007963909,0.007893635,0.007948263,0.007872356,0.007973833,0.007857231,0.00792232,0.007822169,0.007915152,0.007852955,0.007818354,0.007827682,0.007865159
2014-11-03,0.006038038,0.006032033,0.00598727,0.006041838,0.0059420597,0.00601135,0.0059426557,0.0061564427,0.0060508978,0.0061590504,0.0060007554,0.0061717164,0.005721567,0.006048752,0.0059461426,0.006040303,0.0060462337,0.0059417617,0.0059519093,0.005993603
2014-11-04,0.00657524,0.0065903645,0.006513668,0.006574942,0.0064860117,0.006536646,0.0065511595,0.0065932255,0.006497858,0.0065999012,0.0065428447,0.006601734,0.0064897668,0.0065890085,0.006486235,0.006580306,0.0064896476,0.006485997,0.0064895283,0.00655335
2014-11-05,0.0075511914,0.007545365,0.007519556,0.007556079,0.0074592363,0.0075104516,0.007538734,0.0075954776,0.0074926596,0.0076161455,0.00751443,0.0076166224,0.00750014,0.007561831,0.0074601006,0.007551817,0.0074935686,0.007460041,0.0074825864,0.007496817
2014-11-06,0.0075585227,0.0075409394,0.007518409,0.007550163,0.0074601006,0.007512046,0.0075139683,0.0075527113,0.0074648242,0.0075645875,0.0075147282,0.0075670164,0.007462157,0.0075620245,0.0074601453,0.007545395,0.007460503,0.0074599814,0.0074608605,0.0075071733
2014-11-07,0.007866709,0.0078489315,0.007832481,0.007861821,0.007765947,0.007808594,0.007824359,0.007969273,0.007866411,0.007920174,0.007826401,0.007982446,0.007536052,0.00786872,0.0077663194,0.007914258,0.0078658,0.007766081,0.0077667963,0.00783026
2014-11-10,0.0032486748,0.003241716,0.003189234,0.0032514613,0.0031569283,0.003208978,0.0032369625,0.003322674,0.0032234173,0.0032742303,0.0032218825,0.0033230316,0.0029108506,0.0032644104,0.0031593423,0.0033134054,0.0032255035,0.0031590145,0.0031595957,0.0031939875
2014-11-11,0.0075392257,0.007523967,0.007490767,0.007563589,0.007459594,0.0075190347,0.0075456034,0.007563619,0.0074617695,0.0075773876,0.0075232964,0.0075709354,0.007478414,0.0075641703,0.0074602347,0.007551132,0.0074649584,0.0074599516,0.0074603837,0.0075000953
2014-11-12,0.0075330716,0.0075356644,0.0074967872,0.007559119,0.007459743,0.0075119417,0.0075351875,0.0075625014,0.007457299,0.0075718295,0.0075217914,0.0075704437,0.0074756276,0.0075650197,0.0074602496,0.0075460207,0.007462783,0.0074601304,0.0074603837,0.0075066667
2014-11-13,0.0075308364,0.007542638,0.007450117,0.007560862,0.0074600857,0.0075124335,0.0074774604,0.007603688,0.0074902307,0.0075745415,0.007518245,0.0076158624,0.0074980985,0.0075612795,0.0074602943,0.007585643,0.007550521,0.0074601453,0.007460354,0.00749634
2014-11-14,0.007529555,0.0075508635,0.0075431447,0.0075558405,0.007459713,0.0075069945,0.0074755084,0.007609574,0.0074916016,0.0075726938,0.007523803,0.0076125246,0.00749187,0.0075666886,0.0074602496,0.0075891595,0.0075459164,0.0074599367,0.007460369,0.0075051617
2014-11-17,0.0075299423,0.007550625,0.0075454544,0.0075605493,0.007457612,0.0075044315,0.0075341295,0.007567374,0.0074587744,0.0075726938,0.0075228196,0.007565273,0.007463379,0.0075683426,0.0074602645,0.0075484496,0.0075177085,0.007460026,0.007459743,0.0075119864
2014-11-18,0.007545231,0.007567374,0.007536007,0.007626949,0.0074591916,0.0075146984,0.0075404923,0.007627083,0.007528497,0.007571904,0.0075240415,0.0076333713,0.0072016846,0.007568745,0.007460339,0.007544888,0.0075282287,0.007460071,0.007459862,0.0075115096
2014-11-19,0.007527156,0.007548524,0.0075383764,0.0075697135,0.00745943,0.0075163078,0.007525755,0.0075694006,0.007467119,0.0075724553,0.007535247,0.007572634,0.007471187,0.0075700562,0.007460339,0.007548539,0.0075282436,0.007460026,0.007459907,0.0075084995
2014-11-20,0.010956107,0.010916932,0.010880498,0.010918615,0.010817481,0.01087643,0.010887532,0.010982422,0.010883031,0.010926364,0.010887114,0.010995029,0.010564266,0.010923294,0.010817809,0.010894729,0.010896383,0.010817362,0.010816975,0.010868488
2014-11-21,0.0075395238,0.007567046,0.0075120013,0.00756271,0.007459892,0.0075155925,0.00753933,0.0076197963,0.0075314175,0.007637454,0.007531164,0.007638676,0.0072098654,0.0075656306,0.007460354,0.00753708,0.007537959,0.0074601453,0.007459281,0.0075111818
2014-11-24,0.0075466614,0.0075640064,0.0075443815,0.0076086503,0.007473318,0.007535888,0.0075281095,0.0076154154,0.007507099,0.0075764786,0.007540969,0.007625742,0.007512061,0.0075758826,0.0074739587,0.0075469743,0.0075324457,0.0074737053,0.0074732285,0.007520629
2014-11-25,0.007523386,0.007552175,0.00752349,0.007555334,0.007460041,0.0075156223,0.007529391,0.0075626504,0.007457165,0.0075642746,0.0075311046,0.0075674336,0.0074742716,0.007560743,0.0074604135,0.007535694,0.0075128656,0.0074602347,0.007459445,0.0075084697
2014-11-26,0.005400149,0.005384622,0.0053450298,0.005387945,0.0052865725,0.005388854,0.005367143,0.0054929387,0.0053921323,0.0053991806,0.0053533446,0.005505262,0.0050616395,0.0053891223,0.0052868705,0.005362613,0.0053893607,0.0052866917,0.0052856486,0.0053448062
2014-11-28,0.007522894,0.0075531285,0.007519467,0.0075590294,0.007460339,0.007518394,0.007534219,0.007600872,0.007496042,0.0076110344,0.0075268727,0.0076127183,0.007498754,0.0075627845,0.0074604433,0.007538719,0.0075422507,0.0074602794,0.0074584316,0.0075066667
2014-12-01,0.0075193923,0.0075351726,0.007533623,0.0075581204,0.0074599218,0.0075098705,0.007534994,0.007631419,0.0075282287,0.007631911,0.0075285416,0.00763355,0.007208271,0.0075665843,0.0074603986,0.0075453203,0.007532401,0.0074602794,0.007459147,0.0075051766
2014-12-02,0.00752276,0.007554246,0.0075287204,0.0075493585,0.007460324,0.0075050127,0.0075211357,0.007566182,0.0074641984,0.007563887,0.007522924,0.0075703096,0.0074679833,0.0075621884,0.0074605625,0.0075483453,0.007501794,0.0074604135,0.0074739736,0.007506488
2014-12-03,0.0075225662,0.0075589996,0.007529868,0.007546885,0.0074602347,0.0075645577,0.0075376164,0.007602645,0.007494254,0.007568611,0.0075224917,0.0076092314,0.0074884724,0.0075584035,0.0074605774,0.007547153,0.0075153243,0.0074598473,0.0074482393,0.00749938
2014-12-04,0.0067308974,0.0067587327,0.006737305,0.006762026,0.0066740494,0.0067180973,0.0067605656,0.0067711007,0.0066704284,0.0067847054,0.006735323,0.00678101,0.0066565704,0.006775452,0.0066741537,0.0067542177,0.006706355,0.0066740494,0.0066799354,0.006723581
2014-12-05,0.0048030745,0.0048270803,0.004795609,0.0048908126,0.004745437,0.004786132,0.004821731,0.004935069,0.004837839,0.0048962813,0.0048031937,0.004935054,0.004516883,0.004846586,0.004745705,0.0048269313,0.004835276,0.0047457796,0.0047429483,0.004792733
2014-12-08,0.0075101536,0.0075525176,0.007523386,0.0075460505,0.0074603837,0.0074917804,0.0075214934,0.0075594466,0.0074615907,0.0075572114,0.0075098407,0.007541878,0.007471977,0.007556079,0.007460607,0.0075338166,0.0074893218,0.007460309,0.00748202,0.007505445
2014-12-09,0.0075155925,0.007556392,0.0075182747,0.0075962525,0.0074603837,0.007484941,0.007524742,0.0076170396,0.0075225066,0.0076187234,0.0075175446,0.0075155776,0.0072073173,0.0075542163,0.0074826907,0.007526843,0.0075276177,0.007460071,0.007488964,0.007510407
2014-12-10,0.005017845,0.0050602388,0.005027486,0.005087821,0.004969178,0.0050045084,0.005047111,0.0050630104,0.0049841385,0.0050679725,0.0050202142,0.0050557684,0.004983632,0.0050658863,0.004979519,0.0050305706,0.005005492,0.0049689543,0.004995508,0.0050215404
2014-12-11,0.0063974243,0.00643271,0.006392507,0.0064864736,0.0063451957,0.00636941,0.0064186435,0.0064766984,0.0063945036,0.006445227,0.0063904505,0.0064674,0.0063836407,0.0064379107,0.0063578915,0.0064085107,0.0064257514,0.0063451063,0.006384356,0.006383313
2014-12-12,0.0056474637,0.005680291,0.0056774747,0.0056723785,0.00560054,0.0056307,0.0056843143,0.0056945067,0.0056325477,0.005707754,0.005653424,0.0056039523,0.0055935215,0.0056996923,0.0056227427,0.005659489,0.005641727,0.0056002866,0.0056527387,0.0056389254
2014-12-15,0.0062992405,0.0063304286,0.0063213687,0.0063599925,0.006239323,0.006272329,0.006324915,0.006379349,0.0062333923,0.0063935053,0.0062904637,0.0062241983,0.0062640887,0.0063376557,0.0062897783,0.006311996,0.0063023847,0.006239189,0.0062993,0.006287126
2014-12-16,0.0075202268,0.0075481515,0.007535903,0.0075219106,0.0074604135,0.0074865054,0.0075283777,0.007551221,0.0074754786,0.007556079,0.007509915,0.0074874144,0.007458506,0.0075603705,0.007483689,0.007528795,0.0074753594,0.007460071,0.007522432,0.00749184
2014-12-17,0.0069328975,0.006952731,0.0069417786,0.007001875,0.0068679284,0.0069369357,0.006888805,0.0069617163,0.006924359,0.007022558,0.0069096964,0.0069071036,0.0066077393,0.007024167,0.0069115143,0.0069408994,0.0068794917,0.0068683755,0.006918473,0.0069047343
2014-12-18,0.0075229686,0.0075406414,0.0075348,0.007550208,0.007460354,0.0075006615,0.0074836295,0.007551713,0.007496251,0.00755067,0.007506652,0.0075019132,0.0074613225,0.0075602364,0.0075062793,0.007539643,0.0074984264,0.007460503,0.007517902,0.0074979495
2014-12-19,0.0075263362,0.00755143,0.007526187,0.0076122265,0.0074596982,0.0075183343,0.007494239,0.007621227,0.0075124484,0.00760567,0.007501928,0.0074988585,0.0072059464,0.007557763,0.007486103,0.007544322,0.0074886363,0.0074605625,0.0075135212,0.0075014513
2014-12-22,0.0061991494,0.0062147956,0.0061617475,0.006228579,0.006133152,0.0061697643,0.00615458,0.0062330645,0.0061774533,0.0062241536,0.0061746966,0.0061745327,0.0061448943,0.0062262844,0.006176872,0.006216867,0.0061375033,0.006133048,0.006172238,0.006176306
2014-12-23,0.007530166,0.007547362,0.007493822,0.0076616984,0.007460473,0.007556541,0.007480992,0.007588921,0.0075377356,0.007589711,0.007545514,0.007517336,0.0072350185,0.007580815,0.0074959677,0.0075434577,0.0074556153,0.007460473,0.007499827,0.007523833
2014-12-24,0.0033592712,0.0033901613,0.0033409428,0.0034001302,0.0033076834,0.0033415835,0.0033041965,0.00339791,0.0033522677,0.003396852,0.0033509862,0.0033789556,0.003320722,0.0033935886,0.0033422392,0.0033791494,0.003316028,0.0033079367,0.0033442508,0.003338961
2014-12-26,0.007526381,0.0075462293,0.007490812,0.007664902,0.007460056,0.007556794,0.0074754786,0.007633535,0.0075597446,0.0075941216,0.00750619,0.0075387787,0.007235838,0.007551668,0.007509632,0.007535858,0.007524861,0.0074605625,0.0075167697,0.0074993055
2014-12-29,0.0074968766,0.0075313877,0.0074943434,0.0075517874,0.0074599963,0.0074887853,0.00747451,0.0075328182,0.007501958,0.0075500887,0.007505549,0.007530568,0.00746168,0.0075501483,0.007505251,0.007528348,0.007499857,0.00746019,0.0075166207,0.0074964594
2014-12-30,0.007507963,0.0075459313,0.0075067263,0.007597221,0.007524593,0.0075293016,0.00747676,0.007542787,0.0075466465,0.0075537693,0.007550655,0.0075499993,0.0075404327,0.0075490307,0.00751148,0.007538123,0.007499067,0.007460518,0.00752124,0.0075160395
2014-12-31,0.0075072628,0.007525502,0.007494835,0.0075451564,0.007527856,0.007487444,0.007473154,0.007501034,0.007516725,0.007553367,0.007498769,0.007548241,0.007526843,0.0075482707,0.0075174104,0.0075207036,0.0074831825,0.007460354,0.007513536,0.0074855518
2015-01-02,0.00749713,0.0075371247,0.0074994545,0.007593883,0.007463796,0.0075133424,0.0074955206,0.007528929,0.007543875,0.007559506,0.007503731,0.0075584482,0.007554574,0.0075507592,0.007532386,0.007533757,0.007515548,0.007460458,0.007514892,0.0074899327
2015-01-05,0.0075001996,0.007538451,0.0075103026,0.0075440835,0.007460965,0.007474987,0.0074923914,0.00747901,0.007478101,0.007548956,0.0074897986,0.0075196605,0.0075371247,0.0075433236,0.007504044,0.0075290184,0.007457329,0.0074602645,0.007508112,0.0074964445
2015-01-06,0.007495461,0.0075447094,0.0075088274,0.007537527,0.0074750762,0.00746244,0.007445542,0.007494135,0.0074595492,0.0075510573,0.007477073,0.0074922573,0.0075688493,0.0075354706,0.007483689,0.0075382274,0.0074371677,0.007460339,0.007512776,0.007503165
2015-01-07,0.0067221206,0.006778715,0.006741641,0.006773798,0.006710021,0.00670263,0.006681947,0.0067500155,0.0067269187,0.006784601,0.006712569,0.006740717,0.006809218,0.0067744683,0.006724326,0.006764738,0.006681381,0.006695254,0.0066916626,0.006725205
2015-01-08,0.006497098,0.006535096,0.0064837467,0.0065707695,0.006449176,0.0064792614,0.0064426344,0.0065175723,0.006488679,0.0065455865,0.0064792912,0.00650513,0.0065651517,0.006534649,0.0064843874,0.006505398,0.006460486,0.0064491015,0.0064659845,0.006452946
2015-01-09,0.005509598,0.0055550765,0.0055097025,0.0055365693,0.005464552,0.005486129,0.0054848325,0.0055356603,0.005517183,0.0055643152,0.0054935645,0.005530013,0.005585192,0.005551262,0.00550854,0.005530266,0.005492745,0.005463926,0.0054531824,0.005454121
2015-01-12,0.00864063,0.008690504,0.00863017,0.008706925,0.008594854,0.008625863,0.008608548,0.008677287,0.008645294,0.008696644,0.008633731,0.00865869,0.008709295,0.008678196,0.008641733,0.008669047,0.008611141,0.008595465,0.008609934,0.008581055
2015-01-13,0.0075091254,0.007542385,0.007488815,0.007533623,0.0074603986,0.007484464,0.007491706,0.007531343,0.0074988883,0.0075584184,0.0074982177,0.0075237583,0.007553829,0.007550461,0.0074904542,0.007516263,0.0075081866,0.007460518,0.007425366,0.0074635725
2015-01-14,0.008062271,0.008101178,0.007981656,0.00806473,0.008024363,0.008029474,0.008042334,0.0080352705,0.008059872,0.008094681,0.008043466,0.008081285,0.008112369,0.00808963,0.00805868,0.008075176,0.008040709,0.0080034565,0.007973088,0.007992117
2015-01-15,0.006366236,0.006324528,0.006274475,0.0063702,0.0063214134,0.006324513,0.006340755,0.006332634,0.006365491,0.006396128,0.0063386094,0.0063875597,0.0063880812,0.006376354,0.0063792,0.006376354,0.0063299816,0.006297944,0.006293906,0.006275935
2015-01-16,0.0074945968,0.0074767005,0.0074225347,0.0075247567,0.0074500125,0.007484896,0.0075157266,0.007532222,0.007480381,0.007540671,0.007499693,0.0075125378,0.007507367,0.0075411033,0.0075323116,0.0075131487,0.007493479,0.007423563,0.007495759,0.0074495208
2015-01-20,0.008259488,0.008246539,0.0082030725,0.008307023,0.008212505,0.008250101,0.008269457,0.0083007645,0.008239759,0.008297188,0.008263705,0.008265672,0.008264286,0.008307649,0.008295877,0.008283852,0.008253766,0.00818306,0.008267267,0.008203549
2015-01-21,0.007505132,0.0075223427,0.007488979,0.007539047,0.0074824523,0.007486446,0.0075051766,0.007534383,0.007485045,0.007535247,0.0074952673,0.0074976366,0.007511167,0.0075403284,0.007533727,0.0075219255,0.007486297,0.007422982,0.007502569,0.007439656
2015-01-22,0.0068409573,0.006852461,0.0068208408,0.006857006,0.0068065654,0.0068106484,0.0068321656,0.0068638157,0.0068260413,0.0068745,0.006831048,0.0068490785,0.0068366956,0.0068743955,0.006883038,0.0068663787,0.006798355,0.0067879837,0.0068475585,0.0067988317
2015-01-23,0.0074901413,0.0075155925,0.007457195,0.0074992757,0.007462932,0.0075180065,0.0074708443,0.007536618,0.00746317,0.0075184684,0.0074907374,0.007465331,0.0075033884,0.007532729,0.00751595,0.0075106155,0.0074738096,0.0074673276,0.0074848514,0.007491259
2015-01-26,0.0074830484,0.007511614,0.00747226,0.0075193327,0.007415129,0.007482318,0.007478742,0.0075309854,0.0074709784,0.00752048,0.0074895304,0.0074727964,0.007457597,0.0075303745,0.0075233113,0.0075098705,0.0074777436,0.0074209403,0.007490514,0.0074696224
2015-01-27,0.007479517,0.0074976813,0.0074513834,0.0075076055,0.007452978,0.007461531,0.00748956,0.0075122546,0.0074730944,0.0075297784,0.0074884873,0.007476447,0.0074893218,0.0075264405,0.0075228643,0.0074916612,0.00745268,0.0074467342,0.007496236,0.0074656587
2015-01-28,0.0047666114,0.0048059653,0.004763065,0.0048368257,0.0047352742,0.0047864895,0.00481206,0.004837228,0.0047596227,0.004834218,0.0047976505,0.004755972,0.0047780257,0.0048419815,0.004833145,0.0047942232,0.0047961604,0.004730625,0.0048083346,0.0047719907
2015-01-29,0.0057679843,0.0058215093,0.0057927947,0.005838601,0.0057454687,0.005784748,0.005799262,0.005838303,0.0057658385,0.0058294367,0.005799098,0.0057599377,0.005795894,0.005841,0.005824117,0.0058151763,0.0057941508,0.005738003,0.005804224,0.005775897
2015-01-30,0.0052681994,0.005315451,0.00527036,0.0052945744,0.005235119,0.005296273,0.005281834,0.0053274464,0.005259929,0.0053239446,0.005288629,0.00526209,0.0052631926,0.0053281914,0.005302621,0.0053183716,0.0052596014,0.0052309316,0.005297197,0.005300684
2015-02-02,0.006706966,0.006747959,0.006705178,0.00672823,0.006667061,0.006730346,0.0066986512,0.0067618173,0.0066954624,0.006743012,0.006714193,0.0067077707,0.006704537,0.0067587327,0.006741984,0.006751729,0.0066947322,0.0066578966,0.006726114,0.0067135524
2015-02-03,0.007493062,0.0075423103,0.007498769,0.0075115245,0.007474808,0.0074959677,0.007471664,0.007533891,0.0074753445,0.0075157266,0.007501779,0.0074880105,0.0075114053,0.0075430255,0.0075215977,0.0075385254,0.0074623358,0.0074316245,0.007498665,0.0075344127
2015-02-04,0.0074869078,0.0075376015,0.00749336,0.007509036,0.0074737053,0.0074497294,0.00746624,0.0075220745,0.007462425,0.0075029414,0.0074941944,0.0074854027,0.007503791,0.007539941,0.007513983,0.00754006,0.0074563604,0.007419912,0.0074838977,0.0075315814
2015-02-05,0.0031914245,0.003231613,0.0031867456,0.0032303017,0.003151117,0.0032222401,0.0031695943,0.0032537263,0.0031683426,0.0032081436,0.0032079797,0.0031909328,0.0031858068,0.003252579,0.003214134,0.003257377,0.0031809937,0.0031132828,0.0031992625,0.0032021683
2015-02-06,0.0075624418,0.007588355,0.0075403135,0.007590918,0.007492153,0.007553635,0.0075267237,0.0076100063,0.007541163,0.0075688493,0.007564945,0.0075690877,0.0075252485,0.007610662,0.0075920504,0.007604031,0.007546155,0.0074742567,0.0075635444,0.0075537246
2015-02-09,0.007490052,0.0075035673,0.0074628126,0.007529972,0.007461084,0.0074892323,0.007473601,0.0075400304,0.007459281,0.0074890237,0.0074973237,0.007495327,0.0074967872,0.0075413864,0.007519318,0.0075330865,0.007483227,0.007431684,0.007493658,0.0074871164
2015-02-10,0.0074920338,0.007491423,0.007440118,0.007529689,0.0074605327,0.0074881,0.0074899327,0.007543443,0.0074664634,0.007486133,0.0075045954,0.0074876975,0.007509021,0.007545499,0.0075303745,0.0075389575,0.007482169,0.0074467342,0.0075017046,0.0074947756
2015-02-11,0.0074916314,0.007500125,0.007450534,0.007545797,0.007451592,0.0075015407,0.0074952375,0.007548047,0.007471366,0.007492153,0.0075134616,0.007493077,0.007490618,0.0075501185,0.007534964,0.0075365137,0.007501213,0.007413281,0.007513134,0.007508753
2015-02-12,0.008931709,0.008926151,0.008873297,0.0089716,0.008888228,0.008892549,0.008924304,0.008975027,0.008914618,0.008932231,0.008940188,0.008946685,0.0089321565,0.008975549,0.0089681875,0.00894819,0.008921323,0.008867426,0.008940665,0.008935733
2015-02-13,0.006441606,0.0065008085,0.006445242,0.006506441,0.0064537954,0.00642599,0.0064480584,0.006511299,0.0064233523,0.006451441,0.0064750295,0.0064525735,0.006492285,0.0065159034,0.0064838957,0.00651267,0.006456284,0.0064335894,0.006470589,0.006506009
2015-02-17,0.007486729,0.0075514894,0.007503135,0.007528348,0.007474495,0.0074672233,0.0074944478,0.007553367,0.0074669253,0.0074917953,0.0075191837,0.0075027775,0.0075119715,0.0075585525,0.0075296294,0.007558165,0.0074860137,0.0074412655,0.0075119715,0.0075409245
2015-02-18,0.007484285,0.007542787,0.0075007062,0.007542504,0.0074865054,0.007469712,0.007486729,0.0075542163,0.0074609946,0.007488979,0.007521568,0.007498948,0.007526396,0.007556258,0.007524399,0.007558046,0.00749032,0.0074557345,0.00750993,0.0075456034
2015-02-19,0.0033362042,0.0034216922,0.0033732485,0.0034185331,0.0033476036,0.0033349078,0.0033479314,0.0034246277,0.0033159684,0.0033482742,0.0033861827,0.0033380222,0.0033908915,0.0034256112,0.0033887606,0.003426103,0.0033645015,0.0033144634,0.0033773016,0.0034085792
2015-02-20,0.0074640047,0.0075547826,0.0075128507,0.0075170975,0.0074391346,0.0074599665,0.007477997,0.0075548124,0.00743307,0.0074632,0.0075168293,0.007444797,0.0075002443,0.0075507294,0.007509483,0.0075590294,0.007472394,0.0074325334,0.0074932408,0.0075311344
2015-02-23,0.007119475,0.007189436,0.007154135,0.007168634,0.0070871543,0.0071027707,0.007104216,0.0071970057,0.0070859473,0.007112963,0.0071650576,0.007097317,0.0071304273,0.0071987044,0.0071592014,0.0072007757,0.007124154,0.0070934277,0.0071417075,0.007168142
2015-02-24,0.0074896645,0.0075459313,0.0075107645,0.0075292718,0.0074318033,0.007460205,0.0074525457,0.0075538736,0.007453708,0.0074794274,0.007520644,0.007468043,0.007465763,0.007550804,0.007513849,0.007556958,0.0074786525,0.0074261855,0.00749409,0.0075099897
2015-02-25,0.0074875187,0.0075535905,0.007507546,0.0075502675,0.007420836,0.0074602645,0.0074648988,0.0075588953,0.0074588936,0.0074790698,0.0075244736,0.0074469727,0.007456539,0.00755593,0.0075231623,0.0075535756,0.007506592,0.0074127596,0.007511331,0.007502569
2015-02-26,0.00750619,0.0075463336,0.007500259,0.0075594466,0.0074518304,0.007463975,0.007482348,0.0075563025,0.0074752253,0.0074902456,0.0075250547,0.007491378,0.0074781906,0.007548405,0.007519765,0.0075404774,0.007537706,0.0074127894,0.007520048,0.0075081866
2015-02-27,0.0065703224,0.006567372,0.006553484,0.0065682065,0.0064988565,0.006505279,0.006550951,0.006611077,0.006501822,0.006528152,0.0065784883,0.006519435,0.006503625,0.0066091847,0.0065493267,0.006603224,0.0065167528,0.006451903,0.006565122,0.0065452885
2015-03-02,0.006426437,0.0064303707,0.006412251,0.0064196717,0.006365476,0.0063631367,0.006414203,0.006471051,0.0063453745,0.0063810926,0.0064361524,0.0063826125,0.0064006876,0.0064669084,0.006396828,0.0064609777,0.006367145,0.0063374024,0.006421132,0.0064013433
2015-03-03,0.007532371,0.0075403284,0.007507844,0.0075043123,0.007406352,0.0074602347,0.007485671,0.0075606387,0.007454155,0.0074838977,0.0075315516,0.0074782204,0.0074367803,0.00756569,0.0075148027,0.0075496864,0.007464094,0.007399155,0.007518349,0.0075216573
2015-03-04,0.007206006,0.0072276723,0.0071854573,0.007211102,0.007156072,0.0071429145,0.0071674865,0.0072374474,0.007158367,0.0071814638,0.0072086584,0.007179199,0.0071800184,0.00723858,0.00720088,0.007233752,0.007135911,0.007162286,0.007207779,0.007205842
2015-03-05,0.006696431,0.0067051034,0.0066732597,0.00662498,0.0066335183,0.0066169184,0.0066677164,0.006721882,0.0065914225,0.006627707,0.006690843,0.006616501,0.006662322,0.0067246985,0.006663693,0.006716503,0.006607322,0.0065895747,0.0066728573,0.006713135
2015-03-06,0.004665209,0.0046821963,0.0046431106,0.0046026986,0.004609449,0.0045861583,0.0046428572,0.00469297,0.004572181,0.0046106856,0.004654346,0.004591776,0.004648341,0.004693119,0.004638849,0.0046869647,0.0045788568,0.004565431,0.004643066,0.004669158
2015-03-09,0.006212814,0.0061974954,0.0061894935,0.0061521064,0.006148411,0.006133495,0.0061604064,0.0062365364,0.006129859,0.006168334,0.0062006097,0.006155012,0.0060854387,0.0062356275,0.0061659943,0.006223796,0.0061263572,0.0061316174,0.006188078,0.0061648022
2015-03-10,-0.0020015258,-0.0020135213,-0.0020302553,-0.0020493586,-0.0020766724,-0.002086835,-0.002065258,-0.0019780267,-0.0020973105,-0.0020546336,-0.0020190645,-0.0020624269,-0.0021297652,-0.0019833464,-0.0020463038,-0.0019872356,-0.0020482708,-0.0021217633,-0.002031969,-0.0020549912
2015-03-11,0.005628852,0.0056247544,0.005610464,0.005590616,0.00555457,0.0055482667,0.0056031924,0.005654527,0.0055507403,0.0055772197,0.0056170207,0.0055763703,0.0055733006,0.0056521427,0.005592091,0.0056416225,0.00559525,0.005495129,0.005612923,0.005595876
2015-03-12,0.0022783112,0.002270652,0.0022498649,0.0022459906,0.0021618288,0.0021953117,0.002230687,0.0023001712,0.002191646,0.0022310745,0.0022570174,0.0022273045,0.0021939408,0.0022877734,0.0022162478,0.0022882354,0.0022372734,0.0021291655,0.0022450965,0.0022377204
2015-03-13,0.007541282,0.007527126,0.0075182747,0.0074837636,0.007453246,0.0074572396,0.0074857157,0.007563023,0.0074626785,0.007490335,0.0075169187,0.0075064283,0.007421015,0.007555036,0.007480411,0.00755289,0.0074555706,0.007432325,0.007512821,0.0074940603
2015-03-16,0.0058261137,0.00582589,0.005794568,0.005786089,0.005768923,0.0057390016,0.005758105,0.0058490466,0.005753992,0.005777074,0.005799262,0.005781887,0.0057875197,0.0058394205,0.0057748687,0.00583875,0.005747674,0.005687861,0.005792616,0.0057870876
2015-03-17,0.0075440984,0.007555915,0.007515846,0.0075000506,0.007494537,0.0074605476,0.0074806493,0.0075666737,0.007485179,0.0075059365,0.007514147,0.007495431,0.0075120907,0.0075648706,0.007503478,0.007557301,0.007471217,0.0074539017,0.0074959826,0.0075068157
2015-03-18,0.008779449,0.0087774675,0.008739693,0.008721469,0.008709474,0.008697642,0.008725731,0.00879143,0.008694975,0.008736102,0.008740185,0.008752627,0.008641494,0.008783979,0.008732317,0.00878462,0.008696927,0.008679492,0.008719651,0.008723108
2015-03-19,0.0063862633,0.0063771587,0.0063435566,0.0062864404,0.006250469,0.00628647,0.006331725,0.0063957553,0.006315423,0.0062946957,0.0063452106,0.00635512,0.0062174927,0.006393535,0.006326927,0.0063870233,0.0062864106,0.006303085,0.006342275,0.0063262116
2015-03-20,0.007443933,0.007442547,0.00740215,0.0073482525,0.007378949,0.007348804,0.0074043404,0.0074566435,0.0073912423,0.0073504727,0.007409213,0.0074151587,0.0073431414,0.007453127,0.0074072015,0.007450847,0.007349102,0.007396234,0.0074121933,0.0074146073
2015-03-23,0.0066488218,0.0066505503,0.006622998,0.006573556,0.006569488,0.0065738987,0.0066312235,0.0066824984,0.0066178124,0.0065611135,0.0066371243,0.0066437107,0.006564049,0.0066813063,0.00662948,0.006677715,0.00657369,0.006623624,0.0066303145,0.0066080373
2015-03-24,0.0075359624,0.007542057,0.0075097363,0.0074601006,0.007391764,0.007463036,0.00751443,0.007564796,0.007490156,0.0074815433,0.0075189453,0.007529391,0.007443337,0.0075640213,0.0075129103,0.0075597297,0.0074603837,0.0075074714,0.007498203,0.007503612
2015-03-25,0.008399142,0.008414058,0.008377848,0.008324815,0.008279337,0.008301808,0.008380843,0.008430896,0.008379577,0.0083149355,0.008386327,0.008423371,0.008293135,0.008431254,0.008386819,0.008421732,0.0083193015,0.008407606,0.008375866,0.008372722
2015-03-26,0.0075278115,0.0075402837,0.007515071,0.00745946,0.0073956084,0.007456703,0.007525323,0.007561652,0.007515995,0.00744815,0.007520033,0.0075620096,0.007424904,0.0075633805,0.0075205993,0.007551832,0.0074534547,0.0075520556,0.007523833,0.0074973535
2015-03-27,0.0029141884,0.0029348712,0.00291924,0.0028563868,0.0027757417,0.0028198194,0.0029185247,0.0029606353,0.0028957706,0.0028510373,0.0029159468,0.0029644351,0.0028114598,0.0029632729,0.0029100608,0.0029555093,0.0028496217,0.0029405337,0.0028745513,0.0029069465
2015-03-30,0.0075011235,0.0075366627,0.0075139683,0.007459758,0.007402627,0.0074559133,0.0075184535,0.0075583737,0.0074507575,0.0074409526,0.0075196754,0.0075603705,0.0074140113,0.007564543,0.00749564,0.007550357,0.0074518453,0.0074489545,0.007512985,0.007505713
2015-03-31,0.0075181704,0.007546885,0.007513998,0.0074595045,0.007412849,0.007458655,0.007517783,0.0075585376,0.0074567627,0.007446138,0.0075228494,0.0075653475,0.0074186753,0.007563753,0.0074967276,0.0075524133,0.007452635,0.007439984,0.007518066,0.0075246226
2015-04-01,0.0075262766,0.0075262766,0.007504506,0.0074597728,0.007439835,0.0074682217,0.00748962,0.0075602066,0.0074648242,0.0074294787,0.007523192,0.0075155776,0.007447643,0.0075615626,0.007493956,0.0075484347,0.007474778,0.0074674916,0.0075265747,0.0075044017
2015-04-02,0.008107943,0.00810614,0.00808808,0.0080324095,0.008046744,0.0080761295,0.008081837,0.00814469,0.008052973,0.008036075,0.008108316,0.008099718,0.008075638,0.008149294,0.008090986,0.008135779,0.008076711,0.008068083,0.008108644,0.008092521
2015-04-06,0.007294534,0.0072933417,0.007274462,0.0072302055,0.0071789157,0.007265253,0.0072506797,0.0073261242,0.007218687,0.007177351,0.007293327,0.007273419,0.007256983,0.0073371064,0.007259501,0.0073111337,0.0072415154,0.0071911495,0.007299332,0.0072734337
2015-04-07,0.0075228643,0.0075345915,0.007507054,0.0074662995,0.0074212383,0.00749187,0.007523192,0.007551266,0.0074817073,0.0074233096,0.0075176638,0.007536007,0.0074730944,0.0075627696,0.007515399,0.007539956,0.0074557643,0.007420061,0.007519914,0.0074975025
2015-04-08,0.00860521,0.008616118,0.008609323,0.008560015,0.008523909,0.008558555,0.008605165,0.008636234,0.00853592,0.008565335,0.008596567,0.008650346,0.0082987975,0.008703349,0.008577434,0.0086188,0.008537484,0.008537142,0.008600621,0.008610664
2015-04-09,0.0075258594,0.007532416,0.0075017493,0.007483421,0.007453231,0.0074908566,0.00752051,0.0075559,0.007476641,0.007405622,0.0075133126,0.007526053,0.0074666124,0.00756043,0.0075155925,0.0075457077,0.007473184,0.0074613523,0.0075227004,0.0075048488
2015-04-10,0.007777659,0.0078073125,0.0077708643,0.0077449363,0.007764695,0.007749481,0.007787017,0.007826863,0.0077227186,0.0076566916,0.0077842902,0.007802142,0.007741211,0.007833106,0.0077774953,0.007813526,0.0077441465,0.00772701,0.0077934097,0.007770894
2015-04-13,0.0072887074,0.007322563,0.007289691,0.0072810333,0.0072962176,0.007271437,0.0073165577,0.0073381495,0.007258905,0.0072490703,0.007298691,0.007347448,0.007250754,0.007346479,0.0072978567,0.0073300432,0.007240085,0.0072440933,0.0073060673,0.007287113
2015-04-14,0.007519899,0.0075412523,0.007525904,0.007491974,0.00751449,0.0074508023,0.007548062,0.007553188,0.0074736457,0.0074629467,0.0075139385,0.0076003205,0.0074887555,0.0075977724,0.00750163,0.007540865,0.007452516,0.007465182,0.0075193476,0.007516561
2015-04-15,0.0038552266,0.0038501453,0.003794549,0.003796218,0.0038066637,0.0038114619,0.0038388204,0.0039238464,0.003793059,0.0037671607,0.003813846,0.003871752,0.003500281,0.0039258283,0.0038315337,0.0038492214,0.0037556868,0.0037694257,0.003820626,0.0037979912
2015-04-16,0.0075222533,0.0075261276,0.0075011384,0.007479636,0.007471202,0.007481916,0.0074744057,0.007561518,0.0074486565,0.007440714,0.007514758,0.0075600576,0.007468058,0.0075623523,0.0074951183,0.0075465124,0.007456718,0.007427899,0.007517202,0.007496951
2015-04-17,0.0075268876,0.00754158,0.007490618,0.0074661504,0.0074307006,0.0074881446,0.007469682,0.0075585525,0.007473929,0.007431878,0.0075178277,0.007551877,0.007462157,0.0075631123,0.0075077247,0.0075505357,0.0074586403,0.007439999,0.0075211655,0.0075115096
2015-04-20,0.0073970687,0.0073764455,0.0073411893,0.0073508155,0.007339714,0.007364465,0.0073866826,0.007406188,0.0073153656,0.0073065143,0.0074115675,0.0073927324,0.0070412587,0.0074761193,0.007342113,0.007388575,0.0072992425,0.007328106,0.0073624086,0.0073315483
2015-04-21,0.0075559746,0.0075413566,0.007498203,0.0075089615,0.0075162183,0.007541923,0.007495446,0.0076075774,0.007473735,0.007467894,0.007522179,0.007553337,0.0074967723,0.007608516,0.0074962806,0.0075499397,0.007459251,0.007492913,0.0075086188,0.0074999463
2015-04-22,0.0064447653,0.006452335,0.0064186137,0.006391419,0.006379066,0.006442396,0.0063755643,0.006485073,0.0063850563,0.0063565057,0.006445108,0.006473003,0.006383328,0.006484119,0.006418405,0.0064661335,0.0063752662,0.0063393097,0.0064166915,0.006409509
2015-04-23,0.0075274687,0.007527856,0.007510228,0.007499842,0.00749035,0.0074691754,0.0074613225,0.007570369,0.007477356,0.007480053,0.0075268876,0.007547049,0.0074637067,0.007568015,0.0075118225,0.007547809,0.0074602794,0.007485358,0.0074931663,0.007480813
2015-04-24,0.0076063555,0.0075308364,0.0075169336,0.0074687432,0.0074367654,0.007565705,0.0075609367,0.00757101,0.007476194,0.007436527,0.0076102,0.0075419974,0.007226942,0.0076715928,0.0075100344,0.0075492244,0.0074605327,0.0073978584,0.0074938815,0.007481141
2015-04-27,0.007531626,0.0075384807,0.007527424,0.0074968915,0.00740215,0.007475866,0.0074631404,0.0075703543,0.007482795,0.007486133,0.007528303,0.007533459,0.0074628424,0.007570399,0.0075152945,0.007555453,0.0074605476,0.007469652,0.0074895006,0.007503597
2015-04-28,0.007532535,0.0075443815,0.007525785,0.0075077396,0.0074165296,0.0075095277,0.0074604433,0.00756952,0.007490037,0.007500423,0.007527007,0.0075324606,0.0074625146,0.007570548,0.0075252187,0.007547153,0.0074605923,0.0074883085,0.0074958485,0.007507799
2015-04-29,0.002391411,0.0023977738,0.002372248,0.002329586,0.002307741,0.0023245495,0.0023210775,0.0024313163,0.0023437124,0.0023260694,0.002385376,0.0023846608,0.0023216438,0.002430467,0.00239007,0.0024090093,0.0023206156,0.0022867005,0.0023498219,0.0023531895
2015-04-30,0.0030566137,0.003065182,0.0030275416,0.0029958915,0.0030149352,0.003026722,0.002999438,0.0030810665,0.0029986184,0.0029711109,0.003071053,0.003038926,0.0030011963,0.003115235,0.0030386578,0.0030411761,0.0029736888,0.0030100178,0.0030017924,0.00299686
2015-05-01,0.0077839177,0.007831855,0.0077961963,0.0077750515,0.0077301394,0.007776765,0.007743893,0.0078516435,0.0077662,0.007697312,0.007804526,0.0077907126,0.0077448618,0.007847784,0.0078118276,0.0078092646,0.0077447426,0.00770214,0.0077759903,0.007772995
2015-05-04,0.0067680907,0.0068061184,0.006780071,0.006769685,0.0066946577,0.0067728143,0.006736694,0.006834356,0.0067199897,0.0066671055,0.0067836028,0.0067735147,0.0067023616,0.0068336707,0.0067743342,0.00677572,0.0067277234,0.0066782217,0.0067669433,0.0067471247
2015-05-05,0.0074958485,0.0075383466,0.0075095277,0.0074989777,0.0074344855,0.0075057726,0.0074593257,0.007568119,0.0074655097,0.0074311625,0.0075162034,0.0075101536,0.0074532013,0.0075676423,0.007514043,0.007507844,0.007460652,0.00743307,0.007497726,0.007486893
2015-05-06,0.007498471,0.0075439196,0.007509021,0.007526843,0.0074677,0.00750315,0.0074543636,0.0075677466,0.007474644,0.007449804,0.00751747,0.0075273197,0.0074596982,0.0075650346,0.007519869,0.007509498,0.007460652,0.007438211,0.0075059216,0.0074929874
2015-05-07,0.007367937,0.007448254,0.0073803347,0.0073921513,0.0072917473,0.0073667746,0.0073319953,0.007503478,0.0073368084,0.007334633,0.007436348,0.007384328,0.0070663523,0.007497398,0.0073824357,0.007373778,0.0073287766,0.0073283296,0.0073706936,0.0073834043
2015-05-08,0.0074393135,0.0075787734,0.007513432,0.007527752,0.0074483436,0.007499261,0.007456703,0.0076367687,0.0074649733,0.00740063,0.007572336,0.0075303447,0.007201923,0.0076270085,0.007510228,0.0075054,0.007460652,0.007444946,0.0074981283,0.0075199883
2015-05-11,0.005668519,0.0058229845,0.005758999,0.005775852,0.00569555,0.0057438295,0.005703328,0.005882932,0.0057007503,0.005620001,0.005823387,0.005787788,0.00545579,0.005874036,0.0057520103,0.005770622,0.0057061743,0.0056633484,0.0057454836,0.0057649445
2015-05-12,0.0074904393,0.0076137315,0.0075160842,0.0075288396,0.0074486863,0.0075025987,0.007459117,0.00764264,0.0074711423,0.0074545126,0.0075751077,0.0075450074,0.0072145443,0.0076371115,0.0075181853,0.0075221937,0.007460667,0.007464377,0.007520614,0.007528616
2015-05-13,0.0075139683,0.007587878,0.007518409,0.007521553,0.0074380916,0.007507054,0.0074615013,0.007617144,0.0074818116,0.007464124,0.0075675827,0.007542832,0.0075080674,0.0076131653,0.0075246226,0.007520614,0.007460667,0.0074837785,0.0075119566,0.007531507
2015-05-14,0.0081597995,0.008227913,0.008129029,0.008148728,0.008124961,0.008134557,0.008101268,0.008253707,0.008110894,0.008116541,0.008205144,0.008191241,0.008143587,0.008248357,0.008157684,0.008170797,0.008101506,0.008106587,0.008146165,0.008168338
2015-05-15,0.0058588665,0.005985452,0.0058422666,0.005831672,0.005817963,0.005849717,0.005812062,0.0060127657,0.0058163237,0.005810512,0.0059473496,0.005886374,0.005570261,0.006005181,0.0058573317,0.0058620702,0.0057951193,0.0058073383,0.0058405977,0.005876763
2015-05-18,0.0075136553,0.0076673757,0.007514743,0.007469116,0.007485939,0.007514579,0.007481305,0.007683141,0.0075010937,0.007459728,0.00761625,0.007541267,0.007234974,0.0076782983,0.0075369608,0.0075255763,0.007460667,0.007468058,0.007512225,0.007547019
2015-05-19,0.007535262,0.007548837,0.00749865,0.0074798,0.007485641,0.0075210165,0.0074833613,0.007571129,0.0074860286,0.0074599814,0.00752276,0.007551564,0.007476745,0.0075689983,0.00753258,0.0075172763,0.007460667,0.0074726176,0.007500468,0.0074902307
2015-05-20,0.007527126,0.0075410586,0.007490007,0.0074869674,0.007459877,0.0075136553,0.0074958634,0.0075706374,0.007458193,0.0074600857,0.007520614,0.007532222,0.0074707996,0.0075674783,0.0075103026,0.007505564,0.0074606817,0.0074638557,0.0075124633,0.0074681174
2015-05-21,0.007526664,0.0076605957,0.0074955057,0.007463349,0.007459162,0.007505251,0.0075190347,0.0076814126,0.0074894708,0.0074600857,0.0076178145,0.007532833,0.0072339606,0.0076764654,0.007526396,0.007504238,0.007460339,0.007467581,0.007576419,0.0075220894
2015-05-22,0.0075262766,0.0075959694,0.00747375,0.007462172,0.007460056,0.0074991863,0.007478608,0.0076120924,0.007497592,0.00746019,0.007560862,0.007531045,0.007474957,0.007609127,0.007536156,0.007519467,0.007460071,0.007480381,0.0075217914,0.007510243
2015-05-26,0.0062616896,0.0062483083,0.0061821025,0.006191997,0.0061746817,0.006216122,0.00619079,0.0062828492,0.006209163,0.0061760675,0.0062315296,0.0062601697,0.006162135,0.006280152,0.0062466543,0.006223006,0.006175099,0.006186394,0.006236611,0.0061997753
2015-05-27,0.0075282287,0.007541595,0.007458551,0.0074554067,0.0074599963,0.007496519,0.0074450653,0.0075677317,0.007483674,0.0074602794,0.0075186174,0.0075356644,0.007461367,0.0075651985,0.007517187,0.007510392,0.0074594896,0.007485537,0.007525189,0.007498203
2015-05-28,0.0075237285,0.007662995,0.007468326,0.007459564,0.007459907,0.00750917,0.007423563,0.007678954,0.007507218,0.0074602794,0.007608397,0.0075448435,0.0072297137,0.0076723974,0.0075371843,0.007524295,0.0074593704,0.0074744355,0.007619543,0.0075071137
2015-05-29,0.007524384,0.007554589,0.0074824523,0.0074596535,0.0074595492,0.0075173955,0.0074218493,0.0075713675,0.0074770283,0.0074602794,0.007518498,0.0075326245,0.007468028,0.007568,0.007520808,0.0075104516,0.0074596535,0.007486297,0.0075256955,0.007481141
2015-06-01,0.0075279158,0.0075495224,0.0074991565,0.0074596684,0.0074596833,0.007510675,0.0074221473,0.007570265,0.0074600857,0.0074602943,0.0075203013,0.007535873,0.007467283,0.007567389,0.0075042825,0.007507099,0.007460458,0.0074643027,0.007524444,0.007486088
2015-06-02,0.007519303,0.00755368,0.0075005423,0.0074606817,0.007459758,0.007512955,0.007424144,0.0075700264,0.0074973535,0.0074602645,0.0075190347,0.0075439047,0.0074563753,0.00756648,0.0075287353,0.0075174104,0.007460503,0.007483987,0.007521717,0.007496683
2015-06-03,0.005103184,0.0051827114,0.005086703,0.0050378274,0.0050397795,0.005086763,0.0049832445,0.005195616,0.0051091593,0.00504042,0.005142359,0.005127294,0.0050701033,0.0051825773,0.0051339697,0.0051005166,0.005040629,0.00505176,0.0051445495,0.005069239
2015-06-04,0.008898376,0.00893159,0.008880241,0.0088329,0.008832825,0.008876322,0.008840008,0.008942543,0.008879168,0.008833928,0.008891506,0.008916063,0.008835552,0.008935852,0.008909835,0.008885933,0.008834286,0.0088412445,0.008887989,0.008879675
2015-06-05,0.00752349,0.007555036,0.0075025093,0.00745943,0.0074588936,0.0075012427,0.007472826,0.0075689834,0.0074789803,0.007460354,0.0075171273,0.0075392406,0.0074605923,0.007563276,0.0075119715,0.0075101536,0.007460667,0.0074598026,0.0075219255,0.007489113
2015-06-08,0.007518707,0.007549895,0.0075062644,0.0074592363,0.0074595343,0.0075009596,0.0074697416,0.007568119,0.007489575,0.0074603986,0.0075122546,0.007544337,0.007460354,0.0075627845,0.007520614,0.007508574,0.0074606966,0.0074691456,0.0075125825,0.0074973237
2015-06-09,0.007526694,0.0075460207,0.007481022,0.0074598324,0.007460011,0.007505132,0.007470442,0.0075687896,0.0074754637,0.007460369,0.0075110476,0.0075317305,0.007459728,0.007556705,0.0075234603,0.007511748,0.0074607413,0.007458506,0.0075082313,0.0074752253
2015-06-10,0.0069161486,0.0069544595,0.0068694036,0.00686316,0.006863905,0.0069100093,0.006834192,0.006971417,0.006878702,0.0068641882,0.0069164913,0.0069441926,0.006863622,0.006960897,0.006921483,0.0069153737,0.0068644714,0.006882144,0.006913794,0.006884394
2015-06-11,0.007584287,0.0076091867,0.0075235646,0.0075175,0.0075181704,0.0075317007,0.0074931365,0.007626174,0.0075385105,0.0075184386,0.007570086,0.0075914245,0.0075115096,0.0076148193,0.007572321,0.0075723957,0.0075187217,0.0075270366,0.0075711887,0.007544918
2015-06-12,0.0075255167,0.0075489264,0.0074713808,0.007458983,0.0074601155,0.0074703526,0.0074110758,0.0075696837,0.0074725132,0.007460369,0.007514579,0.0075397324,0.0074602645,0.007562069,0.007514594,0.007518558,0.0074606817,0.0074582826,0.0075104516,0.0074800085
2015-06-15,0.0075312536,0.0075565856,0.007464541,0.0074592065,0.00746016,0.0074905287,0.0074081104,0.007566599,0.0074120443,0.007460324,0.007516457,0.0075417887,0.0074593257,0.007550223,0.007501511,0.0075066667,0.0074606817,0.0074731987,0.0075084697,0.0074477624
2015-06-16,0.007523833,0.0075573903,0.0074671786,0.0074594747,0.007460175,0.007508261,0.007416783,0.0075654667,0.0074349027,0.007460458,0.0075157713,0.007536037,0.0074602347,0.0075563323,0.007503135,0.007513432,0.0074606817,0.0074819606,0.007509364,0.007443277
2015-06-17,0.0078044664,0.007838799,0.0077585857,0.0077648293,0.007668851,0.0077616554,0.007734282,0.00784309,0.007768376,0.0077379923,0.007787196,0.007802693,0.0077378284,0.007835923,0.00780165,0.007801829,0.0077382457,0.0076961797,0.007793693,0.0077474397
2015-06-18,0.0075248163,0.0075558852,0.007486386,0.0074955355,0.007430954,0.0074741375,0.0074368846,0.0075643193,0.0074414443,0.0074570756,0.0075145196,0.0075101536,0.0074592363,0.0075602215,0.0075057875,0.0075052064,0.0074576866,0.007437406,0.0075063836,0.007470278
2015-06-19,0.00620888,0.0062511396,0.0061900895,0.0062001925,0.0061634313,0.006189881,0.006124167,0.0062606167,0.0061806124,0.006150676,0.0062045436,0.0062256884,0.0061548036,0.006246535,0.0062023383,0.00619833,0.006155176,0.0061813127,0.0061717164,0.006193934
2015-06-22,0.007459266,0.0074899327,0.007419167,0.0074456614,0.0073561054,0.0074461084,0.007408185,0.0075009596,0.007374568,0.0073925685,0.007446332,0.007439716,0.0073949974,0.0074967425,0.007428644,0.0074179005,0.0073966514,0.0074097943,0.007423697,0.0074292403
2015-06-23,0.007452486,0.007493643,0.007415382,0.0074840616,0.007416917,0.007435186,0.0074314307,0.007500766,0.0074121784,0.0073948335,0.0074441116,0.007436959,0.007393284,0.007497696,0.007446466,0.007431669,0.0073982757,0.0074189436,0.0074329656,0.007432027
2015-06-24,0.0075119417,0.0075410884,0.007481454,0.007560311,0.007466687,0.0074887853,0.0074770283,0.0075665545,0.007478295,0.007451011,0.0075078886,0.0075225215,0.007460071,0.0075579416,0.0074883383,0.007496355,0.0074607264,0.0074631404,0.0074821245,0.0074777436
2015-06-25,0.0075086784,0.007549582,0.007464258,0.0075657945,0.0074599516,0.0074966233,0.007469399,0.007564364,0.007484643,0.0074567776,0.0075117927,0.007533027,0.007459117,0.0075591337,0.007501526,0.007502718,0.007460637,0.0074786823,0.007475449,0.007498009
2015-06-26,0.0058562737,0.0059465896,0.005796207,0.005911736,0.005857317,0.0058434885,0.005779667,0.005975453,0.0058341455,0.0058725458,0.0059015136,0.0058775973,0.005542068,0.0059689265,0.005834354,0.0058486145,0.005804343,0.0058529805,0.005807413,0.005846707
2015-06-29,0.0039331,0.0039674025,0.0038814824,0.003987713,0.003907917,0.003912328,0.0038729291,0.003990812,0.0039126407,0.0038827937,0.0039389413,0.0039437544,0.0038931053,0.0039869826,0.003923459,0.003931744,0.0039363783,0.0038668197,0.0038895141,0.0039174836
2015-06-30,0.0075172763,0.007536648,0.0074450355,0.007565407,0.007490633,0.007497309,0.007415382,0.0075677317,0.0074789803,0.007481454,0.0075157117,0.007525755,0.007467402,0.007560281,0.007487608,0.007506652,0.0074631404,0.0074590426,0.0074323695,0.0075054895
2015-07-01,0.007495327,0.0075392257,0.0074379575,0.0075538587,0.0074905735,0.0074901264,0.007409541,0.007565839,0.0074740034,0.007460324,0.0075130295,0.007526366,0.0074636023,0.0075577777,0.00748962,0.007506592,0.0075028073,0.007458849,0.007439105,0.0074937027
2015-07-02,0.006792737,0.0068682563,0.006781904,0.0068570655,0.0068198126,0.006794257,0.0067820083,0.0069072824,0.0067476463,0.006809501,0.006852461,0.006828977,0.006775288,0.0068966877,0.006791843,0.0068074893,0.0068101417,0.0067898165,0.0068029743,0.0067889374
2015-07-06,0.0074982326,0.0075892936,0.00749111,0.0075586718,0.007483868,0.0074872207,0.007474823,0.007631896,0.0074914973,0.007445736,0.007561384,0.0075112563,0.0071989875,0.007615907,0.007514341,0.007501958,0.007526664,0.0074470025,0.0075768363,0.0074869376
2015-07-07,0.0074951034,0.007588325,0.0074453484,0.007553069,0.007503284,0.007505087,0.0074587,0.0076282155,0.0074693393,0.00738254,0.007563902,0.0075236987,0.007203473,0.0076207947,0.0075051915,0.007511569,0.0075186174,0.0074709635,0.007526992,0.0074971896
2015-07-08,0.0074889045,0.0075220894,0.0074679237,0.0075397473,0.0074922424,0.007484315,0.0074532013,0.007564632,0.00743754,0.007454885,0.007507859,0.007521851,0.007474674,0.007544009,0.007483078,0.007501332,0.0075008553,0.007455228,0.007492481,0.007489456
2015-07-09,0.007500736,0.0075309854,0.0074390154,0.0075329226,0.007457195,0.007481424,0.007439254,0.007559819,0.0074620675,0.0074409675,0.0075089913,0.007525144,0.0074717086,0.0075431745,0.007495461,0.007514177,0.0074916314,0.007425053,0.007483525,0.0074918848
2015-07-10,0.0074387174,0.0075077396,0.0073889624,0.0074763577,0.007412521,0.00743307,0.007383881,0.0075393002,0.007368965,0.007408483,0.0074877273,0.0074364524,0.0074183177,0.007514445,0.007418586,0.0074533056,0.0074368846,0.0073890816,0.007490469,0.0074177366
2015-07-13,0.0069378,0.006994901,0.006882144,0.0069740396,0.0069419723,0.0069168042,0.006905256,0.007035343,0.0068746936,0.0069336724,0.0069865715,0.0069567394,0.006920768,0.007017536,0.0069128107,0.0069589596,0.006933583,0.006915478,0.006974889,0.006924076
2015-07-14,0.0074928384,0.0075329226,0.0074542295,0.0075404476,0.0074789803,0.0074869078,0.00745417,0.0075600874,0.007421775,0.0074426215,0.0075110774,0.0075364094,0.0074614715,0.0075452756,0.0074527245,0.0075211357,0.007493181,0.0074423086,0.007498501,0.0074991267
2015-07-15,0.007556824,0.0076046567,0.0074492525,0.0075365584,0.007487191,0.007463051,0.00746244,0.0076173674,0.0074377637,0.007463483,0.0075680595,0.007542817,0.0071997773,0.0076078307,0.0074747633,0.007517172,0.0074963253,0.0074851345,0.007493673,0.00749865
2015-07-16,0.006619258,0.0066407304,0.0065258276,0.006612284,0.00650133,0.0065057557,0.0065134745,0.0066905003,0.0065078866,0.0065038633,0.0066368114,0.0065957587,0.0062715393,0.0066743176,0.006519435,0.006580202,0.0065411013,0.0064655077,0.0065716635,0.0065585654
2015-07-17,0.006941108,0.0069556963,0.006824298,0.0069049727,0.006856365,0.006801514,0.0068248045,0.0069823544,0.0068127047,0.0068515223,0.0069393944,0.006909488,0.006574435,0.006981088,0.0068445485,0.006883351,0.0068374258,0.0068284553,0.006874649,0.006865902
2015-07-20,0.0075223725,0.0075480174,0.0074705165,0.0075469594,0.007531373,0.007453559,0.007482482,0.007560728,0.007476775,0.0075186472,0.0075243693,0.007526053,0.007480813,0.0075576883,0.0074908864,0.007511122,0.0074959677,0.0075219106,0.007507203,0.0074918848
2015-07-21,0.007564945,0.0075871926,0.0074755084,0.0075413566,0.0075226557,0.007448567,0.0074693393,0.0076037925,0.0074445587,0.0074864756,0.00756195,0.007522179,0.007499261,0.007585345,0.0074890982,0.0075089615,0.0074934494,0.0074881893,0.007501049,0.007482467
2015-07-22,0.007567806,0.0075664055,0.0074675363,0.007543532,0.0074964594,0.007420523,0.007450862,0.0076021682,0.007453991,0.0074691307,0.007561473,0.007535247,0.007496087,0.007585613,0.0074830335,0.007516114,0.0074855667,0.007474644,0.007501645,0.0074879657
2015-07-23,0.007987453,0.007990552,0.007914526,0.007957233,0.007929025,0.007867066,0.007882295,0.008010907,0.007864593,0.00787705,0.007971985,0.007937757,0.007899327,0.007994158,0.007901771,0.007930322,0.007894395,0.007894574,0.007908357,0.007898835
2015-07-24,0.007478727,0.007504089,0.0074611586,0.007497443,0.007489158,0.007404385,0.0074381363,0.007515488,0.0074123126,0.0074648988,0.007475717,0.0074785333,0.0074164253,0.0075063687,0.007461382,0.00747831,0.007443784,0.007451592,0.0074610393,0.0074545424
2015-07-27,0.007494701,0.0075262617,0.007508723,0.007543979,0.0075001847,0.0074578654,0.0074634235,0.0075565856,0.0074424874,0.0074650925,0.0075105857,0.0075119715,0.0074590575,0.007551266,0.0074794125,0.0075138193,0.0074756276,0.0074545126,0.007507084,0.0074807983
2015-07-28,0.007513134,0.0075249653,0.007488353,0.0075472724,0.007456092,0.0074473303,0.0074476134,0.0075506847,0.0074634682,0.0074170064,0.0075139683,0.007524265,0.007460667,0.007543681,0.0074875485,0.007528452,0.0074983817,0.0074243974,0.0074999314,0.0074862223
2015-07-29,0.006766362,0.006733088,0.00669053,0.006746335,0.00667475,0.0066301655,0.006656481,0.0068092328,0.006666584,0.0066310596,0.006764723,0.006737618,0.0064046364,0.00674711,0.0066939574,0.0067851227,0.006688265,0.0066418927,0.0066954773,0.0067202877
2015-07-30,0.0010529142,0.0010792594,0.0010004025,0.0010920744,0.00097526424,0.00095741265,0.0009921174,0.0010949057,0.0010422152,0.00097550265,0.0010497104,0.0010646861,0.0010080617,0.001087172,0.0010592621,0.0010782164,0.0010409486,0.0009353589,0.0010417383,0.0010352712
2015-07-31,0.0075104516,0.007535232,0.0074662697,0.0075519215,0.007496385,0.007433085,0.007468341,0.007552279,0.0074469727,0.0074792635,0.0075109582,0.0075210463,0.0074432474,0.0075451564,0.007500423,0.0075256955,0.007502122,0.007481126,0.0075041186,0.0074978154
2015-08-03,0.0073138755,0.0073074233,0.0072427522,0.0073196273,0.0072223973,0.0071979295,0.007214768,0.0073865782,0.0071839374,0.007210223,0.0073286425,0.007299317,0.006971447,0.0073101055,0.0072297733,0.007333679,0.0072678756,0.007212041,0.007280318,0.0072850864
2015-08-04,0.007558344,0.007526381,0.0074716937,0.007554857,0.007473914,0.007434828,0.0074429493,0.007599203,0.00742021,0.0074040126,0.0075577777,0.007540403,0.007497607,0.0075406265,0.007459907,0.0075617563,0.0074958187,0.007443322,0.0075035524,0.0075261276
2015-08-05,0.007518558,0.007531656,0.0074690115,0.007544888,0.0074771475,0.0074311625,0.0074404012,0.007549865,0.007461397,0.007431267,0.00750917,0.0075205397,0.007469116,0.0075359475,0.007486848,0.0075279158,0.00748579,0.0074578207,0.00750014,0.0074982774
2015-08-06,0.0075469445,0.007524742,0.0074843597,0.0075211506,0.0074925553,0.007435469,0.007449476,0.0076023024,0.0074285846,0.007418005,0.00754614,0.0075250994,0.007204501,0.007533906,0.0074659865,0.0075715166,0.007462768,0.00745563,0.0074779224,0.007513983
2015-08-07,0.00695814,0.006945191,0.006896971,0.0069546234,0.0068712067,0.006842373,0.0068585854,0.0070055407,0.006858228,0.0068021845,0.0069552045,0.006944565,0.0069057476,0.0069511514,0.0068692844,0.0069740545,0.0068939906,0.006834207,0.0069071036,0.006930245
2015-08-10,0.007552905,0.0075371396,0.007484494,0.0076064896,0.0074951034,0.0074380767,0.0074576717,0.0076041054,0.0074596684,0.00738406,0.0075032394,0.007541297,0.0072072577,0.0075392704,0.0074816328,0.0075722765,0.0074813347,0.0074684005,0.0074854176,0.007517351
2015-08-11,0.007492019,0.0075380336,0.0074634682,0.00754839,0.0074511003,0.0074423533,0.0074631553,0.007552607,0.007439358,0.0073856395,0.0075050723,0.0075383466,0.0074749123,0.007539017,0.0074757915,0.007537512,0.0074564945,0.0074074846,0.0074847173,0.007511435
2015-08-12,0.007557003,0.007538868,0.007483093,0.0075825136,0.007530747,0.007446794,0.007501764,0.007643042,0.0074404757,0.007499395,0.007542489,0.00755444,0.0072356444,0.007540224,0.0074965786,0.0076250415,0.0074682664,0.0075238477,0.0074786525,0.0075432044
2015-08-13,0.007499827,0.00754389,0.0074830335,0.007538317,0.0074771624,0.007436989,0.0074638706,0.007550044,0.007456435,0.007446004,0.0075018387,0.0075425785,0.0074614715,0.007537229,0.007482363,0.0075267535,0.0074551236,0.0074387025,0.0074865054,0.007496951
2015-08-14,0.0036819112,0.0036530327,0.0035887193,0.0037058573,0.0036179405,0.0035499614,0.0036064368,0.0037078243,0.0035392623,0.003581224,0.0036209654,0.0035665464,0.003603978,0.0036545526,0.003591923,0.0036782455,0.0035898965,0.0035858583,0.0036119204,0.0036408436
2015-08-17,0.006696118,0.006720556,0.006675912,0.0067341607,0.0066155028,0.006637959,0.006653784,0.006736262,0.006626202,0.0065933596,0.006687833,0.0066102874,0.0066515934,0.0067227315,0.0066527706,0.006708769,0.006663097,0.0065947752,0.0066892337,0.0066759866
2015-08-18,0.0076166373,0.0075404923,0.007486386,0.0076559465,0.0074568074,0.007431416,0.0074395966,0.007648779,0.007473303,0.007423846,0.007503329,0.007514028,0.007228894,0.0075387787,0.007489918,0.0076265913,0.007481439,0.00741574,0.007496206,0.0075387787
2015-08-19,0.0035984945,0.0036226045,0.0035633575,0.0036489498,0.0035075229,0.0035059731,0.0035193693,0.0036415588,0.003508119,0.0034917276,0.0036057513,0.0036144387,0.003554551,0.0036352407,0.0035358798,0.003614379,0.0035846513,0.003476752,0.0036047976,0.0035916846
2015-08-20,0.0018024575,0.0017576944,0.0017075967,0.0017852467,0.0016209465,0.0016330015,0.0016505253,0.0017608237,0.0016694348,0.0016190242,0.0017277431,0.0016129445,0.0014173966,0.0017614048,0.0016831439,0.001794098,0.0017333459,0.0015909653,0.0017386656,0.0017229896
2015-08-21,0.0075264405,0.0075469892,0.007470129,0.0075495373,0.007483838,0.007412238,0.007455213,0.0075588953,0.007472126,0.0074741077,0.0075113755,0.0074135493,0.007474644,0.007545365,0.0074948054,0.007533161,0.0075185876,0.00749187,0.0075321626,0.0074919593
2015-08-24,0.00652021,0.006442515,0.006377993,0.0064837914,0.0063334983,0.0063534062,0.006346775,0.006542025,0.006377263,0.006331144,0.0064502936,0.006303562,0.0061301123,0.00644256,0.006397603,0.0065282863,0.006387783,0.006301908,0.00641842,0.0064395946
2015-08-25,0.0075216573,0.0075546484,0.007491423,0.0075384956,0.0074715447,0.0074443202,0.0074674916,0.007550476,0.0074472707,0.0074504744,0.0075197797,0.007486729,0.0074759256,0.0075508785,0.007481424,0.007548971,0.0074771177,0.0074593704,0.007518707,0.0075104665
2015-08-26,0.009470714,0.009436367,0.009328319,0.009446589,0.009353934,0.009370191,0.0093666,0.00945182,0.009350045,0.00932358,0.009409158,0.009324832,0.009392766,0.009448973,0.009365557,0.009475483,0.009407727,0.009332625,0.009423582,0.009418709
2015-08-27,0.00670786,0.006656928,0.0065530967,0.0066621285,0.006567089,0.0066240113,0.0065758806,0.006733788,0.006558953,0.006527124,0.0066175144,0.006582303,0.0063073616,0.006662367,0.006592987,0.0067171883,0.0065934192,0.0065237563,0.0066364687,0.0066420864
2015-08-28,0.0063079875,0.006207792,0.0060583185,0.0062001925,0.0061116796,0.006180389,0.0061332267,0.0063223075,0.006124554,0.00608073,0.006207792,0.006134657,0.005885778,0.0062161516,0.0061399024,0.006299613,0.0061211716,0.006088672,0.0061839055,0.006215466
2015-08-31,0.007465584,0.007473452,0.007306574,0.0074767154,0.00738634,0.0074147414,0.0073930006,0.007480694,0.0073880535,0.007349817,0.0074278545,0.0073815566,0.007391749,0.007481886,0.007397188,0.0074646454,0.0073857736,0.0073517393,0.0074425023,0.0074308943
2015-09-01,0.0072936546,0.0073044132,0.007149471,0.0073174965,0.0072536003,0.0072565805,0.007230101,0.007319374,0.007213844,0.0072289538,0.0072707664,0.007242305,0.00722654,0.0073217284,0.007237492,0.007303847,0.0072235595,0.007232217,0.007283045,0.007264329
2015-09-02,0.0073767137,0.007296888,0.007147191,0.00730641,0.0072431546,0.0072658043,0.007215945,0.0074127745,0.007188363,0.0072151106,0.007259069,0.0072076153,0.006981073,0.0073086303,0.007289974,0.0073821526,0.0072105806,0.0072190445,0.0072682034,0.0073013734
2015-09-03,0.008337034,0.00826904,0.0081275385,0.008270798,0.008208169,0.008212833,0.008190943,0.008380247,0.008151574,0.00817026,0.008227048,0.008179365,0.0079518985,0.008280097,0.008252187,0.008358566,0.008179529,0.008176116,0.008234156,0.008271543
2015-09-04,0.0075621437,0.007547183,0.007406844,0.007560743,0.007459445,0.0074719917,0.0074645113,0.0076176804,0.007449208,0.007442532,0.0075121354,0.0074601453,0.007213367,0.0075586718,0.007535396,0.0075960737,0.0074603837,0.0074179005,0.0075261127,0.007528333
2015-09-08,0.009494258,0.009532182,0.009382648,0.00954215,0.009428335,0.009458749,0.009454964,0.009545533,0.009411467,0.00939828,0.00949928,0.009448184,0.009414015,0.009547485,0.009459434,0.009530826,0.009448646,0.009384749,0.009507639,0.009500174
2015-09-09,0.007563947,0.0075484645,0.0074015837,0.007558344,0.007439656,0.007481275,0.0074657034,0.007592587,0.0074314754,0.007416649,0.0075112414,0.0074601453,0.0074530225,0.007558612,0.007531224,0.0075772684,0.007460458,0.0074005704,0.0075259637,0.007538615
2015-09-10,0.0072476547,0.007247744,0.0070836525,0.007253481,0.007189734,0.0071866643,0.0071633887,0.007293431,0.007146118,0.0071605723,0.0072117727,0.0071592163,0.0070951115,0.007259233,0.0072391015,0.007278366,0.0071594547,0.0071680676,0.0072254073,0.0072326344
2015-09-11,0.0033776294,0.0033958834,0.0032230895,0.003401367,0.0033110213,0.0033317488,0.0033231955,0.0034304243,0.0032921564,0.003280757,0.0033584367,0.003303511,0.0032561999,0.0034044366,0.0033782702,0.0034168642,0.003303973,0.0032801311,0.003378747,0.0033700597
2015-09-14,0.0088527035,0.008900775,0.008731304,0.0089170765,0.008873103,0.008862494,0.008845834,0.008908851,0.008806331,0.008844553,0.008872731,0.008818639,0.008732138,0.008917732,0.008852987,0.008887438,0.008819027,0.008869154,0.00888194,0.008847607
2015-09-15,0.008899478,0.0089588,0.008886768,0.008968158,0.00892937,0.0089014005,0.008890672,0.008949785,0.008857472,0.008900968,0.008924006,0.008868827,0.00884196,0.008967323,0.008895023,0.008937789,0.008869274,0.008913888,0.008929474,0.0089164805
2015-09-16,0.00792451,0.007970346,0.007922737,0.007976098,0.007927863,0.007915853,0.007903514,0.007962359,0.007868884,0.007889925,0.007936461,0.007878674,0.0078103375,0.007977633,0.007901205,0.007940395,0.007879047,0.007887019,0.00794713,0.007923288
2015-09-17,0.0061210226,0.006193651,0.0061438214,0.006194232,0.0060820263,0.006117625,0.0061162394,0.0061739367,0.006074084,0.0060631316,0.006150512,0.0060930233,0.0061012935,0.0061963033,0.006108327,0.0061580073,0.0060939025,0.0060359966,0.0061585736,0.006146012
2015-09-18,0.007799832,0.007849915,0.007821081,0.00785896,0.0077853184,0.0077916514,0.0077867787,0.007847218,0.007761551,0.0077575725,0.007818459,0.0077559184,0.00769238,0.00786118,0.0077809673,0.007830007,0.007756455,0.007747991,0.007820291,0.0078122746
2015-09-21,0.006920604,0.006978629,0.006946815,0.006987108,0.006878851,0.0069095474,0.0069048684,0.00697249,0.0068745147,0.0068517756,0.006941138,0.006880028,0.0068401378,0.006985871,0.006912349,0.0069550853,0.0068816226,0.006832419,0.0069465917,0.0069393944
2015-09-22,0.007487638,0.007552324,0.007526366,0.007563321,0.007501794,0.0074856114,0.0074818265,0.007540865,0.007465197,0.007468922,0.0075150263,0.0074601304,0.007414175,0.0075597595,0.00748883,0.007523177,0.007460518,0.0074783843,0.007531194,0.007502107
2015-09-23,0.0064197015,0.0064703953,0.0063972753,0.0064795297,0.006413324,0.006408019,0.006420551,0.0064717513,0.006373344,0.006375147,0.006436644,0.0063798707,0.0062726717,0.006482614,0.006396292,0.0064496677,0.0063802134,0.006394474,0.006449787,0.0064332616
2015-09-24,0.0075026434,0.007555483,0.0075092893,0.007557003,0.0074916165,0.007499961,0.007502569,0.0075522047,0.0074722003,0.007458521,0.0075172167,0.00746022,0.0073875617,0.007563485,0.007494552,0.007536469,0.0074605774,0.007456107,0.0075350534,0.0075129103
2015-09-25,0.0034029912,0.0034335386,0.0034020822,0.0034470987,0.0033683311,0.0033859294,0.0033792239,0.0034323465,0.003354637,0.0033391546,0.0034050625,0.003341658,0.0033019464,0.003448261,0.0033857208,0.0034258645,0.0033420604,0.0033405107,0.003406806,0.003406955
2015-09-28,0.007518066,0.0075575244,0.007508008,0.007558806,0.007514639,0.0075072628,0.007483838,0.007551251,0.0074750017,0.007466404,0.007516397,0.00746019,0.0073660593,0.0075649153,0.007488964,0.007542489,0.007460637,0.007481916,0.0075251292,0.007518379
2015-09-29,0.007515786,0.0075547826,0.0074675065,0.0075569283,0.007495133,0.007499991,0.0074754786,0.0075471383,0.007469399,0.0074581634,0.007516889,0.0074602347,0.007453425,0.0075621735,0.007486878,0.0075367074,0.007460637,0.00745563,0.007535843,0.007511614
2015-09-30,0.0075104963,0.007555483,0.007498903,0.0075380933,0.0074790698,0.0074998867,0.0074727666,0.007549314,0.0074569862,0.007441072,0.007515086,0.0074601304,0.007412387,0.0075655114,0.0074890833,0.007526232,0.007460667,0.007437421,0.0075293463,0.0075145047
2015-10-01,0.007066367,0.007092176,0.007051004,0.0070571136,0.007021202,0.007037906,0.0070166867,0.007105259,0.007000966,0.006990133,0.0070634317,0.007007597,0.006955428,0.007115362,0.007032929,0.007099418,0.00700791,0.006981982,0.0070521664,0.007069899
2015-10-02,0.0075122397,0.007547451,0.0075091254,0.007500617,0.0074672233,0.007502703,0.0074655097,0.007551817,0.007447256,0.007429881,0.0075148176,0.007460324,0.0073898863,0.007565899,0.007462127,0.007545484,0.007460667,0.007423533,0.0075110625,0.0075097512
2015-10-05,0.00483766,0.0048784446,0.0048371386,0.0048229974,0.0048066955,0.0047899615,0.0048082303,0.0048792195,0.0047926586,0.004782958,0.0048419815,0.004788218,0.004689751,0.0048915725,0.0048060995,0.0048703235,0.0047885906,0.004774345,0.004846094,0.0048422646
2015-10-06,0.0075039994,0.0075568836,0.0075157117,0.0074661355,0.007462872,0.007459117,0.0074720513,0.007543234,0.0074679386,0.007434247,0.007508425,0.007460488,0.0073942672,0.0075509977,0.007480545,0.007527573,0.007460667,0.007426439,0.007491378,0.007495148
2015-10-07,0.010593666,0.010629041,0.010585843,0.0105315875,0.010550765,0.010532854,0.01053427,0.010620294,0.010530783,0.010530455,0.010589538,0.010531245,0.010458885,0.010632558,0.010546459,0.010612993,0.010531513,0.010522975,0.010553403,0.010602294
2015-10-08,0.0062226485,0.006254418,0.0062145423,0.0061552506,0.006190894,0.0061572026,0.006158648,0.006236179,0.0061701965,0.0061676484,0.0062122624,0.006155668,0.006053729,0.00625938,0.00617571,0.0062324386,0.0061558317,0.006165905,0.0061953645,0.006194247
2015-10-09,0.0067955535,0.006814791,0.0067794304,0.00671841,0.0067601334,0.006717352,0.0067316275,0.006797878,0.0067295115,0.006735502,0.006777657,0.006719036,0.0066358875,0.0068234634,0.0067410003,0.006792618,0.0067192446,0.006727798,0.0067636203,0.006765483
2015-10-12,0.0056882035,0.0057139974,0.0056681167,0.005608348,0.005634291,0.0056132358,0.0056266617,0.0056945216,0.0056404006,0.0055868905,0.005668385,0.005609406,0.005551053,0.00570458,0.005642919,0.0056836884,0.005609436,0.0056004357,0.005637495,0.0056690704
2015-10-13,0.00755292,0.007551668,0.007514743,0.007459102,0.0075177383,0.0074571352,0.0074851196,0.0075485837,0.00748886,0.0074934643,0.007518841,0.0074604433,0.007372616,0.007564975,0.0075045954,0.007525919,0.0074606966,0.0074914824,0.007509036,0.007526187
2015-10-14,0.006053759,0.006054608,0.0060242843,0.005960701,0.0059462916,0.005963443,0.0059856605,0.006041644,0.0059903245,0.0059716087,0.006022198,0.005961729,0.005929662,0.006067304,0.006010337,0.006026773,0.0059619527,0.0059023183,0.0060057323,0.0060163867
2015-10-15,0.007552875,0.0075575393,0.007514281,0.007459296,0.007439209,0.007461993,0.0074911993,0.0075479876,0.0074794125,0.007430671,0.007520525,0.007460458,0.007468296,0.0075662266,0.007495744,0.0075239073,0.0074606966,0.007415084,0.0075113606,0.0075429063
2015-10-16,0.0067886245,0.00678326,0.006748287,0.006691275,0.006710617,0.0066847336,0.006735487,0.006782962,0.006708322,0.006624801,0.006751327,0.0066923928,0.0066511016,0.0067964625,0.0067385715,0.006774349,0.0066925418,0.0066919904,0.006750552,0.0067768823
2015-10-19,0.008232741,0.008216171,0.008193923,0.008137329,0.008203341,0.008136241,0.008166639,0.008220239,0.008171273,0.008110074,0.008196844,0.008138357,0.008044122,0.008239357,0.008192284,0.008205203,0.008138595,0.008186234,0.008200971,0.008172927
2015-10-20,0.0075440537,0.007545395,0.0075146835,0.0074592065,0.007488368,0.007457195,0.007484166,0.0075466316,0.0074905436,0.007444678,0.007522581,0.007460309,0.0073910784,0.0075636636,0.0075138044,0.007520033,0.0074606966,0.0074709635,0.0075162333,0.0075211953
2015-10-21,0.0075406265,0.0075408053,0.007512985,0.007459117,0.007456733,0.0074739736,0.007483555,0.007531045,0.007465599,0.007422311,0.0075201076,0.0074602496,0.0074240696,0.007564066,0.007485373,0.007521121,0.0074606966,0.0074406993,0.0075226855,0.0074980985
2015-10-22,0.0075474065,0.0075398367,0.0075148623,0.0074586403,0.0074763726,0.007488532,0.0074813347,0.00754535,0.0074596535,0.007456435,0.0075225364,0.00744888,0.007411776,0.007564647,0.00748956,0.0075298827,0.0074606966,0.007438032,0.0075275134,0.0075134616
2015-10-23,0.007585613,0.007585747,0.007548107,0.007496668,0.007525487,0.007539777,0.0075255763,0.007586075,0.0075103175,0.007488651,0.0075582843,0.0075701904,0.0074403863,0.0076022428,0.0075404923,0.007564185,0.0074978303,0.0074864607,0.0075621735,0.0075528305
2015-10-26,0.0075178277,0.0075333696,0.007428495,0.0074593555,0.007472573,0.007458372,0.0074927043,0.0075380933,0.0074531864,0.0074136537,0.007521389,0.0074094515,0.0074411016,0.007562725,0.007491095,0.0075109284,0.0074606966,0.0074385833,0.007516874,0.00748202
2015-10-27,0.0075154733,0.007533161,0.0074587446,0.0074591916,0.007451726,0.0074592363,0.007491721,0.0075404327,0.0074646156,0.0074208807,0.0075148772,0.0073886197,0.007411165,0.0075589996,0.007489009,0.00751525,0.0074606966,0.0074188244,0.007519422,0.0074445587
2015-10-28,0.007521583,0.0075275134,0.0074570607,0.007432131,0.0074805897,0.0074951034,0.0075046252,0.0075416844,0.0074596833,0.007431535,0.007522328,0.0074714553,0.007469354,0.00756572,0.007497398,0.0075236987,0.0074735414,0.007454453,0.0075350087,0.007461397
2015-10-29,0.006238846,0.0062359106,0.006151868,0.0061344337,0.0061845016,0.00620657,0.006212903,0.0062526595,0.0061630886,0.006127028,0.006235881,0.0061516,0.006191088,0.0062729996,0.0062123667,0.006234346,0.006181849,0.00612597,0.0062398743,0.006198181
2015-10-30,0.0059900414,0.005994661,0.0058805924,0.0058642756,0.005943401,0.005941583,0.0059619527,0.0060068946,0.005908681,0.0058663767,0.0059826504,0.0058900844,0.0058950316,0.006022541,0.005954964,0.005983917,0.005930228,0.0058989506,0.0059826057,0.0059529226
2015-11-02,0.007235525,0.00726117,0.007191075,0.00712326,0.0071899425,0.007182626,0.007224409,0.007253317,0.0072086435,0.007117374,0.007232962,0.007133363,0.0071701985,0.0072755944,0.00722277,0.007250814,0.0071869325,0.007146312,0.007240681,0.0072218906
2015-11-03,0.0075185876,0.0075304788,0.0074807834,0.007434128,0.007477669,0.0074699502,0.0074978154,0.007541297,0.0074696075,0.0073833745,0.007512925,0.0074013155,0.0074036997,0.0075487327,0.007495923,0.0075295847,0.0074606966,0.007455839,0.0075122844,0.0074890237
2015-11-04,0.0071826708,0.00718957,0.0071584415,0.0071399193,0.0071364325,0.0071403664,0.0071219783,0.0071614664,0.0071480107,0.0070833396,0.0071667563,0.007121904,0.0071171205,0.007204516,0.0071616005,0.0071768593,0.0071217995,0.0070918035,0.007171614,0.0071469825
2015-11-05,0.0075204354,0.0075219255,0.007500468,0.0074522924,0.0074838977,0.0074862223,0.0074590873,0.007508425,0.007478265,0.0073900353,0.007503016,0.0074508768,0.007446466,0.007544784,0.0074982177,0.007510362,0.0074606966,0.0074381065,0.007510258,0.0074842256
2015-11-06,0.007517172,0.0075232517,0.007504938,0.0074598026,0.0074846577,0.0074834507,0.007455496,0.0075074565,0.00746092,0.007445423,0.007509662,0.0074397754,0.0074261557,0.0075431,0.007491214,0.0075135212,0.0074606966,0.0074604433,0.007513223,0.007486729
2015-11-09,0.006675897,0.006683914,0.006673528,0.0066061895,0.0066516977,0.0066206437,0.0066422205,0.006674735,0.0066271853,0.0065643173,0.0066624265,0.006577594,0.0065553915,0.0067026895,0.006649999,0.0066695344,0.0066156667,0.0066114347,0.006666584,0.006651534
2015-11-10,0.007525323,0.0075356495,0.0075205397,0.0074622314,0.007493792,0.0074723344,0.0074909907,0.007519139,0.0074805897,0.007423578,0.007512508,0.007442696,0.0074362736,0.0075508934,0.007493643,0.0075101983,0.0074606966,0.0074482094,0.0075165015,0.0075032543
2015-11-11,0.0050341617,0.0050275903,0.0049633514,0.005054442,0.0050001424,0.0049995016,0.0050115567,0.005035354,0.0050061177,0.0049221646,0.0050239395,0.004956318,0.0049705934,0.005061133,0.0050040465,0.0050187986,0.004966585,0.004937304,0.005027188,0.0050086062
2015-11-12,0.007540716,0.007515652,0.0074682366,0.007533906,0.0074931066,0.0074854624,0.007502867,0.0074993502,0.007464437,0.0074056666,0.0075106155,0.007414831,0.0073865335,0.007546304,0.0074881893,0.007516591,0.007508142,0.007466821,0.007420255,0.0074785333
2015-11-13,0.0031595659,0.0031568687,0.0031102877,0.003178088,0.0030941945,0.0031151753,0.0031311046,0.0031371545,0.0030689966,0.0030423235,0.003139777,0.003045572,0.0030984562,0.003177492,0.003107084,0.0031438898,0.0031442624,0.003034709,0.0030103605,0.0031209867
2015-11-16,0.010253606,0.010250388,0.010156898,0.010274289,0.010200677,0.010197399,0.010217695,0.010234369,0.010176865,0.01013769,0.010228781,0.010146631,0.010118572,0.010263888,0.010196878,0.010230852,0.010221196,0.010175986,0.010093821,0.010199962
2015-11-17,0.0075241607,0.007520167,0.0074741077,0.0075644236,0.0074734967,0.0074830335,0.0075079035,0.0075456332,0.0074471515,0.007414235,0.0075131636,0.00742322,0.0074824225,0.007548822,0.0074878763,0.0075129997,0.0075259786,0.0074165445,0.007375015,0.0074832123
2015-11-18,0.0067338627,0.0067186486,0.0066584777,0.0067477655,0.006648613,0.006668506,0.006675763,0.0067447703,0.006629346,0.0066227596,0.006709693,0.0066268127,0.006651921,0.006740449,0.006650312,0.0067038815,0.0066642147,0.006608857,0.006635485,0.0066756587
2015-11-19,0.005289493,0.005281551,0.0051996093,0.005306704,0.00520478,0.005235551,0.0052241366,0.005302606,0.005178524,0.0052000564,0.005258573,0.0051831435,0.0052302163,0.0052954536,0.0052220356,0.005261762,0.005289076,0.0051627886,0.005187897,0.005236862
2015-11-20,0.007433338,0.0074064564,0.0074204784,0.007453738,0.0073458087,0.0073820036,0.007341368,0.007443471,0.007335631,0.0073191803,0.0074037444,0.00732678,0.007364629,0.0074415486,0.007365195,0.007408915,0.007433234,0.007292269,0.007323263,0.007371394
2015-11-23,0.0059881043,0.005968375,0.005968554,0.0060087126,0.005895568,0.0059413295,0.00588396,0.00599782,0.005877955,0.005881725,0.0059648883,0.0058857333,0.0059387516,0.005999757,0.005921779,0.0059669595,0.00599329,0.0058598053,0.005872814,0.0059369933
2015-11-24,0.0075463485,0.0075142365,0.007524414,0.007558031,0.0074685942,0.007500915,0.007484285,0.007558806,0.00743754,0.0074193906,0.00751896,0.0074147712,0.007428704,0.007554246,0.0074649584,0.0075198095,0.007532401,0.0074374657,0.007483123,0.0074764024
2015-11-25,0.0045927744,0.004567502,0.0045838486,0.004604308,0.00453919,0.004535375,0.004530905,0.004611103,0.004515318,0.00448486,0.0045595895,0.0044808667,0.004484577,0.0046026837,0.0045274477,0.0045751464,0.0046004932,0.004525749,0.0045256745,0.0045325737
2015-11-27,0.0034027826,0.0033640843,0.003388239,0.0034247618,0.0033561122,0.0033571701,0.003328262,0.0034236144,0.0033110213,0.0033070873,0.0033755582,0.0033025872,0.003288729,0.0034142267,0.003339721,0.0033842158,0.0034059267,0.003333239,0.0033016335,0.0033513438
2015-11-30,0.0075317305,0.0075268876,0.0075234454,0.0075640213,0.007483585,0.007496534,0.0074376743,0.0075645577,0.0074379127,0.0074706953,0.007518349,0.007474525,0.0074263196,0.007555632,0.0074682515,0.007524712,0.0075165313,0.007455377,0.0074319374,0.00749865
2015-12-01,0.0075178277,0.0075065475,0.0075231176,0.0075640213,0.0074846577,0.0074979793,0.0074206274,0.0075663757,0.0074482393,0.007464705,0.0075114947,0.00747448,0.007449163,0.0075537693,0.0074751657,0.007516412,0.0075471234,0.0074301492,0.0074543934,0.0074954014
2015-12-02,0.0066592675,0.006655855,0.006659059,0.006695656,0.0066624265,0.006605549,0.0065685343,0.006698264,0.006583778,0.0066119265,0.006652547,0.0066690277,0.006370185,0.0066867154,0.006649209,0.006659804,0.006685687,0.006548686,0.0065808874,0.0066619497
2015-12-03,0.007428212,0.0073583703,0.0073218476,0.0073908847,0.0073595773,0.007309718,0.007278068,0.007392613,0.0072956663,0.007267637,0.007338805,0.007342292,0.0070782583,0.0073798876,0.0073040407,0.007351769,0.0073790234,0.0072505306,0.0072789323,0.007352812
2015-12-04,0.007544337,0.0075409245,0.007449476,0.007558463,0.0075014066,0.0074790996,0.0074464213,0.007562576,0.007461263,0.007395981,0.0075088423,0.0074974876,0.0075096916,0.0075528603,0.0074660312,0.007521583,0.0074721854,0.007412104,0.007445989,0.0075034034
2015-12-07,0.006914554,0.0068436842,0.006755976,0.0068729054,0.0068745892,0.0067858826,0.0067486595,0.006868465,0.0067930054,0.0067323875,0.0068139266,0.0068481993,0.0065581184,0.006856395,0.006798519,0.006831078,0.0068505984,0.006770475,0.006780086,0.0068285298
2015-12-08,0.0085810255,0.008577643,0.008488698,0.008580057,0.008592917,0.008507622,0.008490948,0.008597044,0.008506073,0.008478118,0.008544145,0.008569507,0.008534132,0.0085887,0.00855851,0.008564888,0.00853139,0.008477805,0.008508576,0.008563919
2015-12-09,0.0059072655,0.0058635753,0.0057793837,0.0058676135,0.0058622193,0.0058096033,0.005769981,0.0058804583,0.005766822,0.0057445746,0.0058279317,0.005837975,0.0058136117,0.005874051,0.005809782,0.005854277,0.0058525633,0.0057457965,0.005794866,0.0058584046
2015-12-10,0.006843088,0.006845696,0.006703375,0.006778164,0.0066924375,0.0067180376,0.0066691767,0.0067959707,0.006706385,0.006662367,0.006741954,0.006746186,0.006439237,0.006786121,0.0067278575,0.0067640524,0.006771473,0.0066544544,0.0066927653,0.0067614894
2015-12-11,0.007582484,0.007540522,0.0074733924,0.007551117,0.0074826907,0.0074899625,0.00743754,0.0075513404,0.007467104,0.0074733924,0.0075016897,0.007495342,0.0074948203,0.0075481962,0.0074994396,0.0075274985,0.0075424146,0.0074130427,0.0074777137,0.0075065326
2015-12-14,0.006237982,0.006239949,0.0061634015,0.0062522274,0.006111188,0.0061771404,0.0061466377,0.006245194,0.006156249,0.006176321,0.006207077,0.0061649214,0.0061715078,0.0062563103,0.0061921906,0.006225912,0.0062131714,0.006098537,0.006198464,0.0061733406
2015-12-15,0.0075303745,0.0075264256,0.007461844,0.007547496,0.007427348,0.0074736755,0.007435946,0.0075451266,0.0074679535,0.0074853282,0.007496251,0.0074719023,0.0074658077,0.0075448584,0.0074949395,0.007523341,0.0075188708,0.0074296426,0.007499052,0.0074842256
2015-12-16,0.0071104895,0.0071002077,0.0070090126,0.007150529,0.0070309024,0.0070140045,0.0070058983,0.007091416,0.007002605,0.007072104,0.0070342403,0.007138042,0.0067664515,0.007085843,0.007044507,0.0070616137,0.0071010273,0.0070251506,0.0070780646,0.0070406776
2015-12-17,0.006709529,0.006713314,0.006639583,0.006737767,0.006576104,0.006657539,0.0066234153,0.006736098,0.0066487473,0.00667472,0.0066795032,0.0066825133,0.0066537242,0.006728811,0.0066830795,0.006698532,0.0067008715,0.0066807102,0.006628139,0.0066711884
2015-12-18,0.006492583,0.006500168,0.0064465385,0.0065870117,0.006443618,0.006461544,0.006426243,0.006516246,0.0064252,0.0064570587,0.006462915,0.0064828377,0.006175099,0.006514622,0.0064673703,0.0064816903,0.006510688,0.0065041315,0.0064440947,0.006449653
2015-12-21,0.00694838,0.006942151,0.00686997,0.0070333313,0.006909309,0.006911112,0.0068486165,0.0069665145,0.0068810116,0.0069092195,0.0069110077,0.0069536846,0.00661741,0.0069628935,0.0069161486,0.0069416594,0.006955875,0.0069381576,0.006857408,0.0068996977
2015-12-22,0.0075300764,0.007531805,0.0074579995,0.0075950604,0.0075050425,0.0075017344,0.007439656,0.0075512063,0.007466836,0.0075098556,0.007499365,0.007546691,0.007498173,0.0075495522,0.0075021517,0.0075264852,0.0074962657,0.007483674,0.007517768,0.007493941
2015-12-23,0.0033478122,0.003347082,0.0033017974,0.0033797603,0.003328709,0.0033182334,0.003261594,0.0033792388,0.0032733511,0.0032413285,0.0033265036,0.0033167284,0.0032983106,0.0033751857,0.003332762,0.0033482444,0.003347678,0.003326146,0.0033006202,0.0032895785
2015-12-24,0.007523684,0.007515339,0.0074506085,0.007663144,0.007452024,0.007492615,0.0074428003,0.007552592,0.0074412357,0.0075136255,0.007500721,0.0075787734,0.0072310995,0.0075513255,0.0075291973,0.007527573,0.007561771,0.0075231176,0.007448001,0.0074810963
2015-12-28,0.004748268,0.004740251,0.004663972,0.0048728716,0.0046790075,0.004709704,0.0046633314,0.004768772,0.004670618,0.0047271084,0.004725812,0.004787488,0.0044582617,0.004774524,0.0047458243,0.0047451835,0.0047806334,0.004743619,0.004690049,0.0047005843
2015-12-29,0.0074964594,0.0075168144,0.0074151736,0.0075491797,0.007494895,0.0075023156,0.0074899774,0.0075528603,0.007434411,0.0074560028,0.0075091105,0.0074601006,0.0074762832,0.007554872,0.0074866544,0.007515086,0.0075105857,0.007487951,0.007501377,0.0074785184
2015-12-30,0.0075011235,0.007505877,0.007417513,0.0075341146,0.0075240415,0.0074944776,0.007458998,0.007537646,0.0074661504,0.007487176,0.00749786,0.007460607,0.007462306,0.007549269,0.0074946713,0.0075182,0.0074835997,0.007509811,0.0074878465,0.007475449
2015-12-31,0.0048057716,0.0048106294,0.0047121923,0.0049422365,0.0047956835,0.0047996324,0.0047612023,0.0048430543,0.0047381055,0.0047767144,0.0048051607,0.0048557203,0.004531352,0.004850788,0.0048497897,0.004815055,0.004851667,0.004863275,0.004760159,0.0047768634
2016-01-04,0.0029055309,0.0029086154,0.0028775018,0.0030537527,0.002910627,0.0029069614,0.0028904658,0.0029459577,0.002854405,0.0028833877,0.0029062312,0.0029613506,0.0026351642,0.0029515307,0.0029603224,0.002920149,0.0029580425,0.0029669236,0.002861632,0.0028686952
2016-01-05,0.0075175893,0.0075174402,0.007482825,0.0076142233,0.007509334,0.007521732,0.0074812304,0.007548867,0.007467,0.00748354,0.007514743,0.0075376015,0.007209895,0.0075548124,0.007536931,0.00753407,0.0075386446,0.007518066,0.0074607264,0.007483674
2016-01-06,0.0071278047,0.007124571,0.007078631,0.0071502905,0.0071302187,0.007110847,0.0070613604,0.007156683,0.007080091,0.00711192,0.007111026,0.0070678275,0.007077826,0.0071596783,0.007099999,0.0071317833,0.0071240645,0.007105587,0.00708629,0.0070927273
2016-01-07,0.0075200927,0.007541297,0.0074664336,0.0076625627,0.0074901264,0.0074897837,0.007430775,0.0075468402,0.0074857157,0.0075041633,0.0074978154,0.007514311,0.007238416,0.0075431895,0.007525934,0.0075152945,0.0075627845,0.007541446,0.0075089764,0.0074843448
2016-01-08,0.007871805,0.007873429,0.007810248,0.0079977345,0.007845325,0.007823734,0.0077888947,0.007880358,0.007824538,0.007846145,0.00783178,0.007871015,0.0075733047,0.007879896,0.007866768,0.007867305,0.0078955125,0.007880954,0.007866485,0.007826654
2016-01-11,0.0073497277,0.0073334556,0.007274462,0.0074922573,0.007348476,0.00730416,0.0072589796,0.007364152,0.0072758477,0.0073311906,0.0073117297,0.007362662,0.0070513617,0.0073577296,0.007424025,0.0073442142,0.007378353,0.007379709,0.0072605144,0.007286815
2016-01-12,0.007547168,0.0075430553,0.00747527,0.007555766,0.0075248014,0.0074994992,0.007451026,0.007550372,0.0074905735,0.0075199287,0.007503895,0.0074623805,0.0074765068,0.0075498056,0.0075119715,0.007536484,0.007515995,0.007494731,0.0074604284,0.0074923467
2016-01-13,0.007509662,0.007534189,0.0074798595,0.0076641273,0.007522447,0.0075021666,0.0074412655,0.007550819,0.007449044,0.0074471366,0.007496519,0.007572381,0.0072410535,0.007544933,0.007561175,0.0075213592,0.0075606834,0.007564379,0.007508306,0.0074850004
2016-01-14,0.0049444567,0.0049551707,0.004898859,0.0051005464,0.004941119,0.0049208235,0.004840074,0.0049678367,0.0048887413,0.004907025,0.0049293917,0.0049678814,0.0046784263,0.0049781334,0.0049210917,0.0050124805,0.0049984585,0.0049816053,0.0049085747,0.0049069654
2016-01-15,0.0074982625,0.007498039,0.0074725877,0.0075989645,0.007526351,0.0074896645,0.0074407887,0.0075291377,0.0074393284,0.0074236672,0.007489724,0.0075008254,0.007506488,0.0075359177,0.0075348,0.007490067,0.0075395983,0.007511137,0.007440252,0.007467402
2016-01-19,0.0077242535,0.0077334326,0.0076916944,0.007756157,0.0077194404,0.007701678,0.0076434147,0.007746918,0.007650165,0.0076716226,0.0077055823,0.007647706,0.007685242,0.007756157,0.007677568,0.0077218693,0.007723434,0.007672472,0.0076750647,0.007700024
2016-01-20,0.007486595,0.0075069945,0.0074889343,0.007589264,0.0075168144,0.0074905287,0.007450057,0.0075380336,0.0074361395,0.007468788,0.007491125,0.007414086,0.007497726,0.007542206,0.0075126123,0.0075024497,0.0075334143,0.007508112,0.0074762832,0.0074682664
2016-01-21,0.0063867997,0.0064373594,0.006412668,0.0065114032,0.0064194333,0.0064223837,0.0063408,0.0064589065,0.00639507,0.0063889753,0.0064133834,0.006363077,0.006331144,0.006465761,0.006410001,0.0064748954,0.0064554494,0.0064266603,0.0063598286,0.0063931625
2016-01-22,0.007507695,0.0075253677,0.0074875634,0.007544918,0.007494403,0.007492719,0.0074267965,0.0075439196,0.007482929,0.007487906,0.007492913,0.0073832106,0.0073930454,0.0075472724,0.007496981,0.0075148474,0.007517917,0.007468624,0.007446466,0.007500736
2016-01-25,0.0064528864,0.006460486,0.006436376,0.006482629,0.006432904,0.006441025,0.006336091,0.0064897817,0.0064302664,0.0064173173,0.0064340066,0.0063325297,0.006333856,0.0064849835,0.006445555,0.006449459,0.0064641368,0.0064210873,0.0063646566,0.0064228307
2016-01-26,0.00751373,0.0075097512,0.0074903946,0.0075415354,0.0074902307,0.007493941,0.0074208956,0.0075478684,0.0074839573,0.00748056,0.0074929874,0.007442666,0.0074100923,0.0075454395,0.0075004976,0.0075178575,0.007518498,0.007470442,0.0074454974,0.007498784
2016-01-27,0.00030427985,0.00029386394,0.00024397485,0.0003240388,0.00024948828,0.0002599489,0.00018271618,0.00031368248,0.00025293045,0.0002627354,0.0002638083,0.00018383376,0.00022837333,0.00031682663,0.00027255528,0.00028922968,0.00029164366,0.00023525767,0.00021330826,0.0002727341
2016-01-28,0.0076790284,0.0076680165,0.0076244455,0.007682098,0.007618202,0.0076329093,0.007563947,0.0076896828,0.0076259654,0.0076313,0.007636396,0.0075274687,0.007638244,0.007686643,0.007641135,0.0076615345,0.007661028,0.007594226,0.0075965654,0.007636262
2016-01-29,0.0066346955,0.006601898,0.006585462,0.006629465,0.006561054,0.0065508466,0.0065383147,0.006641878,0.006557567,0.0065733325,0.006588204,0.0065578353,0.0065366607,0.0066398215,0.0065826457,0.006622521,0.0065983515,0.006556077,0.006525291,0.006595863
2016-02-01,0.007233409,0.007188035,0.0071774106,0.007224856,0.0071609,0.0071406644,0.0071304273,0.0072300266,0.0071664285,0.0071772914,0.007180689,0.0071502905,0.0070854705,0.007229699,0.007175667,0.0072139334,0.007198794,0.007167531,0.007132126,0.007168753
2016-02-02,0.007547779,0.0075142514,0.0075059216,0.007558806,0.0074721556,0.00747299,0.0074813496,0.007562412,0.007495774,0.0075134616,0.0075127315,0.0074843895,0.0074539017,0.0075628143,0.007503016,0.007545514,0.007532863,0.0074789803,0.0074278098,0.0074895304
2016-02-03,0.0075567197,0.007509915,0.0075154584,0.0075576734,0.0074694585,0.0074693244,0.0074949693,0.0075684916,0.0074900817,0.0075073373,0.0075149965,0.007483868,0.0074131917,0.007567702,0.007504029,0.007546721,0.0075341146,0.0074685793,0.0074752998,0.0074985456
2016-02-04,0.007535232,0.007521538,0.0075225215,0.007555602,0.007439701,0.0074600857,0.007506026,0.007567508,0.007472543,0.007499097,0.0075180363,0.0074007493,0.007460488,0.007566033,0.007494865,0.007541312,0.007512836,0.0074263047,0.007475687,0.0074914824
2016-02-05,0.0075522047,0.0075149965,0.0075127017,0.007555781,0.007434694,0.0074601453,0.007504387,0.00756648,0.007477103,0.0075068604,0.007516546,0.0074525904,0.0074435156,0.007565988,0.0074957144,0.0075484198,0.007521732,0.0074156206,0.007479189,0.0075010043
2016-02-08,0.0058140587,0.0057702046,0.005774377,0.005825354,0.005736826,0.005732475,0.005783094,0.0058347266,0.0057409536,0.0057621133,0.005782826,0.005731402,0.0057142805,0.0058370065,0.0057641696,0.0058190804,0.005793838,0.005744798,0.0056786668,0.005764855
2016-02-09,0.0075490754,0.0075076204,0.0074955504,0.007555617,0.007498918,0.0074602645,0.0075020473,0.00755289,0.0074879657,0.0075059067,0.0075103026,0.007460488,0.007412387,0.007563425,0.007503731,0.007549761,0.007529421,0.0074985307,0.0074106883,0.0074921977
2016-02-10,0.0075600725,0.007533325,0.0075050276,0.0075570624,0.0074927043,0.0074602943,0.007502122,0.007556541,0.007490633,0.0075189453,0.0075125974,0.007482616,0.0075175595,0.0075668227,0.007507084,0.0075501334,0.007529674,0.0075146835,0.0074522924,0.007511003
2016-02-11,0.0075559746,0.0075346064,0.007509766,0.0075474065,0.0074861627,0.007460324,0.00750388,0.007561652,0.007476611,0.007501958,0.0075131785,0.007459609,0.007538123,0.0075649004,0.0075069647,0.0075498503,0.007504387,0.00748734,0.007462753,0.007505236
2016-02-12,0.006766079,0.0067430716,0.0067099016,0.006762458,0.0066944044,0.0066708457,0.006710915,0.006767435,0.0066999327,0.006722031,0.006723879,0.006670473,0.006775541,0.006775422,0.0067209434,0.00676137,0.0067385267,0.006738944,0.0066916626,0.0067195725
2016-02-16,0.0074002873,0.0073763262,0.007348029,0.007402582,0.007329447,0.0073028635,0.007341994,0.007394461,0.007330863,0.0073722284,0.007350577,0.007302327,0.0074159782,0.007408945,0.007344974,0.007389797,0.007378949,0.0073613357,0.0073131155,0.007346986
2016-02-17,0.007557122,0.0075324904,0.0075116884,0.0075582843,0.007460816,0.0074604135,0.0074985456,0.0075591486,0.007491542,0.007515697,0.007509513,0.0074601304,0.007570697,0.0075657796,0.007512016,0.0075467955,0.007533727,0.00751297,0.007474808,0.0074970108
2016-02-18,0.007562695,0.0075419378,0.0075116586,0.0075504016,0.007445706,0.0074604135,0.0074914377,0.0075591337,0.0074833315,0.0074970853,0.007510556,0.007460041,0.0074634235,0.00756496,0.0075122546,0.007539315,0.0075086337,0.0074741375,0.0074574184,0.0074916463
2016-02-19,0.009160576,0.009142814,0.009117706,0.009140326,0.0090812575,0.009073151,0.009047521,0.009160189,0.009106917,0.0091148,0.009115336,0.009073047,0.009073896,0.009169651,0.009120254,0.009145005,0.009113548,0.00911477,0.009032397,0.009098066
2016-02-22,0.006948037,0.006932048,0.0069135707,0.0069271903,0.0068543535,0.0068664085,0.0068600755,0.0069542658,0.0068946164,0.0068989974,0.0069096666,0.0068659466,0.0069098007,0.00696343,0.0069234204,0.006937517,0.00690083,0.006872086,0.006842388,0.006891651
2016-02-23,0.007537363,0.0075159054,0.007508768,0.007534785,0.0074539166,0.007460458,0.0074445587,0.0075481962,0.0074790996,0.007499246,0.0075086486,0.0074602794,0.007496996,0.007558508,0.007500289,0.007529853,0.007514043,0.00747448,0.0074352752,0.0074853133
2016-02-24,0.004536433,0.004515974,0.0045,0.0045283716,0.004482044,0.0044511836,0.0044670682,0.004542483,0.0044764113,0.004496185,0.0045015793,0.004450826,0.0044457596,0.0045508873,0.004489986,0.004521055,0.004502116,0.0044894647,0.0044486057,0.0044826996
2016-02-25,0.007533772,0.007522879,0.007513864,0.007543681,0.0074815433,0.007460488,0.0074768793,0.00754836,0.0074674767,0.0074756574,0.0075073373,0.0074599367,0.007422177,0.0075554084,0.0075025987,0.0075275283,0.0075087827,0.0074596535,0.007447509,0.007491557
2016-02-26,0.0080682915,0.008067934,0.00805874,0.008075712,0.008028178,0.008005558,0.008027373,0.008089615,0.008024214,0.0080263745,0.008054925,0.008004708,0.007958485,0.00809948,0.008058948,0.008078886,0.008043287,0.008014081,0.007988719,0.008038996
2016-02-29,0.0075208824,0.0075348,0.00751823,0.0075352024,0.007505847,0.007460518,0.007415382,0.007545499,0.0074848216,0.0074963104,0.0075077843,0.0074602347,0.0073938053,0.0075544994,0.007514445,0.0075362455,0.007500915,0.0074956845,0.0074792933,0.0075000506
2016-03-01,0.0075274687,0.0075314026,0.0075149518,0.0075331014,0.0075026583,0.0074605327,0.0074291807,0.0075477194,0.0074878912,0.007485835,0.007506443,0.00746019,0.007447643,0.0075543057,0.0074949395,0.0075421613,0.0075097065,0.0074910354,0.0074438285,0.007499365
2016-03-02,0.0075261574,0.0075274687,0.007518856,0.007510839,0.007507546,0.0074605476,0.0074103605,0.007548658,0.0074949097,0.007488517,0.007508589,0.007460175,0.0075171273,0.00755593,0.007513551,0.0075452607,0.00749561,0.00750011,0.0074158143,0.0074980836
2016-03-03,0.007530866,0.0075457077,0.0075259786,0.007507501,0.0074856114,0.0074605774,0.007415248,0.0075493585,0.007510064,0.007481916,0.007510854,0.00746016,0.0074996036,0.0075553637,0.007525174,0.007548256,0.007500319,0.0074590277,0.0074203294,0.007506622
2016-03-04,0.007524846,0.0075419378,0.0075377803,0.0074964594,0.0075195115,0.0074605923,0.0074087363,0.007552935,0.007501213,0.007486148,0.007508902,0.00746022,0.0075401496,0.00755891,0.007519467,0.0075436365,0.0075008404,0.007511301,0.0074233394,0.007501079
2016-03-07,0.008413447,0.00843711,0.008432208,0.008417441,0.008420391,0.008361844,0.008323936,0.008450491,0.008392675,0.00840248,0.00840242,0.008222206,0.008460967,0.008448048,0.0084058475,0.008434324,0.008406175,0.0084135365,0.008333771,0.008393912
2016-03-08,0.0075298827,0.0075301807,0.0075216126,0.007508917,0.007532103,0.007460637,0.0074364077,0.0075474065,0.0074954014,0.0075056236,0.0075024646,0.0074572247,0.007559998,0.0075523388,0.0075074267,0.0075367372,0.0075095575,0.007515831,0.0074632596,0.007488562
2016-03-09,0.007034598,0.0070164334,0.007021008,0.00697851,0.007020278,0.0069615375,0.006916402,0.007048128,0.006989969,0.0069947373,0.00700189,0.006966872,0.00706294,0.007055996,0.007010026,0.0070386063,0.0070037823,0.007016672,0.0069322716,0.0069836956
2016-03-10,0.0064730477,0.0064694267,0.006467847,0.006439043,0.0064568054,0.006404711,0.0063577723,0.0064938795,0.0064266156,0.006411774,0.006451754,0.0064097773,0.00648248,0.006502552,0.006440876,0.006488709,0.006454898,0.0064267647,0.0063590985,0.006439103
2016-03-11,0.0069344174,0.006923033,0.0069140773,0.0068816226,0.0069066565,0.0068576913,0.0068041515,0.0069496017,0.0068717133,0.0068768244,0.0069014262,0.0068930965,0.0069370996,0.0069533717,0.006889222,0.0069377106,0.00690162,0.0068856757,0.006812839,0.0068926644
2016-03-14,0.0075270366,0.0075427573,0.007522894,0.007494701,0.0075000655,0.0074606966,0.007429151,0.0075565707,0.007501228,0.007461248,0.007507665,0.007461829,0.0075240117,0.0075577926,0.0075051915,0.007541163,0.0075116437,0.0074765664,0.007427646,0.007497413
2016-03-15,0.0075261723,0.0075180363,0.0075084846,0.007511733,0.0075107943,0.0074606966,0.0074051004,0.0075520854,0.007491542,0.007492451,0.0075045507,0.007461084,0.0075531583,0.007553203,0.0075076055,0.0075428616,0.0075141024,0.0075061303,0.007421432,0.0074902307
2016-03-16,0.007262392,0.0072475057,0.007231815,0.0072455984,0.0072342586,0.007183267,0.007131083,0.0072769653,0.0072131883,0.0072006267,0.007227851,0.007183222,0.0072757583,0.007278187,0.007224364,0.0072669666,0.007233469,0.007229535,0.0071384143,0.007213218
2016-03-17,0.006136326,0.006141467,0.006100921,0.006112365,0.006110681,0.0060527157,0.0060416292,0.006148873,0.0060999226,0.006111173,0.006101636,0.006052686,0.006152315,0.0061510187,0.0061071496,0.0061363857,0.006110577,0.006102709,0.0060403477,0.0060877632
2016-03-18,0.006617693,0.006642131,0.0066033583,0.0066038202,0.006612016,0.0065494757,0.0065451395,0.0066513848,0.0066020023,0.006626589,0.0066034626,0.0065494906,0.006655587,0.006648464,0.0066102277,0.00663854,0.0066089313,0.006611107,0.0065546315,0.0065909903
2016-03-21,0.007608412,0.0076010358,0.0075803827,0.0075902026,0.007577,0.0075333845,0.007532669,0.007629035,0.0075670164,0.007577164,0.007578505,0.0075332057,0.0076070707,0.0076280367,0.0075719487,0.0076211374,0.007585285,0.0075541865,0.0075432193,0.0075620543
2016-03-22,0.007537795,0.007538585,0.007516889,0.007537199,0.007501764,0.0074606966,0.0074586254,0.007556392,0.0074989926,0.0074968915,0.0075098854,0.0074602794,0.007540373,0.0075570326,0.0075000506,0.0075452905,0.007518096,0.0074899923,0.0074673872,0.0074892025
2016-03-23,0.0075404476,0.007549135,0.0075187664,0.0075279754,0.0075175148,0.0074606966,0.007435782,0.0075585227,0.007501228,0.0075070094,0.0075103026,0.007460503,0.0075595956,0.0075593423,0.0075128656,0.007545395,0.0075089615,0.00751221,0.0074661057,0.0074908566
2016-03-24,0.0031572413,0.0031722765,0.003139032,0.0031516831,0.0031434428,0.0030778628,0.003065912,0.003180055,0.0031229984,0.0031279903,0.0031301808,0.003077371,0.0031841379,0.0031783115,0.0031272303,0.0031688195,0.0031339657,0.003136633,0.0030942392,0.0031139087
2016-03-28,0.0075435173,0.0075394046,0.0075208675,0.007533727,0.0074943136,0.0074606966,0.0074357074,0.0075546633,0.007493077,0.0074681323,0.0075099897,0.007460339,0.007532133,0.007555185,0.007497294,0.0075463634,0.0075094085,0.0074789654,0.0074691754,0.0074985307
2016-03-29,0.0075314622,0.007528333,0.0075187813,0.0075271707,0.007487057,0.0074606966,0.0074397456,0.007551132,0.0074802767,0.00747077,0.007503612,0.00746019,0.007525919,0.007552607,0.007494403,0.0075373333,0.0075049233,0.0074759256,0.007471038,0.0074981283
2016-03-30,0.0075480025,0.007536305,0.0075169634,0.007518543,0.0074980985,0.0074606966,0.007452039,0.00755742,0.0074685793,0.0074686836,0.0075056385,0.0074604433,0.0075263064,0.0075550657,0.007494895,0.0075452607,0.0074908864,0.007475404,0.007482378,0.007501496
2016-03-31,0.007478429,0.0075493287,0.007515488,0.007531671,0.007516457,0.0074606966,0.0074451845,0.0075603705,0.0074953865,0.0074965637,0.0075059514,0.00746624,0.0074246954,0.007553978,0.0075009596,0.0075380486,0.00750017,0.007501362,0.0074910503,0.0074906778
2016-04-01,0.00576639,0.005787192,0.005761696,0.0057756733,0.0057511013,0.005700482,0.0057027023,0.0058005136,0.0057454985,0.005782781,0.005750386,0.005705474,0.0057714116,0.0058009457,0.005742995,0.0057841074,0.0057442617,0.005746795,0.0057383757,0.00573696
2016-04-04,0.0075366776,0.007528601,0.007527394,0.0075414013,0.0074926,0.0074606966,0.0074630957,0.0075618457,0.0074816328,0.0074840467,0.0075086933,0.007463364,0.0075201374,0.0075576883,0.007498769,0.00753781,0.0075034183,0.007472573,0.0074931514,0.0075038206
2016-04-05,0.0075448137,0.0075388383,0.0075172614,0.0075116586,0.00750619,0.0074606966,0.0074666124,0.007562427,0.0074793976,0.007489769,0.007509364,0.0074625295,0.0075233113,0.0075592976,0.0074993502,0.007542802,0.007488994,0.0074834656,0.0074929427,0.0074950587
2016-04-06,0.004507495,0.0045197736,0.0045105796,0.004480673,0.004487766,0.004442496,0.004416926,0.0045467447,0.0044738036,0.004459841,0.004491342,0.0044620167,0.004503576,0.004540799,0.004495127,0.0045227986,0.004470123,0.004456846,0.004443316,0.0044833254
2016-04-07,0.0075411033,0.007537795,0.0075358283,0.0075270217,0.007511003,0.0074606966,0.0074073356,0.0075620394,0.0074771624,0.007494686,0.007511763,0.007460622,0.0075343978,0.007558627,0.0074935835,0.007539613,0.007497264,0.0074896347,0.0074403714,0.0075030904
2016-04-08,0.0075452607,0.007522939,0.0075289737,0.007535232,0.00750695,0.0074606966,0.007407753,0.0075612348,0.007479472,0.0074934196,0.007508097,0.007460503,0.007533772,0.0075571816,0.0074981283,0.0075323116,0.0075010937,0.0074927043,0.007462753,0.0074995738
2016-04-11,0.007349519,0.0073355716,0.007338045,0.00735241,0.0073230546,0.0072736125,0.0072571915,0.0073778015,0.007318286,0.0073162,0.007321326,0.0072725397,0.0073509794,0.0073699336,0.007320909,0.0073508304,0.0073271226,0.0073088687,0.0072961133,0.007309435
2016-04-12,0.007512046,0.007529376,0.007517634,0.007540522,0.0075109433,0.0074606966,0.0074557047,0.0075674187,0.007482825,0.0074752998,0.0075085294,0.007504372,0.007541878,0.0075574797,0.0075110327,0.0075059813,0.007511718,0.007499052,0.007522924,0.0074781906
2016-04-13,0.0058662724,0.005861653,0.0058466773,0.005850328,0.0058367383,0.0057884883,0.0057845693,0.005893497,0.005813239,0.0057620388,0.0058396887,0.0058495086,0.005866496,0.0058884304,0.005818052,0.0058531146,0.0058262628,0.0058196317,0.0058047306,0.0058415066
2016-04-14,0.0075348746,0.007538153,0.007507993,0.0075086784,0.0074879956,0.0074606966,0.0074245613,0.007562874,0.0074755084,0.007387204,0.007509155,0.007527305,0.007530881,0.007559223,0.0074851047,0.00752875,0.0074932855,0.0074754935,0.007465748,0.0075050276
2016-04-15,0.005189074,0.0051878225,0.0051826816,0.005170075,0.005194111,0.005126355,0.005087314,0.0052342843,0.005164413,0.0051722955,0.0051818024,0.005198745,0.005230097,0.00522591,0.005182354,0.0051918756,0.0051830094,0.0051951986,0.0051435363,0.005171476
2016-04-18,0.008529199,0.00852388,0.008501498,0.00849667,0.00851397,0.008460848,0.008405326,0.00856003,0.008500172,0.008465422,0.008509858,0.008574707,0.008542029,0.008558331,0.008504985,0.008520735,0.008496178,0.008490084,0.008473171,0.008484764
2016-04-19,0.0075250547,0.0075268727,0.007503731,0.007460354,0.007531179,0.0074606966,0.007445125,0.007562546,0.007496534,0.0074792784,0.0075121205,0.007578654,0.007556258,0.0075600427,0.007512925,0.0075210165,0.007504983,0.0075171124,0.007494269,0.007487921
2016-04-20,0.00752577,0.007531954,0.0075116884,0.0074599665,0.0075166356,0.0074606966,0.0074450355,0.0075624418,0.0074836444,0.007476343,0.0075142067,0.0075781327,0.0075339656,0.007558955,0.0075050276,0.007523326,0.007485522,0.007485671,0.0074785333,0.0074832123
2016-04-21,0.007522775,0.0075265598,0.0075078886,0.007459415,0.00755894,0.0074606966,0.007467849,0.007562874,0.0075120013,0.0075337123,0.007513283,0.0075802933,0.0075673293,0.007558329,0.0075109135,0.007534815,0.0075056683,0.007537855,0.0074838083,0.007477818
2016-04-22,0.007522268,0.007523669,0.007503925,0.0074593555,0.0075261425,0.0074606966,0.0074570607,0.0075663906,0.007506741,0.007480664,0.0075121503,0.007580815,0.0075446498,0.007557584,0.0074914526,0.0075301956,0.0074935537,0.0074800234,0.0074789207,0.007493658
2016-04-25,0.007529227,0.0075383466,0.0075080227,0.0074591767,0.0075481515,0.0074606966,0.0074570607,0.007565988,0.007498501,0.007489456,0.007513238,0.0075790863,0.0075623374,0.007557748,0.007496802,0.007533146,0.00750695,0.007523684,0.007485075,0.0075026583
2016-04-26,0.007517455,0.007533593,0.007509766,0.0074585956,0.0075294655,0.007455481,0.0074534994,0.007562069,0.0074673425,0.0074601453,0.0075055193,0.007550223,0.0075428765,0.007550491,0.0074923765,0.007527409,0.0075053107,0.0074858945,0.0074904095,0.007471515
2016-04-27,0.0073261242,0.0073446017,0.0073165577,0.007266147,0.0073447507,0.0072879624,0.007282881,0.0073216986,0.007292865,0.0073132347,0.0073136073,0.0073580723,0.007349519,0.007355256,0.0073114913,0.007338954,0.0073203277,0.007305233,0.0073004793,0.0072877686
2016-04-28,0.0059264135,0.005939735,0.0058929753,0.0058478247,0.005893467,0.005879147,0.005846007,0.0059143435,0.00587946,0.005909322,0.0059022885,0.005931614,0.0059082936,0.0059467535,0.005883528,0.0059286933,0.0059076827,0.005840106,0.005877821,0.0058783125
2016-04-29,0.0075290184,0.0075474363,0.0075069647,0.0074592065,0.007471649,0.0075033437,0.007441787,0.007548524,0.0075027775,0.007518066,0.0075107496,0.007469056,0.007488845,0.0075566005,0.0074563753,0.007547049,0.0075055044,0.0074105244,0.0074806344,0.0074839722
2016-05-02,0.0074411463,0.0074537676,0.0074183326,0.0073126685,0.0074058753,0.0073847454,0.0073586237,0.007460965,0.007399006,0.0074109714,0.0074240994,0.007412059,0.007431818,0.0074677747,0.007393388,0.00744438,0.0073915254,0.0073664766,0.007393224,0.0074082296
2016-05-03,0.0075308364,0.0075460654,0.007490335,0.0073838215,0.0074937474,0.0074782353,0.0074341428,0.007540358,0.00749634,0.007501466,0.007504789,0.0075068753,0.0075149965,0.007540701,0.0074726325,0.007536782,0.007463051,0.007448433,0.0074622165,0.007517768
2016-05-04,-0.0005173702,-0.0005074311,-0.000546189,-0.00064923055,-0.0005495716,-0.00056846626,-0.0006153155,-0.0005047042,-0.0005423296,-0.00053899176,-0.00053750165,-0.000534283,-0.0005140472,-0.0004970748,-0.0005624015,-0.0005151648,-0.00056854077,-0.0005833525,-0.000592323,-0.0005524326
2016-05-05,0.0075149965,0.007547958,0.0075050574,0.0073976796,0.0075111967,0.007473139,0.0074392837,0.0075458717,0.0074973386,0.007503478,0.007510675,0.007499097,0.0075498503,0.00754912,0.0074988287,0.0075335633,0.0074933153,0.0074937474,0.007469518,0.007486267
2016-05-06,0.004020093,0.0040286016,0.0040182304,0.0039354246,0.0039919745,0.0039778333,0.003956614,0.004051177,0.00398436,0.0039708894,0.004013164,0.0040067565,0.004021881,0.0040592533,0.0039767455,0.004028542,0.0039949846,0.003937168,0.003971992,0.003986908
2016-05-09,0.007528914,0.0075431745,0.0075116735,0.007451294,0.007492719,0.0074698906,0.0074479114,0.007540686,0.007490946,0.0074833017,0.007507561,0.0075222384,0.007529868,0.007548852,0.00749111,0.007524727,0.0074893516,0.007448433,0.007456137,0.0074900966
2016-05-10,0.0075265747,0.0075288545,0.0075305235,0.007493628,0.0075170677,0.0075021815,0.007480083,0.007549582,0.007485984,0.0074610543,0.00750692,0.00753404,0.0075341742,0.0075513553,0.007502569,0.0075332057,0.0074946713,0.007493479,0.0074724387,0.007495491
2016-05-11,0.006299181,0.0063162576,0.006281374,0.0062862914,0.006310357,0.00625108,0.0062657874,0.006327523,0.0062832218,0.006246431,0.0062803905,0.006299196,0.006328983,0.006315572,0.0062796753,0.0063185375,0.006275354,0.0062815826,0.006252272,0.0062924307
2016-05-12,0.007534636,0.007528348,0.007506175,0.0075302403,0.007530732,0.0074644666,0.007487623,0.007551817,0.0075163376,0.0073492806,0.0075086635,0.0075636487,0.0075583737,0.0075520705,0.007497279,0.0075445157,0.007526664,0.007499812,0.007482676,0.0075046252
2016-05-13,0.0075257253,0.007529093,0.007522924,0.0075300764,0.0075031053,0.0074914973,0.007469071,0.0075462144,0.0075101536,0.007353438,0.007510064,0.007565869,0.0075374823,0.007553814,0.007487951,0.0075466614,0.007518096,0.0074601304,0.007477982,0.007495789
2016-05-16,0.0075182747,0.0075134914,0.007521538,0.0075448435,0.007541282,0.007483242,0.0075024497,0.007540358,0.0074947905,0.007337479,0.0075090807,0.00756724,0.0075419825,0.007554425,0.0075027775,0.0075476747,0.007517485,0.00751373,0.0074908417,0.00749184
2016-05-17,0.007514579,0.007522268,0.0075151157,0.0075400453,0.0075339805,0.0074773114,0.007479502,0.0075505804,0.0074983817,0.0073776823,0.007506786,0.007535903,0.0075509083,0.007548718,0.007489426,0.007547168,0.0075171124,0.0074938517,0.007483853,0.0074973237
2016-05-18,0.0075178873,0.0075187366,0.007503448,0.0075348,0.007511614,0.0074631553,0.007473318,0.007536752,0.007418452,0.007346971,0.007506354,0.0075588357,0.007528601,0.0075493883,0.0074830037,0.007547749,0.0075126123,0.00745794,0.0074779373,0.0074970555
2016-05-19,0.0075290482,0.007533444,0.0075142067,0.0075196605,0.0075141024,0.007475121,0.007466493,0.0075560194,0.0074133556,0.007336227,0.00750771,0.0075494777,0.0075436365,0.007538868,0.0074902456,0.0075488817,0.007481156,0.0074746143,0.0074599218,0.0075243097
2016-05-20,0.008867143,0.008856965,0.0088466685,0.008860482,0.008840455,0.008807672,0.00881098,0.008887572,0.008785216,0.008672683,0.008839486,0.008864431,0.008845849,0.008876963,0.00880873,0.0088796,0.008805944,0.008796869,0.008817909,0.008841081
2016-05-23,0.006498335,0.0065060984,0.0064944755,0.0064901095,0.0064414274,0.0064595025,0.0064248126,0.0065220874,0.006432725,0.0063639265,0.006482525,0.0064963233,0.006443916,0.0065147113,0.0064130556,0.0065182727,0.006448908,0.0063921046,0.0064082574,0.006471975
2016-05-24,0.007523028,0.007542981,0.0075192135,0.0075104367,0.007506354,0.0074845683,0.0074498784,0.007549731,0.0074422043,0.0074896645,0.0075048935,0.007554723,0.0074946266,0.007539926,0.0074748676,0.007547898,0.007481141,0.0074834954,0.007450206,0.0075023305
2016-05-25,0.0069784652,0.0069945883,0.006942136,0.0069476943,0.006932376,0.006903542,0.0069013517,0.0069923233,0.0068939608,0.006936012,0.0069405716,0.0069905054,0.006935535,0.0069756936,0.0069082957,0.0069898646,0.006919725,0.0068937372,0.0068846624,0.0069628786
2016-05-26,0.007544903,0.007542832,0.0075363796,0.0075211357,0.007502569,0.0075056534,0.007425798,0.0075638425,0.007411493,0.007503642,0.0075101685,0.0075487327,0.007405041,0.0075506847,0.007469846,0.007545961,0.0074842256,0.0074690413,0.0074228775,0.007514147
2016-05-27,0.007547317,0.007543592,0.007546706,0.00752577,0.00745417,0.007511003,0.0074162167,0.007567046,0.00742024,0.0074652117,0.007508425,0.007552607,0.0073857736,0.007553948,0.0074436944,0.0075451713,0.007487191,0.0074152034,0.007411821,0.007511927
2016-05-31,0.007550178,0.007550163,0.0075510275,0.0075220596,0.007529868,0.0075130444,0.00740516,0.007565094,0.0074135642,0.0075124633,0.007510064,0.007557748,0.007489739,0.0075554084,0.007464139,0.007545231,0.007485224,0.007510675,0.007434739,0.0075084995
2016-06-01,0.007551862,0.007547004,0.007540835,0.0075045805,0.0075168144,0.007501764,0.0073998105,0.0075656604,0.00742252,0.0075249206,0.0075132977,0.0075480323,0.007352231,0.007549895,0.0074738245,0.007543428,0.007465927,0.007483868,0.0074254554,0.0075145345
2016-06-02,0.007549567,0.0075489115,0.0075456034,0.0075262915,0.007504387,0.0075054597,0.007452218,0.0075638425,0.007454766,0.0075083505,0.007514743,0.0075469147,0.0073972624,0.0075477194,0.0074644517,0.0075410735,0.0074845385,0.007464109,0.0074533653,0.0075114053
2016-06-03,0.008853985,0.0088547,0.008853404,0.008833764,0.00874923,0.008814363,0.008732585,0.008869646,0.008747367,0.008775173,0.008819906,0.008851929,0.008696033,0.008852227,0.008753641,0.008848069,0.008788494,0.008709533,0.008738173,0.008818774
2016-06-06,0.007406397,0.0074064266,0.0074028354,0.0073720794,0.007285727,0.0073572677,0.007265238,0.007417051,0.007290898,0.0073048007,0.007366834,0.0073983353,0.007281853,0.007403178,0.0072698426,0.0073951464,0.0073253643,0.007248221,0.007272927,0.0073707383
2016-06-07,0.0075492095,0.007545842,0.0075445753,0.007511435,0.0074661057,0.007501779,0.0074378382,0.007561384,0.0074222367,0.00749035,0.007511465,0.0075358283,0.0074147116,0.0075459015,0.007447673,0.0075382125,0.0074709486,0.0074343514,0.007438896,0.0075169336
2016-06-08,0.0071358215,0.007135762,0.0071281027,0.0071049165,0.0070521664,0.0070889574,0.0070494693,0.0071430635,0.007025374,0.0070489477,0.00709836,0.007114051,0.0070631187,0.007125957,0.0070099365,0.0071215164,0.0070599746,0.0070245247,0.0070497673,0.007093815
2016-06-09,0.006798787,0.0067991745,0.0067948382,0.0067594033,0.006762756,0.006759731,0.0067096185,0.0068073254,0.006683601,0.0067596417,0.0067655724,0.006782068,0.0067334455,0.006801082,0.0066981,0.0067907255,0.006711034,0.0067649614,0.0067144018,0.006766556
2016-06-10,0.007551877,0.0075537246,0.007547794,0.0074981283,0.0075035226,0.0075064283,0.0074852537,0.0075563025,0.007442681,0.007498903,0.0075142663,0.0075459015,0.0075020324,0.007557748,0.0074456315,0.0075420123,0.0074547958,0.0074938964,0.007474182,0.0075209867
2016-06-13,0.0061092954,0.006111292,0.0060985517,0.0060601663,0.006094901,0.006058229,0.006041942,0.0061114263,0.006007461,0.0060794186,0.006070031,0.0061069857,0.0059059393,0.0061079245,0.006028412,0.0060969424,0.0060192477,0.0060798656,0.006035177,0.0060800593
2016-06-14,0.0075487923,0.0075529646,0.007537661,0.0075078886,0.007529868,0.0074943285,0.007464273,0.0075511467,0.007445438,0.0075127315,0.0075125825,0.007530732,0.0074125957,0.0075401347,0.007479025,0.007539464,0.007459579,0.0074894708,0.007470323,0.00750619
2016-06-15,0.0033349376,0.0033352952,0.0033215713,0.0032918435,0.003324611,0.0032809954,0.0032657515,0.0033327322,0.0032304358,0.0033062976,0.0032973718,0.003326891,0.0031381529,0.0033248197,0.00325167,0.0033334475,0.0032494199,0.0032852422,0.0032647531,0.003293587
2016-06-16,0.0075461697,0.007552145,0.007533161,0.0075131785,0.007528601,0.007497994,0.007466806,0.0075484943,0.0074402075,0.0075151604,0.0075109433,0.0075418334,0.0073331874,0.0075398814,0.0074665826,0.0075410437,0.007476015,0.007488413,0.0074740034,0.0075047147
2016-06-17,0.007796658,0.0077988487,0.00778134,0.0077474248,0.007763369,0.0077406596,0.0077091884,0.007791443,0.007688431,0.007754309,0.007754935,0.0077853035,0.0076173376,0.007786108,0.007717518,0.00778128,0.007704569,0.0077179056,0.0077144187,0.007754756
2016-06-20,0.0072909277,0.0072951894,0.007267548,0.00724387,0.0072580855,0.0072301906,0.0072107743,0.007286979,0.0072393846,0.00724685,0.0072469395,0.0072888713,0.0071929526,0.0072790813,0.007195307,0.007281242,0.007212041,0.007221965,0.007210074,0.0072558057
2016-06-21,0.008257819,0.008258281,0.008225499,0.008216141,0.008220432,0.008189155,0.008175222,0.008248923,0.008201776,0.008188216,0.008211894,0.008255316,0.008064462,0.008240594,0.00815892,0.008250831,0.008175684,0.0081792455,0.008181853,0.008224605
2016-06-22,0.007559998,0.0075647216,0.007529093,0.0075151306,0.0075163376,0.007497726,0.0074784886,0.007550655,0.007513581,0.0074846726,0.0075142067,0.0075544547,0.007365791,0.0075485986,0.007460056,0.0075404923,0.00747749,0.007476015,0.0074887406,0.0075224023
2016-06-23,0.006996317,0.0070006084,0.006975664,0.006959347,0.006915344,0.0069468003,0.0068888795,0.006982697,0.0069443267,0.0068997126,0.006954355,0.006989209,0.006856812,0.0069838,0.006891189,0.00698076,0.0069096666,0.00686693,0.0069102626,0.0069679897
2016-06-24,0.007490052,0.0074955653,0.0074608307,0.007456092,0.007398514,0.0074338894,0.0073792916,0.007473169,0.007465435,0.0073628854,0.0074445438,0.0074806046,0.007330565,0.007473333,0.0073827934,0.0074783843,0.0074053835,0.0073530953,0.007404221,0.0074574333
2016-06-27,0.0065051,0.006506903,0.0064614546,0.0064560156,0.006400792,0.0064364355,0.0063933562,0.006486548,0.006453065,0.0063696485,0.006459398,0.006496651,0.0064162444,0.0064845067,0.006402774,0.006495727,0.006415261,0.006355999,0.0064225774,0.006468801
2016-06-28,0.0075573754,0.0075566303,0.0075202566,0.007521687,0.0075138193,0.0074849557,0.0074809324,0.007546408,0.007498158,0.0074756276,0.0075093787,0.007555751,0.0073921513,0.007544605,0.0074602645,0.0075292718,0.00744663,0.0074926447,0.0074878912,0.007519884
2016-06-29,0.0075569283,0.0075588506,0.0075215977,0.0074964296,0.0074923914,0.0074825864,0.0074656587,0.0075535458,0.0075133275,0.007502569,0.007516546,0.0075534713,0.0074990373,0.007557152,0.0074602496,0.0075484794,0.0074596386,0.0074614417,0.0074823033,0.0075231325
2016-06-30,0.007996945,0.007985054,0.007944105,0.0079363715,0.007897047,0.007909967,0.007915316,0.007991908,0.007935567,0.007883875,0.007953314,0.007975904,0.007945819,0.007998047,0.007902263,0.0079761725,0.007912008,0.007856278,0.007935775,0.0079390835
2016-07-01,0.0075594764,0.007537378,0.007493777,0.0074812453,0.0074682366,0.0074664485,0.0074737202,0.0075515937,0.0074842703,0.0074385535,0.0075101983,0.0075508934,0.0074914675,0.007554723,0.0074602645,0.0075356346,0.0074705016,0.0074400287,0.007502524,0.007502703
2016-07-05,0.0058733057,0.0058600586,0.005817814,0.005772231,0.005813552,0.0057979207,0.0058006775,0.005868761,0.0058243405,0.0057757776,0.005830912,0.0058692824,0.0057990085,0.005870579,0.0057753753,0.005855797,0.005785672,0.0057785343,0.0058256667,0.0058235954
2016-07-06,0.0075552147,0.007547764,0.0074998867,0.007513119,0.0074725132,0.0075237285,0.0074584913,0.0075529944,0.0075127613,0.0074688923,0.007554887,0.007549165,0.0071984213,0.007619245,0.007460324,0.0075677913,0.007460488,0.0074325036,0.0074969064,0.007492734
2016-07-07,0.0075573605,0.0075454246,0.0074952375,0.0074512046,0.0074739736,0.007464675,0.0074617993,0.007552637,0.0075077545,0.0074367058,0.007513268,0.007545514,0.007468296,0.007560907,0.007460339,0.007528497,0.0074590426,0.0074470025,0.0075008254,0.0075059664
2016-07-08,0.008141218,0.008184595,0.008089287,0.008092461,0.008058859,0.008068262,0.008041663,0.008134348,0.008077649,0.008018715,0.008145837,0.008126823,0.0077821594,0.0081356745,0.008041156,0.008185415,0.008042706,0.008025749,0.008078037,0.0081062
2016-07-11,0.008286772,0.008284314,0.008233158,0.008180378,0.008205561,0.008203624,0.008177517,0.008276833,0.008235855,0.0081659835,0.008243604,0.008270441,0.008192239,0.008283494,0.008187799,0.008281348,0.008179469,0.008168234,0.008207468,0.0082481485
2016-07-12,0.0075547826,0.0075431,0.0074994694,0.007542221,0.007442815,0.007499395,0.0074431878,0.007546736,0.0074727666,0.007422967,0.007598592,0.0075397473,0.007233454,0.0076600444,0.007460339,0.007639913,0.007448746,0.007404072,0.007474212,0.007530106
2016-07-13,0.007558776,0.0075445008,0.0074982475,0.0074382406,0.00748354,0.0074645113,0.0074634682,0.007552875,0.007510854,0.007441489,0.007515354,0.007549433,0.00747378,0.007556943,0.007460339,0.0075496715,0.0074489843,0.0074574184,0.0074840914,0.0075175297
2016-07-14,0.007560177,0.007591484,0.007511122,0.007470457,0.0074952524,0.00747378,0.007466076,0.0075552,0.0075160693,0.007458536,0.0075563323,0.007547794,0.0074967425,0.007556362,0.007460354,0.0075931083,0.0074432325,0.007466672,0.007483868,0.007539673
2016-07-15,0.007558359,0.007553352,0.0074961316,0.0074266028,0.0074723493,0.007455079,0.0074546468,0.0075475406,0.0075161587,0.007432325,0.007514132,0.007547779,0.0074656736,0.00755742,0.0074603986,0.0075556915,0.007441191,0.007434232,0.007467894,0.00752051
2016-07-18,0.008362068,0.008355377,0.008319614,0.0082829725,0.008318288,0.008265002,0.0082915705,0.008427365,0.008319287,0.008275805,0.008403657,0.008356048,0.008034853,0.00846344,0.008272408,0.008449091,0.008256642,0.008302836,0.008299736,0.0083520245
2016-07-19,0.007556392,0.007548405,0.0075146537,0.0074471068,0.0075380933,0.0074620973,0.0074940007,0.0075599384,0.007490335,0.007471515,0.007515488,0.0075442027,0.007469354,0.0075564515,0.0074604284,0.0075537544,0.0074456166,0.0075164717,0.007501526,0.0074942987
2016-07-20,0.007557852,0.007555289,0.0074923616,0.0074638706,0.007492123,0.007457016,0.007456286,0.0075574946,0.0075199287,0.00744207,0.0075132977,0.00753708,0.0074676108,0.0075573605,0.007460488,0.007544948,0.007444693,0.007444827,0.0074755084,0.007491855
2016-07-21,0.007556556,0.007545678,0.0075074863,0.0074452143,0.0074432623,0.007477848,0.00744815,0.0075572412,0.0074706506,0.007471515,0.007517142,0.0075364094,0.0074651074,0.0075584035,0.007460503,0.0075435173,0.0074418467,0.007398693,0.007468803,0.007498307
2016-07-22,0.008564202,0.008563591,0.008517085,0.008431254,0.008487536,0.00847183,0.008472009,0.008612452,0.008528201,0.008463813,0.008565618,0.008550523,0.008493928,0.00860375,0.008465407,0.008583454,0.00844538,0.008450566,0.008484213,0.008545412
2016-07-25,0.0075565707,0.007550938,0.007508574,0.0074236374,0.0074729305,0.00746846,0.007464526,0.0075588804,0.0075154435,0.0074216407,0.0075162333,0.0075440984,0.007460801,0.0075562876,0.007460622,0.007527737,0.007438658,0.0074290615,0.0074793827,0.0075116884
2016-07-26,0.007558195,0.0075561833,0.0075405817,0.0074355286,0.007436184,0.0074459147,0.007453708,0.007557614,0.007510541,0.007413892,0.007514624,0.0075470936,0.0074599665,0.0075558703,0.0074606817,0.007532699,0.0074465256,0.007398693,0.0074776392,0.007521121
2016-07-27,0.007563932,0.007549925,0.007540105,0.007430954,0.007460056,0.0074590426,0.007453276,0.007560281,0.007521121,0.0074245613,0.0075186323,0.0075508337,0.007460354,0.007557569,0.0074606817,0.0075395387,0.0074587893,0.0074419808,0.007470457,0.007511733
2016-07-28,0.0062689614,0.0062738936,0.0062320214,0.006164117,0.006173549,0.006147055,0.006195275,0.0062662493,0.0062386673,0.006163461,0.0062234383,0.006260602,0.006164117,0.0062621813,0.0061661284,0.00623527,0.006151123,0.006146757,0.0061950665,0.006201921
2016-07-29,0.0051052254,0.0051099192,0.005078582,0.004986508,0.00505851,0.004991753,0.0050435495,0.005105255,0.005062474,0.0050212275,0.005061863,0.005095152,0.0049995016,0.0051041674,0.005002184,0.005082993,0.0049885344,0.0050498974,0.005041791,0.00506155
2016-08-01,0.0077310186,0.0077408683,0.0076931696,0.007620482,0.0076288413,0.0076218527,0.0076092165,0.007735608,0.0076455455,0.0076469462,0.007692216,0.007709397,0.007632507,0.007732151,0.0076357108,0.0077199023,0.0076134335,0.007592438,0.007629512,0.007661445
2016-08-02,0.0075547528,0.007561071,0.0075065624,0.007433636,0.0074553173,0.0074338596,0.0074489545,0.007559506,0.007491378,0.007477535,0.007517187,0.0075370055,0.007459758,0.007556496,0.007460667,0.007546274,0.0074402075,0.0074153375,0.0074624848,0.0074907374
2016-08-03,0.0075597744,0.0075653326,0.007544441,0.007433368,0.0075074416,0.0074337255,0.0074779075,0.0076031517,0.007524116,0.007482214,0.0075562876,0.007548077,0.0071967077,0.0076123457,0.0074606817,0.0076105874,0.007459579,0.007480515,0.0074842405,0.007526366
2016-08-04,0.0075585674,0.0075636636,0.0075176936,0.0074429195,0.0075237136,0.007422788,0.007486416,0.0075487625,0.0075125974,0.007498784,0.007516755,0.00755067,0.007457195,0.0075537693,0.0074605923,0.0075541865,0.0074432325,0.0074919444,0.0074923616,0.007521404
2016-08-05,0.007549448,0.007565854,0.007505296,0.007429598,0.0074892174,0.0074400734,0.0074389707,0.007555289,0.007463513,0.0074585658,0.007515086,0.0075353514,0.0074647944,0.0075540375,0.0074606817,0.0075508785,0.007433189,0.007460801,0.0074635874,0.007517008
2016-08-08,0.0021948647,0.0022071134,0.0021508913,0.0020876806,0.0021128785,0.002092434,0.0021184813,0.0022071283,0.0021097343,0.0020965617,0.002164049,0.0021817815,0.002113415,0.0022051167,0.0021086615,0.0022027772,0.002085356,0.002071781,0.0021302532,0.0021441113
2016-08-09,0.007550014,0.007566316,0.0075477194,0.007429121,0.007473437,0.0074471068,0.00744286,0.0076004546,0.007465018,0.0074690264,0.007556258,0.0075350087,0.007486133,0.007597966,0.007460652,0.007597072,0.007438911,0.007425053,0.007461978,0.0074821096
2016-08-10,0.0075506847,0.007565124,0.0075342935,0.0074480157,0.0074865054,0.0074507575,0.0074830186,0.007558776,0.0074609797,0.0074905884,0.007511152,0.0075338464,0.0074605923,0.0075585227,0.007460667,0.0075516235,0.007440118,0.0074537974,0.0074891876,0.0074914526
2016-08-11,0.0075593125,0.007568104,0.0075255167,0.0074394625,0.007520942,0.007460056,0.007418556,0.0075645726,0.0075204205,0.007488651,0.007519735,0.007546885,0.007458953,0.007561816,0.0074606817,0.0075602215,0.00748655,0.0074995887,0.007462783,0.007506756
2016-08-12,0.007557912,0.0075623672,0.0075263213,0.0074383,0.007512642,0.007458953,0.0074346643,0.0075666886,0.007455526,0.007484494,0.007522909,0.0075412076,0.0074607413,0.0075638425,0.0074606817,0.007559998,0.007491855,0.007481886,0.0074815582,0.00749257
2016-08-15,0.007551519,0.007561816,0.007526798,0.0074456017,0.00753182,0.0074594,0.007412387,0.007566331,0.007451577,0.0075241458,0.0075142067,0.00753781,0.007459892,0.0075644683,0.0074606817,0.00756046,0.0074974727,0.0075167846,0.007492272,0.007493226
2016-08-16,0.0075536054,0.0075634997,0.0075407457,0.0074667465,0.0074922126,0.0075205695,0.007425783,0.0076282155,0.007453231,0.007478459,0.0075681787,0.0075432193,0.0071979742,0.0076232683,0.0074605476,0.0075579714,0.0074955802,0.007443158,0.0074717533,0.0074817073
2016-08-17,0.0034712832,0.0034721028,0.0034471136,0.0033835303,0.0034093242,0.003436802,0.0033164602,0.0035424512,0.0033719223,0.0033947509,0.0034897607,0.003448246,0.0031069499,0.0035373252,0.0033642184,0.0034674983,0.0034210663,0.0033652913,0.00337304,0.0033975523
2016-08-18,0.0075630974,0.007564543,0.0075089317,0.007426722,0.0074007045,0.007472558,0.0074148607,0.0075709503,0.007453544,0.0074550044,0.0075244885,0.0075323116,0.007474927,0.00756572,0.0074605923,0.0075629633,0.007491378,0.0074603986,0.007456539,0.007483674
2016-08-19,0.0057589095,0.0057696383,0.0057486724,0.005634425,0.0056324285,0.0056706946,0.005623428,0.0058417898,0.0056586247,0.0055969786,0.0057649296,0.0057325345,0.0054146927,0.0058347415,0.0056660157,0.0058244746,0.005690066,0.0056646746,0.0056557786,0.0057101827
2016-08-22,0.007244749,0.007247014,0.0072035473,0.007123692,0.0070779156,0.007209195,0.007122604,0.007296486,0.007187916,0.0070397984,0.0072505604,0.007221995,0.0071782153,0.00728981,0.0071415883,0.0072457325,0.007168768,0.007166816,0.00714661,0.00720918
2016-08-23,0.007561637,0.007564945,0.007523475,0.0074526947,0.0073603373,0.007531015,0.007460801,0.0076080244,0.0074568074,0.007440774,0.007564036,0.007551415,0.007495625,0.0076018553,0.0074605774,0.0075616967,0.0074866395,0.0074950587,0.0074688327,0.0074926596
2016-08-24,0.0072749984,0.0072901677,0.0072143357,0.0071778577,0.0070910733,0.007196663,0.0072053503,0.0072908234,0.0071786027,0.0071047377,0.007244719,0.0072778147,0.0071908515,0.00728759,0.0071861576,0.0072841924,0.007207079,0.0072044265,0.0071995687,0.007235123
2016-08-25,0.0075558852,0.007563604,0.0075332504,0.007448731,0.007339714,0.0074579995,0.007478116,0.0076097827,0.007460354,0.0074721854,0.007557718,0.0075523984,0.0074908417,0.007603852,0.0074605774,0.007600097,0.0074771773,0.0074778628,0.0074742716,0.0074851345
2016-08-26,0.006611405,0.0066099595,0.0065398794,0.0064818244,0.0064232927,0.0065269303,0.0065170657,0.0066187065,0.006515993,0.0064754765,0.006587101,0.0066049527,0.006514339,0.006615294,0.0065127145,0.0066158753,0.0065247547,0.006472258,0.006519614,0.0065396857
2016-08-29,0.0062989276,0.006308658,0.006255744,0.0061742943,0.006106926,0.006199984,0.006214259,0.0063120555,0.0061983895,0.0061632823,0.006269647,0.0062932055,0.006204454,0.0063073616,0.006204648,0.006298093,0.0062271934,0.006194202,0.0062112045,0.0062440466
2016-08-30,0.007551981,0.0075588655,0.0074868035,0.0074192416,0.0073568057,0.0074465703,0.0074745845,0.0075626355,0.0074901264,0.0074061733,0.007520778,0.0075469147,0.007460622,0.0075594764,0.0074605625,0.007555319,0.00747676,0.007450698,0.007471336,0.0075131487
2016-08-31,0.0069776457,0.0069838297,0.006935818,0.0068525802,0.006796686,0.006873755,0.006916506,0.00699204,0.0069086533,0.0068525504,0.006951852,0.006977765,0.0068884175,0.006988181,0.006887762,0.0069879424,0.0069022905,0.0068852436,0.0069117527,0.0069568735
2016-09-01,0.006398661,0.0064005237,0.006358085,0.0062527936,0.0062472653,0.006292714,0.0062990617,0.0064108353,0.006346075,0.0063259583,0.0063740592,0.0063947868,0.006304113,0.0064059477,0.006303979,0.0064040106,0.006315751,0.0062489193,0.0063236486,0.0063550007
2016-09-02,0.0075541567,0.007562844,0.0075222384,0.0074090045,0.0074266624,0.0074477773,0.007449506,0.007566808,0.0074955355,0.007498784,0.0075240713,0.007555334,0.007460205,0.007564096,0.007460667,0.0075558405,0.0074719917,0.0074037593,0.007478295,0.007520793
2016-09-06,0.0075588655,0.0075573605,0.0074842405,0.007427154,0.0073894095,0.0074515175,0.0074230414,0.0075648557,0.007480247,0.007487161,0.007526038,0.007554708,0.0074598026,0.007559998,0.007460637,0.007560862,0.0074616205,0.0073919576,0.0074456614,0.0075169187
2016-09-07,0.0075457674,0.0075594466,0.007490484,0.007400317,0.0073726904,0.0074420404,0.007458372,0.007564096,0.0074684303,0.0074969362,0.007521553,0.007553188,0.0074604135,0.0075587463,0.007460667,0.0075538587,0.0074587595,0.0073921513,0.0074741375,0.0075061303
2016-09-08,0.006470157,0.006487785,0.006423248,0.006307317,0.0062792283,0.0063608866,0.006400479,0.0064860266,0.006415261,0.006383894,0.0064447057,0.00648096,0.0063838493,0.0064830165,0.006383745,0.006480826,0.006391613,0.0063189846,0.0064112823,0.0064344537
2016-09-09,0.007557271,0.007567821,0.00753404,0.007425664,0.007452054,0.0074493866,0.0074686687,0.0075665843,0.0074627083,0.007460488,0.007519884,0.007561369,0.0074553024,0.0075586718,0.0074606817,0.0075612497,0.0074789803,0.007394163,0.0074886065,0.007496489
2016-09-12,0.00755745,0.007564066,0.007467149,0.007410301,0.00743684,0.0074430984,0.007471649,0.0075650495,0.0074580144,0.007460369,0.007522432,0.0075590443,0.0074591916,0.0075623374,0.007402463,0.007561041,0.007463066,0.0073956233,0.007483525,0.0075172316
2016-09-13,0.0075498503,0.0075616967,0.007465033,0.0074311625,0.0074644964,0.0074470323,0.00746694,0.007567687,0.0074362736,0.0074602943,0.007524101,0.007562084,0.0074599367,0.007563172,0.007469712,0.007557107,0.0074761193,0.0074143093,0.00748357,0.0075201523
2016-09-14,0.006853057,0.006867571,0.0067698043,0.006813286,0.0067738425,0.006749509,0.006748585,0.006869523,0.0067485254,0.006761996,0.0068222266,0.0068576317,0.006761251,0.0068624895,0.0067826193,0.0068577807,0.0067522805,0.006816013,0.0067978185,0.0068192016
2016-09-15,0.007714687,0.007722644,0.0076366942,0.007668359,0.0076320153,0.0076182317,0.0076150727,0.0077245664,0.0076095294,0.0075222384,0.007674752,0.0077176075,0.0076176655,0.0077182334,0.007663099,0.007712392,0.007609425,0.0076870453,0.007654248,0.0076820087
2016-09-16,-0.000461014,-0.0004843492,-0.00051564164,-0.0005230177,-0.00057976134,-0.0005752761,-0.0005866159,-0.0004752744,-0.0006254483,-0.0006010402,-0.0004955996,-0.00051319785,-0.0008330364,-0.00048449822,-0.0006162394,-0.00046961196,-0.00059010275,-0.00050419755,-0.000545742,-0.00051562674
2016-09-19,0.0075398814,0.0075496715,0.0074636023,0.0075165015,0.00740966,0.0074573886,0.0074547064,0.007556943,0.0074368846,0.007442681,0.0075057726,0.007517157,0.0074649733,0.0075476,0.007455988,0.0075470638,0.0074485373,0.0075385105,0.007491825,0.0074992906
2016-09-20,0.00753936,0.007551221,0.007460771,0.007479323,0.0074542295,0.0074393135,0.007439671,0.007558061,0.007433085,0.00735393,0.007506741,0.007529987,0.007464243,0.0075451713,0.0074762832,0.0075460356,0.0074365865,0.007522179,0.007480724,0.007505743
2016-09-21,0.0075011384,0.007508142,0.0074096452,0.007367758,0.007425053,0.007391436,0.0073633622,0.0075092,0.007401092,0.007421581,0.007464109,0.0074352305,0.007413922,0.007502539,0.007469697,0.0074973833,0.0073869657,0.007430954,0.007408453,0.0074599963
2016-09-22,0.0056440663,0.0056126397,0.0055451375,0.0054581,0.005517764,0.0055134874,0.00547391,0.0056178104,0.005518852,0.0055266153,0.0056097787,0.0055264514,0.005541859,0.0056083035,0.005561186,0.005648939,0.005505545,0.0055223834,0.005516527,0.005594237
2016-09-23,0.005963905,0.0059808027,0.0058742743,0.005878521,0.0058794897,0.0058680456,0.0058665704,0.005974887,0.0058760773,0.005821733,0.0059354138,0.005897073,0.005870817,0.005973099,0.005924849,0.0059777033,0.005867092,0.00588846,0.0059176367,0.0059246253
2016-09-26,0.006059451,0.0060675424,0.0059646647,0.005974261,0.0060126316,0.0059754234,0.0059614014,0.006064264,0.0059669,0.0059117507,0.0060239416,0.0059802514,0.005966006,0.006058408,0.0060290974,0.006065367,0.0059612226,0.006013153,0.006005017,0.00601591
2016-09-27,0.007548688,0.007553814,0.0074607413,0.0074677,0.0074884575,0.007470919,0.007448731,0.007556496,0.0074895155,0.0074784886,0.007523088,0.0074759703,0.0074611437,0.0075513553,0.007490499,0.007552473,0.0074714404,0.0074310433,0.007478876,0.007512955
2016-09-28,0.0075389575,0.0075487625,0.0074606817,0.007459579,0.0074910354,0.007459892,0.0074304175,0.0075551104,0.0074902903,0.0074209254,0.0075149816,0.007487653,0.007454468,0.007545991,0.0074944627,0.007547496,0.0074616503,0.0074705314,0.0074620377,0.007512195
2016-09-29,0.0069594365,0.006976826,0.006880237,0.006883366,0.0069562774,0.0068952125,0.0068805646,0.006983487,0.0069139283,0.0068988483,0.006940348,0.0069063585,0.0068802517,0.006978346,0.006934462,0.006974412,0.0068748128,0.0069593173,0.006918354,0.0069441777
2016-09-30,0.008457137,0.008463068,0.008365599,0.008368311,0.008437915,0.008381782,0.008410869,0.008468879,0.008372588,0.008388517,0.008428453,0.008382855,0.008357672,0.008467628,0.008425383,0.00845824,0.008359848,0.008413924,0.0084123295,0.008406205
2016-10-03,0.008008955,0.008018998,0.007918833,0.007943375,0.007991759,0.007924793,0.0079158675,0.008020027,0.007972209,0.00793354,0.007972969,0.007946862,0.007917492,0.008021666,0.007987289,0.008012695,0.007917477,0.007979168,0.00796525,0.007961793
2016-10-04,0.007543249,0.0075574648,0.007460607,0.0074827354,0.0075406116,0.007470144,0.007456271,0.0075528305,0.0075073224,0.007483853,0.0075151604,0.0074974876,0.0074578803,0.007560892,0.007540269,0.007542042,0.0074594896,0.00751896,0.007507844,0.007501198
2016-10-05,0.0040576886,0.0040654074,0.0039683264,0.003967194,0.004015742,0.0039802026,0.0039607864,0.004067851,0.004024489,0.003968073,0.004027812,0.0040069055,0.003967194,0.0040708613,0.004055036,0.004060222,0.0039642733,0.0039491635,0.004009975,0.0040346812
2016-10-06,0.007547153,0.00756198,0.007460622,0.00745946,0.007556839,0.007462127,0.007463975,0.007564394,0.0075157117,0.007479353,0.007519884,0.00751522,0.0074587893,0.0075633656,0.0075428616,0.0075520407,0.0074551534,0.007470278,0.007482214,0.0074988287
2016-10-07,0.007603092,0.007569803,0.007460637,0.0074594,0.007636605,0.007469414,0.007458387,0.0075647514,0.0075434577,0.007496519,0.0075707417,0.007510511,0.007197274,0.007564185,0.007566033,0.007625846,0.0074560475,0.0074747186,0.0074871313,0.007517962
2016-10-10,0.00755067,0.0075699966,0.007460652,0.0074593704,0.0075737815,0.007471947,0.00745718,0.0075611155,0.0074789356,0.007479025,0.007525502,0.0075011533,0.0074624997,0.007566033,0.0075627696,0.007561771,0.00745794,0.0074750166,0.0075145643,0.007514311
2016-10-11,0.007541744,0.0075573903,0.007460652,0.007459102,0.007573677,0.0074643176,0.007459892,0.0075589996,0.0074655097,0.007501064,0.007521091,0.0074879806,0.0074673872,0.007563738,0.0075587314,0.0075574797,0.0074574184,0.007481916,0.00750689,0.0074797254
2016-10-12,0.007586805,0.007567508,0.007460667,0.00745946,0.007598309,0.007460637,0.007527394,0.0075652283,0.007542206,0.007503299,0.007525323,0.0074521583,0.007202549,0.0075648706,0.0075680744,0.0076131355,0.0074559133,0.007495953,0.0074987095,0.0075023156
2016-10-13,0.007588772,0.0075617116,0.007460667,0.00745946,0.007575197,0.0074569862,0.0074586403,0.0075638574,0.0074899625,0.007494388,0.007561622,0.0074759703,0.00749713,0.0075619053,0.0075674634,0.0075979065,0.0074555557,0.0074501466,0.007477535,0.0074895453
2016-10-14,0.007644249,0.007653458,0.007554425,0.007552771,0.0076303612,0.007551877,0.007550789,0.007658614,0.007552637,0.0075587314,0.0076157283,0.0076105725,0.0075612944,0.0076569747,0.0076572876,0.00764635,0.0075508337,0.007581843,0.0075961035,0.0075659137
2016-10-17,0.0068264734,0.0068299007,0.0067313593,0.0067298096,0.0067874026,0.006736411,0.006731389,0.0068375748,0.006727962,0.0067617875,0.0067915004,0.0067765545,0.0067367833,0.0068217497,0.006829379,0.0068279486,0.006726859,0.00672747,0.006766347,0.0067754667
2016-10-18,0.0075899493,0.007551877,0.007460652,0.007459728,0.007549612,0.0074548554,0.007491721,0.0075621884,0.0075256657,0.0074612033,0.0075190496,0.007431371,0.007489307,0.0075544994,0.0075466614,0.0075893383,0.0074527096,0.007460652,0.0074925404,0.0074778777
2016-10-19,0.007555647,0.0075386,0.007460667,0.007459296,0.0074906033,0.0074581336,0.007493807,0.0075632017,0.0074809324,0.0074608307,0.0075183045,0.0074685644,0.007436348,0.007560892,0.0075442027,0.007549925,0.007455526,0.0074833315,0.007484792,0.0074902605
2016-10-20,0.0075638425,0.0075466465,0.007460667,0.007459594,0.007474838,0.0074584614,0.0074640494,0.0075653177,0.007493196,0.0074605774,0.007520346,0.0073959064,0.007462157,0.0075634103,0.007543115,0.0075552296,0.007453425,0.007423563,0.0074830335,0.007508872
2016-10-21,0.0075553637,0.0075461995,0.007460667,0.007459311,0.007504655,0.0074577015,0.007461993,0.00756423,0.0074904542,0.007460458,0.007522417,0.0074569266,0.007461084,0.007555751,0.0075413417,0.0075531136,0.007454125,0.0074751806,0.0074961167,0.0075050127
2016-10-24,0.00755666,0.0075498056,0.007452218,0.007459758,0.0075187515,0.00746095,0.0074638557,0.0075604897,0.0075173657,0.007460354,0.007520331,0.0074798,0.007458521,0.0075614434,0.007541014,0.0075576287,0.0074536186,0.0074910503,0.0074953567,0.0075001847
2016-10-25,0.0075625163,0.007531626,0.007473005,0.0074590873,0.0074816626,0.0074605476,0.0074588936,0.007560177,0.0074910205,0.0074602794,0.007520063,0.0074110907,0.0074608754,0.007562412,0.007545484,0.0075469445,0.0074563157,0.007432563,0.0074892323,0.007476805
2016-10-26,0.009168563,0.0091539305,0.009067578,0.0090670865,0.009049548,0.009068174,0.009059055,0.009166775,0.009120492,0.009067891,0.009128286,0.009000538,0.009067861,0.009168981,0.009156255,0.009160323,0.00906433,0.0090119075,0.009085653,0.009107275
2016-10-27,0.0069895517,0.006977735,0.0068929177,0.006888209,0.006926356,0.0068873744,0.0068836343,0.0069937985,0.006930081,0.006889282,0.0069490355,0.006893171,0.0068882685,0.006996108,0.0069767814,0.006983189,0.0068856757,0.006896807,0.0069204103,0.006943045
2016-10-28,0.0075637084,0.007556794,0.0074635576,0.007459877,0.007533742,0.007460071,0.00749032,0.0075640213,0.007500468,0.00746022,0.0075175446,0.007509349,0.0074501615,0.007564841,0.0075462293,0.007556973,0.0074545722,0.007512016,0.0075025093,0.007505862
2016-10-31,0.007565571,0.0075394046,0.0074760746,0.0074596982,0.0075383764,0.0074602794,0.0074567925,0.0075634997,0.0075037014,0.0074602496,0.0075189304,0.007520778,0.0074602347,0.0075648706,0.0075516235,0.007555289,0.0074513834,0.0075226706,0.007496981,0.007503031
2016-11-01,0.007562978,0.0075428467,0.007458849,0.0074595194,0.0075029414,0.007460339,0.0074623656,0.0075630974,0.007502569,0.007460309,0.0075139236,0.0074287783,0.0074553024,0.0075647812,0.00755517,0.0075544696,0.007455824,0.0074703973,0.0074748825,0.007505996
2016-11-02,0.0058213305,0.0057440978,0.005722178,0.005644737,0.0057044458,0.005646376,0.0056405645,0.0057592224,0.0057396274,0.005645884,0.00570531,0.005675597,0.005379183,0.005756704,0.005747048,0.005816756,0.005643187,0.0056670588,0.005717082,0.0056910496
2016-11-03,0.0075619053,0.007550491,0.0074618887,0.007459147,0.007541133,0.007460339,0.007462023,0.0075701755,0.0074858796,0.007460324,0.0075169485,0.007497756,0.0074643325,0.007564215,0.0075657796,0.0075632017,0.0074584465,0.007507844,0.007499365,0.0075091105
2016-11-04,0.0042504203,0.0041703563,0.004085554,0.0040898006,0.0041768383,0.00409068,0.0041015875,0.0041968655,0.0041748267,0.0040905457,0.0041950773,0.0041180532,0.0038355123,0.0041953605,0.0041973423,0.0042550694,0.0040881913,0.0041409563,0.0041673314,0.0041365605
2016-11-07,0.007152019,0.0070661735,0.007027803,0.0070076566,0.007028563,0.0069777053,0.006975202,0.007086454,0.007066725,0.006977616,0.007087959,0.0069812518,0.0067237,0.0070824455,0.0070821475,0.007146133,0.0070242714,0.006978644,0.0070329737,0.0070097726
2016-11-08,0.0076045375,0.007554112,0.0074909013,0.007472841,0.0075074118,0.007460473,0.007474048,0.0075698625,0.0074987095,0.0074603986,0.0075235795,0.007424278,0.0074989777,0.0075644087,0.0075645726,0.0076034945,0.0074590873,0.007475449,0.0075216424,0.007497994
2016-11-09,0.00756423,0.0075623225,0.0074568074,0.0074666124,0.00750689,0.007460488,0.007464139,0.007570086,0.007462291,0.007460473,0.007524876,0.0074623954,0.0074738692,0.007565839,0.0075689536,0.007566659,0.007456733,0.0074676406,0.0074774157,0.0075000953
2016-11-10,0.0075906347,0.00755064,0.0075239222,0.007464556,0.0075349044,0.0074605327,0.0074803364,0.0075695645,0.007511301,0.0074560773,0.007561622,0.007490067,0.007495759,0.007560713,0.007559566,0.007591082,0.0075149965,0.0075211506,0.0074883234,0.0074933004
2016-11-11,0.0075889807,0.007543726,0.0075505506,0.0074960124,0.0074023884,0.007460518,0.0074299853,0.0076357406,0.0075060558,0.007474987,0.00760643,0.0074576866,0.0072280746,0.0076321345,0.007531939,0.0075555425,0.007542042,0.0074622016,0.007475434,0.0074747186
2016-11-14,0.006952284,0.0069529098,0.006905658,0.0068686884,0.006779773,0.0068688374,0.0068241637,0.0069811177,0.0068742167,0.0068804603,0.0069312137,0.0068667065,0.0068751406,0.0069684815,0.006930141,0.006926058,0.006914703,0.006823389,0.0068328213,0.006906001
2016-11-15,0.007747216,0.0077334475,0.0077009927,0.0076564085,0.0075698476,0.0076564234,0.0075841527,0.007767422,0.0076710563,0.0076896083,0.007716639,0.007587252,0.0076643955,0.0077607613,0.007727219,0.0077489596,0.0077156257,0.0076726656,0.0076006185,0.007698981
2016-11-16,0.007539017,0.007532729,0.0075119715,0.007460309,0.007422967,0.007460637,0.007385073,0.0075692516,0.0074798,0.0075146835,0.0075115543,0.0074659567,0.0074665975,0.007555036,0.007537199,0.0075537544,0.0074735116,0.0074970406,0.007407887,0.007496191
2016-11-17,0.007507829,0.007532118,0.007572485,0.0074990373,0.0074503403,0.0074697565,0.007396845,0.0076057743,0.0074640345,0.00751145,0.007551847,0.007452069,0.007487489,0.0075994413,0.007507248,0.0075148325,0.0075516533,0.007487593,0.0074059796,0.0075074267
2016-11-18,0.008521168,0.008533342,0.008512823,0.008515654,0.008429198,0.008478729,0.008407457,0.008568181,0.0084808,0.008518992,0.0085127335,0.008476881,0.008464022,0.008556409,0.008518828,0.008524461,0.008531092,0.0085045975,0.008432461,0.00850044
2016-11-21,0.00751519,0.0075235497,0.0075031053,0.0075214338,0.007441966,0.0074943583,0.007433174,0.007569192,0.0074740034,0.007521374,0.0075161885,0.0074128043,0.007460965,0.007559968,0.0075116586,0.0074814837,0.0075332206,0.007479949,0.0074966084,0.0074433815
2016-11-22,0.007520793,0.0075305086,0.007507069,0.007528363,0.007417215,0.0074783694,0.007422967,0.007628424,0.0074839424,0.0075330418,0.0075561833,0.007413132,0.0071978103,0.0076095294,0.0075171124,0.007495148,0.0075297933,0.0074891727,0.0074518602,0.007468445
2016-11-23,0.007542236,0.007548867,0.0074991863,0.007566346,0.0074261557,0.007488949,0.0074146073,0.0075718593,0.007489605,0.007531224,0.0075233113,0.0074896794,0.007467089,0.0075637233,0.0075155776,0.007519601,0.0075341444,0.0074956845,0.007444946,0.007485671
2016-11-25,0.005734129,0.0057234,0.0057015847,0.005747227,0.0056166034,0.005674435,0.005613668,0.00575733,0.0056716185,0.0057302397,0.0057136547,0.005676789,0.005656002,0.0057500135,0.0057014953,0.005713178,0.0057082158,0.0056806486,0.0056452733,0.005683927
2016-11-28,0.0064589065,0.0064382683,0.0064314585,0.0064777713,0.0063541215,0.0063993465,0.006342603,0.006548045,0.0063972007,0.006461261,0.006485222,0.0063732993,0.0061151367,0.0065395366,0.0064278673,0.0064002555,0.0064542275,0.0064013284,0.006415529,0.0064157825
2016-11-29,0.007541148,0.00754012,0.007550923,0.007564513,0.007482035,0.0074788164,0.007421462,0.0076123904,0.007468639,0.007520212,0.0075652134,0.007465882,0.0074966233,0.007607309,0.007502271,0.007499842,0.007550774,0.007502107,0.0074500125,0.0074982177
2016-11-30,0.0018382501,0.001838265,0.0018102955,0.0018609595,0.0017876606,0.0017541479,0.0017226022,0.0018596184,0.0017520767,0.0018102955,0.0018180292,0.0017433148,0.001761673,0.0018452983,0.0017871689,0.0017949026,0.0018255394,0.0017918181,0.0017622244,0.0018003862
2016-12-01,0.0075516533,0.007560296,0.007490365,0.0075632464,0.0074442606,0.0074601155,0.0074792337,0.007641984,0.0073893797,0.0075310003,0.0075755846,0.007466344,0.0072023403,0.0076273065,0.007435901,0.007540522,0.007539941,0.007490663,0.007491274,0.007508008
2016-12-02,0.0057482403,0.005754901,0.005679084,0.0057585817,0.0056814235,0.005650444,0.005653618,0.0058170836,0.00563368,0.0057418626,0.005768327,0.005668102,0.005687667,0.0058052074,0.0057117473,0.0057325196,0.0057515185,0.0056655686,0.0057593565,0.0057218056
2016-12-05,0.0075505655,0.0075624567,0.0074807685,0.0075666737,0.0074279886,0.007460518,0.007457016,0.007572977,0.007447524,0.007551519,0.0075266194,0.007473169,0.007469101,0.0075683426,0.007530568,0.0075437557,0.0075335037,0.007490335,0.007511748,0.0075145196
2016-12-06,0.0075333547,0.007564498,0.0074806195,0.0075658094,0.007384209,0.0074534696,0.0074378084,0.007574348,0.0074561667,0.0075546484,0.0075231325,0.0074921977,0.0074662995,0.0075568687,0.007530762,0.0075345915,0.0075319987,0.007431848,0.0075154286,0.0075012725
2016-12-07,0.0043852907,0.0044122767,0.0043055993,0.004404081,0.0042365026,0.0043045413,0.0042976122,0.004459737,0.0043182354,0.0044008773,0.004410399,0.004307,0.0043335985,0.0044490676,0.004381148,0.0043802094,0.0043834727,0.004397569,0.00435598,0.0043563526
2016-12-08,0.0075529497,0.0075559746,0.0074952524,0.007559238,0.0074533056,0.0074600857,0.0074306857,0.0075710844,0.0074580144,0.0075584184,0.007523043,0.007458819,0.007461725,0.007565452,0.007501049,0.0075466614,0.0075240415,0.007511465,0.0075054895,0.007507382
2016-12-09,0.0068878066,0.0068840813,0.0068328064,0.0069027822,0.0067761224,0.0068002176,0.0067682695,0.0069104414,0.0067866426,0.006895272,0.006863145,0.006799383,0.006801484,0.0069051515,0.0068780463,0.006877823,0.006870581,0.0067725014,0.00684133,0.0068494957
2016-12-12,0.0075317603,0.007534532,0.0074765068,0.0075602066,0.0074395817,0.0074596237,0.007469503,0.0075665694,0.007447792,0.007553695,0.007522283,0.007467298,0.007461427,0.0075624418,0.007493211,0.0075394195,0.007525785,0.0075003784,0.0075003486,0.007512791
2016-12-13,0.007507099,0.0075252634,0.007467238,0.0075598937,0.007430343,0.0074571352,0.007465912,0.007566316,0.007450698,0.007548837,0.007516844,0.0074381363,0.007434232,0.0075580757,0.007497592,0.007543726,0.007521404,0.007499991,0.0074868184,0.0075031053
2016-12-14,0.004745854,0.0047658514,0.004718004,0.004814921,0.0046696793,0.004702119,0.0047170054,0.0048815142,0.0046990197,0.004864631,0.0047640633,0.0046992134,0.0044471603,0.004806323,0.004733531,0.004789753,0.004786445,0.004787443,0.004762156,0.00475171
2016-12-15,0.006735308,0.006741343,0.0066948216,0.006793959,0.0066054296,0.006683884,0.006685091,0.0068034064,0.006737454,0.0067848396,0.00674407,0.006677313,0.0066976678,0.00679153,0.006734727,0.0067661535,0.006759001,0.0067256372,0.0066961776,0.0067336243
2016-12-16,0.0051743668,0.0051941257,0.005146442,0.005225612,0.00507739,0.005121572,0.0051525068,0.0052391123,0.005147619,0.005226506,0.0051853787,0.0051341485,0.0051389616,0.005227087,0.005123077,0.0052123796,0.0051878225,0.0051065665,0.005143417,0.0051666778
2016-12-19,0.0074938964,0.0074973386,0.0074560624,0.007514013,0.007325841,0.00741571,0.0074373167,0.0075288694,0.007443322,0.007516397,0.0074718725,0.0074069332,0.0074235033,0.007515637,0.007410703,0.007479189,0.0074829888,0.0073953997,0.007438211,0.0074596535
2016-12-20,0.007531492,0.007536767,0.007492749,0.007556228,0.0073768627,0.0074513983,0.0074872654,0.0076108705,0.0074906927,0.007600231,0.007516576,0.007460935,0.007489709,0.007558821,0.0074195843,0.0075254124,0.0075409543,0.0074703824,0.0075236093,0.007496847
2016-12-21,0.0050073843,0.004979981,0.0049340706,0.0050253253,0.0048723053,0.0049162935,0.004941253,0.0050340127,0.004960982,0.005023582,0.004985301,0.0049577933,0.004919512,0.0050257575,0.004967613,0.0049957614,0.004995687,0.0049570184,0.004953293,0.0049671363
2016-12-22,0.007542519,0.0075310003,0.0074864756,0.007551832,0.00741799,0.007451294,0.007452486,0.007566644,0.0074996185,0.007557763,0.0075137746,0.0074919295,0.007456718,0.007555319,0.007435588,0.0075216424,0.007527096,0.007418094,0.00748731,0.007500438
2016-12-23,0.007802842,0.00777757,0.0077279788,0.0078045707,0.0076534133,0.00771123,0.007668404,0.007818846,0.007757781,0.007804213,0.007774232,0.007727651,0.007714046,0.007813586,0.007699592,0.007793857,0.00777754,0.0076924544,0.0077102315,0.007759301
2016-12-27,0.00061106496,0.0005850028,0.0005190652,0.00062022917,0.00044452958,0.00052621774,0.0004832577,0.0006332081,0.0005667638,0.0006155502,0.00058807246,0.0005332213,0.00052881055,0.0006308537,0.0005049389,0.0006106179,0.0005886238,0.00050084107,0.0005169641,0.0005806964
2016-12-28,0.007486714,0.0074840467,0.007421283,0.007546691,0.007381035,0.007518543,0.0073993783,0.007633088,0.007493077,0.007562978,0.007517917,0.0075045805,0.0071944576,0.007623477,0.0074602496,0.0074890982,0.007538108,0.00744137,0.0074423533,0.007506637
2016-12-29,0.007481022,0.007495312,0.0074502807,0.0075533967,0.007452501,0.007528199,0.0074011367,0.007639019,0.007496698,0.007559506,0.0075212847,0.007526664,0.0071988385,0.007626919,0.0074601304,0.0074662995,0.007540552,0.007440416,0.007444961,0.0075054895
2016-12-30,0.007465435,0.007491363,0.007439522,0.007550044,0.00741273,0.007517455,0.007404415,0.0075718593,0.0074837636,0.007535873,0.00752203,0.007517768,0.0074581634,0.0075663906,0.00744438,0.0074633043,0.007526545,0.00740668,0.00743304,0.0075047594
2017-01-03,0.00933492,0.009373767,0.009323074,0.009403346,0.009284509,0.009378148,0.0092816185,0.009419439,0.0093490165,0.009395627,0.009365572,0.009381412,0.009320749,0.009417934,0.009323059,0.009355916,0.009383528,0.009263007,0.009309737,0.009361206
2017-01-04,0.0074866097,0.007518528,0.0074762087,0.0075531285,0.007482646,0.007544441,0.007444022,0.007604284,0.007542623,0.0075955223,0.0075115096,0.0075703096,0.0074917655,0.007600842,0.007490767,0.0075053107,0.0075472426,0.0074700695,0.007472245,0.007508872
2017-01-05,0.007914303,0.007941319,0.00789596,0.008010952,0.007896824,0.007991133,0.007869719,0.008057518,0.007997585,0.008033035,0.007965444,0.00801873,0.007937638,0.008051513,0.007915406,0.007909698,0.008001817,0.007843388,0.007879717,0.007952614
2017-01-06,0.00745794,0.007501973,0.007481886,0.007565243,0.007442219,0.0075448584,0.007420359,0.0075692963,0.0075036567,0.0075487327,0.0075106453,0.0075733494,0.0074617993,0.0075649004,0.0074406546,0.00752729,0.007539762,0.0073964726,0.007443724,0.0075045507
2017-01-09,0.006750984,0.006751446,0.0067147743,0.0067925584,0.0066546034,0.0067771655,0.0066496413,0.0067934226,0.0067357253,0.0067699384,0.006747378,0.006800575,0.0066875797,0.0067918133,0.0066741686,0.006722627,0.006766496,0.006673498,0.0066512506,0.0067263525
2017-01-10,0.007536439,0.007529257,0.007493226,0.007636158,0.007422356,0.0075472873,0.0074307453,0.0076282006,0.0075345617,0.007572187,0.0075198393,0.0075730067,0.007195307,0.0076238494,0.007431997,0.0074955057,0.007536648,0.0074154716,0.007446898,0.0075059067
2017-01-11,0.0055745672,0.005612282,0.0055786353,0.005662648,0.005499495,0.0056363177,0.005506126,0.0056610536,0.005599661,0.005630506,0.0056090336,0.005663691,0.005558191,0.005652411,0.0055317413,0.0055803936,0.005622266,0.005520312,0.005528925,0.0055995267
2017-01-12,0.007511167,0.0075068157,0.0074753445,0.0076374393,0.0075164717,0.0075477194,0.00741121,0.0076381546,0.007522894,0.0076028686,0.007522149,0.007573528,0.0072021615,0.007622717,0.007504223,0.0074980836,0.007542057,0.007500602,0.0074356627,0.0075119715
2017-01-13,0.0074875783,0.0075403135,0.0074867588,0.007639451,0.0074732434,0.007548569,0.0074039083,0.007640375,0.007502822,0.0075546186,0.0075251292,0.0075732004,0.007204769,0.007629512,0.007441668,0.007528214,0.0075339805,0.0074652415,0.0074363183,0.0075273346
2017-01-17,0.007536141,0.00749862,0.0074379575,0.0076143276,0.007537095,0.0075480323,0.007400794,0.007618962,0.0075727236,0.0075868946,0.0075329673,0.007573588,0.007504506,0.007610513,0.0075018685,0.007484941,0.0075362753,0.0075158756,0.007475553,0.0075025987
2017-01-18,0.00751674,0.007511882,0.0074745994,0.0075657796,0.007527305,0.007546557,0.0074132215,0.007573141,0.007512806,0.007542221,0.007520659,0.007573737,0.0074732285,0.0075653326,0.0075045507,0.007486386,0.007534681,0.0075088274,0.0074447077,0.007503016
2017-01-19,-0.00043097325,-0.0004087258,-0.00044918247,-0.00033846684,-0.0004149098,-0.000405835,-0.00055144913,-0.00033053942,-0.00044490583,-0.00035435148,-0.0004239697,-0.00036983378,-0.00044749863,-0.00033988245,-0.00045177527,-0.0004546214,-0.00040166266,-0.00043083914,-0.0005355645,-0.00044164248
2017-01-20,0.0075269323,0.007530464,0.0074885916,0.007604284,0.0075419527,0.0075469,0.0073945057,0.007610647,0.0075526964,0.0075959694,0.0075250696,0.007573275,0.0074605774,0.00760415,0.0075003784,0.007470457,0.007536499,0.0075193476,0.0074047875,0.0074979644
2017-01-23,0.0003730487,0.000364108,0.000324158,0.0004061293,0.0003820192,0.00038501434,0.000238223,0.00041602366,0.00035008602,0.0004012864,0.00036074035,0.00041606836,0.00030565076,0.00041039102,0.00035215728,0.00031584315,0.00037349574,0.00036237948,0.0002382081,0.00035056286
2017-01-24,0.007524578,0.007538272,0.007478101,0.0075520854,0.007534994,0.007548703,0.007430626,0.007568432,0.007508127,0.0075525623,0.0075180363,0.007571129,0.0074593406,0.0075635742,0.0074959826,0.0075282585,0.0075265747,0.0075184833,0.007497562,0.007525934
2017-01-25,0.007513432,0.0075328033,0.0074708145,0.007559357,0.0075294953,0.0075445753,0.007429404,0.007568596,0.0075044613,0.007555185,0.007521255,0.007566897,0.0074612927,0.007562993,0.007496072,0.007527573,0.007532997,0.0075175893,0.007502375,0.0075146984
2017-01-26,0.0075232815,0.007538287,0.0074944925,0.0075614434,0.007535992,0.0075469147,0.007437436,0.0075699817,0.0075074267,0.007547183,0.0075249206,0.0075724702,0.0074613076,0.007566793,0.007503001,0.0074771475,0.007534204,0.0075261127,0.0074559133,0.007505594
2017-01-27,0.0075302254,0.007538287,0.007499231,0.0075570177,0.0075398963,0.0075472128,0.0074418616,0.0076366346,0.007521255,0.0075895768,0.0075232964,0.0075715464,0.007194845,0.007627515,0.0075052213,0.0074786823,0.007530419,0.007530926,0.0075027924,0.0075066667
2017-01-30,0.007541476,0.007529555,0.0074854773,0.007556958,0.007549567,0.007548077,0.007463051,0.007570995,0.007519571,0.007550044,0.0075246375,0.0075733047,0.007466791,0.007566018,0.0075181704,0.007472856,0.0075303,0.0075394344,0.007496966,0.0074976366
2017-01-31,0.007535396,0.007525785,0.007481886,0.007561071,0.0075438153,0.0075472724,0.0074548703,0.00756949,0.0075136255,0.0075489413,0.0075247567,0.0075739454,0.0074659865,0.007565884,0.0075135212,0.007466657,0.0075328182,0.0075332206,0.007501958,0.0074992906
2017-02-01,0.0058514755,0.0058276486,0.005780412,0.0058231335,0.005863024,0.0058550667,0.0057793837,0.00586967,0.005831627,0.00586134,0.0058259945,0.005876584,0.0057723653,0.005872039,0.0058397185,0.0057796966,0.005811719,0.005856825,0.0058133733,0.005817322
2017-02-02,0.0057115387,0.005747391,0.0057088565,0.005728839,0.005732296,0.005769221,0.005645318,0.005821554,0.0057302993,0.0058056097,0.005734114,0.005782364,0.0057049524,0.005820019,0.005705742,0.005698798,0.005727006,0.0057182144,0.005702285,0.0057300907
2017-02-03,0.0050884914,0.0051338803,0.005089743,0.005134655,0.005110381,0.005168123,0.0050396156,0.005219249,0.005105762,0.005184008,0.0051351916,0.0051849466,0.004815517,0.005236326,0.005054606,0.0050979983,0.005157737,0.0050630104,0.00505027,0.0051308703
2017-02-06,0.007933257,0.008002235,0.0079622995,0.008018969,0.007937608,0.008009953,0.007885886,0.00802551,0.007938309,0.008000059,0.007988675,0.008035345,0.007900773,0.0080301445,0.007888092,0.007950855,0.008000089,0.007890848,0.0078991335,0.00797428
2017-02-07,0.0075055044,0.0075533967,0.007513223,0.0075562876,0.0075214785,0.007547481,0.007455943,0.007566748,0.007510213,0.007546006,0.0075264256,0.0075740498,0.0074623954,0.0075674336,0.0074956696,0.0074834805,0.007540537,0.0074935835,0.0074502956,0.0075128656
2017-02-08,0.0075709205,0.0075520854,0.007509021,0.0075600874,0.0075324457,0.00754912,0.007473005,0.007633982,0.007517053,0.007599769,0.0075281095,0.0075766426,0.0072006565,0.007624833,0.007495342,0.0075294655,0.0075350236,0.0074980985,0.0074902754,0.0075169187
2017-02-09,0.0075417887,0.007535128,0.007491855,0.0075504165,0.007561488,0.0075469743,0.0074630957,0.007611586,0.0075549316,0.007602943,0.0075187217,0.0075695943,0.007496951,0.007598726,0.0074003767,0.0075199585,0.0075564664,0.007392941,0.007485194,0.0075081717
2017-02-10,0.007480053,0.0075410437,0.007500438,0.0075442176,0.0075698774,0.007546885,0.00742021,0.007567195,0.0075189304,0.007563023,0.007515086,0.007576449,0.0074632894,0.0075588953,0.007386131,0.007485209,0.007506905,0.0073705297,0.0074504595,0.007508723
2017-02-13,0.0074955802,0.007514013,0.0074460637,0.007549165,0.007513432,0.00754614,0.007456092,0.0076386165,0.007571129,0.0076232534,0.0075223874,0.0075721126,0.0071994048,0.0076202136,0.007411061,0.007494701,0.007539971,0.007369874,0.0074515324,0.007478593
2017-02-14,0.007553963,0.0075205993,0.007469086,0.0075481962,0.00743684,0.0075389277,0.0074828845,0.007614447,0.0075285416,0.007606996,0.007513551,0.007567374,0.007497115,0.007599367,0.00747603,0.0075116884,0.0075374674,0.007480858,0.00746247,0.007492168
2017-02-15,0.0075363945,0.00752875,0.0074810665,0.0075328927,0.007519914,0.0074791443,0.007488204,0.007569356,0.007497309,0.00754915,0.0075119566,0.007575391,0.007450713,0.0075596403,0.0074798893,0.00753556,0.0075188708,0.0074866246,0.007465003,0.0075050723
2017-02-16,0.0075347256,0.0075342935,0.0074827056,0.0075038355,0.0075310003,0.007476015,0.0074605774,0.007569356,0.00751072,0.0075479727,0.007512627,0.0075678956,0.0074622165,0.0075569134,0.007492466,0.0075382125,0.0075096916,0.0074965935,0.0074650925,0.0075070392
2017-02-17,0.006188048,0.006182773,0.0061392616,0.00618775,0.006187333,0.0061171334,0.0061388295,0.006333394,0.006239308,0.006260885,0.0061557572,0.006217761,0.0058624875,0.00631362,0.006142555,0.0061785113,0.0062077176,0.0061448496,0.006134985,0.006148724
2017-02-21,0.0067497324,0.0067118388,0.006655721,0.0067527127,0.0066374224,0.0066720676,0.006723387,0.006836502,0.006714059,0.0068104845,0.0067205112,0.006764842,0.0063983034,0.006824149,0.0066922735,0.0067365896,0.006729005,0.006695641,0.006705148,0.00664307
2017-02-22,0.007550372,0.0075436067,0.0075127166,0.0075493287,0.0074338,0.007459147,0.0075089764,0.007574467,0.0074817967,0.0075588357,0.0075222384,0.0075615626,0.0074676853,0.007567702,0.007495625,0.0075454693,0.0075234007,0.0075000655,0.007551847,0.007498188
2017-02-23,0.0075449776,0.0075419974,0.007484896,0.0075423103,0.007433636,0.0074988436,0.007503016,0.007560907,0.007479785,0.007554842,0.0075143706,0.007549165,0.0074402224,0.007557584,0.0074990075,0.0075395536,0.007520793,0.0074975323,0.0075425934,0.0075102877
2017-02-24,0.0075504016,0.007549165,0.0074971747,0.0075276475,0.007414071,0.0075077843,0.007531924,0.007665364,0.007549284,0.007667152,0.0075194817,0.0075636487,0.0072300266,0.007661609,0.007504193,0.0075469296,0.0075237583,0.007500289,0.007491527,0.007512776
2017-02-27,0.0060933214,0.006092651,0.006000636,0.0060702246,0.005934594,0.0060554575,0.006074069,0.006147964,0.006040169,0.0061465483,0.006053118,0.006104706,0.006038664,0.006144358,0.0060426425,0.0060806405,0.0060494673,0.0060391407,0.0060260724,0.0060577523
2017-02-28,0.007552145,0.00755067,0.007475747,0.007528154,0.007428838,0.0075072926,0.007499395,0.007558925,0.0074515026,0.0075597,0.007519437,0.007564811,0.0074639004,0.007559268,0.007483406,0.0075401496,0.007502524,0.0074845683,0.007475121,0.0075152945
2017-03-01,0.007550059,0.007534368,0.0074736606,0.007519124,0.007407589,0.0075448286,0.0074791443,0.0076243263,0.0074585807,0.007631613,0.0075659286,0.0075578075,0.0072014015,0.0076286625,0.007492153,0.007530285,0.0075047445,0.007491378,0.0074737053,0.0074977856
2017-03-02,0.0075460803,0.0075501185,0.0075010043,0.007519914,0.0074019562,0.00747679,0.007529361,0.007606862,0.00748956,0.007576598,0.0075265,0.0075403284,0.007497607,0.0076049697,0.0074910354,0.007531924,0.0075054,0.007495282,0.0074603986,0.007502271
2017-03-03,0.0055116694,0.005517019,0.0054609906,0.005444212,0.0053592306,0.005430056,0.005476637,0.005525155,0.005427761,0.0055142175,0.0054799,0.0054901075,0.0054213237,0.0055246036,0.0054486673,0.00549574,0.0054554027,0.005455224,0.005414976,0.0054588895
2017-03-06,0.007548673,0.0075626504,0.007509632,0.007483868,0.007486282,0.007421149,0.0075219404,0.007560475,0.007460667,0.007562427,0.007523356,0.0075462144,0.0074635576,0.0075676125,0.0074719023,0.0075372886,0.0074441265,0.007499231,0.0074602943,0.0075090956
2017-03-07,0.00754535,0.007561667,0.007501645,0.0074908417,0.007501496,0.0074382853,0.007517008,0.0075980406,0.0074377786,0.007603986,0.00756344,0.00752498,0.0074893516,0.007604299,0.007473273,0.007530285,0.0074449163,0.0075002145,0.0074602943,0.007496221
2017-03-08,0.007539047,0.0075596552,0.0075383317,0.007560147,0.0074861776,0.00743605,0.0074916463,0.007583348,0.007443873,0.007550625,0.0075567793,0.007549105,0.0071956497,0.0076247733,0.007471023,0.0075393897,0.00743982,0.007452978,0.00745265,0.0075097512
2017-03-09,0.006107716,0.006126089,0.0060735326,0.006101651,0.0060043167,0.005970491,0.0060320925,0.0061092805,0.005973844,0.0060251337,0.0060803127,0.006116746,0.006020857,0.006125463,0.006015105,0.0061097573,0.006008206,0.005973203,0.006020574,0.0060777795
2017-03-10,0.005045248,0.0050660353,0.0050073545,0.005045859,0.0049660634,0.0049279165,0.0049714576,0.0050521772,0.0049648117,0.00500652,0.005017547,0.0050569903,0.004956944,0.005065767,0.004978819,0.0050397944,0.004941089,0.0049339365,0.0049613547,0.005013017
2017-03-13,0.0068836045,0.0069015455,0.006861193,0.0068861227,0.006828679,0.0067775976,0.006804792,0.006892426,0.006798221,0.0068348628,0.006847782,0.006899936,0.0067943465,0.0068995636,0.006810559,0.0068757366,0.0067957174,0.0067950767,0.006796507,0.0068531167
2017-03-14,0.00755438,0.007561071,0.007541744,0.007583795,0.0074513834,0.007430671,0.007463826,0.0075917076,0.0074516963,0.007450981,0.0075565707,0.0075672995,0.007481886,0.007604448,0.0074783694,0.007554842,0.00747752,0.007411046,0.007460458,0.007518662
2017-03-15,0.0058270227,0.0058535617,0.0057783257,0.0057737064,0.005786283,0.0056979638,0.0057493877,0.0058528017,0.0057592075,0.0058256965,0.0058547836,0.005847646,0.0054840725,0.0059241336,0.0057720523,0.0058345627,0.0057288986,0.005757777,0.0057493877,0.005793957
2017-03-16,0.0041961353,0.0042098295,0.004142074,0.004177911,0.004117308,0.0040869247,0.004110558,0.0042015295,0.0041006487,0.0041342955,0.004166303,0.0042182636,0.004115058,0.0042134803,0.00412534,0.0041960757,0.0040962826,0.0040831547,0.0040836763,0.0041526537
2017-03-17,0.008324666,0.008332608,0.008292092,0.008367119,0.008251516,0.008249177,0.00823517,0.008393837,0.008254705,0.008289529,0.008338897,0.008337228,0.007975278,0.008397935,0.00825846,0.008319823,0.008264137,0.0082170945,0.0082404,0.008290617
2017-03-20,0.0073161107,0.007326795,0.0072704535,0.0073138457,0.0072576534,0.0072464924,0.0072313976,0.0073362123,0.007240353,0.007288767,0.007296277,0.007321654,0.0072384756,0.00733885,0.007245077,0.0073212963,0.0072615575,0.007238267,0.007253794,0.007281972
2017-03-21,0.007549597,0.007559506,0.007549433,0.0075529497,0.007456301,0.0074716043,0.007460339,0.0076013785,0.007467238,0.0075573903,0.0075570773,0.0075609516,0.0074965935,0.0076031517,0.0074740183,0.007544933,0.0074943434,0.0074379276,0.0074680876,0.0075230133
2017-03-22,0.0075530987,0.007561339,0.0075154435,0.0075127166,0.007464288,0.007448299,0.007460369,0.007562248,0.0074801277,0.007517649,0.007521121,0.00757177,0.007465018,0.0075593423,0.0074844044,0.0075564217,0.007472215,0.0074298065,0.007490499,0.0075338613
2017-03-23,0.007553486,0.0075645726,0.007530166,0.007560564,0.007491989,0.0074143093,0.0074603837,0.0075991284,0.0075094085,0.007544143,0.0075566154,0.007568015,0.0074870717,0.00760193,0.0075095724,0.0075560194,0.0074646454,0.007465763,0.0074614566,0.0075299423
2017-03-24,0.0075445008,0.007563291,0.007505892,0.007505117,0.007469503,0.0074302834,0.0074603986,0.0075632613,0.0075009,0.007540209,0.007520018,0.007560624,0.007461218,0.007562829,0.007503612,0.007547451,0.0074693244,0.00742173,0.0074595343,0.0075214338
2017-03-27,0.0075470936,0.0075627696,0.007521583,0.0074999314,0.0073991995,0.0074528735,0.0074604284,0.007562695,0.0074879806,0.007541908,0.0075119864,0.007556258,0.0074614715,0.0075598042,0.0075006466,0.0075526666,0.0074826013,0.007387085,0.0075064283,0.0075202417
2017-03-28,0.0075425487,0.007553978,0.0075130593,0.007486401,0.0074427705,0.007428093,0.0074303877,0.007560758,0.007486729,0.0075368267,0.0075023156,0.0075649153,0.0074569862,0.007551847,0.007490171,0.007539911,0.007446794,0.007416172,0.0074866693,0.0075202715
2017-03-29,0.0075457674,0.0075533222,0.0075200778,0.007486237,0.0074316096,0.007465286,0.007423131,0.007616235,0.0074876826,0.0075373035,0.007537065,0.007634146,0.0071940552,0.0076028537,0.0075046998,0.0075418483,0.0074752998,0.0074287932,0.0074686985,0.007530136
2017-03-30,0.0073960107,0.0074213725,0.0073765796,0.0073530506,0.0073306393,0.007330848,0.0073173624,0.0074171405,0.007355077,0.0074015837,0.0073731523,0.0074154567,0.007328538,0.0074211787,0.0073585343,0.007407857,0.0073346924,0.0073217284,0.0073214155,0.0073667746
2017-03-31,0.007536767,0.0075617414,0.007507695,0.00749333,0.007459102,0.0074290317,0.007459892,0.0075575393,0.00748959,0.007535441,0.0075169783,0.0075416397,0.007463945,0.0075621735,0.0074958038,0.0075475853,0.0074357074,0.0074538123,0.0074726623,0.0075088125
2017-04-03,0.0075207483,0.0075541567,0.0075025093,0.0074861627,0.007483674,0.0074176174,0.0074691903,0.0075576883,0.007467253,0.007519109,0.0075168293,0.007549925,0.0073288213,0.007564796,0.007477669,0.007543979,0.0074352007,0.0074763726,0.0074732434,0.0075068753
2017-04-04,0.0075159203,0.0075587463,0.007515548,0.0074837636,0.0074477624,0.00742097,0.007469816,0.0075914245,0.0074756425,0.0075259935,0.007555915,0.00758229,0.007340146,0.007602064,0.00747901,0.0075475406,0.0074246805,0.007461233,0.0074750017,0.0075059216
2017-04-05,0.0075112414,0.0075598937,0.007481469,0.007517053,0.007429583,0.007458357,0.00746016,0.0075482856,0.0074667465,0.007521687,0.0075149667,0.0074943732,0.00731015,0.007558463,0.0074833464,0.0075522345,0.0074674767,0.0073953997,0.0074599516,0.007494731
2017-04-06,0.0075201374,0.0075602513,0.007499663,0.00750695,0.007432921,0.007475687,0.00746022,0.0075546782,0.00748503,0.0075229537,0.0075196307,0.0075430702,0.007464884,0.007563485,0.0074938666,0.0075494777,0.007463364,0.007388456,0.00746016,0.007463051
2017-04-07,0.00024105422,0.0002984237,0.00022309832,0.00026747398,0.00023104064,0.00020426326,0.0002048295,0.00030289404,0.00019822828,0.000240786,0.000253601,0.0003048759,0.00010242872,0.0002984982,0.00021819584,0.0002972763,0.00021360628,0.0001933407,0.00015546195,0.00026103668
2017-04-10,0.005738942,0.005795775,0.0057409685,0.0057605337,0.0056829285,0.005697204,0.005696578,0.0057956707,0.005690245,0.0057371985,0.0057473015,0.005796952,0.0055778157,0.005789889,0.0057070535,0.005784644,0.0057128947,0.005673213,0.0056446176,0.005758865
2017-04-11,0.0074829143,0.0075556915,0.007481931,0.007528929,0.007398827,0.00747454,0.007460488,0.0075587463,0.0074249934,0.007471813,0.0075178873,0.0075540226,0.007497115,0.0075578075,0.0074424427,0.0075548273,0.0074726623,0.007433502,0.007468505,0.0074397307
2017-04-12,0.007487787,0.00755815,0.007491691,0.007518245,0.0074486714,0.0074580293,0.0074605327,0.0076240133,0.0074753743,0.0074976217,0.007551817,0.00760646,0.0072080027,0.0076278877,0.0074817967,0.007622732,0.007464288,0.00742176,0.0074118804,0.0074684005
2017-04-13,0.0061803143,0.006222857,0.006175978,0.0061810594,0.006105585,0.0061238836,0.00613275,0.0062998068,0.0061555933,0.006186871,0.0062291604,0.0063010138,0.0059193503,0.0063007753,0.0061489623,0.0063003134,0.00613345,0.0060622524,0.006096659,0.0061338674
2017-04-17,0.008379517,0.008414833,0.008379949,0.008376269,0.008271052,0.008351503,0.008335246,0.00843933,0.008328779,0.008373408,0.008391587,0.008435963,0.008357732,0.00843942,0.008338137,0.008433221,0.008346541,0.008254422,0.008358462,0.008293835
2017-04-18,0.0075125825,0.007540686,0.0075041633,0.0074961167,0.00737196,0.007483421,0.007460622,0.007565303,0.0074647795,0.0074947607,0.0075124335,0.0075457226,0.0074763577,0.0075611155,0.0074666273,0.007558806,0.007470606,0.007410584,0.0074467342,0.0074932855
2017-04-19,0.0057184976,0.005748285,0.0057273638,0.005677281,0.0055999737,0.0056993645,0.00567816,0.0058214795,0.0056692343,0.0057061147,0.005763499,0.0058098715,0.00571364,0.005820347,0.0056843143,0.005815981,0.0056784283,0.0056773555,0.005697934,0.0057284366
2017-04-20,0.008405147,0.008422298,0.008400945,0.008427767,0.008304028,0.008398769,0.008364452,0.008504121,0.008351741,0.008389128,0.008457674,0.008501021,0.00843784,0.008504955,0.008363036,0.008494852,0.008369712,0.008376313,0.008399932,0.008415369
2017-04-21,0.0075163078,0.0075368714,0.0075077694,0.007532431,0.0073886197,0.007466076,0.007460622,0.00756575,0.007471917,0.007487593,0.007517336,0.0075615924,0.007525606,0.007564096,0.0074664634,0.007550074,0.0074781906,0.0074367058,0.007423548,0.0075153243
2017-04-24,0.007520331,0.0075411033,0.007511465,0.0075333696,0.007429151,0.007468192,0.007460622,0.007566182,0.0074611437,0.0074806493,0.0075215977,0.007553933,0.0075327586,0.0075638425,0.0074646603,0.0075526517,0.0074608307,0.0074368995,0.007487206,0.0075039845
2017-04-25,0.007525785,0.007548524,0.0075196754,0.0075306427,0.007414175,0.00746849,0.007460622,0.007567985,0.007440565,0.0074755233,0.00752577,0.007558955,0.0075368267,0.007566912,0.007445289,0.007555781,0.0074610543,0.0074563455,0.0074961167,0.007504998
2017-04-26,0.0075079333,0.0075389426,0.007506771,0.0075474065,0.0073691886,0.0074685942,0.007460622,0.0075661223,0.007451264,0.007473929,0.007521121,0.007556675,0.007578565,0.007555319,0.007454602,0.0075540077,0.0074601453,0.007502092,0.00752954,0.0075092595
2017-04-27,0.0075119864,0.007529108,0.007513864,0.0075481813,0.007353587,0.007474063,0.007460622,0.0075664353,0.007468207,0.007514922,0.007520361,0.007562576,0.0075806957,0.007561354,0.007468028,0.007553069,0.00746022,0.0075096916,0.007525636,0.0075076204
2017-04-28,0.0074998867,0.007510094,0.007495491,0.007548539,0.007395072,0.0074729603,0.007460622,0.0075673293,0.007465584,0.0074975025,0.0075205397,0.0075680744,0.0075813513,0.0075612348,0.0074697267,0.0075513404,0.0074602496,0.007439388,0.0074373763,0.0074726474
2017-05-01,0.007513104,0.0075252485,0.0074918848,0.007548047,0.007359786,0.007473303,0.007460622,0.007569669,0.007473467,0.0074985903,0.0075258743,0.0075679105,0.007581366,0.007564692,0.0074792784,0.0075526517,0.0074602794,0.007433502,0.00741945,0.0074712615
2017-05-02,0.0075007062,0.007517053,0.007495759,0.00749786,0.007389007,0.007476045,0.007460622,0.0075582545,0.0074678194,0.007496087,0.00752051,0.0075496715,0.0075496417,0.007552428,0.007476328,0.0075481813,0.0074602794,0.0074367356,0.007433785,0.007490171
2017-05-03,0.0086371135,0.008663489,0.008653922,0.008685498,0.008498786,0.008639855,0.008601306,0.0087066125,0.00857511,0.008618159,0.008662222,0.008699937,0.008714778,0.008701129,0.008590249,0.0086909365,0.008601008,0.0085977595,0.00858484,0.008601917
2017-05-04,0.0074944478,0.007539807,0.007509781,0.0075470936,0.0073527824,0.007501928,0.007460622,0.0075638425,0.0074630063,0.0074975323,0.0075276773,0.007568298,0.0075786095,0.007563157,0.0074721407,0.0075463783,0.007460324,0.0075169336,0.0075127166,0.0075275283
2017-05-05,0.0044923257,0.0045330357,0.0045180153,0.0045614075,0.00442311,0.004502056,0.0044700187,0.004576741,0.004464401,0.0044899266,0.0045428406,0.0045807343,0.00459197,0.0045761596,0.004482148,0.004559977,0.0044697654,0.004453672,0.0044219177,0.004479749
2017-05-08,0.008460594,0.008470444,0.008457882,0.008501081,0.008392302,0.008463664,0.008421315,0.008525295,0.008414222,0.00844912,0.008482141,0.008523298,0.008532746,0.0085232835,0.008429406,0.008483617,0.008421062,0.00839412,0.008396504,0.008460863
2017-05-09,0.007502569,0.0075357985,0.0074963104,0.0075469147,0.00745341,0.0075062793,0.007460607,0.007568283,0.007454602,0.0074732434,0.007529093,0.0075683873,0.0075818133,0.0075650197,0.007458983,0.0075431745,0.007460369,0.007431982,0.0074448567,0.0075195413
2017-05-10,0.007505847,0.0075484496,0.0074451845,0.0075138044,0.007446034,0.007502241,0.0074457806,0.007568134,0.007451726,0.007476179,0.0075190645,0.0075628143,0.007415427,0.0075564366,0.0074641686,0.0075374823,0.0074603837,0.007463513,0.007423831,0.0075199287
2017-05-11,0.0074910056,0.0075170677,0.0074933153,0.0074892323,0.0074251723,0.0075045954,0.007430343,0.0075657647,0.007437585,0.0074670296,0.0074858796,0.007565094,0.0074777286,0.00756043,0.007470442,0.0075084697,0.0074603837,0.0074574184,0.0074319374,0.0075020473
2017-05-12,0.007504491,0.0075074863,0.007502405,0.007480068,0.007414205,0.0074889194,0.007455943,0.0075702947,0.0074569862,0.0074830484,0.00751148,0.0075734686,0.0075038653,0.0075668376,0.0074840467,0.007542474,0.0075121652,0.007464288,0.0074456315,0.0075088274
2017-05-15,0.0075250845,0.0075402837,0.0074844193,0.0075190347,0.0074099284,0.0074932557,0.007459251,0.0075668674,0.007477818,0.0075061154,0.0075217765,0.007573543,0.007373033,0.0075641703,0.0074838977,0.0075466614,0.0074634086,0.007485537,0.007475389,0.0075135957
2017-05-16,0.0075229984,0.007556943,0.0074528437,0.007547183,0.007406218,0.0074891876,0.007429106,0.007569788,0.007453127,0.0074944478,0.0075150114,0.0075650197,0.007345615,0.0075579565,0.0074702036,0.007540969,0.007460771,0.0074737947,0.007426871,0.007534338
2017-05-17,0.0075347256,0.0075564664,0.007497994,0.0075237732,0.0073918235,0.0074957144,0.0073898863,0.0075670164,0.007473586,0.007502539,0.007519109,0.0075710695,0.007460205,0.0075599235,0.0074765664,0.0075470787,0.0075098258,0.007491229,0.0075086635,0.0075360816
2017-05-18,0.007543681,0.0075633954,0.007533176,0.0075258,0.007417945,0.007490976,0.0073803645,0.0075664055,0.0074837934,0.007511435,0.0075149667,0.0075710546,0.0074737053,0.007557301,0.007487027,0.0075534713,0.007511748,0.007499872,0.007514758,0.007543115
2017-05-19,0.0075106304,0.0075601917,0.0075294655,0.0075612646,0.007402895,0.0074884426,0.007393552,0.007565437,0.007451741,0.0074978303,0.0075157564,0.007572649,0.0075068455,0.0075552296,0.0074741375,0.0075534564,0.007488532,0.0074801277,0.0075208675,0.007538138
2017-05-22,0.007505236,0.0075641256,0.007545797,0.007619394,0.007413773,0.007489724,0.007389484,0.0076305997,0.0074647646,0.007488949,0.007514147,0.007637946,0.007234646,0.007549761,0.007478742,0.0076117795,0.0074924063,0.0074842703,0.0075122546,0.0075323116
2017-05-23,0.0074715298,0.007544739,0.0074427407,0.007557912,0.007435186,0.007488979,0.007466642,0.007564662,0.0074316096,0.0074623358,0.0074991267,0.0075610857,0.0073464345,0.0075546037,0.0074596386,0.0075484794,0.0075079333,0.0074619185,0.0075236093,0.0075112563
2017-05-24,0.006282104,0.006329609,0.006201325,0.0063242745,0.006218536,0.00627069,0.006194962,0.0063390713,0.006241007,0.0062721204,0.0062864553,0.006340651,0.0061908346,0.006335078,0.0062520187,0.006330518,0.0062686037,0.006259529,0.0063019525,0.00628875
2017-05-25,0.0074841958,0.007529093,0.007413028,0.00753334,0.0074044447,0.007490216,0.0074002873,0.007521881,0.0074468534,0.007479517,0.0074794125,0.00755669,0.007388426,0.0075437706,0.0074674617,0.007518707,0.0074893665,0.007469697,0.0075240266,0.007475717
2017-05-26,0.007477669,0.0075329673,0.0075225066,0.0076428633,0.007457612,0.00749108,0.007423682,0.007574884,0.00749409,0.007474689,0.0074876826,0.0076604616,0.0072267335,0.007544158,0.00750993,0.007625593,0.007498322,0.0074556004,0.0075175893,0.0074940156
2017-05-30,0.005973069,0.0060446095,0.006003244,0.00608602,0.005929498,0.0059840214,0.00595711,0.0060533267,0.0060027223,0.00597064,0.0060053747,0.006116165,0.005745409,0.0060377996,0.006008921,0.006100787,0.0059826355,0.00595182,0.006018741,0.0060188156
2017-05-31,0.007488562,0.0075540077,0.0075112116,0.0075273793,0.0073906463,0.0074723195,0.0074659567,0.0075555127,0.0074756425,0.007486237,0.0075103324,0.007558925,0.0075186174,0.007535426,0.007494105,0.0075519364,0.007476462,0.0074771773,0.0075085294,0.007520763
2017-06-01,0.007474063,0.007560713,0.0075125378,0.0075275283,0.0074303728,0.007464094,0.0074522924,0.007557614,0.007481871,0.0074730795,0.0075106006,0.007555602,0.0075135212,0.007522134,0.007496638,0.007542042,0.007457478,0.0074610393,0.007493211,0.0075240415
2017-06-02,0.0070760082,0.007138489,0.007067589,0.0072056185,0.0070165526,0.00703728,0.0070391875,0.0071305167,0.007124571,0.0070675593,0.0070837718,0.0072301757,0.006804956,0.0071080457,0.0071567725,0.007156981,0.0070887636,0.0070533734,0.007075278,0.007098986
2017-06-05,0.0069276523,0.007010786,0.0069549065,0.0070374887,0.0068990123,0.0069135856,0.006923942,0.0070108604,0.0069655906,0.0069132578,0.0069681536,0.0070649665,0.0069530737,0.0069927406,0.0069992524,0.007036848,0.0069465023,0.0068810713,0.00695966,0.006987108
2017-06-06,0.007460056,0.0075460207,0.0074959975,0.0075312536,0.0074356776,0.0074691903,0.007471977,0.0075538587,0.0074649733,0.007452039,0.0075092446,0.007555468,0.0074652117,0.0075367074,0.0075091105,0.007525755,0.0074877124,0.0074034166,0.00750391,0.0075072777
2017-06-07,0.005646659,0.005726097,0.00566238,0.0057033133,0.0056387763,0.0056285094,0.005627392,0.0057219695,0.00565554,0.0056446027,0.005678354,0.005719943,0.00563143,0.005702732,0.0056878906,0.005695982,0.0056588184,0.005607931,0.005668102,0.005680738
2017-06-08,0.0075008404,0.0075662266,0.007493956,0.0076405983,0.007427139,0.007457597,0.007469056,0.00755517,0.0075513404,0.007495595,0.007509781,0.007606311,0.0072223227,0.007534934,0.0076339077,0.007540254,0.007549433,0.0073940884,0.0075027477,0.007530136
2017-06-09,0.006867526,0.0069599133,0.006901128,0.006943507,0.006800486,0.0068751257,0.0068578552,0.0069580954,0.006838439,0.0068638753,0.0069082957,0.006953774,0.0068641882,0.0069446396,0.0069079082,0.006931169,0.006895421,0.006765498,0.006904958,0.0069236886
2017-06-12,0.007465733,0.007551132,0.007503731,0.0075457525,0.00744207,0.0074906778,0.0074726623,0.007556198,0.007446153,0.007453425,0.0074956696,0.0075493883,0.007461695,0.0075440537,0.0074801277,0.0075235795,0.007508142,0.007415382,0.007515637,0.007507531
2017-06-13,0.0074688327,0.007561786,0.0075044017,0.0075475406,0.0074286293,0.0074819606,0.007465018,0.007562561,0.007446183,0.007411523,0.0074837785,0.0075544547,0.0074714106,0.0075410735,0.007480679,0.007540075,0.0074968915,0.00738479,0.0075081866,0.0075277817
2017-06-14,0.008166013,0.008262185,0.008200182,0.00829233,0.008149175,0.008177293,0.008160068,0.008255629,0.008169053,0.008152066,0.008171303,0.008296249,0.008183284,0.008239446,0.008219568,0.008231102,0.008230729,0.008127777,0.008211909,0.008224828
2017-06-15,0.0025478136,0.0026346277,0.0025797319,0.0026241522,0.0025021415,0.0025427472,0.0025404077,0.0026280712,0.002520455,0.002535997,0.0025419723,0.0026347917,0.0025130343,0.002608655,0.0025411677,0.0026015919,0.0025752913,0.0024703573,0.00258453,0.0026019495
2017-06-16,0.005963428,0.006023152,0.0059680473,0.0060880017,0.005978478,0.005959315,0.005937649,0.0060227197,0.005983649,0.0059698503,0.0059572738,0.0060213637,0.0057124477,0.0060139876,0.0060256105,0.005998997,0.006000472,0.005994765,0.005984647,0.0059707295
2017-06-19,0.006918473,0.006966753,0.006922273,0.0069713574,0.0068812203,0.006898744,0.0068789553,0.0069608223,0.00688201,0.006852029,0.0069062095,0.0069553684,0.0069375765,0.006960584,0.006906105,0.006939022,0.006918205,0.006906895,0.0069202166,0.0069039296
2017-06-20,0.0075170975,0.007556213,0.007507546,0.007615013,0.0074782353,0.007482065,0.0074777734,0.0075506847,0.0075297933,0.007461516,0.0074914675,0.007535694,0.007242633,0.0075457674,0.007559551,0.0075291526,0.007530628,0.0075118523,0.0075092,0.0074941795
2017-06-21,0.007515205,0.0075581353,0.0075154286,0.00755745,0.0074264687,0.0074970853,0.0074771326,0.007557852,0.0074800085,0.0074272584,0.00751072,0.0075160246,0.007514773,0.0075533222,0.0075001996,0.007531373,0.0075083505,0.00748506,0.007513074,0.007499112
2017-06-22,0.006736694,0.0067658406,0.0067503285,0.0068311375,0.006646795,0.00672972,0.0067185145,0.006791083,0.0067502093,0.006671561,0.0067518037,0.0067352634,0.006686015,0.006792186,0.006772114,0.006742684,0.006778313,0.0067461114,0.006759627,0.0066966545
2017-06-23,0.00752805,0.007550223,0.0075120907,0.007539762,0.007489903,0.0074913036,0.007482661,0.007557703,0.0074920338,0.007479338,0.0075133424,0.007509796,0.0074879657,0.00755061,0.0074772667,0.007519467,0.007508872,0.0075021964,0.0075130146,0.00749263
2017-06-26,0.0049835425,0.005004285,0.004976211,0.005065663,0.0049658995,0.0049606096,0.0049725305,0.0050179046,0.0049752127,0.0049695354,0.0049738567,0.0048757177,0.004933877,0.0050132703,0.005016951,0.0049816947,0.0050112735,0.004987372,0.0049815904,0.004947556
2017-06-27,0.007520614,0.007542668,0.0075112563,0.0075484943,0.0074470174,0.0074862074,0.00749786,0.0075555276,0.0074724834,0.007433636,0.0075102877,0.007378472,0.007447658,0.007551221,0.007431237,0.0075172167,0.0075091254,0.0074352454,0.007522477,0.007486997
2017-06-28,0.007528929,0.0075533222,0.007506041,0.0075511765,0.007441638,0.0074748974,0.0074934196,0.0075555276,0.0074809175,0.007473929,0.007502718,0.007411031,0.007512329,0.0075472277,0.0074305963,0.0075272005,0.007504506,0.0074733477,0.0075135063,0.0075060558
2017-06-29,0.0075353812,0.007554097,0.007509617,0.007614849,0.007497428,0.007491691,0.0074958187,0.007557852,0.0074677,0.007524727,0.0075086784,0.0074640494,0.007241858,0.0075516235,0.0074667465,0.007512687,0.007530881,0.0075109284,0.007519288,0.0075214785
2017-06-30,0.006912945,0.006931035,0.006889565,0.006933732,0.006854309,0.006858958,0.0068704616,0.0069395583,0.0068590473,0.00685261,0.0068926346,0.0068631154,0.006893901,0.0069342237,0.0068522673,0.006907819,0.0068869125,0.00687146,0.006903244,0.0068853777
2017-07-03,0.00017761998,0.00018745475,0.0001894515,0.00023370795,0.00014732592,0.0001534503,0.00016036443,0.00022713654,0.00012181513,0.00012729876,0.00017556362,0.0001521986,0.0001741331,0.000225408,0.00013159029,0.00017200224,0.00018389337,0.00016470067,0.00019492023,0.00015961938
2017-07-05,0.00746697,0.0074717533,0.0075117033,0.0075561088,0.007444186,0.007482169,0.007491065,0.0075450074,0.0074233543,0.007415993,0.0075027924,0.00743754,0.007446347,0.0075510424,0.007418139,0.0074509364,0.0075100493,0.007475434,0.007519422,0.0074843895
2017-07-06,0.0074662995,0.007473035,0.0075047743,0.0075802784,0.007469697,0.007463513,0.0074674617,0.0075444113,0.0074527394,0.0075214487,0.007498948,0.0074174087,0.007489158,0.0075443517,0.0074474644,0.007446153,0.007506503,0.0075083207,0.007503329,0.0075133573
2017-07-07,0.0013883989,0.0013836604,0.0014442485,0.0014788341,0.0014264863,0.001410542,0.0014183205,0.0014858525,0.0013992023,0.001404969,0.0014369469,0.0013790112,0.0014233124,0.0014875066,0.0014129858,0.0013837051,0.0014422666,0.0014371853,0.0014473032,0.0014289152
2017-07-10,0.0064676236,0.006459905,0.0064789634,0.0065148007,0.0064542275,0.0064319354,0.0064470153,0.006519137,0.006406693,0.0064281058,0.0064510684,0.006440861,0.0064157974,0.0065151285,0.00641389,0.0064609926,0.0064727645,0.0064169746,0.0064605903,0.006450517
2017-07-11,0.007502986,0.007503642,0.007500885,0.0075370353,0.0074711423,0.0074416082,0.0074671935,0.0075412523,0.0074444395,0.007454781,0.007463647,0.0074114036,0.00745639,0.0075358134,0.0074394774,0.0074940603,0.007502688,0.0074520838,0.0074734967,0.0074858647
2017-07-12,0.0075131934,0.0075273495,0.007502539,0.007529704,0.007495446,0.0074650627,0.0074944925,0.0075506847,0.007438017,0.007469548,0.0075011384,0.0074014794,0.0074879806,0.0075442176,0.007455794,0.007500021,0.007500423,0.0074765366,0.0074963253,0.0074918848
2017-07-13,0.004990695,0.005002482,0.0049757343,0.005004285,0.0049696844,0.0049389284,0.0049487036,0.005014805,0.004904179,0.0049371403,0.004975302,0.0049149822,0.0049951505,0.0050139707,0.004901452,0.004982127,0.004970012,0.0049408656,0.0049580317,0.004971279
2017-07-14,0.007516561,0.007527543,0.0075066965,0.0075391065,0.0075135957,0.0074626487,0.007490186,0.007549746,0.007412238,0.0074777436,0.0075098854,0.0073993932,0.0075359773,0.0075451713,0.0074178856,0.007512985,0.0075078737,0.0074958038,0.0074930172,0.007491274
2017-07-17,0.0065268707,0.00653526,0.0065019857,0.006530268,0.006475551,0.0064457934,0.006475715,0.0065496247,0.0064427834,0.0064464044,0.006505294,0.006413413,0.006477369,0.006543277,0.006447552,0.0065235626,0.0064925384,0.0064411145,0.0064786803,0.0065014344
2017-07-18,0.006052701,0.006063042,0.0060365032,0.00612144,0.0060836207,0.0060536396,0.006079538,0.0061338525,0.006023405,0.0060620736,0.006102143,0.0059891474,0.006108327,0.0061288457,0.0060319584,0.0060578417,0.0060901176,0.006063385,0.006084008,0.0060610306
2017-07-19,0.0074591767,0.007470278,0.007472424,0.007529972,0.00745946,0.007453529,0.007468311,0.0075412523,0.0073840898,0.0074232053,0.0075107943,0.007415114,0.0075034034,0.007538749,0.0074313115,0.0074588936,0.007497607,0.0074409824,0.0074813794,0.0074820053
2017-07-20,0.007511748,0.0075210016,0.0075068157,0.0075448286,0.0074698757,0.007453827,0.0074670147,0.007547511,0.0074252915,0.007461516,0.0075181406,0.0074414294,0.007516248,0.00754383,0.007447196,0.0075036865,0.0075157415,0.0074539464,0.007469697,0.0074926447
2017-07-21,0.0075430255,0.00754766,0.00751826,0.007542176,0.0074867588,0.0074863564,0.0074719023,0.0075566005,0.007482199,0.007467566,0.007519005,0.007462291,0.007518066,0.0075534713,0.0074646454,0.00753857,0.007509453,0.007478578,0.0074668806,0.0075202715
2017-07-24,0.008098481,0.008108912,0.00812651,0.008174611,0.008080689,0.008073298,0.008093549,0.008158473,0.008104188,0.008056639,0.00813338,0.008068634,0.008111877,0.0081638675,0.008074043,0.008098392,0.008116631,0.008049948,0.008089839,0.008104993
2017-07-25,0.007521523,0.0075089913,0.0074878614,0.007536186,0.0074651074,0.0074617695,0.0074627083,0.0075441133,0.0074978154,0.0074701887,0.0075249057,0.0074830037,0.007516278,0.007543592,0.0074764322,0.0075114947,0.007507516,0.007473288,0.0074719917,0.007504789
2017-07-26,0.007505266,0.007508455,0.0074703675,0.0075472873,0.0074818265,0.007426409,0.007468043,0.0075426977,0.007477505,0.0074807685,0.0075221043,0.007448999,0.007508276,0.0075347107,0.0074723195,0.007490931,0.0075160842,0.007484598,0.007471008,0.007497413
2017-07-27,0.007515831,0.0075086337,0.007477505,0.0075418185,0.007486386,0.0074275117,0.0074646007,0.007543875,0.0074988585,0.007456271,0.0075201076,0.0074852537,0.0074916463,0.0075344127,0.007479487,0.0075016003,0.007505996,0.007456584,0.0074601453,0.0074891727
2017-07-28,0.0041377377,0.0041539352,0.0041338187,0.0041338187,0.004057331,0.0040771943,0.0041061025,0.004175348,0.0041258913,0.0040970724,0.004148973,0.004121257,0.004117636,0.0041671824,0.0041076224,0.0041243117,0.0041125994,0.004092334,0.004097892,0.0041243713
2017-07-31,0.007701738,0.0077233,0.00766447,0.007702796,0.00769691,0.0076325964,0.0076573323,0.0077269953,0.0076719653,0.0076642763,0.007697461,0.0076948684,0.0076734703,0.007724939,0.00768636,0.0076940786,0.007672129,0.0076910537,0.0076744985,0.007680459
2017-08-01,0.007526649,0.0075576436,0.0075075906,0.0075279754,0.0074614864,0.007463021,0.007465942,0.0075620394,0.0074590426,0.007466493,0.007520942,0.0074715596,0.0074613523,0.0075505953,0.007524712,0.007521717,0.007486863,0.007450981,0.007480053,0.007516561
2017-08-02,0.0075262766,0.0075492244,0.0075248163,0.0075232815,0.007482661,0.0074647944,0.007487906,0.0075575095,0.0074489396,0.0074774157,0.007517619,0.0074444544,0.0074908566,0.007552592,0.007527752,0.0075154286,0.007489605,0.0074611437,0.007487936,0.007509632
2017-08-03,0.007520629,0.0075597893,0.0074857604,0.007524086,0.007464839,0.007519422,0.007488204,0.0075578224,0.007441474,0.0074492376,0.007519258,0.0074602943,0.0074702483,0.0075571965,0.0075359475,0.007523043,0.007492585,0.00745715,0.00748202,0.0075137
2017-08-04,0.0056948196,0.005734278,0.0056271236,0.0057014357,0.005665941,0.005699707,0.0056592356,0.005733384,0.005621342,0.005655898,0.005695058,0.005681334,0.0056941938,0.005730672,0.0057209563,0.005696086,0.0056773257,0.005641235,0.005661426,0.0056845676
2017-08-07,0.0075241905,0.0075439196,0.0074717086,0.007537095,0.0074709635,0.0075235646,0.007493539,0.0075536203,0.007500408,0.0074646305,0.007515071,0.00751525,0.0075302552,0.007553933,0.0075580757,0.007525025,0.0074935537,0.007474778,0.007508753,0.0075006317
2017-08-08,0.007536454,0.007544784,0.00746019,0.0075359326,0.007471217,0.0075124186,0.007480679,0.007550178,0.0075046103,0.0074559283,0.007514609,0.007515816,0.0075212996,0.0075538736,0.007549254,0.0075183194,0.0074815284,0.00746092,0.007501064,0.007504953
2017-08-09,0.0074756723,0.0074925404,0.0074336957,0.0075375866,0.007473631,0.0075350236,0.007488666,0.007559536,0.0074819755,0.00745645,0.0075256955,0.007455958,0.007484479,0.007554887,0.007551221,0.0074863564,0.0075032543,0.0074634533,0.007466642,0.0074802767
2017-08-10,0.0074599516,0.0074747484,0.0074368697,0.007537661,0.0074744206,0.0075151455,0.0074893814,0.007553993,0.007474838,0.0074501317,0.007522581,0.007455213,0.007376639,0.0075484645,0.0075497758,0.0074718427,0.007493077,0.0074649137,0.0074527394,0.0074810665
2017-08-11,0.0075288694,0.0075383317,0.0074823033,0.007554559,0.0074842554,0.0075275283,0.007481603,0.0075600576,0.0074679237,0.007499663,0.007523818,0.0074361395,0.0074996483,0.0075505357,0.007544754,0.007480858,0.0075228643,0.0075074267,0.0074587893,0.0074916463
2017-08-14,0.00754009,0.007487623,0.007493956,0.0075414907,0.0075003337,0.0075103026,0.007494984,0.0075548273,0.0074867737,0.0074945074,0.007514326,0.007409526,0.0073858183,0.007548256,0.0075377505,0.0075025093,0.0075030904,0.007508559,0.007479919,0.007481275
2017-08-15,0.0075529497,0.007461576,0.007492928,0.007553203,0.0075093936,0.007520018,0.0074913036,0.007562084,0.007458685,0.007481156,0.007524995,0.0074032973,0.007366447,0.007554723,0.0075425487,0.0075066667,0.007521389,0.007518841,0.007472245,0.0075041633
2017-08-16,0.0075585227,0.0074530225,0.007504983,0.007549567,0.0074457806,0.0075202268,0.007491691,0.0075612944,0.0074332785,0.007419331,0.0075255465,0.0073869955,0.007358579,0.0075556766,0.0075499397,0.0074558537,0.007511331,0.0074727368,0.007468788,0.0075074118
2017-08-17,0.003904773,0.003826363,0.003850652,0.0039018672,0.0038533937,0.003887711,0.0038205814,0.0039119404,0.0038051289,0.0038351547,0.0038755666,0.0037304442,0.0036821198,0.0039045345,0.0038983356,0.0038422178,0.003866775,0.0038570743,0.0038240384,0.0038548093
2017-08-18,0.003601892,0.003508849,0.0035457294,0.0035884362,0.0034903418,0.0035801064,0.0035199951,0.003609879,0.0035336595,0.003458498,0.0035682153,0.0034263115,0.0033961963,0.0036019962,0.0036020558,0.0034906995,0.0035549086,0.0035646837,0.003522886,0.003550766
2017-08-21,0.0072404277,0.0071397107,0.0071828645,0.007217927,0.007134093,0.0072198045,0.007156236,0.0072451513,0.007174624,0.0071007293,0.0072100293,0.007066233,0.007027803,0.0072386097,0.007245345,0.007131515,0.007183863,0.0072036516,0.007161511,0.0071899574
2017-08-22,0.0075599533,0.007447509,0.007496191,0.00753933,0.0074276906,0.0075412523,0.007480694,0.007563142,0.007506801,0.007402895,0.0075256806,0.0073796045,0.007399721,0.0075578075,0.007565139,0.0074268114,0.0075136553,0.007522164,0.0074919593,0.0075108986
2017-08-23,0.007557137,0.0074691605,0.007487146,0.0075401943,0.0074440967,0.007541312,0.007474674,0.007563738,0.007508291,0.007406665,0.0075244736,0.00740288,0.007388277,0.0075585227,0.007568253,0.007438598,0.007517187,0.0075196456,0.007486446,0.0075115394
2017-08-24,0.009947849,0.009864835,0.009899063,0.009942083,0.009846432,0.009941144,0.00987619,0.00996886,0.00990252,0.009831993,0.009925066,0.009873195,0.009816242,0.009958087,0.009963362,0.009880153,0.009916319,0.009871019,0.009863047,0.009909747
2017-08-25,0.0075422507,0.007548241,0.0075125527,0.007543875,0.007472096,0.007516874,0.0074850153,0.0075650048,0.007509632,0.0074955355,0.0075266045,0.007495282,0.0075052213,0.0075567495,0.007553501,0.0074979495,0.007515071,0.007526962,0.0074746143,0.007513372
2017-08-28,0.007546885,0.007557003,0.007507382,0.0075328033,0.007460935,0.0075341295,0.0074462425,0.007567389,0.007490499,0.007504491,0.0075190496,0.0074866246,0.0075062346,0.0075525623,0.0075559895,0.0074889343,0.00748731,0.0075362753,0.0074634682,0.0075136703
2017-08-29,0.007548509,0.007564483,0.0075151753,0.007544605,0.007468028,0.0075439047,0.007430641,0.007569505,0.007487593,0.0075079035,0.0075278115,0.0074902307,0.007498516,0.007556526,0.0075590145,0.007489441,0.007517619,0.007538287,0.007460816,0.0075089913
2017-08-30,0.0075493287,0.0074984264,0.007505549,0.0075407457,0.0074681323,0.0075434875,0.0074418765,0.0075656455,0.00748956,0.0074353945,0.007523475,0.0074940305,0.007453678,0.007554738,0.0075609367,0.007501824,0.007515071,0.007460756,0.007477818,0.007504491
2017-08-31,0.0075436067,0.0075475853,0.0074966084,0.0075362455,0.007464526,0.0075260084,0.007439567,0.007564498,0.0074536186,0.00738105,0.007525338,0.0074723195,0.00737272,0.007551281,0.007553963,0.0074773263,0.0075122695,0.0074537974,0.0074741524,0.0075044762
2017-09-01,0.007547004,0.0075568836,0.007501198,0.0075330418,0.007516114,0.007533444,0.007437585,0.007563172,0.0074887257,0.007484598,0.007523356,0.0075022858,0.007455824,0.007553665,0.007556094,0.007503001,0.007511331,0.007506592,0.00748208,0.0075037014
2017-09-05,0.0075418185,0.007511584,0.0075191837,0.0075434726,0.007484896,0.0075366627,0.0074608605,0.0075606834,0.007482199,0.007439671,0.007529108,0.007493211,0.007411195,0.007557435,0.0075573158,0.007500736,0.007507084,0.0074775796,0.0075017344,0.007496951
2017-09-06,0.0075387936,0.007498814,0.0074889045,0.007528765,0.007502539,0.0074890833,0.0074220877,0.0075610857,0.0074419957,0.0074715447,0.007519318,0.007493926,0.007484002,0.007548688,0.007515965,0.0074964,0.0074987244,0.0074880105,0.0074719917,0.0075037014
2017-09-07,0.007532997,0.007524563,0.007505534,0.0075345766,0.007490767,0.007478578,0.007443471,0.0075636785,0.0074094515,0.007453678,0.007519467,0.0074523967,0.007470323,0.0075518023,0.0074582975,0.0074906778,0.0075074863,0.0074795913,0.0074817967,0.007511867
2017-09-08,0.0075371843,0.0075203907,0.0075044762,0.0075362753,0.0074982923,0.00748281,0.0074379425,0.007563902,0.0074296873,0.0074544232,0.007518707,0.007487593,0.007488696,0.0075523835,0.0074792486,0.007498799,0.007510526,0.007456733,0.0074840914,0.0075059664
2017-09-11,0.007316081,0.007294951,0.007263733,0.007308973,0.0073138457,0.007259978,0.007212041,0.0073435884,0.0071958583,0.0072611254,0.0072969627,0.0072392356,0.0072583687,0.007329462,0.0072386246,0.007272465,0.007282568,0.0073081087,0.007298304,0.0072706323
2017-09-12,0.0075363796,0.007554112,0.0075198393,0.007542042,0.007485969,0.007465763,0.0074622165,0.007561935,0.00741945,0.0074322056,0.007521419,0.0074613076,0.007469071,0.0075576734,0.0074494313,0.0075290482,0.0075113904,0.0074624848,0.0074991863,0.0074949395
2017-09-13,0.007537661,0.0075554084,0.0075270217,0.007521374,0.007518409,0.00745718,0.0074614715,0.0075572412,0.007422967,0.007484926,0.0075205993,0.007474838,0.007514341,0.0075517874,0.007456137,0.0075403135,0.0074819904,0.007517813,0.0074972194,0.007491825
2017-09-14,0.0075398963,0.007544173,0.007519139,0.0075101834,0.007474987,0.0074684005,0.0074722003,0.0075580757,0.0074370634,0.007420404,0.0075137746,0.0074916016,0.0074617546,0.007548226,0.007467149,0.007538764,0.007474361,0.007523043,0.007482497,0.007480575
2017-09-15,0.0075092744,0.0075306427,0.007498486,0.007514043,0.0075092,0.007467745,0.0074618887,0.0075620245,0.007440133,0.007435484,0.0075148623,0.007473899,0.0074560028,0.007544292,0.007465644,0.007540835,0.0074865352,0.0074750315,0.0074576717,0.007491274
2017-09-18,0.008859245,0.008872373,0.008821366,0.008843152,0.008852093,0.008780314,0.008800266,0.008886753,0.008723019,0.0087876,0.008843062,0.008771552,0.008794738,0.008874787,0.008763565,0.008839576,0.008812426,0.0088015925,0.008811815,0.008817
2017-09-19,0.0075421613,0.007555602,0.0075104665,0.007493971,0.007541625,0.0074759256,0.007489903,0.0075640064,0.0074438434,0.0074816626,0.007515816,0.00750391,0.0075008105,0.007549299,0.007466821,0.0075215977,0.0074542444,0.007501079,0.0074316245,0.00748433
2017-09-20,0.008752419,0.00877252,0.008745445,0.008714719,0.008752955,0.0086678695,0.008725924,0.00876346,0.008679507,0.008695943,0.00872889,0.008708803,0.008701889,0.008762507,0.008703573,0.008749438,0.008644251,0.00873032,0.008602856,0.008703647
2017-09-21,0.005044548,0.005060075,0.0050242078,0.005024744,0.004998116,0.00495906,0.0049919616,0.0050601345,0.004986463,0.0050133,0.0050248783,0.0050192457,0.004992647,0.005053891,0.005001558,0.005044205,0.0049936157,0.0049487036,0.004965408,0.004998399
2017-09-22,0.005819915,0.0058329683,0.005805118,0.0058143865,0.0057518017,0.005753128,0.005745245,0.0058576744,0.005766107,0.0057867747,0.0058199,0.0058205556,0.005717052,0.0058501344,0.0057861637,0.0058367383,0.0057833623,0.00569026,0.005771352,0.0057926606
2017-09-25,0.005455179,0.005445568,0.0054179113,0.0054344814,0.0053969454,0.0053826403,0.0053574126,0.0054870527,0.0053996425,0.0053675454,0.0054422747,0.0054547023,0.0053430926,0.0054746103,0.0054299217,0.0054634046,0.005406482,0.005328713,0.0053884666,0.005416153
2017-09-26,0.0059603136,0.005947722,0.005925862,0.005925996,0.005921928,0.0059538167,0.005868448,0.0059851687,0.005912585,0.0059002917,0.0059482735,0.005956946,0.0058439355,0.0059781354,0.0059465896,0.0059667807,0.005896298,0.0058498364,0.0059071016,0.0059237015
2017-09-27,0.0057846885,0.0057502817,0.005738182,0.0057425927,0.0057123136,0.005770458,0.0056631397,0.005796207,0.0057294797,0.0057059657,0.0057612937,0.005788265,0.0056415033,0.005791856,0.0057594758,0.0057796966,0.0057019275,0.0056686383,0.005720971,0.0057454836
2017-09-28,0.0075071882,0.007544903,0.007488562,0.007531194,0.007491378,0.0075118374,0.0074326675,0.0075619947,0.0074754637,0.0075107496,0.0075197797,0.0075248014,0.0074758213,0.0075488817,0.0075037163,0.0075495522,0.007455541,0.00744891,0.0074792635,0.007504059
2017-09-29,0.006390823,0.006422771,0.0063239913,0.0063735973,0.006401999,0.0063851606,0.0062740874,0.0064290743,0.0063472968,0.006398229,0.006385548,0.0063813906,0.006341813,0.0064099412,0.0063793045,0.006414352,0.006322501,0.006351037,0.006332217,0.006366087
2017-10-02,0.009123443,0.009143217,0.009091957,0.009109883,0.009085162,0.0090850275,0.009038283,0.009168996,0.009079842,0.009114785,0.009127704,0.0091270935,0.0090861,0.009152768,0.009121342,0.009155942,0.009073509,0.009063123,0.009084655,0.009109421
2017-10-03,0.007503597,0.007564543,0.0074958485,0.0075044464,0.007457642,0.007475434,0.007460488,0.007560266,0.0074605327,0.0075032096,0.0075217616,0.007530732,0.007477818,0.0075575244,0.007496802,0.0075463783,0.007494075,0.0074475985,0.0075081717,0.007501928
2017-10-04,0.007480694,0.0075537395,0.007481141,0.0074956995,0.00754006,0.007523341,0.007422192,0.007556243,0.0074742865,0.0075109433,0.0075113755,0.0075222235,0.0074595492,0.0075412225,0.0074824076,0.0075452905,0.007464124,0.007561354,0.007507695,0.007496638
2017-10-05,0.007502271,0.007555006,0.0074657183,0.0074943434,0.0075107794,0.007529242,0.0074199717,0.0075591933,0.0074770283,0.0075093936,0.0075133573,0.0075073224,0.0074595194,0.007541282,0.0075026434,0.0075435173,0.0074475985,0.0074994545,0.007477073,0.0075104963
2017-10-06,0.006843595,0.0068985205,0.006832553,0.006884454,0.006861327,0.0068457853,0.006781278,0.0069040935,0.0068399142,0.006875513,0.0068635624,0.006885452,0.0068184864,0.00689034,0.0068742763,0.0068984013,0.0068459343,0.0068844836,0.0068240594,0.0068591367
2017-10-09,0.007078437,0.0071184766,0.007048143,0.0070839655,0.0070561897,0.0070609134,0.00699736,0.007110549,0.0070319306,0.0070808064,0.0070700627,0.007084174,0.0070262235,0.007101102,0.0070657115,0.007103173,0.0070406925,0.0070801955,0.0070306044,0.0070728194
2017-10-10,0.0074814837,0.007552741,0.0074865352,0.007488547,0.007537348,0.0074999165,0.007424159,0.0075380187,0.007501675,0.0075322967,0.007491691,0.0075202715,0.0074581336,0.007524727,0.007527424,0.0075336527,0.0074587744,0.0075090956,0.007465137,0.0074920785
2017-10-11,0.0074943285,0.007559387,0.0074767154,0.0075422954,0.0075397026,0.0075035077,0.0074211042,0.007550953,0.007469414,0.0075207185,0.0075058173,0.0075253528,0.0074592214,0.0075428914,0.007508753,0.007525189,0.00751902,0.007526515,0.007468773,0.0074967127
2017-10-12,0.00747755,0.007556228,0.0074851643,0.0075504463,0.0075489413,0.007529823,0.007433174,0.007561041,0.007450087,0.0075163227,0.007511137,0.0075386744,0.0074598473,0.0075518023,0.0074938815,0.0075217914,0.007518677,0.0075065624,0.007469548,0.007498814
2017-10-13,0.008828966,0.008882804,0.008804349,0.008880375,0.008867992,0.008833898,0.008751152,0.008882595,0.00878085,0.00884348,0.008828623,0.0088602435,0.008782206,0.008870361,0.00881776,0.008843644,0.008849574,0.008840395,0.008802129,0.008819638
2017-10-16,0.007883428,0.007929189,0.007862641,0.007926716,0.007908149,0.0078774225,0.007815493,0.007925553,0.0078246575,0.007894767,0.007879553,0.007909192,0.007829158,0.007917447,0.007870628,0.007887585,0.007896407,0.007832913,0.007844044,0.0078732055
2017-10-17,0.007520763,0.0075623523,0.0074873846,0.0075528454,0.0075509083,0.007502226,0.007449029,0.0075561833,0.0074809175,0.0075266045,0.007504387,0.0075499844,0.0074596833,0.0075475704,0.0075128507,0.0075258296,0.007516129,0.0075288247,0.007477401,0.0074970555
2017-10-18,0.007416023,0.007534085,0.0074097496,0.007468639,0.0074785333,0.007442681,0.0073621105,0.007483823,0.0074136686,0.007490484,0.007431669,0.007532118,0.0071169417,0.007474838,0.007442249,0.0074830037,0.007425679,0.0074089747,0.0074000936,0.007446347
2017-10-19,0.006213961,0.00625482,0.0061911773,0.0062405746,0.006245626,0.0062184315,0.0061504077,0.0062568616,0.0061462503,0.0062066596,0.006209431,0.0062428545,0.00615759,0.006247012,0.0061877947,0.0062126946,0.0062033515,0.0062066596,0.0061775576,0.006184606
2017-10-20,0.00825849,0.00830753,0.0082633775,0.008308737,0.008307515,0.008247582,0.008223278,0.0083215665,0.008227183,0.008261783,0.008269085,0.008309735,0.00821477,0.008313028,0.008268727,0.00828713,0.008268965,0.008235229,0.0082561355,0.008253662
2017-10-23,0.008343382,0.008377625,0.008295221,0.008361293,0.008353395,0.008291809,0.008253945,0.008379726,0.0082710665,0.008328659,0.008324383,0.008363275,0.008281244,0.008366806,0.008318378,0.008344052,0.008326469,0.008218912,0.008295013,0.008310033
2017-10-24,0.007541163,0.0075947773,0.0074649733,0.007542921,0.007547913,0.0074954014,0.0074204486,0.0075602513,0.007470144,0.007556347,0.0075136553,0.007594241,0.007481126,0.0075535905,0.007503761,0.0075688343,0.0075092,0.007516129,0.0075007807,0.007540224
2017-10-25,0.007541267,0.0075573903,0.0074732583,0.007545946,0.007560281,0.007509617,0.0074208956,0.0075652134,0.007475985,0.0075100493,0.0075171124,0.007548047,0.0074610244,0.0075504016,0.007495759,0.0075310897,0.0075093787,0.007536484,0.0075088125,0.007505445
2017-10-26,0.009515164,0.009523196,0.009437112,0.009532435,0.009525312,0.009472085,0.009390531,0.009589894,0.009441135,0.009480162,0.009490652,0.009558437,0.009170381,0.009525059,0.009478493,0.009528277,0.009498669,0.009507669,0.009446947,0.009491337
2017-10-27,0.006994797,0.006990133,0.0069439095,0.006974889,0.006988434,0.0069036614,0.0068757515,0.0070218127,0.006939141,0.006970225,0.0069719832,0.0069998186,0.006924821,0.0070012193,0.006969912,0.0069883,0.006917758,0.0069541913,0.006909473,0.0069568735
2017-10-30,0.0075407606,0.0075445604,0.007548047,0.0075345766,0.00754009,0.0074876677,0.007421313,0.0075644683,0.007453723,0.0074883085,0.007519884,0.007547898,0.0074632,0.007547451,0.007488234,0.0075380336,0.007498322,0.007474808,0.0074678045,0.007492734
2017-10-31,0.007547168,0.0075231474,0.007467715,0.0075461697,0.007471515,0.0074801724,0.007423131,0.0075661372,0.007486744,0.0075095873,0.0075178724,0.007552741,0.0074650627,0.0075456183,0.0075181704,0.007543726,0.0075086635,0.007487757,0.007475717,0.007506935
2017-11-01,0.006050585,0.0059766006,0.0059375744,0.0060550105,0.0059817117,0.0059797,0.0058994275,0.0061055403,0.005974455,0.005991189,0.006016819,0.0060902964,0.005989535,0.0060412567,0.0060100537,0.0060785245,0.006024657,0.0060435664,0.005977301,0.0060194116
2017-11-02,0.0059781503,0.005942328,0.0058474373,0.005949868,0.0058749,0.005929051,0.0058701914,0.0059857946,0.0058796834,0.0059240293,0.0059505682,0.0059582125,0.005778281,0.005982412,0.005915804,0.0059481245,0.0058989357,0.0058940332,0.0058834236,0.0059367996
2017-11-03,0.00755593,0.0074991267,0.0075315665,0.007505996,0.007441772,0.007504193,0.007439075,0.0075581204,0.007479904,0.0075493436,0.007524399,0.0075267386,0.0073660146,0.0075535607,0.007498665,0.007497294,0.007453425,0.007484464,0.007431252,0.007498203
2017-11-06,0.0073079746,0.0072903465,0.0072578173,0.0072918963,0.0072994214,0.0072816145,0.007227985,0.0073059183,0.0072350632,0.007283075,0.0072816294,0.007250024,0.007081462,0.0073176604,0.007168902,0.007292567,0.0072439592,0.007186098,0.007251827,0.0072589796
2017-11-07,0.007555036,0.007526813,0.007541893,0.007529063,0.0075565707,0.007524295,0.0074856263,0.007555796,0.0074233543,0.007470114,0.00753179,0.0075333696,0.007310016,0.007555334,0.0073826443,0.0075264107,0.0074825864,0.007396085,0.007469682,0.0075206887
2017-11-08,0.0032019895,0.003191946,0.0031982493,0.0032074135,0.0031605791,0.003171308,0.0031403285,0.0032165926,0.0031468105,0.0031124335,0.0031907689,0.0031903666,0.0029993635,0.0032225978,0.0031321477,0.0031689536,0.003151698,0.0031137,0.0031021368,0.0031568687
2017-11-09,0.0075493585,0.007533921,0.0075279307,0.007527275,0.007514013,0.0074557494,0.0074810665,0.0075486433,0.007479964,0.0075065773,0.007529093,0.0075278264,0.007341696,0.007559521,0.007484002,0.0075268727,0.007490976,0.007480977,0.0074539464,0.007504178
2017-11-10,0.0011717062,0.0011546593,0.0011392068,0.0011600535,0.0011187773,0.0011131447,0.0011038166,0.0011658799,0.0010876935,0.0010911357,0.0011477303,0.0011652093,0.00096779875,0.0011826288,0.0010162275,0.0011489075,0.001113398,0.0010771733,0.0010557305,0.0011312943
2017-11-13,0.0075535607,0.0075449925,0.007487951,0.0075452756,0.0075419527,0.007523803,0.007469667,0.007553531,0.0075148474,0.0075071286,0.007528184,0.0075471234,0.007348148,0.007557152,0.0074868333,0.007530568,0.007471679,0.007496668,0.007444067,0.0075181853
2017-11-14,0.0075513404,0.0075547528,0.007511018,0.0075537097,0.007545365,0.0075255316,0.007493524,0.0075591784,0.0074911695,0.007429255,0.0075305533,0.007553531,0.0073419046,0.0075597893,0.0075168144,0.0075412225,0.0074988287,0.0073813777,0.007476045,0.00752726
2017-11-15,0.0075584482,0.0075642895,0.007440282,0.0075565856,0.0075526666,0.0075270217,0.007434545,0.00756192,0.0074326675,0.007427199,0.0075345766,0.0075593125,0.0073373,0.007560713,0.007532222,0.0075413715,0.0075175893,0.0074337553,0.00744888,0.007527126
2017-11-16,0.0074862223,0.0074919444,0.007381035,0.0074920785,0.007479159,0.0074558835,0.007370008,0.0074949246,0.007365523,0.007399453,0.0074649584,0.0074865352,0.007260887,0.007494433,0.007381929,0.0074622463,0.0074557494,0.007373167,0.007367788,0.0074468087
2017-11-17,0.0055734348,0.005578844,0.0054659825,0.0055744033,0.0055807363,0.0055501442,0.0054438245,0.005582912,0.0054730754,0.005484028,0.005551083,0.0055745672,0.005394561,0.005579455,0.0054365676,0.0055515002,0.005539937,0.0055074375,0.0054537337,0.005538402
2017-11-20,0.005754022,0.005758969,0.00566311,0.0057657342,0.0057706367,0.005755989,0.0056361537,0.00576861,0.0056621116,0.00558546,0.005736945,0.005758954,0.005735008,0.0057667177,0.005604757,0.0057400297,0.0057343524,0.005706949,0.005652664,0.005726395
2017-11-21,0.0075614583,0.0075620394,0.007462917,0.0075580906,0.007560117,0.0075228494,0.0074240994,0.0075674336,0.0074710827,0.0074936133,0.007537974,0.0075627994,0.007559223,0.0075647067,0.0074609052,0.007545186,0.007518692,0.0074937027,0.007449461,0.007531075
2017-11-22,0.0075450074,0.007559849,0.007461665,0.0075543057,0.007562397,0.007522626,0.007425649,0.007564334,0.007489441,0.007532729,0.0075327586,0.0075521152,0.007562829,0.0075625908,0.0074887704,0.0075392406,0.0075113755,0.007520018,0.0074691903,0.0075148772
2017-11-24,0.0036320072,0.0036510807,0.003523944,0.0036391448,0.0036468487,0.0036035758,0.003496049,0.0036541056,0.0035797786,0.003564192,0.003615139,0.0036448967,0.0036459994,0.0036469232,0.0035772454,0.0036249738,0.0036086868,0.0035943072,0.0035462808,0.0036004316
2017-11-27,0.0071228575,0.007138489,0.0070123207,0.00713378,0.007143436,0.007107986,0.006984381,0.007144524,0.007079033,0.007088421,0.007104872,0.007134525,0.0071460586,0.007135568,0.0070933234,0.007114185,0.0071085524,0.0071124863,0.007044686,0.0070967805
2017-11-28,0.007545514,0.007556347,0.007457746,0.007557301,0.007561816,0.007527901,0.0074191373,0.007565124,0.0075061154,0.0074703824,0.007531164,0.007558791,0.0075743627,0.0075598788,0.0074385684,0.0075356644,0.0075304937,0.0074966233,0.0074558984,0.007512031
2017-11-29,0.0072858315,0.0073032957,0.007231785,0.0072882455,0.007304145,0.007285727,0.0071471464,0.0073033404,0.00724463,0.007232202,0.007268889,0.0072979014,0.007265283,0.0072983336,0.007254539,0.0072858017,0.007249398,0.0072514396,0.0071991365,0.007259099
2017-11-30,0.0074715447,0.0074935835,0.00736524,0.0074765664,0.007492764,0.007473303,0.0074064564,0.007494865,0.007437555,0.007384537,0.0074571054,0.007498456,0.0074439924,0.0074900817,0.007458223,0.007466225,0.0074325185,0.007439954,0.007376028,0.0074445736
2017-12-01,0.0064329486,0.0064540636,0.006349085,0.006442217,0.006459413,0.0064346623,0.00632192,0.0064533185,0.006404666,0.006375788,0.006414188,0.0064605605,0.006384058,0.0064472537,0.0064278226,0.006430907,0.00640486,0.0064210277,0.006365774,0.0064050537
2017-12-04,0.008032588,0.008042989,0.007943137,0.008049158,0.008057727,0.008035285,0.007902054,0.008055879,0.008003755,0.007962896,0.008018507,0.008066623,0.007992594,0.008052764,0.008038996,0.00802934,0.008015869,0.008005006,0.0079760235,0.008000923
2017-12-05,0.007534666,0.007561056,0.007488234,0.0075419527,0.0075712185,0.007479785,0.0074549746,0.0075576436,0.007518066,0.0075095724,0.007517604,0.0075751822,0.0074625444,0.0075538885,0.007530926,0.007543532,0.007483123,0.0075107794,0.007474674,0.007513551
2017-12-06,0.003806783,0.0038382988,0.003732605,0.0038140696,0.0038437527,0.003819866,0.003721578,0.0038384777,0.003780393,0.0037919562,0.0037946831,0.003851099,0.0037343781,0.0038332772,0.0038136821,0.0038108062,0.0037617814,0.0038011055,0.0037563276,0.003789289
2017-12-07,0.007549299,0.007563425,0.0074712764,0.00754237,0.007526798,0.0075170975,0.0074178856,0.007563127,0.0075100195,0.0074948054,0.007522775,0.0075755697,0.007460205,0.0075534265,0.0075416844,0.007528214,0.007498352,0.007493211,0.0074804854,0.0075075906
2017-12-08,0.0070711058,0.0070791524,0.006940795,0.007134555,0.0070417505,0.0070200246,0.0069802683,0.0070871096,0.0070224833,0.0070079844,0.007042704,0.0071683954,0.006711496,0.007079823,0.007132603,0.0070630293,0.007045759,0.0070519727,0.0069924127,0.0070405733
2017-12-11,0.0075528305,0.00756198,0.007405488,0.00754006,0.0074997228,0.0074623358,0.0074610095,0.0075647216,0.007487802,0.0074814092,0.00752425,0.007579593,0.007467238,0.007559089,0.0075314324,0.0075355154,0.007502539,0.00748053,0.0074684005,0.0075127464
2017-12-12,0.0075537097,0.007561965,0.0074378382,0.007546572,0.0074859243,0.007475091,0.007474987,0.00756645,0.007469116,0.007462723,0.007526232,0.0075755846,0.00746697,0.007559685,0.0075436663,0.007530002,0.0075079333,0.007478399,0.0074584316,0.0075095724
2017-12-13,0.0043780487,0.0043758284,0.0042413305,0.004365219,0.0043239277,0.004282994,0.0042954665,0.004382683,0.0043056887,0.0042927098,0.0043454897,0.0043881815,0.0042699557,0.004378123,0.0043633115,0.0043420773,0.0043232273,0.004303796,0.0043017697,0.004324166
2017-12-14,0.005346922,0.005350752,0.0052700024,0.005395336,0.0052721333,0.005272923,0.005232854,0.0053555053,0.0052615833,0.0053073596,0.0053244364,0.0054109525,0.005280493,0.0053491425,0.0053886306,0.0053358953,0.005285276,0.0052837264,0.005251212,0.005314661
2017-12-15,0.005567549,0.0055796187,0.005527867,0.005558623,0.0054782312,0.005498914,0.0054997336,0.0055793356,0.0054831933,0.0055480283,0.005531309,0.005590616,0.0054733735,0.0055711996,0.005563168,0.00555609,0.0054959636,0.0054654162,0.00545655,0.0055392813
2017-12-18,0.0058893394,0.0058926623,0.0058363657,0.005876003,0.0058023613,0.0057928693,0.0057964306,0.005894957,0.0058047306,0.005798755,0.0058474224,0.0059044342,0.00579047,0.0058861803,0.0058846753,0.005877642,0.0057768207,0.005795611,0.0057851505,0.0058520418
2017-12-19,0.0037451368,0.0037465524,0.0037007611,0.0037041735,0.0036931764,0.0037130844,0.0036625396,0.0037512612,0.0036831778,0.0036322754,0.0036980342,0.0037632864,0.0036482196,0.0037431847,0.0037454497,0.0037266891,0.0036420058,0.0036741924,0.0036649685,0.0036991518
2017-12-20,0.006248845,0.006252898,0.006216584,0.006234972,0.006177334,0.0062324237,0.0061885547,0.006261004,0.006205706,0.0061172377,0.0062024277,0.0062674414,0.006156994,0.006256936,0.0062320363,0.0062366407,0.006192906,0.0061689,0.006186543,0.006213559
2017-12-21,0.007545827,0.007558821,0.007502539,0.0075368416,0.007498486,0.007534055,0.0074976813,0.007560624,0.0074964594,0.0074927043,0.0075249653,0.007569356,0.007457314,0.007559819,0.0075300466,0.0075398665,0.0074913185,0.0074946415,0.0074913036,0.0075113457
2017-12-22,0.007549269,0.007555915,0.0075145047,0.0075264852,0.0074943732,0.0074652564,0.007503478,0.007560281,0.0074745696,0.0074560326,0.007513372,0.0075683575,0.007316796,0.007559968,0.007490007,0.0075345617,0.0074820053,0.007493032,0.0074938815,0.0075172912
2017-12-26,0.0075516384,0.007558299,0.0075176787,0.0075272303,0.007520048,0.007499216,0.0075082015,0.007558359,0.007475866,0.0074749123,0.0075243693,0.0075627696,0.0074816924,0.0075561237,0.0074608903,0.0075411927,0.0074787866,0.0075021517,0.0074967872,0.007522328
2017-12-27,0.0075427424,0.007554291,0.0075207185,0.007532669,0.0075043123,0.0075139385,0.0074823033,0.007556258,0.007483838,0.0074781906,0.0075211357,0.007565452,0.0074789952,0.0075552296,0.0075009,0.0075380486,0.00748202,0.007471798,0.0075013917,0.0075151455
2017-12-28,0.0075382125,0.007552741,0.007521255,0.0075250547,0.0075088125,0.0075118374,0.007487608,0.007554991,0.007475389,0.0074833017,0.007520972,0.0075647663,0.007472275,0.0075540673,0.007503016,0.0075288545,0.0074797403,0.007472677,0.0075006466,0.0075150114
2017-12-29,0.0075433385,0.0075559746,0.0075174253,0.0075315367,0.007494269,0.0074911993,0.0074809473,0.007556556,0.0074890386,0.007455496,0.0075158756,0.007561637,0.007502852,0.007551817,0.0075176936,0.007531641,0.007488249,0.007454632,0.0074945968,0.007515652
