date,DSX,RXD,PCYO,ASUR,XPL,CREG,BPFH,GLDD,VGZ,MBOT,CDE,USAS,DGICB,MNTA,OBAS,HOLI,CO,GSS,NXST,WWR
2018-02-15,-0.01281742,-0.020856746,-0.015688464,-0.01601515,-0.01587835,-0.013589367,-0.0137980655,-0.01456416,-0.013694949,-0.014659606,-0.013720989,-0.016492419,-0.020662136,-0.014233507,-0.021000825,-0.012929622,-0.017904349,-0.014055893,-0.014278784,-0.019626744
2018-02-16,-0.011708595,-0.01985525,-0.014717989,-0.015570447,-0.014421746,-0.011261441,-0.01332473,-0.013227299,-0.01244773,-0.013289541,-0.012123376,-0.01519914,-0.020310752,-0.012459494,-0.023734547,-0.011781953,-0.015364215,-0.012579281,-0.012668923,-0.01671502
2018-02-20,-0.007958606,-0.016106512,-0.010207068,-0.011420175,-0.009733386,-0.007999472,-0.00915502,-0.009025,-0.008135997,-0.008814432,-0.008068159,-0.01111193,-0.011867322,-0.008421972,-0.019872434,-0.007799882,-0.010988448,-0.008611482,-0.008330792,-0.0125315115
2018-02-21,-0.014080487,-0.022430293,-0.0156339,-0.017021917,-0.015252661,-0.014098797,-0.014323108,-0.014317125,-0.013603061,-0.014253072,-0.013761841,-0.016412515,-0.033851862,-0.01390323,-0.024317533,-0.01343463,-0.016275689,-0.014221244,-0.014025271,-0.018445954
2018-02-22,-0.013752576,-0.020698242,-0.0151957795,-0.017061424,-0.015458755,-0.014146097,-0.014000423,-0.014283411,-0.013879705,-0.014486436,-0.013668664,-0.016471334,-0.037578575,-0.013921332,-0.02495911,-0.014054034,-0.016132973,-0.014214929,-0.013967462,-0.019736685
2018-02-23,-0.01056321,-0.018991955,-0.013126206,-0.0145152435,-0.013020255,-0.012060732,-0.010877818,-0.011657633,-0.011875629,-0.012382794,-0.010685012,-0.013986297,-0.028822921,-0.010929074,-0.021343492,-0.011245653,-0.012917753,-0.011274587,-0.010847434,-0.020734075
2018-02-26,-0.00994914,-0.01861041,-0.012558892,-0.013610691,-0.012097482,-0.011028368,-0.010307327,-0.010612071,-0.010521993,-0.011385314,-0.010259815,-0.013105661,-0.030802466,-0.010502331,-0.022212267,-0.010122426,-0.012591861,-0.010187928,-0.01055038,-0.022491053
2018-02-27,-0.012073427,-0.022356197,-0.015545756,-0.017033264,-0.015427224,-0.014700055,-0.013826102,-0.014088713,-0.01397986,-0.014455613,-0.013635129,-0.016530499,-0.02125334,-0.013899833,-0.01941691,-0.012323685,-0.015854254,-0.013885252,-0.014135227,-0.024011903
2018-02-28,-0.013024859,-0.023036242,-0.017023101,-0.016970672,-0.015357465,-0.014444135,-0.014123462,-0.013751946,-0.01408013,-0.014799174,-0.013678424,-0.016195629,-0.019434012,-0.013859078,-0.0233079,-0.013432551,-0.015744008,-0.013885267,-0.0136312805,-0.023400001
2018-03-01,-0.01200632,-0.011265397,-0.01708164,-0.016901258,-0.015752077,-0.01438535,-0.014031466,-0.013867214,-0.014181681,-0.015272707,-0.013676167,-0.01616761,-0.016953044,-0.013818726,-0.020514295,-0.012573972,-0.015433483,-0.013968948,-0.013905473,-0.017499737
2018-03-02,-0.008634232,0.025569746,-0.012288146,-0.012263767,-0.011202715,-0.010019511,-0.009369377,-0.00966683,-0.009687297,-0.01048433,-0.009000979,-0.012050163,-0.02037593,-0.009190757,-0.020361409,-0.009150982,-0.010702785,-0.00980122,-0.009262368,-0.0151152015
2018-03-05,-0.01251705,-0.007702246,-0.016884137,-0.016827218,-0.015897736,-0.014533959,-0.014049038,-0.014472537,-0.014013462,-0.014896348,-0.013499305,-0.01642254,-0.022597484,-0.013866469,-0.021856446,-0.013147358,-0.015146021,-0.014221355,-0.01358043,-0.018980976
2018-03-06,-0.012411781,-0.0111594945,-0.015907206,-0.016896404,-0.016037669,-0.014377937,-0.014092151,-0.01447244,-0.0137912035,-0.014560446,-0.01372667,-0.01650748,-0.017561339,-0.0139305815,-0.016619176,-0.012706496,-0.015299946,-0.014293224,-0.0137792155,-0.022634462
2018-03-07,-0.012965441,-0.010373924,-0.015077651,-0.016930155,-0.01602497,-0.014729507,-0.01417065,-0.014385134,-0.014096379,-0.014111184,-0.013772361,-0.016539812,-0.019002818,-0.013915934,-0.016429834,-0.013135284,-0.015318707,-0.014349371,-0.013923924,-0.022433795
2018-03-08,-0.012137394,-0.009426028,-0.014407601,-0.016061977,-0.015121065,-0.013953395,-0.013017438,-0.013408359,-0.0129113905,-0.013493434,-0.012576945,-0.015798472,-0.018731013,-0.012769796,-0.0217157,-0.012738377,-0.014009483,-0.012986273,-0.012810208,-0.016347572
2018-03-09,-0.012757361,-0.010240883,-0.01531028,-0.01685603,-0.015933663,-0.013888121,-0.014056943,-0.013892934,-0.013927195,-0.014743015,-0.013758585,-0.016511928,-0.019201316,-0.013920613,-0.017286755,-0.013129402,-0.015170008,-0.014087431,-0.013760842,-0.017422583
2018-03-12,-0.013347991,-0.008875191,-0.014998786,-0.016867682,-0.015823118,-0.014766607,-0.013918512,-0.014243238,-0.0139293745,-0.014828637,-0.01371691,-0.016777247,-0.018275835,-0.013866879,-0.019042041,-0.014236547,-0.015106253,-0.014359847,-0.013101842,-0.022621289
2018-03-13,-0.012449618,-0.00845791,-0.015020434,-0.016884591,-0.015788086,-0.015625581,-0.014043279,-0.013954073,-0.014191564,-0.020184323,-0.013839044,-0.01680398,-0.021608181,-0.013830885,-0.018012956,-0.0131143965,-0.015043549,-0.014800232,-0.0130393095,-0.024566658
2018-03-14,-0.013323002,-0.009192318,-0.015463598,-0.016784612,-0.016054064,-0.016081821,-0.0141457245,-0.014415596,-0.014436126,-0.016059771,-0.013820723,-0.017441064,-0.020555884,-0.013967771,-0.019303411,-0.013984598,-0.014958791,-0.0145896,-0.013261665,-0.024893232
2018-03-15,-0.0135257095,-0.007935889,-0.015985511,-0.016610105,-0.016138136,-0.015718445,-0.014123082,-0.014408249,-0.014460377,-0.016429096,-0.013733365,-0.017853893,-0.02070459,-0.013883673,-0.018889446,-0.013661258,-0.014682677,-0.014562659,-0.0119038,-0.0435808
2018-03-16,-0.009763449,-0.012365788,-0.0119826645,-0.012225859,-0.012420274,-0.011425607,-0.010409184,-0.011050664,-0.010632124,-0.0146817565,-0.009836681,-0.014007136,-0.017865308,-0.009836987,-0.017111443,-0.008706246,-0.009602811,-0.010709621,-0.009508349,-0.027336784
2018-03-19,-0.01288759,-0.015537478,-0.015901893,-0.015380695,-0.015936017,-0.015197642,-0.014279529,-0.014487952,-0.014677696,-0.020991467,-0.013766356,-0.017692823,-0.020380564,-0.013861455,-0.019195076,-0.012505867,-0.013399802,-0.014786504,-0.013551876,-0.01757393
2018-03-20,-0.01244916,-0.015419088,-0.013662543,-0.015912138,-0.016026434,-0.015142065,-0.01394897,-0.013517596,-0.014264878,-0.015192259,-0.013906103,-0.01755631,-0.015178986,-0.013792984,-0.018989608,-0.01247827,-0.013176277,-0.015449725,-0.013563968,-0.017910354
2018-03-21,-0.012969308,-0.008904524,-0.015571579,-0.016068809,-0.016783617,-0.014848396,-0.01416,-0.014675774,-0.01521939,-0.014263723,-0.0138223395,-0.018474326,-0.006499726,-0.013963759,-0.019614596,-0.013085231,-0.01432021,-0.015907973,-0.013733279,-0.023371007
2018-03-22,-0.010330848,-0.005531728,-0.011894975,-0.011705443,-0.01323596,-0.01229848,-0.010559071,-0.0109125115,-0.01193887,-0.011306498,-0.010267511,-0.014801789,0.011873338,-0.010365743,-0.016160756,-0.00947642,-0.010542877,-0.011989355,-0.009854563,-0.022686794
2018-03-23,-0.010123521,-0.0068543325,-0.01163581,-0.011601489,-0.012886625,-0.012431197,-0.010131136,-0.010795832,-0.011127889,-0.014676861,-0.010009341,-0.014446512,0.0099505335,-0.009990647,-0.017920073,-0.008771062,-0.009957932,-0.011519067,-0.0097556785,-0.023475394
2018-03-26,-0.012299597,-0.0063459794,-0.013677493,-0.012716271,-0.01483126,-0.013960473,-0.012186885,-0.012292188,-0.014093921,-0.017137203,-0.011670046,-0.016676519,0.013378639,-0.0120249465,-0.016818143,-0.010443106,-0.010425836,-0.013237193,-0.01073534,-0.025694914
2018-03-27,-0.008007266,-0.0036259103,-0.008765437,-0.008161902,-0.010126244,-0.009957612,-0.008261152,-0.008277729,-0.009329554,-0.012343891,-0.00758174,-0.011758871,0.029761598,-0.007831775,-0.012337558,-0.006380535,-0.0054321657,-0.008841846,-0.0073574814,-0.022826578
2018-03-28,-0.007430538,-0.0043269764,-0.009564437,-0.009858735,-0.011231519,-0.011317775,-0.008991186,-0.009126928,-0.0105111,-0.014818974,-0.008475788,-0.012858562,0.01835632,-0.008124974,-0.01357428,-0.007912785,-0.0068534124,-0.010106366,-0.008043315,-0.020809516
2018-03-29,-0.008544046,-0.006117552,-0.011616275,-0.01129251,-0.01245724,-0.011297867,-0.010009032,-0.010554679,-0.01177258,-0.0155720785,-0.009583645,-0.01420223,0.014238849,-0.009520091,-0.01461754,-0.008636311,-0.008042,-0.011352234,-0.0093951225,-0.020322062
2018-04-02,-0.006241999,-0.0032271664,-0.0092463195,-0.0088584125,-0.0101003945,-0.009525955,-0.0075782384,-0.008179426,-0.009291165,-0.014414839,-0.007489949,-0.012313731,0.018021643,-0.007217578,-0.01773537,-0.0067126187,-0.006573684,-0.009099502,-0.006972439,-0.01732118
2018-04-03,-0.013663903,-0.02353128,-0.01563795,-0.015174292,-0.016111411,-0.014813438,-0.014141422,-0.014526069,-0.015270278,-0.015921026,-0.013694175,-0.018206764,0.013211194,-0.014059313,-0.020104855,-0.013706498,-0.014066175,-0.015187375,-0.013308197,-0.022764057
2018-04-04,-0.0128195025,-0.038913913,-0.013993107,-0.014950715,-0.016157076,-0.014051322,-0.01371555,-0.013858937,-0.015691824,-0.016333718,-0.01386923,-0.018351197,0.015194073,-0.013023309,-0.017098464,-0.014255673,-0.0126917735,-0.0151923895,-0.012786161,-0.021582045
2018-04-05,-0.013527915,-0.023683615,-0.015715111,-0.013442442,-0.016443841,-0.0141307935,-0.012824781,-0.014240306,-0.0157395,-0.015602417,-0.013936773,-0.018457927,0.01496125,-0.013446402,-0.0077373344,-0.014393292,-0.010237023,-0.015214771,-0.013498239,-0.01994367
2018-04-06,-0.007641047,0.016335864,-0.010913417,-0.008939214,-0.010732975,-0.011075921,-0.007997051,-0.008726664,-0.010322459,-0.009668559,-0.007469177,-0.012749009,0.0148567185,-0.0074178833,-0.0028417069,-0.0075269523,-0.006333686,-0.009211168,-0.007956155,-0.013264239
2018-04-09,-0.013839856,-0.023019657,-0.016553633,-0.013107233,-0.016485833,-0.016922146,-0.014425434,-0.0144641735,-0.015727356,-0.017323904,-0.013762064,-0.018428758,0.02830417,-0.013842493,-0.01202644,-0.01395959,-0.012735933,-0.015283152,-0.013715051,-0.018779896
2018-04-10,-0.013638563,-0.010641225,-0.016610593,-0.014309246,-0.016468763,-0.016972903,-0.014143474,-0.014347088,-0.015949108,-0.01568231,-0.013967119,-0.018390168,-0.0010733302,-0.013269603,0.004838959,-0.0139526725,-0.012680203,-0.015329476,-0.014124244,-0.018871158
2018-04-11,-0.0139252655,-0.0137111135,-0.016682886,-0.014503058,-0.016299278,-0.018696822,-0.014273111,-0.014639869,-0.015614428,-0.016769756,-0.013789032,-0.018026724,-0.01658152,-0.013962209,-0.026819125,-0.014156006,-0.01429002,-0.015346505,-0.014485564,-0.018814765
2018-04-12,-0.013991609,-0.020044185,-0.016585276,-0.0135163665,-0.016483225,-0.016658217,-0.014180608,-0.013285279,-0.01564926,-0.017030958,-0.013815209,-0.018145163,-0.03127896,-0.014072023,-0.027108155,-0.014292385,-0.0132136755,-0.015176427,-0.014198974,-0.018733531
2018-04-13,-0.0072924118,-0.010843858,-0.010770243,-0.008124895,-0.010476612,-0.009658761,-0.0075551565,-0.008007191,-0.010036103,-0.010677077,-0.007197305,-0.011213027,-0.014543351,-0.0069940384,-0.0066943946,-0.007835541,-0.006659142,-0.00869948,-0.007535677,-0.012007922
2018-04-16,-0.011852112,-0.01594685,-0.0147085115,-0.012536995,-0.014412459,-0.012228861,-0.01217626,-0.012574248,-0.013491705,-0.015251901,-0.011658706,-0.015257057,-0.015111104,-0.011902902,-0.023805596,-0.012024678,-0.010806967,-0.013012037,-0.011923566,-0.015196409
2018-04-17,-0.013994865,-0.017655239,-0.016638584,-0.0147019215,-0.016451448,-0.013840798,-0.014373843,-0.014553018,-0.015515134,-0.017498333,-0.013837755,-0.017309189,-0.025220439,-0.014009882,-0.032752514,-0.013892531,-0.012994684,-0.015141867,-0.013680309,-0.016669873
2018-04-18,-0.010496367,-0.043348223,-0.013385482,-0.011005215,-0.013250247,-0.0113938935,-0.010702658,-0.011289023,-0.0121276155,-0.011503149,-0.010028951,-0.014112625,-0.020620532,-0.01019676,-0.012163572,-0.010368235,-0.009804465,-0.011527911,-0.0097067505,-0.013953704
2018-04-19,-0.0097339,-0.019917928,-0.012421049,-0.009996075,-0.012197513,-0.010053303,-0.010069005,-0.010210015,-0.011127904,-0.009724431,-0.009411715,-0.012482915,-0.022759013,-0.009737171,-0.015470348,-0.009939082,-0.010380689,-0.010575041,-0.009049747,-0.012481898
2018-04-20,-0.010716289,-0.013728341,-0.013525274,-0.010518603,-0.0132184625,-0.016986936,-0.0108883865,-0.011057615,-0.012333982,-0.0104785785,-0.010023035,-0.013230279,-0.024688162,-0.0105180815,-0.012014538,-0.010405414,-0.011159018,-0.011483669,-0.0096126795,-0.012751084
2018-04-23,-0.01450666,0.032385856,-0.017122563,-0.014159806,-0.016372494,-0.022866823,-0.014394615,-0.012678709,-0.015587069,-0.0129626915,-0.013806634,-0.016521282,-0.027491815,-0.013819151,-0.034328893,-0.013772793,-0.014469776,-0.015146352,-0.013589874,-0.015069187
2018-04-24,-0.014173694,-0.040226378,-0.01714411,-0.01409293,-0.01633621,-0.018140115,-0.014238831,-0.012048516,-0.015800424,-0.011817675,-0.0138239935,-0.0164866,-0.033277687,-0.013990156,-0.01950667,-0.013863791,-0.01135518,-0.0150896385,-0.013468623,-0.0149168
2018-04-25,-0.010738529,0.05752773,-0.013814792,-0.010149147,-0.013079628,-0.012957841,-0.010550581,-0.010028444,-0.012776852,-0.012549035,-0.009803727,-0.012668464,-0.01041526,-0.010319866,-0.016822986,-0.010372862,-0.010134008,-0.011340551,-0.009552889,-0.01227431
2018-04-26,-0.011069473,0.08178275,-0.014125705,-0.010264643,-0.013362795,-0.012843974,-0.010906268,-0.010316081,-0.01310521,-0.01004345,-0.0103577,-0.013223693,-0.029659934,-0.0106293075,0.0033826013,-0.010559939,-0.008167349,-0.011682209,-0.010080844,-0.012385856
2018-04-27,-0.014327161,0.014538141,-0.01698298,-0.01218313,-0.016405448,-0.016809933,-0.014428757,-0.013925184,-0.016182013,-0.008898653,-0.013756283,-0.016220033,-0.03179863,-0.014310956,-0.030581728,-0.013789438,-0.013173699,-0.015095301,-0.013830874,-0.016735055
2018-04-30,-0.014003385,-0.006325997,-0.016838677,-0.012672536,-0.016705599,-0.016539954,-0.014220163,-0.0139282085,-0.016092025,-0.009471506,-0.013777345,-0.016252968,-0.042141743,-0.014174312,-0.01293394,-0.014188372,-0.013675347,-0.015388064,-0.014260165,-0.018057115
2018-05-01,-0.013823852,0.055714846,-0.015717097,-0.01229585,-0.015969247,-0.022557132,-0.014076352,-0.014553819,-0.0160029,-0.011484385,-0.013773993,-0.016187519,-0.01225562,-0.013559148,-0.034240775,-0.013789356,-0.0118161775,-0.014937542,-0.013741113,-0.02391908
2018-05-02,-0.010138638,0.06715667,-0.013324238,-0.011860497,-0.012263577,-0.013397437,-0.009695753,-0.010472249,-0.012635015,-0.00809684,-0.009672619,-0.012722988,0.00072696107,-0.01013409,-0.031087264,-0.010060251,-0.0077384147,-0.01117878,-0.009866219,-0.014560431
2018-05-03,-0.012628883,0.0612977,-0.015578892,-0.014461279,-0.014731057,-0.013463005,-0.012537617,-0.013335004,-0.014418136,-0.011559475,-0.012268927,-0.014878869,-0.002697486,-0.0126182735,-0.026365943,-0.012382794,-0.010681443,-0.013312597,-0.012426246,-0.017199107
2018-05-04,-0.014185339,0.060086988,-0.016880564,-0.015509777,-0.0161371,-0.021158468,-0.014000878,-0.014641523,-0.015013155,-0.013644971,-0.013701312,-0.015586324,-0.0050167846,-0.014107712,-0.024454944,-0.014066748,-0.012181081,-0.0144553,-0.014193065,-0.018405735
2018-05-07,-0.014789369,0.044479992,-0.017645769,-0.015477102,-0.016948812,-0.019802444,-0.014524993,-0.01531826,-0.014684316,-0.014047563,-0.013957441,-0.016425855,-0.005016945,-0.014490221,-0.020850606,-0.014468696,-0.013044141,-0.013407189,-0.014220335,-0.019471698
2018-05-08,-0.0139897615,0.020773083,-0.016512908,-0.013995986,-0.016406644,-0.018126763,-0.014095798,-0.014973968,-0.0154421665,-0.013948109,-0.013535053,-0.016134117,-0.0030433158,-0.014086492,-0.020756178,-0.013907589,-0.012725279,-0.014508504,-0.013618387,-0.0186558
2018-05-09,-0.009213127,0.018320719,-0.012615852,-0.008928202,-0.012023635,-0.012761328,-0.009582117,-0.010392882,-0.011595342,-0.010696255,-0.008943848,-0.011927143,-0.001043513,-0.009348586,-0.014641695,-0.00947186,-0.009239316,-0.010065578,-0.0091808215,-0.014372479
2018-05-10,-0.013143301,0.031145388,-0.016454197,-0.013152897,-0.015797041,-0.016309693,-0.013612755,-0.014240883,-0.015464608,-0.014194641,-0.013315722,-0.015586823,-0.005060322,-0.013363626,-0.013229031,-0.013316229,-0.011592086,-0.014128044,-0.013504274,-0.01822646
2018-05-11,-0.013734445,0.057158746,-0.01674885,-0.015022229,-0.016528346,-0.016674899,-0.014139511,-0.014568526,-0.01612132,-0.014562778,-0.013740741,-0.01589198,-0.007291212,-0.01393985,-0.020337678,-0.014017142,-0.0129570365,-0.014837038,-0.014017485,-0.018833026
2018-05-14,-0.014346607,0.07087648,-0.01659571,-0.014229953,-0.01685398,-0.016534425,-0.014137585,-0.014588192,-0.01579187,-0.014720183,-0.0137269795,-0.015705734,-0.008441765,-0.0119204745,-0.017616034,-0.014340736,-0.013007689,-0.014646031,-0.013867516,-0.018880196
2018-05-15,-0.013953015,0.060786806,-0.016411915,-0.013765432,-0.016145118,-0.01641383,-0.013977464,-0.0147256255,-0.01572033,-0.014406331,-0.013803218,-0.015706938,-0.007133599,-0.01319468,-0.019802265,-0.014384288,-0.013651341,-0.012529451,-0.014064085,-0.019041732
2018-05-16,-0.013949327,0.018709294,-0.016578607,-0.013559736,-0.016078368,-0.01634711,-0.01392968,-0.014710728,-0.0151891075,-0.014389224,-0.013796322,-0.015715063,-0.007987589,-0.013667021,-0.023020983,-0.014349684,-0.013379246,-0.014189333,-0.013395008,-0.018827867
2018-05-17,-0.010385454,0.02098696,-0.012858547,-0.009768724,-0.012553714,-0.01241976,-0.010472037,-0.01066567,-0.011795372,-0.010608964,-0.009944811,-0.011525102,-0.006373822,-0.009457622,-0.023983888,-0.010110099,-0.009805288,-0.0099225715,-0.010103144,-0.014954358
2018-05-18,-0.0143664405,0.006659948,-0.01625121,-0.013609163,-0.016202841,-0.01613649,-0.014254153,-0.014709495,-0.015946694,-0.0140616,-0.013813265,-0.014317624,-0.008780066,-0.013867639,-0.02820269,-0.014346853,-0.013995763,-0.012573451,-0.01353047,-0.018821694
2018-05-21,-0.014419325,-0.029305965,-0.016709253,-0.015116319,-0.016709417,-0.015975125,-0.014294665,-0.014750477,-0.015961412,-0.014991954,-0.013760127,-0.015060868,-0.010519899,-0.013719134,-0.026098683,-0.014630228,-0.013816737,-0.014250062,-0.0134435445,-0.018930439
2018-05-22,-0.014452379,-0.019715905,-0.016863264,-0.01499442,-0.01683009,-0.01593738,-0.014517486,-0.014659025,-0.015957467,-0.01512365,-0.013827652,-0.013589978,-0.009231038,-0.013497621,-0.025437683,-0.014639966,-0.013365753,-0.012435421,-0.013045128,-0.018932145
2018-05-23,-0.007753439,-0.0030566822,-0.010745265,-0.008397259,-0.010524623,-0.0093881,-0.007852964,-0.007827722,-0.009673357,-0.008927926,-0.0072201635,-0.008511551,-0.0037248875,-0.006149269,-0.018348716,-0.007898346,-0.00781339,-0.007063731,-0.005558833,-0.012581602
2018-05-24,-0.008016594,0.0024262522,-0.0109694,-0.008630302,-0.009972051,-0.009165153,-0.007832691,-0.008396059,-0.010043662,-0.009063955,-0.0071378346,-0.008602258,-0.0035980414,-0.0066914107,-0.013925262,-0.007799785,-0.008324929,-0.007464729,-0.007020473,-0.012996241
2018-05-25,-0.014326528,-0.012039378,-0.016873047,-0.014679603,-0.01585278,-0.015774406,-0.014362477,-0.014815755,-0.015971951,-0.015381176,-0.0138759315,-0.015130065,-0.009128526,-0.013350561,0.006845143,-0.014361985,-0.014160477,-0.0137988515,-0.013517618,-0.01925752
2018-05-29,-0.017604835,-0.040246107,-0.020021379,-0.01770939,-0.018995851,-0.018477745,-0.017397977,-0.017929673,-0.01941419,-0.018590178,-0.01657357,-0.019483224,-0.012086317,-0.01636161,0.0075270166,-0.017503984,-0.017178234,-0.017397963,-0.015314925,-0.022248589
2018-05-30,-0.014364183,-0.030824147,-0.016955525,-0.014478564,-0.016191348,-0.013404369,-0.0145171285,-0.014878072,-0.01590652,-0.015570663,-0.013778277,-0.016260982,-0.009687733,-0.012823023,0.01090467,-0.01449652,-0.012983985,-0.012652263,-0.012889009,-0.01921283
2018-05-31,-0.014287181,0.002992597,-0.017003946,-0.014754195,-0.015909545,-0.009675175,-0.014307737,-0.014897108,-0.01611507,-0.015627429,-0.013722088,-0.016015671,-0.011362374,-0.0134747885,0.014344841,-0.014304481,-0.0131808,-0.013338376,-0.01158762,-0.019116204
2018-06-01,-0.0140561685,0.012905609,-0.01708677,-0.014474999,-0.016106956,-0.008441947,-0.014307484,-0.014840536,-0.016105127,-0.01563131,-0.013853006,-0.016428463,-0.014515188,-0.013324041,-0.011680916,-0.014492266,-0.013354003,-0.012920376,-0.01255881,-0.019295067
2018-06-04,-0.009331726,0.01444716,-0.012683526,-0.010083772,-0.011705413,-0.00563503,-0.0095178,-0.009624042,-0.011759184,-0.011288568,-0.009175014,-0.011915743,-0.013957739,-0.008699708,0.011832021,-0.0097891465,-0.0077284346,-0.009657029,-0.009394441,-0.014930926
2018-06-05,-0.014041401,-0.009150751,-0.016067944,-0.013082378,-0.016083218,-0.014450412,-0.014229845,-0.014384463,-0.017024755,-0.015477996,-0.013653815,-0.017230324,-0.016947664,-0.012426108,-0.015799504,-0.014451761,-0.013533153,-0.014716487,-0.01432205,-0.019133378
2018-06-06,-0.013900023,-0.022971313,-0.015992593,-0.012532752,-0.016127355,-0.013859712,-0.014135614,-0.014753573,-0.01681485,-0.014590532,-0.013719462,-0.01739055,-0.016207002,-0.012463249,0.006864824,-0.01444957,-0.012267109,-0.014853675,-0.013890348,-0.01903686
2018-06-07,-0.013534665,-0.0070702354,-0.015630603,-0.01271908,-0.015817128,-0.013405733,-0.014104433,-0.014710575,-0.01617635,-0.014049582,-0.013765119,-0.016260736,-0.014263567,-0.013599306,0.019674227,-0.014612295,-0.011577517,-0.014806978,-0.013610695,-0.018855155
2018-06-08,-0.014331508,0.0040129204,-0.015893131,-0.01261124,-0.015910897,-0.010543324,-0.013935916,-0.014631949,-0.016222421,-0.013459146,-0.013779834,-0.016211987,-0.018336214,-0.013748869,-0.018642265,-0.014564153,-0.013866447,-0.014762528,-0.013983637,-0.018797725
2018-06-11,-0.014525935,0.052134346,-0.016565327,-0.012197629,-0.016077809,-0.011863679,-0.014452416,-0.014878392,-0.016181469,-0.014795028,-0.013774414,-0.016253516,-0.017552748,-0.012855552,-0.014866833,-0.014253862,-0.01348646,-0.014516391,-0.014022216,-0.01878503
2018-06-12,-0.014408328,0.026999943,-0.017122593,-0.012016572,-0.01614137,-0.012668457,-0.014261842,-0.0146880075,-0.017776094,-0.01586686,-0.013363503,-0.017946243,-0.017122984,-0.013280071,-0.014968306,-0.0143531,-0.013750225,-0.014753737,-0.013597161,-0.01865939
2018-06-13,-0.007895961,-0.0048984955,-0.0111424625,-0.005139231,-0.01003547,-0.006849527,-0.0076361964,-0.007946886,-0.0102207735,-0.008522034,-0.006901912,-0.0107948035,-0.010709364,-0.0070436816,-0.01011423,-0.0077479663,-0.008439578,-0.008214578,-0.006866626,-0.014019731
2018-06-14,-0.010052934,0.0035138284,-0.013147451,-0.0068443487,-0.012016788,-0.009183187,-0.0097543,-0.010256879,-0.011717908,-0.011556607,-0.009072933,-0.0123522915,-0.013165697,-0.009469874,-0.011911802,-0.009798989,-0.009161092,-0.01012117,-0.009357668,-0.016173631
2018-06-15,-0.013326265,0.033267748,-0.0164239,-0.011667483,-0.015284874,-0.012653865,-0.01289954,-0.0137574,-0.014794201,-0.014973413,-0.012446493,-0.015553251,-0.016255356,-0.012130141,-0.0138405785,-0.012976542,-0.013541155,-0.013290457,-0.012176134,-0.019085571
2018-06-18,-0.012878671,0.018004065,-0.015383206,-0.010333791,-0.014683958,-0.012168616,-0.012453146,-0.013112105,-0.014504865,-0.013052799,-0.012183376,-0.01511424,-0.016085815,-0.011818718,-0.012020592,-0.012413412,-0.0131611,-0.01257614,-0.011726942,-0.01934594
2018-06-19,-0.014052864,0.004905744,-0.016895033,-0.01135359,-0.01585555,-0.013824578,-0.014259122,-0.014641691,-0.016143017,-0.013291895,-0.013866052,-0.01609514,-0.01668153,-0.012706086,-0.012805056,-0.014456995,-0.014053181,-0.014619719,-0.013795465,-0.02051586
2018-06-20,-0.014538839,0.009166002,-0.016983822,-0.011888593,-0.015668582,-0.013824549,-0.014145464,-0.014600921,-0.016032346,-0.013097797,-0.013798993,-0.015886284,-0.016654506,-0.012889378,-0.014111143,-0.014439732,-0.014492683,-0.014463756,-0.013813265,-0.019377425
2018-06-21,-0.014470894,0.008355644,-0.017190598,-0.011252381,-0.015632562,-0.013824552,-0.014501568,-0.014729809,-0.01609885,-0.015364192,-0.013871968,-0.016187035,-0.016992409,-0.012872249,-0.016473833,-0.014559798,-0.014664628,-0.014348894,-0.013783947,-0.01856231
2018-06-22,-0.016323496,0.03179082,-0.019537568,-0.015008509,-0.017991293,-0.015910499,-0.016631115,-0.016865708,-0.018443175,-0.018609859,-0.015793711,-0.018363334,-0.019129328,-0.015798729,-0.018029012,-0.016591314,-0.017709523,-0.0167162,-0.015688501,-0.020405471
2018-06-25,-0.014240615,0.025707122,-0.017017636,-0.013900716,-0.01589176,-0.01382447,-0.014317758,-0.014718182,-0.016132463,-0.01611333,-0.013513427,-0.01529406,-0.01732836,-0.013601266,-0.028269865,-0.01409331,-0.015252043,-0.0141838305,-0.013399951,-0.016009077
2018-06-26,-0.0143307075,0.0016930704,-0.017018937,-0.013868142,-0.016127896,-0.013824441,-0.014256582,-0.014705371,-0.016705371,-0.016180143,-0.013732761,-0.015079603,-0.016834222,-0.012114771,-0.021624893,-0.014167942,-0.015311956,-0.014093839,-0.013649933,-0.01687466
2018-06-27,-0.0145346895,-0.024938323,-0.017103314,-0.012692753,-0.01545345,-0.013824515,-0.014453918,-0.014596783,-0.016987551,-0.016183063,-0.013766542,-0.015648391,-0.016790364,-0.012223914,-0.022104546,-0.014068514,-0.013233509,-0.014311802,-0.013194416,-0.01856453
2018-06-28,-0.014641799,0.03165545,-0.017135523,-0.013073895,-0.015591484,-0.013824493,-0.0142049715,-0.014579892,-0.017072797,-0.014312707,-0.013667025,-0.015921589,-0.01698903,-0.013897434,-0.022398219,-0.014209829,-0.014628582,-0.013912715,-0.013465151,-0.018885352
2018-06-29,-0.008008413,0.044577986,-0.01113585,-0.0073353047,-0.009357892,-0.0075550745,-0.00792633,-0.008169383,-0.010161031,-0.013998341,-0.0071874815,-0.010436781,-0.011150006,-0.007776297,-0.0144087,-0.0076470184,-0.008869357,-0.008501891,-0.0068933438,-0.013691101
2018-07-02,-0.018897295,0.029141942,-0.02157364,-0.017860118,-0.020043701,-0.018084727,-0.018586867,-0.018977541,-0.021119967,-0.01941447,-0.017989539,-0.020825371,-0.021526296,-0.017654523,-0.02824315,-0.018479362,-0.01928845,-0.018328428,-0.017568037,-0.023781277
2018-07-03,-0.014400274,0.0018310626,-0.01703833,-0.013724532,-0.015861548,-0.01382466,-0.014117904,-0.014556609,-0.016623292,-0.015437733,-0.013667155,-0.015918896,-0.018084615,-0.012955442,-0.018321551,-0.014188483,-0.015126921,-0.013848282,-0.01322747,-0.017745636
2018-07-05,-0.018188056,-0.018110499,-0.020107467,-0.016710445,-0.019321859,-0.017218024,-0.017520968,-0.01797396,-0.02034171,-0.01711578,-0.017198108,-0.01906526,-0.021116652,-0.015640166,-0.021873076,-0.017743953,-0.019082926,-0.015231535,-0.016747184,-0.02151075
2018-07-06,-0.014892392,-0.013109848,-0.015862778,-0.0134472735,-0.015909359,-0.013824616,-0.014172442,-0.014560081,-0.014927387,-0.015410379,-0.013814285,-0.016280513,-0.017394725,-0.0134537,-0.01839951,-0.014626868,-0.013911761,-0.013304554,-0.013222821,-0.016563356
2018-07-09,-0.014794957,-0.011093624,-0.014603831,-0.0134809315,-0.015848313,-0.013824537,-0.014357194,-0.01451619,-0.015933827,-0.01496483,-0.013808828,-0.0169869,-0.017189872,-0.01365599,-0.018058106,-0.0143073425,-0.015167337,-0.012377758,-0.011994429,-0.01543586
2018-07-10,-0.014617473,-0.010252558,-0.014420584,-0.013422079,-0.015824571,-0.013824612,-0.0144170895,-0.01460788,-0.016220726,-0.014673069,-0.013860762,-0.017634053,-0.017041117,-0.012012694,-0.019174367,-0.014438495,-0.01302385,-0.011790276,-0.011574224,-0.015565079
2018-07-11,-0.018731616,-0.014230333,-0.020523261,-0.01767622,-0.020229287,-0.017962746,-0.018223148,-0.018696416,-0.02063378,-0.020426944,-0.01791314,-0.02168366,-0.021257173,-0.01781021,-0.024157181,-0.018443167,-0.019006912,-0.01683493,-0.017234683,-0.020555519
2018-07-12,-0.014377929,-0.010329999,-0.016669646,-0.012887333,-0.015877783,-0.013824709,-0.014077399,-0.0144397095,-0.015799914,-0.016843472,-0.013766967,-0.017497908,-0.017304488,-0.013853144,-0.025810815,-0.014116332,-0.014328048,-0.013043195,-0.013524167,-0.017685428
2018-07-13,-0.014511377,-0.015014179,-0.01532387,-0.013147101,-0.014232766,-0.0138245635,-0.013811,-0.014285989,-0.015855297,-0.015248399,-0.0133959055,-0.016948376,-0.017572962,-0.013368964,-0.018095944,-0.014103606,-0.014464527,-0.01371488,-0.013009697,-0.01572632
2018-07-16,-0.014192399,-0.011523515,-0.016184106,-0.012950536,-0.015969202,-0.013824582,-0.013630651,-0.014418695,-0.01593399,-0.015378743,-0.013052333,-0.016057499,-0.017761804,-0.013550013,-0.01840892,-0.014130097,-0.014397822,-0.014227778,-0.013233766,-0.015259918
2018-07-17,-0.0139968805,-0.013072491,-0.014254749,-0.0134233795,-0.014435176,-0.013824582,-0.011973903,-0.014110491,-0.015484326,-0.015730038,-0.013556972,-0.016631417,-0.01787845,-0.013741471,-0.021617848,-0.014208928,-0.014372058,-0.014538281,-0.013405692,-0.016131911
2018-07-18,-0.014015522,-0.013980731,-0.014977545,-0.013692103,-0.01543352,-0.01382453,-0.012661777,-0.014274247,-0.016073085,-0.014205914,-0.013698917,-0.017210983,-0.017877482,-0.013420597,-0.018136516,-0.014209613,-0.014129184,-0.013663001,-0.013006344,-0.0154100135
2018-07-19,-0.008142114,-0.0065676863,-0.009917408,-0.007854439,-0.009653971,-0.008093603,-0.007473528,-0.008593094,-0.01006373,-0.0092082955,-0.007688589,-0.011252031,-0.012240462,-0.007680073,-0.02008424,-0.007956311,-0.0085823275,-0.00817924,-0.007173985,-0.008639347
2018-07-20,-0.008768566,-0.00803015,-0.010771599,-0.00818678,-0.010024227,-0.008317422,-0.007962212,-0.008910585,-0.0106716715,-0.011018716,-0.007948823,-0.011528082,-0.012756743,-0.008530613,-0.013844937,-0.00827961,-0.008970797,-0.009338148,-0.008121029,-0.01666928
2018-07-23,-0.014290571,-0.011970632,-0.016763687,-0.013630163,-0.015005805,-0.013824642,-0.01427374,-0.014567792,-0.014810927,-0.014826827,-0.013360865,-0.016730666,-0.018827885,-0.013207234,-0.018439692,-0.014207881,-0.013154175,-0.0144305155,-0.012849368,-0.014515866
2018-07-24,-0.013930418,-0.030015208,-0.01641009,-0.012850992,-0.014830723,-0.013071552,-0.013046861,-0.013678983,-0.014660861,-0.01513657,-0.013035629,-0.01652813,-0.018161215,-0.012371823,-0.017717093,-0.013428681,-0.013109639,-0.01429924,-0.012850344,-0.014236376
2018-07-25,-0.016037643,-0.036401965,-0.018438041,-0.015213132,-0.01722373,-0.015229292,-0.014716342,-0.015890226,-0.015194014,-0.016791783,-0.015194014,-0.018712863,-0.019601598,-0.014809735,-0.019887567,-0.015655585,-0.015897445,-0.015388753,-0.014463019,-0.015641682
2018-07-26,-0.014564358,-0.021411985,-0.01699987,-0.013924785,-0.014016964,-0.013824709,-0.014158852,-0.01468128,-0.013598811,-0.015267976,-0.013918802,-0.017274998,-0.018219944,-0.012949944,-0.018292338,-0.014126882,-0.014451504,-0.013456948,-0.012988348,-0.014011823
2018-07-27,-0.014093362,-0.019453235,-0.016086608,-0.014064975,-0.014630806,-0.013824575,-0.014224999,-0.014591724,-0.0152952075,-0.01672452,-0.013861455,-0.017462946,-0.018538624,-0.013544451,-0.019615144,-0.014329076,-0.014899917,-0.014803097,-0.01326089,-0.013829634
2018-07-30,-0.014439661,-0.022524826,-0.014830925,-0.013687845,-0.015041903,-0.013824549,-0.014050286,-0.014392525,-0.01569935,-0.016783345,-0.01378135,-0.017245628,-0.018278971,-0.0130093545,-0.019636571,-0.014244229,-0.014245458,-0.015084989,-0.013337035,-0.012812618
2018-07-31,-0.01432994,-0.026095986,-0.016077988,-0.013768151,-0.01318093,-0.012776647,-0.01387085,-0.013681907,-0.015891813,-0.016436562,-0.013607949,-0.017336197,-0.017930739,-0.013894659,-0.027291134,-0.014109544,-0.014534231,-0.015319429,-0.0133977905,-0.015069254
2018-08-01,-0.009743735,-0.020343207,-0.011298157,-0.0095542595,-0.009088449,-0.006333343,-0.008506641,-0.009649843,-0.011530481,-0.012382194,-0.009217855,-0.013189077,-0.0132937245,-0.008855365,-0.016278237,-0.009246454,-0.010251861,-0.010090493,-0.009308659,-0.010915779
2018-08-02,-0.014080197,-0.017794646,-0.0148803815,-0.014054734,-0.013601214,-0.011421248,-0.012523185,-0.013332337,-0.015591502,-0.015816677,-0.013693485,-0.017460674,-0.023539253,-0.01285189,-0.025540277,-0.013626393,-0.014547668,-0.013932534,-0.013454113,-0.017691605
2018-08-03,-0.0143106505,-0.025014065,-0.016541682,-0.014168963,-0.014788739,-0.011522576,-0.013938516,-0.013942774,-0.016072527,-0.01747951,-0.013698667,-0.017578349,-0.018223915,-0.013547435,-0.019002136,-0.012566701,-0.014890473,-0.015192024,-0.0133485645,-0.017221663
2018-08-06,-0.011365622,-0.017069265,-0.01189791,-0.011264369,-0.012195248,-0.00864372,-0.011352263,-0.010182045,-0.012809996,-0.015281506,-0.010902166,-0.014977135,-0.012999535,-0.009887841,-0.0154614,-0.01037012,-0.011893272,-0.012482122,-0.009752147,-0.016380332
2018-08-07,-0.0138826,-0.025495611,-0.019889832,-0.014145669,-0.015284773,-0.011649556,-0.014113411,-0.013925899,-0.015117839,-0.017255243,-0.013610899,-0.01720336,-0.022749636,-0.013564713,-0.01806296,-0.013068557,-0.014593475,-0.014999934,-0.01361198,-0.017524675
2018-08-08,-0.013959326,-0.013387725,-0.02000139,-0.01403632,-0.015135236,-0.01501818,-0.013968594,-0.014190555,-0.01433707,-0.018405803,-0.013713483,-0.017255176,-0.042452797,-0.01380235,-0.020062055,-0.013151258,-0.014145516,-0.014791369,-0.014098197,-0.01803539
2018-08-09,-0.013811335,-0.032604925,-0.0218582,-0.014618561,-0.014445402,-0.010025345,-0.014241889,-0.014365889,-0.014082,-0.018222667,-0.013668872,-0.017412193,-0.046222605,-0.014158513,-0.020676646,-0.01287974,-0.014417283,-0.014397427,-0.01399871,-0.018365394
2018-08-10,-0.014013976,-0.045967728,-0.015440956,-0.01361395,-0.01394894,-0.011242621,-0.014433153,-0.014147796,-0.014749803,-0.017613187,-0.013683226,-0.017756991,-0.025527738,-0.014101051,-0.022942875,-0.013549738,-0.014657721,-0.013748687,-0.014060244,-0.018378377
2018-08-13,-0.014040865,-0.03090474,-0.014594704,-0.0127248615,-0.014527895,-0.010125607,-0.014218748,-0.012886327,-0.015372783,-0.018096589,-0.013601258,-0.017401293,-0.041474655,-0.0139981955,-0.024139754,-0.013765834,-0.014627419,-0.014277905,-0.012753233,-0.01701285
2018-08-14,-0.014316689,-0.028604694,-0.015741125,-0.01431033,-0.01405004,-0.015166618,-0.012560189,-0.013603065,-0.015319899,-0.01625,-0.01373148,-0.017626934,-0.020930424,-0.013266783,-0.017307032,-0.013946518,-0.014086865,-0.0133374855,-0.01347946,-0.017515484
2018-08-15,-0.014135599,-0.023258679,-0.017213225,-0.014771346,-0.013603721,-0.014245514,-0.014229126,-0.014263969,-0.0151364505,-0.01728937,-0.013680235,-0.01739484,-0.026138648,-0.013874698,-0.02060029,-0.01431372,-0.013443798,-0.014286265,-0.0124361105,-0.016664602
2018-08-16,-0.013687253,-0.027355358,-0.017609283,-0.014743485,-0.014593914,-0.01438693,-0.013735566,-0.014192171,-0.014322124,-0.016609147,-0.013292439,-0.016622886,-0.040781997,-0.013864413,-0.019411735,-0.014046796,-0.013512269,-0.014004022,-0.013060227,-0.017017923
2018-08-17,-0.014133807,-0.029870808,-0.017665364,-0.015022524,-0.013436362,-0.013462871,-0.014160484,-0.014496677,-0.015340518,-0.017807174,-0.0135600865,-0.016884744,-0.025403798,-0.014127217,-0.017349266,-0.014315229,-0.013842896,-0.013142958,-0.012329906,-0.01624098
2018-08-20,-0.014127124,-0.028533217,-0.016409539,-0.015023924,-0.014210463,-0.014255479,-0.014191657,-0.013943665,-0.01534874,-0.018112421,-0.013744868,-0.017301597,-0.022328787,-0.013860516,-0.018394127,-0.013860576,-0.013644803,-0.013409983,-0.013374634,-0.018060993
2018-08-21,-0.014392875,-0.026527628,-0.016982738,-0.015048489,-0.014005788,-0.0128330365,-0.014327642,-0.014570508,-0.015332989,-0.018347614,-0.013785221,-0.01721979,-0.018518299,-0.014462568,-0.019414525,-0.0144568905,-0.014253855,-0.012932494,-0.012908984,-0.016187638
2018-08-22,-0.008247651,-0.01785462,-0.011098549,-0.008720174,-0.0076937745,-0.0070575993,-0.0075910534,-0.008212224,-0.009229977,-0.012235418,-0.007159389,-0.011279047,-0.015641712,-0.007953908,-0.011019222,-0.008166149,-0.008216605,-0.006700426,-0.0070819776,-0.011648007
2018-08-23,-0.0133074485,-0.02321674,-0.01394048,-0.0142630115,-0.011823349,-0.012083739,-0.013296321,-0.013028711,-0.014589231,-0.017609209,-0.012882419,-0.016662054,-0.022867806,-0.012870256,-0.018028885,-0.013157945,-0.013874862,-0.011418756,-0.01233336,-0.01686836
2018-08-24,-0.014922492,-0.022130586,-0.0176672,-0.015584663,-0.015001744,-0.012747098,-0.014844388,-0.014628377,-0.015800186,-0.019051757,-0.014428515,-0.018344447,-0.025123999,-0.014264539,-0.01228939,-0.014695734,-0.015483364,-0.014194265,-0.013786927,-0.018198665
2018-08-27,-0.0097257495,-0.015606023,-0.0106943995,-0.00991454,-0.0097185895,-0.007480155,-0.008291043,-0.00913807,-0.010632627,-0.013173126,-0.008239813,-0.012428299,-0.013026066,-0.008760553,-0.014115684,-0.009053655,-0.009012986,-0.008150276,-0.008503307,-0.016828254
2018-08-28,-0.014568102,-0.020654928,-0.016532168,-0.015180893,-0.014197756,-0.012098037,-0.0137889795,-0.014386501,-0.0154514685,-0.017697453,-0.013657235,-0.01728113,-0.019693047,-0.014088783,-0.027851913,-0.01419393,-0.01430684,-0.012820788,-0.01273042,-0.018045079
2018-08-29,-0.014474325,-0.018538669,-0.0154520385,-0.014976215,-0.013933487,-0.012346886,-0.013051234,-0.013238527,-0.015360583,-0.015958827,-0.013684794,-0.017147202,-0.016711563,-0.013163865,-0.04342697,-0.014419202,-0.013458595,-0.012904622,-0.01261875,-0.01573494
2018-08-30,-0.0144460425,-0.017856061,-0.015895762,-0.014940899,-0.014472164,-0.012187839,-0.013516258,-0.0139750615,-0.0151044205,-0.017118894,-0.013754755,-0.017091885,-0.0030379551,-0.013358522,-0.038949043,-0.014376871,-0.014284816,-0.0134241395,-0.013598051,-0.017345399
2018-08-31,-0.00951501,-0.010382369,-0.011239938,-0.010151185,-0.009886175,-0.008056231,-0.008650318,-0.008481134,-0.01000192,-0.012858577,-0.008529756,-0.012389991,-0.021464229,-0.007824071,0.010655265,-0.008553416,-0.009108901,-0.008809488,-0.008417733,-0.012498617
2018-09-04,-0.014183857,-0.013741914,-0.01699455,-0.015023001,-0.014291279,-0.013091125,-0.012674466,-0.014350928,-0.014821205,-0.015778769,-0.013684213,-0.016980905,-0.039011292,-0.013698284,-0.008226365,-0.013972305,-0.014051165,-0.012915947,-0.013786189,-0.015469309
2018-09-05,-0.014373682,-0.01561306,-0.017161772,-0.0151934475,-0.014316898,-0.013577513,-0.01278542,-0.014636613,-0.015429769,-0.015578747,-0.013760019,-0.017060861,-0.028224915,-0.014146805,-0.026034039,-0.014192998,-0.013524637,-0.013216898,-0.013903923,-0.017066047
2018-09-06,-0.014865398,-0.019506428,-0.01738096,-0.014897242,-0.013477329,-0.013493046,-0.012528844,-0.014563989,-0.01524464,-0.016460635,-0.013630405,-0.016688786,-0.031292625,-0.014123619,-0.026907552,-0.014176168,-0.013495088,-0.0118935965,-0.013991941,-0.016757786
2018-09-07,-0.013403051,-0.016521782,-0.01455272,-0.013473049,-0.011445396,-0.010412425,-0.010175884,-0.013215125,-0.014501885,-0.014616512,-0.0121181905,-0.015341535,-0.014770471,-0.011836637,-0.022093415,-0.012991782,-0.01169882,-0.011012651,-0.011517987,-0.014574237
2018-09-10,-0.016836561,-0.018924221,-0.018150225,-0.016653351,-0.015305407,-0.013298631,-0.014073562,-0.015927374,-0.017809238,-0.01790382,-0.015174229,-0.018566862,-0.022741072,-0.014498696,-0.029941574,-0.015792273,-0.015502829,-0.014632821,-0.014778055,-0.017783415
2018-09-11,-0.015339501,-0.01600825,-0.016236447,-0.014885876,-0.013690084,-0.012186393,-0.012747489,-0.014471494,-0.016026862,-0.01619237,-0.013894983,-0.016785383,-0.011326753,-0.013952978,-0.030868165,-0.014691934,-0.013814069,-0.01353097,-0.01410529,-0.017937742
2018-09-12,-0.008910008,-0.011357222,-0.011317857,-0.008542184,-0.007838346,-0.007919081,-0.006978109,-0.008000813,-0.009893723,-0.0108210705,-0.00706613,-0.010826152,0.001252566,-0.006209127,-0.020281859,-0.007725566,-0.008012459,-0.0072707827,-0.006592929,-0.009274393
2018-09-13,-0.012317874,-0.014497623,-0.014827654,-0.012205392,-0.011389516,-0.012016512,-0.00994049,-0.011592064,-0.012997951,-0.013452612,-0.010944352,-0.014121838,0.008015342,-0.0110047385,-0.02343788,-0.011415906,-0.011310343,-0.0104634985,-0.010225989,-0.012971938
2018-09-14,-0.015201241,-0.016484383,-0.017247017,-0.014915101,-0.014827438,-0.015068404,-0.013306737,-0.014448568,-0.015765145,-0.01655827,-0.013774738,-0.01679486,0.005486526,-0.012847576,-0.024454962,-0.014026761,-0.014452085,-0.013272006,-0.012664445,-0.015997514
2018-09-17,-0.015103258,-0.015331134,-0.016809832,-0.014977772,-0.014865011,-0.014891483,-0.013666116,-0.014030807,-0.0154965,-0.017132904,-0.013770029,-0.016690746,0.008045264,-0.013830584,-0.017303899,-0.014054678,-0.014345817,-0.01371707,-0.013650589,-0.01736423
2018-09-18,-0.015000097,-0.01677563,-0.016231798,-0.014040168,-0.014583342,-0.01330886,-0.013530571,-0.012857452,-0.01508439,-0.016968276,-0.013550583,-0.016607016,0.013113745,-0.013983391,-0.018520378,-0.013776466,-0.014238976,-0.013679333,-0.013699494,-0.017552149
2018-09-19,-0.014827564,-0.014440682,-0.015684448,-0.014056854,-0.014710836,-0.013494633,-0.014063146,-0.014064144,-0.015914652,-0.01708655,-0.013625979,-0.016621541,0.010382004,-0.013591923,-0.02140797,-0.013622377,-0.014261521,-0.013952639,-0.013064228,-0.016375042
2018-09-20,-0.014970638,-0.014672071,-0.01586501,-0.012512233,-0.014757849,-0.012167461,-0.012608923,-0.014109969,-0.015973352,-0.016502522,-0.013566658,-0.016615607,0.010007691,-0.013713442,-0.021200664,-0.013982937,-0.012694396,-0.0130832195,-0.013817765,-0.016911328
2018-09-21,-0.015086226,-0.023366094,-0.014801092,-0.012414105,-0.014695346,-0.012926396,-0.012582608,-0.01329796,-0.01602453,-0.016169097,-0.013798051,-0.0167053,0.0010074531,-0.012171283,-0.021345288,-0.014483798,-0.012616061,-0.013216659,-0.013186157,-0.015786275
2018-09-24,-0.012783639,-0.039106585,-0.014901694,-0.010294307,-0.012585081,-0.01181303,-0.010105699,-0.011740997,-0.013720248,-0.013548609,-0.01110132,-0.014514528,0.009767093,-0.011491433,-0.01783847,-0.011763051,-0.010522999,-0.010842338,-0.011483453,-0.01480066
2018-09-25,-0.01498393,-0.042035043,-0.0155867785,-0.014093488,-0.014530823,-0.011657294,-0.012711205,-0.012689143,-0.015920594,-0.015943069,-0.013734337,-0.016642056,-0.008381836,-0.011826254,-0.017981596,-0.014152393,-0.013385635,-0.013396099,-0.013713583,-0.015707355
2018-09-26,-0.011647351,-0.02730114,-0.016358443,-0.011049505,-0.011338323,-0.010189064,-0.008812226,-0.008869693,-0.012555316,-0.011529349,-0.00998424,-0.01338198,-0.00019015325,-0.010044973,-0.017339073,-0.010394089,-0.011766948,-0.009413414,-0.009978611,-0.012636177
2018-09-27,-0.015163988,-0.029056929,-0.01889158,-0.013632845,-0.0147065595,-0.012542732,-0.012529578,-0.0136903,-0.015675418,-0.014654644,-0.013567865,-0.016597379,0.016600356,-0.01279309,-0.019146137,-0.0138511285,-0.014353618,-0.0120170005,-0.012729928,-0.016849518
2018-09-28,-0.013559766,-0.02201397,-0.017505363,-0.012876432,-0.014709957,-0.012621116,-0.013397917,-0.013768494,-0.015790492,-0.015270524,-0.01371748,-0.016771935,0.016002916,-0.012799066,-0.021308132,-0.01429395,-0.016036645,-0.0133449435,-0.013036855,-0.0165492
2018-10-01,-0.014332131,-0.024955712,-0.01684361,-0.013308652,-0.015141003,-0.012879718,-0.013767105,-0.014510348,-0.01626404,-0.015906382,-0.013541348,-0.01688011,0.012740884,-0.013266206,-0.0211505,-0.014544442,-0.015718572,-0.014001865,-0.013676569,-0.016467653
2018-10-02,-0.012676492,-0.020462453,-0.015523061,-0.013276488,-0.014412198,-0.012447093,-0.01385672,-0.014357962,-0.015892759,-0.013930269,-0.013478816,-0.016425587,0.018345825,-0.013745762,-0.021918721,-0.014273405,-0.0136368275,-0.013746038,-0.013789177,-0.01894737
2018-10-03,-0.013990257,-0.01619561,-0.014654461,-0.013522871,-0.014465578,-0.013711698,-0.0135551095,-0.013830677,-0.016010761,-0.01665102,-0.013729308,-0.016457677,0.016580313,-0.013096139,-0.015554357,-0.014372684,-0.01446756,-0.013980377,-0.013305634,-0.027829513
2018-10-04,-0.0145890415,-0.014846675,-0.020052552,-0.013351619,-0.014575537,-0.014779527,-0.01420157,-0.014097631,-0.015815068,-0.015523747,-0.013740394,-0.016401544,0.008989744,-0.014122035,-0.021797948,-0.014397878,-0.016120404,-0.01371941,-0.013857998,-0.020576604
2018-10-05,-0.009309337,-0.015331477,-0.009835586,-0.007787674,-0.009920001,-0.008148365,-0.008298129,-0.008495465,-0.010700371,-0.010551829,-0.00794255,-0.010935064,0.011252224,-0.0077306214,-0.011336368,-0.008988127,-0.008791104,-0.009107627,-0.008257955,-0.014870599
2018-10-08,-0.011356354,-0.013915427,-0.01068107,-0.009827025,-0.01149771,-0.009868503,-0.010193475,-0.010612283,-0.012198795,-0.012730252,-0.009967759,-0.013032809,0.0043614884,-0.009603612,-0.015619688,-0.0109313615,-0.010299891,-0.0111791305,-0.010421105,-0.017305478
2018-10-09,-0.014877357,-0.015078686,-0.013774101,-0.013187423,-0.014155678,-0.012915198,-0.013239924,-0.0144529715,-0.015885063,-0.01505252,-0.013737906,-0.016562425,0.004047968,-0.013641335,-0.020086229,-0.014336541,-0.014227897,-0.014446892,-0.013814937,-0.026310146
2018-10-10,-0.014452118,-0.021089487,-0.014919985,-0.014304556,-0.014752392,-0.014005847,-0.013254799,-0.014148183,-0.016475137,-0.015378103,-0.013702907,-0.01654008,-0.012210727,-0.013884172,-0.017580293,-0.014430985,-0.0138611235,-0.014226403,-0.01393988,-0.025656708
2018-10-11,-0.014666222,-0.020129919,-0.013318706,-0.012694724,-0.012838177,-0.017576784,-0.011979818,-0.014245007,-0.016047925,-0.013611011,-0.013736833,-0.016466074,-0.017521597,-0.013506807,-0.019748025,-0.014391627,-0.014010787,-0.01466262,-0.014001153,-0.020183824
2018-10-12,-0.015938371,-0.009607293,-0.015589446,-0.015420146,-0.015481673,-0.014084529,-0.014475301,-0.015167654,-0.016878624,-0.016867772,-0.014722519,-0.017640412,-0.017672166,-0.014380872,-0.018208198,-0.015487947,-0.018502694,-0.015844293,-0.015220545,-0.02076102
2018-10-15,-0.015841,-0.017365761,-0.01682739,-0.014965039,-0.015661556,-0.015191667,-0.014547296,-0.015333161,-0.016677,-0.021295339,-0.014466021,-0.017590266,-0.00016194163,-0.014598705,-0.01931125,-0.015336804,-0.014887709,-0.015716843,-0.015160274,-0.02191227
2018-10-16,-0.014762536,-0.008935705,-0.015924081,-0.01463794,-0.014045451,-0.015475966,-0.013742976,-0.01460227,-0.015580244,-0.017624639,-0.013802312,-0.016380265,0.011146117,-0.014130443,-0.017682597,-0.014208943,-0.015819393,-0.014225885,-0.014300603,-0.018516563
2018-10-17,-0.014653716,0.007843491,-0.019850679,-0.014843129,-0.013803732,-0.016352318,-0.013689339,-0.014588736,-0.015631557,-0.018202022,-0.013717294,-0.016623799,0.011413515,-0.014108822,-0.018248484,-0.01449322,-0.015742898,-0.01464862,-0.014127035,-0.019915305
2018-10-18,-0.014821805,-0.01838407,-0.01690936,-0.01483079,-0.0140085,-0.015671313,-0.013684623,-0.014340065,-0.01583109,-0.01431207,-0.013688706,-0.016537882,0.0063148034,-0.0140756,-0.034338035,-0.01458846,-0.015929304,-0.014623389,-0.013946883,-0.022553824
2018-10-19,-0.010926489,-0.022204861,-0.016694836,-0.010040052,-0.009646989,-0.01143926,-0.009713329,-0.009594731,-0.012111902,-0.015474245,-0.009490952,-0.013443209,0.008059364,-0.009065181,-0.029916711,-0.0110048875,-0.010108672,-0.011571024,-0.010049924,-0.017676689
2018-10-22,-0.0145816095,-0.028193325,-0.020132087,-0.013621777,-0.013266686,-0.015609175,-0.013828132,-0.013681397,-0.015916042,-0.017992519,-0.013716012,-0.01656758,0.007867191,-0.013420153,-0.022739582,-0.014516957,-0.01372847,-0.014720909,-0.014030673,-0.024819773
2018-10-23,-0.013663389,-0.020032525,-0.013908375,-0.013800859,-0.014751904,-0.015899278,-0.0139237605,-0.012876652,-0.015636869,-0.012944698,-0.013700977,-0.0163216,0.005097792,-0.013775025,-0.015780129,-0.014341049,-0.015513152,-0.014592629,-0.013259746,-0.025354572
2018-10-24,-0.01362225,-0.019122448,-0.013151474,-0.012972645,-0.015128389,-0.014607374,-0.01321885,-0.012802795,-0.015601754,-0.012862958,-0.013746083,-0.016456157,0.010414161,-0.012894683,-0.01575657,-0.014451325,-0.013189036,-0.014622506,-0.013012443,-0.024891246
2018-10-25,-0.012245197,-0.012178123,-0.0129111,-0.01210206,-0.015072424,-0.013685614,-0.01217474,-0.011560094,-0.014609948,-0.012564242,-0.012008518,-0.015209153,-0.006553683,-0.012090713,-0.021305889,-0.012927674,-0.014429666,-0.014193654,-0.012254469,-0.020061217
2018-10-26,-0.012041941,-0.011110287,-0.011427909,-0.01156541,-0.014267124,-0.011454642,-0.010497704,-0.010639228,-0.013318449,-0.01662713,-0.011080362,-0.014037956,-0.016773365,-0.010142602,-0.02395685,-0.011901405,-0.017025411,-0.01252168,-0.011655092,-0.018296339
2018-10-29,-0.012408473,-0.01773937,-0.012413483,-0.011397477,-0.014552638,-0.012480609,-0.011367902,-0.0109619275,-0.013630554,-0.018233195,-0.0112262,-0.014343906,-0.018700123,-0.0106548965,-0.009786993,-0.012605354,-0.011597313,-0.013046615,-0.011939056,-0.017515365
2018-10-30,-0.014627304,-0.025882281,-0.015806146,-0.013642371,-0.016367286,-0.0150676,-0.013791349,-0.012611769,-0.015840642,-0.019800194,-0.0135355815,-0.016878746,-0.020402648,-0.011985809,-0.0092284605,-0.014700856,-0.014418125,-0.014986686,-0.014001057,-0.018765442
2018-10-31,-0.014970541,-0.029855333,-0.016489029,-0.013571121,-0.016364757,-0.013994016,-0.012929261,-0.0129785985,-0.015667304,-0.013376012,-0.013583906,-0.016053572,-0.018960226,-0.012243912,0.0016228263,-0.014934272,-0.013135992,-0.014410123,-0.014271244,-0.028218813
2018-11-01,-0.007003158,-0.015740313,-0.009571455,-0.0057085264,-0.009795077,-0.00861929,-0.0071353423,-0.0071653347,-0.008935314,-0.011024818,-0.0071264426,-0.009489827,-0.012973927,-0.0063962634,0.019578554,-0.008350689,-0.007497571,-0.008040518,-0.0071448083,-0.02543103
2018-11-02,-0.0133215,-0.01621551,-0.0154977925,-0.011409085,-0.015888683,-0.015114173,-0.013585083,-0.012474209,-0.015562624,-0.015097376,-0.01376047,-0.016284991,-0.030544221,-0.012269687,0.008448482,-0.014840782,-0.013546117,-0.014485352,-0.014191814,-0.020411372
2018-11-05,-0.0075158807,-0.007618177,-0.010990594,-0.0066372748,-0.010799505,-0.007687315,-0.007266156,-0.0067240703,-0.009722926,-0.0091713555,-0.006891984,-0.010112338,-0.029851645,-0.0061483677,0.0033464772,-0.008625828,-0.0070694718,-0.007887781,-0.007269982,-0.013494708
2018-11-06,-0.014006618,-0.011251714,-0.017673504,-0.013220243,-0.016641006,-0.013151437,-0.013910845,-0.012967195,-0.015617702,-0.016652413,-0.013831206,-0.01618648,-0.037504733,-0.013004508,-0.007048502,-0.015018009,-0.012710638,-0.013946127,-0.013953917,-0.01818233
2018-11-07,-0.007713366,-0.0063295583,-0.011570923,-0.0060291695,-0.010453731,-0.007898144,-0.0073278393,-0.007388882,-0.009794481,-0.012878105,-0.0069503183,-0.010085404,-0.017228514,-0.006918821,-0.0073483135,-0.008378364,-0.007838704,-0.0076800133,-0.0072739157,-0.011455752
2018-11-08,-0.00898274,-0.023110718,-0.012816861,-0.0074636373,-0.012446519,-0.00977657,-0.009067073,-0.008904472,-0.0114636645,-0.01525595,-0.008635923,-0.011596944,-0.0298331,-0.008760285,-0.011243001,-0.010082047,-0.009937365,-0.009693995,-0.008929815,-0.012820065
2018-11-09,-0.009260625,-0.025722846,-0.013168313,-0.0081625655,-0.013162445,-0.010060657,-0.009183887,-0.009434007,-0.011385992,-0.016574237,-0.00899443,-0.01133183,-0.016956627,-0.008941345,-0.0123819,-0.009403557,-0.009615436,-0.009982131,-0.009649262,-0.013666533
2018-11-12,-0.013117146,-0.030333064,-0.016088285,-0.013732329,-0.016497709,-0.014434844,-0.013692815,-0.0134937875,-0.015441418,-0.01946979,-0.0136410445,-0.015610874,-0.03801366,-0.012828883,-0.016818762,-0.0123256,-0.013501391,-0.014676847,-0.013068497,-0.012636162
2018-11-13,-0.013568677,-0.034391575,-0.016207661,-0.013834324,-0.016672209,-0.012709871,-0.01264631,-0.013684284,-0.0155489,-0.022421122,-0.013801102,-0.015675269,-0.030215174,-0.013069339,-0.018373922,-0.013058089,-0.011507794,-0.014781274,-0.0132132545,-0.012330763
2018-11-14,-0.013752103,-0.027795807,-0.016073346,-0.013408735,-0.015919175,-0.013473719,-0.013119634,-0.014514148,-0.015628755,-0.018646758,-0.013744559,-0.0155113265,0.028173957,-0.013529845,-0.024020322,-0.013609327,-0.012149546,-0.014706224,-0.013640698,-0.01679539
2018-11-15,-0.009936787,-0.016454019,-0.01220889,-0.009673834,-0.012089964,-0.009932272,-0.009418048,-0.00963071,-0.012096368,-0.014257856,-0.009602461,-0.011900149,0.014810875,-0.009317592,-0.0137612745,-0.010851044,-0.010379694,-0.010883316,-0.009920597,-0.0125082955
2018-11-16,-0.013823606,-0.02128382,-0.01565016,-0.013517454,-0.016051937,-0.014451034,-0.014045365,-0.012350954,-0.01571016,-0.01944466,-0.013761304,-0.015311725,0.0122887865,-0.012479309,-0.024426378,-0.014691118,-0.014655001,-0.014774114,-0.012949549,-0.015543863
2018-11-19,-0.0077267657,-0.012570798,-0.010496005,-0.0072938944,-0.009725083,-0.008245323,-0.0077017467,-0.0066543515,-0.009330906,-0.016378805,-0.007399417,-0.00908009,-0.004160389,-0.0070172804,-0.01879777,-0.008378193,-0.0083716735,-0.008188844,-0.0069174464,-0.008580469
2018-11-20,-0.014140926,-0.016625464,-0.015954874,-0.014593579,-0.015677847,-0.013527006,-0.013646983,-0.013399169,-0.015529811,-0.015793428,-0.013637364,-0.015428901,-0.0047021876,-0.013133757,-0.027893074,-0.014988784,-0.013982572,-0.01480034,-0.01343438,-0.013256796
2018-11-21,-0.014560863,-0.014559329,-0.016110644,-0.012404345,-0.01555974,-0.013174392,-0.013869971,-0.013038747,-0.0155751705,-0.016716942,-0.013732992,-0.01558613,-0.011906236,-0.013404623,-0.021242596,-0.014930677,-0.013557237,-0.014723554,-0.012939595,-0.013890691
2018-11-23,-0.01496968,-0.01890004,-0.017362013,-0.013884544,-0.014626764,-0.012202486,-0.01282078,-0.014167897,-0.0154689625,-0.017525628,-0.01377704,-0.01562079,-0.018719427,-0.012461949,-0.04001549,-0.014836669,-0.011767037,-0.014838874,-0.014308605,-0.013598695
2018-11-26,-0.014250394,-0.021666639,-0.016543128,-0.0137523785,-0.0151693,-0.012601331,-0.014026899,-0.012962639,-0.015798233,-0.016688153,-0.013860818,-0.015714176,-0.035713993,-0.013571892,-0.022563782,-0.015017919,-0.012749918,-0.0150003135,-0.014363915,-0.016513757
2018-11-27,-0.01345294,-0.03600426,-0.015982963,-0.014013231,-0.015124477,-0.012265526,-0.012476034,-0.013579458,-0.015398353,-0.015360087,-0.013908725,-0.015877388,-0.041613877,-0.013919115,-0.021105252,-0.015264183,-0.012685172,-0.014709361,-0.014343452,-0.017331295
2018-11-28,-0.014053188,-0.03959506,-0.01552286,-0.01437391,-0.016613789,-0.011877835,-0.013218589,-0.013469003,-0.015245497,-0.01498029,-0.013843022,-0.015968017,-0.035420008,-0.0139919445,-0.023298353,-0.015111558,-0.012576822,-0.015046932,-0.014624797,-0.017343692
2018-11-29,-0.014687933,-0.024855286,-0.017441973,-0.014080048,-0.01387722,-0.011604935,-0.014529295,-0.012677774,-0.01572543,-0.014251541,-0.013799198,-0.015922237,-0.030485786,-0.013923436,-0.02418305,-0.015148103,-0.013130195,-0.014815971,-0.014445428,-0.015354011
2018-11-30,-0.009133697,-0.013848603,-0.012730636,-0.008479692,-0.009605322,-0.00764656,-0.008570287,-0.007755797,-0.0107037425,-0.008945901,-0.007981174,-0.011004932,-0.023828387,-0.007639102,-0.017384738,-0.009834673,-0.008851238,-0.009311385,-0.008927513,-0.008913532
2018-12-03,-0.012116827,-0.019668639,-0.015933782,-0.011690937,-0.011732899,-0.00966876,-0.011533879,-0.011563119,-0.013822071,-0.013147667,-0.011324521,-0.0137244165,-0.023829132,-0.011612326,-0.025267161,-0.012563303,-0.010566764,-0.012497675,-0.012279287,-0.01058808
2018-12-04,-0.014034718,-0.0176979,-0.017567284,-0.014073234,-0.014301021,-0.012679931,-0.012872197,-0.013985071,-0.016091246,-0.015368987,-0.013770871,-0.015807893,-0.031393483,-0.013976984,-0.024174131,-0.01481583,-0.012893721,-0.014796868,-0.013808526,-0.012362242
2018-12-06,-0.008949842,-0.01322405,-0.012075096,-0.008964784,-0.009743255,-0.007674932,-0.008615598,-0.008752629,-0.011549082,-0.009468194,-0.008562118,-0.011155218,-0.012371063,-0.008502342,-0.02125457,-0.0101336315,-0.008832388,-0.009945527,-0.008146621,-0.012664214
2018-12-07,-0.0140703805,-0.024817295,-0.017473362,-0.013997793,-0.01379095,-0.011891954,-0.013283424,-0.013784457,-0.016171806,-0.014139272,-0.013767004,-0.015766777,0.056786343,-0.0130101815,-0.02775646,-0.0147593245,-0.011531699,-0.01484932,-0.0140230805,-0.01298961
2018-12-10,-0.00820503,-0.0087289885,-0.011254579,-0.008701555,-0.0095639005,-0.0073201875,-0.007448509,-0.008744974,-0.009756267,-0.009122375,-0.00791771,-0.010326937,0.010391377,-0.00808062,-0.016420618,-0.008539144,-0.009056412,-0.008680962,-0.008082531,-0.008394543
2018-12-11,-0.012924664,-0.018685535,-0.015551053,-0.014107533,-0.015847608,-0.0128750205,-0.014115334,-0.014063064,-0.015583191,-0.014116444,-0.013790503,-0.015792396,-0.0062836776,-0.013961129,-0.022396352,-0.014792744,-0.015791055,-0.014515065,-0.014056735,-0.01421563
2018-12-12,-0.013421629,-0.032943703,-0.015591707,-0.014018051,-0.013804793,-0.013063908,-0.0129474625,-0.013467468,-0.014110487,-0.013581403,-0.01367528,-0.015804052,-0.004601083,-0.013990633,-0.026099604,-0.014852282,-0.015274599,-0.01453308,-0.0127600655,-0.009785481
2018-12-13,-0.013471842,-0.033476695,-0.015873458,-0.013943847,-0.015140392,-0.012756489,-0.013224166,-0.013806738,-0.015578005,-0.014340594,-0.013647951,-0.015805088,-0.0034030336,-0.0138232,-0.0246742,-0.014651038,-0.014294386,-0.014406137,-0.0136948675,-0.008985471
2018-12-14,-0.012999143,-0.03592226,-0.016277894,-0.013159752,-0.015008435,-0.013237178,-0.013538189,-0.0136131905,-0.014036529,-0.012986504,-0.0131715685,-0.015419178,-0.0021077949,-0.013317294,-0.020284537,-0.014311295,-0.014640834,-0.0138411075,-0.013072718,-0.011363186
2018-12-17,-0.011916187,-0.024517782,-0.014739897,-0.012304474,-0.014026351,-0.0117927715,-0.011850581,-0.011446197,-0.012268674,-0.012595266,-0.011767771,-0.014437325,0.0016907793,-0.011894174,-0.018997714,-0.0136654,-0.013241604,-0.012606509,-0.012387224,-0.013025541
2018-12-18,-0.014503986,-0.023384161,-0.016234465,-0.014339469,-0.016035363,-0.01355388,-0.01394622,-0.013516054,-0.015032876,-0.014586911,-0.013922565,-0.016381826,-0.0013250778,-0.014019974,-0.021230008,-0.013862409,-0.014855251,-0.014185704,-0.014589258,-0.01508756
2018-12-19,-0.012014113,-0.02719549,-0.014084518,-0.011887394,-0.013523132,-0.0096407235,-0.011100415,-0.011517383,-0.011704035,-0.011348642,-0.011312075,-0.013955638,-0.000365376,-0.011662893,-0.018842347,-0.011725672,-0.011113912,-0.012381062,-0.011887625,-0.012662686
2018-12-20,-0.010364205,-0.023861434,-0.012572926,-0.010283776,-0.01140761,-0.008126542,-0.008951712,-0.009255715,-0.009344228,-0.00858134,-0.00913056,-0.01220141,0.0009845351,-0.009815615,-0.016647913,-0.010282382,-0.0090599805,-0.010897197,-0.009767599,-0.011248991
2018-12-21,-0.011051826,-0.018456418,-0.014435753,-0.010915689,-0.012700617,-0.009839788,-0.010427341,-0.010519285,-0.011729892,-0.010046199,-0.010089628,-0.012893323,-0.0002977322,-0.010731928,-0.017724529,-0.01152993,-0.010534871,-0.011570506,-0.010688916,-0.010460541
2018-12-24,-0.012161672,-0.01261447,-0.015675262,-0.012106448,-0.014430899,-0.011013616,-0.01218006,-0.011879727,-0.012747876,-0.014346909,-0.011617161,-0.014034942,-0.0034163366,-0.012356941,-0.019469257,-0.012649547,-0.0107683055,-0.013085149,-0.012286149,-0.011177868
2018-12-26,-0.012917358,-0.013824828,-0.015904706,-0.01320827,-0.014704164,-0.01113585,-0.0131816715,-0.011390358,-0.012848482,-0.014592893,-0.012589514,-0.014766093,-0.005467571,-0.013004143,-0.01943997,-0.012041166,-0.01271496,-0.013919644,-0.012966484,-0.014710739
2018-12-27,-0.014022611,-0.016713921,-0.015797395,-0.012957018,-0.0149118155,-0.012208417,-0.014259104,-0.012760304,-0.014210753,-0.01327892,-0.01372277,-0.015815109,-0.018062111,-0.014103793,-0.01852306,-0.013097882,-0.013188221,-0.015028536,-0.01239869,-0.0145464465
2018-12-28,-0.013187572,-0.015213713,-0.015775837,-0.012859955,-0.013397567,-0.0120286755,-0.01303643,-0.012719259,-0.014165532,-0.013212517,-0.012476273,-0.014725238,-0.009825774,-0.013122417,-0.016908184,-0.0134129,-0.012116548,-0.013671175,-0.012668356,-0.0150455125
2018-12-31,-0.008430406,-0.010925069,-0.011361621,-0.008457482,-0.00896392,-0.008157551,-0.008262802,-0.007983945,-0.010198191,-0.008930154,-0.0077832076,-0.01024463,0.0016443175,-0.008355662,-0.012377985,-0.00876797,-0.007869948,-0.009115271,-0.008183327,-0.010563366
2019-01-02,-0.01395908,-0.015398473,-0.01913445,-0.012834251,-0.014857933,-0.014295865,-0.01411017,-0.012270696,-0.015685681,-0.014021419,-0.0134314895,-0.015731055,-0.0065288465,-0.013852157,-0.016953181,-0.012681596,-0.014414884,-0.014751621,-0.013758134,-0.016072527
2019-01-03,-0.014105432,-0.010175467,-0.018948752,-0.0139357895,-0.015126668,-0.014376044,-0.014131941,-0.011885162,-0.01603156,-0.011938199,-0.013697915,-0.015965149,0.0019867239,-0.014059022,-0.016060803,-0.0129265115,-0.014825091,-0.014759503,-0.013913132,-0.015972853
2019-01-04,-0.016100883,-0.0120739415,-0.019388668,-0.015970714,-0.01667285,-0.015397973,-0.015941676,-0.014125034,-0.018321197,-0.015303392,-0.015452176,-0.017845381,0.0015339484,-0.016010765,-0.024485342,-0.01552403,-0.015850939,-0.016697362,-0.0157228,-0.016941287
2019-01-07,-0.015318938,-0.012961596,-0.017382625,-0.014835678,-0.015539266,-0.014843717,-0.014777247,-0.014429539,-0.017975673,-0.013947442,-0.014355935,-0.016873829,0.0010072743,-0.014969498,-0.024037056,-0.01576021,-0.015302766,-0.015499551,-0.014710769,-0.016281817
2019-01-08,-0.014353197,-0.012863766,-0.016221613,-0.014678609,-0.014165297,-0.01447355,-0.013288088,-0.01385035,-0.015424054,-0.013612762,-0.013878621,-0.016098503,-0.0047215144,-0.014250025,-0.022846214,-0.015030831,-0.013943374,-0.015081927,-0.013172418,-0.013032027
2019-01-09,-0.01033172,-0.019148089,-0.013052247,-0.01074468,-0.010217108,-0.010325432,-0.008718148,-0.009817835,-0.011247389,-0.010817137,-0.009745859,-0.012290385,0.0034795743,-0.010515533,-0.028375514,-0.011316776,-0.009525806,-0.01093936,-0.009858269,-0.0102115385
2019-01-10,-0.013910562,-0.029450826,-0.016059488,-0.014802679,-0.014241271,-0.014410578,-0.013433121,-0.012396477,-0.015919328,-0.01437439,-0.013852105,-0.015966255,-0.004734866,-0.014358953,-0.024606407,-0.013893478,-0.013850357,-0.014787588,-0.01414936,-0.013703838
2019-01-11,-0.014117852,-0.018876016,-0.015503705,-0.014534153,-0.013811275,-0.014176615,-0.011819638,-0.013253562,-0.01638139,-0.014553502,-0.01384858,-0.016049862,-0.004615772,-0.014424864,-0.02526486,-0.014724549,-0.012233615,-0.014648244,-0.014153317,-0.012675397
2019-01-14,-0.008842818,-0.014558226,-0.011140045,-0.009195298,-0.008421347,-0.008703273,-0.007902026,-0.007764093,-0.011238128,-0.009231992,-0.008275267,-0.010426886,0.0025963304,-0.0087005645,-0.019218557,-0.009417683,-0.008710712,-0.009173319,-0.008612864,-0.013540357
2019-01-15,-0.014117241,-0.02100563,-0.016038679,-0.014527224,-0.012127679,-0.012088858,-0.013939783,-0.01360444,-0.016774833,-0.014512166,-0.013561893,-0.015743151,-0.00046133203,-0.014051605,-0.030496798,-0.015245572,-0.01430174,-0.014566541,-0.013208933,-0.019314926
2019-01-16,-0.012614578,-0.015882261,-0.01973661,-0.012483172,-0.012832992,-0.013643499,-0.013825644,-0.01246272,-0.016776882,-0.014485046,-0.013398051,-0.016383357,-0.015444092,-0.012281083,-0.03573551,-0.015669122,-0.014445014,-0.018453576,-0.013776064,-0.016129203
2019-01-17,-0.011521138,-0.01295073,-0.017769367,-0.012370177,-0.013526887,-0.013615862,-0.013846815,-0.0124637,-0.016989518,-0.014513932,-0.0135715045,-0.014929257,-0.010245375,-0.0119638,-0.021886729,-0.015929684,-0.014384873,-0.012560554,-0.0137884915,-0.016237047
2019-01-18,-0.0131012425,-0.027845897,-0.018494554,-0.014090922,-0.013991438,-0.013630964,-0.013945349,-0.011952609,-0.016735807,-0.014572509,-0.013618693,-0.015387446,-0.012354966,-0.013251852,-0.02453906,-0.015684567,-0.014278442,-0.013943158,-0.013788961,-0.016295753
2019-01-22,-0.013937142,-0.021686062,-0.016033523,-0.014733296,-0.014164362,-0.0139749795,-0.013810173,-0.0119118765,-0.01556363,-0.0145139955,-0.013708051,-0.01564809,-0.012076188,-0.013600271,-0.020257466,-0.015396774,-0.014103554,-0.014376756,-0.014032267,-0.01597628
2019-01-23,-0.014262468,-0.023899056,-0.015048381,-0.014901057,-0.013731919,-0.013507985,-0.012699164,-0.012716569,-0.013006218,-0.013211053,-0.013660621,-0.01568601,-0.024202004,-0.01394254,-0.018776216,-0.014530655,-0.012495503,-0.014628932,-0.013931625,-0.01565431
2019-01-24,-0.012117572,-0.0131116845,-0.015839316,-0.014884427,-0.013795145,-0.013923369,-0.013842493,-0.012513608,-0.015116215,-0.014331982,-0.013465621,-0.015580475,-0.020103358,-0.011913069,-0.01101286,-0.015210986,-0.013895571,-0.01977197,-0.013998717,-0.016440965
2019-01-25,-0.012413748,-0.01637794,-0.019358076,-0.014718816,-0.014107086,-0.014078371,-0.013686262,-0.011809893,-0.015002273,-0.014377739,-0.013603263,-0.015635733,-0.022901814,-0.012051735,-0.011994652,-0.015405737,-0.014070716,-0.013290249,-0.013809539,-0.016331173
2019-01-28,-0.01037547,-0.014211051,-0.012237113,-0.011068087,-0.0107077025,-0.010295659,-0.01029069,-0.0089601055,-0.010819189,-0.010859668,-0.010139018,-0.011858717,-0.018228352,-0.010009408,-0.015537344,-0.011748724,-0.010914959,-0.010218412,-0.010356564,-0.013187818
2019-01-29,-0.014642,-0.021213599,-0.017650433,-0.014832012,-0.015213404,-0.014208209,-0.013506867,-0.012467854,-0.012325291,-0.013416782,-0.013720892,-0.015721738,-0.016476274,-0.014064662,-0.017040156,-0.014625706,-0.013415154,-0.014191575,-0.013861705,-0.01726969
2019-01-30,-0.014925778,-0.027523942,-0.01939147,-0.014915638,-0.015728917,-0.01289507,-0.013623618,-0.012121357,-0.012756273,-0.014170278,-0.01374799,-0.01575683,-0.017675817,-0.014442116,-0.019781277,-0.014890067,-0.013608418,-0.014869347,-0.012695678,-0.020991828
2019-01-31,-0.020919912,-0.01834806,-0.023112155,-0.020420209,-0.020356793,-0.01886531,-0.019071087,-0.01777089,-0.018097736,-0.019234814,-0.018926296,-0.02113152,-0.02377126,-0.019746535,-0.023738943,-0.020008393,-0.019175917,-0.020255953,-0.018882804,-0.022696432
2019-02-01,-0.012610886,-0.01163654,-0.012446728,-0.012324076,-0.01251981,-0.010876372,-0.010931034,-0.009727374,-0.010584474,-0.010804243,-0.010474816,-0.012888614,-0.020807467,-0.011267532,-0.018342558,-0.011741139,-0.011234328,-0.011994384,-0.010725595,-0.015168481
2019-02-04,-0.016158104,-0.024779111,-0.01579272,-0.015468985,-0.014601372,-0.013683051,-0.014322475,-0.012885258,-0.013769541,-0.013969637,-0.0140513405,-0.016309403,-0.019045569,-0.01476796,-0.01811552,-0.015153732,-0.014335796,-0.015183069,-0.013916172,-0.016941018
2019-02-05,-0.015319899,-0.016586047,-0.015535269,-0.014699265,-0.012219533,-0.012620922,-0.0142689645,-0.012102276,-0.014052592,-0.013858773,-0.013758782,-0.015619427,-0.019619495,-0.014380492,-0.01605323,-0.014997806,-0.014496107,-0.01489377,-0.012783457,-0.014979877
2019-02-06,-0.0096401125,-0.013751201,-0.010179803,-0.008076802,-0.007470842,-0.0064803357,-0.0074206586,-0.006606258,-0.0073068286,-0.0065659876,-0.0068288143,-0.008786239,-0.012895405,-0.0077099646,-0.013440542,-0.0078010964,-0.008720394,-0.008517742,-0.0070090066,-0.009835936
2019-02-07,-0.013972223,-0.0145588815,-0.015084825,-0.013091706,-0.012500361,-0.012073934,-0.012969673,-0.011095844,-0.013454545,-0.012461789,-0.01250194,-0.014045354,-0.019018844,-0.013260208,-0.01595994,-0.013145249,-0.014027238,-0.013710186,-0.012682907,-0.015322432
2019-02-08,-0.01516892,-0.016292412,-0.015727393,-0.014218017,-0.012088291,-0.012941882,-0.014248844,-0.012667991,-0.014506012,-0.014067203,-0.0137293,-0.015413791,-0.019629203,-0.014569841,-0.019497544,-0.014464647,-0.014668107,-0.015031841,-0.013450839,-0.016272258
2019-02-11,-0.015327767,-0.016942143,-0.015843432,-0.014486574,-0.013888806,-0.013274379,-0.014322653,-0.013397574,-0.014785625,-0.014285862,-0.013723962,-0.015477486,-0.020345781,-0.014558103,-0.019578174,-0.01443281,-0.014890149,-0.01522328,-0.013448358,-0.016984008
2019-02-12,-0.015392717,-0.01507977,-0.017332342,-0.014205962,-0.013114624,-0.013260201,-0.014431626,-0.01398661,-0.014894154,-0.014278196,-0.013743147,-0.015611015,-0.020673774,-0.014683213,-0.013007112,-0.014428195,-0.0151759535,-0.014908221,-0.014138322,-0.01751057
2019-02-13,-0.010039382,-0.009975024,-0.011939522,-0.008750118,-0.007792588,-0.007799066,-0.008549776,-0.008560181,-0.009440452,-0.0079667345,-0.007842306,-0.01011017,-0.015329748,-0.00880238,0.0029338752,-0.008638773,-0.0101019405,-0.0093612075,-0.008365229,-0.0112734325
2019-02-14,-0.015573852,-0.013292689,-0.016960781,-0.01467713,-0.013267465,-0.0132637285,-0.014722437,-0.014078774,-0.013444565,-0.012351468,-0.013787936,-0.015525643,-0.021198023,-0.0146914385,0.027435102,-0.013976958,-0.015448719,-0.015293248,-0.013702616,-0.01654695
2019-02-15,-0.015688129,-0.013240449,-0.017090619,-0.013799287,-0.014317751,-0.012798972,-0.013764076,-0.013889186,-0.014400274,-0.013150193,-0.013792716,-0.015557595,-0.021323957,-0.014612645,0.017086167,-0.013968781,-0.014055207,-0.015220605,-0.013217997,-0.016412929
2019-02-19,-0.01570645,-0.016204812,-0.0175692,-0.014722243,-0.013087012,-0.01308392,-0.014184419,-0.014450997,-0.012827322,-0.011630096,-0.0137958005,-0.015491623,-0.021523234,-0.014514267,-5.191518e-05,-0.014275409,-0.013036817,-0.015292712,-0.013794966,-0.016877115
2019-02-20,-0.016432874,0.01303076,-0.01848784,-0.013017401,-0.012667194,-0.012259129,-0.014130425,-0.014709469,-0.013956472,-0.01290004,-0.013775848,-0.015573975,-0.020740971,-0.014582284,0.0011518379,-0.012581252,-0.012755211,-0.01549029,-0.013908517,-0.016883872
2019-02-21,-0.016371936,0.014384203,-0.018764302,-0.013605926,-0.014475998,-0.013231687,-0.014107138,-0.015087783,-0.014194172,-0.014055472,-0.013819478,-0.0157182,-0.020889677,-0.0145909935,0.007990569,-0.013577968,-0.015727025,-0.015342608,-0.014213681,-0.015094548
2019-02-22,-0.016296372,0.015785359,-0.018928144,-0.0145327,-0.013400435,-0.013866253,-0.014350936,-0.014932178,-0.013757035,-0.011706844,-0.013647929,-0.015783302,-0.020909794,-0.014590666,0.009186931,-0.013918377,-0.0152961165,-0.015366606,-0.014193878,-0.016834937
2019-02-25,-0.016018458,-0.0025136392,-0.018758014,-0.015054889,-0.014856458,-0.014160536,-0.014147557,-0.014838658,-0.014629982,-0.012752928,-0.013580434,-0.016463395,-0.02126538,-0.014735818,0.010999456,-0.014598552,-0.014403537,-0.01603733,-0.014163524,-0.017404705
2019-02-26,-0.014666297,-0.011402845,-0.017867796,-0.014890686,-0.014551684,-0.013651766,-0.014205292,-0.014746897,-0.014579698,-0.013262242,-0.013654321,-0.01547315,-0.020645477,-0.014611091,-0.015824698,-0.014533378,-0.015012912,-0.015688866,-0.013901249,-0.018041324
2019-02-27,-0.014673322,-0.035217986,-0.017563734,-0.015066363,-0.016098447,-0.013856918,-0.015215211,-0.015083887,-0.0171163,-0.012990609,-0.014161807,-0.015901186,-0.020849258,-0.0147960335,-0.0356723,-0.0155559555,-0.015593305,-0.016107325,-0.014659245,-0.020055212
2019-02-28,-0.020777699,-0.016791694,-0.023854285,-0.020777505,-0.02137464,-0.020507827,-0.021123871,-0.021037355,-0.023071833,-0.01909542,-0.020742118,-0.021911532,-0.02577402,-0.020266518,-0.041681826,-0.021244105,-0.02112168,-0.021969046,-0.020793583,-0.024437897
2019-03-01,-0.01064885,0.013233818,-0.014227144,-0.010663323,-0.012209728,-0.010130305,-0.010681137,-0.010757681,-0.013145063,-0.009278104,-0.010281511,-0.012163825,-0.015942521,-0.010130934,-0.012602441,-0.01104559,-0.012491614,-0.011766419,-0.010185171,-0.015819121
2019-03-04,-0.01463151,0.016731776,-0.017262712,-0.014503226,-0.015386306,-0.013840653,-0.014228232,-0.014374051,-0.016458489,-0.013233367,-0.013777178,-0.01574497,-0.019720752,-0.01395525,-0.02101884,-0.014361344,-0.014398545,-0.015836611,-0.013868462,-0.018421978
2019-03-05,-0.014741927,0.008361943,-0.016614892,-0.014584579,-0.016544603,-0.013439592,-0.014252283,-0.014485784,-0.01634385,-0.01274813,-0.01375746,-0.01566317,-0.019937694,-0.014476452,-0.019518375,-0.014226042,-0.014789414,-0.015337355,-0.012715384,-0.01974282
2019-03-06,-0.017083392,0.003955141,-0.019269858,-0.017114565,-0.019094512,-0.015955374,-0.016301695,-0.016654938,-0.018712096,-0.015163571,-0.016152237,-0.018068202,-0.022809677,-0.015872143,-0.028431132,-0.016858086,-0.016956192,-0.017469972,-0.016073305,-0.022338882
2019-03-07,-0.013903052,-0.008266307,-0.016964287,-0.014340378,-0.0143503845,-0.013757225,-0.014511585,-0.014412731,-0.016458865,-0.0133313835,-0.014144879,-0.015352301,-0.019861482,-0.013179246,-0.022046,-0.014787681,-0.015095346,-0.014453404,-0.013946727,-0.017973598
2019-03-08,-0.013858259,0.0028600995,-0.01565966,-0.014764845,-0.013893522,-0.013721116,-0.014578983,-0.01432322,-0.016133443,-0.013415761,-0.014003225,-0.015471265,-0.019068263,-0.013769213,-0.0234821,-0.014655165,-0.016201235,-0.014397822,-0.012828551,-0.017768718
2019-03-11,-0.008691587,0.006729648,-0.0109047,-0.008907571,-0.008279454,-0.0077443044,-0.008426879,-0.00836679,-0.010693934,-0.007897887,-0.007767934,-0.009860873,-0.013122506,-0.007823497,-0.016890198,-0.008558247,-0.010173246,-0.009145528,-0.007813692,-0.01218307
2019-03-12,-0.014503166,-0.0021363343,-0.015301812,-0.015020225,-0.012133554,-0.012544379,-0.014223937,-0.012986772,-0.015558496,-0.012094207,-0.013748668,-0.015737183,-0.026425567,-0.014435038,-0.024483569,-0.012675904,-0.015693024,-0.015034094,-0.013090685,-0.01568228
2019-03-13,-0.009790104,-0.0042339,-0.014056347,-0.0098974705,-0.008606136,-0.008110076,-0.009458985,-0.008858241,-0.010812081,-0.008303963,-0.008790102,-0.010781854,-0.015080936,-0.009519033,-0.011262283,-0.008422077,-0.009839304,-0.009889271,-0.009072766,-0.011008531
2019-03-14,-0.014615901,-0.0147707015,-0.015401639,-0.015360415,-0.013923943,-0.013152402,-0.014152929,-0.012842216,-0.01601503,-0.013461009,-0.013842247,-0.015749704,-0.01350316,-0.013317477,-0.013035793,-0.013619479,-0.019648805,-0.015435599,-0.01340773,-0.015461154
2019-03-15,-0.014641471,-0.015437141,-0.015665386,-0.014957204,-0.01258219,-0.01172163,-0.013982069,-0.011926353,-0.016041853,-0.012555864,-0.013800196,-0.015837736,0.07817716,-0.014058068,-0.0070173847,-0.014012754,-0.013915762,-0.015218228,-0.014228474,-0.015070878
2019-03-18,-0.009387791,-0.01804176,-0.011497166,-0.009285703,-0.008335911,-0.008277483,-0.008528702,-0.008216072,-0.011542343,-0.008468591,-0.008103557,-0.01085598,0.024299176,-0.008602433,-0.0006042938,-0.008761413,-0.0104603395,-0.009725891,-0.008435845,-0.009312995
2019-03-19,-0.0145533085,-0.028432697,-0.015173107,-0.0147452615,-0.013708875,-0.013033755,-0.014318995,-0.013653323,-0.016545936,-0.013557278,-0.013893887,-0.015664864,0.08775857,-0.014520079,-0.00046567945,-0.01461789,-0.01647517,-0.015006904,-0.014036648,-0.015494343
2019-03-20,-0.011854611,-0.02271434,-0.012637939,-0.011005212,-0.010370582,-0.010442611,-0.010255046,-0.01073429,-0.013690703,-0.011487257,-0.010618538,-0.012735043,0.023479838,-0.009971097,-0.018792734,-0.014231142,-0.013761491,-0.011986293,-0.010427326,-0.011359394
2019-03-21,-0.014842212,-0.020534113,-0.016518936,-0.01591377,-0.014869254,-0.014881581,-0.015550267,-0.015267879,-0.017947257,-0.014906682,-0.015081845,-0.017162181,0.08852732,-0.015517909,-0.016583659,-0.015949667,-0.018268034,-0.016233414,-0.015584707,-0.015389316
2019-03-22,-0.011736833,-0.0035918946,-0.013581693,-0.011881992,-0.010810055,-0.011313073,-0.011062041,-0.011809822,-0.014324784,-0.010709204,-0.011482619,-0.013603918,0.08526549,-0.011800043,-0.028829932,-0.012376986,-0.014191233,-0.0128380805,-0.011789776,-0.01201421
2019-03-25,-0.014036484,-0.0017012316,-0.015514653,-0.014097907,-0.012369659,-0.012586944,-0.01370975,-0.014142424,-0.01611023,-0.012785383,-0.013473578,-0.015540116,0.019940011,-0.013872717,-0.024810947,-0.014422268,-0.016250383,-0.01477753,-0.012966841,-0.01371146
2019-03-26,-0.013031866,-0.0059719454,-0.013991244,-0.013336308,-0.012483411,-0.011451043,-0.012788795,-0.012018438,-0.014310829,-0.015456796,-0.012301657,-0.014735099,0.043225605,-0.012918986,-0.03224902,-0.014476825,-0.014907196,-0.013822667,-0.012624696,-0.01391761
2019-03-27,-0.014611244,-0.014841646,-0.015910279,-0.013400447,-0.013000045,-0.012060065,-0.012323722,-0.012866981,-0.015347242,-0.014795132,-0.013796531,-0.01612559,-0.025425889,-0.012818754,-0.034103148,-0.014148284,-0.02137817,-0.015000522,-0.012365453,-0.013329744
2019-03-28,-0.011642344,-0.010482043,-0.0141926,-0.013179742,-0.01159846,-0.011470109,-0.011764817,-0.011797909,-0.013727337,-0.016155645,-0.012694724,-0.01507885,-0.02820488,-0.011737391,-0.022317976,-0.013198324,-0.016533233,-0.014066085,-0.011475317,-0.012152143
2019-03-29,-0.009469695,-0.004338763,-0.012929123,-0.009020872,-0.00923001,-0.0093477145,-0.00867442,-0.008921236,-0.009775609,-0.009896085,-0.009322628,-0.01055792,-0.031071115,-0.008885302,-0.016938321,-0.008689128,-0.0131751895,-0.01032225,-0.008412078,-0.009653784
2019-04-01,-0.0087204315,-0.010272395,-0.014161997,-0.010421738,-0.009394966,-0.007972434,-0.010288939,-0.009007126,-0.011434577,-0.011376157,-0.0101107545,-0.012073427,0.048491746,-0.01047992,-0.027345821,-0.009839043,-0.0120655,-0.011143424,-0.010550246,-0.009163544
2019-04-02,-0.011770651,-0.011455998,-0.017814845,-0.014182009,-0.018313996,-0.012590487,-0.013604604,-0.012295973,-0.015942737,-0.014319345,-0.01376684,-0.015800484,0.017633747,-0.0130776465,-0.02904801,-0.01277893,-0.014806822,-0.01492456,-0.013639517,-0.013197005
2019-04-03,-0.021497622,-0.019301295,-0.025845595,-0.022787973,-0.02431997,-0.021783147,-0.021841265,-0.020633012,-0.024796255,-0.024181083,-0.02222753,-0.024390124,0.005846907,-0.021925263,-0.032843836,-0.022251211,-0.024842702,-0.023651604,-0.02221204,-0.022690937
2019-04-04,-0.018382512,-0.01776975,-0.023736533,-0.020372435,-0.017614268,-0.018901818,-0.019007616,-0.018219203,-0.022390392,-0.019309103,-0.019952193,-0.021875069,0.005054873,-0.01843324,-0.029951908,-0.019568697,-0.01921434,-0.02131619,-0.019166682,-0.019400582
2019-04-05,-0.013514832,-0.011528157,-0.01807104,-0.014315821,-0.016208462,-0.013727203,-0.0141868815,-0.012358047,-0.016180933,-0.013337694,-0.013952147,-0.015772186,0.009374641,-0.013775591,-0.02703572,-0.014597341,-0.014275249,-0.015021957,-0.0144113265,-0.012823693
2019-04-08,-0.013316244,-0.016611934,-0.017916963,-0.014102578,-0.011723116,-0.012516759,-0.014145091,-0.013682865,-0.016095087,-0.014274389,-0.0137125105,-0.015541673,0.012281898,-0.013373259,-0.031084977,-0.014617428,-0.014559515,-0.01495555,-0.014225639,-0.013334863
2019-04-09,-0.010410763,-0.015369691,-0.015568107,-0.011880629,-0.010862585,-0.010991313,-0.010298066,-0.011009827,-0.013496812,-0.010886706,-0.01093483,-0.012866247,0.01755219,-0.011201978,-0.020625576,-0.011117268,-0.010674909,-0.012309279,-0.010116726,-0.012210391
2019-04-10,-0.012387682,-0.015221346,-0.016546883,-0.010741428,-0.011512179,-0.009941705,-0.012238245,-0.012088649,-0.014608234,-0.012558125,-0.011879005,-0.013959244,0.01606857,-0.011755142,-0.017592981,-0.012867864,-0.011683382,-0.013183452,-0.010932472,-0.01293461
2019-04-11,-0.010108646,-0.015249439,-0.013692707,-0.009306535,-0.013402712,-0.009054206,-0.009385213,-0.009257123,-0.0121734515,-0.013345167,-0.008973181,-0.01109647,0.020595632,-0.008970831,-0.014814034,-0.009608455,-0.010633908,-0.010264449,-0.008726127,-0.009789046
2019-04-12,-0.012381803,-0.013555709,-0.016650617,-0.01185989,-0.015704125,-0.0123373605,-0.0112061575,-0.0112082735,-0.015117981,-0.011344902,-0.012175836,-0.014198564,0.020315852,-0.011230938,-0.02178552,-0.011643723,-0.012290273,-0.013440806,-0.011129126,-0.011946943
2019-04-15,-0.011675328,-0.013394844,-0.016922154,-0.011086792,-0.013094842,-0.012741167,-0.011440799,-0.010983933,-0.015327506,-0.0116091,-0.012412742,-0.014508896,0.018507048,-0.011300661,-0.021019101,-0.011796899,-0.011509821,-0.013668358,-0.01083909,-0.012287855
2019-04-16,-0.011680581,-0.012234539,-0.014721967,-0.0106850825,-0.01252345,-0.011177134,-0.009782292,-0.010449693,-0.013541143,-0.011053093,-0.010629207,-0.012823392,0.015179224,-0.010048546,-0.018615268,-0.011542745,-0.013878822,-0.012063861,-0.010419555,-0.011859626
2019-04-17,-0.008746356,-0.010840498,-0.0140908845,-0.010565639,-0.009893231,-0.00983759,-0.009796981,-0.008152433,-0.0120968595,-0.008870002,-0.009486608,-0.01139617,0.020261236,-0.00943036,-0.016405378,-0.0091952905,-0.007812962,-0.010504261,-0.009734586,-0.009746417
2019-04-18,-0.013394378,-0.013653215,-0.017416209,-0.01307641,-0.012259372,-0.013180122,-0.013537452,-0.013387851,-0.015558869,-0.012742545,-0.012965307,-0.014828004,0.014440455,-0.013297819,-0.018754482,-0.013756342,-0.012653828,-0.014028996,-0.012700375,-0.013525128
2019-04-22,-0.012157433,-0.015289731,-0.017882653,-0.013334982,-0.019626193,-0.0139565915,-0.013047643,-0.014152706,-0.016220711,-0.014014784,-0.013677299,-0.015497632,0.01215047,-0.013062254,-0.018593725,-0.014599673,-0.013794258,-0.014446273,-0.01252893,-0.013399713
2019-04-23,-0.015044905,-0.020193651,-0.01746675,-0.01358822,-0.023904637,-0.014330201,-0.013484392,-0.012159221,-0.016384572,-0.011874039,-0.013678402,-0.015540514,0.017820418,-0.013379201,-0.01846458,-0.0135053545,-0.012884017,-0.014554679,-0.013215728,-0.011518102
2019-04-24,-0.009002991,-0.011362057,-0.014516253,-0.009817492,-0.012583539,-0.011211246,-0.0093763545,-0.010485534,-0.012977507,-0.010286711,-0.0101891905,-0.012298718,0.023812845,-0.009023696,-0.016433284,-0.010965448,-0.010289267,-0.011172138,-0.009080887,-0.012796864
2019-04-25,-0.017417766,-0.020561814,-0.014482848,-0.011657469,-0.016228534,-0.01262622,-0.011535373,-0.01206883,-0.014808122,-0.011246055,-0.012159962,-0.014050789,0.01953759,-0.011203673,-0.018806465,-0.0113059655,-0.017245151,-0.013077483,-0.010874487,-0.010453716
2019-04-26,-0.012416415,-0.019346975,-0.016149871,-0.012406118,-0.013761781,-0.012715049,-0.012149915,-0.012564287,-0.015337743,-0.012763657,-0.012393534,-0.014685288,0.0074602594,-0.01196187,-0.022698633,-0.013113566,-0.012371965,-0.013431475,-0.011771295,-0.012217775
2019-04-29,-0.007638573,-0.016533747,-0.013399441,-0.008665293,-0.013862446,-0.008844174,-0.009316623,-0.009706326,-0.011848275,-0.009515181,-0.009320095,-0.011251591,0.027289648,-0.009103522,-0.015977457,-0.009561032,-0.0076358835,-0.010062993,-0.009659484,-0.0077702324
2019-04-30,-0.009116098,-0.014801271,-0.013693079,-0.009518474,-0.012228169,-0.009093355,-0.009153478,-0.010108642,-0.012044162,-0.007914234,-0.009589918,-0.011425819,0.024629373,-0.008946847,-0.0143824555,-0.0093694925,-0.014117949,-0.010302905,-0.00910756,-0.009635873
2019-05-01,-0.01280193,-0.01335305,-0.017135292,-0.013266992,-0.014338903,-0.012399834,-0.013560757,-0.014283843,-0.015816964,-0.01431445,-0.013515405,-0.015373092,0.023732457,-0.013708338,-0.020284992,-0.013572343,-0.012705058,-0.014348883,-0.013779398,-0.0123484805
2019-05-02,-0.013149742,-0.015850097,-0.017876364,-0.014686219,-0.014921658,-0.012873314,-0.014114898,-0.01453305,-0.016750216,-0.014838468,-0.013991471,-0.016081154,0.018183693,-0.014235556,-0.019514956,-0.01474607,-0.014461219,-0.015008386,-0.014324315,-0.0142406635
2019-05-03,-0.012183163,-0.017869666,-0.015621178,-0.011633631,-0.01284267,-0.012044504,-0.011338048,-0.012249123,-0.014327183,-0.012676973,-0.011772014,-0.01365472,0.023314111,-0.011454124,-0.01864371,-0.012159709,-0.012533672,-0.012636185,-0.012110904,-0.011798605
2019-05-06,-0.01468239,-0.019698352,-0.01846955,-0.0149537325,-0.022446856,-0.013553292,-0.014554694,-0.015134979,-0.017113417,-0.017818823,-0.014816098,-0.016763814,0.030905828,-0.014691666,-0.018804975,-0.015228894,-0.015464343,-0.015594982,-0.015228778,-0.013806388
2019-05-07,-0.013401121,-0.020451576,-0.017500918,-0.013811514,-0.018072374,-0.012362711,-0.013508551,-0.013827253,-0.016290031,-0.01578756,-0.013752997,-0.016025167,0.033233818,-0.013302378,-0.018352691,-0.013862491,-0.01426141,-0.014422394,-0.014193028,-0.013344321
2019-05-08,-0.0077936645,-0.014787056,-0.0119433105,-0.008100703,-0.012375779,-0.0075701545,-0.00776492,-0.007850178,-0.010981716,-0.010396723,-0.007631186,-0.010585323,0.035663158,-0.007822387,-0.017083418,-0.008633442,-0.009969477,-0.00881096,-0.00776156,-0.009815291
2019-05-09,-0.0124670565,-0.019286696,-0.01622063,-0.013149671,-0.017384127,-0.012242701,-0.012582153,-0.012403734,-0.015037049,-0.01554073,-0.0122577995,-0.014439397,0.027364627,-0.012500823,-0.015868194,-0.013200402,-0.013821363,-0.013240822,-0.012327433,-0.011313196
2019-05-10,-0.014284804,-0.01987055,-0.017618049,-0.014509302,-0.018165927,-0.013300829,-0.013665803,-0.013488553,-0.016316496,-0.01643435,-0.013738081,-0.015561622,0.019159108,-0.013828501,-0.016351309,-0.014471095,-0.014768176,-0.014540456,-0.013148628,-0.012431737
2019-05-13,-0.013117179,-0.020199895,-0.017726287,-0.013866849,-0.016790077,-0.01231391,-0.013488941,-0.013523582,-0.016363576,-0.015283592,-0.013805479,-0.015508458,0.011166189,-0.013489693,-0.016787104,-0.012730747,-0.01629199,-0.014751177,-0.013279051,-0.011967
2019-05-14,-0.012922615,-0.020959303,-0.01783149,-0.0137816,-0.016184777,-0.013911806,-0.012924746,-0.013516627,-0.016295105,-0.015621699,-0.013780203,-0.015387937,0.074593104,-0.01268062,-0.030437686,-0.012775913,-0.016864777,-0.014921293,-0.014254384,-0.012339778
2019-05-15,-0.009805195,-0.017833259,-0.014535956,-0.010701813,-0.016932346,-0.010576192,-0.01000376,-0.010315768,-0.013063192,-0.009900477,-0.010306377,-0.011891838,0.009891912,-0.0097704455,-0.025049128,-0.010108497,-0.01342015,-0.011254206,-0.009811025,-0.009312309
2019-05-16,-0.009441685,-0.016814329,-0.014357708,-0.010641057,-0.01299905,-0.010325983,-0.010302275,-0.009821951,-0.01307993,-0.012112521,-0.009757951,-0.0121201575,0.08710837,-0.010155432,-0.022009335,-0.008980956,-0.013362132,-0.011047661,-0.010299966,-0.009983465
2019-05-17,-0.012610801,-0.021445341,-0.018013231,-0.013930608,-0.024450608,-0.014482599,-0.013436284,-0.0139103085,-0.016637027,-0.01602064,-0.0137816,-0.015677728,0.09571762,-0.0128769055,-0.047474988,-0.0128641315,-0.01773788,-0.014659956,-0.014654763,-0.014273461
2019-05-20,-0.013539765,-0.020333141,-0.0180021,-0.013843674,-0.01843071,-0.01440626,-0.0139215365,-0.014478669,-0.016424198,-0.015772626,-0.013785943,-0.01602659,0.0853785,-0.012758184,-0.044013977,-0.01391742,-0.017728299,-0.0146538615,-0.013115846,-0.014276132
2019-05-21,-0.0140912235,-0.036816873,-0.01808222,-0.014010191,-0.020084996,-0.014706854,-0.013270795,-0.01422973,-0.016335025,-0.015924983,-0.013684563,-0.01617764,0.0698467,-0.013413254,-0.02361805,-0.013772331,-0.01779513,-0.014566723,-0.013268445,-0.014549889
2019-05-22,-0.010712884,-0.027982607,-0.015254162,-0.010689907,-0.019791484,-0.010123774,-0.010452688,-0.010416761,-0.0134584755,-0.012539081,-0.010313436,-0.013653852,0.0265905,-0.010085091,-0.020233728,-0.01061843,-0.014046133,-0.01183527,-0.009646419,-0.011833504
2019-05-23,-0.009540699,-0.03412492,-0.014589384,-0.009712391,-0.011146806,-0.01190725,-0.010449436,-0.010199625,-0.012614131,-0.0120553225,-0.009987023,-0.012612477,0.040850304,-0.009019181,-0.017608888,-0.009060316,-0.013987627,-0.010938302,-0.008830965,-0.01063282
2019-05-24,-0.009307809,-0.01884196,-0.014617939,-0.010213543,-0.011931967,-0.011278447,-0.010517202,-0.009956256,-0.012854617,-0.012186348,-0.010322347,-0.013010047,0.03896384,-0.009954117,0.009120587,-0.010386579,-0.013736311,-0.011385471,-0.009605113,-0.011104956
2019-05-28,-0.015617847,-0.040481098,-0.020386893,-0.015849978,-0.021502867,-0.016115706,-0.01633484,-0.015789844,-0.01855778,-0.017991975,-0.01604655,-0.018834129,0.022349488,-0.015883334,-0.027202167,-0.015922159,-0.019253552,-0.017433465,-0.015517272,-0.017343286
2019-05-29,-0.013226625,-0.042946763,-0.017976038,-0.013455465,-0.016695876,-0.012431063,-0.014095634,-0.013576444,-0.01605405,-0.015777867,-0.013725076,-0.016291775,0.034471996,-0.013584971,-0.019084185,-0.013997078,-0.017041333,-0.014797322,-0.013764344,-0.01544518
2019-05-30,-0.013351724,-0.02699969,-0.018023103,-0.0132401325,-0.011842683,-0.01406401,-0.014369838,-0.0135795325,-0.016322482,-0.015603848,-0.013789162,-0.01636203,0.039827365,-0.013196055,-0.013580963,-0.013272833,-0.017023094,-0.014896952,-0.013247937,-0.015574839
2019-05-31,-0.012570448,-0.017974205,-0.01801265,-0.0133533925,-0.016102888,-0.014710978,-0.014256515,-0.013594363,-0.016427957,-0.018456526,-0.013741113,-0.016582288,0.032936484,-0.013076466,-0.0040848698,-0.013958879,-0.017189287,-0.014945395,-0.013269186,-0.015867844
2019-06-03,-0.014233172,-0.027381204,-0.01797983,-0.013636231,-0.011150397,-0.014716264,-0.014071811,-0.013528373,-0.016491197,-0.014918104,-0.013721276,-0.016515896,0.034302212,-0.013689607,0.0006777649,-0.014335677,-0.016650535,-0.015190698,-0.013147756,-0.0152485445
2019-06-04,-0.012549825,-0.038642026,-0.017991878,-0.01346818,-0.022753708,-0.014748901,-0.01342031,-0.011189617,-0.016560934,-0.014257677,-0.013579443,-0.016484924,0.03315212,-0.013177484,-0.008796684,-0.014135376,-0.01660607,-0.015373103,-0.013199329,-0.013051242
2019-06-05,-0.013334349,-0.023492895,-0.017947711,-0.013410263,-0.016254734,-0.012488022,-0.013842016,-0.013420679,-0.017289884,-0.014001682,-0.013413601,-0.016422737,0.028361484,-0.012908846,-0.005847655,-0.014258698,-0.015807733,-0.015385166,-0.012677897,-0.014959369
2019-06-06,-0.008987926,-0.019487854,-0.013663806,-0.008740403,-0.012239076,-0.010596357,-0.009857096,-0.009555437,-0.01358572,-0.011067174,-0.00929898,-0.01285902,0.02730383,-0.008356392,0.0065818434,-0.010007776,-0.011868641,-0.011557832,-0.00820592,-0.0115078315
2019-06-07,-0.010928109,-0.024781324,-0.015508313,-0.010858685,-0.013334952,-0.013368007,-0.011401258,-0.011130899,-0.015011542,-0.012272701,-0.011443518,-0.0141381845,0.024329618,-0.010418594,0.0011648801,-0.011384662,-0.013467059,-0.013550408,-0.010913394,-0.011512894
2019-06-10,-0.011198763,-0.020244412,-0.016589113,-0.0121373795,-0.013252851,-0.012628682,-0.012384728,-0.012277275,-0.015750289,-0.013637017,-0.012274101,-0.014845416,0.008647665,-0.01175718,-0.021195501,-0.012482144,-0.013987917,-0.014141642,-0.012371805,-0.012964971
2019-06-11,-0.012808368,-0.022975974,-0.01577552,-0.012221441,-0.020284258,-0.014019191,-0.012943342,-0.01305826,-0.016657345,-0.013306346,-0.013708051,-0.015896685,0.017514884,-0.0116917305,-0.015069783,-0.0133709535,-0.0152689405,-0.014869172,-0.013190299,-0.012761921
2019-06-12,-0.006969712,-0.0180844,-0.010840923,-0.008086409,-0.009484768,-0.008130088,-0.007969841,-0.0077107768,-0.01179564,-0.0094516985,-0.007715061,-0.010649674,0.016661495,-0.0075259726,-0.016195975,-0.008398246,-0.010396335,-0.009726398,-0.008331001,-0.009364501
2019-06-13,-0.009378567,-0.029012956,-0.012112245,-0.010139264,-0.015270017,-0.00946334,-0.009970814,-0.009698939,-0.013371207,-0.011196833,-0.010235272,-0.01301885,0.01812679,-0.00919411,-0.02083245,-0.009702425,-0.0123059,-0.011805274,-0.010378741,-0.01254677
2019-06-14,-0.012299098,-0.028937288,-0.015355118,-0.014013398,-0.013840653,-0.016774468,-0.013521779,-0.012095623,-0.015775517,-0.015049614,-0.013699517,-0.016095966,0.01872854,-0.013180338,-0.026802257,-0.013891071,-0.014961675,-0.014972955,-0.013904348,-0.015462495
2019-06-17,-0.008249499,-0.015166394,-0.011176821,-0.009360265,-0.008461103,-0.007428601,-0.0086688325,-0.0073895077,-0.011402696,-0.009655666,-0.008418955,-0.011320736,0.016679775,-0.008538149,-0.021936283,-0.009217877,-0.010506056,-0.010332875,-0.009017199,-0.010636188
2019-06-18,-0.012986835,-0.015668742,-0.01518409,-0.013855662,-0.012554716,-0.01289418,-0.01359015,-0.012551907,-0.016691953,-0.013655566,-0.0136810765,-0.01631163,0.019884147,-0.012922667,-0.025907896,-0.013916392,-0.01549498,-0.015370123,-0.013262078,-0.0154238045
2019-06-19,-0.012375034,-0.015830785,-0.015491195,-0.013092399,-0.011950232,-0.01385048,-0.014072515,-0.013011854,-0.016623914,-0.015206926,-0.013565116,-0.016269073,0.021763232,-0.013971031,-0.023408353,-0.014351584,-0.015785404,-0.015320335,-0.013444364,-0.015558161
2019-06-20,-0.012245696,-0.026516423,-0.015139475,-0.012245476,-0.017454006,-0.012177572,-0.011689454,-0.010621615,-0.0146222375,-0.018808268,-0.011639237,-0.014788568,0.021802492,-0.012228064,-0.018954217,-0.012616277,-0.013840117,-0.013497751,-0.011961319,-0.014501393
2019-06-21,-0.0074450406,-0.011792906,-0.011910386,-0.008076407,-0.008076489,-0.007645059,-0.0073750536,-0.006343759,-0.010512352,-0.014631987,-0.007593855,-0.010514215,0.020957164,-0.007591031,-0.009287529,-0.008151308,-0.008626521,-0.009355433,-0.008008584,-0.009672806
2019-06-24,-0.010974955,-0.028718553,-0.015212424,-0.011705972,-0.013045423,-0.011734866,-0.010576867,-0.010431215,-0.013819214,-0.018681072,-0.0111360885,-0.014019474,0.017095193,-0.011441283,-0.03123632,-0.011738867,-0.011823073,-0.012931377,-0.011633571,-0.013273895
2019-06-25,-0.013700664,-0.0296757,-0.01755093,-0.0140259005,-0.023569502,-0.01740951,-0.013165064,-0.013161331,-0.01526,-0.017085113,-0.013611481,-0.01617498,-0.008351348,-0.013433538,-0.032762907,-0.013450585,-0.014232099,-0.014965791,-0.0137752965,-0.014363598
2019-06-26,-0.013082631,-0.012052506,-0.016031045,-0.013816886,-0.016462203,-0.014934003,-0.013310559,-0.012140822,-0.01565238,-0.014945805,-0.013773777,-0.016293809,0.0029009772,-0.013305239,-0.012389988,-0.01340149,-0.013841473,-0.015050925,-0.013717942,-0.014236867
2019-06-27,-0.008774735,-0.014182605,-0.011696346,-0.008962806,-0.013692401,-0.00944522,-0.008196443,-0.008154571,-0.011040051,-0.011716377,-0.008791178,-0.011740301,0.004905936,-0.007980607,-0.007159661,-0.008585926,-0.009808421,-0.010209464,-0.009065848,-0.01069675
2019-06-28,-0.0076678614,-0.007883832,-0.010756709,-0.0073295417,-0.013617314,-0.008645147,-0.007019527,-0.006752766,-0.009192593,-0.009639628,-0.007273465,-0.009416357,-0.0038642134,-0.00726477,-0.013521001,-0.007278047,-0.0078104357,-0.008453034,-0.0070361714,-0.010102235
2019-07-01,-0.01210624,-0.029417694,-0.01429981,-0.011736624,-0.011841521,-0.011413746,-0.011435606,-0.011261225,-0.013773125,-0.014013253,-0.010907926,-0.0139644295,-0.019784242,-0.011224963,-0.02052693,-0.011765026,-0.013640106,-0.0129071735,-0.011536822,-0.01945084
2019-07-02,-0.013393432,-0.0025041993,-0.014795855,-0.012558602,-0.022244908,-0.014281988,-0.013775028,-0.013600577,-0.015495159,-0.016358439,-0.013802554,-0.016119055,-0.023931324,-0.01368463,-0.0235786,-0.013606496,-0.014669061,-0.015360922,-0.013827007,-0.014999382
2019-07-03,-0.009292185,0.0039506448,-0.011813328,-0.008853156,0.025391791,-0.009425126,-0.009231184,-0.008053832,-0.0110462755,-0.012406822,-0.00908789,-0.011624098,0.0033015837,-0.007868797,-0.017014459,-0.008617368,-0.010981172,-0.0106744915,-0.009040438,-0.011047907
2019-07-05,-0.007174618,0.0109649,-0.010401238,-0.007910509,0.024950381,-0.008877419,-0.008053731,-0.007474433,-0.010273933,-0.012003429,-0.008170191,-0.01077465,0.010873083,-0.0075063105,-0.013806134,-0.007317129,-0.009950388,-0.009503283,-0.007336236,-0.011132769
2019-07-08,-0.0099881105,0.01382149,-0.013647493,-0.008764584,-0.023049526,-0.008403979,-0.010228638,-0.00863665,-0.011746243,-0.0141627565,-0.009954147,-0.011919871,0.017977834,-0.00832247,-0.028877072,-0.008979574,-0.010913089,-0.010730099,-0.009963445,-0.011002082
2019-07-09,-0.009391777,0.0074608405,-0.014882188,-0.010237612,0.021727517,-0.009595443,-0.010390103,-0.009712033,-0.012437843,-0.015185948,-0.010478742,-0.013151951,0.007851154,-0.009708524,-0.018859465,-0.010302559,-0.011734687,-0.011555966,-0.00979938,-0.013043381
2019-07-10,-0.01188321,0.006902844,-0.01689066,-0.012382381,0.026084714,-0.015817214,-0.014342628,-0.013269745,-0.015459344,-0.018118285,-0.013826411,-0.015968468,0.00994109,-0.013843723,-0.023951732,-0.014031902,-0.014630221,-0.014934003,-0.013527289,-0.016312499
2019-07-11,-0.012367539,0.006431692,-0.01722787,-0.01272323,0.015544295,-0.013550885,-0.013075687,-0.01196482,-0.015596785,-0.018130254,-0.013802908,-0.015934397,0.010864571,-0.0126874745,-0.028053612,-0.012726806,-0.01385738,-0.01497364,-0.012537248,-0.015550651
2019-07-12,-0.009858854,0.011570878,-0.015311174,-0.00996241,0.028579626,-0.011690281,-0.011416249,-0.010201521,-0.013396036,-0.015525419,-0.010943044,-0.013542313,0.012345407,-0.011077788,-0.025512949,-0.011484936,-0.012330689,-0.012542531,-0.010211773,-0.01335644
2019-07-15,-0.009467773,0.024376038,-0.014344696,-0.009023197,0.025464144,-0.011174507,-0.010316275,-0.009260118,-0.012599818,-0.014479943,-0.009604491,-0.012766175,0.013987318,-0.0101035535,-0.019060832,-0.010511536,-0.01104328,-0.012141097,-0.00956057,-0.013008464
2019-07-16,-0.0066992263,-0.005746327,-0.011764333,-0.0065460387,0.020457014,-0.008484416,-0.0076243314,-0.006840031,-0.009492692,-0.0111654475,-0.007192291,-0.010128323,0.007195596,-0.007320072,-0.018777955,-0.007676273,-0.008696441,-0.0091594905,-0.0075973044,-0.010241549
2019-07-17,-0.006587058,-0.024217978,-0.011691742,-0.007350474,-0.013692379,-0.008532919,-0.0077511217,-0.006234064,-0.00957156,-0.013612695,-0.0073219086,-0.009610251,-0.00033470197,-0.0073983255,-0.012901317,-0.008228436,-0.009830438,-0.008791111,-0.0062319036,-0.010878772
2019-07-18,-0.011231888,-0.045481563,-0.015438572,-0.011129856,-0.005150325,-0.013431877,-0.011827774,-0.0097665265,-0.013178304,-0.014171496,-0.011541665,-0.013684697,-0.009984583,-0.010534655,-0.01715482,-0.0120729655,-0.012896758,-0.012740601,-0.010615997,-0.013165332
2019-07-19,-0.009441968,-0.03474842,-0.013676584,-0.008821286,0.015403628,-0.011035554,-0.009110127,-0.009222284,-0.0112342015,-0.01183106,-0.009225488,-0.011694737,-0.012356013,-0.008506127,-0.015157871,-0.010042783,-0.013995014,-0.010498434,-0.009137481,-0.011408657
2019-07-22,-0.009291403,-0.022102483,-0.017415695,-0.008228548,0.022258174,-0.010373469,-0.008658543,-0.008791812,-0.011064932,-0.013181739,-0.008951493,-0.011655588,-0.014465369,-0.009141266,-0.014131412,-0.009193122,-0.009824544,-0.010438308,-0.008838773,-0.015689462
2019-07-23,-0.0130075365,-0.019619107,-0.022942446,-0.01282981,0.03201098,-0.013695113,-0.012524866,-0.012872651,-0.015575178,-0.017800655,-0.013852846,-0.015756145,-0.013119929,-0.013656452,-0.03729166,-0.011965983,-0.013276242,-0.015034445,-0.0125453845,-0.018380791
2019-07-24,-0.0139396265,-0.032345213,-0.016793303,-0.01211619,0.0111524165,-0.013415225,-0.013935126,-0.012899864,-0.01599773,-0.01721296,-0.013870053,-0.015795536,-0.0017334516,-0.013801105,-0.04806135,-0.013535902,-0.014989786,-0.01499711,-0.012990743,-0.017192043
2019-07-25,-0.009966388,-0.022802964,-0.018945038,-0.009109125,0.005588569,-0.009860545,-0.010505959,-0.009635285,-0.011958711,-0.012986328,-0.010119304,-0.012196504,0.004613184,-0.010207146,-0.023013167,-0.010599308,-0.01211077,-0.011384405,-0.009762812,-0.013418466
2019-07-26,-0.012893021,-0.03283505,-0.016897507,-0.013238594,-0.004500709,-0.012233678,-0.014211815,-0.012510471,-0.015542552,-0.016227528,-0.013800617,-0.015828725,-0.0047544534,-0.013666734,-0.02257257,-0.014425587,-0.015304513,-0.014958695,-0.012804858,-0.016293228
2019-07-29,-0.01297383,-0.02217982,-0.017294854,-0.011508878,-0.0080956,-0.01231613,-0.0123933405,-0.012564763,-0.015429221,-0.013721429,-0.013898216,-0.015906867,-0.010584399,-0.013694167,-0.022573493,-0.012678891,-0.014347248,-0.015036419,-0.012825228,-0.016617186
2019-07-30,-0.00756273,-0.01208178,-0.011775859,-0.0074567455,0.0006746729,-0.0076336036,-0.007607266,-0.0072741355,-0.010102287,-0.008261554,-0.007875755,-0.010284074,-0.0018577571,-0.008332796,-0.029189602,-0.0077841054,-0.009039525,-0.009442806,-0.0075894403,-0.010339487
2019-07-31,-0.006403915,-0.006717793,-0.010101907,-0.006402954,0.005207025,-0.006308976,-0.006282858,-0.0072457674,-0.0091566,-0.0068756933,-0.007194962,-0.009305052,-0.0037707607,-0.007495388,-0.013208874,-0.0069294195,-0.008596692,-0.0085084215,-0.006361417,-0.008887418
2019-08-01,-0.00784418,-0.01590816,-0.011923797,-0.008482389,0.0015491028,-0.008976363,-0.008113146,-0.0083244,-0.0113419965,-0.008998804,-0.008237172,-0.011077981,-0.0059113274,-0.008791983,-0.014153,-0.0088856965,-0.01028654,-0.009523213,-0.008239254,-0.01167836
2019-08-02,-0.008454055,-0.031335846,-0.01278783,-0.008279458,-0.012307838,-0.008606806,-0.008031808,-0.008116603,-0.011351857,-0.010090739,-0.009118278,-0.011716146,-0.0053207497,-0.009472713,-0.018042244,-0.009035878,-0.010764938,-0.01019793,-0.009765163,-0.012881905
2019-08-05,-0.01245245,-0.034212194,-0.015436314,-0.010613389,-0.015292764,-0.010750391,-0.011879597,-0.011830412,-0.014395617,-0.012822814,-0.011796311,-0.014330812,-0.0074495035,-0.012208179,-0.03554239,-0.012685511,-0.014696449,-0.012694173,-0.012575533,-0.013391364
2019-08-06,-0.013785426,-0.022169352,-0.016811453,-0.012016118,-0.015704736,-0.011761058,-0.013420746,-0.011935458,-0.01514883,-0.014562286,-0.013123944,-0.015638702,-0.0098610595,-0.013471331,-0.021630034,-0.014375515,-0.016400762,-0.014267057,-0.013903409,-0.017272636
2019-08-07,-0.008911915,-0.02760145,-0.012161776,-0.0077369283,-0.010625504,-0.007472671,-0.008919634,-0.007965602,-0.010764226,-0.010403391,-0.00897003,-0.0115461275,-0.0077717747,-0.009112902,-0.015872292,-0.00960204,-0.011879116,-0.009923436,-0.009537231,-0.010953337
2019-08-08,-0.010735422,-0.017567985,-0.0134526305,-0.009095505,-0.011669077,-0.008523703,-0.010656841,-0.0090890005,-0.0124347955,-0.01674857,-0.010611348,-0.012640618,-0.012197919,-0.010793086,-0.011270806,-0.011293285,-0.01342611,-0.011643931,-0.011079479,-0.015692055
2019-08-09,-0.007968783,-0.016378324,-0.016498744,-0.0076062153,-0.008754861,-0.0066386717,-0.007938936,-0.007437154,-0.010486223,-0.013553672,-0.008057378,-0.010195009,-0.011873461,-0.008681748,-0.013030827,-0.008478567,-0.010103561,-0.009336092,-0.008698255,-0.010462865
2019-08-12,-0.013544805,-0.021598272,-0.0160883,-0.01376462,-0.016537428,-0.011272397,-0.014029764,-0.011839986,-0.015885726,-0.01519531,-0.013732128,-0.01573443,-0.02602075,-0.014257386,-0.022318915,-0.011983726,-0.014829442,-0.014901321,-0.013891827,-0.015625931
2019-08-13,-0.013933282,-0.02322432,-0.017477594,-0.014176421,-0.0146853775,-0.010392614,-0.014348246,-0.012862116,-0.015889347,-0.015503734,-0.013698146,-0.015769929,-0.0011476944,-0.013833385,-0.0032168995,-0.013388049,-0.016054213,-0.015108854,-0.013965599,-0.016635932
2019-08-14,-0.014283657,0.01659054,-0.018092811,-0.014244281,-0.017263893,-0.010959506,-0.014364157,-0.012092568,-0.01577852,-0.015516691,-0.013720766,-0.015687104,-0.0125560835,-0.013683826,-0.011390172,-0.0117340535,-0.01500608,-0.014775746,-0.013947509,-0.016009524
2019-08-15,-0.009887405,-0.015787438,-0.015295006,-0.010088742,-0.016241208,-0.008305129,-0.009842388,-0.009655245,-0.013224095,-0.0131383315,-0.011030983,-0.013080366,-0.0148618445,-0.011181887,-0.015264429,-0.009841643,-0.011680789,-0.0122363195,-0.011370089,-0.012895167
2019-08-16,-0.009193156,-0.019515865,-0.012400322,-0.008507475,-0.015063547,-0.013119847,-0.008744746,-0.008367829,-0.011687763,-0.012477964,-0.008999512,-0.01100878,-0.013555683,-0.009532031,-0.008212775,-0.008821629,-0.01645594,-0.010173425,-0.0096464865,-0.011444755
2019-08-19,-0.013598077,-0.023396485,-0.01677794,-0.0138735995,-0.015582852,-0.011005916,-0.0136894435,-0.013261698,-0.016189657,-0.014031261,-0.0137653835,-0.015794225,-0.03534033,-0.013870701,-0.019837998,-0.013917264,-0.01550265,-0.014817804,-0.013994653,-0.016098633
2019-08-20,-0.013410285,-0.018019572,-0.016678207,-0.014071111,-0.016162436,-0.010054797,-0.013885967,-0.012529895,-0.015916616,-0.014513396,-0.013782065,-0.015782762,-0.019104097,-0.013901137,-0.021781128,-0.014259908,-0.016464055,-0.014614746,-0.012504056,-0.016464077
2019-08-21,-0.011227172,-0.013366632,-0.015819654,-0.011482142,-0.014719494,-0.010323711,-0.012120571,-0.0118638985,-0.014647223,-0.01657281,-0.01259239,-0.014817461,-0.018357273,-0.012869835,-0.01783815,-0.012814719,-0.0135758035,-0.0137679875,-0.0122809075,-0.014909506
2019-08-22,-0.0079238005,-0.014216077,-0.012075067,-0.0075579244,-0.01038111,-0.006566591,-0.0080273,-0.00716564,-0.010138243,-0.012812171,-0.007691614,-0.009832144,-0.024963565,-0.007556803,-0.012967505,-0.008562759,-0.009278059,-0.008783203,-0.008085232,-0.009935662
2019-08-23,-0.013621531,-0.03268908,-0.017285518,-0.01182618,-0.016106173,-0.012258694,-0.013874687,-0.013471283,-0.015555996,-0.01471905,-0.013883363,-0.015643947,-0.033553116,-0.013251312,-0.018811993,-0.014616258,-0.015545059,-0.014684692,-0.014130548,-0.01569637
2019-08-26,-0.009698607,-0.025027052,-0.013588041,-0.01254347,-0.012591362,-0.0076627205,-0.009817798,-0.009691946,-0.01192148,-0.009218857,-0.0099625215,-0.0117036775,-0.029178865,-0.010324199,-0.015445411,-0.01037731,-0.011507884,-0.010566935,-0.009914026,-0.0115669
2019-08-27,-0.012703434,-0.022247113,-0.01659631,-0.012141418,-0.014426783,-0.01278539,-0.012709878,-0.012663938,-0.0142731145,-0.012403876,-0.012418926,-0.014007211,-0.01545535,-0.012477335,-0.01740262,-0.013569832,-0.015346013,-0.0132081285,-0.012631457,-0.017340206
2019-08-28,-0.010933999,-0.019052193,-0.017966844,-0.0111787915,-0.022122934,-0.0124101415,-0.010777891,-0.010981232,-0.014055826,-0.016979486,-0.012031954,-0.013744559,-0.010950714,-0.011096895,-0.016791306,-0.01167243,-0.014459968,-0.013022907,-0.012502626,-0.015911303
2019-08-29,-0.012986321,-0.020726107,-0.017796747,-0.013972439,-0.015968196,-0.014635466,-0.012048069,-0.012907416,-0.015671123,-0.011324421,-0.013771564,-0.015337508,-0.0154910125,-0.012034681,-0.017420966,-0.014742162,-0.016575806,-0.014770109,-0.014298603,-0.018389136
2019-08-30,-0.009678341,-0.012046002,-0.013673127,-0.01010704,-0.012540422,-0.010474682,-0.008527763,-0.009470873,-0.011452645,-0.007740244,-0.009138823,-0.010733105,-0.015108272,-0.008732259,-0.012006957,-0.0100187585,-0.010941811,-0.010069579,-0.009790782,-0.00953012
2019-09-03,-0.00767073,0.0387955,-0.010772105,-0.007951204,-0.011337027,-0.008378603,-0.008023839,-0.006853867,-0.010109402,-0.0063033844,-0.007886723,-0.009456016,-0.026253767,-0.008511148,-0.011250742,-0.008673705,-0.008416235,-0.008699212,-0.0080024265,-0.009070676
2019-09-04,-0.012234695,0.02592893,-0.017047606,-0.012955327,-0.016318284,-0.014898531,-0.013912868,-0.014039107,-0.015604608,-0.014462177,-0.013752088,-0.01533629,-0.03374607,-0.014279954,-0.015956745,-0.014648713,-0.013969235,-0.014550369,-0.013939872,-0.015427254
2019-09-05,-0.013838988,0.024126783,-0.015793286,-0.013029292,-0.016840816,-0.013703402,-0.01238912,-0.012882881,-0.015605256,-0.011608474,-0.013725579,-0.015165549,-0.027512513,-0.0128166415,-0.017870449,-0.014067717,-0.0134490505,-0.014372937,-0.012791492,-0.015668742
2019-09-06,-0.007236607,0.01693894,-0.010905132,-0.0088321045,-0.014251396,-0.009566624,-0.008556448,-0.008567523,-0.010779217,-0.008413754,-0.008048907,-0.009847701,0.011864165,-0.009050712,-0.011335798,-0.008923866,-0.008406259,-0.009150334,-0.008328758,-0.010936584
2019-09-09,-0.013696879,0.021127954,-0.019069277,-0.01637239,-0.01774776,-0.014339101,-0.014005192,-0.0138539,-0.01565095,-0.014903456,-0.013719302,-0.015015643,-0.021859314,-0.01381816,-0.015486196,-0.014381677,-0.014865015,-0.014244422,-0.013360724,-0.015796073
2019-09-10,-0.013943911,0.008587204,-0.02089984,-0.017733075,-0.018094998,-0.013308324,-0.014014788,-0.013918966,-0.01576119,-0.015308902,-0.01370398,-0.015022136,-0.018355697,-0.014804173,-0.015400879,-0.014469959,-0.015193604,-0.013901919,-0.0120122805,-0.015654743
2019-09-11,-0.010732375,-0.008258514,-0.013901018,-0.011287499,-0.014065471,-0.011958055,-0.01083941,-0.01080386,-0.01268959,-0.012267385,-0.010558516,-0.0118618235,0.010506552,-0.011322007,-0.0136842355,-0.011165373,-0.01234968,-0.011028767,-0.010154683,-0.011710577
2019-09-12,-0.013961673,-0.02256862,-0.015256412,-0.01445495,-0.015924558,-0.014064398,-0.013932519,-0.01391311,-0.015852612,-0.014930859,-0.013712339,-0.015352394,-0.022287153,-0.013735689,-0.017502263,-0.014256075,-0.015366755,-0.013978705,-0.012887575,-0.016288862
2019-09-13,-0.0140320435,0.022530742,-0.015490282,-0.0138033815,-0.015835486,-0.013737895,-0.014214732,-0.012991093,-0.01594653,-0.015299428,-0.013728827,-0.015445016,0.060207643,-0.014462434,-0.016116627,-0.014230803,-0.012993038,-0.014079586,-0.014400698,-0.013953108
2019-09-16,-0.007941894,0.009822685,-0.010877982,-0.007565982,-0.010008998,-0.008677751,-0.008395821,-0.008329079,-0.010672364,-0.0087129325,-0.007603347,-0.009529322,0.044300586,-0.008621141,-0.011823006,-0.008488815,-0.0084046945,-0.008529354,-0.008579202,-0.0096679665
2019-09-17,-0.013305508,-0.009625137,-0.015914068,-0.01379266,-0.013390608,-0.014785409,-0.014493279,-0.014237858,-0.015605535,-0.01286988,-0.013719011,-0.01521717,0.008266434,-0.013947528,-0.019444171,-0.0143520385,-0.014291987,-0.014351241,-0.013466697,-0.015263803
2019-09-18,-0.012005299,-0.016001336,-0.015534766,-0.014732569,-0.018340752,-0.0135714635,-0.014520299,-0.012938023,-0.0156448,-0.013911553,-0.013750084,-0.015017897,-0.019927256,-0.014930241,-0.020372123,-0.01429943,-0.013998624,-0.014556922,-0.01321407,-0.015421849
2019-09-19,-0.008600615,-0.020707618,-0.012669858,-0.010466397,-0.010308985,-0.009808183,-0.010257207,-0.009683743,-0.012171682,-0.0088975355,-0.009345934,-0.010930192,-0.017126683,-0.01076398,-0.016139615,-0.010319971,-0.009474911,-0.010362875,-0.009907953,-0.011648294
2019-09-20,-0.012546185,-0.021934047,-0.016026106,-0.01376009,-0.012284614,-0.0134729445,-0.01301758,-0.012916848,-0.015375048,-0.012023918,-0.012382794,-0.014115505,-0.019851774,-0.013479844,-0.017936405,-0.013222378,-0.012984559,-0.013338976,-0.012168638,-0.013560437
2019-09-23,-0.0121043995,-0.021038212,-0.016973749,-0.01374748,-0.01323428,-0.012451455,-0.013298444,-0.01311883,-0.016279891,-0.013209425,-0.012690805,-0.01455687,-0.018446624,-0.013823435,-0.019747976,-0.013303563,-0.013750423,-0.013698343,-0.013356511,-0.017530724
2019-09-24,-0.013900831,-0.0258317,-0.017318815,-0.014805712,-0.01502803,-0.014297929,-0.014365219,-0.014359951,-0.01627196,-0.017031662,-0.0137563795,-0.01512146,-0.018391848,-0.014689855,-0.019533336,-0.014234506,-0.013613161,-0.014420368,-0.014372677,-0.020641044
2019-09-25,-0.010441594,-0.016879074,-0.014006298,-0.011728451,-0.011543848,-0.011063017,-0.011154339,-0.011000089,-0.013567992,-0.010164417,-0.010478403,-0.012390822,-0.025522448,-0.011551056,-0.016381748,-0.011151515,-0.010204591,-0.011454731,-0.010544941,-0.017550163
2019-09-26,-0.010425381,-0.02065175,-0.014156222,-0.011453193,-0.0117201395,-0.010377809,-0.010807451,-0.011028066,-0.013553761,-0.012144245,-0.010419525,-0.012601897,0.021482391,-0.011644904,-0.015146386,-0.010956768,-0.010789521,-0.011395369,-0.0108706355,-0.017489351
2019-09-27,-0.012872327,-0.01639811,-0.016677942,-0.013748445,-0.015879788,-0.012812644,-0.014460221,-0.0144415125,-0.015605044,-0.014813639,-0.013734162,-0.015022561,0.043576688,-0.014986865,-0.018021181,-0.014589116,-0.012793042,-0.014834039,-0.014031433,-0.02288922
2019-09-30,-0.009622522,-0.017922163,-0.013781473,-0.010920152,-0.017195225,-0.010488749,-0.011064202,-0.011280399,-0.013077199,-0.011132285,-0.010530431,-0.0122255385,0.0481437,-0.011583433,-0.015575945,-0.01123216,-0.010554861,-0.011810176,-0.011185855,-0.017577365
2019-10-01,-0.013490319,-0.018153954,-0.017053943,-0.013738997,-0.01735486,-0.014002837,-0.014241643,-0.013937436,-0.015637793,-0.014339946,-0.0137313455,-0.015138961,0.038427442,-0.014821872,-0.018363323,-0.014612071,-0.013583787,-0.014667433,-0.01395623,-0.0198083
2019-10-02,-0.011247806,-0.016045205,-0.015981615,-0.012482606,-0.013084095,-0.011643186,-0.0126430765,-0.012686972,-0.014246851,-0.012003198,-0.012030192,-0.013490789,0.037330866,-0.013171554,-0.017350916,-0.012681767,-0.011767603,-0.013013456,-0.01229905,-0.019517161
2019-10-03,-0.013873387,-0.010662071,-0.017801344,-0.01430564,-0.015568163,-0.013865501,-0.014442064,-0.014590986,-0.015658438,-0.012710117,-0.013719268,-0.015124284,0.03609609,-0.014318354,-0.025795393,-0.014482066,-0.013178587,-0.014739722,-0.014195539,-0.018474732
2019-10-04,-0.009840302,-0.011907496,-0.013775848,-0.010989584,-0.012895945,-0.009692639,-0.010971844,-0.011699706,-0.012784883,-0.009949233,-0.010168068,-0.012243453,0.039718624,-0.010902233,-0.015034996,-0.011019446,-0.009043194,-0.0114210285,-0.010051981,-0.012069032
2019-10-07,-0.014218852,-0.020213373,-0.017995425,-0.014281962,-0.021119706,-0.013883457,-0.014198381,-0.0127252415,-0.015779518,-0.013020225,-0.013730034,-0.015198715,0.0019536582,-0.0128898285,-0.018376872,-0.014379926,-0.011029668,-0.015029989,-0.011898845,-0.01412791
2019-10-08,-0.013518423,-0.021424346,-0.016434565,-0.014670093,-0.019663222,-0.013601422,-0.014411241,-0.014377318,-0.015791722,-0.012931101,-0.01372401,-0.015027337,0.06086619,-0.014255293,-0.018376783,-0.014313865,-0.010500293,-0.014869198,-0.012994409,-0.01688511
2019-10-09,-0.009459339,-0.01657907,-0.013899699,-0.010019895,-0.014445782,-0.010382991,-0.009605147,-0.010787226,-0.012142386,-0.010575853,-0.009267461,-0.01116433,0.07196683,-0.009563919,-0.013774358,-0.010082703,-0.0099594705,-0.011439063,-0.009936988,-0.012199499
2019-10-10,-0.013785664,-0.020196415,-0.018164821,-0.014472857,-0.019513734,-0.014638074,-0.014077518,-0.015215471,-0.01598541,-0.014551163,-0.013800014,-0.015082888,0.078015015,-0.013980668,-0.016620122,-0.0142624825,-0.014110085,-0.015041962,-0.014767453,-0.016367733
2019-10-11,-0.010536827,-0.01693783,-0.015348308,-0.01199422,-0.013950296,-0.01201345,-0.011702351,-0.01180575,-0.013961151,-0.01149369,-0.011217669,-0.012778252,0.070645116,-0.011737473,-0.01540615,-0.011924855,-0.012259603,-0.012561612,-0.010656368,-0.013743624
2019-10-14,-0.0072750743,-0.012249671,-0.011610925,-0.009055257,-0.012071326,-0.009680338,-0.008922763,-0.0076755057,-0.011594102,-0.012414034,-0.008374296,-0.010135032,0.0032438976,-0.008816127,-0.013389513,-0.009170003,-0.008132309,-0.010247186,-0.00765565,-0.009765901
2019-10-15,-0.01302883,-0.017091356,-0.016035713,-0.014249675,-0.025922857,-0.015011877,-0.014120694,-0.013607722,-0.016619787,-0.015398435,-0.013769671,-0.015394345,-0.01716849,-0.014001116,-0.018755436,-0.013968587,-0.012887217,-0.014985397,-0.012997404,-0.014558509
2019-10-16,-0.013671383,-0.01627364,-0.015821192,-0.014236856,-0.019388013,-0.014461167,-0.013988435,-0.011051595,-0.016859017,-0.012379423,-0.013725057,-0.015646406,-0.008821843,-0.013882697,-0.019192763,-0.014043704,-0.012736909,-0.015084073,-0.012734309,-0.016581185
2019-10-17,-0.013763659,-0.016494963,-0.015370257,-0.014333092,-0.025237672,-0.014525749,-0.014119003,-0.014521547,-0.01705587,-0.014480151,-0.013675913,-0.015703611,-0.048936263,-0.014303647,-0.019016929,-0.014252037,-0.013385776,-0.01500836,-0.014060106,-0.016521603
2019-10-18,-0.0144914575,-0.014570933,-0.015717532,-0.01270169,-0.026211936,-0.014621377,-0.0143145025,-0.015035838,-0.016833283,-0.0147277415,-0.0137726255,-0.015459176,0.040909484,-0.01409556,-0.019036047,-0.014329139,-0.014088601,-0.01518169,-0.0141643435,-0.01662802
2019-10-21,-0.014332555,-0.0142682195,-0.01615898,-0.013739996,-0.023043878,-0.014257219,-0.014377184,-0.015205443,-0.017553478,-0.014206894,-0.013664167,-0.015504807,0.07396471,-0.014136482,-0.01929988,-0.014374092,-0.014306776,-0.015168615,-0.012967084,-0.016623814
2019-10-22,-0.0138964355,-0.016282223,-0.015812997,-0.014246367,-0.019856464,-0.014058448,-0.0140997395,-0.015054997,-0.017665785,-0.013701372,-0.013679385,-0.015759572,0.05907528,-0.014366459,-0.019443132,-0.014302734,-0.014009468,-0.015189901,-0.0125493035,-0.016140945
2019-10-23,-0.01305788,-0.0160916,-0.01590985,-0.013816588,-0.019217692,-0.014329657,-0.014158193,-0.014945254,-0.017341964,-0.013835955,-0.013770431,-0.01560346,0.019784514,-0.014216043,-0.019462608,-0.014276892,-0.014198497,-0.0148741305,-0.01305306,-0.01619187
2019-10-24,-0.014133804,-0.01605101,-0.017789159,-0.014355816,-0.01897414,-0.014773883,-0.01420939,-0.014590472,-0.017685685,-0.01439606,-0.013795085,-0.0156182945,0.014612012,-0.014366515,-0.019755244,-0.014498606,-0.013951033,-0.015076034,-0.013715781,-0.01633656
2019-10-25,-0.014030177,-0.018048208,-0.01810722,-0.014148939,-0.02747684,-0.014648102,-0.014225569,-0.011778016,-0.0175674,-0.014926918,-0.013824038,-0.01536677,0.02336735,-0.014221281,-0.01993198,-0.014524668,-0.013953105,-0.0149795115,-0.01386499,-0.01593513
2019-10-28,-0.014049318,-0.018085781,-0.018285599,-0.014029913,-0.024936102,-0.013752677,-0.014329322,-0.012364503,-0.017528988,-0.014242373,-0.0138771795,-0.015324019,0.006021396,-0.013814755,-0.019719094,-0.01451996,-0.012425877,-0.0151408315,-0.013555042,-0.016034976
2019-10-29,-0.014024779,-0.018227883,-0.017484955,-0.0139164105,-0.017820679,-0.013726331,-0.014382683,-0.012457259,-0.017603338,-0.014235303,-0.013855416,-0.015344705,-0.002107778,-0.013065707,-0.019802175,-0.01441009,-0.011980936,-0.015205074,-0.012672156,-0.015987251
2019-10-30,-0.012165777,-0.016549706,-0.014590077,-0.011291705,-0.018716581,-0.011891738,-0.0123032,-0.009552129,-0.01586093,-0.011567887,-0.011697851,-0.013676163,0.010412861,-0.010897607,-0.016715076,-0.012417018,-0.010992423,-0.013286561,-0.0106161535,-0.013984323
2019-10-31,-0.008604251,-0.014019407,-0.011575583,-0.009165127,-0.014999926,-0.008941829,-0.008795053,-0.00696285,-0.013387926,-0.009238057,-0.00802996,-0.011018738,0.030295102,-0.008166786,-0.013502985,-0.009010062,-0.008113157,-0.010095686,-0.0075883004,-0.0095027685
2019-11-01,-0.011386745,-0.016299963,-0.0152077,-0.013459377,-0.023081265,-0.012098853,-0.0117534585,-0.0123845115,-0.016552135,-0.011965208,-0.011841066,-0.014040399,-0.016789116,-0.01148244,-0.017427742,-0.012037199,-0.010626227,-0.013177007,-0.011844687,-0.007742021
2019-11-04,-0.008647542,-0.012219332,-0.012245741,-0.009023394,-0.014741309,-0.009253606,-0.008363828,-0.008138917,-0.013034448,-0.009184722,-0.008445568,-0.0104264915,-0.012956433,-0.008408226,-0.014486536,-0.009071343,-0.0091600865,-0.010134853,-0.009030044,-0.005574643
2019-11-05,-0.013171278,-0.017399132,-0.016102377,-0.013948239,-0.019853197,-0.014045037,-0.013092481,-0.0109586045,-0.017902084,-0.013567686,-0.01379054,-0.015319295,-0.023114696,-0.012479022,-0.017207824,-0.013028711,-0.012491498,-0.015220493,-0.012568273,-0.0092277825
2019-11-06,-0.013427652,-0.016174465,-0.01699835,-0.012713604,-0.0197916,-0.014536984,-0.013651188,-0.013367001,-0.017849192,-0.014074631,-0.013779771,-0.015368186,-0.03858667,-0.013603818,-0.020552404,-0.013337519,-0.013400797,-0.015223447,-0.013208576,-0.009145495
2019-11-07,-0.01316734,-0.01875183,-0.01740031,-0.012636516,-0.016787712,-0.014058158,-0.013402116,-0.013222814,-0.017814271,-0.0146051645,-0.013133161,-0.015484124,-0.035611615,-0.013818696,-0.021283958,-0.013429418,-0.014202125,-0.015278354,-0.01353218,-0.011318941
2019-11-08,-0.012820303,-0.017497651,-0.01640677,-0.012719478,-0.01667232,-0.013722271,-0.013021618,-0.011695579,-0.018147647,-0.013970606,-0.013702106,-0.015470929,-0.02846855,-0.013495363,-0.021700159,-0.0134500265,-0.014238648,-0.015539177,-0.013857279,-0.009832762
2019-11-11,-0.013401695,-0.017354585,-0.017484173,-0.013495661,-0.017335754,-0.014185049,-0.013722025,-0.011943549,-0.018050086,-0.0145332515,-0.013810091,-0.015432984,-0.03111314,-0.013698526,-0.024625666,-0.013677701,-0.0137934685,-0.015623637,-0.013708144,-0.011309624
2019-11-12,-0.013597101,-0.014805254,-0.017613627,-0.012522206,-0.01817029,-0.014303677,-0.013649888,-0.011947885,-0.017831389,-0.01407592,-0.013833076,-0.015363656,-0.030692413,-0.013787262,-0.041645326,-0.013912037,-0.01474677,-0.015450083,-0.013740566,-0.013320312
2019-11-13,-0.012857899,-0.015043959,-0.016861826,-0.013799332,-0.017072018,-0.01407142,-0.013476282,-0.012213923,-0.018102631,-0.012783065,-0.013794333,-0.015567087,-0.00326693,-0.013504438,-0.04280708,-0.013948925,-0.014073145,-0.015243843,-0.013612643,-0.01201532
2019-11-14,-0.011643212,-0.015331335,-0.016308978,-0.013229527,-0.015983693,-0.013414357,-0.012843575,-0.013136104,-0.01810212,-0.012562104,-0.013877027,-0.01552245,-0.014279518,-0.013030276,-0.021132074,-0.013530124,-0.013843261,-0.015387587,-0.012554985,-0.011845518
2019-11-15,-0.012847923,-0.015992872,-0.01701779,-0.01500725,-0.015264481,-0.013796024,-0.013376381,-0.012569018,-0.018095307,-0.013132397,-0.013918508,-0.0152236745,-0.003930844,-0.012867153,-0.026555337,-0.013821766,-0.013970695,-0.015517086,-0.013193361,-0.0119721
2019-11-18,-0.008496899,-0.011869766,-0.012972914,-0.010030314,-0.009948537,-0.0089245215,-0.008749165,-0.006856322,-0.012903631,-0.007521033,-0.008510623,-0.009804398,0.004591067,-0.008676998,-0.01615256,-0.008895982,-0.00902966,-0.010321673,-0.008458786,-0.008488499
2019-11-19,-0.013016891,-0.01623533,-0.017184936,-0.012734413,-0.014304459,-0.013593767,-0.012968354,-0.011048619,-0.017386973,-0.012674995,-0.012590677,-0.014721334,0.035585396,-0.012542255,-0.020828828,-0.0131493285,-0.0132030845,-0.014921799,-0.012107514,-0.014003269
2019-11-20,-0.014222652,-0.01729393,-0.01783682,-0.012337275,-0.014843628,-0.014779098,-0.014204755,-0.011943776,-0.018044602,-0.0140848085,-0.013781585,-0.015245564,0.042288385,-0.012799259,-0.020687409,-0.014261313,-0.012845993,-0.0156076625,-0.012605645,-0.0146493465
2019-11-21,-0.010703571,-0.014406677,-0.013736442,-0.011377137,-0.010136567,-0.011001084,-0.010791533,-0.009286106,-0.015015084,-0.009079441,-0.010462489,-0.01214309,-0.0015783939,-0.01028927,-0.012765929,-0.010781713,-0.011986557,-0.012400761,-0.01025236,-0.011151396
2019-11-22,-0.0119645,-0.017588511,-0.01506757,-0.012279015,-0.012602903,-0.013780478,-0.013819199,-0.011939861,-0.017924204,-0.011850916,-0.013830885,-0.015450362,-0.0057190727,-0.013359442,-0.01633273,-0.013375368,-0.015236229,-0.015618704,-0.013076447,-0.011813324
2019-11-25,-0.009472378,-0.013828393,-0.011817157,-0.008943375,-0.011666946,-0.009735167,-0.009526636,-0.008805934,-0.013592642,-0.009484395,-0.009206019,-0.010964975,-0.0020955945,-0.009309493,-0.017926447,-0.010213643,-0.011273179,-0.01134491,-0.008780487,-0.0090617165
2019-11-26,-0.013327252,-0.01819034,-0.015218943,-0.012472462,-0.017273441,-0.014814939,-0.01438731,-0.012640528,-0.016569275,-0.012011521,-0.013889752,-0.015363738,0.00018827664,-0.013374712,-0.0224705,-0.013911821,-0.015836738,-0.015521698,-0.013314869,-0.013398819
2019-11-27,-0.012693472,-0.018542986,-0.014389195,-0.013375439,-0.01733372,-0.014157094,-0.014130369,-0.013560601,-0.016420573,-0.014206596,-0.013885245,-0.015518043,-0.007852696,-0.013839662,-0.024288822,-0.013847761,-0.016155992,-0.015580904,-0.013744827,-0.013317358
2019-11-29,-0.008511908,-0.014429778,-0.010454111,-0.008779973,-0.012093663,-0.009413987,-0.009332925,-0.008918934,-0.01192034,-0.008699834,-0.00912568,-0.011177942,-0.013046607,-0.008873589,-0.020093739,-0.009366296,-0.012349673,-0.011366665,-0.009047307,-0.009180717
2019-12-02,-0.014027059,-0.018893573,-0.016111672,-0.014969673,-0.016814131,-0.014331773,-0.0140937865,-0.013481393,-0.016430207,-0.014329381,-0.014006786,-0.015420731,-0.009579688,-0.013218634,-0.027469516,-0.014102824,-0.016790614,-0.015628763,-0.0133564025,-0.013676278
2019-12-03,-0.013907455,-0.018516839,-0.016211651,-0.014841273,-0.016947959,-0.014196347,-0.014060415,-0.012338959,-0.016401589,-0.014964357,-0.013983179,-0.015535004,-0.0071751247,-0.013951376,-0.024895523,-0.014064107,-0.016406752,-0.015395548,-0.01368162,-0.013773408
2019-12-04,-0.013710823,-0.019092254,-0.016460434,-0.016161598,-0.016548093,-0.014125019,-0.014141519,-0.0135950595,-0.016439185,-0.01433108,-0.013851948,-0.0152625665,-0.0089663565,-0.014117308,-0.023253828,-0.013929509,-0.01515162,-0.015244797,-0.012077797,-0.014083125
2019-12-05,-0.012109265,-0.01936359,-0.014941372,-0.014483765,-0.015881285,-0.014581505,-0.01422824,-0.013360418,-0.016569592,-0.014631107,-0.013907891,-0.015326161,-0.008559316,-0.013148919,-0.021118335,-0.014320385,-0.01530968,-0.015527796,-0.013157982,-0.014557414
2019-12-06,-0.012192547,-0.019198783,-0.015301764,-0.014982849,-0.01558505,-0.014315337,-0.014100738,-0.013226286,-0.01645866,-0.014524914,-0.013828605,-0.0152235925,-0.008658975,-0.012566738,-0.027199797,-0.014154654,-0.014923774,-0.0155465305,-0.012583926,-0.014882162
2019-12-09,-0.012528159,-0.019536272,-0.015071128,-0.013987921,-0.01669693,-0.013360787,-0.013632994,-0.014395297,-0.016554855,-0.014576569,-0.01377473,-0.015326895,-0.015396368,-0.013084456,-0.03159739,-0.013737358,-0.014892608,-0.015725866,-0.0133121535,-0.013844296
2019-12-10,-0.012841422,-0.019427292,-0.01343457,-0.013380107,-0.016838245,-0.012099683,-0.012864605,-0.013855476,-0.01640952,-0.01304701,-0.013803326,-0.015568383,-0.01532273,-0.013031527,-0.02643568,-0.012574732,-0.015450805,-0.0155501105,-0.013193313,-0.012151606
2019-12-11,-0.008328237,-0.02040673,-0.009805564,-0.010710157,-0.012915656,-0.008507833,-0.008430228,-0.00914824,-0.011678848,-0.009626657,-0.009292118,-0.011390742,-0.009465292,-0.008258082,-0.022372592,-0.008775912,-0.011666719,-0.011561789,-0.008660745,-0.009343062
2019-12-12,-0.009421095,-0.020988777,-0.015921846,-0.010460377,-0.012564208,-0.009480208,-0.009456582,-0.009755317,-0.0119602345,-0.010128882,-0.009506255,-0.011552129,-0.010259237,-0.009384051,-0.020194396,-0.009671062,-0.014538042,-0.011691604,-0.00943188,-0.009531826
2019-12-13,-0.013667759,-0.029351808,-0.019953512,-0.015279364,-0.014696799,-0.012943614,-0.013698861,-0.014195323,-0.016164664,-0.013515677,-0.013754487,-0.015387163,-0.013896372,-0.013911944,-0.02412805,-0.014108464,-0.018622786,-0.015227541,-0.013817422,-0.013331726
2019-12-16,-0.015541587,-0.025280826,-0.022731178,-0.017010078,-0.0190747,-0.01580552,-0.015595011,-0.015831627,-0.018583339,-0.015472814,-0.01568022,-0.017633367,-0.017431915,-0.015300505,-0.025330424,-0.016586259,-0.018166572,-0.017479207,-0.015742954,-0.016997144
2019-12-17,-0.013510317,-0.025069818,-0.018793635,-0.01471781,-0.016903192,-0.013796657,-0.014091954,-0.01398427,-0.016300954,-0.014981758,-0.013735369,-0.015438274,-0.015372954,-0.013783734,-0.0010733004,-0.014161091,-0.016088419,-0.015267558,-0.013687782,-0.015235074
2019-12-18,-0.014496908,-0.024966236,-0.021926425,-0.014406741,-0.018119533,-0.014503777,-0.015029348,-0.014892928,-0.017235763,-0.015044503,-0.014953326,-0.016710106,-0.016785335,-0.014725223,-0.005744308,-0.015307061,-0.019424655,-0.01668556,-0.014645442,-0.016415704
2019-12-19,-0.012293503,-0.022608243,-0.016740121,-0.013326537,-0.017246485,-0.0134713575,-0.013708692,-0.012843855,-0.016222361,-0.01412956,-0.01396019,-0.016010292,-0.015406936,-0.012232691,-0.0050173695,-0.012684122,-0.016770065,-0.015644193,-0.012365434,-0.014781952
2019-12-20,-0.011767976,-0.021472163,-0.016443573,-0.014127187,-0.01724407,-0.012192644,-0.012698904,-0.012018442,-0.015988477,-0.018445611,-0.013891693,-0.015569501,-0.01754766,-0.012974355,-0.0036756839,-0.013332039,-0.01654758,-0.015601926,-0.012955762,-0.0143875405
2019-12-23,-0.012469813,-0.020991448,-0.016986165,-0.014490612,-0.017528668,-0.012260813,-0.014081001,-0.0137360245,-0.016144045,-0.017731465,-0.013817064,-0.01586049,-0.014443815,-0.013828717,-0.006981909,-0.013970427,-0.016861424,-0.015452638,-0.013100788,-0.014911331
2019-12-24,-0.013650745,-0.020706918,-0.015120629,-0.013477266,-0.015131693,-0.012131263,-0.014189661,-0.013437122,-0.015524901,-0.015318576,-0.0129615925,-0.014728814,-0.013590954,-0.013755098,-0.0045059393,-0.014557976,-0.017587911,-0.014796134,-0.01384487,-0.014702752
2019-12-26,-0.014132783,-0.022152796,-0.022545837,-0.01964248,-0.015386693,-0.011808589,-0.013611332,-0.01342646,-0.015968949,-0.015504479,-0.013513342,-0.015331473,-0.01609411,-0.013698202,-0.01605808,-0.012334306,-0.017161932,-0.016979221,-0.015641853,-0.014375575
2019-12-27,-0.012177568,-0.02253884,-0.019865595,-0.01245632,-0.015003607,-0.011569548,-0.013950311,-0.013966233,-0.015653834,-0.014706489,-0.013397012,-0.01519325,-0.018729731,-0.013619587,-0.018932499,-0.011902802,-0.014940336,-0.013722818,-0.012455322,-0.014807105
2019-12-30,-0.012735009,-0.02208256,-0.017194308,-0.013597455,-0.01482778,-0.011764362,-0.013449479,-0.013268352,-0.015190296,-0.014756255,-0.013112947,-0.014702536,-0.02508735,-0.012984965,-0.017508913,-0.013080221,-0.01940301,-0.015066892,-0.01346172,-0.01330797
2019-12-31,-0.012286961,-0.018643972,-0.01567113,-0.013408035,-0.015663795,-0.013243526,-0.012647364,-0.012627576,-0.014792152,-0.014496505,-0.012969241,-0.014479674,-0.025321282,-0.013142154,-0.018141836,-0.014049605,-0.019883148,-0.0149514675,-0.013195854,-0.014389332
2020-01-02,-0.0115105845,-0.020017236,-0.017391093,-0.014488466,-0.01808193,-0.014182813,-0.014182828,-0.011876978,-0.015756741,-0.014586769,-0.013706438,-0.015305482,-0.025395952,-0.011256419,-0.023961175,-0.014520414,-0.015089296,-0.015563287,-0.011939339,-0.014927197
2020-01-03,-0.01184056,-0.02022598,-0.019263603,-0.01463449,-0.017571919,-0.014213014,-0.014345918,-0.011719361,-0.015975378,-0.014681622,-0.0138539,-0.015500113,-0.024256371,-0.011384539,-0.018660333,-0.01458101,-0.015904598,-0.015716307,-0.011846177,-0.014926288
2020-01-06,-0.013272844,-0.020046756,-0.01941549,-0.013159268,-0.015909173,-0.013772115,-0.013955589,-0.012767509,-0.015687093,-0.01484412,-0.013737164,-0.0153491795,-0.019889817,-0.013104051,-0.023344986,-0.01465128,-0.014986306,-0.01578055,-0.013339974,-0.0147958845
2020-01-07,-0.014454827,-0.021779481,-0.017200258,-0.013350956,-0.015025578,-0.01372309,-0.013948172,-0.014041252,-0.017337248,-0.015973274,-0.0151800625,-0.016898658,-0.020657018,-0.0136972815,-0.020917833,-0.015185364,-0.015798673,-0.017283048,-0.013866976,-0.015154548
2020-01-08,-0.0086119175,-0.016677149,-0.012374818,-0.008947909,-0.01122997,-0.008508764,-0.009919338,-0.0085783675,-0.012411766,-0.010620005,-0.009664148,-0.0117922425,-0.020316258,-0.009744257,-0.034742475,-0.010448225,-0.012755677,-0.012268659,-0.009737454,-0.009886719
2020-01-09,-0.013910703,-0.021904431,-0.018850282,-0.014861833,-0.016583778,-0.014843062,-0.014849938,-0.013724264,-0.017198473,-0.015783187,-0.015036479,-0.016815327,-0.026182756,-0.0144267455,-0.02089731,-0.015820008,-0.017073378,-0.017386153,-0.014646858,-0.016524687
2020-01-10,-0.011583537,-0.020593345,-0.015975483,-0.013331965,-0.012876026,-0.0132798515,-0.013637155,-0.0117118545,-0.016001146,-0.014583737,-0.013943419,-0.015694734,-0.01703811,-0.013145864,-0.02587369,-0.014528692,-0.016145252,-0.016127057,-0.013223689,-0.01453504
2020-01-13,-0.012282878,-0.020947255,-0.016311795,-0.01381892,-0.017209455,-0.013919644,-0.01297389,-0.012914471,-0.01576481,-0.014176048,-0.013326418,-0.01515691,-0.018509842,-0.012240797,-0.043912165,-0.014643885,-0.015205666,-0.01545728,-0.01266519,-0.015068874
2020-01-14,-0.0134902075,-0.021235812,-0.017872766,-0.013874218,-0.017987393,-0.013996273,-0.014068738,-0.013364777,-0.015637442,-0.014280751,-0.013440192,-0.015198138,-0.017262042,-0.013563231,-0.030211158,-0.0146666095,-0.015539445,-0.015336499,-0.014016554,-0.015376277
2020-01-15,-0.016781308,-0.024280455,-0.020161554,-0.017163314,-0.017964285,-0.016670711,-0.017048001,-0.016408607,-0.018947672,-0.017380834,-0.016431026,-0.0184014,-0.02146434,-0.01672995,-0.031777643,-0.017691337,-0.019136652,-0.018784866,-0.01715187,-0.018149842
2020-01-16,-0.014148518,-0.020970307,-0.01779617,-0.013965748,-0.018315174,-0.01381705,-0.014135454,-0.011940017,-0.016016118,-0.014742993,-0.01378268,-0.015551075,-0.019500539,-0.0141005255,-0.028699644,-0.014860388,-0.020885877,-0.01587113,-0.014022972,-0.014943279
2020-01-17,-0.016064554,-0.022447117,-0.018663436,-0.015710387,-0.026121132,-0.015342776,-0.01616276,-0.014326796,-0.018302307,-0.016944423,-0.015997801,-0.017888911,-0.02283363,-0.015856218,-0.028958224,-0.0168024,-0.017455347,-0.018063605,-0.016421452,-0.016549304
2020-01-21,-0.012797702,-0.018784437,-0.015201971,-0.012106076,-0.017125882,-0.011770349,-0.012973674,-0.010939617,-0.015495226,-0.01383391,-0.012881994,-0.015081376,-0.032540396,-0.012410268,-0.026540704,-0.013275869,-0.014428958,-0.015199654,-0.013124697,-0.013785504
2020-01-22,-0.013539195,-0.019232705,-0.017275728,-0.013868485,-0.016803361,-0.013223447,-0.013182744,-0.0126689,-0.016098753,-0.014674336,-0.013862662,-0.016020697,-0.024308916,-0.0128039345,-0.026793942,-0.014078636,-0.015017904,-0.01590963,-0.013620377,-0.014310531
2020-01-23,-0.012857836,-0.018338293,-0.01239422,-0.014269061,-0.01770993,-0.012926146,-0.012088463,-0.011938728,-0.015782978,-0.0143802315,-0.013777889,-0.01590611,-0.02854316,-0.012019645,-0.020629894,-0.013287451,-0.014617406,-0.015828706,-0.012419164,-0.014287807
2020-01-24,-0.013486199,-0.017491989,-0.00448437,-0.0144593455,-0.017876856,-0.012657978,-0.012865752,-0.012888752,-0.016207553,-0.014510751,-0.013759874,-0.015865136,-0.02278246,-0.012934409,-0.019992307,-0.013277903,-0.015157871,-0.01572802,-0.013606936,-0.014551684
2020-01-27,-0.007459793,-0.013023432,-0.00930379,-0.009632528,-0.010713827,-0.0074013206,-0.007246475,-0.0068737674,-0.01068655,-0.007958442,-0.007294319,-0.009605654,-0.016691811,-0.006961025,-0.01744587,-0.008592628,-0.0096173175,-0.0095617175,-0.0070747877,-0.0090549365
2020-01-28,-0.012791663,-0.01929859,-0.017082319,-0.015960641,-0.016972762,-0.01374685,-0.014052618,-0.012471732,-0.016396746,-0.014112253,-0.013758376,-0.015725382,-0.025308914,-0.013814427,-0.025198214,-0.01484365,-0.016287602,-0.015650224,-0.014035389,-0.015125178
2020-01-29,-0.01430089,-0.020440158,-0.015853085,-0.016185619,-0.027350903,-0.0142454915,-0.013850071,-0.013484187,-0.016411021,-0.014063347,-0.013787337,-0.01582352,-0.018210202,-0.013514854,-0.023208976,-0.0149389915,-0.016640663,-0.015626766,-0.014167242,-0.015218884
2020-01-30,-0.014768206,-0.020887777,-0.017317995,-0.016654722,-0.019346505,-0.015092507,-0.014711421,-0.014959991,-0.017915502,-0.015347604,-0.015312698,-0.017393403,-0.02031852,-0.014441926,-0.019950353,-0.015911076,-0.016565062,-0.017319873,-0.014171839,-0.016043592
2020-01-31,-0.009258084,-0.014970671,-0.011816047,-0.010121353,-0.020650283,-0.0088601485,-0.008721918,-0.00913693,-0.012795292,-0.010069802,-0.010050632,-0.012156479,-0.015436105,-0.009654731,-0.01620743,-0.010186046,-0.012138151,-0.01176507,-0.009592291,-0.01030466
2020-02-03,-0.014594421,-0.019277114,-0.015481543,-0.015489634,-0.021980278,-0.0136743635,-0.014208697,-0.014130957,-0.017499845,-0.014507815,-0.014584482,-0.01674375,-0.019783232,-0.01369961,-0.023009256,-0.014487326,-0.016542833,-0.016438253,-0.014274679,-0.014351651
2020-02-04,-0.01386822,-0.021495678,-0.013864763,-0.014660075,-0.026060738,-0.011356212,-0.013326317,-0.012075849,-0.016444903,-0.012982771,-0.013742939,-0.015776075,-0.019298643,-0.012987431,-0.021495536,-0.014051892,-0.01608055,-0.015456319,-0.013676792,-0.012373224
2020-02-05,-0.014310155,-0.020391949,-0.0145912655,-0.014621414,-0.020501472,-0.012733296,-0.013879202,-0.0134654045,-0.01656264,-0.013168242,-0.013851427,-0.015689366,-0.018386204,-0.013398349,-0.022107624,-0.014329921,-0.015078209,-0.015303962,-0.014105506,-0.0139831975
2020-02-06,-0.0142652765,-0.01950153,-0.015353255,-0.014371496,-0.016438253,-0.013269544,-0.014422514,-0.014108665,-0.016610965,-0.013553683,-0.013806414,-0.015580647,-0.018869638,-0.013382919,-0.023913838,-0.014418863,-0.014960699,-0.015158575,-0.013880506,-0.0146530345
2020-02-07,-0.01395838,-0.02431462,-0.01315973,-0.014384311,-0.015282407,-0.012907773,-0.014133491,-0.013762962,-0.01634321,-0.013551153,-0.014070503,-0.01564823,-0.018498495,-0.013795458,-0.03458201,-0.01378477,-0.015498854,-0.014913887,-0.013642155,-0.0137794055
2020-02-10,-0.0141261,-0.018564522,-0.013536021,-0.014743194,-0.0140889585,-0.011267636,-0.013931528,-0.01286336,-0.016332343,-0.013611369,-0.013785776,-0.015678562,-0.016665433,-0.013678562,-0.022496067,-0.013915516,-0.015782133,-0.015264474,-0.013958946,-0.013412606
2020-02-11,-0.009493247,-0.01513242,-0.010429665,-0.011427976,-0.010278005,-0.008881573,-0.009969585,-0.010133531,-0.012246765,-0.009707343,-0.009473614,-0.011216253,-0.022823997,-0.008765686,-0.026273943,-0.010056905,-0.011656668,-0.010972388,-0.009514086,-0.0097409375
2020-02-12,-0.011630241,-0.017966837,-0.013628069,-0.013728067,-0.017667621,-0.011500433,-0.012063235,-0.012397401,-0.014539316,-0.011983216,-0.01163435,-0.013448067,-0.0384079,-0.011108555,-0.023746472,-0.011859283,-0.013878487,-0.013679318,-0.011590011,-0.0122608915
2020-02-13,-0.014307067,-0.021448333,-0.016519919,-0.01659606,-0.016077176,-0.01456482,-0.015093364,-0.015467592,-0.017500289,-0.015534308,-0.014763031,-0.016836952,-0.033827104,-0.013379604,-0.02686314,-0.015460476,-0.016395688,-0.016795442,-0.014036238,-0.015532814
2020-02-14,-0.0095267445,-0.015493687,-0.011072088,-0.011152629,-0.01439419,-0.008999333,-0.0095943175,-0.008541148,-0.011896312,-0.009931043,-0.009120919,-0.010911051,-0.013171341,-0.008784585,-0.02241052,-0.010108031,-0.01241377,-0.011131465,-0.009071667,-0.00989905
2020-02-18,-0.009270556,-0.015189476,-0.0094437,-0.011233076,-0.014242478,-0.008360669,-0.00891953,-0.00915952,-0.011146519,-0.009176388,-0.008656919,-0.010193992,-0.021755114,-0.008576054,-0.026450664,-0.008993134,-0.011025585,-0.01032063,-0.008495681,-0.008884676
2020-02-19,-0.012751408,-0.02007936,-0.015102431,-0.014072064,-0.01956246,-0.013268534,-0.012607876,-0.014331289,-0.016066022,-0.014461249,-0.013690978,-0.015376151,-0.032588817,-0.012315277,-0.006138056,-0.014362,-0.014973633,-0.015425526,-0.012225747,-0.014035396
2020-02-20,-0.013780281,-0.020129196,-0.015140809,-0.01588288,-0.016906194,-0.011742599,-0.013854176,-0.014507819,-0.016110927,-0.014294773,-0.013727155,-0.015232891,-0.025392614,-0.013400741,0.016763888,-0.014708858,-0.015161313,-0.015381269,-0.013661649,-0.01290144
2020-02-21,-0.0123997405,-0.02028466,-0.015023705,-0.015695035,-0.021315098,-0.011937115,-0.013551816,-0.013825133,-0.01604028,-0.014497854,-0.013770763,-0.015374601,-0.020720273,-0.011717252,-0.023340344,-0.014118638,-0.01474309,-0.015488528,-0.013325863,-0.012715608
2020-02-24,-0.014490731,-0.021104008,-0.01617172,-0.016828544,-0.008290261,-0.014364801,-0.014787398,-0.013504006,-0.016833298,-0.01504492,-0.014571875,-0.016143277,-0.021918334,-0.014160797,-0.027416013,-0.014979202,-0.018130362,-0.016381271,-0.014592186,-0.014900833
2020-02-25,-0.014109813,-0.026758052,-0.014565699,-0.014831118,-0.0016658972,-0.01197131,-0.014149513,-0.0124447085,-0.015880443,-0.013791107,-0.013748743,-0.015311621,-0.02194257,-0.013132162,0.023578942,-0.01489808,-0.016065396,-0.015339989,-0.013868034,-0.012792751
2020-02-26,-0.014442779,-0.02951505,-0.013778314,-0.014187306,0.010210954,-0.011895683,-0.01346245,-0.0122451335,-0.015772752,-0.01399567,-0.013747178,-0.015119519,-0.037635006,-0.012505099,0.003546842,-0.013779357,-0.014142878,-0.015187964,-0.013473734,-0.012209192
2020-02-27,-0.014641907,-0.035651974,-0.013281107,-0.015478555,0.01062765,-0.011799853,-0.0141803995,-0.0138114095,-0.015796326,-0.014533326,-0.0137036815,-0.015083957,-0.037666433,-0.013418391,0.011857081,-0.013551176,-0.015714005,-0.015265565,-0.0138790235,-0.012055855
2020-02-28,-0.013370756,-0.027449101,-0.013374452,-0.013061538,0.01055079,-0.012778178,-0.01183711,-0.012451608,-0.01451163,-0.013951823,-0.0124812275,-0.013977334,-0.020191457,-0.011474784,0.005974949,-0.013141923,-0.0140558705,-0.014088802,-0.012792081,-0.0122579485
2020-03-02,-0.007988058,-0.02012758,-0.008204035,-0.008431822,0.0017191996,-0.0077559645,-0.0070225666,-0.006315544,-0.009196848,-0.008985553,-0.00703942,-0.008676112,-0.014067881,-0.0063889693,-0.0020608972,-0.007434811,-0.0084402785,-0.008954395,-0.007137723,-0.006430916
2020-03-03,-0.0069325003,-0.01686415,-0.008038126,-0.008183502,-0.009641625,-0.0075107175,-0.007387541,-0.006453588,-0.009084377,-0.009138599,-0.006723355,-0.008333445,-0.017954275,-0.0060843225,-0.011938818,-0.0067570205,-0.008204091,-0.008940771,-0.006413623,-0.006369255
2020-03-04,-0.009026296,-0.018234767,-0.010181058,-0.010564372,-0.011754043,-0.01000537,-0.009871639,-0.008738998,-0.011685185,-0.011689581,-0.0093838535,-0.0109444335,-0.024782501,-0.008340955,-0.020860389,-0.009410232,-0.01062208,-0.011512909,-0.008498952,-0.0099494085
2020-03-05,-0.012987979,-0.021069348,-0.01418478,-0.015331842,-0.017904956,-0.014272127,-0.014014937,-0.013606183,-0.015629899,-0.015229993,-0.013466865,-0.01511886,-0.029807035,-0.012356121,-0.038018517,-0.014432453,-0.014166217,-0.015164807,-0.013518948,-0.012882121
2020-03-06,-0.0095665455,-0.015471499,-0.010951333,-0.012098424,-0.014233984,-0.010359928,-0.010493554,-0.0102368,-0.012587037,-0.012141693,-0.010030396,-0.011394266,-0.02240362,-0.010022946,-0.021553852,-0.010993399,-0.01260107,-0.011726633,-0.009256028,-0.009802591
2020-03-09,-0.007415931,-0.011496998,-0.0094189085,-0.010348402,-0.00918185,-0.0074298414,-0.007532514,-0.0074511613,-0.00911621,-0.00937314,-0.0069677304,-0.008335341,-0.018409088,-0.0071890424,-0.016820095,-0.007877849,-0.009532012,-0.008737806,-0.0072332206,-0.00767184
2020-03-10,-0.0139073655,-0.017871782,-0.016355522,-0.016929165,-0.020338655,-0.015121169,-0.014338717,-0.014070928,-0.015479162,-0.015065577,-0.013547592,-0.015073627,-0.02113929,-0.013858538,-0.022408511,-0.014150813,-0.016556054,-0.015180044,-0.0141174495,-0.014154598
2020-03-11,-0.010691039,-0.014030505,-0.013302907,-0.013380047,-0.015342534,-0.011139747,-0.011036973,-0.010545466,-0.012443595,-0.014026381,-0.010442331,-0.011796951,-0.018589713,-0.010507483,-0.014697507,-0.0109246,-0.011460468,-0.01207497,-0.010971755,-0.010737993
2020-03-12,-0.007498789,-0.01049732,-0.01053533,-0.010052495,-0.009410016,-0.008893803,-0.007637817,-0.0077321897,-0.009566613,-0.009350568,-0.0071844417,-0.008617014,-0.013230234,-0.0074819694,-0.026985832,-0.007502764,-0.008550279,-0.008746311,-0.0076206843,-0.007811017
2020-03-13,-0.013210438,-0.015299983,-0.01666205,-0.016420484,-0.012905244,-0.01416406,-0.013943233,-0.0141490735,-0.015571404,-0.016395811,-0.01376107,-0.014889799,-0.017977096,-0.013654031,-0.01699692,-0.014114808,-0.013373293,-0.015138194,-0.014265649,-0.013806693
2020-03-16,-0.013416406,-0.015488021,-0.016940005,-0.015239917,-0.012431752,-0.014124189,-0.014112361,-0.013827279,-0.015531689,-0.018767677,-0.013738576,-0.0147956535,-0.018312514,-0.012680173,-0.019130483,-0.013720557,-0.014126889,-0.014810719,-0.013616461,-0.01408799
2020-03-17,-0.013344273,-0.015252199,-0.015797071,-0.014897633,-0.012227826,-0.013512559,-0.013980839,-0.011942055,-0.015197724,-0.014331672,-0.013305932,-0.014830008,-0.019857273,-0.012669738,-0.018685091,-0.012849785,-0.014337182,-0.014799848,-0.013223685,-0.012698028
2020-03-18,-0.008422751,-0.008617088,-0.011369478,-0.010448739,-0.008521065,-0.00928827,-0.008430362,-0.0081875995,-0.009757113,-0.009571429,-0.007644001,-0.008845329,-0.011424974,-0.007959284,-0.00788644,-0.008605946,-0.008926686,-0.009155847,-0.008190494,-0.008329138
2020-03-19,-0.008791041,-0.009114087,-0.01173152,-0.010868743,-0.009403303,-0.0098439865,-0.008549396,-0.008599196,-0.009994835,-0.010040134,-0.007875204,-0.009064063,-0.010544129,-0.0080706775,-0.0070461216,-0.008739568,-0.00956583,-0.009261038,-0.008405797,-0.011442594
2020-03-20,-0.010784492,-0.011341862,-0.013837405,-0.013009138,-0.011354893,-0.011546869,-0.010491714,-0.0104624815,-0.012204982,-0.01169977,-0.010020435,-0.011059783,-0.011790909,-0.010257907,-0.009470586,-0.010715898,-0.010965437,-0.011253513,-0.010506168,-0.014295969
2020-03-23,-0.015521433,-0.01639567,-0.018645126,-0.01769416,-0.017832983,-0.016038083,-0.015069518,-0.01517291,-0.016635135,-0.016242191,-0.014661871,-0.016116254,-0.016883165,-0.015161518,-0.018863834,-0.015430354,-0.015459679,-0.015759297,-0.015440114,-0.018993035
2020-03-24,-0.01407586,-0.016885117,-0.01716981,-0.015964858,-0.015967563,-0.011686638,-0.014126651,-0.012994435,-0.015344869,-0.014075786,-0.013766158,-0.014660519,-0.014255755,-0.014084615,-0.014609344,-0.01362526,-0.01551754,-0.014725126,-0.014392868,-0.013496097
2020-03-25,-0.0089595355,-0.01195246,-0.0122424215,-0.010887936,-0.011122003,-0.008516468,-0.009133004,-0.007836375,-0.010246158,-0.010193296,-0.0087672435,-0.009618789,-0.008481961,-0.008951381,-0.010725789,-0.008374546,-0.010491144,-0.00970991,-0.009409454,-0.009496428
2020-03-26,-0.009579852,-0.011877183,-0.012858119,-0.0106186345,-0.012179136,-0.008148607,-0.009765975,-0.00907246,-0.010913204,-0.009576388,-0.009050541,-0.01011597,-0.0090424195,-0.009373888,-0.009932652,-0.009036392,-0.010942392,-0.010301292,-0.009596691,-0.01018326
2020-03-27,-0.015934926,-0.01798081,-0.019013062,-0.016981773,-0.018133357,-0.0130750835,-0.015990421,-0.015274409,-0.016996957,-0.016163722,-0.01535362,-0.016255114,-0.01683718,-0.015746169,-0.015728433,-0.015372049,-0.016946543,-0.016530842,-0.016052984,-0.016481519
2020-03-30,-0.021866038,-0.02380491,-0.02479402,-0.022745457,-0.023361146,-0.019060869,-0.021737166,-0.021379188,-0.02288358,-0.02178958,-0.021251123,-0.02207651,-0.023799732,-0.021729618,-0.023084804,-0.019954674,-0.02257675,-0.02261008,-0.02196161,-0.02220095
2020-03-31,-0.012996048,-0.014488228,-0.0162087,-0.01397948,-0.014849201,-0.012095071,-0.012917217,-0.011812374,-0.014358282,-0.013337426,-0.0123027265,-0.013177179,-0.015533388,-0.012670085,-0.015084073,-0.012656853,-0.0136328265,-0.0134938955,-0.0127749145,-0.01380273
2020-04-01,-0.008964874,-0.009882569,-0.011891536,-0.010082625,-0.009945348,-0.007900994,-0.008699149,-0.008111082,-0.0097148605,-0.008333173,-0.007914014,-0.008908182,-0.011362307,-0.008070111,-0.009926241,-0.00892736,-0.007872559,-0.009088449,-0.008621372,-0.009799983
2020-04-02,-0.011022054,-0.011412282,-0.014104702,-0.012031015,-0.012243167,-0.010293931,-0.010992311,-0.010609262,-0.012320295,-0.011444032,-0.010458387,-0.011556134,-0.015159629,-0.010534864,-0.013100062,-0.011377048,-0.010000844,-0.011671357,-0.010820366,-0.011929899
2020-04-03,-0.015489474,-0.014072623,-0.01784657,-0.016310282,-0.014685929,-0.015746258,-0.015318476,-0.014012206,-0.016433034,-0.01529026,-0.014637988,-0.015579704,-0.016577192,-0.014905408,-0.018265095,-0.015228294,-0.014284834,-0.015829675,-0.015038669,-0.0161435
2020-04-06,-0.015355177,-0.012242831,-0.017307382,-0.014765546,-0.013060778,-0.015373237,-0.015017342,-0.014485881,-0.015715905,-0.015549347,-0.014380433,-0.015081368,-0.016413331,-0.0147523135,-0.018660001,-0.013920441,-0.01455345,-0.0153404735,-0.014713936,-0.015844688
2020-04-07,-0.011896491,-0.009075999,-0.0140604675,-0.011835232,-0.008404255,-0.011953451,-0.011613719,-0.01142662,-0.012697332,-0.012382083,-0.011297878,-0.012144711,-0.012721647,-0.011661574,-0.012403518,-0.010696232,-0.0112834945,-0.0122054815,-0.011195924,-0.012783892
2020-04-08,-0.0144962,-0.013100218,-0.016437937,-0.013556812,-0.012041979,-0.013977859,-0.0142895095,-0.013174906,-0.015251849,-0.015089281,-0.013740208,-0.014507115,-0.01802414,-0.013207693,-0.017680049,-0.012462556,-0.013871308,-0.014566243,-0.013783865,-0.0154394545
2020-04-09,-0.0100527555,-0.010058947,-0.012096792,-0.009904195,-0.010058943,-0.009840757,-0.009516995,-0.009440191,-0.011132196,-0.010650709,-0.0091315955,-0.010016821,-0.015134804,-0.008496441,-0.014523543,-0.009223916,-0.008958638,-0.010108303,-0.009333126,-0.010826021
2020-04-13,-0.016338479,-0.016190335,-0.018533383,-0.016225114,-0.016604833,-0.016497657,-0.015979119,-0.015621595,-0.017373443,-0.017198771,-0.015539147,-0.016340632,-0.02192875,-0.015513487,-0.020777516,-0.014024898,-0.01527223,-0.016485564,-0.015845392,-0.017324854
2020-04-14,-0.014127724,-0.014409572,-0.016219944,-0.014364067,-0.014702499,-0.014853522,-0.014301505,-0.013921179,-0.015369326,-0.015430663,-0.013692498,-0.0146292,-0.017136723,-0.013517719,-0.018992797,-0.0118236095,-0.013659455,-0.014764439,-0.013942242,-0.015250504
2020-04-15,-0.009085171,-0.008912865,-0.011566866,-0.009078227,-0.01005739,-0.009823754,-0.009303033,-0.008914128,-0.010739356,-0.010690425,-0.0084696375,-0.009448551,-0.011410188,-0.008599259,-0.01428958,-0.008259125,-0.008462481,-0.009466305,-0.008814815,-0.010160755
2020-04-16,-0.008848693,-0.0085385665,-0.011325676,-0.008269019,-0.009949502,-0.009138428,-0.008800186,-0.008644924,-0.010445349,-0.010157198,-0.00800484,-0.008873165,-0.010543235,-0.0083756335,-0.01359579,-0.007537871,-0.008018263,-0.008766808,-0.008477025,-0.009843707
2020-04-17,-0.014199302,-0.014090158,-0.016261574,-0.013146542,-0.015564628,-0.0147707015,-0.014292344,-0.013928559,-0.015596561,-0.014974229,-0.013801396,-0.014608633,-0.017883353,-0.0143118575,-0.019342229,-0.012048386,-0.014673762,-0.01444184,-0.013892729,-0.015431233
2020-04-20,-0.013459697,-0.012987781,-0.015617214,-0.012758195,-0.014492467,-0.013432618,-0.013428234,-0.013126031,-0.0149258375,-0.013852902,-0.012636766,-0.013471678,-0.016541056,-0.0132213645,-0.018494971,-0.011219285,-0.012891941,-0.013425797,-0.013082385,-0.014725544
2020-04-21,-0.023178741,-0.022261862,-0.024842992,-0.020622771,-0.023947325,-0.022468835,-0.022728588,-0.022617321,-0.023983292,-0.022913046,-0.022283185,-0.023005128,-0.027452253,-0.022819847,-0.027612835,-0.020421762,-0.021914482,-0.023186691,-0.022591189,-0.02390112
2020-04-22,-0.014472794,-0.013917759,-0.01628431,-0.013786636,-0.015492994,-0.014149949,-0.014358245,-0.014009066,-0.015501559,-0.014327176,-0.013788499,-0.0145133585,-0.018286068,-0.014378514,-0.020427309,-0.012801871,-0.013262335,-0.014511991,-0.014029879,-0.015701242
2020-04-23,-0.014301773,-0.013945308,-0.016397644,-0.012566581,-0.015360482,-0.013978668,-0.014299475,-0.014268894,-0.015502624,-0.014758676,-0.0137806535,-0.014515717,-0.019182079,-0.014280219,-0.018930465,-0.013083987,-0.013134614,-0.014550976,-0.014148645,-0.015446272
2020-04-24,-0.014446903,-0.013994798,-0.016400263,-0.01492665,-0.015135862,-0.0142243095,-0.014537089,-0.014183737,-0.015381768,-0.013954259,-0.013826478,-0.014368754,-0.019157752,-0.014025804,-0.01934227,-0.013691194,-0.013206102,-0.014317062,-0.014220946,-0.015178025
2020-04-27,-0.010003492,-0.009737179,-0.0114837885,-0.01580058,-0.009744115,-0.009782873,-0.009958744,-0.009533629,-0.01092121,-0.009555545,-0.009197436,-0.009865485,-0.012099877,-0.0090641305,-0.014966607,-0.009864889,-0.008951902,-0.009962052,-0.009505283,-0.010674134
2020-04-28,-0.014632419,-0.014351223,-0.016045868,-0.012933604,-0.013582967,-0.014130764,-0.014562279,-0.0138815865,-0.015766196,-0.014536738,-0.01370129,-0.013958693,-0.018423572,-0.013732072,-0.020104289,-0.0129773915,-0.013397723,-0.014588311,-0.014051739,-0.015108235
2020-04-29,-0.021253482,-0.020886987,-0.02293057,-0.01909684,-0.020053558,-0.02055053,-0.021081753,-0.018984322,-0.022701591,-0.020505875,-0.020542812,-0.021200366,-0.022916183,-0.020503365,-0.0268118,-0.01906994,-0.020206567,-0.021418303,-0.020972855,-0.021334998
2020-04-30,-0.010919645,-0.011057615,-0.01269817,-0.010617066,-0.008632056,-0.010620199,-0.011079755,-0.009465687,-0.012564674,-0.008974157,-0.01024688,-0.011128314,-0.013131324,-0.010420106,-0.017236635,-0.011073552,-0.01037018,-0.011243034,-0.010697398,-0.010587648
2020-05-01,-0.011201054,-0.011259824,-0.0128523335,-0.010349397,-0.00900333,-0.010502934,-0.011134654,-0.009105787,-0.012684982,-0.009144001,-0.010374416,-0.011036038,-0.013877615,-0.0106335655,-0.017950147,-0.010440953,-0.010376394,-0.011347979,-0.010926887,-0.010731749
2020-05-04,-0.0148688555,-0.014625847,-0.016425148,-0.0139400065,-0.012878083,-0.013845667,-0.01463902,-0.01264444,-0.016125802,-0.013131395,-0.013688616,-0.014242321,-0.018795133,-0.014160924,-0.022146255,-0.013955511,-0.013718173,-0.014683284,-0.014400754,-0.014631093
2020-05-05,-0.014487982,-0.01382437,-0.016178552,-0.01295368,-0.011791807,-0.014100771,-0.014388882,-0.01208055,-0.015672788,-0.011589982,-0.013716575,-0.01454962,-0.018232971,-0.014000535,-0.020774946,-0.012442861,-0.01304514,-0.014522865,-0.014093742,-0.014824975
2020-05-06,-0.011318348,-0.010919232,-0.0126677975,-0.011940733,-0.008894742,-0.0115063265,-0.011359625,-0.010107756,-0.012750816,-0.009680748,-0.010788962,-0.011419471,-0.015807763,-0.011051711,-0.017949201,-0.009794578,-0.010005936,-0.011428393,-0.011184394,-0.011875033
2020-05-07,-0.014594935,-0.013842888,-0.015692286,-0.014284041,-0.012991697,-0.014106512,-0.014425788,-0.013973765,-0.015717864,-0.013924938,-0.013756052,-0.014268503,-0.018991612,-0.014044516,-0.020430654,-0.014091909,-0.013189223,-0.014467746,-0.01436124,-0.014818311
2020-05-08,-0.014679629,-0.013866343,-0.015834495,-0.014519803,-0.011595398,-0.013839882,-0.014424257,-0.012055762,-0.015756376,-0.011780195,-0.013775617,-0.01449348,-0.01934243,-0.014058799,-0.02110494,-0.01395122,-0.013209477,-0.01448603,-0.01440268,-0.014813796
2020-05-11,-0.014357239,-0.013920434,-0.015720487,-0.014191076,-0.013004616,-0.013734855,-0.0143255815,-0.012860663,-0.015755963,-0.012907907,-0.013814293,-0.014588296,-0.019554917,-0.014112044,-0.022559002,-0.01362022,-0.013242058,-0.014387302,-0.014434535,-0.014810167
2020-05-12,-0.014546946,-0.013878621,-0.015855841,-0.01452069,-0.012834407,-0.014080245,-0.0143504515,-0.012534022,-0.015817206,-0.012536593,-0.013812095,-0.014632098,-0.015460663,-0.014046267,-0.021998085,-0.012517564,-0.013387896,-0.014440585,-0.014337566,-0.014970228
2020-05-13,-0.016961247,-0.016026873,-0.018116545,-0.018163022,-0.01528997,-0.016144227,-0.01668042,-0.01554624,-0.017760701,-0.015544668,-0.015802853,-0.01673872,-0.019291058,-0.0163122,-0.022856552,-0.015627176,-0.016118847,-0.016797014,-0.0168067,-0.016961865
2020-05-14,-0.014336657,-0.013627842,-0.015753977,-0.014985807,-0.0119987875,-0.01405143,-0.0142676905,-0.012774695,-0.015929721,-0.012707137,-0.013473161,-0.014377423,-0.01659745,-0.013865892,-0.020545296,-0.013468154,-0.0135507025,-0.014396593,-0.014205188,-0.014457844
2020-05-15,-0.021802217,-0.021064028,-0.022801295,-0.021518953,-0.018772282,-0.021020819,-0.021833636,-0.019219004,-0.023205131,-0.019331753,-0.021187328,-0.021865897,-0.023209266,-0.021385781,-0.02013389,-0.019972213,-0.021043394,-0.021903228,-0.021986593,-0.021880843
2020-05-18,-0.010280039,-0.0095034465,-0.011572223,-0.010091115,-0.008181922,-0.009371821,-0.010276444,-0.009165995,-0.011512414,-0.009085596,-0.00904578,-0.0098668635,-0.0114987865,-0.009557098,-0.010251775,-0.008848492,-0.008952312,-0.009839319,-0.00977096,-0.010322131
2020-05-19,-0.0148841515,-0.013861451,-0.015516732,-0.014454022,-0.012325875,-0.013859589,-0.014533218,-0.01308601,-0.015636936,-0.013221577,-0.013769135,-0.014386199,-0.01732169,-0.013976969,-0.013735887,-0.012627199,-0.013889663,-0.014439166,-0.0143411085,-0.014614128
2020-05-20,-0.007908106,-0.00738465,-0.008936681,-0.00975056,-0.0060949507,-0.0075493525,-0.007749598,-0.006684534,-0.008891821,-0.0065318043,-0.007093146,-0.0076893787,-0.011080205,-0.0072063874,-0.008117095,-0.0067666466,-0.0072585787,-0.007866938,-0.007879406,-0.0077620293
2020-05-21,-0.0134199895,-0.012893483,-0.014486171,-0.014013819,-0.012311041,-0.012958758,-0.013435073,-0.013218753,-0.014594652,-0.013020001,-0.012790881,-0.013343297,-0.014682911,-0.012958337,-0.013067737,-0.013253599,-0.01299645,-0.013356142,-0.0132220425,-0.013422824
2020-05-22,-0.008216783,-0.0077490206,-0.0095536485,-0.008572884,-0.007399134,-0.007465258,-0.008231401,-0.008077063,-0.009181928,-0.007990751,-0.007449146,-0.008041158,-0.010443218,-0.008124568,-0.008383434,-0.0084973425,-0.007654547,-0.007964857,-0.0077887694,-0.008457646
2020-05-26,-0.008709937,-0.00821723,-0.011035383,-0.008774862,-0.0077219377,-0.007949997,-0.008954659,-0.00858926,-0.010367438,-0.008614972,-0.007833473,-0.008583933,-0.012684848,-0.008800261,-0.0086312145,-0.007942375,-0.007893339,-0.008616656,-0.008419685,-0.009305276
2020-05-27,-0.014206484,-0.013829984,-0.015965618,-0.013227697,-0.0122428015,-0.013699565,-0.014975339,-0.013531938,-0.015834391,-0.013804171,-0.013719447,-0.014010273,-0.01570937,-0.014429953,-0.013587769,-0.0135966465,-0.013789639,-0.014154088,-0.014159128,-0.01491949
2020-05-28,-0.014523275,-0.013895728,-0.01589249,-0.012993615,-0.01307895,-0.013818447,-0.014895588,-0.014191821,-0.015848383,-0.014160842,-0.013799407,-0.014220644,-0.01696004,-0.01436542,-0.013882112,-0.014004633,-0.01365459,-0.014167432,-0.01418107,-0.014569588
2020-05-29,-0.011997677,-0.010071114,-0.0139737055,-0.011536997,-0.009807974,-0.0114498995,-0.012407441,-0.010667421,-0.013890665,-0.011013307,-0.011131331,-0.0118604,-0.014369488,-0.0117721185,-0.011655111,-0.010799117,-0.010813262,-0.011528175,-0.011673693,-0.012471627
2020-06-01,-0.014454298,-0.012589216,-0.01586223,-0.01385973,-0.012552239,-0.013751816,-0.015011497,-0.01325044,-0.015639544,-0.0140537545,-0.013724975,-0.014430486,-0.01833063,-0.014373448,-0.013651684,-0.01421785,-0.013750285,-0.013830461,-0.014161445,-0.015109599
2020-06-02,-0.013803959,-0.012582645,-0.015889712,-0.013285153,-0.011425417,-0.013338398,-0.015069235,-0.012484707,-0.015440881,-0.01185701,-0.013575688,-0.01447396,-0.018778421,-0.014293,-0.013583556,-0.014482286,-0.013969034,-0.014367234,-0.0141542405,-0.015228435
2020-06-03,-0.016646616,-0.014900636,-0.01803805,-0.017475411,-0.015382469,-0.015694633,-0.017167747,-0.016537588,-0.017427437,-0.0158488,-0.015866514,-0.016744424,-0.021119446,-0.01652065,-0.015650228,-0.016769536,-0.01615332,-0.01658462,-0.016343363,-0.017119523
2020-06-04,-0.014570229,-0.012894653,-0.015885875,-0.015566513,-0.011602983,-0.013862751,-0.015055861,-0.01257202,-0.015390694,-0.012300361,-0.013681889,-0.014234103,-0.019298255,-0.01431068,-0.013831537,-0.014675077,-0.013984185,-0.01438022,-0.01409401,-0.014613241
2020-06-05,-0.014550917,-0.012985215,-0.015929662,-0.014982976,-0.012913831,-0.013042048,-0.01514335,-0.0122762695,-0.015594203,-0.013212256,-0.013704039,-0.014344774,-0.019208107,-0.01449158,-0.013622984,-0.014525242,-0.013975434,-0.014314793,-0.014136516,-0.01473894
2020-06-08,-0.011081263,-0.009820547,-0.012600824,-0.011910081,-0.011116549,-0.009743646,-0.0096637495,-0.010975026,-0.012305491,-0.009860758,-0.010511227,-0.011223838,-0.015598018,-0.011259984,-0.010898493,-0.010906681,-0.008391857,-0.011133291,-0.010831971,-0.011455927
2020-06-09,-0.0143698305,-0.01295419,-0.015544031,-0.014636524,-0.014458738,-0.012707341,-0.014345519,-0.014176384,-0.015416361,-0.013368875,-0.01388919,-0.014167689,-0.01627,-0.014389113,-0.011882044,-0.013456862,-0.012481838,-0.014278889,-0.014146071,-0.014411021
2020-06-10,-0.010681905,-0.009405695,-0.012495697,-0.011014707,-0.010298017,-0.009142846,-0.010768551,-0.010629125,-0.012075931,-0.012171909,-0.010217726,-0.010894865,-0.014824092,-0.0108683035,-0.011269145,-0.011412963,-0.009444855,-0.010932267,-0.010596607,-0.011116028
2020-06-11,-0.013140313,-0.011862092,-0.015423156,-0.01298077,-0.012439694,-0.011972446,-0.012214601,-0.013050251,-0.014499202,-0.013032332,-0.012651198,-0.013273153,-0.015573062,-0.013227928,-0.014607325,-0.013591036,-0.010990433,-0.013381809,-0.012976117,-0.013468534
2020-06-12,-0.009036437,-0.0077132094,-0.011259206,-0.009610154,-0.00834655,-0.0076227593,-0.008659359,-0.008375235,-0.010292277,-0.009046841,-0.008220784,-0.0088933185,-0.012692109,-0.008888792,-0.008040041,-0.00939947,-0.007895272,-0.009095438,-0.00871804,-0.009143643
2020-06-15,-0.0090965405,-0.0081623085,-0.011348173,-0.010172594,-0.008815885,-0.009352006,-0.00869979,-0.008154936,-0.010438859,-0.008838348,-0.008663911,-0.009016581,-0.012030624,-0.009246372,-0.008487798,-0.009475909,-0.007859938,-0.009303618,-0.009130299,-0.009794407
2020-06-16,-0.014310814,-0.0130985305,-0.0154708475,-0.015539683,-0.013501376,-0.014271505,-0.013996504,-0.0137160495,-0.015525475,-0.012639958,-0.013807751,-0.014019292,-0.016946562,-0.013946399,-0.013775378,-0.01419225,-0.013196193,-0.014349338,-0.014161885,-0.014943432
2020-06-17,-0.014259763,-0.013087623,-0.015883915,-0.015624065,-0.013980769,-0.014234472,-0.014289878,-0.013834298,-0.015526444,-0.012304127,-0.013770036,-0.014034055,-0.017242607,-0.01428286,-0.01441209,-0.014457889,-0.013393916,-0.014355518,-0.014037311,-0.014611669
2020-06-18,-0.017027564,-0.017160207,-0.019456,-0.018319234,-0.016525328,-0.016897593,-0.0174499,-0.016917653,-0.01873456,-0.016353972,-0.016571123,-0.017038219,-0.02040274,-0.017133594,-0.019737612,-0.017625175,-0.01613424,-0.017107703,-0.016892768,-0.018623102
2020-06-19,-0.0077390443,-0.008130811,-0.010067202,-0.00862769,-0.0072456147,-0.007594533,-0.008065723,-0.0075988243,-0.009195663,-0.007430121,-0.007282398,-0.0077145766,-0.011781216,-0.0077325027,-0.008782595,-0.007972442,-0.0067778896,-0.007854626,-0.007608324,-0.0094774775
2020-06-22,-0.0080605,-0.008324422,-0.010795057,-0.008813769,-0.0077294144,-0.0076689417,-0.008312434,-0.008002214,-0.010111198,-0.009021781,-0.007371444,-0.008165233,-0.01204709,-0.008056112,-0.013296306,-0.008415397,-0.0076021994,-0.008609556,-0.007874217,-0.009431608
2020-06-23,-0.015681509,-0.01592787,-0.01832408,-0.016670447,-0.015806638,-0.015609287,-0.016437277,-0.015957292,-0.017373212,-0.016226344,-0.015552439,-0.015874669,-0.018943243,-0.01612746,-0.024854783,-0.015944123,-0.015558027,-0.016078442,-0.01592137,-0.016182505
2020-06-24,-0.008133426,-0.008228514,-0.011094473,-0.008614492,-0.00819749,-0.008143619,-0.008553542,-0.008224621,-0.009480052,-0.008572526,-0.0077689695,-0.008483894,-0.012726806,-0.008572437,-0.021119382,-0.008309945,-0.008185029,-0.008573316,-0.008329801,-0.00809142
2020-06-25,-0.014369447,-0.014024083,-0.016740158,-0.014849797,-0.013940059,-0.013916947,-0.014814831,-0.014135178,-0.01563638,-0.014619648,-0.013832048,-0.0142871365,-0.01851362,-0.014435351,-0.027980365,-0.014276452,-0.011985876,-0.01448654,-0.014269255,-0.014068522
2020-06-26,-0.013634175,-0.0140438005,-0.016855352,-0.014935862,-0.013264835,-0.013766132,-0.014782451,-0.014066704,-0.015537389,-0.01507761,-0.013750002,-0.014355149,-0.017162323,-0.01456118,-0.042487644,-0.012950975,-0.013558082,-0.014130637,-0.014276855,-0.014229961
2020-06-29,-0.011142585,-0.014021754,-0.016811654,-0.0149660185,-0.013740897,-0.012870595,-0.014716033,-0.0144207105,-0.015454248,-0.014985941,-0.013581105,-0.014269516,-0.019953579,-0.014680609,-0.029025346,-0.01331488,-0.013765037,-0.0142846145,-0.0142688565,-0.014281295
2020-06-30,-0.011724144,-0.014013715,-0.016900182,-0.014642358,-0.014096387,-0.012687169,-0.01475396,-0.014239728,-0.015269056,-0.014672123,-0.013538241,-0.014165804,-0.019884095,-0.014551975,-0.018915758,-0.013459444,-0.014104694,-0.014457278,-0.014269292,-0.01411362
2020-07-01,-0.008028168,-0.011300549,-0.014137197,-0.011673272,-0.011135943,-0.009773903,-0.011568755,-0.011503205,-0.012366749,-0.011954725,-0.010818407,-0.011557139,-0.017027333,-0.011894435,-0.008580878,-0.011046872,-0.011568941,-0.011473574,-0.011350431,-0.011500008
2020-07-02,-0.011749957,-0.013585471,-0.016435336,-0.014246367,-0.013442144,-0.012449656,-0.014150038,-0.014038894,-0.014870636,-0.0146496445,-0.013277214,-0.013941452,-0.018642016,-0.014010087,-0.010670781,-0.01398287,-0.013938077,-0.014112528,-0.014053583,-0.013787314
2020-07-06,-0.012282029,-0.013925396,-0.016880497,-0.012482502,-0.013850898,-0.013013896,-0.014644504,-0.0145094395,-0.01543045,-0.014988229,-0.013551846,-0.01437366,-0.019724343,-0.014363438,-0.009258918,-0.014126003,-0.014369391,-0.014608633,-0.014433291,-0.013891075
2020-07-07,-0.012131419,-0.014019281,-0.016003694,-0.012734305,-0.014143411,-0.013369873,-0.013724379,-0.013859928,-0.015477616,-0.030693486,-0.013671033,-0.014567196,-0.018846039,-0.013386212,-0.00920935,-0.013868619,-0.031862825,-0.014287509,-0.011286475,-0.014124714
2020-07-08,-0.012498125,-0.014037535,-0.015768781,-0.013789557,-0.0137570575,-0.013219308,-0.012850516,-0.013554208,-0.015306741,-0.022107847,-0.013716746,-0.014595926,-0.026019491,-0.013552085,-0.01106637,-0.013934955,-0.03320483,-0.014051456,-0.0135634355,-0.014148071
2020-07-09,-0.005937643,-0.0072186845,-0.008778498,-0.0067669335,-0.006544057,-0.0064942534,-0.006124794,-0.0068274844,-0.008045398,-0.017647706,-0.0067371945,-0.007424399,-0.011809956,-0.0070079486,-0.008890405,-0.0070888507,-0.021543331,-0.0071465443,-0.0060758065,-0.007338799
2020-07-10,-0.014100544,-0.014594197,-0.015681647,-0.015012991,-0.013573699,-0.0135542415,-0.013282299,-0.013552591,-0.01565919,-0.03370163,-0.013789006,-0.014737442,-0.01912491,-0.014226999,-0.022166066,-0.014074367,-0.033458926,-0.014275573,-0.012531184,-0.014284715
2020-07-13,-0.013007,-0.01403451,-0.015308544,-0.013202131,-0.012477301,-0.012734152,-0.010660984,-0.012798145,-0.014803894,-0.024344988,-0.013119444,-0.01408194,-0.02643662,-0.012611676,-0.028728627,-0.013972707,-0.03834579,-0.013604701,-0.012855798,-0.013906915
2020-07-14,-0.0096700005,-0.010222558,-0.0114504695,-0.009860992,-0.009339131,-0.0092472695,-0.0076424996,-0.009243652,-0.010631248,-0.020415872,-0.009412114,-0.010099448,-0.016152002,-0.008750156,-0.030633904,-0.010031976,-0.031988107,-0.009697311,-0.009333335,-0.009802043
2020-07-15,-0.015287884,-0.016322516,-0.017472744,-0.016682737,-0.015726592,-0.015339315,-0.013951428,-0.015678562,-0.017212883,-0.023535993,-0.015603796,-0.016602479,-0.020393766,-0.015164241,-0.042235963,-0.01617311,-0.042996533,-0.016402602,-0.01551187,-0.015886702
2020-07-16,-0.007206309,-0.0075624655,-0.008758448,-0.0071675587,-0.0060857157,-0.006663009,-0.004198286,-0.0057114023,-0.008485749,-0.015582234,-0.006713036,-0.0074432264,-0.01108624,-0.0060407217,-0.030384101,-0.0071744653,-0.029044166,-0.0073144357,-0.006138585,-0.0069571654
2020-07-17,-0.007788203,-0.0077184136,-0.009002786,-0.007100805,-0.0065652686,-0.0070950123,-0.0047138925,-0.005997296,-0.008690238,-0.016816176,-0.0068437303,-0.007622726,-0.012159601,-0.006156824,-0.04471197,-0.0076797972,-0.030444205,-0.0076696198,-0.006563134,-0.0071376557
2020-07-20,-0.008915678,-0.0059824507,-0.009344183,-0.007843822,-0.007862233,-0.007781423,-0.005945451,-0.0076387594,-0.009234298,-0.013016768,-0.007783569,-0.008637242,-0.012533724,-0.0066990214,-0.053433277,-0.008117743,-0.031878777,-0.008092716,-0.0077292095,-0.007110785
2020-07-21,-0.013972342,-0.014186986,-0.01542183,-0.013615668,-0.0138485655,-0.014102403,-0.012161151,-0.014121383,-0.015351787,-0.018671654,-0.013640612,-0.014771134,-0.021254104,-0.013348386,-0.06890241,-0.014202666,-0.04233493,-0.013771579,-0.014027491,-0.013983265
2020-07-22,-0.020851865,-0.01944238,-0.022240251,-0.020373866,-0.020601518,-0.018416457,-0.019581929,-0.020246428,-0.022624195,-0.034435585,-0.020839997,-0.021927904,-0.034528226,-0.021030355,0.063979305,-0.02091822,-0.05351785,-0.021119565,-0.02037315,-0.01886233
2020-07-23,-0.00879696,-0.0084688775,-0.009474117,-0.008621119,-0.008288324,-0.0078007947,-0.0072500776,-0.0082345605,-0.009580687,-0.013236694,-0.0076863687,-0.008960091,0.010000825,-0.0079001635,0.06728955,-0.008506715,-0.03577181,-0.00818906,-0.00814905,-0.0076280306
2020-07-24,-0.009221114,-0.009059176,-0.010200169,-0.008898988,-0.00883048,-0.007831655,-0.0076902355,-0.008416887,-0.009441514,-0.019418381,-0.007984169,-0.008906379,-0.018775322,-0.007073864,-0.00078152074,-0.008367777,-0.014778227,-0.008272797,-0.007639687,-0.007880598
2020-07-27,-0.010430872,-0.008787997,-0.011773333,-0.0101309195,-0.010211013,-0.008591153,-0.008997157,-0.010019455,-0.011074431,-0.022659414,-0.009272456,-0.01044894,-0.022656765,-0.008433692,0.064022474,-0.009759694,-0.013823006,-0.009672821,-0.00992715,-0.008869547
2020-07-28,-0.014209412,-0.012659095,-0.015924938,-0.014527321,-0.014339458,-0.012113299,-0.013216462,-0.014782503,-0.015516691,-0.030212037,-0.013711669,-0.014708687,-0.024744414,-0.013104875,0.09151862,-0.013903543,-0.010082625,-0.01386454,-0.013869904,-0.013060294
2020-07-29,-0.012480445,-0.012405448,-0.0162559,-0.014598098,-0.014369659,-0.012085725,-0.013721824,-0.014710322,-0.015428163,-0.026165016,-0.013733935,-0.014768511,-0.02705983,-0.013776615,0.095277384,-0.01429157,-0.009840712,-0.014443707,-0.01356243,-0.013086405
2020-07-30,-0.008255798,-0.008005228,-0.009007573,-0.008708037,-0.0077878344,-0.0068097184,-0.00757312,-0.007478665,-0.009439364,-0.019063778,-0.007279217,-0.008483589,-0.016220145,-0.009075098,0.10176785,-0.008103006,-0.018946745,-0.008674614,-0.007481217,-0.006745897
2020-07-31,-0.012250856,-0.011121418,-0.014290333,-0.012887053,-0.012462251,-0.011254873,-0.011579469,-0.012739837,-0.01398205,-0.026339136,-0.012094848,-0.013245758,-0.016277127,-0.01905901,0.098633535,-0.012902837,-0.0072479467,-0.013064057,-0.01247054,-0.0114950575
2020-08-03,-0.011410899,-0.01057139,-0.013688974,-0.012016632,-0.011549227,-0.0101223625,-0.011202812,-0.011787772,-0.01291595,-0.023782946,-0.010945976,-0.01199986,-0.016064227,-0.0113463625,0.10077158,-0.011754513,-0.0063985134,-0.012148052,-0.011883106,-0.01057037
2020-08-04,-0.014667682,-0.011522036,-0.015614994,-0.014365815,-0.013240233,-0.012969717,-0.01280364,-0.013718486,-0.015064299,-0.019253142,-0.013477847,-0.014692068,-0.017071221,-0.012780614,-0.06857569,-0.014419705,-0.0067025865,-0.013909724,-0.01372328,-0.013430379
2020-08-05,-0.006946958,-0.0070829126,-0.007996954,-0.007902391,-0.0072048004,-0.0066287364,-0.006763063,-0.0074266116,-0.008329593,-0.011211794,-0.0065459902,-0.007875845,-0.012375541,-0.0074350233,0.0984691,-0.0075983214,-0.007177591,-0.0077138017,-0.0075533013,-0.007034562
2020-08-06,-0.017393403,-0.01724419,-0.018232517,-0.017560542,-0.016937226,-0.016454633,-0.017167903,-0.017138686,-0.018088367,-0.020356629,-0.016450018,-0.017704412,-0.020544376,-0.01600185,0.11007107,-0.017443191,-0.0018514465,-0.017054792,-0.017382175,-0.016946875
2020-08-07,-0.00686676,-0.0051249745,-0.007338747,-0.0065860967,-0.005457952,-0.0057384367,-0.005291413,-0.0063452083,-0.0070398035,-0.017534524,-0.006023019,-0.006998978,-0.009272549,-0.0040049623,0.07105588,-0.006579704,-0.011897169,-0.006470255,-0.006000198,-0.0062737907
2020-08-10,-0.0071632336,-0.0067670564,-0.009237096,-0.007481813,-0.0067730914,-0.007052637,-0.0070654447,-0.0074404026,-0.008230757,-0.009133611,-0.006838813,-0.00795494,-0.010168754,-0.013202496,0.10277937,-0.0072608734,-0.00063683046,-0.007777668,-0.0069571617,-0.006585359
2020-08-11,-0.012346592,-0.013356898,-0.015497476,-0.014649473,-0.013478138,-0.013405375,-0.014100637,-0.014745649,-0.0148002505,-0.021412805,-0.013523478,-0.014665931,-0.023342349,-0.020628244,0.10092656,-0.014679089,-0.006818741,-0.014439434,-0.014551155,-0.013314329
2020-08-12,-0.011953354,-0.018590592,-0.014646545,-0.013388954,-0.01336151,-0.0120986365,-0.015777253,-0.013870943,-0.015189372,-0.020378023,-0.013668634,-0.014764279,-0.014167324,-0.020525418,0.10092656,-0.0126618445,-0.020211354,-0.014615461,-0.0118336305,-0.011770852
2020-08-13,-0.0118464455,-0.011841789,-0.015012324,-0.013814803,-0.013953991,-0.012734674,-0.012854457,-0.014393553,-0.015321787,-0.011801168,-0.013757855,-0.014641494,-0.015975557,-0.021022238,0.10092656,-0.013593331,-0.025795259,-0.015172973,-0.011772841,-0.012497447
2020-08-14,-0.0138300955,-0.016325414,-0.016814075,-0.015191663,-0.014072143,-0.014360361,-0.01761213,-0.015479308,-0.016374849,-0.015550643,-0.014774639,-0.015752919,-0.017026525,-0.023054041,0.10680667,-0.015642595,-0.011467494,-0.017792039,-0.0146692395,-0.014848515
2020-08-17,-0.011328887,-0.013557464,-0.014159627,-0.012151167,-0.011800647,-0.011212718,-0.017666757,-0.012157295,-0.013130877,-0.0009529139,-0.011410937,-0.012370437,-0.014599208,-0.03196811,0.10122278,-0.011964135,0.09470542,-0.01508221,-0.0101692155,-0.011423219
2020-08-18,-0.00984234,-0.010010563,-0.0121949315,-0.010436863,-0.010069083,-0.009879764,-0.015693069,-0.01007127,-0.010238484,-0.0047253515,-0.008554194,-0.009801619,-0.015113868,-0.034891106,0.08770993,-0.0103771165,0.098236375,-0.011920258,-0.009680651,-0.009548504
2020-08-19,-0.014045514,-0.014816254,-0.01576792,-0.014951207,-0.013921168,-0.013790444,-0.018918563,-0.014469631,-0.0151131,-0.003098696,-0.013436262,-0.014580481,-0.017023243,-0.020805925,0.10092656,-0.014448769,0.09550321,-0.016665198,-0.012605667,-0.013923347
2020-08-20,-0.013999052,-0.014055803,-0.015750077,-0.014507487,-0.013948709,-0.0136521235,-0.018603355,-0.014031529,-0.015253484,-0.0024471614,-0.013493739,-0.014618501,-0.016553044,-0.023006976,0.10092656,-0.014642153,0.08291884,-0.016790807,-0.013619341,-0.013879165
2020-08-21,-0.01372141,-0.015708573,-0.016309805,-0.014549531,-0.011898272,-0.013892692,-0.020528901,-0.014192473,-0.015460439,-0.008131631,-0.013752546,-0.014566723,-0.01606965,-0.03393448,0.10092656,-0.013738524,0.07181916,-0.017517753,-0.013826754,-0.013957348
2020-08-24,-0.0121094845,-0.013111405,-0.01473739,-0.012744486,-0.011564523,-0.0119972825,-0.018436767,-0.012479052,-0.013652779,-0.0040972526,-0.011971172,-0.012966357,-0.014750369,-0.020965748,0.09836344,-0.012666982,0.05946712,-0.015346754,-0.01141917,-0.012237512
2020-08-25,-0.007287919,-0.0085536465,-0.0091881305,-0.0072396467,-0.006558023,-0.006965361,-0.012929812,-0.0067831497,-0.008096103,0.00079025375,-0.0066492367,-0.0075936536,-0.010457717,-0.011315003,0.07726023,-0.0074866,0.036180824,-0.010170549,-0.0067273746,-0.0071472186
2020-08-26,-0.014293559,-0.015546717,-0.0150086135,-0.012270279,-0.013634175,-0.013548721,-0.018346969,-0.013569023,-0.01535622,-0.0048635188,-0.0137059465,-0.01472377,-0.015488744,-0.0227177,0.10092656,-0.014632892,0.013887547,-0.01682169,-0.012838207,-0.013931595
2020-08-27,-0.014296956,-0.016888767,-0.016158216,-0.0137555115,-0.013393238,-0.013508525,-0.018144146,-0.013549171,-0.015259333,-0.0054740827,-0.0137020275,-0.014667854,-0.015662916,-0.023140475,0.10092656,-0.014385592,0.0005246741,-0.017119303,-0.013773441,-0.013712097
2020-08-28,-0.0141670555,-0.019819878,-0.01578468,-0.014176369,-0.013733931,-0.013587877,-0.017565873,-0.013339102,-0.015164424,-0.009961195,-0.013655886,-0.014487933,-0.015659735,-0.023881607,0.10092656,-0.014759716,0.002405018,-0.017085351,-0.013903905,-0.013710409
2020-08-31,-0.009051956,-0.013836488,-0.01014629,-0.00905481,-0.008484084,-0.008138839,-0.012994148,-0.0081381835,-0.010706954,-0.0053393054,-0.008363277,-0.00931029,-0.011502903,-0.023504905,0.102997,-0.0092747435,-0.059048582,-0.01173196,-0.008039374,-0.011573549
2020-09-01,-0.0140191205,-0.01805374,-0.0157796,-0.013802942,-0.013094675,-0.01323548,-0.018485233,-0.013369903,-0.015172578,-0.013968378,-0.013651222,-0.014431961,-0.018564884,-0.031001255,0.10092656,-0.014507536,-0.022599183,-0.017295554,-0.013842702,-0.013258442
2020-09-02,-0.008433059,-0.012938928,-0.009382509,-0.008614399,-0.008410357,-0.0073654796,-0.012292758,-0.008479107,-0.009790435,-0.006628781,-0.0076418365,-0.00855656,-0.016436689,-0.020271473,0.10360314,-0.008711293,0.021708604,-0.0112340115,-0.006611924,-0.008141495
2020-09-03,-0.013113737,-0.01672874,-0.014568932,-0.013539039,-0.01253771,-0.012219027,-0.017227665,-0.0131189,-0.014266051,-0.015293337,-0.012324356,-0.0133025795,-0.020507619,-0.025085755,0.10598882,-0.013414867,0.048153885,-0.01621034,-0.0127535835,-0.011510871
2020-09-04,-0.008008432,-0.012027554,-0.008915238,-0.0068974565,-0.006943974,-0.0074677723,-0.012388267,-0.007622938,-0.008546092,-0.014180794,-0.007239997,-0.007910937,-0.010462187,-0.020785071,0.08144195,-0.0078626685,0.05957414,-0.01117906,-0.008115001,-0.008785456
2020-09-08,-0.0113621205,-0.015400022,-0.013073288,-0.01104752,-0.010385536,-0.010796059,-0.016039494,-0.0117202625,-0.012692802,-0.020326562,-0.010922283,-0.01172876,-0.013790317,-0.021678582,0.095902786,-0.01141857,0.076549545,-0.015062451,-0.011642106,-0.010893684
2020-09-09,-0.01374682,-0.017775796,-0.015883852,-0.013101105,-0.011845507,-0.0129667595,-0.018959083,-0.014448725,-0.015686229,-0.0079121515,-0.013787851,-0.014546089,-0.011811085,-0.02200324,0.10092656,-0.0138780475,0.10545273,-0.01801208,-0.01341898,-0.013632938
2020-09-10,-0.008322611,-0.01322107,-0.0085002035,-0.00663875,-0.0067742164,-0.0078877285,-0.01664254,-0.0076866965,-0.00982856,-0.004724748,-0.00803585,-0.008740477,-0.0081658065,-0.017145894,0.07894507,-0.008629769,0.072921544,-0.012053687,-0.006814673,-0.008331828
2020-09-11,-0.013991348,-0.01836465,-0.015456744,-0.012765072,-0.012325577,-0.013005592,-0.019088179,-0.014603838,-0.015756525,-0.0054617967,-0.01376164,-0.0143821165,-0.01755178,-0.024079785,0.10092656,-0.014350094,0.08531818,-0.017883368,-0.01231987,-0.013748765
2020-09-14,-0.014286544,-0.018506102,-0.014880404,-0.011780411,-0.011663221,-0.01320795,-0.018578514,-0.013374396,-0.015679777,-0.0049656923,-0.013765112,-0.014386542,-0.01701146,-0.022550128,0.10092656,-0.014314488,0.09021601,-0.017913647,-0.012671422,-0.013689481
2020-09-15,-0.014318429,-0.017372385,-0.013973117,-0.012745254,-0.012321793,-0.0135151595,-0.018054582,-0.014054954,-0.015450325,-0.00681328,-0.01314985,-0.014334902,-0.017066985,-0.025469981,0.10092656,-0.0141489655,0.09152003,-0.016852863,-0.011971723,-0.013341032
2020-09-16,-0.011489499,-0.014599748,-0.011421122,-0.010660775,-0.009450629,-0.010710411,-0.01558958,-0.011505313,-0.012595825,-0.0051795538,-0.010204662,-0.0115872845,-0.014112122,-0.017300885,0.10438991,-0.0111959465,0.09056609,-0.013749141,-0.009982049,-0.010776997
2020-09-17,-0.014567096,-0.016379952,-0.013997018,-0.012446199,-0.012031529,-0.01392046,-0.017563578,-0.014389481,-0.015289813,-0.0061145495,-0.013530377,-0.014432177,-0.015958637,-0.045372188,0.10092656,-0.014253147,0.06536234,-0.017321564,-0.012585755,-0.013628587
2020-09-18,-0.010620266,-0.013992704,-0.011249751,-0.010853697,-0.010318786,-0.010882553,-0.015132859,-0.011495538,-0.012689188,-0.0038071866,-0.010934964,-0.01165849,-0.013560712,-0.02538452,0.0913626,-0.011677392,0.055226453,-0.015020963,-0.0101966895,-0.010949001
2020-09-21,-0.012396157,-0.016698122,-0.014286257,-0.0135272145,-0.0122196,-0.012076568,-0.017843194,-0.013056517,-0.014221691,-0.0038323323,-0.0121307075,-0.013040744,-0.014574438,-0.027201727,0.106348656,-0.01271309,0.051009044,-0.019514292,-0.011020251,-0.012438938
2020-09-22,-0.013360724,-0.01651854,-0.014719859,-0.0133458,-0.012213398,-0.013298936,-0.016780205,-0.013740517,-0.015458465,-0.0047938894,-0.013746992,-0.014535256,-0.01544372,-0.026513219,0.10092656,-0.014189921,0.042759255,-0.019877128,-0.011892185,-0.014260702
2020-09-23,-0.013416514,-0.017114285,-0.014580157,-0.0142213255,-0.011455949,-0.0123524815,-0.017166674,-0.01399491,-0.015227549,-0.0047248374,-0.013152838,-0.01417277,-0.018471424,-0.024475172,0.10798096,-0.0137349665,0.035320308,-0.015931081,-0.012593426,-0.01327727
2020-09-24,-0.0077350955,-0.011436418,-0.007761113,-0.008786947,-0.005983665,-0.006167497,-0.011628598,-0.0073944437,-0.009065598,0.002417699,-0.0067572887,-0.008026205,-0.01086475,-0.015778292,0.103298716,-0.0076436545,0.037316352,-0.011129834,-0.006169423,-0.0071699726
2020-09-25,-0.014389813,-0.016641416,-0.013398387,-0.014608048,-0.012820028,-0.0136096105,-0.037142567,-0.013801128,-0.015524231,-0.009309083,-0.013409857,-0.014491923,-0.015966862,-0.019144759,0.10092656,-0.014159672,0.067446165,-0.017557368,-0.012322344,-0.013800301
2020-09-28,-0.012548558,-0.015286304,-0.011313163,-0.012261279,-0.011485312,-0.012591727,-0.03828425,-0.0121144205,-0.012776796,-0.034948893,-0.010578185,-0.0124884285,-0.013380989,-0.014032114,0.106139414,-0.012307927,0.09937424,-0.024470277,-0.010535866,-0.012359023
2020-09-29,-0.013487689,-0.018463276,-0.01423905,-0.015101492,-0.020589523,-0.01408916,-0.036903672,-0.013933595,-0.015514642,-0.028809637,-0.013242066,-0.0134177655,-0.0054198834,-0.03109496,0.10915579,-0.014346421,0.11770488,-0.02677925,-0.013017874,-0.014470704
2020-09-30,-0.02155362,-0.022695415,-0.021769822,-0.022472307,-0.023209438,-0.021423645,-0.04868398,-0.020836398,-0.023301072,-0.02152384,-0.020971186,-0.021696545,-0.018988587,-0.045299567,0.11664932,-0.021677084,0.13463275,-0.042235956,-0.020324506,-0.021691378
2020-10-01,-0.012150727,-0.014455326,-0.0119880065,-0.013531756,-0.015959013,-0.011694163,-0.037675776,-0.012096889,-0.01386958,-0.0020465362,-0.011516713,-0.012242734,-0.015199192,-0.03626001,0.096200876,-0.012165204,0.12037458,-0.034382716,-0.010357343,-0.012582861
2020-10-02,-0.014332689,-0.017189167,-0.013624739,-0.01587861,-0.019412965,-0.013680071,-0.04363174,-0.013796441,-0.016054079,-8.062227e-05,-0.01410424,-0.014530864,-0.026056688,-0.040246606,0.08616475,-0.014724497,0.120135136,-0.043271527,-0.012535326,-0.014319897
2020-10-05,-0.012735896,-0.0056622545,-0.012455188,-0.014885519,-0.017815188,-0.013495058,-0.04299993,-0.0121084,-0.015481651,0.0011882787,-0.012181032,-0.013714947,-0.02272781,-0.046620235,0.08906019,-0.015100051,0.12271183,-0.04420822,-0.011606585,-0.012235098
2020-10-06,-0.014116667,-0.008386288,-0.014993709,-0.015446223,-0.017589226,-0.0138875395,-0.045113698,-0.014443822,-0.016710699,0.0023651053,-0.013632443,-0.014361914,-0.024517234,-0.049884878,0.07890023,-0.01460956,0.12057432,-0.04653003,-0.012975976,-0.013633642
2020-10-07,-0.008375231,-0.006441302,-0.0069452445,-0.009880848,-0.012396857,-0.009188056,-0.03686913,-0.009191111,-0.01111199,0.006353975,-0.007808994,-0.008581959,-0.01704435,-0.042502545,0.071021736,-0.008712884,0.1111952,-0.038685486,-0.006659321,-0.007990226
2020-10-08,-0.012520112,-0.011274323,-0.01128947,-0.013528563,-0.015711918,-0.012261413,-0.044119053,-0.013390534,-0.014993027,-0.0006240825,-0.011846334,-0.012695298,-0.018481143,-0.05079049,0.068848334,-0.012503967,0.11637369,-0.045928374,-0.011350568,-0.012651715
2020-10-09,-0.0139787495,-0.009145837,-0.01240702,-0.013819389,-0.01577451,-0.01371,-0.047756165,-0.01456178,-0.014383525,-0.011011839,-0.011864424,-0.012889538,-0.024524458,-0.055280246,0.070153646,-0.013422359,0.12264916,-0.05019831,-0.012141973,-0.0139266625
2020-10-12,-0.010592766,-0.003753155,-0.01027694,-0.011802763,-0.011834666,-0.011543933,-0.043908276,-0.011910893,-0.012251813,-0.02522511,-0.009963822,-0.011148542,-0.014181092,-0.051446944,0.06702216,-0.010590792,0.11944721,-0.04713349,-0.00922323,-0.01029069
2020-10-13,-0.013729878,-0.0091199055,-0.0127680935,-0.014584228,-0.014843449,-0.013747048,-0.04928612,-0.014407009,-0.014797844,-0.0517689,-0.01316902,-0.014379941,-0.01929653,-0.058428325,0.057701997,-0.013220862,0.12116584,-0.052625276,-0.01257325,-0.013924301
2020-10-14,-0.013382021,0.0017237817,-0.014525056,-0.015372857,-0.014641494,-0.014882937,-0.04948371,-0.014270335,-0.015317142,-0.06569684,-0.013080753,-0.013998367,-0.01844889,-0.05893095,0.04956995,-0.01294329,0.12262877,-0.05459393,-0.011700675,-0.013339184
2020-10-15,-0.013505757,0.024668548,-0.014648169,-0.015605368,-0.015044399,-0.013609029,-0.05065766,-0.014580935,-0.015488286,-0.071024425,-0.01358033,-0.014679037,-0.014558271,-0.06076107,0.016098656,-0.0132691,0.119667195,-0.056258388,-0.011721861,-0.013754256
2020-10-16,-0.013330631,0.004020222,-0.013909895,-0.015888736,-0.014918506,-0.013353687,-0.05131293,-0.014513347,-0.015446715,-0.0706081,-0.013539001,-0.014649119,-0.017175589,-0.06222371,-0.04595974,-0.013313025,0.11828233,-0.05849977,-0.0120681375,-0.014000125
2020-10-19,-0.0132998675,0.018446984,-0.013096392,-0.016508259,-0.01497025,-0.013237037,-0.05195666,-0.014368661,-0.015564203,-0.06403876,-0.013768159,-0.014764532,-0.004092894,-0.06372274,-0.082814015,-0.013316944,0.117283046,-0.060572557,-0.012052491,-0.014202453
2020-10-20,-0.013589367,0.013536859,-0.014353655,-0.016336106,-0.014875568,-0.013135329,-0.052536085,-0.014120422,-0.015582487,-0.065108165,-0.013602711,-0.014698874,-0.007836588,-0.06542001,-0.09202153,-0.013783012,0.11715988,-0.061963834,-0.011765875,-0.014432177
2020-10-21,-0.01370196,0.0072727953,-0.015610073,-0.016443864,-0.01497478,-0.013929393,-0.053051762,-0.014188077,-0.015778128,-0.065168746,-0.013633326,-0.014724817,-0.011540588,-0.068688534,-0.09247064,-0.014096849,0.11715018,-0.062364347,-0.0124812275,-0.01417385
2020-10-22,-0.013698369,0.020282082,-0.014494792,-0.016030584,-0.014797352,-0.013758145,-0.053583257,-0.014344551,-0.016012602,-0.0654827,-0.013517156,-0.014648676,-0.0139465,-0.07288543,-0.090832226,-0.013701141,0.117199354,-0.06452468,-0.012844037,-0.014318578
2020-10-23,-0.013643809,0.025309838,-0.015684143,-0.016381342,-0.014932416,-0.0140200555,-0.05412914,-0.0143602975,-0.015828066,-0.06568024,-0.013602674,-0.014675081,-0.009141527,-0.07258124,-0.08894671,-0.014114827,0.117190555,-0.0665731,-0.012845233,-0.014144734
2020-10-26,-0.010436371,0.010980479,-0.012496248,-0.013547365,-0.011824973,-0.01055878,-0.049121387,-0.011426009,-0.012456559,-0.061134182,-0.0103276,-0.011130758,0.00013172673,-0.067452595,-0.08053962,-0.01069738,0.10808976,-0.062496096,-0.00906124,-0.010266885
2020-10-27,-0.0064108404,0.007947065,-0.008446638,-0.009706967,-0.00802505,-0.006968058,-0.04347714,-0.007753178,-0.008925609,-0.055521123,-0.0065950374,-0.007418647,-0.006950661,-0.0030850167,-0.07386408,-0.007263798,0.09058256,-0.052989,-0.0061696204,-0.0069072465
2020-10-28,-0.013455577,-0.015106417,-0.015656747,-0.016020544,-0.015215851,-0.01442451,-0.055760995,-0.01519908,-0.01611283,-0.07320654,-0.01362858,-0.014608614,-0.006814077,0.09240753,-0.08516277,-0.014225636,0.11810386,-0.075267136,-0.012054279,-0.014350969
2020-10-29,-0.013616465,-0.018885601,-0.014195092,-0.01664412,-0.015425667,-0.014446475,-0.05638282,-0.015432604,-0.015971191,-0.039487332,-0.013895694,-0.014615543,-0.0067380886,0.0963868,-0.08443753,-0.014091395,0.11875776,0.06650377,-0.012658138,-0.014324509
2020-10-30,-0.014082294,-0.018904693,-0.015094519,-0.016920395,-0.015882801,-0.014586598,-0.0569356,-0.0153815225,-0.015946105,-0.057788722,-0.013868697,-0.014541194,-0.0104707405,0.09793576,-0.08377314,-0.014127374,0.120170034,0.12002712,-0.012854628,-0.014197011
2020-11-02,-0.013689123,-0.018267445,-0.01572714,-0.017481618,-0.0155279115,-0.0147440545,-0.05826304,-0.015418798,-0.016046233,-0.0706315,-0.013993613,-0.014659401,-0.011197049,0.09868916,-0.08309536,-0.014206544,0.121923454,0.12379228,-0.012315165,-0.014257573
2020-11-03,-0.013805632,-0.018188603,-0.014885634,-0.017234534,-0.015597656,-0.01475988,-0.060046308,-0.0154264495,-0.015948646,-0.07413448,-0.013868868,-0.014604792,-0.0078170225,0.09937609,-0.08238013,-0.014158569,0.11985397,0.12257537,-0.013135724,-0.014047898
2020-11-04,-0.013902217,-0.017255329,-0.015780345,-0.01667571,-0.01615353,-0.015420474,-0.06425231,-0.015598573,-0.015761882,-0.05998241,-0.013637934,-0.014358524,-0.0074188556,0.10558126,-0.07865871,-0.014292456,0.12614325,0.12638319,-0.013410844,-0.013503328
2020-11-05,-0.014073137,-0.017009802,-0.016485386,-0.015935883,-0.017053202,-0.015339948,0.03429827,-0.015456654,-0.015435331,-0.06423626,-0.01388631,-0.01468474,-0.0092639625,0.09943051,-0.08072703,-0.0145761445,0.120921806,0.121834874,-0.01365184,-0.013817392
2020-11-06,-0.013991404,-0.01703871,-0.016874876,-0.019616023,-0.016299274,-0.01564803,-0.06904327,-0.015471049,-0.015998602,0.07508164,-0.014035311,-0.014919132,-0.009390429,0.100346185,-0.07980143,-0.014088664,0.120301835,0.12201605,-0.014062859,-0.013839345
2020-11-09,-0.013739489,-0.016704492,-0.017146837,-0.018831179,-0.015611604,-0.016650464,0.021374464,-0.01587937,-0.016258389,0.05966773,-0.0145352185,-0.014747556,-0.010386184,0.100168794,-0.07954272,-0.01337602,0.120292194,0.12201065,-0.013958126,-0.013920944
2020-11-10,-0.013638288,-0.01665511,-0.017146371,-0.017882623,-0.016074076,-0.016504563,0.021374464,-0.015708726,-0.016249686,0.05966773,-0.014504686,-0.014944587,-0.018130735,0.100168794,-0.07954272,-0.013913751,0.120292194,0.12201065,-0.013994038,-0.013898037
2020-11-11,-0.007453106,-0.010315344,-0.011522025,-0.009780236,-0.009962346,-0.010300398,0.028095506,-0.009296976,-0.01021307,0.06434904,-0.0078040394,-0.008510046,-0.012791146,0.103205755,-0.064607285,-0.007466923,0.1199721,0.1214357,-0.008051038,-0.007430717
2020-11-12,-0.013613209,-0.01708351,-0.017323751,-0.01603226,-0.014792725,-0.016573258,0.018469043,-0.015698537,-0.015858658,0.0554621,-0.0146990195,-0.015011046,-0.018594988,0.0942244,-0.080278955,-0.014005847,0.1148136,0.11656784,-0.014382191,-0.014045782
2020-11-13,-0.008397367,-0.011945926,-0.0126053095,-0.0114311315,-0.009817138,-0.011506103,0.019908227,-0.010855034,-0.01031559,0.053511918,-0.009191699,-0.009604029,-0.013843983,0.08854214,-0.07005499,-0.008933917,0.10763065,0.10926595,-0.00885535,-0.008725934
2020-11-16,-0.0084171295,-0.013737902,-0.012286197,-0.010741502,-0.010659814,-0.010840192,0.025734551,-0.010871768,-0.010178298,0.06147467,-0.008223556,-0.008975849,-0.012841236,0.09951294,-0.066796355,-0.008720797,0.11703195,0.11855165,-0.008443989,-0.008479916
2020-11-17,-0.014030386,-0.01673678,-0.016483758,-0.023456872,-0.015359879,-0.016502388,0.021374464,-0.016569406,-0.015657336,0.05966773,-0.014045302,-0.014362924,-0.018970832,0.100168794,-0.07954272,-0.0141704045,0.120292194,0.12201065,-0.014181055,-0.013986908
2020-11-18,-0.013898585,-0.014637701,-0.016498785,-0.022503741,-0.0148810595,-0.016516358,0.021374464,-0.016518537,-0.014849726,0.05966773,-0.013678007,-0.014069397,-0.018881947,0.100168794,-0.07954272,-0.013833031,0.120292194,0.12201065,-0.013929192,-0.01381363
2020-11-19,-0.010296382,-0.014227368,-0.014619432,-0.015614364,-0.011976488,-0.012927473,0.019995272,-0.01252389,-0.011617161,0.054857142,-0.009836562,-0.010619178,-0.014386795,0.09132562,-0.073037826,-0.010077655,0.11080308,0.11246922,-0.010389872,-0.010126151
2020-11-20,-0.011892557,-0.013633259,-0.019463591,-0.016358323,-0.014073752,-0.014848158,0.02104728,-0.014303885,-0.013585206,0.057538427,-0.011627767,-0.012298882,-0.016815107,0.095979266,-0.075346746,-0.011923492,0.11545494,0.11712415,-0.012184467,-0.011733919
2020-11-23,-0.013735201,-0.015732639,-0.017006181,-0.016908959,-0.015738033,-0.016195592,0.021374464,-0.016036715,-0.0155082345,0.05966773,-0.01360926,-0.014116749,-0.017965913,0.100168794,-0.07954272,-0.013296865,0.120292194,0.12201065,-0.014035426,-0.013779126
2020-11-24,-0.013853572,-0.018471539,-0.017412718,-0.017869975,-0.016076244,-0.016149208,0.021374464,-0.016112588,-0.01570256,0.05966773,-0.013773464,-0.014293939,-0.017809257,0.100168794,-0.07954272,-0.013220057,0.120292194,0.12201065,-0.014173754,-0.013901979
2020-11-25,-0.013920832,-0.01543431,-0.017829284,-0.018724732,-0.016036205,-0.015754424,0.021374464,-0.015897106,-0.015614256,0.05966773,-0.0137682855,-0.014181767,-0.017496698,0.100168794,-0.07954272,-0.013585828,0.120292194,0.12201065,-0.0139881,-0.013903357
2020-11-27,-0.012270093,-0.018262789,-0.016152542,-0.0151421055,-0.014904104,-0.013836637,0.026055157,-0.014595367,-0.01440879,0.06485415,-0.011978574,-0.012720883,-0.016290236,0.10643174,-0.07354239,-0.012009099,0.124586456,0.12616017,-0.01249991,-0.012105156
2020-11-30,-0.014160059,-0.026491933,-0.017466523,-0.014770865,-0.01596377,-0.0154137835,0.021374464,-0.015796453,-0.016327284,0.05966773,-0.013730943,-0.014217608,-0.016517237,0.100168794,-0.07954272,-0.0120616555,0.120292194,0.12201065,-0.013848506,-0.013594311
2020-12-01,-0.01407028,-0.029691488,-0.017184969,-0.019648544,-0.016356409,-0.016029932,0.021374464,-0.015849411,-0.016115203,0.05966773,-0.0137057975,-0.0141033605,-0.01659581,0.100168794,-0.07954272,-0.01326995,0.120292194,0.12201065,-0.0137738325,-0.013838805
2020-12-02,-0.013998948,-0.034299694,-0.0169653,-0.018203683,-0.016323954,-0.016409326,0.021374464,-0.015949927,-0.015949555,0.05966773,-0.013674807,-0.014021389,-0.017557438,0.100168794,-0.07954272,-0.013307653,0.120292194,0.12201065,-0.013870012,-0.01387186
2020-12-03,-0.011029713,-0.027275838,-0.014699683,-0.01586195,-0.0130795315,-0.012956835,0.01736816,-0.012543444,-0.012952723,0.05162967,-0.01075409,-0.010991134,-0.015219532,0.0871519,-0.075431935,-0.010458235,0.107480116,0.10920935,-0.010915425,-0.010942895
2020-12-04,-0.012027666,-0.021016985,-0.015444275,-0.017739795,-0.013661973,-0.013735957,0.021924645,-0.013192378,-0.0138211325,0.05849953,-0.011286467,-0.011703379,-0.016532164,0.09711654,-0.07433782,-0.0111022,0.116330005,0.11797903,-0.0116390325,-0.011483587
2020-12-07,-0.009640016,-0.031326193,-0.013144594,-0.012385629,-0.0112653,-0.010998346,0.017333984,-0.010647897,-0.01128871,0.050175652,-0.008924633,-0.0094479695,-0.014371924,0.084080085,-0.07198313,-0.008601032,0.10395292,0.10564611,-0.009129979,-0.009108979
2020-12-08,-0.014217243,-0.006917517,-0.017590791,-0.020701803,-0.01625637,-0.016061794,0.021374464,-0.0155251585,-0.015908323,0.05966773,-0.013679359,-0.014043126,-0.01869123,0.100168794,-0.07954272,-0.013145819,0.120292194,0.12201065,-0.013995122,-0.01404196
2020-12-09,-0.017738283,-0.030003212,-0.02116561,-0.018009126,-0.01995276,-0.01994142,0.024596922,-0.019327153,-0.019801773,0.066642426,-0.017278027,-0.017896004,-0.023016095,0.11179729,-0.08333688,-0.017199095,0.13133188,0.1330159,-0.017553754,-0.017498866
2020-12-10,-0.014181428,-0.020885065,-0.017305724,-0.017616242,-0.016208053,-0.015984133,0.021374464,-0.015525222,-0.015681341,0.05966773,-0.013716605,-0.014344662,-0.018718537,0.100168794,-0.07954272,-0.013871834,0.120292194,0.12201065,-0.013836805,-0.013865225
2020-12-11,-0.014321227,-0.010284655,-0.017141353,-0.015251771,-0.016337462,-0.016087048,0.021374464,-0.015413541,-0.01566407,0.05966773,-0.013731528,-0.014310025,-0.018494956,0.100168794,-0.07954272,-0.013705552,0.120292194,0.12201065,-0.013834134,-0.014070243
2020-12-14,-0.014217276,-0.009152241,-0.016944546,-0.012645688,-0.016341083,-0.015850406,0.021374464,-0.015260465,-0.015576176,0.05966773,-0.013572991,-0.01448141,-0.018515095,0.100168794,-0.07954272,-0.0133179985,0.120292194,0.12201065,-0.0138826445,-0.013963349
2020-12-15,-0.014165182,-0.0130136795,-0.01646927,-0.013166968,-0.016080536,-0.01569353,0.021374464,-0.015310049,-0.0153093,0.05966773,-0.013283551,-0.01438155,-0.018489406,0.100168794,-0.07954272,-0.0135524385,0.120292194,0.12201065,-0.014586449,-0.013906121
2020-12-16,-0.007329132,-0.0100732,-0.010746665,-0.0075178514,-0.009306155,-0.009848461,0.0282332,-0.008508436,-0.009398207,0.06422665,-0.006813425,-0.0077262293,-0.0124901645,0.10279762,-0.06380411,-0.006566725,0.11945465,0.12090938,-0.008157156,-0.007185578
2020-12-17,-0.013979554,-0.0140956715,-0.01595062,-0.013794288,-0.015943404,-0.015978433,0.021374464,-0.015360549,-0.015930053,0.05966773,-0.013742283,-0.014202245,-0.018315166,0.100168794,-0.07954272,-0.0128117725,0.120292194,0.12201065,-0.014412016,-0.014007021
2020-12-18,-0.0139724985,-0.030525438,-0.016542397,-0.0055245976,-0.016110845,-0.015732989,0.02139964,-0.015228689,-0.016158044,0.05940561,-0.013607588,-0.014129721,-0.018758386,0.09961486,-0.07844292,-0.013760179,0.11935964,0.121051796,-0.014657941,-0.013855424
2020-12-21,-0.01377245,0.01489556,-0.016214065,-0.018047243,-0.015379444,-0.015219867,0.0221437,-0.015041575,-0.01636722,0.0604672,-0.0135319345,-0.014319662,-0.01863715,0.10110101,-0.07825052,-0.013828836,0.12074776,0.12243212,-0.014541,-0.013735205
2020-12-22,-0.008522086,0.010570254,-0.01143381,-0.011401668,-0.01047064,-0.010164455,0.02776093,-0.0095296055,-0.01142158,0.06434672,-0.008013863,-0.008870684,-0.0137379095,0.10355266,-0.0658632,-0.007975496,0.12051903,0.121998474,-0.009114083,-0.008163817
2020-12-23,-0.013970189,0.015280835,-0.01713704,-0.016406901,-0.015743718,-0.015303925,0.021374464,-0.015033688,-0.016394474,0.05966773,-0.013655297,-0.014455661,-0.01909117,0.100168794,-0.07954272,-0.014038846,0.120292194,0.12201065,-0.014345091,-0.013946421
2020-12-24,-0.007494032,0.044016734,-0.011038937,-0.0093072355,-0.009770304,-0.009610023,0.028025776,-0.009161897,-0.0106282905,0.06412967,-0.0069761868,-0.008072637,-0.013195571,0.10280775,-0.064357795,-0.007247574,0.11956515,0.121027745,-0.008042354,-0.0073608975
2020-12-28,-0.014042191,0.029953416,-0.016846277,-0.015478075,-0.015716605,-0.015563495,0.021374464,-0.015492313,-0.016473625,0.05966773,-0.013647728,-0.014515594,-0.01921589,0.100168794,-0.07954272,-0.013161279,0.120292194,0.12201065,-0.014439065,-0.013963282
2020-12-29,-0.014258094,-0.0063325535,-0.016549833,-0.015244655,-0.015808932,-0.015393257,0.021374464,-0.015414674,-0.016276099,0.05966773,-0.013703324,-0.01434423,-0.019497786,0.100168794,-0.07954272,-0.013639383,0.120292194,0.12201065,-0.01446151,-0.0136813
2020-12-30,-0.013915531,0.0037846793,-0.01579526,-0.0151877105,-0.015627094,-0.015523639,0.021374464,-0.015314836,-0.016333789,0.05966773,-0.013210762,-0.014108844,-0.019405112,0.100168794,-0.07954272,-0.012477554,0.120292194,0.12201065,-0.014225565,-0.014133979
2020-12-31,-0.020529721,0.04432847,-0.022237286,-0.02112304,-0.022592895,-0.022006698,0.023257218,-0.02059706,-0.022813067,0.067138456,-0.020023648,-0.020764291,-0.02637035,0.11423302,-0.08997888,-0.019767158,0.13501902,0.13679841,-0.021279022,-0.020749029
2021-01-04,-0.014177199,0.04834308,-0.015408497,-0.01478754,-0.015591338,-0.015018098,0.021374464,-0.012968838,-0.015913192,0.05966773,-0.013444692,-0.014489412,-0.01973737,0.100168794,-0.07954272,-0.0126102865,0.120292194,0.12201065,-0.014533758,-0.014064051
2021-01-05,-0.014141664,0.031463273,-0.015610576,-0.015313063,-0.01541004,-0.0150852725,0.021374464,-0.013702035,-0.016078908,0.05966773,-0.0135361925,-0.014620062,-0.01975882,0.100168794,-0.07954272,-0.013204422,0.120292194,0.12201065,-0.014586754,-0.014133975
2021-01-06,-0.015737012,0.020779008,-0.017600283,-0.016107652,-0.017029755,-0.014784839,0.024073824,-0.015086994,-0.017932478,0.06438359,-0.015216239,-0.015893653,-0.021716096,0.10749885,-0.07997879,-0.0147468,0.12678336,0.12844531,-0.016522732,-0.015705213
2021-01-07,-0.011242412,0.029755514,-0.014022246,-0.01178325,-0.012386344,-0.010710515,0.019260265,-0.011481613,-0.013285112,0.05451221,-0.01108795,-0.010859467,-0.017107725,0.09135675,-0.07501263,-0.011159953,0.11120244,0.11289723,-0.012136567,-0.011242956
2021-01-08,-0.014320932,0.0073807356,-0.016615894,-0.011526916,-0.015319943,-0.013890594,0.021374464,-0.014541037,-0.016122494,0.05966773,-0.0137624,-0.013306301,-0.019742858,0.100168794,-0.07954272,-0.013308588,0.120292194,0.12201065,-0.0147244,-0.014123872
2021-01-11,-0.018020317,-0.014733296,-0.020056222,-0.01622162,-0.019237913,-0.0175628,0.022762649,-0.017279271,-0.019693121,0.06422843,-0.017452538,-0.0182047,-0.021655902,0.1085199,-0.08483384,-0.016630754,0.12876602,0.13050118,-0.018491,-0.017877989
2021-01-12,-0.014236137,-0.015194103,-0.016361997,-0.012210812,-0.015684992,-0.013451561,0.021374464,-0.013212491,-0.016136654,0.05966773,-0.013841629,-0.014048956,-0.018837802,0.100168794,-0.07954272,-0.012909532,0.120292194,0.12201065,-0.014754325,-0.014263041
2021-01-13,-0.014150642,-0.016200345,-0.016717747,-0.011929769,-0.015231162,-0.01304166,0.021374464,-0.012609363,-0.016123857,0.05966773,-0.013783023,-0.012575854,-0.0226622,0.100168794,-0.07954272,-0.012188897,0.120292194,0.12201065,-0.015065774,-0.013966732
2021-01-14,-0.014367007,-0.025906015,-0.016722515,-0.0114602,-0.0153001845,-0.013377156,0.021374464,-0.014112227,-0.015956588,0.05966773,-0.0139964,-0.014295794,-0.018696453,0.100168794,-0.07954272,-0.012208886,0.120292194,0.12201065,-0.015020661,-0.014033694
2021-01-15,-0.014458183,0.023270702,-0.016742788,-0.013623472,-0.014943525,-0.014414448,0.021374464,-0.014539011,-0.016148984,0.05966773,-0.0140362345,-0.014433496,-0.01937617,0.100168794,-0.07954272,-0.012336217,0.120292194,0.12201065,-0.014973931,-0.014183864
2021-01-19,-0.014130577,0.021557577,-0.015137926,-0.013699502,-0.015140265,-0.013117742,0.021374464,-0.014623672,-0.015765171,0.05966773,-0.013964616,-0.013084941,-0.018410772,0.100168794,-0.07954272,-0.013217837,0.120292194,0.12201065,-0.015073128,-0.013769537
2021-01-20,-0.014405616,-0.00549972,-0.01606797,-0.015070036,-0.0149830505,-0.012429178,0.021374464,-0.013488244,-0.01567021,0.05966773,-0.01403638,-0.014342975,-0.018717706,0.100168794,-0.07954272,-0.013007406,0.120292194,0.12201065,-0.01506301,-0.013737224
2021-01-21,-0.014481131,-0.014198322,-0.016583808,-0.0153093,-0.014767215,-0.013416503,0.021374464,-0.012157001,-0.015652,0.05966773,-0.014094304,-0.014257953,-0.018408496,0.100168794,-0.07954272,-0.014105588,0.120292194,0.12201065,-0.01525284,-0.013782367
2021-01-22,-0.018392056,-0.008841276,-0.02066752,-0.01969947,-0.019387849,-0.016096078,0.024215013,-0.016556941,-0.019458663,0.066328704,-0.017966125,-0.018264927,-0.022957228,0.11151915,-0.08410776,-0.015835367,0.13125943,0.1329587,-0.019302346,-0.017528221
2021-01-25,-0.013295159,0.0028460496,-0.015487943,-0.014697351,-0.015317589,-0.012197338,0.021374464,-0.012569893,-0.015340965,0.05966773,-0.013364125,-0.013901394,-0.018866494,0.100168794,-0.07954272,-0.012470681,0.120292194,0.12201065,-0.015197411,-0.0138066225
2021-01-26,-0.013191748,-0.035616845,-0.015028328,-0.013135292,-0.014381021,-0.012524333,0.021374464,-0.012133881,-0.014951967,0.05966773,-0.0131920315,-0.013781358,-0.01832546,0.100168794,-0.07954272,-0.011503186,0.120292194,0.12201065,-0.014582433,-0.012919787
2021-01-27,-0.013182148,-0.014226615,-0.015553966,-0.014217075,-0.014577813,-0.0126915425,0.021374464,-0.012982905,-0.014963798,0.05966773,-0.013026692,-0.013663381,-0.027973473,0.100168794,-0.07954272,-0.013371818,0.120292194,0.12201065,-0.014780667,-0.013428658
2021-01-28,-0.012735717,-0.033924863,-0.015624523,-0.0144043565,-0.013973303,-0.012314938,0.023184396,-0.011652827,-0.014304597,0.06162443,-0.012753662,-0.013395034,-0.035024956,0.102479555,-0.077175535,-0.012790777,0.12188213,0.123547114,-0.014386483,-0.012922265
2021-01-29,-0.013156686,-0.03130102,-0.016285382,-0.015277728,-0.014940456,-0.012267314,0.021374464,-0.012726374,-0.015309725,0.05966773,-0.013713472,-0.014259312,-0.037724108,0.100168794,-0.07954272,-0.013493452,0.120292194,0.12201065,-0.015340053,-0.013667133
2021-02-01,-0.01127141,-0.020299599,-0.013634406,-0.012869991,-0.0119498,-0.010792702,0.025274538,-0.010007378,-0.01239704,0.06284449,-0.010454349,-0.011424284,-0.020985588,0.10293694,-0.07176709,-0.009296846,0.12107651,0.12264673,-0.012780413,-0.010694969
2021-02-02,-0.014137741,-0.022173114,-0.016299881,-0.015349448,-0.015029427,-0.011628512,0.021374464,-0.012362417,-0.015085988,0.05966773,-0.013582099,-0.014442742,-0.024850763,0.100168794,-0.07954272,-0.011732291,0.120292194,0.12201065,-0.0154828355,-0.01374818
2021-02-03,-0.009179719,-0.007293507,-0.012011878,-0.009292819,-0.009664156,-0.0081745945,0.018178552,-0.008500457,-0.010065138,0.051132,-0.0086718425,-0.009383887,-0.022431813,0.085258015,-0.070906855,-0.007450297,0.10474837,0.1064138,-0.010598868,-0.008705515
2021-02-04,-0.014072813,0.15571664,-0.016797073,-0.014191605,-0.014895953,-0.009752415,0.021374464,-0.01383464,-0.015207037,0.05966773,-0.013691895,-0.014390375,-0.028207105,0.100168794,-0.07954272,-0.013461627,0.120292194,0.12201065,-0.015553795,-0.014075819
2021-02-05,-0.0142766535,0.14759187,-0.016853161,-0.015809622,-0.01489085,-0.013695717,0.021374464,-0.013263721,-0.015203156,0.05966773,-0.013490688,-0.014423177,-0.027139392,0.100168794,-0.07954272,-0.013729438,0.120292194,0.12201065,-0.015688613,-0.014074996
2021-02-08,-0.014158126,0.1350954,-0.016324662,-0.016524069,-0.014870483,-0.014285918,0.021374464,-0.013290148,-0.014927544,0.05966773,-0.01346023,-0.014348876,-0.025676899,0.100168794,-0.07954272,-0.014414728,0.120292194,0.12201065,-0.015555657,-0.014008541
2021-02-09,-0.014014177,0.11021171,-0.016670682,-0.01705598,-0.014752343,-0.014202274,0.021374464,-0.013642222,-0.014802836,0.05966773,-0.013362046,-0.0143954605,-0.02421651,0.100168794,-0.07954272,-0.0139350295,0.120292194,0.12201065,-0.015791547,-0.0139826685
2021-02-10,-0.014260843,0.09921845,-0.016748704,-0.015260905,-0.0148697235,-0.014138192,0.021374464,-0.0130933,-0.014789756,0.05966773,-0.013103813,-0.014187235,-0.023009282,0.100168794,-0.07954272,-0.014009908,0.120292194,0.12201065,-0.01590886,-0.013860494
2021-02-11,-0.014218722,0.08094677,-0.016714208,-0.014464609,-0.014802162,-0.014551695,0.021374464,-0.012387551,-0.014387295,0.05966773,-0.01355812,-0.014314134,-0.022380568,0.100168794,-0.07954272,-0.012758598,0.120292194,0.12201065,-0.015887998,-0.013718262
2021-02-12,-0.014092177,0.06720472,-0.016652502,-0.014479924,-0.014632981,-0.014660981,0.021374464,-0.011852488,-0.014784992,0.05966773,-0.013480492,-0.014238566,-0.021633402,0.100168794,-0.07954272,-0.012901343,0.120292194,0.12201065,-0.016028926,-0.01376804
2021-02-16,-0.012356296,0.045442805,-0.015407279,-0.014389001,-0.012860153,-0.01339905,0.023530059,-0.010582898,-0.013244033,0.061242413,-0.011970513,-0.012435451,-0.019938555,0.10132849,-0.074613765,-0.012457173,0.12015299,0.12177542,-0.014662437,-0.011924997
2021-02-17,-0.014504485,0.0068062474,-0.016979136,-0.016247883,-0.014778905,-0.014872685,0.021374464,-0.013213862,-0.014814056,0.05966773,-0.013804592,-0.013313822,-0.021312594,0.100168794,-0.07954272,-0.014364123,0.120292194,0.12201065,-0.01606384,-0.013801668
2021-02-18,-0.014393233,-0.037996992,-0.01749748,-0.016411949,-0.01450365,-0.014701534,0.021374464,-0.013781324,-0.014754146,0.05966773,-0.013761677,-0.013757706,-0.021003239,0.100168794,-0.07954272,-0.014786266,0.120292194,0.12201065,-0.01579167,-0.013621286
2021-02-19,-0.014515016,-0.019513786,-0.018225044,-0.016302664,-0.014748581,-0.014611807,0.021374464,-0.01393076,-0.015007123,0.05966773,-0.012780093,-0.01322078,-0.020682119,0.100168794,-0.07954272,-0.014727872,0.120292194,0.12201065,-0.015915118,-0.013698749
2021-02-22,-0.010086708,-0.019035377,-0.014255442,-0.012879878,-0.010391802,-0.010735225,0.019949578,-0.010354392,-0.011052389,0.054281227,-0.009337246,-0.00968257,-0.016457506,0.090150796,-0.0717055,-0.0105484575,0.10939953,0.11104842,-0.011620365,-0.0094373
2021-02-23,-0.014066435,-0.019448332,-0.018356144,-0.01664725,-0.014499344,-0.01498045,0.021374464,-0.013528872,-0.015181489,0.05966773,-0.013555445,-0.01425457,-0.020738691,0.100168794,-0.07954272,-0.0147958025,0.120292194,0.12201065,-0.015861116,-0.013748787
2021-02-24,-0.01412452,-0.01574479,-0.018310763,-0.016303986,-0.014118299,-0.015207525,0.021374464,-0.0135278925,-0.015065718,0.05966773,-0.012888607,-0.013711821,-0.020234108,0.100168794,-0.07954272,-0.015015792,0.120292194,0.12201065,-0.015859347,-0.013743002
2021-02-25,-0.014371995,-0.014300134,-0.018316772,-0.015717924,-0.014480419,-0.015193485,0.021374464,-0.012585215,-0.015191663,0.05966773,-0.01398975,-0.013966553,-0.019830182,0.100168794,-0.07954272,-0.014865622,0.120292194,0.12201065,-0.015837435,-0.013609804
2021-02-26,-0.0076785567,-0.005878895,-0.0117282085,-0.010073952,-0.0072844396,-0.008350082,0.013279773,-0.0068530138,-0.008142531,0.04279059,-0.006450839,-0.0072666775,-0.013127461,0.07251299,-0.06961755,-0.00824561,0.09280082,0.0945219,-0.008730039,-0.0069273706
2021-03-01,-0.012720637,-0.010687552,-0.016885668,-0.016465992,-0.012975946,-0.014269199,0.021629296,-0.01255646,-0.013410106,0.05880432,-0.0117101595,-0.012806423,-0.018065095,0.09807284,-0.07626501,-0.013553232,0.11761225,0.11928644,-0.014247112,-0.012237571
2021-03-02,-0.014527373,-0.010830063,-0.018110674,-0.01823315,-0.014544822,-0.015192457,0.021374464,-0.012734093,-0.0146976225,0.05966773,-0.013817407,-0.014112696,-0.019406632,0.100168794,-0.07954272,-0.014902733,0.120292194,0.12201065,-0.014397725,-0.01392673
2021-03-03,-0.0071839984,-0.0021940242,-0.01037671,-0.010419212,-0.006995886,-0.0078084166,0.013534352,-0.0063554007,-0.007078267,0.042616412,-0.00607606,-0.0069131996,-0.0117614195,0.07187765,-0.06817663,-0.007503226,0.091915354,0.093617156,-0.0076526026,-0.0065926234
2021-03-04,-0.009200849,-0.006011858,-0.012734398,-0.012267113,-0.009310622,-0.011163428,0.02718547,-0.009012766,-0.010072835,0.06389629,-0.008160852,-0.009233192,-0.014039457,0.10319063,-0.06697597,-0.009512283,0.12039421,0.12189197,-0.010475099,-0.008731432
2021-03-05,-0.014493071,-0.0087449625,-0.01740288,-0.01625901,-0.014420077,-0.015558034,0.021374464,-0.014099114,-0.0148623325,0.05966773,-0.013728119,-0.014474526,-0.018180668,0.100168794,-0.07954272,-0.014636621,0.120292194,0.12201065,-0.015388139,-0.013976686
2021-03-08,-0.014084123,-0.008682445,-0.017014816,-0.016199693,-0.013725996,-0.015672356,0.021374464,-0.0140854195,-0.01474556,0.05966773,-0.013759531,-0.014538467,-0.01755669,0.100168794,-0.07954272,-0.014413066,0.120292194,0.12201065,-0.015315041,-0.013765186
2021-03-09,-0.01416254,-0.0069235484,-0.017138273,-0.015217803,-0.01388865,-0.015058391,0.021374464,-0.013955288,-0.014810417,0.05966773,-0.01372005,-0.0144504085,-0.016543288,0.100168794,-0.07954272,-0.014455449,0.120292194,0.12201065,-0.015144296,-0.013341032
2021-03-10,-0.014331035,-0.007108878,-0.017279252,-0.015413038,-0.014155559,-0.014858201,0.021374464,-0.014047027,-0.014995962,0.05966773,-0.01376345,-0.014512144,-0.018453702,0.100168794,-0.07954272,-0.014687814,0.120292194,0.12201065,-0.015192345,-0.013491746
2021-03-11,-0.009607706,-0.001443326,-0.013278626,-0.012479503,-0.0095632225,-0.011041071,0.025902152,-0.009646997,-0.011353407,0.06251079,-0.009168215,-0.010074407,-0.008503653,0.101566084,-0.06855077,-0.010034747,0.1191979,0.120728135,-0.0108713135,-0.008952409
2021-03-12,-0.014271595,-0.007770091,-0.017228708,-0.016598184,-0.014157377,-0.015060168,0.021374464,-0.013884693,-0.015216645,0.05966773,-0.013683304,-0.014564078,-0.015998747,0.100168794,-0.07954272,-0.014692381,0.120292194,0.12201065,-0.015185505,-0.013328701
2021-03-15,-0.013825219,-0.007560357,-0.017004535,-0.017102778,-0.014237851,-0.015073083,0.021374464,-0.013859957,-0.014794759,0.05966773,-0.01367633,-0.014459472,-0.015300695,0.100168794,-0.07954272,-0.014341887,0.120292194,0.12201065,-0.01524011,-0.013235025
2021-03-16,-0.013818905,-0.007428221,-0.017068401,-0.018119708,-0.014077004,-0.015141755,0.021374464,-0.01393532,-0.0152344145,0.05966773,-0.013678998,-0.014575392,-0.015096042,0.100168794,-0.07954272,-0.014213838,0.120292194,0.12201065,-0.015254188,-0.01383891
2021-03-17,-0.013979759,-0.009380404,-0.01717572,-0.018600114,-0.014397819,-0.015264936,0.021374464,-0.013229802,-0.015421551,0.05966773,-0.012522113,-0.013957705,-0.016279168,0.100168794,-0.07954272,-0.014149591,0.120292194,0.12201065,-0.014664657,-0.013832375
2021-03-18,-0.014219254,-0.015148509,-0.017046377,-0.017519712,-0.014359899,-0.016052362,0.021374464,-0.012062363,-0.015508924,0.05966773,-0.013358235,-0.014529802,-0.01653171,0.100168794,-0.07954272,-0.0142302215,0.120292194,0.12201065,-0.014750246,-0.013831057
2021-03-19,-0.013372615,-0.015194237,-0.016235135,-0.0165781,-0.013595264,-0.015973337,0.023674078,-0.011934862,-0.014894813,0.062166847,-0.012252666,-0.013346814,-0.017934818,0.10314968,-0.07637955,-0.013584271,0.12221684,0.12385809,-0.013950475,-0.0129319355
2021-03-22,-0.012529276,-0.013943467,-0.01520922,-0.015203968,-0.012429185,-0.015467875,0.021593973,-0.0118275955,-0.0135520175,0.058538906,-0.011764027,-0.012792632,-0.017727096,0.09754423,-0.075728126,-0.012434129,0.11700493,0.11867306,-0.013153814,-0.011846885
2021-03-23,-0.0142232105,-0.018859588,-0.017171256,-0.017069034,-0.014228404,-0.017004274,0.021374464,-0.0120774135,-0.014945805,0.05966773,-0.012909763,-0.014275797,-0.020468365,0.100168794,-0.07954272,-0.013955135,0.120292194,0.12201065,-0.014755644,-0.013822604
2021-03-24,-0.0124448165,-0.015600085,-0.015753955,-0.014911003,-0.01238817,-0.016138028,0.026118048,-0.012359887,-0.014158972,0.06507627,-0.012029767,-0.013298929,-0.019050024,0.10684653,-0.07378369,-0.012417603,0.124983706,0.12655666,-0.013648078,-0.01242812
2021-03-25,-0.0102256015,-0.011149563,-0.012777451,-0.0124444105,-0.0101430565,-0.013246272,0.01702436,-0.010010853,-0.0114468,0.05049353,-0.009648085,-0.010751098,-0.012313645,0.08508428,-0.073942885,-0.010095991,0.10525473,0.106971435,-0.011197537,-0.009477254
2021-03-26,-0.013907898,-0.014777187,-0.017137937,-0.017241232,-0.013846252,-0.017106615,0.021374464,-0.012250431,-0.015244253,0.05966773,-0.013200447,-0.014384761,-0.016127698,0.100168794,-0.07954272,-0.013621833,0.120292194,0.12201065,-0.014799602,-0.013831183
2021-03-29,-0.0138290115,-0.014706437,-0.017149761,-0.017316453,-0.01388327,-0.017190017,0.021374464,-0.012817368,-0.0151857585,0.05966773,-0.013189759,-0.014110707,-0.015955657,0.100168794,-0.07954272,-0.014193304,0.120292194,0.12201065,-0.014712647,-0.013888851
2021-03-30,-0.013824925,-0.014542453,-0.017226249,-0.017465368,-0.013921253,-0.017202407,0.021374464,-0.012635879,-0.014926344,0.05966773,-0.013605416,-0.014429599,-0.015669174,0.100168794,-0.07954272,-0.01416612,0.120292194,0.12201065,-0.014497943,-0.013908178
2021-03-31,-0.013837449,-0.019037254,-0.01710748,-0.017382856,-0.013908856,-0.017204862,0.021374464,-0.013104148,-0.014840923,0.05966773,-0.013323028,-0.014460981,-0.018027354,0.100168794,-0.07954272,-0.0140803605,0.120292194,0.12201065,-0.01425752,-0.013955325
2021-04-01,-0.013727244,-0.013922796,-0.017024957,-0.017365202,-0.013959449,-0.017114554,0.021374464,-0.014082894,-0.0151515305,0.05966773,-0.013496041,-0.014420126,-0.017578743,0.100168794,-0.07954272,-0.014089171,0.120292194,0.12201065,-0.014532264,-0.013960037
2021-04-05,-0.013698444,-0.01427187,-0.016762972,-0.017392144,-0.013924964,-0.01690476,0.021374464,-0.01417594,-0.015388668,0.05966773,-0.013601668,-0.014475703,-0.015591361,0.100168794,-0.07954272,-0.014002636,0.120292194,0.12201065,-0.014702693,-0.013740286
2021-04-06,-0.013817437,-0.014022708,-0.01705622,-0.016174905,-0.014096394,-0.016893148,0.021374464,-0.01439856,-0.015004829,0.05966773,-0.013383746,-0.014335804,-0.014757417,0.100168794,-0.07954272,-0.013884962,0.120292194,0.12201065,-0.014904082,-0.013754778
2021-04-07,-0.013547923,-0.026841886,-0.015694954,-0.015073702,-0.013911329,-0.01638139,0.021374464,-0.013853811,-0.014918901,0.05966773,-0.013180234,-0.013975091,-0.039279856,0.100168794,-0.07954272,-0.0138052255,0.120292194,0.12201065,-0.014428183,-0.013697505
2021-04-08,-0.013746187,-0.0076432596,-0.015672088,-0.016447548,-0.013770051,-0.016876958,0.021374464,-0.014538094,-0.015209317,0.05966773,-0.01361065,-0.014091443,-0.02210033,0.100168794,-0.07954272,-0.014127955,0.120292194,0.12201065,-0.014477376,-0.013784938
2021-04-09,-0.013753429,0.047558386,-0.016528148,-0.017203622,-0.013722129,-0.017042622,0.021374464,-0.014919609,-0.015082471,0.05966773,-0.013535727,-0.014297232,-0.021913573,0.100168794,-0.07954272,-0.01407256,0.120292194,0.12201065,-0.014616247,-0.0136334
2021-04-12,-0.011224687,0.011214413,-0.015060604,-0.0149920285,-0.01141987,-0.014765307,0.024823569,-0.0124302395,-0.012727909,0.06256564,-0.011261046,-0.012136273,-0.015695006,0.102813326,-0.072802834,-0.011514373,0.12114879,0.12273429,-0.012354948,-0.011443321
2021-04-13,-0.0138071105,0.018082388,-0.016558595,-0.01762757,-0.013581157,-0.016943734,0.021374464,-0.014744133,-0.015071511,0.05966773,-0.013224371,-0.014508814,-0.022339318,0.100168794,-0.07954272,-0.013977326,0.120292194,0.12201065,-0.013918377,-0.01382006
2021-04-14,-0.00762739,0.07065813,-0.010692656,-0.011290714,-0.0078358725,-0.01068344,0.019391313,-0.008484669,-0.0090658255,0.05196637,-0.0071966345,-0.008057103,-0.0107760765,0.085773356,-0.06830319,-0.007910252,0.10474455,0.106369615,-0.008793596,-0.007583789
2021-04-15,-0.013765462,0.07872409,-0.016630828,-0.017443165,-0.013990182,-0.01686284,0.021374464,-0.0148874745,-0.015167646,0.05966773,-0.012896493,-0.014593508,-0.016755886,0.100168794,-0.07954272,-0.014145695,0.120292194,0.12201065,-0.014756009,-0.014028549
2021-04-16,-0.01242201,0.069078475,-0.015856523,-0.015861306,-0.01261111,-0.015578233,0.025737695,-0.0135067925,-0.014031835,0.06469979,-0.012344465,-0.013339765,-0.013563447,0.106437705,-0.074338056,-0.012651388,0.12471571,0.12629932,-0.013588436,-0.012689285
2021-04-19,-0.006745651,0.07486524,-0.008210234,-0.008225925,-0.006242275,-0.009236518,0.015057147,-0.0071951407,-0.0076444293,0.045241207,-0.0064766402,-0.0070529277,-0.009046838,0.07589737,-0.068767674,-0.0068154405,0.09578393,0.09747494,-0.006747577,-0.007101349
2021-04-20,-0.01379903,0.034015596,-0.015974928,-0.016969234,-0.013651084,-0.016217448,0.021374464,-0.014171194,-0.014623135,0.05966773,-0.013345148,-0.0141996,-0.015412368,0.100168794,-0.07954272,-0.014044344,0.120292194,0.12201065,-0.01397796,-0.013851903
2021-04-21,-0.007902846,0.06257758,-0.010968164,-0.010502398,-0.007865202,-0.01024583,0.015375853,-0.008839823,-0.008814063,0.04644458,-0.0076340954,-0.008331589,-0.009975359,0.07813855,-0.07047883,-0.007965375,0.09819063,0.09989518,-0.008258227,-0.008100189
2021-04-22,-0.013824113,0.06206527,-0.016613428,-0.01687155,-0.014067441,-0.016516734,0.021374464,-0.014636621,-0.015062138,0.05966773,-0.01361328,-0.014464036,-0.014197007,0.100168794,-0.07954272,-0.013903193,0.120292194,0.12201065,-0.014424294,-0.014011469
2021-04-23,-0.013776474,0.05361539,-0.016641937,-0.016636174,-0.014129378,-0.016489848,0.021374464,-0.014682919,-0.015101843,0.05966773,-0.013604283,-0.014268845,-0.016442068,0.100168794,-0.07954272,-0.0139591135,0.120292194,0.12201065,-0.014544651,-0.013970681
2021-04-26,-0.013798732,0.07232366,-0.014594674,-0.014407527,-0.01438766,-0.016322132,0.021374464,-0.014584824,-0.015299961,0.05966773,-0.012956724,-0.014038861,-0.04776261,0.100168794,-0.07954272,-0.014298774,0.120292194,0.12201065,-0.014446847,-0.013623524
2021-04-27,-0.013797596,0.076075755,-0.01593813,-0.014960021,-0.014307011,-0.016067065,0.021374464,-0.014308445,-0.015117571,0.05966773,-0.013306007,-0.014096782,-0.028002243,0.100168794,-0.07954272,-0.014052536,0.120292194,0.12201065,-0.014616013,-0.014223792
2021-04-28,-0.01801622,0.050057366,-0.020594768,-0.019924246,-0.018452853,-0.02038876,0.023146711,-0.018254943,-0.019673973,0.06526946,-0.017694086,-0.01840987,-0.035353072,0.11035075,-0.085837536,-0.018376522,0.13062277,0.13236111,-0.018930592,-0.018130504
2021-04-29,-0.009226415,0.04649276,-0.012647498,-0.011202969,-0.009640522,-0.011647068,0.02730532,-0.009606667,-0.011345208,0.06458703,-0.009219527,-0.010128733,-0.021695532,0.10454874,-0.06813759,-0.009386338,0.12184017,0.12334574,-0.010217905,-0.009439595
2021-04-30,-0.014003925,0.06026206,-0.01684853,-0.015941024,-0.01394042,-0.015712824,0.021374464,-0.014067989,-0.015100814,0.05966773,-0.013877425,-0.014252238,-0.026368164,0.100168794,-0.07954272,-0.013938114,0.120292194,0.12201065,-0.015749563,-0.013704866
2021-05-03,-0.009796534,0.07091873,-0.012194913,-0.011195295,-0.010353155,-0.011557985,0.01820708,-0.010241494,-0.01121648,0.051978752,-0.0097977705,-0.010122966,-0.021636304,0.08703696,-0.07289174,-0.010105409,0.106794335,0.108480774,-0.011230476,-0.009614725
2021-05-04,-0.009372227,0.046683107,-0.012203455,-0.011011243,-0.009792641,-0.011744291,0.026267223,-0.009980798,-0.011362158,0.06319814,-0.00941252,-0.010024719,-0.016461294,0.102655366,-0.06881883,-0.009753689,0.120257236,0.12178557,-0.01146014,-0.009526826
2021-05-05,-0.013843425,0.048290946,-0.01645936,-0.015300512,-0.014029831,-0.015866354,0.021374464,-0.014302343,-0.015254445,0.05966773,-0.013873816,-0.0140174925,-0.02016196,0.100168794,-0.07954272,-0.0141541585,0.120292194,0.12201065,-0.015756961,-0.013813946
2021-05-06,-0.0068351547,0.047232263,-0.007864207,-0.0076062116,-0.0067768614,-0.008672059,0.013280347,-0.0071092914,-0.008061953,0.04257235,-0.006421014,-0.006836127,-0.01368463,0.07204651,-0.069072194,-0.007191948,0.092257716,0.09397281,-0.00729002,-0.006467163
2021-05-07,-0.011118703,0.019726023,-0.012458812,-0.012525581,-0.011477776,-0.013573114,0.022604696,-0.0112564005,-0.01245594,0.0594121,-0.010769285,-0.011394396,-0.01599485,0.09834444,-0.074097894,-0.011541899,0.11750947,0.1191538,-0.011479348,-0.011260126
2021-05-10,-0.008037768,0.0022490402,-0.009505086,-0.009621218,-0.008408498,-0.010142893,0.027836926,-0.008572511,-0.009510491,0.06445913,-0.007542129,-0.008440584,-0.016831916,0.1037146,-0.065835856,-0.0083036125,0.120658726,0.12213657,-0.0079848915,-0.008265637
2021-05-11,-0.013741169,-0.013710119,-0.01588066,-0.015110202,-0.013983898,-0.015316352,0.021374464,-0.01377546,-0.0148007125,0.05966773,-0.013613008,-0.014224023,-0.013676919,0.100168794,-0.07954272,-0.014112245,0.120292194,0.12201065,-0.014165498,-0.014037743
2021-05-12,-0.0138953775,-0.01810145,-0.015950166,-0.014644563,-0.013773084,-0.015327014,0.021374464,-0.0137878135,-0.015035398,0.05966773,-0.013588164,-0.01437097,-0.040446706,0.100168794,-0.07954272,-0.014073074,0.120292194,0.12201065,-0.014438868,-0.0141630545
2021-05-13,-0.008636326,0.015295144,-0.011071198,-0.010077648,-0.008839123,-0.010636665,0.027457975,-0.009039514,-0.010044664,0.064269595,-0.008443862,-0.009466235,-0.013503134,0.10370512,-0.06683125,-0.00863114,0.12083993,0.12233259,-0.00909828,-0.008919857
2021-05-14,-0.013794199,-0.0005759145,-0.016009234,-0.014824003,-0.013801537,-0.015140198,0.021374464,-0.014211588,-0.01489421,0.05966773,-0.013601035,-0.014586493,-0.017572671,0.100168794,-0.07954272,-0.013957806,0.120292194,0.12201065,-0.014557995,-0.014055505
2021-05-17,-0.013815448,0.0064672534,-0.016132139,-0.014658444,-0.013833523,-0.015406024,0.021374464,-0.014243223,-0.015013583,0.05966773,-0.013826087,-0.014486991,-0.015692122,0.100168794,-0.07954272,-0.01399624,0.120292194,0.12201065,-0.015417796,-0.014110953
2021-05-18,-0.013574582,0.0067222347,-0.016041614,-0.0149104595,-0.012548927,-0.015106678,0.021374464,-0.014335725,-0.014986545,0.05966773,-0.013806067,-0.015299924,-0.0140854865,0.100168794,-0.07954272,-0.013235137,0.120292194,0.12201065,-0.014367551,-0.013839819
2021-05-19,-0.012075808,-0.0046001445,-0.014567874,-0.013698429,-0.011708312,-0.013990849,0.02554109,-0.012872815,-0.013788957,0.06412124,-0.012148365,-0.013979904,-0.009912223,0.10540203,-0.07372085,-0.011386834,0.12365873,0.12524003,-0.013686046,-0.012307487
2021-05-20,-0.006942946,-0.005143143,-0.008019209,-0.008268617,-0.0073086615,-0.0078321025,0.02829177,-0.007568087,-0.008642878,0.06425991,-0.007006015,-0.0089617185,-0.005268372,0.10280742,-0.063661866,-0.0060907598,0.11943769,0.12089036,-0.0072222496,-0.0070735137
2021-05-21,-0.013931602,-0.009517655,-0.01461491,-0.014666516,-0.013729341,-0.012657203,0.021374464,-0.014381669,-0.015190192,0.05966773,-0.013914272,-0.015443396,-0.010712385,0.100168794,-0.07954272,-0.012867037,0.120292194,0.12201065,-0.01378838,-0.013903629
2021-05-24,-0.016851649,-0.012883946,-0.017857153,-0.017941378,-0.016326189,-0.016221106,0.02221828,-0.01746948,-0.018374033,0.063058995,-0.017047316,-0.018411398,-0.013950191,0.1065831,-0.084117524,-0.015920341,0.1268567,0.12859304,-0.01698105,-0.017003872
2021-05-25,-0.013894454,-0.011053581,-0.014586963,-0.014501907,-0.01329441,-0.013486151,0.021374464,-0.014572345,-0.015413344,0.05966773,-0.013834272,-0.015295461,-0.010401256,0.100168794,-0.07954272,-0.01286459,0.120292194,0.12201065,-0.013853066,-0.014025129
2021-05-26,-0.01390842,-0.010005739,-0.015885346,-0.014858719,-0.013887674,-0.012947034,0.021374464,-0.014444083,-0.015346028,0.05966773,-0.01368203,-0.015127048,-0.012647007,0.100168794,-0.07954272,-0.012783363,0.120292194,0.12201065,-0.014056776,-0.014005002
2021-05-27,-0.012163993,-0.038470246,-0.014800996,-0.010630831,-0.012505397,-0.011305701,0.02447144,-0.01284384,-0.013990819,0.06261634,-0.012047298,-0.013404388,-0.011428304,0.10328508,-0.0743321,-0.011508815,0.12190763,0.12351509,-0.012433715,-0.012366317
2021-05-28,-0.013804778,-0.009335868,-0.013332158,-0.013565689,-0.013752356,-0.014041215,0.021374464,-0.014499329,-0.015226558,0.05966773,-0.013775319,-0.015073203,-0.0130959675,0.100168794,-0.07954272,-0.012891635,0.120292194,0.12201065,-0.01384953,-0.014183953
2021-06-01,-0.0137484595,-0.013663024,-0.0149963945,-0.013457317,-0.013951078,-0.015043847,0.021374464,-0.0141844675,-0.015364818,0.05966773,-0.013645858,-0.015092853,-0.012252443,0.100168794,-0.07954272,-0.012877442,0.120292194,0.12201065,-0.014184732,-0.01403559
2021-06-02,-0.013893306,-0.013806559,-0.014595211,-0.014544569,-0.0139488205,-0.015701927,0.021374464,-0.014033746,-0.01511281,0.05966773,-0.013337888,-0.013396367,-0.012944631,0.100168794,-0.07954272,-0.012997635,0.120292194,0.12201065,-0.013433196,-0.013953179
2021-06-03,-0.014319569,-0.03778457,-0.015236724,-0.013222337,-0.014526516,-0.016290847,0.024742953,-0.014784917,-0.014895026,0.06446556,-0.013830088,-0.012206741,-0.015447203,0.10696788,-0.07768249,-0.013564039,0.12589712,0.12753068,-0.014184728,-0.014634334
2021-06-04,-0.013845779,-0.014060672,-0.014726307,-0.015139952,-0.014243934,-0.015272714,0.021374464,-0.014536396,-0.01541955,0.05966773,-0.0134845935,-0.013354227,-0.014121085,0.100168794,-0.07954272,-0.013052121,0.120292194,0.12201065,-0.013710365,-0.014170315
2021-06-07,-0.016233921,-0.020580478,-0.017162122,-0.016731001,-0.01656733,-0.017685585,0.02034787,-0.016783819,-0.017942194,0.059901588,-0.015612952,-0.01603388,-0.016084116,0.101760924,-0.08385321,-0.016058959,0.12247182,0.12423829,-0.015845932,-0.016680092
2021-06-08,-0.0139056,-0.015725449,-0.014243662,-0.0144858025,-0.014347449,-0.015767984,0.021374464,-0.014559887,-0.015664604,0.05966773,-0.012876518,-0.014065519,-0.015980996,0.100168794,-0.07954272,-0.0131607875,0.120292194,0.12201065,-0.013532445,-0.014283892
2021-06-09,-0.0138294175,-0.04066728,-0.014122352,-0.014487922,-0.014513332,-0.01604531,0.021374464,-0.014774717,-0.015840188,0.05966773,-0.013565678,-0.014086962,-0.016498365,0.100168794,-0.07954272,-0.01332894,0.120292194,0.12201065,-0.013436668,-0.014453366
2021-06-10,-0.0119558275,0.010772513,-0.0119549,-0.010811731,-0.012834072,-0.014659807,0.025745392,-0.013293281,-0.014589079,0.06427629,-0.011566278,-0.012091465,-0.015351418,0.10551924,-0.073323525,-0.011658419,0.12369767,0.12527284,-0.0117581785,-0.012515467
2021-06-11,-0.013954591,0.0071283826,-0.013721842,-0.013618328,-0.0144765675,-0.01579696,0.021374464,-0.014780767,-0.015859082,0.05966773,-0.013465188,-0.014066357,-0.015461594,0.100168794,-0.07954272,-0.012998167,0.120292194,0.12201065,-0.013077162,-0.01453644
2021-06-14,-0.0072053033,-0.0050030607,-0.00708178,-0.0077069397,-0.007826634,-0.0099089295,0.028229378,-0.008700572,-0.010015167,0.06424614,-0.006676595,-0.007090747,-0.010417275,0.102843605,-0.06386422,-0.0065095345,0.11950744,0.12096272,-0.007051497,-0.007693521
2021-06-15,-0.013989441,-0.03879908,-0.014781527,-0.014448591,-0.014398776,-0.01488493,0.021374464,-0.014722183,-0.014587492,0.05966773,-0.013280876,-0.013949484,-0.014048517,0.100168794,-0.07954272,-0.013280228,0.120292194,0.12201065,-0.013076104,-0.014565252
2021-06-16,-0.012667216,-0.011606146,-0.0138480365,-0.012643337,-0.012855075,-0.014853146,0.019782387,-0.0131452605,-0.013688847,0.0563718,-0.0119249225,-0.012650166,-0.023937099,0.09477717,-0.077675305,-0.011769623,0.11496129,0.11668226,-0.011840686,-0.012773462
2021-06-17,-0.011971187,0.0025535454,-0.011854671,-0.0116195455,-0.012355089,-0.01343663,0.02451852,-0.012422465,-0.012895662,0.062489137,-0.01125215,-0.010746863,-0.021051478,0.10295607,-0.07392574,-0.011729561,0.121573575,0.12317977,-0.0114258975,-0.012058742
2021-06-18,-0.01142095,-0.01668537,-0.01107445,-0.012766145,-0.0119744465,-0.013442673,0.026465371,-0.012559563,-0.012644418,0.06479145,-0.011075497,-0.010908246,-0.01980725,0.10587002,-0.07179905,-0.010166533,0.123725526,0.12527587,-0.011368476,-0.011570394
2021-06-21,-0.0125796795,-0.0031133215,-0.012607016,-0.012363531,-0.013497613,-0.014364786,0.025854178,-0.013612673,-0.014091749,0.06479269,-0.012314953,-0.011906818,-0.018012464,0.106511705,-0.07414865,-0.011677228,0.12476673,0.1263483,-0.012404274,-0.012770399
2021-06-22,-0.014069274,-0.0074208747,-0.013971768,-0.014592957,-0.0143356845,-0.016414672,0.021374464,-0.01468233,-0.014952309,0.05966773,-0.013516776,-0.013583295,-0.027388878,0.100168794,-0.07954272,-0.013872877,0.120292194,0.12201065,-0.013539612,-0.013982944
2021-06-23,-0.0139926225,0.0021957313,-0.014441803,-0.014788847,-0.01453723,-0.016670153,0.021374464,-0.014808439,-0.015153937,0.05966773,-0.01358084,-0.013624005,-0.018480137,0.100168794,-0.07954272,-0.014145169,0.120292194,0.12201065,-0.013769332,-0.014241014
2021-06-24,-0.006972402,0.008549672,-0.008823119,-0.0077617685,-0.0072095017,-0.009284642,0.013048597,-0.0072800885,-0.0076039652,0.042238533,-0.006421029,-0.0066068354,-0.0126023255,0.07157424,-0.0691529,-0.006750166,0.09183705,0.09355595,-0.0063528935,-0.0071270424
2021-06-25,-0.016747229,-0.011643866,-0.015153319,-0.016632572,-0.016614176,-0.01897575,0.023677371,-0.016539376,-0.017343603,0.06457044,-0.015745603,-0.015160281,-0.022645425,0.108311005,-0.08198068,-0.016566522,0.12793088,0.12961893,-0.015793797,-0.016758226
2021-06-28,-0.013905905,0.014569456,-0.014055725,-0.013505615,-0.014405742,-0.0160084,0.021374464,-0.014778361,-0.015408777,0.05966773,-0.013841141,-0.011147089,-0.018658023,0.100168794,-0.07954272,-0.014142342,0.120292194,0.12201065,-0.011994656,-0.014009025
2021-06-29,-0.014323436,-0.004861794,-0.013697945,-0.013676606,-0.014160916,-0.015889164,0.021374464,-0.014834419,-0.0153669715,0.05966773,-0.013696425,-0.011175036,-0.018614866,0.100168794,-0.07954272,-0.0141855255,0.120292194,0.12201065,-0.012417704,-0.014500558
2021-06-30,-0.014095154,-0.02007442,-0.013059765,-0.013615854,-0.0143150315,-0.014113434,0.021374464,-0.014703639,-0.015072301,0.05966773,-0.013762914,-0.012507632,-0.016629498,0.100168794,-0.07954272,-0.014387637,0.120292194,0.12201065,-0.013125185,-0.014351204
2021-07-01,-0.01164709,0.0122316405,-0.011561744,-0.01145111,-0.01176833,-0.01227735,0.01977183,-0.012617882,-0.012728497,0.055456266,-0.010786328,-0.010678988,-0.015427902,0.09283305,-0.07544495,-0.0120757,0.112710394,0.114407256,-0.0115139745,-0.012171105
2021-07-02,-0.0111856535,-0.0028847414,-0.010728747,-0.010953873,-0.011605717,-0.013030544,0.026406668,-0.012558959,-0.012743156,0.0645882,-0.0106758475,-0.009177599,-0.016303383,0.10549474,-0.071548276,-0.011660852,0.123340674,0.12488997,-0.010464743,-0.011583824
2021-07-06,-0.014167219,-0.015020326,-0.014481414,-0.014339887,-0.014339846,-0.015298329,0.021374464,-0.015060887,-0.015372694,0.05966773,-0.01373028,-0.012996163,-0.018448666,0.100168794,-0.07954272,-0.014120061,0.120292194,0.12201065,-0.013676755,-0.014226362
2021-07-07,-0.014034811,-0.015133388,-0.01479473,-0.014471296,-0.0140873715,-0.015197687,0.021374464,-0.0150055215,-0.0153264925,0.05966773,-0.01336772,-0.012872443,-0.018151738,0.100168794,-0.07954272,-0.014441494,0.120292194,0.12201065,-0.013777461,-0.014302649
2021-07-08,-0.013362162,-0.035383202,-0.01312127,-0.012338683,-0.013774775,-0.013865426,0.025446467,-0.014388435,-0.014259659,0.064584464,-0.0128773,-0.011655614,-0.032747902,0.10649484,-0.07518197,-0.013251815,0.1249326,0.12652864,-0.01303399,-0.013599969
2021-07-09,-0.014390312,0.023782328,-0.020899676,-0.013090298,-0.0142316,-0.013321176,0.021374464,-0.014995553,-0.014878124,0.05966773,-0.013699848,-0.012842156,-0.044779032,0.100168794,-0.07954272,-0.014143102,0.120292194,0.12201065,-0.014340576,-0.014166959
2021-07-12,-0.01695367,0.033297967,-0.023219287,-0.015164077,-0.015816964,-0.017685652,0.02212751,-0.017512873,-0.016528852,0.06266453,-0.015384328,-0.0151582025,-0.044878088,0.10581472,-0.083715685,-0.016885325,0.1261886,0.1279305,-0.016040936,-0.016778108
2021-07-13,-0.014209732,0.013572423,-0.019885145,-0.018110365,-0.013712905,-0.015368264,0.021374464,-0.0145173,-0.0144106075,0.05966773,-0.012786627,-0.011656791,-0.023561813,0.100168794,-0.07954272,-0.014285389,0.120292194,0.12201065,-0.012492761,-0.014172249
2021-07-14,-0.014115453,-0.004271868,-0.015003029,-0.017078072,-0.013551809,-0.015310369,0.021374464,-0.014437951,-0.014163144,0.05966773,-0.012770519,-0.012050968,-0.02686821,0.100168794,-0.07954272,-0.014265887,0.120292194,0.12201065,-0.012942605,-0.014056638
2021-07-15,-0.0074821184,0.0006722403,-0.008785807,-0.0068838443,-0.007591329,-0.009229757,0.028180256,-0.008947786,-0.008206315,0.06429664,-0.0068846117,-0.0059721316,-0.022823885,0.10300397,-0.064166054,-0.007580537,0.119707845,0.121166445,-0.008065671,-0.007414847
2021-07-16,-0.014113199,-0.0054266783,-0.014901545,-0.012808643,-0.014002122,-0.015607487,0.021374464,-0.015169304,-0.014730774,0.05966773,-0.013013981,-0.012219727,-0.028654933,0.100168794,-0.07954272,-0.014161646,0.120292194,0.12201065,-0.0140850395,-0.014063191
2021-07-19,-0.0118773505,-0.007830039,-0.011869125,-0.011366278,-0.011610344,-0.012949437,0.019553646,-0.012856714,-0.012611724,0.055136673,-0.01080849,-0.009707451,-0.021111637,0.092394345,-0.07531844,-0.010503463,0.11217228,0.11386296,-0.011310909,-0.011608116
2021-07-20,-0.014246285,-0.016372055,-0.013344221,-0.013864167,-0.014106937,-0.015223838,0.021374464,-0.014970101,-0.015105374,0.05966773,-0.013336789,-0.012639757,-0.021121003,0.100168794,-0.07954272,-0.012731917,0.120292194,0.12201065,-0.013586968,-0.013966914
2021-07-21,-0.014367938,-0.01839225,-0.012499936,-0.013247669,-0.014506508,-0.015287895,0.021374464,-0.015338689,-0.014972106,0.05966773,-0.013544127,-0.01232136,-0.01950369,0.100168794,-0.07954272,-0.012847602,0.120292194,0.12201065,-0.012536399,-0.014048539
2021-07-22,-0.00848069,-0.0042847614,-0.0070579867,-0.011771314,-0.008902289,-0.009335268,0.016668424,-0.009429026,-0.009258624,0.048552074,-0.0077114473,-0.006814256,-0.012899153,0.08130617,-0.07053981,-0.007424101,0.101079285,0.10276421,-0.00724215,-0.008534305
2021-07-23,-0.013824746,-0.009859614,-0.014094226,-0.015516564,-0.014480874,-0.013695918,0.021374464,-0.015156668,-0.0146263465,0.05966773,-0.0132161565,-0.013757858,-0.03161501,0.100168794,-0.07954272,-0.01274066,0.120292194,0.12201065,-0.0139989555,-0.014080297
2021-07-26,-0.01371355,-0.016393133,-0.014701791,-0.013135284,-0.014373161,-0.012521565,0.021374464,-0.015380595,-0.014701065,0.05966773,-0.013237663,-0.014492057,-0.042459376,0.100168794,-0.07954272,-0.012895919,0.120292194,0.12201065,-0.014541622,-0.014033951
2021-07-27,-0.013903305,-0.01614073,-0.014168724,-0.015057869,-0.0142060295,-0.014434837,0.021374464,-0.014708571,-0.013963431,0.05966773,-0.013431739,-0.013632998,-0.01560057,0.100168794,-0.07954272,-0.013327651,0.120292194,0.12201065,-0.014020294,-0.014185861
2021-07-28,-0.014118649,-0.022543497,-0.014309078,-0.01558695,-0.014664941,-0.014313206,0.021374464,-0.0144299045,-0.014102034,0.05966773,-0.013107374,-0.013513945,-0.022017837,0.100168794,-0.07954272,-0.013065331,0.120292194,0.12201065,-0.013714384,-0.014440499
2021-07-29,-0.0076412517,-0.016645197,-0.0089186095,-0.009502158,-0.008441053,-0.009028301,0.028121658,-0.008762114,-0.008218225,0.06435166,-0.0070051583,-0.0075912657,0.008648399,0.103183866,-0.06451479,-0.0068273726,0.11993501,0.12139741,-0.008117706,-0.007849827
2021-07-30,-0.014011711,-0.018202841,-0.014766403,-0.015179694,-0.014773473,-0.015255481,0.021374464,-0.015252247,-0.01460579,0.05966773,-0.013661623,-0.0142881125,-0.024629515,0.100168794,-0.07954272,-0.012890648,0.120292194,0.12201065,-0.014702804,-0.014378224
2021-08-02,-0.015605435,-0.019049954,-0.015351854,-0.01728427,-0.01631324,-0.016904756,0.023001201,-0.016736329,-0.01620562,0.06293699,-0.015164204,-0.015089624,-0.01802142,0.10550401,-0.08080799,-0.0145039745,0.12522392,0.12691692,-0.015498154,-0.015840687
2021-08-03,-0.0075925137,-0.0088496655,-0.008817241,-0.009451896,-0.008663312,-0.009542905,0.028101467,-0.008886877,-0.008327439,0.06422808,-0.0071273143,-0.0072716544,-0.0011766846,0.10293972,-0.06430153,-0.006512075,0.11967385,0.121134795,-0.008103967,-0.0076412405
2021-08-04,-0.014564145,-0.014833167,-0.020528018,-0.019718807,-0.015670761,-0.020643733,0.024860859,-0.015871484,-0.01512412,0.06487606,-0.014741778,-0.014730785,-0.0061290483,0.1077303,-0.07814879,-0.014711946,0.12664664,0.12828016,-0.015358787,-0.014498763
2021-08-05,-0.013762683,-0.014382541,-0.014995903,-0.022607423,-0.014310952,-0.019694649,0.021374464,-0.0148122385,-0.014331229,0.05966773,-0.01369226,-0.014065765,-0.01968477,0.100168794,-0.07954272,-0.013923146,0.120292194,0.12201065,-0.014648035,-0.0137465
2021-08-06,-0.013867125,-0.01483446,-0.015512504,-0.016105466,-0.0139361955,-0.020683482,0.021374464,-0.014898814,-0.014385663,0.05966773,-0.013921745,-0.01421041,-0.013506398,0.100168794,-0.07954272,-0.014285028,0.120292194,0.12201065,-0.014518239,-0.0139147565
2021-08-09,-0.011978567,-0.015594535,-0.012714632,-0.015034802,-0.012316823,-0.014327072,0.021193862,-0.012944754,-0.012535341,0.057608373,-0.01170795,-0.0119094625,0.00038457336,0.0959728,-0.074984916,-0.012304448,0.115398005,0.117062986,-0.012204379,-0.012092125
2021-08-10,-0.014015876,-0.018782794,-0.015879434,-0.020951256,-0.014367953,-0.015591785,0.021374464,-0.015128098,-0.014318667,0.05966773,-0.013918728,-0.0141004175,-0.013654731,0.100168794,-0.07954272,-0.014453918,0.120292194,0.12201065,-0.014382981,-0.014200393
2021-08-11,-0.008181378,-0.011392809,-0.009967871,-0.0134001635,-0.008942317,-0.00911751,0.026868708,-0.009391662,-0.008794684,0.06297751,-0.007659733,-0.007944435,-0.020031326,0.10155126,-0.066006884,-0.007622264,0.11871911,0.120213054,-0.0088594,-0.008319847
2021-08-12,-0.013960294,-0.010939244,-0.013741165,-0.017925821,-0.014458559,-0.015142113,0.021374464,-0.014922429,-0.014296666,0.05966773,-0.0135267,-0.013985913,-0.0070696394,0.100168794,-0.07954272,-0.01185837,0.120292194,0.12201065,-0.0146005,-0.013985068
2021-08-13,-0.011227764,-0.0172849,-0.013361648,-0.014194459,-0.011642605,-0.012782425,0.023660928,-0.0126003325,-0.0120286755,0.060885116,-0.011012569,-0.0114656985,-0.003625832,0.10041826,-0.07333913,-0.0097452365,0.11912279,0.12073473,-0.0118622035,-0.011043023
2021-08-16,-0.010406241,-0.009741288,-0.010086574,-0.011830427,-0.0106648505,-0.011309251,0.021377861,-0.011833057,-0.011027455,0.057053097,-0.010227647,-0.010657821,-0.0020225341,0.09459419,-0.07290589,-0.009252001,0.113712676,0.11535352,-0.011304021,-0.0100252405
2021-08-17,-0.013610393,-0.012086295,-0.015155129,-0.01689072,-0.014448278,-0.014976017,0.021374464,-0.014778189,-0.0138678625,0.05966773,-0.013938054,-0.0142221,-0.011537671,0.100168794,-0.07954272,-0.014139354,0.120292194,0.12201065,-0.014791928,-0.014386345
2021-08-18,-0.013611332,-0.014201827,-0.016048782,-0.017390646,-0.014371425,-0.015310161,0.021374464,-0.014681041,-0.013554916,0.05966773,-0.013594158,-0.014177177,-0.010620527,0.100168794,-0.07954272,-0.013161629,0.120292194,0.12201065,-0.014471091,-0.013789266
2021-08-19,-0.011709884,-0.012091387,-0.014867295,-0.015352745,-0.012443878,-0.013156414,0.025777966,-0.012857892,-0.011746787,0.06423627,-0.011431541,-0.012415189,0.002109774,0.10539077,-0.07319721,-0.011048809,0.1236098,0.12518723,-0.012113288,-0.011430316
2021-08-20,-0.01368244,-0.01113829,-0.017715834,-0.013749242,-0.013919517,-0.015436724,0.021374464,-0.0144415945,-0.013154522,0.05966773,-0.013707235,-0.0143411085,0.009178299,0.100168794,-0.07954272,-0.014043231,0.120292194,0.12201065,-0.014284328,-0.014384836
2021-08-23,-0.016246922,-0.029512241,-0.019248217,-0.015506417,-0.016275141,-0.018613197,0.021592759,-0.017289087,-0.016321465,0.061843075,-0.016375363,-0.016736954,0.0053240065,0.10461708,-0.083759524,-0.016782612,0.1250804,0.12682892,-0.016931966,-0.017018452
2021-08-24,-0.013661612,-0.036334634,-0.020657882,-0.013683595,-0.013604388,-0.016100861,0.021374464,-0.014454387,-0.013530925,0.05966773,-0.01371488,-0.014186844,0.021085043,0.100168794,-0.07954272,-0.014378056,0.120292194,0.12201065,-0.014499903,-0.014538474
2021-08-25,-0.016853288,-0.038716607,-0.025792282,-0.016243078,-0.01688467,-0.019297302,0.022943385,-0.017572887,-0.016980208,0.06401626,-0.016868833,-0.017037123,0.013322841,0.10788572,-0.08352592,-0.017386854,0.12787351,0.12958933,-0.017786168,-0.017444506
2021-08-26,-0.008854952,-0.01779598,-0.014348391,-0.00860152,-0.009207554,-0.011101335,0.025090098,-0.009859972,-0.008988358,0.060877305,-0.008509979,-0.008614853,0.015122525,0.098905586,-0.06784993,-0.00872618,0.116687655,0.118227266,-0.009257834,-0.009109743
2021-08-27,-0.01625552,-0.024575539,-0.018510118,-0.022980437,-0.015381351,-0.01836335,0.024203539,-0.017241053,-0.017046489,0.065188386,-0.016176723,-0.016172096,0.008190233,0.109084345,-0.08145037,-0.016231455,0.12853935,0.130215,-0.016751297,-0.016792782
2021-08-30,-0.014066987,-0.022182167,-0.017756272,-0.021004371,-0.012869757,-0.015559807,0.021374464,-0.014782395,-0.014375575,0.05966773,-0.013865583,-0.013787996,0.015069481,0.100168794,-0.07954272,-0.013993278,0.120292194,0.12201065,-0.014067672,-0.014470108
2021-08-31,-0.0065257917,-0.014838554,-0.009518966,-0.021623135,-0.0053685675,-0.0064153294,0.012538575,-0.0069262716,-0.0065692584,0.041099757,-0.0062575,-0.0058773602,0.020579547,0.06967173,-0.068328924,-0.006453305,0.089910135,0.09162658,-0.0062464247,-0.006857592
2021-09-01,-0.011600427,-0.020430192,-0.01305636,-0.02216833,-0.0105873905,-0.012786504,0.020858094,-0.012341417,-0.011971567,0.056936637,-0.011278473,-0.011122528,0.0147351995,0.094875745,-0.07475886,-0.011301957,0.11440637,0.11607807,-0.011658169,-0.011920229
2021-09-02,-0.014096189,-0.02030944,-0.016179442,-0.0261534,-0.012415014,-0.0147511475,0.021374464,-0.0149149075,-0.014660016,0.05966773,-0.013819963,-0.013819672,0.010778457,0.100168794,-0.07954272,-0.013774887,0.120292194,0.12201065,-0.014572948,-0.014394157
2021-09-03,-0.014035944,-0.013964444,-0.015905626,-0.01991614,-0.012326404,-0.014314599,0.021374464,-0.0147840865,-0.014705084,0.05966773,-0.01385057,-0.013833035,0.00065292465,0.100168794,-0.07954272,-0.013769075,0.120292194,0.12201065,-0.0144239515,-0.014299229
2021-09-07,-0.009284452,-0.0079012215,-0.011426523,-0.012520224,-0.009265088,-0.009274729,0.015568547,-0.0100881085,-0.009842098,0.047637455,-0.009134546,-0.009019487,0.052169107,0.08049466,-0.07258589,-0.009102404,0.100743406,0.10246455,-0.0095605105,-0.009365939
2021-09-08,-0.014002636,-0.024288036,-0.015903369,-0.014724411,-0.013494063,-0.018475793,0.021374464,-0.0148893595,-0.014019143,0.05966773,-0.013745911,-0.013763502,0.006988973,0.100168794,-0.07954272,-0.013728678,0.120292194,0.12201065,-0.014437012,-0.013982117
2021-09-09,-0.014109015,-0.032465227,-0.016084407,-0.015005447,-0.013600122,-0.014176406,0.021374464,-0.014930859,-0.014722481,0.05966773,-0.013746358,-0.013782006,0.03839615,0.100168794,-0.07954272,-0.013627991,0.120292194,0.12201065,-0.014423236,-0.0143881105
2021-09-10,-0.010953851,-0.017881699,-0.01254186,-0.011344515,-0.011423454,-0.010722004,0.019602336,-0.011935867,-0.011639908,0.054563478,-0.010517705,-0.010419872,0.037122443,0.091110475,-0.0738071,-0.010353282,0.11073528,0.11241296,-0.011107422,-0.0111474395
2021-09-13,-0.014006823,-0.021882676,-0.0156876,-0.013854988,-0.014231317,-0.014023557,0.021374464,-0.015039496,-0.015073128,0.05966773,-0.013748929,-0.013855524,0.045939945,0.100168794,-0.07954272,-0.013449393,0.120292194,0.12201065,-0.014247254,-0.014319882
2021-09-14,-0.01373861,-0.034519427,-0.015825406,-0.01617764,-0.013871536,-0.0154585205,0.021374464,-0.014724009,-0.014920678,0.05966773,-0.013785709,-0.013936125,-0.007526226,0.100168794,-0.07954272,-0.0133801475,0.120292194,0.12201065,-0.014307767,-0.014107194
2021-09-15,-0.011764087,-0.021870542,-0.014204461,-0.012482829,-0.013086379,-0.012316361,0.024742387,-0.013300896,-0.013381988,0.06285489,-0.01193621,-0.012424361,0.032925602,0.10352168,-0.07376758,-0.01179985,0.121959634,0.12355381,-0.012809776,-0.012606598
2021-09-16,-0.007544137,-0.017742887,-0.009678446,-0.009043314,-0.0078713745,-0.0077042053,0.027647011,-0.009058304,-0.0087240115,0.06381316,-0.0074537317,-0.007882986,-0.0064363475,0.10252527,-0.065054886,-0.006913818,0.11944313,0.12091805,-0.008434124,-0.008118682
2021-09-17,-0.01211416,-0.026963398,-0.014282621,-0.012012549,-0.013409458,-0.013166986,0.025513247,-0.013873823,-0.0135941915,0.06391347,-0.011859987,-0.011998467,-0.035676613,0.10498025,-0.0733916,-0.011662401,0.12324508,0.124826245,-0.012758616,-0.012285974
2021-09-20,-0.0141482055,-0.025359292,-0.015738517,-0.014683709,-0.012480758,-0.014057517,0.021374464,-0.015274402,-0.014733747,0.05966773,-0.013908051,-0.014006086,-0.0171214,0.100168794,-0.07954272,-0.01375258,0.120292194,0.12201065,-0.014409937,-0.014181472
2021-09-21,-0.014255308,-0.022805266,-0.015688814,-0.023826249,-0.012560114,-0.0129382685,0.021374464,-0.015290104,-0.0152122155,0.05966773,-0.013855349,-0.013856441,-0.024846599,0.100168794,-0.07954272,-0.013571292,0.120292194,0.12201065,-0.0145222135,-0.014070235
2021-09-22,-0.0140116215,-0.020861752,-0.015690107,-0.019855306,-0.013094168,-0.014512535,0.021374464,-0.015205283,-0.015196107,0.05966773,-0.0137704015,-0.013876706,-0.024781644,0.100168794,-0.07954272,-0.013469525,0.120292194,0.12201065,-0.01443018,-0.014041483
2021-09-23,-0.014220104,-0.021247178,-0.015398897,-0.018390171,-0.012602635,-0.015358351,0.021374464,-0.015424453,-0.01525709,0.05966773,-0.013753533,-0.014015675,-0.019294396,0.100168794,-0.07954272,-0.013272211,0.120292194,0.12201065,-0.014747594,-0.013810784
2021-09-24,-0.013760351,-0.020468175,-0.01504679,-0.015217163,-0.0124767795,-0.014985219,0.020247214,-0.014982194,-0.014647942,0.05773636,-0.013368383,-0.013714038,-0.015406653,0.09721584,-0.07915958,-0.012756102,0.11747464,0.119202666,-0.014216598,-0.013421569
2021-09-27,-0.0142415315,-0.016994305,-0.015732236,-0.017740257,-0.013372898,-0.018669944,0.02395945,-0.01576382,-0.0152326,0.063420616,-0.014075521,-0.014645908,-0.012681682,0.105543755,-0.07822964,-0.013411313,0.12472751,0.12637955,-0.01501441,-0.014237214
2021-09-28,-0.0142941475,-0.017289795,-0.0148533955,-0.018441305,-0.015145458,-0.013364024,0.021374464,-0.014745884,-0.01474506,0.05966773,-0.013872519,-0.014337264,-0.01333341,0.100168794,-0.07954272,-0.013506282,0.120292194,0.12201065,-0.014423378,-0.013988666
2021-09-29,-0.01263918,-0.013966095,-0.013380431,-0.014505073,-0.014064416,-0.012369871,0.025413431,-0.013880398,-0.013515599,0.063989095,-0.0121305585,-0.012494653,-0.0129366,0.10524882,-0.07393201,-0.011446517,0.12358133,0.12516806,-0.013142165,-0.0123841725
2021-09-30,-0.011219673,-0.010532372,-0.0120576285,-0.013092004,-0.01261466,-0.011310138,0.02603653,-0.012791302,-0.012242839,0.06387407,-0.010786179,-0.010999203,-0.012250043,0.104350224,-0.071269795,-0.010112572,0.122248404,0.12380103,-0.011900932,-0.0111555755
2021-10-01,-0.012844447,-0.0110502355,-0.013896093,-0.014895,-0.014057085,-0.014918841,0.0253973,-0.014062289,-0.013539501,0.06416371,-0.0124723725,-0.012778178,-0.014938965,0.10563911,-0.07442177,-0.011990972,0.12403789,0.12562987,-0.01339256,-0.012672372
2021-10-04,-0.013909753,-0.0102042,-0.014444899,-0.01581559,-0.014757644,-0.018450946,0.021374464,-0.015206508,-0.014661431,0.05966773,-0.01381468,-0.014040373,-0.009795036,0.100168794,-0.07954272,-0.013418399,0.120292194,0.12201065,-0.014633514,-0.014014877
2021-10-05,-0.014091365,-0.01101201,-0.015027437,-0.01571348,-0.015295111,-0.013422061,0.021374464,-0.015365027,-0.014843583,0.05966773,-0.013863169,-0.014118642,-0.0129836835,0.100168794,-0.07954272,-0.01341784,0.120292194,0.12201065,-0.01454702,-0.014190584
2021-10-06,-0.010267712,-0.0085938275,-0.009579193,-0.013809048,-0.011438422,-0.011314459,0.015929759,-0.011248376,-0.011003807,0.04882411,-0.010047726,-0.010413252,-0.008747898,0.08266311,-0.07401104,-0.009688936,0.10298117,0.10470915,-0.010452095,-0.010457154
2021-10-07,-0.012174591,-0.014454052,-0.011739165,-0.009482525,-0.012850061,-0.017202213,0.017968826,-0.013278119,-0.012693185,0.053162746,-0.011839915,-0.012453049,-0.011230379,0.089810036,-0.076792285,-0.0114271045,0.110166505,0.111899436,-0.012446903,-0.0121346
2021-10-08,-0.011265732,-0.013820067,-0.011249982,-0.0119448975,-0.011827953,-0.010721553,0.01899086,-0.012398064,-0.011885874,0.05401867,-0.010969788,-0.011471223,-0.0107269995,0.09056824,-0.07500293,-0.010552298,0.11055953,0.11226393,-0.011603598,-0.010760665
2021-10-11,-0.013868067,-0.016786847,-0.014656052,-0.014483556,-0.014497012,-0.013893876,0.024897993,-0.015497722,-0.014991991,0.0642429,-0.013537049,-0.014105335,-0.012257725,0.10633301,-0.076504745,-0.0130696595,0.12506148,0.12667957,-0.014722403,-0.013345037
2021-10-12,-0.008026406,-0.010738082,-0.008552041,-0.008904405,-0.008855417,-0.010091931,0.027813286,-0.010389328,-0.00978604,0.06417901,-0.0076588127,-0.008434389,-0.00978452,0.10313769,-0.06526906,-0.0073121856,0.12003005,0.121503465,-0.009387031,-0.008009814
2021-10-13,-0.014092512,-0.016811907,-0.01455595,-0.02639363,-0.014676489,-0.016298506,0.021374464,-0.01577453,-0.015426792,0.05966773,-0.013877992,-0.014214009,-0.026147835,0.100168794,-0.07954272,-0.013416469,0.120292194,0.12201065,-0.014712788,-0.014141828
2021-10-14,-0.014221691,-0.01695532,-0.014592979,-0.020902276,-0.014785122,-0.016646847,0.021374464,-0.015627585,-0.015091877,0.05966773,-0.013916515,-0.014150955,0.023136325,0.100168794,-0.07954272,-0.013416354,0.120292194,0.12201065,-0.014815554,-0.014348533
2021-10-15,-0.011683799,-0.014373817,-0.012427248,-0.018247046,-0.012637243,-0.014983375,0.023901477,-0.013600685,-0.012481898,0.061229892,-0.011322334,-0.011775382,0.016954765,0.100905664,-0.07324141,-0.0108730905,0.11954873,0.12115607,-0.012699015,-0.011068411
2021-10-18,-0.011090875,-0.013875946,-0.012050863,-0.026252292,-0.011862338,-0.012061194,0.020275876,-0.012687437,-0.011795528,0.055809192,-0.010828108,-0.01099528,0.009204362,0.093046,-0.0745346,-0.01035922,0.11283056,0.11451877,-0.011728965,-0.009685688
2021-10-19,-0.013848245,-0.016280383,-0.014661349,-0.021324039,-0.013582718,-0.015993826,0.021374464,-0.015823752,-0.015017495,0.05966773,-0.013926335,-0.014119267,-0.0024672295,0.100168794,-0.07954272,-0.013415914,0.120292194,0.12201065,-0.014987607,-0.0138212815
2021-10-20,-0.013993878,-0.01438003,-0.014573246,-0.022578448,-0.015084088,-0.014814563,0.021374464,-0.015853502,-0.015029829,0.05966773,-0.0139261745,-0.014368568,0.0009758179,0.100168794,-0.07954272,-0.013415892,0.120292194,0.12201065,-0.014941692,-0.012909133
2021-10-21,-0.014059052,-0.016000867,-0.014876388,-0.01912726,-0.014088348,-0.016053766,0.021374464,-0.015804593,-0.015239682,0.05966773,-0.013801526,-0.014373817,-0.001710135,0.100168794,-0.07954272,-0.013416208,0.120292194,0.12201065,-0.01493068,-0.013845164
2021-10-22,-0.013378948,-0.014576659,-0.01458516,-0.016068041,-0.014345452,-0.01595147,0.024320915,-0.015417922,-0.014987543,0.06320473,-0.01306352,-0.0135938935,-0.014763549,0.10470151,-0.076341905,-0.01271984,0.12360268,0.12523223,-0.014486864,-0.0136561245
2021-10-25,-0.011561848,-0.012067664,-0.013201602,-0.013283797,-0.012713004,-0.0142509565,0.024809442,-0.013911672,-0.013282575,0.06253692,-0.011279006,-0.011766866,-0.013989262,0.102766424,-0.07279109,-0.010938562,0.12110519,0.122690916,-0.013021946,-0.012031071
2021-10-26,-0.013993345,-0.015005417,-0.014853694,-0.0148976445,-0.014525287,-0.016741775,0.021374464,-0.015743565,-0.015307441,0.05966773,-0.013762489,-0.014298789,-0.018467374,0.100168794,-0.07954272,-0.013407875,0.120292194,0.12201065,-0.014921453,-0.014498994
2021-10-27,-0.013764877,-0.0142869875,-0.014505602,-0.014572717,-0.014371805,-0.016674116,0.0239579,-0.015700385,-0.015215635,0.062966496,-0.013433795,-0.013886496,-0.010449205,0.1045679,-0.077194326,-0.012941718,0.12366263,0.12530684,-0.014761854,-0.014122322
2021-10-28,-0.014405251,-0.008632671,-0.015273951,-0.014470525,-0.014929425,-0.02081446,0.024482094,-0.016355097,-0.015490942,0.06397226,-0.013687532,-0.014538236,-0.0037276219,0.106185496,-0.077479385,-0.012519289,0.12513061,0.12676518,-0.01486193,-0.014127374
2021-10-29,-0.014070243,-0.008497119,-0.014957108,-0.0138626695,-0.014798254,-0.01663988,0.021374464,-0.015994616,-0.015163116,0.05966773,-0.0137976855,-0.014114246,-0.0012198011,0.100168794,-0.07954272,-0.012338765,0.120292194,0.12201065,-0.013434984,-0.014090523
2021-11-01,-0.013828889,-0.02668725,-0.014659554,-0.013528697,-0.013702765,-0.016972795,0.021374464,-0.016122822,-0.015097111,0.05966773,-0.013708033,-0.014471032,0.0018743281,0.100168794,-0.07954272,-0.012726929,0.120292194,0.12201065,-0.013843097,-0.013055056
2021-11-02,-0.0139773935,0.007814387,-0.014509171,-0.016603284,-0.014322285,-0.017079297,0.021374464,-0.016106825,-0.0152072795,0.05966773,-0.013789706,-0.014302,0.0034163785,0.100168794,-0.07954272,-0.012535751,0.120292194,0.12201065,-0.014834929,-0.014203951
2021-11-03,-0.011950076,-0.008230712,-0.012840163,-0.014775172,-0.012374304,-0.0152928345,0.023751833,-0.013993204,-0.013198592,0.061170608,-0.01142513,-0.012072891,0.005072557,0.10094446,-0.073571384,-0.010418028,0.11958955,0.12119807,-0.012841724,-0.012100957
2021-11-04,-0.007918257,-0.00597579,-0.009742163,-0.009705,-0.009147886,-0.011896856,0.027870536,-0.0104087405,-0.009205896,0.06425592,-0.0075620855,-0.008114003,0.007273518,0.10324227,-0.06523868,-0.007046606,0.120122485,0.12159496,-0.009220891,-0.0073253955
2021-11-05,-0.011747122,-0.010059744,-0.013010256,-0.013196036,-0.012307677,-0.015555549,0.023062788,-0.013997044,-0.013110176,0.060299836,-0.011537805,-0.011895426,0.0072640185,0.09978435,-0.074288085,-0.011201218,0.11875928,0.12039129,-0.01297953,-0.011579607
2021-11-08,-0.014577821,-0.014350586,-0.01601173,-0.017980143,-0.014975004,-0.01796567,0.023817897,-0.016443629,-0.015469972,0.063358255,-0.013940111,-0.014974646,0.0020683487,0.10556248,-0.078575596,-0.013740331,0.12478425,0.12643969,-0.01552581,-0.01408004
2021-11-09,-0.013867028,-0.012625843,-0.019436464,-0.014498629,-0.01436948,-0.016807474,0.021374464,-0.015774611,-0.014919616,0.05966773,-0.013495624,-0.014320821,0.0035377373,0.100168794,-0.07954272,-0.012867942,0.120292194,0.12201065,-0.01500155,-0.013562426
2021-11-10,-0.014037982,-0.014235504,-0.01603432,-0.013892315,-0.014190763,-0.017227896,0.021374464,-0.015974961,-0.015455253,0.05966773,-0.013714798,-0.014142685,0.040395547,0.100168794,-0.07954272,-0.013280943,0.120292194,0.12201065,-0.015062667,-0.013702065
2021-11-11,-0.012765631,-0.0137876645,-0.014622338,-0.012493975,-0.01340194,-0.016029831,0.021770246,-0.014703676,-0.013977274,0.059155755,-0.012393877,-0.012657788,0.007688575,0.09868022,-0.07654948,-0.01210269,0.11821241,0.119886525,-0.013809584,-0.012200192
2021-11-12,-0.013957605,-0.015100002,-0.016233467,-0.013368428,-0.014618002,-0.01709769,0.021374464,-0.015828598,-0.015077382,0.05966773,-0.013702489,-0.014321916,0.0047319685,0.100168794,-0.07954272,-0.013476133,0.120292194,0.12201065,-0.015079863,-0.012969762
2021-11-15,-0.014278822,-0.01660847,-0.015963119,-0.01500199,-0.015403852,-0.017581865,0.02331759,-0.016661383,-0.015456267,0.062420893,-0.013869546,-0.014481537,0.011737794,0.10407386,-0.07828112,-0.013742402,0.123385645,0.12504701,-0.015360318,-0.013141744
2021-11-16,-0.00801681,-0.007741801,-0.010225572,-0.009340577,-0.008744709,-0.011599079,0.01575239,-0.010241177,-0.00860719,0.0469615,-0.007359247,-0.008057594,0.008397993,0.07884908,-0.070312314,-0.0075474153,0.0988301,0.10052924,-0.008893125,-0.0075758244
2021-11-17,-0.016487978,-0.017195825,-0.016554493,-0.015705153,-0.017240494,-0.019407477,0.022306181,-0.018884987,-0.01765959,0.06259932,-0.01581841,-0.016511403,-0.006308123,0.10550751,-0.082661696,-0.015823372,0.12558316,0.12730373,-0.017413616,-0.016464364
2021-11-18,-0.012181092,-0.011055976,-0.012208119,-0.012641277,-0.012919031,-0.01528877,0.020903327,-0.014918245,-0.013524298,0.057704844,-0.01192477,-0.012547743,-0.0068642604,0.09646654,-0.076516435,-0.011646926,0.116250865,0.117942266,-0.013542384,-0.012069762
2021-11-19,-0.0111418255,-0.010637924,-0.014825039,-0.011463426,-0.011836655,-0.014119253,0.019751258,-0.013947196,-0.012465566,0.05535207,-0.010868892,-0.011565842,-0.011558473,0.09261962,-0.075401045,-0.010671444,0.11257935,0.114281386,-0.012445744,-0.011027198
2021-11-22,-0.013956577,-0.014458768,-0.014656056,-0.013544217,-0.014813274,-0.01770094,0.022434488,-0.016579859,-0.0150962025,0.060934104,-0.013283014,-0.014401384,-0.014805589,0.10179261,-0.078309335,-0.013307475,0.12142267,0.12310563,-0.015117612,-0.013483368
2021-11-23,-0.013992466,-0.014486272,-0.013533749,-0.010688733,-0.014754292,-0.021173578,0.021374464,-0.016721383,-0.015213415,0.05966773,-0.013677593,-0.014435932,-0.00038487418,0.100168794,-0.07954272,-0.013417523,0.120292194,0.12201065,-0.015086658,-0.01391425
2021-11-24,-0.009466998,-0.011041924,-0.01113046,-0.009196222,-0.010506175,-0.012778204,0.021894462,-0.012344487,-0.010918617,0.057003878,-0.00938281,-0.009870835,-0.00915774,0.0939443,-0.070850946,-0.009175122,0.11274763,0.11436335,-0.010842681,-0.009262413
2021-11-26,-0.009597,-0.009248178,-0.011199985,-0.010091554,-0.010424208,-0.012746133,0.021721616,-0.012666717,-0.0112092495,0.057022713,-0.009739235,-0.010396551,-0.014045961,0.094164126,-0.07157435,-0.009311814,0.11309669,0.11472247,-0.011305511,-0.009791382
2021-11-29,-0.010994062,-0.011325978,-0.012171701,-0.0114809275,-0.011688873,-0.014381692,0.024562463,-0.014057539,-0.013032079,0.062119007,-0.011173047,-0.011999909,-0.014558822,0.1021248,-0.07278173,-0.010939185,0.12054275,0.12213384,-0.012934346,-0.01121518
2021-11-30,-0.013952851,-0.014330048,-0.015466124,-0.013275035,-0.013890438,-0.016699001,0.021374464,-0.016656153,-0.015489943,0.05966773,-0.013789393,-0.014394011,-0.0154547095,0.100168794,-0.07954272,-0.013674907,0.120292194,0.12201065,-0.015224006,-0.013862714
2021-12-01,-0.013283029,-0.012829162,-0.015851162,-0.014770955,-0.0137851685,-0.016523473,0.021374464,-0.016671866,-0.015437275,0.05966773,-0.013752185,-0.014152706,-0.013720788,0.100168794,-0.07954272,-0.013152607,0.120292194,0.12201065,-0.0151356235,-0.013179161
2021-12-02,-0.013346374,-0.012700126,-0.014721833,-0.015466414,-0.014554903,-0.016786903,0.021374464,-0.016597256,-0.015669093,0.05966773,-0.013656475,-0.014089815,-0.026651196,0.100168794,-0.07954272,-0.013375565,0.120292194,0.12201065,-0.015005901,-0.01360013
2021-12-03,-0.012123223,-0.011384264,-0.018039033,-0.0136863105,-0.01297465,-0.015674658,0.020403013,-0.015167251,-0.01423309,0.056993693,-0.012166627,-0.012519699,-0.016977135,0.095465004,-0.076739885,-0.012138408,0.11538351,0.117084704,-0.013301574,-0.012499999
2021-12-06,-0.009705335,-0.009613723,-0.014436133,-0.012528464,-0.010947298,-0.014083885,0.026016138,-0.013003528,-0.012458783,0.06315783,-0.009797484,-0.01042483,-0.016112726,0.10283335,-0.06966583,-0.009632893,0.12057217,0.12211132,-0.0115275085,-0.010237694
2021-12-07,-0.013893973,-0.014765117,-0.017662384,-0.015190184,-0.014665186,-0.01815071,0.021374464,-0.016593516,-0.01681503,0.05966773,-0.0136639625,-0.014213219,-0.022931106,0.100168794,-0.07954272,-0.014101766,0.120292194,0.12201065,-0.015043139,-0.014263548
2021-12-08,-0.013785899,-0.013759583,-0.017253727,-0.014495783,-0.014385529,-0.017287835,0.021374464,-0.016534276,-0.015517529,0.05966773,-0.013697103,-0.01426737,-0.019747779,0.100168794,-0.07954272,-0.013880901,0.120292194,0.12201065,-0.0147937015,-0.013346568
2021-12-09,-0.007054757,-0.010921314,-0.010020852,-0.009726804,-0.007632188,-0.009710137,0.028317899,-0.010261316,-0.008770831,0.0642589,-0.006671525,-0.007610827,-0.013837654,0.10277769,-0.063561656,-0.0070886123,0.11939251,0.12084394,-0.007979773,-0.006839245
2021-12-10,-0.016075373,-0.017982613,-0.019006334,-0.018038739,-0.016423244,-0.018903144,0.02440966,-0.018899694,-0.017676003,0.06526967,-0.015765127,-0.016613878,-0.01898089,0.109047145,-0.08080732,-0.015811894,0.12835437,0.130019,-0.016353961,-0.01543266
2021-12-13,-0.014167666,-0.017218702,-0.019702218,-0.017094184,-0.014863782,-0.016925558,0.021374464,-0.016410336,-0.014713172,0.05966773,-0.013743632,-0.014189016,-0.01574029,0.100168794,-0.07954272,-0.0137454495,0.120292194,0.12201065,-0.014252376,-0.014000744
2021-12-14,-0.013342872,-0.016371131,-0.018085621,-0.016194362,-0.015151359,-0.01674027,0.021374464,-0.016399633,-0.014412269,0.05966773,-0.013737738,-0.014548544,-0.015256524,0.100168794,-0.07954272,-0.01417771,0.120292194,0.12201065,-0.014770597,-0.014151644
2021-12-15,-0.012084976,-0.01622663,-0.01542756,-0.014576066,-0.013580732,-0.015251234,0.024425723,-0.014619805,-0.012448572,0.062443048,-0.011856049,-0.012722641,-0.013121642,0.102962494,-0.0740814,-0.012102105,0.1215583,0.12316369,-0.013193838,-0.0122354105
2021-12-16,-0.010906696,-0.016329229,-0.012364022,-0.0178283,-0.012138635,-0.01395265,0.022198364,-0.013411231,-0.011366572,0.05825632,-0.010496601,-0.0112677105,-0.030021787,0.096315324,-0.072635874,-0.0107756555,0.11522981,0.1168559,-0.011793222,-0.010637738
2021-12-17,-0.009852294,-0.015945144,-0.008830577,-0.016318008,-0.011492893,-0.013463408,0.026905142,-0.012713384,-0.0117824115,0.064197816,-0.00951916,-0.0103575885,-0.03662493,0.10413272,-0.06874404,-0.009453043,0.121579535,0.123096876,-0.011196516,-0.009748988
2021-12-20,-0.012469605,-0.018676795,-0.01068617,-0.019090045,-0.014334053,-0.016213432,0.025860041,-0.014961261,-0.015086237,0.064726286,-0.012220927,-0.012969054,-0.020482942,0.10636287,-0.07397238,-0.01242701,0.124599636,0.12617968,-0.0140356645,-0.012518145
2021-12-21,-0.012436584,-0.018388063,-0.013852149,-0.015572615,-0.013903197,-0.015895955,0.026351996,-0.014776882,-0.014655955,0.06536285,-0.012147367,-0.012850955,-0.028773822,0.107216544,-0.07356793,-0.011856377,0.1252772,0.1268445,-0.013730384,-0.012417208
2021-12-22,-0.0140585825,-0.019355401,-0.011230249,-0.015311196,-0.015378453,-0.016848098,0.021374464,-0.01626319,-0.014627382,0.05966773,-0.013788499,-0.014368232,-0.03293921,0.100168794,-0.07954272,-0.013603084,0.120292194,0.12201065,-0.015161134,-0.013941087
2021-12-23,-0.018253215,-0.023729429,-0.015538357,-0.023646683,-0.01968687,-0.02107666,0.024180561,-0.020401418,-0.018137813,0.06651435,-0.017788902,-0.018656023,-0.022186756,0.111953884,-0.084676065,-0.017596982,0.13176133,0.13346611,-0.019334942,-0.018006489
2021-12-27,-0.012353532,-0.01787769,-0.014310535,-0.014485329,-0.013938829,-0.015181586,0.025181115,-0.014601693,-0.012324125,0.06363996,-0.011913978,-0.012894895,-0.013881959,0.10474196,-0.07400466,-0.0119489655,0.12314244,0.12473407,-0.013356909,-0.012221307
2021-12-28,-0.014057063,-0.019231033,-0.01457613,-0.0134301,-0.01532308,-0.016583912,0.021374464,-0.016015776,-0.013519276,0.05966773,-0.013570674,-0.01452671,-0.019493386,0.100168794,-0.07954272,-0.013691112,0.120292194,0.12201065,-0.0148683265,-0.013954081
2021-12-29,-0.017216824,-0.021440983,-0.016055137,-0.019504499,-0.018685646,-0.019832473,0.024865992,-0.019650795,-0.017107546,0.066859,-0.01691129,-0.01788548,-0.024107598,0.11198122,-0.08281054,-0.016674608,0.1313908,0.13306531,-0.018284958,-0.017514877
2021-12-30,-0.013882786,-0.017794184,-0.013679206,-0.016320653,-0.015072774,-0.016352493,0.021374464,-0.016191386,-0.014050677,0.05966773,-0.013647534,-0.014628585,-0.017295457,0.100168794,-0.07954272,-0.013542544,0.120292194,0.12201065,-0.015156612,-0.014142171
2021-12-31,-0.013884969,-0.01785107,-0.0100789815,-0.015193801,-0.014828622,-0.01631856,0.021598205,-0.016232897,-0.014425755,0.059934825,-0.013601877,-0.014854737,-0.014211372,0.100519925,-0.07918426,-0.013410017,0.12046384,0.12216982,-0.015209876,-0.014054861
2022-01-03,-0.0137363225,-0.018120036,-0.007922046,-0.016123421,-0.014667332,-0.015867837,0.021374464,-0.015787661,-0.01423312,0.05966773,-0.013441041,-0.014677953,-0.015381537,0.100168794,-0.07954272,-0.013377715,0.120292194,0.12201065,-0.014945079,-0.01401002
2022-01-04,-0.014000665,-0.019164234,-0.011075303,-0.016419668,-0.014991753,-0.015895996,0.021374464,-0.015876919,-0.014420241,0.05966773,-0.0136466995,-0.014586203,-0.011795059,0.100168794,-0.07954272,-0.013823666,0.120292194,0.12201065,-0.014975801,-0.0141753815
2022-01-05,-0.016769484,-0.022721171,-0.017136738,-0.02125825,-0.017908499,-0.01862105,0.02415277,-0.018943682,-0.01776335,0.065461054,-0.016537555,-0.017442618,-0.016137607,0.10972499,-0.08226403,-0.016503986,0.12926209,0.13094476,-0.017874658,-0.01696131
2022-01-06,-0.013992578,-0.019600734,-0.0141858235,-0.017714128,-0.0150263235,-0.01615408,0.021374464,-0.01591856,-0.014605716,0.05966773,-0.013736799,-0.014885537,-0.015634991,0.100168794,-0.07954272,-0.013776302,0.120292194,0.12201065,-0.014959,-0.013553102
2022-01-07,-0.020298839,-0.025833756,-0.020616833,-0.022344843,-0.021595206,-0.022579812,0.022474907,-0.022467822,-0.020996917,0.06583651,-0.020123407,-0.021418355,-0.021440513,0.11226391,-0.08982638,-0.020016886,0.13317122,0.13495924,-0.021436661,-0.018960625
2022-01-10,-0.013861239,-0.020258762,-0.014381267,-0.018274762,-0.015506331,-0.01598613,0.023508787,-0.016279534,-0.014648408,0.062527254,-0.01360862,-0.014537863,-0.018875085,0.104090355,-0.07792876,-0.013561871,0.12340472,0.12506516,-0.014946133,-0.013859823
2022-01-11,-0.013971534,-0.019909184,-0.014139332,-0.020483479,-0.015129726,-0.015881274,0.021374464,-0.016308345,-0.014825944,0.05966773,-0.013755448,-0.014533557,-0.019891165,0.100168794,-0.07954272,-0.013721552,0.120292194,0.12201065,-0.014960222,-0.013899315
2022-01-12,-0.013924234,-0.019419886,-0.011935636,-0.031510964,-0.0147685185,-0.015932426,0.021374464,-0.016307805,-0.014944844,0.05966773,-0.013810668,-0.014936857,-0.016056068,0.100168794,-0.07954272,-0.01353151,0.120292194,0.12201065,-0.014891863,-0.013889976
2022-01-13,-0.014236122,-0.020156592,-0.013087414,-0.031957336,-0.015701003,-0.016216204,0.025410458,-0.016852371,-0.015430629,0.06535043,-0.013885073,-0.015162356,-0.014053002,0.10817551,-0.07713992,-0.013684042,0.12683746,0.12845188,-0.015355177,-0.014275398
2022-01-14,-0.010030553,-0.01475716,-0.011273019,-0.016197786,-0.011277683,-0.011699576,0.01878833,-0.01203154,-0.0107043795,0.05286645,-0.009482563,-0.010566659,-0.005415834,0.08831882,-0.07292878,-0.0096526,0.10805241,0.109736405,-0.010871775,-0.009856157
2022-01-18,-0.010122523,-0.014592379,-0.009687107,-0.009068228,-0.01116943,-0.011679895,0.021297887,-0.0123012215,-0.011001296,0.056537054,-0.00972338,-0.0107920505,-0.011008546,0.09356014,-0.072105326,-0.009540454,0.11268691,0.11432675,-0.01117719,-0.009998139
2022-01-19,-0.014022972,-0.019347265,-0.015349381,-0.031461462,-0.015213143,-0.015635282,0.021374464,-0.016363874,-0.014931612,0.05966773,-0.013903551,-0.014858559,-0.011476375,0.100168794,-0.07954272,-0.013749544,0.120292194,0.12201065,-0.014870308,-0.013971433
2022-01-20,-0.00906172,-0.014369696,-0.012995351,-0.010445274,-0.0106434785,-0.010928314,0.022164904,-0.011275575,-0.0102618635,0.05718781,-0.009040408,-0.009972353,-0.0052141952,0.0940491,-0.07032675,-0.008709796,0.1127834,0.11439325,-0.010236256,-0.009238265
2022-01-21,-0.013980478,-0.013096478,-0.016562313,-0.017833404,-0.015055396,-0.015572272,0.021374464,-0.014275916,-0.014583185,0.05966773,-0.013772219,-0.014636286,-0.015489832,0.100168794,-0.07954272,-0.013643824,0.120292194,0.12201065,-0.014866415,-0.013981305
2022-01-24,-0.014069334,-0.013251945,-0.014378712,-0.019928,-0.015190989,-0.015342239,0.021374464,-0.015226122,-0.014571596,0.05966773,-0.013761725,-0.014692321,-0.013246082,0.100168794,-0.07954272,-0.0133507475,0.120292194,0.12201065,-0.014846191,-0.014056966
2022-01-25,-0.011689723,-0.011380725,-0.011362366,-0.02051229,-0.012965154,-0.012987886,0.020558894,-0.012725845,-0.012187213,0.0565826,-0.01131963,-0.012359276,-0.006725106,0.0944406,-0.07493993,-0.011133399,0.1139763,0.11564918,-0.012289338,-0.011955693
2022-01-26,-0.01367306,-0.013576146,-0.013612039,-0.030083619,-0.015368566,-0.01569672,0.021374464,-0.014263749,-0.014381118,0.05966773,-0.013735145,-0.014642261,-0.00054325117,0.100168794,-0.07954272,-0.01350978,0.120292194,0.12201065,-0.014550883,-0.014238089
2022-01-27,-0.014302865,-0.0142014995,-0.016058035,-0.025246948,-0.0160872,-0.016747884,0.0250609,-0.01453511,-0.016083375,0.064882025,-0.014004327,-0.015232395,0.005845141,0.10753584,-0.07737436,-0.013857812,0.12630722,0.1279296,-0.015066594,-0.014704194
2022-01-28,-0.014433388,-0.014292829,-0.017416522,-0.02319225,-0.016660538,-0.016771369,0.024216197,-0.015261404,-0.016361844,0.06384223,-0.014173396,-0.015434358,0.01108329,0.10618434,-0.07819457,-0.013958342,0.12527153,0.126917,-0.015284613,-0.014976926
2022-01-31,-0.0120308325,-0.011553533,-0.015085984,-0.02294252,-0.014046207,-0.0143378675,0.025384001,-0.012361631,-0.013794154,0.063677765,-0.0116702095,-0.013017297,0.014747471,0.10460999,-0.07332591,-0.011472024,0.12289593,0.12447851,-0.012846924,-0.0126501545
2022-02-01,-0.009419881,-0.00964845,-0.012400225,-0.01791031,-0.0112709105,-0.0118686035,0.026439004,-0.009508982,-0.0114604235,0.06324338,-0.009042997,-0.010505848,0.011012904,0.10257178,-0.06827805,-0.009010799,0.12008197,0.121603094,-0.010149024,-0.009863049
2022-02-02,-0.013960555,-0.013831466,-0.01642286,-0.026479162,-0.015300639,-0.015750013,0.021374464,-0.013425402,-0.015709728,0.05966773,-0.013771199,-0.014704339,0.013728965,0.100168794,-0.07954272,-0.013630867,0.120292194,0.12201065,-0.014590301,-0.0143853575
2022-02-03,-0.009821322,-0.009340648,-0.012438342,-0.021402113,-0.011380058,-0.011655401,0.02064053,-0.010697305,-0.011844836,0.055521406,-0.009779274,-0.011071891,0.016103096,0.09207379,-0.072160885,-0.00958734,0.11132117,0.11296979,-0.01056866,-0.0103706755
2022-02-04,-0.0095171705,-0.008690927,-0.012133688,-0.02064573,-0.011236891,-0.01137016,0.022314116,-0.010314457,-0.011079907,0.05765138,-0.008997478,-0.010436423,0.017679475,0.09489357,-0.070787065,-0.009274919,0.113599434,0.115208186,-0.010043833,-0.0099757165
2022-02-07,-0.013770975,-0.013065297,-0.01613637,-0.025444023,-0.015207194,-0.0156105235,0.021374464,-0.014425788,-0.014159791,0.05966773,-0.013022102,-0.0142053515,0.014986362,0.100168794,-0.07954272,-0.013515718,0.120292194,0.12201065,-0.014262818,-0.013969034
2022-02-08,-0.013982885,-0.012835287,-0.016075782,-0.023698099,-0.0153147355,-0.015446484,0.021374464,-0.013681978,-0.0152118355,0.05966773,-0.013582513,-0.014516931,0.012765899,0.100168794,-0.07954272,-0.013678387,0.120292194,0.12201065,-0.014504641,-0.014193527
2022-02-09,-0.012741819,-0.01133804,-0.014890671,-0.021574974,-0.01407899,-0.014487825,0.02351708,-0.012454867,-0.014889792,0.061701227,-0.012478534,-0.013301592,0.011619691,0.10231073,-0.07592379,-0.012167931,0.12139515,0.12303676,-0.013365958,-0.013103522
2022-02-10,-0.013869088,-0.012667388,-0.015886009,-0.021253843,-0.015067708,-0.015327327,0.021374464,-0.013795167,-0.015128374,0.05966773,-0.012665167,-0.014146902,0.015063267,0.100168794,-0.07954272,-0.013338983,0.120292194,0.12201065,-0.014089823,-0.013458781
2022-02-11,-0.007782332,-0.0079302415,-0.010061711,-0.014533356,-0.009222522,-0.009995151,0.028022327,-0.007855631,-0.009567961,0.06438795,-0.0074526514,-0.008577503,0.011936117,0.10336632,-0.06497342,-0.0070346515,0.12018514,0.12165292,-0.008864898,-0.007991895
2022-02-14,-0.007353745,-0.0077653746,-0.009544421,0.02246856,-0.008982681,-0.009745475,0.028144382,-0.007340453,-0.009255365,0.06428099,-0.007065035,-0.008146808,0.009960644,0.103008,-0.06426531,-0.006588645,0.11973027,0.12119027,-0.008681253,-0.007700763
2022-02-15,-0.013854917,-0.013284035,-0.015594758,0.03135427,-0.015504532,-0.0156201795,0.021374464,-0.012866374,-0.015464507,0.05966773,-0.013755731,-0.014717869,0.009671818,0.100168794,-0.07954272,-0.013446324,0.120292194,0.12201065,-0.012657713,-0.0142674595
2022-02-16,-0.007401779,-0.007956833,-0.008723509,0.044443786,-0.008575417,-0.008796141,0.014760517,-0.007101252,-0.00872805,0.04504741,-0.007202543,-0.008042693,0.022515416,0.07579682,-0.069392174,-0.0069608237,0.09578461,0.09748376,-0.0066663916,-0.0077532935
2022-02-17,-0.012370221,-0.012153581,-0.0148010105,-0.00025392277,-0.0141610205,-0.014483299,0.025863409,-0.012315825,-0.013337821,0.06462626,-0.011463638,-0.012597173,0.0074499813,0.10614561,-0.07371331,-0.011770073,0.12434741,0.12592472,-0.011676572,-0.012315147
2022-02-18,-0.010728911,-0.008559618,-0.012494318,-0.004511952,-0.012228645,-0.01235532,0.023861893,-0.011886254,-0.012432452,0.060743704,-0.01054528,-0.011777587,0.009367548,0.099902414,-0.07225658,-0.00985416,0.11845802,0.12005786,-0.011160135,-0.010906503
2022-02-22,-0.017237123,-0.01488214,-0.018692035,0.0053765927,-0.018711649,-0.018834092,0.022437297,-0.017499916,-0.018601812,0.063593976,-0.01714629,-0.018392712,0.008896712,0.107492305,-0.08464934,-0.016753718,0.12784162,0.12958346,-0.018040393,-0.017755672
2022-02-23,-0.014043763,-0.014274556,-0.014625698,0.034393176,-0.015095323,-0.015026964,0.021374464,-0.013218582,-0.0162621,0.05966773,-0.013827365,-0.01492577,0.010335751,0.100168794,-0.07954272,-0.013211921,0.120292194,0.12201065,-0.0147380605,-0.014409266
2022-02-24,-0.012608029,-0.0144472495,-0.013333298,0.03232046,-0.013998762,-0.013717994,0.023426205,-0.013048552,-0.015034892,0.061376847,-0.012368314,-0.01358138,0.009571582,0.10171,-0.07550246,-0.01175205,0.12076902,0.12240826,-0.013334908,-0.013057895
2022-02-25,-0.011364132,-0.015257426,-0.012171119,0.027347304,-0.013390839,-0.012476154,0.026787817,-0.01209927,-0.013788242,0.06502183,-0.010786958,-0.012143124,0.009823181,0.1060264,-0.07111547,-0.010616012,0.12373719,0.12527639,-0.012001213,-0.0115412995
2022-02-28,-0.014174558,-0.017089214,-0.0146075785,0.031227347,-0.015592121,-0.015149001,0.021374464,-0.013179861,-0.015776344,0.05966773,-0.013708502,-0.014667682,0.008601829,0.100168794,-0.07954272,-0.01352993,0.120292194,0.12201065,-0.014155351,-0.014270939
2022-03-01,-0.01419479,-0.018567182,-0.015555158,0.0048949127,-0.015177757,-0.016099818,0.021374464,-0.012941517,-0.015680589,0.05966773,-0.013732292,-0.014786709,0.011483267,0.100168794,-0.07954272,-0.013590656,0.120292194,0.12201065,-0.014166616,-0.014330689
2022-03-02,-0.0077202874,-0.01240772,-0.009387746,-0.0021390165,-0.0092532635,-0.010399923,0.028120615,-0.008058295,-0.009787958,0.06426272,-0.007011145,-0.009168014,0.011386991,0.10299376,-0.06431206,-0.0068523134,0.119725905,0.121186666,-0.008359246,-0.00824105
2022-03-03,-0.007884759,-0.012633197,-0.009688251,-0.011036564,-0.009508431,-0.01113414,0.028114013,-0.008083202,-0.010048635,0.06429751,-0.0071306,-0.0088263415,0.011841599,0.10307555,-0.06441798,-0.00703112,0.11981942,0.12128114,-0.008446831,-0.008188415
2022-03-04,-0.014236964,-0.018143937,-0.01587192,-0.017184198,-0.01498932,-0.017047971,0.021374464,-0.014817387,-0.015913531,0.05966773,-0.013752278,-0.01488632,0.010813937,0.100168794,-0.07954272,-0.01347024,0.120292194,0.12201065,-0.0145782605,-0.014208645
2022-03-07,-0.014624566,-0.018469304,-0.016292252,-0.017961476,-0.015767165,-0.017085377,0.02078975,-0.014885418,-0.016433492,0.059026547,-0.014187112,-0.015093926,0.009303577,0.09943297,-0.07995535,-0.013913795,0.11953172,0.12125046,-0.01503177,-0.014743209
2022-03-08,-0.0137781575,-0.016293928,-0.015210442,-0.016935017,-0.015171304,-0.015515082,0.021374464,-0.014363717,-0.015685685,0.05966773,-0.013604023,-0.014514364,0.011526976,0.100168794,-0.07954272,-0.012655798,0.120292194,0.12201065,-0.014637198,-0.014265917
2022-03-09,-0.013949439,-0.023417719,-0.015865132,-0.015904311,-0.015254043,-0.01463636,0.021374464,-0.0122459605,-0.015308328,0.05966773,-0.013141453,-0.014390677,0.011538602,0.100168794,-0.07954272,-0.013293788,0.120292194,0.12201065,-0.014115833,-0.013955358
2022-03-10,-0.009739969,-0.012107149,-0.010230292,-0.021785818,-0.0103146285,-0.0108202845,0.019835055,-0.009621337,-0.011291422,0.054082617,-0.0091692805,-0.009963013,0.019058697,0.08983853,-0.07173895,-0.0088404305,0.109160654,0.110814445,-0.010349356,-0.009976797
2022-03-11,-0.0141436495,-0.017424509,-0.014928423,-0.021577153,-0.014880747,-0.015430532,0.021374464,-0.012335621,-0.015401334,0.05966773,-0.013058297,-0.01418582,0.011473384,0.100168794,-0.07954272,-0.013286419,0.120292194,0.12201065,-0.014530562,-0.013984036
2022-03-14,-0.01418522,-0.017945271,-0.015283629,-0.023372099,-0.014633536,-0.015407667,0.021374464,-0.011848543,-0.015656509,0.05966773,-0.013142724,-0.014353648,0.002139051,0.100168794,-0.07954272,-0.013083085,0.120292194,0.12201065,-0.014274865,-0.014121175
2022-03-15,-0.014344178,-0.018474732,-0.015422553,-0.022928506,-0.015541516,-0.015865453,0.021374464,-0.012031123,-0.015569054,0.05966773,-0.0137877315,-0.014798798,0.008096784,0.100168794,-0.07954272,-0.0142057985,0.120292194,0.12201065,-0.014510103,-0.0141340755
2022-03-16,-0.014235601,-0.017833382,-0.015638612,-0.02167312,-0.015581094,-0.016403537,0.021374464,-0.011799999,-0.015988126,0.05966773,-0.013911296,-0.014841422,-0.0009902748,0.100168794,-0.07954272,-0.013682641,0.120292194,0.12201065,-0.014670819,-0.014373206
2022-03-17,-0.012536757,-0.015288174,-0.013976604,-0.01860065,-0.014041938,-0.01464938,0.020573772,-0.010654248,-0.014376942,0.057117306,-0.012099735,-0.012759984,-0.005284473,0.095547,-0.07642885,-0.011574365,0.11542571,0.11712343,-0.013047401,-0.012678064
2022-03-18,-0.012136333,-0.014523823,-0.013832431,-0.017126873,-0.013909485,-0.014211316,0.022516467,-0.010957789,-0.013851181,0.059491552,-0.011654809,-0.012035273,-0.010858886,0.098618664,-0.07449979,-0.011318993,0.11776518,0.11940934,-0.0126445815,-0.012107398
2022-03-21,-0.01096455,-0.013401613,-0.012804002,-0.01823495,-0.012893245,-0.014860652,0.026773453,-0.009737968,-0.013223089,0.06475982,-0.010591686,-0.011246793,-0.00934533,0.10547794,-0.07056422,-0.0103674345,0.12314185,0.12467697,-0.011756726,-0.011307105
2022-03-22,-0.014132187,-0.017781071,-0.015603907,-0.023640119,-0.015333548,-0.018365528,0.021374464,-0.013023343,-0.015698642,0.05966773,-0.0138740055,-0.014827471,-0.013903365,0.100168794,-0.07954272,-0.01369616,0.120292194,0.12201065,-0.014874544,-0.01442524
2022-03-23,-0.014200114,-0.01652943,-0.01565284,-0.02079209,-0.015415527,-0.016742546,0.021374464,-0.011681274,-0.015509613,0.05966773,-0.013842855,-0.014913358,-0.016031027,0.100168794,-0.07954272,-0.013681393,0.120292194,0.12201065,-0.014847387,-0.014330577
2022-03-24,-0.011036541,-0.012780368,-0.012694277,-0.013867963,-0.012355797,-0.013538972,0.022424921,-0.0095307715,-0.012213748,0.058614984,-0.010669164,-0.011481401,-0.014408685,0.09684683,-0.07262807,-0.010512117,0.11571505,0.11733778,-0.011534631,-0.010920588
2022-03-25,-0.01386147,-0.015226625,-0.015538372,-0.019840784,-0.015207179,-0.015858322,0.022326805,-0.01170136,-0.015257888,0.060938478,-0.013694577,-0.01489396,-0.015003905,0.101893865,-0.07895889,-0.013341323,0.12176963,0.12346963,-0.014672395,-0.014331333
2022-03-28,-0.009359866,-0.009705365,-0.011460148,-0.013856038,-0.010739092,-0.0121688545,0.02745501,-0.007827774,-0.010680389,0.0645778,-0.0084725395,-0.010030262,-0.0081846565,0.10437122,-0.06755417,-0.008755498,0.12157275,0.12307111,-0.009867448,-0.009504624
2022-03-29,-0.014209434,-0.015615031,-0.015724756,-0.016569614,-0.015442774,-0.016808994,0.021374464,-0.012502879,-0.015472375,0.05966773,-0.013682507,-0.014630739,-0.0127948895,0.100168794,-0.07954272,-0.013592012,0.120292194,0.12201065,-0.013935424,-0.014350563
2022-03-30,-0.014149476,-0.016957156,-0.015703235,-0.017005369,-0.015568532,-0.015780065,0.021374464,-0.012190953,-0.015663214,0.05966773,-0.013695739,-0.014718734,-0.013314772,0.100168794,-0.07954272,-0.013623264,0.120292194,0.12201065,-0.0142561905,-0.014009342
2022-03-31,-0.014078204,-0.01707147,-0.015821889,-0.016824525,-0.0155254975,-0.015509032,0.021374464,-0.012262411,-0.015821226,0.05966773,-0.013660468,-0.014626887,-0.013167128,0.100168794,-0.07954272,-0.01354152,0.120292194,0.12201065,-0.014467873,-0.014382377
2022-04-01,-0.009134866,-0.009670921,-0.011471618,-0.011689484,-0.010987394,-0.010356069,0.018133067,-0.008283384,-0.011658788,0.05165352,-0.009346303,-0.011154406,-0.008050136,0.086402744,-0.07255597,-0.008360587,0.10624113,0.10793207,-0.0103209615,-0.01025027
2022-04-04,-0.014174566,-0.01211673,-0.015704706,-0.01706709,-0.015678797,-0.015182428,0.021374464,-0.012405023,-0.015977487,0.05966773,-0.0138622075,-0.015464839,-0.012153007,0.100168794,-0.07954272,-0.013409007,0.120292194,0.12201065,-0.014656823,-0.014410049
2022-04-05,-0.010335345,-0.011115946,-0.012687691,-0.01280199,-0.012428805,-0.012094088,0.026939444,-0.009411536,-0.0128036365,0.064580694,-0.010162212,-0.011811882,-0.0102744885,0.10491966,-0.06950558,-0.0094858855,0.12243166,0.123954676,-0.011261165,-0.0102958605
2022-04-06,-0.017549105,-0.019111257,-0.019586377,-0.021431286,-0.019982405,-0.018990014,0.023449585,-0.01652687,-0.019869037,0.065196715,-0.01776798,-0.018990237,-0.017112873,0.10989152,-0.08435519,-0.01707391,0.12983342,0.13154723,-0.018694196,-0.01808612
2022-04-07,-0.01368884,-0.015660413,-0.015575483,-0.017173015,-0.016013406,-0.016041853,0.021374464,-0.0126430765,-0.015620016,0.05966773,-0.013996005,-0.015117317,-0.012846727,0.100168794,-0.07954272,-0.013727076,0.120292194,0.12201065,-0.014919452,-0.014037382
2022-04-08,-0.009727977,-0.01152353,-0.011801772,-0.013407081,-0.011738189,-0.012326561,0.019601434,-0.0085466765,-0.011569001,0.05401524,-0.009477407,-0.0109322,-0.008829169,0.08992403,-0.07263254,-0.00953801,0.10950193,0.11117417,-0.010604106,-0.010269627
2022-04-11,-0.015007138,-0.016764387,-0.017191224,-0.018268459,-0.016848575,-0.017455362,0.023353823,-0.01339322,-0.01715865,0.0631886,-0.014556065,-0.016435903,-0.014940262,0.105670325,-0.08010221,-0.0146482885,0.12526481,0.12694776,-0.015937772,-0.015091393
2022-04-12,-0.00920837,-0.010850497,-0.012371518,-0.011367869,-0.011545904,-0.012428425,0.02742099,-0.008783903,-0.0117095485,0.06462331,-0.009253249,-0.01073854,-0.010604076,0.10450507,-0.06778551,-0.008790936,0.12173494,0.1232357,-0.009921156,-0.009745002
2022-04-13,-0.013788648,-0.015540428,-0.015673883,-0.014506146,-0.015768759,-0.016369194,0.021374464,-0.013296708,-0.015943091,0.05966773,-0.013966054,-0.015049983,-0.013906941,0.100168794,-0.07954272,-0.013198346,0.120292194,0.12201065,-0.0143074915,-0.014528863
2022-04-14,-0.013790738,-0.015368175,-0.016116463,-0.016317807,-0.015553784,-0.016720302,0.021374464,-0.012861263,-0.015895907,0.05966773,-0.013852343,-0.014983341,-0.015389528,0.100168794,-0.07954272,-0.013333421,0.120292194,0.12201065,-0.014579661,-0.014446154
2022-04-18,-0.010845631,-0.012640528,-0.013352424,-0.012936309,-0.013140708,-0.014248423,0.024720117,-0.011190839,-0.012937997,0.061963364,-0.010684241,-0.011778109,-0.013659336,0.1016244,-0.0718263,-0.0106637925,0.11991372,0.12149438,-0.011416648,-0.011127949
2022-04-19,-0.013954394,-0.014609069,-0.01580596,-0.016331196,-0.01587417,-0.01669037,0.021374464,-0.0151393935,-0.015575118,0.05966773,-0.0137262605,-0.014696576,-0.01634626,0.100168794,-0.07954272,-0.013636477,0.120292194,0.12201065,-0.014633454,-0.014085006
2022-04-20,-0.0071190963,-0.0074700858,-0.009608313,-0.008385569,-0.009877067,-0.010611642,0.028327174,-0.007734589,-0.009450927,0.06425063,-0.0068155,-0.007992908,-0.011095725,0.10275019,-0.06350749,-0.006461933,0.11935766,0.120808505,-0.007834848,-0.006955042
2022-04-21,-0.008011885,-0.007346272,-0.011153564,-0.0076040546,-0.011185721,-0.011503529,0.027824812,-0.0076518576,-0.010371689,0.06420552,-0.0076311375,-0.009166453,-0.011815712,0.10318237,-0.06528955,-0.00746829,0.12007546,0.12154896,-0.008905496,-0.007876761
2022-04-22,-0.014230214,-0.01337273,-0.016337253,-0.024024315,-0.016408987,-0.014427245,0.021374464,-0.012734905,-0.015363246,0.05966773,-0.0137237795,-0.014828298,-0.017390624,0.100168794,-0.07954272,-0.01357165,0.120292194,0.12201065,-0.014390651,-0.013856694
2022-04-25,-0.013195537,-0.013748717,-0.01580593,-0.018383205,-0.015513808,-0.0156201795,0.021941394,-0.012343466,-0.014623761,0.05962863,-0.01258,-0.013963103,-0.018362202,0.099528596,-0.07687352,-0.012585543,0.11896316,0.12063152,-0.013646264,-0.012951471
2022-04-26,-0.013266724,-0.0133381225,-0.016516656,-0.020587057,-0.016160108,-0.01639925,0.021374464,-0.014696233,-0.015519597,0.05966773,-0.013834335,-0.014703862,-0.019037291,0.100168794,-0.07954272,-0.013465457,0.120292194,0.12201065,-0.014503583,-0.0138527155
2022-04-27,-0.01164351,-0.012623541,-0.01495558,-0.015760932,-0.014462344,-0.014292836,0.02615466,-0.0122054145,-0.013792429,0.064462446,-0.011309832,-0.012580425,-0.016408302,0.10548884,-0.07221431,-0.010800868,0.12346411,0.12502341,-0.01205609,-0.0117950365
2022-04-28,-0.0131085515,-0.014266279,-0.016080119,-0.016537204,-0.015624121,-0.015993483,0.021665327,-0.0141439065,-0.015161909,0.05940368,-0.013104208,-0.014002509,-0.01795075,0.09932613,-0.077493556,-0.0123799145,0.11895493,0.120637335,-0.013605811,-0.013440363
2022-04-29,-0.010479674,-0.028056316,-0.013232864,-0.010751724,-0.012515135,-0.012871601,0.022695847,-0.009980656,-0.012169298,0.058594964,-0.010019146,-0.01107949,-0.015081026,0.09651939,-0.07155334,-0.009392437,0.11521549,0.11682468,-0.010634411,-0.010469735
2022-05-02,-0.013432246,-0.0040699425,-0.016775973,-0.014326945,-0.015884846,-0.015794381,0.021374464,-0.013664953,-0.016060162,0.05966773,-0.01385124,-0.014644701,-0.01824262,0.100168794,-0.07954272,-0.01258608,0.120292194,0.12201065,-0.014029652,-0.014188372
2022-05-03,-0.0067017297,-0.005615085,-0.01103963,-0.0075866985,-0.009741992,-0.010187164,0.028265879,-0.0066619026,-0.00966423,0.06426605,-0.0069292965,-0.008209527,-0.012125719,0.1028479,-0.06377331,-0.006484709,0.11949469,0.120948665,-0.007652662,-0.0073166112
2022-05-04,-0.009844042,-0.009701729,-0.014095373,-0.011008285,-0.012742005,-0.0137222335,0.02711124,-0.0107413605,-0.012864448,0.06484878,-0.009964898,-0.01143793,-0.015204653,0.105315186,-0.06948278,-0.008805063,0.12278503,0.12430506,-0.010905281,-0.010461874
2022-05-05,-0.0136960335,-0.0136087835,-0.017117448,-0.014993593,-0.01613101,-0.016678698,0.021374464,-0.014579527,-0.016121458,0.05966773,-0.013827417,-0.014737688,-0.018659547,0.100168794,-0.07954272,-0.012543142,0.120292194,0.12201065,-0.014432941,-0.0141037665
2022-05-06,-0.01344645,-0.014322743,-0.017095335,-0.014087666,-0.016516596,-0.015620571,0.025978327,-0.0136259645,-0.016274624,0.06542987,-0.01305576,-0.014309581,-0.016669743,0.107752286,-0.075147636,-0.012323864,0.12606359,0.12765063,-0.013765596,-0.013243474
2022-05-09,-0.01043953,-0.010263294,-0.014267482,-0.012299653,-0.013703562,-0.013502628,0.026819833,-0.010677971,-0.013353191,0.064471826,-0.009981774,-0.011704676,-0.013828963,0.104810774,-0.06971192,-0.009276621,0.12237669,0.123903744,-0.01080782,-0.010140404
2022-05-10,-0.013359472,-0.014094584,-0.01720015,-0.015446611,-0.016733184,-0.015799496,0.021374464,-0.014347564,-0.016653381,0.05966773,-0.013515178,-0.0149819255,-0.017297305,0.100168794,-0.07954272,-0.013112713,0.120292194,0.12201065,-0.014392182,-0.01383438
2022-05-11,-0.0125803575,-0.013708074,-0.01766505,-0.015009314,-0.016870067,-0.016895093,0.021374464,-0.014349304,-0.016745798,0.05966773,-0.013807647,-0.01505179,-0.017373167,0.100168794,-0.07954272,-0.0136263445,0.120292194,0.12201065,-0.0144225955,-0.013799816
2022-05-12,-0.011035956,-0.009404831,-0.01565656,-0.0118398145,-0.014736891,-0.015184678,0.026106045,-0.011874601,-0.0147045255,0.064324476,-0.011390634,-0.012842625,-0.015263874,0.10524383,-0.07207187,-0.011165492,0.123213686,0.12477245,-0.012110189,-0.011520639
2022-05-13,-0.012536734,-0.010928795,-0.016338728,-0.012488842,-0.015487123,-0.015879028,0.024755232,-0.012633942,-0.015322067,0.06303242,-0.012124747,-0.0134684,-0.016230367,0.10387797,-0.07426266,-0.011888154,0.122448675,0.12405225,-0.012962319,-0.012306944
2022-05-16,-0.009930927,-0.00816454,-0.013875119,-0.010002453,-0.013064139,-0.013485566,0.025608413,-0.010240667,-0.012822889,0.062365305,-0.009480413,-0.011001337,-0.013806768,0.1015558,-0.06939149,-0.009346776,0.11938657,0.120931625,-0.010491975,-0.009650722
2022-05-17,-0.014063403,-0.012771092,-0.01717455,-0.01417762,-0.016700521,-0.023148596,0.021374464,-0.014399614,-0.01628517,0.05966773,-0.013714239,-0.014611155,-0.017380495,0.100168794,-0.07954272,-0.013449714,0.120292194,0.12201065,-0.014326822,-0.013743013
2022-05-18,-0.0134844035,-0.012352776,-0.016747497,-0.013679426,-0.016938463,-0.016290091,0.025755994,-0.013619751,-0.016041368,0.06517901,-0.013013296,-0.014502563,-0.017241545,0.107446805,-0.07540288,-0.012863174,0.12583573,0.12742867,-0.013703696,-0.013252307
2022-05-19,-0.0108012855,-0.009428456,-0.01417695,-0.0110198185,-0.014030471,-0.013883539,0.025040276,-0.01106149,-0.013397455,0.062302638,-0.010410331,-0.01183242,-0.013945434,0.10201846,-0.071389966,-0.010648884,0.12017757,0.12174862,-0.011157006,-0.010641497
2022-05-20,-0.014075179,-0.012867212,-0.017100241,-0.014423959,-0.016368452,-0.01690925,0.021374464,-0.014286503,-0.016641952,0.05966773,-0.013653699,-0.01473619,-0.017213412,0.100168794,-0.07954272,-0.013882667,0.120292194,0.12201065,-0.014239263,-0.013704181
2022-05-23,-0.009833202,-0.008987203,-0.013047859,-0.010296755,-0.012121014,-0.012563266,0.017720543,-0.0101407245,-0.012429252,0.05120463,-0.009409927,-0.010457702,-0.013377376,0.08587686,-0.073010415,-0.009694919,0.105818495,0.10751764,-0.010297574,-0.009392343
2022-05-24,-0.014052704,-0.013294127,-0.017057497,-0.014388755,-0.016478263,-0.016653828,0.021374464,-0.014412455,-0.016589995,0.05966773,-0.013604749,-0.014711279,-0.017383844,0.100168794,-0.07954272,-0.013862364,0.120292194,0.12201065,-0.014439642,-0.013819713
2022-05-25,-0.010932326,-0.026260003,-0.013304479,-0.009320013,-0.01297272,-0.011944417,0.016192235,-0.009630252,-0.0129744485,0.04977438,-0.010295421,-0.011431292,-0.013147201,0.084422044,-0.07531597,-0.010010615,0.1048601,0.106598035,-0.010633677,-0.010516353
2022-05-26,-0.014167137,-0.019465197,-0.016231578,-0.014350589,-0.01604078,-0.016504847,0.021374464,-0.013305429,-0.016458407,0.05966773,-0.013276942,-0.014490366,-0.016607359,0.100168794,-0.07954272,-0.012852654,0.120292194,0.12201065,-0.013558641,-0.013661064
2022-05-27,-0.006976235,-0.009097181,-0.010745447,-0.0074089463,-0.008816928,-0.009393662,0.028307192,-0.0071596424,-0.010240294,0.064258814,-0.0065957825,-0.008185085,-0.010890126,0.102788955,-0.063601755,-0.005709998,0.11941,0.12086194,-0.007385641,-0.0073136757
2022-05-31,-0.016275808,-0.020793691,-0.019345567,-0.016968891,-0.018474832,-0.018726211,0.022417277,-0.015997563,-0.019217618,0.06276698,-0.015978016,-0.017180867,-0.019669205,0.105747774,-0.08266895,-0.015337363,0.12582213,0.12754242,-0.016546227,-0.016185094
2022-06-01,-0.0139340125,-0.017092176,-0.016711634,-0.014669023,-0.016127124,-0.016372137,0.021374464,-0.013409715,-0.016882293,0.05966773,-0.013616115,-0.014604688,-0.017379597,0.100168794,-0.07954272,-0.013251603,0.120292194,0.12201065,-0.014350906,-0.013444945
2022-06-02,-0.010361262,-0.012479976,-0.013604231,-0.010568939,-0.012894791,-0.011924937,0.020402215,-0.010310732,-0.013244435,0.055487692,-0.009989254,-0.011290893,-0.013875034,0.092238374,-0.07313179,-0.010316789,0.11173742,0.11340439,-0.011027113,-0.009857409
2022-06-03,-0.007757302,-0.009596936,-0.011040926,-0.007381655,-0.010017667,-0.009345703,0.026044391,-0.007500823,-0.011078738,0.06151059,-0.0071468423,-0.008723296,-0.011915963,0.09926698,-0.06568227,-0.0067590917,0.11658544,0.11808954,-0.008041829,-0.0077121924
2022-06-06,-0.014000811,-0.036311552,-0.016794778,-0.014434066,-0.015343692,-0.015404761,0.021374464,-0.013713844,-0.016735919,0.05966773,-0.013344742,-0.014496416,-0.0180167,0.100168794,-0.07954272,-0.012453508,0.120292194,0.12201065,-0.014355343,-0.013773255
2022-06-07,-0.013924047,-0.0045839543,-0.017140642,-0.013963111,-0.016401887,-0.015310761,0.021374464,-0.014134984,-0.01675861,0.05966773,-0.013307579,-0.014886431,-0.017634183,0.100168794,-0.07954272,-0.013843365,0.120292194,0.12201065,-0.0144562945,-0.01387123
2022-06-08,-0.01398553,-0.013797313,-0.017205127,-0.014134489,-0.016612351,-0.015512705,0.021374464,-0.014252212,-0.016879752,0.05966773,-0.013326503,-0.0150107965,-0.017407473,0.100168794,-0.07954272,-0.013731979,0.120292194,0.12201065,-0.0143477395,-0.013985969
2022-06-09,-0.0139626525,-0.014091015,-0.016750906,-0.014175922,-0.016368434,-0.015190601,0.021374464,-0.014077716,-0.016836256,0.05966773,-0.013571784,-0.014836058,-0.017490145,0.100168794,-0.07954272,-0.013444677,0.120292194,0.12201065,-0.014261078,-0.014298722
2022-06-10,-0.01392936,-0.018362865,-0.017005488,-0.014587641,-0.016482055,-0.015489168,0.021374464,-0.014060259,-0.017061532,0.05966773,-0.01366242,-0.014955163,-0.017821506,0.100168794,-0.07954272,-0.013419732,0.120292194,0.12201065,-0.014125828,-0.01416865
2022-06-13,-0.007113218,-0.008214235,-0.010442007,-0.0078534335,-0.009767588,-0.008660208,0.012967274,-0.007469378,-0.01030726,0.04243397,-0.0071710455,-0.008215804,-0.011212975,0.07207981,-0.06991457,-0.00662044,0.092435434,0.09416196,-0.0073602195,-0.0077102776
2022-06-14,-0.013857149,-0.0140948,-0.01705598,-0.0142455995,-0.016350187,-0.015578389,0.021374464,-0.013764031,-0.016971618,0.05966773,-0.013585348,-0.015065353,-0.018066905,0.100168794,-0.07954272,-0.013367675,0.120292194,0.12201065,-0.0141504705,-0.014483135
2022-06-15,-0.010391522,-0.010705624,-0.013831243,-0.010457687,-0.012040157,-0.011848427,0.023915015,-0.010360923,-0.013672724,0.06051922,-0.01011337,-0.011851296,-0.015070967,0.09937297,-0.07143585,-0.009984247,0.1177707,0.11935878,-0.009341188,-0.011069812
2022-06-16,-0.008004617,-0.008281764,-0.011691358,-0.0078462325,-0.00938455,-0.0095140785,0.027923629,-0.007830869,-0.011577975,0.06441946,-0.007645137,-0.009302054,-0.013123214,0.103538014,-0.06541739,-0.0075179967,0.12042185,0.12189486,-0.007446691,-0.008695208
2022-06-17,-0.009398371,-0.009970181,-0.012932528,-0.009674415,-0.012268666,-0.011159249,0.02705884,-0.009080242,-0.013040576,0.06433101,-0.009243175,-0.011186354,-0.013932042,0.104257666,-0.06847198,-0.008974712,0.121640034,0.12315246,-0.009345889,-0.010279842
2022-06-21,-0.010930717,-0.011932135,-0.0145985335,-0.010735329,-0.013944723,-0.01247336,0.026494898,-0.011447057,-0.014578126,0.064666264,-0.010811754,-0.012590699,-0.016929634,0.10556978,-0.07139765,-0.010712624,0.12338039,0.12492701,-0.010098144,-0.011891425
2022-06-22,-0.0069669182,-0.007682569,-0.010756932,-0.0070387493,-0.010303229,-0.0084812045,0.02826038,-0.0075575705,-0.010795459,0.06427854,-0.0067746188,-0.00840383,-0.012961011,0.102880634,-0.06382363,-0.006009757,0.119533785,0.12098827,-0.007278397,-0.00780189
2022-06-23,-0.010911759,-0.011632308,-0.014402397,-0.011034641,-0.01408213,-0.012960292,0.023997687,-0.011646934,-0.014619887,0.061119884,-0.01077516,-0.012466788,-0.01678672,0.10057549,-0.07254033,-0.010356046,0.1190726,0.120669074,-0.010416925,-0.011322349
2022-06-24,-0.009422623,-0.01027165,-0.013130441,-0.009489715,-0.012673818,-0.011663899,0.025514744,-0.010053895,-0.013108946,0.062113993,-0.009200856,-0.010817584,-0.0152869895,0.10111963,-0.069099225,-0.0092744045,0.11890337,0.12044504,-0.008755289,-0.010094173
2022-06-27,-0.008196808,-0.011113912,-0.011941265,-0.008130506,-0.011617333,-0.009918965,0.027370252,-0.00862021,-0.012586817,0.0637746,-0.007851768,-0.009911325,-0.015754431,0.10273454,-0.06599734,-0.008018073,0.11980108,0.121287756,-0.008362267,-0.009233832
2022-06-28,-0.007849503,-0.009279728,-0.011564571,-0.007927112,-0.011298589,-0.008775327,0.027901433,-0.0075270007,-0.011733286,0.06429355,-0.007578961,-0.009859353,-0.013971027,0.10329083,-0.06520644,-0.0075693983,0.120158456,0.12163004,-0.007261015,-0.0088997595
2022-06-29,-0.014105149,-0.014682766,-0.016853929,-0.014268376,-0.016385056,-0.0139376,0.021374464,-0.013675146,-0.016810663,0.05966773,-0.013691217,-0.015314773,-0.019190293,0.100168794,-0.07954272,-0.013496958,0.120292194,0.12201065,-0.014233075,-0.014721084
2022-06-30,-0.008251965,-0.009216085,-0.01164224,-0.008436985,-0.011686228,-0.00942646,0.027574666,-0.007274456,-0.011951573,0.064154916,-0.008053318,-0.010649927,-0.014304459,0.10333666,-0.066115595,-0.0079813,0.12036897,0.121853404,-0.008795828,-0.009460159
2022-07-01,-0.013979536,-0.014643118,-0.017201118,-0.014165975,-0.016270086,-0.014384761,0.021374464,-0.013668571,-0.016914994,0.05966773,-0.0137248635,-0.015202548,-0.019493587,0.100168794,-0.07954272,-0.013812635,0.120292194,0.12201065,-0.013301641,-0.014554881
2022-07-05,-0.013881732,-0.01503497,-0.0171443,-0.014268488,-0.015985541,-0.0151245445,0.021374464,-0.014084727,-0.01660487,0.05966773,-0.013661154,-0.01526247,-0.01954056,0.100168794,-0.07954272,-0.013868105,0.120292194,0.12201065,-0.014474228,-0.014617756
2022-07-06,-0.0138307735,-0.015268847,-0.016124532,-0.0140475,-0.01639093,-0.014624,0.021374464,-0.013645247,-0.016623251,0.05966773,-0.013689611,-0.015304521,-0.019502304,0.100168794,-0.07954272,-0.013084475,0.120292194,0.12201065,-0.013359845,-0.01457575
2022-07-07,-0.013846975,-0.015200067,-0.01618646,-0.013701789,-0.01655678,-0.014288932,0.021374464,-0.013750412,-0.016591117,0.05966773,-0.01360352,-0.015352305,-0.019297458,0.100168794,-0.07954272,-0.013752721,0.120292194,0.12201065,-0.013950214,-0.0146421045
2022-07-08,-0.0069106887,-0.0065265293,-0.010337666,-0.0067168954,-0.010688413,-0.007352605,0.028128564,-0.0068392227,-0.010173559,0.06401769,-0.0066582854,-0.009128977,-0.012945674,0.102459125,-0.06370803,-0.0068939137,0.11912847,0.12058398,-0.0070361416,-0.008394867
2022-07-11,-0.009166207,-0.0097196475,-0.012643959,-0.009079732,-0.012389086,-0.009957328,0.025528468,-0.009012707,-0.011950478,0.061893363,-0.008833326,-0.011124063,-0.015223995,0.10062968,-0.06854772,-0.009010762,0.11836625,0.119903736,-0.008393861,-0.010206405
2022-07-12,-0.0138352215,-0.013729654,-0.017078318,-0.013815738,-0.01663845,-0.014325444,0.021374464,-0.013852343,-0.016355641,0.05966773,-0.013596479,-0.0153696835,-0.019472092,0.100168794,-0.07954272,-0.013682127,0.120292194,0.12201065,-0.014182389,-0.0146699585
2022-07-13,-0.009219289,-0.025049154,-0.013149418,-0.009042572,-0.012773436,-0.00871142,0.027506396,-0.009309374,-0.011684466,0.06470104,-0.008932944,-0.011124514,-0.015561722,0.10458229,-0.06764477,-0.00912207,0.12177876,0.12327691,-0.008157983,-0.010293253
2022-07-14,-0.013654776,-0.005771592,-0.01713834,-0.013896324,-0.016980998,-0.013931669,0.021374464,-0.013853185,-0.016120754,0.05966773,-0.013624527,-0.01542386,-0.019663658,0.100168794,-0.07954272,-0.013691995,0.120292194,0.12201065,-0.012188911,-0.0150068365
2022-07-15,-0.0069430466,-0.008528404,-0.010358259,-0.007179938,-0.01042239,-0.007784981,0.014734015,-0.0058554034,-0.00900536,0.04492017,-0.0069449763,-0.008251727,-0.012868062,0.07555581,-0.06914379,-0.007220033,0.09549076,0.09718613,-0.0064633745,-0.008089058
2022-07-18,-0.012111343,-0.0117610805,-0.015768185,-0.012068454,-0.015315723,-0.014156878,0.023547232,-0.011549421,-0.014144108,0.061303094,-0.011954784,-0.013471186,-0.018366747,0.10143586,-0.074744694,-0.012067348,0.12030568,0.12193119,-0.011506312,-0.013107926
2022-07-19,-0.013853338,-0.013464421,-0.0170561,-0.013802096,-0.016760092,-0.0145462155,0.021374464,-0.013731953,-0.015927423,0.05966773,-0.013679296,-0.0152056925,-0.01973036,0.100168794,-0.07954272,-0.013789151,0.120292194,0.12201065,-0.0124116205,-0.014816113
2022-07-20,-0.012107573,-0.01168561,-0.015804999,-0.012099259,-0.015430264,-0.01285807,0.02446571,-0.012177918,-0.014133517,0.062635556,-0.011913441,-0.013903771,-0.018199123,0.10333159,-0.07440796,-0.011869717,0.12196917,0.12357781,-0.010793086,-0.013330594
2022-07-21,-0.013795402,-0.013921365,-0.017153189,-0.0138002895,-0.01690618,-0.015343465,0.021374464,-0.014231384,-0.015570372,0.05966773,-0.013719201,-0.01511047,-0.019559592,0.100168794,-0.07954272,-0.014173087,0.120292194,0.12201065,-0.012657676,-0.014561314
2022-07-22,-0.013806686,-0.013644852,-0.01699574,-0.01374013,-0.016814064,-0.015297718,0.021374464,-0.014016166,-0.015622914,0.05966773,-0.013665579,-0.015118115,-0.019664213,0.100168794,-0.07954272,-0.013637364,0.120292194,0.12201065,-0.012421161,-0.014785424
2022-07-25,-0.01418696,-0.01419488,-0.017469116,-0.0140201375,-0.017343607,-0.015646629,0.021779858,-0.01411441,-0.015921902,0.060252473,-0.01390779,-0.015595876,-0.020289548,0.10103069,-0.0790292,-0.01407069,0.120775394,0.12246817,-0.012836769,-0.015381448
2022-07-26,-0.013789922,-0.014140356,-0.017106093,-0.013846904,-0.016958728,-0.015253708,0.021374464,-0.013947472,-0.01554019,0.05966773,-0.013748512,-0.015177678,-0.019848682,0.100168794,-0.07954272,-0.014095962,0.120292194,0.12201065,-0.011876233,-0.01507936
2022-07-27,-0.0074109207,-0.0076279934,-0.011252284,-0.0071054096,-0.009535514,-0.008814767,0.028159492,-0.0073653604,-0.00904043,0.06432226,-0.007028933,-0.0089350045,-0.013743468,0.10308079,-0.0643045,-0.007509529,0.1198033,0.12126339,-0.0063026915,-0.008925289
2022-07-28,-0.012056343,-0.0121739805,-0.015785348,-0.011938795,-0.01341787,-0.013664134,0.02632659,-0.010926791,-0.014015853,0.065106384,-0.011812009,-0.013573371,-0.01822612,0.106690876,-0.07307739,-0.01217182,0.12471747,0.12628162,-0.010448553,-0.013516702
2022-07-29,-0.014053166,-0.0140016265,-0.017227985,-0.013726998,-0.015333906,-0.015143327,0.020809978,-0.012255259,-0.015811235,0.05892214,-0.013829939,-0.015368745,-0.01980307,0.09917498,-0.079770975,-0.012168743,0.119342215,0.121064894,-0.012234617,-0.015054736
2022-08-01,-0.010845192,-0.011515535,-0.014384933,-0.0107953325,-0.012672268,-0.0123142265,0.024631709,-0.010543119,-0.013058443,0.061965674,-0.010575376,-0.012472235,-0.016998924,0.10171917,-0.07219984,-0.01082667,0.120088905,0.12167559,-0.011164546,-0.012020193
2022-08-02,-0.011678688,-0.01205704,-0.015041217,-0.011877902,-0.014281079,-0.012906112,0.024106085,-0.011871818,-0.014035791,0.061841175,-0.011412699,-0.013131272,-0.01837609,0.10201178,-0.07381014,-0.012022309,0.12060585,0.12221102,-0.011923939,-0.012978911
2022-08-03,-0.013896301,-0.014223814,-0.016893093,-0.014025852,-0.02047906,-0.015133869,0.021374464,-0.014152437,-0.015510067,0.05966773,-0.013446927,-0.014991339,-0.020784017,0.100168794,-0.07954272,-0.013940919,0.120292194,0.12201065,-0.01427396,-0.014714345
2022-08-04,-0.013925545,-0.013981141,-0.016961217,-0.014128223,-0.016978968,-0.014109425,0.021374464,-0.014169745,-0.015557047,0.05966773,-0.013351165,-0.01504875,-0.020956405,0.100168794,-0.07954272,-0.014234982,0.120292194,0.12201065,-0.014178887,-0.014564402
2022-08-05,-0.017955795,-0.03394939,-0.020739295,-0.017856907,-0.022161253,-0.018191949,0.021943897,-0.018216267,-0.0198339,0.063444704,-0.017610498,-0.019351654,-0.02545799,0.1076953,-0.08610996,-0.018190365,0.1282666,0.13002639,-0.018419713,-0.01934079
2022-08-08,-0.013945233,-0.0031667831,-0.017006744,-0.01391476,-0.014008224,-0.014504906,0.021374464,-0.013769239,-0.015615568,0.05966773,-0.013630789,-0.015454575,-0.021353103,0.100168794,-0.07954272,-0.014091365,0.120292194,0.12201065,-0.014533497,-0.015073054
2022-08-09,-0.013950013,-0.0122701265,-0.0168674,-0.013391953,-0.016442552,-0.014991142,0.021374464,-0.014021773,-0.015499961,0.05966773,-0.013560593,-0.015391298,-0.020789087,0.100168794,-0.07954272,-0.01366964,0.120292194,0.12201065,-0.014105458,-0.015063595
2022-08-10,-0.022580784,-0.034388155,-0.02537103,-0.02178076,-0.023052596,-0.024263248,0.023664467,-0.022675999,-0.023956697,0.06920607,-0.022312254,-0.02390398,-0.030996863,0.11823944,-0.09335933,-0.022763953,0.13932572,0.14113058,-0.022930473,-0.023794327
2022-08-11,-0.014212422,0.004589711,-0.017345712,-0.014244683,-0.015539829,-0.015726812,0.02467388,-0.013927091,-0.015806518,0.06417772,-0.013518143,-0.015395373,-0.022041224,0.10642643,-0.07722397,-0.014075935,0.12529455,0.12692331,-0.014451347,-0.015186388
2022-08-12,-0.01407437,-0.011154212,-0.016556479,-0.013390414,-0.013813004,-0.015006706,0.021374464,-0.014467608,-0.015091464,0.05966773,-0.013514295,-0.015010603,-0.020887814,0.100168794,-0.07954272,-0.013442054,0.120292194,0.12201065,-0.014303613,-0.014910415
2022-08-15,-0.012012146,-0.010726389,-0.014859214,-0.0120189,-0.01330255,-0.012589365,0.023080543,-0.010991894,-0.013449233,0.060348764,-0.011489615,-0.013186306,-0.017946713,0.09988498,-0.07418005,-0.011622105,0.11874064,0.12036482,-0.012070451,-0.012968168
2022-08-16,-0.013348404,-0.011951171,-0.016141362,-0.013161674,-0.015710413,-0.021983914,0.02201157,-0.01310258,-0.014649715,0.059738092,-0.01274807,-0.014456585,-0.019304972,0.099695444,-0.07680402,-0.012731202,0.11906647,0.120730564,-0.01337783,-0.014010161
2022-08-17,-0.010398306,-0.009694427,-0.01343295,-0.009679381,-0.01312815,-0.01708053,0.020934105,-0.010115996,-0.011750318,0.056018703,-0.009877589,-0.011333741,-0.014249947,0.09284676,-0.07207175,-0.010258805,0.11192191,0.11355899,-0.010524787,-0.01117675
2022-08-18,-0.011827938,-0.0112483725,-0.015071943,-0.011626955,-0.015026554,-0.015100561,0.026460528,-0.011488058,-0.013663836,0.06488366,-0.011196408,-0.01284501,-0.01675079,0.10607316,-0.07203384,-0.011585079,0.123953775,0.1255062,-0.01189398,-0.012410603
2022-08-19,-0.014227927,-0.013727155,-0.016694814,-0.013895132,-0.016812816,-0.018567793,0.021374464,-0.014154062,-0.0150329545,0.05966773,-0.013491008,-0.014765512,-0.01843058,0.100168794,-0.07954272,-0.013820853,0.120292194,0.12201065,-0.014150187,-0.014551215
2022-08-22,-0.017281707,-0.017683566,-0.019465476,-0.016575258,-0.020121269,-0.0177277,0.022208147,-0.01696115,-0.017901342,0.06295888,-0.016539037,-0.017581377,-0.02246137,0.10636196,-0.08410401,-0.016424809,0.12675917,0.12850326,-0.017079562,-0.01748735
2022-08-23,-0.012713134,-0.013074782,-0.015278354,-0.012975402,-0.016214512,-0.0127027705,0.025371738,-0.011722341,-0.013891116,0.0639803,-0.012037195,-0.01328288,-0.01772391,0.10527637,-0.074041046,-0.012228392,0.12361053,0.12519766,-0.012562171,-0.013036594
2022-08-24,-0.014334455,-0.01381205,-0.016876038,-0.013750851,-0.017477598,-0.01942753,0.021374464,-0.013868988,-0.015137479,0.05966773,-0.013571486,-0.014614567,-0.018509403,0.100168794,-0.07954272,-0.014113501,0.120292194,0.12201065,-0.013964631,-0.014351144
2022-08-25,-0.015836678,-0.015550643,-0.016913816,-0.015824683,-0.019376926,-0.017259426,0.023193486,-0.014068782,-0.017382223,0.06324087,-0.01526124,-0.016572319,-0.020049803,0.10596593,-0.08066828,-0.014352925,0.12554474,0.12722817,-0.015000299,-0.016418308
2022-08-26,-0.0148306675,-0.02999331,-0.01745908,-0.015411004,-0.018389136,-0.019049454,0.02419813,-0.014090702,-0.016663026,0.06396548,-0.014117595,-0.015662905,-0.020486496,0.10646787,-0.0785535,-0.0146565065,0.12559667,0.12724555,-0.014587883,-0.015286669
2022-08-29,-0.021255545,-0.0060805897,-0.023959406,-0.021219414,-0.02478864,-0.026222117,0.023683101,-0.020902418,-0.022689842,0.06803672,-0.020722713,-0.021997862,-0.027036525,0.115724385,-0.090369515,-0.021002084,0.13638408,0.13815564,-0.020957902,-0.021692164
2022-08-30,-0.014175933,-0.012401853,-0.017016098,-0.014356755,-0.01752387,-0.014833316,0.021374464,-0.013744503,-0.015611716,0.05966773,-0.013571173,-0.014834616,-0.019353248,0.100168794,-0.07954272,-0.014063522,0.120292194,0.12201065,-0.0138337165,-0.01457455
2022-08-31,-0.014157973,-0.013150949,-0.017084055,-0.015240312,-0.017649561,-0.01313556,0.021374464,-0.0137998015,-0.016080968,0.05966773,-0.013418406,-0.0146873,-0.019542046,0.100168794,-0.07954272,-0.014279254,0.120292194,0.12201065,-0.01405431,-0.014017396
2022-09-01,-0.0075952443,-0.006305359,-0.011133112,-0.008923862,-0.012665674,-0.0082221255,0.028183326,-0.00723689,-0.010590117,0.06432282,-0.007010545,-0.008455798,-0.013739873,0.103056915,-0.06421571,-0.0076593678,0.11976515,0.1212241,-0.007538266,-0.007811151
2022-09-02,-0.011149697,-0.010522831,-0.014640808,-0.011511195,-0.015720941,-0.01080028,0.02570317,-0.0110168755,-0.013854012,0.06341291,-0.010793939,-0.012195207,-0.01708652,0.103708655,-0.07146495,-0.011316925,0.12171195,0.12327222,-0.01105256,-0.011399008
2022-09-06,-0.014187105,-0.013594989,-0.016026087,-0.012987852,-0.016192067,-0.02686984,0.021374464,-0.014126878,-0.016435623,0.05966773,-0.013841279,-0.015054125,-0.019929767,0.100168794,-0.07954272,-0.014322136,0.120292194,0.12201065,-0.013758428,-0.014145158
2022-09-07,-0.014159344,-0.013692185,-0.016967036,-0.020500965,-0.014960736,-0.020772811,0.021374464,-0.013463981,-0.016393881,0.05966773,-0.013834357,-0.014809225,-0.020342201,0.100168794,-0.07954272,-0.014274664,0.120292194,0.12201065,-0.01366619,-0.014456909
2022-09-08,-0.012895115,-0.012634505,-0.016003694,-0.015224837,-0.013771322,-0.02249746,0.026271246,-0.012235202,-0.016502917,0.06548213,-0.012423359,-0.013563417,-0.017280512,0.10755746,-0.074153,-0.012985095,0.12569581,0.12726936,-0.0127701685,-0.013257038
2022-09-09,-0.013707902,-0.011225894,-0.016808707,-0.013512552,-0.013065971,-0.023855723,0.021374464,-0.013523303,-0.016908053,0.05966773,-0.013524175,-0.014594339,-0.016255666,0.100168794,-0.07954272,-0.013581589,0.120292194,0.12201065,-0.013722189,-0.014362432
2022-09-12,-0.011808105,-0.0104707815,-0.015233345,-0.014554281,-0.01386369,-0.01827684,0.02227962,-0.01168666,-0.015426248,0.059493564,-0.0118448995,-0.011451893,-0.016136803,0.09887052,-0.075413965,-0.011989281,0.11817231,0.119828634,-0.011960782,-0.012555134
2022-09-13,-0.008371964,-0.00724424,-0.016789123,-0.009038087,-0.011396296,-0.020941325,0.027452089,-0.008321967,-0.012806825,0.06449015,-0.008699872,-0.009792287,-0.026236884,0.104186274,-0.067356296,-0.00819492,0.12136613,0.122862704,-0.009400222,-0.009961128
2022-09-14,-0.015133455,-0.013793223,-0.018083096,-0.016269665,-0.017643679,-0.016916346,0.024856888,-0.0151825175,-0.019251011,0.06556583,-0.015170112,-0.016644262,-0.026805125,0.1092184,-0.07975594,-0.015165165,0.1282818,0.12992804,-0.016067691,-0.016090527
2022-09-15,-0.013643779,-0.0107075125,-0.01644656,-0.015032478,-0.015886836,-0.017139971,0.021374464,-0.013975754,-0.017211571,0.05966773,-0.01365754,-0.014827438,-0.022685606,0.100168794,-0.07954272,-0.0139020085,0.120292194,0.12201065,-0.014233343,-0.014348406
2022-09-16,-0.012619771,-0.012285799,-0.0144914985,-0.012506656,-0.015422605,-0.017842904,0.024409965,-0.012896232,-0.01651844,0.06318226,-0.012725849,-0.014303364,-0.016238768,0.104567535,-0.075867064,-0.012962349,0.12334318,0.12496366,-0.013436023,-0.013578735
2022-09-19,-0.013254799,-0.011139084,-0.016447864,-0.013226837,-0.015461028,-0.017108254,0.021374464,-0.012915678,-0.017032444,0.05966773,-0.013638757,-0.01508788,-0.017422013,0.100168794,-0.07954272,-0.013641298,0.120292194,0.12201065,-0.014026109,-0.01313439
2022-09-20,-0.013742838,-0.010520097,-0.016803272,-0.012334935,-0.0155781135,-0.015159398,0.021374464,-0.013664164,-0.017130494,0.05966773,-0.013652131,-0.0147567615,-0.020503782,0.100168794,-0.07954272,-0.0140030235,0.120292194,0.12201065,-0.014270019,-0.013361163
2022-09-21,-0.0137963705,-0.012417316,-0.01694224,-0.014664397,-0.015845403,-0.014833204,0.021374464,-0.013850942,-0.017216314,0.05966773,-0.013763215,-0.013335772,-0.020970598,0.100168794,-0.07954272,-0.014050826,0.120292194,0.12201065,-0.014212459,-0.013839778
2022-09-22,-0.012518421,-0.010838181,-0.01601421,-0.012032963,-0.015327442,-0.026666991,0.025873229,-0.012776338,-0.016226247,0.06490337,-0.012329586,-0.01246205,-0.019348852,0.10672938,-0.074336834,-0.012602519,0.124999665,0.12658262,-0.013200678,-0.012910239
2022-09-23,-0.0068048197,-0.0058901007,-0.0105998665,-0.0071184444,-0.009786185,-0.009751778,0.028261207,-0.0071743275,-0.010803595,0.06428589,-0.006756417,-0.0070011984,-0.013030753,0.1028955,-0.06383733,-0.0068849134,0.11954967,0.121004276,-0.007719032,-0.0078103463
2022-09-26,-0.01359009,-0.011776201,-0.016961463,-0.014416166,-0.016497605,-0.02114103,0.025239207,-0.0137125775,-0.01716359,0.064815946,-0.013481729,-0.014477614,-0.034896903,0.10720577,-0.07655277,-0.013716184,0.12585893,0.12747179,-0.014120057,-0.01388932
2022-09-27,-0.009140298,-0.007660262,-0.012612715,-0.008935839,-0.012820099,-0.011783611,0.0271338,-0.008120649,-0.012408048,0.06426304,-0.009048536,-0.0101908,-0.03852176,0.10403169,-0.0680427,-0.009397466,0.12136272,0.12287094,-0.009734094,-0.009459846
2022-09-28,-0.013778925,-0.013659429,-0.01673264,-0.014130648,-0.016425014,-0.016918063,0.021374464,-0.012866713,-0.016504452,0.05966773,-0.013696525,-0.014127091,-0.029449083,0.100168794,-0.07954272,-0.013883829,0.120292194,0.12201065,-0.014320739,-0.01378946
2022-09-29,-0.010683127,-0.007934343,-0.014157426,-0.010186013,-0.013858106,-0.02284962,0.022506014,-0.009379219,-0.0135083385,0.058765322,-0.010529861,-0.011335265,-0.027266942,0.09708109,-0.0727118,-0.010843728,0.115965,0.11758876,-0.011605632,-0.011465766
2022-09-30,-0.01266424,-0.01002489,-0.01622808,-0.013607509,-0.01581192,-0.023220472,0.021364458,-0.012678631,-0.016116433,0.058845535,-0.012621552,-0.013544917,-0.030947149,0.0984327,-0.07744091,-0.012854453,0.11820294,0.11989473,-0.013779361,-0.0134212375
2022-10-03,-0.013508029,-0.01195094,-0.016700134,-0.013473928,-0.016529165,-0.036858507,0.021374464,-0.01285211,-0.016806029,0.05966773,-0.013610944,-0.013898283,-0.029539283,0.100168794,-0.07954272,-0.013518725,0.120292194,0.12201065,-0.014755003,-0.014353715
2022-10-04,-0.007819898,-0.006320342,-0.01153747,-0.013322245,-0.0116845295,-0.017158598,0.027930155,-0.007909611,-0.011587329,0.06446776,-0.007822949,-0.008845199,-0.021519467,0.103635065,-0.06550564,-0.0077881287,0.12052609,0.121999696,-0.009118315,-0.008653522
2022-10-05,-0.013377681,-0.011383474,-0.016731143,-0.01759918,-0.01654489,-0.020432748,0.021374464,-0.013963975,-0.016804092,0.05966773,-0.013807856,-0.014853068,-0.0209084,0.100168794,-0.07954272,-0.013377707,0.120292194,0.12201065,-0.014502533,-0.013257455
2022-10-06,-0.006197672,-0.006524853,-0.010402355,-0.010479782,-0.01049231,-0.0121188015,0.02830775,-0.006929222,-0.0107524395,0.064215764,-0.0067100744,-0.008014996,-0.013325449,0.10269588,-0.06349907,-0.006182566,0.11930665,0.12075769,-0.007725,-0.006661396
2022-10-07,-0.008755799,-0.008958481,-0.012648486,-0.011516172,-0.012610331,-0.02460023,0.02683521,-0.0095882155,-0.01288097,0.06381421,-0.009021446,-0.010450259,-0.016530044,0.10338306,-0.06810134,-0.0088311955,0.12077505,0.12228765,-0.010200635,-0.008731663
2022-10-10,-0.01508094,-0.015203267,-0.018030375,-0.018415898,-0.01756356,-0.026008174,0.019419797,-0.015424211,-0.018086776,0.057716526,-0.015097529,-0.0160947,-0.023309186,0.098054,-0.082117386,-0.015158642,0.11871539,0.120476514,-0.015912227,-0.014646996
2022-10-11,-0.013871763,-0.014045179,-0.0151571855,-0.017095134,-0.016278319,-0.026028767,0.021374464,-0.014242917,-0.016842127,0.05966773,-0.01377251,-0.014812507,-0.021125447,0.100168794,-0.07954272,-0.013712943,0.120292194,0.12201065,-0.01453248,-0.013968576
2022-10-12,-0.009950891,-0.009551603,-0.0112485215,-0.011370026,-0.013187103,-0.017490707,0.02713079,-0.010615312,-0.013692655,0.06490529,-0.009866383,-0.011510931,-0.01525414,0.10541606,-0.06953973,-0.009818297,0.1228863,0.124406435,-0.011145502,-0.0107700005
2022-10-13,-0.00989205,-0.009566702,-0.011512175,-0.0106169805,-0.012250289,-0.016062751,0.02402021,-0.010383517,-0.013312429,0.06052372,-0.009881537,-0.011346135,-0.014880665,0.099265255,-0.07112346,-0.009640589,0.11765786,0.119244754,-0.011039354,-0.0109672025
2022-10-14,-0.013697527,-0.013921168,-0.013936777,-0.014916815,-0.014373917,-0.018782586,0.021374464,-0.014105633,-0.016511336,0.05966773,-0.013697788,-0.014692377,-0.018421914,0.100168794,-0.07954272,-0.01334504,0.120292194,0.12201065,-0.0147822425,-0.014918435
2022-10-17,-0.014933821,-0.014424447,-0.017475646,-0.015917689,-0.0168087,-0.017280228,0.024925023,-0.015958361,-0.018059105,0.06542733,-0.014916979,-0.016208738,-0.019357443,0.10884649,-0.07920457,-0.014497802,0.12785937,0.12950116,-0.016448162,-0.016211785
2022-10-18,-0.008382827,-0.00775215,-0.011454977,-0.009293467,-0.011266127,-0.00958094,0.02772396,-0.0090579055,-0.011749778,0.0644949,-0.008166805,-0.010193132,-0.013314627,0.10391042,-0.06634326,-0.00806256,0.120928966,0.12241279,-0.009608585,-0.008511648
2022-10-19,-0.013277665,-0.012509849,-0.01687251,-0.01494227,-0.016645595,-0.01837499,0.021374464,-0.014400724,-0.016312119,0.05966773,-0.013622269,-0.014672376,-0.017693404,0.100168794,-0.07954272,-0.01331801,0.120292194,0.12201065,-0.014929336,-0.012897782
2022-10-20,-0.013235055,-0.014157798,-0.016921673,-0.014632989,-0.01630506,-0.016679201,0.021374464,-0.014211804,-0.016335633,0.05966773,-0.013592623,-0.014216837,-0.0144774765,0.100168794,-0.07954272,-0.013332032,0.120292194,0.12201065,-0.014681004,-0.014600638
2022-10-21,-0.008792333,-0.0093473755,-0.012657765,-0.01028385,-0.013613008,-0.010700129,0.027487248,-0.009576872,-0.012183461,0.064696744,-0.008825004,-0.010235891,-0.01121866,0.10459312,-0.0677081,-0.008791588,0.12180089,0.12329999,-0.010329574,-0.009879053
2022-10-24,-0.01353183,-0.013109852,-0.01612226,-0.013857231,-0.017613042,-0.013736375,0.021374464,-0.013978094,-0.016405351,0.05966773,-0.013661742,-0.014512047,-0.015086941,0.100168794,-0.07954272,-0.0135049075,0.120292194,0.12201065,-0.014937438,-0.012962244
2022-10-25,-0.010611519,-0.011665098,-0.013525665,-0.01132999,-0.014900748,-0.011460338,0.025619768,-0.010990597,-0.0139123835,0.06320376,-0.010485806,-0.01162798,-0.01444516,0.10334386,-0.071325384,-0.010556564,0.1213755,0.12293739,-0.011884987,-0.0113340095
2022-10-26,-0.008717142,-0.009197962,-0.011985935,-0.009726681,-0.013259061,-0.009710826,0.027601346,-0.0091875605,-0.012124386,0.06466021,-0.008671261,-0.0097772665,-0.017608646,0.10439448,-0.06719325,-0.008759417,0.121526,0.12301896,-0.009954147,-0.008559793
2022-10-27,-0.013076436,-0.014311887,-0.016681917,-0.014399126,-0.017755173,-0.014275126,0.021374464,-0.013941392,-0.016686916,0.05966773,-0.013691492,-0.014334217,-0.01708278,0.100168794,-0.07954272,-0.01312333,0.120292194,0.12201065,-0.014864653,-0.012572281
2022-10-28,-0.013048641,-0.014311779,-0.01691636,-0.014604315,-0.017705876,-0.011020079,0.021374464,-0.013724942,-0.016637817,0.05966773,-0.0135869235,-0.014201459,-0.02631855,0.100168794,-0.07954272,-0.013221838,0.120292194,0.12201065,-0.014814369,-0.012270384
2022-10-31,-0.00971669,-0.010839805,-0.013450202,-0.0110165365,-0.013903566,-0.0067571136,0.017254025,-0.0103811845,-0.01308899,0.050969392,-0.010147117,-0.01038795,-0.023590349,0.08586707,-0.07416735,-0.009934101,0.10599344,0.10770748,-0.011408389,-0.010062765
2022-11-01,-0.013648406,-0.01481127,-0.016755708,-0.01473821,-0.015526004,-0.010812707,0.021374464,-0.014111798,-0.016514875,0.05966773,-0.01358949,-0.014004875,-0.0196471,0.100168794,-0.07954272,-0.013834782,0.120292194,0.12201065,-0.014909044,-0.01340352
2022-11-02,-0.0077773626,-0.0075890566,-0.010154329,-0.0070307995,-0.011392057,-0.0063389908,0.027544402,-0.00847524,-0.011472162,0.06398211,-0.007801506,-0.009110596,-0.01118692,0.10299722,-0.06582562,-0.007886313,0.120007455,0.12148991,-0.009134188,-0.00799758
2022-11-03,-0.010491382,-0.010253299,-0.01358486,-0.011035912,-0.014372215,-0.008145861,0.024819694,-0.011379421,-0.014322758,0.062255967,-0.010810122,-0.012131184,-0.017150003,0.10214993,-0.072116815,-0.010511123,0.120433666,0.12201447,-0.011924617,-0.011288181
2022-11-04,-0.012760937,-0.013110466,-0.014309205,-0.011531729,-0.016451553,-0.010784972,0.026135176,-0.013415106,-0.016498484,0.065596975,-0.012890518,-0.014196396,-0.0146146305,0.10794676,-0.0749416,-0.012778919,0.1261988,0.12778145,-0.01417654,-0.01254873
2022-11-07,-0.011792153,-0.012674332,-0.014622603,-0.011717644,-0.015536837,-0.011194669,0.025692843,-0.012068417,-0.015328858,0.06426583,-0.01176618,-0.013429116,-0.015223481,0.10554864,-0.07353578,-0.011841062,0.12378588,0.12536532,-0.012770854,-0.0111385435
2022-11-08,-0.0069476883,-0.0068248655,-0.010549471,-0.0064662094,-0.011090547,-0.005793206,0.028088763,-0.0074674482,-0.011131126,0.06420893,-0.006981,-0.008964896,-0.010683835,0.102911815,-0.06430548,-0.007100064,0.11964981,0.12111098,-0.008239683,-0.0073913666
2022-11-09,-0.013957672,-0.015724108,-0.016750291,-0.013372824,-0.017140485,-0.010225065,0.021374464,-0.013695803,-0.01707226,0.05966773,-0.013654161,-0.014881156,-0.018103294,0.100168794,-0.07954272,-0.013955727,0.120292194,0.12201065,-0.014982812,-0.014331441
2022-11-10,-0.013791837,-0.012948856,-0.017021023,-0.011883341,-0.01703158,-0.008938838,0.021374464,-0.013825685,-0.017084993,0.05966773,-0.013685256,-0.015151963,-0.021672253,0.100168794,-0.07954272,-0.013701335,0.120292194,0.12201065,-0.014936309,-0.014430307
2022-11-11,-0.0136941895,-0.012413278,-0.016845778,-0.012493178,-0.017169472,-0.009151168,0.021374464,-0.01395968,-0.017202046,0.05966773,-0.013780575,-0.015352786,-0.017313205,0.100168794,-0.07954272,-0.013797414,0.120292194,0.12201065,-0.0146628395,-0.0142008215
2022-11-14,-0.013661161,-0.0119798705,-0.01683497,-0.012456983,-0.017171878,-0.011421494,0.021374464,-0.014257997,-0.017132685,0.05966773,-0.013765983,-0.015722752,-0.017102122,0.100168794,-0.07954272,-0.013743579,0.120292194,0.12201065,-0.014841612,-0.013813097
2022-11-15,-0.013359264,-0.013911124,-0.01677578,-0.013367843,-0.01712307,-0.013933361,0.021374464,-0.01419377,-0.017162912,0.05966773,-0.013712749,-0.016105197,-0.0177297,0.100168794,-0.07954272,-0.013788842,0.120292194,0.12201065,-0.014753424,-0.013733417
2022-11-16,-0.013225839,-0.012543179,-0.014484912,-0.0132464245,-0.017124824,-0.013436876,0.021374464,-0.014194682,-0.017161712,0.05966773,-0.013798639,-0.016185101,-0.015198253,0.100168794,-0.07954272,-0.013227724,0.120292194,0.12201065,-0.01467891,-0.013819575
2022-11-17,-0.013224542,-0.013817485,-0.013718296,-0.013129801,-0.017034285,-0.013516456,0.021374464,-0.0141662285,-0.016849652,0.05966773,-0.013709284,-0.01620569,-0.016528562,0.100168794,-0.07954272,-0.013405483,0.120292194,0.12201065,-0.014500149,-0.013706833
2022-11-18,-0.0137883425,-0.012474403,-0.013567753,-0.013368238,-0.017188765,-0.01345744,0.021374464,-0.014160886,-0.01684831,0.05966773,-0.013718914,-0.016270027,-0.017154366,0.100168794,-0.07954272,-0.01360704,0.120292194,0.12201065,-0.014579624,-0.014092177
2022-11-21,-0.01115647,-0.0115664005,-0.012387849,-0.012078263,-0.015123986,-0.01224703,0.026125178,-0.011912089,-0.014696345,0.06432949,-0.011172153,-0.014428675,-0.031519018,0.10523374,-0.07201948,-0.011203911,0.1231995,0.12475783,-0.012042202,-0.012511976
2022-11-22,-0.013582982,-0.013181433,-0.014159102,-0.013900168,-0.017090727,-0.013260242,0.021374464,-0.0142279975,-0.016730852,0.05966773,-0.0137508735,-0.016289238,-0.02597928,0.100168794,-0.07954272,-0.013585649,0.120292194,0.12201065,-0.014579967,-0.014574043
2022-11-23,-0.007574975,-0.0069928016,-0.0077957134,-0.008212514,-0.011438198,-0.0072926427,0.027980916,-0.008099478,-0.011445276,0.06435735,-0.0074825953,-0.010798525,-0.014991477,0.10334437,-0.06505672,-0.0076345797,0.12017972,0.12164879,-0.008462656,-0.008695897
2022-11-25,-0.008201778,-0.0074752863,-0.008650981,-0.009103797,-0.011955999,-0.008187495,0.027734302,-0.008778136,-0.012141295,0.0644425,-0.008018836,-0.011292074,-0.017297208,0.10378673,-0.066185705,-0.0081796795,0.12078983,0.122272335,-0.009057477,-0.009556808
2022-11-28,-0.013783462,-0.0139930695,-0.013484314,-0.014266223,-0.01710967,-0.014046889,0.025337681,-0.012781378,-0.01736305,0.06512951,-0.013671689,-0.016275022,-0.021232348,0.107775405,-0.07691992,-0.013750598,0.12644657,0.12806122,-0.014633253,-0.014475193
2022-11-29,-0.013794921,-0.014165662,-0.013401762,-0.013721604,-0.016827568,-0.014561728,0.021374464,-0.01391042,-0.016693618,0.05966773,-0.013681691,-0.015970685,-0.022320304,0.100168794,-0.07954272,-0.013658352,0.120292194,0.12201065,-0.014514647,-0.013714921
2022-11-30,-0.013533987,-0.017229103,-0.014131501,-0.013722621,-0.016544383,-0.015549071,0.021374464,-0.0138666555,-0.016641095,0.05966773,-0.013570994,-0.016327038,-0.033580445,0.100168794,-0.07954272,-0.012894589,0.120292194,0.12201065,-0.014281608,-0.013695918
2022-12-01,-0.007240332,-0.0091464,-0.009528644,-0.008257858,-0.010947928,-0.010750197,0.02674397,-0.007899173,-0.010776602,0.062479235,-0.0073058377,-0.010178462,-0.025740288,0.100612365,-0.06530784,-0.0064608078,0.11773565,0.119225495,-0.008238167,-0.008363776
2022-12-02,-0.013685569,-0.019631777,-0.014469959,-0.014029592,-0.016747378,-0.0133196935,0.021374464,-0.014148764,-0.01663056,0.05966773,-0.013626497,-0.01597637,-0.026932858,0.100168794,-0.07954272,-0.01344797,0.120292194,0.12201065,-0.014205005,-0.013810515
2022-12-05,-0.011310246,-0.016032014,-0.01207326,-0.011758026,-0.014752053,-0.012357451,0.02554547,-0.01166562,-0.0145211555,0.0635691,-0.011236392,-0.013454132,-0.026034918,0.10420755,-0.072453,-0.011180531,0.12236361,0.123935856,-0.011870112,-0.011540517
2022-12-06,-0.013953466,-0.017775573,-0.014221154,-0.01423724,-0.016757164,-0.014304031,0.021374464,-0.014220357,-0.016610846,0.05966773,-0.013703868,-0.015655719,-0.030068036,0.100168794,-0.07954272,-0.014013,0.120292194,0.12201065,-0.014200289,-0.013738312
2022-12-07,-0.013764404,-0.016718224,-0.013380002,-0.01386264,-0.016771339,-0.014648665,0.021374464,-0.014210366,-0.016661327,0.05966773,-0.013834935,-0.015890472,-0.02698528,0.100168794,-0.07954272,-0.014320467,0.120292194,0.12201065,-0.014226086,-0.013763532
2022-12-08,-0.017464377,-0.01950628,-0.017659914,-0.017959751,-0.02064909,-0.019240253,0.024576493,-0.017885223,-0.020563774,0.066719525,-0.01746279,-0.020205867,-0.028720919,0.11198117,-0.083629854,-0.017465405,0.13157348,0.13326181,-0.018249381,-0.017632991
2022-12-09,-0.013815418,-0.015845101,-0.0132503845,-0.014270581,-0.016784675,-0.015411451,0.021374464,-0.014283814,-0.01658392,0.05966773,-0.013760895,-0.016252786,-0.022861384,0.100168794,-0.07954272,-0.013740718,0.120292194,0.12201065,-0.013998635,-0.013883524
2022-12-12,-0.013842408,-0.01569052,-0.01300659,-0.014538802,-0.01672839,-0.015510686,0.021374464,-0.014435522,-0.016589105,0.05966773,-0.013757978,-0.015963063,-0.02150274,0.100168794,-0.07954272,-0.013800457,0.120292194,0.12201065,-0.014027331,-0.013905898
2022-12-13,-0.013897598,-0.01548326,-0.013530191,-0.014214233,-0.01667934,-0.015620504,0.021374464,-0.014314033,-0.016569842,0.05966773,-0.013723232,-0.01607712,-0.021530554,0.100168794,-0.07954272,-0.013806082,0.120292194,0.12201065,-0.014088877,-0.014030535
2022-12-14,-0.011939347,-0.013563648,-0.011757381,-0.012320768,-0.014961671,-0.013483919,0.02165386,-0.012361616,-0.014672592,0.058495745,-0.0118510835,-0.014103033,-0.019468497,0.097393066,-0.07535292,-0.01193358,0.116770215,0.1184322,-0.012407415,-0.012134232
2022-12-15,-0.010108203,-0.011591181,-0.009616721,-0.010579657,-0.013485573,-0.012324158,0.026912041,-0.010570489,-0.013320126,0.064611875,-0.009968419,-0.012767561,-0.015499998,0.1050144,-0.06969512,-0.010049008,0.12256017,0.124085724,-0.010960862,-0.010535028
2022-12-16,-0.01278656,-0.011230309,-0.013565663,-0.013260856,-0.016045209,-0.015695967,0.025466315,-0.013507344,-0.015967064,0.06455582,-0.0126107745,-0.01545997,-0.015685998,0.10640927,-0.07507429,-0.012848504,0.12485487,0.1264511,-0.013519838,-0.013141997
2022-12-19,-0.010758862,-0.009805903,-0.011136368,-0.01086653,-0.014398754,-0.013224676,0.026524335,-0.011749204,-0.014251232,0.064716235,-0.010751687,-0.013744026,-0.014006887,0.1056463,-0.07140186,-0.011033714,0.123449735,0.124995865,-0.011388376,-0.011761181
2022-12-20,-0.013611637,-0.011594124,-0.012836583,-0.014201209,-0.016502045,-0.012860574,0.021374464,-0.014653131,-0.016381398,0.05966773,-0.0136180855,-0.016039688,-0.015082568,0.100168794,-0.07954272,-0.01383318,0.120292194,0.12201065,-0.0137816,-0.014320463
2022-12-21,-0.013750322,-0.01165957,-0.014718916,-0.014229037,-0.016510941,-0.013825826,0.021374464,-0.014571674,-0.016287506,0.05966773,-0.013667423,-0.01610737,-0.015935436,0.100168794,-0.07954272,-0.013804711,0.120292194,0.12201065,-0.0137640685,-0.014855266
2022-12-22,-0.009577293,-0.009387657,-0.011177227,-0.01011112,-0.013244458,-0.009995714,0.027197152,-0.010259055,-0.012735259,0.06476687,-0.009644732,-0.012348924,-0.011943717,0.10504895,-0.06896462,-0.009917907,0.122446224,0.12396038,-0.010191318,-0.011190187
2022-12-23,-0.007437411,-0.008079283,-0.009578906,-0.009007581,-0.011235047,-0.008732714,0.0279738,-0.007932674,-0.010796428,0.06440674,-0.0076131593,-0.010258339,-0.010626145,0.103457905,-0.065199256,-0.007838309,0.120309256,0.121779695,-0.008339237,-0.009036042
2022-12-27,-0.0104806945,-0.0110026635,-0.012315199,-0.012060232,-0.013871409,-0.012025893,0.025634117,-0.010951996,-0.0134423785,0.063145,-0.010435805,-0.012888607,-0.015341487,0.10320465,-0.071110524,-0.0106516965,0.121195965,0.12275478,-0.010920547,-0.011690773
2022-12-28,-0.013404623,-0.01197549,-0.013317607,-0.014390737,-0.016565979,-0.012574829,0.021374464,-0.014228437,-0.016307555,0.05966773,-0.013765521,-0.016244952,-0.014837917,0.100168794,-0.07954272,-0.013840228,0.120292194,0.12201065,-0.013972543,-0.013782471
2022-12-29,-0.011078417,-0.0104840845,-0.012309961,-0.01268217,-0.0131979585,-0.010861166,0.026594207,-0.01173583,-0.01410811,0.06512705,-0.011321284,-0.01392236,-0.011758007,0.10645584,-0.07209429,-0.011502121,0.124309406,0.12586008,-0.012127973,-0.012403011
2022-12-30,-0.013555504,-0.013974134,-0.014431685,-0.014287643,-0.016188323,-0.0138656795,0.021374464,-0.013740763,-0.015952867,0.05966773,-0.013706982,-0.01603854,-0.013646804,0.100168794,-0.07954272,-0.013918601,0.120292194,0.12201065,-0.014192104,-0.014644045
2023-01-03,-0.013446655,-0.013670653,-0.014628962,-0.014402561,-0.015811536,-0.014464404,0.021374464,-0.014316373,-0.016718134,0.05966773,-0.013759002,-0.01605713,-0.011061765,0.100168794,-0.07954272,-0.014090471,0.120292194,0.12201065,-0.014445964,-0.013162024
2023-01-04,-0.013684973,-0.014642637,-0.015378285,-0.014589526,-0.016619131,-0.015775863,0.021374464,-0.014187485,-0.0168656,0.05966773,-0.013802163,-0.015877984,-0.012058452,0.100168794,-0.07954272,-0.01405862,0.120292194,0.12201065,-0.014300324,-0.014717191
2023-01-05,-0.006664667,-0.0063959504,-0.00947075,-0.008716568,-0.009432513,-0.008959781,0.028221041,-0.007581528,-0.010120101,0.06423955,-0.0069414224,-0.00923501,-0.0076731886,0.10283815,-0.0638797,-0.0073425765,0.11950515,0.120960705,-0.00812453,-0.0072724256
2023-01-06,-0.013358988,-0.015014201,-0.015338849,-0.014447276,-0.016470525,-0.015427843,0.021374464,-0.014284775,-0.016781937,0.05966773,-0.013714701,-0.01580761,-0.037171714,0.100168794,-0.07954272,-0.014384303,0.120292194,0.12201065,-0.01443404,-0.014896706
2023-01-09,-0.015317321,-0.015799787,-0.017463982,-0.016651843,-0.017716467,-0.017022282,0.023808375,-0.015819032,-0.01890133,0.06444938,-0.015827008,-0.017886598,-0.02426254,0.10790414,-0.08130156,-0.016156785,0.12749286,0.12917729,-0.016835172,-0.016536951
2023-01-10,-0.013472356,-0.013955936,-0.014888134,-0.014283478,-0.014658816,-0.01574684,0.021374464,-0.014025409,-0.01667951,0.05966773,-0.013698563,-0.015482917,-0.01549856,0.100168794,-0.07954272,-0.014316127,0.120292194,0.12201065,-0.014564551,-0.014754329
2023-01-11,-0.012574479,-0.013791285,-0.014662627,-0.014102899,-0.014667608,-0.015536465,0.021374464,-0.013701249,-0.016635627,0.05966773,-0.013649702,-0.015622951,-0.015766673,0.100168794,-0.07954272,-0.0144671425,0.120292194,0.12201065,-0.014149819,-0.014822748
2023-01-12,-0.013320841,-0.011867896,-0.015127152,-0.014070604,-0.014336258,-0.0152267665,0.021374464,-0.014441401,-0.016529195,0.05966773,-0.01372892,-0.015522756,-0.013817038,0.100168794,-0.07954272,-0.014011905,0.120292194,0.12201065,-0.013948724,-0.014913641
2023-01-13,-0.008963913,-0.0062663774,-0.008159757,-0.008995242,-0.009869155,-0.008344598,0.016864598,-0.008415636,-0.011449281,0.049382634,-0.008737564,-0.010366544,-0.014742099,0.08286999,-0.07189757,-0.008112684,0.102838844,0.10453872,-0.009262569,-0.008128248
2023-01-17,-0.008438211,-0.00816527,-0.00994768,-0.009406246,-0.011694286,-0.00985742,0.027448066,-0.00878948,-0.011867918,0.06422903,-0.008407541,-0.010292508,-0.010631777,0.10362915,-0.06676548,-0.008525349,0.12075398,0.1222459,-0.010554396,-0.009294078
2023-01-18,-0.013768911,-0.012995444,-0.01454623,-0.013791114,-0.016407158,-0.015354704,0.021374464,-0.014235102,-0.016710073,0.05966773,-0.0137679055,-0.0152229145,-0.015103765,0.100168794,-0.07954272,-0.014197692,0.120292194,0.12201065,-0.015462875,-0.014639229
2023-01-19,-0.013805099,-0.011119902,-0.0138740465,-0.013800062,-0.017129533,-0.014027476,0.021374464,-0.014283642,-0.016542703,0.05966773,-0.013711199,-0.015321821,-0.014623232,0.100168794,-0.07954272,-0.0142202675,0.120292194,0.12201065,-0.01544046,-0.013677053
2023-01-20,-0.01377511,-0.011267178,-0.014105216,-0.014093813,-0.017455772,-0.013846792,0.021374464,-0.014268383,-0.016602673,0.05966773,-0.013766866,-0.015436664,-0.01507571,0.100168794,-0.07954272,-0.01415452,0.120292194,0.12201065,-0.015568726,-0.013931043
2023-01-23,-0.014602255,-0.012878425,-0.014766507,-0.015420444,-0.018812083,-0.01511877,0.02508559,-0.015199576,-0.01790573,0.06538289,-0.014631819,-0.016723517,-0.016546197,0.10858261,-0.07848991,-0.0149840675,0.12748478,0.12911777,-0.017012566,-0.015315201
2023-01-24,-0.0138626695,-0.011281826,-0.012732308,-0.014223974,-0.016897708,-0.013278589,0.021374464,-0.014115106,-0.016024351,0.05966773,-0.013756134,-0.015301064,-0.014803052,0.100168794,-0.07954272,-0.014109865,0.120292194,0.12201065,-0.015175521,-0.012520332
2023-01-25,-0.010403991,-0.009924084,-0.01046323,-0.011623137,-0.014638677,-0.011555083,0.026499934,-0.010837115,-0.013795078,0.064297125,-0.01035963,-0.012085725,-0.0124629885,0.104771696,-0.070512645,-0.010877937,0.12249108,0.12403006,-0.012514949,-0.011023864
2023-01-26,-0.011331338,-0.009902678,-0.012895532,-0.012583017,-0.015893232,-0.013303854,0.026362076,-0.011847559,-0.014986135,0.06490023,-0.011494637,-0.013143249,-0.012631223,0.106211744,-0.072450146,-0.01191318,0.12416012,0.12571792,-0.013568521,-0.012457557
2023-01-27,-0.013531759,-0.012818277,-0.015270971,-0.01377162,-0.017439581,-0.014948159,0.021374464,-0.013904929,-0.016459722,0.05966773,-0.013759583,-0.014923658,-0.014007814,0.100168794,-0.07954272,-0.01399152,0.120292194,0.12201065,-0.015288457,-0.014646169
2023-01-30,-0.00887268,-0.008870214,-0.010991953,-0.009649225,-0.013321109,-0.009728141,0.022746041,-0.00926885,-0.012032051,0.057836384,-0.0089598745,-0.0102237575,-0.010145038,0.094846234,-0.069486074,-0.009312984,0.113255136,0.114841655,-0.010720849,-0.010002032
2023-01-31,-0.013816863,-0.0118911825,-0.014640924,-0.0140693635,-0.017524596,-0.012984224,0.021374464,-0.014290012,-0.016211778,0.05966773,-0.013785291,-0.014969461,-0.026909657,0.100168794,-0.07954272,-0.014009073,0.120292194,0.12201065,-0.015390925,-0.0141715
2023-02-01,-0.010418475,-0.011326,-0.012480885,-0.011894345,-0.014476854,-0.010973461,0.026308052,-0.010911036,-0.013043076,0.06400659,-0.010378934,-0.011773497,-0.016748108,0.10434603,-0.07059237,-0.010621987,0.12214031,0.12368445,-0.0122844875,-0.010835379
2023-02-02,-0.009770624,-0.010466889,-0.010251325,-0.0111686215,-0.014170505,-0.009207077,0.0268211,-0.010250635,-0.012585826,0.064297944,-0.009806819,-0.0109723285,-0.011393163,0.10443486,-0.06931209,-0.010101534,0.12196831,0.123492464,-0.0116091,-0.009120293
2023-02-03,-0.007673844,-0.011351626,-0.008821275,-0.009455863,-0.012139227,-0.007060557,0.027858727,-0.008113228,-0.0104811825,0.06424291,-0.0076382826,-0.008727953,-0.009897791,0.10322694,-0.06525091,-0.008022055,0.12010967,0.121582374,-0.009491738,-0.007252637
2023-02-06,-0.014915198,-0.012968563,-0.015905693,-0.016174905,-0.019142307,-0.014472246,0.02373983,-0.015333682,-0.01756984,0.06374523,-0.015051156,-0.016132876,-0.01755045,0.10646901,-0.0798522,-0.015113547,0.12588741,0.12755811,-0.016731672,-0.014483638
2023-02-07,-0.009986676,-0.009948023,-0.010879345,-0.011690982,-0.014254894,-0.010025125,0.02675309,-0.010280646,-0.012571886,0.06436214,-0.009895254,-0.011151828,-0.0144639425,0.10464672,-0.069691084,-0.010388523,0.122214794,0.12374205,-0.011679441,-0.010021113
2023-02-08,-0.01377631,-0.01130604,-0.014222838,-0.015371703,-0.017440833,-0.013633996,0.021374464,-0.014043264,-0.015715946,0.05966773,-0.0136702955,-0.014752276,-0.021702163,0.100168794,-0.07954272,-0.0140216015,0.120292194,0.12201065,-0.015235521,-0.013685077
2023-02-09,-0.013732538,-0.011118397,-0.013603978,-0.016878083,-0.015156396,-0.012653947,0.021374464,-0.014002543,-0.015932925,0.05966773,-0.013813812,-0.014883932,-0.01605799,0.100168794,-0.07954272,-0.013964135,0.120292194,0.12201065,-0.015302267,-0.0125282295
2023-02-10,-0.008324429,-0.009732261,-0.00828008,-0.011724766,-0.0101934485,-0.0071622203,0.018339798,-0.008459948,-0.010652855,0.051155336,-0.008387566,-0.009277187,-0.039432563,0.08512894,-0.07045771,-0.008499607,0.10460856,0.106272064,-0.009908557,-0.007250465
2023-02-13,-0.014871463,-0.012275472,-0.014261119,-0.018106095,-0.015785996,-0.01353262,0.022273041,-0.015210055,-0.01721964,0.06177505,-0.014930114,-0.016148865,-0.03745281,0.10375879,-0.08099775,-0.015165217,0.1237691,0.12548204,-0.016516212,-0.0131565295
2023-02-14,-0.013662487,-0.014194626,-0.013195679,-0.016804017,-0.016626734,-0.011723936,0.021374464,-0.014105879,-0.01611222,0.05966773,-0.013727844,-0.0147720575,-0.040329307,0.100168794,-0.07954272,-0.013833031,0.120292194,0.12201065,-0.015249725,-0.0123367235
2023-02-15,-0.01358939,-0.015309669,-0.014846899,-0.016719554,-0.016856797,-0.011965781,0.021374464,-0.013913013,-0.01605149,0.05966773,-0.01355613,-0.014542952,-0.012320712,0.100168794,-0.07954272,-0.01405599,0.120292194,0.12201065,-0.015031822,-0.013667144
2023-02-16,-0.013392523,-0.013139263,-0.015591897,-0.016597986,-0.016705595,-0.013891742,0.021374464,-0.014070965,-0.015834413,0.05966773,-0.013534732,-0.014613904,-0.01548209,0.100168794,-0.07954272,-0.013588604,0.120292194,0.12201065,-0.015053727,-0.014205888
2023-02-17,-0.019809939,-0.020292364,-0.020665918,-0.022773862,-0.023259863,-0.019718781,0.022503443,-0.020313065,-0.02201211,0.06572145,-0.019978136,-0.020826831,-0.027729891,0.11198382,-0.08948117,-0.020077907,0.13287145,0.13465741,-0.021281138,-0.019711614
2023-02-21,-0.011910714,-0.012710433,-0.012916379,-0.015606329,-0.015256226,-0.0119687505,0.024509244,-0.012637138,-0.014901392,0.06285318,-0.012122676,-0.013027586,-0.020867534,0.1037576,-0.07470504,-0.012405783,0.122383155,0.1239916,-0.013684958,-0.011885878
2023-02-22,-0.013596546,-0.0149427205,-0.0150990635,-0.016808674,-0.016682528,-0.014212783,0.021374464,-0.014093142,-0.016001076,0.05966773,-0.013703991,-0.014567051,-0.028350621,0.100168794,-0.07954272,-0.014044765,0.120292194,0.12201065,-0.014979579,-0.014190968
2023-02-23,-0.0075678895,-0.009879798,-0.0093179755,-0.011495683,-0.010678023,-0.00802844,0.027953662,-0.008164242,-0.0109394565,0.06437181,-0.007612526,-0.008699678,-0.011570141,0.10340405,-0.06519287,-0.007788941,0.120258905,0.12172952,-0.009556875,-0.008269142
2023-02-24,-0.007389895,-0.008907307,-0.008845367,-0.0112874955,-0.009928148,-0.0075684,0.028107032,-0.007860396,-0.01137979,0.064380325,-0.007319815,-0.008993689,-0.010529894,0.10326091,-0.06463648,-0.007551919,0.12002713,0.12149079,-0.009536274,-0.007536381
2023-02-27,-0.014922634,-0.015981656,-0.015887167,-0.01797203,-0.017011043,-0.01502765,0.022752546,-0.014919154,-0.018211804,0.062233567,-0.014718227,-0.015667364,-0.014516193,0.10425517,-0.080089845,-0.014299221,0.12395195,0.12564234,-0.016119115,-0.015148811
2023-02-28,-0.013848916,-0.015237503,-0.01453099,-0.016326927,-0.015773915,-0.014019839,0.021374464,-0.01382231,-0.01621855,0.05966773,-0.013248891,-0.014196627,-0.020292632,0.100168794,-0.07954272,-0.013422191,0.120292194,0.12201065,-0.014799669,-0.014085095
2023-03-01,-0.012963712,-0.015234724,-0.015340336,-0.016483307,-0.015937816,-0.014354341,0.021374464,-0.014066439,-0.016715273,0.05966773,-0.013611268,-0.014422491,-0.014243491,0.100168794,-0.07954272,-0.013632357,0.120292194,0.12201065,-0.014823478,-0.014368329
2023-03-02,-0.013227217,-0.014853381,-0.015074853,-0.016566303,-0.016232103,-0.014097497,0.021374464,-0.013896905,-0.016893864,0.05966773,-0.013710305,-0.014333256,-0.0131852925,0.100168794,-0.07954272,-0.01478263,0.120292194,0.12201065,-0.014712825,-0.01417923
2023-03-03,-0.013063319,-0.014808819,-0.014677405,-0.01664228,-0.015890095,-0.013823055,0.021374464,-0.013739582,-0.01701158,0.05966773,-0.01373294,-0.014420316,-0.013310257,0.100168794,-0.07954272,-0.014625661,0.120292194,0.12201065,-0.014854956,-0.01426781
2023-03-06,-0.012952544,-0.014871556,-0.014511637,-0.016619362,-0.015823174,-0.013688941,0.021374464,-0.013686858,-0.016865954,0.05966773,-0.013756581,-0.01461114,-0.018354058,0.100168794,-0.07954272,-0.014438156,0.120292194,0.12201065,-0.014771901,-0.013904158
2023-03-07,-0.013466001,-0.014842607,-0.014779627,-0.01658012,-0.016311482,-0.013936527,0.021374464,-0.014186267,-0.016597755,0.05966773,-0.013696849,-0.014256496,-0.01824592,0.100168794,-0.07954272,-0.014281772,0.120292194,0.12201065,-0.014646843,-0.013699539
2023-03-08,-0.013804369,-0.023423322,-0.015535615,-0.016585581,-0.016899332,-0.014745526,0.023180135,-0.014292467,-0.017268948,0.062264673,-0.013790533,-0.014747955,-0.024030454,0.10387766,-0.07849028,-0.015472557,0.12327894,0.12494654,-0.014872409,-0.014412135
2023-03-09,-0.013582751,-0.018749073,-0.01585757,-0.016106583,-0.01651588,-0.014088973,0.021374464,-0.013775624,-0.016667187,0.05966773,-0.013675481,-0.01435063,-0.020759024,0.100168794,-0.07954272,-0.014796611,0.120292194,0.12201065,-0.014535487,-0.014119022
2023-03-10,-0.008743864,-0.01563169,-0.01159092,-0.0114335045,-0.012142211,-0.009497013,0.025533974,-0.009192269,-0.012438998,0.061737023,-0.008761466,-0.009916976,-0.018470794,0.100291125,-0.06812873,-0.009918831,0.117962636,0.11949513,-0.0097774565,-0.0092173815
2023-03-13,-0.008415826,-0.014669318,-0.0106711015,-0.011534579,-0.011639923,-0.009073585,0.0229448,-0.008914702,-0.011896662,0.05782793,-0.008448988,-0.009658262,-0.017754145,0.09461908,-0.068716615,-0.009582356,0.11290652,0.11448343,-0.009400651,-0.008868709
2023-03-14,-0.013476517,-0.018128648,-0.014085829,-0.016547598,-0.01624268,-0.0135040395,0.021374464,-0.013922073,-0.01661956,0.05966773,-0.013768166,-0.014353499,0.01940417,0.100168794,-0.07954272,-0.015585199,0.120292194,0.12201065,-0.0145324245,-0.014130935
2023-03-15,-0.012173131,-0.01430751,-0.012884855,-0.01531722,-0.014899321,-0.010988869,0.020186715,-0.012538068,-0.015431605,0.05680073,-0.0124093555,-0.013043933,0.003206559,0.09529439,-0.07692396,-0.013742093,0.115158655,0.116857156,-0.01315818,-0.011834592
2023-03-16,-0.0065992842,-0.009338722,-0.008134823,-0.010480262,-0.009865612,-0.0066063176,0.028283559,-0.007403433,-0.0103801675,0.06427866,-0.0068064253,-0.008449316,-0.013723746,0.10285642,-0.06373655,-0.0076249684,0.11949581,0.12094924,-0.008122083,-0.0062807384
2023-03-17,-0.007705591,-0.009715926,-0.008963965,-0.011800408,-0.010632798,-0.007196482,0.027480684,-0.008865915,-0.011871614,0.06427992,-0.008360039,-0.009604845,-0.006512835,0.10370399,-0.06676411,-0.008745559,0.1208231,0.12231458,-0.00962222,-0.007363945
2023-03-20,-0.00989949,-0.016913071,-0.011503693,-0.014409628,-0.0121922195,-0.0133888535,0.026341312,-0.011426024,-0.014223259,0.06450542,-0.010939032,-0.012022711,-0.0058287303,0.1053855,-0.071602665,-0.012162782,0.123252474,0.1248033,-0.012284458,-0.010838404
2023-03-21,-0.014415663,-0.017930333,-0.015644677,-0.018704869,-0.016800158,-0.013156071,0.023764566,-0.016214743,-0.018785529,0.06436338,-0.015709378,-0.01665029,0.017510112,0.10777759,-0.081132166,-0.01638282,0.1272696,0.12894759,-0.015893847,-0.014339961
2023-03-22,-0.0111334175,-0.01429259,-0.011400387,-0.014419131,-0.013186887,-0.010983013,0.026151888,-0.011908539,-0.014528282,0.06456374,-0.011373639,-0.0127289,0.01859659,0.10570996,-0.07245491,-0.012266211,0.12370532,0.12526642,-0.012117211,-0.009959877
2023-03-23,-0.007225122,-0.011145607,-0.00809332,-0.0109798685,-0.009121675,-0.00688111,0.027872719,-0.008716371,-0.011055287,0.06439959,-0.007815953,-0.009245232,0.017383471,0.10354883,-0.0655641,-0.008501254,0.12045955,0.12193464,-0.008566048,-0.00733944
2023-03-24,-0.011989258,-0.017396845,-0.013577096,-0.016303085,-0.01525636,-0.012727737,0.024752438,-0.014390923,-0.016373113,0.064128116,-0.013477601,-0.014740828,0.01079439,0.10624132,-0.07676641,-0.01444618,0.12501574,0.12663752,-0.013396375,-0.0132737495
2023-03-27,-0.010159902,-0.016571775,-0.011194542,-0.013782322,-0.011869691,-0.010018483,0.026123032,-0.0117593855,-0.014096163,0.06429002,-0.010995813,-0.012277484,0.02425598,0.10515219,-0.071924455,-0.011895195,0.123101614,0.124658726,-0.0120315775,-0.01069925
2023-03-28,-0.00619325,-0.00980233,-0.00790786,-0.009847723,-0.008975364,-0.0065910215,0.028061852,-0.008099087,-0.0104372315,0.0643325,-0.0072628255,-0.008741517,0.016240526,0.10320562,-0.06469509,-0.0081327185,0.11998794,0.121452786,-0.008471593,-0.0071035395
2023-03-29,-0.01370091,-0.01731319,-0.013905622,-0.016916834,-0.016759522,-0.013395958,0.02482535,-0.014934175,-0.017231457,0.06486537,-0.014348485,-0.015791215,0.005303078,0.107746795,-0.07823529,-0.013766438,0.1266647,0.12829855,-0.015139699,-0.012781028
2023-03-30,-0.012955137,-0.016901433,-0.015821338,-0.016411021,-0.01493302,-0.012222681,0.020401858,-0.014715552,-0.016725142,0.05846791,-0.014101021,-0.015230142,0.016265504,0.098643,-0.080088235,-0.015263498,0.118826166,0.120551154,-0.015151322,-0.013534576
2023-03-31,-0.011894606,-0.01770071,-0.011553481,-0.015484627,-0.014005721,-0.010313511,0.018326625,-0.013822038,-0.015762977,0.054757774,-0.013185538,-0.014113508,0.020981148,0.09286304,-0.07914619,-0.013232663,0.11335603,0.11510204,-0.014096219,-0.012203939
2023-04-03,-0.012594014,-0.019514896,-0.01242299,-0.015950114,-0.015344918,-0.012584168,0.021374464,-0.014337491,-0.01621354,0.05966773,-0.013690218,-0.014839478,0.015088767,0.100168794,-0.07954272,-0.013883561,0.120292194,0.12201065,-0.014716305,-0.013239007
2023-04-04,-0.010664329,-0.016610883,-0.010960009,-0.0140399635,-0.013800897,-0.010335825,0.024982765,-0.012365967,-0.01438399,0.063023746,-0.011569891,-0.013024136,0.0037973975,0.10362943,-0.073280506,-0.0132245645,0.12198138,0.12356873,-0.013299003,-0.0122175515
2023-04-05,-0.012815334,-0.01778777,-0.011774309,-0.015851587,-0.015813544,-0.011443995,0.021374464,-0.014439262,-0.01619976,0.05966773,-0.013674058,-0.014987964,-0.004633702,0.100168794,-0.07954272,-0.016463611,0.120292194,0.12201065,-0.014164105,-0.014167879
2023-04-06,-0.013347551,-0.01777124,-0.012233447,-0.015901908,-0.015999392,-0.0120067,0.021374464,-0.014487006,-0.016323492,0.05966773,-0.013783418,-0.014953665,-0.011589065,0.100168794,-0.07954272,-0.01566071,0.120292194,0.12201065,-0.014399514,-0.014019936
2023-04-10,-0.013395958,-0.017365985,-0.011635236,-0.015872762,-0.016111515,-0.012145285,0.021374464,-0.014426805,-0.016313136,0.05966773,-0.01371618,-0.0146911815,-0.014545232,0.100168794,-0.07954272,-0.015674591,0.120292194,0.12201065,-0.014216755,-0.014020421
2023-04-11,-0.008942559,-0.009684205,-0.010152388,-0.011362642,-0.011571549,-0.00924008,0.027267128,-0.010203339,-0.012206741,0.06445844,-0.009022884,-0.010032997,-0.005470551,0.1043128,-0.067980416,-0.010303631,0.1215967,0.123101525,-0.009828351,-0.008307986
2023-04-12,-0.012857631,-0.030279733,-0.013858616,-0.015195064,-0.01539306,-0.012397312,0.024886183,-0.014356878,-0.016370133,0.06436946,-0.013465673,-0.015032001,-0.012028649,0.106608205,-0.076946445,-0.014538914,0.12545116,0.12707746,-0.014021471,-0.012043405
2023-04-13,-0.011952035,-0.029200569,-0.015847608,-0.014336616,-0.014321387,-0.011885736,0.026138596,-0.013247244,-0.015357785,0.065238565,-0.01231328,-0.013821486,-0.009301022,0.107173964,-0.07408151,-0.013398785,0.1253334,0.12690838,-0.013182312,-0.01126533
2023-04-14,-0.008739438,-0.030801237,-0.012174375,-0.010543767,-0.011123605,-0.008953638,0.023619868,-0.009719506,-0.011596277,0.059057876,-0.008686047,-0.0102264695,-0.0025750692,0.09654977,-0.06906646,-0.009637002,0.11473375,0.116303734,-0.009741686,-0.007261529
2023-04-17,-0.01039663,-0.02084963,-0.009660356,-0.0127081275,-0.012745395,-0.010341093,0.023088776,-0.0117158815,-0.014039129,0.05988376,-0.010855846,-0.012318738,-0.0107230395,0.0988659,-0.07318536,-0.0114674345,0.11770377,0.11932469,-0.011514459,-0.009117603
2023-04-18,-0.013598096,-0.023003034,-0.013782509,-0.015141621,-0.016044859,-0.013661563,0.021374464,-0.014216673,-0.016068168,0.05966773,-0.013638154,-0.014960989,-0.0049930583,0.100168794,-0.07954272,-0.014870472,0.120292194,0.12201065,-0.014473148,-0.013060838
2023-04-19,-0.015782978,-0.022379182,-0.016997203,-0.018197332,-0.018201318,-0.016779594,0.02395174,-0.01716071,-0.018776894,0.06521519,-0.016360931,-0.01792916,-0.004338383,0.10940879,-0.08244101,-0.016978495,0.1290045,0.13069154,-0.01693065,-0.015325904
2023-04-20,-0.0127846,-0.01627653,-0.0141508505,-0.0152846575,-0.015092067,-0.012837417,0.021374464,-0.014313024,-0.016175695,0.05966773,-0.013688087,-0.014888376,-0.025861926,0.100168794,-0.07954272,-0.01400207,0.120292194,0.12201065,-0.013906591,-0.01226344
2023-04-21,-0.015181024,-0.030556455,-0.016087007,-0.017587699,-0.017544799,-0.014514178,0.0200475,-0.016628869,-0.01834232,0.05927442,-0.01593079,-0.017190792,-0.022413753,0.10074126,-0.083389245,-0.016271368,0.12138586,0.1231476,-0.016367234,-0.013844896
2023-04-24,-0.0070230844,-0.015334956,-0.008818269,-0.010119636,-0.009945169,-0.010554716,0.026902214,-0.009286635,-0.011346526,0.06331186,-0.008122392,-0.0097034015,-0.01612103,0.10223379,-0.06666841,-0.0086395405,0.11946414,0.120963365,-0.008050434,-0.00859715
2023-04-25,-0.013346918,-0.019525312,-0.014028594,-0.015445422,-0.015222471,-0.015534617,0.021374464,-0.01447016,-0.016138583,0.05966773,-0.013682865,-0.014883198,-0.024337247,0.100168794,-0.07954272,-0.013849609,0.120292194,0.12201065,-0.01410092,-0.01395664
2023-04-26,-0.013618857,-0.020798422,-0.014249537,-0.015265781,-0.015114009,-0.015850648,0.021374464,-0.014313117,-0.015871372,0.05966773,-0.013582457,-0.014752034,-0.02002082,0.100168794,-0.07954272,-0.014217101,0.120292194,0.12201065,-0.014454886,-0.01396057
2023-04-27,-0.013460152,-0.020274803,-0.014505774,-0.015108511,-0.015176259,-0.021531105,0.021374464,-0.01448562,-0.015856147,0.05966773,-0.013687901,-0.014842756,-0.023974776,0.100168794,-0.07954272,-0.014411408,0.120292194,0.12201065,-0.014620807,-0.012503829
2023-04-28,-0.013171464,-0.016711354,-0.014155708,-0.015128784,-0.014861446,-0.014684379,0.021374464,-0.014197081,-0.015851267,0.05966773,-0.013661228,-0.014769897,-0.023742117,0.100168794,-0.07954272,-0.014331415,0.120292194,0.12201065,-0.014554501,-0.013234243
2023-05-01,-0.012518577,-0.022149809,-0.01447507,-0.015156761,-0.014691137,-0.015253507,0.021374464,-0.014439527,-0.015897952,0.05966773,-0.013730079,-0.014955454,-0.02213135,0.100168794,-0.07954272,-0.014637385,0.120292194,0.12201065,-0.013709605,-0.0127716735
2023-05-02,-0.013115682,-0.020289257,-0.015313808,-0.015122995,-0.015011817,-0.015122086,0.021374464,-0.014317859,-0.015911542,0.05966773,-0.013768613,-0.015151005,-0.022685073,0.100168794,-0.07954272,-0.015804037,0.120292194,0.12201065,-0.01362532,-0.012241386
2023-05-03,-0.015994579,-0.017384425,-0.018409174,-0.017715774,-0.016971432,-0.017809376,0.023318604,-0.017087832,-0.01862849,0.06423944,-0.016419075,-0.01788354,-0.026918821,0.10797191,-0.082618125,-0.018496037,0.12777515,0.12947671,-0.01642628,-0.016454741
2023-05-04,-0.009272549,-0.011969134,-0.013222881,-0.011547882,-0.010968316,-0.011602677,0.025680952,-0.010751672,-0.012182888,0.06273453,-0.009655636,-0.011546329,-0.021996014,0.10226959,-0.070017055,-0.010520399,0.12017032,0.12172103,-0.009803142,-0.010739874
2023-05-05,-0.00984931,-0.011200424,-0.012924582,-0.011844564,-0.011494927,-0.014149275,0.023944221,-0.01071018,-0.0127842575,0.060643405,-0.010157153,-0.0119193755,-0.02294404,0.09959897,-0.07172692,-0.012577362,0.11809365,0.119688384,-0.0105262175,-0.010684468
2023-05-08,-0.015051208,-0.018591277,-0.018147998,-0.01691166,-0.01808063,-0.019057423,0.024405122,-0.01590769,-0.018026102,0.06491499,-0.015129626,-0.016987741,-0.027442258,0.10828724,-0.0800261,-0.017616626,0.1275384,0.12919775,-0.01601746,-0.01397296
2023-05-09,-0.013129834,-0.01855459,-0.016055502,-0.015062492,-0.016424783,-0.014843829,0.021374464,-0.014106549,-0.016090453,0.05966773,-0.013636254,-0.015377883,-0.025853068,0.100168794,-0.07954272,-0.0154332705,0.120292194,0.12201065,-0.014110621,-0.012081772
2023-05-10,-0.013259582,-0.020166598,-0.015881173,-0.015095271,-0.016307514,-0.014872521,0.021374464,-0.013955884,-0.01568653,0.05966773,-0.013731994,-0.015386865,-0.023374327,0.100168794,-0.07954272,-0.013168551,0.120292194,0.12201065,-0.01347075,-0.011905141
2023-05-11,-0.0118147135,-0.020065933,-0.014747098,-0.0148034245,-0.016297579,-0.01511576,0.022941843,-0.012789488,-0.015655227,0.061349496,-0.013103902,-0.015445095,-0.02171436,0.102177866,-0.077076264,-0.012408942,0.1213756,0.12302779,-0.012759984,-0.012361627
2023-05-12,-0.006479654,-0.014587022,-0.010807402,-0.009588573,-0.009035796,-0.011334673,0.027311467,-0.007658552,-0.010675039,0.06362135,-0.0077013443,-0.009983283,-0.015017826,0.102467634,-0.065854825,-0.0071330885,0.11952923,0.121015444,-0.0074391435,-0.007184341
2023-05-15,-0.010375667,-0.016147144,-0.012919534,-0.013115175,-0.012626201,-0.013249118,0.023360245,-0.011255596,-0.014218964,0.06066007,-0.011220686,-0.0133249685,-0.017829046,0.100252986,-0.0739254,-0.011322856,0.11906906,0.12068974,-0.011387065,-0.011552453
2023-05-16,-0.0133628175,-0.018776432,-0.01585019,-0.0152686015,-0.015707638,-0.015388638,0.021374464,-0.013898257,-0.015876055,0.05966773,-0.013587564,-0.014875144,-0.019765958,0.100168794,-0.07954272,-0.013295658,0.120292194,0.12201065,-0.01409962,-0.01419726
2023-05-17,-0.012896039,-0.013038591,-0.015179619,-0.015197221,-0.013623323,-0.017070428,0.021374464,-0.013509881,-0.015936092,0.05966773,-0.013693575,-0.014892612,-0.019339487,0.100168794,-0.07954272,-0.013388548,0.120292194,0.12201065,-0.0134047605,-0.014128603
2023-05-18,-0.0069359015,-0.008914363,-0.010673165,-0.009521846,-0.00896382,-0.010152958,0.019559942,-0.0076379995,-0.010139726,0.052392386,-0.0076633464,-0.0092955455,-0.011769921,0.08651284,-0.0686441,-0.00739859,0.105467364,0.10709181,-0.0075306217,-0.008235961
2023-05-19,-0.012797702,-0.016419321,-0.016725436,-0.015178703,-0.026028804,-0.015413508,0.021374464,-0.01366337,-0.015851945,0.05966773,-0.013669603,-0.015371915,-0.015241694,0.100168794,-0.07954272,-0.013168443,0.120292194,0.12201065,-0.01366777,-0.013944581
2023-05-22,-0.012765083,0.011299826,-0.015512258,-0.0150989145,-0.022203818,-0.015571572,0.021374464,-0.013494261,-0.01688385,0.05966773,-0.013262533,-0.016272947,-0.015318677,0.100168794,-0.07954272,-0.013334349,0.120292194,0.12201065,-0.013741307,-0.013499785
2023-05-23,-0.0130038895,0.0155772865,-0.014946751,-0.015121296,-0.022773705,-0.016267523,0.021374464,-0.013728954,-0.01618775,0.05966773,-0.013492607,-0.016220558,-0.013265975,0.100168794,-0.07954272,-0.014404237,0.120292194,0.12201065,-0.01394964,-0.013038356
2023-05-24,-0.010307282,0.016188145,-0.012641881,-0.012650583,-0.019495472,-0.013784248,0.023836039,-0.011073776,-0.0145851895,0.06082408,-0.0104704425,-0.013515357,-0.011834681,0.10010577,-0.07250488,-0.011528786,0.118666954,0.12026771,-0.011269949,-0.009783231
2023-05-25,-0.009110153,0.021336854,-0.011317901,-0.011721224,-0.017767683,-0.013042271,0.020078927,-0.009972334,-0.013597183,0.05507923,-0.0099751055,-0.012411758,-0.0091352835,0.091714464,-0.07324585,-0.009972695,0.111196585,0.11286331,-0.00991457,-0.00971403
2023-05-26,-0.01320957,0.018669218,-0.015072271,-0.015038371,-0.019485421,-0.016823787,0.021374464,-0.014248028,-0.015975103,0.05966773,-0.013705712,-0.015486836,-0.01183955,0.100168794,-0.07954272,-0.012305614,0.120292194,0.12201065,-0.014096335,-0.012896631
2023-05-30,-0.01545722,0.015009899,-0.017830282,-0.01673843,-0.02187132,-0.018723302,0.022466943,-0.016278028,-0.017737161,0.062497996,-0.01521714,-0.017139979,-0.016773038,0.10510768,-0.0819611,-0.014402419,0.12517327,0.12689142,-0.016132303,-0.014508609
2023-05-31,-0.013373654,0.011382319,-0.014897481,-0.014955018,-0.019162796,-0.01624304,0.021374464,-0.014161654,-0.01672846,0.05966773,-0.013334718,-0.015441857,-0.014362186,0.100168794,-0.07954272,-0.014390271,0.120292194,0.12201065,-0.014068291,-0.012209594
2023-06-01,-0.013062835,0.012923561,-0.014999453,-0.015132315,-0.019649334,-0.015600406,0.021374464,-0.013691828,-0.017515216,0.05966773,-0.013270825,-0.015799507,-0.014892392,0.100168794,-0.07954272,-0.012755673,0.120292194,0.12201065,-0.0138108395,-0.01187475
2023-06-02,-0.01295045,0.013730645,-0.015569657,-0.015149146,-0.019240461,-0.015232213,0.021374464,-0.013576739,-0.01704656,0.05966773,-0.013397329,-0.015699282,-0.015472036,0.100168794,-0.07954272,-0.013885766,0.120292194,0.12201065,-0.013740495,-0.011846803
2023-06-05,-0.01546349,-0.025995404,-0.018303279,-0.017347045,-0.02165201,-0.01814453,0.023518994,-0.016299564,-0.01926256,0.06419454,-0.01564341,-0.018138617,-0.018441107,0.10765828,-0.08182678,-0.016616888,0.12738428,0.12907895,-0.016241703,-0.01515824
2023-06-06,-0.013726734,-0.02085957,-0.016668051,-0.015093878,-0.018008024,-0.016465023,0.021374464,-0.014457244,-0.01548849,0.05966773,-0.013748698,-0.015555315,-0.014241084,0.100168794,-0.07954272,-0.012749109,0.120292194,0.12201065,-0.014416728,-0.011423416
2023-06-07,-0.013761178,-0.0227632,-0.016438726,-0.015019633,-0.016942702,-0.015982218,0.021374464,-0.014423035,-0.014625728,0.05966773,-0.013809845,-0.015442841,-0.01493644,0.100168794,-0.07954272,-0.014631547,0.120292194,0.12201065,-0.014534496,-0.011787146
2023-06-08,-0.013927769,-0.025661375,-0.01668964,-0.015289873,-0.01891686,-0.016635273,0.022025757,-0.014504027,-0.015635699,0.06043741,-0.013767354,-0.01580811,-0.016573664,0.10117043,-0.078523695,-0.014811374,0.120802335,0.122486524,-0.0146361515,-0.012148611
2023-06-09,-0.013988785,-0.027254522,-0.016908944,-0.01533138,-0.01831042,-0.016791001,0.021374464,-0.014579557,-0.015218221,0.05966773,-0.01391004,-0.0154507905,-0.01520469,0.100168794,-0.07954272,-0.0147649795,0.120292194,0.12201065,-0.014541894,-0.012568086
2023-06-12,-0.013832577,-0.020127222,-0.016752422,-0.015343145,-0.018036224,-0.016254146,0.021374464,-0.014567636,-0.01480341,0.05966773,-0.0139205195,-0.015504055,-0.016351856,0.100168794,-0.07954272,-0.014548436,0.120292194,0.12201065,-0.01419007,-0.012214564
2023-06-13,-0.009112544,-0.01681488,-0.012121171,-0.0104283355,-0.013960745,-0.011446774,0.017226003,-0.009601094,-0.010291908,0.04996725,-0.0090239495,-0.010535054,-0.011045974,0.08374304,-0.07193303,-0.01000905,0.103655376,0.10535119,-0.00936456,-0.008163251
2023-06-14,-0.011705752,-0.017921586,-0.015267469,-0.014253326,-0.014331304,-0.023822196,0.025872737,-0.012847446,-0.0140495375,0.06468032,-0.012283463,-0.014341973,-0.013520569,0.10625282,-0.07379409,-0.012570202,0.12445358,0.12603097,-0.012433425,-0.01133341
2023-06-15,-0.007792856,-0.0188118,-0.011300534,-0.010654833,-0.012214832,-0.015072599,0.027506009,-0.008542545,-0.010757588,0.06406394,-0.008425325,-0.010308836,-0.009817697,0.10321364,-0.06615927,-0.008500293,0.120263964,0.12174979,-0.008563817,-0.008233979
2023-06-16,-0.010903064,-0.020652518,-0.014173642,-0.0134885125,-0.016243033,-0.01966915,0.02268117,-0.011518322,-0.013596505,0.059553094,-0.011609677,-0.0133440085,-0.01190795,0.098583005,-0.07396352,-0.012046486,0.11759951,0.11923402,-0.0116654225,-0.010406688
2023-06-20,-0.0126264915,-0.019182779,-0.015170425,-0.015589502,-0.016759645,-0.019968595,0.025919706,-0.013468765,-0.015565686,0.065426685,-0.013476573,-0.015143812,-0.013612375,0.10780602,-0.075371645,-0.0130416155,0.12615992,0.12775025,-0.013193265,-0.012187451
2023-06-21,-0.013320718,-0.024880357,-0.015885744,-0.0155830085,-0.018489145,-0.01991335,0.021374464,-0.013727371,-0.016039431,0.05966773,-0.014117748,-0.015638612,-0.0143735185,0.100168794,-0.07954272,-0.014192615,0.120292194,0.12201065,-0.013897054,-0.011878729
2023-06-22,-0.012185484,-0.025737636,-0.01429319,-0.014253892,-0.01791906,-0.017467283,0.018892616,-0.012202114,-0.01510033,0.05532273,-0.013034079,-0.014640458,-0.013856299,0.0934667,-0.07849521,-0.012582827,0.113876835,0.11561525,-0.012492418,-0.0110794045
2023-06-23,-0.012161635,-0.026271917,-0.014777999,-0.015769444,-0.016526677,-0.016840734,0.021374464,-0.012141481,-0.016026542,0.05966773,-0.014144804,-0.015732814,-0.014967095,0.100168794,-0.07954272,-0.012849554,0.120292194,0.12201065,-0.012515932,-0.012178417
2023-06-26,-0.011005845,-0.033135496,-0.014975384,-0.014534593,-0.016792305,-0.0163204,0.024232753,-0.010689829,-0.016789854,0.062557906,-0.012582131,-0.014803506,-0.015067741,0.10341633,-0.07503226,-0.011115789,0.1221197,0.123734154,-0.011281721,-0.011438176
2023-06-27,-0.012502968,-0.024441458,-0.014356282,-0.0135247335,-0.018320471,-0.0162775,0.021374464,-0.013247117,-0.017006882,0.05966773,-0.014159016,-0.01570116,-0.015307032,0.100168794,-0.07954272,-0.012882389,0.120292194,0.12201065,-0.012984287,-0.012181673
2023-06-28,-0.007416568,-0.020422213,-0.009559087,-0.008348364,-0.011948727,-0.017259374,0.019724652,-0.007754057,-0.010554101,0.052713804,-0.007972326,-0.009577617,-0.010424137,0.087031655,-0.068759285,-0.007672779,0.10595031,0.1075725,-0.007988445,-0.007196776
2023-06-29,-0.013477709,-0.02679139,-0.015964035,-0.013740823,-0.017035235,-0.016518276,0.021374464,-0.013723902,-0.01591964,0.05966773,-0.0139909685,-0.015588857,-0.016151093,0.100168794,-0.07954272,-0.013833411,0.120292194,0.12201065,-0.013943523,-0.0125945695
2023-06-30,-0.01290983,-0.02679243,-0.015389331,-0.013574712,-0.016392134,-0.015439838,0.021374464,-0.013813138,-0.015672006,0.05966773,-0.014096938,-0.015525959,-0.01631549,0.100168794,-0.07954272,-0.012950487,0.120292194,0.12201065,-0.013634287,-0.012090869
2023-07-03,-0.013493206,-0.027321585,-0.015753329,-0.013365526,-0.015862703,-0.016648602,0.021374464,-0.013612367,-0.015840016,0.05966773,-0.014154721,-0.015559003,-0.016786575,0.100168794,-0.07954272,-0.01394726,0.120292194,0.12201065,-0.0140122175,-0.01216916
2023-07-05,-0.013397198,-0.017732028,-0.015268065,-0.013246998,-0.01686015,-0.016338259,0.021374464,-0.013695065,-0.015934847,0.05966773,-0.014231693,-0.01568354,-0.017316408,0.100168794,-0.07954272,-0.014158517,0.120292194,0.12201065,-0.014130328,-0.014161423
2023-07-06,-0.0134889,-0.009151969,-0.015737243,-0.014797255,-0.016832411,-0.016594447,0.021374464,-0.013712704,-0.01637455,0.05966773,-0.01416783,-0.015719824,-0.017657865,0.100168794,-0.07954272,-0.014502294,0.120292194,0.12201065,-0.014178425,-0.014622621
2023-07-07,-0.00937967,-0.01627019,-0.011684649,-0.010795765,-0.013889641,-0.018767796,0.024933264,-0.010211781,-0.013195418,0.06175233,-0.010484353,-0.012050867,-0.014658585,0.10095544,-0.070434295,-0.010759659,0.11899449,0.12055605,-0.010134205,-0.011198908
2023-07-10,-0.013059739,-0.019323569,-0.014759116,-0.012954958,-0.016751878,-0.015479725,0.020020239,-0.013648499,-0.016109943,0.057537727,-0.013933178,-0.01538495,-0.01773423,0.0970228,-0.07960499,-0.014247123,0.11741326,0.11915097,-0.013785753,-0.014481328
2023-07-11,-0.012637138,-0.024842583,-0.0147574395,-0.0144059025,-0.014634151,-0.0197143,0.021374464,-0.013918743,-0.016040772,0.05966773,-0.01410424,-0.015432894,-0.018342625,0.100168794,-0.07954272,-0.013493564,0.120292194,0.12201065,-0.013611987,-0.014101714
2023-07-12,-0.013411909,-0.022171363,-0.014292605,-0.014860429,-0.014584489,-0.01712218,0.021374464,-0.013952624,-0.015910137,0.05966773,-0.014164381,-0.01534415,-0.018616222,0.100168794,-0.07954272,-0.013718173,0.120292194,0.12201065,-0.014171731,-0.014463052
2023-07-13,-0.0066575105,-0.015225157,-0.0075442265,-0.009217367,-0.009393021,-0.011324748,0.028051704,-0.007474601,-0.0101062395,0.06410259,-0.0073921974,-0.008888245,-0.012941249,0.10272244,-0.064194426,-0.007132213,0.1194563,0.120917015,-0.007973701,-0.0077908034
2023-07-14,-0.008221574,-0.024755195,-0.009426199,-0.010210313,-0.011154003,-0.01242087,0.026861034,-0.008558027,-0.009708434,0.06333127,-0.008702021,-0.010044046,-0.014318459,0.102318056,-0.066877075,-0.008410003,0.11958384,0.12108581,-0.009216346,-0.009159632
2023-07-17,-0.009202704,-0.021024555,-0.010226067,-0.010451287,-0.012431044,-0.013947688,0.018712714,-0.009321339,-0.01175461,0.052398033,-0.00970833,-0.010688044,-0.0149045065,0.08740661,-0.07195804,-0.009397201,0.10695244,0.10862269,-0.009872094,-0.010248326
2023-07-18,-0.01342221,-0.026974037,-0.014582306,-0.014928751,-0.01619488,-0.01756958,0.021374464,-0.013890307,-0.01601182,0.05966773,-0.0141413845,-0.01517792,-0.019277073,0.100168794,-0.07954272,-0.013683803,0.120292194,0.12201065,-0.014292993,-0.01462258
2023-07-19,-0.009057976,-0.019434232,-0.010524284,-0.011313714,-0.01220819,-0.013727184,0.026412047,-0.01002229,-0.012985989,0.063580595,-0.009631656,-0.010996878,-0.014796272,0.103326336,-0.06915017,-0.009726286,0.12091734,0.12244546,-0.010307569,-0.010600541
2023-07-20,-0.013083663,-0.02282853,-0.014035769,-0.015107051,-0.016195208,-0.0180104,0.021374464,-0.013999596,-0.017159704,0.05966773,-0.013909705,-0.014949262,-0.023432814,0.100168794,-0.07954272,-0.013726935,0.120292194,0.12201065,-0.01408793,-0.014567591
2023-07-21,-0.0129279345,-0.020283762,-0.01395452,-0.015173335,-0.016796038,-0.018086728,0.021374464,-0.014203511,-0.017156858,0.05966773,-0.0141294375,-0.015002973,-0.021497868,0.100168794,-0.07954272,-0.014157996,0.120292194,0.12201065,-0.014118642,-0.0144156255
2023-07-24,-0.013468336,-0.032199703,-0.015979454,-0.015042882,-0.016696468,-0.017556828,0.021374464,-0.014171362,-0.015815187,0.05966773,-0.013856482,-0.014831312,-0.023777097,0.100168794,-0.07954272,-0.013925713,0.120292194,0.12201065,-0.014125004,-0.014488094
2023-07-25,-0.013534848,-0.023748621,-0.01300057,-0.015120856,-0.0167632,-0.01726348,0.021374464,-0.014138557,-0.016370017,0.05966773,-0.013890605,-0.014875282,-0.024050869,0.100168794,-0.07954272,-0.013902191,0.120292194,0.12201065,-0.014211394,-0.014420707
2023-07-26,-0.013572603,-0.024467453,-0.014242478,-0.015381519,-0.016834632,-0.017108582,0.021374464,-0.014234457,-0.01639428,0.05966773,-0.0138992965,-0.0148985945,-0.019513443,0.100168794,-0.07954272,-0.01416219,0.120292194,0.12201065,-0.014189318,-0.014434427
2023-07-27,-0.007942088,-0.019424357,-0.008613821,-0.010463174,-0.011823349,-0.012471169,0.027690344,-0.00900539,-0.010602124,0.06440776,-0.008344192,-0.00960996,-0.01831523,0.10375827,-0.06626854,-0.00858286,0.120778546,0.122262366,-0.008940853,-0.009196736
2023-07-28,-0.011137474,-0.030821815,-0.013134249,-0.012278616,-0.015868768,-0.014968321,0.025331728,-0.012338303,-0.014471669,0.0638345,-0.012039378,-0.013405398,-0.02248596,0.10500067,-0.07390007,-0.011898734,0.12336272,0.12495142,-0.01278102,-0.012332857
2023-07-31,-0.014540277,-0.040328212,-0.018664055,-0.015277252,-0.018635325,-0.018263172,0.022869818,-0.015734814,-0.017207194,0.062798195,-0.015306234,-0.016182683,-0.023184769,0.10534321,-0.08098719,-0.015263066,0.12511607,0.126813,-0.015702516,-0.015462507
2023-08-01,-0.0127642825,-0.03373269,-0.016217701,-0.01387585,-0.016879298,-0.021759622,0.021374464,-0.014439724,-0.015403062,0.05966773,-0.013749227,-0.014604323,-0.026068233,0.100168794,-0.07954272,-0.012162253,0.120292194,0.12201065,-0.014006145,-0.013021745
2023-08-02,-0.017214086,-0.029638894,-0.019830905,-0.018341564,-0.020640265,-0.018680923,0.023408748,-0.017679952,-0.019557819,0.06493117,-0.0171936,-0.018284172,-0.027976811,0.10935444,-0.08399207,-0.01727096,0.12933922,0.13105501,-0.017525762,-0.01731415
2023-08-03,-0.013971452,0.0026907814,-0.016520843,-0.014694452,-0.016323887,-0.014744796,0.021374464,-0.013880685,-0.012869678,0.05966773,-0.013763577,-0.014705822,-0.02474197,0.100168794,-0.07954272,-0.012569293,0.120292194,0.12201065,-0.013823651,-0.01401484
2023-08-04,-0.01268068,0.003610019,-0.013832085,-0.013526909,-0.013689473,-0.013723485,0.023628108,-0.012630247,-0.011879824,0.061758853,-0.012474015,-0.013627842,-0.029902123,0.102330334,-0.07550105,-0.011629105,0.12125445,0.12288488,-0.012662884,-0.012950689
2023-08-07,-0.01386378,0.0063424823,-0.017990261,-0.013482995,-0.013799183,-0.014439888,0.021374464,-0.013906896,-0.013057675,0.05966773,-0.01390484,-0.014935721,-0.030940391,0.100168794,-0.07954272,-0.011584174,0.120292194,0.12201065,-0.0138738975,-0.013940662
2023-08-08,-0.0137867555,0.00540774,-0.01813718,-0.013248555,-0.016861401,-0.01639101,0.021374464,-0.014431298,-0.01394153,0.05966773,-0.013729028,-0.014700457,-0.024278238,0.100168794,-0.07954272,-0.011317022,0.120292194,0.12201065,-0.014060505,-0.013732616
2023-08-09,-0.013842016,0.0005186354,-0.027609028,-0.013599213,-0.014848381,-0.014879234,0.021374464,-0.014347762,-0.011971027,0.05966773,-0.013696734,-0.014635578,-0.02386327,0.100168794,-0.07954272,-0.012767576,0.120292194,0.12201065,-0.014121108,-0.013672426
2023-08-10,-0.014694732,-0.0023882794,-0.026662268,-0.014597051,-0.020766303,-0.01643791,0.025488503,-0.015322678,-0.013770074,0.065860845,-0.0144614205,-0.015842095,-0.020187534,0.1091904,-0.078035615,-0.013776425,0.12792166,0.12954225,-0.015190754,-0.0149960555
2023-08-11,-0.013690397,-0.006736416,-0.02568978,-0.014425673,-0.018190708,-0.022281334,0.021374464,-0.014424857,-0.014567211,0.05966773,-0.013772145,-0.014959332,0.006270178,0.100168794,-0.07954272,-0.01308354,0.120292194,0.12201065,-0.014357187,-0.013893276
2023-08-14,-0.013791822,-0.009348579,-0.02317331,-0.014218513,-0.019192483,-0.016091943,0.021374464,-0.014335081,-0.013360478,0.05966773,-0.013771065,-0.014672492,-0.014602974,0.100168794,-0.07954272,-0.014192916,0.120292194,0.12201065,-0.014429219,-0.014125887
2023-08-15,-0.013899624,-0.013320729,-0.020911433,-0.015189964,-0.020271987,-0.016810142,0.021374464,-0.0143395215,-0.014259215,0.05966773,-0.013747286,-0.014625415,-0.017453104,0.100168794,-0.07954272,-0.01406616,0.120292194,0.12201065,-0.014351919,-0.0144666135
2023-08-16,-0.013754938,-0.011547059,-0.02186706,-0.014838122,-0.014581282,-0.016772427,0.021374464,-0.01436311,-0.014401279,0.05966773,-0.013774976,-0.014758203,-0.014020003,0.100168794,-0.07954272,-0.014118299,0.120292194,0.12201065,-0.014406946,-0.014206544
2023-08-17,-0.013469711,-0.009417433,-0.015559621,-0.0137190595,-0.015581809,-0.016724601,0.021374464,-0.014280066,-0.01441453,0.05966773,-0.013762768,-0.0147123,0.0070597385,0.100168794,-0.07954272,-0.014067896,0.120292194,0.12201065,-0.014166161,-0.01422213
2023-08-18,-0.013634011,-0.017301619,-0.018450938,-0.015065998,-0.020092495,-0.017638162,0.021374464,-0.014479324,-0.0142156705,0.05966773,-0.0137797,-0.015685897,-0.0008508484,0.100168794,-0.07954272,-0.014079511,0.120292194,0.12201065,-0.014406469,-0.0143141225
2023-08-21,-0.014922313,-0.016894974,-0.019866526,-0.014711376,-0.028597102,-0.01819913,0.020425737,-0.015675023,-0.015341155,0.059116125,-0.014987841,-0.016569726,-0.01568669,0.09999585,-0.081674196,-0.015204012,0.12043945,0.122184224,-0.015583776,-0.015339807
2023-08-22,-0.01371998,-0.014226183,-0.01972504,-0.013600886,-0.018187754,-0.01738277,0.021374464,-0.014408797,-0.014245242,0.05966773,-0.013743959,-0.014842905,-0.014284015,0.100168794,-0.07954272,-0.014393598,0.120292194,0.12201065,-0.014500409,-0.014484428
2023-08-23,-0.0084969625,-0.006664458,-0.015782416,-0.009941354,-0.015719928,-0.012917809,0.027617417,-0.009696044,-0.008034468,0.064467035,-0.008326262,-0.01020018,-0.00984522,0.10396262,-0.06668062,-0.009040572,0.121039204,0.122527584,-0.009856425,-0.01014442
2023-08-24,-0.013767425,-0.013280079,-0.019797333,-0.015126407,-0.02827879,-0.017977744,0.021374464,-0.01448109,-0.013325602,0.05966773,-0.013750877,-0.014676444,-0.00064675463,0.100168794,-0.07954272,-0.014437191,0.120292194,0.12201065,-0.014866635,-0.014729768
2023-08-25,-0.007755413,-0.008459389,-0.013466172,-0.009218719,-0.014894627,-0.012470804,0.027338527,-0.009035472,-0.007953599,0.06348841,-0.007632948,-0.009032015,-0.013923589,0.102154344,-0.06543464,-0.00826269,0.119162984,0.1206449,-0.009065084,-0.009061173
2023-08-28,-0.012009341,-0.011964925,-0.020845093,-0.013515238,-0.020739242,-0.016563624,0.021481514,-0.012714289,-0.012092531,0.058240525,-0.011851512,-0.013040155,-0.028502062,0.09703577,-0.07529802,-0.012261614,0.116373606,0.11803322,-0.013010949,-0.012881495
2023-08-29,-0.013842009,-0.010558192,-0.020959556,-0.015174456,-0.021189936,-0.018907923,0.021374464,-0.014684789,-0.013980851,0.05966773,-0.013721261,-0.014598966,-0.008954421,0.100168794,-0.07954272,-0.014162488,0.120292194,0.12201065,-0.014814224,-0.01448857
2023-08-30,-0.008385092,-0.0075169127,-0.014242563,-0.008826099,-0.013578437,-0.014173821,0.01910387,-0.008707292,-0.008803263,0.05228611,-0.008362256,-0.009511322,0.0040364866,0.086752124,-0.07024876,-0.009005439,0.10605847,0.10770931,-0.009395324,-0.009380817
2023-08-31,-0.013809629,-0.012791507,-0.017413221,-0.015238844,-0.017456047,-0.01908961,0.021374464,-0.014407799,-0.013990872,0.05966773,-0.01374837,-0.0149302,-0.009821959,0.100168794,-0.07954272,-0.014419116,0.120292194,0.12201065,-0.014749516,-0.014660142
2023-09-01,-0.013871282,-0.0099629015,-0.016159143,-0.0147138685,-0.016547304,-0.019036338,0.021374464,-0.014689103,-0.014255069,0.05966773,-0.013727136,-0.015089847,-0.01354,0.100168794,-0.07954272,-0.014268365,0.120292194,0.12201065,-0.01473283,-0.01446905
2023-09-05,-0.013717122,-0.01261279,-0.013699926,-0.014214247,-0.01377194,-0.01894518,0.021374464,-0.012749195,-0.013505861,0.05966773,-0.013509847,-0.015072174,0.00621336,0.100168794,-0.07954272,-0.014345266,0.120292194,0.12201065,-0.014874384,-0.014504258
2023-09-06,-0.013836093,-0.00055908365,-0.01470672,-0.015115246,-0.0155264735,-0.019154668,0.021374464,-0.014497578,-0.013746854,0.05966773,-0.013749786,-0.015333436,-0.007824101,0.100168794,-0.07954272,-0.01440125,0.120292194,0.12201065,-0.014813095,-0.014681265
2023-09-07,-0.013443403,0.050792057,-0.015099078,-0.014750458,-0.015102506,-0.018933952,0.021374464,-0.014062222,-0.013902932,0.05966773,-0.01367829,-0.015305243,-0.009904027,0.100168794,-0.07954272,-0.01412005,0.120292194,0.12201065,-0.014912173,-0.014693931
2023-09-08,-0.015935138,-0.013309613,-0.015299901,-0.017295565,-0.016492937,-0.02265435,0.02326259,-0.016571991,-0.018821076,0.064511426,-0.016846456,-0.018852457,-0.030314907,0.10861489,-0.08346752,-0.016562678,0.12851694,0.13022667,-0.018134743,-0.017873973
2023-09-11,-0.013479322,-0.0140623115,-0.013966117,-0.014660776,-0.013800986,-0.019386418,0.021374464,-0.014485493,-0.015496343,0.05966773,-0.013773397,-0.015444629,-0.0024741213,0.100168794,-0.07954272,-0.013702463,0.120292194,0.12201065,-0.015053317,-0.01457512
2023-09-12,-0.013706941,-0.015487157,-0.01114241,-0.014307249,-0.014744565,-0.01919216,0.021374464,-0.013691325,-0.015492484,0.05966773,-0.01375154,-0.015467338,-0.007836014,0.100168794,-0.07954272,-0.014056604,0.120292194,0.12201065,-0.01499844,-0.0148821585
2023-09-13,-0.00985875,-0.014160037,-0.009177484,-0.010857031,-0.0109605715,-0.015500955,0.027219206,-0.010307908,-0.012304008,0.06485399,-0.009790532,-0.012438431,-0.013157189,0.105212875,-0.069087446,-0.010231774,0.12261877,0.12413376,-0.011053778,-0.012625262
2023-09-14,-0.013676867,-0.019602552,-0.012047805,-0.0143968165,-0.014431614,-0.019191597,0.021374464,-0.014558859,-0.0149635,0.05966773,-0.013783786,-0.015565317,-0.017372526,0.100168794,-0.07954272,-0.013736837,0.120292194,0.12201065,-0.014863443,-0.015799984
2023-09-15,-0.013743877,-0.019857924,-0.012323804,-0.014399502,-0.014693391,-0.019069754,0.021374464,-0.014727078,-0.014891114,0.05966773,-0.013756521,-0.015448488,-0.009748369,0.100168794,-0.07954272,-0.013905421,0.120292194,0.12201065,-0.014819939,-0.015783623
2023-09-18,-0.012666263,-0.018881574,-0.0122781545,-0.013116814,-0.013726398,-0.018544532,0.022771962,-0.013603784,-0.014467217,0.060721237,-0.012765508,-0.014577605,-0.01133696,0.10100017,-0.07631937,-0.012855515,0.12020873,0.12186029,-0.013631135,-0.015088275
2023-09-19,-0.013780929,-0.020416029,-0.012759015,-0.01391878,-0.014310867,-0.019255921,0.021374464,-0.014548801,-0.015143521,0.05966773,-0.013764501,-0.01576342,-0.034087695,0.100168794,-0.07954272,-0.013623901,0.120292194,0.12201065,-0.014505334,-0.016043667
2023-09-20,-0.0140806995,-0.02046118,-0.010908395,-0.012805253,-0.014231592,-0.019254882,0.021374464,-0.013660859,-0.014788881,0.05966773,-0.01376415,-0.01603577,-0.026194386,0.100168794,-0.07954272,-0.012431994,0.120292194,0.12201065,-0.014610402,-0.016324341
2023-09-21,-0.011105645,-0.017826684,-0.0099487305,-0.010869563,-0.009423118,-0.016705483,0.025478713,-0.011205353,-0.012817677,0.063266754,-0.0108765215,-0.013731986,-0.024549596,0.10362651,-0.07201526,-0.010356668,0.12176579,0.123336144,-0.012057904,-0.01398015
2023-09-22,-0.0092805475,-0.015039466,-0.009402454,-0.008702256,-0.010024749,-0.012531556,0.026293792,-0.009136535,-0.011109635,0.063240156,-0.009346999,-0.012369908,-0.010000132,0.10271652,-0.06882989,-0.007933516,0.12032214,0.12185069,-0.010580368,-0.012295835
2023-09-25,-0.014900584,-0.019900188,-0.0153867565,-0.016046714,-0.013274103,-0.018501326,0.022701621,-0.014936782,-0.017479796,0.062762,-0.0155003145,-0.018215023,-0.019165792,0.105429836,-0.08167317,-0.013997145,0.12540045,0.12711166,-0.016698435,-0.018552084
2023-09-26,-0.012742043,-0.0177245,-0.014189117,-0.013826713,-0.011616591,-0.015845668,0.021374464,-0.014049783,-0.015485562,0.05966773,-0.013770774,-0.016498014,-0.020010047,0.100168794,-0.07954272,-0.013120763,0.120292194,0.12201065,-0.014877081,-0.016886737
2023-09-27,-0.01738011,-0.02311536,-0.020323101,-0.017905712,-0.016622778,-0.034034178,0.022777744,-0.018469013,-0.019963246,0.0649979,-0.018339649,-0.02095139,-0.021614205,0.11015831,-0.08656394,-0.017574042,0.13056526,0.13231425,-0.01970565,-0.02092167
2023-09-28,-0.013381697,-0.019202787,-0.01709792,-0.013593085,-0.0118699595,-0.022696778,0.021374464,-0.012812845,-0.015092157,0.05966773,-0.013627768,-0.016198508,-0.020951018,0.100168794,-0.07954272,-0.011853054,0.120292194,0.12201065,-0.014895678,-0.016285047
2023-09-29,-0.007383674,-0.01362437,-0.0120802745,-0.007842161,-0.0052237506,-0.016450971,0.027709179,-0.008572988,-0.009789694,0.06395913,-0.00746005,-0.010693133,-0.013174683,0.10277464,-0.06514823,-0.00775684,0.11967882,0.12115287,-0.00924816,-0.011151284
2023-10-02,-0.009630334,-0.015527748,-0.013521135,-0.009770911,-0.0050008404,-0.018735122,0.0149922,-0.010607563,-0.010914624,0.04733473,-0.009811483,-0.011743173,-0.015380092,0.08045346,-0.07401984,-0.010225307,0.1009531,0.10269412,-0.010498293,-0.012284212
2023-10-03,-0.013827279,-0.020166684,-0.01726932,-0.014081642,-0.012874585,-0.02076498,0.021374464,-0.014815982,-0.0149818845,0.05966773,-0.013612222,-0.015785776,-0.01815129,0.100168794,-0.07954272,-0.014297061,0.120292194,0.12201065,-0.01467203,-0.015832733
2023-10-04,-0.013959065,-0.018704109,-0.017170817,-0.014433876,-0.013898309,-0.019539542,0.021374464,-0.014964037,-0.014988534,0.05966773,-0.013652112,-0.015736975,-0.025415622,0.100168794,-0.07954272,-0.014053576,0.120292194,0.12201065,-0.014687397,-0.015767157
2023-10-05,-0.008780234,-0.013832152,-0.012357581,-0.0093980245,-0.007227532,-0.014055446,0.014542587,-0.0095774345,-0.01004637,0.04580895,-0.008468434,-0.010401312,-0.022594467,0.07765099,-0.07211699,-0.008958772,0.09804138,0.09977216,-0.009368915,-0.010852009
2023-10-06,-0.013009038,-0.018295042,-0.016916323,-0.013674326,-0.013410445,-0.017558336,0.02567847,-0.01278552,-0.0151315555,0.06495207,-0.012781322,-0.015148748,-0.024818543,0.10703601,-0.07521728,-0.01317893,0.12545922,0.12705402,-0.014310405,-0.0154356435
2023-10-09,-0.01360105,-0.018109094,-0.017195657,-0.014148608,-0.013579547,-0.01757931,0.021374464,-0.014271706,-0.0159184,0.05966773,-0.013760187,-0.015763976,-0.027734466,0.100168794,-0.07954272,-0.013727628,0.120292194,0.12201065,-0.014660638,-0.015935473
2023-10-10,-0.013791427,-0.01867719,-0.017272219,-0.014187485,-0.013197564,-0.01765383,0.021374464,-0.012670409,-0.016553953,0.05966773,-0.013710663,-0.015738964,-0.027024992,0.100168794,-0.07954272,-0.014001869,0.120292194,0.12201065,-0.014600463,-0.015935302
2023-10-11,-0.01382345,-0.017266225,-0.017335426,-0.01420721,-0.013615545,-0.017593399,0.021374464,-0.012902997,-0.016640618,0.05966773,-0.0136926845,-0.0157126,-0.025365256,0.100168794,-0.07954272,-0.013959322,0.120292194,0.12201065,-0.0146207325,-0.01596038
2023-10-12,-0.0136038065,-0.01840654,-0.017163057,-0.014267631,-0.013647266,-0.017618708,0.021374464,-0.01392325,-0.016697004,0.05966773,-0.013710521,-0.01586292,-0.021953907,0.100168794,-0.07954272,-0.014056101,0.120292194,0.12201065,-0.014509518,-0.015550625
2023-10-13,-0.017061882,-0.020120602,-0.020654127,-0.017532825,-0.015650906,-0.020983957,0.02450373,-0.017406352,-0.020199113,0.06645814,-0.017125405,-0.019415412,-0.025034651,0.1114934,-0.083323635,-0.017391093,0.13109203,0.13278021,-0.018069334,-0.019507542
2023-10-16,-0.015920736,-0.019037161,-0.019443959,-0.016269583,-0.013712309,-0.019720517,0.023620538,-0.016329855,-0.018799618,0.06439286,-0.015969072,-0.018279202,-0.022799775,0.107975416,-0.081930086,-0.01631701,0.12770413,0.12939902,-0.016611487,-0.018063795
2023-10-17,-0.013794228,-0.017056987,-0.016902879,-0.014208596,-0.012668125,-0.017332174,0.021374464,-0.014229577,-0.01637686,0.05966773,-0.013683118,-0.015768133,-0.019525237,0.100168794,-0.07954272,-0.013994217,0.120292194,0.12201065,-0.014502808,-0.015642598
2023-10-18,-0.013565525,-0.017021328,-0.016859666,-0.013957396,-0.014447935,-0.017322585,0.021374464,-0.0116211325,-0.01631727,0.05966773,-0.0137075335,-0.015542816,-0.017744157,0.100168794,-0.07954272,-0.013939209,0.120292194,0.12201065,-0.014417224,-0.015882954
2023-10-19,-0.013696983,-0.017237827,-0.016895898,-0.014333677,-0.014998924,-0.017499276,0.021374464,-0.012843169,-0.016551375,0.05966773,-0.013672687,-0.01572702,-0.015859365,0.100168794,-0.07954272,-0.013868272,0.120292194,0.12201065,-0.014529515,-0.0160104
2023-10-20,-0.009371974,-0.013205789,-0.0129663125,-0.010027934,-0.009907145,-0.013343703,0.027261764,-0.008184418,-0.012153737,0.06459005,-0.009240095,-0.01174856,-0.013861116,0.10460093,-0.06830968,-0.009346724,0.12191989,0.12342763,-0.011034697,-0.012038913
2023-10-23,-0.013430845,-0.017108783,-0.016603112,-0.013831392,-0.015119396,-0.017128743,0.022459425,-0.011496633,-0.016288064,0.060803406,-0.01341166,-0.015453793,-0.017804623,0.1015016,-0.0777319,-0.013553143,0.12094917,0.12261929,-0.014826514,-0.015576839
2023-10-24,-0.013682701,-0.017074235,-0.015913341,-0.014150232,-0.014445759,-0.017296493,0.021374464,-0.01368589,-0.016428493,0.05966773,-0.013430901,-0.015462868,-0.016069014,0.100168794,-0.07954272,-0.013805971,0.120292194,0.12201065,-0.015047595,-0.015578106
2023-10-25,-0.013557382,-0.018258873,-0.016208172,-0.014124338,-0.015627697,-0.017261915,0.021374464,-0.014015198,-0.016379494,0.05966773,-0.013672918,-0.0153860375,-0.014157042,0.100168794,-0.07954272,-0.01350937,0.120292194,0.12201065,-0.015005164,-0.015344597
2023-10-26,-0.0067720856,-0.013531499,-0.010588005,-0.007547892,-0.007755663,-0.011518635,0.028199561,-0.008015033,-0.010284334,0.0642883,-0.006989579,-0.008911062,-0.008314528,0.102965616,-0.06407412,-0.0069424952,0.11965638,0.12111386,-0.00904002,-0.007679544
2023-10-27,-0.013344578,-0.019224666,-0.016604051,-0.013692081,-0.014404595,-0.017459262,0.021374464,-0.012369983,-0.016491905,0.05966773,-0.013812106,-0.015351027,-0.012746118,0.100168794,-0.07954272,-0.01392002,0.120292194,0.12201065,-0.015301317,-0.013256684
2023-10-30,-0.01098913,-0.016676746,-0.014179356,-0.010969926,-0.0128039345,-0.014986057,0.022291042,-0.00956852,-0.0134984255,0.058767594,-0.010969944,-0.012674034,-0.010685027,0.097302884,-0.07362745,-0.0109803155,0.11639335,0.11803245,-0.0126331,-0.010922998
2023-10-31,-0.013488829,-0.016180754,-0.016641177,-0.013626911,-0.014561631,-0.016020358,0.021374464,-0.013550989,-0.016245455,0.05966773,-0.013894219,-0.015354507,-0.0131446645,0.100168794,-0.07954272,-0.013404697,0.120292194,0.12201065,-0.015480466,-0.0148553625
2023-11-01,-0.013854224,-0.015956514,-0.016708598,-0.013877504,-0.014740165,-0.017141819,0.021374464,-0.012657724,-0.016137987,0.05966773,-0.013597056,-0.015488848,-0.013783831,0.100168794,-0.07954272,-0.013428457,0.120292194,0.12201065,-0.015202269,-0.013828665
2023-11-02,-0.008771874,-0.01077174,-0.01291243,-0.009250224,-0.00857554,-0.012291469,0.02604308,-0.009307474,-0.011884585,0.06259206,-0.0088901445,-0.0106674805,-0.012069609,0.10158667,-0.06827262,-0.008568201,0.119201615,0.12073,-0.011286445,-0.0094623715
2023-11-03,-0.01064869,-0.012076478,-0.015339643,-0.011625528,-0.011464827,-0.014633693,0.025145821,-0.01191812,-0.014445048,0.063062064,-0.011328477,-0.0131473765,-0.014198042,0.1035395,-0.07276366,-0.0105593465,0.12180898,0.12338971,-0.013691377,-0.011277787
2023-11-06,-0.014571987,-0.01683069,-0.018580694,-0.015151896,-0.015615631,-0.018660758,0.022430122,-0.014596947,-0.017449435,0.061845534,-0.014821529,-0.016637534,-0.018895581,0.103764005,-0.080361485,-0.014485851,0.12353542,0.12523164,-0.017107464,-0.013927463
2023-11-07,-0.013473183,-0.013834104,-0.017693944,-0.014148887,-0.01488819,-0.01737038,0.021374464,-0.013860442,-0.016093053,0.05966773,-0.013848979,-0.015413839,-0.017058268,0.100168794,-0.07954272,-0.0134822875,0.120292194,0.12201065,-0.015628844,-0.012849867
2023-11-08,-0.013503946,-0.017331608,-0.017803945,-0.014403112,-0.015088841,-0.019125603,0.021374464,-0.0142803565,-0.015859537,0.05966773,-0.013749644,-0.015266273,-0.016002648,0.100168794,-0.07954272,-0.013571374,0.120292194,0.12201065,-0.015556857,-0.01267305
2023-11-09,-0.013717286,-0.021526523,-0.01762522,-0.014373731,-0.014850423,-0.018462688,0.021374464,-0.014520973,-0.015856653,0.05966773,-0.013771806,-0.015107669,-0.017596394,0.100168794,-0.07954272,-0.013785724,0.120292194,0.12201065,-0.015672449,-0.014538549
2023-11-10,-0.013888173,-0.0138654,-0.017594721,-0.014312208,-0.014607951,-0.018627599,0.021374464,-0.014868744,-0.015913472,0.05966773,-0.01367192,-0.01523957,-0.017842036,0.100168794,-0.07954272,-0.013740897,0.120292194,0.12201065,-0.015395928,-0.013807587
2023-11-13,-0.009853676,-0.014433593,-0.015734855,-0.011527605,-0.012130827,-0.01599899,0.017446868,-0.012004182,-0.013313804,0.051945455,-0.011061978,-0.0123989135,-0.015444927,0.08775375,-0.07580442,-0.011360675,0.10805514,0.10978333,-0.012182251,-0.0106123835
2023-11-14,-0.013679583,-0.022638999,-0.018282823,-0.014293794,-0.014911201,-0.018649932,0.021374464,-0.014540978,-0.016107835,0.05966773,-0.013785154,-0.01493568,-0.024203174,0.100168794,-0.07954272,-0.013748862,0.120292194,0.12201065,-0.015275225,-0.013488144
2023-11-15,-0.013510384,-0.019203097,-0.01787711,-0.013790421,-0.013522059,-0.01635889,0.021374464,-0.014310762,-0.016052201,0.05966773,-0.013840288,-0.014943376,-0.02439408,0.100168794,-0.07954272,-0.013254322,0.120292194,0.12201065,-0.015444368,-0.01386245
2023-11-16,-0.008788466,-0.011941411,-0.012907736,-0.009174772,-0.009278845,-0.01327873,0.015635036,-0.008994579,-0.0104663335,0.047465697,-0.008666467,-0.00966078,-0.03222031,0.080062374,-0.071860686,-0.008654118,0.10017493,0.10188583,-0.009986445,-0.007329676
2023-11-17,-0.0072939317,-0.012200061,-0.01203464,-0.0070595215,-0.008598097,-0.012929089,0.028153792,-0.008201186,-0.00941328,0.064335935,-0.007238656,-0.008530889,-0.017340746,0.10311622,-0.0643573,-0.006928298,0.119844906,0.121305466,-0.008418977,-0.0069462727
2023-11-20,-0.006981082,-0.010281764,-0.011692502,-0.00613255,-0.008242816,-0.009972081,0.028312795,-0.007447734,-0.009394988,0.06423938,-0.006746053,-0.008228645,-0.018491402,0.102741286,-0.063535124,-0.0065994593,0.11935449,0.12080578,-0.0072315405,-0.006471574
2023-11-21,-0.0069787684,-0.010789037,-0.01162551,-0.0064795534,-0.00849244,-0.010160651,0.025818624,-0.007453851,-0.008979514,0.06060797,-0.006580427,-0.007963836,-0.020652011,0.09756822,-0.0643898,-0.0065701227,0.114786185,0.11628159,-0.0071570124,-0.006555348
2023-11-22,-0.008062333,-0.011924706,-0.013367988,-0.0073671076,-0.009512305,-0.011554975,0.027962461,-0.009178411,-0.010243051,0.0644373,-0.0076499614,-0.009291455,-0.022406362,0.10353556,-0.0653122,-0.007782839,0.120399885,0.12187142,-0.0079153925,-0.0071055065
2023-11-24,-0.013779618,-0.017265085,-0.018206019,-0.013469532,-0.015379794,-0.016950987,0.021374464,-0.014481623,-0.0153975785,0.05966773,-0.013512857,-0.014841821,-0.022929572,0.100168794,-0.07954272,-0.013531592,0.120292194,0.12201065,-0.014595751,-0.0124157
2023-11-27,-0.013783447,-0.017771065,-0.018523186,-0.013018385,-0.015285447,-0.017651282,0.021374464,-0.014553625,-0.01545617,0.05966773,-0.013643801,-0.014845051,-0.018132128,0.100168794,-0.07954272,-0.0139071345,0.120292194,0.12201065,-0.013356432,-0.012462445
2023-11-28,-0.013653323,-0.017654046,-0.019110084,-0.013093963,-0.015011303,-0.017180167,0.021374464,-0.014224634,-0.015647039,0.05966773,-0.013713442,-0.014627673,-0.019636601,0.100168794,-0.07954272,-0.013823308,0.120292194,0.12201065,-0.013028372,-0.0136292055
2023-11-29,-0.01378832,-0.037413426,-0.018693853,-0.014047533,-0.01531598,-0.017113663,0.021374464,-0.013836242,-0.015659835,0.05966773,-0.013771683,-0.01478409,-0.02264624,0.100168794,-0.07954272,-0.014176048,0.120292194,0.12201065,-0.013858654,-0.013693895
2023-11-30,-0.012177326,-0.017401744,-0.017882623,-0.012799703,-0.013659865,-0.015982945,0.026164137,-0.012690365,-0.0141963065,0.06505259,-0.012250725,-0.013603747,-0.020763762,0.10674757,-0.07354978,-0.012589015,0.124847926,0.12641796,-0.013027512,-0.012083381
2023-12-01,-0.01939252,-0.038292237,-0.024648383,-0.019322298,-0.020461917,-0.022636749,0.023001082,-0.019456409,-0.021213718,0.066063754,-0.019499324,-0.02066312,-0.029644668,0.1122097,-0.08825224,-0.020019755,0.13276063,0.13452193,-0.020753335,-0.01854118
2023-12-04,-0.013714518,-0.027392931,-0.018863395,-0.013177317,-0.015016563,-0.017071504,0.021374464,-0.013929203,-0.015483879,0.05966773,-0.013703302,-0.014733389,-0.021319777,0.100168794,-0.07954272,-0.01427336,0.120292194,0.12201065,-0.015277922,-0.014058057
2023-12-05,-0.013916992,-0.026466772,-0.019018672,-0.012672834,-0.015598789,-0.017203733,0.021374464,-0.014318384,-0.015802033,0.05966773,-0.013707172,-0.014814384,-0.021806203,0.100168794,-0.07954272,-0.014287449,0.120292194,0.12201065,-0.015462618,-0.014420144
2023-12-06,-0.014061615,-0.019792624,-0.018840909,-0.012620933,-0.016209979,-0.017142668,0.021374464,-0.014304072,-0.015768342,0.05966773,-0.013613075,-0.01485265,-0.026706226,0.100168794,-0.07954272,-0.013947144,0.120292194,0.12201065,-0.01527375,-0.012435868
2023-12-07,-0.014235958,-0.018036265,-0.018853404,-0.013439752,-0.013607144,-0.017199613,0.021374464,-0.014150277,-0.015702806,0.05966773,-0.013675656,-0.014775582,-0.02591268,0.100168794,-0.07954272,-0.013916094,0.120292194,0.12201065,-0.015079651,-0.013151832
2023-12-08,-0.014252473,-0.018710427,-0.018736392,-0.012613695,-0.014797717,-0.017104458,0.021374464,-0.013540417,-0.015397102,0.05966773,-0.013502013,-0.01482217,-0.01829572,0.100168794,-0.07954272,-0.013840593,0.120292194,0.12201065,-0.015086725,-0.0141754635
2023-12-11,-0.013995826,-0.023422964,-0.018864207,-0.012810357,-0.016600639,-0.01650804,0.021374464,-0.013867792,-0.015431218,0.05966773,-0.013712954,-0.014680073,-0.024365358,0.100168794,-0.07954272,-0.013063606,0.120292194,0.12201065,-0.014996104,-0.012739614
2023-12-12,-0.013731822,-0.02346433,-0.018653631,-0.013328247,-0.014853284,-0.01744847,0.021374464,-0.014245231,-0.015356917,0.05966773,-0.013700947,-0.014676139,-0.02440776,0.100168794,-0.07954272,-0.0135433115,0.120292194,0.12201065,-0.015066739,-0.013287708
2023-12-13,-0.008119609,-0.011518478,-0.01430323,-0.007746793,-0.008824233,-0.01226889,0.026658513,-0.00940828,-0.010262169,0.06276264,-0.007888898,-0.009406775,-0.012279175,0.10130896,-0.06631593,-0.0078773275,0.11856734,0.12006803,-0.009845596,-0.007843457
2023-12-14,-0.010129906,-0.03133198,-0.015434019,-0.009667575,-0.011245824,-0.013409559,0.015978128,-0.011024281,-0.01199935,0.049351625,-0.010520309,-0.011270553,-0.029105835,0.083736576,-0.075160354,-0.0105454475,0.10422438,0.10596543,-0.011583917,-0.010428064
2023-12-15,-0.011419363,-0.01560694,-0.016725704,-0.011820987,-0.013104495,-0.01496318,0.026046388,-0.012697302,-0.013461702,0.06437015,-0.011405021,-0.012595005,-0.014652051,0.10540377,-0.07241411,-0.011184968,0.12342813,0.124991186,-0.012569234,-0.012034066
2023-12-18,-0.01403312,-0.019901901,-0.019501962,-0.014790945,-0.016601682,-0.01766083,0.024474211,-0.014987379,-0.01623172,0.064286955,-0.014297336,-0.015290622,-0.02348363,0.10686785,-0.07826807,-0.0138565,0.1259088,0.12755111,-0.015427604,-0.014834661
2023-12-19,-0.011768915,-0.018096618,-0.016786657,-0.012410276,-0.014093664,-0.015460618,0.0230776,-0.012387797,-0.013566516,0.06028288,-0.011528693,-0.012820814,-0.023615878,0.099747606,-0.07402482,-0.010946013,0.11858026,0.12020268,-0.012631144,-0.012604602
2023-12-20,-0.010352522,-0.016450979,-0.015760079,-0.010237414,-0.012730867,-0.014060892,0.026808754,-0.011112399,-0.012369305,0.06467868,-0.010245465,-0.011764988,-0.024743848,0.10526666,-0.07023891,-0.009871669,0.12288867,0.12442037,-0.011648729,-0.011194952
2023-12-21,-0.010802247,-0.0060208472,-0.016113345,-0.010625143,-0.012954742,-0.013946757,0.02353625,-0.011412095,-0.012633879,0.060373798,-0.01061929,-0.011977546,-0.026577171,0.099451475,-0.07260657,-0.010333024,0.118106246,0.11971366,-0.0118915215,-0.011516571
2023-12-22,-0.011459887,-0.009260997,-0.016700424,-0.011390537,-0.0140783,-0.014452122,0.02229511,-0.011952341,-0.013222694,0.059086993,-0.011454709,-0.012801375,-0.026241891,0.09799655,-0.074231856,-0.011467181,0.11706068,0.11869943,-0.012658142,-0.010849416
2023-12-26,-0.0138269365,-0.0144591555,-0.018903408,-0.01265645,-0.016183473,-0.016548347,0.021374464,-0.014327168,-0.015373837,0.05966773,-0.013828158,-0.014950413,-0.021507658,0.100168794,-0.07954272,-0.01393158,0.120292194,0.12201065,-0.014649831,-0.012280881
2023-12-27,-0.013715927,-0.015545718,-0.0188791,-0.012538116,-0.016314395,-0.016329717,0.021374464,-0.014726952,-0.01527746,0.05966773,-0.013776563,-0.014845263,-0.01969117,0.100168794,-0.07954272,-0.01400321,0.120292194,0.12201065,-0.014595743,-0.01213906
2023-12-28,-0.013669953,-0.015994333,-0.018849105,-0.013233162,-0.016653322,-0.016337916,0.021374464,-0.015044637,-0.015079118,0.05966773,-0.01370775,-0.014914058,-0.019789439,0.100168794,-0.07954272,-0.013682149,0.120292194,0.12201065,-0.014684893,-0.014628757
