date,GTY,LB,CUB,MSBF,BKE,EVX,PMD,NTRS,AZZ,BSRR,AXP,TRMK,CTRN,HEP,RDY,EWP,BJRI,AMZN,E,DXD
2009-02-19,-0.018818501,-0.018851776,-0.018872622,-0.018809665,-0.018870134,-0.018828157,-0.018818635,-0.018841121,-0.019008998,-0.018824209,-0.01888967,-0.018820155,-0.018830586,-0.018876392,-0.018885259,-0.01882315,-0.018930648,-0.018935923,-0.018854294,-0.018903706
2009-02-20,-0.018819902,-0.01884437,-0.018848468,-0.018811021,-0.018869687,-0.018831823,-0.018823612,-0.018837962,-0.019008998,-0.018823866,-0.01889107,-0.018818814,-0.01883893,-0.01888657,-0.018890653,-0.018824596,-0.018928785,-0.018934269,-0.018865634,-0.018903453
2009-02-23,-0.023084361,-0.023113254,-0.023098368,-0.023071323,-0.023137558,-0.023092482,-0.023083378,-0.023112867,-0.023272935,-0.023088086,-0.023157153,-0.023091916,-0.023098562,-0.023109231,-0.023155142,-0.023087505,-0.023146648,-0.023186717,-0.023130063,-0.023167063
2009-02-24,-0.018820051,-0.018870134,-0.018816505,-0.018812913,-0.018872846,-0.018825416,-0.018819544,-0.01884282,-0.019008998,-0.018822689,-0.018887002,-0.018835668,-0.018828992,-0.018846888,-0.018885393,-0.01882318,-0.01888286,-0.01891597,-0.01887988,-0.018903363
2009-02-25,-0.018821422,-0.018860374,-0.018838067,-0.018811468,-0.018868718,-0.018825267,-0.01884063,-0.018845383,-0.019008998,-0.018827457,-0.018885795,-0.018832047,-0.01882853,-0.01885778,-0.018880207,-0.018822882,-0.018885035,-0.01894546,-0.018883068,-0.018904198
2009-02-26,-0.018822659,-0.018864218,-0.018867005,-0.018808845,-0.01886921,-0.018824387,-0.018823389,-0.018851984,-0.019008998,-0.018824253,-0.018889297,-0.018847216,-0.018827725,-0.018843401,-0.018874843,-0.018824149,-0.018883366,-0.0189205,-0.018883813,-0.018902663
2009-02-27,-0.019778166,-0.019828174,-0.01979253,-0.019768436,-0.019797329,-0.01977906,-0.019777868,-0.019806717,-0.019966412,-0.019779015,-0.019845221,-0.019799042,-0.019779895,-0.019809935,-0.01982883,-0.01978131,-0.019842122,-0.019859422,-0.019836877,-0.019860614
2009-03-02,-0.018821213,-0.018879209,-0.018830407,-0.018810648,-0.018832806,-0.01882321,-0.018828262,-0.01885343,-0.019009013,-0.018820126,-0.018886987,-0.01884212,-0.018826235,-0.018837754,-0.018873889,-0.018824507,-0.018883724,-0.018907923,-0.018880058,-0.01890323
2009-03-03,-0.018821795,-0.01887839,-0.018820573,-0.018810857,-0.018854547,-0.0188233,-0.018827531,-0.018845785,-0.018950168,-0.018820453,-0.01888593,-0.018841226,-0.018826444,-0.0188586,-0.018870506,-0.018824104,-0.018880744,-0.018904168,-0.018882204,-0.018902425
2009-03-04,-0.018821884,-0.018874828,-0.018817607,-0.018811498,-0.018838633,-0.018822331,-0.018835906,-0.018840495,-0.019004036,-0.018821094,-0.018886749,-0.01885483,-0.018823374,-0.018851805,-0.018873248,-0.018825341,-0.018880848,-0.018884454,-0.018879715,-0.018902872
2009-03-05,-0.018820006,-0.01887979,-0.018831436,-0.018812928,-0.018847708,-0.018820573,-0.01882546,-0.01885109,-0.019006077,-0.018820453,-0.018886779,-0.018845845,-0.018826265,-0.018845249,-0.018874768,-0.018825639,-0.01884297,-0.018887017,-0.01888265,-0.01890375
2009-03-06,-0.019112263,-0.019173373,-0.019122023,-0.019105691,-0.019227717,-0.019113112,-0.019118492,-0.019151796,-0.01929878,-0.019107241,-0.019182462,-0.01913065,-0.019114528,-0.019143615,-0.019169439,-0.019114766,-0.019128118,-0.019182388,-0.019156773,-0.019195456
2009-03-09,-0.01928072,-0.01934247,-0.01930486,-0.019271675,-0.019379783,-0.019280914,-0.01927993,-0.019313488,-0.019427735,-0.019278962,-0.019348029,-0.01929276,-0.019282106,-0.019307021,-0.019341264,-0.019281257,-0.019293595,-0.019342829,-0.019319419,-0.019361366
2009-03-10,-0.01882312,-0.018875945,-0.018871147,-0.018812466,-0.01894756,-0.01882336,-0.018824596,-0.018846232,-0.018967677,-0.018823404,-0.018885557,-0.018817712,-0.018823776,-0.018870298,-0.018887792,-0.018822912,-0.018825639,-0.01887985,-0.018842045,-0.018905628
2009-03-11,-0.01882239,-0.018875618,-0.018885408,-0.01881108,-0.018950958,-0.018824566,-0.018856961,-0.018844608,-0.01893394,-0.018818516,-0.018886734,-0.018830273,-0.018824507,-0.018873665,-0.018891443,-0.01882543,-0.018873665,-0.018883038,-0.018847216,-0.018906016
2009-03-12,-0.018823642,-0.018877674,-0.01888645,-0.018811632,-0.01899502,-0.018822927,-0.018827308,-0.018840332,-0.01889259,-0.018674094,-0.018887002,-0.01882774,-0.01882625,-0.018868435,-0.018893022,-0.018826965,-0.018886928,-0.018885616,-0.018839289,-0.01890688
2009-03-13,-0.016451437,-0.016501669,-0.016496826,-0.016440306,-0.016615171,-0.016449828,-0.016451899,-0.01646458,-0.016503278,-0.016403202,-0.016512666,-0.016454104,-0.016456638,-0.016502205,-0.016516361,-0.016452257,-0.0165166,-0.016516332,-0.01645698,-0.016531501
2009-03-16,-0.01882181,-0.018877748,-0.018866587,-0.01881044,-0.01898599,-0.018821646,-0.018826861,-0.018834192,-0.018841077,-0.018803213,-0.018887196,-0.01882412,-0.018827904,-0.018854592,-0.018892322,-0.018821422,-0.018895898,-0.018907357,-0.018834013,-0.018908788
2009-03-17,-0.008318697,-0.008366306,-0.008355443,-0.008305942,-0.008487587,-0.008314108,-0.008309667,-0.00832208,-0.008329232,-0.008310189,-0.008371954,-0.008317162,-0.008323659,-0.0083677815,-0.00837629,-0.008315478,-0.008366992,-0.008438741,-0.0083202915,-0.008392577
2009-03-18,-0.01936226,-0.019416217,-0.019415427,-0.01934718,-0.019541044,-0.019355897,-0.019368637,-0.019370768,-0.019379172,-0.01935679,-0.01942854,-0.019360695,-0.019364823,-0.01941039,-0.01943143,-0.019356195,-0.019464988,-0.019498277,-0.01937421,-0.019447867
2009-03-19,-0.018822689,-0.018874709,-0.018876974,-0.018807817,-0.019004319,-0.018818785,-0.01881801,-0.018843282,-0.018835623,-0.018821646,-0.018889789,-0.018830124,-0.018824685,-0.018857572,-0.018891308,-0.018819455,-0.018929396,-0.018964235,-0.018837873,-0.01890478
2009-03-20,-0.017788518,-0.017824996,-0.017827783,-0.017776567,-0.017964128,-0.017788026,-0.017782513,-0.01780783,-0.017798651,-0.017787863,-0.017832328,-0.017794836,-0.01779208,-0.017828602,-0.017835964,-0.017787684,-0.017881487,-0.017858583,-0.017803777,-0.017853964
2009-03-23,-0.016491938,-0.016547281,-0.016546968,-0.016481686,-0.016611893,-0.016492028,-0.016491894,-0.016522843,-0.016487557,-0.016493846,-0.01655646,-0.016502593,-0.016500283,-0.01652858,-0.016622368,-0.016491178,-0.01658829,-0.016605217,-0.016507272,-0.016576994
2009-03-24,-0.01882388,-0.018880118,-0.01887228,-0.018811602,-0.018937398,-0.018823493,-0.018816236,-0.018844906,-0.01884422,-0.018826697,-0.01889116,-0.01883066,-0.018840957,-0.018853087,-0.01895887,-0.018822554,-0.018948574,-0.01900125,-0.018842254,-0.018908668
2009-03-25,-0.013337393,-0.013379489,-0.013376688,-0.013323222,-0.013431733,-0.013332968,-0.013329049,-0.013358583,-0.013376092,-0.013336842,-0.013394405,-0.013340448,-0.01333939,-0.0133750485,-0.013465975,-0.013331925,-0.013437052,-0.013443177,-0.0133474665,-0.013412599
2009-03-26,-0.018825907,-0.018888507,-0.018864457,-0.018809725,-0.018993739,-0.018821362,-0.018816222,-0.018852074,-0.018844161,-0.018825833,-0.018887524,-0.0188299,-0.018832076,-0.018857423,-0.018964145,-0.018821064,-0.018951077,-0.018950824,-0.018865589,-0.018906105
2009-03-27,-0.018827487,-0.018886793,-0.018872652,-0.018809933,-0.018857647,-0.018822316,-0.018818218,-0.01885048,-0.018832345,-0.018806804,-0.018888135,-0.018832508,-0.018837918,-0.018856648,-0.019009028,-0.018823896,-0.01894917,-0.018893678,-0.018883277,-0.018905882
2009-03-30,-0.020180214,-0.020244513,-0.020237196,-0.020161573,-0.020227063,-0.020173866,-0.020174775,-0.0202051,-0.02017041,-0.020169709,-0.020246629,-0.020183671,-0.020176042,-0.020213012,-0.020361502,-0.020175833,-0.020296443,-0.020287115,-0.0202404,-0.020265985
2009-03-31,-0.018828917,-0.018881205,-0.018881086,-0.018810261,-0.018867988,-0.018823925,-0.018820677,-0.018847737,-0.018813971,-0.018824104,-0.018888954,-0.018828724,-0.018823732,-0.018859167,-0.019008998,-0.018824298,-0.01894464,-0.018881638,-0.018890265,-0.018911619
2009-04-01,-0.018829439,-0.018882904,-0.01888739,-0.018811781,-0.01891448,-0.018823836,-0.018820051,-0.018848944,-0.018830795,-0.018826444,-0.01888739,-0.018830318,-0.018818665,-0.018832553,-0.019008998,-0.0188247,-0.018953655,-0.01892883,-0.01887596,-0.018910203
2009-04-02,-0.015093152,-0.01514632,-0.015147586,-0.01507536,-0.0151483165,-0.015085955,-0.015081187,-0.015114223,-0.0151312845,-0.015088906,-0.0151531,-0.015092065,-0.015077521,-0.015113314,-0.015274753,-0.015091036,-0.015197356,-0.015227203,-0.015108054,-0.015171831
2009-04-03,-0.018826503,-0.018881265,-0.018881802,-0.018807743,-0.018931631,-0.018819246,-0.0188119,-0.01885495,-0.018848259,-0.018825743,-0.018889237,-0.018828098,-0.018930126,-0.01882923,-0.019008998,-0.018825803,-0.018938918,-0.018912513,-0.018849585,-0.018905703
2009-04-06,-0.018827159,-0.018879715,-0.01888435,-0.018809143,-0.018935341,-0.018818561,-0.018814404,-0.018848602,-0.01885559,-0.018824939,-0.01889022,-0.018828545,-0.01895969,-0.018827517,-0.019008998,-0.018828008,-0.018939245,-0.018877316,-0.018836427,-0.018909592
2009-04-07,-0.018826637,-0.018881503,-0.018886182,-0.018809084,-0.018930499,-0.018819693,-0.018813852,-0.018840749,-0.018846978,-0.018824745,-0.018889595,-0.018828262,-0.018971745,-0.018853445,-0.019008998,-0.018825565,-0.018923033,-0.018884692,-0.018828575,-0.018910576
2009-04-08,-0.0134094255,-0.013464649,-0.013472964,-0.013398503,-0.01353844,-0.013406833,-0.013400515,-0.013425295,-0.013407101,-0.013402541,-0.013475333,-0.013410156,-0.013565754,-0.013435219,-0.013595914,-0.013408561,-0.013493557,-0.013583069,-0.013440345,-0.013494869
2009-04-09,-0.016789798,-0.016844992,-0.016861219,-0.016810391,-0.016964648,-0.016786743,-0.016790885,-0.016801838,-0.016800884,-0.016784582,-0.016855005,-0.016789366,-0.01697411,-0.016828213,-0.016976956,-0.016792301,-0.016899709,-0.016938675,-0.016810063,-0.016873065
2009-04-13,-0.018821497,-0.018876914,-0.01888566,-0.018823091,-0.018998567,-0.018820394,-0.018820766,-0.018833015,-0.018823791,-0.018812794,-0.018889505,-0.018819008,-0.018968944,-0.018848691,-0.019008983,-0.01882023,-0.01896875,-0.018960644,-0.018852133,-0.018901367
2009-04-14,-0.01882023,-0.018879134,-0.018887956,-0.01881731,-0.018937413,-0.018818695,-0.018840764,-0.018827159,-0.01882619,-0.01880962,-0.01888949,-0.018817965,-0.018997926,-0.018852133,-0.019008983,-0.018820677,-0.018929813,-0.018962596,-0.018848214,-0.018909398
2009-04-15,-0.02008367,-0.020150948,-0.020161543,-0.02007747,-0.020214606,-0.020086024,-0.020089943,-0.020087738,-0.020089064,-0.020074341,-0.020164419,-0.020083342,-0.020244215,-0.020106066,-0.020275611,-0.020086844,-0.020195458,-0.020275537,-0.020121176,-0.020183746
2009-04-16,-0.018819321,-0.018877435,-0.018903557,-0.018805686,-0.01894069,-0.018820006,-0.01881707,-0.01881564,-0.018821884,-0.018810172,-0.018888418,-0.018815,-0.018966127,-0.018827815,-0.019008983,-0.018819246,-0.018973399,-0.019008998,-0.01885027,-0.018919427
2009-04-17,-0.016373832,-0.01643433,-0.016449574,-0.016366456,-0.01649617,-0.01637264,-0.016370822,-0.01637723,-0.016376007,-0.016425733,-0.016446728,-0.016369198,-0.016502712,-0.016392145,-0.016563732,-0.016373191,-0.016555477,-0.016563762,-0.01641487,-0.016471598
2009-04-20,-0.019377608,-0.019439254,-0.019452456,-0.019369248,-0.019451741,-0.019377831,-0.019367937,-0.019387726,-0.019381735,-0.019404028,-0.019450981,-0.019375775,-0.019530851,-0.019413505,-0.019569863,-0.019376654,-0.019541297,-0.019569118,-0.019420493,-0.019475851
2009-04-21,-0.017222736,-0.017286677,-0.017301802,-0.017214272,-0.01729304,-0.017220575,-0.017218221,-0.01723205,-0.017230112,-0.01728994,-0.017299894,-0.017223362,-0.017362136,-0.017255176,-0.017416317,-0.017221112,-0.017395396,-0.01741514,-0.017250288,-0.017320726
2009-04-22,-0.017630477,-0.01768585,-0.017701808,-0.01762085,-0.017689217,-0.017627466,-0.017625708,-0.017662156,-0.017636556,-0.01766098,-0.017696936,-0.017633487,-0.01777384,-0.017670784,-0.017820138,-0.017628375,-0.017819647,-0.017818693,-0.017654497,-0.017719481
2009-04-23,-0.015674178,-0.015718345,-0.015735645,-0.015662957,-0.015724335,-0.01567157,-0.015668768,-0.015695218,-0.015684042,-0.015708033,-0.01573192,-0.015676785,-0.015819672,-0.015701313,-0.015862051,-0.015672091,-0.015861783,-0.015860189,-0.01569176,-0.015753452
2009-04-24,-0.018819485,-0.018882755,-0.018892411,-0.018808547,-0.018883679,-0.018817533,-0.018812317,-0.018832076,-0.01882695,-0.018962104,-0.018888865,-0.018819038,-0.018949915,-0.018849079,-0.019008998,-0.018817011,-0.019008804,-0.019006867,-0.018862743,-0.018910963
2009-04-27,-0.018821616,-0.018882278,-0.018884096,-0.018810648,-0.018885989,-0.018818278,-0.018813718,-0.018823687,-0.018822689,-0.018838767,-0.01888873,-0.018816132,-0.018951092,-0.018932495,-0.019008998,-0.018814106,-0.019008938,-0.019006032,-0.018828947,-0.018908296
2009-04-28,-0.018826384,-0.018881354,-0.018878896,-0.018809367,-0.018884797,-0.018820021,-0.01881272,-0.018812437,-0.018824566,-0.018835995,-0.018890325,-0.01881959,-0.018957619,-0.018955056,-0.019008998,-0.018814374,-0.018987674,-0.01900715,-0.01882032,-0.018907312
2009-04-29,-0.018825222,-0.01887216,-0.018876959,-0.018810827,-0.018888716,-0.018820483,-0.01881558,-0.018852893,-0.018828053,-0.01892263,-0.018894497,-0.018823627,-0.018964503,-0.018965606,-0.019008998,-0.01881643,-0.018976469,-0.018941198,-0.018829618,-0.018908892
2009-04-30,-0.016414274,-0.01644564,-0.016453777,-0.016396154,-0.01646297,-0.01640718,-0.016399253,-0.016437966,-0.01641922,-0.01657692,-0.016467128,-0.016418833,-0.016521145,-0.016554732,-0.01659504,-0.016403843,-0.016571078,-0.01651888,-0.016406823,-0.016479675
2009-05-01,-0.018827755,-0.018866349,-0.01887748,-0.018808875,-0.018889818,-0.01881883,-0.01881646,-0.01884197,-0.018829424,-0.018868927,-0.018895734,-0.018836278,-0.01894677,-0.019006435,-0.019008998,-0.018817756,-0.018960137,-0.018937115,-0.01887155,-0.018906552
2009-05-04,-0.015290086,-0.015323852,-0.015338575,-0.015271728,-0.015347381,-0.015278836,-0.015287359,-0.015297,-0.015291174,-0.015307044,-0.015354578,-0.015295093,-0.015403752,-0.015467291,-0.015468647,-0.015278419,-0.015404944,-0.015393992,-0.015341912,-0.01536413
2009-05-05,-0.018828336,-0.018871967,-0.018884305,-0.018810753,-0.018893827,-0.018817756,-0.018815983,-0.018823672,-0.018828902,-0.018858332,-0.018896703,-0.018830333,-0.018947158,-0.019008208,-0.019008998,-0.018818278,-0.018933836,-0.018886182,-0.01888195,-0.018907357
2009-05-06,-0.019419912,-0.01945657,-0.019476209,-0.019407842,-0.019479517,-0.019410167,-0.019412804,-0.019426558,-0.019420791,-0.019556407,-0.019486163,-0.019420836,-0.01954529,-0.019600753,-0.01960126,-0.019413177,-0.019528452,-0.0195251,-0.01945782,-0.019494403
2009-05-07,-0.01861659,-0.018657047,-0.018676478,-0.018600453,-0.018678207,-0.018605653,-0.018605504,-0.018627051,-0.018614743,-0.0187517,-0.018685032,-0.018613357,-0.018739987,-0.018799234,-0.018738184,-0.0186092,-0.018704612,-0.018725235,-0.01864982,-0.018691633
2009-05-08,-0.017271388,-0.017315809,-0.017339248,-0.01725607,-0.017340634,-0.017263357,-0.017258946,-0.017288912,-0.017270315,-0.01730891,-0.017347116,-0.017271359,-0.017380137,-0.01745737,-0.01739322,-0.01726659,-0.017377649,-0.017341692,-0.0173201,-0.017355505
2009-05-11,-0.019354302,-0.019395906,-0.019420642,-0.019341487,-0.019424904,-0.019345362,-0.019345347,-0.019374002,-0.019354004,-0.019363645,-0.019422013,-0.019356702,-0.019465093,-0.01953854,-0.019471887,-0.019348536,-0.01946159,-0.019462604,-0.019406263,-0.019438136
2009-05-12,-0.018826682,-0.018868808,-0.01889472,-0.018812347,-0.01885799,-0.018817026,-0.01881874,-0.018837858,-0.018828053,-0.018848855,-0.018897433,-0.018828902,-0.01895735,-0.019009013,-0.018942434,-0.018819723,-0.018926192,-0.018942062,-0.018889789,-0.018914927
2009-05-13,-0.018826816,-0.018869597,-0.018891234,-0.018810246,-0.018855724,-0.018817533,-0.018814374,-0.018836249,-0.018826414,-0.018848602,-0.018890444,-0.018827233,-0.0189468,-0.019009013,-0.01889627,-0.018820155,-0.01887228,-0.018951524,-0.018878955,-0.018907119
2009-05-14,-0.018828113,-0.018871833,-0.018887985,-0.018809978,-0.018834654,-0.018817905,-0.018815119,-0.018836085,-0.018826518,-0.018826324,-0.018892039,-0.018829945,-0.018924419,-0.019009028,-0.018896926,-0.018819455,-0.018880773,-0.018901397,-0.01888046,-0.01890694
2009-05-15,-0.018830884,-0.018870894,-0.018886376,-0.018809278,-0.01882479,-0.01882099,-0.018833596,-0.018845651,-0.018831957,-0.018828426,-0.018890817,-0.018830035,-0.018927205,-0.019009013,-0.018902887,-0.01882102,-0.018881071,-0.018935177,-0.018879239,-0.018909443
2009-05-18,-0.018830676,-0.01886994,-0.01888508,-0.018808622,-0.018837366,-0.018819902,-0.018817473,-0.01884051,-0.018830229,-0.018832002,-0.018893886,-0.018831406,-0.018941272,-0.018948812,-0.01889715,-0.018820036,-0.018862788,-0.018911932,-0.01888198,-0.018912021
2009-05-19,-0.01883014,-0.018864099,-0.018883307,-0.018809233,-0.01886307,-0.018818427,-0.018818501,-0.018844936,-0.018828515,-0.018828709,-0.018889178,-0.018829767,-0.018936384,-0.018947858,-0.018898297,-0.018818635,-0.018839095,-0.018956099,-0.018880237,-0.018908028
2009-05-20,-0.017255712,-0.01729222,-0.01731262,-0.017238352,-0.017318595,-0.017245684,-0.017251078,-0.01727197,-0.01725522,-0.017256055,-0.017318789,-0.017256055,-0.017345134,-0.017374743,-0.017329503,-0.017248575,-0.017266173,-0.017365832,-0.017306957,-0.017335702
2009-05-21,-0.018824551,-0.018866006,-0.018885035,-0.018807638,-0.018900026,-0.0188171,-0.018810991,-0.01884279,-0.018831912,-0.018825892,-0.018891025,-0.018829767,-0.018909637,-0.018941227,-0.018909682,-0.018820021,-0.018837187,-0.01893327,-0.018882725,-0.018905375
2009-05-22,-0.016857956,-0.016889606,-0.016915563,-0.016842578,-0.01693197,-0.016850341,-0.016850132,-0.016871754,-0.016864393,-0.01685569,-0.01692124,-0.016863007,-0.016985703,-0.016925875,-0.016926039,-0.01685286,-0.016862217,-0.016975809,-0.016912032,-0.016935665
2009-05-26,-0.023718733,-0.02374493,-0.023775715,-0.023703117,-0.02377892,-0.023709659,-0.023713503,-0.023732949,-0.02372082,-0.023733128,-0.023783658,-0.023721848,-0.023838688,-0.023791734,-0.02384815,-0.023712564,-0.023721505,-0.02385806,-0.023772169,-0.023797918
2009-05-27,-0.01882841,-0.018857498,-0.018881518,-0.018808324,-0.018889952,-0.018817607,-0.018813644,-0.018837709,-0.01883391,-0.018832806,-0.01889329,-0.018833224,-0.018938754,-0.018900488,-0.018904645,-0.018819991,-0.018836487,-0.01896796,-0.018884871,-0.018904705
2009-05-28,-0.017587725,-0.017616142,-0.017639179,-0.01756974,-0.017650161,-0.017576743,-0.017581437,-0.01760951,-0.017592732,-0.01759227,-0.017654512,-0.017594356,-0.017700974,-0.017716948,-0.017662931,-0.017580021,-0.017604742,-0.017729077,-0.017641027,-0.017662082
2009-05-29,-0.018830124,-0.018859688,-0.01888192,-0.01880901,-0.01889335,-0.018819768,-0.018829543,-0.01885954,-0.01883519,-0.01882537,-0.018888745,-0.01883519,-0.018931735,-0.018961538,-0.018905852,-0.018825416,-0.018871222,-0.018963624,-0.01888058,-0.018904094
2009-06-01,-0.017787311,-0.017811093,-0.017842416,-0.017768268,-0.017851684,-0.017779592,-0.017806325,-0.017808158,-0.017795298,-0.017779622,-0.017850313,-0.01779281,-0.017880742,-0.01792531,-0.017913181,-0.017784316,-0.017850924,-0.017923255,-0.017831359,-0.017866734
2009-06-02,-0.01882637,-0.018848289,-0.018884812,-0.018810619,-0.018891577,-0.01882035,-0.018837411,-0.018847127,-0.018834341,-0.018822584,-0.018896122,-0.018831898,-0.018939499,-0.018964384,-0.01890077,-0.018822793,-0.018875469,-0.018945146,-0.018872086,-0.018902738
2009-06-03,-0.018827815,-0.018834684,-0.018885765,-0.018814225,-0.01888961,-0.018819857,-0.01884586,-0.018828932,-0.01883142,-0.018825252,-0.018902663,-0.018832106,-0.018955845,-0.019009013,-0.018912543,-0.018820155,-0.018873516,-0.01898444,-0.018870074,-0.018904556
2009-06-04,-0.026691575,-0.026707385,-0.026767451,-0.026676644,-0.026775096,-0.026682664,-0.02669156,-0.026700843,-0.026691232,-0.026690204,-0.026770685,-0.026697088,-0.02678642,-0.026874993,-0.026775736,-0.026683826,-0.026732717,-0.026832256,-0.026759405,-0.026786197
2009-06-05,-0.016519416,-0.016540278,-0.016572047,-0.016505484,-0.016570438,-0.016512353,-0.016511966,-0.016528774,-0.01652104,-0.016526777,-0.016570378,-0.016529936,-0.0166183,-0.016701851,-0.01661298,-0.01651502,-0.016534794,-0.016622562,-0.016565401,-0.016590733
2009-06-08,-0.017539937,-0.017575566,-0.017594773,-0.017523665,-0.017587218,-0.017533679,-0.017547283,-0.01754992,-0.017572064,-0.017542783,-0.017607305,-0.017551381,-0.017666776,-0.017722566,-0.017633278,-0.017536093,-0.017539252,-0.017668772,-0.017589051,-0.017616916
2009-06-09,-0.018828813,-0.01886696,-0.0188804,-0.018813316,-0.018858004,-0.018820826,-0.018822495,-0.018843908,-0.018853892,-0.018828157,-0.018893603,-0.018834475,-0.018955145,-0.019009013,-0.018941808,-0.018823061,-0.018823165,-0.018983964,-0.018873308,-0.018906478
2009-06-10,-0.018830884,-0.018850926,-0.018884826,-0.018817116,-0.018855128,-0.0188202,-0.01882923,-0.018830184,-0.018852998,-0.01882695,-0.01888812,-0.018832374,-0.01894239,-0.019009028,-0.018934164,-0.018821362,-0.018820513,-0.018972848,-0.01887134,-0.018908326
2009-06-11,-0.018831942,-0.018840212,-0.0188835,-0.01881184,-0.018860135,-0.018820275,-0.018818263,-0.018828843,-0.018843789,-0.018831123,-0.018888924,-0.018831749,-0.018964712,-0.019009072,-0.018957142,-0.01882105,-0.018824462,-0.01890317,-0.01887751,-0.018905926
2009-06-12,-0.010721107,-0.010734473,-0.010772099,-0.010706966,-0.010755544,-0.010716219,-0.010709216,-0.010722016,-0.010724326,-0.010723655,-0.010777344,-0.010724534,-0.010870104,-0.0107323425,-0.010850628,-0.010716905,-0.010719483,-0.010873024,-0.010766198,-0.01079457
2009-06-15,-0.01799782,-0.018018533,-0.018054444,-0.017986257,-0.018041272,-0.017993916,-0.01799405,-0.01800086,-0.017999236,-0.018001545,-0.01805285,-0.018005598,-0.01809964,-0.017973397,-0.018134195,-0.017994333,-0.018013392,-0.018166993,-0.01804379,-0.018079806
2009-06-16,-0.0188254,-0.01884896,-0.018889833,-0.01881111,-0.0188648,-0.018819872,-0.018818397,-0.018829662,-0.01883166,-0.01882996,-0.018890012,-0.018837858,-0.01892713,-0.018945757,-0.01896808,-0.018820766,-0.01885422,-0.018997286,-0.01887514,-0.01891436
2009-06-17,-0.018825937,-0.018857647,-0.01888809,-0.01881859,-0.018863145,-0.018819753,-0.018813033,-0.018844787,-0.018836204,-0.018828887,-0.018892039,-0.018837858,-0.01893099,-0.018982146,-0.018960241,-0.018822331,-0.018835504,-0.018960867,-0.018870104,-0.018909384
2009-06-18,-0.018825028,-0.018860016,-0.018947188,-0.018814433,-0.018869195,-0.018818025,-0.018816669,-0.018847037,-0.018834729,-0.01882537,-0.018890101,-0.018836383,-0.01893108,-0.01897036,-0.01896559,-0.018820275,-0.018822957,-0.019001562,-0.018849853,-0.018906552
2009-06-19,-0.018824998,-0.018843655,-0.018940482,-0.018810783,-0.01884802,-0.018819485,-0.018819366,-0.018838543,-0.01885112,-0.018831182,-0.018886406,-0.018834446,-0.018899012,-0.018820051,-0.018966977,-0.018822256,-0.01881491,-0.019008938,-0.018857274,-0.018912304
2009-06-22,-0.026124556,-0.026163746,-0.02624451,-0.026111964,-0.026139308,-0.026118983,-0.026127208,-0.026137237,-0.02615166,-0.02612691,-0.02619839,-0.026139949,-0.026207317,-0.026262928,-0.026284177,-0.02612168,-0.02612545,-0.02625439,-0.026155043,-0.026224915
2009-06-23,-0.018826354,-0.018863995,-0.018961627,-0.01881181,-0.018856768,-0.018818263,-0.018818516,-0.018834282,-0.018833656,-0.018823761,-0.01889721,-0.018834088,-0.018890653,-0.018991012,-0.018964592,-0.018824402,-0.01881707,-0.01894014,-0.01885115,-0.01897109
2009-06-24,-0.013455723,-0.013489489,-0.013587852,-0.013441865,-0.013492246,-0.013450553,-0.013450329,-0.0134590315,-0.013465335,-0.013457988,-0.013525863,-0.013465558,-0.01352187,-0.013631244,-0.0135829495,-0.013457586,-0.0134465,-0.01357012,-0.013497521,-0.013601606
2009-06-25,-0.0152036,-0.015240987,-0.01536486,-0.015192141,-0.015258779,-0.015198936,-0.01520579,-0.01521108,-0.015205075,-0.015205269,-0.015275006,-0.015217488,-0.0152677195,-0.015358736,-0.015355532,-0.015204151,-0.015201216,-0.015316148,-0.015228485,-0.015352433
2009-06-26,-0.017129187,-0.017147738,-0.017196301,-0.017113779,-0.017186124,-0.01712637,-0.01712263,-0.017133567,-0.017140228,-0.017132912,-0.017190222,-0.017138515,-0.017186794,-0.017201353,-0.017234955,-0.01713008,-0.017118502,-0.017194752,-0.01716796,-0.017279375
2009-06-29,-0.01738267,-0.017391462,-0.017500449,-0.01737075,-0.017428774,-0.017378781,-0.01737741,-0.01738498,-0.017409239,-0.017388616,-0.017450396,-0.017403547,-0.017441262,-0.017369527,-0.017483894,-0.017381568,-0.017373849,-0.017446477,-0.017403487,-0.017574731
2009-06-30,-0.018825714,-0.018855352,-0.018868078,-0.01881199,-0.018864442,-0.018821586,-0.018825594,-0.018847112,-0.018848795,-0.018793944,-0.018895868,-0.018840525,-0.01888286,-0.018840257,-0.01892205,-0.018826623,-0.018815476,-0.018892128,-0.018855456,-0.019016627
2009-07-01,-0.018827472,-0.018852059,-0.018876214,-0.018806595,-0.018856246,-0.018820275,-0.01882473,-0.018847276,-0.018841553,-0.018752892,-0.01889785,-0.018837381,-0.018876288,-0.01884139,-0.018931154,-0.018828515,-0.018812794,-0.018891517,-0.018876988,-0.019013021
2009-07-02,-0.018827666,-0.01886629,-0.018844504,-0.018809441,-0.018850628,-0.018819842,-0.018828724,-0.018860836,-0.018833611,-0.01875176,-0.018892992,-0.018838827,-0.018867332,-0.018821064,-0.018894542,-0.01882546,-0.018811364,-0.0188897,-0.01887301,-0.019014645
2009-07-06,-0.018828008,-0.018871937,-0.018838394,-0.01880503,-0.018842537,-0.01882014,-0.018833537,-0.018859494,-0.018821765,-0.01871923,-0.018891457,-0.018833775,-0.018854935,-0.018819828,-0.018897835,-0.018827144,-0.018817428,-0.018895093,-0.018880341,-0.019012857
2009-07-07,-0.018826652,-0.01886401,-0.018829394,-0.018804166,-0.018840749,-0.01881956,-0.018831242,-0.018843357,-0.018825937,-0.018718142,-0.018896226,-0.018836517,-0.01883908,-0.01882178,-0.018895764,-0.018824521,-0.018815149,-0.018894363,-0.018876318,-0.019012053
2009-07-08,-0.018827457,-0.018874113,-0.018833641,-0.018809084,-0.018837828,-0.018819142,-0.018832538,-0.018840734,-0.018828634,-0.018734623,-0.018893022,-0.018835697,-0.018826235,-0.018819693,-0.018893737,-0.018826459,-0.01881193,-0.018890027,-0.01884498,-0.018958021
2009-07-09,-0.018824894,-0.018870939,-0.018828202,-0.018806953,-0.018840093,-0.01881883,-0.018822078,-0.018838946,-0.018827397,-0.018713344,-0.0188956,-0.018831972,-0.018825475,-0.018817935,-0.018892694,-0.018825281,-0.018810127,-0.018891264,-0.018807385,-0.018950973
2009-07-10,-0.018826414,-0.018875826,-0.01884948,-0.018811036,-0.01884893,-0.018818963,-0.018819321,-0.018843029,-0.018830199,-0.018772129,-0.018893111,-0.018834148,-0.018832896,-0.018821288,-0.018896345,-0.018829826,-0.018810455,-0.018895764,-0.01880053,-0.019009415
2009-07-13,-0.020168085,-0.020208452,-0.020204458,-0.020151261,-0.02018455,-0.020158935,-0.020160858,-0.020173032,-0.020168815,-0.02014314,-0.020220611,-0.020173196,-0.020181764,-0.020159218,-0.020222414,-0.020166818,-0.02015588,-0.020220581,-0.020144705,-0.02034897
2009-07-14,-0.018827114,-0.018865693,-0.018890698,-0.01880968,-0.018844131,-0.018818486,-0.018816087,-0.018843714,-0.018832136,-0.018811528,-0.018890861,-0.018832121,-0.018844564,-0.018819991,-0.018893871,-0.018821273,-0.018894393,-0.018892754,-0.018817607,-0.018972073
2009-07-15,-0.01171941,-0.011759882,-0.011792769,-0.011706133,-0.011730795,-0.011711289,-0.011713539,-0.0117337005,-0.011722987,-0.01170746,-0.011778762,-0.011726265,-0.011731257,-0.011719291,-0.0117843645,-0.011713867,-0.011833002,-0.01178271,-0.011720036,-0.0118657695
2009-07-16,-0.018833134,-0.018855933,-0.018893931,-0.018805165,-0.018836457,-0.018818218,-0.018816326,-0.018821854,-0.018831763,-0.01881871,-0.018893454,-0.018826503,-0.01884279,-0.018831555,-0.018889535,-0.018819217,-0.018941838,-0.018887524,-0.018818993,-0.019012932
2009-07-17,-0.018720586,-0.018746559,-0.018751863,-0.018696595,-0.018727649,-0.018709142,-0.01870555,-0.018719379,-0.018719751,-0.018700141,-0.01877949,-0.018714938,-0.018753711,-0.01871777,-0.018773545,-0.018711243,-0.018829275,-0.018773843,-0.018716667,-0.018903974
2009-07-20,-0.019889984,-0.019908328,-0.019931126,-0.019873489,-0.019902412,-0.019879181,-0.019879524,-0.019886587,-0.019891579,-0.01988398,-0.019952971,-0.019891862,-0.019934986,-0.019909728,-0.01994628,-0.019882742,-0.020032857,-0.02001131,-0.019885752,-0.020073716
2009-07-21,-0.018831257,-0.018856976,-0.018872906,-0.018812273,-0.018852402,-0.018821526,-0.01882178,-0.018859837,-0.018833656,-0.01885942,-0.018893976,-0.01883221,-0.018880058,-0.018849943,-0.0188859,-0.018822823,-0.018970434,-0.01889189,-0.018826056,-0.019014198
2009-07-22,-0.017206717,-0.017243076,-0.017260138,-0.017194528,-0.01722205,-0.01720101,-0.017202336,-0.017251197,-0.017217893,-0.017207298,-0.017272864,-0.017217804,-0.017242137,-0.017224852,-0.017266948,-0.01720323,-0.017338056,-0.017333005,-0.017242957,-0.017394293
2009-07-23,-0.016849998,-0.01689272,-0.016921718,-0.016839493,-0.016890753,-0.016845245,-0.016847927,-0.016894523,-0.016861234,-0.016850878,-0.016916085,-0.016865302,-0.016867492,-0.016868416,-0.016911004,-0.016847316,-0.017007742,-0.01698317,-0.016902495,-0.017040659
2009-07-24,-0.01939382,-0.019436825,-0.019459564,-0.019376803,-0.019433174,-0.019386847,-0.01938707,-0.019424636,-0.019395579,-0.019394536,-0.019467626,-0.019404192,-0.0194113,-0.019403446,-0.019460965,-0.019387875,-0.019447718,-0.019511912,-0.019462083,-0.019581635
2009-07-27,-0.018106509,-0.018132929,-0.018170733,-0.018097315,-0.018139172,-0.018100906,-0.018107597,-0.018105794,-0.018110234,-0.01809505,-0.018177662,-0.018111695,-0.018142555,-0.01811013,-0.018172834,-0.018102203,-0.018124212,-0.018174682,-0.018182028,-0.01830009
2009-07-28,-0.018822629,-0.018839885,-0.018889818,-0.018811498,-0.018836726,-0.01881953,-0.01882628,-0.018828277,-0.018825222,-0.018837813,-0.018888343,-0.01882546,-0.01886383,-0.018836457,-0.018892217,-0.01882017,-0.018832404,-0.018937577,-0.0188783,-0.019014943
2009-07-29,-0.017775852,-0.017805371,-0.017844263,-0.01776274,-0.01781242,-0.01777329,-0.017774332,-0.01778083,-0.017784867,-0.017788399,-0.017845172,-0.017782588,-0.017803837,-0.01782832,-0.01784088,-0.017776746,-0.017792258,-0.017889548,-0.017827202,-0.017968003
2009-07-30,-0.014106666,-0.014146839,-0.014167328,-0.014092182,-0.014144828,-0.014102851,-0.014102493,-0.01411881,-0.01411276,-0.014107649,-0.014170443,-0.014116158,-0.014126365,-0.014148881,-0.014161189,-0.014109229,-0.014098992,-0.014169787,-0.014147242,-0.014296238
2009-07-31,-0.018186498,-0.01823512,-0.018249769,-0.018169481,-0.018218923,-0.018183697,-0.01818389,-0.018206302,-0.018197585,-0.018185336,-0.018248234,-0.01820198,-0.018208478,-0.018232245,-0.01824278,-0.01819003,-0.01818097,-0.0182443,-0.018221859,-0.018376742
2009-08-03,-0.016669292,-0.016724456,-0.01673672,-0.01665439,-0.016710509,-0.016663942,-0.016668398,-0.016679887,-0.016678888,-0.016666416,-0.016731609,-0.016679604,-0.016697545,-0.016689915,-0.01673058,-0.016669665,-0.016661707,-0.016723845,-0.016713563,-0.016860101
2009-08-04,-0.018825341,-0.018874083,-0.01888502,-0.018808741,-0.018858287,-0.018821377,-0.018824194,-0.018839274,-0.018836562,-0.018822435,-0.018887255,-0.018832851,-0.01886629,-0.018851388,-0.018891204,-0.018825952,-0.01881649,-0.018882815,-0.018876646,-0.019014124
2009-08-05,-0.018822465,-0.018880893,-0.018834714,-0.018809158,-0.018858854,-0.018819902,-0.018832315,-0.018836293,-0.01883227,-0.018824015,-0.018888135,-0.018830795,-0.018861134,-0.01885042,-0.018887762,-0.018824074,-0.018930633,-0.018887777,-0.018880296,-0.019014094
2009-08-06,-0.018822093,-0.018877197,-0.018837932,-0.018809978,-0.018869195,-0.01881935,-0.018834058,-0.018824775,-0.018835906,-0.018833388,-0.018896002,-0.018829275,-0.018842895,-0.01883692,-0.018886406,-0.018824462,-0.018959675,-0.018885229,-0.018885273,-0.019014213
2009-08-07,-0.018819395,-0.018886406,-0.018820588,-0.018808965,-0.018873814,-0.018818188,-0.01882023,-0.018828217,-0.018837485,-0.018828545,-0.018889908,-0.018822689,-0.018818531,-0.018838216,-0.018889342,-0.018821467,-0.018971462,-0.018876348,-0.018879686,-0.019014318
2009-08-10,-0.015960429,-0.016030539,-0.015958402,-0.015951235,-0.0160251,-0.015960593,-0.015958998,-0.015967626,-0.015976373,-0.01595797,-0.016030032,-0.015965793,-0.015955556,-0.015979458,-0.016025905,-0.01596265,-0.016121361,-0.016015712,-0.016024042,-0.016156707
2009-08-11,-0.018818233,-0.018887985,-0.018829856,-0.018811528,-0.01889487,-0.018818367,-0.0188171,-0.018830393,-0.018835295,-0.01881108,-0.018890847,-0.01882838,-0.01883005,-0.018777434,-0.01884966,-0.018820528,-0.018997703,-0.018876676,-0.018883813,-0.01901548
2009-08-12,-0.01802412,-0.018094916,-0.01802944,-0.018017385,-0.018096704,-0.018025193,-0.018025476,-0.018041898,-0.018030647,-0.018016104,-0.018097077,-0.018038008,-0.018033806,-0.018029217,-0.018073041,-0.01802868,-0.018189792,-0.018079165,-0.018090043,-0.018221308
2009-08-13,-0.018817876,-0.01888967,-0.018831152,-0.018810634,-0.018883575,-0.018819887,-0.018821571,-0.01884358,-0.01882385,-0.018810946,-0.018889818,-0.018836651,-0.018839393,-0.018931154,-0.018874828,-0.018823374,-0.018935908,-0.018881623,-0.01887614,-0.01901317
2009-08-14,-0.015063201,-0.015131121,-0.015072216,-0.015058507,-0.0151237445,-0.015064065,-0.015066956,-0.015091349,-0.015072604,-0.015059804,-0.015139108,-0.015079533,-0.015084301,-0.015202676,-0.015121316,-0.015070875,-0.015176524,-0.015121167,-0.015092437,-0.015259822
2009-08-17,-0.020434145,-0.020501945,-0.0204448,-0.020428736,-0.02049731,-0.020435724,-0.020437885,-0.020461474,-0.020442415,-0.02043565,-0.020510633,-0.020474289,-0.020454738,-0.020586181,-0.020509306,-0.020441625,-0.020543654,-0.020490501,-0.020451356,-0.020629723
2009-08-18,-0.016706023,-0.016779918,-0.016715754,-0.016698364,-0.016772527,-0.016705904,-0.016710911,-0.016734142,-0.016716171,-0.016706768,-0.016788367,-0.016743112,-0.016739119,-0.016866047,-0.016772393,-0.016709406,-0.016815681,-0.016761873,-0.016706336,-0.016904358
2009-08-19,-0.018819798,-0.01888417,-0.018830303,-0.018816147,-0.01887909,-0.018819738,-0.018822674,-0.018835817,-0.01882914,-0.018820692,-0.018901054,-0.018854115,-0.018845323,-0.019006554,-0.018885035,-0.018824164,-0.01889344,-0.018869255,-0.018817026,-0.019014794
2009-08-20,-0.018819083,-0.018884424,-0.018830184,-0.018819455,-0.0188783,-0.018820856,-0.018820498,-0.018838737,-0.018829424,-0.01881804,-0.01889639,-0.018848721,-0.018847797,-0.019007731,-0.018877778,-0.018823702,-0.018880371,-0.018871162,-0.018829886,-0.0190139
2009-08-21,-0.018820751,-0.018880088,-0.018826101,-0.018829126,-0.018876959,-0.018820126,-0.018821035,-0.018838245,-0.018827442,-0.018819634,-0.018892322,-0.018831018,-0.018861208,-0.019008342,-0.01888362,-0.018822242,-0.018879805,-0.018870432,-0.018831048,-0.01901551
2009-08-24,-0.01882163,-0.01888119,-0.01882695,-0.018818337,-0.018875856,-0.018820588,-0.018824164,-0.01884805,-0.018829439,-0.018820677,-0.018890638,-0.018848512,-0.018871892,-0.019008655,-0.018881503,-0.018823985,-0.01885641,-0.018871877,-0.018833254,-0.019013423
2009-08-25,-0.018821973,-0.018882502,-0.018826414,-0.018815685,-0.0188776,-0.01882093,-0.018823806,-0.018841837,-0.018833045,-0.018818785,-0.018890742,-0.01884738,-0.018866036,-0.019008908,-0.018849228,-0.018827248,-0.018878315,-0.018870447,-0.01883236,-0.019015152
2009-08-26,-0.018821333,-0.018882547,-0.018827457,-0.018812347,-0.018879194,-0.018821154,-0.018824521,-0.018849287,-0.018831883,-0.018816356,-0.01890016,-0.018850002,-0.018849242,-0.019008953,-0.018827636,-0.018827353,-0.018877525,-0.018868957,-0.018832285,-0.019013468
2009-08-27,-0.018200684,-0.0182571,-0.01821119,-0.018191073,-0.018255506,-0.018201608,-0.018201564,-0.01823913,-0.018218372,-0.018195558,-0.018255878,-0.01822998,-0.018207688,-0.0183882,-0.018212024,-0.018206079,-0.018249426,-0.018242527,-0.018212039,-0.018393371
2009-08-28,-0.019225512,-0.019284297,-0.019242276,-0.01921602,-0.019285593,-0.019227508,-0.019225929,-0.019253466,-0.01925299,-0.019220416,-0.019280288,-0.019251157,-0.019233126,-0.019413415,-0.019228045,-0.01923262,-0.019296635,-0.019270469,-0.01923484,-0.019418288
2009-08-31,-0.018819425,-0.018884275,-0.018838082,-0.01882613,-0.01889189,-0.018822271,-0.018825669,-0.018851522,-0.018846113,-0.018830273,-0.018880922,-0.01885638,-0.018828291,-0.019009117,-0.018841285,-0.018826175,-0.018897612,-0.018873502,-0.01882859,-0.019015435
2009-09-01,-0.018821288,-0.018881787,-0.018838305,-0.018816952,-0.018886317,-0.018823747,-0.018822733,-0.01884522,-0.018841136,-0.018833507,-0.018897373,-0.01886231,-0.018855486,-0.019009102,-0.018843565,-0.018827368,-0.018901605,-0.018875558,-0.018845025,-0.019014973
2009-09-02,-0.018417228,-0.018483479,-0.018437404,-0.018409658,-0.018483613,-0.018418122,-0.018416245,-0.018439222,-0.018430818,-0.018413384,-0.018479887,-0.01845013,-0.018449564,-0.018606085,-0.018426526,-0.018428419,-0.01846974,-0.01847266,-0.01843268,-0.018609617
2009-09-03,-0.01882251,-0.018882561,-0.018844757,-0.018813673,-0.018883128,-0.01882388,-0.01882461,-0.018844549,-0.018830422,-0.0188195,-0.01887897,-0.018852357,-0.018869314,-0.019009117,-0.01884045,-0.018830944,-0.01887976,-0.018877063,-0.018843953,-0.019014824
2009-09-04,-0.01840948,-0.018482123,-0.018442485,-0.01840173,-0.018467132,-0.01841085,-0.018427644,-0.018428165,-0.01841474,-0.018400121,-0.018456984,-0.018438,-0.018448997,-0.018595431,-0.018426213,-0.018418718,-0.01847886,-0.018459547,-0.018426735,-0.018602226
2009-09-08,-0.021129567,-0.02120589,-0.02117579,-0.021116827,-0.02118947,-0.021129657,-0.021139506,-0.021149296,-0.021136303,-0.021120284,-0.021179173,-0.021139223,-0.021150429,-0.021314148,-0.02114867,-0.02113596,-0.021182377,-0.021179263,-0.02113666,-0.021319408
2009-09-09,-0.018826086,-0.018912513,-0.01885711,-0.018815298,-0.018885795,-0.018822838,-0.018847335,-0.01883981,-0.018829588,-0.018822674,-0.018880475,-0.01884823,-0.01886763,-0.019009117,-0.01884133,-0.018827874,-0.01888119,-0.018883724,-0.018838692,-0.019016612
2009-09-10,-0.018825997,-0.018907327,-0.018851671,-0.018822465,-0.018886555,-0.018822718,-0.0188309,-0.018837098,-0.01882932,-0.018820588,-0.018883083,-0.018851224,-0.018849853,-0.019009117,-0.018832523,-0.018828098,-0.018870596,-0.01888274,-0.018829543,-0.019014169
2009-09-11,-0.017603744,-0.01769339,-0.01762693,-0.017594997,-0.017661247,-0.017601926,-0.017603952,-0.017615948,-0.017611627,-0.017601002,-0.017660622,-0.01762021,-0.01762316,-0.017697427,-0.017633636,-0.017607484,-0.017666284,-0.017660964,-0.017611746,-0.017794374
2009-09-14,-0.01634093,-0.016427893,-0.016347516,-0.016327638,-0.016406972,-0.016339425,-0.016335834,-0.01635595,-0.01634935,-0.01637793,-0.01639985,-0.016356427,-0.016348857,-0.016435374,-0.016354818,-0.01634476,-0.016394217,-0.016397122,-0.016353328,-0.016531337
2009-09-15,-0.0188285,-0.018914063,-0.018847529,-0.018807758,-0.018889282,-0.018823985,-0.018820424,-0.018841255,-0.018836964,-0.018841181,-0.018885512,-0.018841628,-0.018830005,-0.01892196,-0.018855173,-0.018832866,-0.018890474,-0.018879924,-0.0188406,-0.01901323
2009-09-16,-0.018828142,-0.018912721,-0.01883993,-0.018805224,-0.018888388,-0.018824596,-0.018815551,-0.01883969,-0.01883817,-0.018826876,-0.018885676,-0.018846828,-0.018831898,-0.018916596,-0.01884574,-0.018831525,-0.01888432,-0.018874828,-0.01883443,-0.019012231
2009-09-17,-0.021122012,-0.021212716,-0.02113359,-0.021104205,-0.021187294,-0.021120701,-0.02111188,-0.021134008,-0.02113298,-0.021120686,-0.021183152,-0.021144573,-0.02114426,-0.02118637,-0.021139417,-0.021124009,-0.021181349,-0.021176104,-0.021126349,-0.021254245
2009-09-18,-0.018420625,-0.018503506,-0.018430028,-0.018404115,-0.018489081,-0.018419553,-0.018416021,-0.018436346,-0.018429045,-0.018408839,-0.01848178,-0.0184425,-0.018444274,-0.018474687,-0.018433187,-0.01842298,-0.018480081,-0.018476773,-0.018425394,-0.018549565
2009-09-21,-0.014054944,-0.014132296,-0.014062499,-0.014041071,-0.014122953,-0.01405332,-0.014056374,-0.014073809,-0.014066477,-0.014048417,-0.014120107,-0.014090811,-0.014071678,-0.014111941,-0.014074956,-0.014055868,-0.0141139375,-0.014111717,-0.014064957,-0.014185523
2009-09-22,-0.018827025,-0.018899027,-0.018838082,-0.018812407,-0.018888462,-0.018822271,-0.018822331,-0.01884133,-0.018831525,-0.018817503,-0.018886838,-0.018845309,-0.018832315,-0.01888344,-0.018827904,-0.018825475,-0.018880088,-0.01887538,-0.018841911,-0.018953536
2009-09-23,-0.011448597,-0.011518274,-0.011451875,-0.011435886,-0.011506368,-0.011443113,-0.011445259,-0.011455585,-0.011451532,-0.011457522,-0.011496161,-0.011465003,-0.011448939,-0.011496906,-0.011443247,-0.011447747,-0.01149865,-0.011490156,-0.011463706,-0.011528109
2009-09-24,-0.018826414,-0.018909458,-0.018840048,-0.01880749,-0.018886719,-0.018822137,-0.018823255,-0.018835861,-0.018828887,-0.018818606,-0.018882368,-0.018847127,-0.018835742,-0.018873323,-0.018844325,-0.018825833,-0.018884469,-0.018875394,-0.018837098,-0.018963668
2009-09-25,-0.016216788,-0.016290013,-0.016234208,-0.0161991,-0.016271625,-0.016214523,-0.016215,-0.01622935,-0.016228054,-0.016210172,-0.016269881,-0.016229156,-0.016227875,-0.016260404,-0.016244773,-0.016217206,-0.016270567,-0.016263384,-0.016225893,-0.016357873
2009-09-28,-0.017162789,-0.01722208,-0.017168213,-0.01714665,-0.017213259,-0.017162938,-0.01716328,-0.017178167,-0.017190937,-0.017155368,-0.017215494,-0.017184231,-0.017171208,-0.017200787,-0.0171935,-0.017166886,-0.017207373,-0.017205764,-0.017170582,-0.017308045
2009-09-29,-0.023233686,-0.023302484,-0.023245666,-0.023216564,-0.023298297,-0.02323595,-0.023232747,-0.02325401,-0.023288254,-0.02322473,-0.023296583,-0.023255412,-0.02323832,-0.023279432,-0.023272086,-0.023236368,-0.023292039,-0.023282666,-0.02324121,-0.023388568
2009-09-30,-0.015689585,-0.01577795,-0.015689332,-0.01567753,-0.01573931,-0.01569051,-0.015688572,-0.01571234,-0.015749503,-0.015689317,-0.015748058,-0.015711386,-0.015719373,-0.015739623,-0.015725214,-0.015691895,-0.015746508,-0.015738282,-0.015697438,-0.015824962
2009-10-01,-0.01882388,-0.018911172,-0.01883145,-0.018808488,-0.018872637,-0.018825177,-0.018824358,-0.018841062,-0.018882785,-0.0188271,-0.01888341,-0.01886018,-0.01885726,-0.018863965,-0.018868435,-0.018826459,-0.018878195,-0.018880118,-0.018830944,-0.019009415
2009-10-02,-0.018825252,-0.018908579,-0.018840346,-0.018808577,-0.0188693,-0.01882476,-0.018823642,-0.01884665,-0.018880788,-0.018826742,-0.018883277,-0.018854845,-0.018864784,-0.018864397,-0.018878493,-0.018826861,-0.018878017,-0.018880311,-0.018834893,-0.01901095
2009-10-05,-0.01910295,-0.01917227,-0.019116435,-0.019085307,-0.019144777,-0.019101892,-0.019108493,-0.019125078,-0.019139353,-0.019102398,-0.019159231,-0.019133482,-0.019138236,-0.019143242,-0.01914728,-0.019106437,-0.019160707,-0.019153241,-0.019115735,-0.01928835
2009-10-06,-0.018825624,-0.018904362,-0.018840943,-0.018809471,-0.01887307,-0.018823374,-0.01882409,-0.018847171,-0.018864919,-0.01882406,-0.0188804,-0.018846232,-0.018906344,-0.018868659,-0.018859286,-0.018828172,-0.018881578,-0.018872846,-0.018838618,-0.018974174
2009-10-07,-0.018824,-0.018903632,-0.018839259,-0.018809546,-0.018881727,-0.018822465,-0.018823791,-0.018846054,-0.018869568,-0.01882336,-0.018877987,-0.018834997,-0.018924702,-0.018841226,-0.018853221,-0.018827382,-0.01888265,-0.018879015,-0.01883841,-0.019013513
2009-10-08,-0.021740977,-0.02182268,-0.021752242,-0.021730129,-0.021798883,-0.02173834,-0.021738667,-0.021762956,-0.021794338,-0.021740276,-0.021798212,-0.021755103,-0.02186625,-0.02174661,-0.021758202,-0.021747861,-0.021801848,-0.021801371,-0.021756295,-0.021933455
2009-10-09,-0.0152371125,-0.015298103,-0.015250643,-0.01522695,-0.0152882235,-0.015234699,-0.015234937,-0.01525711,-0.0152876275,-0.015235265,-0.015281771,-0.015252908,-0.015275513,-0.015265261,-0.015246485,-0.015240093,-0.015289356,-0.015287955,-0.01524577,-0.015427892
2009-10-12,-0.018822748,-0.018889446,-0.018840019,-0.018830363,-0.018883098,-0.018821005,-0.018828455,-0.018857185,-0.018844787,-0.018819142,-0.01887903,-0.018845934,-0.018865589,-0.018871773,-0.018846694,-0.018826637,-0.018874902,-0.018884946,-0.018832106,-0.019015986
2009-10-13,-0.018823046,-0.018886838,-0.018831301,-0.018820617,-0.018886287,-0.018820602,-0.018827844,-0.018857438,-0.018824,-0.018817145,-0.018877674,-0.018854592,-0.018846113,-0.018892828,-0.018844996,-0.018826965,-0.018879462,-0.018884558,-0.018830884,-0.019017387
2009-10-14,-0.011804079,-0.01185817,-0.011810486,-0.011791249,-0.011865188,-0.011801322,-0.011803036,-0.011841779,-0.011801009,-0.011797582,-0.011855994,-0.01182044,-0.011897613,-0.0118629085,-0.011821349,-0.011817669,-0.011857723,-0.011854802,-0.011836042,-0.01199541
2009-10-15,-0.018823836,-0.018889148,-0.0188247,-0.018807326,-0.01889019,-0.018822331,-0.01882385,-0.018862445,-0.018817414,-0.01881786,-0.018880341,-0.018832821,-0.018841658,-0.018864427,-0.018852849,-0.01883005,-0.018881086,-0.018869895,-0.018872697,-0.019013274
2009-10-16,-0.021136139,-0.021198604,-0.021144066,-0.02112848,-0.0211909,-0.0211352,-0.021138806,-0.021162052,-0.02115244,-0.021133292,-0.02118573,-0.021140862,-0.021164376,-0.021183405,-0.021176312,-0.021139521,-0.021188278,-0.02117731,-0.021188322,-0.021324906
2009-10-19,-0.021395732,-0.021458317,-0.021403942,-0.021381352,-0.021454085,-0.02139068,-0.021393184,-0.021428768,-0.021411572,-0.021391604,-0.02145392,-0.021396581,-0.021410722,-0.021438275,-0.021427248,-0.021397714,-0.021446098,-0.021444622,-0.02142233,-0.021582652
2009-10-20,-0.018825028,-0.018883426,-0.018833969,-0.018810783,-0.018888224,-0.018820036,-0.018820886,-0.018859807,-0.018836278,-0.018822078,-0.018880237,-0.018841628,-0.018832866,-0.01885933,-0.018854458,-0.018823747,-0.018880744,-0.018882785,-0.018844966,-0.019012693
2009-10-21,-0.010052179,-0.0101063745,-0.010067572,-0.010039453,-0.010115777,-0.010048364,-0.0100475745,-0.010087197,-0.010062684,-0.010060002,-0.010100876,-0.010057737,-0.010119085,-0.010088597,-0.010078196,-0.0100552635,-0.010105376,-0.010110338,-0.010050376,-0.010241141
2009-10-22,-0.017815772,-0.01787569,-0.017825875,-0.017798264,-0.017874632,-0.017812077,-0.017811377,-0.017862786,-0.017824579,-0.017818976,-0.017862756,-0.017820138,-0.017832462,-0.01785918,-0.01783118,-0.017817143,-0.017872754,-0.017875377,-0.017806876,-0.018004987
2009-10-23,-0.020035375,-0.02011006,-0.020061035,-0.0200194,-0.020105828,-0.020034794,-0.020035867,-0.020092655,-0.020040382,-0.02004448,-0.020097021,-0.02004056,-0.020060707,-0.020093445,-0.02006166,-0.020037059,-0.020097826,-0.020101685,-0.02004153,-0.020226408
2009-10-26,-0.018188823,-0.018262137,-0.018206839,-0.018178407,-0.01825117,-0.018189866,-0.018195767,-0.018232558,-0.01819222,-0.018206824,-0.01825403,-0.018192593,-0.018209774,-0.018246714,-0.018192533,-0.018191043,-0.01825485,-0.018258635,-0.018179525,-0.018384848
2009-10-27,-0.018818323,-0.018889073,-0.018843088,-0.018809129,-0.018880118,-0.018818472,-0.018826608,-0.018860612,-0.0188233,-0.018828843,-0.018884558,-0.01882239,-0.018842611,-0.018869836,-0.018810738,-0.018823761,-0.018884454,-0.018886749,-0.01883148,-0.019012425
2009-10-28,-0.014997174,-0.015058939,-0.015024279,-0.014985387,-0.015055736,-0.014996146,-0.015003418,-0.015034829,-0.015021344,-0.015002375,-0.015062277,-0.014999901,-0.0150069045,-0.015036707,-0.014991363,-0.015004058,-0.015059833,-0.015068819,-0.015014221,-0.015189086
2009-10-29,-0.018820811,-0.018886153,-0.018850151,-0.018808965,-0.018883366,-0.018819679,-0.018826652,-0.01885325,-0.01883151,-0.018823747,-0.018882934,-0.018825758,-0.018834624,-0.018850345,-0.018813614,-0.018827904,-0.018888641,-0.018886719,-0.018837292,-0.019012023
2009-10-30,-0.018819753,-0.018891532,-0.018833045,-0.018809814,-0.01887967,-0.018819679,-0.01882762,-0.018863056,-0.018836979,-0.018830512,-0.01888265,-0.018822912,-0.01883829,-0.018862624,-0.018827531,-0.018826444,-0.01888879,-0.01888733,-0.018837783,-0.019012768
2009-11-02,-0.01882175,-0.018887673,-0.01882315,-0.018808369,-0.018871013,-0.018820468,-0.018828157,-0.018864442,-0.018836442,-0.018841479,-0.01888289,-0.018822748,-0.01886383,-0.018852089,-0.018836398,-0.018826429,-0.018890042,-0.018893603,-0.018837947,-0.01901171
2009-11-03,-0.018822927,-0.018883143,-0.018820021,-0.018807683,-0.018846173,-0.018818427,-0.018831078,-0.01886699,-0.0188247,-0.01887301,-0.01888502,-0.018822033,-0.01879837,-0.018845964,-0.018852446,-0.018826384,-0.018892009,-0.018907268,-0.018837232,-0.019012395
2009-11-04,-0.01349776,-0.013551359,-0.013497164,-0.013488893,-0.013538365,-0.013492589,-0.013493632,-0.013541629,-0.013508041,-0.013567557,-0.013555725,-0.013498967,-0.013488655,-0.01354294,-0.013510411,-0.01350147,-0.01355875,-0.013564919,-0.0135187255,-0.013688003
2009-11-05,-0.020192314,-0.020253558,-0.020216513,-0.020178992,-0.02025545,-0.020185266,-0.020183776,-0.02023976,-0.020206157,-0.020271067,-0.020256657,-0.020192001,-0.020198334,-0.020252202,-0.020202283,-0.020195443,-0.020259459,-0.020270336,-0.020209078,-0.020382557
2009-11-06,-0.014016648,-0.014066269,-0.014052262,-0.014005904,-0.01407737,-0.014012297,-0.014011984,-0.014050414,-0.0140331285,-0.014033352,-0.014071141,-0.014018183,-0.0140127735,-0.014080529,-0.014015933,-0.014019568,-0.014071737,-0.014084701,-0.01402465,-0.01420622
2009-11-09,-0.017415468,-0.017472107,-0.017433498,-0.017410342,-0.017493147,-0.017412368,-0.01741876,-0.017454226,-0.017423812,-0.017406452,-0.017471466,-0.01741739,-0.017421026,-0.01748747,-0.017406616,-0.017420132,-0.01747382,-0.01749662,-0.017423738,-0.017607633
2009-11-10,-0.01882084,-0.018888135,-0.018853609,-0.018816147,-0.018887598,-0.01881649,-0.018836293,-0.018859345,-0.0188278,-0.018810991,-0.018887524,-0.01882485,-0.018833313,-0.018888,-0.018825922,-0.01882464,-0.018942688,-0.018899906,-0.018831927,-0.0190146
2009-11-11,-0.018820528,-0.018877793,-0.018836845,-0.01880883,-0.01888961,-0.018817518,-0.018830229,-0.018860016,-0.018859748,-0.01881123,-0.018887777,-0.018828887,-0.018835131,-0.018882994,-0.018832732,-0.018825028,-0.018891621,-0.018894453,-0.018832792,-0.018952895
2009-11-12,-0.01748735,-0.017540071,-0.01749361,-0.017473254,-0.0175439,-0.017484058,-0.017501075,-0.017526615,-0.017539296,-0.017501492,-0.01754715,-0.017496381,-0.017498363,-0.017546926,-0.01749957,-0.017490853,-0.017550323,-0.017551113,-0.017501581,-0.017610375
2009-11-13,-0.018508915,-0.018569548,-0.018526394,-0.018492926,-0.018575523,-0.018505964,-0.018520985,-0.01855268,-0.018575806,-0.018530402,-0.018570337,-0.018518645,-0.018513028,-0.018572692,-0.018517781,-0.01851495,-0.018574495,-0.018573035,-0.018531103,-0.018631715
2009-11-16,-0.018013943,-0.018070001,-0.018016446,-0.01799843,-0.018071864,-0.018010203,-0.018015001,-0.018059213,-0.01807836,-0.018029738,-0.018066976,-0.018024106,-0.018030051,-0.018069927,-0.01801883,-0.018017743,-0.018184412,-0.01806936,-0.0180226,-0.018127043
2009-11-17,-0.017755155,-0.017820287,-0.017777655,-0.017740492,-0.01782294,-0.017749999,-0.017763216,-0.01780558,-0.017802421,-0.017765332,-0.01781543,-0.017764602,-0.017779876,-0.017811973,-0.01776347,-0.017756272,-0.017832953,-0.017812166,-0.017763171,-0.017889652
2009-11-18,-0.018822614,-0.018883977,-0.018840376,-0.018808294,-0.01888502,-0.018817697,-0.018837426,-0.018874798,-0.018871564,-0.018826354,-0.018886078,-0.018833283,-0.018847082,-0.01888277,-0.018831734,-0.018827457,-0.018899146,-0.018887524,-0.018831495,-0.01896255
2009-11-19,-0.017751414,-0.017808933,-0.017769236,-0.017740149,-0.01780999,-0.017748628,-0.017764691,-0.01779743,-0.017794687,-0.017754216,-0.01780567,-0.01776627,-0.017767895,-0.017806131,-0.017764006,-0.01775432,-0.017817724,-0.017805044,-0.01775365,-0.017891485
2009-11-20,-0.02264892,-0.022724304,-0.022664387,-0.022637207,-0.02272207,-0.022647712,-0.022663224,-0.022701014,-0.022711847,-0.022667978,-0.022723917,-0.022666205,-0.02266844,-0.022717211,-0.022665191,-0.022652257,-0.02277309,-0.02271827,-0.022661287,-0.022800643
2009-11-23,-0.017659012,-0.017729435,-0.01767883,-0.017648105,-0.01773401,-0.017657612,-0.017663855,-0.017709289,-0.017713059,-0.017675702,-0.017723728,-0.01766302,-0.017670635,-0.017721523,-0.017671946,-0.017660845,-0.017736662,-0.017719258,-0.017673392,-0.017856244
2009-11-24,-0.018821348,-0.018885408,-0.01884142,-0.018809918,-0.018888507,-0.01881953,-0.018826623,-0.018867586,-0.018869478,-0.018829275,-0.01888651,-0.018833552,-0.018839587,-0.01888064,-0.018826488,-0.018824164,-0.018901367,-0.018885005,-0.018832851,-0.01901402
2009-11-25,-0.018080298,-0.01814932,-0.01810551,-0.01806711,-0.018155072,-0.018077958,-0.018091995,-0.018132705,-0.01812603,-0.018091101,-0.018146206,-0.018091697,-0.018123541,-0.018142913,-0.018078584,-0.018088866,-0.018221233,-0.018152732,-0.01809368,-0.018275056
2009-11-27,-0.01882178,-0.018884812,-0.018836189,-0.018809695,-0.01889481,-0.018821198,-0.018849883,-0.01887614,-0.018864993,-0.018834013,-0.018880296,-0.018936638,-0.018837769,-0.018881086,-0.018823583,-0.018828604,-0.018910948,-0.018883754,-0.018854398,-0.01901706
2009-11-30,-0.018820543,-0.0188842,-0.018830184,-0.018809918,-0.018888805,-0.018822107,-0.018838603,-0.018875334,-0.018864814,-0.018846799,-0.018880177,-0.018962983,-0.018832598,-0.018875305,-0.018826906,-0.018827382,-0.018954907,-0.018883605,-0.01885954,-0.018955294
2009-12-01,-0.01798034,-0.018035281,-0.018001843,-0.01797064,-0.018035788,-0.017978821,-0.017997641,-0.018030006,-0.018024538,-0.017991055,-0.018040512,-0.018024687,-0.01798262,-0.018031288,-0.017984498,-0.017984603,-0.018120665,-0.018040571,-0.018002722,-0.018101398
2009-12-02,-0.011646156,-0.011698653,-0.011681248,-0.011636903,-0.011699219,-0.011642535,-0.011649837,-0.011692126,-0.011685093,-0.011647751,-0.011703764,-0.011686553,-0.011740615,-0.0116948085,-0.011650969,-0.011648898,-0.0118280845,-0.011702408,-0.011656185,-0.011755054
2009-12-03,-0.023831356,-0.023886833,-0.023855407,-0.023819689,-0.023892347,-0.023827124,-0.023829538,-0.0238722,-0.023877893,-0.023839477,-0.023894373,-0.023931328,-0.02397089,-0.023889352,-0.023833398,-0.02383243,-0.023984987,-0.02389652,-0.023828287,-0.02394626
2009-12-04,-0.018761147,-0.018819783,-0.01878484,-0.018750075,-0.01882622,-0.018756662,-0.018763486,-0.018808577,-0.018807743,-0.01876812,-0.018826757,-0.018829305,-0.018912066,-0.01882537,-0.018762637,-0.018761147,-0.018947843,-0.01883069,-0.018768016,-0.018843893
2009-12-07,-0.016004119,-0.016055662,-0.016017724,-0.015995879,-0.016059507,-0.016000707,-0.016022969,-0.016048972,-0.016047273,-0.016022075,-0.016063828,-0.01604538,-0.016159702,-0.016054977,-0.016009513,-0.016004134,-0.016190473,-0.016063903,-0.01600853,-0.016083274
2009-12-08,-0.018823493,-0.01887462,-0.01883379,-0.018815044,-0.018881235,-0.018819366,-0.018864218,-0.018869001,-0.018871862,-0.01893929,-0.018885631,-0.01884963,-0.019007165,-0.01887085,-0.018827233,-0.018824253,-0.019008998,-0.018886644,-0.018830094,-0.01886933
2009-12-09,-0.018823568,-0.018878017,-0.018852446,-0.01882619,-0.0188835,-0.01882029,-0.018857617,-0.01887386,-0.018877793,-0.018855903,-0.018885497,-0.018853534,-0.01889864,-0.018878061,-0.018827159,-0.018826354,-0.019009013,-0.018891487,-0.018832449,-0.018878657
2009-12-10,-0.018329624,-0.018376116,-0.018365014,-0.0183311,-0.018381704,-0.01832575,-0.01837011,-0.018375237,-0.018376175,-0.018351097,-0.018385027,-0.018353347,-0.018383238,-0.018378187,-0.018335138,-0.018333573,-0.018512312,-0.018391956,-0.01833104,-0.01838239
2009-12-11,-0.018825132,-0.018872146,-0.018856395,-0.018818934,-0.018879194,-0.018820632,-0.01885033,-0.018874291,-0.018868838,-0.01884066,-0.018883798,-0.018846754,-0.018972669,-0.018875841,-0.0188285,-0.018827785,-0.019009028,-0.018888194,-0.018831301,-0.018888373
2009-12-14,-0.018797982,-0.018839601,-0.018809412,-0.018786091,-0.01884972,-0.018791262,-0.018843073,-0.01884212,-0.018840615,-0.018838007,-0.01885349,-0.018816698,-0.018965203,-0.01884294,-0.018798415,-0.018798519,-0.018981222,-0.01885577,-0.018802572,-0.018834088
2009-12-15,-0.018828247,-0.01887158,-0.018838737,-0.01880807,-0.018883277,-0.018820573,-0.018871386,-0.01887529,-0.01887523,-0.018841062,-0.018886868,-0.018858809,-0.018974904,-0.01887687,-0.01882923,-0.018826816,-0.019009013,-0.018890161,-0.018834192,-0.018855456
2009-12-16,-0.020782564,-0.020833079,-0.020791847,-0.02076577,-0.020848487,-0.020775545,-0.020797048,-0.020833109,-0.020829473,-0.020791713,-0.02084783,-0.020817284,-0.020824868,-0.020843092,-0.020780522,-0.020786557,-0.020965416,-0.020849932,-0.02078611,-0.020845849
2009-12-17,-0.01882695,-0.018871848,-0.01883762,-0.01881725,-0.018886153,-0.018821377,-0.018833864,-0.018874276,-0.018867437,-0.018839855,-0.018887091,-0.018850092,-0.018873844,-0.018883277,-0.018832866,-0.018830393,-0.019008998,-0.018887762,-0.018836383,-0.018904302
2009-12-18,-0.016208205,-0.016247544,-0.016219098,-0.016198535,-0.016261134,-0.016203169,-0.01621129,-0.016251344,-0.016246188,-0.016225029,-0.016263101,-0.016231451,-0.016243938,-0.016262207,-0.016210515,-0.016209964,-0.016389254,-0.01626039,-0.016212363,-0.016287256
2009-12-21,-0.020748857,-0.020794678,-0.02075671,-0.020733211,-0.02080271,-0.02074248,-0.020773072,-0.020793367,-0.02079,-0.020755012,-0.020806912,-0.020782072,-0.020788226,-0.020796645,-0.020757709,-0.020748127,-0.02092949,-0.020807762,-0.020749632,-0.020774145
2009-12-22,-0.01882783,-0.018874902,-0.018834952,-0.018828694,-0.018863399,-0.018821422,-0.01883993,-0.01887456,-0.018856037,-0.018819738,-0.018890414,-0.018862221,-0.018847201,-0.018887807,-0.01883014,-0.018832777,-0.019008983,-0.018890996,-0.018832523,-0.018884663
2009-12-23,-0.018380139,-0.018423516,-0.0183899,-0.018368248,-0.018392894,-0.018371869,-0.01839139,-0.018423233,-0.018411953,-0.01836558,-0.018436957,-0.018406648,-0.018394936,-0.018433798,-0.01837628,-0.018378038,-0.01856025,-0.018437017,-0.018378798,-0.018449847
2009-12-24,-0.018828485,-0.018874455,-0.01883291,-0.018814016,-0.018852655,-0.018820021,-0.018842075,-0.01887064,-0.018843565,-0.018811125,-0.018892143,-0.01886465,-0.018812168,-0.018886779,-0.018830229,-0.018826101,-0.019008983,-0.018891234,-0.018831778,-0.018963803
2009-12-28,-0.018828858,-0.01885948,-0.018830333,-0.018812034,-0.018826116,-0.018820573,-0.018840719,-0.018867154,-0.018851075,-0.018815983,-0.018892545,-0.018853981,-0.018805686,-0.018883396,-0.018824715,-0.018828187,-0.019009013,-0.018888135,-0.018833343,-0.018900502
2009-12-29,-0.018833492,-0.01885948,-0.018824283,-0.018803407,-0.01885425,-0.018820215,-0.018862758,-0.018862668,-0.018847216,-0.01881725,-0.018891249,-0.018865246,-0.018819455,-0.018885601,-0.018830705,-0.018826235,-0.019009013,-0.018891025,-0.018829558,-0.018855695
2009-12-30,-0.018831316,-0.018858124,-0.01882111,-0.018812675,-0.018858004,-0.018820304,-0.018888567,-0.018862698,-0.018825952,-0.018815223,-0.018893022,-0.018866826,-0.0188375,-0.018880058,-0.01883376,-0.018830467,-0.019009013,-0.018888567,-0.01883312,-0.018882234
2009-12-31,-0.020961512,-0.020991538,-0.020969722,-0.020943034,-0.021017063,-0.020949174,-0.021008123,-0.020989675,-0.020961676,-0.020942245,-0.021021891,-0.020995263,-0.020970542,-0.021012906,-0.020960141,-0.020957995,-0.021138046,-0.021017108,-0.020965267,-0.021060918
2010-01-04,-0.018833254,-0.018872488,-0.018836353,-0.018815566,-0.018900756,-0.018821407,-0.018884573,-0.018863235,-0.018822376,-0.018817741,-0.018893037,-0.018864784,-0.018845547,-0.018879283,-0.018832374,-0.01882926,-0.019008983,-0.01888657,-0.018829722,-0.018872488
2010-01-05,-0.01882777,-0.018874291,-0.01882321,-0.018816698,-0.018868107,-0.018821899,-0.018876854,-0.018866662,-0.018824983,-0.018818025,-0.018890772,-0.01885255,-0.018816564,-0.018905748,-0.018831525,-0.018833686,-0.018889908,-0.018886928,-0.018832076,-0.018889684
2010-01-06,-0.018381197,-0.018426899,-0.018399972,-0.018370021,-0.018437702,-0.018374253,-0.018399034,-0.018408824,-0.018390078,-0.018369619,-0.01843803,-0.018390406,-0.018378187,-0.018444616,-0.018380035,-0.018381868,-0.01844332,-0.018432546,-0.01837853,-0.018453691
2010-01-07,-0.018826682,-0.018881936,-0.018843431,-0.018816862,-0.018892113,-0.018820766,-0.018831734,-0.018860225,-0.018840063,-0.018815953,-0.018890206,-0.018835995,-0.018837202,-0.018890727,-0.018837158,-0.018825073,-0.018866468,-0.018885273,-0.01882552,-0.018908624
2010-01-08,-0.020224575,-0.020270247,-0.02023803,-0.020215962,-0.020288054,-0.020217273,-0.02022921,-0.02025393,-0.020242605,-0.02021471,-0.020276207,-0.020238806,-0.020224947,-0.020285461,-0.020226363,-0.020222906,-0.020362515,-0.020271782,-0.020227406,-0.020303238
2010-01-11,-0.017993573,-0.018031884,-0.017997805,-0.01798511,-0.018053088,-0.017988343,-0.018023018,-0.01801506,-0.018020619,-0.017985377,-0.018036399,-0.017991383,-0.017990056,-0.018058736,-0.017988373,-0.017991442,-0.018022705,-0.018028844,-0.017999548,-0.01807535
2010-01-12,-0.018825103,-0.018878613,-0.018840376,-0.01881558,-0.018856797,-0.018820811,-0.018844817,-0.018867154,-0.018845934,-0.018819902,-0.018886585,-0.018825207,-0.018802572,-0.018894766,-0.018822554,-0.01882461,-0.018836532,-0.018889312,-0.01883376,-0.018910993
2010-01-13,-0.019850437,-0.019924808,-0.019889448,-0.019865576,-0.019920457,-0.019871924,-0.019886557,-0.019902874,-0.019883726,-0.019870002,-0.019935165,-0.01985835,-0.019866575,-0.019930918,-0.019871566,-0.019876186,-0.019882772,-0.019935641,-0.01988547,-0.01995476
2010-01-14,-0.020569492,-0.020661775,-0.020628352,-0.020604584,-0.020671327,-0.02061287,-0.0206202,-0.020631988,-0.020610992,-0.020610724,-0.020674873,-0.020576809,-0.020617116,-0.020677943,-0.020614553,-0.02061588,-0.020661611,-0.02067006,-0.02062716,-0.020703886
2010-01-15,-0.017592747,-0.017653588,-0.017607827,-0.01759604,-0.017644752,-0.01760431,-0.017610181,-0.01763973,-0.017594386,-0.017599944,-0.017667893,-0.017605368,-0.017610762,-0.017657582,-0.017604057,-0.017607946,-0.01765484,-0.017661694,-0.01761638,-0.017710317
2010-01-19,-0.019199867,-0.019246373,-0.019209597,-0.019192133,-0.019245196,-0.019200418,-0.019208942,-0.01923244,-0.01922195,-0.01919699,-0.01926357,-0.01921523,-0.01920167,-0.019300748,-0.019201387,-0.019205455,-0.019330952,-0.019262228,-0.019212503,-0.019290615
2010-01-20,-0.018816862,-0.018871594,-0.018834759,-0.018814627,-0.01883464,-0.01882178,-0.018839676,-0.018864486,-0.018837366,-0.018816862,-0.01889171,-0.01883537,-0.018828485,-0.01887596,-0.018836472,-0.018826101,-0.01888739,-0.018887434,-0.018840346,-0.018906001
2010-01-21,-0.016753186,-0.016809229,-0.016766194,-0.016748521,-0.016762901,-0.016751353,-0.016754601,-0.016802747,-0.016761933,-0.016749535,-0.016822506,-0.0167677,-0.01675934,-0.01684511,-0.016778816,-0.016755704,-0.016884599,-0.016819779,-0.016778756,-0.016835738
2010-01-22,-0.026049737,-0.026115183,-0.02604774,-0.026037682,-0.026063014,-0.026046518,-0.026038814,-0.026082817,-0.02606045,-0.026054967,-0.026125584,-0.026064087,-0.026050929,-0.026104394,-0.026106391,-0.026050035,-0.026067842,-0.026124839,-0.026062477,-0.026198793
2010-01-25,-0.01615255,-0.016264651,-0.016206462,-0.01619101,-0.016217861,-0.016198564,-0.01619314,-0.016223777,-0.016193781,-0.016224626,-0.016273025,-0.016223032,-0.016207028,-0.016311098,-0.016276602,-0.01620074,-0.016232003,-0.016270716,-0.01621266,-0.016357306
2010-01-26,-0.0187811,-0.01888274,-0.018834908,-0.018812452,-0.01884735,-0.018818606,-0.01881652,-0.01883294,-0.01882464,-0.018843267,-0.018887732,-0.018849332,-0.018871326,-0.018894363,-0.018900845,-0.018818919,-0.018811483,-0.018890265,-0.018824238,-0.018979851
2010-01-27,-0.018375758,-0.018449519,-0.018402401,-0.01837397,-0.018400598,-0.018382657,-0.018384341,-0.018402357,-0.018390346,-0.018393654,-0.0184501,-0.01842298,-0.018442456,-0.018490229,-0.018525112,-0.01837987,-0.018403906,-0.018457685,-0.018386636,-0.01853611
2010-01-28,-0.017070044,-0.017133582,-0.01708186,-0.017060835,-0.0170849,-0.017070074,-0.01707955,-0.01708566,-0.01710393,-0.017066259,-0.01712786,-0.017082054,-0.017126326,-0.017100904,-0.017207209,-0.017068554,-0.01706383,-0.017140035,-0.017078523,-0.017262284
2010-01-29,-0.023490746,-0.023562644,-0.023512471,-0.023470271,-0.023495797,-0.023483831,-0.023480553,-0.023495052,-0.023523945,-0.023483071,-0.02355181,-0.02349395,-0.023550931,-0.023505438,-0.023559783,-0.023482192,-0.023473132,-0.023564953,-0.023491818,-0.023674551
2010-02-01,-0.017477471,-0.017519835,-0.017478917,-0.017446477,-0.017472107,-0.017461348,-0.017451514,-0.017472584,-0.017477874,-0.017473597,-0.017511997,-0.017466027,-0.01750185,-0.01748379,-0.0174346,-0.017460246,-0.01744989,-0.017523963,-0.01747236,-0.01764946
2010-02-02,-0.018833462,-0.018889148,-0.018822957,-0.01881205,-0.01885878,-0.018823985,-0.018812928,-0.018850658,-0.018844862,-0.01884893,-0.018874545,-0.018820588,-0.018851597,-0.018839035,-0.018836278,-0.018822629,-0.018815149,-0.018894155,-0.018832374,-0.019013677
2010-02-03,-0.018828694,-0.01889183,-0.018830795,-0.018814553,-0.01885273,-0.018823195,-0.01881722,-0.018844936,-0.018846456,-0.018847395,-0.018871773,-0.01883014,-0.018854309,-0.018936206,-0.018851329,-0.018819902,-0.018816639,-0.01890232,-0.018824253,-0.019014422
2010-02-04,-0.01884066,-0.018894631,-0.018835414,-0.018814448,-0.018847007,-0.018822137,-0.018809486,-0.018837396,-0.018850092,-0.018842522,-0.018881325,-0.01882713,-0.018874336,-0.018782604,-0.018837828,-0.018822882,-0.018815044,-0.018888075,-0.018825222,-0.019015301
2010-02-05,-0.018803347,-0.018893812,-0.018834356,-0.018808026,-0.018856842,-0.0188216,-0.01880652,-0.018841702,-0.018837262,-0.018827278,-0.01888642,-0.01882464,-0.018883247,-0.018779505,-0.018831808,-0.018829945,-0.018812124,-0.018884499,-0.018830527,-0.018948916
2010-02-08,-0.021182168,-0.021267388,-0.021203492,-0.021169487,-0.021207187,-0.021186385,-0.021168638,-0.021204818,-0.021194715,-0.021190885,-0.021258328,-0.021191109,-0.021237615,-0.021162096,-0.021202017,-0.021195907,-0.021179099,-0.021259326,-0.021215443,-0.021372858
2010-02-09,-0.018819083,-0.01889557,-0.018870939,-0.018808294,-0.01883756,-0.018820722,-0.01880521,-0.018839989,-0.018840585,-0.018834297,-0.0188859,-0.018825252,-0.018846665,-0.01880974,-0.018831197,-0.0188271,-0.018816862,-0.018889997,-0.01884647,-0.019010354
2010-02-10,-0.017934714,-0.018062893,-0.018048856,-0.01797532,-0.018010844,-0.017990638,-0.017977823,-0.018010128,-0.017993826,-0.017989162,-0.018056992,-0.017991606,-0.018004168,-0.017944861,-0.017990757,-0.01800092,-0.017986868,-0.018047247,-0.018023062,-0.018177886
2010-02-11,-0.018826146,-0.018941972,-0.01894522,-0.018867392,-0.018893916,-0.018877912,-0.018865544,-0.018895824,-0.018877987,-0.018883277,-0.018941913,-0.018879522,-0.018896956,-0.018872965,-0.01888286,-0.01888566,-0.018877674,-0.018930797,-0.018923063,-0.019022156
2010-02-12,-0.014250343,-0.014427532,-0.014432524,-0.014349391,-0.014397745,-0.014359211,-0.014347409,-0.014368241,-0.0143667655,-0.014361446,-0.014431824,-0.014358659,-0.014375706,-0.014358898,-0.014368449,-0.014366169,-0.014361669,-0.014421825,-0.014413317,-0.014552687
2010-02-16,-0.017764542,-0.017856691,-0.017848182,-0.017777804,-0.017819751,-0.017789815,-0.017777238,-0.017804671,-0.017785925,-0.017791528,-0.01785526,-0.017790455,-0.017809678,-0.017754931,-0.017799933,-0.017797653,-0.017802153,-0.017845694,-0.01783191,-0.017981846
2010-02-17,-0.018812213,-0.018889803,-0.018877435,-0.018811096,-0.018846873,-0.018820781,-0.018807936,-0.018830452,-0.018854175,-0.018822689,-0.018884499,-0.018819544,-0.018835459,-0.01875851,-0.018831749,-0.018827248,-0.018822659,-0.018878628,-0.018851105,-0.019013349
2010-02-18,-0.018824328,-0.018891457,-0.018881012,-0.018810976,-0.018840943,-0.018819842,-0.01880804,-0.018840525,-0.018839736,-0.018826175,-0.018882517,-0.018821854,-0.018832419,-0.01878466,-0.018836904,-0.018826697,-0.01881953,-0.018878732,-0.018835876,-0.01901402
2010-02-19,-0.016886327,-0.01700725,-0.016998056,-0.016917083,-0.016938407,-0.01692583,-0.016914014,-0.016954113,-0.016939778,-0.016933952,-0.017000888,-0.016926978,-0.016941492,-0.016942937,-0.016944263,-0.016930092,-0.016926471,-0.016997162,-0.016958598,-0.01712406
2010-02-22,-0.02101994,-0.02109133,-0.021078575,-0.021016572,-0.02104849,-0.021026779,-0.021013442,-0.021060351,-0.021039415,-0.02104022,-0.021086846,-0.021028,-0.021048445,-0.021137629,-0.021039966,-0.021028567,-0.021025885,-0.021077726,-0.021061007,-0.021218393
2010-02-23,-0.018819604,-0.018893678,-0.018880282,-0.018813137,-0.018834475,-0.01881862,-0.01880883,-0.01886535,-0.018815149,-0.018838037,-0.018885572,-0.01882318,-0.018837202,-0.01895826,-0.01882768,-0.018819649,-0.018823836,-0.018879328,-0.018839557,-0.019015837
2010-02-24,-0.018765334,-0.018893111,-0.01888137,-0.018809456,-0.018833999,-0.018817116,-0.018807877,-0.01884203,-0.0188247,-0.01883139,-0.018887196,-0.018821973,-0.0188361,-0.018807653,-0.018823314,-0.018821005,-0.018822182,-0.018878762,-0.018829007,-0.019013975
2010-02-25,-0.014496927,-0.014596631,-0.014585813,-0.0145219015,-0.014542361,-0.014529337,-0.01452059,-0.014556174,-0.014537652,-0.014547874,-0.0145877795,-0.014537443,-0.01454701,-0.014632468,-0.014529427,-0.014535685,-0.014533748,-0.0145820575,-0.014531423,-0.014725019
2010-02-26,-0.024210874,-0.024323333,-0.024309803,-0.024232987,-0.02424397,-0.024242435,-0.024232436,-0.024263907,-0.02425057,-0.024258707,-0.02431095,-0.024250139,-0.024255682,-0.024413738,-0.024237696,-0.024247248,-0.02424552,-0.024311993,-0.024240378,-0.024439324
2010-03-01,-0.017226357,-0.01730718,-0.017286856,-0.017224927,-0.017243627,-0.017231215,-0.017220799,-0.017249335,-0.017232616,-0.017271835,-0.01729587,-0.017245281,-0.017263386,-0.017410759,-0.017230112,-0.017241303,-0.017235491,-0.017291594,-0.017250765,-0.017426927
2010-03-02,-0.018823791,-0.018895615,-0.018871713,-0.018893708,-0.018858556,-0.018818084,-0.018808994,-0.018832464,-0.018825281,-0.018844698,-0.018886406,-0.018824581,-0.018847544,-0.0189748,-0.018826175,-0.018827293,-0.01881801,-0.018879477,-0.018843714,-0.019016195
2010-03-03,-0.0140611725,-0.014128705,-0.014107828,-0.014072259,-0.014086102,-0.014055555,-0.014045616,-0.014065151,-0.014016797,-0.014082302,-0.014125084,-0.014062603,-0.014086728,-0.014244904,-0.01406454,-0.014059906,-0.014116366,-0.01411735,-0.014065837,-0.01425371
2010-03-04,-0.019116048,-0.019174058,-0.019153778,-0.019111264,-0.019163001,-0.0191073,-0.019096512,-0.019123066,-0.019119684,-0.019123737,-0.01917449,-0.019113753,-0.019155893,-0.019295726,-0.019111533,-0.019115094,-0.01918285,-0.01916774,-0.01911882,-0.019303475
2010-03-05,-0.018826399,-0.01893105,-0.018856619,-0.018818531,-0.018865693,-0.018819798,-0.01880904,-0.018839363,-0.018830154,-0.018825356,-0.018883143,-0.018821467,-0.018868152,-0.019008491,-0.018862057,-0.018826935,-0.018899683,-0.018880684,-0.018822093,-0.01901609
2010-03-08,-0.017635498,-0.017730001,-0.017659474,-0.017628375,-0.01764511,-0.017625768,-0.01761416,-0.017649952,-0.017626796,-0.017642785,-0.01768187,-0.017631251,-0.017685179,-0.017814744,-0.017678443,-0.017633695,-0.017711733,-0.017674256,-0.017632652,-0.017818723
2010-03-09,-0.018837769,-0.018931229,-0.018867496,-0.0188143,-0.018838365,-0.018819157,-0.01880892,-0.018852863,-0.018801171,-0.018834297,-0.01888426,-0.018826503,-0.018898282,-0.019008864,-0.018877137,-0.018828858,-0.018961612,-0.018879924,-0.018835742,-0.019016717
2010-03-10,-0.017886553,-0.017972473,-0.017920751,-0.017885063,-0.017934699,-0.017894391,-0.017884273,-0.017926741,-0.017893512,-0.017923076,-0.017956976,-0.017909441,-0.017969046,-0.018084828,-0.01791552,-0.017906923,-0.017982516,-0.01795246,-0.017913777,-0.018089045
2010-03-11,-0.01784845,-0.017951164,-0.017873574,-0.01783437,-0.01790579,-0.01784617,-0.017845694,-0.017885614,-0.0178607,-0.017870162,-0.017903868,-0.017860282,-0.01792181,-0.018034775,-0.01787338,-0.01786073,-0.01786508,-0.017912466,-0.01786444,-0.018038172
2010-03-12,-0.016988788,-0.017088417,-0.016996492,-0.016978089,-0.017056782,-0.016987327,-0.016988132,-0.01702601,-0.017002318,-0.017037306,-0.017049912,-0.016999397,-0.01706231,-0.017176945,-0.01702093,-0.017004568,-0.016998727,-0.017059464,-0.017007846,-0.017182041
2010-03-15,-0.018818606,-0.018944863,-0.018824387,-0.018815,-0.01889569,-0.018819217,-0.01882838,-0.01885489,-0.018831614,-0.01884285,-0.018886242,-0.01882783,-0.018904973,-0.019008998,-0.018860597,-0.018845785,-0.018915344,-0.01889186,-0.018835846,-0.019013692
2010-03-16,-0.018822629,-0.01892953,-0.018875632,-0.018862445,-0.018872622,-0.018820677,-0.018843729,-0.018858213,-0.018846784,-0.018849108,-0.018887196,-0.018829186,-0.018918622,-0.019009028,-0.01888274,-0.018836338,-0.018906731,-0.018893857,-0.018831436,-0.019016419
2010-03-17,-0.017692957,-0.017804403,-0.017744694,-0.01776928,-0.017741311,-0.017689917,-0.017706979,-0.017722536,-0.01773012,-0.017696444,-0.017752144,-0.017697696,-0.017788071,-0.017878015,-0.017752547,-0.017697413,-0.017779429,-0.017770085,-0.017699707,-0.01788244
2010-03-18,-0.017116178,-0.017233003,-0.01717678,-0.017130438,-0.017165352,-0.017114032,-0.017112736,-0.017145399,-0.017154817,-0.017113212,-0.017173562,-0.017121036,-0.017177094,-0.017301682,-0.017180283,-0.017123897,-0.017201517,-0.017188702,-0.017122198,-0.017306123
2010-03-19,-0.017516349,-0.017635215,-0.017572943,-0.01751468,-0.017566163,-0.017514307,-0.017498601,-0.017545614,-0.01755393,-0.01750793,-0.017573033,-0.017522741,-0.017574597,-0.017634202,-0.017572928,-0.017515246,-0.017585907,-0.017576072,-0.0175335,-0.017705087
2010-03-22,-0.018825237,-0.018963043,-0.018885706,-0.018821169,-0.018877972,-0.018822689,-0.018811826,-0.018848572,-0.018857438,-0.018856544,-0.018885855,-0.018833447,-0.018896941,-0.018965531,-0.018881071,-0.018834565,-0.018857095,-0.018902306,-0.018840287,-0.01901256
2010-03-23,-0.017778028,-0.017904837,-0.017820705,-0.017781723,-0.017812852,-0.01777554,-0.017770175,-0.017782155,-0.017798234,-0.017796699,-0.017815042,-0.017780889,-0.017842863,-0.017948512,-0.01782607,-0.017785508,-0.017774481,-0.017894525,-0.017796282,-0.017962445
2010-03-24,-0.01882391,-0.018941376,-0.018844787,-0.018819187,-0.018880654,-0.0188216,-0.018816847,-0.018833596,-0.018847648,-0.018859942,-0.018884975,-0.018828321,-0.018880907,-0.019003127,-0.01888122,-0.01882856,-0.01882105,-0.018898655,-0.018841226,-0.019014392
2010-03-25,-0.01895601,-0.019054402,-0.01897471,-0.018946264,-0.019010324,-0.018953476,-0.018955756,-0.018965099,-0.018980507,-0.01899596,-0.019011486,-0.01895814,-0.019010935,-0.019049842,-0.019021098,-0.01896504,-0.018943954,-0.01901484,-0.018968333,-0.019147146
2010-03-26,-0.01882181,-0.018926177,-0.018863056,-0.018809754,-0.018884394,-0.018821899,-0.018818278,-0.018847067,-0.0188247,-0.018858422,-0.018880296,-0.018824447,-0.018880624,-0.018984292,-0.01888359,-0.0188278,-0.01882838,-0.018959973,-0.018838529,-0.019013096
2010-03-29,-0.018824954,-0.018924493,-0.01885875,-0.018813718,-0.018888507,-0.018822838,-0.018816043,-0.018856246,-0.01882467,-0.018865336,-0.018878926,-0.018824954,-0.018879134,-0.018962834,-0.018879835,-0.018831376,-0.018829096,-0.019001115,-0.01883367,-0.019013692
2010-03-30,-0.018826101,-0.018903065,-0.018872757,-0.018813554,-0.018886108,-0.01882321,-0.018834192,-0.01886383,-0.018818516,-0.018872578,-0.018880997,-0.018825117,-0.018879417,-0.018962327,-0.018861834,-0.018839259,-0.018831689,-0.018959496,-0.018835772,-0.019015316
2010-03-31,-0.017247427,-0.017333958,-0.017278794,-0.017232511,-0.01730581,-0.017245013,-0.017247383,-0.017285813,-0.017263163,-0.017297123,-0.017304126,-0.017248679,-0.01729827,-0.017362107,-0.017283905,-0.017266054,-0.017250318,-0.017387051,-0.017257307,-0.017437655
2010-04-01,-0.018829066,-0.01889417,-0.018853862,-0.018818248,-0.01887836,-0.018823806,-0.018811334,-0.018859673,-0.018861312,-0.01884963,-0.018878508,-0.018830407,-0.018849809,-0.018940601,-0.018867213,-0.01883443,-0.018825818,-0.018939648,-0.018833403,-0.019012872
2010-04-05,-0.016993005,-0.017052088,-0.017027903,-0.016979966,-0.017028112,-0.016988669,-0.016973514,-0.017023254,-0.017069522,-0.01698834,-0.017033447,-0.016993005,-0.01701777,-0.017063577,-0.017030973,-0.0170005,-0.016985346,-0.017093483,-0.016994197,-0.01717681
2010-04-06,-0.018589158,-0.01862811,-0.018627275,-0.018569324,-0.018611927,-0.018583093,-0.01859251,-0.01859713,-0.018636394,-0.018575225,-0.018617172,-0.018584047,-0.018605027,-0.018667761,-0.018625084,-0.018596265,-0.01858266,-0.018753145,-0.018587459,-0.018768702
2010-04-07,-0.015847553,-0.01590817,-0.01589102,-0.015832294,-0.015881542,-0.015842576,-0.01584265,-0.015862796,-0.015921656,-0.015830804,-0.015899826,-0.01584636,-0.015878428,-0.015930433,-0.015894864,-0.015858252,-0.015837599,-0.015955318,-0.0158539,-0.016032461
2010-04-08,-0.018825594,-0.018891264,-0.018867645,-0.018809307,-0.018842328,-0.018823732,-0.01881783,-0.018836785,-0.018882487,-0.018832434,-0.018886466,-0.018825356,-0.018866736,-0.018899906,-0.018871803,-0.018837173,-0.01887839,-0.018885095,-0.018834267,-0.019012649
2010-04-09,-0.01790199,-0.017954383,-0.017944772,-0.017887209,-0.017940912,-0.017899934,-0.017892022,-0.01791041,-0.017962608,-0.017910812,-0.017956156,-0.017901976,-0.017924,-0.017961029,-0.01792248,-0.01790728,-0.01791558,-0.018024627,-0.017909441,-0.018089104
2010-04-12,-0.017167125,-0.01722077,-0.017237116,-0.017157722,-0.017221186,-0.01716556,-0.017151613,-0.017195467,-0.017160598,-0.017178927,-0.01722585,-0.017168272,-0.017186705,-0.01724254,-0.01720177,-0.01718833,-0.017171655,-0.017344091,-0.017176542,-0.017356921
2010-04-13,-0.018830229,-0.01888125,-0.018913541,-0.01883385,-0.018883053,-0.018823508,-0.018859912,-0.01885024,-0.018863339,-0.018875469,-0.018883992,-0.018827457,-0.018847872,-0.018919144,-0.018883068,-0.018833179,-0.018831227,-0.018958274,-0.018829513,-0.019019026
2010-04-14,-0.018829066,-0.018878285,-0.018900562,-0.018821348,-0.018892158,-0.018823463,-0.018838111,-0.018846828,-0.018855337,-0.01887903,-0.018886272,-0.018830601,-0.0188631,-0.01893096,-0.018874336,-0.018830497,-0.01883005,-0.018901814,-0.018834148,-0.019016344
2010-04-15,-0.018729884,-0.018780563,-0.018815,-0.018716354,-0.018779013,-0.018724743,-0.0187659,-0.018746126,-0.018756796,-0.018784378,-0.018787269,-0.018728573,-0.018775437,-0.018824551,-0.018772531,-0.01873115,-0.018736694,-0.018841717,-0.018730346,-0.018917952
2010-04-16,-0.018828798,-0.018877286,-0.018912602,-0.018831644,-0.018877763,-0.018822689,-0.018864457,-0.018844757,-0.018864382,-0.018876228,-0.018886808,-0.01882917,-0.018876065,-0.018923167,-0.018869717,-0.018818457,-0.018831212,-0.01894151,-0.018828351,-0.019017044
2010-04-19,-0.017604116,-0.01764818,-0.017696057,-0.017585833,-0.017656032,-0.017598394,-0.017608318,-0.01763757,-0.01760811,-0.017622028,-0.017665986,-0.017606098,-0.01763219,-0.017656196,-0.017677609,-0.017603908,-0.01760276,-0.01771425,-0.017609779,-0.017786015
2010-04-20,-0.018837068,-0.018874366,-0.018909875,-0.018816117,-0.018884096,-0.01883215,-0.018844534,-0.018862087,-0.018869314,-0.018866409,-0.018894259,-0.018834997,-0.018723551,-0.018885586,-0.018892784,-0.018839259,-0.018834893,-0.018896062,-0.01883759,-0.018959124
2010-04-21,-0.018829454,-0.018865813,-0.018920857,-0.018813957,-0.01887368,-0.018823687,-0.018860895,-0.018871222,-0.018827278,-0.018875334,-0.018885259,-0.018824387,-0.018774156,-0.018852565,-0.018895198,-0.01882704,-0.01881883,-0.018949945,-0.0188278,-0.018964011
2010-04-22,-0.016599957,-0.016642395,-0.016693357,-0.01657613,-0.01662286,-0.01659358,-0.016642887,-0.016669009,-0.016590867,-0.016640965,-0.016665135,-0.016600851,-0.016565401,-0.016605992,-0.016656194,-0.016597975,-0.0165882,-0.016732965,-0.016596187,-0.016729299
2010-04-23,-0.018828262,-0.018859137,-0.018897135,-0.018809889,-0.018840257,-0.018824149,-0.018840704,-0.018884499,-0.018816669,-0.01884817,-0.018885065,-0.018828396,-0.018803451,-0.018829066,-0.018883113,-0.018833566,-0.018814374,-0.01895957,-0.018827934,-0.01894692
2010-04-26,-0.01882403,-0.01883969,-0.018887926,-0.01881254,-0.018853728,-0.01882327,-0.01884121,-0.018888045,-0.018806119,-0.018809635,-0.01888493,-0.018826772,-0.01881944,-0.018824,-0.018876065,-0.018825788,-0.018854264,-0.018959347,-0.01882932,-0.018905941
2010-04-27,-0.018825863,-0.018857408,-0.018863533,-0.018814553,-0.01886383,-0.01882336,-0.018857721,-0.018844325,-0.018801544,-0.018807996,-0.018885154,-0.018824417,-0.0188458,-0.018831078,-0.018883709,-0.018828277,-0.018902738,-0.01895218,-0.018826116,-0.018924136
2010-04-28,-0.018828217,-0.018858913,-0.018877048,-0.018806148,-0.018877853,-0.018823568,-0.018830318,-0.018864889,-0.018823002,-0.01880962,-0.018887866,-0.018824924,-0.018861461,-0.018843103,-0.018881295,-0.018831003,-0.018888,-0.018939737,-0.018838841,-0.01890171
2010-04-29,-0.018868167,-0.01887365,-0.018876705,-0.01882546,-0.018857587,-0.018822286,-0.018837351,-0.018840436,-0.018745873,-0.018840704,-0.018888477,-0.018829081,-0.018841822,-0.01883826,-0.018884514,-0.018837783,-0.018897,-0.01894908,-0.018840749,-0.01890375
2010-04-30,-0.018842671,-0.0188842,-0.01887213,-0.018816952,-0.018843133,-0.018822003,-0.018818978,-0.018822718,-0.018737186,-0.018875364,-0.018885646,-0.01883005,-0.018839542,-0.018834282,-0.018885437,-0.018830363,-0.018882412,-0.018938843,-0.018834163,-0.018905628
2010-05-03,-0.014525359,-0.014571522,-0.014547651,-0.014502038,-0.014548962,-0.014515807,-0.014517997,-0.014529352,-0.014416386,-0.014576097,-0.01457483,-0.014525478,-0.014520054,-0.014534463,-0.014577066,-0.014515941,-0.014584322,-0.014610668,-0.014523824,-0.014596899
2010-05-04,-0.020783368,-0.02083904,-0.020814303,-0.02077924,-0.020791475,-0.020779137,-0.020802666,-0.020806272,-0.020756919,-0.020797689,-0.020839829,-0.020788718,-0.020776082,-0.020821307,-0.020842645,-0.020774309,-0.020824019,-0.02089322,-0.02078386,-0.020853762
2010-05-05,-0.018820304,-0.018885363,-0.018873218,-0.018816117,-0.018835891,-0.01882324,-0.018829394,-0.018954892,-0.01881947,-0.018815983,-0.018888641,-0.01883005,-0.01882786,-0.018849079,-0.01889332,-0.018823165,-0.018875066,-0.018901724,-0.018832434,-0.018904213
2010-05-06,-0.022530545,-0.022585649,-0.022553984,-0.022520173,-0.022538412,-0.022526238,-0.022523258,-0.022668261,-0.022539157,-0.02250569,-0.022589002,-0.022534195,-0.02256528,-0.02255166,-0.022591863,-0.022527743,-0.022582535,-0.022598196,-0.022534613,-0.022603635
2010-05-07,-0.01928844,-0.01935007,-0.019295547,-0.019272823,-0.019309122,-0.019284222,-0.01926798,-0.01936974,-0.019334484,-0.019264702,-0.019352455,-0.01928917,-0.019337688,-0.019308273,-0.019351099,-0.019289348,-0.0193425,-0.019381616,-0.019301895,-0.019358668
2010-05-10,-0.015799452,-0.015846748,-0.015761096,-0.015781302,-0.015822861,-0.015794877,-0.015781615,-0.015857298,-0.015847046,-0.015794743,-0.015851606,-0.015799109,-0.015847642,-0.015821863,-0.015858565,-0.015813235,-0.015839595,-0.01589537,-0.015813146,-0.01586296
2010-05-11,-0.018825699,-0.018878449,-0.01877642,-0.018808756,-0.018847022,-0.018821854,-0.018813644,-0.01892573,-0.018882085,-0.018823165,-0.018889535,-0.018826399,-0.018885601,-0.018875036,-0.018887926,-0.018853132,-0.018896494,-0.018887077,-0.018838141,-0.018893767
2010-05-12,-0.01737583,-0.017419804,-0.0173298,-0.017355535,-0.017383594,-0.017364595,-0.017364223,-0.017462198,-0.017445315,-0.017368693,-0.01743174,-0.017369483,-0.017416913,-0.01738422,-0.017431963,-0.017388452,-0.01741651,-0.017432902,-0.017381016,-0.017441023
2010-05-13,-0.013506492,-0.013540645,-0.013501232,-0.01348265,-0.013522019,-0.013490309,-0.013497551,-0.013545577,-0.013524328,-0.013504242,-0.013553088,-0.013497387,-0.013542895,-0.013497119,-0.013549616,-0.0135145085,-0.013544892,-0.013614123,-0.013498475,-0.0135558145
2010-05-14,-0.021236409,-0.021277059,-0.021234293,-0.021219645,-0.021271873,-0.021216337,-0.021228362,-0.02128582,-0.021229971,-0.021259148,-0.021286491,-0.021223504,-0.021281544,-0.021240253,-0.021286953,-0.021222208,-0.02129059,-0.021351341,-0.021232862,-0.021298725
2010-05-17,-0.016493414,-0.016489927,-0.016413037,-0.016433451,-0.016475696,-0.016437728,-0.016443122,-0.01651137,-0.016446281,-0.016452152,-0.016505945,-0.016445432,-0.016494159,-0.016440663,-0.016504083,-0.016432587,-0.016523976,-0.016509358,-0.016456995,-0.016507883
2010-05-18,-0.018845681,-0.018881623,-0.018771011,-0.018810857,-0.018837292,-0.01881859,-0.018825207,-0.018854562,-0.018895108,-0.018823285,-0.018892381,-0.01882847,-0.018878747,-0.018832076,-0.018889789,-0.018826518,-0.018881608,-0.01889329,-0.0188375,-0.018895183
2010-05-19,-0.018879715,-0.018885259,-0.018737037,-0.01881731,-0.018822927,-0.01881804,-0.018821914,-0.018838529,-0.018851,-0.018820647,-0.018893022,-0.018827189,-0.018881474,-0.01893558,-0.018890027,-0.01883084,-0.018882472,-0.01894148,-0.018837247,-0.018896375
2010-05-20,-0.027762864,-0.027749557,-0.027654339,-0.027662996,-0.027677137,-0.027666945,-0.027669597,-0.02768189,-0.027800877,-0.027661223,-0.027760554,-0.027673159,-0.027755026,-0.02781253,-0.027743522,-0.027683679,-0.02769636,-0.027800236,-0.027684573,-0.027770314
2010-05-21,-0.018879551,-0.01888505,-0.018823747,-0.018811245,-0.018830705,-0.018818427,-0.018818084,-0.018825997,-0.018883113,-0.018817622,-0.01889104,-0.018827979,-0.018929202,-0.018875692,-0.018870357,-0.018833611,-0.018815119,-0.018885333,-0.018830556,-0.0188904
2010-05-24,-0.020206857,-0.02018619,-0.020140324,-0.020121936,-0.0201809,-0.020131338,-0.020125527,-0.020151827,-0.020191018,-0.020131145,-0.020197008,-0.020145733,-0.020207707,-0.02016716,-0.020176742,-0.020142619,-0.020120103,-0.020188037,-0.02014776,-0.02019154
2010-05-25,-0.018889938,-0.018881742,-0.018852908,-0.0188112,-0.018890534,-0.018819485,-0.018832926,-0.018862057,-0.018860925,-0.018822763,-0.018892322,-0.018833358,-0.018892188,-0.018909235,-0.018880028,-0.018828694,-0.01881789,-0.0188918,-0.018834416,-0.018902157
2010-05-26,-0.018885288,-0.018880803,-0.018833254,-0.018808696,-0.018895838,-0.018819023,-0.018822972,-0.01886386,-0.018883083,-0.01882397,-0.018891517,-0.018832434,-0.018886808,-0.018881295,-0.018883187,-0.018834878,-0.018866096,-0.01895221,-0.018835295,-0.018892918
2010-05-27,-0.015587215,-0.015589927,-0.015528728,-0.015517418,-0.015602072,-0.015525361,-0.015525569,-0.015560125,-0.015556057,-0.015528639,-0.01559483,-0.015535583,-0.01561973,-0.01554284,-0.015590464,-0.015554582,-0.015548189,-0.015659306,-0.015543406,-0.015595515
2010-05-28,-0.016757581,-0.016757596,-0.016702656,-0.01668847,-0.01675922,-0.016698975,-0.016700823,-0.016748909,-0.016757283,-0.016722534,-0.01676384,-0.016705517,-0.016770173,-0.016744424,-0.016754303,-0.016708422,-0.016749907,-0.016833413,-0.016711611,-0.016765926
2010-06-01,-0.020310719,-0.020311613,-0.020243708,-0.020241428,-0.020277653,-0.020253424,-0.020258117,-0.020306531,-0.020377997,-0.020265523,-0.020316634,-0.020260949,-0.02030379,-0.020284314,-0.020307023,-0.020267356,-0.020312179,-0.020389188,-0.02026442,-0.020321894
2010-06-02,-0.018885467,-0.018881742,-0.018828604,-0.018809903,-0.01883522,-0.018819753,-0.01882175,-0.01888517,-0.018884141,-0.018826727,-0.01889177,-0.018831182,-0.018861834,-0.018832806,-0.018885259,-0.018825192,-0.018873606,-0.018949274,-0.018837024,-0.018893037
2010-06-03,-0.017677177,-0.017680008,-0.01764195,-0.017622743,-0.017636914,-0.017631117,-0.017630372,-0.017677698,-0.017676461,-0.017637614,-0.017686013,-0.0176473,-0.017655332,-0.017649729,-0.017679993,-0.01762836,-0.017692465,-0.017745603,-0.01764663,-0.017686699
2010-06-04,-0.018889833,-0.018882621,-0.018830929,-0.018812988,-0.018829439,-0.018819395,-0.018818188,-0.018869583,-0.018878747,-0.01881053,-0.018887509,-0.018832568,-0.018881474,-0.01883376,-0.018886436,-0.018824596,-0.018885497,-0.01893397,-0.018835519,-0.018903274
2010-06-07,-0.018887777,-0.0188828,-0.018828962,-0.018808592,-0.018844102,-0.01881798,-0.018811513,-0.018880326,-0.018908177,-0.018813733,-0.018890131,-0.018834073,-0.018867988,-0.018871922,-0.018884573,-0.018822495,-0.018883739,-0.01893254,-0.01884571,-0.018897284
2010-06-08,-0.018887285,-0.01888204,-0.0188278,-0.018809307,-0.018844131,-0.018818919,-0.018820737,-0.018881995,-0.018871192,-0.018816639,-0.018888641,-0.018832404,-0.018878955,-0.018957648,-0.018890578,-0.018823896,-0.018879462,-0.018888582,-0.018837634,-0.018896747
2010-06-09,-0.018886212,-0.018880535,-0.018824298,-0.018807922,-0.01887304,-0.01881935,-0.01881786,-0.01886927,-0.018874008,-0.018815953,-0.018886674,-0.018830571,-0.018884096,-0.018966634,-0.018889058,-0.01882616,-0.01887514,-0.018887062,-0.018854741,-0.018894318
2010-06-10,-0.018889267,-0.018877257,-0.018822093,-0.0188067,-0.018957172,-0.018817905,-0.0188119,-0.018851,-0.018873055,-0.018819842,-0.018886823,-0.018830914,-0.018879164,-0.018971283,-0.018890772,-0.018825997,-0.018840048,-0.018882189,-0.018846262,-0.018899728
2010-06-11,-0.018888045,-0.018874545,-0.018824805,-0.018810514,-0.018857632,-0.018818308,-0.018813927,-0.018864755,-0.018873502,-0.018816326,-0.018887136,-0.018830854,-0.018888477,-0.018844638,-0.018889103,-0.018828455,-0.018827904,-0.018882144,-0.018837575,-0.018899102
2010-06-14,-0.015641276,-0.015628163,-0.015575175,-0.01555786,-0.0155865,-0.015564819,-0.015560244,-0.015611817,-0.015621324,-0.015559529,-0.015640352,-0.01557817,-0.015640546,-0.01561137,-0.015649084,-0.015585248,-0.015574445,-0.015633497,-0.015583177,-0.015653629
2010-06-15,-0.018887285,-0.018874828,-0.0188337,-0.018810008,-0.018920515,-0.018819679,-0.018812332,-0.018865723,-0.018870313,-0.018814523,-0.01888806,-0.018833343,-0.01888736,-0.01886015,-0.018892694,-0.018833075,-0.01882561,-0.018882085,-0.018832806,-0.018897403
2010-06-16,-0.021836478,-0.02182186,-0.02177434,-0.021749128,-0.021931503,-0.021761585,-0.02175096,-0.02180009,-0.021817986,-0.021750811,-0.02183706,-0.02177522,-0.021814484,-0.021806616,-0.021880422,-0.021771524,-0.021778587,-0.021833155,-0.021784175,-0.021845851
2010-06-17,-0.01601221,-0.016006265,-0.01596238,-0.015941951,-0.01610035,-0.015951712,-0.015944067,-0.015975107,-0.016001511,-0.01594055,-0.01601148,-0.015961874,-0.015997712,-0.01596788,-0.01606438,-0.015961323,-0.01599877,-0.016005445,-0.015967522,-0.016024772
2010-06-18,-0.018894348,-0.018889148,-0.018830676,-0.018819693,-0.01897775,-0.018820275,-0.018823732,-0.018862251,-0.018877987,-0.018809129,-0.018888835,-0.018829394,-0.018876884,-0.018838767,-0.018937085,-0.018827502,-0.018893305,-0.018886734,-0.018840346,-0.018906046
2010-06-21,-0.018892918,-0.018890236,-0.018831287,-0.018819693,-0.019006807,-0.018819634,-0.018828262,-0.018870492,-0.018879686,-0.018814344,-0.018889967,-0.018834773,-0.018928338,-0.018838841,-0.01890402,-0.018833224,-0.018898997,-0.018890265,-0.018829513,-0.018912543
2010-06-22,-0.018890131,-0.018886302,-0.018838871,-0.018811751,-0.01900779,-0.01881944,-0.018819246,-0.018867511,-0.018870223,-0.018819723,-0.018887717,-0.018832568,-0.018913541,-0.01883452,-0.01893473,-0.0188271,-0.018899713,-0.018880937,-0.018829469,-0.018902842
2010-06-23,-0.018889997,-0.018886779,-0.018832255,-0.018807624,-0.019008297,-0.01881935,-0.01881798,-0.01886325,-0.01887085,-0.018820334,-0.018886615,-0.018829826,-0.018903676,-0.01883075,-0.018932644,-0.018824313,-0.018910307,-0.018880982,-0.0188368,-0.018900517
2010-06-24,-0.018895049,-0.018889014,-0.018836502,-0.018807653,-0.01900861,-0.018817801,-0.018816043,-0.018859703,-0.018876318,-0.018820915,-0.018886838,-0.018830333,-0.018910233,-0.0188309,-0.018925536,-0.018828306,-0.01884294,-0.018886093,-0.01883534,-0.01890478
2010-06-25,-0.018892828,-0.018886004,-0.018828604,-0.01880515,-0.019008834,-0.018819932,-0.018813152,-0.018864308,-0.018880013,-0.01882108,-0.018887226,-0.018828351,-0.018916357,-0.01883157,-0.01889861,-0.01882537,-0.018827695,-0.018888716,-0.018835831,-0.018906329
2010-06-28,-0.018311653,-0.018300418,-0.018258188,-0.018236373,-0.018436287,-0.018248472,-0.018244002,-0.018292267,-0.018331397,-0.018255029,-0.018310655,-0.018258516,-0.018349085,-0.018277753,-0.018316153,-0.018251736,-0.018249739,-0.018312234,-0.018255908,-0.018323634
2010-06-29,-0.018889982,-0.018878076,-0.01885854,-0.01881193,-0.019009013,-0.018820707,-0.018822048,-0.018851716,-0.01885045,-0.0188278,-0.018887136,-0.018829215,-0.018926058,-0.018882219,-0.018939067,-0.018821973,-0.018842418,-0.018886287,-0.018836398,-0.018903423
2010-06-30,-0.018888418,-0.018880237,-0.01885489,-0.018809754,-0.019008998,-0.018824894,-0.01881579,-0.018860105,-0.018834222,-0.018826846,-0.018886942,-0.018834118,-0.018916119,-0.018895779,-0.018888358,-0.018820498,-0.018832672,-0.018879507,-0.018831212,-0.018896569
2010-07-01,-0.018888254,-0.018881802,-0.018841896,-0.01881032,-0.019008998,-0.018821795,-0.01881503,-0.018864129,-0.018820409,-0.018824805,-0.01888514,-0.018833611,-0.018932212,-0.01888894,-0.018888224,-0.018826071,-0.01883224,-0.018875975,-0.018835235,-0.018898118
2010-07-02,-0.018885914,-0.018883336,-0.018833566,-0.01880734,-0.019008983,-0.018821765,-0.018811215,-0.018866751,-0.01883315,-0.018823046,-0.018884648,-0.018834341,-0.018908817,-0.018882427,-0.018886048,-0.018825818,-0.018868912,-0.018877435,-0.01883683,-0.018893395
2010-07-06,-0.01802883,-0.018025372,-0.017958287,-0.017948706,-0.018035028,-0.017964218,-0.017950762,-0.018015523,-0.017976005,-0.01796626,-0.018022958,-0.017974947,-0.018039275,-0.018011931,-0.018059481,-0.017965231,-0.018026654,-0.018012706,-0.017974485,-0.018039513
2010-07-07,-0.018888045,-0.018886048,-0.018824104,-0.018810067,-0.018877719,-0.018822987,-0.01881357,-0.018867869,-0.018835414,-0.018824283,-0.018886093,-0.018832255,-0.0189136,-0.018890385,-0.018949095,-0.018826533,-0.018892962,-0.018864516,-0.018842373,-0.01889797
2010-07-08,-0.018887568,-0.018886466,-0.018832479,-0.018808696,-0.018946413,-0.01882169,-0.018812273,-0.018872116,-0.018833194,-0.018825788,-0.018887121,-0.018832732,-0.018903423,-0.018898655,-0.018890802,-0.018837783,-0.018921409,-0.018865291,-0.018834475,-0.018896569
2010-07-09,-0.018888239,-0.018884245,-0.018826071,-0.018814865,-0.018983934,-0.018818874,-0.018815491,-0.018874247,-0.018828113,-0.01882473,-0.018884707,-0.018832017,-0.01889405,-0.018955026,-0.018890519,-0.018830705,-0.01888517,-0.018864457,-0.018836621,-0.01889773
2010-07-12,-0.024428714,-0.02441645,-0.02435704,-0.024345342,-0.024502713,-0.024351288,-0.024351899,-0.024414528,-0.024362598,-0.024373863,-0.024425153,-0.024363223,-0.024436597,-0.02450234,-0.024431441,-0.024364103,-0.02444445,-0.02442189,-0.02436212,-0.024440024
2010-07-13,-0.018892828,-0.01888061,-0.018825073,-0.018816922,-0.01897033,-0.018818323,-0.018827368,-0.018885735,-0.018828887,-0.018836636,-0.018887807,-0.018831063,-0.018913422,-0.01897477,-0.018939901,-0.018829484,-0.018906195,-0.018876467,-0.018827233,-0.018908922
2010-07-14,-0.020501573,-0.020496149,-0.02044088,-0.02042744,-0.020600218,-0.020437766,-0.02045374,-0.020503182,-0.02044623,-0.020444755,-0.02049883,-0.020450134,-0.020517815,-0.020553727,-0.020503048,-0.02044471,-0.020538483,-0.020485375,-0.02044544,-0.020512063
2010-07-15,-0.018893305,-0.018883977,-0.018837098,-0.018811066,-0.018993367,-0.018821362,-0.018826727,-0.018886525,-0.018835027,-0.018826429,-0.018884543,-0.018833641,-0.0189108,-0.018946026,-0.018892262,-0.018832643,-0.018887792,-0.018871192,-0.01883087,-0.018907312
2010-07-16,-0.014992793,-0.014992182,-0.01494426,-0.014917036,-0.015097459,-0.014929061,-0.014934544,-0.014968325,-0.014939045,-0.014928316,-0.014990483,-0.014941101,-0.015009587,-0.015053247,-0.014989664,-0.014940103,-0.015000095,-0.01499026,-0.014943589,-0.015003626
2010-07-19,-0.02096102,-0.020951424,-0.020909984,-0.02087899,-0.021050382,-0.020893846,-0.020883653,-0.020928446,-0.02090225,-0.020897884,-0.020958278,-0.020906989,-0.020950872,-0.020993385,-0.020956729,-0.020913322,-0.020976666,-0.020950709,-0.02090295,-0.020972405
2010-07-20,-0.01888955,-0.018881831,-0.018840972,-0.018812004,-0.018980984,-0.018821467,-0.018805299,-0.018858645,-0.01883455,-0.018825088,-0.018888596,-0.01884133,-0.01890095,-0.01890247,-0.018887687,-0.018839184,-0.0189167,-0.018870253,-0.018835876,-0.018900815
2010-07-21,-0.018889029,-0.018887255,-0.018838841,-0.018808383,-0.01897562,-0.018824507,-0.01883461,-0.018868763,-0.018831272,-0.018834297,-0.018890176,-0.018835653,-0.018918026,-0.01887675,-0.01888885,-0.01883607,-0.018897016,-0.018876586,-0.01883163,-0.018899444
2010-07-22,-0.017491866,-0.017488483,-0.017436076,-0.01741362,-0.017581258,-0.017424408,-0.017423797,-0.017481927,-0.017435018,-0.017475862,-0.017491672,-0.017435629,-0.017501462,-0.017499346,-0.017555822,-0.017433126,-0.017478142,-0.017477784,-0.017438818,-0.017502163
2010-07-23,-0.016421054,-0.016341496,-0.016325373,-0.01627164,-0.016433317,-0.01628201,-0.01628225,-0.016351286,-0.016293619,-0.016315807,-0.016358007,-0.016291205,-0.016349886,-0.016360525,-0.016366366,-0.016299415,-0.016369823,-0.01635309,-0.016292054,-0.01637024
2010-07-26,-0.019964997,-0.019866008,-0.019859541,-0.019813988,-0.019968618,-0.019826535,-0.019826952,-0.019889329,-0.019831572,-0.01982582,-0.01989219,-0.019828115,-0.019884963,-0.019912723,-0.019901965,-0.019845936,-0.019936893,-0.019891221,-0.019831438,-0.019907136
2010-07-27,-0.018958155,-0.018863115,-0.018848617,-0.018811274,-0.018967826,-0.018820796,-0.018834118,-0.01887821,-0.018829305,-0.018801857,-0.018888135,-0.018829811,-0.01889192,-0.018903468,-0.018892188,-0.01883905,-0.018893082,-0.01889478,-0.018826697,-0.018900324
2010-07-28,-0.01896206,-0.018867556,-0.018851433,-0.018811721,-0.018975545,-0.01882096,-0.018858615,-0.018879015,-0.018828351,-0.01880521,-0.018888105,-0.018830154,-0.018875767,-0.01891065,-0.018937115,-0.018838946,-0.01889247,-0.018894333,-0.018826816,-0.018902723
2010-07-29,-0.019009072,-0.018874232,-0.018837605,-0.01881108,-0.018975798,-0.018820528,-0.018842626,-0.018878464,-0.01882993,-0.018816222,-0.018888105,-0.018859867,-0.018877838,-0.018890936,-0.01889113,-0.018826548,-0.018905956,-0.018907461,-0.018839184,-0.018901888
2010-07-30,-0.019009072,-0.018879134,-0.018838007,-0.018807817,-0.018966023,-0.018819708,-0.018820304,-0.018879015,-0.018831123,-0.01881041,-0.018887538,-0.018862132,-0.018876452,-0.01888879,-0.018888045,-0.018832032,-0.018907893,-0.018884484,-0.018835489,-0.018894736
2010-08-02,-0.01687074,-0.016741935,-0.016681824,-0.016665015,-0.016830001,-0.01667491,-0.016665492,-0.01674882,-0.016685013,-0.01668005,-0.01675414,-0.016718853,-0.016745348,-0.016759206,-0.016753871,-0.016691346,-0.01672988,-0.016759519,-0.01669154,-0.016767088
2010-08-03,-0.018946279,-0.018876065,-0.018819872,-0.018810544,-0.01898304,-0.018819902,-0.01882108,-0.018887613,-0.018829692,-0.01884276,-0.01888809,-0.018846337,-0.018882979,-0.01890317,-0.018888194,-0.018841822,-0.018867511,-0.018887717,-0.018835653,-0.018903378
2010-08-04,-0.01894385,-0.018878091,-0.01881947,-0.018812854,-0.018989328,-0.018820483,-0.018863577,-0.018884707,-0.018831585,-0.018841196,-0.01888736,-0.01883014,-0.018887345,-0.01891527,-0.018890996,-0.018838767,-0.018866647,-0.01889332,-0.018835548,-0.018908594
2010-08-05,-0.016646687,-0.016516615,-0.0164585,-0.01645464,-0.016633946,-0.016459424,-0.01648723,-0.016530905,-0.016468022,-0.016461197,-0.016534273,-0.016463984,-0.016535822,-0.016536016,-0.016537193,-0.016469095,-0.016518805,-0.016586054,-0.016470943,-0.01655269
2010-08-06,-0.016269717,-0.016243566,-0.016192827,-0.01618332,-0.01636364,-0.016188148,-0.016199637,-0.016258214,-0.01619837,-0.016192246,-0.016260836,-0.016192082,-0.01626264,-0.016265918,-0.016264383,-0.01619758,-0.016235117,-0.016279582,-0.016197894,-0.016280893
2010-08-09,-0.01885352,-0.018873531,-0.018826041,-0.018807504,-0.018989597,-0.018821929,-0.018815089,-0.01889417,-0.018829782,-0.018820334,-0.018889744,-0.018836547,-0.018884126,-0.018903513,-0.018888254,-0.018830735,-0.018874858,-0.018914465,-0.018835235,-0.018902037
2010-08-10,-0.018862624,-0.018875081,-0.018831361,-0.01881351,-0.018997345,-0.01882111,-0.018819291,-0.018889967,-0.018826697,-0.018820021,-0.018888582,-0.018840615,-0.018891905,-0.018922094,-0.018895987,-0.018831063,-0.018869136,-0.018943135,-0.018832091,-0.018920425
2010-08-11,-0.01888575,-0.018883023,-0.018829275,-0.018804882,-0.018986765,-0.018822197,-0.018845294,-0.018872697,-0.018827815,-0.018841404,-0.01888587,-0.018846441,-0.01888496,-0.018894318,-0.01888806,-0.018833268,-0.018869463,-0.018987257,-0.018831927,-0.018903736
2010-08-12,-0.015246798,-0.01526313,-0.015209247,-0.015188043,-0.01536714,-0.015204002,-0.0152096795,-0.015255396,-0.0152098285,-0.015243088,-0.015260537,-0.015212034,-0.015259002,-0.015269195,-0.015261834,-0.015215387,-0.015253742,-0.015353565,-0.015213882,-0.015280058
2010-08-13,-0.019063298,-0.01908623,-0.019031052,-0.019011695,-0.019184802,-0.019025344,-0.01902904,-0.01909395,-0.01903193,-0.019066293,-0.019088764,-0.019026984,-0.019085754,-0.019092325,-0.019086901,-0.019035552,-0.019071955,-0.019130725,-0.01903275,-0.019102845
2010-08-16,-0.01841395,-0.018443692,-0.01839203,-0.01836877,-0.018497456,-0.01838607,-0.01837777,-0.018451322,-0.018392865,-0.018423382,-0.018446315,-0.018389974,-0.018448044,-0.018517438,-0.018448401,-0.018397141,-0.01843414,-0.018499706,-0.01839273,-0.018469427
2010-08-17,-0.018840093,-0.018883605,-0.018825654,-0.01881272,-0.018933002,-0.018819842,-0.01881412,-0.018891547,-0.018826265,-0.018839154,-0.018886361,-0.018820424,-0.018889654,-0.018956263,-0.018887553,-0.018826459,-0.018864904,-0.018932883,-0.018829737,-0.018907566
2010-08-18,-0.01849972,-0.018544186,-0.01848768,-0.018476773,-0.018594284,-0.018484522,-0.018481929,-0.018551994,-0.018488888,-0.018496726,-0.01854572,-0.01849011,-0.018551279,-0.018625308,-0.01855034,-0.018489514,-0.018531818,-0.018593032,-0.018489454,-0.018569458
2010-08-19,-0.024188299,-0.024252329,-0.02419031,-0.024174977,-0.024298433,-0.024187703,-0.0241828,-0.024264295,-0.024189625,-0.024187628,-0.024258334,-0.024188269,-0.024261821,-0.024273548,-0.024261672,-0.024190966,-0.024215762,-0.024265546,-0.024191622,-0.02427714
2010-08-20,-0.024545271,-0.024605531,-0.024540652,-0.024521682,-0.024615575,-0.024536718,-0.024534453,-0.02461641,-0.024537716,-0.024523843,-0.024613235,-0.024540547,-0.02461398,-0.024632592,-0.024612729,-0.024541426,-0.024572495,-0.0246193,-0.024545286,-0.02462763
2010-08-23,-0.019388516,-0.019447137,-0.019385684,-0.019366745,-0.01945329,-0.01937965,-0.019380618,-0.019449312,-0.019382317,-0.019388516,-0.019448567,-0.019384343,-0.019451503,-0.019492436,-0.019450877,-0.01938561,-0.019423965,-0.019455124,-0.019390736,-0.019468356
2010-08-24,-0.018832091,-0.018886615,-0.018828202,-0.018817995,-0.018898103,-0.01882032,-0.018832881,-0.01889572,-0.018822808,-0.018831555,-0.018887896,-0.018829051,-0.018895004,-0.018939663,-0.018894795,-0.018828172,-0.018861238,-0.018892962,-0.018832538,-0.018912006
2010-08-25,-0.018829245,-0.01888578,-0.018827368,-0.018815923,-0.018888671,-0.018820513,-0.018846069,-0.018902455,-0.018825445,-0.018836368,-0.018889192,-0.01883154,-0.018884186,-0.018859077,-0.018886346,-0.01884367,-0.018881354,-0.01889718,-0.01883914,-0.018899117
2010-08-26,-0.017117787,-0.017173681,-0.017111022,-0.017100636,-0.017175991,-0.017105717,-0.01712868,-0.017179046,-0.017113674,-0.017117787,-0.01717459,-0.017113913,-0.017168913,-0.017181102,-0.017174814,-0.01712196,-0.017141614,-0.017183576,-0.017126773,-0.017185811
2010-08-27,-0.018841092,-0.018883858,-0.018824656,-0.018815566,-0.018890712,-0.018821884,-0.018838707,-0.01893263,-0.018825877,-0.018830795,-0.018886123,-0.018828664,-0.018884484,-0.018897284,-0.018888954,-0.018843208,-0.018844817,-0.018893648,-0.01883388,-0.018903155
2010-08-30,-0.017337967,-0.01737355,-0.017321039,-0.017304886,-0.017450903,-0.017317016,-0.017322201,-0.01739538,-0.017322335,-0.01731259,-0.017378945,-0.017323438,-0.017377619,-0.01738191,-0.017380003,-0.017327342,-0.017350439,-0.017384354,-0.017326582,-0.017395664
2010-08-31,-0.018846173,-0.018878747,-0.018827844,-0.01881564,-0.018955026,-0.018822644,-0.018828545,-0.018917505,-0.018829156,-0.018823553,-0.018889058,-0.018834416,-0.018885095,-0.018893663,-0.018886555,-0.018817369,-0.018859286,-0.018898744,-0.018825416,-0.018907148
2010-09-01,-0.018357519,-0.018410016,-0.018349607,-0.018329997,-0.01848546,-0.018342022,-0.018357147,-0.018434782,-0.018347833,-0.018349592,-0.018415872,-0.018356029,-0.018411804,-0.018447105,-0.018414546,-0.01834998,-0.01838221,-0.01842675,-0.018344272,-0.018429268
2010-09-02,-0.018835876,-0.018878508,-0.01882847,-0.018809441,-0.018962774,-0.018822763,-0.018837187,-0.018934462,-0.018827874,-0.018827159,-0.018886749,-0.018832777,-0.018882547,-0.018909056,-0.018886928,-0.018824328,-0.018862668,-0.018895242,-0.018826056,-0.018901814
2010-09-03,-0.01955146,-0.019597162,-0.019547988,-0.01953407,-0.019664902,-0.019542817,-0.019546364,-0.019611035,-0.01954529,-0.019544784,-0.019601632,-0.019550133,-0.01960126,-0.019630242,-0.019604702,-0.01955052,-0.019557897,-0.01960336,-0.019547243,-0.019622434
2010-09-07,-0.018831287,-0.018877316,-0.01882771,-0.018809844,-0.018943835,-0.018824194,-0.018817846,-0.018899713,-0.018821973,-0.018823463,-0.018887866,-0.018827412,-0.018891398,-0.01889849,-0.018893916,-0.018829573,-0.018837813,-0.018883113,-0.018829782,-0.018911008
2010-09-08,-0.01721159,-0.01724111,-0.017191235,-0.017178524,-0.01730888,-0.01718675,-0.01722886,-0.017312516,-0.017187987,-0.017186884,-0.017260093,-0.017194692,-0.0172592,-0.017307092,-0.017261717,-0.017208252,-0.01719122,-0.017257277,-0.01719511,-0.017281014
2010-09-09,-0.01883458,-0.018873278,-0.018827561,-0.018819127,-0.018935982,-0.018823106,-0.01887833,-0.018941645,-0.018824372,-0.01882391,-0.01888572,-0.018829543,-0.01888888,-0.018934388,-0.018890355,-0.01884732,-0.018828858,-0.018881533,-0.018830959,-0.018910144
2010-09-10,-0.018846069,-0.01887976,-0.018827502,-0.01882163,-0.018893976,-0.018825103,-0.01889107,-0.018938262,-0.01882844,-0.018824805,-0.018885065,-0.018828366,-0.018893514,-0.018935103,-0.01889478,-0.01884361,-0.01882394,-0.018893782,-0.018845577,-0.018919084
2010-09-13,-0.01826096,-0.018297974,-0.018247176,-0.018241484,-0.018313084,-0.018244777,-0.018284429,-0.018330757,-0.018245924,-0.018243764,-0.018302683,-0.018247504,-0.018310849,-0.018338341,-0.018313307,-0.01825324,-0.018266473,-0.018305678,-0.018258724,-0.018335048
2010-09-14,-0.018831361,-0.018867675,-0.018827293,-0.01881734,-0.018891979,-0.018824596,-0.018859807,-0.018956397,-0.018828932,-0.018824581,-0.01888499,-0.018828992,-0.01888879,-0.01893792,-0.018891279,-0.018819813,-0.018841315,-0.018891502,-0.018834222,-0.01891357
2010-09-15,-0.019435633,-0.019455735,-0.019422997,-0.0194089,-0.019476954,-0.019421358,-0.01945277,-0.019552562,-0.019422162,-0.019420538,-0.019470189,-0.019424755,-0.01947536,-0.019519452,-0.019477297,-0.019417007,-0.019425962,-0.019480053,-0.01943073,-0.019497667
2010-09-16,-0.018847395,-0.018876407,-0.018825237,-0.018810723,-0.01889411,-0.018822957,-0.018846575,-0.018937666,-0.018824343,-0.018823702,-0.018884603,-0.018825252,-0.018888984,-0.018923316,-0.01889262,-0.018818427,-0.018836726,-0.018895108,-0.018822182,-0.018915135
2010-09-17,-0.017288167,-0.01734588,-0.01728559,-0.017275292,-0.017357934,-0.017281953,-0.017316584,-0.017388616,-0.01728404,-0.017283235,-0.01734506,-0.017286155,-0.017353106,-0.017397556,-0.017355595,-0.017279152,-0.017326701,-0.017353166,-0.017289627,-0.017378721
2010-09-20,-0.017948333,-0.018001575,-0.017949138,-0.017940868,-0.018021349,-0.01794875,-0.017966527,-0.018062714,-0.017948348,-0.017947096,-0.01801001,-0.017949272,-0.01801597,-0.018053923,-0.018018443,-0.01794732,-0.018007193,-0.0180167,-0.017960358,-0.018039111
2010-09-21,-0.018821064,-0.018875394,-0.018824864,-0.01881734,-0.018955428,-0.018820617,-0.018847097,-0.018946353,-0.01882631,-0.018821124,-0.018884886,-0.018824939,-0.018886942,-0.018942092,-0.018888969,-0.018819649,-0.018870655,-0.01889335,-0.018831063,-0.01890758
2010-09-22,-0.012298723,-0.012345483,-0.0123069035,-0.012295668,-0.01243413,-0.01230437,-0.012314876,-0.012384658,-0.012308304,-0.012304221,-0.0123593705,-0.012309496,-0.012362872,-0.012401839,-0.012363245,-0.012307514,-0.012333025,-0.012367179,-0.012318735,-0.012381022
2010-09-23,-0.018824909,-0.018866096,-0.01882403,-0.018817503,-0.018955667,-0.018820856,-0.01883765,-0.018915478,-0.018824983,-0.018818397,-0.018882308,-0.018825475,-0.018888805,-0.01896951,-0.018890325,-0.018834922,-0.018837173,-0.01889794,-0.01883747,-0.018910337
2010-09-24,-0.017497975,-0.017598737,-0.017494638,-0.017484505,-0.017630804,-0.017490733,-0.017502163,-0.017581347,-0.017493684,-0.017491255,-0.017548982,-0.017501224,-0.017557014,-0.017593358,-0.01755907,-0.017502908,-0.017513636,-0.017564137,-0.017507661,-0.017575461
2010-09-27,-0.01882783,-0.018932465,-0.018823806,-0.018818844,-0.019008044,-0.018823776,-0.018830825,-0.018886555,-0.018825162,-0.018821765,-0.018884707,-0.018825565,-0.018887226,-0.018922437,-0.018888835,-0.018824566,-0.018866543,-0.018889893,-0.0188344,-0.018905554
2010-09-28,-0.018829886,-0.018940974,-0.018821929,-0.018823449,-0.018944312,-0.018823002,-0.018867407,-0.018872384,-0.018825788,-0.018819828,-0.018885393,-0.018822793,-0.018886942,-0.018936414,-0.01888894,-0.01882403,-0.018878285,-0.01889417,-0.018830452,-0.018909652
2010-09-29,-0.01883452,-0.018936459,-0.018822137,-0.018822882,-0.018990804,-0.01882327,-0.018866036,-0.018858645,-0.018829305,-0.018822048,-0.018887121,-0.018823717,-0.018886048,-0.018954728,-0.018889029,-0.018823449,-0.018881295,-0.018902365,-0.018833328,-0.018906388
2010-09-30,-0.025532637,-0.025695462,-0.025522519,-0.025530446,-0.025703225,-0.025525738,-0.025579665,-0.025585655,-0.025529314,-0.025523502,-0.025602657,-0.025524769,-0.025603909,-0.025654946,-0.025603447,-0.025527004,-0.02554733,-0.025610927,-0.025533382,-0.025623057
2010-10-01,-0.018826175,-0.018992383,-0.01881731,-0.01882239,-0.018992577,-0.018819977,-0.018862609,-0.018904317,-0.01882701,-0.01882017,-0.018886406,-0.01882464,-0.01889043,-0.018937383,-0.018888403,-0.018830005,-0.018821184,-0.018890534,-0.018833566,-0.018905032
2010-10-04,-0.01763222,-0.017751027,-0.017623726,-0.017630953,-0.017658088,-0.017627526,-0.017663006,-0.017672349,-0.017637242,-0.017627452,-0.017697591,-0.017631132,-0.01770233,-0.017759342,-0.017701212,-0.017641578,-0.017623309,-0.01770619,-0.017646063,-0.017721746
2010-10-05,-0.018841047,-0.018936504,-0.018816862,-0.018823449,-0.018868823,-0.018822763,-0.018867541,-0.01886927,-0.0188247,-0.01882178,-0.018884975,-0.018822331,-0.01888952,-0.01894537,-0.018890146,-0.018825997,-0.018820588,-0.01889113,-0.018839318,-0.018911008
2010-10-06,-0.018826265,-0.01892962,-0.018817503,-0.018822242,-0.018856186,-0.018823016,-0.01887073,-0.01886547,-0.01882239,-0.018819798,-0.018882487,-0.018820379,-0.018886093,-0.018918265,-0.018888343,-0.018828947,-0.01883753,-0.0188866,-0.01884799,-0.018905435
2010-10-07,-0.018822718,-0.018929292,-0.018817473,-0.018828515,-0.018854637,-0.01882312,-0.018876377,-0.018895645,-0.018822882,-0.01881959,-0.018884469,-0.018828336,-0.018887717,-0.01894069,-0.0188911,-0.018829588,-0.018830497,-0.018887136,-0.01885118,-0.018911842
2010-10-08,-0.016986731,-0.017057467,-0.016984466,-0.016992245,-0.017016176,-0.016985554,-0.017029826,-0.0170617,-0.01698767,-0.016979966,-0.017055336,-0.016989786,-0.017060075,-0.01711953,-0.017061744,-0.01699591,-0.016994197,-0.017050717,-0.01701868,-0.017084453
2010-10-11,-0.019200448,-0.019276325,-0.019207079,-0.019216258,-0.019232396,-0.019209731,-0.019241545,-0.019272897,-0.019210327,-0.019202057,-0.019266356,-0.019212533,-0.019275118,-0.019308422,-0.019278873,-0.019217107,-0.019216124,-0.019264195,-0.019227851,-0.019298617
2010-10-12,-0.018821571,-0.018891219,-0.018818054,-0.018831376,-0.018839527,-0.018820781,-0.018872354,-0.01888122,-0.018817026,-0.018812735,-0.018879984,-0.018825073,-0.01889101,-0.018935699,-0.018888105,-0.01882388,-0.018824834,-0.018883485,-0.018836368,-0.018920738
2010-10-13,-0.017736007,-0.01780032,-0.017733444,-0.017738465,-0.017748509,-0.017736066,-0.017766435,-0.017793093,-0.01772866,-0.017727021,-0.017789695,-0.01773468,-0.017802808,-0.017844457,-0.01779807,-0.017747257,-0.017746914,-0.017797891,-0.01776873,-0.01782604
2010-10-14,-0.016775299,-0.01683775,-0.016771767,-0.016774256,-0.016782377,-0.016774584,-0.016810793,-0.01683316,-0.01677065,-0.016764972,-0.016829897,-0.01677521,-0.01683857,-0.016882319,-0.016839284,-0.016789902,-0.016783703,-0.016835619,-0.016812582,-0.016861144
2010-10-15,-0.01876733,-0.018832121,-0.018765274,-0.018768225,-0.018775392,-0.018766839,-0.018804062,-0.018824596,-0.018763606,-0.018806089,-0.018823508,-0.018768717,-0.018827904,-0.018827427,-0.018832598,-0.01876909,-0.018774737,-0.018821646,-0.018810768,-0.018854473
2010-10-18,-0.018778,-0.018833581,-0.018779743,-0.01877277,-0.018788997,-0.018777777,-0.018796314,-0.01882993,-0.018775824,-0.018846754,-0.01884194,-0.018782947,-0.018850286,-0.018870343,-0.018846277,-0.018803556,-0.01878338,-0.018852387,-0.018826026,-0.018928293
2010-10-19,-0.018829737,-0.018863846,-0.018828217,-0.018823061,-0.018842313,-0.018826548,-0.018869031,-0.018867765,-0.018819857,-0.01890545,-0.018885065,-0.018835444,-0.0188932,-0.018908147,-0.018888671,-0.01883592,-0.01883306,-0.018882591,-0.018861119,-0.01897401
2010-10-20,-0.017714415,-0.0177144,-0.017674763,-0.01766539,-0.017688591,-0.017673824,-0.017691154,-0.017708872,-0.017667297,-0.017740954,-0.017732192,-0.017681602,-0.017735902,-0.017746005,-0.017729346,-0.017690126,-0.017680172,-0.017735127,-0.017703686,-0.017818201
2010-10-21,-0.018950436,-0.018939886,-0.01889572,-0.018889848,-0.018906731,-0.018895317,-0.018921588,-0.018929739,-0.018892426,-0.018930364,-0.018950824,-0.018906359,-0.018953566,-0.018996645,-0.018938083,-0.018908445,-0.01890232,-0.018950958,-0.018928979,-0.01904266
2010-10-22,-0.018634517,-0.018607084,-0.018574808,-0.018567909,-0.018592898,-0.018571887,-0.018619139,-0.018629733,-0.018569369,-0.018617708,-0.018637914,-0.01858269,-0.018640239,-0.018668953,-0.01862738,-0.018568281,-0.018578101,-0.018651623,-0.018587235,-0.01876359
2010-10-25,-0.016635899,-0.016621713,-0.016597915,-0.01659334,-0.016628373,-0.016596485,-0.01665615,-0.01666436,-0.016591895,-0.016620014,-0.016664628,-0.016604308,-0.016673002,-0.016675625,-0.016657133,-0.01659793,-0.016715247,-0.016663928,-0.016606364,-0.0167978
2010-10-26,-0.01884972,-0.018848408,-0.018823225,-0.018817041,-0.018847737,-0.01882321,-0.018889714,-0.018887538,-0.018818442,-0.018836278,-0.01888268,-0.018831182,-0.018931467,-0.018892396,-0.018883172,-0.01882023,-0.01896255,-0.018883128,-0.018827606,-0.019014258
2010-10-27,-0.017847631,-0.01786675,-0.017832417,-0.017832253,-0.017854143,-0.01783033,-0.01789898,-0.017898683,-0.01782674,-0.017853294,-0.017897937,-0.017854411,-0.017944012,-0.01795115,-0.017879132,-0.017833937,-0.017983396,-0.017896507,-0.017850522,-0.018027205
2010-10-28,-0.016268868,-0.016311917,-0.016262297,-0.016265307,-0.016285244,-0.016262162,-0.016310949,-0.016314093,-0.016259182,-0.016278122,-0.016328458,-0.016278315,-0.016360391,-0.016367275,-0.016290475,-0.016265351,-0.016419936,-0.016325194,-0.016313825,-0.016454551
2010-10-29,-0.017900575,-0.017940957,-0.01789147,-0.017895032,-0.01790515,-0.017890755,-0.017924983,-0.017926816,-0.017887343,-0.017911527,-0.017953027,-0.017904479,-0.01798356,-0.017989699,-0.017924953,-0.017899338,-0.017960627,-0.017945308,-0.017948035,-0.018077303
2010-11-01,-0.017012734,-0.017038379,-0.016990323,-0.016994167,-0.01699983,-0.01698779,-0.017017517,-0.017020453,-0.016983274,-0.017022464,-0.0170434,-0.017003212,-0.017120142,-0.017091159,-0.01702996,-0.016998935,-0.01714367,-0.01703601,-0.017020885,-0.017179165
2010-11-02,-0.01726826,-0.017316181,-0.017273922,-0.01726358,-0.017292667,-0.017270464,-0.017291803,-0.017306376,-0.017265562,-0.017304692,-0.017330412,-0.017283846,-0.017391209,-0.017377634,-0.017302666,-0.017283905,-0.017332051,-0.017318327,-0.017295245,-0.017457638
2010-11-03,-0.012968724,-0.01307105,-0.013025929,-0.013017957,-0.013063361,-0.013022174,-0.013086026,-0.013064568,-0.01301827,-0.013039594,-0.013083865,-0.013040577,-0.01314572,-0.013141249,-0.013049935,-0.013034184,-0.013065998,-0.013070573,-0.0130343335,-0.0132117765
2010-11-04,-0.01611239,-0.01615246,-0.016108442,-0.016092885,-0.01613893,-0.016104762,-0.016138602,-0.016145099,-0.016099323,-0.016121496,-0.016168077,-0.016116593,-0.016206685,-0.016206834,-0.016091723,-0.016115565,-0.016114745,-0.016153667,-0.016114224,-0.016293202
2010-11-05,-0.017603088,-0.017644841,-0.017590512,-0.017574374,-0.01761629,-0.017588858,-0.01760346,-0.017630074,-0.017582674,-0.01759218,-0.017657507,-0.017600585,-0.017681409,-0.017684523,-0.017585162,-0.017625783,-0.01762024,-0.017642234,-0.017605428,-0.017776478
2010-11-08,-0.018130634,-0.01816227,-0.018115927,-0.018102948,-0.01813868,-0.01811399,-0.01815239,-0.018161777,-0.018108983,-0.018133257,-0.018176977,-0.01811855,-0.018198315,-0.018204708,-0.0181101,-0.0181478,-0.018117119,-0.018162522,-0.018120933,-0.01830535
2010-11-09,-0.019027237,-0.019053329,-0.019008134,-0.018991608,-0.019022707,-0.019006941,-0.019077513,-0.019051615,-0.018999193,-0.019017566,-0.019066457,-0.019013155,-0.019127522,-0.019114498,-0.019032184,-0.019031886,-0.019018922,-0.019054685,-0.019022796,-0.019195337
2010-11-10,-0.016947094,-0.01698682,-0.016937036,-0.016923059,-0.016971443,-0.016932923,-0.016960401,-0.016980577,-0.01693033,-0.016946856,-0.017000098,-0.016947616,-0.017025772,-0.017018367,-0.016955037,-0.016960997,-0.016948719,-0.016988087,-0.016953174,-0.017126445
2010-11-11,-0.0148513215,-0.014872407,-0.014825587,-0.014809941,-0.014849876,-0.014821251,-0.014846911,-0.014866625,-0.014816989,-0.014857729,-0.014884745,-0.014833276,-0.014902775,-0.01490431,-0.014863511,-0.01483426,-0.014830266,-0.014874672,-0.014846404,-0.015013923
2010-11-12,-0.015268524,-0.015288417,-0.015250419,-0.015232225,-0.015265723,-0.015237619,-0.015279044,-0.015278433,-0.015239959,-0.015266766,-0.015288879,-0.015257587,-0.0153200375,-0.01532798,-0.01529329,-0.01525185,-0.015349899,-0.015281861,-0.015277763,-0.015434538
2010-11-15,-0.01766475,-0.017703716,-0.017652113,-0.017623667,-0.017669637,-0.017631713,-0.01767357,-0.017693032,-0.017639298,-0.017666597,-0.017710019,-0.017658953,-0.017745826,-0.01773401,-0.017701332,-0.017659549,-0.017670918,-0.017703537,-0.017684389,-0.017835025
2010-11-16,-0.018864442,-0.018874113,-0.018829528,-0.018814955,-0.018849988,-0.018788118,-0.01884595,-0.018873174,-0.018814985,-0.018835742,-0.01888891,-0.01883215,-0.018906925,-0.01890314,-0.01889104,-0.018839125,-0.018827517,-0.018882576,-0.018856619,-0.019014616
2010-11-17,-0.016323376,-0.016337339,-0.016290653,-0.016268928,-0.016317327,-0.016261775,-0.016288985,-0.016327325,-0.016278777,-0.016289908,-0.016349737,-0.016297568,-0.016348932,-0.016357306,-0.016310725,-0.016299207,-0.016289148,-0.016339619,-0.016307998,-0.016474623
2010-11-18,-0.015536641,-0.015574892,-0.015514706,-0.015499358,-0.015549068,-0.015481194,-0.015533661,-0.015547936,-0.015505214,-0.015538712,-0.015578021,-0.015521561,-0.015566622,-0.0156024145,-0.015505751,-0.015534376,-0.015537341,-0.015561764,-0.0155353,-0.015704785
2010-11-19,-0.01743761,-0.017481301,-0.017414156,-0.017395172,-0.017433498,-0.017401326,-0.017436106,-0.017428506,-0.017407317,-0.017452303,-0.017475206,-0.017421026,-0.017471392,-0.017483387,-0.01736172,-0.017423395,-0.017523367,-0.017451275,-0.017422784,-0.017600913
2010-11-22,-0.017281685,-0.017313544,-0.017256636,-0.017239157,-0.017266367,-0.017248679,-0.017285917,-0.017275233,-0.017250229,-0.017302576,-0.017314855,-0.017267022,-0.017327923,-0.017331216,-0.017257724,-0.017263044,-0.017282758,-0.017287184,-0.017273832,-0.01744524
2010-11-23,-0.016617794,-0.016648728,-0.016579602,-0.016553227,-0.01659346,-0.016574148,-0.016604397,-0.01660261,-0.01657166,-0.016597006,-0.016645987,-0.016587395,-0.016651604,-0.016611923,-0.016568054,-0.016595606,-0.016697202,-0.016619358,-0.01660088,-0.01677129
2010-11-24,-0.018174145,-0.01820666,-0.018137235,-0.018106122,-0.018147442,-0.018133748,-0.018145878,-0.018170867,-0.018129442,-0.018117327,-0.018207122,-0.018145923,-0.018221129,-0.018174056,-0.01812208,-0.018150616,-0.018273804,-0.018185426,-0.018157322,-0.018323634
2010-11-26,-0.017005105,-0.017051522,-0.016978387,-0.016959075,-0.01699232,-0.016978417,-0.017004076,-0.017010514,-0.016969386,-0.016955618,-0.017047245,-0.01698554,-0.017053965,-0.017001975,-0.01699536,-0.016994182,-0.017150525,-0.01703297,-0.017014612,-0.017172802
2010-11-29,-0.019763622,-0.019804452,-0.019740928,-0.01972339,-0.019747723,-0.019737814,-0.019779164,-0.01977456,-0.019734133,-0.019705955,-0.019807,-0.019750405,-0.019822199,-0.019761536,-0.019769091,-0.019762132,-0.019884635,-0.019790832,-0.01978669,-0.01993126
2010-11-30,-0.018843565,-0.018896509,-0.018824372,-0.018815015,-0.018831212,-0.01882336,-0.018837456,-0.018847246,-0.01881643,-0.018837232,-0.018885601,-0.018832255,-0.018888105,-0.018847752,-0.018842865,-0.018859494,-0.018993799,-0.018868897,-0.018879134,-0.01900946
2010-12-01,-0.015970174,-0.016035963,-0.015973318,-0.015966315,-0.015976865,-0.01596995,-0.015986163,-0.015985224,-0.01596484,-0.015962843,-0.016027544,-0.015985299,-0.016032446,-0.015993599,-0.015988637,-0.016004223,-0.016139273,-0.016015936,-0.016032059,-0.016102258
2010-12-02,-0.0188444,-0.018899146,-0.018823449,-0.018814985,-0.018830124,-0.018819634,-0.018824983,-0.01884139,-0.018812556,-0.018799905,-0.01888362,-0.018834699,-0.01888499,-0.01885179,-0.018855873,-0.018852431,-0.019000817,-0.01887611,-0.01888122,-0.018940944
2010-12-03,-0.018842462,-0.018889476,-0.018822778,-0.018814418,-0.018848587,-0.018818486,-0.01884206,-0.018845055,-0.01881114,-0.018830154,-0.018884812,-0.018833611,-0.018885512,-0.01887678,-0.01883139,-0.018840853,-0.018996272,-0.018879805,-0.018878374,-0.018938784
2010-12-06,-0.017905686,-0.017956425,-0.017892066,-0.017888982,-0.017908428,-0.017887909,-0.017930899,-0.017917726,-0.017881501,-0.017886389,-0.017944146,-0.017903034,-0.017947603,-0.017950896,-0.017911348,-0.01791485,-0.018070195,-0.01793668,-0.017937157,-0.018016163
2010-12-07,-0.018843014,-0.01889259,-0.018826414,-0.01882689,-0.018851746,-0.01882181,-0.01890092,-0.018858168,-0.018815074,-0.018824968,-0.018884722,-0.018833283,-0.018879998,-0.018877912,-0.018856097,-0.018871475,-0.01900347,-0.018873993,-0.018870313,-0.018921245
2010-12-08,-0.017184515,-0.017251406,-0.017178778,-0.017170046,-0.017196331,-0.01717541,-0.017215405,-0.017227981,-0.01717006,-0.017183442,-0.017244507,-0.017189134,-0.017239649,-0.017248664,-0.017220203,-0.017220397,-0.017247725,-0.01723333,-0.017227639,-0.017263819
2010-12-09,-0.015468706,-0.015498911,-0.015439128,-0.015427758,-0.0154447155,-0.015435149,-0.015452658,-0.015476559,-0.015430381,-0.015456681,-0.015497734,-0.015451689,-0.0155009525,-0.015508448,-0.015487601,-0.015475859,-0.015481775,-0.015482952,-0.015485977,-0.015535359
2010-12-10,-0.018836547,-0.018890772,-0.01882917,-0.018815357,-0.018847454,-0.018824015,-0.018840525,-0.018871207,-0.018818382,-0.01884665,-0.018880669,-0.018839587,-0.018890206,-0.018895809,-0.0188731,-0.018855352,-0.018860508,-0.018872533,-0.018873248,-0.018926162
2010-12-13,-0.016845826,-0.016884793,-0.016818304,-0.016801525,-0.016835902,-0.016813759,-0.016824204,-0.016862545,-0.016808692,-0.016840357,-0.016877312,-0.016831655,-0.01688588,-0.016889099,-0.016865361,-0.016850937,-0.016844396,-0.016867403,-0.016865287,-0.01691686
2010-12-14,-0.018784065,-0.018891875,-0.018828291,-0.018813793,-0.018848184,-0.018823791,-0.018841837,-0.018870238,-0.018819083,-0.018844534,-0.01888116,-0.018837515,-0.018888522,-0.018897984,-0.018845636,-0.018869568,-0.01883075,-0.018873546,-0.018868912,-0.018910412
2010-12-15,-0.018727321,-0.018884856,-0.018829335,-0.01881333,-0.018850807,-0.018824507,-0.018874485,-0.01887152,-0.0188195,-0.018847067,-0.018881623,-0.018854413,-0.018886227,-0.018863056,-0.018821213,-0.018852953,-0.018831346,-0.018874545,-0.018859182,-0.01891372
2010-12-16,-0.016820643,-0.01693726,-0.016886447,-0.016876701,-0.016900677,-0.016879622,-0.016909335,-0.016927931,-0.016874138,-0.01688831,-0.016941179,-0.016922507,-0.016952995,-0.01694179,-0.016903136,-0.016904805,-0.01688293,-0.0169327,-0.016897816,-0.01702999
2010-12-17,-0.01628517,-0.016401697,-0.016356084,-0.016344283,-0.016373608,-0.016351689,-0.016363133,-0.01638906,-0.016345609,-0.016368765,-0.016406003,-0.016374309,-0.016412083,-0.01641247,-0.01637267,-0.016376097,-0.01635525,-0.016401175,-0.016355027,-0.016498256
2010-12-20,-0.016825024,-0.016883317,-0.01682264,-0.016813997,-0.0168777,-0.016816858,-0.016835142,-0.016861457,-0.016813237,-0.016828496,-0.016895134,-0.016849551,-0.01690266,-0.016865078,-0.016843919,-0.016850088,-0.016824204,-0.016882975,-0.016850967,-0.016982574
2010-12-21,-0.01878408,-0.018870879,-0.018826488,-0.018821258,-0.01888268,-0.018824298,-0.018834759,-0.018841464,-0.018815327,-0.018801678,-0.018884543,-0.018823002,-0.01888946,-0.01887161,-0.018835086,-0.018843506,-0.018826772,-0.01887906,-0.018866424,-0.018977363
2010-12-22,-0.018816564,-0.018871684,-0.018825654,-0.018820334,-0.018849451,-0.018824223,-0.018846769,-0.01885638,-0.01881655,-0.018818874,-0.018883724,-0.018823955,-0.01889645,-0.01886252,-0.018926281,-0.018862952,-0.018828291,-0.018876124,-0.018846218,-0.019013766
2010-12-23,-0.01882008,-0.018881414,-0.01882622,-0.018821884,-0.01884431,-0.018824447,-0.018881116,-0.018868212,-0.01881801,-0.018828977,-0.018881608,-0.018841747,-0.018893424,-0.01886167,-0.018953238,-0.018845785,-0.018830586,-0.018878195,-0.018841553,-0.018958706
2010-12-27,-0.015271296,-0.015417923,-0.015370925,-0.015377645,-0.0153770195,-0.015368049,-0.015416061,-0.015412022,-0.015362074,-0.015373831,-0.015418251,-0.015376751,-0.015425433,-0.015391876,-0.015511726,-0.015387748,-0.015375619,-0.0154193835,-0.015369062,-0.015435477
2010-12-28,-0.018764753,-0.0188828,-0.018829156,-0.018830571,-0.01885571,-0.018825073,-0.018840346,-0.018882636,-0.01881795,-0.018833999,-0.018883366,-0.018842433,-0.018886287,-0.01883461,-0.018980253,-0.018862505,-0.018833298,-0.01888213,-0.018824521,-0.018879194
2010-12-29,-0.0171482,-0.017225716,-0.0171783,-0.01717626,-0.017195422,-0.017176975,-0.017215554,-0.017214645,-0.017172862,-0.017182503,-0.017229754,-0.0171921,-0.017223809,-0.017197255,-0.017358605,-0.017182756,-0.017180566,-0.017224137,-0.01719207,-0.017210964
2010-12-30,-0.02067988,-0.020733062,-0.020692516,-0.02069727,-0.020702157,-0.020691652,-0.02071083,-0.020731647,-0.02068596,-0.020682473,-0.020727549,-0.020693813,-0.02074382,-0.020694572,-0.02087124,-0.020720799,-0.020689119,-0.020731304,-0.020707462,-0.020711038
2010-12-31,-0.01886009,-0.018889267,-0.018827427,-0.018818755,-0.018836785,-0.01882485,-0.018833298,-0.018869031,-0.018826399,-0.01883744,-0.018882636,-0.01883817,-0.018891651,-0.01885778,-0.019008536,-0.018836606,-0.018833403,-0.018884156,-0.01883984,-0.018860627
2011-01-03,-0.010983785,-0.011010622,-0.010957931,-0.010948201,-0.010966157,-0.010952105,-0.0109608965,-0.010997851,-0.010952969,-0.010981937,-0.011006271,-0.010972981,-0.0110157775,-0.010972281,-0.011136268,-0.010957082,-0.010963236,-0.011007984,-0.010969837,-0.011000712
2011-01-04,-0.018850569,-0.018875603,-0.018827755,-0.018819679,-0.018840525,-0.01882318,-0.01883233,-0.01887599,-0.01882771,-0.018822659,-0.018882904,-0.018840674,-0.01889098,-0.01884896,-0.019008938,-0.018832851,-0.018832881,-0.018882591,-0.018835444,-0.018957857
2011-01-05,-0.024102498,-0.024135012,-0.024087865,-0.024081532,-0.02411865,-0.024084914,-0.024107594,-0.024120245,-0.024091337,-0.02409302,-0.024135862,-0.024098758,-0.02414972,-0.024136994,-0.024268556,-0.02407584,-0.024105359,-0.024138007,-0.024082456,-0.024223361
2011-01-06,-0.018823642,-0.01888505,-0.018825833,-0.018826846,-0.0188541,-0.018823508,-0.018881027,-0.018867958,-0.018826906,-0.018841747,-0.01888806,-0.018830214,-0.018889103,-0.018849645,-0.019009043,-0.018837336,-0.018847752,-0.018882547,-0.018827308,-0.018979032
2011-01-07,-0.024254475,-0.024323124,-0.024257172,-0.024252657,-0.02427182,-0.024252582,-0.024280522,-0.024285842,-0.024257857,-0.024296317,-0.024324987,-0.024256486,-0.024320934,-0.024299566,-0.024438504,-0.024272252,-0.02427033,-0.024313856,-0.024265978,-0.02440973
2011-01-10,-0.016564224,-0.016636629,-0.016572509,-0.016561557,-0.016586963,-0.016565863,-0.016603295,-0.016612593,-0.016573254,-0.016597558,-0.016641188,-0.016577546,-0.016634751,-0.016634334,-0.016754884,-0.016584475,-0.016577471,-0.016637046,-0.01657768,-0.016753662
2011-01-11,-0.018829975,-0.018888596,-0.018831227,-0.018818934,-0.01883905,-0.01882178,-0.018851284,-0.018877465,-0.018828038,-0.018830825,-0.018893559,-0.018835831,-0.01889247,-0.018878985,-0.019009057,-0.018838588,-0.018825773,-0.01889043,-0.018832464,-0.01901615
2011-01-12,-0.018327001,-0.018381614,-0.018322814,-0.018314335,-0.01833256,-0.018315557,-0.01835281,-0.018367667,-0.018321741,-0.018317271,-0.018387202,-0.01832809,-0.018389735,-0.018381003,-0.018506128,-0.018324245,-0.018324394,-0.018388916,-0.018323768,-0.01851051
2011-01-13,-0.01856381,-0.018611018,-0.018557448,-0.018547092,-0.018578995,-0.018554155,-0.018596236,-0.01860604,-0.018554766,-0.01858953,-0.018623102,-0.018561099,-0.018618498,-0.018581081,-0.01874112,-0.018587504,-0.018573094,-0.018618051,-0.01855703,-0.018740136
2011-01-14,-0.015085359,-0.015141194,-0.015081917,-0.015074392,-0.015089308,-0.01507995,-0.015107845,-0.015129526,-0.015076895,-0.015084554,-0.015155991,-0.0150912,-0.015151893,-0.0151159065,-0.015268897,-0.015124609,-0.015086164,-0.015148272,-0.015107562,-0.0152763175
2011-01-18,-0.01977453,-0.019825224,-0.019769255,-0.019762728,-0.019781161,-0.019769404,-0.019785214,-0.01980682,-0.019762624,-0.019812498,-0.019831438,-0.019777182,-0.019828517,-0.019795079,-0.019955207,-0.019815434,-0.019771714,-0.019821484,-0.019788537,-0.019954149
2011-01-19,-0.01882713,-0.018890072,-0.018822122,-0.018817384,-0.018844847,-0.018821541,-0.018840078,-0.018868942,-0.018821154,-0.018837709,-0.018889192,-0.018838678,-0.018892307,-0.018839214,-0.019009043,-0.018864606,-0.018831376,-0.018888,-0.018843148,-0.019007627
2011-01-20,-0.016914953,-0.016949702,-0.016866777,-0.016857926,-0.016889308,-0.01686569,-0.016883958,-0.016925085,-0.01687475,-0.016884107,-0.01694173,-0.016880933,-0.016943041,-0.016900558,-0.01693334,-0.016909678,-0.016872067,-0.016936768,-0.016873974,-0.01705936
2011-01-21,-0.018852789,-0.01889183,-0.018823687,-0.01881573,-0.018849347,-0.018824074,-0.01883744,-0.018879239,-0.018821526,-0.018866662,-0.018890027,-0.018830273,-0.018884677,-0.01887137,-0.0188655,-0.018868003,-0.018832762,-0.018883917,-0.018825237,-0.019005585
2011-01-24,-0.018841702,-0.018893797,-0.01882181,-0.018817458,-0.018842254,-0.018821586,-0.018831927,-0.018874291,-0.018932972,-0.018866349,-0.018891353,-0.018828187,-0.018884797,-0.01888511,-0.01896805,-0.018870655,-0.018826876,-0.018887285,-0.018831465,-0.018957544
2011-01-25,-0.01883984,-0.018892337,-0.01882236,-0.018817667,-0.018837336,-0.01882084,-0.0188254,-0.018870536,-0.018959973,-0.018855724,-0.018887881,-0.018822927,-0.018885601,-0.018895064,-0.018990476,-0.018882755,-0.01882412,-0.018891726,-0.01882543,-0.019005332
2011-01-26,-0.019668985,-0.01973385,-0.01966383,-0.019661907,-0.01967654,-0.019661594,-0.01967429,-0.019698683,-0.019810546,-0.01968402,-0.0197271,-0.01966745,-0.019724492,-0.019740958,-0.019815225,-0.019708965,-0.01966085,-0.019734416,-0.019671608,-0.019852612
2011-01-27,-0.018837277,-0.018896524,-0.018818323,-0.018813256,-0.01882862,-0.01881786,-0.01882251,-0.018862743,-0.018978748,-0.018829573,-0.018891696,-0.01883446,-0.01887891,-0.01889323,-0.018979866,-0.018869508,-0.018819723,-0.018887196,-0.018836472,-0.019012753
2011-01-28,-0.0188309,-0.018873412,-0.018821914,-0.018814627,-0.018835235,-0.018820439,-0.018845398,-0.018866438,-0.018930886,-0.01885857,-0.01889478,-0.01883008,-0.018884514,-0.01890688,-0.019006941,-0.018866781,-0.018813837,-0.018890206,-0.018838365,-0.018981908
2011-01-31,-0.018990535,-0.019036267,-0.01898541,-0.018975783,-0.018997703,-0.018985365,-0.018989075,-0.019028995,-0.019111414,-0.01904272,-0.01905315,-0.018994186,-0.019047294,-0.019049097,-0.01917084,-0.019013215,-0.018979732,-0.019047115,-0.019013856,-0.01917464
2011-02-01,-0.01883309,-0.01888347,-0.018822167,-0.01881579,-0.018839557,-0.018820647,-0.018837754,-0.01887158,-0.018916909,-0.018854816,-0.018898819,-0.018835146,-0.018895034,-0.018903289,-0.019008342,-0.018862877,-0.018819902,-0.018893186,-0.018847916,-0.01901633
2011-02-02,-0.018838454,-0.018889505,-0.018825877,-0.018815849,-0.018833164,-0.018822033,-0.018863875,-0.018866438,-0.018915359,-0.018841345,-0.018893275,-0.018829022,-0.018879864,-0.018899892,-0.01900268,-0.018863741,-0.018822122,-0.018882696,-0.018840868,-0.019011784
2011-02-03,-0.018865142,-0.018896032,-0.01882543,-0.01881272,-0.0188368,-0.01882181,-0.018854547,-0.018865202,-0.018868495,-0.018827472,-0.018892545,-0.018832419,-0.01888417,-0.01891518,-0.018998865,-0.018861864,-0.018820468,-0.01888058,-0.018850032,-0.019015167
2011-02-04,-0.018851537,-0.01888812,-0.018827144,-0.018811468,-0.01882765,-0.018820781,-0.018855084,-0.01886985,-0.018865038,-0.018815342,-0.018891755,-0.018834565,-0.01889116,-0.018912245,-0.019000147,-0.018868003,-0.018825192,-0.018874872,-0.018841524,-0.019016463
2011-02-07,-0.018834878,-0.01889104,-0.018827353,-0.01881047,-0.018824551,-0.01882096,-0.01884285,-0.018877152,-0.018865082,-0.018826012,-0.018894259,-0.018830363,-0.018899206,-0.018908326,-0.019002754,-0.018863875,-0.018826444,-0.0188752,-0.018847931,-0.019017223
2011-02-08,-0.018827531,-0.018896062,-0.018824909,-0.01880959,-0.018827397,-0.018820558,-0.0188624,-0.018875796,-0.018855546,-0.018822212,-0.018887717,-0.018830556,-0.018886495,-0.018936817,-0.019000087,-0.018867452,-0.018825088,-0.018876437,-0.018836278,-0.019015212
2011-02-09,-0.017130557,-0.017209593,-0.017142985,-0.01713084,-0.017148126,-0.017138902,-0.017183457,-0.017187972,-0.017216746,-0.017147664,-0.017202172,-0.017146442,-0.017204378,-0.017247368,-0.017315928,-0.017183486,-0.017139215,-0.017195094,-0.017148573,-0.017333586
2011-02-10,-0.018828604,-0.01889423,-0.018821854,-0.018812556,-0.018833388,-0.018818233,-0.018864546,-0.018861432,-0.018950868,-0.018834326,-0.01888797,-0.018824372,-0.018885259,-0.01892795,-0.019000728,-0.018838543,-0.01882023,-0.01888587,-0.018861908,-0.019014124
2011-02-11,-0.02192882,-0.02199899,-0.021915708,-0.021908108,-0.021925244,-0.021913264,-0.021936927,-0.02195609,-0.0219062,-0.021923635,-0.021985415,-0.021920342,-0.021984968,-0.022009198,-0.022096518,-0.02193885,-0.02192578,-0.021981228,-0.021943126,-0.02210692
2011-02-14,-0.016609404,-0.01668379,-0.016597096,-0.016590465,-0.016611699,-0.016593862,-0.016617749,-0.016641904,-0.016530413,-0.016604308,-0.016663197,-0.016603503,-0.016657282,-0.016699139,-0.01677439,-0.016607616,-0.016629491,-0.016656239,-0.016617838,-0.016788293
2011-02-15,-0.01884133,-0.01890004,-0.01882461,-0.01881634,-0.018830393,-0.018819842,-0.018874247,-0.01886991,-0.018771056,-0.018830348,-0.018883798,-0.01883154,-0.018881965,-0.018899161,-0.018999163,-0.018838648,-0.018837038,-0.018876467,-0.018843148,-0.01901764
2011-02-16,-0.018842343,-0.018908251,-0.018825207,-0.018815313,-0.01883689,-0.018819753,-0.018892143,-0.018867124,-0.018804628,-0.018832047,-0.01888505,-0.01883373,-0.018882591,-0.018881876,-0.018999938,-0.018836025,-0.018844087,-0.018879522,-0.018828664,-0.019014556
2011-02-17,-0.018835966,-0.018913437,-0.01882394,-0.01881871,-0.018840361,-0.01882014,-0.018875737,-0.01886845,-0.018778045,-0.018816743,-0.018881325,-0.01883072,-0.01887757,-0.01885568,-0.018998448,-0.018825147,-0.01883446,-0.018881459,-0.01884057,-0.019011129
2011-02-18,-0.01883595,-0.018907804,-0.018825237,-0.018931348,-0.018831063,-0.018819857,-0.018877316,-0.018867064,-0.01882394,-0.018814836,-0.018886063,-0.018829722,-0.018821616,-0.018870804,-0.018998,-0.01884145,-0.018821482,-0.018872146,-0.018868122,-0.019015092
2011-02-22,-0.02584583,-0.025913347,-0.025834788,-0.025873069,-0.02584875,-0.02583203,-0.025872368,-0.025876004,-0.02594285,-0.025798995,-0.025905523,-0.025842894,-0.02581932,-0.025849257,-0.02598733,-0.025834713,-0.02583893,-0.025878582,-0.025891561,-0.02596334
2011-02-23,-0.018827904,-0.018906314,-0.01882552,-0.018828321,-0.01883379,-0.018820424,-0.01883066,-0.018863577,-0.018891875,-0.018753905,-0.018889684,-0.018830303,-0.018798742,-0.018831868,-0.01899204,-0.01883522,-0.018820766,-0.018872757,-0.0188693,-0.018993516
2011-02-24,-0.01698244,-0.01705939,-0.01697803,-0.016976032,-0.016975973,-0.016970817,-0.01698229,-0.01700056,-0.017048959,-0.016886134,-0.01704568,-0.016982753,-0.016954008,-0.016990859,-0.017150346,-0.01699369,-0.016976703,-0.01703811,-0.017021108,-0.017159972
2011-02-25,-0.014371757,-0.01442257,-0.014369522,-0.014389266,-0.014361744,-0.014363368,-0.014362981,-0.014387642,-0.014426474,-0.014241208,-0.01441962,-0.014378105,-0.014364396,-0.014372935,-0.014535268,-0.014371564,-0.014368569,-0.014415969,-0.014381205,-0.014545997
2011-02-28,-0.018835474,-0.018896822,-0.018828336,-0.018807326,-0.018824,-0.018822152,-0.018836368,-0.0188603,-0.018930081,-0.018768955,-0.018897552,-0.018837575,-0.01882105,-0.01885559,-0.01898158,-0.01886781,-0.0188271,-0.018883634,-0.018831883,-0.01898982
2011-03-01,-0.017828632,-0.017854381,-0.017789457,-0.017784301,-0.01779208,-0.017781887,-0.017816547,-0.017819647,-0.017908145,-0.01777025,-0.017852265,-0.017796282,-0.01778007,-0.017829556,-0.017929394,-0.017813627,-0.017794002,-0.017839614,-0.017791364,-0.017977286
2011-03-02,-0.018855903,-0.018897284,-0.018832106,-0.018925373,-0.01884194,-0.018822301,-0.018834788,-0.01886775,-0.018825594,-0.018824864,-0.018888835,-0.018840898,-0.018815909,-0.01887444,-0.01896106,-0.01886544,-0.018830169,-0.018878791,-0.018837024,-0.019014124
2011-03-03,-0.02036411,-0.020305712,-0.02025466,-0.02037825,-0.02026305,-0.020246688,-0.020242367,-0.020281289,-0.020187814,-0.020254511,-0.02030753,-0.02026378,-0.020237926,-0.02030215,-0.020380247,-0.020278756,-0.020250339,-0.020294014,-0.020270694,-0.020439032
2011-03-04,-0.017337386,-0.017320741,-0.017264146,-0.01728617,-0.017267931,-0.017258275,-0.01724175,-0.017298717,-0.017192874,-0.017260958,-0.017328415,-0.017274383,-0.017249245,-0.017284367,-0.017372195,-0.01726519,-0.017256249,-0.01730964,-0.017287422,-0.017448638
2011-03-07,-0.019166995,-0.019166235,-0.01911636,-0.019113395,-0.019116674,-0.019110624,-0.01909167,-0.019147906,-0.01908413,-0.019115482,-0.019174341,-0.01912478,-0.019100074,-0.019117136,-0.019208703,-0.01913612,-0.019107852,-0.019158918,-0.019135658,-0.019298974
2011-03-08,-0.018905062,-0.018883605,-0.018827993,-0.01884799,-0.018835742,-0.01882412,-0.018808741,-0.018858243,-0.018773545,-0.018829037,-0.01888806,-0.018834341,-0.018816609,-0.018820006,-0.01891588,-0.0188527,-0.018829722,-0.018883962,-0.018840525,-0.0190132
2011-03-09,-0.023976464,-0.023926232,-0.023867015,-0.023890678,-0.023877311,-0.02386332,-0.023853634,-0.023902211,-0.023852263,-0.023878042,-0.023942191,-0.023871187,-0.023856793,-0.023880336,-0.024002645,-0.023886863,-0.023875032,-0.023929391,-0.02389552,-0.024003778
2011-03-10,-0.018887747,-0.01886915,-0.018828515,-0.018817935,-0.018839095,-0.01882412,-0.01881634,-0.018859927,-0.018827084,-0.01883151,-0.018890444,-0.018829767,-0.018821973,-0.018857751,-0.018913705,-0.018864606,-0.018842045,-0.018884692,-0.018840719,-0.018953893
2011-03-11,-0.018886525,-0.018870104,-0.018829871,-0.018813971,-0.01884668,-0.018823866,-0.018815074,-0.018863622,-0.01883537,-0.018936042,-0.018890876,-0.01883689,-0.018824223,-0.018833894,-0.01895209,-0.018870894,-0.018841464,-0.018882219,-0.018844936,-0.018948767
2011-03-14,-0.018889952,-0.01887538,-0.018829662,-0.01881503,-0.018849034,-0.018823583,-0.018813673,-0.018867362,-0.018835608,-0.018962879,-0.018896047,-0.018835995,-0.018833388,-0.018833164,-0.018947799,-0.018872429,-0.018847946,-0.018885244,-0.018846381,-0.019005436
2011-03-15,-0.0188835,-0.018869523,-0.01882859,-0.018813003,-0.018857945,-0.01882333,-0.018817041,-0.018865515,-0.018841196,-0.018971074,-0.018892441,-0.01883531,-0.018826727,-0.018835131,-0.018977944,-0.018886108,-0.018852133,-0.018893335,-0.018836815,-0.01897553
2011-03-16,-0.018881936,-0.018887017,-0.01882932,-0.018807624,-0.018842626,-0.018822644,-0.018818725,-0.018866215,-0.018839333,-0.018978227,-0.018889252,-0.01883683,-0.018823285,-0.018834744,-0.018956814,-0.018876959,-0.018839616,-0.018880371,-0.018850151,-0.01897027
2011-03-17,-0.021409202,-0.021414805,-0.021356065,-0.021332998,-0.021373544,-0.021349821,-0.021348048,-0.021395061,-0.021359596,-0.021532748,-0.021417502,-0.02136143,-0.021347705,-0.021371622,-0.02146374,-0.021401886,-0.021367732,-0.02140132,-0.02138238,-0.02149536
2011-03-18,-0.017979745,-0.017973054,-0.017924372,-0.017907802,-0.0179458,-0.017917875,-0.017915357,-0.017959256,-0.017922137,-0.018103305,-0.01798949,-0.017926235,-0.017919768,-0.017934788,-0.01802357,-0.017955814,-0.017919142,-0.01797681,-0.017940227,-0.018052015
2011-03-21,-0.018888954,-0.01886766,-0.018830184,-0.018811796,-0.018863846,-0.018823612,-0.01882093,-0.018865053,-0.018831063,-0.018901933,-0.01889645,-0.01883218,-0.018839706,-0.01883291,-0.018927831,-0.018851224,-0.018826816,-0.018889416,-0.018841404,-0.018956084
2011-03-22,-0.018889073,-0.018880967,-0.018828768,-0.018813629,-0.018847648,-0.018822584,-0.018817652,-0.018861685,-0.018836785,-0.018982027,-0.018896583,-0.018834565,-0.018837634,-0.018831987,-0.0189281,-0.01885784,-0.018864919,-0.018881802,-0.018838007,-0.018955726
2011-03-23,-0.013090362,-0.013081481,-0.013023694,-0.013017287,-0.013034095,-0.013019268,-0.013018866,-0.013049115,-0.0130477,-0.01319394,-0.013087665,-0.01302961,-0.013034453,-0.013021727,-0.013097038,-0.013045673,-0.013073985,-0.013074477,-0.013028641,-0.0131606655
2011-03-24,-0.017945874,-0.017944936,-0.017876912,-0.017858151,-0.01789293,-0.017872054,-0.017872784,-0.01789831,-0.01788779,-0.018051777,-0.017948825,-0.017884899,-0.017886389,-0.01788098,-0.017949644,-0.017916266,-0.017923508,-0.017934684,-0.017884303,-0.01796453
2011-03-25,-0.01889703,-0.018885676,-0.018826816,-0.018810112,-0.01883841,-0.018822227,-0.018826846,-0.018849183,-0.01883531,-0.01898012,-0.018900294,-0.01883078,-0.018836308,-0.018838037,-0.018898848,-0.018821497,-0.018878777,-0.018887166,-0.018842686,-0.018917654
2011-03-28,-0.016869608,-0.016855557,-0.016806696,-0.016787235,-0.016815353,-0.016797904,-0.016808767,-0.01682261,-0.016822089,-0.01698393,-0.016871337,-0.016808767,-0.016806621,-0.016811166,-0.01687022,-0.01678947,-0.016842578,-0.016862188,-0.01681969,-0.016893048
2011-03-29,-0.018903974,-0.018882621,-0.018833164,-0.018807966,-0.018850613,-0.018823449,-0.018833432,-0.018865336,-0.018828858,-0.01900855,-0.018896315,-0.018837694,-0.018830229,-0.01885945,-0.018904138,-0.018832643,-0.018838633,-0.018890534,-0.018838543,-0.018937025
2011-03-30,-0.018950839,-0.018888596,-0.01883069,-0.018807504,-0.018855546,-0.018823598,-0.018824521,-0.018865544,-0.018834282,-0.018854294,-0.01889633,-0.018833239,-0.01882561,-0.018826324,-0.018890683,-0.018824507,-0.018860076,-0.018887404,-0.018846814,-0.018921036
2011-03-31,-0.018903557,-0.018883992,-0.01883215,-0.018807385,-0.018868554,-0.018823419,-0.018825788,-0.01885419,-0.018850911,-0.018853474,-0.01889472,-0.01883516,-0.01882318,-0.018826459,-0.018900935,-0.018859822,-0.018864218,-0.018893067,-0.018836219,-0.018920813
2011-04-01,-0.017832208,-0.017801646,-0.017758433,-0.01773617,-0.017782394,-0.017752472,-0.017753769,-0.017794598,-0.017772723,-0.017894004,-0.017831285,-0.017769638,-0.017721463,-0.017758895,-0.017829094,-0.017802883,-0.017760564,-0.01782361,-0.017769743,-0.017850552
2011-04-04,-0.017969716,-0.017928708,-0.017893959,-0.017877985,-0.01790652,-0.01788928,-0.017889518,-0.017929066,-0.017910112,-0.017982367,-0.017955337,-0.017902363,-0.01781236,-0.017885033,-0.017964054,-0.017912988,-0.017892499,-0.017957348,-0.017910663,-0.017988402
2011-04-05,-0.018941913,-0.018874723,-0.018828604,-0.01881804,-0.018840987,-0.018821958,-0.01883522,-0.018863399,-0.018838514,-0.018851805,-0.01889712,-0.018839348,-0.01874495,-0.018822718,-0.018889565,-0.018829886,-0.018818144,-0.018890936,-0.018835802,-0.018926922
2011-04-06,-0.017298613,-0.017284919,-0.017223034,-0.017212559,-0.017225925,-0.017218623,-0.01722126,-0.017254252,-0.017224465,-0.017238472,-0.017290551,-0.017231975,-0.017165441,-0.0172177,-0.017286781,-0.01722433,-0.017212633,-0.017281864,-0.017244104,-0.017318357
2011-04-07,-0.018068183,-0.01806176,-0.018005256,-0.018000428,-0.018011708,-0.018001933,-0.018003661,-0.01801527,-0.018032465,-0.018046547,-0.018070806,-0.018008132,-0.018005554,-0.0180091,-0.018058378,-0.01800247,-0.01800983,-0.018050198,-0.018013854,-0.018090654
2011-04-08,-0.017023075,-0.016996074,-0.016934711,-0.016921643,-0.016963053,-0.016929854,-0.016927276,-0.016953606,-0.016975913,-0.016921718,-0.017011885,-0.016941,-0.016936917,-0.016932983,-0.017003138,-0.016948704,-0.016939212,-0.016996715,-0.016944934,-0.017042998
2011-04-11,-0.017699126,-0.017672483,-0.017608825,-0.017622162,-0.017629508,-0.017604414,-0.017602328,-0.017623354,-0.017655376,-0.017609749,-0.017678563,-0.01761328,-0.017577384,-0.01760969,-0.01767217,-0.017612938,-0.017612625,-0.017660651,-0.017622177,-0.01770756
2011-04-12,-0.018904034,-0.018896598,-0.018829603,-0.018819276,-0.01883899,-0.01882096,-0.018821154,-0.01884428,-0.018887538,-0.018828247,-0.018897343,-0.018829469,-0.018725578,-0.018830586,-0.01889107,-0.018824834,-0.018837456,-0.018876422,-0.0188309,-0.018919144
2011-04-13,-0.018905211,-0.018895421,-0.01882786,-0.018811349,-0.018838603,-0.018821765,-0.018818442,-0.018850539,-0.018875364,-0.018834222,-0.018900666,-0.018833969,-0.018777717,-0.018836442,-0.018889237,-0.018830273,-0.01883294,-0.018877733,-0.01883893,-0.01892272
2011-04-14,-0.010913347,-0.01089855,-0.010844623,-0.010832106,-0.010848676,-0.01083744,-0.010837127,-0.010871802,-0.010881578,-0.010845651,-0.010906567,-0.01085784,-0.010784184,-0.010840987,-0.010897,-0.010844563,-0.010846396,-0.01089633,-0.010851909,-0.010933866
2011-04-15,-0.018913362,-0.018891487,-0.018828142,-0.018808652,-0.01884276,-0.018822256,-0.018820811,-0.018858556,-0.018852536,-0.018826608,-0.018898044,-0.018836562,-0.018819083,-0.018829945,-0.018889163,-0.018837098,-0.018831257,-0.018885527,-0.018840168,-0.018929932
2011-04-18,-0.01798864,-0.017976377,-0.017919723,-0.017905522,-0.017932508,-0.017913435,-0.017911393,-0.017944086,-0.017950494,-0.017922182,-0.017987523,-0.017927412,-0.01792534,-0.017921958,-0.017975483,-0.017944414,-0.017955992,-0.017976407,-0.017934624,-0.018012244
2011-04-19,-0.018895779,-0.018889938,-0.0188316,-0.018807385,-0.018839408,-0.018822823,-0.018819038,-0.018860627,-0.018863846,-0.01882789,-0.01890752,-0.018835876,-0.018838007,-0.018830571,-0.018885363,-0.018846113,-0.018841673,-0.018884603,-0.018844489,-0.018911634
2011-04-20,-0.018903408,-0.018893484,-0.0188316,-0.018812377,-0.018836949,-0.018820737,-0.018821452,-0.018866349,-0.018835355,-0.018833209,-0.01890007,-0.018824432,-0.01884057,-0.018837158,-0.018890563,-0.018835936,-0.01887675,-0.018884081,-0.018837798,-0.018930245
2011-04-21,-0.011771788,-0.011771773,-0.0117113935,-0.011685346,-0.011710589,-0.011700203,-0.011705329,-0.011741807,-0.011713822,-0.01167882,-0.011777733,-0.011708965,-0.011715983,-0.011728381,-0.011768003,-0.011713703,-0.011835908,-0.011756931,-0.011712705,-0.011790578
2011-04-25,-0.0189001,-0.018893037,-0.018826518,-0.018807936,-0.01883607,-0.018819977,-0.018825922,-0.01884516,-0.018831093,-0.018828768,-0.018902246,-0.018826026,-0.01877724,-0.018841717,-0.01888815,-0.01882847,-0.018938366,-0.018883172,-0.018831495,-0.01892506
2011-04-26,-0.017468724,-0.017461423,-0.017390955,-0.017374385,-0.017396707,-0.017377514,-0.017379943,-0.017419253,-0.017384443,-0.017347742,-0.017479006,-0.017386142,-0.017371241,-0.017403398,-0.017458875,-0.017390955,-0.017531637,-0.017448712,-0.01739562,-0.01749285
2011-04-27,-0.016634736,-0.016614009,-0.016556907,-0.01653755,-0.016571287,-0.016553242,-0.016548205,-0.016590822,-0.016574878,-0.016542185,-0.016637776,-0.016567577,-0.016560499,-0.016670007,-0.016616646,-0.016585682,-0.01669218,-0.016626451,-0.01656856,-0.016658474
2011-04-28,-0.016573954,-0.016528297,-0.01651125,-0.016494919,-0.016519759,-0.016498167,-0.016492162,-0.016536627,-0.016516242,-0.016418848,-0.01657531,-0.016517852,-0.016515005,-0.0166349,-0.016560767,-0.01651058,-0.016680393,-0.016569499,-0.016517136,-0.016593147
2011-04-29,-0.015861902,-0.015815292,-0.015799645,-0.015774582,-0.015792567,-0.015771199,-0.01576734,-0.015813414,-0.015784148,-0.015772913,-0.01585165,-0.015785206,-0.015796129,-0.01592325,-0.015828956,-0.015782688,-0.015943471,-0.015852306,-0.015794683,-0.015880812
2011-05-02,-0.01863334,-0.018598724,-0.018570978,-0.018547434,-0.018565837,-0.018547658,-0.01854502,-0.018570054,-0.018563662,-0.018509258,-0.018625814,-0.018558253,-0.01857381,-0.01870327,-0.018596847,-0.018552724,-0.018726382,-0.018621448,-0.018559415,-0.018655155
2011-05-03,-0.018899877,-0.018879626,-0.018840034,-0.018813137,-0.018838946,-0.018819232,-0.018816326,-0.018857796,-0.018828753,-0.0188451,-0.01889797,-0.018829409,-0.018840957,-0.01900642,-0.018871982,-0.018814672,-0.018999208,-0.018887121,-0.018833835,-0.018919457
2011-05-04,-0.018889133,-0.018891115,-0.018845651,-0.018814761,-0.01884726,-0.01882029,-0.018819515,-0.018862296,-0.018833686,-0.018864859,-0.01889946,-0.018826518,-0.018834163,-0.019007523,-0.018874232,-0.018830393,-0.018987704,-0.018889178,-0.01883528,-0.018917236
2011-05-05,-0.018891338,-0.018887807,-0.018848393,-0.018807624,-0.018845905,-0.018820021,-0.01881728,-0.018865634,-0.018836189,-0.018853892,-0.01889788,-0.018834326,-0.018832583,-0.019008178,-0.018882085,-0.018832255,-0.018984038,-0.018886764,-0.018843208,-0.018920038
2011-05-06,-0.018880714,-0.018888656,-0.018847112,-0.018804405,-0.0188399,-0.018820126,-0.01882017,-0.018859167,-0.018842269,-0.018877555,-0.018890861,-0.01883221,-0.018830154,-0.019008625,-0.018877227,-0.018833075,-0.018990282,-0.01888137,-0.018848408,-0.01891588
2011-05-09,-0.018880967,-0.018895496,-0.018839154,-0.018810797,-0.018841136,-0.018820096,-0.018819053,-0.018855218,-0.01884218,-0.01875094,-0.018892337,-0.01882926,-0.018836457,-0.019008864,-0.01887669,-0.01883969,-0.018990178,-0.01887915,-0.018854875,-0.018913362
2011-05-10,-0.018899817,-0.01889405,-0.01882777,-0.018821735,-0.018846888,-0.018819425,-0.018817384,-0.018861402,-0.018837009,-0.01871166,-0.018896658,-0.01882847,-0.018837009,-0.019008953,-0.01887663,-0.018835682,-0.018983651,-0.018884305,-0.018850554,-0.018921409
2011-05-11,-0.018895764,-0.018892933,-0.018845368,-0.018818546,-0.018844862,-0.018820334,-0.018817652,-0.018869776,-0.01884221,-0.018786717,-0.018898252,-0.018824417,-0.018837888,-0.019009087,-0.018874649,-0.018835131,-0.018988926,-0.018884275,-0.018839393,-0.018920485
2011-05-12,-0.018900234,-0.018889163,-0.018854085,-0.018813182,-0.018842224,-0.018821035,-0.01881795,-0.01886857,-0.018838871,-0.018739197,-0.018892486,-0.018830333,-0.018841822,-0.019009132,-0.01887456,-0.018840302,-0.018987793,-0.018885363,-0.018847037,-0.018912438
2011-05-13,-0.01889648,-0.018890519,-0.018853653,-0.01881123,-0.018838037,-0.0188195,-0.01881637,-0.018864129,-0.018843416,-0.018754695,-0.01889253,-0.018830542,-0.018837143,-0.019009177,-0.018875573,-0.018824954,-0.018989373,-0.018885795,-0.018840421,-0.018915389
2011-05-16,-0.018905837,-0.018889222,-0.018839289,-0.018819142,-0.018866736,-0.018819261,-0.018815655,-0.01886161,-0.018840555,-0.018726964,-0.018894006,-0.018833015,-0.018836994,-0.019009192,-0.018875975,-0.018833194,-0.018980402,-0.018888135,-0.01884422,-0.018923465
2011-05-17,-0.015935112,-0.015917916,-0.015842516,-0.015843172,-0.015886907,-0.015849236,-0.015846062,-0.015897024,-0.015873764,-0.01576491,-0.015928064,-0.015864868,-0.015872318,-0.01604243,-0.015912715,-0.015864868,-0.015964646,-0.015924398,-0.015866105,-0.0159556
2011-05-18,-0.018894259,-0.018885229,-0.018811557,-0.018808309,-0.018849332,-0.018819679,-0.018815089,-0.018861089,-0.01884364,-0.018833924,-0.018893618,-0.018831734,-0.01884276,-0.019009102,-0.018876527,-0.018830229,-0.018981043,-0.018887717,-0.018831749,-0.018910844
2011-05-19,-0.018885005,-0.018885795,-0.018817503,-0.0188119,-0.018849228,-0.018819664,-0.018819649,-0.018851373,-0.018832657,-0.018748287,-0.018891294,-0.018829826,-0.018881071,-0.019009072,-0.018876243,-0.018831436,-0.018921528,-0.01888809,-0.01883236,-0.018920083
2011-05-20,-0.015628163,-0.015659723,-0.015602325,-0.015586485,-0.015641037,-0.015597512,-0.015600969,-0.015628371,-0.015610595,-0.0153945135,-0.015671555,-0.015608509,-0.015648905,-0.015714217,-0.015609135,-0.015600865,-0.015685994,-0.015657533,-0.0156143205,-0.015706781
2011-05-23,-0.023376513,-0.023394872,-0.023335565,-0.023311827,-0.023350377,-0.023326237,-0.02332789,-0.023351837,-0.023335088,-0.0232209,-0.023394693,-0.023337964,-0.023389015,-0.023498435,-0.02331755,-0.023340154,-0.02337085,-0.023375157,-0.023354594,-0.023422066
2011-05-24,-0.018884111,-0.018892411,-0.018830825,-0.01880828,-0.018847901,-0.018821064,-0.018822644,-0.018851954,-0.018828247,-0.018873531,-0.01889776,-0.018838245,-0.018894304,-0.01900277,-0.018810723,-0.018837903,-0.018920366,-0.018870119,-0.018863041,-0.01891004
2011-05-25,-0.018898804,-0.018891145,-0.018837381,-0.018808547,-0.018842269,-0.018820543,-0.018823285,-0.018861938,-0.018834565,-0.018942583,-0.018894408,-0.018838543,-0.018892888,-0.019004527,-0.018807653,-0.01883008,-0.018869925,-0.018877748,-0.018854741,-0.01892111
2011-05-26,-0.018913139,-0.018878657,-0.018827487,-0.018808428,-0.018832538,-0.018819157,-0.018822256,-0.018868003,-0.018833537,-0.018965948,-0.018887747,-0.01883683,-0.018906955,-0.018965352,-0.018837113,-0.018826742,-0.018871088,-0.018883679,-0.018840287,-0.018923167
2011-05-27,-0.018890891,-0.018877763,-0.018828351,-0.018810917,-0.01883595,-0.01882099,-0.018823702,-0.018865708,-0.018840361,-0.01885872,-0.01889119,-0.018836621,-0.018899117,-0.018911067,-0.018830705,-0.018823374,-0.018947516,-0.018885467,-0.018837739,-0.018925596
2011-05-31,-0.01886912,-0.018885557,-0.018833641,-0.018811543,-0.01883893,-0.018821064,-0.01882391,-0.018873293,-0.018846381,-0.018978123,-0.018910099,-0.018834818,-0.01889849,-0.01898447,-0.018833045,-0.018843878,-0.018960718,-0.018880773,-0.018831778,-0.018922094
2011-06-01,-0.018866781,-0.01888742,-0.018833194,-0.018806715,-0.018843714,-0.01882096,-0.018823821,-0.018865097,-0.018841956,-0.018996421,-0.018898178,-0.01884273,-0.018898565,-0.01899891,-0.018838365,-0.018839765,-0.018966097,-0.018881459,-0.018847395,-0.01892111
2011-06-02,-0.018867228,-0.018887568,-0.018834937,-0.01880074,-0.01884066,-0.018820185,-0.01882102,-0.01886483,-0.01883519,-0.019002054,-0.018892307,-0.018841837,-0.018892158,-0.019003171,-0.018828709,-0.018833805,-0.018964995,-0.018876422,-0.018841121,-0.018910158
2011-06-03,-0.018206988,-0.018219534,-0.018164609,-0.01812983,-0.018158931,-0.01814938,-0.018147651,-0.018198688,-0.018166754,-0.018313456,-0.0182346,-0.018171433,-0.018224973,-0.018312026,-0.018153954,-0.018169437,-0.018272836,-0.018215764,-0.01816592,-0.018247295
2011-06-06,-0.014936258,-0.014952843,-0.0148876505,-0.014864077,-0.014886414,-0.014879976,-0.014878874,-0.014931892,-0.014895965,-0.015071099,-0.014974569,-0.014903014,-0.014953916,-0.015071263,-0.01488473,-0.01489081,-0.014992778,-0.014946793,-0.01489607,-0.014976223
2011-06-07,-0.018869031,-0.018887702,-0.018828873,-0.018807057,-0.018825818,-0.018819053,-0.018813703,-0.018879194,-0.018839631,-0.01889934,-0.01890089,-0.018834684,-0.01888815,-0.019008745,-0.018821586,-0.018835817,-0.018931214,-0.018883426,-0.018825788,-0.018970672
2011-06-08,-0.018870924,-0.018876601,-0.018826399,-0.018830989,-0.018834729,-0.018819962,-0.018813748,-0.01888286,-0.018834714,-0.018885437,-0.018900443,-0.018833805,-0.01889782,-0.019008968,-0.018828977,-0.018840063,-0.01892412,-0.01889025,-0.018836726,-0.018915627
2011-06-09,-0.017086659,-0.017078493,-0.017039824,-0.017035354,-0.017052744,-0.017033745,-0.017028067,-0.017104674,-0.017051328,-0.017088506,-0.017111424,-0.017044622,-0.017103244,-0.017224316,-0.017043058,-0.017041583,-0.017096836,-0.017102037,-0.017052967,-0.017122496
2011-06-10,-0.017441887,-0.017428908,-0.01739851,-0.017381463,-0.017402042,-0.017384116,-0.017379124,-0.017460633,-0.01740079,-0.017427001,-0.017466579,-0.017390195,-0.017456982,-0.017530058,-0.017392892,-0.017402489,-0.017499808,-0.017456118,-0.017398763,-0.017481465
2011-06-13,-0.017141912,-0.01713017,-0.017094541,-0.017076496,-0.017099623,-0.01708505,-0.01708192,-0.017159093,-0.01710381,-0.017097715,-0.01715875,-0.017102677,-0.017152522,-0.01722594,-0.017095972,-0.017102946,-0.017147157,-0.017152179,-0.017105091,-0.017215852
2011-06-14,-0.018880088,-0.018873949,-0.018840197,-0.018810902,-0.018832032,-0.018824939,-0.018819604,-0.018892173,-0.018838588,-0.018875677,-0.018899325,-0.018836651,-0.018940393,-0.018934134,-0.018837083,-0.018847276,-0.018876005,-0.018890295,-0.018843595,-0.018975649
2011-06-15,-0.01887976,-0.0188745,-0.018830795,-0.018820647,-0.018838335,-0.018823076,-0.018824998,-0.018953029,-0.018834416,-0.01889259,-0.018886585,-0.018836576,-0.018942285,-0.018936653,-0.018837366,-0.018842835,-0.018884439,-0.018890876,-0.01884121,-0.018972028
2011-06-16,-0.018879954,-0.018873472,-0.018821377,-0.018809084,-0.018836785,-0.018820155,-0.018815521,-0.018900294,-0.018829111,-0.018852908,-0.018898237,-0.01883689,-0.018910948,-0.018904258,-0.018869955,-0.01883893,-0.018919919,-0.018885154,-0.018842716,-0.01897322
2011-06-17,-0.023054842,-0.02304541,-0.023001332,-0.022981603,-0.023006666,-0.022994895,-0.022998635,-0.023078013,-0.02300701,-0.023023833,-0.023065094,-0.023000676,-0.023085717,-0.023134623,-0.023071412,-0.02300543,-0.023051921,-0.023060296,-0.023016188,-0.02314629
2011-06-20,-0.018878732,-0.018877272,-0.018826041,-0.018809635,-0.018838633,-0.018823046,-0.018844578,-0.018898223,-0.018842328,-0.018734504,-0.018907074,-0.018839616,-0.018963967,-0.01895449,-0.018905554,-0.01884747,-0.018888045,-0.01888438,-0.018840645,-0.01901393
2011-06-21,-0.018879045,-0.018881012,-0.018828962,-0.018808294,-0.018841702,-0.018821899,-0.01882698,-0.018931735,-0.018841822,-0.018712033,-0.018900339,-0.018838365,-0.018963207,-0.018947277,-0.018899936,-0.018846456,-0.018884037,-0.018887911,-0.018841822,-0.019013856
2011-06-22,-0.017724294,-0.017731715,-0.017676298,-0.017660175,-0.017679308,-0.01767062,-0.017673958,-0.01774009,-0.0176888,-0.017639805,-0.017737094,-0.017688785,-0.017806549,-0.01774295,-0.017731596,-0.01769336,-0.017733742,-0.017736781,-0.017686237,-0.01786429
2011-06-23,-0.01887687,-0.018877719,-0.01882713,-0.018811736,-0.018834624,-0.018820409,-0.018819321,-0.01888967,-0.018842492,-0.018807758,-0.018944133,-0.018836547,-0.018971104,-0.018929366,-0.01889259,-0.018832553,-0.018889103,-0.01888663,-0.018839646,-0.019015241
2011-06-24,-0.022318382,-0.022316296,-0.02226803,-0.022247974,-0.022277493,-0.022261668,-0.022257019,-0.022339348,-0.022282112,-0.022260208,-0.022411305,-0.022278,-0.022395525,-0.022370193,-0.022345949,-0.022264425,-0.022345994,-0.0223299,-0.022286166,-0.022453789
2011-06-27,-0.018378515,-0.01838145,-0.018332798,-0.018322174,-0.01834162,-0.018328015,-0.018388245,-0.018400867,-0.018345121,-0.018440042,-0.018418822,-0.01834089,-0.018485326,-0.018446077,-0.018430326,-0.018330503,-0.018429372,-0.018395383,-0.018344823,-0.018524531
2011-06-28,-0.018871728,-0.018870492,-0.018824521,-0.01881111,-0.018842,-0.018821795,-0.018892217,-0.01889703,-0.018831674,-0.018960793,-0.018915314,-0.0188361,-0.018972475,-0.018902931,-0.018921245,-0.018832494,-0.018920425,-0.01889046,-0.018839795,-0.019015063
2011-06-29,-0.018876377,-0.018874083,-0.018824998,-0.018810544,-0.018833134,-0.018822271,-0.01892734,-0.018886227,-0.01883142,-0.018971045,-0.018939067,-0.018832061,-0.018977586,-0.018896405,-0.01892342,-0.018834028,-0.018911112,-0.018892396,-0.01884136,-0.019015182
2011-06-30,-0.018884841,-0.018882994,-0.01882333,-0.018810008,-0.018833254,-0.018819425,-0.018867735,-0.018871058,-0.018838454,-0.018979285,-0.018939126,-0.018826727,-0.018971208,-0.018907625,-0.018908028,-0.018835891,-0.018904988,-0.018896375,-0.018842015,-0.019013945
2011-07-01,-0.017680097,-0.01768579,-0.017624173,-0.0176058,-0.017635006,-0.017619673,-0.017644722,-0.01765043,-0.017631311,-0.017805804,-0.017682884,-0.017631788,-0.017765496,-0.017740328,-0.017725814,-0.01763295,-0.017724399,-0.017691005,-0.017652426,-0.017811108
2011-07-05,-0.020092878,-0.020103637,-0.020026837,-0.020011593,-0.020041484,-0.020020653,-0.020043913,-0.020059768,-0.020072687,-0.020117674,-0.02011304,-0.020037044,-0.020171855,-0.02017546,-0.020138238,-0.020050023,-0.020185564,-0.020104516,-0.020059321,-0.0202169
2011-07-06,-0.018878672,-0.018886793,-0.018832315,-0.018812094,-0.018833179,-0.018823836,-0.018885303,-0.01884817,-0.01887833,-0.01892652,-0.018900353,-0.018842671,-0.018969018,-0.018920157,-0.0188814,-0.018853296,-0.018912274,-0.01890478,-0.018849988,-0.019015629
2011-07-07,-0.018866915,-0.018900085,-0.018833999,-0.018811736,-0.018846098,-0.018824,-0.018881667,-0.018861104,-0.018858556,-0.01896337,-0.018900175,-0.018842492,-0.01896346,-0.018876899,-0.018850494,-0.01884285,-0.018891368,-0.018894557,-0.018859286,-0.019015614
2011-07-08,-0.018882874,-0.018893022,-0.018831674,-0.018811885,-0.018837918,-0.018822897,-0.018881131,-0.01885799,-0.018848632,-0.018932927,-0.018897299,-0.018835578,-0.018968899,-0.018914077,-0.018783648,-0.0188427,-0.018921275,-0.018908162,-0.01885027,-0.019015078
2011-07-11,-0.017977107,-0.017982323,-0.017920423,-0.017898593,-0.017922852,-0.01791102,-0.017933954,-0.017949093,-0.017935906,-0.01794136,-0.017982695,-0.017919395,-0.018055473,-0.018009964,-0.017909411,-0.017921183,-0.018029217,-0.01797736,-0.01794504,-0.01810262
2011-07-12,-0.018900175,-0.018889997,-0.018828187,-0.018810157,-0.018839289,-0.018821526,-0.018822808,-0.018867318,-0.018842105,-0.018859226,-0.018899057,-0.01883139,-0.018970732,-0.018898446,-0.01877964,-0.018847201,-0.018895093,-0.018910203,-0.0188648,-0.019014437
2011-07-13,-0.018901248,-0.018899504,-0.018827412,-0.018810261,-0.018831823,-0.018822212,-0.018833045,-0.018856991,-0.018849883,-0.01886474,-0.01889554,-0.018830303,-0.018962685,-0.018905822,-0.018772457,-0.018850658,-0.018904764,-0.018908191,-0.018861298,-0.019014943
2011-07-14,-0.018897075,-0.018882621,-0.018828843,-0.018809665,-0.018838946,-0.018822882,-0.018857155,-0.018850286,-0.018856395,-0.018872607,-0.018895809,-0.018832762,-0.018974725,-0.018914018,-0.018827248,-0.018834624,-0.018938366,-0.01891296,-0.018867213,-0.019014899
2011-07-15,-0.018487964,-0.018477786,-0.0184245,-0.01840045,-0.018435422,-0.018415604,-0.01844098,-0.01845223,-0.018437747,-0.018434796,-0.018491317,-0.018430132,-0.018526945,-0.018492717,-0.01841009,-0.018431608,-0.018505786,-0.018488262,-0.018453542,-0.01860622
2011-07-18,-0.01826607,-0.01824971,-0.018192772,-0.018173534,-0.018205795,-0.018183146,-0.018221755,-0.018231887,-0.018205527,-0.01822235,-0.018262032,-0.018199358,-0.018327404,-0.018269245,-0.018148918,-0.018189106,-0.018285442,-0.018268067,-0.018216629,-0.018378068
2011-07-19,-0.018865917,-0.018893514,-0.018831018,-0.018806968,-0.01884352,-0.01882239,-0.018923122,-0.01887815,-0.01884051,-0.018838245,-0.018892828,-0.018837858,-0.018949214,-0.0188873,-0.018764902,-0.018847097,-0.018970285,-0.01889569,-0.01885635,-0.019012634
2011-07-20,-0.018876318,-0.018892307,-0.018828545,-0.018807326,-0.018835876,-0.018821824,-0.018868376,-0.0188866,-0.018847708,-0.018836562,-0.0188932,-0.018834833,-0.018940631,-0.018895019,-0.018751133,-0.01884197,-0.018885244,-0.018898327,-0.018843789,-0.019013125
2011-07-21,-0.01888818,-0.018886197,-0.01882765,-0.018813122,-0.018832106,-0.018823612,-0.01887447,-0.01888122,-0.018831763,-0.018815491,-0.018896896,-0.018832315,-0.01896334,-0.01888794,-0.018804673,-0.018844608,-0.018845651,-0.018893618,-0.018849064,-0.019016225
2011-07-22,-0.018895391,-0.018889878,-0.018826354,-0.01880743,-0.018836457,-0.01882333,-0.018842403,-0.018879179,-0.01883528,-0.018822614,-0.01889554,-0.01882938,-0.01897857,-0.01890685,-0.0188541,-0.018849704,-0.018848006,-0.018892977,-0.018849257,-0.019012991
2011-07-25,-0.018907268,-0.018895853,-0.018827993,-0.018813793,-0.018826578,-0.018822212,-0.018864486,-0.018873442,-0.018829111,-0.018849049,-0.018896434,-0.018827546,-0.018972058,-0.018917847,-0.018865991,-0.018828992,-0.01896875,-0.0188835,-0.018849093,-0.01901621
2011-07-26,-0.018893663,-0.018891323,-0.01883239,-0.018812854,-0.018827382,-0.018821854,-0.018835474,-0.018877659,-0.018823806,-0.018817816,-0.018898,-0.018829245,-0.018968944,-0.018931944,-0.018876333,-0.01884352,-0.018958915,-0.018884558,-0.018855963,-0.01901618
2011-07-27,-0.018891547,-0.018882457,-0.018824223,-0.018808383,-0.018829677,-0.018820513,-0.018848572,-0.018868987,-0.018832821,-0.018820617,-0.018894617,-0.018832449,-0.018981833,-0.018937234,-0.018883783,-0.018841837,-0.018973712,-0.01888885,-0.018841911,-0.019014183
2011-07-28,-0.017490808,-0.017530952,-0.017474655,-0.01746184,-0.017497469,-0.017472569,-0.017489512,-0.017521564,-0.017483015,-0.017470855,-0.017540816,-0.017493922,-0.017626483,-0.017558757,-0.017537672,-0.017487306,-0.017629582,-0.017551351,-0.017491017,-0.01766694
2011-07-29,-0.015754256,-0.015803833,-0.015752736,-0.015736897,-0.015772883,-0.015751678,-0.015763406,-0.015796665,-0.01576056,-0.015854988,-0.015818823,-0.015771065,-0.015899051,-0.015850086,-0.01580869,-0.015767027,-0.015937198,-0.015820418,-0.015770245,-0.015942682
2011-08-01,-0.017899293,-0.017958272,-0.017892022,-0.017873038,-0.0179119,-0.017890874,-0.017909575,-0.017939378,-0.017898325,-0.017935324,-0.017972607,-0.017907608,-0.017996807,-0.017977972,-0.017954934,-0.017897744,-0.018080149,-0.01796301,-0.017919932,-0.018083397
2011-08-02,-0.018821854,-0.01888195,-0.018827233,-0.018805701,-0.01884805,-0.018822495,-0.018828426,-0.018870998,-0.018838275,-0.018844653,-0.018896047,-0.018840749,-0.018941466,-0.018908877,-0.018883783,-0.01883005,-0.019008446,-0.01888967,-0.018865574,-0.019011367
2011-08-03,-0.018837322,-0.01888119,-0.018833939,-0.018808682,-0.01883306,-0.018823747,-0.018826101,-0.018867005,-0.018835906,-0.018835295,-0.018892903,-0.01883367,-0.018947426,-0.018869553,-0.018893365,-0.018831287,-0.018893067,-0.018897627,-0.01886994,-0.019013096
2011-08-04,-0.016922433,-0.016982172,-0.016927171,-0.016907398,-0.016947303,-0.016920064,-0.01691677,-0.016956124,-0.016928438,-0.01695295,-0.016991232,-0.016930599,-0.017035473,-0.016980771,-0.01701105,-0.01694535,-0.017078001,-0.016995702,-0.016966257,-0.017110545
2011-08-05,-0.017582912,-0.01764648,-0.01758847,-0.017570768,-0.01761711,-0.017581303,-0.017584998,-0.01762398,-0.017594326,-0.017579634,-0.017657924,-0.017593611,-0.017684598,-0.017644126,-0.017619956,-0.017598782,-0.017758388,-0.017652947,-0.01762757,-0.017773125
2011-08-08,-0.020817433,-0.02087276,-0.020830069,-0.020805974,-0.020840187,-0.020819847,-0.020823348,-0.020860244,-0.020829383,-0.020821158,-0.020886544,-0.02082691,-0.020933185,-0.020897511,-0.020865086,-0.02083603,-0.02098373,-0.02087671,-0.02085774,-0.021006677
2011-08-09,-0.018823896,-0.01887982,-0.018859271,-0.01880813,-0.018847141,-0.018823761,-0.0188247,-0.018867392,-0.018830556,-0.018825103,-0.018890683,-0.018838856,-0.018934418,-0.01887526,-0.018876959,-0.018833924,-0.018958021,-0.018886898,-0.018858958,-0.019011248
2011-08-10,-0.022693578,-0.022702951,-0.022668112,-0.022630665,-0.022662703,-0.02264579,-0.022652436,-0.022696648,-0.022648696,-0.022648726,-0.022715796,-0.022662763,-0.022752184,-0.022674311,-0.02268279,-0.02264494,-0.022824842,-0.022716898,-0.022683728,-0.022834677
2011-08-11,-0.014000957,-0.013985251,-0.013946225,-0.013927375,-0.0139402645,-0.013932978,-0.013946955,-0.013982181,-0.013935153,-0.013936271,-0.014002015,-0.013947074,-0.0140243815,-0.013977368,-0.013966863,-0.013937627,-0.014047419,-0.014010255,-0.013970231,-0.0140675055
2011-08-12,-0.019629631,-0.019607414,-0.019562561,-0.019547138,-0.019563738,-0.019553054,-0.019562054,-0.019606192,-0.019556824,-0.019562487,-0.019615311,-0.019566078,-0.019662771,-0.019603912,-0.019582722,-0.019554812,-0.01965836,-0.019613061,-0.019587431,-0.019734774
2011-08-15,-0.014838894,-0.014810656,-0.014752452,-0.014753868,-0.014777024,-0.014760007,-0.014766117,-0.014808674,-0.014765193,-0.014758219,-0.014816497,-0.014776756,-0.014826913,-0.014803101,-0.014767979,-0.014768337,-0.0148546,-0.014816259,-0.014788215,-0.014946912
2011-08-16,-0.018647704,-0.018643502,-0.018589098,-0.018581111,-0.018611643,-0.018582467,-0.018617783,-0.018635292,-0.018586699,-0.018584136,-0.018647391,-0.018597458,-0.018658344,-0.018649165,-0.018590335,-0.01858798,-0.018690113,-0.018646885,-0.018600244,-0.018771458
2011-08-17,-0.018888433,-0.018881906,-0.018827844,-0.01881573,-0.01884574,-0.018819306,-0.018837992,-0.018871907,-0.018832657,-0.018826116,-0.018889192,-0.018838096,-0.018895421,-0.018882561,-0.018829454,-0.018828962,-0.0188821,-0.018886287,-0.018837351,-0.0189807
2011-08-18,-0.018892873,-0.018882755,-0.018830214,-0.01881558,-0.018859137,-0.018818323,-0.018836487,-0.01886708,-0.018830333,-0.018817652,-0.01888642,-0.01883683,-0.018910918,-0.0188842,-0.0188254,-0.01882631,-0.018888596,-0.018888418,-0.018850166,-0.019013304
2011-08-19,-0.019685898,-0.019682262,-0.019618217,-0.019602094,-0.019649569,-0.019609187,-0.01961786,-0.019661296,-0.019618947,-0.019618828,-0.019682113,-0.019626874,-0.019712497,-0.019653875,-0.019624043,-0.019619275,-0.019686375,-0.019686136,-0.019632835,-0.019804824
2011-08-22,-0.008231227,-0.008226191,-0.008179088,-0.008164992,-0.008201142,-0.008171787,-0.008169805,-0.008213763,-0.008181606,-0.0082866,-0.008232077,-0.008189161,-0.008256902,-0.008225773,-0.008183156,-0.008178969,-0.008227472,-0.008231704,-0.00819165,-0.008362462
2011-08-23,-0.018890325,-0.018883307,-0.01882692,-0.0188126,-0.018855486,-0.018818248,-0.018824358,-0.018868405,-0.018824551,-0.018962417,-0.018888671,-0.018836025,-0.018908892,-0.018878195,-0.018828634,-0.018825982,-0.018889237,-0.018887568,-0.01885559,-0.019012991
2011-08-24,-0.018887226,-0.018881802,-0.018834133,-0.018812034,-0.018837247,-0.018820424,-0.018831033,-0.018867452,-0.018826861,-0.018867198,-0.01888496,-0.01883519,-0.018876959,-0.018881027,-0.018832762,-0.01882552,-0.018889043,-0.018883679,-0.018845562,-0.019012127
2011-08-25,-0.018884469,-0.018878434,-0.018832747,-0.018817637,-0.018837575,-0.018820945,-0.018861923,-0.018869553,-0.018825684,-0.018950883,-0.018886138,-0.018831376,-0.018883932,-0.018859867,-0.018824924,-0.018824283,-0.018889178,-0.018883709,-0.018846799,-0.019013066
2011-08-26,-0.01611166,-0.016107772,-0.016072262,-0.016060252,-0.016074706,-0.016063053,-0.016092572,-0.016103823,-0.016066391,-0.01623628,-0.016114715,-0.016071204,-0.016152922,-0.016104598,-0.016080443,-0.016064141,-0.01610944,-0.016107906,-0.016072724,-0.01625203
2011-08-29,-0.018884394,-0.01888046,-0.01883166,-0.01881357,-0.018842403,-0.018822242,-0.018833626,-0.018877063,-0.018826324,-0.019002054,-0.01888569,-0.01882993,-0.018922482,-0.01886331,-0.018845756,-0.018823478,-0.01888876,-0.018878851,-0.018825535,-0.019012157
2011-08-30,-0.01714525,-0.017137695,-0.017074678,-0.017063696,-0.017088253,-0.017065797,-0.017076362,-0.017137188,-0.017075617,-0.017232258,-0.017143417,-0.017085288,-0.0171776,-0.017129157,-0.017091978,-0.017068613,-0.017153744,-0.017136011,-0.017072577,-0.017266396
2011-08-31,-0.019449327,-0.019448075,-0.019390289,-0.019372497,-0.019404922,-0.019381363,-0.019385058,-0.019440819,-0.01938868,-0.019570831,-0.019451503,-0.019396905,-0.019458774,-0.01944882,-0.019389275,-0.01938491,-0.019400407,-0.019447852,-0.019406784,-0.019575793
2011-09-01,-0.01888417,-0.018880088,-0.018828798,-0.018814165,-0.01884887,-0.01881938,-0.018828843,-0.018872637,-0.018827412,-0.019008521,-0.018887464,-0.018838901,-0.018908907,-0.018874485,-0.018839587,-0.018823955,-0.018875051,-0.018883947,-0.01884273,-0.019012932
2011-09-02,-0.020581935,-0.020576585,-0.02052537,-0.020510811,-0.020540614,-0.02051844,-0.0205569,-0.020568911,-0.020527724,-0.020705972,-0.02058262,-0.020532835,-0.02063534,-0.020571653,-0.020537201,-0.020521808,-0.020604331,-0.020576138,-0.020535592,-0.02071089
2011-09-06,-0.018891428,-0.018881787,-0.018826652,-0.018810336,-0.018851522,-0.0188209,-0.018841732,-0.018871281,-0.018835459,-0.019008849,-0.018890891,-0.018839661,-0.018949796,-0.018877361,-0.01884723,-0.018826235,-0.018907476,-0.018880133,-0.018839363,-0.01901241
2011-09-07,-0.018886346,-0.01887967,-0.018825326,-0.018812913,-0.01886629,-0.01882333,-0.018831927,-0.018871475,-0.018830094,-0.019009043,-0.018887762,-0.018845756,-0.018858124,-0.018880013,-0.018828664,-0.01883692,-0.018904258,-0.018884663,-0.018831808,-0.019012842
2011-09-08,-0.017642397,-0.01763967,-0.01760364,-0.017593581,-0.017627392,-0.017598841,-0.017607156,-0.017631713,-0.017610881,-0.01762009,-0.017648894,-0.017616723,-0.017630983,-0.017645676,-0.017561171,-0.0176103,-0.017673526,-0.017701704,-0.01760875,-0.017789934
2011-09-09,-0.020336468,-0.020329688,-0.02027357,-0.020260785,-0.020318467,-0.020267818,-0.020267803,-0.020315293,-0.020279203,-0.020223174,-0.020339403,-0.020286907,-0.020308498,-0.02032857,-0.020255167,-0.02027804,-0.020374153,-0.020382095,-0.020284522,-0.020462546
2011-09-12,-0.016738955,-0.016735513,-0.016679857,-0.016664837,-0.016718272,-0.016671438,-0.016682241,-0.01672237,-0.016679857,-0.016627375,-0.01674496,-0.0166854,-0.01671167,-0.016716454,-0.016674105,-0.016679484,-0.016767371,-0.016776148,-0.016697321,-0.016866911
2011-09-13,-0.018882606,-0.018882517,-0.018826608,-0.018815879,-0.01885653,-0.018821675,-0.018843625,-0.01886769,-0.018828038,-0.018764783,-0.0188866,-0.018826652,-0.018845696,-0.018871415,-0.018826801,-0.018826935,-0.018918429,-0.01894613,-0.018849213,-0.019013066
2011-09-14,-0.01697718,-0.016976465,-0.016927276,-0.016919333,-0.016954545,-0.016923804,-0.016942386,-0.0169659,-0.016929392,-0.016872961,-0.016978849,-0.016932178,-0.01695076,-0.01697499,-0.01692288,-0.016929705,-0.017014835,-0.01708879,-0.016960446,-0.01711515
2011-09-15,-0.01888438,-0.01888575,-0.018825103,-0.018816072,-0.01884814,-0.01882108,-0.01883905,-0.018869448,-0.018827785,-0.018754024,-0.018882964,-0.018838588,-0.018840168,-0.018886123,-0.018824566,-0.018833179,-0.018916909,-0.01898085,-0.018855605,-0.01901396
2011-09-16,-0.018006418,-0.0180053,-0.017951343,-0.017943148,-0.017974693,-0.017948467,-0.01795851,-0.017996807,-0.017963652,-0.018037055,-0.018006686,-0.01796386,-0.017984126,-0.018014122,-0.01795772,-0.017960507,-0.018036533,-0.018099505,-0.017966527,-0.01814342
2011-09-19,-0.018933136,-0.018927056,-0.018866543,-0.018855307,-0.018901844,-0.01886316,-0.018883992,-0.018919114,-0.018884156,-0.018916313,-0.018929187,-0.01889484,-0.018903125,-0.018930275,-0.018869359,-0.018872295,-0.018979866,-0.01904424,-0.018877123,-0.019059408
2011-09-20,-0.018886153,-0.018874202,-0.018823046,-0.018809546,-0.018855724,-0.018817414,-0.018821944,-0.018871669,-0.018839542,-0.018883694,-0.018882025,-0.01883826,-0.018850256,-0.018830646,-0.018826235,-0.018828247,-0.01891439,-0.018936936,-0.018835116,-0.019012842
2011-09-21,-0.019790772,-0.019779999,-0.019724209,-0.01970904,-0.019767199,-0.019719426,-0.019723851,-0.01977456,-0.019747887,-0.019630376,-0.019788641,-0.019735921,-0.019756082,-0.019763637,-0.019725654,-0.019728933,-0.019819159,-0.019884441,-0.019752193,-0.01991475
2011-09-22,-0.011206438,-0.011200641,-0.011158769,-0.011140858,-0.011192058,-0.0111525105,-0.01114655,-0.011199419,-0.011163254,-0.011101832,-0.0112083005,-0.011172031,-0.011191254,-0.0111519,-0.011160468,-0.011158978,-0.011224915,-0.011331742,-0.011178692,-0.011342545
2011-09-23,-0.016537342,-0.016538981,-0.016492102,-0.016469974,-0.01652624,-0.01648483,-0.016480792,-0.016535673,-0.01649635,-0.01639079,-0.01654515,-0.016495991,-0.016506765,-0.016468842,-0.016488928,-0.01648863,-0.01658075,-0.01660024,-0.016514052,-0.01667497
2011-09-26,-0.018534545,-0.018537272,-0.018486086,-0.018465046,-0.018521983,-0.01847728,-0.018485133,-0.018530298,-0.01848701,-0.018557493,-0.018541474,-0.018499259,-0.0184982,-0.018519897,-0.018485326,-0.018482674,-0.018562276,-0.018546019,-0.018505473,-0.018669415
2011-09-27,-0.018876214,-0.018880267,-0.018824477,-0.018807936,-0.018849198,-0.018822107,-0.018828083,-0.018868435,-0.018822838,-0.018839378,-0.018882591,-0.018838424,-0.018833939,-0.018861253,-0.018824805,-0.018826548,-0.018907163,-0.018924776,-0.01884954,-0.019011397
2011-09-28,-0.018873472,-0.01887748,-0.018825416,-0.018808383,-0.018852461,-0.018823866,-0.018846441,-0.018866692,-0.01882865,-0.018938202,-0.018882561,-0.01883391,-0.018839587,-0.018889118,-0.018825907,-0.018827278,-0.018906612,-0.018998418,-0.01885036,-0.019011337
2011-09-29,-0.018877435,-0.018867332,-0.018824954,-0.018809456,-0.01883598,-0.018823732,-0.018851463,-0.018871684,-0.018827576,-0.018964607,-0.018881653,-0.018835727,-0.018834997,-0.018891443,-0.018821571,-0.01882695,-0.01892363,-0.018954922,-0.0188413,-0.019011948
2011-09-30,-0.019804765,-0.01979636,-0.019760508,-0.019741822,-0.019768704,-0.019761506,-0.019785602,-0.019805972,-0.019767243,-0.019730318,-0.01981004,-0.019767705,-0.019762535,-0.01979578,-0.019754607,-0.01976106,-0.019848797,-0.019889686,-0.019775126,-0.019944329
2011-10-03,-0.0178026,-0.01779439,-0.017747302,-0.017730627,-0.017756376,-0.017744515,-0.017756809,-0.017802093,-0.017760832,-0.017651293,-0.017808516,-0.017759908,-0.017752204,-0.01779652,-0.017746437,-0.017747197,-0.017831463,-0.01782142,-0.01776408,-0.017936204
2011-10-04,-0.018876765,-0.018870149,-0.018829811,-0.018808056,-0.018835876,-0.018819947,-0.018815506,-0.018875275,-0.018834863,-0.018742431,-0.018884677,-0.018838946,-0.01885936,-0.018873204,-0.018829528,-0.018824477,-0.018909309,-0.018937726,-0.018841837,-0.019011099
2011-10-05,-0.018880699,-0.018882055,-0.018834773,-0.018809263,-0.01883522,-0.018742789,-0.018813286,-0.018875692,-0.01883227,-0.018821944,-0.01888584,-0.018847901,-0.018844355,-0.018825386,-0.018822197,-0.018827174,-0.01890758,-0.019001815,-0.018838424,-0.019012038
2011-10-06,-0.018885184,-0.018881697,-0.018836323,-0.018813018,-0.018845621,-0.018761385,-0.018828962,-0.018873472,-0.018829603,-0.018816415,-0.018884066,-0.018846545,-0.018834595,-0.01881196,-0.018823225,-0.018829543,-0.018899787,-0.019002993,-0.018835966,-0.01901323
2011-10-07,-0.019541401,-0.019535962,-0.019485254,-0.019462083,-0.019501988,-0.019371647,-0.019480754,-0.019527841,-0.01947603,-0.019474614,-0.019541848,-0.01950084,-0.01947968,-0.019449268,-0.019473124,-0.019480053,-0.01954854,-0.019612018,-0.019507173,-0.019664679
2011-10-10,-0.018877778,-0.018876273,-0.018834744,-0.018809754,-0.01883914,-0.018791903,-0.018823598,-0.018871922,-0.018829513,-0.018825386,-0.018884454,-0.018851344,-0.018849913,-0.018797461,-0.018824194,-0.018829275,-0.018887717,-0.018959451,-0.018854965,-0.019011427
2011-10-11,-0.018881489,-0.018881235,-0.018836517,-0.018811066,-0.01885267,-0.018808682,-0.018827368,-0.018875826,-0.018832449,-0.018828515,-0.018885259,-0.018849406,-0.018886525,-0.01881406,-0.018826861,-0.01883139,-0.018884871,-0.019008998,-0.018865962,-0.019013185
2011-10-12,-0.018886555,-0.018878538,-0.018836219,-0.018810768,-0.018843714,-0.018816996,-0.01884966,-0.018874232,-0.018833105,-0.018827606,-0.018885318,-0.018846188,-0.018895779,-0.018818546,-0.018828634,-0.018845398,-0.018883143,-0.019008968,-0.01885854,-0.019013856
2011-10-13,-0.018887285,-0.018885095,-0.018835891,-0.018812273,-0.018834654,-0.018820334,-0.018850971,-0.018873412,-0.018830437,-0.018828202,-0.018882696,-0.01884823,-0.018886913,-0.018817086,-0.018827979,-0.018832985,-0.018876825,-0.019008983,-0.018846903,-0.019012738
2011-10-14,-0.018882666,-0.018877465,-0.018840108,-0.018811617,-0.018825356,-0.018819738,-0.018842403,-0.01887377,-0.018829633,-0.018824417,-0.018882338,-0.018841956,-0.018843044,-0.01881506,-0.018829767,-0.018828426,-0.01887286,-0.019008983,-0.018849883,-0.019012887
2011-10-17,-0.020603765,-0.020590145,-0.02055769,-0.020533044,-0.020538662,-0.020542745,-0.020580027,-0.020595256,-0.020549525,-0.02055024,-0.020600993,-0.020560224,-0.020567674,-0.02053978,-0.020550001,-0.020547438,-0.020593096,-0.020729888,-0.0205669,-0.020735059
2011-10-18,-0.018887375,-0.018871907,-0.018843237,-0.01881035,-0.018821362,-0.01882166,-0.018843729,-0.018878777,-0.018830243,-0.018827442,-0.018885378,-0.018845264,-0.018813241,-0.018818144,-0.01882935,-0.018818531,-0.018869732,-0.019008983,-0.018856306,-0.019013707
2011-10-19,-0.01888417,-0.018874485,-0.018832598,-0.018807966,-0.018880997,-0.018820468,-0.01883151,-0.018881414,-0.018831063,-0.018826608,-0.018882114,-0.0188482,-0.018827934,-0.018814076,-0.018826563,-0.018829767,-0.018846665,-0.019008983,-0.018849868,-0.019012216
2011-10-20,-0.018882547,-0.018877376,-0.018823896,-0.018809382,-0.018917594,-0.018821899,-0.018848378,-0.018878613,-0.018828291,-0.01882695,-0.018882055,-0.01884653,-0.018834848,-0.018816475,-0.018823195,-0.018831793,-0.018833939,-0.019008998,-0.01883522,-0.019013006
2011-10-21,-0.017418046,-0.01741748,-0.01736008,-0.017343093,-0.017386783,-0.017353464,-0.017348994,-0.017410431,-0.017362732,-0.01735473,-0.017419923,-0.017374728,-0.017347295,-0.017404083,-0.017360244,-0.017367635,-0.017378304,-0.017545167,-0.017376024,-0.01754846
2011-10-24,-0.017689306,-0.017683629,-0.017623562,-0.017616216,-0.017633725,-0.017618794,-0.017630283,-0.017672885,-0.01762687,-0.01762617,-0.01768716,-0.017648745,-0.017606992,-0.01770145,-0.017623771,-0.017631058,-0.017660636,-0.01781224,-0.017630551,-0.017816726
2011-10-25,-0.018884424,-0.018882353,-0.018828053,-0.01881336,-0.018816087,-0.018818337,-0.018830094,-0.018871266,-0.018828128,-0.018827636,-0.018888656,-0.01884747,-0.018800396,-0.018902887,-0.018825326,-0.018828753,-0.018865455,-0.019008998,-0.018834654,-0.01901408
2011-10-26,-0.018883754,-0.018872593,-0.018827174,-0.018810589,-0.018817145,-0.018816534,-0.018818978,-0.018870149,-0.018828426,-0.018829484,-0.018886495,-0.0188527,-0.018808696,-0.01890606,-0.018824894,-0.01883151,-0.018863995,-0.019008998,-0.018837843,-0.01901314
2011-10-27,-0.01697253,-0.01692957,-0.016911585,-0.016899232,-0.016968507,-0.016823355,-0.016920704,-0.016960088,-0.016916115,-0.016917098,-0.01696736,-0.016942475,-0.01691391,-0.01697028,-0.01691081,-0.016915191,-0.016918633,-0.01703604,-0.01692349,-0.01710317
2011-10-28,-0.018910278,-0.018859688,-0.018828604,-0.018853087,-0.018902827,-0.018726531,-0.018824968,-0.018872205,-0.018830556,-0.01883765,-0.018880922,-0.018853981,-0.018837664,-0.018873218,-0.018824626,-0.018827874,-0.018822093,-0.018971283,-0.018846247,-0.0190125
2011-10-31,-0.018893335,-0.018868167,-0.018826801,-0.01882923,-0.018918369,-0.018792514,-0.018838156,-0.018872503,-0.01882838,-0.018807117,-0.01888663,-0.018852267,-0.018845323,-0.018828187,-0.018822212,-0.018827964,-0.018822912,-0.018949334,-0.01884285,-0.019015718
2011-11-01,-0.018891845,-0.018873844,-0.01882701,-0.01882017,-0.018913914,-0.018807385,-0.018824343,-0.018874172,-0.018827934,-0.018825296,-0.018890712,-0.018842552,-0.018831257,-0.018813793,-0.018824477,-0.018835206,-0.018816594,-0.018942747,-0.018846814,-0.01901466
2011-11-02,-0.01405177,-0.01404344,-0.013996427,-0.013981302,-0.014065732,-0.013982763,-0.013984774,-0.014038091,-0.013998662,-0.013969828,-0.014050697,-0.014017184,-0.013998409,-0.013969679,-0.013989766,-0.014015784,-0.013997157,-0.014055376,-0.014034872,-0.014181544
2011-11-03,-0.015439411,-0.015440484,-0.015396361,-0.015378629,-0.015469258,-0.01537991,-0.015389015,-0.015439813,-0.015399863,-0.01534534,-0.015452658,-0.015410324,-0.0154044675,-0.015374665,-0.015390222,-0.015407254,-0.015399327,-0.015480463,-0.015430053,-0.015582372
2011-11-04,-0.02032708,-0.020364556,-0.02032495,-0.020305876,-0.020417813,-0.020431373,-0.02033772,-0.020368118,-0.020327646,-0.0203113,-0.020383451,-0.020326842,-0.020317633,-0.020315353,-0.020323072,-0.020329062,-0.02032042,-0.020391736,-0.020377878,-0.020508904
2011-11-07,-0.01854581,-0.018598337,-0.018553946,-0.018536393,-0.018628974,-0.018681515,-0.018559579,-0.018599022,-0.018562708,-0.018453676,-0.01861285,-0.018560562,-0.018564288,-0.01854213,-0.018546749,-0.01856241,-0.018547747,-0.018678848,-0.018616844,-0.018739793
2011-11-08,-0.018816758,-0.018871043,-0.018827248,-0.0188133,-0.018905897,-0.018961225,-0.01884124,-0.01887064,-0.018837992,-0.0186967,-0.018887032,-0.01883236,-0.018849093,-0.018815864,-0.018818188,-0.018832806,-0.01882473,-0.018954385,-0.01888137,-0.019014481
2011-11-09,-0.018833224,-0.018876914,-0.018826697,-0.018809292,-0.018905345,-0.018969242,-0.018828724,-0.01886915,-0.018836979,-0.018705774,-0.018887285,-0.018833745,-0.018827666,-0.018814031,-0.018815223,-0.018827904,-0.018822003,-0.018959124,-0.01889192,-0.019013334
2011-11-10,-0.01883367,-0.01887003,-0.01882768,-0.018810038,-0.018916298,-0.019005883,-0.018822003,-0.018870715,-0.01883382,-0.018782038,-0.018891055,-0.018859971,-0.018824402,-0.018812124,-0.018817697,-0.01882765,-0.018826667,-0.018961344,-0.018889833,-0.019011963
2011-11-11,-0.018838186,-0.01884811,-0.01882786,-0.018810619,-0.018916894,-0.018987302,-0.018834535,-0.018871013,-0.018834326,-0.018789101,-0.018887613,-0.018858839,-0.018830229,-0.018813852,-0.018817265,-0.018823612,-0.018825535,-0.019006837,-0.018883903,-0.019013617
2011-11-14,-0.017421488,-0.017450962,-0.01741508,-0.017415363,-0.017495427,-0.017320205,-0.017405976,-0.01745965,-0.017429609,-0.017382447,-0.017476533,-0.017449189,-0.017484654,-0.01740082,-0.017403994,-0.01741198,-0.017410818,-0.017597202,-0.017471287,-0.017604385
2011-11-15,-0.018834148,-0.018861953,-0.018838365,-0.018835876,-0.018920157,-0.018678192,-0.018847648,-0.018874127,-0.018857632,-0.018802095,-0.018886242,-0.018847171,-0.018919501,-0.018815238,-0.018815178,-0.01883239,-0.018824432,-0.01896121,-0.018877912,-0.019016165
2011-11-16,-0.017358799,-0.017386887,-0.017357443,-0.017361913,-0.017426867,-0.01711737,-0.017350618,-0.017399047,-0.017371658,-0.017316226,-0.017407957,-0.017368916,-0.017447416,-0.017338518,-0.017338563,-0.017355088,-0.01734889,-0.01748136,-0.0173813,-0.017540205
2011-11-17,-0.01883087,-0.018872503,-0.018830586,-0.018819157,-0.018909786,-0.018766958,-0.018815015,-0.018875841,-0.018843178,-0.018790204,-0.018887881,-0.018850062,-0.018896807,-0.018867288,-0.018816207,-0.018828604,-0.018821228,-0.018943314,-0.018835235,-0.019013692
2011-11-18,-0.018834118,-0.01886164,-0.018828098,-0.01880959,-0.018895183,-0.018764798,-0.018817116,-0.018874187,-0.01883145,-0.0187908,-0.018884126,-0.018848736,-0.018906403,-0.018862668,-0.018825639,-0.018828202,-0.018818337,-0.018937562,-0.018832106,-0.019012216
2011-11-21,-0.018836144,-0.018857274,-0.018825773,-0.018810961,-0.018918771,-0.01880369,-0.018822182,-0.01887462,-0.01882555,-0.018735755,-0.018878926,-0.018846024,-0.018909652,-0.018885035,-0.018830258,-0.01883744,-0.018818978,-0.018908534,-0.01884504,-0.019015078
2011-11-22,-0.018844862,-0.01885273,-0.018829156,-0.018850494,-0.018900592,-0.018820155,-0.01882543,-0.018873665,-0.018834595,-0.018781204,-0.018870164,-0.018838335,-0.018908579,-0.018888656,-0.018828634,-0.018833939,-0.018819962,-0.018965501,-0.01885188,-0.019013677
2011-11-23,-0.018867437,-0.018845577,-0.018830422,-0.018827725,-0.018935788,-0.018822048,-0.018862654,-0.018871997,-0.01883455,-0.01881412,-0.018871877,-0.01883379,-0.018923122,-0.01890074,-0.018827666,-0.018832494,-0.018824313,-0.018958766,-0.01885653,-0.019014481
2011-11-25,-0.0188759,-0.018848468,-0.01883464,-0.018821646,-0.018922362,-0.018823449,-0.018870164,-0.018874172,-0.018836875,-0.018826518,-0.018878106,-0.018834818,-0.018920515,-0.018894944,-0.018825207,-0.018833179,-0.018826235,-0.018959004,-0.018843416,-0.019013498
2011-11-28,-0.018882815,-0.018857334,-0.018840212,-0.018818412,-0.018914822,-0.018823791,-0.018846113,-0.01887593,-0.018842865,-0.018837113,-0.018878896,-0.018838007,-0.018882338,-0.018884126,-0.018827293,-0.01883084,-0.018825445,-0.018964265,-0.018846784,-0.019016493
2011-11-29,-0.018861178,-0.018864576,-0.018836308,-0.018806387,-0.018904928,-0.018783588,-0.01883142,-0.018872742,-0.018838514,-0.018819142,-0.018876243,-0.018841255,-0.018864412,-0.018856216,-0.018825147,-0.018833045,-0.018826503,-0.01900724,-0.018837992,-0.019012127
2011-11-30,-0.018839214,-0.018873278,-0.01883297,-0.018812794,-0.018929098,-0.018770833,-0.018803615,-0.018868987,-0.01883391,-0.018814016,-0.018878195,-0.018843684,-0.01887453,-0.01886839,-0.01882546,-0.018833477,-0.018830303,-0.019007329,-0.018846098,-0.019014243
2011-12-01,-0.018859629,-0.018875603,-0.018833298,-0.018807206,-0.018865857,-0.01879907,-0.018810201,-0.018868852,-0.018835071,-0.018733058,-0.018882979,-0.018841136,-0.018871505,-0.01887383,-0.018832032,-0.018833835,-0.018828485,-0.018946756,-0.01886322,-0.01901174
2011-12-02,-0.018871132,-0.018876124,-0.018829469,-0.018806819,-0.018825341,-0.0188081,-0.018818442,-0.01886392,-0.018830825,-0.018724594,-0.018886361,-0.018843684,-0.018860046,-0.01888122,-0.018822689,-0.018828679,-0.018827263,-0.018947486,-0.018841583,-0.019011933
2011-12-05,-0.020138238,-0.020133171,-0.02009182,-0.020073283,-0.020070631,-0.020073999,-0.020086441,-0.020128462,-0.020095218,-0.019956205,-0.020145107,-0.020101879,-0.02010912,-0.020162825,-0.020084921,-0.020089943,-0.02008826,-0.020209078,-0.02010763,-0.020275418
2011-12-06,-0.018883485,-0.018873919,-0.018831436,-0.018808369,-0.018803615,-0.018672291,-0.018822018,-0.018871117,-0.018836994,-0.018785346,-0.018885646,-0.01883768,-0.018843103,-0.018903721,-0.018824015,-0.018829156,-0.018827427,-0.01894379,-0.018838484,-0.019013006
2011-12-07,-0.02625591,-0.026239578,-0.026183713,-0.026169274,-0.026179451,-0.02612609,-0.026182119,-0.026240397,-0.026192773,-0.02606893,-0.0262484,-0.026197124,-0.026177917,-0.026321162,-0.026180971,-0.026186395,-0.026188094,-0.026269961,-0.02619094,-0.026373629
2011-12-08,-0.018893648,-0.018878598,-0.018825103,-0.018809188,-0.018826324,-0.018804882,-0.018818859,-0.018872935,-0.01883756,-0.018734802,-0.018879164,-0.018841226,-0.018817175,-0.018939141,-0.018824983,-0.018834788,-0.018827546,-0.018902127,-0.018843997,-0.01901329
2011-12-09,-0.016054217,-0.016036693,-0.01598971,-0.015967045,-0.015980396,-0.01585858,-0.0159732,-0.016026262,-0.015996758,-0.015855286,-0.016036097,-0.015994657,-0.015986789,-0.016090516,-0.01598673,-0.015989441,-0.015990186,-0.016057257,-0.016000781,-0.016171116
2011-12-12,-0.018902946,-0.0188776,-0.018832866,-0.018814687,-0.018822048,-0.018786091,-0.01882561,-0.018869672,-0.018843833,-0.01870482,-0.018883739,-0.018840287,-0.01885255,-0.018931735,-0.018828262,-0.018838707,-0.01883519,-0.018908326,-0.018846933,-0.019014928
2011-12-13,-0.018892843,-0.018875752,-0.018833641,-0.018816713,-0.018823493,-0.018809844,-0.018821616,-0.018870134,-0.018842805,-0.018717263,-0.018879164,-0.018840183,-0.018849853,-0.018945951,-0.018865291,-0.0188309,-0.018835876,-0.018905569,-0.018839229,-0.019013677
2011-12-14,-0.022732321,-0.0227031,-0.022673178,-0.022650588,-0.022654537,-0.022654686,-0.022656236,-0.022713933,-0.022672597,-0.022520605,-0.022754047,-0.022670973,-0.022684414,-0.02277771,-0.02272052,-0.02266327,-0.022675563,-0.022735987,-0.022671927,-0.02285086
2011-12-15,-0.020852957,-0.0208028,-0.020781625,-0.020761851,-0.02076723,-0.02077179,-0.020765994,-0.02082919,-0.020785946,-0.020656113,-0.020869035,-0.020790655,-0.020805541,-0.020895872,-0.020840917,-0.020774532,-0.020768765,-0.020850707,-0.020785574,-0.020964388
2011-12-16,-0.02364682,-0.023603115,-0.023570467,-0.023556296,-0.02355944,-0.023559902,-0.02356625,-0.023615453,-0.02357382,-0.023445804,-0.023657788,-0.023579065,-0.023586337,-0.023684878,-0.023627404,-0.023561109,-0.023568813,-0.023651559,-0.023571376,-0.02375229
2011-12-19,-0.018902484,-0.018868927,-0.018833999,-0.01881424,-0.018822614,-0.01882324,-0.01883063,-0.01887225,-0.018836293,-0.018793378,-0.01891737,-0.018850092,-0.01883516,-0.018885959,-0.018888969,-0.018825028,-0.018835265,-0.018910814,-0.018836875,-0.019015048
2011-12-20,-0.018901829,-0.018867467,-0.018830422,-0.01880822,-0.018827233,-0.018822972,-0.018847678,-0.018870581,-0.018835772,-0.018815715,-0.01895656,-0.018843118,-0.01883154,-0.018915165,-0.018904705,-0.018825803,-0.018834103,-0.018922944,-0.018845204,-0.019012515
2011-12-21,-0.018909816,-0.018881787,-0.018833403,-0.01882403,-0.018826429,-0.018823672,-0.018834237,-0.018874872,-0.01883592,-0.01882105,-0.01892266,-0.018845264,-0.018858198,-0.018937219,-0.018904898,-0.01884066,-0.018832881,-0.018905614,-0.01884422,-0.01901326
2011-12-22,-0.018907119,-0.018881354,-0.018832866,-0.018821765,-0.018823195,-0.018698666,-0.018868629,-0.018873338,-0.018835489,-0.01882482,-0.018916849,-0.018846143,-0.01886839,-0.018955369,-0.018897746,-0.018830303,-0.018838543,-0.018966842,-0.018844817,-0.019016776
2011-12-23,-0.022895519,-0.022896994,-0.022851307,-0.022831071,-0.022845376,-0.02280343,-0.022893716,-0.022889305,-0.022851635,-0.022842128,-0.022940312,-0.022866402,-0.022913326,-0.022957955,-0.022935633,-0.022855464,-0.022852365,-0.022965405,-0.022861946,-0.02303258
2011-12-27,-0.01888575,-0.01887596,-0.018831912,-0.018865976,-0.018832345,-0.01881032,-0.018840972,-0.0188655,-0.01883072,-0.018825505,-0.018928234,-0.018843565,-0.01887152,-0.01893099,-0.0189219,-0.018831838,-0.018834237,-0.018926237,-0.01883893,-0.01901408
2011-12-28,-0.01890077,-0.018880222,-0.018832017,-0.018838588,-0.018889043,-0.018818129,-0.01885492,-0.018868316,-0.018839244,-0.01882467,-0.018925313,-0.018856604,-0.018839497,-0.018951762,-0.018929634,-0.018822331,-0.018827427,-0.018923078,-0.018843148,-0.019016046
2011-12-29,-0.018247966,-0.018228594,-0.018180627,-0.018181968,-0.018191222,-0.018173907,-0.01818775,-0.018214557,-0.018183518,-0.018176664,-0.018233676,-0.018190596,-0.018179629,-0.018314425,-0.018245775,-0.01817869,-0.018182281,-0.018348996,-0.018186841,-0.018362034
2011-12-30,-0.015718896,-0.015673328,-0.015646014,-0.015658218,-0.015685875,-0.015650366,-0.015667547,-0.015688825,-0.015654344,-0.015650991,-0.015707124,-0.015662286,-0.015645955,-0.015774522,-0.015751977,-0.015649263,-0.015651438,-0.015758935,-0.015660409,-0.015836153
2012-01-03,-0.018758837,-0.018708501,-0.018685047,-0.018694375,-0.01873115,-0.01868238,-0.018727574,-0.018716458,-0.01869205,-0.018690396,-0.018748332,-0.018701468,-0.018701036,-0.018821482,-0.018765856,-0.018693913,-0.018688235,-0.018768255,-0.018712316,-0.018872533
2012-01-04,-0.01889709,-0.01886857,-0.018829409,-0.018826324,-0.018866245,-0.018825073,-0.018871743,-0.018857125,-0.018831033,-0.018828768,-0.018918503,-0.018832494,-0.018864248,-0.018969823,-0.018923286,-0.018832494,-0.018837545,-0.018921155,-0.018853609,-0.01901311
2012-01-05,-0.018910203,-0.018892366,-0.018827874,-0.01884127,-0.018837098,-0.018825416,-0.018891934,-0.018849466,-0.018829796,-0.018826518,-0.018890146,-0.01884519,-0.018920425,-0.018982742,-0.0188797,-0.018830124,-0.018838618,-0.01895811,-0.018864501,-0.01901545
2012-01-06,-0.024937693,-0.024921808,-0.024843473,-0.024836946,-0.024870101,-0.02483793,-0.024897609,-0.024857808,-0.024843592,-0.02483927,-0.02490865,-0.02485605,-0.024934415,-0.024973009,-0.024939451,-0.024844695,-0.024848957,-0.024936441,-0.024872143,-0.0250278
2012-01-09,-0.017208178,-0.01720168,-0.01713029,-0.017122928,-0.017124925,-0.017128143,-0.017174933,-0.01714084,-0.017134566,-0.017127309,-0.017183755,-0.017141122,-0.017174412,-0.017276604,-0.017225493,-0.017129008,-0.01713254,-0.01721232,-0.017139364,-0.017315615
2012-01-10,-0.018907372,-0.01890238,-0.018828277,-0.018820722,-0.018816147,-0.018824298,-0.018885452,-0.018842686,-0.01882783,-0.01882409,-0.018888358,-0.018841479,-0.018847082,-0.01897766,-0.0189326,-0.01882701,-0.018823493,-0.018910412,-0.01884808,-0.019017372
2012-01-11,-0.016303543,-0.016280595,-0.016201112,-0.016187463,-0.016192097,-0.016200874,-0.016268421,-0.016229156,-0.01620372,-0.016200174,-0.016268421,-0.016210902,-0.016233,-0.016363788,-0.016288284,-0.01620384,-0.016196553,-0.01629271,-0.016219083,-0.016392443
2012-01-12,-0.01655804,-0.016521368,-0.016458828,-0.016467396,-0.01643664,-0.016457085,-0.016494919,-0.01648103,-0.016459558,-0.016456861,-0.016511772,-0.016467277,-0.016480613,-0.016606364,-0.016568694,-0.016461525,-0.01645464,-0.016541187,-0.016482804,-0.016648803
2012-01-13,-0.017220233,-0.01721448,-0.01713625,-0.01713309,-0.017122123,-0.017134342,-0.017171536,-0.017166514,-0.017134119,-0.017135236,-0.017199386,-0.017146934,-0.017150614,-0.017287556,-0.01725233,-0.017173383,-0.017136443,-0.017223988,-0.017164696,-0.01732475
2012-01-17,-0.019207302,-0.019190658,-0.01913159,-0.019110758,-0.019124988,-0.01913144,-0.019136522,-0.019161437,-0.019130502,-0.019131932,-0.019183818,-0.019141424,-0.019190196,-0.019276608,-0.019224498,-0.019148502,-0.019128803,-0.019193698,-0.01915631,-0.019312952
2012-01-18,-0.018900711,-0.018895317,-0.018828277,-0.018806804,-0.018819649,-0.018822957,-0.018855248,-0.0188669,-0.0188337,-0.018825922,-0.018888313,-0.018836815,-0.018874336,-0.01896881,-0.018910307,-0.018834729,-0.018826727,-0.01889925,-0.018847886,-0.019011814
2012-01-19,-0.018905584,-0.018898476,-0.018828277,-0.018800694,-0.01881798,-0.01881637,-0.01885428,-0.018877257,-0.018830705,-0.01882388,-0.018888745,-0.018835682,-0.018875558,-0.018965114,-0.018933464,-0.018832613,-0.018820975,-0.018911202,-0.018836562,-0.019007806
2012-01-20,-0.018954907,-0.018902946,-0.018825848,-0.018816654,-0.018816222,-0.018820483,-0.018875692,-0.018871415,-0.01883668,-0.018824134,-0.018883873,-0.018842477,-0.018934105,-0.01897769,-0.01893552,-0.018816356,-0.018826861,-0.01890831,-0.01884598,-0.018967662
2012-01-23,-0.018944655,-0.018892769,-0.018824238,-0.018812392,-0.01881725,-0.01861151,-0.0188465,-0.018855441,-0.01883817,-0.018822927,-0.018888105,-0.018832613,-0.018921558,-0.018979866,-0.01884899,-0.018836502,-0.01882555,-0.018895317,-0.01884206,-0.018956441
2012-01-24,-0.018972326,-0.018894572,-0.018822182,-0.018811677,-0.018818874,-0.01853371,-0.018837247,-0.018858794,-0.018831003,-0.018822033,-0.01889046,-0.018834118,-0.018937606,-0.018975634,-0.018831376,-0.018836964,-0.01883443,-0.01889791,-0.018846322,-0.018956307
2012-01-25,-0.019602243,-0.019526053,-0.019450326,-0.019441742,-0.019445661,-0.01946773,-0.01947837,-0.019488174,-0.019462127,-0.01944894,-0.019520734,-0.019464482,-0.019577939,-0.01959816,-0.019459654,-0.019478116,-0.019459281,-0.019519914,-0.019475866,-0.019635905
2012-01-26,-0.018962849,-0.01886915,-0.018795822,-0.018774856,-0.01879527,-0.018739078,-0.018803645,-0.018841568,-0.018803764,-0.018794764,-0.018858615,-0.01880904,-0.018947143,-0.018937457,-0.01880433,-0.018804375,-0.01881038,-0.018868092,-0.018817786,-0.018948276
2012-01-27,-0.018980313,-0.01889192,-0.018824015,-0.018808324,-0.018820692,-0.018698562,-0.01886255,-0.01887976,-0.018829454,-0.018823955,-0.018887628,-0.018841643,-0.018955562,-0.018930752,-0.018826175,-0.018828291,-0.01883215,-0.018891487,-0.018839527,-0.01897246
2012-01-30,-0.018678267,-0.018579636,-0.018518139,-0.018501777,-0.018514398,-0.018346164,-0.018550027,-0.018563736,-0.018525604,-0.018517438,-0.018572662,-0.018534828,-0.01860245,-0.018618781,-0.018513847,-0.018522684,-0.0185134,-0.018572304,-0.018525679,-0.018665198
2012-01-31,-0.019079406,-0.0190201,-0.018957678,-0.018941734,-0.018955592,-0.018926833,-0.018990535,-0.01899803,-0.018965114,-0.018958066,-0.019009385,-0.018976424,-0.0190727,-0.01905075,-0.018947829,-0.018970285,-0.018982042,-0.0189973,-0.018962402,-0.019143809
2012-02-01,-0.017254043,-0.017185617,-0.017101113,-0.01710743,-0.017098043,-0.017007012,-0.017146472,-0.017140541,-0.017108995,-0.017104391,-0.0171679,-0.017117802,-0.0172447,-0.017215405,-0.017211903,-0.017108891,-0.017117072,-0.017230991,-0.017106477,-0.017296929
2012-02-02,-0.017425064,-0.017339263,-0.017263759,-0.017256055,-0.0172592,-0.017236222,-0.01727328,-0.01730873,-0.017274085,-0.017267887,-0.017323676,-0.01728626,-0.017408628,-0.017338503,-0.017280627,-0.01727495,-0.017278183,-0.017335195,-0.017268855,-0.017458323
2012-02-03,-0.017259587,-0.017182607,-0.017111022,-0.017122317,-0.017106894,-0.01709925,-0.017113138,-0.017155875,-0.017120738,-0.017112095,-0.017165218,-0.01711974,-0.017238233,-0.017191175,-0.017112587,-0.017108042,-0.017120127,-0.017169926,-0.017116789,-0.017252792
2012-02-06,-0.018951092,-0.018895436,-0.018828575,-0.01881804,-0.018822912,-0.018814627,-0.018832806,-0.018873353,-0.018832583,-0.018823985,-0.018883023,-0.018827114,-0.018962104,-0.018892873,-0.018819857,-0.018849585,-0.018823031,-0.018883739,-0.01883443,-0.018945996
2012-02-07,-0.018981446,-0.018902544,-0.018833388,-0.01881804,-0.018822003,-0.018819291,-0.018859658,-0.018875245,-0.01883166,-0.018823806,-0.018885944,-0.018829409,-0.018979374,-0.01890621,-0.018841717,-0.018874738,-0.018844415,-0.018929992,-0.018839363,-0.018963236
2012-02-08,-0.017181698,-0.017089624,-0.017026294,-0.0170088,-0.017015446,-0.017014,-0.017034013,-0.017066378,-0.017027203,-0.017016876,-0.01708353,-0.017017592,-0.017167259,-0.017090995,-0.017127875,-0.017036457,-0.017024446,-0.017137263,-0.017037246,-0.017204467
2012-02-09,-0.018985081,-0.018895913,-0.018827159,-0.018806268,-0.018819246,-0.018817965,-0.018828321,-0.018865902,-0.018837426,-0.018822048,-0.01888651,-0.018829826,-0.018973816,-0.01890469,-0.018960122,-0.018829484,-0.0188323,-0.018949214,-0.018841792,-0.018981729
2012-02-10,-0.018983562,-0.01889341,-0.018823627,-0.018810187,-0.018817369,-0.018814761,-0.0188216,-0.018859375,-0.018825863,-0.018819962,-0.01888654,-0.018829513,-0.018979702,-0.018894408,-0.018971879,-0.018804673,-0.01882166,-0.018951882,-0.018837336,-0.018971134
2012-02-13,-0.018981371,-0.018893097,-0.018825058,-0.018801961,-0.01882388,-0.018818323,-0.018821154,-0.018865246,-0.018825416,-0.018823255,-0.018886466,-0.01885106,-0.018959675,-0.018893871,-0.01897851,-0.018804733,-0.018831689,-0.018956382,-0.018843967,-0.018980134
2012-02-14,-0.018984888,-0.018895376,-0.018826965,-0.01881506,-0.018820543,-0.018816728,-0.018851195,-0.018868048,-0.018825267,-0.018822778,-0.01888666,-0.018865738,-0.018971372,-0.018899057,-0.019006003,-0.018830169,-0.018835563,-0.01900101,-0.018837411,-0.019014794
2012-02-15,-0.021513347,-0.021414924,-0.021353979,-0.021339033,-0.02134541,-0.021344338,-0.021401022,-0.021393273,-0.021348137,-0.021353249,-0.021406759,-0.021387953,-0.021506492,-0.021416549,-0.021534178,-0.021353576,-0.021360565,-0.021531481,-0.021359388,-0.021540884
2012-02-16,-0.01897261,-0.01889025,-0.018825326,-0.018807668,-0.018819395,-0.018821407,-0.018831301,-0.018876392,-0.018826667,-0.01882385,-0.018881027,-0.018846694,-0.018972475,-0.01888958,-0.019001786,-0.018823404,-0.018843401,-0.01900648,-0.01884218,-0.019012768
2012-02-17,-0.018906195,-0.018889759,-0.01882175,-0.018808667,-0.018819887,-0.018820766,-0.018932436,-0.018886182,-0.018823165,-0.018819172,-0.018882249,-0.018826324,-0.01891749,-0.018889476,-0.01899499,-0.018822838,-0.018931333,-0.019007344,-0.01883014,-0.019013572
2012-02-21,-0.021388832,-0.021403927,-0.021325473,-0.021317903,-0.021326873,-0.021324594,-0.02146164,-0.02140205,-0.021329407,-0.021324087,-0.02139375,-0.02132446,-0.021473337,-0.021412376,-0.021506894,-0.021325845,-0.021465871,-0.021513302,-0.021340448,-0.02152336
2012-02-22,-0.018894333,-0.018892068,-0.018821467,-0.018811006,-0.018820647,-0.018819887,-0.01896717,-0.018894035,-0.018824432,-0.018817428,-0.018882979,-0.018825505,-0.018974025,-0.018898163,-0.018999163,-0.018820334,-0.018967647,-0.019008193,-0.018835891,-0.019015659
2012-02-23,-0.0167404,-0.016757477,-0.016691584,-0.016681243,-0.016691644,-0.016687427,-0.016846184,-0.016741905,-0.016690556,-0.01668701,-0.0167473,-0.016717676,-0.016836543,-0.01675992,-0.016861279,-0.01668923,-0.016837258,-0.016877372,-0.016692717,-0.016884524
2012-02-24,-0.022622485,-0.022629935,-0.022568632,-0.02255221,-0.022573058,-0.022565458,-0.022749055,-0.022605468,-0.022567797,-0.022563372,-0.022620816,-0.022597242,-0.022678334,-0.022631753,-0.02273092,-0.022564102,-0.02274895,-0.022751573,-0.022572074,-0.022756685
2012-02-27,-0.018874306,-0.018898118,-0.018826384,-0.018806148,-0.018824164,-0.018821958,-0.019007672,-0.018853236,-0.018823791,-0.018820856,-0.018887687,-0.018864963,-0.01896799,-0.018897597,-0.018988673,-0.018819515,-0.019007552,-0.019009028,-0.018833,-0.019013662
2012-02-28,-0.018875975,-0.018895749,-0.018825222,-0.018806893,-0.018819708,-0.018822793,-0.019008268,-0.018849183,-0.01882485,-0.018822733,-0.018888298,-0.018863652,-0.018932868,-0.018896181,-0.018989433,-0.01882163,-0.018948589,-0.019008998,-0.018839706,-0.01901332
2012-02-29,-0.016489554,-0.016478661,-0.016412888,-0.016395334,-0.016406152,-0.016407464,-0.016592879,-0.01643299,-0.016411055,-0.016406063,-0.016469572,-0.016436417,-0.01653086,-0.016478661,-0.016466383,-0.016405601,-0.01651964,-0.016593028,-0.016417775,-0.016597722
2012-03-01,-0.018942002,-0.018881772,-0.018830482,-0.018809069,-0.018831242,-0.018823419,-0.019008819,-0.01886383,-0.018828694,-0.018825639,-0.018890012,-0.018853564,-0.018958528,-0.018941302,-0.018853921,-0.01883294,-0.018866617,-0.018948723,-0.018836949,-0.019013334
2012-03-02,-0.018946726,-0.018878538,-0.018829156,-0.018806476,-0.018918712,-0.018820051,-0.019008983,-0.018870253,-0.018830795,-0.018827636,-0.018886182,-0.01885945,-0.0189703,-0.018933866,-0.018841181,-0.01882315,-0.018904049,-0.018944297,-0.018847752,-0.019012664
2012-03-05,-0.01816373,-0.018084306,-0.018033508,-0.018012438,-0.018062983,-0.01801895,-0.018213306,-0.01807322,-0.018033076,-0.01802807,-0.018092815,-0.018069584,-0.018163208,-0.018145446,-0.018038068,-0.018021468,-0.018090565,-0.018150497,-0.018050198,-0.018219803
2012-03-06,-0.018887687,-0.01888818,-0.018830974,-0.01880965,-0.018845726,-0.018816788,-0.019009236,-0.018854175,-0.018825833,-0.018823478,-0.018885914,-0.01886407,-0.018965025,-0.01894008,-0.018818099,-0.018815074,-0.018894631,-0.018940408,-0.018841404,-0.019014869
2012-03-07,-0.016881842,-0.0168566,-0.016802583,-0.016776059,-0.016805965,-0.016788933,-0.016976494,-0.016813297,-0.016793776,-0.016791169,-0.016847152,-0.01682784,-0.016922776,-0.01694252,-0.016780887,-0.016778965,-0.016865734,-0.016918454,-0.016809482,-0.016980741
2012-03-08,-0.01889779,-0.018896583,-0.01883902,-0.018812973,-0.01886851,-0.018822853,-0.019009162,-0.018866006,-0.018827204,-0.018823002,-0.01888663,-0.018858764,-0.01897337,-0.018968377,-0.018813197,-0.018818665,-0.0188444,-0.018957604,-0.018829215,-0.019016717
2012-03-09,-0.018879611,-0.018896524,-0.018831436,-0.018808383,-0.018865947,-0.018822435,-0.019009162,-0.018880699,-0.018828783,-0.018822718,-0.018886361,-0.018855516,-0.018882323,-0.018941972,-0.018816847,-0.018819291,-0.018871326,-0.018961657,-0.018841896,-0.019014228
2012-03-12,-0.02312908,-0.023146886,-0.023081172,-0.023055721,-0.023124222,-0.023069564,-0.02325714,-0.02314997,-0.023077462,-0.023072202,-0.02313656,-0.023101587,-0.023111079,-0.023183648,-0.023063023,-0.023065824,-0.02313951,-0.02321412,-0.023087446,-0.023262758
2012-03-13,-0.018886883,-0.018896986,-0.018827636,-0.018812452,-0.01884814,-0.018822093,-0.019009162,-0.018892888,-0.018828426,-0.018822167,-0.018884216,-0.018849958,-0.018846173,-0.018962119,-0.018816013,-0.018821958,-0.018892009,-0.01900709,-0.01884799,-0.019016419
2012-03-14,-0.014835586,-0.0148771005,-0.0148078995,-0.01478823,-0.014829685,-0.014806111,-0.014994596,-0.014868666,-0.0148172425,-0.014809285,-0.014867355,-0.014829119,-0.014834513,-0.014890199,-0.014800836,-0.014805471,-0.01488993,-0.01499169,-0.014819835,-0.01499558
2012-03-15,-0.018793855,-0.018892337,-0.01882166,-0.01880728,-0.018844847,-0.018820632,-0.019009206,-0.018876243,-0.018824909,-0.018822093,-0.018883917,-0.018830735,-0.018830348,-0.018941808,-0.018816028,-0.018821273,-0.01889271,-0.019006792,-0.01885261,-0.01901329
2012-03-16,-0.02038527,-0.02048174,-0.020410184,-0.020409767,-0.020426933,-0.020408977,-0.020597134,-0.020454127,-0.020413373,-0.020411182,-0.020467449,-0.0204182,-0.020502735,-0.020548228,-0.020406816,-0.020410452,-0.020484451,-0.020594765,-0.020436723,-0.020603005
2012-03-19,-0.019233663,-0.019208524,-0.019138265,-0.019130263,-0.01914974,-0.019134734,-0.01932459,-0.019178797,-0.019139234,-0.01913767,-0.019199733,-0.019156042,-0.019262183,-0.019292641,-0.019133095,-0.019133974,-0.01920681,-0.019322071,-0.019148428,-0.019331384
2012-03-20,-0.018951047,-0.018897895,-0.018827233,-0.018822853,-0.018841166,-0.018819634,-0.01899815,-0.018860135,-0.018830199,-0.01882473,-0.018887777,-0.01885039,-0.0188548,-0.018919889,-0.018819202,-0.018821556,-0.018848035,-0.01900712,-0.01884653,-0.019016687
2012-03-21,-0.016613875,-0.016553346,-0.016466457,-0.01646619,-0.016473401,-0.016461287,-0.016611505,-0.01650067,-0.016468663,-0.01646683,-0.016533155,-0.016508136,-0.01646601,-0.016590122,-0.016454134,-0.016462881,-0.0164803,-0.016652409,-0.016458098,-0.016660769
2012-03-22,-0.015830446,-0.015757117,-0.015690733,-0.01567756,-0.015686054,-0.0156837,-0.015841845,-0.015709434,-0.015686054,-0.015689332,-0.015735645,-0.015716169,-0.015704129,-0.01579753,-0.015679557,-0.015687216,-0.015686814,-0.015866626,-0.015697557,-0.015877355
2012-03-23,-0.020044405,-0.019962583,-0.019905243,-0.019883651,-0.019898418,-0.0199004,-0.02001201,-0.019927371,-0.019901697,-0.019903515,-0.019950572,-0.019918103,-0.019928072,-0.01999985,-0.019898418,-0.019911844,-0.019887347,-0.02008148,-0.019919831,-0.020087812
2012-03-26,-0.018953804,-0.018902782,-0.01882859,-0.018806834,-0.018816534,-0.018822853,-0.01887897,-0.018872518,-0.018826071,-0.018821213,-0.018886168,-0.01883969,-0.01882403,-0.018900607,-0.018821511,-0.018827219,-0.018822748,-0.019006584,-0.018855173,-0.0190132
2012-03-27,-0.018969718,-0.018904481,-0.018828321,-0.01880807,-0.018832508,-0.0188209,-0.018886033,-0.018884573,-0.018826295,-0.018819366,-0.018883336,-0.018830124,-0.018821377,-0.018900398,-0.018818174,-0.018824834,-0.018823836,-0.019006956,-0.018842343,-0.019013662
2012-03-28,-0.018970627,-0.018896196,-0.018828917,-0.018805984,-0.01883385,-0.018822063,-0.01890916,-0.01888946,-0.0188247,-0.01881655,-0.018882845,-0.01882409,-0.018817846,-0.018893514,-0.018819276,-0.018824104,-0.01881956,-0.019006092,-0.01883762,-0.019013513
2012-03-29,-0.019496445,-0.019460384,-0.01939537,-0.019374762,-0.01939093,-0.019388769,-0.01942112,-0.019455332,-0.019390423,-0.019382585,-0.019450147,-0.01938406,-0.019383807,-0.019459356,-0.019395847,-0.019388933,-0.019383598,-0.019574706,-0.019404981,-0.019581217
2012-03-30,-0.020191703,-0.020138744,-0.020094398,-0.020081524,-0.020102117,-0.020088349,-0.020119552,-0.02015974,-0.020089302,-0.020086158,-0.020164315,-0.020113502,-0.020086367,-0.020173494,-0.020086665,-0.020093236,-0.020084415,-0.020276029,-0.020099346,-0.020284895
2012-04-02,-0.019416366,-0.019396815,-0.019360486,-0.019343425,-0.01936284,-0.019354615,-0.019387055,-0.019408096,-0.019360859,-0.019355703,-0.019416232,-0.019386444,-0.01935028,-0.019423489,-0.019349683,-0.01935767,-0.019357685,-0.019537855,-0.019377146,-0.019546617
2012-04-03,-0.018715177,-0.018641178,-0.018618826,-0.018597443,-0.0186189,-0.018611956,-0.018674362,-0.018658537,-0.0186196,-0.018613447,-0.018662233,-0.018645901,-0.018607963,-0.01872838,-0.018602166,-0.018617649,-0.018611018,-0.018792246,-0.018633712,-0.018800337
2012-04-04,-0.018420745,-0.018370975,-0.018349383,-0.018328894,-0.01835062,-0.018344257,-0.018376458,-0.018387426,-0.018348057,-0.018344138,-0.018386725,-0.018378425,-0.018343065,-0.018456,-0.01834682,-0.018354628,-0.018342141,-0.01845539,-0.01836342,-0.018531013
2012-04-05,-0.018923972,-0.018877286,-0.018827785,-0.018805075,-0.018827695,-0.0188233,-0.018855859,-0.018888358,-0.018829662,-0.018824715,-0.018887285,-0.018845145,-0.018825058,-0.018904034,-0.018934447,-0.01884206,-0.018822718,-0.018944878,-0.018851269,-0.019012515
2012-04-09,-0.017060269,-0.01703665,-0.016978223,-0.016962115,-0.0170005,-0.016975094,-0.017076392,-0.017031658,-0.016982961,-0.01697423,-0.017026503,-0.016987417,-0.016976852,-0.017052803,-0.017111469,-0.01698767,-0.01697952,-0.017095584,-0.016999234,-0.017167348
2012-04-10,-0.018932883,-0.018878404,-0.018828247,-0.018806655,-0.018840287,-0.018823985,-0.018879835,-0.018884275,-0.01883829,-0.018823538,-0.018876571,-0.018843535,-0.018825237,-0.018936802,-0.018972117,-0.018851537,-0.018826578,-0.018942151,-0.018842105,-0.019013349
2012-04-11,-0.018915374,-0.018870953,-0.018828977,-0.018816326,-0.018842045,-0.018823717,-0.018845323,-0.018889371,-0.018833894,-0.018823285,-0.01888417,-0.018846188,-0.018826459,-0.018990312,-0.018813808,-0.018844564,-0.018830154,-0.018902037,-0.01886328,-0.018953938
2012-04-12,-0.018999029,-0.018906046,-0.018862043,-0.018848661,-0.01887286,-0.018856857,-0.018895213,-0.018928785,-0.0188662,-0.018853892,-0.018924642,-0.018880282,-0.018855412,-0.01899675,-0.018826682,-0.018868107,-0.018864516,-0.018939782,-0.018889923,-0.018995527
2012-04-13,-0.018274192,-0.018167872,-0.018137041,-0.018113155,-0.018140275,-0.018130485,-0.018184025,-0.018172894,-0.018134821,-0.018131662,-0.018187571,-0.018156726,-0.018121589,-0.018220965,-0.018149707,-0.018149871,-0.018136118,-0.018202994,-0.018160243,-0.018257592
2012-04-16,-0.016798276,-0.016740043,-0.01670656,-0.016688962,-0.0167245,-0.01670063,-0.01671343,-0.016741384,-0.01669905,-0.016703311,-0.016755614,-0.016726274,-0.016665954,-0.016836185,-0.016700182,-0.016712505,-0.016703922,-0.016772542,-0.016743336,-0.016825903
2012-04-17,-0.018909205,-0.01886547,-0.018828545,-0.018809412,-0.018852804,-0.018823463,-0.018825997,-0.01886693,-0.01882619,-0.018828455,-0.018886406,-0.018846605,-0.018784467,-0.019006584,-0.018806104,-0.018841181,-0.018828023,-0.0188994,-0.01885039,-0.018911574
2012-04-18,-0.02241199,-0.022302661,-0.02225982,-0.022242177,-0.022372443,-0.022252697,-0.022298668,-0.022300873,-0.022261102,-0.022261817,-0.022317547,-0.022269446,-0.022240568,-0.022406492,-0.02235796,-0.022272322,-0.022265214,-0.022331197,-0.022289354,-0.022343803
2012-04-19,-0.019500691,-0.019387592,-0.01934177,-0.019331787,-0.01935846,-0.019334797,-0.019363303,-0.019382078,-0.01934189,-0.019339759,-0.019400958,-0.019361604,-0.019183595,-0.019471008,-0.019462187,-0.019365627,-0.019348267,-0.019465286,-0.01935153,-0.019432176
2012-04-20,-0.018959258,-0.01887687,-0.018828202,-0.018811855,-0.018824179,-0.01882184,-0.018842313,-0.018861283,-0.018828664,-0.018828053,-0.018887226,-0.018849555,-0.018614966,-0.01896799,-0.01896805,-0.01886538,-0.018836875,-0.018959913,-0.018841881,-0.018910546
2012-04-23,-0.01891132,-0.018884916,-0.018826742,-0.018812079,-0.018819977,-0.018821184,-0.018833641,-0.018865902,-0.018829692,-0.018829796,-0.01888876,-0.018835653,-0.018864322,-0.01894692,-0.018972192,-0.01886772,-0.018834297,-0.018899772,-0.018846918,-0.018907849
2012-04-24,-0.018942822,-0.018891592,-0.018827442,-0.018810708,-0.018855635,-0.018823106,-0.018834565,-0.018862057,-0.01883087,-0.018830229,-0.018893111,-0.018842746,-0.018935625,-0.018925864,-0.018840823,-0.018868748,-0.018832717,-0.018899862,-0.018845607,-0.018908877
2012-04-25,-0.015868384,-0.015763853,-0.015698228,-0.01568583,-0.01580197,-0.015691895,-0.015716616,-0.015737835,-0.015701849,-0.015699837,-0.015766729,-0.015697856,-0.015835945,-0.01580641,-0.015758831,-0.015731338,-0.015699465,-0.015820015,-0.015721474,-0.015797827
2012-04-26,-0.018954609,-0.018884007,-0.018829156,-0.018814746,-0.018851463,-0.018821243,-0.018852416,-0.01886684,-0.018832002,-0.018828604,-0.01889247,-0.01883522,-0.018974874,-0.01894698,-0.018812064,-0.01886331,-0.018827323,-0.018940512,-0.018836517,-0.018911783
2012-04-27,-0.017130826,-0.017080758,-0.01703522,-0.017032895,-0.017034117,-0.017027993,-0.017056752,-0.017085064,-0.017039154,-0.017033268,-0.017111395,-0.017052118,-0.017216656,-0.017124329,-0.017002646,-0.017064054,-0.017035875,-0.017163862,-0.017034817,-0.01712479
2012-04-30,-0.018858332,-0.01875225,-0.018724833,-0.01871695,-0.018837277,-0.01872233,-0.018736113,-0.018749315,-0.018727709,-0.018726308,-0.018812079,-0.018742982,-0.018908639,-0.01883066,-0.018751655,-0.01873431,-0.0187666,-0.018862236,-0.018722821,-0.018811602
2012-05-01,-0.018992115,-0.01885352,-0.018822048,-0.018822093,-0.018911768,-0.018824238,-0.018835563,-0.018842895,-0.01883011,-0.018824074,-0.018908937,-0.018838827,-0.019007344,-0.018953357,-0.018858645,-0.018831719,-0.018889923,-0.018961076,-0.018823106,-0.018923957
2012-05-02,-0.019856725,-0.019772667,-0.01971737,-0.01971962,-0.019791786,-0.019718427,-0.019739855,-0.019745816,-0.019725028,-0.019723866,-0.019812766,-0.019734982,-0.019778881,-0.019826908,-0.01973154,-0.019717265,-0.019835312,-0.019859914,-0.019728664,-0.019812409
2012-05-03,-0.018925462,-0.018879104,-0.01882336,-0.01881801,-0.018870953,-0.018811498,-0.018845502,-0.018848855,-0.018827308,-0.018823612,-0.018909488,-0.018836979,-0.018976185,-0.018909458,-0.018788267,-0.01885407,-0.018871907,-0.01900478,-0.018843133,-0.018916685
2012-05-04,-0.018071774,-0.018015716,-0.017946217,-0.01793823,-0.018038232,-0.017941747,-0.017966542,-0.01798122,-0.017952774,-0.017943103,-0.018030453,-0.01795325,-0.018118981,-0.018044088,-0.017943207,-0.017975051,-0.017952386,-0.018130485,-0.017961968,-0.018036459
2012-05-07,-0.016900156,-0.016857091,-0.016790051,-0.016769055,-0.016861383,-0.016786058,-0.016784523,-0.016822804,-0.01679476,-0.0167864,-0.016865585,-0.01681054,-0.016966704,-0.016863469,-0.016797695,-0.0168255,-0.01689637,-0.016969983,-0.016804252,-0.016874377
2012-05-08,-0.018938128,-0.018894274,-0.018824805,-0.018810425,-0.018891219,-0.018819097,-0.018827576,-0.018847723,-0.018829439,-0.018817905,-0.018911708,-0.01883756,-0.0189814,-0.018879998,-0.0188427,-0.01887587,-0.018979732,-0.019005347,-0.018840227,-0.018914912
2012-05-09,-0.018915508,-0.018893693,-0.018825863,-0.018808026,-0.0189091,-0.01882087,-0.018826399,-0.01885729,-0.018830273,-0.018826235,-0.018909309,-0.018835563,-0.019007567,-0.018884901,-0.018852282,-0.018844295,-0.018937979,-0.019007046,-0.018838141,-0.018911202
2012-05-10,-0.01895513,-0.018884692,-0.018826056,-0.018807475,-0.01894473,-0.01882409,-0.018819649,-0.018862937,-0.018828992,-0.0188271,-0.01890229,-0.01883762,-0.018937085,-0.018887255,-0.01885495,-0.018865574,-0.018936727,-0.019006032,-0.018841568,-0.018908594
2012-05-11,-0.018954683,-0.01889873,-0.018827174,-0.018820781,-0.01896045,-0.01882488,-0.018891726,-0.01886617,-0.018826906,-0.018823523,-0.018892307,-0.018834446,-0.018928546,-0.018960956,-0.018839497,-0.018858109,-0.018965382,-0.01900408,-0.018846143,-0.018929783
2012-05-14,-0.016895536,-0.016876552,-0.016826335,-0.016792689,-0.01695231,-0.016822968,-0.016823296,-0.016870964,-0.016825948,-0.016824279,-0.016893212,-0.016835798,-0.016876388,-0.016954813,-0.016846944,-0.016851325,-0.016962577,-0.017004032,-0.016844321,-0.01688883
2012-05-15,-0.018892873,-0.018878896,-0.018828843,-0.018798087,-0.018974666,-0.018823583,-0.018815834,-0.018869776,-0.0188292,-0.018825624,-0.018891368,-0.018834341,-0.018927712,-0.018959794,-0.018871222,-0.018868048,-0.018943284,-0.019003768,-0.018846411,-0.018892515
2012-05-16,-0.018920723,-0.018875886,-0.018828485,-0.018801395,-0.018938292,-0.018825326,-0.018814106,-0.018863637,-0.018828813,-0.018825907,-0.018884037,-0.018834356,-0.018898252,-0.018855486,-0.018872622,-0.018865991,-0.018951733,-0.019004975,-0.01884139,-0.018893514
2012-05-17,-0.01892056,-0.018892888,-0.018828351,-0.018778358,-0.018995065,-0.018825714,-0.018808026,-0.018853191,-0.018829424,-0.018825877,-0.01888201,-0.018831197,-0.018922452,-0.018981997,-0.018848468,-0.018874321,-0.018908907,-0.019001756,-0.018838126,-0.01890302
2012-05-18,-0.01890004,-0.018873636,-0.018830676,-0.0188067,-0.018991027,-0.018823389,-0.018813033,-0.018847335,-0.018829603,-0.018827382,-0.018880073,-0.018831853,-0.018926967,-0.018880341,-0.018823747,-0.018875394,-0.018933121,-0.019006792,-0.01883081,-0.01888666
2012-05-21,-0.022284586,-0.022258896,-0.02222133,-0.02219354,-0.022372413,-0.022209186,-0.022196371,-0.022241373,-0.022224847,-0.022213805,-0.02226885,-0.022224788,-0.022294138,-0.022248585,-0.022232655,-0.02225985,-0.022268984,-0.0223932,-0.022223342,-0.022275392
2012-05-22,-0.018899906,-0.018873442,-0.018838827,-0.018808696,-0.018948663,-0.018822808,-0.018812943,-0.018863741,-0.018837009,-0.01883014,-0.018879015,-0.018841658,-0.018935267,-0.018836532,-0.018847961,-0.018871058,-0.01889928,-0.01900791,-0.018854517,-0.018888865
2012-05-23,-0.01874924,-0.018738512,-0.01870184,-0.018674958,-0.01884884,-0.018690381,-0.018687088,-0.018733118,-0.018707652,-0.018699203,-0.01874252,-0.01870558,-0.018788982,-0.018728275,-0.018728677,-0.018736545,-0.018757049,-0.01887447,-0.018728945,-0.018748332
2012-05-24,-0.018899027,-0.01886775,-0.018835355,-0.01880734,-0.018966753,-0.01882397,-0.018815357,-0.018866602,-0.018842552,-0.0188309,-0.018879805,-0.018842492,-0.018891815,-0.018832762,-0.018868167,-0.018868316,-0.018904138,-0.019008998,-0.018857572,-0.018885512
2012-05-25,-0.018871088,-0.018870953,-0.018835086,-0.018807832,-0.018953491,-0.018823687,-0.018815476,-0.018865723,-0.018833224,-0.018830854,-0.018882368,-0.018842403,-0.018895436,-0.018833432,-0.018869046,-0.018861938,-0.018894184,-0.019008983,-0.018845934,-0.018886615
2012-05-29,-0.018890042,-0.018874932,-0.018833343,-0.018810738,-0.018959064,-0.018824015,-0.018819276,-0.018864486,-0.018847693,-0.018792603,-0.01888341,-0.018841822,-0.018940438,-0.018835563,-0.018880371,-0.018863682,-0.018881295,-0.019008998,-0.018842671,-0.018892054
2012-05-30,-0.018876184,-0.018875618,-0.01883239,-0.01880889,-0.018957395,-0.018823538,-0.018813763,-0.018862624,-0.018837694,-0.018709872,-0.018881116,-0.01885261,-0.018913958,-0.018831003,-0.018861461,-0.018870223,-0.018884841,-0.01898298,-0.01884218,-0.018887881
2012-05-31,-0.016932357,-0.016932119,-0.016890991,-0.016867641,-0.017016757,-0.016881336,-0.016871799,-0.016917665,-0.016918708,-0.01684742,-0.01693711,-0.016905908,-0.016969714,-0.016890857,-0.016898949,-0.016934652,-0.01693112,-0.017040301,-0.016900826,-0.016944174
2012-06-01,-0.018886019,-0.018879417,-0.0188316,-0.018808369,-0.01897243,-0.018824179,-0.018812243,-0.018848944,-0.018853072,-0.018815983,-0.018877957,-0.018837843,-0.018926892,-0.01882242,-0.01882771,-0.018876899,-0.018874425,-0.018982414,-0.018856052,-0.01888593
2012-06-04,-0.017386649,-0.017399017,-0.01735242,-0.017330218,-0.017491404,-0.017345447,-0.017333422,-0.017370392,-0.017363358,-0.017338473,-0.017397556,-0.017361809,-0.017441813,-0.01745512,-0.017350603,-0.017393637,-0.017394427,-0.017528389,-0.017385919,-0.017405082
2012-06-05,-0.018888,-0.018873382,-0.01882838,-0.018807668,-0.01896735,-0.018822778,-0.018824507,-0.01885413,-0.018846292,-0.018825639,-0.018880654,-0.018833477,-0.018911216,-0.018960867,-0.018901233,-0.01888797,-0.018877719,-0.01899362,-0.018862102,-0.018886033
2012-06-06,-0.016554717,-0.016582403,-0.016537774,-0.016516466,-0.016673777,-0.016530592,-0.016525272,-0.01657455,-0.016565476,-0.016533736,-0.016594592,-0.016542215,-0.016636927,-0.016681928,-0.016618792,-0.016595814,-0.016581822,-0.016704429,-0.016565863,-0.01660018
2012-06-07,-0.018836487,-0.018871132,-0.018832225,-0.018809114,-0.018995572,-0.018824238,-0.018816609,-0.01887149,-0.018874425,-0.018832136,-0.018886495,-0.018838469,-0.018931512,-0.01893023,-0.01890387,-0.018882964,-0.018877868,-0.018996108,-0.01884808,-0.018887449
2012-06-08,-0.022883076,-0.02292316,-0.022879738,-0.022855971,-0.023024369,-0.022872422,-0.022865463,-0.02291644,-0.022902492,-0.022828568,-0.022931624,-0.022882272,-0.022948671,-0.023041967,-0.022990394,-0.022931565,-0.022921864,-0.023056973,-0.022895757,-0.022932533
2012-06-11,-0.018626768,-0.018657375,-0.018610943,-0.018592525,-0.018764574,-0.018604431,-0.018596563,-0.018640641,-0.018630225,-0.01856077,-0.018654872,-0.0186151,-0.01865584,-0.018783558,-0.018762443,-0.018682707,-0.01865891,-0.018790502,-0.018620688,-0.018657658
2012-06-12,-0.018844549,-0.01888742,-0.018833,-0.018807296,-0.018963102,-0.018821184,-0.0188119,-0.018857915,-0.018810395,-0.018792871,-0.01888423,-0.018835697,-0.018859733,-0.01893488,-0.018980492,-0.018900294,-0.018878002,-0.019009057,-0.01884206,-0.018885393
2012-06-13,-0.017753545,-0.017804105,-0.017748196,-0.017723877,-0.01785897,-0.017735932,-0.01773331,-0.01777688,-0.017742489,-0.017678443,-0.017801408,-0.017754529,-0.017784763,-0.017823923,-0.017864365,-0.01780169,-0.017805267,-0.017922629,-0.01775572,-0.017801512
2012-06-14,-0.018826801,-0.018902574,-0.018830989,-0.01881655,-0.018924702,-0.018820364,-0.01881862,-0.018860389,-0.018842716,-0.018755842,-0.018887375,-0.018837962,-0.018871818,-0.018931214,-0.018958006,-0.018880758,-0.018893857,-0.01900195,-0.018836383,-0.018889863
2012-06-15,-0.017725442,-0.017780188,-0.01772045,-0.017701898,-0.017829437,-0.017713953,-0.017704476,-0.017743278,-0.017718751,-0.017575357,-0.01776122,-0.017729957,-0.017756123,-0.017808575,-0.01780181,-0.017772544,-0.017764214,-0.017891724,-0.017722968,-0.017756749
2012-06-18,-0.018845458,-0.018878017,-0.01882841,-0.018810559,-0.018963162,-0.018818844,-0.018816728,-0.018864233,-0.018829007,-0.01870704,-0.018888537,-0.018853057,-0.018880773,-0.018873159,-0.018963609,-0.018893559,-0.018860701,-0.019005287,-0.018831674,-0.018887226
2012-06-19,-0.018838663,-0.018878002,-0.018827368,-0.018809814,-0.018941972,-0.018819947,-0.018811781,-0.018852863,-0.018843818,-0.018757645,-0.018888045,-0.01884598,-0.018885735,-0.018875826,-0.01895285,-0.018889058,-0.01886842,-0.019004185,-0.018848065,-0.01888961
2012-06-20,-0.018839557,-0.018887762,-0.018827055,-0.018809307,-0.018941898,-0.018816594,-0.018813629,-0.018849734,-0.018836949,-0.018797178,-0.018887583,-0.018843133,-0.0188804,-0.018877137,-0.018978078,-0.018884633,-0.018942196,-0.019003425,-0.018865515,-0.018896032
2012-06-21,-0.015971366,-0.01601762,-0.015963394,-0.015944514,-0.016087074,-0.01595417,-0.015948374,-0.01599041,-0.015981335,-0.015906949,-0.016016055,-0.015969608,-0.016011272,-0.01597147,-0.016106207,-0.016013239,-0.016017053,-0.016136575,-0.015987564,-0.016015444
2012-06-22,-0.018337343,-0.018383775,-0.018338863,-0.018313784,-0.018474776,-0.018325556,-0.018317375,-0.018368322,-0.018352885,-0.018278692,-0.018390406,-0.018337239,-0.018377919,-0.018357147,-0.01848169,-0.01838239,-0.018407438,-0.01850671,-0.018368933,-0.018391032
2012-06-25,-0.020744491,-0.020747501,-0.020696092,-0.020673398,-0.020838771,-0.020681221,-0.020684827,-0.020727906,-0.020706493,-0.020692576,-0.020750705,-0.020702574,-0.020738948,-0.020730916,-0.020844448,-0.020734046,-0.02075826,-0.020867009,-0.020703468,-0.020755846
2012-06-26,-0.01884273,-0.018884305,-0.018842611,-0.018810917,-0.01897246,-0.018818531,-0.018818099,-0.018869136,-0.01884124,-0.018755917,-0.01888806,-0.018833969,-0.018874247,-0.018873382,-0.018990163,-0.018864442,-0.018936608,-0.019002978,-0.018842224,-0.018892337
2012-06-27,-0.018833864,-0.018883083,-0.018834848,-0.018810023,-0.018962998,-0.018819917,-0.018814538,-0.018859554,-0.01883993,-0.01875024,-0.01888593,-0.018842686,-0.018870104,-0.01885635,-0.01894084,-0.018848363,-0.018887434,-0.019003559,-0.01885729,-0.018888522
2012-06-28,-0.018837932,-0.018883858,-0.018836964,-0.018812317,-0.018967066,-0.018822629,-0.01881865,-0.0188638,-0.01885933,-0.01879764,-0.01888663,-0.018834267,-0.018874753,-0.018847514,-0.018930081,-0.018852938,-0.018892441,-0.019002993,-0.018852655,-0.018891502
2012-06-29,-0.018836517,-0.0188828,-0.018832672,-0.01880877,-0.018959481,-0.018820751,-0.018812556,-0.01886687,-0.018849853,-0.018813092,-0.018888477,-0.01883765,-0.018871028,-0.01883388,-0.018910144,-0.018847156,-0.018892605,-0.01900271,-0.018852938,-0.018889654
2012-07-02,-0.018840153,-0.01887438,-0.018827487,-0.018808816,-0.018905777,-0.018824521,-0.018816058,-0.018867884,-0.018855754,-0.018825088,-0.018887866,-0.018844742,-0.01887614,-0.018847052,-0.018892754,-0.018880118,-0.01889104,-0.01900408,-0.018843416,-0.01889098
2012-07-03,-0.018833403,-0.018878404,-0.01882768,-0.018809307,-0.01890317,-0.018822614,-0.018819366,-0.018872071,-0.018850211,-0.018787,-0.018885393,-0.018835563,-0.018876765,-0.0188731,-0.018848453,-0.01886842,-0.018887717,-0.019004542,-0.018838514,-0.018891696
2012-07-05,-0.01884428,-0.018885005,-0.01882555,-0.018811274,-0.018916998,-0.018787462,-0.018828366,-0.018868137,-0.018834595,-0.018747527,-0.01888417,-0.018843357,-0.018879358,-0.0188413,-0.018885989,-0.018869225,-0.018923465,-0.019004378,-0.018850822,-0.01889949
2012-07-06,-0.01883294,-0.01888496,-0.018825416,-0.01881266,-0.018907133,-0.018812794,-0.01882166,-0.018870432,-0.018836368,-0.018695567,-0.01888271,-0.018834028,-0.018877704,-0.018864024,-0.018855695,-0.018870298,-0.018889371,-0.01900484,-0.01885121,-0.018955056
2012-07-09,-0.018829782,-0.018881027,-0.018828366,-0.018809903,-0.018892262,-0.0188029,-0.018821452,-0.018872876,-0.018832285,-0.018673021,-0.018882174,-0.018834773,-0.018873055,-0.018848259,-0.018881638,-0.018874649,-0.01889484,-0.019005526,-0.01885486,-0.018958975
2012-07-10,-0.018830482,-0.018876035,-0.0188309,-0.018809382,-0.018883158,-0.018817697,-0.01881801,-0.018872518,-0.018838186,-0.018709097,-0.01888423,-0.01883911,-0.018873353,-0.018858511,-0.018865917,-0.018865068,-0.018893305,-0.019004349,-0.01884726,-0.018962685
2012-07-11,-0.018823821,-0.018875662,-0.0188299,-0.018807713,-0.018892426,-0.01879308,-0.018820543,-0.018866856,-0.018839974,-0.018705431,-0.018884901,-0.018833537,-0.018876705,-0.018831838,-0.018850464,-0.018842194,-0.01892208,-0.019004706,-0.018837247,-0.018968645
2012-07-12,-0.01848631,-0.01852699,-0.018490318,-0.018465016,-0.018532787,-0.018449653,-0.018472973,-0.018523593,-0.018496726,-0.018365119,-0.018541563,-0.018491972,-0.018526662,-0.018475521,-0.018512163,-0.018515099,-0.018540654,-0.018661175,-0.018489558,-0.018668342
2012-07-13,-0.015336727,-0.01538374,-0.015346562,-0.015318175,-0.015419443,-0.015322094,-0.015326981,-0.015372445,-0.0153550105,-0.015256082,-0.0153954225,-0.015345682,-0.015370374,-0.015357752,-0.015352328,-0.0153637575,-0.015396257,-0.015511532,-0.01534008,-0.015519162
2012-07-16,-0.016703952,-0.016750474,-0.01671489,-0.016687948,-0.016764868,-0.01664937,-0.016700495,-0.016744826,-0.016727079,-0.016786147,-0.016767237,-0.01671641,-0.016741086,-0.016685415,-0.01672912,-0.01673675,-0.0167646,-0.016882692,-0.016715635,-0.016890857
2012-07-17,-0.018824805,-0.018868003,-0.01884045,-0.01882616,-0.018897463,-0.018782172,-0.018860538,-0.018867765,-0.018847395,-0.018951286,-0.01889247,-0.018834863,-0.018873248,-0.018822346,-0.018861208,-0.018853907,-0.018921275,-0.018997911,-0.018842895,-0.018955294
2012-07-18,-0.018828768,-0.018872593,-0.018831495,-0.018815476,-0.018887822,-0.01876532,-0.018842388,-0.018870328,-0.018850598,-0.018967811,-0.018889416,-0.018833984,-0.018868688,-0.018834833,-0.018874262,-0.018840525,-0.018895078,-0.019002054,-0.018856961,-0.018940274
2012-07-19,-0.01808669,-0.018145654,-0.018090699,-0.018075246,-0.018166501,-0.017998118,-0.018098999,-0.018143881,-0.018114883,-0.018239904,-0.018153194,-0.018098477,-0.018133748,-0.018090997,-0.018145073,-0.018117372,-0.018161196,-0.018266056,-0.018103663,-0.018205646
2012-07-20,-0.017291162,-0.017339218,-0.01729891,-0.017283145,-0.017343197,-0.017161015,-0.01733308,-0.017333735,-0.017328147,-0.017478112,-0.017360095,-0.01730365,-0.01734339,-0.017306466,-0.017355148,-0.017339561,-0.017399568,-0.017476682,-0.017303396,-0.017411266
2012-07-23,-0.030130122,-0.030197266,-0.030140419,-0.030124623,-0.030209515,-0.030000005,-0.030151669,-0.030186478,-0.030151669,-0.030319083,-0.030219246,-0.030150432,-0.030205969,-0.030144174,-0.030194882,-0.030198354,-0.030274097,-0.030313257,-0.03015523,-0.03023288
2012-07-24,-0.018817667,-0.01887228,-0.018831406,-0.0188126,-0.018875334,-0.018779967,-0.01883063,-0.018852893,-0.018832628,-0.019008148,-0.018887866,-0.018836785,-0.018874783,-0.01883087,-0.018846545,-0.018892694,-0.018929724,-0.01900499,-0.018840525,-0.018889476
2012-07-25,-0.018821497,-0.018871892,-0.018837083,-0.018809814,-0.01888207,-0.018799726,-0.018826861,-0.018850822,-0.018829066,-0.01900864,-0.01888736,-0.01883367,-0.01886991,-0.01886155,-0.018845368,-0.018881712,-0.018864546,-0.019006465,-0.018853772,-0.018890176
2012-07-26,-0.0188226,-0.018876988,-0.018842075,-0.018810544,-0.018879075,-0.01881339,-0.0188171,-0.018860672,-0.018829662,-0.01884361,-0.018885422,-0.018841926,-0.018871535,-0.018857036,-0.018851046,-0.018873382,-0.018882949,-0.018985782,-0.018849824,-0.018895019
2012-07-27,-0.01589391,-0.015945304,-0.015914548,-0.015880156,-0.015949953,-0.015890155,-0.015893016,-0.015919302,-0.015907872,-0.015817184,-0.015962247,-0.015906606,-0.015948389,-0.015944172,-0.015928496,-0.015932042,-0.015952025,-0.016054992,-0.015921224,-0.015970666
2012-07-30,-0.015428846,-0.015471091,-0.01544783,-0.015415912,-0.015474175,-0.015425478,-0.015428682,-0.015449201,-0.015405704,-0.015428652,-0.015489315,-0.015444432,-0.01547036,-0.015446653,-0.015468319,-0.0154474275,-0.015475561,-0.015539338,-0.015448798,-0.015491446
2012-07-31,-0.018823091,-0.018871952,-0.01884659,-0.018810112,-0.01887286,-0.018820558,-0.018830959,-0.018853027,-0.018779937,-0.018783975,-0.018887345,-0.018834356,-0.018867034,-0.01882391,-0.01887605,-0.018837634,-0.01889192,-0.018933017,-0.018838245,-0.018890206
2012-08-01,-0.016662646,-0.016723577,-0.01668002,-0.016651634,-0.016722832,-0.016661365,-0.016664226,-0.016698662,-0.016661946,-0.01664849,-0.016735245,-0.016674224,-0.016714413,-0.016737033,-0.016722444,-0.016686264,-0.016687322,-0.016771335,-0.016690273,-0.016743261
2012-08-02,-0.01580656,-0.015862856,-0.015823845,-0.015792672,-0.015860055,-0.015802536,-0.015808407,-0.015849967,-0.015824992,-0.015807662,-0.015871305,-0.015819807,-0.015855465,-0.015883867,-0.015836839,-0.015831102,-0.0158245,-0.015898872,-0.015827108,-0.015873645
2012-08-03,-0.016425673,-0.016481299,-0.016437057,-0.016412009,-0.016481686,-0.016421113,-0.016434733,-0.016473893,-0.016446907,-0.01638775,-0.016490702,-0.016434316,-0.016482834,-0.016540471,-0.016474295,-0.016451437,-0.016430635,-0.016479302,-0.01645312,-0.016496513
2012-08-06,-0.01875681,-0.018805925,-0.018769462,-0.018742073,-0.018803407,-0.018752296,-0.018762264,-0.01878791,-0.018818755,-0.018745739,-0.018810887,-0.018767718,-0.01880591,-0.0188451,-0.018809993,-0.018776704,-0.018767077,-0.018803839,-0.01879451,-0.018818561
2012-08-07,-0.01882786,-0.018879417,-0.018838186,-0.01881181,-0.018879492,-0.018821348,-0.018826026,-0.018858705,-0.018872071,-0.018812928,-0.018889729,-0.018834773,-0.018877361,-0.01895203,-0.018883709,-0.018862952,-0.018836442,-0.018880967,-0.018862177,-0.018897016
2012-08-08,-0.018823791,-0.018881816,-0.018834312,-0.018811602,-0.01888201,-0.018820409,-0.018846322,-0.018864963,-0.018878926,-0.018824507,-0.018889625,-0.018834416,-0.01887362,-0.01892661,-0.018887538,-0.01885124,-0.018830854,-0.018877406,-0.018861491,-0.01889563
2012-08-09,-0.018376622,-0.018442903,-0.018392209,-0.018368829,-0.018446822,-0.018376235,-0.018404964,-0.018421907,-0.018446852,-0.018384878,-0.018452648,-0.01838969,-0.018434633,-0.018484268,-0.018435288,-0.018397648,-0.01839066,-0.018442366,-0.01841155,-0.018461604
2012-08-10,-0.01750319,-0.017568488,-0.017516304,-0.01749641,-0.017568577,-0.01750325,-0.017526824,-0.017551187,-0.017583672,-0.017516766,-0.017581943,-0.017517526,-0.017568205,-0.017601434,-0.017550055,-0.017525453,-0.01751298,-0.017572362,-0.01752435,-0.017591272
2012-08-13,-0.018817384,-0.018879954,-0.018834177,-0.018809188,-0.018879477,-0.01882084,-0.018836785,-0.018854756,-0.018877704,-0.018831406,-0.018894214,-0.01883148,-0.018880237,-0.018901367,-0.018858943,-0.018850494,-0.018835697,-0.018877644,-0.018841002,-0.018897641
2012-08-14,-0.018821094,-0.018881876,-0.018830705,-0.018810678,-0.018861163,-0.018819574,-0.018819261,-0.0188496,-0.01887219,-0.018834416,-0.018893559,-0.018834848,-0.018882055,-0.018921364,-0.018878076,-0.018844817,-0.018837143,-0.01887754,-0.01883765,-0.018900547
2012-08-15,-0.018822793,-0.018888164,-0.018830199,-0.018812273,-0.018868674,-0.018815283,-0.018859971,-0.018854786,-0.018876199,-0.018834088,-0.018887881,-0.01883069,-0.018886257,-0.018902604,-0.018878538,-0.018840972,-0.018824656,-0.01887757,-0.018833686,-0.018905643
2012-08-16,-0.01552086,-0.015578483,-0.015523051,-0.015511219,-0.015567397,-0.015512933,-0.015572508,-0.01554281,-0.015562628,-0.015526657,-0.015576323,-0.015532617,-0.015575846,-0.015624006,-0.015578155,-0.015531455,-0.015525212,-0.015563105,-0.015530382,-0.015594785
2012-08-17,-0.018822525,-0.018889997,-0.018829588,-0.01880901,-0.018846307,-0.018813927,-0.018857006,-0.018844549,-0.018866483,-0.018824536,-0.01888742,-0.018828604,-0.018886764,-0.018908951,-0.01886918,-0.018854115,-0.018818814,-0.01887745,-0.018833075,-0.018897507
2012-08-20,-0.018824402,-0.018890072,-0.018826846,-0.018813211,-0.01887377,-0.018813599,-0.018864412,-0.018861074,-0.018851701,-0.018807951,-0.01889022,-0.0188292,-0.01889332,-0.018933404,-0.01887897,-0.018851135,-0.018821675,-0.018877465,-0.018836398,-0.018910307
2012-08-21,-0.018821124,-0.018888969,-0.018831272,-0.018810604,-0.018874858,-0.018814612,-0.018825535,-0.0188572,-0.018843193,-0.018816192,-0.018891666,-0.018830333,-0.018893097,-0.018898148,-0.018868823,-0.018864576,-0.018828873,-0.01887751,-0.018839318,-0.018908162
2012-08-22,-0.018822659,-0.018891055,-0.018835772,-0.018856052,-0.01887836,-0.018816832,-0.018827278,-0.018857006,-0.018834937,-0.01882017,-0.018890653,-0.018834848,-0.018902216,-0.018883009,-0.018873278,-0.018852372,-0.018832017,-0.018877555,-0.018842671,-0.018884543
2012-08-23,-0.018818889,-0.018886674,-0.01884063,-0.01882394,-0.018891413,-0.018816251,-0.018826623,-0.018863905,-0.018835474,-0.018819291,-0.01889271,-0.018835891,-0.01888192,-0.018895108,-0.018881965,-0.018828709,-0.01883753,-0.018877465,-0.01884282,-0.018881816
2012-08-24,-0.018819693,-0.018887702,-0.01884063,-0.018818188,-0.018882204,-0.01881579,-0.01883391,-0.018854935,-0.018830914,-0.018813808,-0.018893678,-0.018834282,-0.018886495,-0.018904943,-0.018862728,-0.018837873,-0.018827338,-0.01887745,-0.01883908,-0.018899906
2012-08-27,-0.016901944,-0.01696882,-0.016923,-0.016895864,-0.016916636,-0.016897682,-0.016908277,-0.016933534,-0.016928483,-0.01687308,-0.01697262,-0.016909752,-0.016967136,-0.016992498,-0.016948108,-0.016909633,-0.016899813,-0.016962308,-0.016933177,-0.016981188
2012-08-28,-0.018819544,-0.018888641,-0.01883817,-0.01881342,-0.018820513,-0.018815894,-0.018852029,-0.01885501,-0.018832568,-0.018814776,-0.018892039,-0.018823598,-0.018900309,-0.018925402,-0.018865231,-0.018840078,-0.018929783,-0.018881042,-0.018837575,-0.018912766
2012-08-29,-0.018821511,-0.018886406,-0.018834744,-0.018819977,-0.018812899,-0.018816639,-0.01885039,-0.018851463,-0.018827025,-0.018821511,-0.018892739,-0.018837813,-0.018884275,-0.018933449,-0.018870283,-0.018837098,-0.018957246,-0.018880788,-0.018854488,-0.018900935
2012-08-30,-0.018822629,-0.018883351,-0.0188344,-0.018824924,-0.018824402,-0.018816251,-0.01883014,-0.01886614,-0.018836785,-0.018830914,-0.018891428,-0.018831704,-0.018891502,-0.018919516,-0.01887611,-0.018831987,-0.018971581,-0.018878315,-0.018844012,-0.018909533
2012-08-31,-0.01881871,-0.018881533,-0.018831883,-0.018816847,-0.0188759,-0.018816117,-0.018835071,-0.0188738,-0.018823374,-0.018830959,-0.018891666,-0.018831078,-0.018884022,-0.018914584,-0.018856753,-0.018830407,-0.018863577,-0.018877152,-0.018834416,-0.018899146
2012-09-04,-0.01964869,-0.019692916,-0.019645665,-0.019625653,-0.01970147,-0.019626994,-0.01961783,-0.019680116,-0.019645799,-0.01962066,-0.019701306,-0.019641135,-0.01968566,-0.019706313,-0.019652564,-0.01964337,-0.019676093,-0.01968329,-0.01966453,-0.01970366
2012-09-05,-0.018836562,-0.018883813,-0.018836308,-0.018817801,-0.018898908,-0.018816713,-0.018839989,-0.018867586,-0.018838916,-0.01882774,-0.018901024,-0.018829469,-0.01887529,-0.018935893,-0.01883315,-0.018842865,-0.018854056,-0.018878791,-0.018840957,-0.018896822
2012-09-06,-0.018842537,-0.018884275,-0.018836502,-0.018815342,-0.018897984,-0.018817965,-0.018843848,-0.018862907,-0.018835504,-0.018833894,-0.018899579,-0.018835906,-0.018884752,-0.018940482,-0.018826041,-0.018857498,-0.018849198,-0.018877182,-0.018845905,-0.018907253
2012-09-07,-0.01884501,-0.018882561,-0.01886468,-0.018817235,-0.01888201,-0.018815923,-0.018855978,-0.018864859,-0.01884142,-0.018831719,-0.01889697,-0.018832806,-0.01887669,-0.018914197,-0.018829051,-0.018854577,-0.018821154,-0.0188759,-0.018845592,-0.018893246
2012-09-10,-0.018831778,-0.018884663,-0.018854324,-0.018818054,-0.018886227,-0.018815745,-0.018850926,-0.018868852,-0.018842299,-0.018827606,-0.018900875,-0.018830914,-0.018904123,-0.01892512,-0.018841926,-0.018853474,-0.018826995,-0.018879551,-0.018845845,-0.018897582
2012-09-11,-0.018841032,-0.018883768,-0.01886921,-0.018822942,-0.018890742,-0.018813852,-0.018817622,-0.018877674,-0.018838365,-0.018826816,-0.018899743,-0.018828113,-0.018921558,-0.018942464,-0.018836815,-0.01883765,-0.018835876,-0.018879805,-0.018837038,-0.018958677
2012-09-12,-0.018014286,-0.018061046,-0.018027041,-0.01798569,-0.01807632,-0.017980356,-0.018003885,-0.018042792,-0.01802558,-0.017970491,-0.018073756,-0.017996524,-0.018076722,-0.018127564,-0.01800387,-0.018012423,-0.01800752,-0.018055845,-0.018017713,-0.01813567
2012-09-13,-0.016015861,-0.016062457,-0.016036231,-0.016012672,-0.016071353,-0.016003642,-0.016036142,-0.016056243,-0.016024355,-0.016008038,-0.016079236,-0.016017783,-0.016096313,-0.016145516,-0.016026188,-0.016033668,-0.016019274,-0.0160614,-0.016045947,-0.01614796
2012-09-14,-0.018835861,-0.018885676,-0.018839959,-0.018817235,-0.018885616,-0.018816937,-0.01884297,-0.018871699,-0.018838454,-0.01873045,-0.01890162,-0.018830825,-0.018918324,-0.01892874,-0.018834341,-0.018837798,-0.018830273,-0.018882204,-0.01885702,-0.018965844
2012-09-17,-0.019082922,-0.019126404,-0.019106258,-0.01907279,-0.019134704,-0.019075114,-0.019114304,-0.019121218,-0.019090895,-0.019055758,-0.019148562,-0.019087885,-0.019177321,-0.019171853,-0.019097362,-0.019098852,-0.01908693,-0.019128654,-0.019117627,-0.019266684
2012-09-18,-0.021624926,-0.02168006,-0.021673817,-0.021622945,-0.02170192,-0.021620471,-0.021669257,-0.021674518,-0.021627534,-0.021617386,-0.021701355,-0.021636907,-0.021750797,-0.021730993,-0.021646414,-0.021644536,-0.021631692,-0.021683697,-0.021648858,-0.021816019
2012-09-19,-0.017673034,-0.01771507,-0.017687324,-0.01766545,-0.01772796,-0.017661516,-0.01771203,-0.01771051,-0.017680112,-0.01758403,-0.01773769,-0.017674211,-0.017804671,-0.01777086,-0.017678339,-0.017677534,-0.017676372,-0.017723132,-0.017686222,-0.017857302
2012-09-20,-0.015829999,-0.015840087,-0.015825529,-0.01581614,-0.01591346,-0.015807856,-0.01584858,-0.015849892,-0.01582149,-0.01579434,-0.015863243,-0.015840787,-0.015933786,-0.015931983,-0.01582228,-0.01582386,-0.015814055,-0.01584256,-0.015820745,-0.015999679
2012-09-21,-0.016129423,-0.016181994,-0.016083766,-0.01609208,-0.016188208,-0.016087461,-0.016092751,-0.016141344,-0.016104523,-0.016088221,-0.01615851,-0.016144741,-0.016186807,-0.016210321,-0.016102169,-0.016104374,-0.016089398,-0.016142327,-0.016114552,-0.016281653
2012-09-24,-0.018852014,-0.01893716,-0.018815834,-0.018818472,-0.018943582,-0.018815998,-0.018854577,-0.018879611,-0.018833388,-0.018828351,-0.01889724,-0.01889037,-0.01896802,-0.018935505,-0.01883391,-0.018828485,-0.018816177,-0.018882368,-0.018852104,-0.019014467
2012-09-25,-0.01891214,-0.018970374,-0.018895347,-0.018886406,-0.018950347,-0.01887684,-0.018927384,-0.018924136,-0.018899415,-0.018899966,-0.018949766,-0.018947754,-0.01898532,-0.018989865,-0.018901337,-0.018899996,-0.018879447,-0.018930737,-0.018906448,-0.019073565
2012-09-26,-0.025375191,-0.02545451,-0.025356624,-0.025346909,-0.025460903,-0.02533919,-0.025403995,-0.025388662,-0.025383014,-0.025282059,-0.02542438,-0.025371317,-0.025435884,-0.025484774,-0.02542669,-0.025356505,-0.02534886,-0.025416855,-0.02537309,-0.025535915
2012-09-27,-0.01884422,-0.018988688,-0.018830229,-0.018819962,-0.018917654,-0.0188188,-0.01888645,-0.018864129,-0.018856633,-0.018786762,-0.018895004,-0.018844087,-0.018937979,-0.018916208,-0.018854264,-0.018847454,-0.018828053,-0.018882353,-0.018839646,-0.019012485
2012-09-28,-0.018847723,-0.019001786,-0.018832449,-0.018822107,-0.018927548,-0.018819023,-0.018873874,-0.018862698,-0.018872801,-0.01881196,-0.018897075,-0.018849764,-0.018933732,-0.018922258,-0.018839408,-0.018842418,-0.018833939,-0.018883679,-0.018858153,-0.01895294
2012-10-01,-0.018855128,-0.018950913,-0.018828575,-0.018822107,-0.018891115,-0.01882084,-0.018854458,-0.018870492,-0.018884007,-0.018769879,-0.018905539,-0.018838007,-0.018894676,-0.018906478,-0.018842671,-0.018848617,-0.018840346,-0.018881608,-0.018853832,-0.018936727
2012-10-02,-0.018840615,-0.018935014,-0.018831361,-0.018819991,-0.018887136,-0.018820886,-0.018823732,-0.018870119,-0.01887292,-0.01881038,-0.018897045,-0.01887152,-0.01886541,-0.018909011,-0.018842775,-0.018844683,-0.01884291,-0.018879611,-0.018850673,-0.018996555
2012-10-03,-0.017466847,-0.017602999,-0.017440785,-0.017430816,-0.017493788,-0.017432306,-0.017432053,-0.017481614,-0.017563317,-0.017409448,-0.017510403,-0.017467577,-0.017550964,-0.017538328,-0.017443229,-0.01745123,-0.01745816,-0.017488707,-0.017450068,-0.017619822
2012-10-04,-0.017009083,-0.017122734,-0.016988356,-0.016972292,-0.017051,-0.01697785,-0.016983438,-0.017035026,-0.017104585,-0.016957376,-0.01706313,-0.017011646,-0.017033223,-0.01710834,-0.016993437,-0.016997311,-0.017017204,-0.01704051,-0.01698852,-0.017141853
2012-10-05,-0.01884674,-0.018922646,-0.01882701,-0.018822152,-0.018942926,-0.018821303,-0.018828008,-0.018867318,-0.018962074,-0.018793214,-0.018903498,-0.018847752,-0.018931512,-0.018941138,-0.018830542,-0.018829886,-0.018852878,-0.018875394,-0.018839944,-0.018977512
2012-10-08,-0.018842895,-0.018918741,-0.018827427,-0.018816892,-0.018948335,-0.018822227,-0.018833447,-0.018869225,-0.018853564,-0.018792469,-0.018896569,-0.018832047,-0.018915344,-0.018935416,-0.01883312,-0.018850286,-0.018845905,-0.018874872,-0.018850524,-0.019013438
2012-10-09,-0.01885559,-0.018959675,-0.01883066,-0.018816147,-0.01894011,-0.01882397,-0.018859599,-0.018872965,-0.018839229,-0.018776659,-0.018896718,-0.018837918,-0.018931095,-0.018939052,-0.01883838,-0.018835474,-0.018866096,-0.018876646,-0.018851224,-0.019015405
2012-10-10,-0.01884124,-0.018924732,-0.018832225,-0.018811125,-0.018939424,-0.018823583,-0.018835071,-0.018869642,-0.018843014,-0.018785704,-0.018902082,-0.018836547,-0.018865246,-0.018925134,-0.018835682,-0.018839989,-0.018838543,-0.018879239,-0.018855412,-0.0190125
2012-10-11,-0.018848453,-0.018910456,-0.018832136,-0.01880962,-0.018978301,-0.018824745,-0.018833015,-0.018867243,-0.0188873,-0.01882105,-0.018897492,-0.018844087,-0.018920813,-0.018920098,-0.018832553,-0.018858347,-0.018837873,-0.018880699,-0.018852476,-0.019012768
2012-10-12,-0.016879547,-0.016930077,-0.016851384,-0.016830403,-0.016976196,-0.016844783,-0.016853753,-0.016879562,-0.016881708,-0.016849268,-0.016906638,-0.01686338,-0.01691458,-0.016924638,-0.016851995,-0.016856674,-0.016857732,-0.016894136,-0.016867492,-0.017032523
2012-10-15,-0.019001458,-0.019060899,-0.018979985,-0.018950004,-0.019104693,-0.018964518,-0.018968869,-0.019002233,-0.018962238,-0.01894981,-0.019030515,-0.018988702,-0.019010682,-0.019018356,-0.018976588,-0.018985141,-0.018997226,-0.019010384,-0.018981088,-0.019152451
2012-10-16,-0.018863905,-0.018919338,-0.018841255,-0.018812198,-0.01896498,-0.018824417,-0.018834043,-0.018858645,-0.018813182,-0.018828455,-0.018893648,-0.01885182,-0.01889791,-0.01887593,-0.01883446,-0.018839825,-0.018885229,-0.018880416,-0.01883832,-0.019013766
2012-10-17,-0.017218981,-0.017286766,-0.01720548,-0.01718307,-0.017339442,-0.017197747,-0.01719885,-0.017241482,-0.017169718,-0.01720408,-0.017268125,-0.017250407,-0.017272446,-0.01726124,-0.017207626,-0.017214123,-0.01727109,-0.017249573,-0.017229203,-0.017388303
2012-10-18,-0.018314932,-0.01838291,-0.018309716,-0.018289018,-0.018434275,-0.018301073,-0.018305246,-0.018340353,-0.018313367,-0.018308494,-0.018352691,-0.01832803,-0.018342141,-0.018366281,-0.018307898,-0.018338118,-0.018366475,-0.018340323,-0.018314052,-0.018489245
2012-10-19,-0.018851686,-0.018907104,-0.018812168,-0.018810216,-0.018965397,-0.018823463,-0.018821705,-0.018859271,-0.018838573,-0.018828083,-0.018897269,-0.018827382,-0.018923018,-0.01889478,-0.018830303,-0.018848065,-0.018887732,-0.018881608,-0.018841077,-0.01901314
2012-10-22,-0.013979618,-0.014037346,-0.013967131,-0.013952007,-0.014116441,-0.013968547,-0.013958191,-0.0140073495,-0.013972928,-0.0139262425,-0.014024888,-0.013975804,-0.014034172,-0.014014577,-0.013977041,-0.013997127,-0.014027734,-0.014017736,-0.013984864,-0.014154186
2012-10-23,-0.01883972,-0.018899385,-0.018834177,-0.018809605,-0.01897088,-0.018801812,-0.018818978,-0.018864367,-0.018855426,-0.018813703,-0.018893499,-0.018825117,-0.018894363,-0.018860403,-0.018832672,-0.018839303,-0.018888626,-0.0188828,-0.018829662,-0.019012157
2012-10-24,-0.018850554,-0.0189025,-0.018809233,-0.01880664,-0.01897313,-0.018817622,-0.018814389,-0.018864218,-0.018780861,-0.01881725,-0.018887836,-0.018842984,-0.01888195,-0.018850345,-0.018831182,-0.018828977,-0.018884335,-0.018882412,-0.018840302,-0.019011308
2012-10-25,-0.016267229,-0.016341034,-0.016291443,-0.016254324,-0.016418207,-0.016265903,-0.016268153,-0.01630934,-0.01626179,-0.016260568,-0.016332734,-0.016285393,-0.016358841,-0.016308594,-0.016275618,-0.016280953,-0.01632217,-0.016324554,-0.01629411,-0.016456056
2012-10-26,-0.018229458,-0.018290434,-0.018242914,-0.018202532,-0.018379588,-0.018213782,-0.018226642,-0.018246684,-0.01819748,-0.018207762,-0.018274594,-0.018232841,-0.018281717,-0.018253434,-0.018220965,-0.018219639,-0.01827908,-0.018273685,-0.018226955,-0.018404994
2012-10-31,-0.016121808,-0.016186405,-0.016115878,-0.016214479,-0.016268779,-0.016100276,-0.016114626,-0.016128514,-0.016043697,-0.016099725,-0.016175378,-0.016115207,-0.016109038,-0.01610801,-0.016113866,-0.016109634,-0.01618046,-0.016182262,-0.016113598,-0.016300175
2012-11-01,-0.018826533,-0.018891383,-0.018803257,-0.0188195,-0.018897016,-0.018763874,-0.018822733,-0.018856753,-0.018826146,-0.018813122,-0.01888499,-0.018835504,-0.018825237,-0.018829573,-0.018846396,-0.018837977,-0.0188897,-0.0188776,-0.018837515,-0.018941838
2012-11-02,-0.018827993,-0.018893559,-0.018797774,-0.01862495,-0.018871028,-0.018793855,-0.018820409,-0.018850315,-0.018833,-0.018817995,-0.018886182,-0.018855784,-0.01887906,-0.018824164,-0.01883516,-0.018851463,-0.018893246,-0.018871535,-0.018845517,-0.018935565
2012-11-05,-0.018821243,-0.018901635,-0.018802676,-0.01875234,-0.018966127,-0.018814508,-0.018814582,-0.01884969,-0.018830065,-0.018831078,-0.018888298,-0.018852953,-0.018848423,-0.018829409,-0.018856842,-0.018849034,-0.018896181,-0.018863413,-0.01886024,-0.018914167
2012-11-06,-0.018818144,-0.018888582,-0.018838827,-0.01883139,-0.018984813,-0.018821646,-0.018819068,-0.018867556,-0.018864874,-0.01884136,-0.018890742,-0.018878315,-0.018832166,-0.018844832,-0.018842492,-0.018846069,-0.018886674,-0.018862788,-0.01886842,-0.018913541
2012-11-07,-0.018816072,-0.018884648,-0.01884431,-0.018814463,-0.018971074,-0.018822122,-0.018825341,-0.018862922,-0.018869508,-0.018824492,-0.018888507,-0.018872593,-0.018824656,-0.018840987,-0.01882923,-0.018840391,-0.01889034,-0.018851493,-0.018844444,-0.018869001
2012-11-08,-0.01883069,-0.018881653,-0.018830497,-0.018862624,-0.018971149,-0.018821795,-0.018820021,-0.018869448,-0.018856574,-0.018823568,-0.018886585,-0.018858392,-0.01881573,-0.018854607,-0.018846963,-0.018830199,-0.018889073,-0.01885106,-0.018835012,-0.018942166
2012-11-09,-0.018801931,-0.018889818,-0.018832285,-0.018858854,-0.018993098,-0.018824775,-0.018819232,-0.018871505,-0.018873129,-0.018832792,-0.018886272,-0.018865261,-0.018829245,-0.01885051,-0.018863413,-0.018836293,-0.018897135,-0.018857036,-0.018832836,-0.018900651
2012-11-12,-0.0122373,-0.012254988,-0.012204503,-0.012287845,-0.012331386,-0.012199019,-0.012194012,-0.012240727,-0.012225156,-0.0122125195,-0.012255956,-0.012232532,-0.012204786,-0.01221164,-0.012252201,-0.0122206705,-0.012258817,-0.01223575,-0.012208347,-0.012331416
2012-11-13,-0.018883724,-0.018891592,-0.018819649,-0.01887082,-0.018962834,-0.018823136,-0.018839497,-0.01886924,-0.018855516,-0.018812764,-0.018884812,-0.018855307,-0.018836144,-0.018851344,-0.018844727,-0.018841345,-0.018890548,-0.01889034,-0.0188392,-0.018964086
2012-11-14,-0.01888292,-0.018890683,-0.018830556,-0.018647123,-0.018894214,-0.018814657,-0.018829394,-0.018861834,-0.018868078,-0.018825684,-0.018885601,-0.018858287,-0.018835027,-0.01883519,-0.018833254,-0.018837843,-0.018880982,-0.018897224,-0.018845562,-0.019009415
2012-11-15,-0.018895868,-0.01888505,-0.018831108,-0.01879925,-0.018958662,-0.018822033,-0.018819425,-0.018859345,-0.018858884,-0.018826474,-0.018884365,-0.018856812,-0.018827844,-0.018850643,-0.018826071,-0.018841062,-0.018878136,-0.018885154,-0.018843058,-0.018906657
2012-11-16,-0.024968255,-0.024986658,-0.024925757,-0.024898428,-0.02502342,-0.024916727,-0.024909366,-0.024961803,-0.024974022,-0.02492458,-0.024985153,-0.024954576,-0.02492242,-0.024967376,-0.024926785,-0.024931971,-0.024968538,-0.024977658,-0.02494182,-0.025041927
2012-11-19,-0.021806676,-0.021830354,-0.021778692,-0.021644924,-0.021909151,-0.021771733,-0.02176768,-0.021808822,-0.021801237,-0.021769125,-0.021825064,-0.021800537,-0.021775264,-0.021810282,-0.021785695,-0.021785352,-0.021816019,-0.021833021,-0.021790821,-0.021887172
2012-11-20,-0.018853087,-0.018882219,-0.018830452,-0.018806163,-0.01893017,-0.018821348,-0.018822644,-0.018868659,-0.018836562,-0.018803272,-0.018888641,-0.018846098,-0.018829528,-0.018850658,-0.018831167,-0.018843893,-0.018874947,-0.018886928,-0.018838126,-0.018999774
2012-11-21,-0.017555568,-0.01748133,-0.017448459,-0.01743098,-0.017595131,-0.017444286,-0.017441515,-0.017476458,-0.017483894,-0.017425183,-0.01748361,-0.017459426,-0.017458875,-0.017465685,-0.0174747,-0.01745196,-0.017483357,-0.017482672,-0.017452706,-0.01756953
2012-11-23,-0.01896115,-0.01888514,-0.018826861,-0.018813688,-0.018969554,-0.01882321,-0.018822793,-0.0188686,-0.01884887,-0.018823374,-0.018887196,-0.018856872,-0.018858735,-0.018835653,-0.018844772,-0.018834416,-0.018873844,-0.018883739,-0.018828277,-0.018965993
2012-11-26,-0.01890457,-0.018893544,-0.01882762,-0.018810589,-0.018956188,-0.018823568,-0.01881655,-0.01886708,-0.018861849,-0.018831823,-0.01888587,-0.018863577,-0.01884653,-0.01883014,-0.01884197,-0.018834297,-0.018876243,-0.018895242,-0.01883461,-0.018975783
2012-11-27,-0.018489588,-0.018424902,-0.018352184,-0.018335734,-0.01846825,-0.018349085,-0.018351037,-0.01838914,-0.018382598,-0.018350203,-0.018413443,-0.018392552,-0.018365208,-0.018389825,-0.01836275,-0.018355373,-0.01839972,-0.018429492,-0.01836035,-0.01853988
2012-11-28,-0.018936608,-0.018901844,-0.018821392,-0.018809456,-0.018984888,-0.018820692,-0.018830184,-0.018852029,-0.018867616,-0.018809963,-0.018889848,-0.018839676,-0.018833686,-0.0188482,-0.018856738,-0.018833537,-0.018874634,-0.018910114,-0.01882932,-0.019013468
2012-11-29,-0.018990014,-0.018892903,-0.01882999,-0.018806208,-0.018920664,-0.018802676,-0.018817056,-0.018861044,-0.018873412,-0.018819261,-0.018892277,-0.018828247,-0.018825505,-0.018832017,-0.018872965,-0.018844191,-0.018883813,-0.018871952,-0.018843163,-0.019011606
2012-11-30,-0.018959943,-0.01888739,-0.018828247,-0.018810991,-0.018917356,-0.018816087,-0.018826801,-0.01885796,-0.018850539,-0.018796418,-0.018888343,-0.01882789,-0.018827397,-0.018831167,-0.018881533,-0.018837932,-0.018886063,-0.018887196,-0.0188603,-0.019013125
2012-12-03,-0.018832687,-0.018710975,-0.018656824,-0.018639404,-0.018743802,-0.018646974,-0.018644694,-0.018687073,-0.018683527,-0.01864319,-0.018708754,-0.018658224,-0.01865596,-0.01864529,-0.018711496,-0.018660191,-0.018706877,-0.01871707,-0.018671382,-0.018841479
2012-12-04,-0.018972386,-0.018889237,-0.01882932,-0.01881503,-0.018947113,-0.018823583,-0.018835891,-0.01886933,-0.01885118,-0.018774498,-0.018887121,-0.018841062,-0.018828738,-0.018830646,-0.018881131,-0.018856946,-0.018884648,-0.018914882,-0.018843938,-0.019014526
2012-12-05,-0.018997703,-0.018882144,-0.018827263,-0.01881643,-0.018897343,-0.018821333,-0.018826056,-0.018867005,-0.018847767,-0.018769879,-0.018888865,-0.018834267,-0.018825073,-0.018832702,-0.018883336,-0.018843506,-0.01887912,-0.01890767,-0.018859763,-0.019014273
2012-12-06,-0.016972605,-0.016872529,-0.016818631,-0.016802687,-0.016945396,-0.016809795,-0.016815428,-0.016849536,-0.016844545,-0.016801912,-0.016880114,-0.016826425,-0.016816322,-0.016818304,-0.0168708,-0.016830046,-0.016872156,-0.016900156,-0.016854528,-0.017002258
2012-12-07,-0.018943388,-0.01887748,-0.018820155,-0.018819291,-0.018962312,-0.01882084,-0.018822554,-0.018850539,-0.018851269,-0.018827695,-0.018888388,-0.0188382,-0.01883604,-0.018829156,-0.018875483,-0.018853787,-0.018883858,-0.01889779,-0.018874604,-0.019014034
2012-12-10,-0.018935207,-0.018879224,-0.018824134,-0.018813271,-0.01896258,-0.018821795,-0.01883984,-0.018854994,-0.018856231,-0.018728498,-0.018887643,-0.018840645,-0.018833388,-0.018832553,-0.018878836,-0.018823896,-0.018877778,-0.018925536,-0.018860389,-0.019012365
2012-12-11,-0.014324059,-0.014238124,-0.01418746,-0.014173661,-0.01431789,-0.014184733,-0.014186417,-0.014224504,-0.014228349,-0.014140417,-0.01425149,-0.014203911,-0.014193346,-0.014193435,-0.014240761,-0.014194732,-0.0142368125,-0.014264305,-0.014215966,-0.014375155
2012-12-12,-0.01759215,-0.017548863,-0.017485905,-0.017474089,-0.017640937,-0.017489929,-0.01749498,-0.0175387,-0.017526839,-0.017474387,-0.017558265,-0.01750948,-0.01750644,-0.01749729,-0.017545063,-0.017506901,-0.017543424,-0.017582018,-0.01751374,-0.017678726
2012-12-13,-0.018909577,-0.018884186,-0.018826503,-0.018808443,-0.018957544,-0.018823776,-0.018816594,-0.01886556,-0.018853847,-0.01879086,-0.01888797,-0.018835086,-0.018832479,-0.018828768,-0.018883068,-0.018827666,-0.018874738,-0.018897522,-0.018843714,-0.019011024
2012-12-14,-0.017193977,-0.017198954,-0.01714072,-0.01712652,-0.017258916,-0.017139155,-0.01712491,-0.017171402,-0.017163519,-0.017095331,-0.017206792,-0.017151836,-0.017147396,-0.01715121,-0.017196704,-0.017159302,-0.017186437,-0.017221186,-0.017158795,-0.017327283
2012-12-17,-0.018836651,-0.018800382,-0.018745545,-0.018727604,-0.018839616,-0.018742252,-0.01873343,-0.018780146,-0.01877344,-0.018718723,-0.018807728,-0.018751863,-0.018749896,-0.018751983,-0.018798266,-0.018759746,-0.018787865,-0.018814016,-0.018753145,-0.018929947
2012-12-18,-0.018928949,-0.018886078,-0.018863816,-0.018821377,-0.018924791,-0.018823165,-0.018839467,-0.018867794,-0.018864129,-0.018819962,-0.01889028,-0.018834416,-0.018828128,-0.01883689,-0.018873606,-0.018837962,-0.018885989,-0.018892843,-0.018837754,-0.018955935
2012-12-19,-0.019009326,-0.018941645,-0.018927712,-0.018919561,-0.018964846,-0.018880624,-0.018899892,-0.018927608,-0.018926416,-0.018883798,-0.018948112,-0.018893752,-0.018886555,-0.018931184,-0.018935908,-0.018905643,-0.018936802,-0.018954802,-0.018892486,-0.019003693
2012-12-20,-0.01892962,-0.018887553,-0.018876959,-0.018843178,-0.01889116,-0.01882409,-0.018854443,-0.018872473,-0.018857826,-0.018826548,-0.018891681,-0.018833,-0.018829469,-0.01888879,-0.018876333,-0.018839482,-0.018877883,-0.018896494,-0.018851537,-0.018942777
2012-12-21,-0.018950377,-0.018888611,-0.018867988,-0.018830363,-0.018875945,-0.018822927,-0.018838618,-0.01886851,-0.018861938,-0.01882713,-0.018889938,-0.0188368,-0.018830676,-0.018897597,-0.018874276,-0.018831197,-0.018872593,-0.018895317,-0.018852461,-0.018937204
2012-12-24,-0.018973518,-0.018890936,-0.018838543,-0.018814776,-0.018898178,-0.018821437,-0.018824283,-0.018872801,-0.01886395,-0.018839765,-0.018891323,-0.018841166,-0.018833015,-0.018906314,-0.018843908,-0.018832583,-0.018863503,-0.018897612,-0.018839035,-0.018967096
2012-12-26,-0.02135307,-0.02128217,-0.021243338,-0.021207128,-0.021308351,-0.021209318,-0.021214444,-0.02126192,-0.021242637,-0.021214712,-0.021287773,-0.021226693,-0.021222163,-0.021272589,-0.021230433,-0.021223474,-0.021245573,-0.021282244,-0.021233339,-0.02136578
2012-12-27,-0.018969122,-0.018884856,-0.018847603,-0.018817488,-0.018926296,-0.018824834,-0.018833566,-0.018867973,-0.018864933,-0.01882777,-0.01889113,-0.018839765,-0.018830959,-0.018890861,-0.018867094,-0.018835578,-0.018859956,-0.01888417,-0.018833239,-0.018982489
2012-12-28,-0.018929038,-0.01888569,-0.018848125,-0.018808294,-0.018912364,-0.01882391,-0.018816758,-0.018858526,-0.018860806,-0.018828828,-0.018888224,-0.018837351,-0.01882774,-0.018885855,-0.018869657,-0.01883765,-0.0188565,-0.018872906,-0.018839438,-0.018973265
2012-12-31,-0.018951464,-0.018891443,-0.018853072,-0.018813703,-0.018914897,-0.018825505,-0.01882093,-0.0188669,-0.018869076,-0.018825326,-0.018892962,-0.018836591,-0.018826101,-0.018885542,-0.01886851,-0.01885714,-0.018872429,-0.018865813,-0.018846963,-0.019012395
2013-01-02,-0.018897567,-0.018897314,-0.018800292,-0.018813197,-0.018922035,-0.01882409,-0.018822867,-0.018861357,-0.018883336,-0.018827979,-0.018896673,-0.018833969,-0.018827874,-0.018857796,-0.018867124,-0.018844087,-0.018893901,-0.01887444,-0.018844385,-0.018950466
2013-01-03,-0.018895958,-0.018889103,-0.018837173,-0.01880819,-0.018922959,-0.018819962,-0.018818486,-0.018862162,-0.018881548,-0.018827993,-0.01889423,-0.018841136,-0.01882938,-0.018852863,-0.018857334,-0.018847842,-0.018883962,-0.01886684,-0.018854234,-0.019003619
2013-01-04,-0.018867437,-0.018885214,-0.018824268,-0.01881275,-0.018953416,-0.018822614,-0.018820692,-0.018866945,-0.018829245,-0.018830243,-0.018889312,-0.018837858,-0.018823732,-0.018829111,-0.018860433,-0.018838707,-0.018888,-0.018854786,-0.018838633,-0.019009132
2013-01-07,-0.01782811,-0.0178673,-0.0177763,-0.017797355,-0.017949793,-0.01780485,-0.017818812,-0.017845962,-0.017801497,-0.017809484,-0.017871056,-0.01781695,-0.017802794,-0.017817367,-0.01786502,-0.017819677,-0.017864663,-0.01784015,-0.017819677,-0.01799323
2013-01-08,-0.01893412,-0.018891383,-0.01882333,-0.01881275,-0.01896939,-0.01882242,-0.018889237,-0.018868122,-0.01882412,-0.018823508,-0.018889982,-0.018832166,-0.018819604,-0.01885778,-0.018884365,-0.018840898,-0.018898416,-0.018875528,-0.018839333,-0.018975902
2013-01-09,-0.01875985,-0.018860761,-0.01874851,-0.018788625,-0.018942762,-0.018792499,-0.018823642,-0.018825863,-0.018796865,-0.018793557,-0.018861238,-0.018801767,-0.01879086,-0.018817414,-0.0188209,-0.018800396,-0.018856037,-0.018860374,-0.018805046,-0.01892427
2013-01-10,-0.018793944,-0.018888224,-0.018809963,-0.01882774,-0.018932689,-0.018819932,-0.0188804,-0.018845696,-0.01885428,-0.0188216,-0.01889344,-0.01882923,-0.018819828,-0.01883674,-0.018819679,-0.018836875,-0.01888946,-0.018903945,-0.018851805,-0.018944386
2013-01-11,-0.018923793,-0.018886749,-0.018853758,-0.018835563,-0.018929798,-0.018818948,-0.01887909,-0.018837307,-0.018844489,-0.018821228,-0.018896837,-0.018826026,-0.018819455,-0.018825937,-0.018822122,-0.01883531,-0.018893976,-0.018910918,-0.01884057,-0.01893549
2013-01-14,-0.018985827,-0.018888164,-0.018865261,-0.018827755,-0.018924464,-0.018819023,-0.01886915,-0.01883753,-0.018844325,-0.018821795,-0.018894095,-0.018827323,-0.018824045,-0.018830914,-0.018797386,-0.018840317,-0.018888716,-0.018893126,-0.018837426,-0.018929143
2013-01-15,-0.0189703,-0.018882189,-0.018845502,-0.01882245,-0.018920977,-0.018818859,-0.018841092,-0.018834252,-0.018837322,-0.018820036,-0.018893424,-0.018826056,-0.018819634,-0.018833,-0.018848646,-0.018843982,-0.018887449,-0.018896613,-0.018838067,-0.018899266
2013-01-16,-0.0189755,-0.01888663,-0.01883817,-0.018821765,-0.018880803,-0.018820096,-0.018883038,-0.01884747,-0.018821854,-0.01881491,-0.018894259,-0.018828947,-0.018820453,-0.018841077,-0.018866409,-0.018835489,-0.0188918,-0.018883009,-0.01882777,-0.018893916
2013-01-17,-0.019738454,-0.019607786,-0.019547258,-0.019557465,-0.019625578,-0.01955219,-0.019592304,-0.019594107,-0.019556496,-0.019553695,-0.019618455,-0.019561742,-0.019552637,-0.019568536,-0.019604448,-0.019561384,-0.019617949,-0.019609857,-0.019568656,-0.019633714
2013-01-18,-0.01900782,-0.01889101,-0.018847097,-0.018829081,-0.018900264,-0.018821154,-0.01884969,-0.018878583,-0.018827174,-0.018824968,-0.018886615,-0.018834997,-0.018822927,-0.018854965,-0.018883128,-0.018828694,-0.018889058,-0.018873949,-0.018838827,-0.018893559
2013-01-22,-0.018888358,-0.018752757,-0.018722314,-0.018706087,-0.018763471,-0.01870251,-0.01872148,-0.018745009,-0.018731315,-0.018706936,-0.018756483,-0.018714208,-0.018706191,-0.018717859,-0.018746663,-0.01871093,-0.018757615,-0.018751401,-0.01872066,-0.018830795
2013-01-23,-0.01900867,-0.01888429,-0.018836591,-0.018815387,-0.018899579,-0.01882105,-0.018836368,-0.018854681,-0.018841732,-0.018823702,-0.018891279,-0.018836174,-0.018819842,-0.018840779,-0.01886927,-0.018836278,-0.01888949,-0.018884826,-0.01885726,-0.018907148
2013-01-24,-0.016858611,-0.016836796,-0.016807068,-0.016769443,-0.016869549,-0.016767059,-0.016794343,-0.016785506,-0.016780544,-0.016769681,-0.016842071,-0.016788665,-0.016767938,-0.016790334,-0.016819868,-0.016781349,-0.016842622,-0.016834322,-0.016789515,-0.016867194
2013-01-25,-0.018882323,-0.018889789,-0.018861923,-0.018820751,-0.018907849,-0.018821765,-0.018835519,-0.01884349,-0.018836219,-0.018825222,-0.018888954,-0.018837783,-0.01882111,-0.018839229,-0.018880505,-0.018836845,-0.018887643,-0.018883947,-0.018841226,-0.018908802
2013-01-28,-0.018870253,-0.018893037,-0.018832553,-0.018815745,-0.018914793,-0.018822897,-0.018843193,-0.0188458,-0.018840272,-0.018826235,-0.018885959,-0.018839676,-0.018820751,-0.0188489,-0.018864337,-0.018835653,-0.018890623,-0.018886331,-0.0188437,-0.018940661
2013-01-29,-0.01889776,-0.018871311,-0.018851954,-0.018812899,-0.018906165,-0.018823538,-0.018826637,-0.018853057,-0.018845234,-0.018826026,-0.018887449,-0.018835697,-0.018824983,-0.018855024,-0.018856201,-0.018833224,-0.018893559,-0.018882278,-0.018833745,-0.018901069
2013-01-30,-0.016182814,-0.016197104,-0.016136933,-0.016128007,-0.016229454,-0.016137827,-0.016141761,-0.016159821,-0.016155127,-0.016140807,-0.016201127,-0.016143102,-0.016140733,-0.016156051,-0.016193856,-0.016146097,-0.016222034,-0.016205478,-0.016183544,-0.016224671
2013-01-31,-0.018519152,-0.018555585,-0.018502478,-0.018480424,-0.01857752,-0.01849084,-0.018501896,-0.018503685,-0.018502075,-0.018492851,-0.018549267,-0.018497083,-0.018489067,-0.018516738,-0.01855791,-0.01850142,-0.018573511,-0.018556762,-0.018543366,-0.018574644
2013-02-01,-0.017453033,-0.017509107,-0.017473388,-0.017421115,-0.01753721,-0.017431516,-0.017454017,-0.01745059,-0.01743387,-0.017433066,-0.017497543,-0.017443273,-0.017426912,-0.017451812,-0.01751535,-0.017449383,-0.017528865,-0.017498124,-0.017473523,-0.017523054
2013-02-04,-0.020813618,-0.02086309,-0.02080341,-0.0207831,-0.020870838,-0.02079833,-0.020800818,-0.020808328,-0.02080584,-0.020798225,-0.020854134,-0.020812351,-0.02079228,-0.02079301,-0.020861898,-0.020813216,-0.020872537,-0.02084871,-0.020826388,-0.020867977
2013-02-05,-0.018862192,-0.018889207,-0.018827457,-0.01881202,-0.018914077,-0.018823955,-0.018839318,-0.018846858,-0.01883306,-0.018824045,-0.01888514,-0.018835176,-0.018819068,-0.018819902,-0.018901382,-0.018867869,-0.018957276,-0.018877331,-0.0188482,-0.018962208
2013-02-06,-0.01887292,-0.018885944,-0.018791605,-0.01880956,-0.018899236,-0.01882184,-0.01882707,-0.018841181,-0.01883543,-0.018779073,-0.018888373,-0.018837128,-0.018819664,-0.018813971,-0.018890623,-0.018854592,-0.018812854,-0.018872414,-0.018842388,-0.01896489
2013-02-07,-0.018876959,-0.018884752,-0.018837456,-0.01881257,-0.018897925,-0.018823568,-0.018814702,-0.01884659,-0.018833805,-0.018810306,-0.018886987,-0.018836353,-0.01882011,-0.018820692,-0.018884886,-0.018853787,-0.018810663,-0.018862177,-0.018850166,-0.01891375
2013-02-08,-0.016216267,-0.016228456,-0.016206387,-0.01618034,-0.016226564,-0.01617353,-0.0161773,-0.016194526,-0.016179506,-0.016168538,-0.016232762,-0.016181696,-0.016172621,-0.01617505,-0.016225222,-0.01619308,-0.016185466,-0.016211394,-0.016218487,-0.016252074
2013-02-11,-0.017837975,-0.017854277,-0.01783264,-0.017806027,-0.01783039,-0.017798025,-0.017817233,-0.017814118,-0.017809276,-0.017794717,-0.017863054,-0.01781616,-0.017799038,-0.017799903,-0.017934326,-0.017805893,-0.017864082,-0.01784559,-0.017849613,-0.017927665
2013-02-12,-0.018856335,-0.018886987,-0.018869985,-0.018824343,-0.01886459,-0.018824164,-0.018854965,-0.018843759,-0.0188354,-0.01882175,-0.018884335,-0.018844444,-0.018829066,-0.018826935,-0.01891594,-0.018850107,-0.018869523,-0.018879373,-0.018858332,-0.018948901
2013-02-13,-0.01882464,-0.018872652,-0.01887687,-0.018815462,-0.018863771,-0.018821854,-0.018857691,-0.0188541,-0.01883449,-0.018823195,-0.018884946,-0.018839035,-0.018827204,-0.018822733,-0.018886987,-0.018842492,-0.018845696,-0.018881787,-0.018847007,-0.018909294
2013-02-14,-0.016047824,-0.01611558,-0.016114477,-0.016036619,-0.016065855,-0.016047332,-0.016062487,-0.016070146,-0.016060878,-0.016046736,-0.016106967,-0.016065154,-0.016103838,-0.016051073,-0.01613124,-0.016074497,-0.016085882,-0.016107935,-0.016069282,-0.016147304
2013-02-15,-0.018814791,-0.018887926,-0.01888812,-0.018809784,-0.018839944,-0.018822212,-0.018828202,-0.018851865,-0.018833492,-0.018825639,-0.018881727,-0.018834028,-0.018890847,-0.018829782,-0.018947262,-0.018837575,-0.01884422,-0.018882308,-0.01884212,-0.01891898
2013-02-19,-0.018828336,-0.01891369,-0.018883888,-0.01881029,-0.018836621,-0.01882178,-0.018826116,-0.018852357,-0.018831614,-0.018825833,-0.018883232,-0.018841032,-0.018874038,-0.018831912,-0.018970583,-0.018836144,-0.018863235,-0.018880714,-0.018845577,-0.018913705
2013-02-20,-0.018840928,-0.018890265,-0.018883813,-0.018806595,-0.018831182,-0.018823076,-0.01882844,-0.018846292,-0.018842075,-0.018826295,-0.018883888,-0.018859643,-0.018881459,-0.01883896,-0.018891264,-0.018845085,-0.018876676,-0.018882517,-0.018841732,-0.0189032
2013-02-21,-0.018857006,-0.018893618,-0.018887747,-0.018812735,-0.018848363,-0.018821392,-0.018823255,-0.018844295,-0.018833194,-0.01882473,-0.018890161,-0.018845338,-0.018833283,-0.018849898,-0.018902067,-0.018836219,-0.018876988,-0.018883515,-0.01883841,-0.018905286
2013-02-22,-0.018864024,-0.01888742,-0.018887836,-0.018808592,-0.018848512,-0.018823225,-0.018825848,-0.01884197,-0.01885866,-0.018823583,-0.018884543,-0.01883914,-0.018829573,-0.018861312,-0.01890168,-0.018848691,-0.018890444,-0.01888569,-0.01885939,-0.018900517
2013-02-25,-0.019511256,-0.019543339,-0.019532818,-0.019452248,-0.01949044,-0.019466136,-0.019461755,-0.019482289,-0.019489724,-0.019469235,-0.019534353,-0.019477028,-0.019488607,-0.019512523,-0.019585285,-0.019487996,-0.019520227,-0.01952589,-0.019496758,-0.019552995
2013-02-26,-0.018888403,-0.018902306,-0.018882725,-0.01880734,-0.018841181,-0.018823255,-0.01881871,-0.018838618,-0.018849228,-0.018827323,-0.01888888,-0.018821884,-0.018849242,-0.018843729,-0.018893603,-0.018857349,-0.018849138,-0.018869016,-0.018869419,-0.018893037
2013-02-27,-0.018885303,-0.01889712,-0.018883962,-0.018806446,-0.018829558,-0.018822748,-0.018821377,-0.018846426,-0.018833835,-0.018826533,-0.018892143,-0.018834267,-0.018844564,-0.018836457,-0.01895221,-0.01885945,-0.018862415,-0.018865082,-0.018877883,-0.018960763
2013-02-28,-0.018894333,-0.018900428,-0.018880788,-0.018809263,-0.018828187,-0.018822242,-0.018817354,-0.01884878,-0.018813435,-0.018831361,-0.018888641,-0.018840495,-0.01883692,-0.01883522,-0.018956844,-0.01886237,-0.018872935,-0.01886234,-0.01886456,-0.018896598
2013-03-01,-0.01783948,-0.017852474,-0.017834503,-0.017757285,-0.017769922,-0.017767075,-0.01776122,-0.01780099,-0.017763842,-0.017774064,-0.017839495,-0.017787147,-0.017777983,-0.017762158,-0.01791023,-0.01779272,-0.017822478,-0.017811362,-0.017793108,-0.017846618
2013-03-04,-0.020437006,-0.020458315,-0.02043404,-0.020358492,-0.020379651,-0.020365778,-0.020368207,-0.02039503,-0.02036624,-0.0203715,-0.020437378,-0.020393107,-0.020384599,-0.02038895,-0.020514388,-0.020377133,-0.020422552,-0.020410318,-0.020376582,-0.020442504
2013-03-05,-0.018881653,-0.0189001,-0.018892158,-0.018820021,-0.018845368,-0.018822495,-0.018844996,-0.018847693,-0.018836502,-0.018825892,-0.01889116,-0.018849451,-0.018834163,-0.018837709,-0.018879894,-0.018840764,-0.01888137,-0.018868987,-0.018836636,-0.018944565
2013-03-06,-0.01888435,-0.018896703,-0.018882666,-0.018815119,-0.018835086,-0.018822763,-0.018836591,-0.0188482,-0.018837277,-0.018826593,-0.018885959,-0.018834922,-0.018832449,-0.018852565,-0.018861745,-0.018841404,-0.018892948,-0.01887763,-0.0188344,-0.0188925
2013-03-07,-0.011674245,-0.01168703,-0.011664842,-0.011607115,-0.011626218,-0.011617233,-0.011625578,-0.011643593,-0.011628349,-0.011629839,-0.011678089,-0.011623641,-0.011627038,-0.011657034,-0.011648645,-0.011645411,-0.01168484,-0.011673187,-0.01164331,-0.011685078
2013-03-08,-0.018875752,-0.0189084,-0.018875737,-0.01881655,-0.018834297,-0.018823165,-0.018859942,-0.018847737,-0.018833283,-0.018828947,-0.01889396,-0.01882856,-0.018844191,-0.018870998,-0.0189613,-0.018866155,-0.018915463,-0.018884573,-0.018841896,-0.018901546
2013-03-11,-0.019002605,-0.019066188,-0.019032452,-0.018990371,-0.018997122,-0.018984262,-0.01900651,-0.019010205,-0.018997747,-0.01899055,-0.019056696,-0.018990133,-0.019021425,-0.019035418,-0.019010816,-0.019007657,-0.019064758,-0.019053582,-0.018999118,-0.019063402
2013-03-12,-0.018837381,-0.018904988,-0.01887161,-0.018821556,-0.018847097,-0.018823165,-0.018847857,-0.01885042,-0.018836502,-0.018828068,-0.018891338,-0.018834073,-0.01884966,-0.018869016,-0.018843193,-0.018833298,-0.018894855,-0.018895242,-0.018830035,-0.018896956
2013-03-13,-0.018830273,-0.018900637,-0.018874157,-0.018816654,-0.018839184,-0.018823106,-0.018871594,-0.018841568,-0.018840376,-0.018823717,-0.018889893,-0.018837053,-0.018866438,-0.01886024,-0.018835891,-0.018832747,-0.018892769,-0.018898118,-0.018829275,-0.018897463
2013-03-14,-0.018054862,-0.018152673,-0.018124554,-0.018052418,-0.018082324,-0.018063266,-0.01806036,-0.018093575,-0.01807401,-0.018065277,-0.018136416,-0.018080685,-0.018110488,-0.018093321,-0.018095706,-0.018080864,-0.01814774,-0.018152568,-0.018080402,-0.018147442
2013-03-15,-0.018765856,-0.018850867,-0.018820245,-0.018745128,-0.018794406,-0.01876131,-0.018755782,-0.018783782,-0.018772561,-0.018762339,-0.018823046,-0.018777464,-0.01880506,-0.018762369,-0.018804196,-0.018781755,-0.018827144,-0.018896524,-0.018776763,-0.018838543
2013-03-18,-0.018819321,-0.01891664,-0.018884156,-0.018809859,-0.018849779,-0.018822525,-0.018834297,-0.018859003,-0.018831123,-0.01882844,-0.018886972,-0.01885264,-0.01888955,-0.01881199,-0.018835876,-0.018842105,-0.018857155,-0.01890162,-0.018833611,-0.018901724
2013-03-19,-0.018848274,-0.018892173,-0.018880058,-0.018808145,-0.01885045,-0.018823598,-0.01881707,-0.01886459,-0.018832956,-0.01882695,-0.018890653,-0.01884741,-0.018881414,-0.018812183,-0.018834103,-0.018852118,-0.018863294,-0.018925805,-0.018837202,-0.018894184
2013-03-20,-0.016206104,-0.016234625,-0.016225282,-0.016155574,-0.016185451,-0.016171072,-0.01616307,-0.016211245,-0.016179252,-0.016174246,-0.016233597,-0.01618277,-0.016203571,-0.01620293,-0.016177807,-0.01620536,-0.016220931,-0.016314391,-0.016191367,-0.016239066
2013-03-21,-0.018862057,-0.01889396,-0.018887151,-0.01880889,-0.018838573,-0.018822316,-0.01882917,-0.018865872,-0.018830035,-0.018815089,-0.018889997,-0.018833552,-0.018846799,-0.018844415,-0.018820006,-0.018851612,-0.018858794,-0.018999923,-0.018838618,-0.01889423
2013-03-22,-0.020637963,-0.020654146,-0.020643327,-0.0205714,-0.020594198,-0.020585123,-0.020578895,-0.020626608,-0.020596657,-0.020586882,-0.020647902,-0.020590995,-0.020602468,-0.020704616,-0.020589683,-0.020611543,-0.020643238,-0.020668108,-0.020599965,-0.02065276
2013-03-25,-0.018892441,-0.01890226,-0.018897746,-0.018836249,-0.018856052,-0.018847872,-0.018869642,-0.018885378,-0.01885325,-0.018852968,-0.01890004,-0.018858362,-0.01885103,-0.018985618,-0.018850494,-0.01885778,-0.018895049,-0.018963177,-0.018865127,-0.018902082
2013-03-26,-0.01887891,-0.018886764,-0.018883023,-0.01880828,-0.018837411,-0.018821556,-0.018867169,-0.01885574,-0.018823404,-0.018826608,-0.018885974,-0.018833745,-0.018829722,-0.0188631,-0.018822033,-0.018840019,-0.01888119,-0.018953715,-0.018837366,-0.018888477
2013-03-27,-0.018848691,-0.018891338,-0.018885989,-0.01880956,-0.0188406,-0.018822107,-0.018858466,-0.01885574,-0.01882327,-0.018824998,-0.018889014,-0.018832657,-0.018843774,-0.018842284,-0.018821854,-0.018842299,-0.01890995,-0.018948007,-0.018854935,-0.01889399
2013-03-28,-0.01751605,-0.017576668,-0.017569873,-0.017496023,-0.017538268,-0.01750559,-0.017532248,-0.017535347,-0.017509717,-0.017510269,-0.017569367,-0.017516408,-0.01753864,-0.017536614,-0.017509256,-0.017533902,-0.017584283,-0.01760878,-0.01754247,-0.017579962
2013-04-01,-0.018862654,-0.0189046,-0.018886317,-0.018811319,-0.018851016,-0.018821765,-0.018814627,-0.018848557,-0.018822554,-0.018833045,-0.018884752,-0.01883978,-0.018865976,-0.01884878,-0.01882476,-0.018848289,-0.018910874,-0.018921081,-0.018839765,-0.018893648
2013-04-02,-0.018876482,-0.018895019,-0.0188593,-0.018809754,-0.018846292,-0.018823583,-0.018811483,-0.018859033,-0.018822838,-0.0188299,-0.018888522,-0.018854413,-0.018857662,-0.018819947,-0.018837977,-0.01884653,-0.018860225,-0.018929217,-0.018836472,-0.018954266
2013-04-03,-0.023690242,-0.02369364,-0.023641098,-0.023612846,-0.023650292,-0.023628939,-0.023620386,-0.023664746,-0.023673255,-0.023632381,-0.023698542,-0.023647744,-0.023670275,-0.023736004,-0.023640487,-0.023653124,-0.023658264,-0.023717497,-0.023634497,-0.02376512
2013-04-04,-0.01888569,-0.018883992,-0.01880366,-0.018807191,-0.01884221,-0.018823255,-0.01881558,-0.018867183,-0.018856172,-0.018827934,-0.018892769,-0.018841866,-0.018864725,-0.018961016,-0.018833775,-0.018835772,-0.018840808,-0.01890703,-0.018828575,-0.018965427
2013-04-05,-0.018869106,-0.018893946,-0.018848065,-0.018808369,-0.018856589,-0.018821988,-0.018820677,-0.018865261,-0.01889408,-0.01882762,-0.01889706,-0.018835757,-0.018864755,-0.018902693,-0.018839184,-0.018841002,-0.018862877,-0.018897627,-0.018839065,-0.018966634
2013-04-08,-0.018854681,-0.018886376,-0.018877212,-0.018807922,-0.018842984,-0.018819664,-0.018819917,-0.01885422,-0.018911857,-0.01882403,-0.018892262,-0.01882914,-0.018846724,-0.018904913,-0.018850122,-0.01883747,-0.018882755,-0.018915538,-0.018843342,-0.019011248
2013-04-09,-0.018844444,-0.018891502,-0.018889565,-0.018809889,-0.01883896,-0.018819932,-0.018832643,-0.01885334,-0.018926848,-0.018822987,-0.018893514,-0.01883367,-0.018859986,-0.018929709,-0.018860076,-0.01886243,-0.018929709,-0.018909637,-0.018845905,-0.019012589
2013-04-10,-0.013953124,-0.013987367,-0.013986145,-0.013919075,-0.013943051,-0.013927509,-0.0139294015,-0.01395077,-0.014046152,-0.013932024,-0.013984491,-0.0139393555,-0.013962586,-0.014021059,-0.013948803,-0.013961454,-0.014033143,-0.01396652,-0.013955821,-0.01411583
2013-04-11,-0.017088521,-0.017124493,-0.017112184,-0.01704279,-0.017069478,-0.017054815,-0.017056782,-0.017087478,-0.017173994,-0.01705784,-0.017128352,-0.01706833,-0.017102081,-0.017142821,-0.017068882,-0.01708338,-0.017159138,-0.017098967,-0.017067853,-0.017245773
2013-04-12,-0.019137207,-0.019158844,-0.019118194,-0.019089941,-0.019119877,-0.01910353,-0.019106764,-0.01912019,-0.019187305,-0.019105006,-0.019149441,-0.019115303,-0.01915348,-0.019165475,-0.01914147,-0.019131739,-0.019193996,-0.019140083,-0.01910882,-0.019287769
2013-04-15,-0.017483253,-0.017515961,-0.01744667,-0.017431173,-0.017457295,-0.017446179,-0.01743849,-0.01746859,-0.017527718,-0.01744755,-0.0175055,-0.017466221,-0.017489616,-0.017528836,-0.017510641,-0.017454375,-0.017565642,-0.017481837,-0.017455075,-0.017632712
2013-04-16,-0.018847857,-0.018891085,-0.018855173,-0.018807594,-0.018850211,-0.01882257,-0.018929545,-0.018860731,-0.018955488,-0.01883516,-0.018885631,-0.018846992,-0.018869627,-0.018893648,-0.018849198,-0.018842045,-0.018980581,-0.018899325,-0.018834312,-0.019010682
2013-04-17,-0.018712584,-0.018734623,-0.018702913,-0.018661562,-0.018693957,-0.018674377,-0.018810932,-0.018722314,-0.018713001,-0.018685255,-0.01873419,-0.018697355,-0.018718768,-0.0187804,-0.018739972,-0.018685061,-0.018811647,-0.018763099,-0.018691633,-0.01886541
2013-04-18,-0.018879358,-0.01889192,-0.018877137,-0.018819679,-0.01884571,-0.018833864,-0.018866438,-0.018891517,-0.018888239,-0.018840108,-0.018898506,-0.018859345,-0.018883768,-0.018928383,-0.018904109,-0.018848587,-0.018953342,-0.0189319,-0.018853981,-0.019024689
2013-04-19,-0.02037992,-0.020389263,-0.020375866,-0.020315904,-0.020348895,-0.02033082,-0.020351965,-0.020383004,-0.0203933,-0.020333294,-0.020405773,-0.02034295,-0.02035499,-0.02041762,-0.020403374,-0.020350043,-0.020428244,-0.020431627,-0.020344857,-0.020519365
2013-04-22,-0.018727455,-0.018741462,-0.018708367,-0.018675182,-0.018691573,-0.018691082,-0.018726993,-0.018730033,-0.018774826,-0.018689517,-0.01873741,-0.018697787,-0.01873115,-0.0187832,-0.018772114,-0.018698398,-0.018808175,-0.01880354,-0.01870576,-0.018876035
2013-04-23,-0.018865068,-0.018880133,-0.018869508,-0.018809829,-0.01883297,-0.01882698,-0.01885553,-0.018869031,-0.018904526,-0.018824477,-0.018887121,-0.01884063,-0.018845472,-0.01885638,-0.01890235,-0.018858079,-0.018924806,-0.018928844,-0.018847067,-0.01901241
2013-04-24,-0.018826593,-0.018877689,-0.018870119,-0.018808339,-0.018837932,-0.018825267,-0.018820781,-0.01887079,-0.01888505,-0.018823747,-0.018884618,-0.018838156,-0.018847872,-0.018837411,-0.018904392,-0.01886909,-0.018908385,-0.018936533,-0.018851075,-0.019011144
2013-04-25,-0.018822018,-0.018877897,-0.01886307,-0.018812377,-0.01883683,-0.018825639,-0.018846784,-0.018871848,-0.018862385,-0.018823061,-0.018893216,-0.01886173,-0.018845309,-0.01891521,-0.018907342,-0.018866602,-0.01891068,-0.018976916,-0.01885498,-0.01901399
2013-04-26,-0.018848825,-0.018875975,-0.018841702,-0.018809143,-0.018840615,-0.018825684,-0.01883823,-0.01886757,-0.018854935,-0.018823493,-0.018883426,-0.018856395,-0.018832628,-0.018925,-0.018948544,-0.018848944,-0.018909637,-0.018919352,-0.018847931,-0.019012276
2013-04-29,-0.018829856,-0.01885115,-0.018849287,-0.01881272,-0.018835697,-0.018824387,-0.018829081,-0.01885045,-0.018851865,-0.01882321,-0.018876512,-0.018854816,-0.018824432,-0.018926594,-0.018859003,-0.018830214,-0.018906672,-0.018909637,-0.018791366,-0.019012664
2013-04-30,-0.01880278,-0.018854965,-0.018827204,-0.018809918,-0.018831898,-0.01882482,-0.01882385,-0.01885711,-0.018847916,-0.018823255,-0.018875945,-0.01884732,-0.01882327,-0.018930588,-0.018836264,-0.018832792,-0.018896211,-0.018913198,-0.018844608,-0.01901168
2013-05-01,-0.019711573,-0.019757811,-0.01973011,-0.019701604,-0.019722406,-0.019719396,-0.019727562,-0.01975407,-0.019759897,-0.019714955,-0.019771744,-0.01972771,-0.019726757,-0.019841079,-0.019727875,-0.019743863,-0.01980633,-0.019821871,-0.01974054,-0.019906152
2013-05-02,-0.017622668,-0.01766977,-0.017738495,-0.01760437,-0.017628659,-0.017616753,-0.017621119,-0.017667953,-0.017654572,-0.017625812,-0.017693345,-0.017646883,-0.017627273,-0.017768044,-0.017638985,-0.017651219,-0.017703492,-0.017685149,-0.017634857,-0.01781099
2013-05-03,-0.0142366635,-0.014282857,-0.01435401,-0.014221241,-0.014251803,-0.01423185,-0.014239197,-0.014279415,-0.014272739,-0.014233102,-0.014286895,-0.014241804,-0.014245321,-0.014371385,-0.014333849,-0.01428019,-0.014303093,-0.014285033,-0.014252995,-0.01442266
2013-05-06,-0.017029468,-0.017077032,-0.017166082,-0.017012823,-0.01704644,-0.017025594,-0.01703358,-0.017073128,-0.017077152,-0.017025862,-0.017084781,-0.017034281,-0.017039347,-0.017148856,-0.017145548,-0.017076049,-0.017100085,-0.017082918,-0.017032433,-0.017216627
2013-05-07,-0.018827666,-0.018874172,-0.01896565,-0.018813122,-0.018839214,-0.018821482,-0.018833477,-0.018870536,-0.01886696,-0.018822018,-0.018882949,-0.018832568,-0.018824924,-0.018962923,-0.018853936,-0.018875662,-0.01889928,-0.018882621,-0.01883592,-0.019015003
2013-05-08,-0.017741922,-0.017783914,-0.017915312,-0.017713819,-0.017749656,-0.017726932,-0.017734472,-0.017777,-0.01777995,-0.017726544,-0.017791066,-0.017740954,-0.017737318,-0.017872993,-0.017833445,-0.017769102,-0.017803628,-0.017788012,-0.017748374,-0.017919246
2013-05-09,-0.018866394,-0.018882696,-0.019008402,-0.018809382,-0.018830422,-0.018819679,-0.018826295,-0.018853832,-0.018859465,-0.018823538,-0.018879656,-0.018834699,-0.018827606,-0.018961806,-0.018973205,-0.018869866,-0.018898834,-0.018883903,-0.018831272,-0.019012887
2013-05-10,-0.018841702,-0.018892724,-0.018897522,-0.018808994,-0.018836621,-0.01881725,-0.018820036,-0.01885045,-0.018865157,-0.018822778,-0.018877272,-0.018836562,-0.018836427,-0.018938918,-0.018972326,-0.018874798,-0.018903974,-0.018884066,-0.018828738,-0.01901238
2013-05-13,-0.018801946,-0.018887673,-0.01887362,-0.018807922,-0.0188399,-0.018819202,-0.018848095,-0.018860627,-0.018841553,-0.018823672,-0.018893857,-0.01883899,-0.018834192,-0.018963698,-0.01891889,-0.018857542,-0.018858645,-0.018881965,-0.01882847,-0.019012515
2013-05-14,-0.018774275,-0.018892247,-0.018870477,-0.018812988,-0.018832792,-0.018820811,-0.018850747,-0.01887085,-0.018843312,-0.01882461,-0.018894885,-0.018837322,-0.018843014,-0.018939171,-0.01894008,-0.018848423,-0.018873174,-0.018879224,-0.018830542,-0.01901399
2013-05-15,-0.014135678,-0.014208664,-0.014204388,-0.014131193,-0.014159431,-0.014143114,-0.014176418,-0.014196997,-0.014180635,-0.014147823,-0.014192318,-0.014160176,-0.01415885,-0.014214684,-0.014298637,-0.014153038,-0.01417238,-0.014196132,-0.014160206,-0.01433221
2013-05-16,-0.018833552,-0.018896434,-0.01884729,-0.018808428,-0.018832032,-0.018820066,-0.01882707,-0.018876303,-0.018877376,-0.01882546,-0.01891971,-0.018838126,-0.018824775,-0.01887134,-0.018980656,-0.018847574,-0.018869434,-0.018884543,-0.018836606,-0.019012082
2013-05-17,-0.016924385,-0.016993675,-0.016975645,-0.016903821,-0.016930196,-0.016914401,-0.016907427,-0.016969595,-0.016965214,-0.016918812,-0.017027173,-0.01692753,-0.016921524,-0.01698612,-0.01704112,-0.016951133,-0.016978849,-0.016984556,-0.016934682,-0.017108861
2013-05-20,-0.018853266,-0.01889493,-0.01888417,-0.018807817,-0.018834624,-0.018817369,-0.018815909,-0.018870551,-0.01886082,-0.018825356,-0.018922005,-0.018838529,-0.018836189,-0.018881056,-0.018954653,-0.018844668,-0.018882457,-0.018884126,-0.018834013,-0.019012425
2013-05-21,-0.018825237,-0.018899668,-0.018869642,-0.0188098,-0.018835444,-0.01881713,-0.018826816,-0.018868972,-0.018849913,-0.01882768,-0.018902171,-0.018842492,-0.018849183,-0.018876974,-0.018980432,-0.018853996,-0.018891338,-0.018887196,-0.01882704,-0.019012962
2013-05-22,-0.018823553,-0.018894214,-0.018855069,-0.018810678,-0.018845025,-0.018817935,-0.018833447,-0.018868808,-0.018824715,-0.018837843,-0.018940795,-0.018842656,-0.018837739,-0.01884656,-0.018987376,-0.018834237,-0.01889265,-0.018886257,-0.018868778,-0.019013006
2013-05-23,-0.01883306,-0.018892128,-0.0188406,-0.01880676,-0.018843044,-0.018816534,-0.018815998,-0.018852849,-0.018826384,-0.01883452,-0.018928457,-0.018838052,-0.018864218,-0.018852193,-0.018939305,-0.018848974,-0.018864904,-0.018883843,-0.018855978,-0.019010518
2013-05-24,-0.01881713,-0.018881474,-0.018840391,-0.018807117,-0.018853728,-0.018820692,-0.018816713,-0.01885854,-0.01882172,-0.018803675,-0.018911634,-0.018839855,-0.01885416,-0.01887678,-0.01892883,-0.018871535,-0.018832687,-0.018884141,-0.018854607,-0.019010518
2013-05-28,-0.017076377,-0.017130245,-0.017103855,-0.017059568,-0.017094184,-0.01706903,-0.017077107,-0.017105136,-0.017068226,-0.017077763,-0.017162908,-0.017081577,-0.017084543,-0.0171122,-0.01717763,-0.01709633,-0.017110083,-0.017132405,-0.017101485,-0.017260287
2013-05-29,-0.01883008,-0.018883366,-0.018861476,-0.01880901,-0.018837992,-0.018819053,-0.018827993,-0.018868882,-0.018833924,-0.018827174,-0.018907312,-0.018835519,-0.01886684,-0.018882815,-0.0189392,-0.018847633,-0.018869344,-0.018884335,-0.018839095,-0.019011188
2013-05-30,-0.018829454,-0.018884126,-0.018845428,-0.018809427,-0.018833641,-0.01882011,-0.018821169,-0.018876392,-0.018832881,-0.01882406,-0.018892322,-0.018838678,-0.018861596,-0.018891994,-0.018909786,-0.018857975,-0.01886857,-0.018883783,-0.018850554,-0.019011188
2013-05-31,-0.018832643,-0.018881772,-0.018839184,-0.018811632,-0.018823255,-0.018821616,-0.018827844,-0.01887085,-0.018831361,-0.018825997,-0.018877853,-0.018839393,-0.018880699,-0.018887077,-0.018876243,-0.01887076,-0.01887158,-0.018883247,-0.018846367,-0.019012485
2013-06-03,-0.018839855,-0.018884692,-0.018844519,-0.018808294,-0.018828858,-0.018819083,-0.018821005,-0.018873159,-0.018831406,-0.018821869,-0.018916357,-0.018843863,-0.018894214,-0.018881384,-0.018893886,-0.01888502,-0.01886702,-0.018885303,-0.018857393,-0.019011308
2013-06-04,-0.018832821,-0.018884141,-0.018849138,-0.018808056,-0.018832762,-0.018820409,-0.018814359,-0.018865708,-0.018834192,-0.018836368,-0.018886182,-0.018849839,-0.018858153,-0.018882696,-0.018905435,-0.018885572,-0.01883002,-0.018880028,-0.018853609,-0.01901104
2013-06-05,-0.018829573,-0.018887434,-0.018846486,-0.018807743,-0.01883303,-0.018822286,-0.018816594,-0.018865202,-0.018834073,-0.018833611,-0.018876884,-0.018849093,-0.018865842,-0.018889118,-0.018911246,-0.018858854,-0.01881722,-0.018880818,-0.018839065,-0.01901086
2013-06-06,-0.018828202,-0.018887717,-0.018846367,-0.018806923,-0.018833462,-0.018816222,-0.018816683,-0.018861938,-0.018830542,-0.018833268,-0.018872533,-0.018836651,-0.018859152,-0.018872965,-0.018905226,-0.018827964,-0.018835593,-0.018881518,-0.018849779,-0.019010771
2013-06-07,-0.018826086,-0.01894923,-0.018841822,-0.018807579,-0.018834237,-0.018824521,-0.018813897,-0.018862937,-0.01883066,-0.01883896,-0.018903825,-0.018838573,-0.018854562,-0.018877853,-0.01889934,-0.018822793,-0.018807638,-0.018879611,-0.018835742,-0.0190108
2013-06-10,-0.018470455,-0.01852462,-0.018488709,-0.018451545,-0.018474836,-0.018446479,-0.018456835,-0.018491674,-0.018470291,-0.018476296,-0.018523712,-0.01847485,-0.018485505,-0.018464018,-0.018522177,-0.018475581,-0.018490989,-0.018508065,-0.018473525,-0.01858047
2013-06-11,-0.018829409,-0.018954474,-0.018839631,-0.018809412,-0.01883291,-0.01881187,-0.018818531,-0.018857036,-0.01883078,-0.01882932,-0.018880341,-0.018848974,-0.018830214,-0.018853534,-0.018905181,-0.018861461,-0.018870015,-0.01887821,-0.018837694,-0.018944044
2013-06-12,-0.01882914,-0.018961642,-0.018837456,-0.018808443,-0.018829603,-0.0188693,-0.01881871,-0.018858869,-0.018831793,-0.018832106,-0.01888128,-0.01884209,-0.018833298,-0.018863056,-0.01890451,-0.018869612,-0.018876035,-0.01888131,-0.018858809,-0.019004274
2013-06-13,-0.018829186,-0.019005526,-0.018863086,-0.018808413,-0.018830556,-0.0187244,-0.018816773,-0.018851493,-0.018829558,-0.018830169,-0.018886764,-0.018834297,-0.01884723,-0.018864978,-0.01890326,-0.018882398,-0.018882621,-0.01887608,-0.018852297,-0.019005273
2013-06-14,-0.017869849,-0.018000875,-0.017892275,-0.017851297,-0.017876286,-0.017912704,-0.01785754,-0.017896283,-0.017871846,-0.017872442,-0.017925698,-0.017879728,-0.017896328,-0.017925102,-0.017930288,-0.017910112,-0.017884184,-0.01790591,-0.017902035,-0.017994512
2013-06-17,-0.018829662,-0.019007716,-0.018840048,-0.018807907,-0.018830288,-0.018918071,-0.01881485,-0.018852819,-0.018827919,-0.018837247,-0.018892188,-0.01882479,-0.01884133,-0.018874947,-0.018899102,-0.018869508,-0.018853564,-0.018872026,-0.018856559,-0.018964428
2013-06-18,-0.018833447,-0.019008938,-0.018847454,-0.018808443,-0.01883078,-0.01865353,-0.018818635,-0.018863041,-0.018828873,-0.018811066,-0.018892903,-0.018835444,-0.018839855,-0.018860016,-0.018903453,-0.018858407,-0.018827025,-0.018876795,-0.018841002,-0.01901095
2013-06-19,-0.021348689,-0.021520618,-0.021347303,-0.021322045,-0.021348972,-0.021417383,-0.02132738,-0.021382201,-0.021344665,-0.021345202,-0.021397356,-0.021352101,-0.021353621,-0.02136824,-0.021408442,-0.021371383,-0.021359283,-0.021385718,-0.02134632,-0.021523211
2013-06-20,-0.016577262,-0.016687501,-0.016579155,-0.016551021,-0.016573686,-0.016565029,-0.016553763,-0.0166131,-0.016571168,-0.016577665,-0.01662748,-0.016575579,-0.016575847,-0.01658808,-0.016652603,-0.01658671,-0.016607676,-0.016616378,-0.016583432,-0.016685043
2013-06-21,-0.016150896,-0.01631916,-0.016164768,-0.016124252,-0.016149703,-0.016284857,-0.01612993,-0.016196135,-0.016145159,-0.016113643,-0.016200352,-0.016153265,-0.016155977,-0.016147215,-0.016204525,-0.01616143,-0.016182993,-0.016198177,-0.016161088,-0.016249198
2013-06-24,-0.021186996,-0.021359775,-0.021194983,-0.0211684,-0.021185432,-0.021316696,-0.021168057,-0.021235723,-0.021185134,-0.021174598,-0.02124906,-0.021209303,-0.021186326,-0.021212894,-0.021247823,-0.021191526,-0.021240909,-0.021241102,-0.021201927,-0.021294255
2013-06-25,-0.018832121,-0.018940557,-0.018843744,-0.0188119,-0.018830974,-0.018970747,-0.01881272,-0.018874604,-0.018830333,-0.018814329,-0.018890355,-0.01884431,-0.01883604,-0.018854443,-0.018881548,-0.01882923,-0.018875841,-0.018884528,-0.018864725,-0.01899888
2013-06-26,-0.017144267,-0.017207805,-0.017175902,-0.017119665,-0.017140541,-0.01729894,-0.017122839,-0.017188657,-0.017140958,-0.017124731,-0.017202247,-0.017156947,-0.017137606,-0.017177079,-0.017206538,-0.017165456,-0.017185766,-0.017191667,-0.01715969,-0.017268512
2013-06-27,-0.016420517,-0.016525049,-0.016436774,-0.016397137,-0.016417641,-0.016587917,-0.016437683,-0.016469408,-0.016420666,-0.016395543,-0.016483728,-0.016431842,-0.016435493,-0.016447026,-0.016490076,-0.016461376,-0.01646385,-0.016470272,-0.01642752,-0.016546581
2013-06-28,-0.018831942,-0.018935714,-0.0188579,-0.018811677,-0.018832702,-0.018999297,-0.018849928,-0.018879969,-0.018831734,-0.018801797,-0.018894602,-0.018842924,-0.018849794,-0.018842388,-0.018897478,-0.01883604,-0.018855069,-0.018893141,-0.018840823,-0.018966828
2013-07-01,-0.013212507,-0.01325648,-0.013247018,-0.013192018,-0.013212387,-0.013266926,-0.013211821,-0.013252144,-0.013244336,-0.013205235,-0.013257359,-0.0132309245,-0.013214757,-0.013200347,-0.013259401,-0.013213356,-0.01323833,-0.013251175,-0.013197918,-0.013390203
2013-07-02,-0.018829335,-0.018884871,-0.018841777,-0.018810693,-0.018831734,-0.018859494,-0.018828202,-0.018874545,-0.018882338,-0.018789355,-0.018889744,-0.018848557,-0.018840913,-0.018807713,-0.018886257,-0.018821944,-0.018872429,-0.018878568,-0.01883759,-0.01901177
2013-07-03,-0.022660974,-0.02271903,-0.022677723,-0.022640828,-0.022662107,-0.022661481,-0.022649232,-0.022708256,-0.022723023,-0.022590403,-0.022721011,-0.022671793,-0.022672642,-0.022651915,-0.022732202,-0.022655789,-0.022711564,-0.022714112,-0.022680406,-0.022843886
2013-07-05,-0.017338578,-0.01739471,-0.017344821,-0.017321456,-0.01733676,-0.01747762,-0.017357204,-0.017371241,-0.017405946,-0.017247412,-0.0174,-0.017343286,-0.017340038,-0.01732539,-0.017412145,-0.017354447,-0.017392892,-0.01739106,-0.017347042,-0.01752438
2013-07-08,-0.018826235,-0.018893722,-0.01884206,-0.018816013,-0.018829394,-0.01883753,-0.018825758,-0.018864948,-0.01889043,-0.018747602,-0.018890206,-0.018832136,-0.018838275,-0.018823821,-0.018896598,-0.018831883,-0.018858928,-0.01889113,-0.018842999,-0.019011337
2013-07-09,-0.018828738,-0.018889789,-0.018844176,-0.01881205,-0.018829066,-0.018821333,-0.01884878,-0.018864233,-0.018889237,-0.018751118,-0.018892188,-0.018831167,-0.018840898,-0.018822793,-0.018899132,-0.018828724,-0.018826056,-0.018885363,-0.018834103,-0.019011904
2013-07-10,-0.015459408,-0.015524288,-0.015462075,-0.01544096,-0.015462329,-0.015452166,-0.015488555,-0.015499999,-0.015522917,-0.015357082,-0.015521427,-0.015466233,-0.015465294,-0.015449469,-0.0155485915,-0.015461911,-0.015457188,-0.015522321,-0.015466337,-0.015644524
2013-07-11,-0.01882789,-0.018889789,-0.018838067,-0.01880886,-0.018830393,-0.018821198,-0.018824104,-0.018872652,-0.018898163,-0.018799368,-0.018889878,-0.018836472,-0.018839497,-0.018821795,-0.018898148,-0.018826757,-0.018815909,-0.018887836,-0.018836204,-0.019011784
2013-07-12,-0.01882786,-0.018893395,-0.018830243,-0.018808592,-0.018833745,-0.018820498,-0.018827308,-0.018859122,-0.018894974,-0.018815074,-0.018888358,-0.01883677,-0.018839616,-0.018821213,-0.0189008,-0.01882625,-0.018819142,-0.018883783,-0.018868033,-0.019011784
2013-07-15,-0.018564705,-0.018624041,-0.01856554,-0.018546153,-0.018574808,-0.018556941,-0.018601704,-0.018585835,-0.018624324,-0.018555675,-0.018618364,-0.018564899,-0.018579248,-0.018589918,-0.01863331,-0.018593092,-0.01857135,-0.018614743,-0.01858585,-0.018747944
2013-07-16,-0.018828664,-0.018893573,-0.018843833,-0.01881579,-0.018836591,-0.018822644,-0.018858094,-0.018849496,-0.018898282,-0.018826012,-0.01889019,-0.018831853,-0.018840063,-0.018838782,-0.018905122,-0.018865693,-0.018831808,-0.018879939,-0.018844385,-0.019015584
2013-07-17,-0.018827338,-0.018890534,-0.018831376,-0.01881114,-0.018837843,-0.018818054,-0.018840346,-0.01885933,-0.018857855,-0.01882181,-0.018888269,-0.018832836,-0.018826056,-0.018831912,-0.01888894,-0.0188399,-0.018841613,-0.0188721,-0.018878508,-0.01901311
2013-07-18,-0.018822346,-0.018892605,-0.018826846,-0.018810216,-0.018837366,-0.018820096,-0.01883294,-0.018858794,-0.018866364,-0.018822942,-0.01888654,-0.018825997,-0.018842835,-0.018830363,-0.018887166,-0.01883391,-0.018844027,-0.018841136,-0.018882785,-0.019012976
2013-07-19,-0.017989282,-0.018068124,-0.017994422,-0.01797514,-0.018007983,-0.01798809,-0.018002871,-0.018037502,-0.017998595,-0.01799165,-0.018056143,-0.01799481,-0.018005762,-0.01798283,-0.018051151,-0.017999966,-0.018001053,-0.018011097,-0.018067721,-0.018180747
2013-07-22,-0.018003482,-0.018071774,-0.018003661,-0.018004838,-0.018017847,-0.01800086,-0.018012617,-0.01805054,-0.01800843,-0.018007252,-0.018065456,-0.0180077,-0.01801965,-0.01800925,-0.018062655,-0.01800153,-0.018014956,-0.018034998,-0.018072758,-0.018193502
2013-07-23,-0.018823195,-0.018893767,-0.018831555,-0.018816892,-0.018843729,-0.018822808,-0.018893722,-0.018862624,-0.01886912,-0.018826801,-0.01888724,-0.018831987,-0.018843014,-0.018831361,-0.018887077,-0.018846456,-0.01883762,-0.018860418,-0.018879224,-0.01901478
2013-07-24,-0.018832225,-0.018897507,-0.01883166,-0.018812556,-0.018839736,-0.01882257,-0.018900532,-0.01886836,-0.01886997,-0.018828262,-0.018883113,-0.01883987,-0.01887739,-0.018837113,-0.018885437,-0.018843476,-0.018826474,-0.018874664,-0.018878225,-0.01901408
2013-07-25,-0.018073726,-0.018133614,-0.018076796,-0.018055487,-0.018082578,-0.018066753,-0.018096063,-0.018105242,-0.018133987,-0.01807331,-0.018123943,-0.018083338,-0.018118653,-0.018074606,-0.018120352,-0.01810633,-0.018085722,-0.018111188,-0.01809058,-0.018257607
2013-07-26,-0.018839214,-0.01889037,-0.018833283,-0.018806253,-0.018854175,-0.018822197,-0.018839706,-0.018858094,-0.01889782,-0.018830407,-0.018883634,-0.018844876,-0.018863086,-0.018828306,-0.018884543,-0.01886474,-0.018838365,-0.018876765,-0.018827591,-0.019012485
2013-07-29,-0.016693909,-0.01675171,-0.016714547,-0.016669545,-0.016698528,-0.016681705,-0.016706947,-0.016703103,-0.016807023,-0.016688097,-0.01673882,-0.016697545,-0.016718391,-0.016686011,-0.016742367,-0.016707916,-0.016690526,-0.016746033,-0.016680066,-0.016876403
2013-07-30,-0.018838752,-0.018891487,-0.018832777,-0.018809844,-0.018833209,-0.01882245,-0.018854517,-0.01884431,-0.0188368,-0.018827219,-0.018878002,-0.018851329,-0.018842865,-0.018827278,-0.01888727,-0.018828604,-0.018830556,-0.018886704,-0.018822823,-0.019013766
2013-07-31,-0.017685954,-0.01773784,-0.017662946,-0.01765566,-0.017673168,-0.017668653,-0.01767372,-0.017702106,-0.017662618,-0.017681662,-0.017730717,-0.017700378,-0.017689157,-0.01767889,-0.017730657,-0.017673839,-0.017679531,-0.017733548,-0.017694447,-0.01785988
2013-08-01,-0.012823229,-0.012884949,-0.0128074335,-0.012807836,-0.012828876,-0.012821321,-0.012825568,-0.012852673,-0.012812217,-0.012846624,-0.012884353,-0.01283509,-0.01284862,-0.012844403,-0.012876843,-0.012832646,-0.012850811,-0.012863849,-0.012855669,-0.013010551
2013-08-02,-0.018824015,-0.018889923,-0.018794034,-0.018808354,-0.018826697,-0.018818904,-0.018829543,-0.018861596,-0.018855546,-0.018833432,-0.018889386,-0.01884571,-0.018831614,-0.018833537,-0.018882383,-0.01883917,-0.018941049,-0.018865589,-0.018846367,-0.019012246
2013-08-05,-0.017219666,-0.017295841,-0.017236013,-0.017210651,-0.017234806,-0.017221201,-0.01724467,-0.017260943,-0.017223436,-0.017231528,-0.017285649,-0.017236251,-0.017234672,-0.017229278,-0.017290775,-0.01723719,-0.017361764,-0.017276723,-0.017242167,-0.017416839
2013-08-06,-0.018820632,-0.018893171,-0.018845621,-0.018812496,-0.018849585,-0.01882099,-0.01888505,-0.018866051,-0.018819395,-0.01882394,-0.018882904,-0.01883911,-0.018818501,-0.018831212,-0.018890042,-0.018840838,-0.018963564,-0.018881429,-0.018834222,-0.019014511
2013-08-07,-0.018825043,-0.01888967,-0.01886848,-0.01880965,-0.018841702,-0.018821482,-0.018866036,-0.018874992,-0.018818561,-0.01882464,-0.01888286,-0.018837694,-0.018828768,-0.018827368,-0.018887702,-0.018843938,-0.018957231,-0.018881578,-0.01882789,-0.0190125
2013-08-08,-0.018824968,-0.018891219,-0.018860567,-0.018809382,-0.018840868,-0.01882102,-0.018839542,-0.01887538,-0.018815983,-0.018830944,-0.018885273,-0.018829186,-0.018830616,-0.01883455,-0.018887658,-0.018830959,-0.018995482,-0.018873844,-0.018835563,-0.019012783
2013-08-09,-0.018825639,-0.01889861,-0.018840764,-0.018819515,-0.018831838,-0.018820453,-0.018832225,-0.018866528,-0.018815015,-0.018826429,-0.018884573,-0.018833254,-0.018824417,-0.018829424,-0.018888835,-0.018836979,-0.018993903,-0.018872667,-0.01883595,-0.0190125
2013-08-12,-0.017642546,-0.017712925,-0.017651264,-0.01762082,-0.017638315,-0.01762982,-0.017691601,-0.017677326,-0.017625455,-0.017635543,-0.017704118,-0.017646838,-0.017653454,-0.017639581,-0.01770376,-0.017659087,-0.017806057,-0.017693583,-0.017648522,-0.017826293
2013-08-13,-0.018829543,-0.018890548,-0.018819842,-0.018812243,-0.018832538,-0.018820051,-0.018907595,-0.018866364,-0.01881786,-0.018825877,-0.018884782,-0.018842716,-0.0188278,-0.01883072,-0.018885914,-0.018847305,-0.018988747,-0.018878508,-0.018842015,-0.019013707
2013-08-14,-0.018778447,-0.018832553,-0.018771086,-0.018760178,-0.018778432,-0.018771652,-0.018801529,-0.0188088,-0.018769253,-0.018776942,-0.018825475,-0.01879159,-0.018775243,-0.01878025,-0.018831763,-0.01881047,-0.018941585,-0.018820126,-0.018792678,-0.01896279
2013-08-15,-0.024833415,-0.024913419,-0.024840001,-0.024811734,-0.024839822,-0.024826098,-0.024837617,-0.024872739,-0.024823684,-0.024830256,-0.02490582,-0.024875823,-0.024833072,-0.024835754,-0.024910796,-0.024875153,-0.024995718,-0.02488849,-0.024838764,-0.025018338
2013-08-16,-0.012659137,-0.0127148675,-0.012659569,-0.012640615,-0.012664427,-0.012652983,-0.0126598375,-0.012690683,-0.012762626,-0.012662371,-0.012715344,-0.012702455,-0.012668227,-0.0126598375,-0.012715717,-0.012698119,-0.012820174,-0.012701844,-0.012669538,-0.012842123
2013-08-19,-0.017759848,-0.017792378,-0.017740924,-0.017714117,-0.017739374,-0.017727528,-0.017770056,-0.01775207,-0.017866675,-0.017733965,-0.01779114,-0.017755155,-0.017749954,-0.017734427,-0.017786417,-0.017756406,-0.017890532,-0.017774869,-0.0177431,-0.017919142
2013-08-20,-0.018841375,-0.018886555,-0.018830094,-0.01881029,-0.018835012,-0.018822614,-0.018868078,-0.018856231,-0.018971745,-0.01882853,-0.01888815,-0.01884504,-0.018841628,-0.018828023,-0.01888648,-0.018867794,-0.018994693,-0.018866796,-0.01883391,-0.019012917
2013-08-21,-0.01792762,-0.017982949,-0.017918412,-0.017898057,-0.01792914,-0.017909933,-0.017942477,-0.017950047,-0.017952237,-0.017916638,-0.017972384,-0.017944265,-0.017932076,-0.01791628,-0.01797514,-0.01795036,-0.01807842,-0.017959375,-0.017922748,-0.01810046
2013-08-22,-0.016221229,-0.016276974,-0.01622111,-0.016199175,-0.016233686,-0.016214121,-0.016226906,-0.016254518,-0.016368825,-0.016217384,-0.016266067,-0.016242702,-0.016302679,-0.01621737,-0.016267512,-0.016257498,-0.016374443,-0.01625428,-0.016229544,-0.01640131
2013-08-23,-0.016730879,-0.016784389,-0.016743157,-0.016723234,-0.01675414,-0.016732756,-0.016730968,-0.01676977,-0.016757298,-0.016741086,-0.016774748,-0.016770724,-0.016839478,-0.016741727,-0.016771648,-0.016759176,-0.01688141,-0.016767327,-0.016748358,-0.01692148
2013-08-26,-0.019840676,-0.019900385,-0.01984531,-0.01982278,-0.019860048,-0.019832004,-0.019855548,-0.019874532,-0.019866321,-0.019840676,-0.019895155,-0.019879747,-0.019962836,-0.019841764,-0.019898567,-0.019874323,-0.019995663,-0.019883621,-0.019853804,-0.020026315
2013-08-27,-0.018823761,-0.01889779,-0.018829662,-0.018809635,-0.01883692,-0.018819932,-0.01886398,-0.01886103,-0.018936206,-0.01882704,-0.018883888,-0.018864859,-0.018954877,-0.018827457,-0.018888567,-0.018874217,-0.018983472,-0.018871952,-0.018838678,-0.019012947
2013-08-28,-0.01541685,-0.0154808955,-0.0154201435,-0.015397315,-0.015428548,-0.015403395,-0.015420978,-0.015449245,-0.015573789,-0.01541311,-0.015466382,-0.015433987,-0.015518402,-0.015412097,-0.015466531,-0.015448515,-0.015547563,-0.015453671,-0.015413706,-0.015596618
2013-08-29,-0.019176189,-0.019244377,-0.01918428,-0.019160394,-0.019191656,-0.019170422,-0.019207764,-0.0192204,-0.019321654,-0.019176979,-0.019239444,-0.019188035,-0.019296858,-0.019176383,-0.019236628,-0.01921535,-0.01932234,-0.019221026,-0.019184489,-0.01936302
2013-08-30,-0.018826995,-0.01888581,-0.01883002,-0.018808711,-0.018837858,-0.0188188,-0.018833686,-0.01886924,-0.018817712,-0.018824715,-0.01888727,-0.018827606,-0.018968407,-0.018825818,-0.0188873,-0.018846113,-0.018978689,-0.018870432,-0.018834595,-0.019011784
2013-09-03,-0.008986746,-0.009033074,-0.008987208,-0.008966123,-0.008994971,-0.008975168,-0.008989607,-0.009008919,-0.009116088,-0.008981382,-0.0090343105,-0.008985256,-0.0091195,-0.008982887,-0.009035368,-0.00900351,-0.009139468,-0.009021659,-0.008989369,-0.009166156
2013-09-04,-0.01883215,-0.018886987,-0.018828217,-0.018809158,-0.018830556,-0.018819008,-0.018832464,-0.0188638,-0.018988851,-0.018823344,-0.018889774,-0.018850062,-0.018945951,-0.018841628,-0.018888954,-0.018846069,-0.018977929,-0.018875439,-0.018831853,-0.019011814
2013-09-05,-0.018830556,-0.0188821,-0.018832419,-0.018808577,-0.018835086,-0.018821377,-0.01882245,-0.018865574,-0.01889189,-0.018827427,-0.01888277,-0.018861506,-0.018927027,-0.018866245,-0.018881563,-0.018855963,-0.018955473,-0.018877972,-0.018830646,-0.0190118
2013-09-06,-0.018830929,-0.018884454,-0.018828128,-0.018810544,-0.018822256,-0.01882111,-0.018829841,-0.018868435,-0.0189485,-0.018825952,-0.018885765,-0.01884723,-0.018934924,-0.018876854,-0.018885244,-0.01883303,-0.018981759,-0.018878032,-0.01883014,-0.019013125
2013-09-09,-0.019111145,-0.019151498,-0.019098673,-0.019084502,-0.019095156,-0.019093785,-0.01909602,-0.019140277,-0.0192657,-0.019097332,-0.019148517,-0.019109923,-0.019228999,-0.019141022,-0.019151676,-0.019118194,-0.019218806,-0.019145269,-0.019103412,-0.019281719
2013-09-10,-0.018835086,-0.018882442,-0.018828426,-0.018810246,-0.01883519,-0.018822554,-0.018825788,-0.01887225,-0.019000802,-0.018825937,-0.01888426,-0.018838841,-0.018961344,-0.018870909,-0.018883098,-0.018864501,-0.018953178,-0.018874232,-0.018835071,-0.019011576
2013-09-11,-0.012736742,-0.012775351,-0.01272655,-0.012708192,-0.012745713,-0.012720798,-0.012727101,-0.012769555,-0.012753476,-0.012723123,-0.012779881,-0.012747903,-0.012804826,-0.012751003,-0.012779211,-0.012752716,-0.012825851,-0.012768169,-0.012736459,-0.012910415
2013-09-12,-0.018832315,-0.018884052,-0.018832002,-0.018808965,-0.018847648,-0.01882412,-0.018842477,-0.018873591,-0.018867064,-0.01882634,-0.018884707,-0.018860433,-0.018939782,-0.018867198,-0.018882398,-0.018876646,-0.01894683,-0.018872578,-0.018844713,-0.019012067
2013-09-13,-0.014214222,-0.0142662125,-0.014217948,-0.014197116,-0.014231225,-0.014210244,-0.014221643,-0.014254858,-0.014248584,-0.014214997,-0.014264931,-0.014240955,-0.014285048,-0.0142497765,-0.014264842,-0.014248227,-0.01433361,-0.014254292,-0.014222522,-0.014395122
2013-09-16,-0.018833611,-0.018876988,-0.018831167,-0.018810738,-0.018846009,-0.01882327,-0.01884808,-0.018872458,-0.01885428,-0.01882695,-0.018881444,-0.018856365,-0.018944208,-0.018860538,-0.018880296,-0.018870998,-0.018936697,-0.018871013,-0.01883893,-0.019013483
2013-09-17,-0.018840123,-0.018873919,-0.018832494,-0.018812824,-0.018845621,-0.01882473,-0.018846665,-0.018872801,-0.01882406,-0.018827353,-0.018883307,-0.018858392,-0.018902529,-0.01886547,-0.018882353,-0.01887894,-0.018928785,-0.018867467,-0.01883522,-0.019011382
2013-09-18,-0.015306433,-0.015359287,-0.015302991,-0.015289982,-0.015318771,-0.015292783,-0.015349989,-0.015345876,-0.015295719,-0.015297671,-0.01536036,-0.015336354,-0.015380074,-0.015297134,-0.015319412,-0.015322004,-0.015386929,-0.015343179,-0.015276064,-0.015486543
2013-09-19,-0.013176103,-0.013219972,-0.013174404,-0.013157074,-0.013181617,-0.013166492,-0.0131847905,-0.013212119,-0.013166373,-0.013169189,-0.013223966,-0.013212358,-0.01322854,-0.013178711,-0.013176848,-0.013201957,-0.013272216,-0.013211598,-0.013187085,-0.013352294
2013-09-20,-0.018834088,-0.018882368,-0.01883215,-0.018813271,-0.018837456,-0.018824477,-0.018838618,-0.018872801,-0.018823434,-0.018826041,-0.018881116,-0.018870953,-0.018902007,-0.01887745,-0.018825952,-0.018868033,-0.018921424,-0.018875305,-0.018851671,-0.019012708
2013-09-23,-0.018619929,-0.018661682,-0.018619005,-0.018596236,-0.018618722,-0.018608544,-0.018636737,-0.018659282,-0.01860844,-0.018611614,-0.018665764,-0.018654782,-0.018675108,-0.018635828,-0.018606994,-0.01864222,-0.018702287,-0.01866274,-0.01865289,-0.018798042
2013-09-24,-0.018035565,-0.018062133,-0.018034909,-0.01800986,-0.018034283,-0.018024284,-0.018030856,-0.018063027,-0.018127177,-0.018026236,-0.01806556,-0.018052448,-0.018054847,-0.018055502,-0.018042345,-0.018040497,-0.018086184,-0.018064264,-0.01805881,-0.018208269
2013-09-25,-0.014805024,-0.014846628,-0.014800866,-0.014781122,-0.014808302,-0.014791344,-0.014794444,-0.014841591,-0.014821072,-0.014795397,-0.014849161,-0.014814292,-0.014844586,-0.0148175405,-0.014822786,-0.014820014,-0.01487573,-0.014840265,-0.014840995,-0.014980917
2013-09-26,-0.016637538,-0.01669835,-0.016632695,-0.016613144,-0.016637374,-0.016623843,-0.016621444,-0.016678218,-0.01664989,-0.016631264,-0.01668379,-0.016652245,-0.016680453,-0.016641352,-0.016652305,-0.016661588,-0.01671638,-0.016678352,-0.01666345,-0.016816888
2013-09-27,-0.018829975,-0.018879909,-0.018828485,-0.018809889,-0.01883373,-0.018822063,-0.01882105,-0.018873218,-0.018855188,-0.018826995,-0.018880386,-0.018856395,-0.018874664,-0.01888657,-0.01884431,-0.018871848,-0.018953685,-0.018877376,-0.018833298,-0.019012276
2013-09-30,-0.018899623,-0.018947992,-0.01889332,-0.018877927,-0.018893126,-0.018890131,-0.018913079,-0.018938962,-0.018974546,-0.018895779,-0.018945683,-0.01892418,-0.018939365,-0.018963236,-0.018905643,-0.018935401,-0.01900803,-0.018942554,-0.0189015,-0.01908021
2013-10-01,-0.018830288,-0.01888341,-0.018836547,-0.018810216,-0.018827457,-0.0188216,-0.01882768,-0.0188693,-0.018863607,-0.018827606,-0.018881071,-0.01885562,-0.018871147,-0.018851671,-0.018836427,-0.018844519,-0.01890767,-0.018873174,-0.018833775,-0.01894604
2013-10-02,-0.018828485,-0.018879239,-0.018838022,-0.018814195,-0.01883744,-0.018819619,-0.018817533,-0.018864904,-0.018850897,-0.018826637,-0.018881787,-0.018867213,-0.018837605,-0.018877525,-0.018829618,-0.018858392,-0.018949855,-0.018875692,-0.018832494,-0.019005794
2013-10-03,-0.017679859,-0.017732624,-0.017680738,-0.017648209,-0.01768652,-0.017673079,-0.017690156,-0.017719377,-0.017689127,-0.017680276,-0.017733011,-0.017705444,-0.017701019,-0.01775663,-0.017687235,-0.017709408,-0.017800588,-0.017728452,-0.017697085,-0.017775197
2013-10-04,-0.017400462,-0.017468397,-0.017403726,-0.017385636,-0.017413724,-0.017395336,-0.017434124,-0.01745354,-0.017406497,-0.017400566,-0.017465,-0.017429475,-0.017439876,-0.01746716,-0.01740754,-0.017449263,-0.017529983,-0.017458368,-0.017428894,-0.017497484
2013-10-07,-0.018827844,-0.018882383,-0.018825296,-0.01880451,-0.018836353,-0.01882096,-0.01883063,-0.018877927,-0.018840585,-0.018827293,-0.018885124,-0.018842194,-0.018861834,-0.018855069,-0.018844593,-0.018872056,-0.0189181,-0.018874828,-0.01884127,-0.018832374
2013-10-08,-0.018828202,-0.018881906,-0.01882628,-0.018814657,-0.0188285,-0.018821064,-0.01884726,-0.018876348,-0.018850181,-0.01882637,-0.018894289,-0.018832926,-0.018879477,-0.018861864,-0.018838722,-0.018838678,-0.018948782,-0.01887535,-0.018807147,-0.018889073
2013-10-09,-0.016269375,-0.01633196,-0.01627003,-0.016257916,-0.016281981,-0.016261611,-0.016278822,-0.01631694,-0.016287122,-0.016268197,-0.016332094,-0.01629259,-0.016313884,-0.016284648,-0.016271655,-0.016283814,-0.016385648,-0.016324017,-0.016256873,-0.016317282
2013-10-10,-0.019912083,-0.019972045,-0.019910935,-0.01990131,-0.019927774,-0.019902442,-0.01991627,-0.019951705,-0.01992156,-0.019911129,-0.019972298,-0.019939113,-0.019959826,-0.019920994,-0.019944865,-0.019927148,-0.020037893,-0.019963834,-0.019929517,-0.019967187
2013-10-11,-0.01449797,-0.014544983,-0.014496137,-0.014486705,-0.014509221,-0.014489164,-0.014518117,-0.014536713,-0.014499535,-0.014494692,-0.014554788,-0.014520307,-0.014538293,-0.014526238,-0.014506345,-0.014517863,-0.014597972,-0.014539857,-0.014500652,-0.014561613
2013-10-14,-0.0171361,-0.017187107,-0.01712795,-0.017124105,-0.017135654,-0.017123867,-0.01713683,-0.017169882,-0.017131347,-0.017128158,-0.017202843,-0.017148975,-0.017173637,-0.017149571,-0.017156933,-0.017161343,-0.017227981,-0.01717693,-0.017126206,-0.017178837
2013-10-15,-0.018835355,-0.01888137,-0.01882619,-0.018820602,-0.01882549,-0.018816296,-0.018839259,-0.018868674,-0.018832494,-0.018827517,-0.018890623,-0.01883303,-0.018871356,-0.01885328,-0.018867437,-0.018847872,-0.018938724,-0.018875662,-0.018829275,-0.018862296
2013-10-16,-0.01631524,-0.016363222,-0.016307537,-0.01630235,-0.01630782,-0.016295347,-0.016331036,-0.016353581,-0.016312186,-0.016309667,-0.016370315,-0.01630992,-0.016360123,-0.0163274,-0.016341839,-0.016333181,-0.016427908,-0.01635914,-0.016298208,-0.016355235
2013-10-17,-0.018833805,-0.018880952,-0.018825877,-0.01882318,-0.018830929,-0.018811885,-0.018825848,-0.018875737,-0.018825281,-0.018823404,-0.018888418,-0.018826474,-0.018879209,-0.018844265,-0.01887979,-0.01884057,-0.018933434,-0.01887748,-0.018820424,-0.01887009
2013-10-18,-0.01687542,-0.016910706,-0.016862977,-0.01683313,-0.016870711,-0.016855258,-0.016844455,-0.016907487,-0.016865183,-0.016865868,-0.016915936,-0.016869027,-0.01691017,-0.016879473,-0.016906206,-0.016876597,-0.01695219,-0.016908485,-0.016863707,-0.016867924
2013-10-21,-0.018094037,-0.018136237,-0.018078897,-0.018029112,-0.018095274,-0.018070344,-0.018047232,-0.01811226,-0.01807936,-0.018079836,-0.018141422,-0.018086273,-0.018122274,-0.018089656,-0.018117044,-0.018094335,-0.018173683,-0.01813205,-0.018077064,-0.018059764
2013-10-22,-0.018840913,-0.0188866,-0.01882704,-0.018721078,-0.018835638,-0.018813554,-0.01874796,-0.018859494,-0.018826727,-0.018826384,-0.01889043,-0.018839244,-0.01887605,-0.018835519,-0.01885492,-0.018844176,-0.0189181,-0.018883694,-0.018823493,-0.018765423
2013-10-23,-0.02013715,-0.020169992,-0.020127509,-0.020013321,-0.020138685,-0.020118017,-0.020042349,-0.020154838,-0.020128164,-0.02012876,-0.020182047,-0.020138685,-0.020136807,-0.020133872,-0.020153109,-0.020143095,-0.020207841,-0.02017409,-0.020131592,-0.020063449
2013-10-24,-0.018837366,-0.018884812,-0.018828098,-0.018678416,-0.018837307,-0.018817488,-0.018714774,-0.018869165,-0.01882999,-0.018825743,-0.01888961,-0.018853683,-0.018830542,-0.01885629,-0.018853743,-0.018849928,-0.01890159,-0.018884081,-0.01883519,-0.018806104
2013-10-25,-0.017336193,-0.017395291,-0.017328266,-0.017208848,-0.017347772,-0.01731867,-0.017242838,-0.017365504,-0.017328385,-0.017324511,-0.017394025,-0.017351944,-0.01731551,-0.017346386,-0.017354194,-0.017350633,-0.017411266,-0.017391149,-0.017333496,-0.017279986
2013-10-28,-0.018823896,-0.018887956,-0.018822212,-0.018703032,-0.018829662,-0.018817458,-0.01872519,-0.018840421,-0.018825922,-0.018819574,-0.018885333,-0.018830854,-0.018803481,-0.018874947,-0.018821958,-0.018835325,-0.018892828,-0.018949855,-0.018794034,-0.018824343
2013-10-29,-0.0144399,-0.014495482,-0.014439036,-0.014278744,-0.014449065,-0.014434238,-0.014445459,-0.014468317,-0.014445846,-0.014443879,-0.01449955,-0.014453192,-0.014442717,-0.014503037,-0.014425506,-0.014473994,-0.014510115,-0.014525463,-0.014439543,-0.014446576
2013-10-30,-0.019910906,-0.019964252,-0.01991639,-0.019747663,-0.019928638,-0.019905362,-0.019887734,-0.019944433,-0.019916225,-0.019912634,-0.019977082,-0.019918565,-0.019914437,-0.019972492,-0.019911353,-0.019933257,-0.01998261,-0.01995987,-0.019922022,-0.019918848
2013-10-31,-0.017116982,-0.017159615,-0.017116416,-0.016984064,-0.017119695,-0.017106865,-0.01710156,-0.017142717,-0.017119695,-0.017114002,-0.017171282,-0.017122526,-0.017148528,-0.017183218,-0.017106686,-0.017143045,-0.017174635,-0.017234761,-0.01713558,-0.017126802
2013-11-01,-0.018115778,-0.018167887,-0.018113036,-0.018061254,-0.01811387,-0.018106032,-0.018104304,-0.01815373,-0.018119682,-0.018119637,-0.018173967,-0.018129352,-0.018173713,-0.018176634,-0.018126342,-0.01813123,-0.01817127,-0.018292759,-0.01815753,-0.018228415
2013-11-04,-0.016597215,-0.016652945,-0.016591746,-0.016565297,-0.016596932,-0.016577382,-0.01657473,-0.016627286,-0.01659872,-0.016592462,-0.01665463,-0.016605709,-0.016662408,-0.016600017,-0.016597379,-0.01660939,-0.016660307,-0.016677741,-0.016644198,-0.016732339
2013-11-05,-0.018833805,-0.018888373,-0.018835608,-0.01881357,-0.018824,-0.018813942,-0.01882181,-0.018869985,-0.018833239,-0.018827919,-0.018892322,-0.018839572,-0.018898178,-0.018917028,-0.01883844,-0.018847007,-0.01889493,-0.0188745,-0.018875618,-0.01897687
2013-11-06,-0.018830393,-0.018885974,-0.018831585,-0.018656615,-0.018834654,-0.018812854,-0.018825103,-0.01887447,-0.018834922,-0.018826861,-0.018886734,-0.018844265,-0.018843684,-0.018875722,-0.018841047,-0.018846352,-0.018883456,-0.018918667,-0.01883762,-0.018867526
2013-11-07,-0.018829543,-0.018883187,-0.018831585,-0.018728334,-0.018843506,-0.018789072,-0.018829588,-0.01887073,-0.018835027,-0.01882479,-0.01888666,-0.018835071,-0.018832583,-0.018868256,-0.018837947,-0.018848587,-0.018883172,-0.018913303,-0.018836308,-0.018866751
2013-11-08,-0.014910405,-0.014982034,-0.014914264,-0.014738296,-0.01492924,-0.014859949,-0.014908229,-0.014944051,-0.014915784,-0.014908095,-0.014969383,-0.014916216,-0.0149034755,-0.014933382,-0.014914249,-0.014935826,-0.014970441,-0.014946167,-0.014912833,-0.014920925
2013-11-11,-0.018317226,-0.018418808,-0.018356938,-0.01829392,-0.018369634,-0.018285159,-0.018350903,-0.018388975,-0.01835825,-0.018355835,-0.018405724,-0.018363465,-0.018341798,-0.01839267,-0.018368173,-0.018368293,-0.018405844,-0.018385772,-0.018357877,-0.018488903
2013-11-12,-0.018805508,-0.01890235,-0.018834937,-0.018801678,-0.018856023,-0.018766586,-0.018822495,-0.018864963,-0.018831778,-0.018823106,-0.018886957,-0.01883382,-0.018831406,-0.01883917,-0.018834922,-0.018838618,-0.018885884,-0.01889329,-0.018836576,-0.018964011
2013-11-13,-0.018824283,-0.018896226,-0.018834505,-0.0187804,-0.01885112,-0.018802512,-0.018828828,-0.018862952,-0.018830944,-0.018790115,-0.018886525,-0.018841226,-0.018858645,-0.018843327,-0.018837202,-0.018841226,-0.018890385,-0.01889247,-0.018862505,-0.01883291
2013-11-14,-0.017523054,-0.01759756,-0.017527748,-0.017461766,-0.01753107,-0.01750106,-0.01752514,-0.017555628,-0.017520819,-0.017465506,-0.017572407,-0.017527077,-0.01756886,-0.017531905,-0.017527554,-0.017513636,-0.017573867,-0.017561633,-0.017538268,-0.01749489
2013-11-15,-0.017110202,-0.017205153,-0.017135132,-0.017008562,-0.017129306,-0.017115314,-0.017129932,-0.017169137,-0.017129038,-0.017110232,-0.01718289,-0.017133284,-0.017164905,-0.017164055,-0.017134313,-0.017149482,-0.017184395,-0.017176736,-0.01713634,-0.017075378
2013-11-18,-0.012522687,-0.012593304,-0.012539034,-0.012408112,-0.012514313,-0.012520497,-0.012535741,-0.012570237,-0.012539183,-0.012519528,-0.01258709,-0.01254638,-0.0125570195,-0.012570863,-0.01252306,-0.012548928,-0.012583737,-0.0126109915,-0.012540166,-0.012469743
2013-11-19,-0.01879986,-0.01887821,-0.018832196,-0.018721808,-0.01882774,-0.018760044,-0.018823523,-0.018862385,-0.018831495,-0.018810514,-0.018885378,-0.018846381,-0.018770356,-0.01884045,-0.01882704,-0.018849362,-0.01888566,-0.018905226,-0.018820766,-0.018754292
2013-11-20,-0.018777419,-0.018885482,-0.018827084,-0.01865441,-0.01882999,-0.018732075,-0.018822212,-0.018870417,-0.018831704,-0.01882543,-0.018887538,-0.01884571,-0.018746648,-0.018836338,-0.018836949,-0.018851448,-0.0188911,-0.018885542,-0.018837426,-0.018747125
2013-11-21,-0.018809412,-0.018892054,-0.018834848,-0.018695716,-0.018838841,-0.018790696,-0.018825177,-0.01886988,-0.018831376,-0.018825356,-0.018887747,-0.018850181,-0.018748287,-0.018857885,-0.01883537,-0.01885641,-0.018885914,-0.018868286,-0.018835355,-0.018751238
2013-11-22,-0.019143809,-0.019278798,-0.019207213,-0.019048844,-0.019222368,-0.019089136,-0.019195769,-0.019233678,-0.019204263,-0.019174937,-0.019273002,-0.019217987,-0.019150857,-0.019208375,-0.019208629,-0.019220475,-0.019265432,-0.019241799,-0.019205276,-0.01915421
2013-11-25,-0.022357184,-0.022469435,-0.022418965,-0.022308473,-0.022420947,-0.022303257,-0.022405881,-0.022441316,-0.022414643,-0.022371951,-0.022474263,-0.02242482,-0.0223645,-0.022420991,-0.022413377,-0.022428367,-0.02247243,-0.022448976,-0.022417638,-0.022361014
2013-11-26,-0.018810306,-0.018881265,-0.018834028,-0.018771295,-0.018849242,-0.01879089,-0.018827293,-0.018853415,-0.018831331,-0.018819306,-0.01888949,-0.01884279,-0.018816385,-0.018866185,-0.018834282,-0.018844623,-0.018888969,-0.018871132,-0.01882853,-0.018801186
2013-11-27,-0.018818203,-0.018888671,-0.018830676,-0.018746514,-0.018840779,-0.018811185,-0.018826012,-0.01886392,-0.018832568,-0.01882312,-0.018888924,-0.018841196,-0.018835101,-0.01886556,-0.018833373,-0.01885717,-0.018890116,-0.018876035,-0.01883145,-0.018769313
2013-11-29,-0.018821482,-0.018889714,-0.0188375,-0.018752012,-0.018836174,-0.018779714,-0.018827487,-0.018873561,-0.018835355,-0.018805299,-0.018890563,-0.018851135,-0.018796746,-0.01886006,-0.018834043,-0.018873323,-0.01889101,-0.018878613,-0.018831138,-0.01877417
2013-12-02,-0.018825877,-0.018892933,-0.01882923,-0.018751968,-0.01883598,-0.018796865,-0.018826354,-0.018871997,-0.018834058,-0.018795837,-0.01889025,-0.018842343,-0.018776823,-0.018860254,-0.018842299,-0.01887237,-0.018892426,-0.018879283,-0.018836964,-0.018770132
2013-12-03,-0.01882917,-0.018894333,-0.018827815,-0.018725995,-0.018838901,-0.018793229,-0.018823106,-0.01887462,-0.018830169,-0.01879299,-0.018887434,-0.0188427,-0.018914077,-0.018845472,-0.01883443,-0.01887079,-0.018897805,-0.01888064,-0.01883379,-0.01879068
2013-12-04,-0.020827714,-0.020891327,-0.020822186,-0.020749528,-0.020837445,-0.020865668,-0.020818446,-0.020868186,-0.02082372,-0.020804364,-0.020885412,-0.020851705,-0.020850454,-0.020842228,-0.020828951,-0.020840932,-0.02089851,-0.02089173,-0.020827476,-0.02079079
2013-12-05,-0.01993357,-0.01996604,-0.019925881,-0.019826625,-0.019927207,-0.01973455,-0.019927878,-0.019964863,-0.019928012,-0.019922215,-0.019974623,-0.019956235,-0.019979138,-0.019948173,-0.019932438,-0.019936074,-0.019983862,-0.019972447,-0.019933302,-0.019858126
2013-12-06,-0.019802261,-0.019865442,-0.019798402,-0.019653369,-0.01979259,-0.019577656,-0.019797329,-0.019838411,-0.019799758,-0.01979408,-0.019856844,-0.019839901,-0.019857425,-0.019822959,-0.01980256,-0.019817803,-0.019861568,-0.019845832,-0.019803364,-0.019688148
2013-12-09,-0.019136135,-0.01918966,-0.01916315,-0.019035015,-0.019142348,-0.018989716,-0.019133229,-0.019165862,-0.019137222,-0.019133616,-0.019178946,-0.019149262,-0.019282226,-0.01914138,-0.01914819,-0.019151274,-0.019193087,-0.019164342,-0.019140158,-0.0190962
2013-12-10,-0.018831152,-0.018896151,-0.018888284,-0.018732,-0.018835414,-0.018504951,-0.018826116,-0.018869776,-0.018837009,-0.018800635,-0.018890265,-0.018836055,-0.018963147,-0.018840555,-0.018840078,-0.018852208,-0.018898,-0.018884007,-0.018832508,-0.018761296
2013-12-11,-0.017502058,-0.017564628,-0.017564286,-0.017375294,-0.017528225,-0.017384652,-0.017495874,-0.0175439,-0.017507363,-0.01747543,-0.017559726,-0.017500568,-0.017530132,-0.017516155,-0.017506469,-0.01750939,-0.017562453,-0.017552767,-0.017505724,-0.017471913
2013-12-12,-0.024392325,-0.02445412,-0.02445196,-0.024211112,-0.024405021,-0.024197284,-0.024385203,-0.0244415,-0.024395738,-0.02432083,-0.024453808,-0.024391819,-0.02436288,-0.024392907,-0.024394367,-0.024398822,-0.024461616,-0.024442006,-0.024400685,-0.024327327
2013-12-13,-0.019346137,-0.019389946,-0.019382406,-0.01912402,-0.019352574,-0.019291867,-0.019343514,-0.01938713,-0.019352365,-0.019305993,-0.01939844,-0.019350398,-0.019353319,-0.019364078,-0.019348282,-0.01934937,-0.019402865,-0.019388873,-0.019357119,-0.019301463
2013-12-16,-0.016428653,-0.016479839,-0.016471837,-0.016162012,-0.016443808,-0.016464565,-0.016431067,-0.016474742,-0.01642992,-0.016396496,-0.016485784,-0.016434226,-0.016427342,-0.016449977,-0.016431186,-0.016438056,-0.016477633,-0.016451765,-0.0164353,-0.01639216
2013-12-17,-0.018830288,-0.018906493,-0.018873189,-0.018673781,-0.018833492,-0.01870424,-0.01881807,-0.018878791,-0.018832166,-0.01880579,-0.018890355,-0.018843416,-0.018785719,-0.018855859,-0.018836815,-0.01887304,-0.01888642,-0.018867332,-0.018829662,-0.018771503
2013-12-18,-0.019859124,-0.019915137,-0.019899476,-0.019709084,-0.019862596,-0.01974434,-0.019849885,-0.019897897,-0.019862656,-0.019813467,-0.019909266,-0.019867424,-0.019848619,-0.019880552,-0.019869883,-0.019893054,-0.019916404,-0.01989517,-0.019857738,-0.019779671
2013-12-19,-0.017567549,-0.017618049,-0.01760276,-0.017460067,-0.017572362,-0.017567981,-0.017546747,-0.017608035,-0.017572258,-0.017531801,-0.017623503,-0.017584879,-0.017535467,-0.017587323,-0.017575342,-0.017601613,-0.017627764,-0.017614651,-0.01756819,-0.017510835
2013-12-20,-0.017024416,-0.017080326,-0.017101336,-0.016906206,-0.01702771,-0.017024744,-0.017018873,-0.017064784,-0.017031047,-0.017020155,-0.017083544,-0.017042626,-0.016980741,-0.017048452,-0.017038945,-0.017054055,-0.017083082,-0.017019901,-0.017030869,-0.016954709
2013-12-23,-0.018871684,-0.018927757,-0.018935014,-0.018694479,-0.018872295,-0.018893424,-0.018802587,-0.01891001,-0.018866468,-0.018862385,-0.018921915,-0.018878628,-0.018947441,-0.018896837,-0.018871803,-0.018896345,-0.018924002,-0.01893634,-0.018866975,-0.018803183
2013-12-24,-0.017925534,-0.017969195,-0.01796009,-0.017780203,-0.017928991,-0.017887164,-0.017870072,-0.017961074,-0.01792549,-0.017924074,-0.017967213,-0.017944831,-0.018033002,-0.017945144,-0.01792914,-0.017960865,-0.01797359,-0.017952178,-0.017928679,-0.017868567
2013-12-26,-0.01966459,-0.019710604,-0.019679967,-0.019531045,-0.019666169,-0.01962063,-0.01974069,-0.019697744,-0.019663248,-0.019664515,-0.01971345,-0.019682977,-0.019728813,-0.019700427,-0.019670878,-0.019695465,-0.019719053,-0.019682664,-0.019664485,-0.019587625
2013-12-27,-0.018833522,-0.018891457,-0.018888552,-0.018721852,-0.018846054,-0.018607635,-0.018795166,-0.018869225,-0.018834624,-0.018834133,-0.018888999,-0.018857066,-0.018831734,-0.018857304,-0.018842686,-0.018876214,-0.01889636,-0.018884588,-0.01883148,-0.01878697
2013-12-30,-0.018832061,-0.018887538,-0.018899966,-0.01868758,-0.018846098,-0.018803973,-0.018866602,-0.018869717,-0.018834386,-0.018836621,-0.018890206,-0.018845323,-0.018843386,-0.018840048,-0.018838424,-0.018862385,-0.018895883,-0.018915106,-0.018835831,-0.018794227
2013-12-31,-0.018860418,-0.018889625,-0.018866632,-0.018671129,-0.018846232,-0.018872205,-0.01889025,-0.018870775,-0.018833209,-0.018832166,-0.018889997,-0.018837724,-0.018828858,-0.018831093,-0.018839005,-0.018861506,-0.01889849,-0.0188759,-0.018835176,-0.01879229
2014-01-02,-0.018840197,-0.01889119,-0.018885154,-0.018744472,-0.018842716,-0.018892322,-0.018879239,-0.018863846,-0.018837903,-0.018832508,-0.018890698,-0.01884817,-0.018800024,-0.018835533,-0.018833179,-0.018856663,-0.018908162,-0.018878032,-0.018835876,-0.01880743
2014-01-03,-0.018848423,-0.018889923,-0.018889476,-0.018760283,-0.01883677,-0.018929053,-0.018837038,-0.018862445,-0.01883686,-0.018829841,-0.018892366,-0.01884133,-0.018869508,-0.018844206,-0.018833924,-0.018858287,-0.01890153,-0.018916506,-0.01883309,-0.018791813
2014-01-06,-0.018831555,-0.018887553,-0.018892664,-0.018721033,-0.018837664,-0.018992681,-0.01881576,-0.018863726,-0.018841285,-0.018840808,-0.018895272,-0.018850002,-0.018885646,-0.01883744,-0.018838886,-0.018850405,-0.01889481,-0.018929143,-0.018835265,-0.018780459
2014-01-07,-0.01882032,-0.01888797,-0.0188932,-0.018734071,-0.018835623,-0.018819172,-0.018816266,-0.018870164,-0.0188427,-0.018836591,-0.018892575,-0.0188534,-0.018898342,-0.018847648,-0.018833015,-0.01886398,-0.01889475,-0.018923972,-0.018841896,-0.018771876
2014-01-08,-0.018828083,-0.018876899,-0.018901084,-0.018790115,-0.018905018,-0.018848244,-0.018831257,-0.018875305,-0.018840376,-0.018828724,-0.01889028,-0.018837962,-0.018937964,-0.018843774,-0.01883528,-0.018875916,-0.018908221,-0.018963892,-0.018835444,-0.018847767
2014-01-09,-0.006978576,-0.007016544,-0.007034798,-0.006955688,-0.00701641,-0.0069539146,-0.0070846723,-0.007024293,-0.007015695,-0.0069753425,-0.0070359306,-0.00698324,-0.00701112,-0.006980379,-0.0069847303,-0.007020821,-0.0070477175,-0.0070570903,-0.0069861608,-0.007025455
2014-01-10,-0.01883151,-0.018880371,-0.018885631,-0.018808637,-0.018875126,-0.01881047,-0.018851746,-0.01886909,-0.018860701,-0.018825877,-0.01888645,-0.01884203,-0.018841822,-0.018847454,-0.018839363,-0.018875886,-0.018908221,-0.01887681,-0.018829826,-0.018898819
2014-01-13,-0.019168545,-0.019216646,-0.019224647,-0.019147266,-0.019222964,-0.019136835,-0.019184325,-0.019195516,-0.01919623,-0.019168425,-0.019218866,-0.019171719,-0.019176621,-0.01918358,-0.019180674,-0.019213337,-0.019240309,-0.019231904,-0.019163359,-0.019236062
2014-01-14,-0.018830825,-0.018882368,-0.018888552,-0.018809263,-0.018913168,-0.01880676,-0.018827368,-0.018853951,-0.018853549,-0.018829484,-0.018883545,-0.018838022,-0.018905405,-0.018828887,-0.018847395,-0.018878851,-0.018906284,-0.018898133,-0.018830929,-0.018887762
2014-01-15,-0.018839482,-0.018884692,-0.018946294,-0.018810485,-0.01889107,-0.018816728,-0.018843997,-0.018853385,-0.018833581,-0.018828142,-0.018893618,-0.01884048,-0.01890834,-0.018828783,-0.018805046,-0.018853221,-0.0188987,-0.018855859,-0.018837694,-0.01888873
2014-01-16,-0.01885641,-0.018886719,-0.01895513,-0.018809978,-0.018852968,-0.01881561,-0.018931378,-0.0188624,-0.018837336,-0.018824209,-0.018895019,-0.018834863,-0.018906761,-0.018825669,-0.018805493,-0.018852357,-0.018913452,-0.018855248,-0.018835325,-0.018889118
2014-01-17,-0.020766888,-0.020799015,-0.020872224,-0.020732764,-0.020760123,-0.020736579,-0.020875726,-0.020778019,-0.020748246,-0.020745087,-0.020807523,-0.020763148,-0.02084202,-0.020747323,-0.020745222,-0.020767216,-0.020822797,-0.020780776,-0.02075662,-0.02080061
2014-01-21,-0.017775018,-0.01781224,-0.017802615,-0.017739344,-0.017770443,-0.017744426,-0.01778135,-0.017786402,-0.017772857,-0.01773553,-0.017824981,-0.01776326,-0.017861698,-0.017755706,-0.017694492,-0.017763454,-0.01782811,-0.017769728,-0.017761592,-0.017818842
2014-01-22,-0.018833745,-0.018880803,-0.018911947,-0.018810097,-0.018836427,-0.018815015,-0.018830378,-0.018859077,-0.018834297,-0.018814195,-0.018894691,-0.018838618,-0.018914748,-0.018830452,-0.018814433,-0.018851135,-0.018900413,-0.01883917,-0.018835876,-0.01888964
2014-01-23,-0.019097332,-0.019124944,-0.019163761,-0.019059692,-0.019095082,-0.019063178,-0.019095559,-0.019119311,-0.019079644,-0.01907203,-0.019141141,-0.019082818,-0.019183505,-0.01908097,-0.019087825,-0.019102324,-0.019158054,-0.019094188,-0.019082475,-0.019143779
2014-01-24,-0.016774315,-0.016783167,-0.016826365,-0.01672304,-0.016756866,-0.016726512,-0.016771827,-0.016786862,-0.016752917,-0.016740713,-0.01680236,-0.016747985,-0.016840879,-0.01674511,-0.016761977,-0.016756985,-0.01681501,-0.016783062,-0.016753454,-0.016796593
2014-01-27,-0.018858094,-0.018875662,-0.018890101,-0.018807162,-0.01884516,-0.018871222,-0.01883008,-0.018879492,-0.018835757,-0.018827904,-0.01889554,-0.018838812,-0.018884156,-0.018840734,-0.0188721,-0.018847112,-0.018887494,-0.018887956,-0.018844742,-0.01888511
2014-01-28,-0.018831749,-0.01887453,-0.018888462,-0.018806819,-0.018843967,-0.019002277,-0.018831614,-0.018872295,-0.0188451,-0.01883008,-0.01889645,-0.018836323,-0.018876184,-0.018831227,-0.018817727,-0.018845547,-0.01888797,-0.018892307,-0.018833462,-0.018886123
2014-01-29,-0.018241767,-0.01827361,-0.0182858,-0.018203203,-0.018238861,-0.018259574,-0.018228251,-0.018262733,-0.018243406,-0.018233899,-0.018290658,-0.01823673,-0.018309612,-0.018235806,-0.018225048,-0.018248383,-0.01828951,-0.018290062,-0.018235896,-0.01828735
2014-01-30,-0.022269834,-0.022326622,-0.022316013,-0.022246588,-0.022279847,-0.022206534,-0.022254277,-0.022310097,-0.022276077,-0.022272456,-0.022333134,-0.022287581,-0.022319827,-0.022268478,-0.022264007,-0.022301082,-0.022330884,-0.022329811,-0.022288162,-0.0223949
2014-01-31,-0.018849824,-0.018867064,-0.01886243,-0.018809322,-0.018846843,-0.018762533,-0.018823046,-0.018851954,-0.018835519,-0.018838841,-0.018890474,-0.018845398,-0.018887836,-0.018844146,-0.018815491,-0.018851418,-0.018889863,-0.018893424,-0.018832136,-0.018955339
2014-02-03,-0.021928925,-0.021959964,-0.0219577,-0.021894742,-0.021936763,-0.021874044,-0.021914411,-0.021936137,-0.02192277,-0.021921847,-0.021969456,-0.021929491,-0.021979827,-0.021929268,-0.021876965,-0.021919835,-0.021969471,-0.021983419,-0.021916348,-0.02204347
2014-02-04,-0.01920088,-0.019244153,-0.019250784,-0.019166041,-0.019216035,-0.019199181,-0.019180346,-0.019214679,-0.019192446,-0.019194413,-0.019252334,-0.019208584,-0.019251723,-0.019203562,-0.019155417,-0.019199152,-0.019241158,-0.019269217,-0.019193325,-0.019324277
2014-02-05,-0.018841553,-0.018882621,-0.018902708,-0.018808234,-0.018850107,-0.018894691,-0.018822853,-0.018862564,-0.01883087,-0.018839959,-0.018893082,-0.018844161,-0.018913928,-0.018868897,-0.018802542,-0.018838186,-0.0188669,-0.018896718,-0.018836338,-0.019010473
2014-02-06,-0.018849168,-0.018895421,-0.018856797,-0.018807698,-0.018838827,-0.018925134,-0.018825535,-0.018866275,-0.018825237,-0.018832777,-0.018897776,-0.018845502,-0.018897329,-0.018886853,-0.018808056,-0.018850852,-0.01888277,-0.018894915,-0.01883747,-0.019010503
2014-02-07,-0.01883917,-0.018890087,-0.018877942,-0.018809203,-0.018832017,-0.018851701,-0.018829051,-0.018857319,-0.018872265,-0.018833775,-0.018889356,-0.018842984,-0.01891822,-0.018873367,-0.018851954,-0.018850598,-0.018886928,-0.018890355,-0.018842686,-0.01901083
2014-02-10,-0.014795368,-0.01483715,-0.0149019705,-0.014764194,-0.014788856,-0.014764731,-0.014781718,-0.014814411,-0.014847194,-0.014799734,-0.014848043,-0.014791836,-0.014872049,-0.014830475,-0.014827271,-0.01480255,-0.014842694,-0.014854808,-0.014792834,-0.014966612
2014-02-11,-0.018836502,-0.018875662,-0.018972639,-0.018810663,-0.018842015,-0.01880877,-0.018855292,-0.01884422,-0.01891965,-0.018828887,-0.018891264,-0.01883692,-0.018934626,-0.018879328,-0.0188814,-0.01884285,-0.018901516,-0.018898685,-0.018859882,-0.019012023
2014-02-12,-0.017851073,-0.017892797,-0.017990608,-0.017828975,-0.017858077,-0.017831687,-0.017865498,-0.017873798,-0.017927323,-0.017846812,-0.017906372,-0.017861027,-0.01794358,-0.017902154,-0.017903585,-0.017865006,-0.01791713,-0.017918814,-0.017881174,-0.018031616
2014-02-13,-0.018844891,-0.018881638,-0.018976439,-0.018812556,-0.018843818,-0.018825997,-0.018870834,-0.018863712,-0.01888049,-0.018825848,-0.018881831,-0.018837739,-0.018961567,-0.018880311,-0.018881772,-0.018840287,-0.018897165,-0.018903974,-0.018857691,-0.019011695
2014-02-14,-0.012442444,-0.012483706,-0.012538766,-0.012416591,-0.012444724,-0.012431358,-0.012503167,-0.012466212,-0.012485732,-0.012429033,-0.012484794,-0.012442012,-0.01255462,-0.012509351,-0.012484823,-0.012453054,-0.012497415,-0.012519856,-0.012455274,-0.012617101
2014-02-18,-0.018839646,-0.018883232,-0.018921647,-0.018808026,-0.018836323,-0.018826578,-0.01887903,-0.018867541,-0.018889088,-0.01883151,-0.01888268,-0.01883978,-0.01895437,-0.018902022,-0.01888429,-0.018850867,-0.0188987,-0.018909264,-0.01883084,-0.019011114
2014-02-19,-0.018838618,-0.018880535,-0.018924717,-0.018808994,-0.01883841,-0.018823434,-0.018885124,-0.018853743,-0.01888493,-0.018832136,-0.018883113,-0.018836502,-0.018920619,-0.018912945,-0.018886138,-0.018837098,-0.018897597,-0.018905345,-0.01883452,-0.019011546
2014-02-20,-0.018832374,-0.018879268,-0.018926237,-0.018807415,-0.018841077,-0.018823434,-0.018852431,-0.018856112,-0.018913183,-0.018832494,-0.018887613,-0.018850598,-0.01893093,-0.018910725,-0.018889088,-0.018844564,-0.018901665,-0.018900592,-0.018836383,-0.0190108
2014-02-21,-0.018122394,-0.01815148,-0.01816604,-0.018094096,-0.018126342,-0.018109474,-0.018121023,-0.018137861,-0.0181727,-0.01811606,-0.01816668,-0.01812907,-0.018202487,-0.018221755,-0.01816206,-0.018125582,-0.01817048,-0.018177394,-0.01812144,-0.018295798
2014-02-24,-0.017132852,-0.017139528,-0.017222974,-0.017087284,-0.017124373,-0.01710016,-0.017100308,-0.01712865,-0.017174486,-0.017108042,-0.017156038,-0.017122556,-0.017215509,-0.017222706,-0.017149467,-0.017115835,-0.017170433,-0.017164443,-0.017111544,-0.017288093
2014-02-25,-0.018851925,-0.018875454,-0.018957231,-0.018808443,-0.018854786,-0.018825207,-0.018822912,-0.018861938,-0.018885884,-0.018830527,-0.018883992,-0.018843789,-0.01891898,-0.018899087,-0.018878553,-0.01885273,-0.01889855,-0.0188873,-0.018838812,-0.019011248
2014-02-26,-0.016513068,-0.016556595,-0.016631592,-0.016470198,-0.016510371,-0.016458575,-0.01648477,-0.01651815,-0.016570691,-0.016489971,-0.016552214,-0.016501162,-0.01660255,-0.01657546,-0.016554732,-0.016515005,-0.016570915,-0.016557205,-0.016495753,-0.01667789
2014-02-27,-0.017732177,-0.017780367,-0.017856661,-0.017706636,-0.017734308,-0.017710034,-0.01771969,-0.017743278,-0.01779427,-0.017723996,-0.017773125,-0.017730046,-0.017846692,-0.017824356,-0.017773006,-0.017728675,-0.017772708,-0.017767403,-0.017729688,-0.017908234
2014-02-28,-0.015701134,-0.015765626,-0.015881587,-0.015680704,-0.015707675,-0.01568826,-0.015697006,-0.01572502,-0.015764076,-0.015697706,-0.015753958,-0.015705246,-0.01581927,-0.015818242,-0.01576287,-0.015730593,-0.015765358,-0.015762676,-0.015705246,-0.015884835
2014-03-03,-0.018845815,-0.018886153,-0.018939499,-0.018807847,-0.018837754,-0.018821616,-0.018818308,-0.018861253,-0.018901695,-0.018830005,-0.018881459,-0.018841926,-0.018903691,-0.018875752,-0.018882994,-0.018862326,-0.018886033,-0.018873233,-0.018839989,-0.019010637
2014-03-04,-0.018835668,-0.018880893,-0.01893324,-0.01880731,-0.018855605,-0.018820722,-0.018818695,-0.018866796,-0.01890855,-0.018828485,-0.018879164,-0.018842299,-0.01889098,-0.018864412,-0.01888493,-0.01886994,-0.018887032,-0.018874157,-0.01886693,-0.019010533
2014-03-05,-0.0128045725,-0.012822066,-0.012850349,-0.012752418,-0.012790655,-0.01276948,-0.012759958,-0.0128066735,-0.012850945,-0.012807016,-0.012823497,-0.012801965,-0.01288033,-0.012850051,-0.012821485,-0.012826343,-0.012820189,-0.012813126,-0.012794112,-0.012954419
2014-03-06,-0.018858884,-0.01888657,-0.018923182,-0.018809546,-0.018840734,-0.018825535,-0.018813465,-0.018853936,-0.018912543,-0.01887061,-0.018882725,-0.018846575,-0.018938754,-0.018925209,-0.018888522,-0.01887368,-0.018888328,-0.018920306,-0.018840943,-0.019012172
2014-03-07,-0.018849853,-0.018888045,-0.018872175,-0.01881047,-0.018834759,-0.018822957,-0.018832687,-0.018846769,-0.018919427,-0.018855263,-0.018883113,-0.018835995,-0.018928457,-0.018898282,-0.018885706,-0.018878046,-0.018948529,-0.018888716,-0.018838335,-0.019011501
2014-03-10,-0.017479751,-0.017513666,-0.017463166,-0.017437134,-0.017469872,-0.017446104,-0.017462257,-0.017488811,-0.017539788,-0.017465565,-0.017509837,-0.01746266,-0.01753128,-0.017533917,-0.01751301,-0.017480452,-0.017581124,-0.017527197,-0.017456654,-0.017639566
2014-03-11,-0.018856589,-0.018888298,-0.018882666,-0.01880971,-0.01883829,-0.018822689,-0.018832196,-0.018865619,-0.018918756,-0.018822912,-0.01888514,-0.018833596,-0.018924538,-0.018897224,-0.018882204,-0.018838469,-0.018946353,-0.018899713,-0.018853936,-0.019011173
2014-03-12,-0.018856306,-0.018892083,-0.01889411,-0.018809203,-0.018838946,-0.018823449,-0.01882464,-0.018868957,-0.018907014,-0.018822584,-0.018883664,-0.018845785,-0.018935252,-0.018880803,-0.018885333,-0.01883075,-0.018948574,-0.018921081,-0.0188638,-0.019011814
2014-03-13,-0.018842135,-0.018891621,-0.018863741,-0.018809069,-0.018836666,-0.018824387,-0.018822301,-0.018866751,-0.018901456,-0.01882996,-0.018883962,-0.018846277,-0.018921439,-0.018867318,-0.018886331,-0.018835444,-0.018993814,-0.01889779,-0.018877227,-0.019011531
2014-03-14,-0.01884425,-0.018886331,-0.018879179,-0.018807549,-0.01885559,-0.018824343,-0.018813912,-0.018858183,-0.018886466,-0.018830393,-0.018884722,-0.01883677,-0.018916119,-0.018875618,-0.018885095,-0.018832792,-0.018985856,-0.018905763,-0.018850971,-0.019010667
2014-03-17,-0.011781146,-0.011823346,-0.011827161,-0.011761148,-0.011815061,-0.011777212,-0.011790936,-0.011813362,-0.011820872,-0.011805599,-0.011835177,-0.011792307,-0.01189812,-0.011792888,-0.011827682,-0.011789952,-0.011932795,-0.011854758,-0.01179259,-0.011962135
2014-03-18,-0.019755978,-0.019779164,-0.01978134,-0.019719426,-0.019776616,-0.019737024,-0.019747961,-0.01977374,-0.01978058,-0.01976991,-0.019798804,-0.019756008,-0.019843075,-0.019759316,-0.019794364,-0.019761402,-0.019904364,-0.019824896,-0.019743372,-0.01992302
2014-03-19,-0.017350797,-0.017374415,-0.017371912,-0.017318536,-0.017376143,-0.017330263,-0.01734661,-0.01738407,-0.017383281,-0.017350648,-0.017398018,-0.017351288,-0.017431471,-0.0173841,-0.0173986,-0.017342616,-0.017501492,-0.017411549,-0.017335657,-0.01751915
2014-03-20,-0.017897028,-0.017911661,-0.01789968,-0.017858494,-0.017896164,-0.017871846,-0.017881978,-0.017928291,-0.017937426,-0.017886747,-0.01793592,-0.017893884,-0.017964799,-0.017913926,-0.017929453,-0.017903704,-0.018031124,-0.017962981,-0.017890323,-0.018060911
2014-03-21,-0.018837739,-0.018875126,-0.018841464,-0.018808667,-0.018839467,-0.01882318,-0.018844519,-0.018880907,-0.018866677,-0.018813688,-0.018887106,-0.018836368,-0.01895829,-0.018873218,-0.018882502,-0.018862698,-0.018985648,-0.01890101,-0.018833164,-0.019011054
2014-03-24,-0.016771201,-0.0167961,-0.016757105,-0.016731057,-0.016767804,-0.01674712,-0.016748387,-0.016803253,-0.016806621,-0.016742963,-0.016806994,-0.016768415,-0.016873289,-0.01682346,-0.016802926,-0.016775433,-0.01690999,-0.016834456,-0.01676001,-0.016932864
2014-03-25,-0.01847652,-0.018505368,-0.018473018,-0.018440489,-0.018482227,-0.01845688,-0.018463198,-0.018514235,-0.018494684,-0.018457655,-0.018521044,-0.018472258,-0.018581484,-0.018500421,-0.018521879,-0.018487487,-0.018617604,-0.018541042,-0.018471781,-0.018644158
2014-03-26,-0.018039156,-0.01806191,-0.01802485,-0.018009845,-0.018047187,-0.018024627,-0.018038083,-0.018076155,-0.01809368,-0.018060524,-0.018079568,-0.018041167,-0.018107433,-0.0180482,-0.018075053,-0.01805142,-0.018139366,-0.018118221,-0.018041734,-0.018211652
2014-03-27,-0.016157124,-0.016169298,-0.016141508,-0.016109306,-0.016150985,-0.016124833,-0.016130213,-0.016176391,-0.016173933,-0.016152222,-0.016191367,-0.016144741,-0.016253103,-0.0161548,-0.016189847,-0.016146455,-0.016277347,-0.016213734,-0.016139347,-0.01631469
2014-03-28,-0.017044384,-0.017071862,-0.017037142,-0.017014716,-0.017049674,-0.01702929,-0.017035235,-0.017080177,-0.017097313,-0.01703002,-0.017092053,-0.017040897,-0.017137665,-0.017061342,-0.017086986,-0.01703744,-0.017142091,-0.0171084,-0.017042983,-0.017218623
2014-03-31,-0.018840168,-0.018861104,-0.018831704,-0.018808205,-0.018856216,-0.018822882,-0.01882628,-0.018873978,-0.018907998,-0.018821377,-0.018890101,-0.018837396,-0.018922452,-0.018845264,-0.01888289,-0.018837694,-0.018932778,-0.018903572,-0.018834207,-0.019010682
2014-04-01,-0.018857304,-0.018863324,-0.0188413,-0.018809427,-0.018851418,-0.018823374,-0.018820126,-0.018862564,-0.018912125,-0.018804003,-0.01889028,-0.018839408,-0.018915657,-0.018870879,-0.018883754,-0.018832315,-0.01890451,-0.018905688,-0.018836055,-0.019010875
2014-04-02,-0.017284427,-0.017303575,-0.017276008,-0.017244104,-0.017282758,-0.017256219,-0.017265607,-0.01729687,-0.017337281,-0.0172644,-0.017324943,-0.017277721,-0.017358799,-0.017306287,-0.017325956,-0.0173104,-0.01741435,-0.017340485,-0.017283533,-0.017448697
2014-04-03,-0.017205823,-0.017225865,-0.017193574,-0.017166588,-0.017205078,-0.017181817,-0.017185394,-0.017228905,-0.017255057,-0.017181654,-0.0172416,-0.01720019,-0.01728179,-0.017294664,-0.017240126,-0.017227475,-0.0173149,-0.01724923,-0.017202515,-0.017370526
2014-04-04,-0.018842448,-0.018855143,-0.01883157,-0.018807147,-0.018842418,-0.018821854,-0.018828977,-0.018876899,-0.018905375,-0.018931482,-0.018878479,-0.018835697,-0.018918414,-0.018907983,-0.018880535,-0.018861298,-0.018896643,-0.01890174,-0.01883668,-0.0190118
2014-04-07,-0.018839527,-0.018838558,-0.018828992,-0.018807221,-0.018782351,-0.01882169,-0.018820662,-0.018881697,-0.018895376,-0.01895729,-0.018874604,-0.0188344,-0.018891755,-0.01888268,-0.018882696,-0.018870939,-0.01894765,-0.018903736,-0.018827442,-0.01901028
2014-04-08,-0.018834148,-0.018858824,-0.018830527,-0.018807117,-0.018818785,-0.018822271,-0.018835265,-0.018877897,-0.018883217,-0.018967155,-0.018878568,-0.01883522,-0.018880013,-0.01887614,-0.018882949,-0.018869866,-0.018972013,-0.018920485,-0.018830556,-0.01901019
2014-04-09,-0.01884814,-0.018867154,-0.018837664,-0.018808726,-0.018831689,-0.018822584,-0.01884422,-0.01887447,-0.018874649,-0.01897766,-0.018883232,-0.018844355,-0.018906686,-0.018942717,-0.018880714,-0.018844906,-0.018975455,-0.018900845,-0.01882856,-0.019010995
2014-04-10,-0.022860084,-0.022887308,-0.022849891,-0.022820625,-0.02284931,-0.022835333,-0.022833604,-0.022889812,-0.022870783,-0.023018781,-0.022899125,-0.0228591,-0.022897724,-0.02294669,-0.022895489,-0.022863392,-0.022951666,-0.022929836,-0.022844646,-0.023023833
2014-04-11,-0.018842254,-0.018878777,-0.018836815,-0.01880819,-0.018837962,-0.01882166,-0.01881719,-0.01886687,-0.018849123,-0.019007374,-0.01888517,-0.018840093,-0.018873949,-0.018889982,-0.018878136,-0.018862385,-0.018981565,-0.018907417,-0.018831063,-0.01901028
2014-04-14,-0.021402095,-0.021420766,-0.021386702,-0.02135675,-0.02138855,-0.021371398,-0.021360938,-0.021422792,-0.021418128,-0.021558601,-0.021435086,-0.021388788,-0.021433908,-0.021420408,-0.021426324,-0.021397386,-0.021528218,-0.021465484,-0.02138238,-0.021560568
2014-04-15,-0.01883668,-0.018873397,-0.018841717,-0.018806357,-0.018840764,-0.01882029,-0.018813718,-0.018873293,-0.018843863,-0.01900855,-0.018887628,-0.018834937,-0.018893842,-0.018921886,-0.018878791,-0.018847127,-0.018981759,-0.01890153,-0.018834386,-0.019010771
2014-04-16,-0.018819127,-0.01887079,-0.018845621,-0.018810097,-0.018839676,-0.018820334,-0.018829975,-0.018881474,-0.01884069,-0.019008894,-0.018887836,-0.018841539,-0.018876333,-0.01889642,-0.018884066,-0.01884197,-0.018973235,-0.018912662,-0.018834148,-0.01901025
2014-04-17,-0.018813241,-0.018864397,-0.018846009,-0.018807668,-0.018839914,-0.018820781,-0.01884209,-0.018884663,-0.01882625,-0.019008983,-0.01888648,-0.018842403,-0.018865097,-0.018913079,-0.018881653,-0.018849183,-0.018976916,-0.018909115,-0.018831272,-0.019010413
2014-04-21,-0.018962923,-0.018990476,-0.018977854,-0.018948305,-0.018984336,-0.018962104,-0.018985365,-0.019017894,-0.018963028,-0.019150008,-0.019030083,-0.018978942,-0.019013781,-0.019082297,-0.019017193,-0.018983249,-0.019118357,-0.019040946,-0.01896951,-0.019151825
2014-04-22,-0.01884349,-0.018861983,-0.018841315,-0.018807802,-0.018844057,-0.018821452,-0.018869657,-0.018875796,-0.018841896,-0.019009132,-0.018892009,-0.018838856,-0.018893827,-0.018960152,-0.018878672,-0.018836636,-0.018984128,-0.01889928,-0.018829066,-0.01901256
2014-04-23,-0.018849406,-0.018865544,-0.018859524,-0.018807087,-0.018844265,-0.018823225,-0.018841837,-0.018871266,-0.018832494,-0.01889934,-0.018892307,-0.018837098,-0.018876929,-0.018968035,-0.018882949,-0.018861819,-0.018987928,-0.018896837,-0.01883081,-0.019011188
2014-04-24,-0.018852074,-0.018862296,-0.018841479,-0.018808592,-0.018847857,-0.018824015,-0.018840168,-0.018870417,-0.018832926,-0.018821437,-0.018890355,-0.018840466,-0.01888347,-0.018987495,-0.018878926,-0.018837694,-0.018991131,-0.018890727,-0.018832985,-0.019012455
2014-04-25,-0.014739578,-0.014737074,-0.0147128,-0.0146939205,-0.0147310095,-0.014709954,-0.014718552,-0.0147569375,-0.014716809,-0.014684831,-0.014769469,-0.014728461,-0.014770259,-0.014866387,-0.01475959,-0.01472569,-0.014867623,-0.014772137,-0.01471511,-0.014896785
2014-04-28,-0.018858094,-0.018831152,-0.018816669,-0.01880807,-0.018867332,-0.018824507,-0.018819857,-0.018872563,-0.018827904,-0.018944088,-0.018881965,-0.018848855,-0.01888943,-0.018995333,-0.018877883,-0.018852878,-0.018978108,-0.018894259,-0.018828962,-0.019011024
2014-04-29,-0.018864337,-0.018834595,-0.018820766,-0.018809635,-0.018853549,-0.01882479,-0.018815596,-0.018874068,-0.018841732,-0.01895501,-0.018882293,-0.018837456,-0.018864725,-0.019006524,-0.01887678,-0.018831495,-0.018974815,-0.018897135,-0.018829066,-0.019010399
2014-04-30,-0.018857662,-0.018847216,-0.018811781,-0.018815044,-0.018854458,-0.018824343,-0.018820632,-0.018874455,-0.018841136,-0.018969793,-0.018883813,-0.018836606,-0.01886386,-0.01898447,-0.018871594,-0.01885027,-0.018974874,-0.018898908,-0.018835727,-0.019011486
2014-05-01,-0.018856514,-0.018866498,-0.018819232,-0.018817294,-0.018844713,-0.018823955,-0.018929262,-0.018866543,-0.018842164,-0.01891068,-0.018886391,-0.01884431,-0.018868405,-0.0189205,-0.01886909,-0.018862147,-0.018985111,-0.01889186,-0.01883522,-0.019012023
2014-05-02,-0.01631165,-0.016329888,-0.01629809,-0.016283143,-0.016307373,-0.016288001,-0.016419042,-0.016321544,-0.016312096,-0.016436134,-0.016338948,-0.016311709,-0.016324807,-0.01643655,-0.016318519,-0.016306061,-0.016450781,-0.016340632,-0.016292188,-0.016474444
2014-05-05,-0.017013315,-0.017026503,-0.016980652,-0.016973782,-0.017025847,-0.016978253,-0.017130677,-0.017022524,-0.016990203,-0.017087732,-0.017048318,-0.017030273,-0.017037068,-0.017114926,-0.017010454,-0.017002497,-0.017147768,-0.017051954,-0.01698235,-0.017169926
2014-05-06,-0.01884884,-0.018865842,-0.018831853,-0.018817935,-0.018870313,-0.018824805,-0.018976573,-0.018856768,-0.0188451,-0.01891062,-0.01889019,-0.01887009,-0.018864352,-0.018949348,-0.018847752,-0.018836815,-0.018983085,-0.018898208,-0.018825565,-0.019011084
2014-05-07,-0.018849332,-0.01886839,-0.018834148,-0.018814985,-0.018862057,-0.01882461,-0.019006226,-0.018859807,-0.018847544,-0.018887002,-0.018886212,-0.018858988,-0.018860642,-0.018914495,-0.01883467,-0.018854726,-0.01898982,-0.018890787,-0.018825624,-0.019011635
2014-05-08,-0.018847663,-0.018869344,-0.018828202,-0.018815551,-0.018861834,-0.018824983,-0.019007523,-0.018860433,-0.018844549,-0.018878985,-0.018887121,-0.018840525,-0.018767226,-0.018915687,-0.018840138,-0.018845428,-0.018986393,-0.018889073,-0.018829335,-0.01901083
2014-05-09,-0.016613055,-0.016677935,-0.016631294,-0.016617198,-0.016663168,-0.01662748,-0.016711015,-0.016666982,-0.016642857,-0.016651917,-0.016697872,-0.016636956,-0.016561229,-0.016714383,-0.016677085,-0.016668696,-0.016788188,-0.016699243,-0.016640041,-0.016818527
2014-05-12,-0.0135069685,-0.013572921,-0.013530646,-0.013518711,-0.013569077,-0.013529961,-0.013637309,-0.013576304,-0.013539334,-0.013530512,-0.013590475,-0.013547813,-0.013502304,-0.013622497,-0.013589044,-0.013565783,-0.0136890905,-0.013595586,-0.013541733,-0.013718505
2014-05-13,-0.018785495,-0.018866617,-0.018828798,-0.018814448,-0.018863622,-0.018825624,-0.018984187,-0.018858913,-0.018830854,-0.018827531,-0.018883381,-0.018854741,-0.018801514,-0.018905599,-0.018894542,-0.018846024,-0.018989626,-0.018886272,-0.018833343,-0.019011129
2014-05-14,-0.018821884,-0.01886687,-0.018856365,-0.018815879,-0.018851314,-0.018826086,-0.018996183,-0.01886328,-0.018831361,-0.018897403,-0.01888642,-0.018860195,-0.01882464,-0.018921856,-0.018892217,-0.018863056,-0.018990416,-0.01889186,-0.018835727,-0.019012202
2014-05-15,-0.018826682,-0.018859211,-0.01886705,-0.01881202,-0.018843282,-0.018825207,-0.018867481,-0.018865053,-0.018830929,-0.0188361,-0.018885601,-0.01885337,-0.018826474,-0.018909726,-0.018881027,-0.01886389,-0.01898605,-0.018894691,-0.018831644,-0.019011516
2014-05-16,-0.018830586,-0.018894542,-0.018901411,-0.018846948,-0.01887523,-0.018864173,-0.018992502,-0.018904734,-0.018867899,-0.018867362,-0.018921036,-0.018880669,-0.01886556,-0.01889566,-0.01892284,-0.01891527,-0.019012783,-0.018926386,-0.01886845,-0.019048024
2014-05-19,-0.018770937,-0.01885337,-0.018863115,-0.018810693,-0.018840555,-0.018823449,-0.018995974,-0.018871102,-0.018828083,-0.018821988,-0.018882845,-0.018836964,-0.018826712,-0.018900845,-0.018886868,-0.01887459,-0.018940765,-0.018890504,-0.018831763,-0.019011755
2014-05-20,-0.018715996,-0.018859763,-0.01883677,-0.018813107,-0.018847976,-0.018820662,-0.019001503,-0.018869523,-0.018829126,-0.018840287,-0.01888718,-0.018847365,-0.018831093,-0.018938709,-0.018893633,-0.018854145,-0.018903453,-0.018896375,-0.018832583,-0.019014318
2014-05-21,-0.02697802,-0.02705272,-0.027033258,-0.026984189,-0.027024928,-0.026996408,-0.027158696,-0.027035657,-0.027008045,-0.027013842,-0.027073268,-0.02702095,-0.027006913,-0.027082402,-0.027073521,-0.027036626,-0.02706227,-0.027082909,-0.027007718,-0.027189154
2014-05-22,-0.013301064,-0.01342917,-0.013388445,-0.013362964,-0.0133981155,-0.013365735,-0.013494884,-0.013412704,-0.013382261,-0.0133807855,-0.013438781,-0.013388877,-0.013421197,-0.013472845,-0.013439898,-0.013401006,-0.013414268,-0.013447215,-0.013387104,-0.013564085
2014-05-23,-0.018327374,-0.018420924,-0.018357757,-0.018347997,-0.018391911,-0.018358637,-0.018477727,-0.01838841,-0.018364135,-0.018361975,-0.018420268,-0.018371362,-0.01839045,-0.018475268,-0.018423487,-0.018378291,-0.018408496,-0.018428568,-0.018366221,-0.01855022
2014-05-27,-0.014989008,-0.015110974,-0.015049492,-0.015032743,-0.015075435,-0.015044902,-0.015160923,-0.015082453,-0.015049194,-0.0150456475,-0.015108054,-0.015059103,-0.01506569,-0.015138616,-0.015114729,-0.015074288,-0.0151754515,-0.015120079,-0.015060295,-0.015236382
2014-05-28,-0.01879071,-0.018874366,-0.018811796,-0.018806461,-0.018857244,-0.01882324,-0.018931363,-0.018863086,-0.018823925,-0.018824492,-0.018888328,-0.01883306,-0.018852923,-0.01887438,-0.018886331,-0.018843476,-0.018856812,-0.018893708,-0.018833924,-0.019010413
2014-05-29,-0.018817518,-0.018872637,-0.01882914,-0.018812153,-0.01883978,-0.018818919,-0.018875975,-0.01886316,-0.018828232,-0.01882619,-0.01888876,-0.018859182,-0.018827725,-0.018908355,-0.018893097,-0.018850435,-0.018850777,-0.018899832,-0.01883148,-0.019012634
2014-05-30,-0.018719632,-0.018870179,-0.018834148,-0.018813211,-0.018833075,-0.018803347,-0.018844683,-0.018869746,-0.01882762,-0.018789265,-0.018888254,-0.01885419,-0.018838841,-0.018861685,-0.018894214,-0.018855352,-0.018840093,-0.018897358,-0.018833164,-0.019013185
2014-06-02,-0.018794764,-0.018868748,-0.018837426,-0.018810201,-0.018833686,-0.018782396,-0.018854443,-0.018864293,-0.018827427,-0.018784154,-0.018889312,-0.018850941,-0.018840957,-0.018903453,-0.01889019,-0.018849824,-0.018879283,-0.018899772,-0.018825341,-0.01901247
2014-06-03,-0.018808234,-0.018874336,-0.018843595,-0.018811319,-0.01885252,-0.018762607,-0.018825147,-0.018854428,-0.018832479,-0.018781621,-0.018889401,-0.018853892,-0.018838856,-0.01885048,-0.018887047,-0.018839035,-0.018843684,-0.018901382,-0.01882993,-0.019012798
2014-06-04,-0.018824909,-0.018878449,-0.018836234,-0.018811826,-0.018854339,-0.018671054,-0.01885723,-0.01885115,-0.018833045,-0.018813033,-0.018886853,-0.01885942,-0.018838216,-0.018843282,-0.018888343,-0.018849764,-0.018848646,-0.018900443,-0.01883309,-0.019014228
2014-06-05,-0.01882482,-0.018883709,-0.018834222,-0.01881935,-0.018852923,-0.018751685,-0.018867988,-0.018854965,-0.018834133,-0.01882707,-0.0188859,-0.018852118,-0.018870253,-0.018917669,-0.018889312,-0.01885559,-0.018842656,-0.018901546,-0.01883069,-0.019014735
2014-06-06,-0.016145218,-0.016205449,-0.01614507,-0.016128812,-0.016182382,-0.01610579,-0.01615404,-0.016162876,-0.016152177,-0.016117427,-0.016208563,-0.016168986,-0.016177375,-0.016254295,-0.016210128,-0.01619311,-0.0161607,-0.016228918,-0.01614407,-0.016334224
2014-06-09,-0.02056532,-0.020602617,-0.020557124,-0.020548228,-0.02058551,-0.020552237,-0.020563353,-0.020584602,-0.0205676,-0.020511243,-0.020607505,-0.020575602,-0.020576332,-0.020669106,-0.020610128,-0.020607386,-0.020574752,-0.020622272,-0.020562056,-0.020746667
2014-06-10,-0.018827636,-0.018870104,-0.01885781,-0.018808935,-0.018846754,-0.018823255,-0.018821958,-0.018852849,-0.018833403,-0.01881281,-0.018884186,-0.018827755,-0.018840957,-0.018948365,-0.018900756,-0.01887535,-0.018842462,-0.018896777,-0.018828932,-0.019012187
2014-06-11,-0.018827993,-0.01887298,-0.01883467,-0.018809933,-0.018841539,-0.018821198,-0.018849764,-0.018847708,-0.018829126,-0.0187666,-0.018882502,-0.018838037,-0.018829856,-0.018969301,-0.018884156,-0.018877987,-0.018848319,-0.01889171,-0.018829111,-0.019013498
2014-06-12,-0.018827964,-0.018876363,-0.01882838,-0.018809665,-0.018843267,-0.018820647,-0.018839005,-0.018852104,-0.01883312,-0.0187683,-0.018883485,-0.018840123,-0.01883531,-0.018966336,-0.018882621,-0.01885647,-0.01885334,-0.018895376,-0.01883516,-0.019012231
2014-06-13,-0.016484383,-0.016535182,-0.016481388,-0.016467828,-0.01649921,-0.016477916,-0.016495977,-0.016511504,-0.016491879,-0.01639435,-0.01653609,-0.016495217,-0.016490687,-0.016620655,-0.016538877,-0.016503353,-0.016499493,-0.016546909,-0.016487349,-0.01666971
2014-06-16,-0.018828515,-0.018877719,-0.018812422,-0.01880977,-0.01885726,-0.018822107,-0.018858884,-0.01886459,-0.018830974,-0.018773723,-0.018883307,-0.018849675,-0.0188382,-0.018980313,-0.01889946,-0.018845547,-0.018840645,-0.018897373,-0.018831972,-0.019012023
2014-06-17,-0.018836651,-0.018873427,-0.018834058,-0.018810946,-0.018866483,-0.018824507,-0.018874455,-0.018873397,-0.018829811,-0.018727694,-0.018886212,-0.018838812,-0.018836249,-0.018985856,-0.018878732,-0.01884121,-0.018842924,-0.018896658,-0.018831853,-0.01901384
2014-06-18,-0.015840102,-0.015870381,-0.015874598,-0.01580954,-0.015859265,-0.015825275,-0.015862454,-0.015878294,-0.015831579,-0.015734348,-0.015886758,-0.015837047,-0.015835974,-0.015972216,-0.015871901,-0.015851546,-0.0158418,-0.015897486,-0.015836377,-0.016013507
2014-06-19,-0.017715607,-0.017750252,-0.017742965,-0.017691243,-0.01773623,-0.017705012,-0.017727185,-0.017761517,-0.01770753,-0.017546091,-0.017760325,-0.01771504,-0.017718736,-0.017854724,-0.017757896,-0.017748106,-0.017711017,-0.017773751,-0.017707888,-0.017895047
2014-06-20,-0.018051464,-0.018090833,-0.018068705,-0.018032346,-0.018071923,-0.018042568,-0.018078584,-0.018098015,-0.018046487,-0.017838065,-0.018102828,-0.018044505,-0.018056426,-0.018200684,-0.018103782,-0.018081192,-0.018047858,-0.018122543,-0.01804382,-0.018233243
2014-06-23,-0.019469563,-0.019508276,-0.01948357,-0.019448075,-0.019487802,-0.019458864,-0.01948287,-0.019508887,-0.019476358,-0.01933499,-0.01952273,-0.019476283,-0.01947825,-0.019631807,-0.019490484,-0.019474778,-0.019467268,-0.01953781,-0.019458834,-0.019650433
2014-06-24,-0.018204559,-0.018235821,-0.018219072,-0.018197153,-0.018209357,-0.01819687,-0.018218327,-0.018230293,-0.018214602,-0.01808137,-0.018246997,-0.018207688,-0.018200118,-0.0183574,-0.01822007,-0.018209983,-0.018202845,-0.018259246,-0.018198807,-0.018384967
2014-06-25,-0.018833239,-0.018874649,-0.018841255,-0.018829051,-0.018843103,-0.01882324,-0.018819977,-0.01886839,-0.018843878,-0.018750224,-0.018886123,-0.018848378,-0.018865634,-0.018972952,-0.018870477,-0.018831763,-0.018841151,-0.018895362,-0.018828634,-0.01901095
2014-06-26,-0.01883893,-0.018879626,-0.018837336,-0.018834371,-0.018840138,-0.018823285,-0.018837515,-0.018864173,-0.01883303,-0.018733848,-0.018887047,-0.018844072,-0.018812422,-0.018980656,-0.018878046,-0.018848512,-0.018856589,-0.01890536,-0.01884358,-0.019012053
2014-06-27,-0.015625808,-0.015669543,-0.0156301,-0.015614425,-0.01564661,-0.015613128,-0.015609507,-0.015650589,-0.015631426,-0.015472566,-0.015676547,-0.015626613,-0.015717167,-0.015756402,-0.015681345,-0.015648965,-0.015646059,-0.015685607,-0.015633482,-0.015802342
2014-06-30,-0.02227572,-0.022316534,-0.022260357,-0.022235874,-0.0222711,-0.022244815,-0.022241,-0.02228183,-0.022275466,-0.022179548,-0.022321898,-0.022274513,-0.022318501,-0.02238888,-0.022316236,-0.022263978,-0.022297207,-0.02233136,-0.02226511,-0.022437591
2014-07-01,-0.018836025,-0.018878896,-0.01884197,-0.018809188,-0.01884121,-0.018823627,-0.018829275,-0.018864486,-0.018857066,-0.018747661,-0.01888669,-0.018839333,-0.018891472,-0.018962014,-0.018883932,-0.018859286,-0.018858586,-0.018900294,-0.018838037,-0.019011635
2014-07-02,-0.011811753,-0.011848574,-0.011844655,-0.011783038,-0.011814226,-0.011800413,-0.011795838,-0.011840601,-0.011823033,-0.011780177,-0.011854325,-0.011841376,-0.011940335,-0.011914198,-0.011851435,-0.011834879,-0.011824955,-0.01187173,-0.011801769,-0.011985471
2014-07-03,-0.01883154,-0.018882621,-0.01884738,-0.018811349,-0.018828038,-0.018821407,-0.018841688,-0.01887146,-0.018838126,-0.018806044,-0.01887973,-0.018867005,-0.018874798,-0.018954609,-0.018885467,-0.01887085,-0.018835012,-0.018896881,-0.018823046,-0.019013051
2014-07-07,-0.018826697,-0.018880833,-0.018854264,-0.018809814,-0.018847693,-0.018822212,-0.01882467,-0.01887912,-0.018840242,-0.018809337,-0.018880893,-0.018864218,-0.018810932,-0.018907625,-0.018888507,-0.018859688,-0.018829796,-0.018898983,-0.018822227,-0.019012157
2014-07-08,-0.01883239,-0.018881772,-0.018848468,-0.018809829,-0.018846158,-0.018821586,-0.018823702,-0.018867169,-0.018836234,-0.018785853,-0.018882874,-0.018853966,-0.018793318,-0.01893473,-0.018888596,-0.018855277,-0.018840987,-0.018902812,-0.018825088,-0.019012202
2014-07-09,-0.017522637,-0.017578501,-0.017552618,-0.01750252,-0.017536629,-0.017516483,-0.017523993,-0.017554361,-0.017533991,-0.017507616,-0.017579842,-0.0175356,-0.017513756,-0.017628688,-0.01758169,-0.01755159,-0.017533172,-0.017599989,-0.017533708,-0.017707694
2014-07-10,-0.016953338,-0.017002437,-0.017001096,-0.016935486,-0.016955454,-0.016949926,-0.016950775,-0.016980458,-0.016959775,-0.016940195,-0.01700494,-0.01695894,-0.016934667,-0.017086197,-0.016998772,-0.016965557,-0.01696797,-0.017015953,-0.016963337,-0.017137948
2014-07-11,-0.018826697,-0.018891145,-0.01886459,-0.018808309,-0.018817503,-0.018823553,-0.018834803,-0.018869344,-0.018830422,-0.01875532,-0.0188821,-0.018832345,-0.018815521,-0.018949557,-0.018877018,-0.018868167,-0.018843178,-0.018894289,-0.01883762,-0.019011516
2014-07-14,-0.020152185,-0.020221759,-0.020191941,-0.020135213,-0.020144928,-0.02014916,-0.020166699,-0.020204265,-0.020150516,-0.020058367,-0.02020656,-0.020166297,-0.020140175,-0.020287607,-0.020209495,-0.020167027,-0.020162318,-0.020223621,-0.020150054,-0.02033924
2014-07-15,-0.018825714,-0.018891905,-0.018829707,-0.018808965,-0.018822823,-0.018822718,-0.018835355,-0.018876392,-0.01883686,-0.018797759,-0.01887827,-0.01883066,-0.018820036,-0.018927637,-0.01888049,-0.018834788,-0.018831361,-0.018901665,-0.018816862,-0.019011665
2014-07-16,-0.018825937,-0.01889101,-0.01881643,-0.018806938,-0.018829782,-0.018820856,-0.018822033,-0.018866915,-0.018840287,-0.018816356,-0.01888496,-0.018834505,-0.018826876,-0.018915702,-0.018882845,-0.018844951,-0.018833611,-0.018899236,-0.018824,-0.019011024
2014-07-17,-0.018824596,-0.018894065,-0.018816072,-0.01880813,-0.0188299,-0.018820945,-0.01881582,-0.018864173,-0.018831495,-0.018819991,-0.018887404,-0.018844668,-0.018830184,-0.018915359,-0.018883232,-0.018837769,-0.0188527,-0.018899191,-0.018833715,-0.019011322
2014-07-18,-0.017057035,-0.017112676,-0.017040152,-0.01703884,-0.017069776,-0.017053965,-0.017045874,-0.017096687,-0.017062832,-0.017055664,-0.017111111,-0.017074857,-0.017061103,-0.017134327,-0.017103095,-0.01708268,-0.01709107,-0.017113421,-0.017064635,-0.017240945
2014-07-21,-0.016789991,-0.01684672,-0.016816992,-0.016776998,-0.016820882,-0.01678649,-0.016788144,-0.016825814,-0.016793374,-0.0167916,-0.016842265,-0.016808007,-0.016793285,-0.016839314,-0.016836677,-0.01682413,-0.016810838,-0.016848926,-0.01679467,-0.0169735
2014-07-22,-0.018825952,-0.0188956,-0.018883679,-0.01881488,-0.018865291,-0.01882406,-0.018828277,-0.0188662,-0.018829826,-0.018825237,-0.0188873,-0.018840317,-0.018840719,-0.018871475,-0.018874694,-0.018870521,-0.01884963,-0.018893007,-0.018833298,-0.01901168
2014-07-23,-0.016466487,-0.016526375,-0.01650614,-0.016451541,-0.016504247,-0.016465176,-0.016485099,-0.01650085,-0.016474772,-0.016462792,-0.016520936,-0.016471002,-0.016473625,-0.01651891,-0.016515005,-0.01650514,-0.016478661,-0.016524527,-0.016476963,-0.016652424
2014-07-24,-0.018826742,-0.018887136,-0.018872965,-0.018812705,-0.018853981,-0.018816356,-0.018833105,-0.01886857,-0.01883972,-0.01882324,-0.018882591,-0.018853579,-0.018832434,-0.018880714,-0.018844742,-0.018863756,-0.018835593,-0.018890727,-0.018839303,-0.019012485
2014-07-25,-0.016215567,-0.016279507,-0.016249705,-0.01620457,-0.016239617,-0.016152907,-0.016213242,-0.016265381,-0.016221736,-0.016212333,-0.016278122,-0.016242493,-0.016222153,-0.01627991,-0.016218755,-0.01622777,-0.016232748,-0.016286496,-0.016179878,-0.016407404
2014-07-28,-0.018824685,-0.018893395,-0.018863041,-0.018808339,-0.018849809,-0.018805686,-0.018819857,-0.01886842,-0.018826876,-0.018821765,-0.018880326,-0.018845905,-0.018829409,-0.018881831,-0.018854488,-0.018840585,-0.018865857,-0.018890936,-0.018815655,-0.019011531
2014-07-29,-0.018823568,-0.018889282,-0.018871386,-0.018809933,-0.018841688,-0.018816907,-0.01883537,-0.018865053,-0.018826816,-0.018821482,-0.0188804,-0.018844564,-0.018831778,-0.018892933,-0.018873248,-0.018832628,-0.018899221,-0.018889267,-0.018815313,-0.0190125
2014-07-30,-0.018578667,-0.018636141,-0.0186113,-0.018573854,-0.018598083,-0.018575747,-0.018580679,-0.018605713,-0.018579993,-0.018578429,-0.018623132,-0.018584553,-0.018593807,-0.018615652,-0.018634696,-0.01859044,-0.018632952,-0.018633429,-0.018571783,-0.018766034
2014-07-31,-0.018872324,-0.018948171,-0.018910099,-0.018864278,-0.018888,-0.018870492,-0.018872041,-0.01891959,-0.018878553,-0.018870864,-0.018942732,-0.01888344,-0.018882427,-0.018925924,-0.018951792,-0.018894527,-0.018950123,-0.018953044,-0.018876273,-0.01906157
2014-08-01,-0.018821675,-0.018888135,-0.018844891,-0.018810067,-0.018844578,-0.018819753,-0.018819693,-0.018861715,-0.018832777,-0.018823985,-0.018887464,-0.018843252,-0.018836666,-0.018870596,-0.018876467,-0.018838156,-0.018874992,-0.018893931,-0.01883014,-0.019010235
2014-08-04,-0.017440293,-0.017501105,-0.01747382,-0.017429981,-0.017475683,-0.017438594,-0.017451469,-0.017466549,-0.017452259,-0.017438103,-0.017499018,-0.017451707,-0.017447535,-0.017506916,-0.017492536,-0.017456356,-0.017515603,-0.017501447,-0.017445523,-0.017628584
2014-08-05,-0.018821228,-0.01889642,-0.018842015,-0.018811274,-0.018856946,-0.01882178,-0.018828545,-0.018851612,-0.018836651,-0.018814791,-0.01888718,-0.018833015,-0.018827219,-0.01887684,-0.01887608,-0.018841166,-0.018933509,-0.018891979,-0.018828932,-0.019011367
2014-08-06,-0.018821944,-0.01888642,-0.018863712,-0.018848736,-0.018858511,-0.018823225,-0.018829752,-0.018846411,-0.018840093,-0.018823285,-0.018887375,-0.01884434,-0.01883382,-0.018881831,-0.018872593,-0.018856276,-0.018925209,-0.018892352,-0.018832449,-0.0190108
2014-08-07,-0.01715364,-0.017211158,-0.01720253,-0.017224971,-0.017186526,-0.017157245,-0.017159212,-0.017184768,-0.017176602,-0.01715875,-0.017215688,-0.017168049,-0.017163042,-0.01720846,-0.017201696,-0.017184366,-0.017217044,-0.01722077,-0.017163936,-0.017345075
2014-08-08,-0.018821407,-0.018884692,-0.018949319,-0.018854637,-0.018835712,-0.018823016,-0.018821243,-0.018865962,-0.01883388,-0.018820588,-0.01888654,-0.018837515,-0.018825058,-0.018892813,-0.018880848,-0.018861268,-0.018900696,-0.018888775,-0.01883391,-0.019011382
2014-08-11,-0.018822256,-0.018893097,-0.018962,-0.018837813,-0.018832285,-0.018820558,-0.018831257,-0.018862534,-0.018829394,-0.018820394,-0.018885884,-0.018834252,-0.018835638,-0.018885095,-0.018888686,-0.018868033,-0.0189326,-0.018890355,-0.018829573,-0.019011054
2014-08-12,-0.018821392,-0.018891875,-0.018852476,-0.018819306,-0.018835519,-0.018821288,-0.018821944,-0.018863026,-0.018827666,-0.018823344,-0.018884439,-0.01883443,-0.018840957,-0.018882561,-0.018887494,-0.018868435,-0.018917847,-0.018887583,-0.018827904,-0.019011516
2014-08-13,-0.018791381,-0.018859688,-0.01880214,-0.018788327,-0.018798921,-0.01878849,-0.01879393,-0.01883014,-0.018791292,-0.018789772,-0.018851582,-0.018801842,-0.018805657,-0.018854577,-0.018855322,-0.018835101,-0.01885854,-0.01885325,-0.018824074,-0.018980045
2014-08-14,-0.017390195,-0.01745509,-0.017430682,-0.017377276,-0.017411832,-0.017390732,-0.017395828,-0.017429937,-0.017395321,-0.017391,-0.017445955,-0.017401252,-0.01740529,-0.017451022,-0.017451856,-0.017425526,-0.017454747,-0.01745056,-0.017405886,-0.017580975
2014-08-15,-0.018822271,-0.018893544,-0.01883747,-0.018815015,-0.018845338,-0.01882245,-0.018828992,-0.018864159,-0.018827919,-0.018823061,-0.018883187,-0.01884127,-0.01883291,-0.018894736,-0.018888015,-0.01884446,-0.018898893,-0.018890847,-0.018833075,-0.019013409
2014-08-18,-0.018826086,-0.018891905,-0.018825714,-0.018815506,-0.018850613,-0.018821616,-0.018829841,-0.018854905,-0.018833984,-0.018825669,-0.01888192,-0.018840794,-0.018829856,-0.018875886,-0.018886466,-0.018859107,-0.018887017,-0.01889107,-0.018828902,-0.019010548
2014-08-19,-0.018824834,-0.01889247,-0.018796925,-0.018815119,-0.018840346,-0.018822167,-0.018829722,-0.01885705,-0.018827725,-0.018823493,-0.018883366,-0.018837545,-0.018827979,-0.018879179,-0.018888716,-0.018867988,-0.01889332,-0.01889171,-0.01881859,-0.019011337
2014-08-20,-0.013752525,-0.01381502,-0.013737042,-0.013744582,-0.013766785,-0.013750394,-0.013765101,-0.013786544,-0.013753121,-0.013751184,-0.013809045,-0.013763999,-0.013762747,-0.013813113,-0.0138113545,-0.0137931155,-0.0138703035,-0.013813977,-0.013763611,-0.013940026
2014-08-21,-0.017701302,-0.017766211,-0.017690945,-0.017689053,-0.01770832,-0.017695162,-0.01770376,-0.017739538,-0.017697621,-0.017696936,-0.017758269,-0.01770002,-0.017736796,-0.017758343,-0.01776192,-0.017737586,-0.017817695,-0.017758567,-0.017706785,-0.017885286
2014-08-22,-0.01894382,-0.019000519,-0.018972222,-0.01892722,-0.018963072,-0.018935446,-0.018945191,-0.018972848,-0.018947367,-0.01893935,-0.018992323,-0.018943373,-0.018983487,-0.01899812,-0.019003455,-0.01897398,-0.019058827,-0.018990878,-0.018942777,-0.019125123
2014-08-25,-0.016306017,-0.016366336,-0.016298879,-0.01629046,-0.016328592,-0.016296778,-0.016301457,-0.016326074,-0.016311068,-0.01630107,-0.01635154,-0.016305763,-0.0163499,-0.016358111,-0.016362611,-0.016352762,-0.016427312,-0.016354892,-0.016304005,-0.016486365
2014-08-26,-0.018833239,-0.018890891,-0.018823761,-0.018812377,-0.018845577,-0.018823002,-0.018828455,-0.01886091,-0.018835876,-0.018826757,-0.01888046,-0.018833805,-0.018875081,-0.018890519,-0.018888433,-0.018863458,-0.018987749,-0.018880669,-0.01883215,-0.019011963
2014-08-27,-0.02168559,-0.02175038,-0.021704484,-0.021668036,-0.021690745,-0.02167945,-0.021695051,-0.021715406,-0.021691028,-0.021683458,-0.021738324,-0.021694172,-0.021705318,-0.021744508,-0.021743033,-0.0217111,-0.021846075,-0.021738548,-0.021687184,-0.021868292
2014-08-28,-0.015205567,-0.015272622,-0.015220721,-0.015195821,-0.015208458,-0.015200664,-0.015209754,-0.015244042,-0.015209739,-0.0152048515,-0.015259151,-0.015221526,-0.015227531,-0.01526316,-0.0152743505,-0.015215372,-0.015374203,-0.015256737,-0.015209039,-0.01539207
2014-08-29,-0.016083661,-0.016153771,-0.016071353,-0.016066764,-0.016111333,-0.016077776,-0.01609603,-0.01612619,-0.01609214,-0.016082365,-0.016144175,-0.016097758,-0.016094763,-0.01613449,-0.016148526,-0.016099904,-0.01624817,-0.016140971,-0.016088892,-0.016269032
2014-09-02,-0.018829841,-0.01889633,-0.018833075,-0.01882935,-0.01885039,-0.018822495,-0.018838648,-0.018864173,-0.01883829,-0.018832821,-0.01888718,-0.018845234,-0.01884212,-0.018880922,-0.018900175,-0.018858943,-0.018988136,-0.018891368,-0.018834878,-0.0190125
2014-09-03,-0.01883148,-0.018893484,-0.018835995,-0.018814582,-0.01885103,-0.018823568,-0.0188465,-0.01887,-0.018837053,-0.018829618,-0.018885422,-0.01884209,-0.018852387,-0.018889893,-0.018890116,-0.018852893,-0.018991608,-0.018879626,-0.018833611,-0.019012172
2014-09-04,-0.01883002,-0.018892962,-0.018844191,-0.01881035,-0.018858854,-0.018826324,-0.018855918,-0.018868405,-0.018840302,-0.018827233,-0.018886317,-0.018836189,-0.018841807,-0.01889046,-0.018893216,-0.018861074,-0.018993456,-0.018883813,-0.018834654,-0.01901253
2014-09-05,-0.018827278,-0.018882174,-0.018854532,-0.018814344,-0.018856276,-0.018825162,-0.018847574,-0.018861208,-0.018832076,-0.018823091,-0.018879224,-0.018835071,-0.018850703,-0.01888718,-0.018888611,-0.018871251,-0.018969331,-0.018887732,-0.018833298,-0.019010711
2014-09-08,-0.017447297,-0.017505933,-0.017476294,-0.017434407,-0.017474163,-0.017445866,-0.017451871,-0.017482225,-0.017454151,-0.01744536,-0.017495338,-0.017452259,-0.017451826,-0.017497573,-0.017511833,-0.017483968,-0.0175975,-0.017506365,-0.017454911,-0.017633904
2014-09-09,-0.018821765,-0.018892188,-0.018839661,-0.018819097,-0.018848974,-0.018821914,-0.018829126,-0.018866587,-0.018834222,-0.01882473,-0.018881265,-0.018834848,-0.018834177,-0.018933851,-0.01889405,-0.018850554,-0.018990714,-0.018893722,-0.018829498,-0.019012962
2014-09-10,-0.018323082,-0.018385444,-0.018331174,-0.018313665,-0.018342081,-0.01832052,-0.018327747,-0.018355776,-0.018334735,-0.018307421,-0.018382568,-0.018334735,-0.018330667,-0.018402386,-0.018383998,-0.018339772,-0.018486131,-0.018392328,-0.018330816,-0.018512372
2014-09-11,-0.018905688,-0.01896863,-0.018904898,-0.01889773,-0.018914405,-0.018899802,-0.01893242,-0.018932272,-0.018909518,-0.018884558,-0.018960569,-0.01891132,-0.018900651,-0.018946324,-0.01896723,-0.018910144,-0.019044627,-0.01896419,-0.018910248,-0.019089136
2014-09-12,-0.017429937,-0.017498437,-0.017422725,-0.017416392,-0.017436285,-0.017422188,-0.017449517,-0.017453406,-0.01743399,-0.017411847,-0.017487545,-0.017441142,-0.017429728,-0.017491404,-0.017492015,-0.017457921,-0.01758096,-0.017488439,-0.01743624,-0.017616156
2014-09-15,-0.018830437,-0.018887047,-0.018841881,-0.018811334,-0.018846128,-0.018821944,-0.01883233,-0.018851552,-0.018836278,-0.018814016,-0.018884916,-0.018836085,-0.018826429,-0.018903766,-0.018890757,-0.018866587,-0.018981908,-0.018889416,-0.018832032,-0.019011293
2014-09-16,-0.018826995,-0.018881965,-0.0188354,-0.018813271,-0.018855859,-0.018822107,-0.018826831,-0.018858884,-0.018841196,-0.018819991,-0.018886674,-0.018834148,-0.0188392,-0.018870194,-0.018887464,-0.018866006,-0.018977422,-0.018893246,-0.01882935,-0.019011099
2014-09-17,-0.017948825,-0.017993603,-0.017962385,-0.017944608,-0.017976988,-0.01795024,-0.01796322,-0.017971236,-0.017966423,-0.017954547,-0.017996121,-0.01798721,-0.017963443,-0.017964486,-0.017990354,-0.017976765,-0.018093545,-0.01799928,-0.017955143,-0.018135909
2014-09-18,-0.015945826,-0.015995163,-0.015967164,-0.015943263,-0.015989844,-0.015948448,-0.015985612,-0.015980948,-0.015961815,-0.015951056,-0.016010646,-0.015973631,-0.015958045,-0.01598205,-0.016002987,-0.015971232,-0.016087998,-0.016014207,-0.015949342,-0.016135577
2014-09-19,-0.015557622,-0.015609165,-0.015577679,-0.015550931,-0.01558127,-0.015557443,-0.015577768,-0.015595739,-0.015568842,-0.015559663,-0.015618254,-0.0155819105,-0.015568142,-0.015567784,-0.015615855,-0.015576829,-0.015700985,-0.015625332,-0.015559514,-0.015745688
2014-09-22,-0.018656138,-0.018697757,-0.01872151,-0.018646616,-0.018674184,-0.018650029,-0.018683944,-0.01868378,-0.018663142,-0.018657956,-0.018713672,-0.01868013,-0.01866113,-0.018673185,-0.018708412,-0.018660102,-0.018813286,-0.018718723,-0.018650908,-0.0188399
2014-09-23,-0.017196346,-0.01723123,-0.017260004,-0.017183933,-0.017200638,-0.017191116,-0.017189745,-0.017222438,-0.017202634,-0.017199878,-0.017237145,-0.017199311,-0.017199982,-0.017240826,-0.01722436,-0.01720937,-0.01734202,-0.017240275,-0.01720776,-0.017377544
2014-09-24,-0.016174648,-0.016225789,-0.0162565,-0.016160179,-0.01619019,-0.016165633,-0.016177494,-0.016212035,-0.01618046,-0.016175095,-0.016230065,-0.016195823,-0.016183753,-0.016226638,-0.016230095,-0.016185168,-0.016320858,-0.016237635,-0.0161797,-0.016358335
2014-09-25,-0.017835785,-0.017888356,-0.017922882,-0.017821837,-0.017848793,-0.017831508,-0.01785447,-0.01787265,-0.01783948,-0.017837826,-0.017894033,-0.017853204,-0.017843802,-0.017877761,-0.017896269,-0.017849062,-0.01799025,-0.017901618,-0.01783872,-0.01802117
2014-09-26,-0.018822331,-0.018885393,-0.01890846,-0.018812452,-0.018827785,-0.01882312,-0.018828142,-0.018860657,-0.018826414,-0.018838827,-0.018886838,-0.018841494,-0.018825028,-0.018837143,-0.018885214,-0.018851195,-0.018974785,-0.018892739,-0.018826623,-0.019010577
2014-09-29,-0.01882032,-0.018888537,-0.018906895,-0.01881196,-0.018835772,-0.018819842,-0.018823344,-0.018855173,-0.018822942,-0.018830586,-0.018886942,-0.018841896,-0.018830243,-0.018841598,-0.018885259,-0.018841807,-0.018970449,-0.018894646,-0.018822078,-0.01901107
2014-09-30,-0.018823523,-0.018890131,-0.01890779,-0.018809456,-0.018827323,-0.018818546,-0.018825028,-0.018856887,-0.018822495,-0.018829796,-0.01888663,-0.018839065,-0.01882698,-0.018833611,-0.018887255,-0.018854965,-0.018973026,-0.018896658,-0.018831048,-0.019010682
2014-10-01,-0.018827546,-0.01888061,-0.018905777,-0.01881333,-0.018846575,-0.018817503,-0.018819857,-0.018850613,-0.018836994,-0.018829916,-0.018884856,-0.018840808,-0.018833805,-0.018837381,-0.01888277,-0.018871997,-0.018982757,-0.018893678,-0.018829677,-0.019011158
2014-10-02,-0.014907335,-0.014945735,-0.0149340825,-0.014895369,-0.014932414,-0.014898692,-0.014895652,-0.014925574,-0.0149375545,-0.014905234,-0.014957522,-0.014923607,-0.014916887,-0.014914055,-0.014953961,-0.01494423,-0.01504529,-0.014961784,-0.014909078,-0.01508898
2014-10-03,-0.0188254,-0.018870119,-0.018839229,-0.018816773,-0.018859956,-0.018821273,-0.018813703,-0.018842135,-0.01884951,-0.018829394,-0.018887106,-0.01884513,-0.018840257,-0.018833075,-0.018884454,-0.018874068,-0.018959764,-0.018891055,-0.01883087,-0.019010264
2014-10-06,-0.016133372,-0.016175423,-0.016188595,-0.01612768,-0.016176093,-0.016130466,-0.016130123,-0.016146947,-0.016148183,-0.016138453,-0.016204808,-0.016161788,-0.016144712,-0.016145263,-0.016156454,-0.016186286,-0.016286839,-0.016211841,-0.016135994,-0.016323257
2014-10-07,-0.018825773,-0.018871833,-0.01885261,-0.018818755,-0.018852804,-0.018819977,-0.018817294,-0.018850703,-0.018831614,-0.018829662,-0.018889416,-0.018839214,-0.018829394,-0.01885556,-0.018827531,-0.018873502,-0.018982444,-0.018895466,-0.01883616,-0.019010965
2014-10-08,-0.018824566,-0.01887517,-0.018851954,-0.018817592,-0.018845964,-0.018647391,-0.018817801,-0.018857453,-0.01882035,-0.01882698,-0.0188873,-0.018839363,-0.018831048,-0.01884422,-0.018829975,-0.018874962,-0.018977407,-0.018892918,-0.018837992,-0.019010518
2014-10-09,-0.020378504,-0.020418499,-0.02042522,-0.02036247,-0.020398218,-0.020150293,-0.02036642,-0.020412017,-0.020379577,-0.020378087,-0.02043121,-0.020393733,-0.020379562,-0.020398472,-0.020395864,-0.020417381,-0.020509873,-0.02043486,-0.020384554,-0.020558465
2014-10-10,-0.018326197,-0.018364374,-0.0183671,-0.01830757,-0.018336583,-0.018242437,-0.01831228,-0.018363703,-0.018330459,-0.018325035,-0.018375237,-0.018335897,-0.01829711,-0.018360812,-0.018376742,-0.018355373,-0.018479098,-0.01837856,-0.018330146,-0.018431876
2014-10-13,-0.021804053,-0.021848772,-0.021866757,-0.021782178,-0.021820996,-0.021603826,-0.021786664,-0.021844286,-0.02180909,-0.021801788,-0.021864746,-0.02182113,-0.021781225,-0.021847297,-0.021867473,-0.021847103,-0.021942545,-0.021870602,-0.021811787,-0.021914009
2014-10-14,-0.018846188,-0.018870179,-0.018892828,-0.018808011,-0.018848542,-0.018608931,-0.018811379,-0.01886316,-0.018836755,-0.01882786,-0.018887762,-0.018835742,-0.018827487,-0.018841807,-0.018885616,-0.018875916,-0.01895215,-0.018892888,-0.018829528,-0.01893409
2014-10-15,-0.018867735,-0.018869746,-0.018889803,-0.018807758,-0.01884066,-0.018658135,-0.018822853,-0.018852744,-0.018837992,-0.018832076,-0.01888651,-0.018835966,-0.018830378,-0.018869136,-0.018878404,-0.018875394,-0.018957872,-0.018894646,-0.018830601,-0.018931512
2014-10-16,-0.018864427,-0.018870447,-0.018883172,-0.018806923,-0.018861342,-0.01863328,-0.018813718,-0.01885939,-0.018836696,-0.018829007,-0.018888164,-0.018843371,-0.018839497,-0.018837247,-0.018875916,-0.018875498,-0.018940989,-0.018886853,-0.018831227,-0.018880043
2014-10-17,-0.017318998,-0.017346192,-0.01735175,-0.017285127,-0.017322171,-0.017050285,-0.017288093,-0.017332826,-0.017324034,-0.017303709,-0.017360885,-0.017317358,-0.01731934,-0.017312784,-0.017349306,-0.017343793,-0.017396603,-0.017358292,-0.017306361,-0.01735093
2014-10-20,-0.019610021,-0.01964197,-0.019668896,-0.01959202,-0.019637663,-0.019519884,-0.019594584,-0.019648302,-0.019649971,-0.01961482,-0.01967593,-0.019635621,-0.019614372,-0.01962975,-0.019635458,-0.01965918,-0.019697044,-0.019673426,-0.019620452,-0.01966678
2014-10-21,-0.01884656,-0.018862266,-0.018882234,-0.018807892,-0.018844772,-0.01878849,-0.018816207,-0.018864501,-0.01886611,-0.018835936,-0.018883709,-0.018844787,-0.018852893,-0.01884884,-0.018859152,-0.018870968,-0.018918354,-0.018888969,-0.018833596,-0.018882874
2014-10-22,-0.015357693,-0.015369345,-0.015354549,-0.01530916,-0.015331064,-0.015308891,-0.015319903,-0.015369241,-0.015364801,-0.01533318,-0.015388255,-0.015344028,-0.015364294,-0.015334566,-0.015319918,-0.015362193,-0.015405078,-0.015386154,-0.015339498,-0.015384932
2014-10-23,-0.014374559,-0.014361207,-0.014328484,-0.014303093,-0.014331465,-0.014149358,-0.0143126,-0.014363025,-0.014342402,-0.014327516,-0.014370103,-0.01433513,-0.014323925,-0.014343311,-0.014316981,-0.014330764,-0.0143937515,-0.014371161,-0.014331509,-0.014370133
2014-10-24,-0.017183546,-0.017189283,-0.017147426,-0.01713181,-0.017136026,-0.016950253,-0.017144222,-0.017195884,-0.01715732,-0.017121289,-0.017198656,-0.017157245,-0.017123092,-0.017147068,-0.01718073,-0.017168347,-0.017217297,-0.017203871,-0.01715656,-0.01719718
2014-10-27,-0.016722474,-0.01670954,-0.01672912,-0.016672585,-0.016668249,-0.016623784,-0.016681317,-0.016738046,-0.016685579,-0.016691405,-0.016735781,-0.016690824,-0.016678158,-0.016708914,-0.01672079,-0.016724665,-0.016782794,-0.01675478,-0.016696814,-0.01674651
2014-10-28,-0.018865246,-0.018852938,-0.018889744,-0.018809173,-0.018816072,-0.018798564,-0.01882321,-0.018873412,-0.018828515,-0.018833522,-0.018876065,-0.018834684,-0.018820692,-0.018883396,-0.018872265,-0.01885726,-0.018930439,-0.018896956,-0.01883388,-0.018886272
2014-10-29,-0.01640134,-0.016379584,-0.01638018,-0.016335208,-0.016364995,-0.016340394,-0.01636896,-0.016405273,-0.016357366,-0.016353328,-0.01641168,-0.016371045,-0.016360719,-0.016405065,-0.016422886,-0.016382728,-0.016458783,-0.016438264,-0.016370613,-0.016421828
2014-10-30,-0.018847618,-0.018845845,-0.018873025,-0.018815655,-0.018820379,-0.018818367,-0.018823225,-0.018873516,-0.018829752,-0.018829484,-0.018880863,-0.018860612,-0.018838022,-0.018878747,-0.018886108,-0.018859748,-0.01891734,-0.018890042,-0.018838543,-0.018886644
2014-10-31,-0.017461915,-0.017455969,-0.017482761,-0.017416377,-0.01743259,-0.017424721,-0.01745354,-0.017489154,-0.017444793,-0.01743408,-0.017507691,-0.01747838,-0.017474059,-0.017475802,-0.01751681,-0.017476011,-0.017524395,-0.0175252,-0.01744211,-0.017509822
2014-11-03,-0.020101745,-0.020085279,-0.020111475,-0.020055551,-0.020082239,-0.020065714,-0.020075161,-0.020114142,-0.02008206,-0.02008589,-0.020126719,-0.020107258,-0.020110298,-0.020098258,-0.020131323,-0.020101909,-0.020154584,-0.020139147,-0.020091537,-0.020121489
2014-11-04,-0.02041364,-0.02041014,-0.020430896,-0.020360533,-0.020391826,-0.020371396,-0.020378683,-0.020423163,-0.020391274,-0.020388786,-0.020437364,-0.020403434,-0.020400736,-0.020429078,-0.020458985,-0.020403866,-0.02045687,-0.020454425,-0.020390842,-0.020437185
2014-11-05,-0.018879507,-0.018874008,-0.01885267,-0.018808696,-0.01883534,-0.018821288,-0.01883239,-0.0188617,-0.0188368,-0.018834341,-0.018882353,-0.018838216,-0.018842522,-0.018925894,-0.01888356,-0.018855695,-0.01890089,-0.018882398,-0.018846009,-0.018892545
2014-11-06,-0.01887669,-0.018876288,-0.018850688,-0.018808577,-0.018848095,-0.018820886,-0.0188278,-0.018864859,-0.018835086,-0.018833775,-0.018881548,-0.01883893,-0.01883233,-0.018920187,-0.018894617,-0.018842552,-0.018874947,-0.01889639,-0.01884446,-0.018885527
2014-11-07,-0.0155475335,-0.015540187,-0.015542139,-0.015489523,-0.015524452,-0.015500222,-0.015512128,-0.015535508,-0.015514498,-0.015511175,-0.015556728,-0.015517105,-0.015506362,-0.015569572,-0.015567665,-0.015529771,-0.015551169,-0.01556467,-0.015509476,-0.015560319
2014-11-10,-0.026344065,-0.026333395,-0.02634481,-0.026276398,-0.026312295,-0.026280914,-0.026301626,-0.026321996,-0.02629723,-0.026301388,-0.026354823,-0.026302967,-0.026304636,-0.026383538,-0.026375119,-0.026320685,-0.026350785,-0.02636582,-0.026305843,-0.02636515
2014-11-11,-0.018870894,-0.01886471,-0.01888341,-0.018814523,-0.018860508,-0.01881719,-0.018837932,-0.018862654,-0.018836934,-0.018837158,-0.018884081,-0.018845338,-0.018831868,-0.01895981,-0.018904138,-0.018835533,-0.018877495,-0.018894736,-0.018838022,-0.018896181
2014-11-12,-0.018873084,-0.018860463,-0.01887669,-0.018825877,-0.018837873,-0.018820468,-0.018829543,-0.018863294,-0.018846143,-0.018835519,-0.018884066,-0.018843804,-0.018832821,-0.018963698,-0.018896867,-0.018863086,-0.018876005,-0.018892396,-0.018836651,-0.01890174
2014-11-13,-0.018873055,-0.018879864,-0.018857632,-0.018814016,-0.01884288,-0.018818337,-0.018834922,-0.018867258,-0.01884279,-0.018832553,-0.018882755,-0.018856678,-0.018844802,-0.018942747,-0.018905524,-0.018841673,-0.01887538,-0.018885124,-0.018840585,-0.018891249
2014-11-14,-0.018872488,-0.01887514,-0.018868033,-0.018807296,-0.01883759,-0.018820602,-0.018817384,-0.018860001,-0.018835042,-0.018835131,-0.018879835,-0.018856023,-0.018838841,-0.01889481,-0.018897314,-0.01885878,-0.018876199,-0.018892128,-0.018832598,-0.018890012
2014-11-17,-0.018870223,-0.018852,-0.018863354,-0.018807236,-0.018827591,-0.0188202,-0.018826414,-0.018868316,-0.018842999,-0.018828873,-0.018874485,-0.018852834,-0.018836636,-0.018919531,-0.018900428,-0.018852,-0.01887602,-0.018896181,-0.018829335,-0.018892441
2014-11-18,-0.018863384,-0.018868107,-0.01887812,-0.01884723,-0.018841628,-0.018819187,-0.018838424,-0.018872682,-0.01883607,-0.018829528,-0.018878195,-0.018855456,-0.01883464,-0.01892728,-0.018898088,-0.018833462,-0.018874932,-0.018902276,-0.018832672,-0.018898506
2014-11-19,-0.018856633,-0.018873218,-0.018888358,-0.018829409,-0.018834744,-0.0188216,-0.018826548,-0.018873457,-0.01883458,-0.018832255,-0.018880043,-0.018849526,-0.01883844,-0.018955339,-0.018897463,-0.018856872,-0.018869538,-0.018892515,-0.018834937,-0.018881295
2014-11-20,-0.015457963,-0.015471329,-0.015475218,-0.015423466,-0.015435536,-0.015419592,-0.01543044,-0.015468617,-0.015435358,-0.015432258,-0.015474056,-0.01544549,-0.015438472,-0.015500982,-0.015479793,-0.015440931,-0.015460883,-0.0154796885,-0.015432824,-0.015471776
2014-11-21,-0.0188638,-0.018884677,-0.018872831,-0.018825773,-0.018836949,-0.01882084,-0.018832628,-0.018866707,-0.018834177,-0.018833343,-0.018883321,-0.018843342,-0.018851314,-0.01891141,-0.018895496,-0.01884814,-0.018871564,-0.018893171,-0.018834759,-0.018887643
2014-11-24,-0.021350283,-0.021359969,-0.02133638,-0.021296281,-0.021311779,-0.021295894,-0.0213002,-0.021346916,-0.021312077,-0.021301914,-0.021356706,-0.021317173,-0.021331806,-0.021399144,-0.021373365,-0.021332014,-0.021348987,-0.021370266,-0.021313328,-0.021380026
2014-11-25,-0.018869076,-0.01887301,-0.018844549,-0.018820558,-0.018843401,-0.018819902,-0.01883668,-0.018873695,-0.018839855,-0.018837605,-0.01888058,-0.01883823,-0.01886933,-0.018936444,-0.018895958,-0.018857468,-0.018876184,-0.01888733,-0.018835727,-0.018894676
2014-11-26,-0.016932089,-0.016936067,-0.016899142,-0.016887996,-0.016900245,-0.0168808,-0.016896967,-0.016934995,-0.0169033,-0.01689801,-0.016943697,-0.016896043,-0.016922045,-0.016957019,-0.016954977,-0.016919244,-0.016935322,-0.016950194,-0.01690412,-0.0169538
2014-11-28,-0.01884054,-0.018871132,-0.018921394,-0.01882023,-0.018841807,-0.018818352,-0.018827561,-0.018873695,-0.018841315,-0.018828917,-0.018885244,-0.018843312,-0.018849496,-0.018933836,-0.018890623,-0.018846069,-0.01887672,-0.018886019,-0.01884349,-0.018896867
2014-12-01,-0.018840168,-0.018859092,-0.018928502,-0.018813659,-0.018835682,-0.018816773,-0.018821675,-0.018851254,-0.018846828,-0.018827204,-0.018884275,-0.018861178,-0.018840987,-0.018940393,-0.018889133,-0.018828902,-0.018877152,-0.018885393,-0.018868659,-0.018896896
2014-12-02,-0.01883221,-0.018858466,-0.01890177,-0.01881494,-0.018833522,-0.018817637,-0.018819544,-0.018851537,-0.018841524,-0.018822942,-0.018882845,-0.018876482,-0.01883233,-0.01891594,-0.018896852,-0.018831823,-0.018876184,-0.018894184,-0.018886957,-0.018892486
2014-12-03,-0.018836383,-0.018865366,-0.01890153,-0.01881269,-0.018836368,-0.018819917,-0.01881567,-0.018851671,-0.018839035,-0.018826816,-0.018883128,-0.01886775,-0.018846456,-0.018952478,-0.018889446,-0.018839914,-0.018870253,-0.018885452,-0.018880967,-0.018896732
2014-12-04,-0.017402697,-0.017407749,-0.017537776,-0.017366309,-0.01738583,-0.017375562,-0.017366875,-0.017395709,-0.017394412,-0.017385025,-0.017442558,-0.017424036,-0.01739106,-0.017471794,-0.017436612,-0.017394695,-0.017417956,-0.017434288,-0.017431322,-0.017447997
2014-12-05,-0.01904649,-0.019073952,-0.01917312,-0.01901539,-0.019040186,-0.019026164,-0.019017,-0.019052703,-0.019039575,-0.019032333,-0.019082446,-0.019044671,-0.01903506,-0.019116838,-0.019089315,-0.019067679,-0.01906592,-0.019089598,-0.01904406,-0.019092906
2014-12-08,-0.018843058,-0.018873516,-0.01894239,-0.018816385,-0.018839184,-0.018824387,-0.018812466,-0.018854339,-0.018833477,-0.018828962,-0.01887596,-0.018838797,-0.018836562,-0.018905241,-0.018885124,-0.018867034,-0.018862505,-0.018885855,-0.018872667,-0.018893499
2014-12-09,-0.018842999,-0.018861014,-0.018938828,-0.01881804,-0.018839646,-0.018822778,-0.018813241,-0.018854443,-0.018841568,-0.018828083,-0.018876407,-0.01884586,-0.018829409,-0.018927146,-0.018882025,-0.018852461,-0.018864546,-0.018882845,-0.018842194,-0.018890891
2014-12-10,-0.019561518,-0.019591872,-0.019703437,-0.019532237,-0.01955666,-0.019539092,-0.019536857,-0.019569594,-0.019562367,-0.019545246,-0.019605983,-0.01955669,-0.019553576,-0.01960801,-0.019603748,-0.019570295,-0.019653652,-0.01961409,-0.01957548,-0.019617934
2014-12-11,-0.017712388,-0.017727721,-0.017867927,-0.01769096,-0.017712254,-0.01769847,-0.017695535,-0.017722223,-0.01772255,-0.01770838,-0.01774225,-0.017720927,-0.017716695,-0.017744873,-0.017741833,-0.01771735,-0.017800275,-0.017747436,-0.017741714,-0.017750982
2014-12-12,-0.01764347,-0.01765496,-0.017799024,-0.017616842,-0.017635752,-0.017617796,-0.017616142,-0.017638493,-0.017639194,-0.017626394,-0.017666716,-0.01763532,-0.017634619,-0.017668877,-0.017665092,-0.017634723,-0.017726455,-0.017667595,-0.017671112,-0.017681245
2014-12-15,-0.017507318,-0.017520685,-0.017655823,-0.017472807,-0.017499555,-0.017478574,-0.01747394,-0.0175048,-0.017494518,-0.017481897,-0.017524693,-0.017493043,-0.017494071,-0.017525766,-0.017524157,-0.017499868,-0.017578337,-0.01752529,-0.017522085,-0.017534677
2014-12-16,-0.018859778,-0.018857736,-0.019001696,-0.018816043,-0.018844936,-0.018821273,-0.018820796,-0.01885328,-0.018835384,-0.01882786,-0.01888134,-0.018843058,-0.018838827,-0.018874709,-0.018888269,-0.018856827,-0.018964995,-0.018888582,-0.01885577,-0.018887196
2014-12-17,-0.006223594,-0.0062316554,-0.0063197063,-0.0061878012,-0.0062105255,-0.006196399,-0.006195818,-0.006217082,-0.00620911,-0.006200974,-0.006244083,-0.0062188404,-0.0062237727,-0.0062369006,-0.006209557,-0.006227304,-0.0062719034,-0.0062491046,-0.0062275426,-0.006249045
2014-12-18,-0.018853996,-0.018866647,-0.018995676,-0.018818337,-0.018842656,-0.018824983,-0.018824834,-0.018845458,-0.018844727,-0.018829409,-0.018878538,-0.018846024,-0.018851567,-0.018865634,-0.018823404,-0.018870983,-0.018951107,-0.018881697,-0.018860836,-0.01889177
2014-12-19,-0.018866453,-0.01885793,-0.01900326,-0.0188143,-0.018835146,-0.018825192,-0.018828277,-0.018842075,-0.018837962,-0.018830214,-0.01887447,-0.018841807,-0.018853743,-0.018863428,-0.018812228,-0.018871177,-0.01894905,-0.018879805,-0.018856216,-0.018885497
2014-12-22,-0.01968189,-0.01969089,-0.019841317,-0.019660357,-0.019672472,-0.019663725,-0.01966304,-0.019692603,-0.019679401,-0.019667704,-0.019707073,-0.019699845,-0.019672919,-0.019702513,-0.019644786,-0.019696373,-0.019805986,-0.019713286,-0.019699622,-0.019720662
2014-12-23,-0.018858153,-0.018851016,-0.018976796,-0.01882786,-0.018838797,-0.018823702,-0.018829335,-0.018852476,-0.018838424,-0.018828053,-0.018878896,-0.018859345,-0.018826175,-0.018863771,-0.018833626,-0.018864665,-0.018951733,-0.018891413,-0.018864382,-0.018889997
2014-12-24,-0.018784452,-0.018792022,-0.018938143,-0.018755455,-0.018769253,-0.018750507,-0.018753547,-0.01877335,-0.018765021,-0.018755753,-0.018806655,-0.018777493,-0.018756632,-0.018802855,-0.018760402,-0.01880226,-0.018905614,-0.018821005,-0.018777255,-0.018823285
2014-12-26,-0.018841539,-0.018868808,-0.019009072,-0.018835742,-0.018845085,-0.018822674,-0.018826354,-0.018846411,-0.01884729,-0.018828902,-0.01887517,-0.018850822,-0.018824179,-0.018877957,-0.018827025,-0.018875796,-0.018977705,-0.0188828,-0.018846188,-0.018902782
2014-12-29,-0.018841628,-0.018867586,-0.019009132,-0.01881862,-0.018837456,-0.0188254,-0.018821869,-0.018837113,-0.01884203,-0.018828977,-0.018875975,-0.01884884,-0.018836457,-0.018876124,-0.018827293,-0.01886988,-0.01898456,-0.018885378,-0.018853206,-0.018899579
2014-12-30,-0.01883215,-0.018874515,-0.019009132,-0.018815357,-0.01883817,-0.018822271,-0.018815417,-0.018841479,-0.018837292,-0.018826652,-0.018872876,-0.018861908,-0.01883309,-0.018890042,-0.018827248,-0.018873993,-0.01899049,-0.018895332,-0.018849943,-0.01890755
2014-12-31,-0.018832002,-0.018874098,-0.019009147,-0.018812526,-0.018831227,-0.018824179,-0.018817846,-0.018843342,-0.018841956,-0.01882853,-0.018872041,-0.018867899,-0.018834505,-0.018889088,-0.01883163,-0.01887377,-0.01898374,-0.018896494,-0.018864889,-0.018901039
2015-01-02,-0.01882774,-0.018873814,-0.019009102,-0.018804032,-0.018838827,-0.018825669,-0.01881488,-0.018847574,-0.018839005,-0.018827055,-0.018874202,-0.018860225,-0.018836144,-0.018884499,-0.018830884,-0.018873949,-0.018975321,-0.018888716,-0.018866304,-0.018901262
2015-01-05,-0.018828992,-0.018875692,-0.019009102,-0.018856306,-0.0188392,-0.018820945,-0.018810768,-0.018848527,-0.01884221,-0.018823061,-0.018877167,-0.018849988,-0.018834103,-0.01885568,-0.01882914,-0.018872801,-0.01899195,-0.018886346,-0.01885571,-0.018746037
2015-01-06,-0.018859033,-0.018876571,-0.018958453,-0.018727783,-0.01884145,-0.018822897,-0.01892941,-0.018862847,-0.018844295,-0.018824209,-0.018878687,-0.018838573,-0.018838186,-0.018861447,-0.018833805,-0.018865187,-0.018907908,-0.018881727,-0.018870596,-0.018877227
2015-01-07,-0.019110117,-0.01911256,-0.01916689,-0.019033406,-0.019082356,-0.0190585,-0.019196514,-0.019103188,-0.019079763,-0.019064177,-0.01911189,-0.01907431,-0.019073773,-0.018998194,-0.019067828,-0.019097332,-0.019215051,-0.01911262,-0.019117106,-0.018954817
2015-01-08,-0.015408804,-0.01540408,-0.0154436575,-0.015357365,-0.015370612,-0.015340139,-0.015497436,-0.015375142,-0.015362208,-0.015348335,-0.015404259,-0.015360241,-0.015354161,-0.015449901,-0.015357588,-0.015388747,-0.015512739,-0.015407314,-0.015400712,-0.015452092
2015-01-09,-0.017663602,-0.017656434,-0.01761124,-0.017568577,-0.01763675,-0.017595697,-0.017632265,-0.017626781,-0.017619703,-0.0176058,-0.017655212,-0.017620344,-0.017605353,-0.017652456,-0.01761045,-0.017659176,-0.017781857,-0.017658118,-0.017639522,-0.017526943
2015-01-12,-0.017764438,-0.017773572,-0.017831687,-0.017835293,-0.017755706,-0.017717648,-0.01776031,-0.017756198,-0.01775964,-0.017727304,-0.017777879,-0.017756764,-0.017723415,-0.017768893,-0.017727975,-0.017777268,-0.01787256,-0.017787669,-0.017747317,-0.017844189
2015-01-13,-0.01886325,-0.018870566,-0.018832032,-0.018860254,-0.018850017,-0.018814582,-0.018846381,-0.018861283,-0.01885179,-0.018828291,-0.018881027,-0.018864114,-0.018823255,-0.018730927,-0.018826563,-0.018868688,-0.019008253,-0.018885676,-0.018864784,-0.018776003
2015-01-14,-0.016909022,-0.016985048,-0.016973633,-0.017044265,-0.016956586,-0.016919661,-0.016953904,-0.016973246,-0.01695006,-0.016938869,-0.016990248,-0.016962308,-0.016934518,-0.017008413,-0.01693279,-0.016995627,-0.017119471,-0.017000679,-0.016969565,-0.01711895
2015-01-15,-0.010829841,-0.010858868,-0.010867705,-0.010806878,-0.010826741,-0.010801096,-0.010810097,-0.010843937,-0.010820915,-0.010817264,-0.01086465,-0.010831927,-0.010817413,-0.010797058,-0.010816057,-0.010898967,-0.010998209,-0.010870923,-0.010834997,-0.0109984325
2015-01-16,-0.018865425,-0.018871594,-0.018904123,-0.018764425,-0.018836234,-0.018808234,-0.018816236,-0.018851016,-0.018825252,-0.018826056,-0.018883739,-0.018831793,-0.018827174,-0.018824417,-0.018876825,-0.018910471,-0.018939782,-0.018935714,-0.018846873,-0.019009028
2015-01-20,-0.017780367,-0.017797012,-0.017775465,-0.017740507,-0.017763395,-0.017738197,-0.01774213,-0.017777685,-0.017756466,-0.017753873,-0.017812718,-0.017750937,-0.017755065,-0.017756615,-0.017824966,-0.017840017,-0.017860327,-0.017864633,-0.017769177,-0.017939184
2015-01-21,-0.018853907,-0.01886763,-0.018834744,-0.018765125,-0.0188444,-0.018807385,-0.018812139,-0.018860657,-0.018834997,-0.018824343,-0.01889177,-0.018832255,-0.018827114,-0.018851254,-0.01890703,-0.018900681,-0.019001532,-0.01892938,-0.018854935,-0.019009117
2015-01-22,-0.014355351,-0.014380296,-0.014394273,-0.0143387215,-0.0143434005,-0.014337425,-0.014340227,-0.014392187,-0.014360164,-0.0143538015,-0.01440682,-0.014360343,-0.014357735,-0.014310454,-0.014376243,-0.014420231,-0.01445574,-0.014413659,-0.014368807,-0.014536207
2015-01-23,-0.018837217,-0.018849213,-0.01887216,-0.018792678,-0.018828098,-0.018806357,-0.018809903,-0.018856574,-0.01882847,-0.018825848,-0.018885214,-0.018844772,-0.01882546,-0.018746648,-0.018825728,-0.018898148,-0.018833581,-0.018927488,-0.018851925,-0.019009072
2015-01-26,-0.018833209,-0.018854607,-0.018883023,-0.018820796,-0.018845607,-0.01880731,-0.018809963,-0.018862698,-0.018829945,-0.01882479,-0.018885437,-0.018843208,-0.018824164,-0.018898759,-0.018822093,-0.018901113,-0.018818248,-0.018923197,-0.01885702,-0.019009162
2015-01-27,-0.018838663,-0.018861968,-0.01889259,-0.01876,-0.018839184,-0.018807594,-0.01881421,-0.018851135,-0.018834699,-0.018824596,-0.018887017,-0.018854443,-0.018826071,-0.018934507,-0.018824134,-0.018885065,-0.01885875,-0.01891582,-0.018860046,-0.019009192
2015-01-28,-0.019189302,-0.01922201,-0.019237626,-0.019157458,-0.019194607,-0.019157458,-0.01916093,-0.019205023,-0.01918191,-0.019172553,-0.019232739,-0.01919702,-0.019173805,-0.019310657,-0.019174177,-0.019231904,-0.019154582,-0.019231219,-0.019215215,-0.019358817
2015-01-29,-0.019111264,-0.019152377,-0.019167636,-0.01897547,-0.019124065,-0.019089598,-0.019095156,-0.019142542,-0.01911575,-0.019108359,-0.019162733,-0.019142527,-0.019115169,-0.019254405,-0.019107942,-0.019163523,-0.019115139,-0.01916476,-0.019134436,-0.019292582
2015-01-30,-0.01970445,-0.019739363,-0.019709263,-0.01951531,-0.019718636,-0.019679729,-0.019682754,-0.019722689,-0.019704733,-0.019696955,-0.019759092,-0.01973388,-0.019698504,-0.019878972,-0.019694913,-0.01976483,-0.019703168,-0.019757736,-0.019718949,-0.019882355
2015-02-02,-0.018536437,-0.01857059,-0.018567268,-0.018300135,-0.018548835,-0.018510778,-0.018514726,-0.018546019,-0.018532101,-0.018528972,-0.01858494,-0.018542517,-0.018533442,-0.018589918,-0.018527616,-0.018575717,-0.018542875,-0.018579308,-0.018558312,-0.018713046
2015-02-03,-0.01883382,-0.018872995,-0.01887611,-0.018705565,-0.018846232,-0.018806446,-0.018809292,-0.018841524,-0.018828023,-0.018825058,-0.01888362,-0.018840376,-0.018833596,-0.018857915,-0.018824238,-0.018877435,-0.018836115,-0.01888289,-0.018865202,-0.019009072
2015-02-04,-0.018836845,-0.018877555,-0.018882696,-0.018654961,-0.018835891,-0.018810455,-0.018808562,-0.018853102,-0.018832806,-0.018824402,-0.018908609,-0.018837351,-0.018832121,-0.018850703,-0.018933687,-0.018858466,-0.018829618,-0.018887166,-0.018876884,-0.019009072
2015-02-05,-0.016610805,-0.016659055,-0.016670633,-0.016533587,-0.016618852,-0.016595159,-0.016596932,-0.016645256,-0.016625766,-0.016611014,-0.016673196,-0.016628597,-0.016617764,-0.016633336,-0.01674861,-0.016653199,-0.016614024,-0.01666433,-0.016650144,-0.016797174
2015-02-06,-0.016953412,-0.016989816,-0.016970549,-0.016869042,-0.01704045,-0.016911644,-0.016914893,-0.016963277,-0.016936142,-0.016926978,-0.017009947,-0.016949225,-0.016930614,-0.016920332,-0.016880412,-0.016961966,-0.01693483,-0.016991142,-0.016963113,-0.017118204
2015-02-09,-0.0188603,-0.018877912,-0.018843863,-0.018675316,-0.018955324,-0.018806878,-0.0188143,-0.018859733,-0.018831123,-0.018822331,-0.018904988,-0.018841598,-0.018825907,-0.018816222,-0.01875243,-0.018852267,-0.018863741,-0.018881354,-0.018864233,-0.019009087
2015-02-10,-0.018855128,-0.01887903,-0.018850733,-0.018829454,-0.018916506,-0.018806342,-0.01881734,-0.018853772,-0.018831346,-0.018823791,-0.018929962,-0.018841106,-0.018828783,-0.018815119,-0.018979166,-0.018846232,-0.018879581,-0.018883336,-0.01887286,-0.019009147
2015-02-11,-0.0188579,-0.01887763,-0.01883905,-0.018901039,-0.018968109,-0.018807147,-0.018822152,-0.018864933,-0.018830243,-0.018824268,-0.018898834,-0.018841717,-0.018831823,-0.01881865,-0.018981341,-0.018853027,-0.018856633,-0.018884156,-0.018863741,-0.019009147
2015-02-12,-0.016795237,-0.016819794,-0.01677889,-0.016771708,-0.016893644,-0.016753498,-0.016757656,-0.016813654,-0.016783956,-0.016765762,-0.016846303,-0.01678804,-0.016787026,-0.01675843,-0.016704012,-0.016803283,-0.016782705,-0.016824264,-0.016789053,-0.016953457
2015-02-13,-0.016254965,-0.016245876,-0.016267303,-0.016199563,-0.016399536,-0.016212303,-0.01622327,-0.016245354,-0.016233955,-0.01622549,-0.01630618,-0.016245771,-0.01625279,-0.016218785,-0.016181085,-0.016273294,-0.016216416,-0.016287286,-0.016248409,-0.01641475
2015-02-17,-0.018841092,-0.018823791,-0.018863548,-0.019051898,-0.018971492,-0.018804107,-0.018815193,-0.018832851,-0.01882546,-0.018818472,-0.018970255,-0.018840197,-0.018827844,-0.018812228,-0.019008163,-0.018873889,-0.018806312,-0.018881265,-0.018853564,-0.019009162
2015-02-18,-0.01884823,-0.018834013,-0.018861119,-0.018843237,-0.019005273,-0.018807668,-0.01881865,-0.018826786,-0.018822987,-0.01881807,-0.018965635,-0.01883823,-0.018825728,-0.018810648,-0.019008908,-0.01888438,-0.0188209,-0.018884603,-0.018854905,-0.019009206
2015-02-19,-0.01757105,-0.017567012,-0.017608393,-0.021020535,-0.017706487,-0.017534036,-0.017546687,-0.017555077,-0.01754925,-0.017546002,-0.017635126,-0.017564524,-0.017541427,-0.017540175,-0.01773556,-0.017611627,-0.01755615,-0.017608453,-0.017585743,-0.017735694
2015-02-20,-0.01885419,-0.018842254,-0.018824939,-0.018326033,-0.019008894,-0.018807266,-0.018822927,-0.018836249,-0.01882321,-0.018817905,-0.018955875,-0.018829841,-0.018810961,-0.018814344,-0.018889476,-0.018882502,-0.0188693,-0.018883172,-0.018834416,-0.019009236
2015-02-23,-0.01843122,-0.01843663,-0.018396948,-0.017909233,-0.01859473,-0.018393356,-0.018410478,-0.01843356,-0.018411297,-0.018404815,-0.01859184,-0.018416408,-0.018407796,-0.018400405,-0.01845922,-0.018468935,-0.0184757,-0.018464524,-0.01842599,-0.018594865
2015-02-24,-0.018842284,-0.018856887,-0.018814284,-0.018727098,-0.019009087,-0.018807236,-0.01882172,-0.018853847,-0.018826026,-0.018820185,-0.019005988,-0.018833954,-0.018821497,-0.01881503,-0.018869493,-0.01888575,-0.01889785,-0.018881876,-0.018848244,-0.019009177
2015-02-25,-0.018838633,-0.018853474,-0.018801574,-0.018592868,-0.019009132,-0.018807147,-0.018822629,-0.018859018,-0.018826935,-0.018820543,-0.018969942,-0.01883671,-0.018821914,-0.018819619,-0.018871997,-0.018879164,-0.018898983,-0.018886644,-0.018859569,-0.019009162
2015-02-26,-0.018834312,-0.01886328,-0.01882555,-0.01893844,-0.019009132,-0.018808786,-0.018819798,-0.018849287,-0.018829588,-0.018820275,-0.019008953,-0.018847827,-0.018822778,-0.018814955,-0.018853147,-0.01887836,-0.018879045,-0.018883202,-0.018855471,-0.019009177
2015-02-27,-0.015289207,-0.015318249,-0.015280773,-0.015360062,-0.015465041,-0.015263264,-0.01527368,-0.015313019,-0.015281935,-0.015277405,-0.015464877,-0.015298878,-0.015279104,-0.015279164,-0.015331079,-0.015335877,-0.015335922,-0.015344446,-0.015298133,-0.015465041
2015-03-02,-0.014770527,-0.0147777395,-0.0147567885,-0.014522766,-0.014937152,-0.014736746,-0.014750619,-0.014782776,-0.014754971,-0.014750202,-0.014936988,-0.014769812,-0.014755954,-0.014747535,-0.014786859,-0.014804234,-0.014809986,-0.014811699,-0.0147875,-0.014937167
2015-03-03,-0.018843967,-0.01886155,-0.018838737,-0.018860418,-0.019009072,-0.018808845,-0.018822644,-0.018849049,-0.01883221,-0.018823002,-0.019009028,-0.018859345,-0.018827472,-0.018822107,-0.018868122,-0.018877927,-0.018885065,-0.018893305,-0.018860627,-0.019009206
2015-03-04,-0.015486692,-0.015501012,-0.015473534,-0.015585621,-0.015654135,-0.015453328,-0.015466412,-0.015497123,-0.015473788,-0.015467037,-0.015654001,-0.015511756,-0.015470927,-0.015471091,-0.01551642,-0.015516494,-0.01552396,-0.015532558,-0.015499075,-0.015654255
2015-03-05,-0.014583086,-0.014599119,-0.014571791,-0.014514645,-0.014752035,-0.014553596,-0.0145647125,-0.014585202,-0.014578049,-0.014567454,-0.014751946,-0.014600609,-0.0145741,-0.014563789,-0.014630114,-0.014611204,-0.014612679,-0.0146244215,-0.014588912,-0.014752095
2015-03-06,-0.013936405,-0.013973315,-0.013932263,-0.01748966,-0.014115502,-0.013913398,-0.013924439,-0.013947715,-0.013935839,-0.013926675,-0.014115413,-0.013955836,-0.013931652,-0.013923247,-0.014003073,-0.013991554,-0.013994743,-0.013993566,-0.013946806,-0.014115651
2015-03-09,-0.020148251,-0.020168576,-0.020128045,-0.019895304,-0.02031425,-0.020112906,-0.02011815,-0.020167012,-0.020135466,-0.02012745,-0.020314176,-0.020148639,-0.020131934,-0.020120937,-0.02018695,-0.020193521,-0.020192627,-0.020198066,-0.020159084,-0.02031425
2015-03-10,-0.016647939,-0.01667193,-0.016644914,-0.016528059,-0.016824517,-0.016627405,-0.016630385,-0.01667199,-0.016646463,-0.016640175,-0.016824502,-0.016654331,-0.016644765,-0.016631026,-0.016665448,-0.016691167,-0.016682241,-0.016690511,-0.016670797,-0.016824547
2015-03-11,-0.018281523,-0.018288556,-0.018264893,-0.018150423,-0.018450145,-0.01824962,-0.018250931,-0.018300671,-0.018268857,-0.018262524,-0.018450055,-0.018282969,-0.01826461,-0.018256325,-0.01829036,-0.018318582,-0.018316407,-0.018318597,-0.018287335,-0.018450204
2015-03-12,-0.021280054,-0.021289695,-0.021263365,-0.02106284,-0.021444354,-0.021243665,-0.021246243,-0.021296326,-0.021269325,-0.021258984,-0.02144434,-0.02128591,-0.021268789,-0.021252234,-0.02127998,-0.02132069,-0.021314133,-0.021314416,-0.02128807,-0.021444384
2015-03-13,-0.01233611,-0.012349834,-0.012336035,-0.0123311775,-0.012519439,-0.012320151,-0.012321685,-0.012359281,-0.012340595,-0.012333904,-0.012519364,-0.012369444,-0.012362604,-0.012440835,-0.012349476,-0.0123863565,-0.01238287,-0.012451832,-0.01236554,-0.012519469
2015-03-16,-0.018095527,-0.01810326,-0.018091876,-0.018129144,-0.018210996,-0.018070746,-0.018072162,-0.01810414,-0.01809195,-0.018085156,-0.018271688,-0.018107835,-0.018131841,-0.018220384,-0.018092368,-0.018136133,-0.018131021,-0.018201608,-0.01812594,-0.018271808
2015-03-17,-0.01883069,-0.018856052,-0.018826637,-0.018864144,-0.018944684,-0.018809412,-0.018808145,-0.018843357,-0.018829856,-0.018822376,-0.019008968,-0.018857393,-0.01886532,-0.018854816,-0.018862981,-0.018871654,-0.018878523,-0.018884856,-0.018884514,-0.019009043
2015-03-18,-0.017155576,-0.0171648,-0.017137695,-0.016966093,-0.017257411,-0.017120216,-0.017121617,-0.017165158,-0.0171437,-0.017134402,-0.017322797,-0.017171968,-0.017171685,-0.017143313,-0.017184932,-0.017188061,-0.017188895,-0.017194394,-0.017188553,-0.017322887
2015-03-19,-0.015599732,-0.015599255,-0.015573864,-0.015503098,-0.01568601,-0.01555792,-0.015560036,-0.015606095,-0.015579467,-0.015574236,-0.015756343,-0.015591328,-0.015587975,-0.015601982,-0.015610789,-0.015616839,-0.015613695,-0.01566862,-0.015616049,-0.015756447
2015-03-20,-0.018085469,-0.018091504,-0.018083338,-0.017979685,-0.01813059,-0.018039096,-0.0180416,-0.018091131,-0.018058512,-0.018054146,-0.018238295,-0.01808903,-0.018052507,-0.018075008,-0.018106688,-0.01811077,-0.018108103,-0.01815376,-0.018097613,-0.018238325
2015-03-23,-0.0177929,-0.017801616,-0.017774183,-0.01771212,-0.017837275,-0.017747167,-0.017753396,-0.0177874,-0.01776858,-0.017763663,-0.01794592,-0.017800156,-0.017767373,-0.01779576,-0.017796833,-0.01782005,-0.017813016,-0.01787785,-0.017779801,-0.017946009
2015-03-24,-0.018851597,-0.018861849,-0.01882841,-0.018807996,-0.018908013,-0.01880962,-0.018816758,-0.018843729,-0.018831152,-0.018824656,-0.019008968,-0.018853012,-0.01883297,-0.018887911,-0.018865723,-0.018880073,-0.018883932,-0.018945921,-0.018828053,-0.019009132
2015-03-25,-0.017800275,-0.01781774,-0.01777858,-0.017758582,-0.01785909,-0.017760728,-0.017764706,-0.017797608,-0.017782006,-0.017776314,-0.017961089,-0.017802168,-0.017784689,-0.017840955,-0.017827112,-0.017827097,-0.017826129,-0.017896924,-0.01777393,-0.017961163
2015-03-26,-0.018842656,-0.01886249,-0.018807504,-0.018806804,-0.018906284,-0.01880965,-0.018815685,-0.018844564,-0.018828113,-0.018827025,-0.019008983,-0.018842522,-0.018839974,-0.018899132,-0.018874053,-0.018882368,-0.018884752,-0.018952776,-0.018820498,-0.018942866
2015-03-27,-0.01713704,-0.017119918,-0.017135072,-0.017089877,-0.017190147,-0.017092947,-0.01709934,-0.01712941,-0.017109368,-0.017106954,-0.01729155,-0.017117996,-0.017123047,-0.017151851,-0.017168377,-0.01714662,-0.017161284,-0.017280985,-0.017111722,-0.017217059
2015-03-30,-0.018843997,-0.01883993,-0.018850345,-0.01880679,-0.018903363,-0.018809203,-0.018815625,-0.018839765,-0.018824745,-0.018823091,-0.019008983,-0.018837292,-0.01884063,-0.018877465,-0.018888522,-0.018867392,-0.0188859,-0.019000996,-0.018833626,-0.018933926
2015-03-31,-0.018838394,-0.018835742,-0.018856648,-0.018809382,-0.018906284,-0.018810678,-0.018813197,-0.018834416,-0.01882692,-0.018823285,-0.019008983,-0.018839855,-0.018864144,-0.01887672,-0.0188752,-0.01887383,-0.018881936,-0.018994976,-0.018830229,-0.018929664
2015-04-01,-0.018836696,-0.0188572,-0.018870149,-0.018807609,-0.018895391,-0.018817369,-0.018819768,-0.018846575,-0.018830124,-0.01882412,-0.019008983,-0.018844891,-0.018855248,-0.018827531,-0.01888213,-0.018874977,-0.018879,-0.018936459,-0.018836368,-0.018886108
2015-04-02,-0.017458994,-0.017516647,-0.017508108,-0.01745278,-0.01760656,-0.017462347,-0.017459843,-0.017499868,-0.017474238,-0.017468218,-0.017653901,-0.017485801,-0.017474953,-0.017448802,-0.017522532,-0.017530639,-0.017514054,-0.017577533,-0.01748209,-0.01752745
2015-04-06,-0.017780993,-0.017826188,-0.017830644,-0.01777007,-0.017924596,-0.017776016,-0.017777849,-0.017819483,-0.017790485,-0.017786626,-0.01796778,-0.01779965,-0.017794628,-0.017757524,-0.017837796,-0.017847676,-0.017828096,-0.017893363,-0.017791037,-0.01784474
2015-04-07,-0.018824328,-0.018872429,-0.018870104,-0.018816222,-0.018908892,-0.018817995,-0.018817965,-0.018859629,-0.018831212,-0.018828366,-0.019008998,-0.018838752,-0.018830184,-0.018796463,-0.018889342,-0.01888493,-0.018861357,-0.018925924,-0.018836427,-0.01888046
2015-04-08,-0.016043011,-0.016078133,-0.01607931,-0.016027141,-0.016113434,-0.016034815,-0.016040687,-0.016074393,-0.016048256,-0.016039584,-0.016231153,-0.016054828,-0.016070444,-0.016036514,-0.016111467,-0.016117442,-0.01609147,-0.016113956,-0.01605213,-0.016119245
2015-04-09,-0.018839795,-0.018855322,-0.01886012,-0.018809352,-0.01892728,-0.018822212,-0.01882099,-0.018839542,-0.018831734,-0.01882385,-0.019008983,-0.018837709,-0.018847052,-0.01881795,-0.01887608,-0.0188745,-0.01886462,-0.018881056,-0.018841285,-0.01888122
2015-04-10,-0.01642244,-0.016456474,-0.01645336,-0.01639459,-0.016515676,-0.016408715,-0.016409624,-0.016439114,-0.016422678,-0.016409684,-0.016598213,-0.01642527,-0.01643831,-0.016404394,-0.016477574,-0.0164661,-0.01645707,-0.016477842,-0.016431589,-0.016479973
2015-04-13,-0.017516006,-0.017542932,-0.01753204,-0.017486278,-0.017582271,-0.017499302,-0.017498735,-0.017536838,-0.017510567,-0.017503548,-0.017689276,-0.017518241,-0.017516483,-0.01749878,-0.017565776,-0.01755001,-0.0175508,-0.017566357,-0.01754177,-0.01756357
2015-04-14,-0.01883166,-0.018859554,-0.01884212,-0.018807549,-0.018881831,-0.018820677,-0.018819127,-0.018862356,-0.018828545,-0.018826697,-0.019008998,-0.018847067,-0.018847201,-0.018824253,-0.018886257,-0.018875185,-0.018869791,-0.018889327,-0.018848736,-0.018888567
2015-04-15,-0.023193497,-0.02322926,-0.023204584,-0.023176048,-0.023250971,-0.023188446,-0.023186151,-0.023220558,-0.023201812,-0.023195285,-0.023376469,-0.023217965,-0.023213197,-0.02318779,-0.02324522,-0.023245443,-0.023235817,-0.023244996,-0.023207072,-0.023245502
2015-04-16,-0.018827606,-0.018854488,-0.018849943,-0.018807221,-0.018879015,-0.018815462,-0.0188164,-0.018858586,-0.018833894,-0.01882461,-0.01894002,-0.01885492,-0.018851016,-0.018817697,-0.018882412,-0.018873144,-0.018871833,-0.018884558,-0.018863786,-0.018886793
2015-04-17,-0.018825788,-0.018854473,-0.0188354,-0.018806968,-0.01887529,-0.018814627,-0.018818278,-0.01883838,-0.01883166,-0.018824164,-0.019004483,-0.01884586,-0.018850554,-0.018816207,-0.018875573,-0.018874008,-0.018879507,-0.01888587,-0.01885115,-0.018884499
2015-04-20,-0.017967734,-0.017982367,-0.017968375,-0.017945696,-0.017999101,-0.017951224,-0.017954264,-0.017965365,-0.017965484,-0.017964918,-0.018141422,-0.01797076,-0.017965022,-0.01795182,-0.018001068,-0.017999757,-0.017986674,-0.01800989,-0.018001262,-0.018004958
2015-04-21,-0.018826623,-0.0188465,-0.018821616,-0.018608544,-0.018867973,-0.018810917,-0.018813584,-0.018850941,-0.018826652,-0.018824432,-0.01900563,-0.018829469,-0.018849988,-0.018815,-0.018857915,-0.018867854,-0.01886392,-0.018884037,-0.018886123,-0.018881861
2015-04-22,-0.01734509,-0.01736239,-0.017332915,-0.017262388,-0.017381538,-0.017330576,-0.017332885,-0.01737738,-0.017346311,-0.017341588,-0.017473165,-0.017347146,-0.017356414,-0.017335359,-0.01738793,-0.01738121,-0.01737972,-0.017394666,-0.017391372,-0.017393846
2015-04-23,-0.018825073,-0.018841047,-0.01882628,-0.018761251,-0.018847499,-0.018810902,-0.018814016,-0.018876527,-0.018828634,-0.01882394,-0.019008983,-0.018835071,-0.018836234,-0.018816534,-0.018874887,-0.018867586,-0.018893514,-0.018883321,-0.018881474,-0.018884648
2015-04-24,-0.018819872,-0.0188361,-0.0188344,-0.018623162,-0.018834386,-0.01881126,-0.018815268,-0.018878091,-0.018826012,-0.018822152,-0.019008983,-0.018830914,-0.018837888,-0.018815,-0.01885346,-0.01887912,-0.018897627,-0.018882561,-0.018841732,-0.01888274
2015-04-27,-0.018822435,-0.018830854,-0.018826846,-0.018753055,-0.018819142,-0.018812511,-0.018818263,-0.018870372,-0.018824894,-0.018824834,-0.019008998,-0.018844444,-0.018823002,-0.018813971,-0.018840153,-0.01888362,-0.018905584,-0.018883023,-0.018849317,-0.018882606
2015-04-28,-0.018825788,-0.018844623,-0.018833939,-0.018778313,-0.018830646,-0.018816758,-0.018830571,-0.018863905,-0.018829051,-0.018824685,-0.018958751,-0.018855397,-0.018829469,-0.018824104,-0.01885641,-0.018884707,-0.018887196,-0.018889163,-0.01885425,-0.01888508
2015-04-29,-0.017677221,-0.017698083,-0.017686699,-0.017612908,-0.017701764,-0.017669786,-0.01767606,-0.01769251,-0.017680336,-0.017674793,-0.01779056,-0.017699886,-0.017677326,-0.017684419,-0.017702568,-0.017713908,-0.017737184,-0.017716262,-0.017695222,-0.017711926
2015-04-30,-0.024715293,-0.02475888,-0.024721373,-0.024683852,-0.024763513,-0.024694894,-0.02470288,-0.024747226,-0.024714965,-0.02470969,-0.024842132,-0.02474964,-0.02472033,-0.024717096,-0.02475584,-0.024765048,-0.024762947,-0.024781201,-0.02475794,-0.024777029
2015-05-01,-0.011852865,-0.011891519,-0.011861165,-0.01181965,-0.011884843,-0.011841734,-0.011837755,-0.011869927,-0.011855339,-0.0118478285,-0.011966442,-0.011880402,-0.0118526565,-0.011851405,-0.011893173,-0.011884724,-0.011889671,-0.01189739,-0.0118690925,-0.011894976
2015-05-04,-0.017886106,-0.017926116,-0.017893288,-0.017869744,-0.01792017,-0.017878149,-0.017867211,-0.017913077,-0.01789001,-0.017879236,-0.017984394,-0.017909128,-0.017888714,-0.017911915,-0.01792847,-0.017913748,-0.017941762,-0.01794796,-0.01790123,-0.017947067
2015-05-05,-0.018831197,-0.018868316,-0.018840421,-0.018820737,-0.018844087,-0.018825356,-0.018815938,-0.018858466,-0.018835027,-0.018825073,-0.018918071,-0.018852014,-0.018835638,-0.018865813,-0.018862281,-0.018865842,-0.018886287,-0.0188887,-0.018854413,-0.018887747
2015-05-06,-0.018831614,-0.01886705,-0.018837098,-0.018803913,-0.018839855,-0.018821884,-0.018815894,-0.018863339,-0.018833835,-0.018821452,-0.018932793,-0.018843029,-0.01883376,-0.018854503,-0.018872265,-0.018869046,-0.018888716,-0.018886734,-0.018853609,-0.018882278
2015-05-07,-0.008960252,-0.008992006,-0.008961712,-0.008944367,-0.008976285,-0.008933906,-0.008941238,-0.008987536,-0.008960162,-0.008950253,-0.00902303,-0.008964409,-0.008960624,-0.008961548,-0.008971144,-0.008998831,-0.008978804,-0.009012287,-0.008984302,-0.009003584
2015-05-08,-0.018828187,-0.018875498,-0.018831316,-0.018816847,-0.018835846,-0.018819515,-0.0188119,-0.018845696,-0.018830258,-0.018824313,-0.018905599,-0.018851046,-0.018834654,-0.018817995,-0.018857975,-0.018872026,-0.018869463,-0.01888657,-0.018862832,-0.018881995
2015-05-11,-0.011154552,-0.011204203,-0.011156623,-0.011146103,-0.011168172,-0.011139576,-0.01113746,-0.011170958,-0.011156608,-0.011142333,-0.011226748,-0.0111715095,-0.011155357,-0.011132543,-0.011178766,-0.011194591,-0.011183803,-0.011211847,-0.01118881,-0.011207347
2015-05-12,-0.018827055,-0.018882249,-0.018833626,-0.018817011,-0.018846024,-0.018822033,-0.018811215,-0.018830467,-0.0188285,-0.018757898,-0.018912721,-0.018840943,-0.018830303,-0.018816222,-0.018859211,-0.018853579,-0.018865678,-0.018888373,-0.01886006,-0.018882606
2015-05-13,-0.018828947,-0.018885944,-0.018834371,-0.0187441,-0.018830512,-0.018823925,-0.018813733,-0.018862728,-0.018829335,-0.01880299,-0.018881906,-0.01882856,-0.018827666,-0.018829156,-0.01887739,-0.018843073,-0.018869583,-0.018888805,-0.01886319,-0.018880013
2015-05-14,-0.015174215,-0.015230467,-0.015177314,-0.015106847,-0.015187462,-0.01517122,-0.015158345,-0.0152268605,-0.015174155,-0.015158911,-0.015223791,-0.015170087,-0.015171786,-0.01518329,-0.015215238,-0.015203823,-0.015217473,-0.01522996,-0.015187194,-0.015223135
2015-05-15,-0.017060328,-0.017118368,-0.017066333,-0.017087404,-0.017079879,-0.017057586,-0.017050836,-0.01711725,-0.017064277,-0.01695307,-0.017120738,-0.017056767,-0.01706623,-0.01707049,-0.017116461,-0.017104615,-0.017106522,-0.017128889,-0.017087672,-0.017183024
2015-05-18,-0.018827949,-0.018876974,-0.01883519,-0.018717084,-0.018842954,-0.018824924,-0.018812466,-0.018873993,-0.018831465,-0.01878843,-0.01888508,-0.018839825,-0.018837187,-0.018848706,-0.01887529,-0.018864054,-0.018882189,-0.018888135,-0.018855546,-0.018953387
2015-05-19,-0.018826235,-0.01887888,-0.018839825,-0.018671129,-0.018851299,-0.018825445,-0.018814582,-0.018850539,-0.018833,-0.018804912,-0.018885586,-0.01883908,-0.01884583,-0.018843193,-0.018873576,-0.018855665,-0.018856887,-0.018890265,-0.018850584,-0.018957365
2015-05-20,-0.018825535,-0.018879075,-0.018844057,-0.018692363,-0.01885124,-0.01882476,-0.018816952,-0.018848319,-0.01883002,-0.018806476,-0.018885303,-0.018836621,-0.018847141,-0.01884437,-0.018870015,-0.018843863,-0.018841852,-0.018887643,-0.018839438,-0.018959183
2015-05-21,-0.018826503,-0.018888656,-0.01884048,-0.018787686,-0.018850464,-0.018825267,-0.018819097,-0.018855233,-0.018834207,-0.01880679,-0.018889178,-0.018834282,-0.018860955,-0.018836293,-0.018874858,-0.018841688,-0.018872593,-0.018897746,-0.018848319,-0.019009132
2015-05-22,-0.018826965,-0.018888075,-0.018836472,-0.018877808,-0.018866036,-0.018824968,-0.018825803,-0.018859882,-0.018830452,-0.01881728,-0.018886972,-0.018833432,-0.018851582,-0.018837456,-0.018872876,-0.018855188,-0.01886769,-0.01889423,-0.018826608,-0.019009087
2015-05-26,-0.020079676,-0.020135421,-0.02009106,-0.020114396,-0.02012417,-0.020073581,-0.02007443,-0.020118523,-0.020080421,-0.019993428,-0.020139385,-0.020087603,-0.02009039,-0.02008425,-0.02012949,-0.020110477,-0.020109985,-0.020146195,-0.020072881,-0.020259414
2015-05-27,-0.018827412,-0.018883158,-0.018832121,-0.018914733,-0.0188489,-0.018818293,-0.018815804,-0.018860523,-0.018830944,-0.01879977,-0.018887851,-0.018839661,-0.01883075,-0.018821333,-0.018877793,-0.018860105,-0.018872205,-0.018888567,-0.018829305,-0.019009072
2015-05-28,-0.018824253,-0.018885601,-0.018835936,-0.018729229,-0.018840287,-0.018609244,-0.018811096,-0.018863473,-0.018830795,-0.018704567,-0.018885914,-0.018839512,-0.018829066,-0.018815491,-0.018881459,-0.018872682,-0.018846098,-0.0188904,-0.018825416,-0.019009043
2015-05-29,-0.018824715,-0.018889595,-0.01883446,-0.018582243,-0.018829841,-0.018550832,-0.018810634,-0.018858809,-0.018830556,-0.018773664,-0.018887613,-0.018840034,-0.018834386,-0.018811766,-0.018871848,-0.018867794,-0.01886538,-0.018893082,-0.018839035,-0.019009102
2015-06-01,-0.018830273,-0.018889178,-0.018838022,-0.018706057,-0.01884747,-0.018567596,-0.018810187,-0.01885194,-0.018828575,-0.018678103,-0.0188918,-0.018837143,-0.018836934,-0.018810842,-0.01886769,-0.0188669,-0.018855233,-0.018890698,-0.018839631,-0.019009043
2015-06-02,-0.018828753,-0.018883679,-0.018846814,-0.018761192,-0.018854845,-0.018529762,-0.018825624,-0.018860985,-0.018829066,-0.018775303,-0.018890578,-0.018837024,-0.01884069,-0.01881339,-0.018856708,-0.018864963,-0.018855292,-0.0188904,-0.018842224,-0.019009102
2015-06-03,-0.011328508,-0.011371021,-0.011340206,-0.011225511,-0.0113564925,-0.011222874,-0.011318226,-0.011358221,-0.011327942,-0.011301463,-0.0113756405,-0.011336734,-0.011334692,-0.011317094,-0.011358862,-0.011354749,-0.011347701,-0.01137567,-0.011344512,-0.011505981
2015-06-04,-0.016760949,-0.01680829,-0.016765717,-0.016588066,-0.016789604,-0.016707275,-0.01674563,-0.016791184,-0.016760413,-0.016737271,-0.016816486,-0.016770247,-0.016774837,-0.016742978,-0.016806204,-0.016775597,-0.016785312,-0.016818453,-0.016797457,-0.016941119
2015-06-05,-0.018830944,-0.018882353,-0.018829767,-0.018662322,-0.018859763,-0.018803496,-0.018810634,-0.018850867,-0.018829022,-0.018778626,-0.018888328,-0.018838394,-0.0188406,-0.018815104,-0.01887219,-0.018841404,-0.018846381,-0.018884916,-0.01887988,-0.019009057
2015-06-08,-0.018831734,-0.018886719,-0.018826265,-0.018880848,-0.018859912,-0.018816669,-0.018804971,-0.01886231,-0.01883315,-0.018813644,-0.018891234,-0.018840168,-0.018842552,-0.018819902,-0.018872458,-0.018840853,-0.01884592,-0.018889014,-0.018875767,-0.019009072
2015-06-09,-0.018830542,-0.018880237,-0.018829186,-0.018738974,-0.018855963,-0.018819619,-0.018808726,-0.018862087,-0.018830735,-0.018822704,-0.018889073,-0.01883455,-0.018841166,-0.01881649,-0.018869672,-0.018857826,-0.018845502,-0.01888794,-0.018850062,-0.019009102
2015-06-10,-0.017619822,-0.017668832,-0.017618243,-0.017500166,-0.017642263,-0.01760729,-0.01759829,-0.017656062,-0.017627303,-0.017612834,-0.017678458,-0.017625246,-0.017623845,-0.017605249,-0.017659653,-0.017658073,-0.017622177,-0.017673258,-0.017620403,-0.017798457
2015-06-11,-0.020210344,-0.020253036,-0.020242248,-0.020106453,-0.020219747,-0.020191956,-0.020185832,-0.02024426,-0.020216424,-0.020198155,-0.020262424,-0.020213056,-0.020215366,-0.020189006,-0.020256031,-0.02022973,-0.02021781,-0.020256598,-0.020192314,-0.020384569
2015-06-12,-0.018837843,-0.018882576,-0.018888924,-0.018811334,-0.018848155,-0.018785093,-0.018810887,-0.018863145,-0.018840645,-0.018822763,-0.018890921,-0.018841866,-0.018835101,-0.018813673,-0.018854398,-0.018848915,-0.018836755,-0.018885467,-0.018832583,-0.019009072
2015-06-15,-0.018833969,-0.01887982,-0.01889417,-0.018806,-0.018842671,-0.01871838,-0.018810857,-0.018865589,-0.018839601,-0.018824775,-0.01889043,-0.018835593,-0.018832106,-0.018828277,-0.018832553,-0.018838692,-0.018851478,-0.018883977,-0.018840823,-0.019009072
2015-06-16,-0.018838335,-0.018882874,-0.0188942,-0.01880901,-0.018852491,-0.018697936,-0.018813077,-0.01886924,-0.01883142,-0.018827025,-0.018893067,-0.018847514,-0.018831912,-0.018827502,-0.018823821,-0.018842552,-0.018846396,-0.018887106,-0.018823538,-0.019009072
2015-06-17,-0.018182177,-0.01822326,-0.018278081,-0.018150765,-0.018191714,-0.018123869,-0.01815765,-0.018191505,-0.018175188,-0.018167663,-0.018233452,-0.018183518,-0.01817051,-0.0181644,-0.018166874,-0.018187467,-0.018207017,-0.018227894,-0.018205512,-0.018352661
2015-06-18,-0.018835057,-0.018882293,-0.018876377,-0.01881196,-0.018843833,-0.018780548,-0.018821437,-0.01885337,-0.018827472,-0.018824194,-0.018891279,-0.018838678,-0.018832806,-0.018821452,-0.018844415,-0.018853594,-0.01884896,-0.01888958,-0.01885124,-0.019009057
2015-06-19,-0.015461792,-0.015504737,-0.015467112,-0.015438576,-0.015468319,-0.015437116,-0.015446876,-0.015489747,-0.0154578285,-0.015448232,-0.015513857,-0.015469183,-0.015461286,-0.015439217,-0.015491967,-0.015491937,-0.01544172,-0.015510161,-0.015470703,-0.015634883
2015-06-22,-0.01683833,-0.016880054,-0.016847167,-0.016816277,-0.016834203,-0.016810242,-0.016823057,-0.016860995,-0.016835097,-0.016828258,-0.016887356,-0.016862083,-0.016832251,-0.016840745,-0.016853753,-0.016860742,-0.016848002,-0.016885031,-0.016834501,-0.017012376
2015-06-23,-0.015494396,-0.015536879,-0.015559723,-0.015474011,-0.015497779,-0.015478973,-0.015478794,-0.015520458,-0.015501817,-0.015488897,-0.015539755,-0.015514766,-0.015490537,-0.015489747,-0.015522187,-0.015524601,-0.015501072,-0.015537252,-0.015497719,-0.015670318
2015-06-24,-0.0188375,-0.018877152,-0.018870894,-0.018809456,-0.018844131,-0.01881862,-0.018814731,-0.018853638,-0.018838037,-0.01882549,-0.018886048,-0.018844921,-0.01882412,-0.018818501,-0.018881861,-0.018849436,-0.018834848,-0.018888656,-0.018864948,-0.019009147
2015-06-25,-0.018842552,-0.018876705,-0.018879164,-0.018813465,-0.01885042,-0.018812094,-0.018812705,-0.018860523,-0.018840093,-0.018822197,-0.018888507,-0.018841494,-0.01882692,-0.018819425,-0.018875975,-0.018844832,-0.01884674,-0.018885542,-0.018874828,-0.019009087
2015-06-26,-0.017518241,-0.017547775,-0.017536137,-0.01748738,-0.017535258,-0.017419148,-0.017488498,-0.017535899,-0.017515574,-0.01749127,-0.01756299,-0.017503593,-0.017506395,-0.017486978,-0.017557327,-0.017521296,-0.01750939,-0.017557267,-0.017527793,-0.017686445
2015-06-29,-0.020574693,-0.020604003,-0.020545546,-0.020538766,-0.020570848,-0.020478997,-0.020541418,-0.020590905,-0.020553637,-0.020552207,-0.020613942,-0.020565484,-0.02056234,-0.020543937,-0.02060059,-0.020555008,-0.020586599,-0.02060834,-0.02054419,-0.02073801
2015-06-30,-0.018836532,-0.018876735,-0.018824268,-0.018807564,-0.01884814,-0.018683929,-0.018812317,-0.018862117,-0.018831987,-0.018825013,-0.018888,-0.018837903,-0.01882473,-0.018820051,-0.018877376,-0.018855084,-0.01885483,-0.018885288,-0.018834058,-0.019009043
2015-07-01,-0.018830556,-0.01887152,-0.018856335,-0.018807579,-0.018845726,-0.018769909,-0.018809501,-0.018853683,-0.018835384,-0.0188254,-0.018885884,-0.018841121,-0.018825311,-0.018814404,-0.018876452,-0.01886933,-0.018870462,-0.018883351,-0.018826667,-0.019009028
2015-07-02,-0.016888294,-0.016923238,-0.016919333,-0.016858894,-0.016895104,-0.016849566,-0.016864527,-0.016906787,-0.016895253,-0.016858358,-0.01693732,-0.016890917,-0.016877268,-0.016882125,-0.016925443,-0.016927946,-0.016918663,-0.01693504,-0.016887818,-0.017058734
2015-07-06,-0.018838856,-0.018878613,-0.018876377,-0.018807728,-0.018840898,-0.01880588,-0.018811647,-0.018863592,-0.018844891,-0.018816281,-0.018887434,-0.018844564,-0.01882111,-0.018834699,-0.018876467,-0.018871997,-0.018814642,-0.018883634,-0.018840063,-0.019009087
2015-07-07,-0.018840063,-0.018884707,-0.018852655,-0.018807773,-0.018833373,-0.01880883,-0.018812303,-0.018853474,-0.01882315,-0.018801916,-0.018889118,-0.018841777,-0.018823732,-0.01883905,-0.018879164,-0.018859927,-0.01884145,-0.018886406,-0.018825669,-0.019009043
2015-07-08,-0.018837783,-0.018880893,-0.018854383,-0.018807236,-0.018831853,-0.018810395,-0.018811394,-0.018849868,-0.018820558,-0.018785957,-0.018886853,-0.018835444,-0.018823002,-0.01883078,-0.01887757,-0.018857915,-0.018860597,-0.018884826,-0.018843625,-0.019009043
2015-07-09,-0.01883163,-0.018875647,-0.01886386,-0.018807266,-0.018843148,-0.018812243,-0.018813211,-0.018857423,-0.018826146,-0.018806238,-0.018884722,-0.018837605,-0.018826563,-0.0188088,-0.018880788,-0.018865678,-0.018871848,-0.018885005,-0.018846694,-0.019009057
2015-07-10,-0.01548246,-0.015526165,-0.015518864,-0.015463551,-0.015494381,-0.01546744,-0.015471821,-0.015509148,-0.015485485,-0.015464072,-0.015534733,-0.01549611,-0.015479227,-0.015462224,-0.015530904,-0.015527566,-0.015529622,-0.015534003,-0.0154973315,-0.01566406
2015-07-13,-0.021850426,-0.021902774,-0.021908943,-0.021826226,-0.021867637,-0.021833722,-0.021837655,-0.021891419,-0.021851543,-0.021839831,-0.02190486,-0.021859784,-0.021843437,-0.021821935,-0.02190091,-0.021891776,-0.02190337,-0.021905739,-0.021871392,-0.022028808
2015-07-14,-0.018832747,-0.018878166,-0.018872429,-0.018807057,-0.018856782,-0.018812004,-0.018822137,-0.018873189,-0.018834982,-0.018824447,-0.018881727,-0.018848632,-0.018827025,-0.018810201,-0.018880118,-0.018873472,-0.018862907,-0.01888642,-0.01884048,-0.019009057
2015-07-15,-0.018826801,-0.018876392,-0.018831853,-0.018808294,-0.018834118,-0.018809754,-0.018821258,-0.01886474,-0.01884647,-0.018818397,-0.01887985,-0.018844996,-0.018822689,-0.018812884,-0.018881816,-0.018871475,-0.018871848,-0.01888435,-0.018826742,-0.019009117
2015-07-16,-0.011911039,-0.011958872,-0.011893441,-0.011889939,-0.011917477,-0.011808266,-0.011914839,-0.011943762,-0.011914362,-0.011895333,-0.011961018,-0.011921813,-0.011899163,-0.011892517,-0.011940335,-0.011945565,-0.011961718,-0.011962478,-0.011915212,-0.012087067
2015-07-17,-0.017029483,-0.01707678,-0.01700725,-0.017011095,-0.017032806,-0.016814325,-0.017027918,-0.01705775,-0.017052177,-0.017018769,-0.017077316,-0.017037619,-0.017021302,-0.017008994,-0.017039109,-0.017058376,-0.017082307,-0.017076943,-0.01701865,-0.017205644
2015-07-20,-0.01882932,-0.018883709,-0.018810604,-0.018869732,-0.018837634,-0.018571217,-0.018827874,-0.0188676,-0.018849034,-0.018825699,-0.018882591,-0.018850658,-0.018824432,-0.01882385,-0.018852655,-0.018864606,-0.018886823,-0.018894631,-0.018827472,-0.019009132
2015-07-21,-0.018828932,-0.018883783,-0.018825833,-0.01884969,-0.018849704,-0.018576551,-0.018826652,-0.018868152,-0.018829498,-0.0188254,-0.01888207,-0.018866885,-0.01882254,-0.018850569,-0.01883449,-0.018850092,-0.018880818,-0.01891457,-0.018835578,-0.019009102
2015-07-22,-0.018839378,-0.018896643,-0.01882479,-0.018845234,-0.018848587,-0.01870719,-0.018834207,-0.018871892,-0.018831123,-0.018825252,-0.01888277,-0.018860389,-0.018810023,-0.018842433,-0.018846948,-0.018840928,-0.018885035,-0.018884767,-0.018812243,-0.019009087
2015-07-23,-0.015842546,-0.01589476,-0.015828002,-0.015842248,-0.015856717,-0.015583222,-0.015836168,-0.015876848,-0.01583581,-0.015829254,-0.015883852,-0.015857253,-0.015818361,-0.015855495,-0.015844319,-0.015858117,-0.015899304,-0.015883405,-0.015827972,-0.01601309
2015-07-24,-0.01528876,-0.015340035,-0.015278344,-0.015277927,-0.01529937,-0.015203391,-0.015293573,-0.015319009,-0.015322288,-0.015284975,-0.015336667,-0.015287091,-0.01526687,-0.015327175,-0.015285631,-0.015295734,-0.015355875,-0.015342404,-0.015275736,-0.015467231
2015-07-27,-0.018824417,-0.018888209,-0.018822897,-0.018833045,-0.01883762,-0.0187894,-0.018829245,-0.018840495,-0.018846158,-0.018818844,-0.018881965,-0.018823866,-0.018785987,-0.018865783,-0.01882838,-0.01883379,-0.018900532,-0.018902544,-0.018778507,-0.019009102
2015-07-28,-0.018819828,-0.018896583,-0.01886009,-0.018843848,-0.018840585,-0.018807922,-0.018824223,-0.01883972,-0.018831555,-0.018817041,-0.018882696,-0.018826712,-0.018773321,-0.01887383,-0.01882859,-0.018860225,-0.018898401,-0.018921722,-0.018811796,-0.019009117
2015-07-29,-0.010487621,-0.010554229,-0.010540654,-0.01049382,-0.010507588,-0.010486578,-0.010490139,-0.010511373,-0.01047722,-0.010481988,-0.010546883,-0.0105037885,-0.010454153,-0.010524248,-0.010501106,-0.010512372,-0.010556032,-0.010553126,-0.010494952,-0.010673185
2015-07-30,-0.014388283,-0.014446815,-0.014409323,-0.0143896835,-0.014397402,-0.014368762,-0.014378552,-0.014412527,-0.01437207,-0.014377643,-0.014441644,-0.014411707,-0.014373501,-0.014402126,-0.0144260125,-0.014421214,-0.014447694,-0.014446338,-0.014403646,-0.014568646
2015-07-31,-0.018826831,-0.0188835,-0.018869776,-0.018831108,-0.018849302,-0.018818367,-0.018820185,-0.018859465,-0.018832598,-0.018818278,-0.018885512,-0.018847052,-0.018832672,-0.018858124,-0.018891368,-0.018874306,-0.018898997,-0.018882994,-0.01883443,-0.019009087
2015-08-03,-0.015754152,-0.01580267,-0.015781883,-0.015749473,-0.015784565,-0.015746105,-0.015744228,-0.015777577,-0.015754793,-0.015743453,-0.015803281,-0.015770081,-0.0157567,-0.015768621,-0.015815992,-0.015778903,-0.015809838,-0.015830968,-0.01575287,-0.015933562
2015-08-04,-0.018835384,-0.018890161,-0.018870372,-0.018828962,-0.018840823,-0.018822435,-0.018818978,-0.018843729,-0.018830556,-0.018817041,-0.018886406,-0.018838648,-0.018865678,-0.018848155,-0.018895809,-0.018855888,-0.018862981,-0.01888283,-0.018828977,-0.019009057
2015-08-05,-0.01883072,-0.018888045,-0.018894408,-0.01882765,-0.018849868,-0.01881482,-0.01881935,-0.018857364,-0.018829007,-0.018816028,-0.018885735,-0.018838901,-0.01882762,-0.018862654,-0.018877733,-0.01884729,-0.018885795,-0.018883023,-0.018821958,-0.019009087
2015-08-06,-0.018830527,-0.018883768,-0.0188797,-0.01882938,-0.018841017,-0.018813465,-0.018820856,-0.018856917,-0.018826175,-0.01881643,-0.018884126,-0.018839542,-0.018853743,-0.018863756,-0.01888268,-0.01885954,-0.018922482,-0.018882725,-0.0188337,-0.019009117
2015-08-07,-0.017202485,-0.017259363,-0.017255131,-0.017207462,-0.017232422,-0.017186407,-0.017197985,-0.017225716,-0.017202992,-0.017192725,-0.017260019,-0.017211381,-0.017214451,-0.017247338,-0.01723783,-0.017235968,-0.017263535,-0.017259467,-0.017200712,-0.01738571
2015-08-10,-0.018820066,-0.01888885,-0.018880341,-0.018828634,-0.018873263,-0.018809114,-0.018819783,-0.01883978,-0.018822763,-0.018818278,-0.018886257,-0.01885562,-0.018823538,-0.018848661,-0.018852774,-0.018836264,-0.018895406,-0.01888341,-0.01882008,-0.019009057
2015-08-11,-0.01882543,-0.018885333,-0.01887453,-0.018826116,-0.018865172,-0.018817488,-0.018821318,-0.018836234,-0.018825386,-0.01881874,-0.018889014,-0.018852253,-0.018825594,-0.018844772,-0.018849406,-0.018844146,-0.018889789,-0.018882368,-0.018818099,-0.019009057
2015-08-12,-0.018830363,-0.018883396,-0.018871102,-0.018835593,-0.018858913,-0.018820051,-0.018823255,-0.018843774,-0.018825982,-0.01881862,-0.018888716,-0.018845279,-0.018817771,-0.018860582,-0.018851627,-0.018853892,-0.018906076,-0.018883023,-0.01882853,-0.019009057
2015-08-13,-0.01882631,-0.018878106,-0.018824626,-0.018829022,-0.018846009,-0.018786225,-0.018824909,-0.018856067,-0.018825296,-0.01881947,-0.018888373,-0.018850867,-0.018826235,-0.018864844,-0.018856276,-0.018852118,-0.01888122,-0.018883843,-0.01883896,-0.019009057
2015-08-14,-0.016130913,-0.016178418,-0.016139943,-0.016136501,-0.01615167,-0.01611491,-0.016128708,-0.016158137,-0.016132269,-0.01612148,-0.016180042,-0.01614355,-0.016129572,-0.016161624,-0.01616076,-0.016162504,-0.016194928,-0.016178105,-0.016141657,-0.016312215
2015-08-17,-0.017585505,-0.017639924,-0.01758938,-0.017588709,-0.017607424,-0.01756147,-0.017579485,-0.017607708,-0.01758546,-0.0175705,-0.017637003,-0.017599944,-0.017579962,-0.017620105,-0.017621297,-0.01759364,-0.017642576,-0.017632235,-0.017585728,-0.017762978
2015-08-18,-0.018834446,-0.018891323,-0.018853221,-0.018828694,-0.01884735,-0.01882011,-0.018828098,-0.018853951,-0.01883166,-0.018816072,-0.018886928,-0.018854696,-0.018829156,-0.018866066,-0.018881235,-0.01883534,-0.018880758,-0.018886331,-0.018827785,-0.019009102
2015-08-19,-0.017479781,-0.017521504,-0.01751167,-0.017466594,-0.01749723,-0.017466981,-0.017466206,-0.017490435,-0.017470542,-0.017455805,-0.017523695,-0.017488647,-0.01747248,-0.017493699,-0.017520998,-0.017486338,-0.017512295,-0.017523233,-0.017464597,-0.017649729
2015-08-20,-0.013747905,-0.013795857,-0.013765131,-0.013735597,-0.0137658315,-0.0137246745,-0.013736506,-0.013779034,-0.013742273,-0.013731484,-0.013797899,-0.013753702,-0.013786261,-0.013761987,-0.013792728,-0.013772477,-0.013765638,-0.013799568,-0.013743465,-0.01392286
2015-08-21,-0.018823478,-0.018889178,-0.018841479,-0.018820543,-0.018847588,-0.018807951,-0.018819679,-0.018857632,-0.018828396,-0.018819947,-0.018886674,-0.018838186,-0.018859047,-0.018840987,-0.018877003,-0.018859047,-0.018846814,-0.01888432,-0.018830616,-0.019009057
2015-08-24,-0.017403308,-0.017466862,-0.017396275,-0.017404903,-0.01742578,-0.01737595,-0.017402995,-0.017437551,-0.01741216,-0.017402712,-0.017462347,-0.017423246,-0.017420594,-0.01741356,-0.01743095,-0.017432619,-0.017392267,-0.017462526,-0.017409522,-0.017532278
2015-08-25,-0.018820707,-0.018887553,-0.018800158,-0.018817965,-0.018831242,-0.0187614,-0.018816803,-0.018865112,-0.018830214,-0.018820021,-0.018886734,-0.018844668,-0.018824566,-0.018820781,-0.018827487,-0.01886243,-0.018840257,-0.0188866,-0.01882917,-0.018941868
2015-08-26,-0.016910274,-0.016974706,-0.016875971,-0.016905356,-0.01691619,-0.016845275,-0.016905505,-0.016951997,-0.016914446,-0.01690397,-0.016970027,-0.016935784,-0.01690856,-0.016914759,-0.01691543,-0.016946796,-0.016949046,-0.016972829,-0.016925473,-0.017031062
2015-08-27,-0.01947165,-0.019518007,-0.019434813,-0.019469846,-0.01947986,-0.019302282,-0.019469935,-0.019513879,-0.01947691,-0.019467805,-0.019518454,-0.019483943,-0.019473273,-0.019487549,-0.019491646,-0.019512419,-0.019499246,-0.019516531,-0.01948345,-0.019593213
2015-08-28,-0.018473554,-0.018523652,-0.018439326,-0.018463302,-0.018490586,-0.018310998,-0.01846293,-0.018512625,-0.018486593,-0.018470515,-0.018523503,-0.018479664,-0.018468741,-0.01847494,-0.018520895,-0.01852015,-0.018489365,-0.018528242,-0.018489186,-0.018603135
2015-08-31,-0.016073663,-0.016130853,-0.016095463,-0.01606575,-0.016080607,-0.016017903,-0.016065795,-0.016107742,-0.016100977,-0.016069058,-0.016130153,-0.016080055,-0.016073693,-0.01610345,-0.016127963,-0.016114283,-0.016093988,-0.016130183,-0.016093541,-0.01620591
2015-09-01,-0.01844554,-0.018510032,-0.018492747,-0.018439729,-0.018448193,-0.018420596,-0.018435765,-0.01848245,-0.01848628,-0.018440265,-0.018499438,-0.018449191,-0.018443737,-0.018476699,-0.018501598,-0.018485371,-0.018461484,-0.018500213,-0.018470649,-0.018587861
2015-09-02,-0.018050406,-0.018102188,-0.018093754,-0.018038753,-0.018048618,-0.018039424,-0.01803637,-0.018085439,-0.018094037,-0.018045042,-0.018096585,-0.018060226,-0.018041018,-0.018047873,-0.018090744,-0.018085916,-0.018058363,-0.018095408,-0.018072117,-0.01820061
2015-09-03,-0.017354105,-0.01741283,-0.017404411,-0.017345864,-0.017347831,-0.01734728,-0.017344672,-0.017392728,-0.017398898,-0.017351765,-0.01740909,-0.017377172,-0.017348427,-0.017382715,-0.017404098,-0.017380554,-0.017387528,-0.0174107,-0.017374326,-0.017536987
2015-09-04,-0.018825982,-0.018890668,-0.018865306,-0.01881883,-0.018845353,-0.018821288,-0.018820945,-0.018860418,-0.018838499,-0.018825982,-0.018884096,-0.018841106,-0.018825177,-0.018825058,-0.018853474,-0.01887149,-0.01880898,-0.018887166,-0.018833745,-0.019009013
2015-09-08,-0.018189106,-0.018248621,-0.018214677,-0.018182356,-0.01820198,-0.018175904,-0.018184472,-0.018221382,-0.01818389,-0.01818784,-0.018240873,-0.01820347,-0.018188063,-0.018190194,-0.01822235,-0.018236715,-0.018185634,-0.01824132,-0.018192355,-0.018372629
2015-09-09,-0.018824507,-0.01889332,-0.018862579,-0.01881859,-0.018839125,-0.018809501,-0.018818308,-0.01886173,-0.018817563,-0.018824268,-0.018886585,-0.018835891,-0.018829051,-0.018831644,-0.018871997,-0.018866751,-0.018814016,-0.018886227,-0.018862862,-0.019009102
2015-09-10,-0.015922133,-0.015974227,-0.015961576,-0.015906814,-0.01596624,-0.015903596,-0.01591203,-0.015950043,-0.015907828,-0.015918795,-0.015976835,-0.015922625,-0.015928436,-0.015908245,-0.01596411,-0.015967418,-0.015918795,-0.015978996,-0.015948463,-0.01610284
2015-09-11,-0.018865723,-0.018925909,-0.018914137,-0.018848184,-0.018910576,-0.01884674,-0.018854726,-0.018905912,-0.018867437,-0.018863443,-0.018926311,-0.018878136,-0.01886544,-0.018855203,-0.018920872,-0.018905748,-0.018900756,-0.018927041,-0.018896375,-0.019048292
2015-09-14,-0.017964426,-0.018018086,-0.018008176,-0.017946947,-0.018021587,-0.017945576,-0.017951924,-0.017994184,-0.017966513,-0.017963205,-0.018021438,-0.017973457,-0.017965902,-0.017954547,-0.018010754,-0.01799554,-0.017982159,-0.018021766,-0.017987598,-0.01814549
2015-09-15,-0.018017162,-0.018074382,-0.018050883,-0.018002663,-0.018078376,-0.018002141,-0.01800305,-0.018052388,-0.018019397,-0.018016238,-0.01807465,-0.018031362,-0.018039722,-0.018023554,-0.018061984,-0.01805516,-0.018039305,-0.018073533,-0.018034805,-0.018199284
2015-09-16,-0.014322166,-0.014372443,-0.01435173,-0.014312078,-0.014372815,-0.014309739,-0.0143063115,-0.014350687,-0.014324729,-0.01432242,-0.014377539,-0.014333044,-0.014333432,-0.014337604,-0.01436225,-0.014352371,-0.014331092,-0.014377524,-0.014343132,-0.014503871
2015-09-17,-0.017053533,-0.017090727,-0.01705328,-0.017039794,-0.017102156,-0.017038528,-0.017035846,-0.017077614,-0.0170548,-0.017053563,-0.01710162,-0.017061565,-0.017069284,-0.017061967,-0.017088015,-0.017075855,-0.017094556,-0.017100189,-0.017059568,-0.01723342
2015-09-18,-0.016628329,-0.016674746,-0.016650755,-0.01660863,-0.016669828,-0.016608093,-0.016607229,-0.016664524,-0.016627047,-0.016625274,-0.016681854,-0.016639654,-0.016629461,-0.016618583,-0.016668443,-0.016658876,-0.016681094,-0.016680915,-0.016623084,-0.016807828
2015-09-21,-0.015813071,-0.015866343,-0.015842516,-0.01580045,-0.015862484,-0.015799392,-0.015796084,-0.015853796,-0.015814979,-0.015812982,-0.015870113,-0.015825097,-0.015861828,-0.015822474,-0.015852604,-0.015827615,-0.01586837,-0.015870426,-0.015812133,-0.015995894
2015-09-22,-0.018830616,-0.01888417,-0.018861596,-0.018809903,-0.018863995,-0.018809993,-0.018809173,-0.01887453,-0.018829022,-0.018826071,-0.018886033,-0.018842388,-0.018842462,-0.018820975,-0.018877644,-0.018843297,-0.018879298,-0.018888254,-0.018789236,-0.019009028
2015-09-23,-0.018268395,-0.018300507,-0.018300805,-0.018251304,-0.018289719,-0.018251557,-0.01825041,-0.018301431,-0.018271346,-0.018266205,-0.018313441,-0.018277485,-0.01829097,-0.018264253,-0.018300552,-0.0182889,-0.018328909,-0.018311549,-0.018267322,-0.018447954
2015-09-24,-0.018829126,-0.018877912,-0.018851075,-0.018814329,-0.018833492,-0.018815894,-0.018808398,-0.018867869,-0.018833015,-0.018825699,-0.01888815,-0.018838245,-0.018880013,-0.018849436,-0.01885562,-0.018859375,-0.01886246,-0.018886719,-0.018848378,-0.019009072
2015-09-25,-0.018588934,-0.018614296,-0.01860233,-0.01856767,-0.01859044,-0.018567849,-0.018564794,-0.018614743,-0.018589307,-0.018580098,-0.01862711,-0.018591467,-0.01859646,-0.018578697,-0.018609125,-0.018628348,-0.01862191,-0.018623356,-0.018604416,-0.018761892
2015-09-28,-0.018837322,-0.01887605,-0.018856604,-0.018813793,-0.018821184,-0.01881187,-0.018807936,-0.018868674,-0.0188375,-0.018824477,-0.018887404,-0.01883762,-0.018831778,-0.018835742,-0.018875692,-0.018880818,-0.018883605,-0.018886972,-0.018845666,-0.019009028
2015-09-29,-0.018831525,-0.01887514,-0.01882543,-0.01881263,-0.018836174,-0.018815193,-0.018807758,-0.0188707,-0.018842611,-0.018823389,-0.01888809,-0.018840764,-0.018829647,-0.018833298,-0.018884797,-0.018855128,-0.01889043,-0.018885348,-0.018842477,-0.019009028
2015-09-30,-0.01883312,-0.018875632,-0.018857185,-0.018814046,-0.018839527,-0.018814716,-0.018808592,-0.018861715,-0.018858287,-0.018821303,-0.018886734,-0.018839572,-0.018827055,-0.018834699,-0.018886346,-0.018847141,-0.018877823,-0.018884737,-0.018826995,-0.019009072
2015-10-01,-0.01718894,-0.017231602,-0.017221082,-0.017175157,-0.017229576,-0.017176349,-0.017168958,-0.01721846,-0.017229114,-0.017181788,-0.017241035,-0.017203812,-0.017187867,-0.017204452,-0.017245416,-0.017211903,-0.01722454,-0.017239634,-0.01719654,-0.017367262
2015-10-02,-0.01883376,-0.018880475,-0.018858839,-0.018815387,-0.01884665,-0.018817622,-0.018809263,-0.01886085,-0.018887747,-0.01882026,-0.018888626,-0.018841047,-0.018835578,-0.018843595,-0.018887464,-0.018853087,-0.01884817,-0.018883888,-0.018848691,-0.019009057
2015-10-05,-0.016969074,-0.017015684,-0.017002244,-0.016946215,-0.016960505,-0.016951848,-0.016942564,-0.017000187,-0.017021332,-0.016952712,-0.017022286,-0.016975183,-0.016961623,-0.016966049,-0.017010856,-0.01699299,-0.0169725,-0.01702023,-0.016984392,-0.017144341
2015-10-06,-0.01883306,-0.018880505,-0.018853296,-0.01880977,-0.018832553,-0.018818516,-0.018808354,-0.018868182,-0.018875483,-0.018820066,-0.018887345,-0.018836696,-0.018830705,-0.01882838,-0.0188804,-0.018853236,-0.018828843,-0.018883292,-0.01885051,-0.019009028
2015-10-07,-0.017281894,-0.017328698,-0.01729526,-0.017260421,-0.0172786,-0.017270762,-0.017262299,-0.01730578,-0.0173042,-0.017274115,-0.017336432,-0.017291758,-0.017283458,-0.017275903,-0.017342452,-0.017299328,-0.01729076,-0.017333958,-0.017311636,-0.017462078
2015-10-08,-0.018092532,-0.0181381,-0.018109519,-0.01807103,-0.018097777,-0.018082593,-0.018074546,-0.018113289,-0.018102694,-0.018087048,-0.018145893,-0.01811399,-0.01808587,-0.01807842,-0.018152732,-0.018121082,-0.018090326,-0.018143568,-0.018111486,-0.018271465
2015-10-09,-0.022889707,-0.022938717,-0.022908557,-0.022864703,-0.022927824,-0.022877682,-0.022866715,-0.022911582,-0.022897128,-0.022880945,-0.022939164,-0.022901405,-0.02287509,-0.022883583,-0.02292334,-0.022921313,-0.022886414,-0.022940014,-0.022902299,-0.023065973
2015-10-12,-0.017995272,-0.01804233,-0.018022124,-0.017974425,-0.018053401,-0.017986987,-0.017975498,-0.018021349,-0.01800004,-0.017989729,-0.018044997,-0.018017758,-0.017983843,-0.017995495,-0.018027399,-0.018033136,-0.018001396,-0.018043686,-0.018004823,-0.018175233
2015-10-13,-0.018831018,-0.018891517,-0.01886626,-0.018806923,-0.0188897,-0.018821511,-0.018810052,-0.01885723,-0.018844802,-0.018825326,-0.018880356,-0.01884668,-0.018826876,-0.01883686,-0.01887137,-0.01887976,-0.018839348,-0.018887062,-0.018839184,-0.019009102
2015-10-14,-0.016911391,-0.016964499,-0.016939301,-0.01688883,-0.01696654,-0.016902018,-0.016893748,-0.01693656,-0.016928691,-0.016905624,-0.016954068,-0.016924653,-0.016913597,-0.016917665,-0.016950134,-0.016949568,-0.01692811,-0.016958673,-0.016923968,-0.017087359
2015-10-15,-0.018830467,-0.018885378,-0.018865187,-0.018806938,-0.018880103,-0.018820811,-0.018816326,-0.018864635,-0.018846381,-0.018824417,-0.018885467,-0.018844355,-0.018839303,-0.018833552,-0.01888201,-0.018872011,-0.018848155,-0.018889222,-0.018836219,-0.019009087
2015-10-16,-0.016582925,-0.016628403,-0.016600642,-0.016555954,-0.016628388,-0.016568635,-0.016561288,-0.016618494,-0.016589064,-0.016574863,-0.016634721,-0.016588885,-0.016612817,-0.01657321,-0.016627554,-0.016613755,-0.016586278,-0.016635854,-0.016590703,-0.01675852
2015-10-19,-0.017931525,-0.017988447,-0.017943177,-0.017908115,-0.017970908,-0.017919127,-0.01791254,-0.017972667,-0.01795106,-0.017926697,-0.01798496,-0.017934937,-0.017985884,-0.017936368,-0.01796754,-0.017951582,-0.017934326,-0.01798809,-0.017943505,-0.018111024
2015-10-20,-0.018836219,-0.018904913,-0.018832166,-0.01880655,-0.018862937,-0.018815238,-0.018812332,-0.018868256,-0.018865827,-0.018830735,-0.018888105,-0.01882914,-0.018878642,-0.018825773,-0.018871207,-0.018844355,-0.018858586,-0.01889098,-0.018832061,-0.019009057
2015-10-21,-0.01883689,-0.018904436,-0.018852312,-0.018807177,-0.018838812,-0.018812422,-0.018812064,-0.01886766,-0.018877033,-0.018825997,-0.018885005,-0.018835414,-0.018850539,-0.018827546,-0.018874962,-0.018837068,-0.018864784,-0.018889625,-0.018831674,-0.019009087
2015-10-22,-0.018834312,-0.018904392,-0.018869657,-0.018806938,-0.018838946,-0.018809829,-0.018810485,-0.018870402,-0.018873412,-0.0188247,-0.018885497,-0.018835206,-0.018828396,-0.018819634,-0.018878017,-0.018851895,-0.018878166,-0.018884141,-0.018826488,-0.019009043
2015-10-23,-0.0148686515,-0.014921715,-0.014911179,-0.014844914,-0.014873003,-0.014845629,-0.014845883,-0.014896874,-0.01489145,-0.0148611115,-0.014920791,-0.014867281,-0.014857893,-0.01484846,-0.014909406,-0.014872094,-0.014918198,-0.014911567,-0.014862155,-0.015044709
2015-10-26,-0.018829767,-0.018893141,-0.018884394,-0.018807013,-0.01893698,-0.01880804,-0.018811364,-0.018853772,-0.018856514,-0.018823568,-0.018895034,-0.018827979,-0.018824745,-0.018816296,-0.018871535,-0.018840436,-0.018951524,-0.018882964,-0.018828858,-0.019009043
2015-10-27,-0.01883081,-0.018904153,-0.018868241,-0.018664975,-0.018909935,-0.018811751,-0.018814046,-0.01885191,-0.018865157,-0.018826399,-0.018896494,-0.01882862,-0.018840406,-0.018838603,-0.018868972,-0.018836457,-0.018963832,-0.018885884,-0.018832479,-0.019009117
2015-10-28,-0.014510785,-0.014584084,-0.014543314,-0.014560525,-0.014568289,-0.014493977,-0.014496361,-0.014529695,-0.014540751,-0.014506211,-0.0145645635,-0.01451086,-0.014538054,-0.014547472,-0.01455534,-0.014512573,-0.0145915495,-0.014559542,-0.014513512,-0.014687155
2015-10-29,-0.018420193,-0.018474195,-0.018446494,-0.018404964,-0.018543933,-0.018396039,-0.01839945,-0.01844566,-0.018449549,-0.018412504,-0.018465776,-0.018423889,-0.018424321,-0.018416751,-0.018450353,-0.018434975,-0.01846983,-0.018457595,-0.01841462,-0.01859175
2015-10-30,-0.018020917,-0.018057097,-0.018041018,-0.017995331,-0.018181328,-0.017992992,-0.017997745,-0.018049974,-0.018005837,-0.018010978,-0.018077064,-0.018027578,-0.018020172,-0.018017013,-0.01805799,-0.018030021,-0.018114228,-0.018056232,-0.018030945,-0.018190626
2015-11-02,-0.017129201,-0.017177168,-0.017151374,-0.017108489,-0.017159078,-0.017107058,-0.017115239,-0.017162282,-0.017138708,-0.017122958,-0.017180596,-0.017134417,-0.01714367,-0.017137963,-0.017173741,-0.017153699,-0.017228935,-0.017168347,-0.017138693,-0.017300952
2015-11-03,-0.018830497,-0.018887345,-0.018871192,-0.018835474,-0.018937383,-0.018809382,-0.018812153,-0.018864844,-0.018859211,-0.018826175,-0.018892977,-0.018841047,-0.018840972,-0.01884133,-0.0188987,-0.018866155,-0.018910665,-0.018879358,-0.018837724,-0.019009102
2015-11-04,-0.01788323,-0.017936904,-0.017891426,-0.017863635,-0.017982293,-0.01787046,-0.017867167,-0.017907608,-0.017917532,-0.017881978,-0.017942611,-0.017891783,-0.01790798,-0.017899785,-0.017925967,-0.01792534,-0.017944623,-0.01792622,-0.01789141,-0.018063668
2015-11-05,-0.018825103,-0.01889551,-0.018851537,-0.01880804,-0.018935937,-0.01881105,-0.018819112,-0.018843357,-0.01888043,-0.018827934,-0.018899102,-0.018825967,-0.018887166,-0.01885255,-0.018877763,-0.018865842,-0.018901873,-0.018873949,-0.018824805,-0.019009132
2015-11-06,-0.018831003,-0.018899847,-0.018841524,-0.018813241,-0.01891141,-0.018809099,-0.018819753,-0.018855099,-0.018880147,-0.018828053,-0.018891994,-0.018836442,-0.018886734,-0.018864665,-0.018884633,-0.01886477,-0.018893797,-0.018879715,-0.018830258,-0.019009147
2015-11-09,-0.01824643,-0.018294726,-0.018268902,-0.01834597,-0.018310148,-0.01822332,-0.018231262,-0.018279899,-0.018260453,-0.018245224,-0.018306185,-0.018253285,-0.018282209,-0.018248457,-0.018354569,-0.018284936,-0.018306319,-0.018295486,-0.018266726,-0.018425051
2015-11-10,-0.018830422,-0.018875036,-0.018845443,-0.018960316,-0.018833105,-0.01880658,-0.018811677,-0.018855307,-0.018803928,-0.018825192,-0.018891517,-0.01883762,-0.018873889,-0.01884297,-0.018928397,-0.018852431,-0.018897582,-0.018878225,-0.018855054,-0.019009117
2015-11-11,-0.017579932,-0.01761556,-0.017556239,-0.017599959,-0.017582972,-0.017557163,-0.017562259,-0.017606828,-0.017534379,-0.017572973,-0.017615769,-0.017591137,-0.017599452,-0.017593432,-0.017677922,-0.017597113,-0.017631907,-0.017609347,-0.017595414,-0.017755795
2015-11-12,-0.018828932,-0.018876318,-0.018821169,-0.018833313,-0.018843908,-0.01880746,-0.018813182,-0.01885705,-0.018785972,-0.018820811,-0.018889982,-0.018838782,-0.018869538,-0.018857587,-0.018941376,-0.018859524,-0.018885467,-0.018879388,-0.01885255,-0.019009162
2015-11-13,-0.016247857,-0.01629344,-0.016246248,-0.016266305,-0.016258318,-0.016222168,-0.016225342,-0.016269255,-0.016260255,-0.016240243,-0.016302008,-0.01625191,-0.016250465,-0.016255904,-0.016351271,-0.016277988,-0.01629186,-0.016297434,-0.016251761,-0.016424183
2015-11-16,-0.01706158,-0.017116714,-0.017076809,-0.017074618,-0.017067779,-0.017041791,-0.017039273,-0.017094035,-0.017112542,-0.017053876,-0.017129142,-0.017072517,-0.017059643,-0.017068524,-0.017172102,-0.01710232,-0.017113466,-0.017119292,-0.017072383,-0.01724166
2015-11-17,-0.018830527,-0.018890236,-0.018834341,-0.018819232,-0.018836085,-0.01881406,-0.018808965,-0.018852878,-0.018852893,-0.018811125,-0.018889103,-0.01883385,-0.018833164,-0.018857826,-0.018965784,-0.018859241,-0.018876333,-0.018882263,-0.018830542,-0.019009087
2015-11-18,-0.016891334,-0.016946007,-0.01688284,-0.016873468,-0.016905028,-0.016874764,-0.01687001,-0.016906638,-0.01688889,-0.016844232,-0.016949523,-0.016901348,-0.016887609,-0.016917396,-0.016976256,-0.01691394,-0.01690029,-0.016939912,-0.016887952,-0.017069746
2015-11-19,-0.018999834,-0.019050423,-0.018983845,-0.01898158,-0.019015763,-0.018986542,-0.01898003,-0.01901785,-0.01899657,-0.018972445,-0.01905698,-0.019007642,-0.018998418,-0.019017879,-0.019081715,-0.019024063,-0.018996287,-0.019047651,-0.019007314,-0.019179512
2015-11-20,-0.016494889,-0.016549457,-0.016479064,-0.016474415,-0.016518343,-0.016482372,-0.016472984,-0.016500253,-0.01646543,-0.016429175,-0.016563643,-0.016496975,-0.01649106,-0.016526464,-0.016575087,-0.016514052,-0.016486604,-0.016543869,-0.016506989,-0.01667403
2015-11-23,-0.020642418,-0.02069344,-0.02063686,-0.020619053,-0.020677928,-0.020629335,-0.02061962,-0.020653922,-0.020648528,-0.020616058,-0.020704467,-0.020648483,-0.020642374,-0.020666037,-0.020721976,-0.020673294,-0.020633403,-0.020688761,-0.020645592,-0.020817239
2015-11-24,-0.018834967,-0.018880758,-0.018830422,-0.018811721,-0.01887383,-0.018821705,-0.018811781,-0.018853653,-0.018838648,-0.018802736,-0.018884216,-0.01884136,-0.01883832,-0.018844742,-0.018870879,-0.018871624,-0.018826608,-0.018880133,-0.018846635,-0.019009087
2015-11-25,-0.017654229,-0.017685566,-0.017671186,-0.017634425,-0.01769394,-0.017641906,-0.017630521,-0.017669532,-0.01764572,-0.0176383,-0.017693046,-0.017656464,-0.017666046,-0.017663587,-0.01773459,-0.017686952,-0.017646033,-0.017688561,-0.017662454,-0.017828692
2015-11-27,-0.01760431,-0.01766083,-0.017642532,-0.017599601,-0.017645929,-0.017590795,-0.017590184,-0.017641608,-0.017605413,-0.01759464,-0.017665897,-0.017607752,-0.017628822,-0.017605532,-0.017668936,-0.01766095,-0.017602641,-0.017654706,-0.017620418,-0.017783705
2015-11-30,-0.018834088,-0.018885303,-0.018853698,-0.01883303,-0.018877748,-0.01881871,-0.018830705,-0.01886766,-0.018830154,-0.018824968,-0.018886838,-0.018838663,-0.018844534,-0.018820558,-0.01895525,-0.018876884,-0.018831078,-0.018878046,-0.018844578,-0.019009326
2015-12-01,-0.018855963,-0.018878762,-0.018841956,-0.018814046,-0.018858451,-0.01882099,-0.018816922,-0.01886398,-0.01883765,-0.01882385,-0.018883426,-0.018831138,-0.018842388,-0.018821348,-0.018947188,-0.018871728,-0.0188323,-0.018877868,-0.018836398,-0.019009117
2015-12-02,-0.019926656,-0.01993673,-0.019887451,-0.01987626,-0.019929979,-0.019884918,-0.019875634,-0.019927476,-0.019900564,-0.019887093,-0.01993874,-0.019894872,-0.019897837,-0.019888122,-0.019987036,-0.019928787,-0.019902218,-0.019935448,-0.01989891,-0.02007011
2015-12-03,-0.019581635,-0.01961476,-0.019556198,-0.01953638,-0.019597936,-0.019550864,-0.01953863,-0.019599218,-0.019568939,-0.019552369,-0.019611645,-0.019571457,-0.019548852,-0.019556466,-0.019637246,-0.019597922,-0.019561518,-0.019606996,-0.019569207,-0.019736711
2015-12-04,-0.018845681,-0.018893111,-0.018829871,-0.018806357,-0.018869031,-0.018822107,-0.018807177,-0.018875081,-0.018834759,-0.018824343,-0.018884975,-0.01883826,-0.01882461,-0.018832702,-0.018916342,-0.018872205,-0.01883163,-0.018879969,-0.018843893,-0.018940885
2015-12-07,-0.015410815,-0.015456011,-0.015417446,-0.015395318,-0.015438502,-0.015403991,-0.015392979,-0.015452643,-0.015411784,-0.015406241,-0.015461718,-0.015423392,-0.015405585,-0.015429278,-0.015500818,-0.015451421,-0.015414168,-0.01545841,-0.015432884,-0.015514319
2015-12-08,-0.01818936,-0.018230382,-0.018188242,-0.018171627,-0.018194247,-0.018175889,-0.018165175,-0.018206824,-0.018190432,-0.01817714,-0.018230457,-0.018195573,-0.018174563,-0.018209774,-0.018278066,-0.018219147,-0.018180806,-0.018224198,-0.018201012,-0.018280271
2015-12-09,-0.019225929,-0.019267429,-0.01922271,-0.019201342,-0.019234974,-0.019209374,-0.019197661,-0.01924925,-0.01922192,-0.019210804,-0.019275833,-0.019226674,-0.019213457,-0.019280303,-0.01933809,-0.019251872,-0.019219983,-0.019262139,-0.019226689,-0.01931687
2015-12-10,-0.01598138,-0.016022835,-0.01598375,-0.015960012,-0.015992824,-0.015969623,-0.015959386,-0.016007368,-0.015981276,-0.015972871,-0.016030971,-0.015987385,-0.016082723,-0.016004492,-0.016065199,-0.016011123,-0.015980337,-0.016020093,-0.015986461,-0.016021568
2015-12-11,-0.01884522,-0.018881176,-0.018833283,-0.018811587,-0.018859793,-0.018823106,-0.018812228,-0.018866513,-0.018837173,-0.018825863,-0.018887479,-0.018839795,-0.018962,-0.018855486,-0.018915359,-0.018872041,-0.018834595,-0.018876735,-0.018835235,-0.018881384
2015-12-14,-0.014562597,-0.01460046,-0.014557098,-0.014533688,-0.014581104,-0.014540439,-0.0145344185,-0.014585097,-0.014545594,-0.014546965,-0.014602263,-0.014561226,-0.014595156,-0.01456054,-0.01461636,-0.014591028,-0.014551972,-0.0145924585,-0.014561822,-0.014597629
2015-12-15,-0.018846411,-0.0188821,-0.018842,-0.018813971,-0.018848602,-0.01882163,-0.018816609,-0.018864755,-0.018832985,-0.018825073,-0.0188873,-0.018844131,-0.018861312,-0.018858466,-0.018892933,-0.018870655,-0.01883218,-0.018876348,-0.018855888,-0.018882338
2015-12-16,-0.011578177,-0.011611153,-0.011574333,-0.011549165,-0.011572321,-0.011558016,-0.011552502,-0.01159661,-0.011573185,-0.011559506,-0.011617695,-0.011575316,-0.011623611,-0.011587088,-0.011646126,-0.011599277,-0.011564066,-0.011604031,-0.01159439,-0.011609291
2015-12-17,-0.01244091,-0.012479399,-0.012446289,-0.012418841,-0.012455781,-0.012429719,-0.012418498,-0.012469565,-0.012439688,-0.012430032,-0.012487297,-0.012445559,-0.01247402,-0.012450238,-0.012498801,-0.012470772,-0.012433683,-0.012474914,-0.012462278,-0.012479146
2015-12-18,-0.017086107,-0.017115477,-0.017085958,-0.017056469,-0.017107043,-0.017066289,-0.017055515,-0.017108846,-0.017078329,-0.017070223,-0.017122272,-0.017082099,-0.01709022,-0.017086823,-0.01716042,-0.017114718,-0.01707678,-0.017113794,-0.017091427,-0.017118711
2015-12-21,-0.017177064,-0.017202366,-0.017162804,-0.017137412,-0.017191637,-0.017143074,-0.0171385,-0.017181043,-0.017163236,-0.017149437,-0.017209444,-0.017182339,-0.01717854,-0.017159823,-0.017195512,-0.017185766,-0.017156113,-0.017192308,-0.017181162,-0.017206255
2015-12-22,-0.018843416,-0.018892188,-0.018838558,-0.018818501,-0.018849973,-0.018821511,-0.01883373,-0.018852357,-0.018829811,-0.01882321,-0.018891755,-0.01885121,-0.018866394,-0.018835101,-0.01890852,-0.01887228,-0.018834878,-0.018868644,-0.018853609,-0.018888269
2015-12-23,-0.017364044,-0.017403487,-0.0173609,-0.017338011,-0.017361823,-0.017343257,-0.017347444,-0.01737659,-0.017351288,-0.017343555,-0.017406423,-0.017363999,-0.01739632,-0.017367799,-0.017433036,-0.01739556,-0.017355237,-0.017389033,-0.017367844,-0.017396439
2015-12-24,-0.018858451,-0.01888134,-0.018829528,-0.018816624,-0.018854309,-0.018824745,-0.018819366,-0.018855501,-0.018831138,-0.01882461,-0.018885452,-0.018845174,-0.018839795,-0.018843357,-0.01888283,-0.018877897,-0.018831838,-0.01887441,-0.01885872,-0.018878568
2015-12-28,-0.01783583,-0.017884497,-0.017835874,-0.017815325,-0.01785979,-0.017827664,-0.017816681,-0.017863382,-0.017832566,-0.017828558,-0.017891426,-0.017842341,-0.017832179,-0.017846245,-0.017859463,-0.017879594,-0.017832715,-0.01788098,-0.01786213,-0.01788475
2015-12-29,-0.018844415,-0.018888626,-0.018832479,-0.018809993,-0.018874098,-0.018826563,-0.018809173,-0.018857826,-0.018837769,-0.018825296,-0.018890027,-0.018841166,-0.018830094,-0.018843908,-0.018899355,-0.018864665,-0.01882406,-0.018887345,-0.01886465,-0.018894348
2015-12-30,-0.018845338,-0.018886555,-0.018828634,-0.01880892,-0.018851269,-0.018825028,-0.018815804,-0.018844593,-0.018835757,-0.018820573,-0.018886987,-0.018834773,-0.018834297,-0.018828321,-0.018909905,-0.018869195,-0.018819991,-0.01889116,-0.018859122,-0.018954176
2015-12-31,-0.020446662,-0.020494867,-0.02044237,-0.02041288,-0.020455766,-0.020428363,-0.020418096,-0.020457897,-0.020458747,-0.020426486,-0.020488609,-0.020444933,-0.020435218,-0.020441446,-0.020495746,-0.020482276,-0.020427871,-0.020501155,-0.020458374,-0.020562027
2016-01-04,-0.020775545,-0.020795692,-0.02075312,-0.020725433,-0.020756338,-0.020740617,-0.020729113,-0.020772073,-0.020757306,-0.020738471,-0.020790894,-0.020756442,-0.02074385,-0.020754684,-0.020773623,-0.020790178,-0.020742986,-0.020797689,-0.020756457,-0.020800311
2016-01-05,-0.018871251,-0.018883009,-0.018839557,-0.018808905,-0.018839885,-0.01882613,-0.018810634,-0.018858958,-0.018835206,-0.018759105,-0.018881101,-0.018838886,-0.018932018,-0.01882929,-0.018862847,-0.018870074,-0.018828291,-0.018878866,-0.01884504,-0.018954668
2016-01-06,-0.016371477,-0.0163786,-0.016344655,-0.016310442,-0.01634169,-0.016324986,-0.016309325,-0.016344685,-0.016337637,-0.0163039,-0.0163765,-0.01633789,-0.016351495,-0.016348619,-0.016391981,-0.016358007,-0.016327802,-0.016369972,-0.016334806,-0.016503964
2016-01-07,-0.018852625,-0.01888718,-0.01884063,-0.018809173,-0.018838424,-0.018824507,-0.018809099,-0.018848363,-0.018804524,-0.018807013,-0.0188835,-0.018838484,-0.018830512,-0.018840332,-0.018857975,-0.0188527,-0.018826205,-0.018878344,-0.018832106,-0.0190056
2016-01-08,-0.017344285,-0.01736698,-0.017319638,-0.017294962,-0.017327432,-0.017310444,-0.017294068,-0.017326165,-0.017309625,-0.01730511,-0.017364133,-0.01731943,-0.017421458,-0.017316017,-0.017325092,-0.017340276,-0.017310817,-0.01736324,-0.017319057,-0.017444048
2016-01-11,-0.015554731,-0.015569125,-0.015528922,-0.015498851,-0.015538474,-0.015515645,-0.015499492,-0.015534614,-0.0155226635,-0.015514662,-0.015566488,-0.015528818,-0.015676428,-0.015530189,-0.015527596,-0.015551289,-0.015517806,-0.015561228,-0.015521084,-0.015697662
2016-01-12,-0.018829022,-0.018885244,-0.018838245,-0.01880734,-0.018839333,-0.018824834,-0.018808309,-0.0188527,-0.018839408,-0.018790025,-0.01888046,-0.01884215,-0.018969897,-0.018832419,-0.018851403,-0.018870968,-0.018826012,-0.018877957,-0.018837366,-0.019009057
2016-01-13,-0.018810768,-0.018884037,-0.018838007,-0.018807102,-0.018850733,-0.018823642,-0.018807624,-0.018854622,-0.018833477,-0.01875684,-0.018879417,-0.018837724,-0.01886094,-0.018853817,-0.0188489,-0.018884812,-0.018832076,-0.018876154,-0.018839944,-0.019009028
2016-01-14,-0.018423963,-0.018468011,-0.018423144,-0.018398661,-0.018450413,-0.018410448,-0.01839723,-0.018447716,-0.018419508,-0.018314514,-0.018463243,-0.018427018,-0.018451039,-0.018430639,-0.018427182,-0.018466417,-0.018413235,-0.018459562,-0.018426765,-0.018527959
2016-01-15,-0.018811468,-0.018883724,-0.01883692,-0.01880904,-0.018867362,-0.018822808,-0.018808488,-0.018860538,-0.018831048,-0.018733475,-0.018877883,-0.018840123,-0.018850867,-0.01883975,-0.018830527,-0.018877719,-0.018826593,-0.018877018,-0.01883458,-0.018935103
2016-01-19,-0.017508272,-0.017542232,-0.017494757,-0.017471883,-0.017517868,-0.01748814,-0.017471734,-0.01752748,-0.017493088,-0.01745819,-0.01753189,-0.017501805,-0.017511625,-0.017519,-0.017485607,-0.017533083,-0.017487336,-0.017536286,-0.017494697,-0.017664436
2016-01-20,-0.018802036,-0.018884841,-0.018837143,-0.018807981,-0.018833924,-0.018824715,-0.018808205,-0.018870417,-0.018836785,-0.018731315,-0.018881667,-0.018838886,-0.018822823,-0.018850688,-0.018829618,-0.01887158,-0.018823687,-0.018875618,-0.018840987,-0.01900271
2016-01-21,-0.01763681,-0.017697278,-0.017663676,-0.017632622,-0.017653737,-0.017647568,-0.017632935,-0.01768944,-0.017654572,-0.017563183,-0.017694551,-0.017662112,-0.017651338,-0.01768728,-0.01767354,-0.017687846,-0.017755587,-0.017685164,-0.017663721,-0.01777326
2016-01-22,-0.018819008,-0.018879015,-0.01883373,-0.018807221,-0.01883689,-0.018824924,-0.018807981,-0.01887669,-0.018831734,-0.018723194,-0.018887077,-0.018838156,-0.01882397,-0.018870387,-0.018864576,-0.018870581,-0.018892292,-0.018871594,-0.018845994,-0.018957887
2016-01-25,-0.016912509,-0.016973961,-0.016914848,-0.01689573,-0.016929124,-0.016909394,-0.016896937,-0.016948242,-0.016915176,-0.016854186,-0.016969103,-0.016938407,-0.016912524,-0.016950537,-0.01696578,-0.016957838,-0.016991291,-0.01696596,-0.016934622,-0.017100591
2016-01-26,-0.018838573,-0.018884141,-0.01882406,-0.018806774,-0.01885194,-0.018819604,-0.018808145,-0.018854443,-0.018826846,-0.018797416,-0.018883381,-0.018857736,-0.018824209,-0.018847052,-0.018890802,-0.018861521,-0.018902648,-0.01888204,-0.018849436,-0.019009102
2016-01-27,-0.015189265,-0.015244906,-0.015184705,-0.015171562,-0.015211542,-0.015182902,-0.015172874,-0.015222465,-0.015193199,-0.015171339,-0.01531214,-0.01522172,-0.015195523,-0.015203466,-0.0152312415,-0.015224134,-0.015289311,-0.015241076,-0.015208428,-0.015372683
2016-01-28,-0.014964049,-0.015013357,-0.014963214,-0.014946674,-0.0149850445,-0.014956106,-0.0149464505,-0.014997323,-0.01496694,-0.0149390595,-0.015085493,-0.0149933295,-0.014962007,-0.014962976,-0.0150082605,-0.015001331,-0.015007709,-0.0150173055,-0.014981796,-0.015145277
2016-01-29,-0.0148400115,-0.014888247,-0.014840548,-0.014822786,-0.014862184,-0.014832278,-0.014822234,-0.014862915,-0.014840771,-0.014823888,-0.014961456,-0.014852171,-0.014831339,-0.014852245,-0.01488625,-0.014883001,-0.014885311,-0.014891614,-0.01486363,-0.015023117
2016-02-01,-0.018178392,-0.018201757,-0.018159796,-0.018138696,-0.018171165,-0.01815096,-0.018142555,-0.018175635,-0.018160272,-0.018142942,-0.018279929,-0.018162165,-0.018147442,-0.018151168,-0.018218506,-0.018204365,-0.018202592,-0.018208075,-0.018156443,-0.018339012
2016-02-02,-0.018858213,-0.018879045,-0.018828664,-0.018807549,-0.01883759,-0.018821556,-0.018814925,-0.018854264,-0.018830065,-0.018810872,-0.018936846,-0.018830974,-0.01881947,-0.018815238,-0.01888493,-0.018879,-0.018947545,-0.018886078,-0.018828187,-0.019009072
2016-02-03,-0.01885255,-0.018877361,-0.01882938,-0.018807534,-0.018839408,-0.018821318,-0.0188216,-0.018858064,-0.018828813,-0.01881345,-0.018998597,-0.018842254,-0.0188323,-0.018820647,-0.01889648,-0.01887824,-0.0188821,-0.018888,-0.018823478,-0.019009072
2016-02-04,-0.018834416,-0.018860403,-0.018829826,-0.018807847,-0.018816803,-0.01882102,-0.018819828,-0.01886164,-0.018829066,-0.018811975,-0.018934239,-0.01884279,-0.01881786,-0.018750776,-0.018878687,-0.018877331,-0.018880758,-0.018948678,-0.018828887,-0.019009028
2016-02-05,-0.018817175,-0.018872041,-0.018829633,-0.018808726,-0.018819679,-0.018822301,-0.018814612,-0.018863682,-0.018832315,-0.018815447,-0.018929038,-0.018850897,-0.018820781,-0.018788803,-0.018874425,-0.018870164,-0.018875394,-0.01888733,-0.018835831,-0.019009028
2016-02-08,-0.017925877,-0.017991234,-0.0179382,-0.017915908,-0.01793224,-0.017929066,-0.01792394,-0.017972264,-0.017935622,-0.017922778,-0.017988775,-0.0179496,-0.017936874,-0.017912153,-0.017986108,-0.017976765,-0.018028427,-0.017995719,-0.017938126,-0.018117134
2016-02-09,-0.018931437,-0.018876884,-0.01882467,-0.018808115,-0.018829305,-0.018819738,-0.018810917,-0.01886784,-0.018826727,-0.01881503,-0.018926848,-0.018834654,-0.01881859,-0.018811826,-0.018957574,-0.018871505,-0.018870179,-0.018890027,-0.018836338,-0.019009028
2016-02-10,-0.01895954,-0.01888128,-0.018823732,-0.018809129,-0.018835668,-0.018821288,-0.018811751,-0.018873561,-0.018827904,-0.018816102,-0.018876556,-0.018841643,-0.018827219,-0.018816207,-0.018892545,-0.018869165,-0.018882561,-0.018934865,-0.018839914,-0.019009043
2016-02-11,-0.018825743,-0.0188721,-0.01882388,-0.018809143,-0.018843476,-0.018820558,-0.018810812,-0.018873844,-0.01882774,-0.018817786,-0.018939886,-0.018834893,-0.01882929,-0.018814418,-0.018938977,-0.01887377,-0.018880058,-0.018882263,-0.01884282,-0.019009057
2016-02-12,-0.0074261026,-0.0074775266,-0.0074336575,-0.0074220793,-0.007455309,-0.0074321823,-0.007420291,-0.00748152,-0.007440393,-0.0074265944,-0.007546221,-0.007446234,-0.0074398564,-0.007433151,-0.0074960487,-0.00747778,-0.0074817585,-0.007487585,-0.007451107,-0.007618119
2016-02-16,-0.014449005,-0.014363592,-0.014312391,-0.014301975,-0.014318426,-0.014310186,-0.0143002765,-0.014366289,-0.014318173,-0.014307474,-0.014434864,-0.014330451,-0.014334251,-0.014310335,-0.014426877,-0.014360656,-0.014362385,-0.014373084,-0.014323165,-0.014499311
2016-02-17,-0.018985394,-0.01887815,-0.018833492,-0.018813852,-0.018834699,-0.018819813,-0.018815596,-0.018879462,-0.018828396,-0.018817801,-0.018950436,-0.018836845,-0.018837187,-0.018822867,-0.018902082,-0.018867869,-0.018875126,-0.018889029,-0.01883391,-0.019009087
2016-02-18,-0.018846232,-0.018884886,-0.018826295,-0.018811572,-0.018832598,-0.018821944,-0.018818367,-0.018876363,-0.018826563,-0.018817727,-0.0190004,-0.018839661,-0.018838812,-0.018835235,-0.018942136,-0.018866692,-0.018875811,-0.018887777,-0.01882938,-0.019009087
2016-02-19,-0.0168663,-0.016963322,-0.016908024,-0.016888235,-0.01689561,-0.0168988,-0.016888235,-0.016945813,-0.016902957,-0.016894478,-0.017073128,-0.016925935,-0.01690242,-0.016905416,-0.01697049,-0.016935293,-0.016949702,-0.016960595,-0.016908366,-0.017085109
2016-02-22,-0.020659704,-0.02073427,-0.020678747,-0.020665217,-0.020690147,-0.020678166,-0.020667825,-0.020721275,-0.020682398,-0.020674337,-0.02085409,-0.020700041,-0.020675976,-0.020683024,-0.020753,-0.020714063,-0.020696227,-0.020732228,-0.02069785,-0.020862449
2016-02-23,-0.018769655,-0.01889253,-0.018825475,-0.018810663,-0.018833224,-0.01882321,-0.018814016,-0.018871564,-0.018830407,-0.018819038,-0.01900125,-0.018841539,-0.018830407,-0.01882558,-0.018900592,-0.01885428,-0.018865887,-0.018888284,-0.018834326,-0.019009087
2016-02-24,-0.013489624,-0.013608118,-0.0135604935,-0.013539766,-0.013557141,-0.013550212,-0.013540049,-0.013594096,-0.013558512,-0.013545324,-0.0136572765,-0.013563384,-0.013544221,-0.01354592,-0.0136842625,-0.013584663,-0.01359417,-0.013603126,-0.013561343,-0.013735269
2016-02-25,-0.01876204,-0.018890355,-0.018820647,-0.018809665,-0.018828545,-0.018822584,-0.018809501,-0.01887295,-0.01883163,-0.018814359,-0.018931303,-0.018828277,-0.01881807,-0.018821735,-0.01896182,-0.01886614,-0.018875647,-0.018885914,-0.018830586,-0.019009087
2016-02-26,-0.01307637,-0.013172586,-0.01310875,-0.013090138,-0.01309738,-0.013102417,-0.013093998,-0.013157968,-0.013113906,-0.013096754,-0.013275315,-0.013112475,-0.013091256,-0.013101523,-0.013183464,-0.013150637,-0.013183271,-0.013171767,-0.01310954,-0.01329035
2016-02-29,-0.018813897,-0.018890087,-0.01882555,-0.018810157,-0.018828351,-0.018823061,-0.018812228,-0.01887599,-0.018830527,-0.01881491,-0.018994812,-0.018837128,-0.01881254,-0.018819127,-0.018890489,-0.018864054,-0.01888429,-0.018885378,-0.01883379,-0.019009102
2016-03-01,-0.018814448,-0.018889818,-0.018821169,-0.018809307,-0.01883069,-0.018823195,-0.018810932,-0.018863056,-0.018828306,-0.01881494,-0.018949274,-0.018838156,-0.018821482,-0.018822987,-0.01892342,-0.018862475,-0.018884111,-0.018886138,-0.018831749,-0.019009057
2016-03-02,-0.01881263,-0.018888686,-0.018823225,-0.01880956,-0.018830422,-0.018824358,-0.018809099,-0.018865097,-0.018827576,-0.018815178,-0.018950287,-0.018837456,-0.018826414,-0.018839706,-0.018991474,-0.018860359,-0.01888268,-0.018887151,-0.018832613,-0.019009043
2016-03-03,-0.018821422,-0.018888209,-0.018827055,-0.018810753,-0.018831927,-0.018823076,-0.018811736,-0.018870909,-0.018824343,-0.018814418,-0.019001458,-0.018835012,-0.018824983,-0.018798236,-0.018960852,-0.018849183,-0.018883172,-0.018889774,-0.018835742,-0.019009087
2016-03-04,-0.018820886,-0.018888745,-0.018826205,-0.018809576,-0.018847901,-0.018823255,-0.01881634,-0.018871758,-0.018828947,-0.018815566,-0.019003395,-0.018842075,-0.018825788,-0.018817965,-0.018895943,-0.018858064,-0.018884648,-0.018887226,-0.018841673,-0.019009147
2016-03-07,-0.019977499,-0.020034406,-0.019979496,-0.01996513,-0.019994859,-0.01997817,-0.019967068,-0.020026926,-0.019992266,-0.019968469,-0.020152915,-0.019996468,-0.019979227,-0.019980598,-0.020039026,-0.020011041,-0.020024125,-0.02003007,-0.019992653,-0.020162601
2016-03-08,-0.018821198,-0.018890027,-0.01882917,-0.018809546,-0.01883516,-0.018824134,-0.018811543,-0.018873725,-0.018834863,-0.018811662,-0.019001711,-0.018842299,-0.018821228,-0.018809874,-0.018923957,-0.018868808,-0.018871251,-0.018883888,-0.0188361,-0.019009087
2016-03-09,-0.015511294,-0.015586873,-0.01552247,-0.015497734,-0.015527804,-0.015512486,-0.015499209,-0.015562032,-0.01552016,-0.015501027,-0.015695173,-0.015530993,-0.015514602,-0.015513529,-0.015610983,-0.015564968,-0.015563657,-0.015583147,-0.015525748,-0.015700836
2016-03-10,-0.016201247,-0.016269002,-0.016210798,-0.016184766,-0.016216282,-0.01619986,-0.016184408,-0.016247664,-0.016209934,-0.016186763,-0.01638009,-0.016214896,-0.016206075,-0.016208667,-0.016256336,-0.016242597,-0.016251642,-0.01626477,-0.016208012,-0.016386826
2016-03-11,-0.01518101,-0.015241747,-0.0151854055,-0.015158941,-0.015205403,-0.015170564,-0.015157347,-0.015213077,-0.015180697,-0.015157555,-0.01534233,-0.015182455,-0.01518253,-0.015170847,-0.015233506,-0.0152224945,-0.015223299,-0.015234207,-0.015178789,-0.015356739
2016-03-14,-0.018844489,-0.018886436,-0.018833745,-0.01880962,-0.018864978,-0.018821586,-0.018808711,-0.018867392,-0.01883373,-0.018812466,-0.019000921,-0.018843267,-0.018841062,-0.01883011,-0.018946815,-0.018877242,-0.018872041,-0.018885244,-0.018833492,-0.019009057
2016-03-15,-0.018831868,-0.018888567,-0.018828709,-0.018809292,-0.018855158,-0.018820945,-0.018810485,-0.01887079,-0.018835086,-0.018810663,-0.019000579,-0.018843878,-0.018832091,-0.01882704,-0.018953029,-0.018872444,-0.018865038,-0.018886555,-0.018835325,-0.019009117
2016-03-16,-0.014031549,-0.014093955,-0.014031519,-0.014015098,-0.0140522765,-0.014025827,-0.014013697,-0.014076074,-0.014036571,-0.01401401,-0.014198323,-0.014046152,-0.0140266465,-0.014027094,-0.014166762,-0.014078339,-0.0140724825,-0.014088337,-0.014042233,-0.014213224
2016-03-17,-0.015946884,-0.016008366,-0.015938375,-0.015928973,-0.015958522,-0.015940908,-0.01592851,-0.015987728,-0.015950162,-0.01593398,-0.016112376,-0.015966076,-0.015939075,-0.01594207,-0.016084883,-0.01598953,-0.015987474,-0.015997145,-0.015954781,-0.016127575
2016-03-18,-0.012354259,-0.012397756,-0.012350847,-0.012328629,-0.012356733,-0.012339507,-0.012327676,-0.012384568,-0.012349253,-0.012334515,-0.012516026,-0.012357374,-0.012336497,-0.012339209,-0.0125268,-0.012390201,-0.01238652,-0.012396549,-0.01235189,-0.012526919
2016-03-21,-0.018669177,-0.018719096,-0.01866043,-0.018640418,-0.018667791,-0.0186521,-0.01864167,-0.018701736,-0.018663961,-0.01864465,-0.01883306,-0.018691186,-0.018658359,-0.018656868,-0.018841539,-0.018688593,-0.018704865,-0.018715177,-0.01866578,-0.018841628
2016-03-22,-0.01883838,-0.018888686,-0.018830586,-0.01880892,-0.018844534,-0.018819232,-0.01880904,-0.018869404,-0.018832285,-0.01881053,-0.018996734,-0.018848348,-0.01882242,-0.018823538,-0.019008998,-0.018848527,-0.018855754,-0.018884663,-0.018835265,-0.019009117
2016-03-23,-0.018824194,-0.0188873,-0.018823195,-0.018808875,-0.018825132,-0.018820096,-0.0188098,-0.018865649,-0.01883373,-0.018809069,-0.018999625,-0.0188458,-0.018816087,-0.018818263,-0.019009057,-0.01884817,-0.018843431,-0.018884126,-0.018835146,-0.019009117
2016-03-24,-0.018249888,-0.0183173,-0.018250246,-0.018242989,-0.01825707,-0.018254343,-0.018247727,-0.018295366,-0.018267203,-0.018243108,-0.018432532,-0.018281016,-0.018248115,-0.018253196,-0.018442605,-0.018280495,-0.01826014,-0.018314887,-0.018275384,-0.018442694
2016-03-28,-0.018828113,-0.018889789,-0.018832956,-0.018809665,-0.018847395,-0.018821169,-0.01881503,-0.018865947,-0.01883151,-0.018809501,-0.018998612,-0.018832896,-0.018815342,-0.018819753,-0.019009043,-0.018855337,-0.018827219,-0.018885348,-0.01883744,-0.019009087
2016-03-29,-0.01882783,-0.018889789,-0.01882768,-0.018808682,-0.018851612,-0.018820692,-0.01881655,-0.018870924,-0.018837783,-0.018810544,-0.019000772,-0.01883832,-0.018821616,-0.018821824,-0.019009072,-0.018848006,-0.018848646,-0.018885437,-0.018833745,-0.019009132
2016-03-30,-0.01884124,-0.0188859,-0.01884288,-0.018808726,-0.018869314,-0.01882084,-0.018817846,-0.018873546,-0.018837068,-0.018810678,-0.019000966,-0.018841136,-0.018823642,-0.018822435,-0.019009028,-0.018858794,-0.018852819,-0.018883187,-0.018835206,-0.019009132
2016-03-31,-0.018833715,-0.018884975,-0.018827442,-0.018808369,-0.018859196,-0.018818546,-0.018930752,-0.018869523,-0.018834103,-0.01881035,-0.019000847,-0.01883902,-0.018818457,-0.018825818,-0.019009013,-0.0188541,-0.01887377,-0.018884752,-0.018833403,-0.019009117
2016-04-01,-0.017354775,-0.017399866,-0.017331962,-0.017331231,-0.01736841,-0.01734208,-0.017362762,-0.017379154,-0.017364103,-0.01734205,-0.017523158,-0.017363328,-0.017341364,-0.01735409,-0.01753037,-0.01738191,-0.01739778,-0.017401997,-0.017362762,-0.01753043
2016-04-04,-0.018835891,-0.018888224,-0.018813882,-0.018808592,-0.018856231,-0.018815357,-0.018821735,-0.0188617,-0.018839825,-0.01881804,-0.019001309,-0.018841628,-0.018821243,-0.01882789,-0.019009043,-0.018873487,-0.01887754,-0.018886123,-0.018846858,-0.019009132
2016-04-05,-0.018829543,-0.018887136,-0.018807683,-0.018809084,-0.018862832,-0.018813062,-0.018816758,-0.018866155,-0.018844042,-0.018823449,-0.019001309,-0.018838692,-0.018820543,-0.018827487,-0.018945325,-0.018870134,-0.018860597,-0.018885706,-0.01885258,-0.019009132
2016-04-06,-0.013300111,-0.013344397,-0.013288145,-0.013274749,-0.0133372,-0.013277997,-0.013304477,-0.013333564,-0.013309036,-0.013285284,-0.013467838,-0.01332729,-0.013296415,-0.0132925855,-0.013397922,-0.01333486,-0.0133115845,-0.013347556,-0.0133274095,-0.013474663
2016-04-07,-0.018832225,-0.018872682,-0.018824432,-0.018808637,-0.018875588,-0.018811781,-0.018812124,-0.018872235,-0.018844474,-0.018818099,-0.019001756,-0.01887374,-0.018830974,-0.018827055,-0.01899353,-0.018866021,-0.018833745,-0.018888745,-0.01884136,-0.019009132
2016-04-08,-0.018829275,-0.018873725,-0.018820409,-0.018807936,-0.018879075,-0.018810112,-0.01881047,-0.018870626,-0.018839542,-0.018814478,-0.01893555,-0.018876795,-0.018824998,-0.018828128,-0.019000668,-0.018858481,-0.018838916,-0.01888517,-0.018841986,-0.019009132
2016-04-11,-0.016743172,-0.016792078,-0.016738404,-0.016727258,-0.016796876,-0.01672851,-0.016846288,-0.01677883,-0.016755778,-0.01673581,-0.01691613,-0.016780172,-0.016739998,-0.01674581,-0.016886178,-0.016783495,-0.016757924,-0.016790677,-0.016750727,-0.016927067
2016-04-12,-0.018822942,-0.018884365,-0.018819515,-0.018808726,-0.0188873,-0.018810693,-0.018839408,-0.018864889,-0.018834863,-0.018817533,-0.018997777,-0.018852148,-0.018838871,-0.01883081,-0.018971238,-0.018874679,-0.018834595,-0.018866528,-0.018832806,-0.019009132
2016-04-13,-0.017645199,-0.017709497,-0.017641965,-0.017634634,-0.017707933,-0.017636303,-0.017648134,-0.01768804,-0.017651144,-0.0176421,-0.017759014,-0.017664079,-0.017644871,-0.017652635,-0.017836604,-0.017698709,-0.01767065,-0.017668668,-0.017700244,-0.017836753
2016-04-14,-0.018825758,-0.018887524,-0.018817354,-0.01880822,-0.018850926,-0.018811945,-0.01879548,-0.018864948,-0.018832568,-0.018811945,-0.018882368,-0.018844325,-0.018818397,-0.018823806,-0.019008908,-0.01886237,-0.018840495,-0.018859599,-0.018866394,-0.019009087
2016-04-15,-0.014602308,-0.014649783,-0.014593382,-0.014586796,-0.014632423,-0.014588241,-0.0147257345,-0.01464427,-0.014602383,-0.014605542,-0.014698272,-0.014616688,-0.014595111,-0.014603888,-0.014785354,-0.014624734,-0.0146118,-0.014642303,-0.0146422135,-0.0147854285
2016-04-18,-0.018134419,-0.01819298,-0.018127073,-0.018120665,-0.01815011,-0.01812132,-0.018267442,-0.018183026,-0.01814707,-0.018136654,-0.018233422,-0.01815987,-0.018119503,-0.018140499,-0.018321816,-0.018165458,-0.018148754,-0.018184457,-0.018168245,-0.018321905
2016-04-19,-0.018822167,-0.01888648,-0.01881658,-0.018807653,-0.01882473,-0.018807966,-0.018969838,-0.018874217,-0.018835414,-0.018823896,-0.018877272,-0.018855248,-0.018817443,-0.018829394,-0.019009057,-0.018854816,-0.018830199,-0.018882591,-0.018840585,-0.019009117
2016-04-20,-0.018822003,-0.018890534,-0.018818472,-0.01880752,-0.01883911,-0.018810365,-0.01896796,-0.018877748,-0.018836264,-0.018825192,-0.018880595,-0.018842522,-0.018816117,-0.018829811,-0.019009028,-0.01886477,-0.018831361,-0.018909264,-0.018832106,-0.019009117
2016-04-21,-0.018818084,-0.018886212,-0.01881722,-0.018806849,-0.018815983,-0.018812213,-0.019006077,-0.018875394,-0.01883528,-0.01880576,-0.018884618,-0.018838424,-0.01881579,-0.018815417,-0.019008998,-0.018862832,-0.018840838,-0.01886851,-0.018828575,-0.019009132
2016-04-22,-0.018826474,-0.018890325,-0.018825565,-0.018808056,-0.018836979,-0.018818323,-0.018897492,-0.01887672,-0.018836055,-0.018818904,-0.018884245,-0.018828068,-0.018816669,-0.01882926,-0.018956546,-0.01886158,-0.018864755,-0.018877272,-0.01882549,-0.019009132
2016-04-25,-0.018827815,-0.018891606,-0.018824745,-0.018807728,-0.018843878,-0.018816236,-0.018868525,-0.018871564,-0.018834475,-0.018823791,-0.01888286,-0.01883148,-0.01881795,-0.018828217,-0.0189959,-0.018852893,-0.018878836,-0.018915612,-0.018821944,-0.019009132
2016-04-26,-0.018828724,-0.018887494,-0.018826786,-0.01881351,-0.01883306,-0.018817324,-0.018854413,-0.018871892,-0.01882865,-0.018824968,-0.018888313,-0.018840972,-0.018819828,-0.01882704,-0.019003082,-0.018857766,-0.018891204,-0.0189326,-0.018842835,-0.019009132
2016-04-27,-0.017022539,-0.017091502,-0.017028753,-0.017003033,-0.017037366,-0.017012704,-0.017087746,-0.017074037,-0.017032493,-0.017016161,-0.017092247,-0.017040048,-0.017016683,-0.017019022,-0.017152388,-0.01706386,-0.017149124,-0.017092649,-0.017039407,-0.017206166
2016-04-28,-0.019818816,-0.019857515,-0.019816387,-0.019797776,-0.019831706,-0.019808892,-0.019828428,-0.019847367,-0.01981688,-0.019809414,-0.019857112,-0.01983172,-0.019814748,-0.019813303,-0.01989426,-0.019838545,-0.019861583,-0.01987179,-0.019826222,-0.019994158
2016-04-29,-0.018828053,-0.018873502,-0.018832061,-0.018808175,-0.01883759,-0.01878785,-0.018828828,-0.018864352,-0.018835846,-0.018823493,-0.018888626,-0.018845204,-0.018829126,-0.018832523,-0.01890077,-0.018862803,-0.018881623,-0.01892114,-0.01884212,-0.019009087
2016-05-02,-0.017002393,-0.017044473,-0.0170299,-0.016996223,-0.017026726,-0.016994748,-0.017010096,-0.017045606,-0.017025638,-0.01701114,-0.017071221,-0.017025743,-0.01701345,-0.017017115,-0.017096404,-0.017044459,-0.017065484,-0.017113645,-0.01702324,-0.017196137
2016-05-03,-0.018826265,-0.018862385,-0.018848855,-0.018815119,-0.018837932,-0.018812124,-0.018808085,-0.018859629,-0.018839914,-0.018785555,-0.01889031,-0.018838141,-0.018824998,-0.018830243,-0.018886033,-0.01885571,-0.018931989,-0.018910278,-0.018837858,-0.019009117
2016-05-04,-0.021074716,-0.021107558,-0.021094415,-0.021059502,-0.021102566,-0.021064121,-0.021066714,-0.021101762,-0.021080423,-0.021065209,-0.021127153,-0.02107561,-0.02107254,-0.021071289,-0.02116001,-0.021103714,-0.02112322,-0.021146733,-0.021081094,-0.021252397
2016-05-05,-0.018832315,-0.0188814,-0.018838111,-0.018810425,-0.018852908,-0.018817533,-0.0188233,-0.018868018,-0.01883747,-0.01881877,-0.01889104,-0.018832464,-0.01882169,-0.018819053,-0.018887285,-0.01886106,-0.018887598,-0.01895212,-0.018833894,-0.019009102
2016-05-06,-0.02274162,-0.02281082,-0.022739563,-0.022730116,-0.022756923,-0.022760022,-0.022747431,-0.022792805,-0.022756565,-0.022673521,-0.02281541,-0.02276333,-0.022738878,-0.022741396,-0.022874076,-0.022785489,-0.022815544,-0.022806589,-0.022758145,-0.022931773
2016-05-09,-0.018819202,-0.018886257,-0.018855918,-0.018807609,-0.018847827,-0.018660773,-0.018816669,-0.018871922,-0.01883166,-0.01874419,-0.01888894,-0.018835757,-0.01881728,-0.018818323,-0.01889633,-0.018866215,-0.018892724,-0.018877301,-0.018841866,-0.019009087
2016-05-10,-0.018824566,-0.018884901,-0.01887456,-0.01881047,-0.018826757,-0.018767852,-0.018815879,-0.018868048,-0.018833686,-0.01871783,-0.018890131,-0.018836189,-0.01881798,-0.01893172,-0.018912721,-0.01886325,-0.018886376,-0.018887434,-0.01883899,-0.019009147
2016-05-11,-0.017434794,-0.017497335,-0.01748975,-0.01742025,-0.01745743,-0.017404843,-0.017446507,-0.017468888,-0.01743986,-0.017402638,-0.01750018,-0.017448235,-0.017429296,-0.017573897,-0.01751073,-0.017480094,-0.017500523,-0.01754928,-0.017447222,-0.017622445
2016-05-12,-0.018823195,-0.018880296,-0.018839855,-0.018809203,-0.018851582,-0.018793497,-0.01877952,-0.018857244,-0.018830452,-0.01881123,-0.018890519,-0.018831182,-0.018816654,-0.018971968,-0.018929843,-0.018856991,-0.018882427,-0.018918294,-0.018835533,-0.018940914
2016-05-13,-0.01882555,-0.018884797,-0.018815253,-0.018809352,-0.018859047,-0.018811125,-0.018804733,-0.01885425,-0.01883303,-0.018811304,-0.018890698,-0.018838305,-0.018819187,-0.018889282,-0.018880118,-0.018858705,-0.018874187,-0.018957857,-0.01883458,-0.018935788
2016-05-16,-0.018823508,-0.018887985,-0.018810604,-0.018807355,-0.018856455,-0.018810023,-0.018810932,-0.018855248,-0.018832613,-0.018818278,-0.018889833,-0.018841375,-0.018819053,-0.018984351,-0.018879924,-0.018867228,-0.01888055,-0.018908504,-0.018832032,-0.018932018
2016-05-17,-0.018820558,-0.018886525,-0.0188088,-0.018810336,-0.018834505,-0.01881053,-0.018806014,-0.018848661,-0.018835519,-0.01881798,-0.018890847,-0.0188382,-0.018820051,-0.018997971,-0.018881205,-0.018857945,-0.018897254,-0.018908177,-0.018834088,-0.018930871
2016-05-18,-0.018822584,-0.018884692,-0.018823061,-0.018808816,-0.018833552,-0.018813614,-0.018812466,-0.018848065,-0.018834714,-0.018744279,-0.018892948,-0.018837813,-0.018823374,-0.019002277,-0.01887976,-0.018856857,-0.018963117,-0.018904272,-0.018830407,-0.018879179
2016-05-19,-0.01882406,-0.01888514,-0.018825132,-0.018808145,-0.018824656,-0.018813733,-0.01881497,-0.01886179,-0.01883443,-0.018735219,-0.018891338,-0.018836472,-0.018827934,-0.018813182,-0.018878851,-0.018859867,-0.018823568,-0.018900353,-0.018835474,-0.018879045
2016-05-20,-0.016019288,-0.016078565,-0.016047869,-0.016005147,-0.01602732,-0.016010035,-0.016011301,-0.016064707,-0.016032804,-0.015992168,-0.01608171,-0.016031194,-0.016017798,-0.016069252,-0.016070504,-0.01605532,-0.016023759,-0.016042907,-0.016049165,-0.016070474
2016-05-23,-0.0192415,-0.019299421,-0.019252274,-0.019220237,-0.019253392,-0.019226167,-0.01922964,-0.019289915,-0.019244362,-0.019218002,-0.019303728,-0.019255597,-0.019232694,-0.01938099,-0.019293088,-0.019273106,-0.01925971,-0.019260857,-0.019261125,-0.019293297
2016-05-24,-0.018828724,-0.018885214,-0.018835414,-0.018809456,-0.018848304,-0.018813286,-0.018814031,-0.018875573,-0.018831063,-0.01880372,-0.0188904,-0.018846516,-0.018818635,-0.018862817,-0.01888128,-0.018857751,-0.018902946,-0.018856619,-0.018855903,-0.018947545
2016-05-25,-0.016416375,-0.016464774,-0.016415227,-0.016394738,-0.016425181,-0.016399655,-0.016403783,-0.016454656,-0.016419385,-0.016400699,-0.016469602,-0.016426701,-0.01640213,-0.016523127,-0.016456846,-0.0164322,-0.016450215,-0.016524393,-0.016447429,-0.016462062
2016-05-26,-0.018828545,-0.018880893,-0.0188105,-0.018806878,-0.018838082,-0.01881558,-0.018811319,-0.018865991,-0.018829588,-0.01882409,-0.01888575,-0.018842552,-0.018815953,-0.018847514,-0.0188776,-0.018843833,-0.01886763,-0.018947009,-0.01886623,-0.018949483
2016-05-27,-0.018824805,-0.018881861,-0.018822629,-0.01880743,-0.018833283,-0.018815655,-0.018809844,-0.018870879,-0.01883078,-0.01882394,-0.018884156,-0.018838901,-0.01881497,-0.01887134,-0.018878523,-0.018862236,-0.018869389,-0.018953789,-0.01886477,-0.018954534
2016-05-31,-0.018824402,-0.018881056,-0.018823896,-0.018807221,-0.018828455,-0.018815402,-0.018813167,-0.018871073,-0.018832404,-0.018823076,-0.018885765,-0.01883671,-0.018814001,-0.018798176,-0.01888116,-0.018864904,-0.01887143,-0.018963967,-0.018847603,-0.019005705
2016-06-01,-0.018826995,-0.01887964,-0.018827725,-0.01880734,-0.018839274,-0.018815864,-0.018812481,-0.01886909,-0.018843193,-0.018823896,-0.018884573,-0.018841136,-0.018814389,-0.018834863,-0.01887812,-0.018864919,-0.01887362,-0.018998671,-0.018839095,-0.01895744
2016-06-02,-0.018825058,-0.018880907,-0.01882777,-0.018807475,-0.018837187,-0.018812079,-0.018813971,-0.01886091,-0.01884431,-0.018823791,-0.018881205,-0.018841807,-0.018812183,-0.018925745,-0.018878449,-0.018857751,-0.018872742,-0.018991757,-0.018838141,-0.019009132
2016-06-03,-0.016691823,-0.016752098,-0.016696502,-0.01667345,-0.016704936,-0.016680319,-0.016679619,-0.01672766,-0.016725589,-0.016690511,-0.01675162,-0.016707424,-0.016679216,-0.016823385,-0.016751308,-0.016723562,-0.016745154,-0.01686545,-0.016712014,-0.016878787
2016-06-06,-0.016231973,-0.01627693,-0.016228113,-0.016207445,-0.016239766,-0.016217563,-0.016211439,-0.01626702,-0.01625045,-0.016224373,-0.016277496,-0.016238559,-0.016215865,-0.016369212,-0.016274814,-0.016263116,-0.016273294,-0.016398448,-0.016246606,-0.01641019
2016-06-07,-0.018829811,-0.018877942,-0.018829796,-0.018808965,-0.018837754,-0.018817369,-0.018813286,-0.018870119,-0.018856768,-0.018823672,-0.018881638,-0.018839631,-0.018815998,-0.018972296,-0.018880505,-0.018856276,-0.018875647,-0.018996675,-0.018849079,-0.019009087
2016-06-08,-0.011213695,-0.011256357,-0.011217897,-0.011195873,-0.011215602,-0.0112031,-0.011196588,-0.011248206,-0.011229326,-0.011207228,-0.011260693,-0.011215721,-0.011205439,-0.011268158,-0.01125512,-0.0112486975,-0.011252706,-0.011379962,-0.011230324,-0.011391033
2016-06-09,-0.01801816,-0.018052343,-0.018022064,-0.018020112,-0.018014316,-0.018002141,-0.017996822,-0.018046651,-0.018019933,-0.018007953,-0.018056545,-0.01801968,-0.018006522,-0.018081252,-0.018022913,-0.018040989,-0.018050406,-0.018176798,-0.018039126,-0.018190581
2016-06-10,-0.018838007,-0.018877093,-0.018837247,-0.018820558,-0.01884221,-0.01882026,-0.01881406,-0.018867735,-0.018840823,-0.018825803,-0.01888189,-0.018841479,-0.01882628,-0.018880818,-0.018843997,-0.018857706,-0.018875334,-0.018993352,-0.018869106,-0.019009087
2016-06-13,-0.017532293,-0.017562244,-0.017519627,-0.017506052,-0.017542813,-0.017509747,-0.017497975,-0.017554764,-0.01753569,-0.01751164,-0.01757187,-0.017524127,-0.017515842,-0.017659638,-0.017548803,-0.017548565,-0.017557982,-0.017684016,-0.017593134,-0.017699126
2016-06-14,-0.018834446,-0.018878195,-0.01883385,-0.01881494,-0.01885051,-0.018817458,-0.018809784,-0.018859077,-0.018838752,-0.01877502,-0.01888216,-0.018843476,-0.01882613,-0.018960465,-0.018874753,-0.018863607,-0.01886997,-0.018993367,-0.018898148,-0.019009057
2016-06-15,-0.016619,-0.0166719,-0.016617883,-0.016602937,-0.016633544,-0.016606841,-0.016606499,-0.01663426,-0.016615663,-0.016531337,-0.016672377,-0.016629998,-0.016615767,-0.016758297,-0.016663525,-0.016654972,-0.016663346,-0.01677962,-0.016666535,-0.016799469
2016-06-16,-0.013425116,-0.013468762,-0.013436441,-0.013420572,-0.01343358,-0.013416682,-0.01342163,-0.013447483,-0.01343057,-0.013338049,-0.013469954,-0.013436426,-0.013425236,-0.013572534,-0.013449316,-0.013462831,-0.013466422,-0.013589879,-0.01344188,-0.013608997
2016-06-17,-0.015557115,-0.015617018,-0.015565758,-0.015546207,-0.015564729,-0.015543331,-0.0155484425,-0.015587633,-0.01555114,-0.015462627,-0.015609254,-0.015571316,-0.015553181,-0.01573797,-0.015588586,-0.015601565,-0.015608658,-0.015718747,-0.015586306,-0.015739162
2016-06-20,-0.016504321,-0.01655664,-0.016506571,-0.016527448,-0.016512308,-0.016486112,-0.016489554,-0.016528357,-0.016503636,-0.016438935,-0.016548354,-0.016515274,-0.016498972,-0.016567338,-0.016550142,-0.016539115,-0.016532887,-0.016667146,-0.01653025,-0.01659875
2016-06-21,-0.012892549,-0.01294433,-0.012896602,-0.012901519,-0.012907376,-0.0128769325,-0.012884025,-0.012928833,-0.012899463,-0.012863194,-0.012941261,-0.012908836,-0.012888466,-0.012930621,-0.012936701,-0.012930025,-0.012926077,-0.0130614685,-0.012911876,-0.01298504
2016-06-22,-0.018829051,-0.018888135,-0.018836964,-0.018829916,-0.0188458,-0.018814806,-0.01882689,-0.01887073,-0.018835742,-0.018813465,-0.01888356,-0.018855054,-0.018831182,-0.01883893,-0.01888116,-0.018871743,-0.018872041,-0.019003082,-0.018861536,-0.018927325
2016-06-23,-0.01725543,-0.017321054,-0.017267112,-0.017258305,-0.017289434,-0.017245565,-0.017249543,-0.017299581,-0.01725914,-0.017239932,-0.017315555,-0.017271955,-0.017262403,-0.017267156,-0.017309312,-0.0173035,-0.017301712,-0.017433766,-0.01728626,-0.017363522
2016-06-24,-0.01444601,-0.014506076,-0.014448007,-0.014429097,-0.014468585,-0.0144284265,-0.014426713,-0.014486422,-0.014450093,-0.014428501,-0.014495735,-0.014463027,-0.014441763,-0.014366363,-0.014565666,-0.014487301,-0.014488866,-0.014623468,-0.014455979,-0.014576574
2016-06-27,-0.013460134,-0.013518353,-0.0134927975,-0.01343817,-0.013477196,-0.013438378,-0.013435741,-0.013495629,-0.013456588,-0.013558258,-0.013507281,-0.013461609,-0.013455783,-0.013364335,-0.01359116,-0.0134982215,-0.013498773,-0.013634224,-0.013465037,-0.013587912
2016-06-28,-0.018832374,-0.018890757,-0.018850211,-0.018811155,-0.018839736,-0.018814612,-0.018810246,-0.018870864,-0.01884066,-0.018847857,-0.018884245,-0.018837962,-0.018826205,-0.01890703,-0.018971939,-0.01886687,-0.018867586,-0.019009028,-0.018830646,-0.018959958
2016-06-29,-0.01883744,-0.018890519,-0.018842015,-0.018809084,-0.018824387,-0.01881801,-0.018810783,-0.018869806,-0.018839587,-0.018841345,-0.018885095,-0.01883893,-0.01882406,-0.018834952,-0.01897766,-0.018865187,-0.018873427,-0.019009013,-0.01885042,-0.018966962
2016-06-30,-0.01669309,-0.016754586,-0.016696412,-0.01666196,-0.016678918,-0.016668636,-0.016662557,-0.016727883,-0.016694117,-0.016689066,-0.016746808,-0.016685653,-0.016677503,-0.01679561,-0.016863812,-0.016721237,-0.01672851,-0.016864855,-0.01669446,-0.016864661
2016-07-01,-0.018837277,-0.018894706,-0.01881725,-0.018810946,-0.01883303,-0.01881728,-0.01881123,-0.018869553,-0.018844057,-0.018858049,-0.018885527,-0.018841494,-0.018826533,-0.018966082,-0.019008342,-0.018862698,-0.018877346,-0.019009057,-0.018835235,-0.019008938
2016-07-05,-0.018449862,-0.018500406,-0.018449415,-0.018426005,-0.018456254,-0.018429134,-0.018426541,-0.018482674,-0.01845396,-0.018427733,-0.018496785,-0.01845314,-0.018438656,-0.018615175,-0.018623788,-0.018479425,-0.01846366,-0.0186241,-0.018462557,-0.018624041
2016-07-06,-0.018828858,-0.018893708,-0.018834744,-0.018809263,-0.018841166,-0.018811751,-0.0188119,-0.01886778,-0.018845472,-0.018824417,-0.01888578,-0.018849958,-0.018820945,-0.018977512,-0.019008819,-0.018867705,-0.018865544,-0.019009087,-0.01884142,-0.019009087
2016-07-07,-0.018825892,-0.018894572,-0.018837888,-0.018809322,-0.018841896,-0.018813718,-0.01881105,-0.018863667,-0.018856142,-0.018828947,-0.018885974,-0.018840898,-0.018823463,-0.019007403,-0.019008938,-0.018864844,-0.018872742,-0.019009028,-0.018848319,-0.019009057
2016-07-08,-0.018657092,-0.018722225,-0.018673185,-0.018643294,-0.018672574,-0.018649999,-0.018647004,-0.018696968,-0.018684376,-0.018666241,-0.018716399,-0.018668372,-0.018653963,-0.018842865,-0.018843774,-0.018691722,-0.018690918,-0.018843833,-0.018672068,-0.018843893
2016-07-11,-0.017583225,-0.017646197,-0.017594952,-0.017564345,-0.017600674,-0.017574672,-0.017569724,-0.017619956,-0.01760121,-0.017585564,-0.017640132,-0.017590795,-0.017579619,-0.0177649,-0.017765421,-0.017627466,-0.017627586,-0.017765436,-0.017595742,-0.017765407
2016-07-12,-0.018827174,-0.018894155,-0.018837709,-0.01880746,-0.018852044,-0.018820021,-0.01881333,-0.018864144,-0.018841524,-0.018819336,-0.018884916,-0.018837992,-0.018833313,-0.019008879,-0.019009087,-0.018874723,-0.01885568,-0.019009057,-0.01883236,-0.019009072
2016-07-13,-0.018826757,-0.01889101,-0.018832881,-0.018809233,-0.018846992,-0.018819813,-0.018812034,-0.018859614,-0.018835876,-0.018826593,-0.018883232,-0.018846858,-0.018827561,-0.019008894,-0.019009043,-0.01887371,-0.018864993,-0.019009028,-0.018828813,-0.019009072
2016-07-14,-0.018839989,-0.018891219,-0.018834803,-0.018809486,-0.018862221,-0.018821303,-0.018810157,-0.018862534,-0.018857796,-0.018804882,-0.018885408,-0.018841658,-0.018835027,-0.019008938,-0.019009072,-0.018860895,-0.0188534,-0.019009028,-0.018831287,-0.019009072
2016-07-15,-0.018838186,-0.018890683,-0.018830169,-0.018808816,-0.018856127,-0.01882169,-0.018812973,-0.018855277,-0.018844295,-0.018806104,-0.018883426,-0.018847797,-0.018829826,-0.019009072,-0.019009102,-0.018875841,-0.018834028,-0.019009072,-0.018818695,-0.019009072
2016-07-18,-0.01651043,-0.01658355,-0.016512964,-0.016484115,-0.016537864,-0.016496811,-0.01649322,-0.01654512,-0.01652569,-0.016489465,-0.01657689,-0.016531829,-0.016501624,-0.016692001,-0.016691957,-0.016540576,-0.016528372,-0.016691912,-0.016509432,-0.016691912
2016-07-19,-0.018825922,-0.018891875,-0.018832419,-0.01882546,-0.01884352,-0.018819366,-0.018817399,-0.018862937,-0.018844623,-0.01882321,-0.018887658,-0.018835712,-0.018823225,-0.019009087,-0.019009087,-0.018854488,-0.018843967,-0.019009072,-0.018836964,-0.019009147
2016-07-20,-0.018822748,-0.018898938,-0.018830676,-0.018828202,-0.018834565,-0.018819902,-0.018815715,-0.018868793,-0.018835593,-0.018778775,-0.018884648,-0.018838141,-0.018825624,-0.019009087,-0.019009087,-0.018843267,-0.018867318,-0.019009072,-0.018836502,-0.019009117
2016-07-21,-0.018822048,-0.018894095,-0.01883291,-0.018815506,-0.018828738,-0.0188171,-0.018811155,-0.018876035,-0.018825937,-0.018919963,-0.01888669,-0.018823016,-0.018823896,-0.019009102,-0.019009043,-0.018826965,-0.018843282,-0.019009072,-0.01884519,-0.019009072
2016-07-22,-0.01591793,-0.015975941,-0.01592641,-0.015900422,-0.015915874,-0.015906844,-0.015900511,-0.015956987,-0.015911672,-0.015844915,-0.015972365,-0.015911538,-0.015914027,-0.016096178,-0.016096089,-0.015918318,-0.015929047,-0.01609606,-0.015925024,-0.016096149
2016-07-25,-0.018825773,-0.01889569,-0.01883452,-0.018807042,-0.018829007,-0.018817756,-0.018813226,-0.018870685,-0.018824209,-0.018768776,-0.018891264,-0.01883522,-0.018855829,-0.019009177,-0.019009087,-0.018843759,-0.018841628,-0.019009072,-0.018829051,-0.019009132
2016-07-26,-0.018821824,-0.018896911,-0.018841643,-0.018805701,-0.01882844,-0.018816028,-0.018816654,-0.018864248,-0.018826935,-0.018743012,-0.018887598,-0.018830676,-0.018862579,-0.019009043,-0.019009072,-0.018848393,-0.018827144,-0.019009072,-0.018828709,-0.019009132
2016-07-27,-0.018822197,-0.018896226,-0.01883759,-0.018810738,-0.018834207,-0.018819425,-0.018815491,-0.018868063,-0.018830378,-0.018762473,-0.018884856,-0.018836994,-0.01884218,-0.019009028,-0.01895528,-0.018837053,-0.01884127,-0.018935937,-0.018824223,-0.019009117
2016-07-28,-0.011556511,-0.011624728,-0.011571442,-0.011550923,-0.011577566,-0.011555706,-0.0115962075,-0.011606057,-0.011566554,-0.011530642,-0.011615072,-0.011581262,-0.011561011,-0.011744131,-0.011675228,-0.011587431,-0.011607681,-0.011664127,-0.011569326,-0.011744057
2016-07-29,-0.017241035,-0.017300624,-0.017254952,-0.017233375,-0.01726878,-0.017238606,-0.01726057,-0.017281,-0.017247427,-0.017220084,-0.017292071,-0.017255325,-0.017229456,-0.017425243,-0.017349962,-0.017253239,-0.017284025,-0.017345238,-0.017263997,-0.017425124
2016-08-01,-0.01798426,-0.018037457,-0.0179866,-0.01796617,-0.018000353,-0.017968033,-0.01799335,-0.018003229,-0.01798134,-0.017968554,-0.018032093,-0.017989147,-0.017961327,-0.018048082,-0.018070001,-0.017995272,-0.018036757,-0.0180814,-0.01800071,-0.018156532
2016-08-02,-0.018864844,-0.018898044,-0.018860418,-0.018813986,-0.018843878,-0.018821944,-0.01883452,-0.018859971,-0.018836249,-0.018824209,-0.018884707,-0.01884291,-0.018831704,-0.018894095,-0.018887613,-0.01885577,-0.0188897,-0.018902216,-0.018857215,-0.019009072
2016-08-03,-0.018871997,-0.018897567,-0.018851746,-0.018813599,-0.01884823,-0.01882257,-0.018821824,-0.018858988,-0.018842522,-0.018829245,-0.01888362,-0.01883531,-0.018841404,-0.018976841,-0.018880147,-0.018846083,-0.018895198,-0.018897045,-0.018859822,-0.019009102
2016-08-04,-0.018881205,-0.01889177,-0.018850017,-0.01881503,-0.018836502,-0.018821273,-0.0188309,-0.018864173,-0.018833835,-0.018829409,-0.018881742,-0.018840808,-0.018832821,-0.018928189,-0.018861894,-0.018859465,-0.018895525,-0.018902157,-0.018857453,-0.019009102
2016-08-05,-0.018875245,-0.018893588,-0.01884139,-0.018811945,-0.018857602,-0.018822152,-0.01882479,-0.018868271,-0.018831436,-0.018826265,-0.018883187,-0.018835474,-0.018830735,-0.018898297,-0.018879566,-0.018854965,-0.018896092,-0.018899981,-0.018854145,-0.019009132
2016-08-08,-0.017254163,-0.01728532,-0.017213825,-0.01720241,-0.017239485,-0.017200936,-0.01719794,-0.017241929,-0.017211605,-0.017204408,-0.017265473,-0.017219175,-0.017220978,-0.017272193,-0.017252777,-0.017229948,-0.017275754,-0.01728252,-0.017236847,-0.017389525
2016-08-09,-0.018870775,-0.018901024,-0.018864203,-0.018822346,-0.018844951,-0.018819738,-0.018836234,-0.018857617,-0.018827964,-0.018829841,-0.018888224,-0.018840719,-0.018827993,-0.018925417,-0.018886972,-0.018863682,-0.018869895,-0.018910486,-0.018847857,-0.019009162
2016-08-10,-0.018868137,-0.018895883,-0.018875662,-0.01881713,-0.018840287,-0.018818814,-0.018816877,-0.018850882,-0.018830124,-0.018831942,-0.018884543,-0.018835414,-0.018828098,-0.018881429,-0.018894006,-0.018872503,-0.018874455,-0.018901814,-0.018835817,-0.019009132
2016-08-11,-0.018872295,-0.01889335,-0.018883172,-0.018812332,-0.018828873,-0.018819947,-0.018821184,-0.018858273,-0.018836204,-0.01881266,-0.018886093,-0.018841524,-0.018828932,-0.018946085,-0.018891443,-0.018869776,-0.018873397,-0.018903513,-0.018839035,-0.019009117
2016-08-12,-0.018850435,-0.018899236,-0.01888429,-0.018808622,-0.018856857,-0.018820498,-0.018814031,-0.018853191,-0.018834326,-0.018824343,-0.018886004,-0.01883838,-0.018825833,-0.018893335,-0.018855635,-0.018872071,-0.01888587,-0.018891681,-0.018839229,-0.019009057
2016-08-15,-0.01886243,-0.018891398,-0.018875454,-0.018810723,-0.018860344,-0.018820766,-0.018810619,-0.01886477,-0.018833686,-0.018834744,-0.018887091,-0.018835519,-0.018830676,-0.01888888,-0.01885644,-0.0188707,-0.018896881,-0.018905569,-0.01884279,-0.019009132
2016-08-16,-0.018855233,-0.018885422,-0.018877048,-0.018878717,-0.018865693,-0.018820394,-0.018842284,-0.018868688,-0.018831644,-0.018832777,-0.018885646,-0.01884273,-0.018828634,-0.018888805,-0.018851224,-0.018856276,-0.018895868,-0.018906731,-0.01885641,-0.019009132
2016-08-17,-0.01846001,-0.018489886,-0.018483628,-0.018446315,-0.018472198,-0.01842967,-0.018436227,-0.018471885,-0.018440995,-0.018441427,-0.018487576,-0.018448208,-0.018438611,-0.018528912,-0.018453214,-0.018476848,-0.018503074,-0.01850747,-0.018454198,-0.01861744
2016-08-18,-0.01888584,-0.01889949,-0.018870924,-0.018823434,-0.018848602,-0.018821392,-0.01883014,-0.018869791,-0.018832032,-0.018828992,-0.018886048,-0.018837992,-0.01888274,-0.018876005,-0.018877584,-0.018857274,-0.018867362,-0.018894855,-0.018837873,-0.019009102
2016-08-19,-0.019741107,-0.019764248,-0.019702557,-0.019693527,-0.019709516,-0.01968937,-0.019696984,-0.019718338,-0.019706164,-0.019701455,-0.019748945,-0.019718263,-0.019756634,-0.019745592,-0.019743923,-0.01973151,-0.019756097,-0.019759748,-0.019705165,-0.019877184
2016-08-22,-0.01629274,-0.016323823,-0.016243014,-0.016238276,-0.016268317,-0.016240437,-0.016242433,-0.016273785,-0.016257036,-0.016252924,-0.016300816,-0.016279463,-0.016308714,-0.016310189,-0.016295064,-0.016286615,-0.016303722,-0.016330216,-0.016250212,-0.01642846
2016-08-23,-0.018879998,-0.01890016,-0.018816028,-0.018810812,-0.018842,-0.018819634,-0.018822018,-0.01885705,-0.018833328,-0.018832866,-0.018886495,-0.018852714,-0.018857423,-0.018881042,-0.01886231,-0.018860314,-0.018887449,-0.01890527,-0.018834833,-0.019009162
2016-08-24,-0.02060825,-0.02065574,-0.020568911,-0.020557437,-0.020582099,-0.020561162,-0.020560969,-0.020601112,-0.020578433,-0.020547975,-0.020634506,-0.020597357,-0.020593528,-0.020605955,-0.020621482,-0.020614747,-0.020608727,-0.0206468,-0.020578254,-0.02075288
2016-08-25,-0.018847931,-0.018912468,-0.018844638,-0.018808875,-0.018841121,-0.018819261,-0.01882321,-0.018862624,-0.018831689,-0.018803407,-0.018894915,-0.018843058,-0.018847708,-0.018857691,-0.018887643,-0.0188738,-0.01886833,-0.018907446,-0.018837113,-0.019009162
2016-08-26,-0.018248204,-0.018309284,-0.018233273,-0.018204305,-0.01823147,-0.018215273,-0.018209312,-0.01825424,-0.018206287,-0.018213052,-0.018287439,-0.018236283,-0.018236283,-0.018235225,-0.018276114,-0.018247757,-0.018271882,-0.018289704,-0.018233646,-0.01840419
2016-08-29,-0.019541088,-0.019614283,-0.019564856,-0.01951817,-0.019553486,-0.019531775,-0.019522328,-0.019567538,-0.019539896,-0.019525547,-0.019602481,-0.019553665,-0.019540641,-0.019534517,-0.019576315,-0.019581113,-0.019579444,-0.019607235,-0.019548435,-0.019719083
2016-08-30,-0.018850226,-0.018905822,-0.018843193,-0.018814955,-0.01884206,-0.018820334,-0.018814478,-0.018862788,-0.018806402,-0.018801812,-0.018894795,-0.018847603,-0.01883616,-0.018863682,-0.018877897,-0.01884887,-0.018860672,-0.018896554,-0.01883522,-0.019009117
2016-08-31,-0.01721676,-0.017273743,-0.017206747,-0.017180566,-0.017208192,-0.017187703,-0.017187018,-0.01723187,-0.017174829,-0.017189685,-0.01726446,-0.017217506,-0.017195452,-0.017234672,-0.01724467,-0.017220337,-0.01724327,-0.017275099,-0.017201949,-0.017377947
2016-09-01,-0.01719043,-0.017236773,-0.017172936,-0.01715042,-0.017178092,-0.01715805,-0.01715717,-0.01720469,-0.017162774,-0.017144386,-0.017230261,-0.017183159,-0.017163489,-0.017189313,-0.017221976,-0.017187152,-0.017197836,-0.017227653,-0.01717,-0.017346341
2016-09-02,-0.018858884,-0.018905003,-0.018819768,-0.01881333,-0.018849734,-0.018820036,-0.018819574,-0.018871922,-0.01883002,-0.018821288,-0.018890653,-0.01885717,-0.018839095,-0.018840346,-0.0188707,-0.018852461,-0.01888265,-0.01889563,-0.018835057,-0.019009072
2016-09-06,-0.018848691,-0.018900532,-0.018830199,-0.018822301,-0.018850747,-0.018820781,-0.018815834,-0.018869672,-0.0188323,-0.018805075,-0.018892441,-0.018851776,-0.018826861,-0.018833596,-0.01887909,-0.018873978,-0.018867765,-0.018893842,-0.01883969,-0.019009102
2016-09-07,-0.018869061,-0.01889785,-0.018841166,-0.018821005,-0.018845055,-0.018821646,-0.018816907,-0.018867183,-0.018816788,-0.018827815,-0.018894214,-0.018848289,-0.018831212,-0.018838558,-0.01888356,-0.018862952,-0.018865291,-0.01890174,-0.018841688,-0.019009117
2016-09-08,-0.01597092,-0.016018603,-0.01594678,-0.015922178,-0.01595186,-0.01592699,-0.01592711,-0.015971858,-0.015940357,-0.015933473,-0.016005997,-0.01596037,-0.015952427,-0.01594514,-0.015987251,-0.015984256,-0.015995506,-0.016016472,-0.015953813,-0.016119111
2016-09-09,-0.018859033,-0.018909264,-0.018844057,-0.018811587,-0.018845115,-0.018820722,-0.018815044,-0.018859077,-0.018830884,-0.01882765,-0.01888721,-0.018835817,-0.01883978,-0.018854205,-0.018864129,-0.018879075,-0.018890116,-0.018897746,-0.018834773,-0.019009087
2016-09-12,-0.01884346,-0.018893022,-0.018839959,-0.018807042,-0.018851329,-0.018820468,-0.01881111,-0.018866617,-0.01883142,-0.018828187,-0.018890012,-0.018850986,-0.018829692,-0.018851776,-0.018847723,-0.018881474,-0.018889967,-0.018892352,-0.018833239,-0.019009043
2016-09-13,-0.018828917,-0.018893946,-0.018833894,-0.018807638,-0.018846575,-0.018820304,-0.018808965,-0.018867854,-0.018826474,-0.018820722,-0.018890161,-0.018850211,-0.018823598,-0.018861223,-0.018836517,-0.018882085,-0.018890042,-0.018894065,-0.018836755,-0.019009028
2016-09-14,-0.012644564,-0.012608324,-0.01255085,-0.01252522,-0.012561803,-0.0125358,-0.012523462,-0.012575273,-0.0125402855,-0.012540315,-0.012598743,-0.012562607,-0.012529542,-0.012566228,-0.012550299,-0.012589683,-0.012605776,-0.012609144,-0.012547736,-0.012722914
2016-09-15,-0.015860412,-0.015805203,-0.015732098,-0.015716437,-0.015743006,-0.01572362,-0.015714396,-0.015767265,-0.015734304,-0.015728507,-0.0157899,-0.015760694,-0.015724603,-0.015704814,-0.01574621,-0.015774865,-0.015781406,-0.015790109,-0.015740816,-0.015913878
2016-09-16,-0.017763678,-0.017697755,-0.017637152,-0.017606098,-0.017636646,-0.017615397,-0.017604131,-0.01764724,-0.01763061,-0.017620075,-0.017683584,-0.017652098,-0.017630655,-0.017596338,-0.017633263,-0.017658237,-0.017667923,-0.017681602,-0.017634276,-0.017805029
2016-09-19,-0.018977497,-0.018907074,-0.018848214,-0.018813867,-0.018842343,-0.01882032,-0.018810678,-0.018846665,-0.018830542,-0.018824223,-0.01889037,-0.018852014,-0.01884443,-0.018817622,-0.018845666,-0.01886085,-0.018874574,-0.01890402,-0.0188406,-0.019009057
2016-09-20,-0.018938158,-0.018896017,-0.018844265,-0.018810172,-0.018832702,-0.018821184,-0.01881047,-0.018859793,-0.018832717,-0.018824164,-0.018890146,-0.018850733,-0.018826518,-0.018861387,-0.018841151,-0.01886103,-0.01887161,-0.018906627,-0.018849183,-0.019009057
2016-09-21,-0.01768333,-0.017685506,-0.017626438,-0.01760194,-0.017642457,-0.017616455,-0.017609213,-0.017650027,-0.01762474,-0.017618317,-0.017678726,-0.017643515,-0.017616514,-0.017629672,-0.017623145,-0.017657477,-0.017664421,-0.01768129,-0.01765557,-0.017802048
2016-09-22,-0.015499731,-0.015531917,-0.015463998,-0.015442436,-0.0154858725,-0.015457486,-0.015447726,-0.015499149,-0.01547197,-0.015459453,-0.0155220525,-0.015472283,-0.015444805,-0.0153871225,-0.015468408,-0.015509461,-0.015484099,-0.015522425,-0.015482594,-0.015643883
2016-09-23,-0.011777286,-0.011820008,-0.011756157,-0.011734937,-0.01178046,-0.011750405,-0.011742492,-0.01179402,-0.011761879,-0.01175337,-0.011811276,-0.011770417,-0.011753281,-0.011745875,-0.011751627,-0.011800279,-0.011790861,-0.0118232565,-0.011777868,-0.011935924
2016-09-26,-0.018212665,-0.018301357,-0.018244613,-0.018224362,-0.018261958,-0.018188212,-0.018234048,-0.01827963,-0.018246863,-0.0182436,-0.018298943,-0.018254641,-0.018237669,-0.018213678,-0.018241096,-0.018278647,-0.018286277,-0.018307555,-0.018254627,-0.018425051
2016-09-27,-0.018817667,-0.018880565,-0.018870536,-0.018807132,-0.018830616,-0.018734608,-0.018817041,-0.018865008,-0.018833656,-0.018825654,-0.018887896,-0.018832657,-0.018818427,-0.018782098,-0.018825833,-0.018860225,-0.018855307,-0.018889908,-0.018827919,-0.019009057
2016-09-28,-0.018818427,-0.018877853,-0.018880922,-0.018807713,-0.018833745,-0.018754978,-0.018819887,-0.018867228,-0.018833596,-0.018825892,-0.018887673,-0.01883765,-0.018819544,-0.018793736,-0.01882184,-0.018854652,-0.01887228,-0.018889505,-0.018838737,-0.019009072
2016-09-29,-0.020193655,-0.02023575,-0.020244423,-0.020176638,-0.020198766,-0.020114798,-0.020182628,-0.020227779,-0.02019969,-0.02019364,-0.020240743,-0.02020279,-0.020181376,-0.020165715,-0.020193253,-0.020206098,-0.020230193,-0.020240176,-0.020208288,-0.020375747
2016-09-30,-0.012656589,-0.012718339,-0.012717565,-0.01263683,-0.0126583325,-0.012621318,-0.012640093,-0.012693797,-0.012657066,-0.012653966,-0.012712185,-0.012670969,-0.012643193,-0.012655695,-0.01265574,-0.0126904,-0.012695049,-0.012717326,-0.012692084,-0.012838711
2016-10-03,-0.014260982,-0.014319395,-0.014304404,-0.014239137,-0.014272277,-0.014244099,-0.014241819,-0.014299844,-0.014256944,-0.014257138,-0.014315908,-0.014273827,-0.014256363,-0.014266853,-0.014258464,-0.01428843,-0.014308025,-0.014322002,-0.014305715,-0.014441182
2016-10-04,-0.018842254,-0.018889356,-0.018840615,-0.018808458,-0.018839572,-0.018791843,-0.018807802,-0.018867362,-0.018826399,-0.018825669,-0.018884812,-0.018849839,-0.018828843,-0.018840555,-0.018827874,-0.018864814,-0.01886705,-0.01889171,-0.018879984,-0.019009087
2016-10-05,-0.016959552,-0.016992513,-0.016935442,-0.016928662,-0.016964752,-0.01689567,-0.016931463,-0.016986493,-0.01694711,-0.016950388,-0.017000858,-0.016965736,-0.016938824,-0.016956542,-0.016946439,-0.016987536,-0.016976018,-0.017007295,-0.01698992,-0.017128143
2016-10-06,-0.018837098,-0.018869434,-0.018813673,-0.018811885,-0.018850435,-0.018762473,-0.018812213,-0.01887371,-0.018872846,-0.018831346,-0.018883083,-0.01884276,-0.018819321,-0.018836502,-0.018854458,-0.018864904,-0.018874858,-0.018890802,-0.018871654,-0.019009057
2016-10-07,-0.018838692,-0.018873442,-0.018813644,-0.01881637,-0.01885258,-0.01880503,-0.01883905,-0.018861223,-0.018889803,-0.01882841,-0.018887404,-0.018834818,-0.018823195,-0.018836934,-0.018865976,-0.018858973,-0.01888736,-0.018874068,-0.018848602,-0.019009117
2016-10-10,-0.018833626,-0.018884156,-0.018835772,-0.018811498,-0.018852253,-0.018817116,-0.018827993,-0.01886024,-0.018889252,-0.018827233,-0.018889386,-0.018833447,-0.018831048,-0.018832196,-0.018874887,-0.018862475,-0.018883456,-0.018873233,-0.01885419,-0.019009057
2016-10-11,-0.018838827,-0.01888651,-0.018838797,-0.018811215,-0.01884969,-0.018819604,-0.018820558,-0.018854383,-0.018883739,-0.018826429,-0.018887851,-0.018833507,-0.018832628,-0.01883543,-0.018884126,-0.018851597,-0.018866885,-0.018873159,-0.018862266,-0.019009072
2016-10-12,-0.018836696,-0.018886197,-0.01884048,-0.01880968,-0.018833537,-0.018818904,-0.018820528,-0.018856425,-0.018853698,-0.01882625,-0.018888924,-0.018835876,-0.018819887,-0.01883899,-0.018871713,-0.018857185,-0.018883351,-0.018877659,-0.018874023,-0.019009043
2016-10-13,-0.018837977,-0.018884096,-0.018840212,-0.01880877,-0.01882333,-0.018818934,-0.018811557,-0.018857274,-0.018870596,-0.018825624,-0.018889282,-0.018838901,-0.018830094,-0.018836368,-0.018882249,-0.01886848,-0.01885632,-0.018884603,-0.018864874,-0.019009087
2016-10-14,-0.017836247,-0.0178794,-0.01785979,-0.017803747,-0.01782221,-0.017814044,-0.017809305,-0.017849658,-0.01784854,-0.01782148,-0.01788475,-0.017834995,-0.017804686,-0.017833669,-0.017875839,-0.017846439,-0.017832208,-0.017875481,-0.017860059,-0.018003795
2016-10-17,-0.01877347,-0.018822167,-0.018812973,-0.018744115,-0.018756185,-0.018757198,-0.01874927,-0.018793885,-0.018782217,-0.018763829,-0.01882698,-0.018773321,-0.018744621,-0.01877718,-0.018766332,-0.018799875,-0.018782485,-0.018816907,-0.018801454,-0.018944968
2016-10-18,-0.018838871,-0.018888135,-0.018883202,-0.01881108,-0.018828396,-0.018820632,-0.018828679,-0.018862013,-0.018845592,-0.018827725,-0.018893514,-0.018836368,-0.018802974,-0.018835235,-0.018838633,-0.018848289,-0.018875007,-0.018880326,-0.018874574,-0.019009087
2016-10-19,-0.018841747,-0.018887404,-0.018886182,-0.018811021,-0.018833641,-0.018821869,-0.018831614,-0.018866438,-0.018849853,-0.018828977,-0.018890414,-0.018842611,-0.018817652,-0.018844802,-0.018860135,-0.018849943,-0.018898118,-0.018887032,-0.018872771,-0.019009117
2016-10-20,-0.01883826,-0.018881474,-0.018849526,-0.018811543,-0.018829275,-0.018821333,-0.018820826,-0.018866275,-0.018867422,-0.018827204,-0.01889624,-0.018832777,-0.018832538,-0.018853117,-0.018826175,-0.018843148,-0.018888537,-0.01888952,-0.018861774,-0.019009117
2016-10-21,-0.018833254,-0.018873531,-0.018825758,-0.018809665,-0.018824626,-0.018815283,-0.018814538,-0.018842537,-0.018862877,-0.018823061,-0.018890504,-0.018829439,-0.018827084,-0.018718336,-0.018827815,-0.01883069,-0.018895153,-0.018895838,-0.018824998,-0.019009087
2016-10-24,-0.018830884,-0.018871117,-0.018823374,-0.018808562,-0.01884887,-0.01881725,-0.018809024,-0.018857915,-0.018852089,-0.01882473,-0.018911753,-0.018831167,-0.018847037,-0.018806014,-0.01882847,-0.01883294,-0.018889803,-0.018899474,-0.01881789,-0.019009087
2016-10-25,-0.018827546,-0.018875498,-0.018815327,-0.018807609,-0.01885401,-0.018816877,-0.018824968,-0.018860448,-0.01885334,-0.018834013,-0.01889873,-0.018831227,-0.018819649,-0.018837858,-0.018829156,-0.018832568,-0.018884007,-0.018903408,-0.018821169,-0.019009132
2016-10-26,-0.016171802,-0.01623014,-0.016170818,-0.016150314,-0.016189966,-0.01615915,-0.016177658,-0.016213197,-0.016206253,-0.0161835,-0.01624893,-0.01618654,-0.016167406,-0.016127769,-0.016224299,-0.01619624,-0.016198818,-0.016238917,-0.016164053,-0.016356248
2016-10-27,-0.018114183,-0.018161241,-0.018112782,-0.01808973,-0.018117446,-0.01809575,-0.018099356,-0.018158127,-0.018122528,-0.01811238,-0.018164355,-0.018125359,-0.018099029,-0.018026937,-0.018168304,-0.01813111,-0.018130455,-0.018172089,-0.018115986,-0.018288482
2016-10-28,-0.018830065,-0.018881235,-0.018831048,-0.018808264,-0.018834624,-0.018811438,-0.018860612,-0.018870894,-0.018836979,-0.018827964,-0.01890916,-0.018839393,-0.018798355,-0.018675912,-0.018880684,-0.01884361,-0.01885334,-0.018892441,-0.018830184,-0.019009102
2016-10-31,-0.018834341,-0.01889104,-0.01883686,-0.018807296,-0.018828783,-0.018810008,-0.018826578,-0.018873695,-0.018825117,-0.018826026,-0.018899579,-0.018833283,-0.018807534,-0.01876219,-0.018861864,-0.01884647,-0.0188593,-0.018889803,-0.018828828,-0.019009043
2016-11-01,-0.018863995,-0.018899042,-0.018839631,-0.018808607,-0.018841837,-0.018810365,-0.018845428,-0.018873144,-0.018834729,-0.01882619,-0.018903065,-0.018835071,-0.018831257,-0.018804137,-0.018835861,-0.018836964,-0.018850569,-0.018887345,-0.018833164,-0.019009147
2016-11-02,-0.015815515,-0.015851025,-0.01580343,-0.015781794,-0.015807513,-0.01578245,-0.015804935,-0.015840743,-0.01581398,-0.015794475,-0.015854854,-0.015796546,-0.01579659,-0.01579279,-0.015811909,-0.015812967,-0.015824575,-0.01585557,-0.015806574,-0.01597913
2016-11-03,-0.01886763,-0.018889595,-0.018835057,-0.018807504,-0.018827412,-0.018810231,-0.018823002,-0.018875334,-0.018860165,-0.018823002,-0.018887985,-0.01882996,-0.018822614,-0.018828694,-0.018832225,-0.01886623,-0.018869791,-0.018890176,-0.018853638,-0.019009057
2016-11-04,-0.019919518,-0.01997343,-0.019915018,-0.019890714,-0.01991472,-0.019891504,-0.019912396,-0.019955177,-0.019951764,-0.019905869,-0.019966085,-0.019915435,-0.019908685,-0.019910503,-0.019947518,-0.019949261,-0.01994041,-0.01996218,-0.019924153,-0.020090569
2016-11-07,-0.019849483,-0.019922126,-0.019858915,-0.019831184,-0.01986261,-0.019831989,-0.019841034,-0.019898016,-0.01988459,-0.019845251,-0.019923795,-0.019853268,-0.019850034,-0.019844431,-0.019910041,-0.019889046,-0.01989143,-0.019905139,-0.019859824,-0.02003156
2016-11-08,-0.018828306,-0.01890235,-0.018835265,-0.018806834,-0.018854786,-0.018807579,-0.01882771,-0.018871892,-0.018855993,-0.018822853,-0.018899549,-0.018835772,-0.018818442,-0.01881944,-0.01888587,-0.018868256,-0.01885854,-0.018887509,-0.01883151,-0.019009043
2016-11-09,-0.018824596,-0.01890089,-0.018831674,-0.018806685,-0.018850569,-0.018807221,-0.018824998,-0.018868703,-0.018832553,-0.018822882,-0.018894065,-0.01883917,-0.018835668,-0.018820498,-0.018891577,-0.018867124,-0.01884887,-0.018886719,-0.018825445,-0.019009043
2016-11-10,-0.018834312,-0.018893871,-0.018837903,-0.018806476,-0.018838484,-0.01880807,-0.018821482,-0.018869836,-0.01885629,-0.01882312,-0.018897805,-0.018838871,-0.018831793,-0.018747214,-0.018862877,-0.01885556,-0.0188458,-0.018888626,-0.018835742,-0.019008998
2016-11-11,-0.018826071,-0.018887926,-0.01884063,-0.0188067,-0.018833298,-0.018811185,-0.018814627,-0.01886833,-0.018845487,-0.018823002,-0.018897299,-0.018844578,-0.0188202,-0.018793855,-0.018862832,-0.018835831,-0.018847067,-0.01888891,-0.018830571,-0.019008998
2016-11-14,-0.014776816,-0.014844154,-0.014799525,-0.0147608565,-0.014789258,-0.014768903,-0.014769216,-0.014824946,-0.014798467,-0.0147789465,-0.014857789,-0.014813368,-0.014778902,-0.01476868,-0.014821564,-0.014778008,-0.014798437,-0.014839833,-0.01478516,-0.014962112
2016-11-15,-0.014765416,-0.01483116,-0.0147801535,-0.014749234,-0.014776875,-0.014754166,-0.01475661,-0.0148160355,-0.014787187,-0.014765118,-0.014833753,-0.014790867,-0.014759679,-0.0147619145,-0.014812802,-0.01477838,-0.014786218,-0.014826198,-0.014795546,-0.014949952
2016-11-16,-0.018825088,-0.018883992,-0.018847723,-0.01880804,-0.018839497,-0.018814389,-0.018818531,-0.018873218,-0.018845607,-0.018824954,-0.018894035,-0.01884507,-0.018827695,-0.01882111,-0.018872652,-0.018831003,-0.018843312,-0.018881444,-0.018871356,-0.019009057
2016-11-17,-0.018824775,-0.018887449,-0.01883668,-0.018807206,-0.018832032,-0.018813033,-0.018828932,-0.018869657,-0.01885276,-0.018825073,-0.018894885,-0.018838111,-0.018828336,-0.018828068,-0.018861461,-0.018840853,-0.018835355,-0.018888045,-0.018864337,-0.019009087
2016-11-18,-0.01689646,-0.016968656,-0.016909305,-0.016880292,-0.016905177,-0.01688521,-0.016938556,-0.016947437,-0.016919274,-0.01689506,-0.016980622,-0.016906042,-0.016895685,-0.016898174,-0.016917039,-0.016915593,-0.01692817,-0.016970623,-0.01692744,-0.017086316
2016-11-21,-0.01882485,-0.018886898,-0.018840794,-0.018811021,-0.018846292,-0.018813733,-0.01885644,-0.018868003,-0.01885325,-0.018825311,-0.018896509,-0.018843237,-0.018826012,-0.018826623,-0.018830825,-0.018842775,-0.018853832,-0.018889327,-0.018826086,-0.019009132
2016-11-22,-0.018821452,-0.018885422,-0.018859286,-0.018810619,-0.01885647,-0.018752906,-0.018828157,-0.018868227,-0.018841002,-0.018824834,-0.018891934,-0.018842895,-0.018829588,-0.018826935,-0.018847633,-0.018843371,-0.01885045,-0.01888724,-0.018814687,-0.019009087
2016-11-23,-0.018821348,-0.018886525,-0.01886769,-0.018808696,-0.018849585,-0.018729035,-0.018822405,-0.018870432,-0.018842328,-0.01882397,-0.01889937,-0.018842015,-0.018861506,-0.018827591,-0.01886477,-0.01882929,-0.018856216,-0.018891502,-0.018822823,-0.019009072
2016-11-25,-0.018322561,-0.018394697,-0.018356014,-0.018311325,-0.01834317,-0.018230084,-0.018315304,-0.01837467,-0.018339548,-0.01832651,-0.018410478,-0.018344615,-0.018379781,-0.018329654,-0.018383685,-0.018332351,-0.018350262,-0.018398646,-0.018344525,-0.018513892
2016-11-28,-0.025113422,-0.025183205,-0.025136385,-0.025098715,-0.02512439,-0.024993662,-0.025107387,-0.025160555,-0.025124092,-0.025114808,-0.025203917,-0.025126357,-0.025153715,-0.025118146,-0.025161583,-0.025129948,-0.02512883,-0.025180716,-0.02515595,-0.025299955
2016-11-29,-0.018823225,-0.018891696,-0.018826682,-0.018808324,-0.018828083,-0.018583614,-0.018819172,-0.018868688,-0.018856276,-0.018823925,-0.018895868,-0.018837828,-0.018878508,-0.018824283,-0.018862966,-0.018841002,-0.018865619,-0.01888815,-0.01884595,-0.019009132
2016-11-30,-0.017465565,-0.017533425,-0.01747531,-0.01745503,-0.017481048,-0.017184708,-0.017461393,-0.01751222,-0.017488498,-0.017467383,-0.017544944,-0.017482061,-0.01749641,-0.017468888,-0.017504875,-0.017500628,-0.01750413,-0.017528597,-0.017494444,-0.01765107
2016-12-01,-0.018823508,-0.01889402,-0.018834952,-0.01880971,-0.018844385,-0.01854046,-0.018815342,-0.018870685,-0.018845666,-0.018826116,-0.018894915,-0.01884276,-0.018866453,-0.018825728,-0.018869374,-0.018844683,-0.018845443,-0.018888403,-0.018830795,-0.019009057
2016-12-02,-0.01836555,-0.018422667,-0.0183771,-0.018349413,-0.018385042,-0.01816668,-0.018358428,-0.018406887,-0.018382523,-0.018365119,-0.018446017,-0.018378574,-0.018383954,-0.01836576,-0.018419955,-0.018379796,-0.018380333,-0.018417764,-0.018362794,-0.018549178
2016-12-05,-0.01882315,-0.018887538,-0.018840495,-0.018807579,-0.018845487,-0.018711973,-0.018822227,-0.018877361,-0.018834282,-0.018823821,-0.018908415,-0.018844236,-0.018841822,-0.01882546,-0.018889982,-0.018853087,-0.018830318,-0.018888671,-0.018832806,-0.019009072
2016-12-06,-0.018823076,-0.018888954,-0.018841181,-0.018806864,-0.018848512,-0.018579934,-0.01881798,-0.018877167,-0.018848885,-0.018826608,-0.018914271,-0.018851522,-0.018851701,-0.018824968,-0.018886331,-0.018859673,-0.018832881,-0.018884066,-0.018823985,-0.019009072
2016-12-07,-0.016177181,-0.016197328,-0.016158614,-0.01611944,-0.01616468,-0.016029675,-0.016130079,-0.016180638,-0.016167972,-0.016136799,-0.016216088,-0.016155142,-0.016159717,-0.016134668,-0.016188879,-0.016188342,-0.016153026,-0.016194243,-0.016152877,-0.016318534
2016-12-08,-0.018861476,-0.01888499,-0.018842507,-0.01880819,-0.01884358,-0.018743534,-0.018812824,-0.018870313,-0.018849555,-0.01882543,-0.018906686,-0.018843118,-0.0188299,-0.018821035,-0.018882398,-0.01884896,-0.01883972,-0.018888462,-0.01883458,-0.019009043
2016-12-09,-0.014502798,-0.014535327,-0.014493068,-0.014464994,-0.014500593,-0.014451255,-0.014467319,-0.014525835,-0.014523734,-0.014480998,-0.014571224,-0.014495646,-0.014479642,-0.014479165,-0.014535998,-0.014510502,-0.014498879,-0.0145389335,-0.014493828,-0.014662792
2016-12-12,-0.018865902,-0.018882636,-0.018840794,-0.018807936,-0.018851671,-0.018815968,-0.018815327,-0.018877808,-0.018866617,-0.018826772,-0.018912558,-0.018844087,-0.018826608,-0.018824968,-0.018874455,-0.018843088,-0.018841181,-0.018887732,-0.01883914,-0.019009057
2016-12-13,-0.01885802,-0.018880878,-0.018835638,-0.018808398,-0.018846903,-0.018815998,-0.018811855,-0.018878896,-0.018852431,-0.01882616,-0.018920008,-0.018841688,-0.018811468,-0.018826041,-0.018865723,-0.018861178,-0.018845234,-0.018886674,-0.018834535,-0.019009057
2016-12-14,-0.010581751,-0.010622595,-0.010576536,-0.010551368,-0.010596191,-0.010560204,-0.010552053,-0.010614668,-0.010573884,-0.010566567,-0.010647555,-0.0105861025,-0.010559131,-0.010563274,-0.010601168,-0.010599841,-0.010582377,-0.01062793,-0.0105731385,-0.010749315
2016-12-15,-0.013699804,-0.01375029,-0.01370493,-0.013679062,-0.013711517,-0.013693293,-0.013679777,-0.013742869,-0.013689746,-0.0136946635,-0.01377659,-0.013707166,-0.013681998,-0.013692428,-0.013734599,-0.013730277,-0.013706689,-0.013754343,-0.013698225,-0.013878201
2016-12-16,-0.016860131,-0.016913105,-0.016871575,-0.016835455,-0.016871754,-0.016804744,-0.016840655,-0.016902108,-0.016865972,-0.016852949,-0.016944755,-0.016866613,-0.016840402,-0.016848508,-0.016870502,-0.016904254,-0.016869862,-0.016916905,-0.016857851,-0.01703656
2016-12-19,-0.01520126,-0.015218158,-0.015180965,-0.015141894,-0.015171428,-0.01512823,-0.015146946,-0.015205954,-0.015194406,-0.015160178,-0.015254785,-0.015192126,-0.015159209,-0.015156691,-0.015162517,-0.015195851,-0.0151765095,-0.015221317,-0.015163486,-0.0153423445
2016-12-20,-0.018877361,-0.018887434,-0.018852878,-0.018808622,-0.01884121,-0.018762235,-0.018822972,-0.018869001,-0.018851746,-0.018827502,-0.018920932,-0.018848184,-0.018824894,-0.018823344,-0.018828917,-0.018874455,-0.018858586,-0.018888239,-0.018840421,-0.019009057
2016-12-21,-0.017511372,-0.01751468,-0.017486531,-0.017441425,-0.01747397,-0.01735947,-0.017449904,-0.017495874,-0.017475534,-0.017459277,-0.017525468,-0.017474268,-0.017426122,-0.017454866,-0.01745287,-0.01748987,-0.01748151,-0.017511088,-0.017477814,-0.017639372
2016-12-22,-0.018863443,-0.01888967,-0.018843237,-0.01881205,-0.01883683,-0.01877055,-0.01882023,-0.018867243,-0.018854115,-0.018826518,-0.01897398,-0.018844891,-0.018851403,-0.018827174,-0.018840495,-0.018875916,-0.018863428,-0.018884663,-0.018842045,-0.019009087
2016-12-23,-0.019792471,-0.019817565,-0.019778151,-0.019741658,-0.019777466,-0.019729394,-0.019747932,-0.019798223,-0.019769121,-0.019758765,-0.019866485,-0.019762907,-0.019764844,-0.01975866,-0.019773904,-0.019806985,-0.01979046,-0.019817282,-0.019768495,-0.019942213
2016-12-27,-0.011953761,-0.011979063,-0.011944433,-0.011907061,-0.011949201,-0.011913438,-0.011919041,-0.01196218,-0.011945476,-0.011924778,-0.012070079,-0.011935432,-0.011926402,-0.011927684,-0.011965741,-0.01197431,-0.011963849,-0.011984532,-0.011930545,-0.012106215
2016-12-28,-0.018855978,-0.018883217,-0.018844996,-0.018808145,-0.018857498,-0.018820051,-0.01883829,-0.018858735,-0.018858556,-0.018825505,-0.018964965,-0.018838841,-0.018821124,-0.01882862,-0.018846963,-0.018864546,-0.018872265,-0.018889371,-0.018828783,-0.019009132
2016-12-29,-0.018859912,-0.018884499,-0.0188548,-0.018807013,-0.018860225,-0.018817324,-0.018820945,-0.018865455,-0.018831093,-0.01882543,-0.019006405,-0.01883537,-0.018812183,-0.018825669,-0.018834714,-0.018856768,-0.018867318,-0.018894006,-0.018831883,-0.019009043
2016-12-30,-0.018854324,-0.01888277,-0.01883677,-0.018807385,-0.018850926,-0.018807042,-0.018816043,-0.018867705,-0.01881868,-0.0188354,-0.018986974,-0.018838558,-0.018828291,-0.018828142,-0.01883467,-0.0188465,-0.018859435,-0.018896434,-0.018832747,-0.019009057
2017-01-03,-0.017611284,-0.017659996,-0.017622907,-0.017584477,-0.017615948,-0.017594922,-0.017587725,-0.017643277,-0.017608497,-0.017603505,-0.017716262,-0.01761325,-0.017601196,-0.01760662,-0.017594118,-0.017634887,-0.017638896,-0.017669547,-0.017609257,-0.017787982
2017-01-04,-0.018823374,-0.018878046,-0.018840555,-0.018807191,-0.018848259,-0.018822152,-0.018809665,-0.018868063,-0.018831287,-0.018825222,-0.019004513,-0.018835533,-0.018827263,-0.018829558,-0.018846069,-0.018874217,-0.018872965,-0.018886987,-0.018833656,-0.019009057
2017-01-05,-0.013247793,-0.013297548,-0.013261755,-0.013234054,-0.01327609,-0.013249387,-0.013243233,-0.013288503,-0.013257806,-0.013250326,-0.013390903,-0.013262351,-0.013253768,-0.0132573,-0.013290142,-0.013300155,-0.01330099,-0.0133058475,-0.013260146,-0.013433491
2017-01-06,-0.018821497,-0.018883351,-0.018839423,-0.018807907,-0.018848348,-0.018780623,-0.01881418,-0.01886468,-0.018833224,-0.018822704,-0.018951062,-0.018837038,-0.01882619,-0.018829484,-0.018853683,-0.018877406,-0.018853102,-0.018887449,-0.018829647,-0.019009057
2017-01-09,-0.015855718,-0.01590534,-0.015860263,-0.01583964,-0.015879039,-0.015815947,-0.015843812,-0.015891362,-0.01588555,-0.015852723,-0.015928123,-0.015869547,-0.015860204,-0.015859772,-0.015880335,-0.015888948,-0.015871111,-0.015910227,-0.015858386,-0.016038004
2017-01-10,-0.018829335,-0.018883917,-0.01883452,-0.01881053,-0.018840853,-0.018806119,-0.018813912,-0.018863369,-0.018866424,-0.018823836,-0.018994797,-0.018854398,-0.01882771,-0.018830363,-0.018854175,-0.018855039,-0.018831808,-0.01889259,-0.01883145,-0.019009117
2017-01-11,-0.017998565,-0.018046964,-0.0180205,-0.017979521,-0.018014375,-0.017962087,-0.017984483,-0.018026251,-0.018023927,-0.017995078,-0.018111873,-0.018017564,-0.017998029,-0.01799864,-0.01801451,-0.018036295,-0.017999712,-0.018061865,-0.018005777,-0.018178914
2017-01-12,-0.018828798,-0.018872786,-0.018842015,-0.018808205,-0.018840376,-0.018806268,-0.018811975,-0.018860955,-0.0188534,-0.018827025,-0.01893643,-0.018844742,-0.018829126,-0.018830094,-0.018858034,-0.018865395,-0.018849242,-0.018886585,-0.018840093,-0.019009057
2017-01-13,-0.018824134,-0.018875767,-0.018838082,-0.018807132,-0.01883759,-0.018810872,-0.018811826,-0.01886097,-0.018835757,-0.018825296,-0.01894069,-0.018844847,-0.018827308,-0.018827263,-0.018863011,-0.018862206,-0.018845845,-0.018885706,-0.018835504,-0.019009043
2017-01-17,-0.018822078,-0.018880326,-0.018833522,-0.018808845,-0.018838052,-0.018812556,-0.018812079,-0.018867899,-0.018835131,-0.018825222,-0.018963877,-0.01884358,-0.01882704,-0.018826175,-0.018860403,-0.018865827,-0.018855635,-0.018889908,-0.018831555,-0.019009102
2017-01-18,-0.018824447,-0.018878732,-0.018819246,-0.018807743,-0.018852938,-0.018799786,-0.018812794,-0.01887386,-0.018838901,-0.018825088,-0.018938888,-0.01883978,-0.018827517,-0.018826995,-0.018856484,-0.01885948,-0.01885121,-0.018891905,-0.018835235,-0.019009087
2017-01-19,-0.020366479,-0.020421062,-0.02036411,-0.020347435,-0.020381588,-0.020354707,-0.020349536,-0.020418141,-0.020373423,-0.020361949,-0.020456452,-0.020375956,-0.020366538,-0.020367373,-0.020402972,-0.020404998,-0.020371143,-0.020438794,-0.020374123,-0.020548183
2017-01-20,-0.018825281,-0.018872533,-0.018843357,-0.018808011,-0.018830258,-0.01882248,-0.018813912,-0.01886985,-0.01883917,-0.0188247,-0.018913854,-0.018837366,-0.01882917,-0.018831331,-0.018866885,-0.018864635,-0.018828426,-0.018887047,-0.018836562,-0.019009043
2017-01-23,-0.013930877,-0.013973464,-0.013954227,-0.013913696,-0.013933231,-0.013927315,-0.013918509,-0.013966803,-0.01394016,-0.01393113,-0.014022906,-0.013939311,-0.013932993,-0.013933246,-0.013972287,-0.0139567,-0.013931443,-0.0139895575,-0.013937672,-0.014114101
2017-01-24,-0.018826354,-0.018870328,-0.018839542,-0.018807862,-0.018820394,-0.01882327,-0.018813405,-0.018864322,-0.018838067,-0.018822778,-0.018919844,-0.018838797,-0.018829886,-0.018828873,-0.018874068,-0.018860716,-0.018830184,-0.018890966,-0.018830616,-0.019009087
2017-01-25,-0.018833805,-0.018875066,-0.018833715,-0.018807936,-0.018833015,-0.018770773,-0.018813703,-0.018863905,-0.018836904,-0.018824387,-0.018888298,-0.01884647,-0.018829722,-0.018830616,-0.018841509,-0.018865738,-0.018831749,-0.018890042,-0.018871773,-0.019009057
2017-01-26,-0.018829454,-0.01887511,-0.018835682,-0.018807534,-0.018834207,-0.018763486,-0.018815253,-0.018867392,-0.018832032,-0.018824492,-0.018888894,-0.018843163,-0.018829692,-0.01883005,-0.018828709,-0.01886173,-0.018835712,-0.01888873,-0.018845636,-0.019009043
2017-01-27,-0.018826876,-0.018877316,-0.01883838,-0.018807147,-0.018840197,-0.018765438,-0.018812794,-0.018870402,-0.018835668,-0.018825967,-0.018886868,-0.018839631,-0.018826414,-0.018830646,-0.018815536,-0.018858183,-0.018835265,-0.018888328,-0.01883686,-0.019009087
2017-01-30,-0.018827844,-0.018881384,-0.018842522,-0.018807191,-0.018834088,-0.018764678,-0.018811692,-0.018869597,-0.018835653,-0.018828813,-0.01888721,-0.018834937,-0.01882412,-0.018831108,-0.018796612,-0.018843625,-0.018831749,-0.018891681,-0.018832702,-0.019009087
2017-01-31,-0.018835444,-0.018883247,-0.018834282,-0.018809635,-0.018830303,-0.018765066,-0.018811572,-0.01886103,-0.018825684,-0.018826578,-0.018886048,-0.01882932,-0.018775288,-0.018830676,-0.018830646,-0.018852893,-0.01883753,-0.01889326,-0.01883066,-0.019009043
2017-02-01,-0.016202156,-0.016260628,-0.016202394,-0.016180757,-0.016205106,-0.016085599,-0.01621874,-0.016236398,-0.016199324,-0.01619475,-0.016263682,-0.016206209,-0.016182814,-0.016203571,-0.016193826,-0.016231108,-0.01620834,-0.016266484,-0.016239617,-0.01638307
2017-02-02,-0.019516263,-0.019563917,-0.01951449,-0.019498575,-0.019519392,-0.0193878,-0.019518722,-0.019549537,-0.019521628,-0.019516353,-0.019570608,-0.019527141,-0.019517828,-0.019521717,-0.019516412,-0.019547898,-0.019519899,-0.019568462,-0.019568417,-0.019697819
2017-02-03,-0.012728964,-0.012790521,-0.012737264,-0.012717356,-0.0127475755,-0.012670879,-0.012727116,-0.012776692,-0.0127564715,-0.01265641,-0.0127922045,-0.01275221,-0.0127410935,-0.012734477,-0.012724091,-0.012762298,-0.0127403485,-0.012793382,-0.012745594,-0.012917657
2017-02-06,-0.016793955,-0.016857225,-0.016822238,-0.016790006,-0.016818482,-0.016749013,-0.01679561,-0.016851101,-0.016816799,-0.016751725,-0.01686104,-0.016823862,-0.016807634,-0.016805593,-0.016791139,-0.016812492,-0.016815234,-0.016863916,-0.016807023,-0.016990948
2017-02-07,-0.018820602,-0.01887833,-0.018860627,-0.0188112,-0.01883686,-0.018804912,-0.018809829,-0.01887295,-0.018838722,-0.018823568,-0.018887747,-0.018838082,-0.018827636,-0.018826175,-0.018834073,-0.018855635,-0.01884057,-0.018889476,-0.018824387,-0.019009087
2017-02-08,-0.01882546,-0.018881265,-0.018859688,-0.018811781,-0.01884364,-0.018807266,-0.018815238,-0.018875469,-0.018856067,-0.018827055,-0.01888742,-0.018838618,-0.018829007,-0.01882783,-0.018832777,-0.018860582,-0.018839631,-0.018888373,-0.018830065,-0.019009043
2017-02-09,-0.018865395,-0.018884528,-0.018836353,-0.018811662,-0.018834356,-0.018816087,-0.018815551,-0.018877257,-0.018838752,-0.018831465,-0.018882144,-0.018840048,-0.018838335,-0.018829707,-0.018838052,-0.018866051,-0.018837918,-0.018882934,-0.01884054,-0.019009043
2017-02-10,-0.018884111,-0.01888581,-0.018830333,-0.01880962,-0.018838394,-0.018821169,-0.018816162,-0.018877212,-0.01886097,-0.018824223,-0.018880088,-0.018838752,-0.018834207,-0.018834133,-0.018840734,-0.01887827,-0.01883452,-0.018881787,-0.01884583,-0.019009043
2017-02-13,-0.01888356,-0.018885035,-0.018860448,-0.018808845,-0.018832702,-0.018822405,-0.018815655,-0.018874932,-0.018867735,-0.018752653,-0.018879224,-0.01883826,-0.018829588,-0.018828038,-0.018840406,-0.01887216,-0.01883765,-0.018881772,-0.018837962,-0.019009028
2017-02-14,-0.018805254,-0.018886376,-0.018874872,-0.018812437,-0.018829767,-0.018820617,-0.018812884,-0.01887292,-0.018847663,-0.018812332,-0.018880296,-0.018836875,-0.018836413,-0.018822942,-0.018877137,-0.018853057,-0.018836457,-0.018883962,-0.018850911,-0.019009043
2017-02-15,-0.018801127,-0.018886764,-0.018877763,-0.01881339,-0.01882999,-0.018822525,-0.018812884,-0.018872965,-0.018857557,-0.018782426,-0.018884052,-0.0188427,-0.018831212,-0.018825013,-0.018877272,-0.018852223,-0.018839154,-0.018884856,-0.018847857,-0.019009043
2017-02-16,-0.018818084,-0.018883321,-0.018859718,-0.018810246,-0.018828545,-0.018822793,-0.018816043,-0.018865693,-0.018839497,-0.01880822,-0.01888581,-0.01884206,-0.018828694,-0.018822152,-0.01887976,-0.01884893,-0.018836144,-0.018887866,-0.01885191,-0.019009028
2017-02-17,-0.017950851,-0.017996285,-0.017971251,-0.01794276,-0.017965693,-0.017956171,-0.017946769,-0.0179904,-0.01796991,-0.017918754,-0.018000592,-0.01797605,-0.017964471,-0.017961327,-0.01798788,-0.01797456,-0.017963234,-0.01799554,-0.017981384,-0.018139783
2017-02-21,-0.015191202,-0.015239839,-0.015189205,-0.015164216,-0.015195941,-0.015178506,-0.015168075,-0.015231376,-0.015207385,-0.015123849,-0.015239914,-0.015206178,-0.015183871,-0.015182172,-0.015196745,-0.015227293,-0.015200769,-0.015243669,-0.015198563,-0.015366008
2017-02-22,-0.018820826,-0.018881802,-0.018829245,-0.018807624,-0.018838469,-0.018822823,-0.01881184,-0.018867064,-0.018828396,-0.018724892,-0.018884156,-0.018837873,-0.018832091,-0.01882713,-0.018852655,-0.01885872,-0.018839959,-0.018883143,-0.018846575,-0.019009043
2017-02-23,-0.018825162,-0.018884186,-0.018826429,-0.018809129,-0.018830884,-0.01882093,-0.018810976,-0.018856574,-0.018794362,-0.018752757,-0.018886361,-0.018841539,-0.018824954,-0.018825684,-0.018853877,-0.0188686,-0.018837888,-0.018884186,-0.018840555,-0.019009057
2017-02-24,-0.018821973,-0.01888873,-0.018821973,-0.018929068,-0.018824805,-0.018818606,-0.018810812,-0.018853206,-0.018823165,-0.018780757,-0.018886331,-0.01884738,-0.018823046,-0.018821318,-0.018855203,-0.018862102,-0.018826935,-0.018882055,-0.018834803,-0.019009043
2017-02-27,-0.018231321,-0.018287573,-0.01822615,-0.018359158,-0.018221471,-0.018220682,-0.018211994,-0.018255118,-0.018247966,-0.01816899,-0.018288199,-0.018243138,-0.018223558,-0.01822329,-0.018242616,-0.018270317,-0.018233541,-0.01827963,-0.018241871,-0.018410001
2017-02-28,-0.018830124,-0.01889259,-0.018828783,-0.018852744,-0.018827815,-0.018821348,-0.0188112,-0.01885729,-0.0188638,-0.01879068,-0.018890116,-0.018853981,-0.018830646,-0.018858586,-0.018852461,-0.018862356,-0.01883218,-0.01887888,-0.018846322,-0.019009057
2017-03-01,-0.018833596,-0.018888209,-0.01882856,-0.018828843,-0.018828664,-0.01882257,-0.018810827,-0.018864293,-0.018856455,-0.018780995,-0.018886242,-0.01884729,-0.01883084,-0.01886231,-0.018845323,-0.01886532,-0.018832926,-0.018878225,-0.01886325,-0.019009057
2017-03-02,-0.018858675,-0.01889107,-0.018829841,-0.018843565,-0.018856306,-0.0188226,-0.01881482,-0.0188638,-0.018830616,-0.018810485,-0.018881653,-0.018840794,-0.018832657,-0.018881772,-0.018836115,-0.0188707,-0.018839393,-0.018877763,-0.018858258,-0.019009013
2017-03-03,-0.01784924,-0.017861802,-0.017807055,-0.017819215,-0.017834801,-0.01780245,-0.017794613,-0.017836992,-0.017797995,-0.017797787,-0.017854173,-0.017823089,-0.017813448,-0.017817859,-0.017830674,-0.017845426,-0.017803822,-0.017843757,-0.01784477,-0.01798712
2017-03-06,-0.018850643,-0.018893752,-0.018826801,-0.018811125,-0.018857662,-0.01882254,-0.01881503,-0.018859152,-0.018816385,-0.018821869,-0.018887568,-0.018837813,-0.01883066,-0.018809978,-0.018827695,-0.018879939,-0.018833075,-0.018876452,-0.018870328,-0.019009043
2017-03-07,-0.018809397,-0.018889774,-0.018825311,-0.018809099,-0.018848661,-0.018823002,-0.018812437,-0.018859047,-0.018821318,-0.018821899,-0.018889565,-0.01884592,-0.018827263,-0.018814284,-0.01883443,-0.018878598,-0.018835265,-0.018877719,-0.018867705,-0.019009043
2017-03-08,-0.018836055,-0.01889271,-0.018822301,-0.018809173,-0.018834043,-0.018823449,-0.018812437,-0.018860403,-0.018831808,-0.018820722,-0.0188873,-0.018838678,-0.018825848,-0.018821064,-0.018847886,-0.018864308,-0.018831242,-0.018879611,-0.018873502,-0.019009057
2017-03-09,-0.014673595,-0.014716958,-0.014645641,-0.014639829,-0.014648502,-0.014648517,-0.014638578,-0.014689748,-0.0146550285,-0.0146452235,-0.014708777,-0.014659111,-0.014649828,-0.014650335,-0.014690672,-0.014677917,-0.014657249,-0.014700388,-0.014680763,-0.01483496
2017-03-10,-0.014869605,-0.014910941,-0.01484934,-0.014836525,-0.014876311,-0.014849667,-0.0148404585,-0.0148865925,-0.014856552,-0.014844243,-0.014904921,-0.014862214,-0.0148559855,-0.014848893,-0.014893134,-0.014881422,-0.014855047,-0.01489522,-0.014878397,-0.015033205
2017-03-13,-0.018244479,-0.018302802,-0.018237162,-0.018222425,-0.018275607,-0.01823369,-0.018225718,-0.01825564,-0.018240351,-0.018229011,-0.018294666,-0.018242378,-0.018250097,-0.018231813,-0.018267516,-0.018281568,-0.018241618,-0.018284012,-0.01825172,-0.01842076
2017-03-14,-0.018819455,-0.018890578,-0.018824507,-0.018815104,-0.018859882,-0.018823478,-0.018812943,-0.018853877,-0.01882935,-0.018856306,-0.018886764,-0.01884069,-0.018832836,-0.018824983,-0.018831495,-0.01886617,-0.01883823,-0.018877868,-0.018844116,-0.019009102
2017-03-15,-0.018122662,-0.018211339,-0.018145952,-0.018136341,-0.018182803,-0.018143926,-0.018134166,-0.018169228,-0.01815005,-0.018145163,-0.018204663,-0.018162433,-0.01815306,-0.018144924,-0.01814865,-0.01819146,-0.018160913,-0.018196259,-0.018159289,-0.018329341
2017-03-16,-0.016994927,-0.01705413,-0.016989637,-0.016973455,-0.017006848,-0.016985957,-0.016976122,-0.01701248,-0.016993199,-0.01701999,-0.017047886,-0.01700877,-0.016989011,-0.016985912,-0.01699059,-0.017028932,-0.017002422,-0.017041001,-0.01700649,-0.017171685
2017-03-17,-0.016315673,-0.016373802,-0.016304124,-0.016284157,-0.016318832,-0.016296763,-0.016288701,-0.016323883,-0.016302828,-0.016345445,-0.016362581,-0.016321156,-0.016297553,-0.016298119,-0.016302127,-0.01634549,-0.016307984,-0.016353402,-0.016316582,-0.01648419
2017-03-20,-0.017023612,-0.017072964,-0.01701564,-0.016992975,-0.017011676,-0.017006952,-0.016996253,-0.017034236,-0.017014567,-0.017001707,-0.017061431,-0.017045666,-0.01700646,-0.017003883,-0.01701321,-0.017048333,-0.017003853,-0.01705632,-0.017017964,-0.017192233
2017-03-21,-0.018846203,-0.018895093,-0.018833999,-0.018809307,-0.018836591,-0.018822957,-0.018811379,-0.018861849,-0.018828962,-0.018826608,-0.018883068,-0.018851582,-0.018821169,-0.018819068,-0.018843267,-0.01886459,-0.018824581,-0.018878493,-0.018834446,-0.019009087
2017-03-22,-0.018835086,-0.018890444,-0.018831152,-0.018807862,-0.018843386,-0.018792737,-0.018812854,-0.018865008,-0.018826488,-0.018802587,-0.018883128,-0.018844638,-0.018822107,-0.018816981,-0.018839601,-0.018863607,-0.018823165,-0.018877763,-0.018828128,-0.019009013
2017-03-23,-0.018821392,-0.018889774,-0.018829156,-0.018807802,-0.018843714,-0.018766958,-0.018814672,-0.01886845,-0.018827531,-0.018815745,-0.01888645,-0.018848453,-0.018820781,-0.018816981,-0.01884975,-0.01884145,-0.01882476,-0.018877301,-0.018839646,-0.019009028
2017-03-24,-0.01882923,-0.018891636,-0.018830318,-0.018807817,-0.018863577,-0.018797148,-0.0188188,-0.018855069,-0.018826399,-0.018777106,-0.018885944,-0.01883306,-0.018828187,-0.01881871,-0.018844727,-0.018863652,-0.018830542,-0.0188759,-0.018829543,-0.019009013
2017-03-27,-0.018806893,-0.018890355,-0.018831495,-0.01880731,-0.01884364,-0.018802736,-0.018818427,-0.018852968,-0.018829945,-0.018814687,-0.018886361,-0.018839885,-0.018830258,-0.018817682,-0.018832121,-0.018856648,-0.018830646,-0.01887307,-0.018827293,-0.019008983
2017-03-28,-0.018830169,-0.018889043,-0.018827233,-0.018807162,-0.01883221,-0.01881491,-0.018816803,-0.01884893,-0.018827159,-0.018822107,-0.018886227,-0.018834759,-0.018824998,-0.018817741,-0.018832583,-0.018871147,-0.018833999,-0.018874217,-0.01883297,-0.019008998
2017-03-29,-0.0188451,-0.018886391,-0.018826608,-0.018807475,-0.018823821,-0.018818427,-0.018814761,-0.01885185,-0.018827189,-0.018826399,-0.01888742,-0.01883458,-0.018820364,-0.018817518,-0.018833313,-0.018881459,-0.018832315,-0.018875841,-0.018829424,-0.019009028
2017-03-30,-0.018559713,-0.018593822,-0.01854444,-0.018522624,-0.018542398,-0.018533874,-0.018527482,-0.018556718,-0.018541235,-0.018536571,-0.018591736,-0.018546853,-0.01853745,-0.01864377,-0.018542204,-0.018578608,-0.018551115,-0.01858129,-0.018537808,-0.018723417
2017-03-31,-0.018839974,-0.018890414,-0.018827457,-0.018807668,-0.018826667,-0.018818889,-0.01881196,-0.018843193,-0.01882619,-0.018822033,-0.018886466,-0.018836085,-0.018818263,-0.018959854,-0.018831436,-0.018874276,-0.01883388,-0.018877346,-0.018829543,-0.019009043
2017-04-03,-0.018855724,-0.018890742,-0.018829364,-0.018810738,-0.018834759,-0.018818099,-0.018810857,-0.018838722,-0.018831242,-0.0188226,-0.018886123,-0.018842552,-0.018821362,-0.018906537,-0.018832672,-0.018850673,-0.018841911,-0.018877361,-0.01879545,-0.019009043
2017-04-04,-0.018836234,-0.018887836,-0.01883151,-0.01880974,-0.018844131,-0.018816639,-0.018812466,-0.018844966,-0.01882841,-0.01882464,-0.018886048,-0.018845562,-0.018821184,-0.018905196,-0.018829051,-0.018872712,-0.01883145,-0.018876884,-0.018823747,-0.019009028
2017-04-05,-0.018826667,-0.018888388,-0.018828828,-0.018809576,-0.018826175,-0.018822063,-0.018812705,-0.018845681,-0.018826041,-0.018825684,-0.018885572,-0.018851656,-0.01881719,-0.018930305,-0.018824343,-0.018886391,-0.018819753,-0.018876646,-0.018842522,-0.019009028
2017-04-06,-0.018820737,-0.018888805,-0.018828306,-0.018808637,-0.018840898,-0.018821914,-0.018812913,-0.0188503,-0.018828902,-0.018826399,-0.018886123,-0.018847737,-0.01881938,-0.01892646,-0.018823389,-0.018875334,-0.018824015,-0.018876422,-0.018845368,-0.019008998
2017-04-07,-0.020016614,-0.02013785,-0.020076383,-0.02006093,-0.020075355,-0.020073835,-0.020063866,-0.020099375,-0.020074088,-0.02007385,-0.020134706,-0.020096708,-0.020065356,-0.02013031,-0.020073075,-0.020137388,-0.020065371,-0.020126034,-0.020087603,-0.02025995
2017-04-10,-0.019784603,-0.019858722,-0.019799117,-0.019779224,-0.019809071,-0.019790772,-0.0197821,-0.01981594,-0.019796316,-0.019790921,-0.01985674,-0.019818578,-0.019787434,-0.01984832,-0.019793425,-0.01985519,-0.019794215,-0.019848142,-0.019812081,-0.019979198
2017-04-11,-0.018817846,-0.018889386,-0.01883145,-0.018812004,-0.01885191,-0.018821541,-0.018813763,-0.018851835,-0.018826548,-0.018823568,-0.018885616,-0.018839572,-0.018824134,-0.018879462,-0.018824328,-0.018881906,-0.01882771,-0.018876735,-0.01884361,-0.019009028
2017-04-12,-0.018831808,-0.018887091,-0.01883309,-0.018809129,-0.018857557,-0.018818278,-0.018811602,-0.018856231,-0.018821705,-0.018821497,-0.018886823,-0.018837634,-0.018824179,-0.01887757,-0.018822778,-0.018872265,-0.018828798,-0.01887678,-0.018843088,-0.019008998
2017-04-13,-0.018111262,-0.018169139,-0.018122155,-0.018097702,-0.018140364,-0.018105779,-0.018100936,-0.018150259,-0.018113453,-0.018110815,-0.018172193,-0.01812132,-0.018110875,-0.01816598,-0.018111188,-0.018165145,-0.018141348,-0.018163819,-0.018130261,-0.01829927
2017-04-17,-0.017034981,-0.017096493,-0.017049495,-0.01702777,-0.017048586,-0.017034117,-0.017026965,-0.017076392,-0.017041732,-0.017039511,-0.017098743,-0.017052475,-0.017036933,-0.01709162,-0.01703513,-0.01710141,-0.01706322,-0.01709016,-0.017051209,-0.017226208
2017-04-18,-0.018820364,-0.018887002,-0.018828098,-0.01881357,-0.018839452,-0.018816177,-0.018927786,-0.01885404,-0.018826056,-0.018820588,-0.01888891,-0.018834699,-0.018819842,-0.018880192,-0.018816654,-0.018897045,-0.01884215,-0.018947605,-0.018825177,-0.019008998
2017-04-19,-0.017850716,-0.017914046,-0.01786301,-0.017843891,-0.017872173,-0.017844934,-0.017989341,-0.017877165,-0.017856974,-0.017852027,-0.017916802,-0.017867435,-0.017851148,-0.017905671,-0.017848868,-0.017922033,-0.017885048,-0.017981071,-0.017856095,-0.018039439
2017-04-20,-0.014815723,-0.014923443,-0.014866834,-0.014846583,-0.014873003,-0.014850055,-0.014883821,-0.0148737775,-0.014870738,-0.014856686,-0.014928793,-0.014872928,-0.0148546295,-0.014917512,-0.014855509,-0.014928286,-0.014872138,-0.014927958,-0.01486807,-0.015046646
2017-04-21,-0.018816564,-0.01888493,-0.018832792,-0.0188098,-0.018836427,-0.018816192,-0.018826384,-0.018838156,-0.018848915,-0.018821765,-0.018885378,-0.018831436,-0.018819291,-0.018837009,-0.01881783,-0.01888648,-0.018841896,-0.018883962,-0.018837128,-0.019008998
2017-04-24,-0.018824685,-0.018887717,-0.0188337,-0.018810902,-0.018829588,-0.01881707,-0.018961702,-0.018849302,-0.018845458,-0.018821362,-0.018889133,-0.018838007,-0.018819902,-0.01882111,-0.01881947,-0.01888587,-0.018833209,-0.01900119,-0.018838767,-0.019009028
2017-04-25,-0.018852446,-0.018887285,-0.018827338,-0.01881576,-0.018823344,-0.018819455,-0.018987555,-0.018852983,-0.018833864,-0.01882403,-0.018886704,-0.018831301,-0.018817563,-0.018831614,-0.018826906,-0.018885318,-0.018825341,-0.01894081,-0.01885325,-0.019009028
2017-04-26,-0.018865068,-0.018887345,-0.018831361,-0.018817741,-0.01883382,-0.018820558,-0.018851895,-0.018867645,-0.018832091,-0.018825058,-0.018884454,-0.018833864,-0.01882017,-0.018833715,-0.018827368,-0.018884752,-0.01883692,-0.01888569,-0.018841509,-0.019009028
2017-04-27,-0.018872965,-0.018887255,-0.018831793,-0.018816654,-0.018833373,-0.018820439,-0.018947858,-0.01886909,-0.018824358,-0.0188285,-0.018881459,-0.018846948,-0.01881871,-0.018845651,-0.018831167,-0.018889789,-0.018840749,-0.018887598,-0.01883467,-0.019009028
2017-04-28,-0.018845487,-0.018889565,-0.018832479,-0.018820781,-0.018824134,-0.018821437,-0.018875573,-0.01886468,-0.018822033,-0.018829692,-0.018882696,-0.018845398,-0.018815357,-0.018856842,-0.01882841,-0.018888164,-0.018858392,-0.018934447,-0.018841702,-0.019009043
2017-05-01,-0.01885489,-0.018888418,-0.018832806,-0.0188143,-0.018825654,-0.018819634,-0.018700708,-0.018855412,-0.01882166,-0.018828738,-0.018886644,-0.018844847,-0.018816385,-0.018811915,-0.018826965,-0.018881503,-0.018855471,-0.018891785,-0.01882622,-0.019009028
2017-05-02,-0.018798683,-0.018887792,-0.018833015,-0.018816639,-0.018825028,-0.0188202,-0.01864696,-0.01886103,-0.018820811,-0.018828813,-0.018886331,-0.018834684,-0.018817265,-0.018838603,-0.018827457,-0.018881682,-0.018847127,-0.018953387,-0.018836457,-0.019009043
2017-05-03,-0.01342829,-0.013467436,-0.013417353,-0.013401498,-0.013421644,-0.013406475,-0.013373797,-0.0134469615,-0.013404687,-0.013412734,-0.0134668695,-0.013417666,-0.01340427,-0.01344714,-0.013416563,-0.013460402,-0.013419886,-0.013481875,-0.013435309,-0.013593529
2017-05-04,-0.01886459,-0.018886525,-0.018828873,-0.018815447,-0.018837396,-0.018822942,-0.018799502,-0.018860254,-0.018825758,-0.018828604,-0.018882591,-0.018833224,-0.018816207,-0.01886541,-0.018829066,-0.01887964,-0.018822182,-0.018892009,-0.018849123,-0.019009043
2017-05-05,-0.016686115,-0.01677898,-0.01672012,-0.01670802,-0.01673587,-0.016716976,-0.016705785,-0.01675472,-0.016721759,-0.016723324,-0.016776878,-0.016728763,-0.016712118,-0.016741145,-0.016721863,-0.016777206,-0.016719256,-0.01678494,-0.016740251,-0.01690476
2017-05-08,-0.016646031,-0.016686846,-0.016624395,-0.016609047,-0.016633097,-0.016617227,-0.016624082,-0.01665144,-0.01662201,-0.016624186,-0.016682643,-0.016632784,-0.016613413,-0.016617555,-0.016620968,-0.016687367,-0.016617108,-0.01673298,-0.016637404,-0.016808692
2017-05-09,-0.018844072,-0.018886302,-0.018827248,-0.01881202,-0.01882406,-0.018819768,-0.018824685,-0.0188548,-0.018826324,-0.018827561,-0.018881757,-0.018837038,-0.01881424,-0.018804763,-0.01882844,-0.018886168,-0.018816967,-0.018895064,-0.018833522,-0.019009057
2017-05-10,-0.01885644,-0.01888666,-0.018845905,-0.018811483,-0.018832017,-0.01881956,-0.018933315,-0.018855263,-0.018828753,-0.018828634,-0.01888058,-0.018840361,-0.018817458,-0.018813375,-0.018827666,-0.018891025,-0.018825341,-0.018892247,-0.018829424,-0.019009072
2017-05-11,-0.018863905,-0.018886674,-0.018846575,-0.01881047,-0.018833417,-0.018821064,-0.01896121,-0.018857796,-0.018830333,-0.018829677,-0.01888189,-0.018844996,-0.018823925,-0.01883236,-0.018834088,-0.01888505,-0.018829096,-0.018894825,-0.018848944,-0.019009043
2017-05-12,-0.018858764,-0.018887673,-0.018835742,-0.018809054,-0.018843401,-0.018820379,-0.018969733,-0.018851522,-0.018826503,-0.018828098,-0.0188828,-0.018849347,-0.018820662,-0.018822256,-0.018829245,-0.018881965,-0.018831331,-0.018887687,-0.01885176,-0.019009028
2017-05-15,-0.018866006,-0.018886495,-0.01883373,-0.01880813,-0.018844474,-0.018820409,-0.018978063,-0.018856097,-0.01886094,-0.018827457,-0.018883351,-0.018840406,-0.01881792,-0.018818308,-0.018831197,-0.018888403,-0.018825848,-0.018891234,-0.018849943,-0.019009057
2017-05-16,-0.018868942,-0.018887717,-0.018825669,-0.018810082,-0.018847499,-0.018823016,-0.018887911,-0.018856961,-0.018839244,-0.01882765,-0.01888344,-0.018840048,-0.018820439,-0.01881111,-0.018839885,-0.018872876,-0.018838126,-0.018891145,-0.018852297,-0.019009072
2017-05-17,-0.018870596,-0.018888477,-0.01882762,-0.01880968,-0.018839378,-0.018823747,-0.018791754,-0.018863726,-0.018852565,-0.018827725,-0.018881325,-0.018839303,-0.018819083,-0.018811632,-0.018837813,-0.018881623,-0.018828828,-0.018892247,-0.018860105,-0.019009087
2017-05-18,-0.018858213,-0.018887151,-0.018830854,-0.018809367,-0.018844206,-0.018824402,-0.018728722,-0.018869225,-0.01883002,-0.018827874,-0.018879715,-0.018840317,-0.018822227,-0.018819127,-0.01883671,-0.018873993,-0.018828113,-0.018890787,-0.01885352,-0.019009013
2017-05-19,-0.018835802,-0.018884394,-0.018827531,-0.018808696,-0.018840123,-0.018824551,-0.018699754,-0.018868048,-0.018804047,-0.018826637,-0.018880252,-0.018842239,-0.018820409,-0.0188143,-0.018835638,-0.018886123,-0.01882637,-0.018886525,-0.018848497,-0.019009013
2017-05-22,-0.018812943,-0.01888651,-0.018827502,-0.018807698,-0.018852238,-0.018823106,-0.018697876,-0.018863324,-0.018819291,-0.018826026,-0.01887915,-0.018839378,-0.018820692,-0.018813107,-0.018832047,-0.0188873,-0.01882239,-0.01888423,-0.018832404,-0.019009028
2017-05-23,-0.018805865,-0.018886242,-0.01883233,-0.018807907,-0.018859688,-0.018822793,-0.01866408,-0.018862564,-0.01880734,-0.018826652,-0.018878076,-0.018846799,-0.018822674,-0.0188157,-0.018834565,-0.018896509,-0.018933717,-0.018885065,-0.018842686,-0.019009057
2017-05-24,-0.02092873,-0.021006498,-0.020929936,-0.020952526,-0.020965341,-0.020944912,-0.020891536,-0.020981569,-0.020944629,-0.020950142,-0.020995695,-0.020956311,-0.020944748,-0.020940635,-0.020987425,-0.021003101,-0.021080751,-0.021008242,-0.020963106,-0.02112997
2017-05-25,-0.01881506,-0.018888418,-0.018818233,-0.018827308,-0.018851954,-0.018822778,-0.018806446,-0.018862251,-0.01882546,-0.018827517,-0.018878434,-0.018835757,-0.01882707,-0.018818278,-0.018892232,-0.018881936,-0.01886459,-0.018948663,-0.018834505,-0.019009087
2017-05-26,-0.01882087,-0.018887047,-0.018829871,-0.018816296,-0.018832091,-0.01882333,-0.01881281,-0.018858168,-0.018817965,-0.018826101,-0.018879015,-0.018834416,-0.018824715,-0.018822256,-0.018894408,-0.018877674,-0.018839855,-0.018889714,-0.018845338,-0.019009043
2017-05-30,-0.024857018,-0.024925161,-0.024872635,-0.024849523,-0.024866957,-0.024863992,-0.02486131,-0.024902795,-0.02485815,-0.024866153,-0.024914343,-0.024865646,-0.024858627,-0.024855975,-0.024940152,-0.02491561,-0.025005091,-0.024927724,-0.024892393,-0.025047723
2017-05-31,-0.018816102,-0.01888888,-0.018828783,-0.01880126,-0.018829498,-0.018824372,-0.018821511,-0.018865649,-0.018814731,-0.018826995,-0.018876094,-0.018835101,-0.018816028,-0.018821064,-0.018944625,-0.018871445,-0.018920053,-0.018887643,-0.01884896,-0.019009117
2017-06-01,-0.018830676,-0.018890683,-0.018833462,-0.018805552,-0.018821437,-0.018823776,-0.018821899,-0.018868227,-0.018814582,-0.0188271,-0.018878195,-0.018831406,-0.018814448,-0.018821288,-0.018890638,-0.018877495,-0.018855203,-0.018929351,-0.018856961,-0.019009013
2017-06-02,-0.0186597,-0.018733922,-0.018685553,-0.01864903,-0.018675525,-0.018664915,-0.01866727,-0.018713165,-0.018659193,-0.018667001,-0.018723909,-0.018676106,-0.018658001,-0.018660221,-0.018730152,-0.018720988,-0.018714938,-0.018730614,-0.018689666,-0.018849555
2017-06-05,-0.01912928,-0.019175414,-0.019145746,-0.019119743,-0.01914129,-0.01913442,-0.019138444,-0.019166816,-0.019132052,-0.019137267,-0.019173432,-0.019144375,-0.019130278,-0.019132603,-0.019181672,-0.019177172,-0.019211058,-0.019170467,-0.019132648,-0.019317392
2017-06-06,-0.018817592,-0.018886391,-0.018841032,-0.018807609,-0.018842358,-0.018822331,-0.018823389,-0.018866766,-0.018821914,-0.01882543,-0.018881325,-0.018832255,-0.01881859,-0.018824343,-0.018995006,-0.018884886,-0.018868167,-0.018881414,-0.018833134,-0.019009102
2017-06-07,-0.017641712,-0.017732698,-0.017664406,-0.017638955,-0.017672557,-0.017652426,-0.017654497,-0.017703984,-0.017649252,-0.017656583,-0.017725814,-0.017663304,-0.017652232,-0.017653693,-0.017733563,-0.017728541,-0.01772498,-0.017726664,-0.017668296,-0.017845634
2017-06-08,-0.018819738,-0.018887091,-0.018827785,-0.018807013,-0.018834773,-0.018821497,-0.018817682,-0.018857498,-0.018819395,-0.018824715,-0.018882204,-0.0188299,-0.01882409,-0.018822331,-0.018886123,-0.018885944,-0.018868912,-0.018881787,-0.018834088,-0.019009028
2017-06-09,-0.017125297,-0.017191518,-0.017143745,-0.017112765,-0.017143134,-0.017127354,-0.017120425,-0.017167557,-0.017124522,-0.017129857,-0.017188583,-0.017142657,-0.017131317,-0.017127682,-0.017261896,-0.01718745,-0.017173294,-0.017188568,-0.017151002,-0.017316688
2017-06-12,-0.01882321,-0.018886108,-0.018821675,-0.018806849,-0.01884066,-0.018820737,-0.01875702,-0.018855367,-0.01883823,-0.018824983,-0.018881459,-0.018840495,-0.01882634,-0.018824238,-0.019002456,-0.018883426,-0.018837813,-0.01888122,-0.018840719,-0.019008998
2017-06-13,-0.018815923,-0.018883962,-0.01882552,-0.018808011,-0.018840704,-0.01882181,-0.018794555,-0.018852253,-0.018858645,-0.018825594,-0.018876586,-0.018842522,-0.018825326,-0.018820662,-0.01895957,-0.018878523,-0.018824864,-0.018884245,-0.01884954,-0.019009043
2017-06-14,-0.013925855,-0.013991748,-0.0139297,-0.0139138,-0.013955896,-0.013928224,-0.013914441,-0.013966759,-0.013955017,-0.013932188,-0.013982822,-0.013944034,-0.013936614,-0.013928701,-0.01406676,-0.013982867,-0.013938953,-0.013986205,-0.013946001,-0.014115308
2017-06-15,-0.019567717,-0.019640226,-0.019568745,-0.01955681,-0.01958904,-0.019570742,-0.0195656,-0.019613165,-0.019618813,-0.019576225,-0.019633416,-0.019585837,-0.019585747,-0.019573528,-0.019759987,-0.019632865,-0.019572977,-0.019635532,-0.019595612,-0.019759942
2017-06-16,-0.016343106,-0.016402293,-0.016353387,-0.01632892,-0.016349304,-0.016342599,-0.01633655,-0.016377483,-0.016386423,-0.016345743,-0.016395438,-0.01635215,-0.016350541,-0.01633871,-0.01652849,-0.01639155,-0.016354505,-0.016394813,-0.016387362,-0.016528387
2017-06-19,-0.016992677,-0.017051373,-0.017019454,-0.01697411,-0.017004553,-0.016988624,-0.016981278,-0.017020125,-0.017019454,-0.016991962,-0.017041374,-0.017018218,-0.01699737,-0.016986016,-0.017175067,-0.017042253,-0.016990144,-0.017048988,-0.017010424,-0.017175023
2017-06-20,-0.018825177,-0.01888736,-0.018844027,-0.018809099,-0.018835086,-0.018823016,-0.018778253,-0.01885346,-0.018851716,-0.018826444,-0.018877674,-0.018846098,-0.01883379,-0.018817399,-0.01890916,-0.018879179,-0.018826116,-0.018882502,-0.018846232,-0.019009057
2017-06-21,-0.018830288,-0.018888507,-0.018840943,-0.018809158,-0.018832792,-0.018819649,-0.018796358,-0.018846635,-0.018840004,-0.018823419,-0.018882308,-0.018837336,-0.018830243,-0.018816594,-0.018897433,-0.018874202,-0.018834714,-0.018883679,-0.018833447,-0.019009028
2017-06-22,-0.016587306,-0.016652767,-0.01659574,-0.016566578,-0.016591895,-0.016575221,-0.016566712,-0.016619194,-0.016614903,-0.016578157,-0.01664627,-0.01660921,-0.016591135,-0.016577411,-0.016653243,-0.016622994,-0.016619299,-0.016641337,-0.016589839,-0.016767848
2017-06-23,-0.018843729,-0.018889282,-0.018832196,-0.01881193,-0.018841136,-0.018822242,-0.018826444,-0.018865976,-0.018865962,-0.018824968,-0.018882785,-0.018844757,-0.018837739,-0.018822107,-0.018902827,-0.018861536,-0.018863786,-0.018879239,-0.018864099,-0.019009043
2017-06-26,-0.017745767,-0.017758194,-0.017745096,-0.017709572,-0.017736662,-0.017719988,-0.017728943,-0.017751355,-0.017752338,-0.01772568,-0.017756734,-0.017750163,-0.017733444,-0.017718721,-0.017764438,-0.017738614,-0.017752353,-0.017745052,-0.017743114,-0.017902348
2017-06-27,-0.01885723,-0.018889759,-0.018833864,-0.018810038,-0.018842626,-0.018823702,-0.018830467,-0.018858958,-0.018871818,-0.018830929,-0.018880058,-0.018852357,-0.018840764,-0.01882011,-0.018867705,-0.018872041,-0.01885024,-0.018882487,-0.018841956,-0.019009043
2017-06-28,-0.018855188,-0.01888952,-0.018833328,-0.01880898,-0.018840138,-0.01882406,-0.018819634,-0.018861014,-0.01887079,-0.018830646,-0.01887763,-0.018841062,-0.018835906,-0.018816713,-0.018864218,-0.01887888,-0.018831689,-0.01887745,-0.018838454,-0.019009028
2017-06-29,-0.0188254,-0.018886272,-0.018855322,-0.018808011,-0.018833805,-0.018824566,-0.018818427,-0.018865097,-0.018872414,-0.018829364,-0.018878657,-0.01884279,-0.01883291,-0.018816996,-0.018854383,-0.018877778,-0.018833358,-0.018880729,-0.01883376,-0.019009028
2017-06-30,-0.015059699,-0.015129109,-0.015061845,-0.015044947,-0.015067984,-0.01506104,-0.015061726,-0.01510561,-0.015110274,-0.015063901,-0.015124504,-0.015069251,-0.015072067,-0.0150566595,-0.015183573,-0.015120183,-0.015056421,-0.015120839,-0.015076389,-0.015248512
2017-07-03,-0.025859509,-0.025940362,-0.025873665,-0.02584723,-0.02587359,-0.025864352,-0.025864024,-0.025917668,-0.025916923,-0.02586757,-0.025932673,-0.02588803,-0.025875617,-0.025864366,-0.02593631,-0.02592047,-0.025878657,-0.02593476,-0.025890116,-0.026050318
2017-07-05,-0.01882403,-0.018885199,-0.018838573,-0.018807698,-0.018842105,-0.01882239,-0.018818457,-0.018863264,-0.01886307,-0.018826041,-0.018879611,-0.018845964,-0.018836323,-0.018823016,-0.018886138,-0.018859614,-0.018833507,-0.01888198,-0.018832136,-0.019009028
2017-07-06,-0.018827636,-0.018885408,-0.018816236,-0.018807132,-0.018839885,-0.01882412,-0.01882488,-0.018864322,-0.018867362,-0.018826548,-0.018876899,-0.018836234,-0.018831674,-0.01882011,-0.018894155,-0.01886404,-0.018870283,-0.018878136,-0.018841464,-0.019009028
2017-07-07,-0.022297505,-0.022372026,-0.022312362,-0.022286002,-0.022314448,-0.022301633,-0.022282038,-0.022349838,-0.022310305,-0.022308502,-0.022352163,-0.022324134,-0.022307444,-0.022311557,-0.022378255,-0.022348214,-0.022338886,-0.022359539,-0.022331018,-0.022488374
2017-07-10,-0.020663146,-0.020733092,-0.020690102,-0.020653192,-0.020679135,-0.020669032,-0.020667467,-0.020715777,-0.020663414,-0.020674486,-0.02070922,-0.020688225,-0.020674217,-0.020690788,-0.020699639,-0.0207146,-0.020718787,-0.02072068,-0.020690713,-0.020854596
2017-07-11,-0.018812377,-0.018890996,-0.018828783,-0.018806655,-0.018837873,-0.01882312,-0.018829305,-0.01886772,-0.018811334,-0.018825132,-0.018865097,-0.018843297,-0.018828187,-0.018869031,-0.018858869,-0.018878836,-0.018863115,-0.018881712,-0.018847901,-0.019009087
2017-07-12,-0.018861104,-0.018887911,-0.01883543,-0.018806953,-0.018838678,-0.018824253,-0.018836338,-0.018854085,-0.018810797,-0.018824492,-0.018868718,-0.018844444,-0.018831808,-0.018837366,-0.018853832,-0.01887453,-0.018870626,-0.018877644,-0.01884273,-0.019009043
2017-07-13,-0.017626215,-0.017625917,-0.017573345,-0.017549891,-0.017581541,-0.017562006,-0.017572884,-0.017589021,-0.017565582,-0.01756351,-0.01762018,-0.017576728,-0.017573211,-0.017548729,-0.017594118,-0.017609451,-0.017622117,-0.017617498,-0.017582793,-0.017751146
2017-07-14,-0.018892977,-0.018887345,-0.018826101,-0.01880892,-0.018840034,-0.018821377,-0.018833924,-0.018850747,-0.018823449,-0.018822197,-0.018882934,-0.018829007,-0.01882993,-0.018813673,-0.018859435,-0.018871669,-0.018866692,-0.018878166,-0.018844668,-0.019009057
2017-07-17,-0.015200798,-0.015195389,-0.015145679,-0.015120988,-0.015142565,-0.015130897,-0.015146737,-0.015156825,-0.015139257,-0.015133624,-0.015189205,-0.015148689,-0.015142237,-0.015134712,-0.015151118,-0.015176614,-0.015191172,-0.015180548,-0.015159388,-0.015319516
2017-07-18,-0.015868325,-0.015888218,-0.015814293,-0.015794579,-0.015836556,-0.015804816,-0.015819628,-0.015840445,-0.015816364,-0.015809987,-0.015877087,-0.015830014,-0.015817363,-0.015807886,-0.015857715,-0.015839685,-0.015876744,-0.01587494,-0.015843738,-0.015998174
2017-07-19,-0.018872295,-0.018890027,-0.018828515,-0.018810559,-0.01883835,-0.018826205,-0.018835071,-0.018861655,-0.01883078,-0.018825177,-0.018880028,-0.018843327,-0.018830571,-0.01878712,-0.018883098,-0.01885194,-0.018888224,-0.018877748,-0.01884659,-0.019009043
2017-07-20,-0.01885194,-0.018889803,-0.018826265,-0.018808175,-0.018832806,-0.018823225,-0.018832553,-0.018866677,-0.018829707,-0.018823165,-0.018880356,-0.018837158,-0.018825445,-0.018813733,-0.018913347,-0.018844027,-0.018886913,-0.018877748,-0.018867124,-0.019009117
2017-07-21,-0.018843178,-0.018891636,-0.01882561,-0.018807206,-0.01883689,-0.018822122,-0.018829737,-0.01887754,-0.018830556,-0.018823702,-0.018882025,-0.018828843,-0.018824626,-0.018816818,-0.018920232,-0.01884744,-0.018882487,-0.018877853,-0.018863443,-0.019009087
2017-07-24,-0.017518569,-0.017574597,-0.017509196,-0.017489318,-0.01751839,-0.017499793,-0.017511357,-0.017560516,-0.017514456,-0.01750787,-0.017568413,-0.017518122,-0.017507065,-0.017503817,-0.017565418,-0.01752964,-0.017573241,-0.017560098,-0.01753043,-0.017693225
2017-07-25,-0.018831704,-0.018888924,-0.018827204,-0.018811572,-0.01885267,-0.018816177,-0.018828724,-0.018862177,-0.018832702,-0.018825237,-0.018884066,-0.018836621,-0.018827755,-0.018817935,-0.018931855,-0.018839348,-0.018893126,-0.018877972,-0.018845502,-0.019009117
2017-07-26,-0.018836785,-0.018884677,-0.018831793,-0.0188119,-0.0188444,-0.018818129,-0.018825773,-0.01885404,-0.018835012,-0.018826816,-0.018884767,-0.018856633,-0.018830884,-0.018834848,-0.018913317,-0.018850196,-0.018891934,-0.018877942,-0.018836949,-0.019009057
2017-07-27,-0.018839661,-0.01888043,-0.018830676,-0.018813793,-0.018843088,-0.018818755,-0.018824775,-0.018858317,-0.018836651,-0.018820364,-0.018883783,-0.018856425,-0.018834565,-0.018830154,-0.018894393,-0.018857364,-0.018878479,-0.018877778,-0.018835027,-0.019009043
2017-07-28,-0.01456431,-0.014606898,-0.014547651,-0.014535268,-0.014572238,-0.014543702,-0.014549871,-0.014571224,-0.014554893,-0.014509057,-0.014608179,-0.01456434,-0.014555817,-0.014558305,-0.0145680355,-0.0145721035,-0.01461262,-0.014603321,-0.014566486,-0.014734705
2017-07-31,-0.017623264,-0.0176743,-0.017604519,-0.017594177,-0.017622013,-0.017601747,-0.017609093,-0.017634813,-0.017615084,-0.01758485,-0.017663363,-0.017630238,-0.017627511,-0.017611582,-0.017652754,-0.017622966,-0.01768272,-0.01766299,-0.017621178,-0.017795343
2017-08-01,-0.01883829,-0.018892962,-0.018821795,-0.018808115,-0.018836875,-0.018818293,-0.018825907,-0.018829737,-0.018828336,-0.018792037,-0.018879537,-0.018834773,-0.018830393,-0.018840093,-0.018847395,-0.01883905,-0.018899325,-0.018877644,-0.01885425,-0.019009043
2017-08-02,-0.018857826,-0.018895853,-0.018826816,-0.018808875,-0.018838305,-0.018819276,-0.018826682,-0.018834267,-0.018829662,-0.018819783,-0.01888283,-0.018834341,-0.018834788,-0.018830437,-0.018837426,-0.01885042,-0.01888429,-0.018877108,-0.018849198,-0.019009043
2017-08-03,-0.018840943,-0.018888194,-0.018831331,-0.018809367,-0.01884659,-0.018819813,-0.018826846,-0.018840406,-0.018829484,-0.018824745,-0.01888283,-0.018841002,-0.018829618,-0.018860567,-0.018833954,-0.018867005,-0.018881712,-0.018876601,-0.018843312,-0.019009043
2017-08-04,-0.016108636,-0.016131748,-0.016075034,-0.016055215,-0.01608907,-0.016064603,-0.016083632,-0.016087849,-0.016069133,-0.01607098,-0.016113047,-0.01607022,-0.016065154,-0.016080711,-0.016124252,-0.01612069,-0.016109053,-0.016119782,-0.016086597,-0.016253728
2017-08-07,-0.018883038,-0.018893141,-0.018839259,-0.018816818,-0.018839065,-0.018822093,-0.01883607,-0.018860895,-0.018824968,-0.018827427,-0.018867616,-0.018831078,-0.018832687,-0.018854354,-0.018861208,-0.018876527,-0.0188707,-0.018874574,-0.018826116,-0.019009043
2017-08-08,-0.01883914,-0.01889566,-0.018836234,-0.018816013,-0.018854324,-0.018821824,-0.018836696,-0.018854458,-0.018827353,-0.018809024,-0.018875781,-0.018844653,-0.018835131,-0.018851433,-0.018852744,-0.018850524,-0.018880893,-0.018875677,-0.018844236,-0.019009043
2017-08-09,-0.01884285,-0.01889262,-0.018829215,-0.0188143,-0.018839333,-0.018823285,-0.01883373,-0.018858287,-0.018826682,-0.018808383,-0.018882561,-0.018843938,-0.018839795,-0.018836547,-0.018841986,-0.018854458,-0.018881861,-0.01887614,-0.01884124,-0.019009028
2017-08-10,-0.018816981,-0.01888894,-0.0188247,-0.01881336,-0.018849272,-0.018821824,-0.018823866,-0.018856172,-0.018830467,-0.018794406,-0.018883068,-0.018845994,-0.018833194,-0.018838588,-0.018841464,-0.018859688,-0.018866379,-0.018879224,-0.018837515,-0.019009028
2017-08-11,-0.018847752,-0.018889625,-0.018824551,-0.018814195,-0.01885878,-0.018821482,-0.018828008,-0.018853296,-0.018828306,-0.018819157,-0.018878493,-0.018839348,-0.018829215,-0.01882385,-0.01883081,-0.018858168,-0.01886629,-0.018881742,-0.01883914,-0.019008998
2017-08-14,-0.018883187,-0.01888876,-0.018842388,-0.018814642,-0.018846247,-0.018822286,-0.0188247,-0.01887383,-0.01883005,-0.018828068,-0.018875007,-0.018834922,-0.018833298,-0.01882017,-0.018832449,-0.0188714,-0.018858422,-0.01888049,-0.01883379,-0.019009043
2017-08-15,-0.018877912,-0.018889505,-0.018836562,-0.018814508,-0.018855337,-0.018821198,-0.018832643,-0.018862698,-0.018831749,-0.018823523,-0.018873993,-0.018835414,-0.01882935,-0.01882111,-0.01883449,-0.018867303,-0.018856008,-0.01887836,-0.018836413,-0.019009043
2017-08-16,-0.01888189,-0.01888815,-0.018845696,-0.018814567,-0.018863011,-0.01882257,-0.018832896,-0.018855456,-0.018829647,-0.018829945,-0.018869434,-0.018833403,-0.018835176,-0.01884948,-0.018827368,-0.018844236,-0.018881861,-0.018881489,-0.01882619,-0.019009057
2017-08-17,-0.018906344,-0.018920261,-0.018878002,-0.018860552,-0.018898074,-0.018868167,-0.018876333,-0.018897343,-0.018873382,-0.018877361,-0.018908713,-0.01888134,-0.018883917,-0.018903155,-0.018874574,-0.018886838,-0.018916223,-0.018916894,-0.018872041,-0.019054342
2017-08-18,-0.012481888,-0.012485941,-0.012428482,-0.01241896,-0.0124393,-0.012424638,-0.012428273,-0.0124379,-0.012426023,-0.012433534,-0.01245897,-0.012431656,-0.012432058,-0.012442146,-0.012431,-0.012453635,-0.012473186,-0.012481843,-0.012433504,-0.012610217
2017-08-21,-0.015637431,-0.015640128,-0.015585517,-0.015569438,-0.015603428,-0.015576829,-0.015582551,-0.015599375,-0.015579988,-0.015585591,-0.015617256,-0.015591015,-0.01558875,-0.0155791985,-0.015580331,-0.015606781,-0.015607675,-0.015634838,-0.015584116,-0.01576357
2017-08-22,-0.018880744,-0.01888891,-0.018829424,-0.018814255,-0.018855516,-0.01882254,-0.018836517,-0.018848676,-0.018829737,-0.01882932,-0.018869508,-0.018839572,-0.01883449,-0.018851925,-0.018832851,-0.018869001,-0.018881548,-0.018881667,-0.018836487,-0.019009043
2017-08-23,-0.018881146,-0.018886168,-0.018837292,-0.018814731,-0.018856723,-0.018821973,-0.018842239,-0.018852387,-0.018831689,-0.018828023,-0.018870968,-0.018838767,-0.01883163,-0.018859152,-0.018831197,-0.018849675,-0.018866364,-0.018883992,-0.018857483,-0.019009013
2017-08-24,-0.009349381,-0.009352331,-0.0093276845,-0.009291847,-0.009339397,-0.00929903,-0.009317716,-0.009316658,-0.009307374,-0.009305601,-0.0093450295,-0.009316106,-0.0093102055,-0.009344344,-0.009307628,-0.009319429,-0.009383832,-0.009351184,-0.009321501,-0.009483908
2017-08-25,-0.018881354,-0.018887285,-0.018826772,-0.018811915,-0.01886009,-0.018822405,-0.018836815,-0.018852014,-0.018829871,-0.018826026,-0.01885951,-0.018831525,-0.01883236,-0.018860374,-0.01883297,-0.018845383,-0.018895242,-0.018891353,-0.018826906,-0.019009043
2017-08-28,-0.018880729,-0.018887047,-0.018839512,-0.018810857,-0.018866379,-0.018822853,-0.018826563,-0.018853892,-0.018836547,-0.018826876,-0.018871788,-0.018834967,-0.018829454,-0.018845636,-0.018832017,-0.018848035,-0.018904049,-0.018890057,-0.018825565,-0.019009043
2017-08-29,-0.018881459,-0.018886287,-0.01883683,-0.018811319,-0.018867392,-0.018820975,-0.018827055,-0.018843431,-0.018834729,-0.018826503,-0.01887815,-0.018839035,-0.018832583,-0.018839005,-0.018840242,-0.018852789,-0.018932942,-0.018896807,-0.018828157,-0.019009087
2017-08-30,-0.018884394,-0.018886242,-0.018823314,-0.018816147,-0.018856678,-0.018820856,-0.018831555,-0.01884443,-0.018831719,-0.01882789,-0.018874753,-0.018841673,-0.01883464,-0.018839825,-0.018833507,-0.018851984,-0.01893245,-0.018891025,-0.018825192,-0.019009043
2017-08-31,-0.018884275,-0.01888648,-0.018850658,-0.018821213,-0.018851433,-0.018820528,-0.01883218,-0.018833805,-0.01883157,-0.018835101,-0.01887672,-0.018840525,-0.01883382,-0.018837292,-0.018825728,-0.018843178,-0.01893488,-0.018896569,-0.01885331,-0.019009072
2017-09-01,-0.018880967,-0.018885333,-0.018835593,-0.018815178,-0.018841285,-0.018821377,-0.018833969,-0.018867437,-0.018828068,-0.018831108,-0.01887757,-0.018832881,-0.018831376,-0.018846277,-0.018834908,-0.018852014,-0.01893774,-0.01889712,-0.018839423,-0.019009043
2017-09-05,-0.018879924,-0.018888954,-0.01883227,-0.018818203,-0.018835966,-0.018823434,-0.018828068,-0.01886179,-0.018829573,-0.018837977,-0.018879715,-0.01883218,-0.018830124,-0.018864919,-0.018858377,-0.018860612,-0.018940676,-0.01890016,-0.018833075,-0.019009057
2017-09-06,-0.01888049,-0.018889088,-0.018835817,-0.018821675,-0.018849883,-0.01882333,-0.018828843,-0.018862385,-0.01882926,-0.018831227,-0.018872414,-0.018829692,-0.018829856,-0.018856216,-0.018848304,-0.01886912,-0.018918488,-0.018888537,-0.018832479,-0.019009028
2017-09-07,-0.018885735,-0.018890295,-0.018840555,-0.018751357,-0.018832762,-0.018823046,-0.018829439,-0.01886465,-0.018827025,-0.018826026,-0.018873844,-0.018830646,-0.018828947,-0.018845055,-0.01884203,-0.018878374,-0.018936265,-0.018886287,-0.01883452,-0.019009057
2017-09-08,-0.018891517,-0.018885586,-0.018835563,-0.018730853,-0.018842775,-0.018820692,-0.018829811,-0.018860538,-0.018826757,-0.01883668,-0.01887374,-0.018838037,-0.018830363,-0.018811677,-0.01883516,-0.01885264,-0.018945713,-0.018894944,-0.018828023,-0.019009087
2017-09-11,-0.01661395,-0.01661082,-0.016568605,-0.016450886,-0.016580094,-0.016549546,-0.01656546,-0.016593445,-0.016556833,-0.016555447,-0.016610507,-0.016567204,-0.016560946,-0.01658133,-0.016553808,-0.016593967,-0.016636867,-0.016631577,-0.016565863,-0.01674107
2017-09-12,-0.01888359,-0.018882353,-0.018833581,-0.018784005,-0.018834818,-0.018818352,-0.01883452,-0.018862221,-0.018824909,-0.018823493,-0.018878419,-0.018837322,-0.018833328,-0.018878419,-0.018833224,-0.018860657,-0.018901411,-0.018891785,-0.018839989,-0.019009043
2017-09-13,-0.018882174,-0.018882278,-0.018832002,-0.018800844,-0.018843148,-0.0188171,-0.018831108,-0.0188624,-0.018825043,-0.018826906,-0.018881548,-0.018834267,-0.018832255,-0.018892605,-0.018831793,-0.018849526,-0.018904556,-0.018893827,-0.018862773,-0.019009087
2017-09-14,-0.018886838,-0.018886615,-0.018857066,-0.01880579,-0.018835474,-0.018818084,-0.018823046,-0.018872563,-0.018823136,-0.01882102,-0.018873248,-0.01883069,-0.018829543,-0.018887747,-0.018831182,-0.018852714,-0.01890849,-0.01888943,-0.018817905,-0.019009132
2017-09-15,-0.018878464,-0.01888742,-0.018869225,-0.018808562,-0.01882865,-0.018817786,-0.018819425,-0.018889073,-0.01882251,-0.018824432,-0.018872429,-0.018831197,-0.018828247,-0.01887973,-0.018829796,-0.018839438,-0.018879313,-0.018905867,-0.018835966,-0.019009132
2017-09-18,-0.015294273,-0.015298654,-0.015285541,-0.015223538,-0.01526538,-0.0152315395,-0.015232702,-0.015300279,-0.01523598,-0.015235473,-0.015291085,-0.015254368,-0.015241836,-0.015296717,-0.015249883,-0.015249257,-0.015299548,-0.015313392,-0.015256946,-0.015424599
2017-09-19,-0.018880133,-0.018881474,-0.018845294,-0.018810708,-0.018847737,-0.018819842,-0.01882008,-0.018887345,-0.018823255,-0.018823002,-0.018879537,-0.018832494,-0.018831838,-0.018879164,-0.018834386,-0.018851925,-0.018877942,-0.018898059,-0.018858809,-0.019009057
2017-09-20,-0.016972307,-0.01697943,-0.016932178,-0.01690175,-0.016947258,-0.016913448,-0.016915608,-0.016972069,-0.016916547,-0.016915698,-0.01697937,-0.01692434,-0.016925607,-0.016965244,-0.016925741,-0.016927693,-0.016966183,-0.016980369,-0.016933847,-0.017103288
2017-09-21,-0.016423691,-0.01642925,-0.0163824,-0.016363446,-0.016394664,-0.016371924,-0.016374934,-0.016425628,-0.016373668,-0.0163755,-0.016428608,-0.016382162,-0.01638459,-0.01641697,-0.016389716,-0.016397018,-0.016454611,-0.01643375,-0.016374055,-0.01655883
2017-09-22,-0.011544724,-0.011555244,-0.011495878,-0.011488055,-0.011509229,-0.011496161,-0.011510258,-0.011546229,-0.011496519,-0.0114978,-0.011548032,-0.011495863,-0.011503299,-0.011541744,-0.011530583,-0.011524518,-0.011577402,-0.011575122,-0.01149558,-0.011680667
2017-09-25,-0.021763552,-0.021771241,-0.021795098,-0.021702442,-0.021711607,-0.021712203,-0.02171256,-0.021764789,-0.021713201,-0.021717865,-0.021764014,-0.021719892,-0.021718193,-0.021761913,-0.021737609,-0.021726403,-0.021762285,-0.021779511,-0.021686438,-0.021896962
2017-09-26,-0.019018237,-0.019033331,-0.019050587,-0.018959347,-0.018972877,-0.018967438,-0.01895887,-0.01901855,-0.018970821,-0.01897325,-0.019021172,-0.018972937,-0.018972281,-0.019018192,-0.018981416,-0.018995617,-0.019008834,-0.019027952,-0.018976856,-0.019154046
2017-09-27,-0.016370181,-0.016380984,-0.016364578,-0.016307447,-0.01632372,-0.016314555,-0.016303498,-0.016366918,-0.016315732,-0.016321395,-0.016362716,-0.016321767,-0.016318236,-0.016352464,-0.016322646,-0.016350646,-0.016387153,-0.016378153,-0.016296525,-0.01650228
2017-09-28,-0.018876988,-0.018889029,-0.018873382,-0.01881637,-0.018836904,-0.018823955,-0.018807057,-0.018874843,-0.018825758,-0.018830407,-0.018873204,-0.018837664,-0.018830065,-0.018859793,-0.018831316,-0.018857498,-0.018896732,-0.01890779,-0.018792588,-0.019009087
2017-09-29,-0.0164329,-0.016435016,-0.016463328,-0.016375814,-0.016405854,-0.016381834,-0.016375262,-0.016427804,-0.016381834,-0.016384248,-0.016428996,-0.016396198,-0.016387377,-0.01640736,-0.016404737,-0.016423497,-0.016438577,-0.016442511,-0.01636118,-0.016565833
2017-10-02,-0.01372381,-0.0137300985,-0.013757785,-0.013637652,-0.013692488,-0.013680001,-0.01367407,-0.013704111,-0.01367717,-0.01368082,-0.013726776,-0.013694827,-0.013684784,-0.013706048,-0.01370192,-0.013718952,-0.013745149,-0.013726105,-0.01368985,-0.013861706
2017-10-03,-0.01887973,-0.018885735,-0.018893633,-0.018770922,-0.018838365,-0.01882467,-0.018827979,-0.018838514,-0.018825654,-0.018825267,-0.018884439,-0.01883759,-0.018829528,-0.018854562,-0.0188465,-0.018868495,-0.018883828,-0.018884111,-0.01884808,-0.019009087
2017-10-04,-0.018878583,-0.018889163,-0.018889967,-0.01880506,-0.018832643,-0.01882394,-0.018825177,-0.018857215,-0.01883005,-0.018824566,-0.018884469,-0.018835355,-0.018828694,-0.01884352,-0.01883668,-0.018877465,-0.018880878,-0.018874887,-0.018840764,-0.019009057
2017-10-05,-0.018876228,-0.018885378,-0.018865902,-0.018813793,-0.018829111,-0.018823508,-0.018818472,-0.018870804,-0.01882549,-0.018822882,-0.018874515,-0.018829335,-0.018825281,-0.01885109,-0.018832732,-0.01887672,-0.018886898,-0.0188828,-0.01887289,-0.019009057
2017-10-06,-0.0162181,-0.01623154,-0.016204942,-0.016153459,-0.016168598,-0.016167346,-0.016162802,-0.016191605,-0.016177315,-0.01616757,-0.016214568,-0.016168956,-0.016166795,-0.016198505,-0.016170267,-0.01623251,-0.016252864,-0.016231287,-0.016202647,-0.01635449
2017-10-09,-0.016348947,-0.016370256,-0.016373757,-0.016291294,-0.01631606,-0.01630399,-0.016299281,-0.016353656,-0.01631454,-0.016303722,-0.016342971,-0.016309608,-0.016305331,-0.01635595,-0.016304854,-0.01636656,-0.016337682,-0.016366217,-0.01633874,-0.016491983
2017-10-10,-0.018865395,-0.01889101,-0.018877763,-0.018809441,-0.018839482,-0.01882166,-0.018819023,-0.01887225,-0.018839289,-0.018822301,-0.018869255,-0.018828142,-0.018824417,-0.018883381,-0.018828873,-0.018885378,-0.01884121,-0.018877197,-0.018850643,-0.019009057
2017-10-11,-0.018867362,-0.018890161,-0.018863875,-0.01880904,-0.018833179,-0.018819872,-0.018816952,-0.018833492,-0.018832732,-0.018821362,-0.018864218,-0.018827993,-0.018830005,-0.01888283,-0.01883458,-0.018883709,-0.018839989,-0.01888593,-0.018838946,-0.019009057
2017-10-12,-0.018872473,-0.01888657,-0.018871758,-0.018809173,-0.018844206,-0.0188202,-0.018820379,-0.018876527,-0.018829573,-0.018820528,-0.018871564,-0.01882993,-0.018826965,-0.01887827,-0.018837813,-0.01888581,-0.018864531,-0.018877823,-0.018844623,-0.019009132
2017-10-13,-0.016861666,-0.016885985,-0.016872797,-0.016802806,-0.016838897,-0.016814534,-0.016807962,-0.016849834,-0.016819391,-0.01681571,-0.016877253,-0.016822848,-0.016820837,-0.016869072,-0.016837869,-0.016875494,-0.016869504,-0.016875613,-0.016851116,-0.017004479
2017-10-16,-0.018827874,-0.018850628,-0.01881427,-0.018776465,-0.018806,-0.01879156,-0.018781263,-0.018814329,-0.018825222,-0.018792588,-0.018844236,-0.018799696,-0.018798713,-0.018829484,-0.018801246,-0.018841673,-0.018845025,-0.018844116,-0.018836621,-0.018975157
2017-10-17,-0.018862072,-0.018893559,-0.01885334,-0.018808845,-0.018838022,-0.018824521,-0.018813197,-0.018879343,-0.01888663,-0.018827502,-0.01888718,-0.018830735,-0.01882789,-0.018858988,-0.018834833,-0.01886608,-0.018860254,-0.018885452,-0.018861342,-0.019009072
2017-10-18,-0.0153753655,-0.015397494,-0.015371998,-0.015317713,-0.015344714,-0.015332972,-0.015330811,-0.01537018,-0.015401651,-0.01533476,-0.015386586,-0.0153402435,-0.015336116,-0.015367423,-0.015339811,-0.015377765,-0.015358915,-0.01540566,-0.015356188,-0.015518759
2017-10-19,-0.006848012,-0.0068805115,-0.0068392055,-0.0068046795,-0.006829311,-0.00681739,-0.006809567,-0.0068717794,-0.006880318,-0.0068193125,-0.0068690525,-0.0068244236,-0.0068182396,-0.0068507837,-0.0068253772,-0.006863241,-0.0068295496,-0.006874879,-0.0068372088,-0.0070014196
2017-10-20,-0.017323706,-0.017377455,-0.017325986,-0.017289985,-0.017322022,-0.017305735,-0.017297093,-0.017362986,-0.017307807,-0.017308373,-0.01736917,-0.017313916,-0.017306436,-0.017349128,-0.017309312,-0.017353777,-0.017337505,-0.017378364,-0.01734573,-0.017494146
2017-10-23,-0.016896207,-0.016947452,-0.016892884,-0.016740177,-0.016894523,-0.01687776,-0.016869623,-0.016928185,-0.01686174,-0.0168808,-0.016942862,-0.01689585,-0.016878191,-0.016919542,-0.016881157,-0.016923834,-0.016911764,-0.01695006,-0.016894463,-0.017066304
2017-10-24,-0.018836249,-0.018890623,-0.018865485,-0.018614162,-0.018830705,-0.018823806,-0.018809889,-0.018868316,-0.018851597,-0.01882695,-0.018888239,-0.018835876,-0.018824432,-0.018859375,-0.018828545,-0.018855173,-0.01883844,-0.018891681,-0.018832434,-0.019009057
2017-10-25,-0.01883899,-0.018890519,-0.018846352,-0.018748675,-0.018832985,-0.01882251,-0.018813003,-0.018863011,-0.018821303,-0.018828366,-0.018886346,-0.018835578,-0.018825565,-0.018850196,-0.018824372,-0.018858273,-0.018836636,-0.018889058,-0.018785063,-0.019009028
2017-10-26,-0.010946562,-0.010988434,-0.010953342,-0.010887523,-0.010939618,-0.010923003,-0.010910754,-0.010969137,-0.010936995,-0.010928576,-0.010980924,-0.010940363,-0.010926967,-0.010957469,-0.010932823,-0.010955011,-0.0109456675,-0.010986899,-0.01087663,-0.01111034
2017-10-27,-0.016348261,-0.016347352,-0.016313378,-0.016264591,-0.016296837,-0.016289044,-0.016278151,-0.016317371,-0.016291473,-0.016292084,-0.016341183,-0.01629578,-0.016289983,-0.016316984,-0.016294066,-0.016326595,-0.016315583,-0.016345147,-0.016287763,-0.016473386
2017-10-30,-0.018851299,-0.018888611,-0.018837202,-0.018807549,-0.018839333,-0.018821973,-0.018809427,-0.018859003,-0.018796343,-0.018824775,-0.018879283,-0.018833432,-0.018827353,-0.018817876,-0.018866885,-0.01887447,-0.018834177,-0.018880222,-0.01884598,-0.019009043
2017-10-31,-0.01885854,-0.018887464,-0.018839646,-0.018680159,-0.018831987,-0.01882251,-0.018808667,-0.018862102,-0.01881947,-0.018826295,-0.018881429,-0.018836427,-0.018826563,-0.018817399,-0.018845368,-0.018873129,-0.018835489,-0.018891085,-0.018838558,-0.019009057
2017-11-01,-0.015160029,-0.0151517885,-0.015088235,-0.015013699,-0.015100946,-0.015092944,-0.015081753,-0.015129005,-0.01509357,-0.015098398,-0.015144904,-0.015105669,-0.015100782,-0.015084003,-0.015119364,-0.015143846,-0.015117054,-0.015155931,-0.015107562,-0.015278642
2017-11-02,-0.012197916,-0.0121834325,-0.012125214,-0.011999418,-0.012127613,-0.012118031,-0.012106304,-0.012161066,-0.012121071,-0.01212344,-0.01216874,-0.012129818,-0.012126465,-0.012106319,-0.01213782,-0.012162794,-0.0121282535,-0.01218309,-0.012124573,-0.012304504
2017-11-03,-0.0188897,-0.01888879,-0.01886626,-0.018782932,-0.018830303,-0.018822018,-0.018809576,-0.018864993,-0.018822689,-0.018825565,-0.01887587,-0.018836115,-0.018827725,-0.018823374,-0.018849675,-0.018855203,-0.018835131,-0.01888496,-0.018833417,-0.019009057
2017-11-06,-0.014248942,-0.014277403,-0.0142213,-0.014197339,-0.014224251,-0.014215981,-0.014205326,-0.014262577,-0.014215921,-0.014218529,-0.014271309,-0.014230509,-0.01422291,-0.0142181115,-0.014276971,-0.014269237,-0.014224817,-0.014279042,-0.014228617,-0.014403437
2017-11-07,-0.01890317,-0.018885795,-0.018824283,-0.018812988,-0.018846545,-0.018821243,-0.01880886,-0.018871713,-0.018825818,-0.018824134,-0.018881056,-0.018833641,-0.018828008,-0.01881807,-0.018882949,-0.018857647,-0.018825669,-0.018887613,-0.018873397,-0.019009117
2017-11-08,-0.011906167,-0.01190867,-0.011849319,-0.011845504,-0.011887257,-0.011845251,-0.011842032,-0.011893769,-0.011857201,-0.011850198,-0.0119091915,-0.011861731,-0.011854042,-0.011851405,-0.01190794,-0.01188827,-0.011857961,-0.0119105475,-0.01187857,-0.01196145
2017-11-09,-0.01888663,-0.018885348,-0.018819485,-0.018819306,-0.01884741,-0.018819202,-0.01881558,-0.018867377,-0.018830169,-0.018826474,-0.018883694,-0.018837888,-0.018826846,-0.018826772,-0.018870894,-0.018886391,-0.018839065,-0.018886033,-0.018850405,-0.018904094
2017-11-10,-0.020323474,-0.020335916,-0.020268623,-0.020267759,-0.020289827,-0.02026138,-0.020262647,-0.020298649,-0.020269949,-0.020272974,-0.020332534,-0.02027883,-0.02026831,-0.020272467,-0.020319749,-0.020328868,-0.020276193,-0.020337764,-0.020283747,-0.020357821
2017-11-13,-0.01889849,-0.018885497,-0.018825386,-0.018815536,-0.018826518,-0.018818382,-0.018815521,-0.018857617,-0.018824462,-0.018827189,-0.018885214,-0.018840168,-0.018825281,-0.018826071,-0.0188465,-0.018895034,-0.018840838,-0.018886525,-0.018834475,-0.018908698
2017-11-14,-0.018868525,-0.018885333,-0.01882777,-0.018815625,-0.018828545,-0.018821184,-0.018819455,-0.01886246,-0.01882476,-0.018825833,-0.01888654,-0.01883975,-0.018827159,-0.018832583,-0.01882701,-0.018881757,-0.018834699,-0.018889327,-0.018883113,-0.018884901
2017-11-15,-0.018836651,-0.01888578,-0.018828142,-0.018816818,-0.018846411,-0.018821571,-0.018820766,-0.01886328,-0.01882461,-0.018824894,-0.018883038,-0.018837992,-0.01882704,-0.018829513,-0.018847022,-0.01888666,-0.018839974,-0.018886257,-0.018847052,-0.0188821
2017-11-16,-0.017837021,-0.017897923,-0.017830286,-0.01782431,-0.01784261,-0.01783109,-0.017825369,-0.017881904,-0.017836366,-0.017832447,-0.017895106,-0.01786222,-0.017832655,-0.017834116,-0.017875899,-0.017886717,-0.01785003,-0.017898683,-0.017849151,-0.017896894
2017-11-17,-0.015298848,-0.015350451,-0.015291219,-0.015284439,-0.015309219,-0.01529025,-0.015286808,-0.015333583,-0.015293871,-0.01529107,-0.015346383,-0.015315984,-0.015292485,-0.015291785,-0.015351553,-0.015348827,-0.015301322,-0.015349676,-0.01530606,-0.015335669
2017-11-20,-0.017659534,-0.017714668,-0.017662976,-0.017654601,-0.017691765,-0.01765788,-0.017656256,-0.017701332,-0.017661724,-0.017660577,-0.017713595,-0.017680008,-0.017664496,-0.0176632,-0.017720733,-0.017712492,-0.017675761,-0.017717812,-0.017677698,-0.017704446
2017-11-21,-0.018833388,-0.018887613,-0.018828679,-0.018817965,-0.0188624,-0.018822748,-0.018818144,-0.018858496,-0.01882628,-0.01882467,-0.01888362,-0.018850151,-0.018831182,-0.018833939,-0.018870283,-0.018880177,-0.01884957,-0.018888522,-0.01883914,-0.018872354
2017-11-22,-0.0188316,-0.018882502,-0.01887757,-0.018819649,-0.018870551,-0.018822644,-0.018815923,-0.018863712,-0.01882184,-0.018825997,-0.018885959,-0.018831763,-0.01884194,-0.018828262,-0.018854652,-0.018866722,-0.018845338,-0.018887568,-0.018860448,-0.01887307
2017-11-24,-0.0062304484,-0.00628673,-0.006293942,-0.0062268125,-0.006260653,-0.00623018,-0.0062211053,-0.0062679844,-0.0062263804,-0.00623398,-0.0062869387,-0.006238182,-0.0062483298,-0.006228213,-0.0062643336,-0.0062788473,-0.0062377946,-0.0062890993,-0.0062580304,-0.0062811123
2017-11-27,-0.01112165,-0.011183043,-0.011189093,-0.011122142,-0.011136879,-0.011125644,-0.011116554,-0.011161794,-0.0111213075,-0.011128102,-0.011177202,-0.011143197,-0.011147191,-0.011119236,-0.011163776,-0.011180793,-0.011127521,-0.011182268,-0.011141081,-0.011174132
2017-11-28,-0.018817786,-0.018885452,-0.018881653,-0.018819708,-0.01884571,-0.018824283,-0.018813942,-0.0188686,-0.018823598,-0.018825714,-0.018882219,-0.01883002,-0.018849317,-0.018813062,-0.018865604,-0.018886317,-0.018824626,-0.018885855,-0.01884726,-0.01887231
2017-11-29,-0.01832636,-0.018388811,-0.018381435,-0.01833113,-0.018370736,-0.018332694,-0.018322978,-0.018372763,-0.01833621,-0.018335152,-0.018390004,-0.018349815,-0.018347804,-0.018325899,-0.018385056,-0.018389124,-0.01833858,-0.018390555,-0.018348593,-0.018378098
2017-11-30,-0.015162249,-0.015231957,-0.015209843,-0.01516815,-0.015195717,-0.015169491,-0.01515906,-0.015212555,-0.015174334,-0.015173857,-0.015227069,-0.015183573,-0.015182872,-0.015166496,-0.015213166,-0.015225385,-0.015174692,-0.015226145,-0.015179952,-0.015217279
2017-12-01,-0.019780744,-0.01984704,-0.019827012,-0.01978347,-0.019804914,-0.019783739,-0.019773368,-0.01982512,-0.01979101,-0.01978882,-0.019844282,-0.019794825,-0.019788597,-0.01978295,-0.019833509,-0.019829515,-0.019792829,-0.01984242,-0.01979554,-0.019907165
2017-12-04,-0.01645941,-0.016525555,-0.016498078,-0.016460646,-0.016487617,-0.016461898,-0.016451616,-0.016507644,-0.016472641,-0.016466293,-0.016527463,-0.016486052,-0.016465995,-0.01646011,-0.016511131,-0.016517702,-0.016474295,-0.016523171,-0.016473193,-0.016523901
2017-12-05,-0.01881728,-0.01888435,-0.018850554,-0.01882017,-0.018853027,-0.018819738,-0.018810678,-0.018859912,-0.018827219,-0.018825088,-0.01888669,-0.018839244,-0.018828396,-0.018815491,-0.018871594,-0.01885717,-0.018837813,-0.018882606,-0.01882771,-0.018881518
2017-12-06,-0.0152377235,-0.015296732,-0.015268345,-0.015241121,-0.015281145,-0.015240689,-0.015232329,-0.015278553,-0.015246038,-0.015248557,-0.01529773,-0.01525866,-0.015254547,-0.015235563,-0.015276571,-0.015283142,-0.015252759,-0.015292768,-0.01524881,-0.015290548
2017-12-07,-0.01881862,-0.018886004,-0.018866453,-0.018824909,-0.018873263,-0.01882172,-0.018812913,-0.018862236,-0.018827934,-0.0188278,-0.018886853,-0.018838141,-0.01883844,-0.018822674,-0.018867735,-0.018892545,-0.018831167,-0.01888642,-0.018842135,-0.018927071
2017-12-08,-0.015774984,-0.015836734,-0.01580878,-0.015779678,-0.015819956,-0.015711907,-0.015766177,-0.015809316,-0.015777249,-0.01577695,-0.015832368,-0.015784834,-0.01578686,-0.015775893,-0.015816886,-0.015824977,-0.015783314,-0.015834201,-0.015790273,-0.015822966
2017-12-11,-0.018822167,-0.018888105,-0.01885647,-0.018827472,-0.018849049,-0.018715698,-0.018814687,-0.018858913,-0.018827219,-0.01882625,-0.018882457,-0.018845592,-0.01883291,-0.018827546,-0.01887152,-0.018871281,-0.018829558,-0.01888353,-0.018832866,-0.018873964
2017-12-12,-0.018823672,-0.018886883,-0.018856425,-0.018822301,-0.018841375,-0.01866873,-0.018814135,-0.018862266,-0.018828366,-0.018825535,-0.018883932,-0.018841792,-0.018830705,-0.018826801,-0.018877674,-0.018870998,-0.018838082,-0.018885542,-0.018840168,-0.018875528
2017-12-13,-0.022592578,-0.022662286,-0.022621278,-0.022594485,-0.022610743,-0.02251852,-0.022580732,-0.022638116,-0.022597242,-0.022593547,-0.022652704,-0.022606958,-0.022595529,-0.022594962,-0.02264953,-0.022647206,-0.022606555,-0.022657875,-0.022612248,-0.022647355
2017-12-14,-0.015297134,-0.015354385,-0.0153152095,-0.015293037,-0.015323763,-0.0151876705,-0.015286659,-0.015338142,-0.0153007405,-0.015298282,-0.015347649,-0.015312781,-0.0152999805,-0.015295153,-0.01534756,-0.015334596,-0.015308459,-0.015347664,-0.015334536,-0.015339901
2017-12-15,-0.014133354,-0.014197697,-0.014145379,-0.014125233,-0.0141603695,-0.013921787,-0.01412103,-0.014166613,-0.014137675,-0.014131864,-0.0141867595,-0.014142458,-0.014133413,-0.014129584,-0.014186804,-0.014180784,-0.014142145,-0.014190336,-0.0141532915,-0.014179503
2017-12-18,-0.018916149,-0.018970493,-0.01894093,-0.018903363,-0.018931646,-0.018700276,-0.018897388,-0.01893014,-0.018918041,-0.018909622,-0.018969435,-0.018937577,-0.018911082,-0.018908624,-0.018956203,-0.018925179,-0.018916938,-0.018966991,-0.018901039,-0.018953908
2017-12-19,-0.014029031,-0.014085759,-0.014056166,-0.014019673,-0.014047091,-0.013870855,-0.014016201,-0.01404268,-0.014029448,-0.014027466,-0.014082809,-0.014046078,-0.014035706,-0.014029776,-0.014070143,-0.014070814,-0.014030357,-0.014085253,-0.014028733,-0.014066269
2017-12-20,-0.016919885,-0.016973097,-0.016943637,-0.016910676,-0.01693206,-0.01667175,-0.016903702,-0.016939271,-0.016918872,-0.016916607,-0.016972456,-0.016936515,-0.016918335,-0.016915996,-0.016958613,-0.016961936,-0.016920198,-0.016973022,-0.016923074,-0.016955141
2017-12-21,-0.018829543,-0.018888418,-0.01884662,-0.018823761,-0.018845532,-0.018646915,-0.018815223,-0.01886459,-0.018828321,-0.01883753,-0.0188904,-0.018844504,-0.018836487,-0.01882473,-0.018869463,-0.018861923,-0.018834148,-0.018885482,-0.018840764,-0.018873129
2017-12-22,-0.018828113,-0.018885586,-0.018846143,-0.018824566,-0.01883972,-0.018765379,-0.018815953,-0.018864859,-0.018825728,-0.018832553,-0.01889034,-0.018831823,-0.01882695,-0.018827442,-0.018865932,-0.018874902,-0.01883382,-0.018885497,-0.018840138,-0.018875558
2017-12-26,-0.018831167,-0.018884856,-0.018839497,-0.018822152,-0.01884723,-0.018639613,-0.018813837,-0.018863011,-0.018829752,-0.018830169,-0.018888418,-0.018838424,-0.018825535,-0.018822674,-0.01885705,-0.018881235,-0.01885647,-0.018884543,-0.01883522,-0.018881533
2017-12-27,-0.018824551,-0.01888508,-0.018850435,-0.018826563,-0.0188527,-0.018765647,-0.01881634,-0.018847112,-0.018829588,-0.018831912,-0.018885601,-0.01883768,-0.018831182,-0.018825013,-0.018864546,-0.018877182,-0.01883744,-0.01888511,-0.018836234,-0.018875305
2017-12-28,-0.018823747,-0.018885572,-0.018853877,-0.018822912,-0.018862728,-0.018801931,-0.018815774,-0.018852789,-0.018826667,-0.018837575,-0.018890176,-0.018846605,-0.018826593,-0.018823955,-0.01887009,-0.018880311,-0.018841404,-0.018884424,-0.018836278,-0.018874247
2017-12-29,-0.018824775,-0.01888289,-0.018846903,-0.018819723,-0.0188693,-0.018811632,-0.018813286,-0.01885708,-0.01882768,-0.01883236,-0.018891532,-0.01884723,-0.018828068,-0.018820021,-0.018879,-0.018865276,-0.01883908,-0.018884975,-0.018859688,-0.01887596
