date,URI,VIRC,KOPN,IONS,NOM,DLHC,HBAN,FSI,BDSI,FOSL,FSTR,CWST,BXC,IGC,ARWR,GBR,BNSO,BHC,DL,DXYN
2018-02-15,-0.025259804,-0.025338393,-0.025258724,-0.025260936,-0.025321964,-0.02531587,-0.025307555,-0.025283035,-0.025362577,-0.025327738,-0.025301408,-0.025276277,-0.025266346,-0.025383305,-0.025275398,-0.02530631,-0.025311347,-0.025271695,-0.025284905,-0.025291126
2018-02-16,-0.025433507,-0.025517952,-0.025439251,-0.025430884,-0.025504123,-0.025500018,-0.02549347,-0.025527697,-0.02552982,-0.025533523,-0.02547713,-0.025438245,-0.025469098,-0.025551502,-0.025439207,-0.025487807,-0.025493879,-0.025465515,-0.025480885,-0.025489707
2018-02-20,-0.023150962,-0.023223665,-0.023163732,-0.023164723,-0.023221102,-0.023212355,-0.023221288,-0.023239326,-0.02326354,-0.023259807,-0.02318642,-0.023149338,-0.023172777,-0.023274574,-0.023160752,-0.023204606,-0.023210678,-0.023188967,-0.02320226,-0.023182314
2018-02-21,-0.025249857,-0.025322195,-0.025264468,-0.025260154,-0.025326293,-0.025310319,-0.025318388,-0.02536716,-0.025368985,-0.025371198,-0.025286313,-0.025248285,-0.025277164,-0.025312338,-0.025267076,-0.025311153,-0.025316413,-0.02530009,-0.025305633,-0.025276888
2018-02-22,-0.025250066,-0.025325228,-0.025264155,-0.025262337,-0.025318217,-0.025313925,-0.025325876,-0.025372993,-0.025363762,-0.025320876,-0.025276337,-0.02524877,-0.025245514,-0.025299598,-0.025267232,-0.025303435,-0.025311466,-0.025288489,-0.025310237,-0.025295015
2018-02-23,-0.029874321,-0.029930998,-0.02987929,-0.029865008,-0.029926632,-0.029922288,-0.029931646,-0.029941421,-0.029962223,-0.029909868,-0.029896993,-0.029854085,-0.029882025,-0.029885735,-0.029881295,-0.029901963,-0.029921014,-0.02991527,-0.029884215,-0.029952962
2018-02-26,-0.02608047,-0.026138987,-0.026076104,-0.026084822,-0.02615248,-0.026137475,-0.026145946,-0.026133005,-0.026181173,-0.026101787,-0.026110012,-0.0260895,-0.02610587,-0.026096333,-0.02608316,-0.026128251,-0.026125882,-0.02614617,-0.026103746,-0.02615073
2018-02-27,-0.025250595,-0.025322568,-0.025271904,-0.025263254,-0.02531689,-0.025311302,-0.025328044,-0.025286917,-0.025354978,-0.025337454,-0.025278132,-0.025261771,-0.025285754,-0.025266562,-0.02525838,-0.025285091,-0.02529933,-0.02531438,-0.025283236,-0.025317509
2018-02-28,-0.025252957,-0.025322478,-0.025277946,-0.025255423,-0.025312033,-0.025310721,-0.02532461,-0.025295842,-0.02534901,-0.025349785,-0.025262233,-0.025258962,-0.025292184,-0.025262129,-0.02525274,-0.025294144,-0.025308799,-0.025323529,-0.025297243,-0.025312189
2018-03-01,-0.025260989,-0.025343467,-0.025292289,-0.02526598,-0.025327083,-0.025309991,-0.025296029,-0.025347505,-0.025364,-0.025354031,-0.02529877,-0.025262889,-0.02529237,-0.025286015,-0.025263105,-0.025301885,-0.025314812,-0.025344249,-0.025302429,-0.025321078
2018-03-02,-0.025507804,-0.02559315,-0.025544439,-0.025522005,-0.025589693,-0.025565963,-0.025549587,-0.025566142,-0.025612261,-0.025533434,-0.025556806,-0.025508221,-0.025601584,-0.025535878,-0.025508668,-0.025562901,-0.025559586,-0.02560122,-0.025536489,-0.025540415
2018-03-05,-0.025253076,-0.025335591,-0.025288884,-0.025268111,-0.025329385,-0.025309753,-0.02530029,-0.025340531,-0.025368523,-0.025273193,-0.025318328,-0.025280114,-0.025276322,-0.025263246,-0.025252376,-0.025299173,-0.02531084,-0.025345821,-0.02530666,-0.025348824
2018-03-06,-0.02525356,-0.025337163,-0.025287133,-0.025255945,-0.02533159,-0.025309738,-0.02529769,-0.025362667,-0.025355984,-0.025341574,-0.025322739,-0.025270034,-0.025259342,-0.025259275,-0.025259461,-0.025301937,-0.025308419,-0.025347624,-0.025283422,-0.025317643
2018-03-07,-0.025251862,-0.025333274,-0.02528591,-0.025245797,-0.02531648,-0.025309686,-0.0253097,-0.025346566,-0.025286037,-0.025364395,-0.025315564,-0.025259126,-0.025253963,-0.025275286,-0.025252897,-0.025306825,-0.02531531,-0.025346074,-0.025327984,-0.02535024
2018-03-08,-0.027893204,-0.027964164,-0.027919035,-0.027887326,-0.027974356,-0.027953673,-0.027949113,-0.028005514,-0.027992312,-0.028004047,-0.027957346,-0.027928267,-0.027922954,-0.02789263,-0.0278862,-0.027953569,-0.027950246,-0.02797674,-0.027992923,-0.027978975
2018-03-09,-0.025249112,-0.025321025,-0.025260348,-0.025242206,-0.025321212,-0.025309782,-0.025317822,-0.025313322,-0.025370907,-0.025364261,-0.025324393,-0.025300931,-0.025250014,-0.025257122,-0.025247354,-0.02530368,-0.02531292,-0.025332872,-0.02531052,-0.02531923
2018-03-12,-0.025248345,-0.025319766,-0.025253389,-0.025243592,-0.025309373,-0.02530982,-0.025316324,-0.025303792,-0.025360432,-0.025370602,-0.025327038,-0.025317077,-0.025243472,-0.025261525,-0.025245216,-0.025290761,-0.025313523,-0.025329333,-0.025298025,-0.025326718
2018-03-13,-0.025248598,-0.02531426,-0.02525321,-0.02524848,-0.025320757,-0.025329124,-0.025321852,-0.025331836,-0.02537131,-0.02537338,-0.025324669,-0.025334101,-0.025312621,-0.025268096,-0.02525657,-0.025301132,-0.025313038,-0.025323879,-0.025345687,-0.02529155
2018-03-14,-0.025248487,-0.025315013,-0.025246594,-0.02524807,-0.025324304,-0.025329333,-0.025322665,-0.025321696,-0.025376763,-0.02529237,-0.025323462,-0.025322292,-0.025319222,-0.025262881,-0.025256287,-0.025299285,-0.02531178,-0.025323492,-0.025347922,-0.025297012
2018-03-15,-0.025256705,-0.025314193,-0.02525815,-0.025249641,-0.02530877,-0.02532399,-0.025310244,-0.025279555,-0.025378045,-0.025278565,-0.025327649,-0.025324296,-0.025313754,-0.025262285,-0.025247496,-0.025307115,-0.02530967,-0.025338117,-0.025290165,-0.02528948
2018-03-16,-0.024067547,-0.02412429,-0.024068046,-0.02408785,-0.02413598,-0.024125915,-0.024133656,-0.024145167,-0.024193611,-0.024076406,-0.02414113,-0.024159264,-0.0240844,-0.024086129,-0.024062824,-0.024113726,-0.02412277,-0.024143476,-0.024153423,-0.024116699
2018-03-19,-0.025258038,-0.025315646,-0.025251906,-0.025259126,-0.025331732,-0.02532171,-0.025334287,-0.025339577,-0.025383506,-0.025258359,-0.025321964,-0.02534959,-0.02528188,-0.025271174,-0.02526838,-0.025310937,-0.025315147,-0.025307048,-0.025343549,-0.025313485
2018-03-20,-0.025254417,-0.025315005,-0.025254812,-0.025256123,-0.025319908,-0.025309984,-0.025329944,-0.02529097,-0.025384951,-0.025330242,-0.025327895,-0.025352787,-0.025271382,-0.025262836,-0.025249425,-0.025304604,-0.025314424,-0.02532379,-0.025300857,-0.025317792
2018-03-21,-0.029632006,-0.029688705,-0.0296452,-0.029625814,-0.029708203,-0.02966657,-0.029708084,-0.029679846,-0.029764581,-0.02970438,-0.029707197,-0.029726531,-0.029632043,-0.029639121,-0.029630374,-0.029656533,-0.02970342,-0.029704716,-0.029658142,-0.02968945
2018-03-22,-0.024209585,-0.02427594,-0.024220418,-0.024206359,-0.024298366,-0.024267372,-0.0242895,-0.024268504,-0.024345059,-0.024314258,-0.024290513,-0.024319362,-0.02423079,-0.02420542,-0.02420691,-0.024234,-0.024285007,-0.024278734,-0.024271231,-0.024270501
2018-03-23,-0.025404204,-0.025469456,-0.025418904,-0.025402922,-0.025489766,-0.025457468,-0.025489371,-0.025462415,-0.025537897,-0.025522526,-0.025475893,-0.025459405,-0.025393564,-0.02540582,-0.025400888,-0.025428329,-0.025486905,-0.025473807,-0.025449011,-0.025474835
2018-03-26,-0.026660632,-0.02671637,-0.026680205,-0.026659172,-0.026750196,-0.026719127,-0.02674548,-0.026724573,-0.026797105,-0.026783261,-0.026733246,-0.026694704,-0.026658703,-0.026658755,-0.026662309,-0.026706118,-0.026744474,-0.026732389,-0.026743736,-0.026730668
2018-03-27,-0.02300607,-0.023066688,-0.023020547,-0.023023311,-0.023091774,-0.023014452,-0.02308933,-0.02307016,-0.023140911,-0.023114916,-0.02307589,-0.023023102,-0.02299669,-0.023014527,-0.023007374,-0.023047607,-0.023116153,-0.02307387,-0.023047801,-0.023078661
2018-03-28,-0.023272183,-0.023331035,-0.023286577,-0.023286108,-0.023360316,-0.02327409,-0.023351569,-0.023346078,-0.023405332,-0.023394924,-0.023337293,-0.023274112,-0.023316037,-0.023276482,-0.023301784,-0.023327578,-0.023392607,-0.023324948,-0.023299817,-0.023345578
2018-03-29,-0.02501228,-0.025069658,-0.025015857,-0.025019314,-0.02508727,-0.025016185,-0.025093894,-0.025042992,-0.025142085,-0.025121968,-0.025070649,-0.02501386,-0.02507322,-0.025016401,-0.025014933,-0.025059607,-0.0250871,-0.025070932,-0.025050264,-0.02505393
2018-04-02,-0.024468783,-0.024525713,-0.024479065,-0.024490532,-0.024540033,-0.02451219,-0.024539832,-0.024460133,-0.024599206,-0.024556372,-0.02453113,-0.024470542,-0.024502944,-0.024475012,-0.024466041,-0.02451862,-0.024531748,-0.024528626,-0.024475578,-0.024516385
2018-04-03,-0.025250416,-0.025303539,-0.0252552,-0.025265012,-0.025320057,-0.02529474,-0.025325824,-0.025241528,-0.025381047,-0.025329206,-0.025314856,-0.025303442,-0.02524915,-0.025249649,-0.025247049,-0.025302846,-0.025290418,-0.02531964,-0.025285158,-0.025297787
2018-04-04,-0.02524792,-0.025307585,-0.0252803,-0.025248822,-0.02532326,-0.025300924,-0.025332805,-0.025290567,-0.025382895,-0.025305081,-0.025313418,-0.025284413,-0.025225382,-0.025256488,-0.025243659,-0.02529085,-0.025298942,-0.025312927,-0.02529445,-0.025311086
2018-04-05,-0.025252331,-0.02531008,-0.025261652,-0.025252689,-0.025329638,-0.025305342,-0.0253275,-0.025312904,-0.025385085,-0.025328692,-0.025313687,-0.025291983,-0.025228288,-0.02525669,-0.025246289,-0.025292303,-0.025243726,-0.025308479,-0.025300164,-0.025252301
2018-04-06,-0.023162436,-0.023221303,-0.02316447,-0.02315401,-0.023237389,-0.023230363,-0.02323987,-0.023236763,-0.023293246,-0.023262765,-0.023222502,-0.023194175,-0.02313837,-0.023166578,-0.023151923,-0.023176078,-0.023187425,-0.023213718,-0.023267757,-0.023211721
2018-04-09,-0.025244731,-0.025301937,-0.025253471,-0.025246073,-0.025311764,-0.02530947,-0.025328916,-0.025315043,-0.025371317,-0.025345456,-0.025313009,-0.025336038,-0.025328297,-0.025243197,-0.025240283,-0.025268313,-0.025256861,-0.025304798,-0.025350142,-0.025296818
2018-04-10,-0.025245901,-0.025309507,-0.025244009,-0.025247525,-0.025323931,-0.025298286,-0.025332373,-0.025332246,-0.025378872,-0.025353823,-0.025314119,-0.025307614,-0.025340911,-0.02527197,-0.025240514,-0.02526984,-0.025268067,-0.025303025,-0.025340807,-0.025301907
2018-04-11,-0.025246155,-0.025310617,-0.025248777,-0.02524722,-0.025334407,-0.025303882,-0.025333095,-0.025344525,-0.025383707,-0.025365707,-0.025320616,-0.025348593,-0.025300566,-0.025247071,-0.02523997,-0.02525821,-0.025296059,-0.025294427,-0.025278028,-0.02532636
2018-04-12,-0.02524421,-0.02531087,-0.025247086,-0.025249217,-0.025332596,-0.025780316,-0.02532528,-0.025339063,-0.025381457,-0.025359888,-0.025314916,-0.025255468,-0.025415573,-0.025262129,-0.025239576,-0.025293391,-0.025278743,-0.025312606,-0.02541468,-0.025324415
2018-04-13,-0.030261572,-0.030328605,-0.030262705,-0.030261252,-0.030350331,-0.03049587,-0.030343946,-0.030338954,-0.030398753,-0.030370232,-0.030321684,-0.030248027,-0.030350607,-0.030284766,-0.030254316,-0.030290272,-0.030271184,-0.030319992,-0.030344423,-0.030296836
2018-04-16,-0.024290819,-0.024359714,-0.02429464,-0.024300385,-0.024374235,-0.024438191,-0.024367902,-0.024388824,-0.024421241,-0.024417263,-0.024351645,-0.02427287,-0.02435128,-0.02433927,-0.024297874,-0.024344008,-0.024340656,-0.024373654,-0.024313312,-0.024329465
2018-04-17,-0.02525198,-0.025313754,-0.02524807,-0.025253642,-0.025326248,-0.025358219,-0.025328647,-0.025309581,-0.025372002,-0.025358047,-0.025312718,-0.02522922,-0.025308017,-0.025266666,-0.025244962,-0.025295895,-0.025262255,-0.02534647,-0.025263231,-0.02531154
2018-04-18,-0.02613021,-0.026196588,-0.026144635,-0.026133996,-0.026211757,-0.026215296,-0.026208397,-0.026198607,-0.026259538,-0.02623349,-0.026195046,-0.026128817,-0.02623124,-0.026137281,-0.026119437,-0.026158083,-0.026143823,-0.026235398,-0.026210885,-0.026178632
2018-04-19,-0.024055239,-0.024117682,-0.024060298,-0.024064008,-0.024131928,-0.024119232,-0.024121549,-0.024099793,-0.024176743,-0.02412435,-0.024109002,-0.02406067,-0.024163287,-0.02405664,-0.02404314,-0.024073098,-0.024077412,-0.024149556,-0.024150413,-0.024091925
2018-04-20,-0.026269462,-0.026304346,-0.02624454,-0.026241954,-0.026323464,-0.02630097,-0.026300821,-0.026293185,-0.026363011,-0.026325148,-0.026296321,-0.026247282,-0.026351664,-0.02628481,-0.026245262,-0.02627581,-0.026246112,-0.026341531,-0.02632768,-0.02626032
2018-04-23,-0.025268529,-0.025316391,-0.025271613,-0.02529082,-0.025327224,-0.025308933,-0.025322665,-0.025311705,-0.025369745,-0.025349226,-0.025316995,-0.025247414,-0.025321502,-0.02529366,-0.025259312,-0.025295671,-0.025278982,-0.025328461,-0.025298078,-0.025326665
2018-04-24,-0.025252108,-0.025313642,-0.02527054,-0.025268648,-0.025325354,-0.025775459,-0.025332246,-0.025323588,-0.02536669,-0.025354896,-0.025324319,-0.025269922,-0.025427584,-0.025287237,-0.025250103,-0.025296014,-0.025263961,-0.025321696,-0.025419187,-0.025312494
2018-04-25,-0.023183722,-0.023240212,-0.02318811,-0.023188528,-0.023212444,-0.023380581,-0.02325749,-0.023261901,-0.02324802,-0.023286063,-0.023248736,-0.023210194,-0.023250598,-0.023201536,-0.023176644,-0.023210641,-0.023231331,-0.023238499,-0.023221958,-0.023285974
2018-04-26,-0.025411088,-0.025470834,-0.025425147,-0.025412302,-0.025485728,-0.025559884,-0.025492411,-0.025453474,-0.025524404,-0.025511216,-0.025484059,-0.02543578,-0.025520649,-0.02544206,-0.025410924,-0.025460098,-0.025402848,-0.025473017,-0.025465023,-0.02544697
2018-04-27,-0.025250878,-0.025309663,-0.025260743,-0.025251802,-0.025328804,-0.025825892,-0.025332619,-0.025330793,-0.025370445,-0.025356885,-0.025319379,-0.02526145,-0.025428984,-0.025279846,-0.025250737,-0.025283184,-0.025261853,-0.025312614,-0.025372375,-0.02527837
2018-04-30,-0.025250364,-0.025309969,-0.025259424,-0.025246035,-0.025328156,-0.025498528,-0.025326509,-0.025293719,-0.025370244,-0.025340457,-0.02531844,-0.025261495,-0.025319453,-0.02525064,-0.025242891,-0.025267746,-0.025322434,-0.025320653,-0.025315572,-0.025292132
2018-05-01,-0.025248226,-0.025308657,-0.025263775,-0.025250245,-0.0253289,-0.025407482,-0.02532297,-0.025347624,-0.025374312,-0.02535149,-0.025319438,-0.025254432,-0.025312956,-0.025245648,-0.02524351,-0.025270354,-0.025315996,-0.025322285,-0.025253262,-0.025326144
2018-05-02,-0.026510362,-0.026566263,-0.026519362,-0.026503976,-0.026581574,-0.026625525,-0.026578542,-0.026536766,-0.02663209,-0.026604015,-0.026571278,-0.02652872,-0.026565935,-0.02651335,-0.02649768,-0.026529875,-0.026527826,-0.026563454,-0.026534017,-0.026575472
2018-05-03,-0.025233459,-0.025293853,-0.025253307,-0.02523164,-0.025322925,-0.025336597,-0.025313098,-0.025298398,-0.025368672,-0.025324252,-0.025303315,-0.025242832,-0.025290806,-0.025234412,-0.025274511,-0.025255453,-0.025246564,-0.025297303,-0.025262233,-0.02529547
2018-05-04,-0.02525146,-0.02530903,-0.02527712,-0.02524579,-0.025328416,-0.025796462,-0.02532364,-0.025288854,-0.025382537,-0.02532835,-0.025318336,-0.025236849,-0.025367219,-0.025270324,-0.025293458,-0.025291834,-0.025268424,-0.025314052,-0.02540652,-0.025332216
2018-05-07,-0.025598455,-0.025661457,-0.025615398,-0.02561247,-0.025678556,-0.025822494,-0.025670227,-0.025645386,-0.025733087,-0.02565765,-0.025666144,-0.025624227,-0.02572259,-0.02559543,-0.0256272,-0.02563871,-0.025644783,-0.02566484,-0.02564587,-0.0255947
2018-05-08,-0.025257137,-0.02531023,-0.025271248,-0.025248375,-0.025332373,-0.025871288,-0.025306482,-0.025266219,-0.025384072,-0.025350783,-0.02531812,-0.025261942,-0.025377985,-0.02525169,-0.02525914,-0.02530739,-0.025295202,-0.025325853,-0.025334876,-0.025303807
2018-05-09,-0.024097297,-0.024148572,-0.02411772,-0.024122078,-0.024152722,-0.02432939,-0.024102386,-0.024090294,-0.024177764,-0.024189461,-0.024145525,-0.024111744,-0.024130877,-0.02411833,-0.024086345,-0.024099182,-0.02413344,-0.024169873,-0.024184737,-0.024150472
2018-05-10,-0.025377277,-0.025423799,-0.025392678,-0.02537353,-0.025432218,-0.02550279,-0.025396932,-0.025390442,-0.025450554,-0.025480699,-0.02543557,-0.025409583,-0.025398422,-0.025398526,-0.025389913,-0.025380041,-0.02541807,-0.025448877,-0.025427472,-0.025425721
2018-05-11,-0.025253076,-0.025297347,-0.025272567,-0.025287066,-0.025311042,-0.025357563,-0.025290038,-0.025279824,-0.025343757,-0.025364261,-0.025319804,-0.025259431,-0.025285821,-0.025279645,-0.025265332,-0.025251497,-0.025304351,-0.025329877,-0.0253069,-0.025280263
2018-05-14,-0.025255788,-0.02530877,-0.025273394,-0.025275614,-0.025305849,-0.025320072,-0.025290791,-0.025246423,-0.025341693,-0.02528977,-0.025317494,-0.025262918,-0.025271494,-0.025275115,-0.02527814,-0.025249299,-0.02528629,-0.02532981,-0.025303889,-0.025291447
2018-05-15,-0.025261167,-0.025316399,-0.025284875,-0.025269587,-0.025309462,-0.025283214,-0.025290418,-0.025264096,-0.025336463,-0.02527384,-0.025324132,-0.025263418,-0.025296409,-0.02527703,-0.025310423,-0.025250468,-0.025291096,-0.025330525,-0.025312234,-0.025306735
2018-05-16,-0.025264282,-0.02531347,-0.025281135,-0.02525388,-0.02530573,-0.025263969,-0.025294486,-0.0252419,-0.025326956,-0.025270928,-0.025325526,-0.025256883,-0.025278095,-0.025265988,-0.02528895,-0.025248665,-0.025273237,-0.025332723,-0.025309611,-0.025281984
2018-05-17,-0.024715994,-0.024773668,-0.024739008,-0.024716336,-0.024769697,-0.024742167,-0.024768967,-0.024774384,-0.024760965,-0.024717484,-0.024788875,-0.024754215,-0.02474564,-0.024710257,-0.024752308,-0.024721425,-0.024756376,-0.024783831,-0.024770211,-0.024750438
2018-05-18,-0.025255974,-0.025311332,-0.025282431,-0.025246102,-0.025308128,-0.025329981,-0.025318574,-0.0253057,-0.025337141,-0.025253978,-0.025327895,-0.025264453,-0.025282454,-0.02526505,-0.02529155,-0.025260609,-0.02529331,-0.025317725,-0.025309589,-0.025316391
2018-05-21,-0.025256146,-0.025314588,-0.025269832,-0.025245469,-0.025309872,-0.025340308,-0.025325004,-0.0253135,-0.025334466,-0.02526572,-0.025330346,-0.025275405,-0.025263365,-0.025272314,-0.025312494,-0.025257576,-0.025308985,-0.025311645,-0.02530953,-0.025300827
2018-05-22,-0.025255378,-0.025321338,-0.025278125,-0.025253292,-0.025314178,-0.025285255,-0.025331002,-0.025306363,-0.025320683,-0.025257621,-0.025328372,-0.02530722,-0.025288995,-0.025261033,-0.025311615,-0.025271956,-0.025290873,-0.025301304,-0.025309604,-0.025311176
2018-05-23,-0.022431213,-0.02249552,-0.022452299,-0.022433806,-0.022493128,-0.022506755,-0.022508886,-0.022449646,-0.022483695,-0.022433054,-0.022507247,-0.02248099,-0.022449095,-0.022433106,-0.022484262,-0.022443,-0.022476863,-0.022474084,-0.0225262,-0.022498313
2018-05-24,-0.024035882,-0.024088752,-0.024057116,-0.024039064,-0.024091978,-0.024133433,-0.024109531,-0.024087917,-0.02411447,-0.02403843,-0.024100889,-0.02407838,-0.024064425,-0.02403475,-0.024078082,-0.024044309,-0.024096455,-0.024091903,-0.024097446,-0.024099808
2018-05-25,-0.025248226,-0.025304321,-0.025257166,-0.025251564,-0.025310475,-0.025325503,-0.025328066,-0.025318366,-0.025337655,-0.02525073,-0.025314767,-0.025258977,-0.025279243,-0.02525374,-0.025263164,-0.02526154,-0.025314983,-0.02530485,-0.025311146,-0.02528188
2018-05-29,-0.024887111,-0.024931263,-0.024900373,-0.024882462,-0.024944257,-0.024928372,-0.024959024,-0.024947595,-0.024969246,-0.024885762,-0.024942707,-0.024881404,-0.024923604,-0.024906892,-0.024912443,-0.024939906,-0.02494182,-0.024924736,-0.02493963,-0.024914447
2018-05-30,-0.025259752,-0.025309611,-0.025264915,-0.025250647,-0.025312629,-0.025323223,-0.025323775,-0.02531125,-0.025314804,-0.025253434,-0.025314134,-0.025296878,-0.025263716,-0.025290776,-0.025287185,-0.025345977,-0.025309887,-0.025300462,-0.025343332,-0.025292497
2018-05-31,-0.025256414,-0.025315832,-0.025253657,-0.025253098,-0.025307875,-0.025323365,-0.02532668,-0.02531727,-0.025297876,-0.025258306,-0.025311735,-0.025303308,-0.025253918,-0.025292177,-0.025285248,-0.025358241,-0.025323864,-0.025292914,-0.025360715,-0.02528407
2018-06-01,-0.025251295,-0.025316153,-0.025255729,-0.025247272,-0.025312137,-0.02533793,-0.02533592,-0.025325637,-0.025333595,-0.0252533,-0.025310818,-0.025261689,-0.025246251,-0.025289994,-0.02530608,-0.025336076,-0.025312591,-0.025270175,-0.025317322,-0.025293496
2018-06-04,-0.036743898,-0.036809426,-0.03674901,-0.036744636,-0.036806885,-0.03681585,-0.036827173,-0.036820572,-0.036824826,-0.036747355,-0.036805417,-0.036762957,-0.036739517,-0.036785092,-0.036783706,-0.03681623,-0.03679758,-0.03675938,-0.036841054,-0.036787402
2018-06-05,-0.025256407,-0.025307562,-0.025253285,-0.025252718,-0.02530964,-0.025340129,-0.025321972,-0.025294352,-0.025324296,-0.025272887,-0.025312755,-0.025276389,-0.025261555,-0.02527729,-0.025285747,-0.025283676,-0.025302757,-0.02527817,-0.02534638,-0.025292892
2018-06-06,-0.025259148,-0.025306795,-0.025251646,-0.025246333,-0.025310684,-0.025364507,-0.025293563,-0.025303993,-0.025341164,-0.025253247,-0.025311437,-0.025247041,-0.025247019,-0.02529655,-0.025305476,-0.02527279,-0.025316115,-0.025313418,-0.025339086,-0.025279205
2018-06-07,-0.025259081,-0.025308851,-0.025250193,-0.025253441,-0.025322583,-0.025363285,-0.02528825,-0.025310587,-0.025344197,-0.02525353,-0.025313918,-0.025267404,-0.025262985,-0.0253021,-0.025307331,-0.025264468,-0.025317106,-0.025325958,-0.025355127,-0.025301654
2018-06-08,-0.025252026,-0.025298778,-0.025252338,-0.025251526,-0.025325652,-0.025314827,-0.025301423,-0.025278714,-0.025339235,-0.025250535,-0.025313128,-0.025249358,-0.025314946,-0.025304649,-0.025315013,-0.025263835,-0.025313389,-0.025316987,-0.025364678,-0.025305066
2018-06-11,-0.02526496,-0.025308017,-0.025257464,-0.025252428,-0.025287036,-0.025335792,-0.025309358,-0.025297035,-0.025331635,-0.025248703,-0.025315966,-0.025262598,-0.025336254,-0.025305834,-0.025308978,-0.025283534,-0.025303487,-0.025316011,-0.025359612,-0.025294747
2018-06-12,-0.025264148,-0.025307823,-0.025255289,-0.02525011,-0.025310759,-0.025303524,-0.025299478,-0.025303204,-0.025343146,-0.025251012,-0.025316406,-0.025258977,-0.02535278,-0.02531172,-0.025311794,-0.025299724,-0.025293272,-0.025320511,-0.025352474,-0.025270391
2018-06-13,-0.026970696,-0.027020138,-0.02697358,-0.026967023,-0.027031858,-0.027024541,-0.027025979,-0.027021553,-0.027047675,-0.026968893,-0.02702808,-0.026984941,-0.027042884,-0.027020995,-0.027016167,-0.027010296,-0.02699386,-0.027025733,-0.027040709,-0.027006175
2018-06-14,-0.022445034,-0.022491913,-0.02243669,-0.022438359,-0.0224942,-0.022488784,-0.022496026,-0.022487935,-0.022518788,-0.022436444,-0.022500005,-0.0224551,-0.022515018,-0.02248988,-0.022488456,-0.022453044,-0.022468295,-0.022496607,-0.0225227,-0.022479933
2018-06-15,-0.024251137,-0.024306323,-0.02424715,-0.02424376,-0.024308722,-0.024336424,-0.024314273,-0.02430841,-0.024333712,-0.024248417,-0.024311554,-0.024253715,-0.024339955,-0.024296243,-0.0242928,-0.02427939,-0.024291638,-0.024300057,-0.024322424,-0.024286065
2018-06-18,-0.026340712,-0.026400413,-0.02633791,-0.026337165,-0.026410382,-0.026423912,-0.026415389,-0.026399236,-0.026401486,-0.026338931,-0.026400428,-0.02639791,-0.026419926,-0.026387248,-0.026376385,-0.026367534,-0.026379962,-0.02637073,-0.026425328,-0.026384298
2018-06-19,-0.025252137,-0.02530903,-0.025264587,-0.025249686,-0.025280502,-0.025293205,-0.025291432,-0.025297243,-0.025275331,-0.025268402,-0.025315877,-0.025316339,-0.025298972,-0.025306676,-0.025323171,-0.02528226,-0.025267076,-0.025329765,-0.025310371,-0.02530403
2018-06-20,-0.025259096,-0.0253116,-0.025259111,-0.02525286,-0.025306072,-0.025281157,-0.02529684,-0.025311094,-0.025331017,-0.02525733,-0.025316652,-0.025264803,-0.025291715,-0.025272932,-0.025303993,-0.025271919,-0.02527694,-0.025317121,-0.025317874,-0.025299031
2018-06-21,-0.025250342,-0.025305267,-0.025265034,-0.0252509,-0.025297444,-0.025297958,-0.025306333,-0.02530047,-0.02531011,-0.025259,-0.025313053,-0.025283288,-0.0252917,-0.025289524,-0.0253102,-0.025271881,-0.025262069,-0.02530286,-0.02527703,-0.025307667
2018-06-22,-0.023077663,-0.023109477,-0.023068924,-0.023062412,-0.023124736,-0.023109194,-0.02314106,-0.023120653,-0.023131896,-0.023068506,-0.023121823,-0.023083474,-0.023080695,-0.02310739,-0.02311996,-0.023133177,-0.023113068,-0.023102429,-0.023082968,-0.023127448
2018-06-25,-0.025251407,-0.02530424,-0.025259804,-0.02525251,-0.025311965,-0.025308061,-0.025321122,-0.025309619,-0.025334302,-0.025255818,-0.025303815,-0.025248762,-0.025271866,-0.025308136,-0.025342744,-0.025285613,-0.025303502,-0.02528793,-0.025287252,-0.025311712
2018-06-26,-0.025259916,-0.02530903,-0.025255803,-0.025269907,-0.025314588,-0.025767285,-0.025318507,-0.025309097,-0.025330756,-0.025253441,-0.025304507,-0.02527507,-0.025269661,-0.025284406,-0.025325466,-0.0252618,-0.025307592,-0.025299598,-0.025310244,-0.025306981
2018-06-27,-0.025265228,-0.02531014,-0.025249895,-0.02524728,-0.02531052,-0.025501635,-0.025309574,-0.02530739,-0.025333647,-0.025251877,-0.025311131,-0.025248203,-0.02527168,-0.025294539,-0.025297042,-0.02526347,-0.025283013,-0.025302548,-0.025294397,-0.025303353
2018-06-28,-0.025257487,-0.025290702,-0.02526443,-0.02524769,-0.02531283,-0.025882568,-0.025318015,-0.025323022,-0.025341514,-0.025252748,-0.02530701,-0.025246311,-0.02526204,-0.025295746,-0.025263447,-0.025306258,-0.025282938,-0.025300149,-0.025271889,-0.025307115
2018-06-29,-0.03280146,-0.032856133,-0.03280921,-0.032809746,-0.03287598,-0.033091027,-0.03287289,-0.032879744,-0.032880317,-0.032803584,-0.032859165,-0.032827135,-0.032832284,-0.0328486,-0.032831732,-0.032902967,-0.032858994,-0.032843467,-0.032854546,-0.03286324
2018-07-02,-0.027145382,-0.027210828,-0.027158607,-0.027150009,-0.027193848,-0.027353842,-0.027227063,-0.02721842,-0.027186323,-0.02715144,-0.027205195,-0.027165417,-0.027177129,-0.02719294,-0.027167123,-0.02725916,-0.027211208,-0.027173895,-0.027217288,-0.027208578
2018-07-03,-0.025247652,-0.025315631,-0.025258873,-0.025261845,-0.02531821,-0.025436286,-0.025329787,-0.025312003,-0.025270034,-0.025251407,-0.025310222,-0.02528641,-0.025285546,-0.025296014,-0.02525216,-0.025360513,-0.025308337,-0.025278147,-0.025323171,-0.025305893
2018-07-05,-0.032906797,-0.032975044,-0.032917608,-0.032919902,-0.032985497,-0.033077326,-0.032987986,-0.03297702,-0.03292958,-0.032907594,-0.03297017,-0.032954436,-0.032946873,-0.032940578,-0.032913607,-0.033020314,-0.032974977,-0.03294475,-0.032987278,-0.032985125
2018-07-06,-0.025250446,-0.025322866,-0.025261525,-0.025258403,-0.025332306,-0.025406945,-0.025323357,-0.025314976,-0.025277767,-0.025256146,-0.025307652,-0.025297727,-0.025267784,-0.025297586,-0.025233436,-0.02536152,-0.025324274,-0.025294717,-0.025325883,-0.025334183
2018-07-09,-0.02524912,-0.025323335,-0.025266875,-0.02525324,-0.025321122,-0.025368053,-0.025313783,-0.025310714,-0.025264475,-0.02524848,-0.025310736,-0.025266718,-0.025273133,-0.025286514,-0.025268879,-0.02534527,-0.025313903,-0.025299493,-0.02532534,-0.025320288
2018-07-10,-0.025249813,-0.025320958,-0.025261123,-0.02526715,-0.025339078,-0.025400292,-0.02531423,-0.025312793,-0.0252585,-0.025250647,-0.025311198,-0.025295693,-0.025264788,-0.025296893,-0.025267508,-0.025322314,-0.02533565,-0.02530599,-0.025321405,-0.025358904
2018-07-11,-0.025974918,-0.026041526,-0.025981668,-0.025980126,-0.026051458,-0.026112307,-0.026043985,-0.026037615,-0.02599888,-0.025970686,-0.026029859,-0.026026648,-0.02599236,-0.026019234,-0.025955196,-0.02605657,-0.026051093,-0.02599306,-0.026043933,-0.026093002
2018-07-12,-0.025246691,-0.025314648,-0.025254901,-0.025271874,-0.02532712,-0.02534395,-0.025317933,-0.025296513,-0.025256012,-0.025251057,-0.02531052,-0.02530196,-0.025265332,-0.025304448,-0.025278825,-0.0253045,-0.025314245,-0.025285233,-0.025309939,-0.025322136
2018-07-13,-0.02525026,-0.025312427,-0.025266636,-0.025264714,-0.02531692,-0.025357936,-0.025311138,-0.025312778,-0.025262114,-0.025274675,-0.025307778,-0.025298443,-0.025263634,-0.02530184,-0.025279071,-0.02524,-0.025299866,-0.02527548,-0.02530988,-0.02531461
2018-07-16,-0.025250297,-0.025311429,-0.025261994,-0.02526993,-0.025315065,-0.02535199,-0.025318366,-0.025318015,-0.025255363,-0.025254745,-0.025306668,-0.02530488,-0.02525824,-0.025282789,-0.025280122,-0.025238823,-0.025288839,-0.025284547,-0.025309745,-0.025305074
2018-07-17,-0.025252614,-0.02531303,-0.025262821,-0.025270078,-0.025319468,-0.025342394,-0.025319446,-0.025320623,-0.025282998,-0.02525035,-0.025305446,-0.025305126,-0.025257368,-0.025276836,-0.025291111,-0.025234085,-0.025328998,-0.02526835,-0.025310162,-0.025332186
2018-07-18,-0.025258418,-0.025313828,-0.025261234,-0.025253262,-0.025318947,-0.025325004,-0.025318708,-0.02530745,-0.025265131,-0.025256176,-0.025308255,-0.025302876,-0.025274094,-0.025280487,-0.025255647,-0.025309857,-0.025349755,-0.025275175,-0.025309835,-0.025289323
2018-07-19,-0.02269214,-0.022731628,-0.022695806,-0.022672568,-0.022736873,-0.022731874,-0.0227467,-0.022730436,-0.022699434,-0.022681866,-0.02272899,-0.022726204,-0.022687834,-0.022713434,-0.022730257,-0.022665989,-0.022794876,-0.022693682,-0.022731807,-0.022755306
2018-07-20,-0.0245439,-0.024581488,-0.024532605,-0.024540175,-0.02458157,-0.024559323,-0.02460229,-0.024577048,-0.024547253,-0.024541084,-0.024575364,-0.024574671,-0.024538215,-0.024564642,-0.024587732,-0.02451894,-0.024641093,-0.024536151,-0.024580132,-0.024566304
2018-07-23,-0.025260974,-0.025314014,-0.0252701,-0.025308456,-0.025314208,-0.025321703,-0.025337037,-0.025311742,-0.025283094,-0.025256123,-0.02530526,-0.025311876,-0.025255572,-0.025294717,-0.02529845,-0.025262292,-0.025354948,-0.025249701,-0.025309797,-0.025351789
2018-07-24,-0.022732425,-0.02279627,-0.022739898,-0.022797953,-0.02279206,-0.022784341,-0.022815261,-0.022782732,-0.022739533,-0.022740941,-0.022782248,-0.022776317,-0.02273881,-0.022753593,-0.022760283,-0.022735458,-0.022843223,-0.022729654,-0.022784773,-0.022835013
2018-07-25,-0.028055388,-0.028125864,-0.02807324,-0.02813499,-0.028122064,-0.02813078,-0.028143603,-0.028115887,-0.028060209,-0.028062131,-0.028109659,-0.02811512,-0.028060507,-0.028091934,-0.02809633,-0.028062154,-0.028170165,-0.028058778,-0.02811933,-0.028163489
2018-07-26,-0.025243852,-0.025315922,-0.025261674,-0.025325473,-0.02530985,-0.02532332,-0.025342818,-0.025278222,-0.025266733,-0.02525409,-0.025305178,-0.025333848,-0.02526218,-0.025288764,-0.025252674,-0.02531531,-0.025357138,-0.025249574,-0.025310215,-0.025336865
2018-07-27,-0.025244389,-0.025315907,-0.025260013,-0.0253237,-0.025310908,-0.02533381,-0.025343236,-0.02528676,-0.025265481,-0.025263537,-0.02530631,-0.025321718,-0.025255542,-0.02528819,-0.025292877,-0.025265787,-0.025355782,-0.02525444,-0.025310125,-0.025334846
2018-07-30,-0.02524687,-0.02531908,-0.02525558,-0.025333274,-0.025313433,-0.025327709,-0.025337461,-0.025305253,-0.025254022,-0.025254507,-0.025305633,-0.025315214,-0.025255878,-0.025291432,-0.025309552,-0.025258426,-0.025358941,-0.025250543,-0.025310118,-0.025304597
2018-07-31,-0.025248472,-0.025320183,-0.025267992,-0.025274929,-0.025312278,-0.02534965,-0.025332186,-0.025318187,-0.025259245,-0.025255386,-0.025312092,-0.02531356,-0.02525245,-0.025290694,-0.025330167,-0.025260199,-0.02533913,-0.025278848,-0.025310013,-0.025292713
2018-08-01,-0.022995424,-0.02305251,-0.023006465,-0.02303714,-0.023053106,-0.023085345,-0.023085084,-0.023044232,-0.023001354,-0.023001295,-0.02304798,-0.023046982,-0.02301633,-0.023046229,-0.02306835,-0.022998136,-0.02310456,-0.023018274,-0.023061138,-0.023055699
2018-08-02,-0.025248151,-0.02530222,-0.025257792,-0.025295462,-0.025308419,-0.0253313,-0.025337692,-0.025331352,-0.025271658,-0.025251921,-0.025302988,-0.025305334,-0.0252535,-0.025296416,-0.025305513,-0.025254112,-0.025323559,-0.025259856,-0.02530979,-0.025311831
2018-08-03,-0.025246833,-0.025315668,-0.02525461,-0.025270816,-0.025307816,-0.025335725,-0.02533425,-0.025304522,-0.025269229,-0.025247362,-0.025301475,-0.025306325,-0.025258418,-0.025298465,-0.025302764,-0.025271308,-0.025324594,-0.02528463,-0.025309723,-0.02531531
2018-08-06,-0.026143339,-0.02619258,-0.026124898,-0.026129205,-0.02617788,-0.02623855,-0.026206624,-0.026145224,-0.02617674,-0.026122455,-0.02617931,-0.026157063,-0.02613483,-0.026164789,-0.026187431,-0.026133273,-0.026187893,-0.026159864,-0.026193004,-0.026186112
2018-08-07,-0.025280755,-0.025318433,-0.025305856,-0.025252577,-0.02531096,-0.025356706,-0.025330853,-0.02530304,-0.025272992,-0.025253128,-0.025307495,-0.025279116,-0.025271539,-0.025300112,-0.025308844,-0.025283929,-0.025312882,-0.02530462,-0.025327977,-0.025324795
2018-08-08,-0.025256898,-0.025319789,-0.025283527,-0.025249455,-0.025308516,-0.025337238,-0.025312427,-0.025333975,-0.025279406,-0.025287304,-0.025310513,-0.025294837,-0.025260683,-0.025303844,-0.025315922,-0.02525751,-0.02533232,-0.025322739,-0.025343183,-0.025319938
2018-08-09,-0.025271367,-0.0253249,-0.02526356,-0.02526917,-0.025311064,-0.025359448,-0.025335047,-0.0253206,-0.025286239,-0.0253351,-0.025313575,-0.025316592,-0.025258306,-0.025302958,-0.02532814,-0.025263775,-0.02533001,-0.025309343,-0.025327992,-0.025318388
2018-08-10,-0.02526712,-0.025326375,-0.025256451,-0.025262367,-0.025312293,-0.02534229,-0.025335621,-0.025371458,-0.025278326,-0.025335822,-0.025312912,-0.025306795,-0.025261607,-0.025299814,-0.025329683,-0.02526674,-0.025348257,-0.025309306,-0.02532969,-0.025316548
2018-08-13,-0.025268387,-0.025320958,-0.025252935,-0.025276292,-0.025314588,-0.025330495,-0.025328275,-0.0253237,-0.025283631,-0.025338616,-0.025311556,-0.025294159,-0.025255699,-0.025295708,-0.025337253,-0.025264692,-0.025367092,-0.025306758,-0.02536944,-0.025315616
2018-08-14,-0.025264207,-0.025318254,-0.025254745,-0.025269542,-0.025314305,-0.02534357,-0.025335994,-0.025315057,-0.025265303,-0.025341157,-0.025314491,-0.025304634,-0.025254395,-0.025273446,-0.025321182,-0.025258426,-0.025319751,-0.025300037,-0.025328752,-0.025312264
2018-08-15,-0.025262427,-0.025322322,-0.025259871,-0.025275346,-0.025312442,-0.025329288,-0.025343258,-0.025323343,-0.025257256,-0.025345381,-0.025320116,-0.02531543,-0.025253717,-0.025275256,-0.025353555,-0.025270794,-0.025296535,-0.025268134,-0.025356207,-0.025313672
2018-08-16,-0.025255736,-0.025322426,-0.02525055,-0.025260951,-0.025313277,-0.02529667,-0.02533735,-0.02531499,-0.025252875,-0.025279392,-0.025306422,-0.025304,-0.02524579,-0.025263626,-0.025338966,-0.02527688,-0.025337752,-0.025278244,-0.025346886,-0.025309209
2018-08-17,-0.02526043,-0.025323655,-0.025264446,-0.025266934,-0.025310751,-0.025303092,-0.025338907,-0.025311042,-0.025250334,-0.02526984,-0.025306504,-0.025306862,-0.025253829,-0.02525622,-0.025358837,-0.025282133,-0.025305633,-0.02527422,-0.02532186,-0.025312621
2018-08-20,-0.025259037,-0.025317837,-0.025257055,-0.025268856,-0.02528065,-0.02527624,-0.02533381,-0.025310416,-0.025271874,-0.025258724,-0.025303233,-0.025304113,-0.025251914,-0.02529515,-0.025352407,-0.025274534,-0.02531397,-0.025279533,-0.02529427,-0.025304575
2018-08-21,-0.025253195,-0.025312584,-0.025252286,-0.025269222,-0.025303695,-0.025309894,-0.025330361,-0.02531017,-0.025270034,-0.025260698,-0.025305938,-0.025307309,-0.025250126,-0.025318239,-0.025349516,-0.025272835,-0.025341917,-0.02528615,-0.025351044,-0.025311489
2018-08-22,-0.026495013,-0.026566166,-0.026503664,-0.0265234,-0.026564326,-0.026599247,-0.026581112,-0.026574995,-0.026510041,-0.02649698,-0.026552822,-0.026547763,-0.0265203,-0.026568685,-0.026596408,-0.026508946,-0.02660447,-0.026519734,-0.026606265,-0.026559334
2018-08-23,-0.025899928,-0.025968302,-0.025907803,-0.025920238,-0.025960516,-0.026000109,-0.025961656,-0.025975514,-0.025921103,-0.02590971,-0.025954325,-0.025951635,-0.025923487,-0.025973614,-0.026000146,-0.02591708,-0.02600364,-0.025942754,-0.025977265,-0.025959838
2018-08-24,-0.024368744,-0.024426576,-0.024363685,-0.024386484,-0.024421658,-0.02442411,-0.024430092,-0.024426859,-0.024383087,-0.024355095,-0.024406303,-0.024392169,-0.024381746,-0.024376694,-0.024455238,-0.024366152,-0.024504978,-0.024385694,-0.024417516,-0.024415348
2018-08-27,-0.023343068,-0.023387898,-0.023338597,-0.023367915,-0.02338617,-0.023428436,-0.023390893,-0.02339289,-0.023359913,-0.023327056,-0.023373228,-0.023368035,-0.023347247,-0.023405958,-0.023410346,-0.023330245,-0.023438085,-0.023338836,-0.0233814,-0.023377273
2018-08-28,-0.025281955,-0.02531765,-0.02526087,-0.02526224,-0.02531406,-0.025321703,-0.025322292,-0.025338072,-0.025296863,-0.025327723,-0.025309186,-0.025274355,-0.025284592,-0.025347684,-0.025360536,-0.025282655,-0.025390435,-0.025295269,-0.025320072,-0.02530558
2018-08-29,-0.02528594,-0.025320563,-0.025284048,-0.025291082,-0.025316756,-0.025324162,-0.025335412,-0.025333311,-0.025277596,-0.02534395,-0.025314275,-0.025275063,-0.025297467,-0.025350314,-0.025353875,-0.025277685,-0.025390226,-0.025270876,-0.02531768,-0.025311444
2018-08-30,-0.025297064,-0.025317144,-0.025267098,-0.02526259,-0.025319632,-0.025293257,-0.025333349,-0.025330957,-0.02529293,-0.025357272,-0.025318328,-0.0252943,-0.025296059,-0.025359746,-0.025332686,-0.025281686,-0.025337007,-0.025281962,-0.02531116,-0.025310118
2018-08-31,-0.023250584,-0.023275938,-0.023227204,-0.023221876,-0.023278039,-0.023283977,-0.023294363,-0.023297299,-0.023251425,-0.023315374,-0.023273367,-0.023238454,-0.023237329,-0.023319703,-0.023280475,-0.023224201,-0.02333716,-0.023242164,-0.023272153,-0.023270387
2018-09-04,-0.025279384,-0.025315683,-0.025257003,-0.025264349,-0.025332939,-0.025304336,-0.02532855,-0.025340106,-0.025278319,-0.025355343,-0.025313605,-0.02527861,-0.025278743,-0.025339853,-0.025333617,-0.025277782,-0.025385756,-0.025289577,-0.025315788,-0.025298145
2018-09-05,-0.025271457,-0.025320765,-0.02526642,-0.025253747,-0.025329594,-0.025337603,-0.025322247,-0.025340538,-0.025282104,-0.025364902,-0.025315735,-0.025288451,-0.02528653,-0.025347363,-0.025329638,-0.025291014,-0.02531873,-0.025309715,-0.025320258,-0.025305536
2018-09-06,-0.025268573,-0.025317397,-0.025261197,-0.025256742,-0.025331285,-0.0253249,-0.02533866,-0.025342878,-0.025287423,-0.02535731,-0.025312115,-0.025279332,-0.025274646,-0.025353078,-0.025337357,-0.025293175,-0.025346812,-0.025297303,-0.025319394,-0.025309
2018-09-07,-0.023962539,-0.024027836,-0.024037998,-0.023971613,-0.024026241,-0.024028037,-0.024041917,-0.024041917,-0.023970839,-0.024056625,-0.024018247,-0.024005916,-0.023997989,-0.02402715,-0.024058703,-0.024008255,-0.024071869,-0.023990598,-0.024012726,-0.024015997
2018-09-10,-0.027770925,-0.027833488,-0.02786668,-0.027764495,-0.027833115,-0.027843308,-0.0278521,-0.027846243,-0.027795006,-0.027871508,-0.027826961,-0.027803551,-0.027807664,-0.027851697,-0.027869556,-0.027820896,-0.027832482,-0.027790722,-0.027827647,-0.027822096
2018-09-11,-0.02526066,-0.025328342,-0.025358822,-0.025259066,-0.025316726,-0.025320422,-0.025344964,-0.025340732,-0.02528682,-0.02534927,-0.025317747,-0.025278669,-0.025290262,-0.025336143,-0.025352929,-0.025317345,-0.025344197,-0.025290992,-0.025314841,-0.025319468
2018-09-12,-0.028487954,-0.028537255,-0.028512117,-0.028463144,-0.028522644,-0.028521392,-0.02855033,-0.02854732,-0.028486494,-0.028550941,-0.028522033,-0.028473157,-0.028475333,-0.028537687,-0.028562795,-0.028514493,-0.028568145,-0.028491583,-0.028519776,-0.028521966
2018-09-13,-0.0251388,-0.025216829,-0.025210295,-0.02513777,-0.025203574,-0.02518731,-0.025249872,-0.025212724,-0.02516159,-0.025216337,-0.025197078,-0.025157865,-0.02514888,-0.02516057,-0.025247019,-0.025187101,-0.0252611,-0.025220681,-0.025196772,-0.025200497
2018-09-14,-0.025253203,-0.025331866,-0.025297035,-0.025258366,-0.025314797,-0.025286492,-0.025371734,-0.025329541,-0.025268544,-0.02534723,-0.025311444,-0.025278922,-0.025263246,-0.025261227,-0.025366966,-0.025306638,-0.025398288,-0.025350075,-0.02531163,-0.025309924
2018-09-17,-0.025254268,-0.025334377,-0.025270242,-0.025281955,-0.025316108,-0.025312398,-0.025373597,-0.025327954,-0.025276903,-0.025353055,-0.025308449,-0.025279794,-0.02527297,-0.025251005,-0.025332157,-0.025318746,-0.025397282,-0.025359664,-0.025313888,-0.025310684
2018-09-18,-0.025252748,-0.025328826,-0.025255654,-0.025283542,-0.025312435,-0.025312673,-0.025364544,-0.025331717,-0.025265712,-0.025348607,-0.025303293,-0.025279801,-0.025261398,-0.025250789,-0.025347967,-0.025276612,-0.025379438,-0.025360178,-0.025315512,-0.025310341
2018-09-19,-0.025268208,-0.025332805,-0.025253829,-0.025267024,-0.025317047,-0.025304604,-0.025370445,-0.025333863,-0.025270838,-0.025337894,-0.025303084,-0.025277693,-0.025257472,-0.025305483,-0.025356662,-0.025288772,-0.02537937,-0.02536602,-0.025315512,-0.025315676
2018-09-20,-0.02528214,-0.02533197,-0.025275443,-0.025274415,-0.025314312,-0.025299046,-0.025364157,-0.02533527,-0.025284667,-0.02535579,-0.025307093,-0.025295775,-0.025271926,-0.025334645,-0.025332186,-0.025300223,-0.0253894,-0.025376868,-0.025317457,-0.025316607
2018-09-21,-0.025267813,-0.025327262,-0.025290351,-0.02527507,-0.025320154,-0.02528866,-0.025361363,-0.02533668,-0.025279272,-0.025352072,-0.025309142,-0.025286373,-0.025266457,-0.025340911,-0.025317486,-0.025294486,-0.025383484,-0.025303584,-0.025319155,-0.025314394
2018-09-24,-0.02485044,-0.02491596,-0.024890099,-0.024874527,-0.024951283,-0.024874892,-0.02494869,-0.02493162,-0.024903294,-0.024928626,-0.024901543,-0.024864096,-0.024865638,-0.024944294,-0.024937127,-0.024894807,-0.024949204,-0.024938319,-0.024907839,-0.024908956
2018-09-25,-0.025260191,-0.025323164,-0.025294084,-0.025272343,-0.02535965,-0.02531365,-0.025361773,-0.02534056,-0.025316168,-0.0253427,-0.02531011,-0.025278863,-0.025285203,-0.025337663,-0.025280956,-0.02534749,-0.025368836,-0.025363509,-0.025322821,-0.025320332
2018-09-26,-0.02453911,-0.024576742,-0.024565984,-0.024545487,-0.024609674,-0.024584483,-0.0246288,-0.024609532,-0.024586175,-0.024607036,-0.024581876,-0.02454691,-0.024543408,-0.024589088,-0.024551358,-0.02461591,-0.02462757,-0.02463575,-0.024589937,-0.024584975
2018-09-27,-0.025258701,-0.025322642,-0.025308069,-0.0252815,-0.02536394,-0.025302771,-0.025364537,-0.02534094,-0.025313009,-0.025342967,-0.025316078,-0.025272977,-0.025267478,-0.025354203,-0.025309075,-0.025358167,-0.025342617,-0.025366638,-0.025321294,-0.025319923
2018-09-28,-0.025288936,-0.025332253,-0.025328044,-0.025297757,-0.025391225,-0.025311884,-0.025371429,-0.025342043,-0.025320861,-0.025340084,-0.025320668,-0.02526563,-0.025268067,-0.025366683,-0.025339063,-0.025380287,-0.025322411,-0.025348242,-0.025322292,-0.025330123
2018-10-01,-0.027328257,-0.027390625,-0.027392257,-0.027362306,-0.027461845,-0.02739114,-0.027426232,-0.027402345,-0.027391408,-0.0274125,-0.027382072,-0.027348612,-0.027329843,-0.02743448,-0.027410667,-0.027436186,-0.027411524,-0.027424473,-0.02739187,-0.027389992
2018-10-02,-0.025258582,-0.025316898,-0.025275972,-0.025287118,-0.025358852,-0.025345001,-0.02536266,-0.025337998,-0.025316898,-0.025351454,-0.025310498,-0.025278438,-0.025259096,-0.025361951,-0.025353227,-0.025307197,-0.025346886,-0.02528837,-0.025323238,-0.025315989
2018-10-03,-0.025256302,-0.02532078,-0.025281187,-0.025298264,-0.025348958,-0.025351431,-0.025358606,-0.02534328,-0.025321204,-0.025352973,-0.025311623,-0.0252853,-0.025264274,-0.025371779,-0.0253607,-0.025295433,-0.025326978,-0.025287386,-0.025323164,-0.025323812
2018-10-04,-0.025260057,-0.025336463,-0.025345746,-0.025283735,-0.02534644,-0.025357794,-0.025359657,-0.025344077,-0.02531771,-0.025328342,-0.02531572,-0.025285218,-0.025258686,-0.025365014,-0.02536605,-0.0252886,-0.02532072,-0.025269222,-0.025321018,-0.0253223
2018-10-05,-0.02611896,-0.02619465,-0.026204448,-0.026139636,-0.02619708,-0.026233431,-0.026210617,-0.026197445,-0.026173007,-0.026198376,-0.026174504,-0.02616651,-0.026137602,-0.0262166,-0.026227843,-0.026152644,-0.026185777,-0.026135188,-0.02618019,-0.026177745
2018-10-08,-0.028077517,-0.028158706,-0.02817883,-0.028110046,-0.028157424,-0.028195534,-0.028176967,-0.028166946,-0.028129686,-0.028170843,-0.028140206,-0.028128523,-0.028102148,-0.028180081,-0.02819566,-0.028117057,-0.028153848,-0.028083976,-0.028142672,-0.028148074
2018-10-09,-0.025254536,-0.02533583,-0.025333535,-0.025311496,-0.025336307,-0.025385063,-0.025344376,-0.025344219,-0.025299873,-0.025356751,-0.025319394,-0.025303181,-0.025291223,-0.025363583,-0.02537449,-0.025296476,-0.025313158,-0.02526157,-0.025324252,-0.0253327
2018-10-10,-0.02525409,-0.025336687,-0.025321115,-0.025300499,-0.025331255,-0.0253692,-0.02535003,-0.025343176,-0.025287356,-0.02534232,-0.025315393,-0.025291283,-0.025270466,-0.025356699,-0.025368024,-0.025278311,-0.02531166,-0.025264535,-0.025318522,-0.025325831
2018-10-11,-0.02525961,-0.02533466,-0.025311206,-0.02530687,-0.02533042,-0.02534413,-0.025356274,-0.02534296,-0.02529842,-0.025345039,-0.025318336,-0.025282424,-0.025280375,-0.025352623,-0.025370475,-0.025335278,-0.025310826,-0.025287133,-0.025323596,-0.025329378
2018-10-12,-0.0241418,-0.024223309,-0.024199005,-0.024176951,-0.024217095,-0.024220567,-0.024242114,-0.024231765,-0.024191443,-0.024231013,-0.024207223,-0.024161678,-0.024175998,-0.024233941,-0.024251562,-0.024246674,-0.024198543,-0.024195675,-0.024212908,-0.024214137
2018-10-15,-0.025686119,-0.02576739,-0.025742348,-0.02569813,-0.025750216,-0.025775533,-0.025780398,-0.025771718,-0.025725681,-0.025772486,-0.025745962,-0.025701936,-0.025716316,-0.02578279,-0.025790978,-0.025741834,-0.026150253,-0.025722686,-0.025753032,-0.025758032
2018-10-16,-0.025253367,-0.025333922,-0.025311809,-0.02526668,-0.025321085,-0.025325302,-0.025344383,-0.025342088,-0.025274318,-0.025349926,-0.025316719,-0.025286976,-0.025286708,-0.025351781,-0.025365543,-0.025290739,-0.025441479,-0.025265854,-0.025320422,-0.025327008
2018-10-17,-0.025249954,-0.02533086,-0.025311943,-0.025264028,-0.02531853,-0.025306191,-0.02534226,-0.025340889,-0.025272783,-0.0253398,-0.025313687,-0.025268074,-0.025285196,-0.025351722,-0.025351498,-0.025332253,-0.025380697,-0.025282089,-0.025297355,-0.02533168
2018-10-18,-0.025261942,-0.025336165,-0.025318455,-0.025256451,-0.0253166,-0.025295164,-0.025339056,-0.025339175,-0.025284883,-0.02534442,-0.02531742,-0.025270429,-0.025283236,-0.025339011,-0.025346216,-0.025287483,-0.025364164,-0.025310103,-0.02531774,-0.025331099
2018-10-19,-0.021994773,-0.022028465,-0.02200501,-0.021967921,-0.022008192,-0.02201249,-0.022025589,-0.022032019,-0.021989565,-0.0219821,-0.022008967,-0.021957789,-0.021987926,-0.02203678,-0.022038814,-0.022020992,-0.022078324,-0.022010658,-0.02201536,-0.022028822
2018-10-22,-0.02553681,-0.025585864,-0.025564741,-0.02552675,-0.025567647,-0.025568683,-0.025585044,-0.025590573,-0.025554683,-0.025545586,-0.025564704,-0.025526408,-0.025541093,-0.025600623,-0.02559815,-0.025543358,-0.025577571,-0.025548462,-0.02557559,-0.025588471
2018-10-23,-0.025267545,-0.02533475,-0.025306974,-0.025290716,-0.02532002,-0.025315154,-0.025344033,-0.025341157,-0.025314052,-0.025288273,-0.025312182,-0.02526122,-0.025295597,-0.025353935,-0.025331508,-0.025302771,-0.025317762,-0.025294583,-0.02532531,-0.025339227
2018-10-24,-0.025259089,-0.025337305,-0.025316458,-0.025310513,-0.025324684,-0.025311608,-0.025343519,-0.02533869,-0.025306564,-0.025286127,-0.025313433,-0.02526189,-0.025294516,-0.025354821,-0.025333714,-0.025265802,-0.025310386,-0.025279488,-0.025319587,-0.025337126
2018-10-25,-0.028140318,-0.028217297,-0.028192159,-0.028179917,-0.028203774,-0.028188076,-0.028220478,-0.02821808,-0.028179418,-0.028196234,-0.028192151,-0.028129902,-0.028167736,-0.028219897,-0.028216902,-0.028208923,-0.028194796,-0.028177898,-0.028195936,-0.028216016
2018-10-26,-0.024034794,-0.024122652,-0.024099547,-0.024089824,-0.02411187,-0.024099138,-0.024134602,-0.02412394,-0.024102662,-0.024119463,-0.024098773,-0.024054658,-0.024081912,-0.02411097,-0.024131622,-0.024144571,-0.024096373,-0.024104837,-0.024106126,-0.024122845
2018-10-29,-0.023510214,-0.02359565,-0.02357072,-0.023560602,-0.023590658,-0.023569915,-0.02361345,-0.023599293,-0.023580324,-0.023596663,-0.023576472,-0.02352583,-0.023551632,-0.02357975,-0.023606148,-0.023613174,-0.023581218,-0.02358177,-0.023584034,-0.023590174
2018-10-30,-0.025247518,-0.025328893,-0.025296133,-0.025266293,-0.0253204,-0.02530859,-0.025349986,-0.02531581,-0.025283273,-0.02533776,-0.02530801,-0.025259975,-0.025288973,-0.025308456,-0.025352124,-0.025364693,-0.025312219,-0.025341112,-0.025319982,-0.025311548
2018-10-31,-0.025253247,-0.025334265,-0.025311034,-0.025264125,-0.025317136,-0.025289934,-0.025356155,-0.025335629,-0.025294978,-0.025326524,-0.025312696,-0.025259461,-0.025296178,-0.02534734,-0.025349315,-0.025325198,-0.025311027,-0.02529027,-0.025321942,-0.02532595
2018-11-01,-0.0276603,-0.027727451,-0.02769341,-0.027646769,-0.027705561,-0.027699944,-0.027731765,-0.027753923,-0.027699973,-0.027736228,-0.027702775,-0.027654048,-0.02768213,-0.027728993,-0.027733695,-0.027748067,-0.027698968,-0.02768607,-0.027713273,-0.027713757
2018-11-02,-0.025265422,-0.025380094,-0.025304597,-0.02525543,-0.025315512,-0.025295284,-0.025345411,-0.025385398,-0.025307734,-0.025324102,-0.025314722,-0.02527285,-0.025290783,-0.025321383,-0.025358345,-0.025334064,-0.02531026,-0.025314596,-0.025327135,-0.02532195
2018-11-05,-0.02898198,-0.02910268,-0.02902655,-0.028975558,-0.029036012,-0.029030006,-0.029075209,-0.02907082,-0.02901325,-0.029020082,-0.029040594,-0.02901053,-0.029019888,-0.029028226,-0.029077228,-0.029055525,-0.02903727,-0.029038299,-0.029048096,-0.029029306
2018-11-06,-0.02524897,-0.025377985,-0.025304046,-0.02525894,-0.025308702,-0.02530111,-0.025351372,-0.025331069,-0.025289673,-0.025292065,-0.02531765,-0.025264729,-0.025296297,-0.025335174,-0.025348771,-0.025315274,-0.025309887,-0.025330853,-0.025320973,-0.025331665
2018-11-07,-0.025901917,-0.02600659,-0.025958303,-0.025904808,-0.025963034,-0.025999304,-0.026005905,-0.025983695,-0.025929514,-0.025946017,-0.025974642,-0.025932994,-0.025945317,-0.025991555,-0.02600703,-0.025965165,-0.025939662,-0.025996428,-0.025974605,-0.025987167
2018-11-08,-0.025480237,-0.025573146,-0.025518972,-0.025477845,-0.02553643,-0.02555712,-0.025577981,-0.025536958,-0.025513027,-0.025567148,-0.02554902,-0.02552699,-0.02552211,-0.025564235,-0.025575716,-0.025500227,-0.025556985,-0.025553022,-0.025550034,-0.0255577
2018-11-09,-0.030299049,-0.03039812,-0.030323263,-0.030297969,-0.030361328,-0.030377526,-0.030400436,-0.030424621,-0.030362625,-0.030406665,-0.030373778,-0.030356597,-0.030323599,-0.030345697,-0.030395415,-0.030355107,-0.03040227,-0.030374903,-0.030383002,-0.03033666
2018-11-12,-0.02525584,-0.025338475,-0.025283907,-0.025255803,-0.02531198,-0.02532373,-0.025359098,-0.0253901,-0.025315192,-0.025364656,-0.02532385,-0.025309812,-0.025292601,-0.025314566,-0.025362197,-0.025322419,-0.025372516,-0.025326375,-0.025328461,-0.025310371
2018-11-13,-0.025264133,-0.025324527,-0.025268208,-0.025274191,-0.025311645,-0.025328021,-0.025352132,-0.02534749,-0.025296953,-0.025369,-0.025317702,-0.025312554,-0.025294814,-0.02530976,-0.025335673,-0.025327664,-0.025377084,-0.025321048,-0.025324348,-0.02528755
2018-11-14,-0.025258962,-0.025318604,-0.025269885,-0.025259327,-0.025313403,-0.025314149,-0.025355797,-0.025339518,-0.025275279,-0.025379311,-0.025323514,-0.025318217,-0.025298003,-0.025311697,-0.025324743,-0.0253351,-0.025378104,-0.02531625,-0.02531841,-0.025277678
2018-11-15,-0.022292752,-0.022367913,-0.022323076,-0.022303049,-0.022358153,-0.022356804,-0.02240004,-0.022381257,-0.022346403,-0.022419985,-0.022368189,-0.022359032,-0.02233709,-0.022361342,-0.022350553,-0.022415292,-0.022439588,-0.022356447,-0.022366252,-0.02234516
2018-11-16,-0.025250454,-0.025353845,-0.025289226,-0.025250655,-0.02531365,-0.025317978,-0.025361758,-0.025323559,-0.02528977,-0.02537321,-0.02532624,-0.025290888,-0.025301646,-0.02526677,-0.025350157,-0.025333319,-0.02538487,-0.025314603,-0.025346328,-0.025306094
2018-11-19,-0.023584027,-0.023702223,-0.023615938,-0.023587387,-0.023642603,-0.02364548,-0.023692016,-0.023665365,-0.023621459,-0.023699213,-0.023654733,-0.023605678,-0.023630966,-0.023591924,-0.023680892,-0.023643624,-0.023695242,-0.02364004,-0.023693118,-0.023634713
2018-11-20,-0.025254037,-0.025340613,-0.025288139,-0.025250431,-0.025314372,-0.025306147,-0.025359642,-0.02533434,-0.025292914,-0.025371436,-0.025330286,-0.025281448,-0.025300253,-0.025267955,-0.02530777,-0.025312368,-0.025366496,-0.02532338,-0.025360461,-0.0252874
2018-11-21,-0.025259357,-0.025335114,-0.025295641,-0.025247898,-0.025314253,-0.025314111,-0.02536225,-0.025322389,-0.0252974,-0.02537455,-0.02533308,-0.025288265,-0.025294084,-0.025267977,-0.025290933,-0.02535319,-0.025347184,-0.025322948,-0.025364604,-0.025353651
2018-11-23,-0.025256272,-0.025332008,-0.025298867,-0.025263716,-0.025317874,-0.025314737,-0.025365282,-0.025322113,-0.025278252,-0.025367077,-0.02533428,-0.025273781,-0.025298748,-0.0252341,-0.02529614,-0.025372919,-0.025333066,-0.025318827,-0.025328655,-0.025365975
2018-11-26,-0.025253873,-0.02533001,-0.025285576,-0.025252398,-0.025317866,-0.02531125,-0.025363985,-0.025344025,-0.025286634,-0.025368359,-0.025334466,-0.025284212,-0.02529936,-0.025257636,-0.02529664,-0.025376309,-0.025719296,-0.025317106,-0.02530967,-0.025309343
2018-11-27,-0.025254685,-0.025322255,-0.025289763,-0.025251333,-0.025313284,-0.025310013,-0.025362525,-0.025351766,-0.025294293,-0.025372516,-0.025334012,-0.025288198,-0.025302444,-0.02525295,-0.025288012,-0.025366802,-0.025456976,-0.025318135,-0.025322642,-0.025367673
2018-11-28,-0.025254343,-0.025312763,-0.02529141,-0.025250379,-0.025329608,-0.02531236,-0.025363121,-0.025361072,-0.025285799,-0.025374267,-0.0253346,-0.02528556,-0.02529924,-0.025248516,-0.025270026,-0.025373984,-0.025402296,-0.025320183,-0.025320161,-0.025324065
2018-11-29,-0.025257569,-0.025312815,-0.02527259,-0.02525438,-0.025289472,-0.02531067,-0.025353353,-0.025339972,-0.025270317,-0.025365006,-0.025330972,-0.025264185,-0.02529585,-0.025254305,-0.025279868,-0.025377419,-0.025361877,-0.02532154,-0.025310468,-0.02531736
2018-11-30,-0.02670673,-0.026783,-0.026744742,-0.026707035,-0.026770744,-0.02676833,-0.02680343,-0.026824545,-0.026767198,-0.026816588,-0.026791316,-0.026718061,-0.026753131,-0.026711468,-0.02673262,-0.026836473,-0.026805814,-0.026780289,-0.026774753,-0.026745755
2018-12-03,-0.023424286,-0.023475047,-0.02345338,-0.02342726,-0.023486596,-0.023480628,-0.02352782,-0.02353486,-0.023412492,-0.023534667,-0.023505282,-0.023431,-0.023471694,-0.02343214,-0.02344336,-0.02353992,-0.023512919,-0.023497809,-0.02347852,-0.023479726
2018-12-04,-0.025248308,-0.02530906,-0.025290195,-0.025253695,-0.025310215,-0.025323424,-0.025354844,-0.025310617,-0.025228847,-0.025364611,-0.025325563,-0.025325987,-0.02529746,-0.025230978,-0.025271479,-0.025378514,-0.025334004,-0.025324877,-0.025288735,-0.025292318
2018-12-06,-0.022241969,-0.022296991,-0.022270035,-0.022233304,-0.022298884,-0.022311527,-0.022338677,-0.02229343,-0.02226292,-0.022345345,-0.022307571,-0.02233066,-0.022274088,-0.022220355,-0.022250641,-0.022359978,-0.0223107,-0.022300016,-0.022272307,-0.022327859
2018-12-07,-0.025253382,-0.025312517,-0.025302839,-0.02525838,-0.025330309,-0.025331993,-0.025359582,-0.025302742,-0.025285985,-0.025363546,-0.025330666,-0.025360007,-0.025299575,-0.0252611,-0.025273021,-0.025381703,-0.025311489,-0.025319409,-0.025280502,-0.025297347
2018-12-10,-0.023143064,-0.023228075,-0.023182984,-0.023139741,-0.02320506,-0.023215842,-0.023241978,-0.023213346,-0.023174215,-0.023255523,-0.023217913,-0.023253504,-0.023184154,-0.023118284,-0.023168195,-0.023257319,-0.023203421,-0.023191776,-0.023189757,-0.023226824
2018-12-11,-0.025258895,-0.025322866,-0.02528968,-0.025248993,-0.025313143,-0.025321621,-0.025351744,-0.025295582,-0.025252271,-0.025370006,-0.025325883,-0.025287595,-0.025291186,-0.025223013,-0.025267038,-0.02536532,-0.02530704,-0.025297757,-0.025278043,-0.025248017
2018-12-12,-0.025253225,-0.025317375,-0.025266994,-0.025253091,-0.02530523,-0.025328163,-0.02535211,-0.025285091,-0.025297556,-0.025372293,-0.025319826,-0.025350135,-0.025294747,-0.025225054,-0.025276039,-0.02535941,-0.025326628,-0.025276843,-0.025299046,-0.025347363
2018-12-13,-0.025265563,-0.02533925,-0.025286574,-0.025261637,-0.025297087,-0.02531797,-0.025350314,-0.025289517,-0.025281299,-0.0253711,-0.025330018,-0.025359359,-0.025304321,-0.025235351,-0.025292505,-0.025348049,-0.025315631,-0.02531274,-0.025294688,-0.025364865
2018-12-14,-0.024311502,-0.024389636,-0.024325099,-0.024302464,-0.024370898,-0.024379898,-0.024400424,-0.024380703,-0.024358805,-0.024409596,-0.024380896,-0.024420757,-0.024343591,-0.024312723,-0.024341289,-0.024406668,-0.02436443,-0.02432606,-0.024369974,-0.024349887
2018-12-17,-0.027473595,-0.02750365,-0.02748518,-0.027484346,-0.027533222,-0.02754945,-0.02756675,-0.027515989,-0.027537312,-0.027570102,-0.027548354,-0.027598176,-0.02751733,-0.027463641,-0.027486313,-0.027573634,-0.02753551,-0.027522441,-0.027522963,-0.027525414
2018-12-18,-0.02428383,-0.024323385,-0.024287026,-0.024287697,-0.024351615,-0.024369027,-0.024379548,-0.024347682,-0.024354827,-0.024384934,-0.02434929,-0.024410207,-0.024328228,-0.024281103,-0.024298955,-0.024384234,-0.02435283,-0.024331685,-0.024336983,-0.024337579
2018-12-19,-0.023869399,-0.023951154,-0.023872767,-0.023874354,-0.023935582,-0.023940641,-0.023963105,-0.02393343,-0.023915771,-0.023960005,-0.023936313,-0.023994733,-0.02390698,-0.02383795,-0.023881216,-0.023958933,-0.023928877,-0.023910586,-0.02390271,-0.02392551
2018-12-20,-0.025554221,-0.025580216,-0.025562014,-0.025562745,-0.025626775,-0.025628168,-0.02564888,-0.025602195,-0.025598753,-0.025655288,-0.025613885,-0.02568305,-0.025596436,-0.025533263,-0.025575142,-0.025611471,-0.025613058,-0.02560002,-0.02558333,-0.025606815
2018-12-21,-0.024955828,-0.024986047,-0.024979513,-0.024969604,-0.025033575,-0.025030162,-0.02505834,-0.025049198,-0.025006596,-0.025072891,-0.025015157,-0.025082525,-0.02500118,-0.024926703,-0.024974283,-0.025012393,-0.025014605,-0.025010403,-0.025002602,-0.02495728
2018-12-24,-0.024982478,-0.024996046,-0.025012743,-0.024996508,-0.02505159,-0.025065977,-0.02508619,-0.025103848,-0.024996433,-0.025066588,-0.025043685,-0.025103841,-0.025027003,-0.024956886,-0.025017861,-0.025032733,-0.025042724,-0.025018867,-0.0250335,-0.02502175
2018-12-26,-0.02437922,-0.02442998,-0.02439982,-0.024392504,-0.024443168,-0.024450097,-0.02448668,-0.024436448,-0.024391074,-0.024493124,-0.024442818,-0.024504635,-0.02442449,-0.024368975,-0.02442732,-0.024430145,-0.024437923,-0.024423223,-0.024436135,-0.024439018
2018-12-27,-0.025249977,-0.0253078,-0.025266554,-0.025261458,-0.025271934,-0.025317106,-0.025354546,-0.025351185,-0.025268119,-0.025364865,-0.025314819,-0.02535909,-0.025291782,-0.025228593,-0.025299992,-0.025296744,-0.025309999,-0.025289718,-0.025283132,-0.025341224
2018-12-28,-0.02723911,-0.027261425,-0.0272423,-0.027248878,-0.027301867,-0.02729695,-0.027347054,-0.027304541,-0.027217042,-0.027353268,-0.02729841,-0.027352255,-0.02728882,-0.027248677,-0.027283613,-0.027301218,-0.027304191,-0.02728485,-0.02723771,-0.02731314
2018-12-31,-0.025716607,-0.025764834,-0.02571131,-0.025713298,-0.025769826,-0.02576885,-0.02581266,-0.025783602,-0.025678467,-0.025809031,-0.025770951,-0.02578454,-0.025746133,-0.025743265,-0.025741044,-0.02570514,-0.025784578,-0.025752801,-0.025784504,-0.025825854
2019-01-02,-0.02525406,-0.025295783,-0.025284205,-0.02525657,-0.025314901,-0.025306832,-0.025350463,-0.025285985,-0.025299992,-0.02535173,-0.02531797,-0.025281694,-0.025295291,-0.025291067,-0.025286663,-0.025293697,-0.02532098,-0.025293324,-0.025260244,-0.025358412
2019-01-03,-0.025250327,-0.025320414,-0.025259275,-0.025254529,-0.0253064,-0.025301378,-0.025340859,-0.025324155,-0.025289107,-0.025343921,-0.025315534,-0.025229346,-0.025295485,-0.025296804,-0.02527779,-0.025236782,-0.025302995,-0.025309522,-0.025287066,-0.025358375
2019-01-04,-0.027992059,-0.028051998,-0.02800088,-0.027992759,-0.028065447,-0.028047841,-0.028078426,-0.028039325,-0.028087404,-0.028088007,-0.02805904,-0.027993154,-0.028036091,-0.02804203,-0.02802549,-0.027974155,-0.02805699,-0.028051276,-0.028035428,-0.028107617
2019-01-07,-0.02711622,-0.027117822,-0.027107824,-0.027114335,-0.027173493,-0.027174164,-0.027195562,-0.027120207,-0.027167257,-0.027182993,-0.027163912,-0.027091611,-0.02715573,-0.027214747,-0.027128305,-0.027147178,-0.027181845,-0.027166706,-0.027164545,-0.02714036
2019-01-08,-0.025256272,-0.025293875,-0.02524503,-0.025249537,-0.025311518,-0.025323559,-0.025343824,-0.02526198,-0.025307972,-0.025339548,-0.025291149,-0.025219332,-0.025295105,-0.02531578,-0.025260124,-0.025315013,-0.025318291,-0.02531645,-0.025301721,-0.02535091
2019-01-09,-0.021854136,-0.02187324,-0.021865424,-0.021846946,-0.021900501,-0.021917995,-0.021943625,-0.021921288,-0.021897893,-0.02194463,-0.021900851,-0.021839138,-0.021896135,-0.021958265,-0.02185933,-0.021907281,-0.02190477,-0.021914188,-0.021920439,-0.021906193
2019-01-10,-0.025251057,-0.025293652,-0.025248576,-0.025253672,-0.025321905,-0.025308084,-0.025347125,-0.025273431,-0.025311511,-0.025314305,-0.025285717,-0.02522454,-0.025301274,-0.02535827,-0.025273692,-0.025266904,-0.02532174,-0.025311347,-0.02527308,-0.025286127
2019-01-11,-0.025243726,-0.025260638,-0.025242332,-0.025244866,-0.025310185,-0.025317024,-0.02533425,-0.025254574,-0.02530587,-0.025304522,-0.02528802,-0.02524959,-0.02530111,-0.025366958,-0.02524935,-0.025268104,-0.025310125,-0.025312904,-0.025299545,-0.025271606
2019-01-14,-0.024710413,-0.024726275,-0.024717022,-0.024714831,-0.024776932,-0.024797413,-0.024804596,-0.024742488,-0.024774399,-0.024792176,-0.0247644,-0.02470744,-0.024765018,-0.024837624,-0.024715658,-0.024803195,-0.02477594,-0.024769913,-0.024719212,-0.024758067
2019-01-15,-0.025242705,-0.025250528,-0.02525245,-0.025254112,-0.025316086,-0.025323834,-0.02534512,-0.0252469,-0.025321957,-0.02531657,-0.025292385,-0.025268253,-0.025300737,-0.02537423,-0.025250029,-0.025338892,-0.025310297,-0.02529918,-0.025274437,-0.02526385
2019-01-16,-0.025245052,-0.025240634,-0.025248785,-0.025252651,-0.02533364,-0.025333803,-0.025345366,-0.025231015,-0.025317255,-0.025303785,-0.02530181,-0.025238652,-0.025294114,-0.025380474,-0.02524833,-0.02535237,-0.025309969,-0.025303502,-0.02528562,-0.025293868
2019-01-17,-0.02525365,-0.025339644,-0.02524757,-0.025251526,-0.025316168,-0.025327977,-0.025346275,-0.025302965,-0.025304962,-0.025343854,-0.025306042,-0.025281277,-0.02530146,-0.02537639,-0.025246631,-0.02530704,-0.025309596,-0.02530441,-0.0253109,-0.025287192
2019-01-18,-0.02525336,-0.025335971,-0.025249507,-0.025254603,-0.025312271,-0.025329541,-0.025338765,-0.025300149,-0.025303815,-0.025355157,-0.025298994,-0.025269914,-0.025302123,-0.025376942,-0.025243375,-0.025309589,-0.02530953,-0.025296409,-0.025320482,-0.025277797
2019-01-22,-0.025259878,-0.025276642,-0.025251415,-0.02525169,-0.025313172,-0.025255356,-0.025342565,-0.025293324,-0.025300894,-0.025346968,-0.02529205,-0.025224883,-0.025302384,-0.025283698,-0.025246453,-0.025300104,-0.025309522,-0.025293287,-0.025312413,-0.025277596
2019-01-23,-0.02526262,-0.025306184,-0.02525274,-0.025259282,-0.02531552,-0.025320087,-0.025348846,-0.025321085,-0.025305394,-0.025348302,-0.02530453,-0.025224645,-0.025303688,-0.025362108,-0.025254685,-0.025311295,-0.025309522,-0.025297474,-0.025321033,-0.025279757
2019-01-24,-0.025265943,-0.025293086,-0.025274646,-0.025262486,-0.025317047,-0.02526344,-0.02535196,-0.02533992,-0.025308792,-0.025304083,-0.02530488,-0.025265563,-0.025312614,-0.025262784,-0.025274638,-0.025301304,-0.025309522,-0.025288519,-0.025327642,-0.025258217
2019-01-25,-0.025274191,-0.0252846,-0.025277462,-0.025264513,-0.025801089,-0.025265519,-0.02535053,-0.02531365,-0.02525283,-0.025299635,-0.025293823,-0.025304604,-0.025308046,-0.025294613,-0.025277976,-0.025301311,-0.025309484,-0.025281038,-0.02534641,-0.025278453
2019-01-28,-0.025120791,-0.025166217,-0.025121946,-0.025109414,-0.025320094,-0.025127586,-0.0251959,-0.025164504,-0.025115725,-0.025135126,-0.025148455,-0.02507643,-0.02515458,-0.025179971,-0.025141384,-0.025150534,-0.025158715,-0.025130186,-0.025208298,-0.025136728
2019-01-29,-0.025255185,-0.025312666,-0.025260154,-0.025258567,-0.025399115,-0.02530009,-0.025347967,-0.025280919,-0.025293957,-0.0253315,-0.025307309,-0.025258463,-0.025301833,-0.025360603,-0.025255222,-0.025309343,-0.025310386,-0.025293034,-0.025316779,-0.025276635
2019-01-30,-0.025256153,-0.025290128,-0.025260206,-0.02525435,-0.025299314,-0.025295798,-0.025345776,-0.025317613,-0.025278691,-0.025353495,-0.025296312,-0.025246363,-0.025303047,-0.025364127,-0.025252718,-0.02529477,-0.02530985,-0.025291216,-0.025318053,-0.025293779
2019-01-31,-0.028341603,-0.028374333,-0.028336357,-0.028332386,-0.028400641,-0.028352972,-0.02841207,-0.028396104,-0.028377648,-0.028370548,-0.028378997,-0.028326925,-0.028380755,-0.028364312,-0.02835166,-0.02836417,-0.028389204,-0.028378729,-0.02834281,-0.028364535
2019-02-01,-0.029516172,-0.029545393,-0.029517997,-0.029525448,-0.029540677,-0.0295359,-0.02961417,-0.029566523,-0.02955984,-0.029561173,-0.029575493,-0.029529158,-0.029576268,-0.029549602,-0.029550057,-0.029551368,-0.029582199,-0.02955034,-0.029517006,-0.029537175
2019-02-04,-0.025196623,-0.025202233,-0.025198001,-0.02519169,-0.025231931,-0.025229167,-0.025279786,-0.025197197,-0.025238302,-0.025212895,-0.025256086,-0.025198046,-0.025214802,-0.025238786,-0.025236998,-0.025239509,-0.025250752,-0.02523062,-0.025221128,-0.02522182
2019-02-05,-0.02525172,-0.025299024,-0.025250915,-0.025241587,-0.025295977,-0.025313076,-0.025330376,-0.025309946,-0.02526414,-0.025271129,-0.02531198,-0.025238965,-0.025260363,-0.025324304,-0.025258321,-0.025303211,-0.02531026,-0.025311273,-0.025242563,-0.025339443
2019-02-06,-0.022837836,-0.022867423,-0.022840839,-0.022847127,-0.022877079,-0.02287272,-0.0229312,-0.02284697,-0.022828732,-0.022830795,-0.022894789,-0.02285165,-0.02287874,-0.022867028,-0.022857841,-0.022896897,-0.02289125,-0.022904221,-0.022822183,-0.022925202
2019-02-07,-0.023903627,-0.023976695,-0.023905035,-0.023904908,-0.023998376,-0.023966867,-0.023997288,-0.02392767,-0.023931433,-0.023887288,-0.0239687,-0.023906495,-0.023953956,-0.023938175,-0.023906585,-0.023958098,-0.023965497,-0.023959916,-0.023909878,-0.023991939
2019-02-08,-0.025253493,-0.025300313,-0.025257293,-0.025270667,-0.025288854,-0.02527253,-0.025353324,-0.025276374,-0.025230948,-0.025287982,-0.025309484,-0.025271174,-0.02528495,-0.025284003,-0.025270764,-0.02530944,-0.025309976,-0.025292803,-0.025307555,-0.0253505
2019-02-11,-0.025250819,-0.025273744,-0.025266971,-0.025269095,-0.02530745,-0.025289882,-0.025350515,-0.025305573,-0.02522311,-0.025274862,-0.02530991,-0.025281753,-0.025285412,-0.025271427,-0.02531613,-0.02531023,-0.025315303,-0.02529106,-0.025284458,-0.025300372
2019-02-12,-0.025254484,-0.025274377,-0.025332373,-0.025266688,-0.025341537,-0.025300954,-0.025350329,-0.025296334,-0.025221076,-0.025258671,-0.02531169,-0.02527931,-0.025290381,-0.025276985,-0.02530903,-0.025319416,-0.025316853,-0.025286134,-0.02527034,-0.025255378
2019-02-13,-0.03085931,-0.030893039,-0.030939426,-0.030876245,-0.030941691,-0.03090145,-0.030951288,-0.030913737,-0.030833464,-0.03085563,-0.030917529,-0.030884463,-0.03089204,-0.030897204,-0.030908693,-0.030889068,-0.0309253,-0.030885082,-0.03084914,-0.030872364
2019-02-14,-0.025254216,-0.025298644,-0.02534077,-0.025262702,-0.025331665,-0.025293853,-0.025340635,-0.025296438,-0.025221583,-0.02528343,-0.025308464,-0.025279317,-0.02529915,-0.025340091,-0.025290761,-0.02529769,-0.025311265,-0.02529208,-0.025228973,-0.025336225
2019-02-15,-0.025253017,-0.025293838,-0.025347311,-0.025275778,-0.02534363,-0.025306802,-0.025326367,-0.025287572,-0.025240611,-0.025312942,-0.02530637,-0.02526294,-0.025303569,-0.025285568,-0.025262143,-0.025296036,-0.025316227,-0.025279049,-0.025330927,-0.025303457
2019-02-19,-0.025253389,-0.02526297,-0.025324743,-0.025260862,-0.025337365,-0.025330383,-0.02533755,-0.025276314,-0.025251027,-0.02525888,-0.025304142,-0.025256265,-0.025302459,-0.025322039,-0.025276367,-0.025272075,-0.025313575,-0.02528869,-0.025246192,-0.025249343
2019-02-20,-0.025251735,-0.02530313,-0.025332946,-0.025261495,-0.025322024,-0.025295597,-0.025334436,-0.025296245,-0.025269259,-0.025241826,-0.025307003,-0.025244784,-0.025295984,-0.025345553,-0.025268223,-0.025292825,-0.025311109,-0.025315877,-0.025238011,-0.025297996
2019-02-21,-0.025258984,-0.02529141,-0.025344465,-0.025268678,-0.025335465,-0.025255855,-0.025344621,-0.02528647,-0.025285926,-0.025249217,-0.025307577,-0.025263216,-0.025300588,-0.025318649,-0.02525187,-0.025299024,-0.025266554,-0.025327403,-0.02523661,-0.02524757
2019-02-22,-0.025250282,-0.025266629,-0.02534007,-0.025268544,-0.025319029,-0.025258537,-0.025347326,-0.025257412,-0.025250237,-0.02523451,-0.025306221,-0.025298927,-0.025306303,-0.02524234,-0.025252115,-0.02529421,-0.025273982,-0.02531958,-0.025258247,-0.025231611
2019-02-25,-0.026484858,-0.026525032,-0.0265227,-0.026500028,-0.02704427,-0.02657653,-0.026586313,-0.026505444,-0.026497353,-0.026476618,-0.026542556,-0.026521463,-0.026541423,-0.026526306,-0.026494455,-0.026506167,-0.026549924,-0.026537713,-0.026556056,-0.02653705
2019-02-26,-0.025252614,-0.025306646,-0.025290858,-0.025269788,-0.02546743,-0.025300983,-0.02534892,-0.025336388,-0.025278721,-0.025249105,-0.025312226,-0.025292415,-0.02530862,-0.02530035,-0.025270257,-0.02529693,-0.02531248,-0.025301296,-0.025308829,-0.025315035
2019-02-27,-0.027753372,-0.02776618,-0.027789894,-0.027770441,-0.027898226,-0.027796615,-0.02784669,-0.027835246,-0.027811322,-0.027752232,-0.027810637,-0.027798992,-0.027805094,-0.028200205,-0.027779173,-0.027793724,-0.027809437,-0.02780452,-0.02778389,-0.027796317
2019-02-28,-0.02294242,-0.022949096,-0.022948135,-0.022942197,-0.023046892,-0.023028929,-0.023041334,-0.022960562,-0.022952732,-0.022937309,-0.022997532,-0.022973765,-0.02299453,-0.023111518,-0.02295668,-0.022974249,-0.022991221,-0.02299508,-0.022917684,-0.02298588
2019-03-01,-0.022817235,-0.022798602,-0.022824299,-0.022798453,-0.022857506,-0.022890668,-0.022920858,-0.022806097,-0.022823911,-0.022818241,-0.02287488,-0.022847045,-0.022873793,-0.022941705,-0.022837844,-0.022861157,-0.022887174,-0.022873629,-0.022813257,-0.022879075
2019-03-04,-0.02525216,-0.02527712,-0.025284234,-0.025222693,-0.025283296,-0.025339503,-0.02535906,-0.025323924,-0.02526066,-0.025248941,-0.025312055,-0.025282752,-0.025306437,-0.025350783,-0.025279846,-0.025287736,-0.025311012,-0.025298428,-0.025289591,-0.025323685
2019-03-05,-0.02524824,-0.02524643,-0.02524088,-0.02522732,-0.025257941,-0.025346864,-0.025354024,-0.025294852,-0.025244933,-0.02524804,-0.02530722,-0.02526154,-0.025302362,-0.025338676,-0.02527335,-0.025261749,-0.02531043,-0.025300976,-0.025252324,-0.025307339
2019-03-06,-0.03011519,-0.030097816,-0.030111205,-0.030083258,-0.030138452,-0.03019445,-0.030217487,-0.030161593,-0.030133683,-0.03011034,-0.030174699,-0.03014386,-0.030157346,-0.030187692,-0.030139435,-0.03013796,-0.030173648,-0.0301642,-0.030138869,-0.030167218
2019-03-07,-0.025248196,-0.025262792,-0.025257397,-0.025244195,-0.025241982,-0.02528755,-0.025349695,-0.025318,-0.02526078,-0.025249112,-0.025305886,-0.025272135,-0.025276054,-0.025318164,-0.025288012,-0.02529047,-0.025310006,-0.02529243,-0.025273819,-0.025299493
2019-03-08,-0.025246773,-0.02529509,-0.025248941,-0.025231544,-0.025255378,-0.025305819,-0.025353644,-0.025264483,-0.025264334,-0.02524848,-0.025310423,-0.025292072,-0.025269222,-0.02534147,-0.025268521,-0.025276069,-0.02526198,-0.025280584,-0.025250565,-0.025275316
2019-03-11,-0.034447987,-0.034506623,-0.034445677,-0.034430843,-0.03453852,-0.034525122,-0.034557637,-0.03448752,-0.034479547,-0.034455743,-0.034512717,-0.034496423,-0.034487184,-0.034575526,-0.034473743,-0.03447481,-0.034508888,-0.03447016,-0.034439024,-0.03450862
2019-03-12,-0.025246922,-0.025301587,-0.025232363,-0.025220346,-0.025294367,-0.025351588,-0.025357064,-0.025299642,-0.025258955,-0.025246281,-0.025308039,-0.025297273,-0.025263961,-0.025377255,-0.025285024,-0.025259,-0.025313925,-0.0252502,-0.02523994,-0.025313746
2019-03-13,-0.023109648,-0.02317508,-0.023109812,-0.023086783,-0.02315237,-0.023185898,-0.023216594,-0.023184773,-0.023147326,-0.023106571,-0.023171794,-0.023158837,-0.023138802,-0.023236688,-0.02313159,-0.023122359,-0.023172546,-0.023118485,-0.023113918,-0.023174379
2019-03-14,-0.025247905,-0.025321487,-0.025273237,-0.025221024,-0.025264416,-0.025288228,-0.025356445,-0.025343884,-0.025266994,-0.025246639,-0.025307264,-0.025298405,-0.025281172,-0.025366228,-0.025272917,-0.025263641,-0.025276545,-0.025254067,-0.025283124,-0.025300156
2019-03-15,-0.025250364,-0.025326174,-0.025305819,-0.025219057,-0.025334958,-0.025335785,-0.025357027,-0.025360089,-0.025260437,-0.025245223,-0.025309812,-0.025294561,-0.025262121,-0.025378395,-0.025277052,-0.025288332,-0.025319275,-0.025265556,-0.025304142,-0.025309611
2019-03-18,-0.028564174,-0.02860843,-0.028629672,-0.02853733,-0.028586488,-0.028670136,-0.028657455,-0.028645512,-0.028582763,-0.028558437,-0.028615747,-0.028599929,-0.02858137,-0.028689351,-0.02858672,-0.028600942,-0.028620932,-0.02855954,-0.028578762,-0.028622594
2019-03-19,-0.025262091,-0.025313836,-0.02532683,-0.025219787,-0.025336843,-0.025349598,-0.02535696,-0.025313023,-0.025277551,-0.025258679,-0.025311124,-0.025301155,-0.025267038,-0.025375072,-0.025271159,-0.025299694,-0.02531061,-0.025256868,-0.025301393,-0.025311302
2019-03-20,-0.023337755,-0.023395192,-0.023365546,-0.023307797,-0.023382273,-0.023437459,-0.02341656,-0.023438562,-0.023355309,-0.02333701,-0.02339222,-0.023379046,-0.02334563,-0.023458343,-0.023339119,-0.023384225,-0.023405466,-0.023402814,-0.023392502,-0.023394514
2019-03-21,-0.027058031,-0.027110633,-0.02708463,-0.027025651,-0.02708793,-0.027129155,-0.027135167,-0.027157549,-0.027095806,-0.027043026,-0.027102139,-0.027085815,-0.02707633,-0.027164552,-0.027038049,-0.027097281,-0.027118076,-0.027087752,-0.027112838,-0.027108591
2019-03-22,-0.029560875,-0.029607166,-0.029600654,-0.029531438,-0.029643249,-0.029611226,-0.029655006,-0.029631186,-0.02960943,-0.029566105,-0.029614236,-0.029605698,-0.029584933,-0.029629845,-0.029553954,-0.02959736,-0.029621195,-0.029561114,-0.029573139,-0.02960791
2019-03-25,-0.027750928,-0.02780309,-0.02778339,-0.027729359,-0.027870927,-0.027804669,-0.02784082,-0.027845513,-0.027758304,-0.02775709,-0.027807716,-0.027799051,-0.027768265,-0.027862016,-0.02776185,-0.027799737,-0.027821023,-0.02775025,-0.027779799,-0.027810495
2019-03-26,-0.023576941,-0.023632389,-0.023603458,-0.02355389,-0.02362128,-0.023638349,-0.023677189,-0.023687113,-0.02362578,-0.02358101,-0.02363452,-0.02360155,-0.023601662,-0.023621935,-0.023612183,-0.023618918,-0.023657333,-0.02362353,-0.023634497,-0.023643773
2019-03-27,-0.025248293,-0.025309648,-0.025269452,-0.025219996,-0.025355767,-0.025315981,-0.025354896,-0.025340084,-0.025312576,-0.025260042,-0.025298644,-0.025292296,-0.025297169,-0.025281746,-0.025278915,-0.0252775,-0.025328543,-0.025313724,-0.025280278,-0.025316555
2019-03-28,-0.022667605,-0.022719633,-0.02269544,-0.022683684,-0.022707876,-0.022737239,-0.02277324,-0.022760328,-0.022681464,-0.02266756,-0.022719938,-0.022705767,-0.022710804,-0.022738662,-0.022700172,-0.02270883,-0.02277213,-0.022724371,-0.022684861,-0.022729877
2019-03-29,-0.023857836,-0.023921203,-0.023868185,-0.023889225,-0.023918997,-0.023925085,-0.023932826,-0.02391104,-0.023885641,-0.023860287,-0.023917232,-0.023874115,-0.023895409,-0.023880143,-0.023891587,-0.023899201,-0.023987923,-0.023911323,-0.023905087,-0.023926888
2019-04-01,-0.023961578,-0.024022605,-0.023972582,-0.023966748,-0.024019662,-0.02400988,-0.024034802,-0.02399144,-0.024013858,-0.023955401,-0.024023715,-0.02398843,-0.024005879,-0.023963716,-0.023966659,-0.024053778,-0.024047915,-0.024016995,-0.023993421,-0.024020713
2019-04-02,-0.02525838,-0.025320847,-0.025304835,-0.025245856,-0.025321413,-0.025338698,-0.025338855,-0.025331255,-0.025301639,-0.025250796,-0.025313493,-0.025280666,-0.025282864,-0.025229592,-0.02526262,-0.025340524,-0.025338616,-0.025311839,-0.025290605,-0.02531505
2019-04-03,-0.027952854,-0.028026473,-0.027981121,-0.027950075,-0.028023172,-0.028067011,-0.028051186,-0.028069373,-0.028017703,-0.027954664,-0.027992394,-0.027986955,-0.027987469,-0.027993608,-0.027963642,-0.028008226,-0.028037217,-0.028021071,-0.028017689,-0.028028544
2019-04-04,-0.026963267,-0.027031448,-0.026993673,-0.026986722,-0.027030218,-0.027071547,-0.02704246,-0.027079742,-0.02699269,-0.026961815,-0.027020853,-0.026992816,-0.026985053,-0.026998851,-0.026985478,-0.027021628,-0.02702703,-0.027016621,-0.027019631,-0.027027044
2019-04-05,-0.025252003,-0.025316823,-0.025287326,-0.02527028,-0.025314521,-0.025362398,-0.025345784,-0.025367398,-0.025263045,-0.02524877,-0.025309507,-0.025287513,-0.025268104,-0.0252976,-0.02527972,-0.025278378,-0.0253166,-0.02530348,-0.02529877,-0.025313701
2019-04-08,-0.025247637,-0.025315758,-0.025295395,-0.025277223,-0.025302466,-0.025360044,-0.025347281,-0.025372643,-0.02527972,-0.025248472,-0.025292654,-0.025286656,-0.025272217,-0.025279786,-0.025285136,-0.02527878,-0.025313418,-0.025296222,-0.025303263,-0.025312636
2019-04-09,-0.023806158,-0.023870338,-0.023815755,-0.023824189,-0.023867648,-0.023926627,-0.023900304,-0.023931082,-0.023811232,-0.023808274,-0.023850527,-0.023838963,-0.023825686,-0.02386434,-0.02383643,-0.0238433,-0.023874547,-0.023868132,-0.023859065,-0.023869839
2019-04-10,-0.022980694,-0.023048114,-0.023016151,-0.022983123,-0.023058858,-0.023077916,-0.023075532,-0.023053076,-0.022997443,-0.022979658,-0.02303509,-0.023019988,-0.02299377,-0.023007896,-0.023020502,-0.022996727,-0.023041528,-0.023058724,-0.023066197,-0.023045544
2019-04-11,-0.028739017,-0.02880482,-0.028773766,-0.028741669,-0.028819773,-0.028839644,-0.02883203,-0.028847504,-0.028748106,-0.028724652,-0.0287789,-0.028772254,-0.028746981,-0.028744135,-0.028766517,-0.028751623,-0.028799754,-0.028788377,-0.028799009,-0.028798897
2019-04-12,-0.025811631,-0.025834229,-0.025810521,-0.025795262,-0.025861297,-0.02582768,-0.0258847,-0.025892433,-0.025856528,-0.025781784,-0.025842402,-0.025821935,-0.025840323,-0.025805656,-0.025809202,-0.025798004,-0.025818672,-0.025862362,-0.025842842,-0.025857572
2019-04-15,-0.026056897,-0.026106786,-0.026096728,-0.026075322,-0.026138607,-0.026119556,-0.026149664,-0.02615324,-0.026098426,-0.026057076,-0.02611209,-0.026081081,-0.02608521,-0.026072789,-0.026074443,-0.026057448,-0.026109252,-0.0261464,-0.02608833,-0.026117805
2019-04-16,-0.023025546,-0.023053933,-0.023032177,-0.023014229,-0.023114327,-0.023045931,-0.023098815,-0.023101542,-0.02303781,-0.02298754,-0.023064818,-0.023031432,-0.023036871,-0.02303518,-0.0230158,-0.023009446,-0.023060065,-0.023094263,-0.023053128,-0.023070317
2019-04-17,-0.022716288,-0.022779796,-0.022745524,-0.022722062,-0.022849556,-0.02275936,-0.022811603,-0.022833224,-0.022763323,-0.022719536,-0.02277423,-0.022734936,-0.022752058,-0.022737835,-0.022723999,-0.022761386,-0.022780057,-0.022790853,-0.022775035,-0.022778492
2019-04-18,-0.0255352,-0.025572207,-0.025585923,-0.025570627,-0.025666516,-0.025590617,-0.025635052,-0.025607135,-0.02557462,-0.02554654,-0.02559891,-0.025569681,-0.025586184,-0.025561076,-0.025540818,-0.02555288,-0.025602128,-0.025616165,-0.025624532,-0.025607508
2019-04-22,-0.025269065,-0.025319483,-0.02527057,-0.025289614,-0.025384244,-0.02536336,-0.025345337,-0.025283512,-0.025286842,-0.025256556,-0.025318656,-0.025288109,-0.025284518,-0.025257882,-0.025253784,-0.025265384,-0.02532084,-0.025328036,-0.02534024,-0.025316607
2019-04-23,-0.025258396,-0.025339615,-0.025268909,-0.02527066,-0.025358293,-0.025364522,-0.025337968,-0.025290009,-0.02528068,-0.025248665,-0.02531207,-0.025273558,-0.025278587,-0.025252279,-0.025247816,-0.025294017,-0.025326755,-0.025331061,-0.025337365,-0.025316749
2019-04-24,-0.02492087,-0.02497844,-0.024915788,-0.024920952,-0.02501743,-0.02498677,-0.025008652,-0.024960984,-0.024963614,-0.024911877,-0.024977785,-0.0249313,-0.024954032,-0.024941083,-0.02491622,-0.02497911,-0.024985205,-0.024996843,-0.025003012,-0.024986323
2019-04-25,-0.02737758,-0.027441528,-0.027373884,-0.027395811,-0.02743997,-0.027484182,-0.027470123,-0.027433898,-0.02741548,-0.027377341,-0.027434845,-0.027398672,-0.027406078,-0.027400423,-0.027381044,-0.027405899,-0.027441632,-0.027452525,-0.0274599,-0.02744731
2019-04-26,-0.025991399,-0.026108842,-0.025997195,-0.025995027,-0.026057068,-0.026077073,-0.026090626,-0.02604841,-0.026013281,-0.025998,-0.026056472,-0.02601998,-0.026015263,-0.025996592,-0.025992777,-0.026010733,-0.026066747,-0.026077624,-0.026075628,-0.026057232
2019-04-29,-0.025261592,-0.025393892,-0.025292102,-0.02527142,-0.025366914,-0.025343444,-0.025360812,-0.025317427,-0.025269877,-0.025282357,-0.025324162,-0.025300112,-0.025292505,-0.025318239,-0.025270138,-0.025279094,-0.025346655,-0.025343101,-0.025346588,-0.025332738
2019-04-30,-0.023657348,-0.023755524,-0.02369238,-0.023666073,-0.02370384,-0.023726348,-0.023753095,-0.023724768,-0.023659851,-0.02366295,-0.02371746,-0.02368189,-0.023690488,-0.023716856,-0.023672607,-0.023669634,-0.02373464,-0.023734283,-0.02372871,-0.02372009
2019-05-01,-0.025252115,-0.025356408,-0.025285047,-0.025255855,-0.02535319,-0.025319297,-0.02534986,-0.02530371,-0.025273804,-0.02525111,-0.025309656,-0.025266003,-0.025271054,-0.025300007,-0.02526487,-0.025262538,-0.025318388,-0.02533063,-0.025332976,-0.025309067
2019-05-02,-0.027850498,-0.02794611,-0.027877633,-0.027843837,-0.02787022,-0.027931701,-0.027948152,-0.027917873,-0.027863864,-0.02785432,-0.027906347,-0.027852867,-0.02786893,-0.027880546,-0.027858745,-0.027861927,-0.027923685,-0.027934056,-0.02792262,-0.027907986
2019-05-03,-0.024899665,-0.024968658,-0.024915267,-0.024903063,-0.024954055,-0.024968963,-0.024987433,-0.024971057,-0.024911303,-0.024899159,-0.024946455,-0.02490348,-0.024905246,-0.024923604,-0.02488703,-0.0249166,-0.024970088,-0.024966177,-0.024965178,-0.024945367
2019-05-06,-0.027224768,-0.02729484,-0.027253848,-0.027230669,-0.027293514,-0.027298357,-0.02731565,-0.027284,-0.027261611,-0.027227487,-0.027280997,-0.027226213,-0.027242903,-0.027235541,-0.027220812,-0.027248587,-0.027325857,-0.027305555,-0.027296443,-0.027273718
2019-05-07,-0.025265489,-0.025324915,-0.025268245,-0.02524722,-0.02526157,-0.025333103,-0.025334265,-0.025314149,-0.025308903,-0.025275532,-0.025311757,-0.025270548,-0.025278617,-0.025269572,-0.025248688,-0.025278512,-0.025377337,-0.025345448,-0.02527861,-0.025301758
2019-05-08,-0.021839205,-0.021907073,-0.021848697,-0.021842036,-0.021890644,-0.02192251,-0.021931116,-0.021904062,-0.02190024,-0.02185895,-0.021898296,-0.021867331,-0.021884095,-0.021844793,-0.021836217,-0.021888163,-0.021985289,-0.021931995,-0.021918748,-0.02188867
2019-05-09,-0.025098879,-0.025165197,-0.025128435,-0.025132548,-0.0251497,-0.025186796,-0.025192272,-0.025207017,-0.025145803,-0.025131073,-0.025160361,-0.025143776,-0.02518196,-0.025110606,-0.025099408,-0.02515461,-0.025207583,-0.025180321,-0.02518833,-0.025155496
2019-05-10,-0.025250096,-0.025318343,-0.025279548,-0.025278423,-0.025330294,-0.025340412,-0.02533457,-0.025345389,-0.025292862,-0.025288302,-0.025313098,-0.02528518,-0.025281388,-0.02525821,-0.025248948,-0.025303211,-0.025315356,-0.025337886,-0.025373165,-0.025302757
2019-05-13,-0.025247145,-0.025303584,-0.025283258,-0.025259499,-0.02529158,-0.025331106,-0.02533799,-0.02530558,-0.025300767,-0.02527346,-0.025303278,-0.025273297,-0.025279451,-0.025260989,-0.025247019,-0.025307711,-0.025333207,-0.025343377,-0.025328021,-0.025294121
2019-05-14,-0.025249418,-0.0253128,-0.025282439,-0.025255602,-0.025343556,-0.025332626,-0.025344212,-0.025346626,-0.025286358,-0.025254775,-0.02531116,-0.02527732,-0.02526882,-0.025265824,-0.02524596,-0.025324289,-0.02538642,-0.025346104,-0.025355298,-0.02529889
2019-05-15,-0.023964506,-0.024029303,-0.02399553,-0.023984943,-0.024048593,-0.024033744,-0.024058137,-0.024080101,-0.023996498,-0.02396309,-0.024029303,-0.023996305,-0.0239886,-0.023999285,-0.023961615,-0.024018604,-0.024079014,-0.024047758,-0.024024572,-0.024004404
2019-05-16,-0.023833673,-0.023907553,-0.02387533,-0.023850609,-0.02394658,-0.02390026,-0.023939777,-0.02396081,-0.023882497,-0.023833092,-0.023897763,-0.023865517,-0.023853999,-0.02386203,-0.02383412,-0.023916218,-0.023964014,-0.023920652,-0.023910198,-0.023887005
2019-05-17,-0.025246691,-0.025319126,-0.025288392,-0.02524693,-0.025331054,-0.025320422,-0.025350433,-0.025310066,-0.02530108,-0.025244664,-0.025312271,-0.025252711,-0.025303308,-0.025263693,-0.025246684,-0.025295597,-0.025399636,-0.02533253,-0.025304709,-0.025276046
2019-05-20,-0.025247823,-0.025331963,-0.025288519,-0.02525853,-0.025337916,-0.025326725,-0.025353882,-0.025353078,-0.025291923,-0.025246482,-0.025320258,-0.025261339,-0.025313605,-0.0252585,-0.025244657,-0.025282044,-0.025415834,-0.02533717,-0.025338922,-0.025291998
2019-05-21,-0.025252413,-0.025324669,-0.025286917,-0.02526835,-0.025325265,-0.025319044,-0.025354397,-0.025317486,-0.025293384,-0.025249053,-0.025315452,-0.025274914,-0.025309127,-0.025266793,-0.02524605,-0.025290314,-0.025367994,-0.025338989,-0.025309939,-0.025297489
2019-05-22,-0.029295485,-0.029370438,-0.029309902,-0.029295806,-0.029369991,-0.029370729,-0.029393714,-0.029398616,-0.029300023,-0.029306214,-0.029351007,-0.02938145,-0.029340055,-0.029371005,-0.029339131,-0.029326666,-0.029408958,-0.029351208,-0.029401097,-0.029338729
2019-05-23,-0.0233539,-0.023435678,-0.02339444,-0.023362312,-0.023434754,-0.023413967,-0.02345265,-0.023433406,-0.023357566,-0.023359206,-0.023415204,-0.023440693,-0.023432601,-0.023457635,-0.023394194,-0.02339438,-0.023459319,-0.023409832,-0.023415465,-0.023397226
2019-05-24,-0.023167755,-0.023243453,-0.023207936,-0.023171302,-0.02320603,-0.02322239,-0.023257446,-0.023247909,-0.02318402,-0.023168642,-0.023204599,-0.023255568,-0.023209665,-0.023273561,-0.02323426,-0.023212489,-0.023243856,-0.023189764,-0.023207206,-0.023217063
2019-05-28,-0.024873022,-0.024939138,-0.024912793,-0.024887543,-0.024911065,-0.024930779,-0.02495889,-0.02497461,-0.024887841,-0.024866458,-0.02491958,-0.02495591,-0.02490418,-0.024980973,-0.024923261,-0.02493107,-0.02493902,-0.024887342,-0.024900708,-0.024915408
2019-05-29,-0.025262501,-0.025333893,-0.02529088,-0.025302801,-0.025315803,-0.025315147,-0.025347967,-0.025376309,-0.025266964,-0.02525672,-0.025311772,-0.025345761,-0.025302138,-0.02536739,-0.025276367,-0.025320414,-0.02531593,-0.025292303,-0.025310513,-0.02530704
2019-05-30,-0.025249828,-0.025334705,-0.025295388,-0.02526183,-0.025311816,-0.025310893,-0.02534708,-0.025375765,-0.025254998,-0.025245395,-0.025306892,-0.02535979,-0.025299642,-0.025368292,-0.025251914,-0.0253095,-0.025294561,-0.02531669,-0.02530368,-0.02530412
2019-05-31,-0.02525315,-0.025337394,-0.025304686,-0.02525321,-0.0253031,-0.025307167,-0.025349963,-0.025377769,-0.025253851,-0.025249694,-0.025309857,-0.02534974,-0.025282506,-0.025367197,-0.025249224,-0.025309924,-0.025280643,-0.025325228,-0.025275927,-0.025303919
2019-06-03,-0.025255468,-0.025334548,-0.025293682,-0.025245342,-0.025326762,-0.025315497,-0.02534366,-0.025386136,-0.025259655,-0.025261667,-0.025312629,-0.025353301,-0.02528559,-0.025322866,-0.025257971,-0.025298748,-0.02534328,-0.025329787,-0.02532604,-0.025311213
2019-06-04,-0.025267754,-0.025326978,-0.025282253,-0.02526499,-0.025325444,-0.025312882,-0.02534138,-0.025382701,-0.025266986,-0.025258485,-0.025309298,-0.025353197,-0.025288563,-0.025277656,-0.02525783,-0.025311973,-0.025319178,-0.025324997,-0.025321063,-0.025316257
2019-06-05,-0.02525958,-0.025333185,-0.025281187,-0.025263239,-0.025328193,-0.025352772,-0.025335576,-0.02538437,-0.025259618,-0.025257189,-0.025311347,-0.025353115,-0.025273953,-0.025306385,-0.025260042,-0.025308114,-0.025321048,-0.025317732,-0.025318291,-0.025312219
2019-06-06,-0.03225052,-0.03233405,-0.032275055,-0.032250408,-0.032328937,-0.032374162,-0.032339428,-0.032341596,-0.032274757,-0.03224997,-0.03231195,-0.032351952,-0.03227753,-0.03231087,-0.032258075,-0.032306504,-0.0323322,-0.032330792,-0.03234126,-0.03231253
2019-06-07,-0.026712287,-0.026796158,-0.026751827,-0.026728619,-0.026788797,-0.026826482,-0.026805181,-0.026838627,-0.026750278,-0.026714135,-0.02677184,-0.026740868,-0.02673624,-0.026790548,-0.026714582,-0.026773702,-0.026791338,-0.026783448,-0.026787024,-0.026803706
2019-06-10,-0.025469843,-0.025547218,-0.025500331,-0.025471743,-0.025533032,-0.02558757,-0.025557008,-0.025561552,-0.025499951,-0.025465067,-0.025526788,-0.025458384,-0.025482137,-0.025542062,-0.025463995,-0.025525223,-0.025580157,-0.025540087,-0.025512215,-0.025527317
2019-06-11,-0.025248546,-0.025320943,-0.025278721,-0.025259394,-0.025316682,-0.025345381,-0.025338773,-0.025354411,-0.025285479,-0.02524772,-0.025309596,-0.025247175,-0.025267836,-0.025315154,-0.025244791,-0.025307659,-0.025350634,-0.025323156,-0.02528439,-0.02527086
2019-06-12,-0.02472734,-0.024804238,-0.024746854,-0.024733778,-0.024785843,-0.024829555,-0.024817418,-0.024831649,-0.024785813,-0.024726812,-0.024788652,-0.024750654,-0.02474555,-0.024797853,-0.024721,-0.024790216,-0.024817381,-0.024793398,-0.024760228,-0.024759237
2019-06-13,-0.024081204,-0.024166066,-0.024102498,-0.02408721,-0.024134073,-0.024199594,-0.024169896,-0.024192486,-0.024121981,-0.024083022,-0.024144348,-0.024115298,-0.024102371,-0.02415182,-0.024084728,-0.02412093,-0.0241667,-0.02415653,-0.024137687,-0.024095554
2019-06-14,-0.025244962,-0.025329407,-0.0252782,-0.02526747,-0.025309954,-0.02537429,-0.02533463,-0.02535722,-0.025291901,-0.02524859,-0.025297057,-0.02528971,-0.025260072,-0.025316987,-0.025248405,-0.02529968,-0.025344986,-0.025285918,-0.0252948,-0.025264133
2019-06-17,-0.024261694,-0.024341676,-0.024299156,-0.024285939,-0.024333153,-0.024352562,-0.024357874,-0.02436753,-0.024280991,-0.024265382,-0.024319489,-0.0243561,-0.024304297,-0.02436642,-0.024269063,-0.024321344,-0.024334628,-0.024314124,-0.02433766,-0.02432258
2019-06-18,-0.025251348,-0.025331806,-0.025271382,-0.025282662,-0.025326971,-0.02533513,-0.025339361,-0.025366317,-0.025263857,-0.025252853,-0.025316704,-0.025317755,-0.025275875,-0.025362168,-0.02526081,-0.025311898,-0.025315199,-0.025302496,-0.0253168,-0.025313016
2019-06-19,-0.025263015,-0.025324907,-0.02525935,-0.025272984,-0.0253242,-0.025358316,-0.025339704,-0.025363367,-0.02526224,-0.025254246,-0.025315274,-0.025285948,-0.025288481,-0.025372524,-0.02522849,-0.025308538,-0.025328074,-0.025300998,-0.025319848,-0.02529991
2019-06-20,-0.02624629,-0.026316445,-0.02625345,-0.026252303,-0.026326869,-0.026359621,-0.02633832,-0.026359115,-0.026263189,-0.026253741,-0.02631167,-0.026262578,-0.026289325,-0.026370939,-0.026228558,-0.026304323,-0.026334744,-0.026299503,-0.026313145,-0.026290078
2019-06-21,-0.023801196,-0.023881543,-0.023832839,-0.0237994,-0.023882154,-0.023911837,-0.023900915,-0.023895111,-0.02381758,-0.02381454,-0.023882862,-0.023829196,-0.023858506,-0.023938652,-0.023791824,-0.023869786,-0.023885157,-0.023877244,-0.023879994,-0.023833174
2019-06-24,-0.026118275,-0.026189152,-0.026127014,-0.026122112,-0.026198227,-0.026197273,-0.02620988,-0.026219424,-0.026136901,-0.026124205,-0.026189867,-0.0261445,-0.02616771,-0.0262538,-0.026103746,-0.026191417,-0.026203487,-0.026172187,-0.026185315,-0.026137214
2019-06-25,-0.025248002,-0.025317755,-0.025251742,-0.025254186,-0.025320139,-0.025360536,-0.025342885,-0.025333282,-0.025280412,-0.025251511,-0.025323477,-0.025283713,-0.025294159,-0.025387343,-0.025219899,-0.025315676,-0.025325987,-0.02530684,-0.025320891,-0.025286768
2019-06-26,-0.025260855,-0.025317121,-0.02527823,-0.025248554,-0.025330301,-0.025295142,-0.025350627,-0.025350343,-0.025274497,-0.025262471,-0.025328819,-0.025282908,-0.025278393,-0.025384765,-0.025245275,-0.025322612,-0.025338065,-0.025331948,-0.025325727,-0.025289271
2019-06-27,-0.026283097,-0.026353192,-0.026311625,-0.026277017,-0.026354928,-0.026346434,-0.02638359,-0.026385408,-0.026297357,-0.026292432,-0.026356582,-0.026295912,-0.026316803,-0.026415091,-0.026286896,-0.026348483,-0.026351083,-0.026364874,-0.026349116,-0.026320968
2019-06-28,-0.023422416,-0.023481447,-0.023425397,-0.023410823,-0.023487825,-0.023470107,-0.02351575,-0.023517538,-0.02346148,-0.02342533,-0.023481596,-0.023432825,-0.023455705,-0.023547996,-0.02340487,-0.023470078,-0.023499947,-0.023496766,-0.023485046,-0.023441497
2019-07-01,-0.023547132,-0.023608368,-0.023588922,-0.02354027,-0.023614671,-0.023613509,-0.02362993,-0.023650426,-0.02360503,-0.023543794,-0.023592513,-0.023555797,-0.023579609,-0.023676354,-0.023546893,-0.023603182,-0.023624819,-0.023572441,-0.023613017,-0.023564924
2019-07-02,-0.025255185,-0.025321465,-0.025278825,-0.025259715,-0.0253315,-0.025305007,-0.025349785,-0.025372978,-0.025272999,-0.025259245,-0.025317531,-0.025283542,-0.025289636,-0.025382135,-0.025252331,-0.025312614,-0.025338743,-0.025314767,-0.025316317,-0.025304701
2019-07-03,-0.023821916,-0.023899283,-0.02385177,-0.023831014,-0.023880612,-0.023871925,-0.023918215,-0.023919594,-0.023824032,-0.023827348,-0.023885403,-0.023905646,-0.023866717,-0.023955133,-0.02382275,-0.023881841,-0.023904454,-0.023896705,-0.023886565,-0.023856249
2019-07-05,-0.0220395,-0.022109065,-0.022046428,-0.022083413,-0.022111405,-0.022063155,-0.022129346,-0.02215596,-0.02203637,-0.022042949,-0.022105943,-0.022100512,-0.022074867,-0.022162829,-0.02203722,-0.022093568,-0.022124503,-0.02212007,-0.022095691,-0.022093732
2019-07-08,-0.02491999,-0.024994057,-0.02494232,-0.024968896,-0.024993856,-0.024939764,-0.02501363,-0.02503452,-0.024918836,-0.024922613,-0.024988715,-0.025002498,-0.02495518,-0.025055606,-0.024929915,-0.024983969,-0.025008757,-0.024994548,-0.024984758,-0.024954889
2019-07-09,-0.02385236,-0.023919027,-0.023879465,-0.023894887,-0.023918536,-0.023869459,-0.023946825,-0.023959924,-0.023848247,-0.023853894,-0.02390026,-0.023944702,-0.023899581,-0.023982752,-0.0238523,-0.02391119,-0.023897741,-0.02392124,-0.023914497,-0.023881938
2019-07-10,-0.025250006,-0.025322143,-0.025279481,-0.025298927,-0.025313366,-0.025313105,-0.025344517,-0.025356095,-0.025267411,-0.025251087,-0.025299799,-0.025358733,-0.025293734,-0.025386613,-0.025251139,-0.02527332,-0.025312427,-0.025311414,-0.025316354,-0.025274787
2019-07-11,-0.025251526,-0.02530158,-0.025277156,-0.025279175,-0.025325913,-0.025286097,-0.025339823,-0.02537192,-0.025287565,-0.025251318,-0.025293227,-0.025338512,-0.025292162,-0.025382418,-0.025248546,-0.025270853,-0.025315065,-0.025307003,-0.025322359,-0.02530982
2019-07-12,-0.02323215,-0.023298908,-0.023258705,-0.023240622,-0.023301568,-0.02327041,-0.023326445,-0.023358148,-0.023233425,-0.02323686,-0.02327593,-0.023262542,-0.023278061,-0.023358274,-0.023230728,-0.02327099,-0.023294594,-0.023311961,-0.023283314,-0.023297641
2019-07-15,-0.024263386,-0.024331573,-0.024304215,-0.024273012,-0.024329212,-0.024310704,-0.024362553,-0.024380933,-0.024266157,-0.024266567,-0.024303336,-0.0242722,-0.024297927,-0.024381075,-0.02427214,-0.024317462,-0.024357025,-0.024332833,-0.024298314,-0.024317194
2019-07-16,-0.029182378,-0.029261846,-0.029228125,-0.02921686,-0.029257584,-0.029255528,-0.029279295,-0.029308636,-0.029215153,-0.029185671,-0.029227216,-0.029189583,-0.02921706,-0.02930503,-0.029193316,-0.02924024,-0.029264849,-0.02925292,-0.029225033,-0.029244024
2019-07-17,-0.028654773,-0.028717194,-0.02868675,-0.028668258,-0.028719384,-0.028646905,-0.028737973,-0.028768536,-0.028698567,-0.02864999,-0.028689634,-0.028664526,-0.028689485,-0.028759498,-0.028648656,-0.028705519,-0.02874687,-0.028700065,-0.028679084,-0.028714303
2019-07-18,-0.025016446,-0.025055032,-0.02504525,-0.025015626,-0.02506857,-0.02497955,-0.025089744,-0.025123741,-0.02502722,-0.025001947,-0.025048856,-0.025004346,-0.025038008,-0.025109481,-0.025003854,-0.02506202,-0.02506734,-0.025069315,-0.025032502,-0.025063846
2019-07-19,-0.024984952,-0.025007907,-0.024985496,-0.024982546,-0.024996798,-0.024979856,-0.025024626,-0.0250368,-0.0249605,-0.024943452,-0.024993036,-0.02495921,-0.024979476,-0.025061067,-0.02494054,-0.025010515,-0.025014792,-0.024972875,-0.024987217,-0.024969798
2019-07-22,-0.026045721,-0.026084784,-0.02605236,-0.026065003,-0.026063364,-0.026065338,-0.026088964,-0.026103977,-0.026008386,-0.026014406,-0.026046705,-0.026018862,-0.026043985,-0.02613258,-0.026009861,-0.026080493,-0.026081692,-0.026058536,-0.026055414,-0.026031513
2019-07-23,-0.025284436,-0.025320869,-0.025289144,-0.025304068,-0.025327634,-0.02531201,-0.02533802,-0.025371213,-0.02523936,-0.025254566,-0.025293905,-0.02529684,-0.025287982,-0.025377814,-0.025250342,-0.025322396,-0.025330815,-0.025311891,-0.02531315,-0.02530865
2019-07-24,-0.025274862,-0.025367383,-0.025302839,-0.02532943,-0.0253187,-0.02530763,-0.025340926,-0.02536479,-0.025234502,-0.025252547,-0.02530336,-0.025260706,-0.025297914,-0.025381107,-0.025260005,-0.02532233,-0.025288839,-0.025314275,-0.025311682,-0.025311578
2019-07-25,-0.024292525,-0.024423841,-0.024337146,-0.02435546,-0.024356801,-0.024359513,-0.02437893,-0.024387259,-0.024290714,-0.024282392,-0.024334643,-0.024285201,-0.024330083,-0.024414402,-0.024286207,-0.024354544,-0.024407398,-0.024343338,-0.024338659,-0.024325896
2019-07-26,-0.025249343,-0.025358733,-0.025300857,-0.025314104,-0.025321092,-0.025313739,-0.02534828,-0.025366496,-0.025264192,-0.025253896,-0.025289308,-0.025251236,-0.025297094,-0.025383908,-0.025255155,-0.025317553,-0.02531908,-0.025311675,-0.025309872,-0.025303502
2019-07-29,-0.025250819,-0.0253223,-0.025295485,-0.025301386,-0.025322948,-0.025301177,-0.02534737,-0.02535512,-0.02525505,-0.02524921,-0.025292236,-0.025268484,-0.025293458,-0.025382776,-0.025247384,-0.025315579,-0.02532227,-0.025309335,-0.025311295,-0.025281694
2019-07-30,-0.027538944,-0.027649473,-0.02758826,-0.027587932,-0.027608808,-0.02759542,-0.02763668,-0.027650114,-0.027559776,-0.027541522,-0.027589742,-0.027580958,-0.027593303,-0.027672272,-0.027543467,-0.027602825,-0.027617414,-0.027612742,-0.027609508,-0.02757797
2019-07-31,-0.024088424,-0.02420405,-0.024129342,-0.024146903,-0.024163049,-0.024151023,-0.02418505,-0.024201136,-0.024076302,-0.024089325,-0.024132099,-0.024098102,-0.024120789,-0.02421407,-0.024093349,-0.024149273,-0.024220917,-0.02414735,-0.024153788,-0.024130654
2019-08-01,-0.025440637,-0.02550463,-0.025485959,-0.025505077,-0.025513094,-0.025505107,-0.025541563,-0.02555189,-0.02547295,-0.025440332,-0.0254707,-0.02545024,-0.025480565,-0.025572669,-0.025451962,-0.02550378,-0.025541794,-0.025471058,-0.025506254,-0.025471527
2019-08-02,-0.029514093,-0.02955738,-0.029550765,-0.029566947,-0.029582236,-0.029574465,-0.029613163,-0.029620666,-0.029551137,-0.029519688,-0.029555712,-0.029527519,-0.029552821,-0.029642772,-0.029523302,-0.02957524,-0.029609326,-0.029538538,-0.029572312,-0.029539261
2019-08-05,-0.026645016,-0.026719775,-0.026644606,-0.02668788,-0.02671573,-0.026706856,-0.026733961,-0.026752058,-0.026698794,-0.026636843,-0.026689459,-0.026685316,-0.026664566,-0.026767071,-0.026648011,-0.026697744,-0.026728895,-0.026663143,-0.026706796,-0.026678193
2019-08-06,-0.024209533,-0.024290014,-0.024218436,-0.02424496,-0.024283137,-0.02427246,-0.024298947,-0.024283092,-0.0242869,-0.024208602,-0.024252739,-0.02425633,-0.02423698,-0.024307553,-0.02421211,-0.024271611,-0.02429841,-0.02423745,-0.02426361,-0.024256643
2019-08-07,-0.024375964,-0.024441872,-0.024378289,-0.024427388,-0.024427552,-0.02443235,-0.024452422,-0.02442408,-0.024477456,-0.024378289,-0.024427999,-0.02443907,-0.024413642,-0.024499867,-0.024388079,-0.024426464,-0.024453443,-0.024442572,-0.024436567,-0.024388637
2019-08-08,-0.025681455,-0.025747012,-0.02568521,-0.025738847,-0.02575237,-0.025749695,-0.02576987,-0.02570061,-0.02575307,-0.025672454,-0.025736865,-0.025698047,-0.02569313,-0.025810476,-0.025690835,-0.025741939,-0.025764685,-0.02572811,-0.02574208,-0.025704127
2019-08-09,-0.024238307,-0.02430943,-0.024258558,-0.024295304,-0.024313059,-0.024306986,-0.024318967,-0.024283145,-0.024305414,-0.024238694,-0.024296504,-0.02426551,-0.024245348,-0.024287876,-0.024244394,-0.024300989,-0.024312753,-0.024285171,-0.024296816,-0.02425358
2019-08-12,-0.025253717,-0.025317442,-0.02526195,-0.025279526,-0.025316563,-0.025316704,-0.025336478,-0.025259774,-0.025331993,-0.025269028,-0.025307264,-0.025261205,-0.025259804,-0.025299493,-0.02525187,-0.025285687,-0.02532323,-0.025282022,-0.025297407,-0.025312956
2019-08-13,-0.025255684,-0.02531473,-0.025259223,-0.025291953,-0.025310766,-0.025360111,-0.025343236,-0.025251616,-0.025343057,-0.02526759,-0.025306452,-0.025259215,-0.025279451,-0.025310237,-0.025249619,-0.025294017,-0.025322046,-0.02523281,-0.025309976,-0.02535044
2019-08-14,-0.025257941,-0.025312673,-0.025244955,-0.025300574,-0.025318537,-0.025326636,-0.025345903,-0.025262754,-0.025335487,-0.02525096,-0.02530441,-0.025254618,-0.025279906,-0.025303531,-0.025256637,-0.025279049,-0.025322426,-0.0252481,-0.025304895,-0.02537005
2019-08-15,-0.025489371,-0.025539074,-0.025492828,-0.025516,-0.025544379,-0.025538314,-0.025571596,-0.025486175,-0.025550444,-0.025476392,-0.025533993,-0.025479663,-0.025499668,-0.02553742,-0.025482919,-0.025507536,-0.025547031,-0.025509927,-0.025505427,-0.025600012
2019-08-16,-0.02440415,-0.024462927,-0.024413671,-0.024444047,-0.024454322,-0.024493087,-0.024496216,-0.02445582,-0.024472598,-0.024405021,-0.024463955,-0.024414238,-0.024430383,-0.024440687,-0.024420675,-0.024437498,-0.024471652,-0.0244358,-0.024431963,-0.024504747
2019-08-19,-0.025251102,-0.025312904,-0.025277477,-0.02527136,-0.025316294,-0.025345083,-0.025346357,-0.025289435,-0.025322665,-0.025244717,-0.025305513,-0.025260407,-0.025272671,-0.025289502,-0.025255803,-0.025301982,-0.025316108,-0.025281,-0.025266226,-0.025370557
2019-08-20,-0.025245141,-0.025310565,-0.025282975,-0.025276441,-0.025297161,-0.02535868,-0.025343481,-0.025256481,-0.025299396,-0.02524751,-0.02530754,-0.025254022,-0.025259975,-0.0253216,-0.025261011,-0.025273386,-0.02531379,-0.025269497,-0.02528089,-0.025353272
2019-08-21,-0.023594368,-0.023660365,-0.023696084,-0.023614954,-0.023656603,-0.023647238,-0.02369329,-0.023646314,-0.023654398,-0.023596998,-0.023656812,-0.023600403,-0.023614798,-0.023698252,-0.023607101,-0.023632195,-0.023661982,-0.023624886,-0.023644213,-0.023697656
2019-08-22,-0.02545521,-0.02551381,-0.025566686,-0.025469061,-0.025512654,-0.025513116,-0.025543783,-0.02554268,-0.025498819,-0.025462206,-0.025516663,-0.025452416,-0.025461297,-0.025566574,-0.025470141,-0.025508773,-0.025522213,-0.025498953,-0.025506098,-0.025557633
2019-08-23,-0.025247838,-0.02531172,-0.025369067,-0.025263187,-0.025329646,-0.025352526,-0.025337983,-0.025303122,-0.02528802,-0.025245864,-0.025310118,-0.02524696,-0.025267113,-0.025329415,-0.025259312,-0.025300425,-0.025310572,-0.025284987,-0.025302079,-0.025374334
2019-08-26,-0.025298517,-0.025355171,-0.02541748,-0.025311295,-0.025371376,-0.025403779,-0.025379438,-0.025359254,-0.025348958,-0.025289875,-0.025350962,-0.025288869,-0.025315713,-0.025406178,-0.025290135,-0.025334712,-0.025355596,-0.02531572,-0.025351461,-0.025415447
2019-08-27,-0.027810756,-0.027867328,-0.02793147,-0.027797755,-0.027882103,-0.027911741,-0.02787691,-0.027839143,-0.027853992,-0.027820993,-0.027858723,-0.027827691,-0.027826909,-0.02792282,-0.027823482,-0.02784272,-0.027857821,-0.027829614,-0.027857441,-0.027925666
2019-08-28,-0.022529881,-0.022559728,-0.022575226,-0.022540253,-0.022592593,-0.022602167,-0.022614542,-0.02256972,-0.022574354,-0.022493232,-0.02258553,-0.02252375,-0.022550803,-0.022651967,-0.022531513,-0.022574913,-0.02258375,-0.022548813,-0.022585537,-0.022638012
2019-08-29,-0.025249276,-0.025292631,-0.025283407,-0.025266495,-0.025326777,-0.025321495,-0.025338162,-0.025277566,-0.025303718,-0.025243055,-0.025308643,-0.0252464,-0.025273923,-0.02536222,-0.025251564,-0.025300715,-0.025308903,-0.025264386,-0.025305282,-0.025377389
2019-08-30,-0.025023658,-0.025085513,-0.025072012,-0.025010925,-0.025099386,-0.02508768,-0.025109615,-0.025051106,-0.025023725,-0.025016267,-0.025076833,-0.02502912,-0.025028575,-0.025148246,-0.025024798,-0.025072407,-0.025081161,-0.02503546,-0.025078256,-0.025148477
2019-09-03,-0.022584196,-0.022648033,-0.02263626,-0.022576276,-0.022665363,-0.0226467,-0.02266984,-0.022636365,-0.022631507,-0.022578705,-0.022638712,-0.022617918,-0.02259956,-0.02270766,-0.022590976,-0.022634473,-0.022641297,-0.0225976,-0.022648785,-0.022711087
2019-09-04,-0.025251191,-0.025334578,-0.025340017,-0.02526487,-0.025321845,-0.025306541,-0.025342379,-0.025281448,-0.02533022,-0.025243733,-0.025306229,-0.02525485,-0.02527779,-0.0253813,-0.025250059,-0.025306594,-0.025307644,-0.025275107,-0.025309537,-0.025367226
2019-09-05,-0.025254417,-0.025334317,-0.025309745,-0.02528746,-0.025310542,-0.025314447,-0.025341395,-0.025286075,-0.025339913,-0.025217373,-0.025308322,-0.025271151,-0.025287617,-0.025326047,-0.025253687,-0.025306929,-0.025310274,-0.025278773,-0.025308508,-0.025354858
2019-09-06,-0.025148708,-0.025228519,-0.025203813,-0.025159363,-0.025222596,-0.025208961,-0.025232632,-0.025217976,-0.02517153,-0.025167529,-0.025201995,-0.025146317,-0.025183227,-0.025214758,-0.025205258,-0.025193881,-0.025209952,-0.025162984,-0.025207054,-0.02521908
2019-09-09,-0.02524804,-0.025335487,-0.025308121,-0.025289353,-0.025323872,-0.025340628,-0.025338788,-0.025309589,-0.025274742,-0.025259558,-0.025305811,-0.025253978,-0.02528603,-0.025370065,-0.025310408,-0.025300715,-0.02532133,-0.0252796,-0.02531464,-0.025308777
2019-09-10,-0.025253799,-0.025335196,-0.025288839,-0.025265593,-0.025326196,-0.025318678,-0.025346298,-0.025301542,-0.025288027,-0.02524947,-0.02530634,-0.025260542,-0.025268551,-0.025323603,-0.025316771,-0.025304336,-0.025314976,-0.025265899,-0.025314253,-0.025321852
2019-09-11,-0.022207458,-0.022299226,-0.022227187,-0.022236068,-0.022288363,-0.022312794,-0.022303592,-0.022240732,-0.022222739,-0.022205453,-0.022265296,-0.022214826,-0.022224683,-0.022275407,-0.022263605,-0.022267517,-0.022276025,-0.02224173,-0.02226318,-0.02230065
2019-09-12,-0.025248159,-0.025325853,-0.025279965,-0.02525827,-0.025311183,-0.025360722,-0.0253417,-0.025298532,-0.025269818,-0.025241327,-0.02530488,-0.02525958,-0.025270585,-0.025303219,-0.025315154,-0.025293317,-0.025315631,-0.025286581,-0.025306772,-0.025307875
2019-09-13,-0.025252562,-0.025301505,-0.02529962,-0.025283638,-0.025312234,-0.025313485,-0.025343765,-0.025299605,-0.025272448,-0.025238048,-0.025307495,-0.025249522,-0.025276076,-0.025284465,-0.025304068,-0.02530476,-0.02531543,-0.025293458,-0.02530938,-0.025283579
2019-09-16,-0.023465645,-0.023551341,-0.023505498,-0.02351832,-0.023520518,-0.023531388,-0.023558874,-0.023527179,-0.023523021,-0.02346291,-0.023518104,-0.023459021,-0.023501161,-0.023464676,-0.023496728,-0.023516607,-0.02352668,-0.023484666,-0.023496319,-0.023526948
2019-09-17,-0.025248352,-0.025355253,-0.025261264,-0.025278453,-0.025320027,-0.025311727,-0.025344592,-0.0253121,-0.025267411,-0.025260653,-0.025307368,-0.02527884,-0.025293913,-0.025280643,-0.025306705,-0.025322717,-0.025313046,-0.025258962,-0.025289703,-0.025349323
2019-09-18,-0.025254253,-0.025326755,-0.025283296,-0.025284003,-0.02531175,-0.02531303,-0.025334638,-0.025295977,-0.02526186,-0.025250796,-0.025308575,-0.025283176,-0.025292348,-0.02528036,-0.025306243,-0.025292862,-0.025313597,-0.025285471,-0.025282402,-0.025306266
2019-09-19,-0.026186723,-0.026225265,-0.026200611,-0.02619559,-0.026232261,-0.026234921,-0.026258927,-0.026225064,-0.026181366,-0.026173081,-0.026228886,-0.026198033,-0.026215252,-0.026187029,-0.02623408,-0.026204508,-0.026234183,-0.026193682,-0.02620646,-0.02626406
2019-09-20,-0.026079927,-0.026127119,-0.02607901,-0.02610473,-0.026137818,-0.026135009,-0.02615926,-0.026143897,-0.026079629,-0.0260829,-0.026132237,-0.026105542,-0.02612045,-0.026123818,-0.026140962,-0.02610774,-0.02614062,-0.026099894,-0.026099179,-0.026148316
2019-09-23,-0.026585955,-0.026635285,-0.026649889,-0.026616726,-0.026652437,-0.026648756,-0.026667777,-0.026637334,-0.026584651,-0.026575882,-0.026634712,-0.026590403,-0.026626732,-0.026624057,-0.02660523,-0.026636798,-0.026642796,-0.026586238,-0.02659415,-0.026692193
2019-09-24,-0.025260199,-0.025263827,-0.02530424,-0.02528562,-0.02531607,-0.025310341,-0.025337998,-0.025291879,-0.025265928,-0.025234599,-0.025308948,-0.02526829,-0.025296342,-0.025256973,-0.02529684,-0.025270853,-0.025311973,-0.025283467,-0.025283154,-0.025344308
2019-09-25,-0.024637584,-0.024668101,-0.024691332,-0.02466492,-0.024687592,-0.02469549,-0.024724338,-0.024664741,-0.024661582,-0.024625424,-0.02469017,-0.024667326,-0.024683569,-0.024623629,-0.024693277,-0.024681915,-0.024695385,-0.024678152,-0.024658967,-0.024709936
2019-09-26,-0.023566518,-0.023596134,-0.023592275,-0.02361231,-0.023639973,-0.023616958,-0.023650836,-0.023621973,-0.023580398,-0.023559872,-0.023625504,-0.023565438,-0.02361605,-0.023567576,-0.023621213,-0.02367239,-0.023631122,-0.02362137,-0.023635548,-0.023669835
2019-09-27,-0.025245372,-0.025278617,-0.02528305,-0.025304515,-0.025323112,-0.025304098,-0.025333192,-0.025281582,-0.025275271,-0.025243614,-0.025306199,-0.025273565,-0.025300916,-0.025271494,-0.02529854,-0.025316108,-0.025315937,-0.025308315,-0.025286246,-0.025372814
2019-09-30,-0.026164401,-0.026201088,-0.026160385,-0.02620766,-0.026195232,-0.026187677,-0.026251126,-0.026197497,-0.026190672,-0.026151333,-0.026215415,-0.026190046,-0.026212957,-0.026171599,-0.02621312,-0.02617916,-0.026222866,-0.026196864,-0.026216988,-0.026219446
2019-10-01,-0.025257174,-0.025266659,-0.025247645,-0.025288258,-0.02531587,-0.025270756,-0.025335621,-0.025306229,-0.025312196,-0.025252294,-0.02530798,-0.025268976,-0.025303397,-0.02524903,-0.025314156,-0.02529144,-0.025313798,-0.025300127,-0.025303926,-0.025359508
2019-10-02,-0.024290923,-0.024284292,-0.02429996,-0.02433687,-0.024306152,-0.024330754,-0.024364423,-0.024350565,-0.02437858,-0.024286676,-0.024346512,-0.0242945,-0.024348002,-0.024315972,-0.0243535,-0.024291847,-0.024358843,-0.024364766,-0.02435613,-0.024330433
2019-10-03,-0.025256183,-0.025262278,-0.025245745,-0.025287617,-0.025321055,-0.025277916,-0.025330555,-0.025283996,-0.025300827,-0.02525032,-0.02530716,-0.025250841,-0.025302995,-0.02527399,-0.025299292,-0.025251318,-0.025273759,-0.025316093,-0.025302451,-0.025312271
2019-10-04,-0.024774361,-0.024783265,-0.024814468,-0.024786163,-0.024819534,-0.024783183,-0.02484363,-0.024798322,-0.024844032,-0.024763409,-0.024824481,-0.02477416,-0.024816345,-0.024760384,-0.02480046,-0.024815183,-0.024814371,-0.024822023,-0.024815563,-0.024846118
2019-10-07,-0.025258463,-0.025257368,-0.025279317,-0.025268976,-0.025315318,-0.025260974,-0.025331806,-0.02529269,-0.025344115,-0.025255162,-0.025307681,-0.025253024,-0.025303941,-0.025251675,-0.025289427,-0.025306527,-0.025297482,-0.025309656,-0.02530947,-0.025294509
2019-10-08,-0.02526116,-0.025336947,-0.02525181,-0.02526931,-0.025307264,-0.02529345,-0.025335629,-0.025296133,-0.02535187,-0.025251646,-0.025306318,-0.025273915,-0.025300194,-0.025259156,-0.025307734,-0.025296982,-0.02531289,-0.02530041,-0.025304873,-0.025337327
2019-10-09,-0.025862653,-0.025956523,-0.025855143,-0.025857132,-0.025852356,-0.025891494,-0.025929268,-0.02587736,-0.025867816,-0.025850002,-0.025904056,-0.025843415,-0.025892783,-0.025861125,-0.025904771,-0.025893483,-0.025899123,-0.025890555,-0.025859077,-0.025853377
2019-10-10,-0.025263634,-0.025304172,-0.025245387,-0.02525169,-0.02531403,-0.025298934,-0.025330584,-0.025287654,-0.025294859,-0.02525932,-0.025302153,-0.025253672,-0.025294926,-0.025248561,-0.025301892,-0.025312793,-0.025309365,-0.02529459,-0.025268998,-0.025344279
2019-10-11,-0.023450945,-0.023537565,-0.023466606,-0.023478847,-0.023486372,-0.023506392,-0.023538139,-0.023482386,-0.023498502,-0.023447108,-0.023505125,-0.02349038,-0.023497831,-0.02346744,-0.023496661,-0.023504522,-0.023510713,-0.023493353,-0.023468088,-0.023496535
2019-10-14,-0.023410734,-0.023488458,-0.02339815,-0.023422528,-0.02345388,-0.02346925,-0.02348153,-0.023438964,-0.02350336,-0.02340011,-0.02345172,-0.02340826,-0.023443382,-0.023422983,-0.023448091,-0.023426872,-0.023462694,-0.023453001,-0.023426611,-0.02349196
2019-10-15,-0.025263067,-0.025336865,-0.025240373,-0.025266241,-0.0253076,-0.025320876,-0.025329094,-0.025267798,-0.02531283,-0.025262702,-0.025307018,-0.025254,-0.025290545,-0.025263544,-0.02530336,-0.025301415,-0.02531058,-0.025309455,-0.025258016,-0.025340717
2019-10-16,-0.025251519,-0.025341857,-0.025261868,-0.025271352,-0.02529959,-0.025324937,-0.025321562,-0.02527174,-0.025358472,-0.025246743,-0.025308836,-0.025247809,-0.025300894,-0.025267538,-0.025285188,-0.025272895,-0.025309343,-0.025329154,-0.025266085,-0.02530856
2019-10-17,-0.025267716,-0.025337238,-0.025264803,-0.025310073,-0.02529211,-0.025329512,-0.025321033,-0.025276203,-0.025370654,-0.025249813,-0.025310036,-0.02526607,-0.02530412,-0.025278192,-0.025275934,-0.02526613,-0.025311824,-0.02532759,-0.025263023,-0.02530304
2019-10-18,-0.025296677,-0.02538329,-0.025245924,-0.025294792,-0.025266532,-0.025326919,-0.025308933,-0.025296617,-0.025294822,-0.02525207,-0.025310721,-0.025273267,-0.025300045,-0.025269438,-0.025300499,-0.025264267,-0.025313076,-0.025315788,-0.02526455,-0.025257874
2019-10-21,-0.025279697,-0.0253462,-0.025267903,-0.025263716,-0.025293168,-0.02532516,-0.025333155,-0.025287513,-0.025265913,-0.025253218,-0.025308814,-0.025286403,-0.025299419,-0.025256816,-0.025324684,-0.025305603,-0.025321465,-0.025294494,-0.025262106,-0.025326986
2019-10-22,-0.025283907,-0.02534147,-0.025251266,-0.025289062,-0.025318976,-0.025327478,-0.025334049,-0.025313322,-0.025285605,-0.025261957,-0.025311176,-0.025285501,-0.025299538,-0.025268186,-0.025315437,-0.025301423,-0.025320325,-0.025299538,-0.025281746,-0.025312629
2019-10-23,-0.025279153,-0.025332239,-0.02523889,-0.025283549,-0.025321964,-0.02533533,-0.025337245,-0.025276113,-0.025347795,-0.025254775,-0.025313046,-0.025290776,-0.025298316,-0.025265474,-0.025322545,-0.025288757,-0.025314782,-0.025294598,-0.025251683,-0.025346342
2019-10-24,-0.025267351,-0.025332827,-0.025250677,-0.025277618,-0.025319476,-0.025312271,-0.02533843,-0.025265153,-0.025253046,-0.025246885,-0.025309253,-0.02530137,-0.025294881,-0.025249798,-0.025321785,-0.025306683,-0.025315274,-0.025280599,-0.025243308,-0.025363322
2019-10-25,-0.025254149,-0.02530149,-0.025255311,-0.0252604,-0.025318619,-0.02531692,-0.02534346,-0.02526218,-0.025232155,-0.025250707,-0.025307152,-0.025278587,-0.025295097,-0.025257993,-0.025323827,-0.025283094,-0.02531046,-0.025276344,-0.0252393,-0.025371756
2019-10-28,-0.025255222,-0.025293779,-0.025251228,-0.025293719,-0.02532069,-0.02531163,-0.025332946,-0.025272857,-0.02522463,-0.025254834,-0.025309104,-0.025268953,-0.025298994,-0.025270421,-0.025302451,-0.02528115,-0.025309507,-0.025304865,-0.025262255,-0.025372077
2019-10-29,-0.025251355,-0.025281388,-0.025242094,-0.02527308,-0.025312822,-0.025320258,-0.025332551,-0.02527685,-0.025271881,-0.025249701,-0.025308508,-0.025278773,-0.025298107,-0.02526785,-0.025278445,-0.025272008,-0.025308993,-0.025294323,-0.025238331,-0.025380295
2019-10-30,-0.025263336,-0.02527159,-0.02529515,-0.02529024,-0.025316853,-0.025321145,-0.025343742,-0.025298689,-0.025251765,-0.02526598,-0.02531911,-0.025289554,-0.025312502,-0.02527992,-0.025293294,-0.025268864,-0.025323603,-0.025298994,-0.025317114,-0.025383603
2019-10-31,-0.02633803,-0.026367333,-0.026339743,-0.026310045,-0.02639031,-0.026393253,-0.026418652,-0.026364941,-0.026329037,-0.026335578,-0.02638485,-0.02635872,-0.026379239,-0.026359107,-0.026357133,-0.026348267,-0.026391674,-0.026369426,-0.026352827,-0.02645329
2019-11-01,-0.023758862,-0.023767713,-0.023800496,-0.023724627,-0.023808423,-0.023813982,-0.02384876,-0.023799177,-0.023729961,-0.023763578,-0.0238115,-0.023765784,-0.023804773,-0.023783285,-0.023785371,-0.023777667,-0.023819868,-0.023785982,-0.023805257,-0.02386989
2019-11-04,-0.027249258,-0.027296212,-0.027258616,-0.027221698,-0.027312983,-0.027280416,-0.027326796,-0.027288806,-0.027222808,-0.027248327,-0.027301986,-0.027247246,-0.027295861,-0.027286064,-0.027292345,-0.027265567,-0.027311023,-0.027306598,-0.027269829,-0.027371917
2019-11-05,-0.02526487,-0.025291461,-0.025300857,-0.025241349,-0.025310133,-0.025273737,-0.025320668,-0.025302265,-0.025243957,-0.025255438,-0.025307413,-0.025279049,-0.025303278,-0.025295433,-0.02531242,-0.025272224,-0.02531815,-0.025325458,-0.02528816,-0.02537148
2019-11-06,-0.025267381,-0.025319692,-0.025303382,-0.025221284,-0.025308456,-0.025284331,-0.02533007,-0.025302593,-0.025273267,-0.025274757,-0.025308896,-0.025270786,-0.02529541,-0.02529135,-0.025298435,-0.025263,-0.025317337,-0.02531286,-0.025275905,-0.02535614
2019-11-07,-0.029713724,-0.029827211,-0.029754613,-0.02975643,-0.029790979,-0.029778276,-0.029791418,-0.029769976,-0.02972253,-0.029720936,-0.029770408,-0.029741403,-0.029814173,-0.029733982,-0.029752579,-0.029753443,-0.029786889,-0.029767234,-0.029759381,-0.029836949
2019-11-08,-0.025255945,-0.025315825,-0.025260646,-0.025279682,-0.025315236,-0.025347825,-0.025325824,-0.025302414,-0.02523673,-0.025303144,-0.025309574,-0.025268983,-0.025357705,-0.025258724,-0.02525488,-0.025281858,-0.025323186,-0.025292952,-0.025319535,-0.02533095
2019-11-11,-0.025259461,-0.025326204,-0.025288124,-0.025286105,-0.025307488,-0.025311965,-0.025329668,-0.025274057,-0.02525359,-0.025300909,-0.025312204,-0.025287945,-0.025285322,-0.025262307,-0.025272053,-0.025285956,-0.025318924,-0.025293764,-0.025296036,-0.025316786
2019-11-12,-0.025256295,-0.025332984,-0.025337141,-0.025266428,-0.025332492,-0.025310393,-0.025327828,-0.025267724,-0.025268655,-0.025305975,-0.025311496,-0.02527814,-0.025271859,-0.025304627,-0.025267389,-0.025283057,-0.025316786,-0.025307324,-0.025297474,-0.025323521
2019-11-13,-0.025262427,-0.025339585,-0.025299404,-0.025252108,-0.02532826,-0.025319938,-0.025320213,-0.02526841,-0.02526072,-0.025309812,-0.025310982,-0.025298033,-0.025271904,-0.025273304,-0.025282595,-0.02527127,-0.02531876,-0.025308859,-0.025301319,-0.025325399
2019-11-14,-0.02525733,-0.025312517,-0.025289264,-0.02525368,-0.025322687,-0.025309678,-0.025321145,-0.02526455,-0.025294106,-0.025294404,-0.025309067,-0.025307234,-0.025263753,-0.02525397,-0.025301378,-0.025272321,-0.025314856,-0.025294598,-0.025306579,-0.025324356
2019-11-15,-0.025247473,-0.025332268,-0.025298823,-0.025254551,-0.025280554,-0.025309313,-0.02532285,-0.025249522,-0.02529465,-0.025277559,-0.025310155,-0.02530818,-0.025255773,-0.025269005,-0.025288802,-0.0252808,-0.02530979,-0.025309596,-0.02530833,-0.025316637
2019-11-18,-0.024022784,-0.024109561,-0.024076771,-0.024038512,-0.024101052,-0.024085682,-0.024093743,-0.024071846,-0.02408829,-0.024040643,-0.024085354,-0.024079036,-0.024033975,-0.02405395,-0.024067719,-0.02405465,-0.024091747,-0.024088334,-0.024085205,-0.024090935
2019-11-19,-0.0239291,-0.024012875,-0.023945328,-0.023933593,-0.024002936,-0.023990784,-0.024006855,-0.02397428,-0.02400678,-0.023950022,-0.023991358,-0.023982447,-0.023933258,-0.023972612,-0.023961332,-0.023974355,-0.024015363,-0.023985665,-0.023989845,-0.023996335
2019-11-20,-0.025251094,-0.025323,-0.02525745,-0.0252535,-0.025319371,-0.025335673,-0.025329951,-0.02526046,-0.025310148,-0.025271613,-0.025311243,-0.025308799,-0.025261935,-0.025284495,-0.025301088,-0.025296506,-0.025353137,-0.025296915,-0.025309261,-0.025316242
2019-11-21,-0.022090439,-0.022153068,-0.022096086,-0.02208801,-0.022133041,-0.022157665,-0.02215707,-0.022115584,-0.022094961,-0.022089604,-0.022132192,-0.02208795,-0.022082847,-0.022099663,-0.022138376,-0.02215087,-0.022154402,-0.022117581,-0.022126485,-0.022130225
2019-11-22,-0.025259022,-0.02532513,-0.025270049,-0.025275085,-0.02531555,-0.025322054,-0.025337908,-0.025297638,-0.025282782,-0.025277104,-0.02531239,-0.025265697,-0.0252725,-0.025234405,-0.025313038,-0.025285732,-0.02532668,-0.025287528,-0.0253095,-0.025315944
2019-11-25,-0.02487896,-0.024935532,-0.024882842,-0.024871018,-0.024938267,-0.024966512,-0.024952542,-0.024919968,-0.024898719,-0.024894442,-0.024926562,-0.024900977,-0.024950016,-0.024888601,-0.024923805,-0.024932127,-0.024944436,-0.024914075,-0.024926152,-0.024929311
2019-11-26,-0.02525517,-0.025325987,-0.025277454,-0.025250029,-0.025315713,-0.02534179,-0.025329698,-0.025335398,-0.025249872,-0.025265966,-0.025310222,-0.025309842,-0.025349397,-0.02528027,-0.025332112,-0.02529103,-0.025327,-0.025289815,-0.025309619,-0.025300939
2019-11-27,-0.025247652,-0.02533124,-0.025268067,-0.025246594,-0.025316652,-0.025335897,-0.02533057,-0.025303293,-0.02525613,-0.025250118,-0.025307316,-0.02531584,-0.025368538,-0.025266882,-0.025331672,-0.025326405,-0.02532218,-0.02530102,-0.025355,-0.02530038
2019-11-29,-0.024422992,-0.024506364,-0.024442066,-0.024417724,-0.024490397,-0.024534803,-0.024505254,-0.024478484,-0.02442887,-0.024434332,-0.024482902,-0.024491098,-0.024533879,-0.024412487,-0.0245012,-0.024479207,-0.024493653,-0.024474893,-0.024544548,-0.024483588
2019-12-02,-0.025249567,-0.025326598,-0.025266249,-0.025246505,-0.025316086,-0.025329273,-0.025330726,-0.025283147,-0.025245178,-0.025258895,-0.025307987,-0.02532046,-0.025364313,-0.025277387,-0.025323983,-0.02532221,-0.025320064,-0.025291,-0.02537686,-0.02530146
2019-12-03,-0.025249314,-0.025333498,-0.025265995,-0.025248501,-0.025315847,-0.025325742,-0.025327329,-0.025306236,-0.025250662,-0.025270056,-0.025309648,-0.025328342,-0.02534322,-0.025261614,-0.025336657,-0.025290553,-0.025321696,-0.025303137,-0.02537888,-0.025306348
2019-12-04,-0.025249805,-0.02532838,-0.02528501,-0.025254,-0.025320332,-0.025318716,-0.025336955,-0.025295343,-0.025293153,-0.025260184,-0.025309261,-0.025317665,-0.025355611,-0.025247384,-0.02534071,-0.025367644,-0.025319282,-0.025297437,-0.025382135,-0.025307786
2019-12-05,-0.0252495,-0.025332306,-0.025279973,-0.025260326,-0.025317911,-0.025313538,-0.025334429,-0.025343705,-0.025337566,-0.02527028,-0.025312107,-0.025311556,-0.025372047,-0.025248889,-0.025341842,-0.025303219,-0.025318753,-0.025305,-0.025369216,-0.02530991
2019-12-06,-0.025249552,-0.025329065,-0.02527916,-0.02525429,-0.02531797,-0.025320087,-0.025334422,-0.025320504,-0.025292482,-0.025260177,-0.025308106,-0.025303211,-0.025379438,-0.025256593,-0.02532478,-0.025312107,-0.025317807,-0.02530646,-0.025316227,-0.02530982
2019-12-09,-0.025252063,-0.025326062,-0.025279406,-0.02526458,-0.025320131,-0.02531765,-0.025333073,-0.02532256,-0.025301311,-0.025263969,-0.02530947,-0.025313344,-0.025365625,-0.025261711,-0.025325421,-0.02531549,-0.025320385,-0.025306132,-0.025308032,-0.02530903
2019-12-10,-0.025252182,-0.025332462,-0.025283445,-0.025260393,-0.025323454,-0.025291745,-0.025332827,-0.025366653,-0.02527522,-0.02526969,-0.025313843,-0.025305424,-0.025379535,-0.025291238,-0.02532756,-0.025325578,-0.02532446,-0.02531172,-0.025306392,-0.025308471
2019-12-11,-0.023722667,-0.023803528,-0.0237406,-0.023727749,-0.023794327,-0.023779344,-0.023803394,-0.023808558,-0.023775514,-0.023728933,-0.023786057,-0.023775,-0.023847919,-0.023742069,-0.02380677,-0.023782138,-0.02380089,-0.02378634,-0.02377155,-0.023775656
2019-12-12,-0.026133109,-0.026205417,-0.026147064,-0.026134823,-0.02620842,-0.026159357,-0.026213821,-0.026256513,-0.026171174,-0.02612928,-0.026193295,-0.026174415,-0.026226882,-0.026149351,-0.026193526,-0.026193548,-0.026203226,-0.026186537,-0.026186366,-0.026184123
2019-12-13,-0.025260169,-0.025326017,-0.025278974,-0.02525876,-0.025320392,-0.025271233,-0.02532513,-0.025376644,-0.025259886,-0.025250208,-0.025309313,-0.02528501,-0.025342267,-0.025272671,-0.025290515,-0.025299627,-0.025320176,-0.025319409,-0.025306668,-0.025308687
2019-12-16,-0.028000321,-0.028050926,-0.028039817,-0.028021138,-0.028058175,-0.028021727,-0.028069247,-0.02805565,-0.028010856,-0.027989712,-0.02804884,-0.028021526,-0.02809162,-0.028025288,-0.028031703,-0.028046545,-0.02806754,-0.028045986,-0.028043088,-0.028049652
2019-12-17,-0.025261331,-0.025319215,-0.025285069,-0.025282737,-0.02531669,-0.025288258,-0.025337543,-0.0253192,-0.025269348,-0.02525122,-0.025311727,-0.025298078,-0.025355455,-0.025289517,-0.025311198,-0.025272157,-0.025325488,-0.025297698,-0.025307465,-0.025304105
2019-12-18,-0.026310194,-0.02636386,-0.026348997,-0.026318792,-0.02637263,-0.026337426,-0.026390906,-0.026407164,-0.02633578,-0.026303787,-0.026363004,-0.026337702,-0.026400734,-0.026341092,-0.026342649,-0.026346538,-0.026373062,-0.026342567,-0.026343014,-0.026366223
2019-12-19,-0.025271345,-0.025307853,-0.025290247,-0.025255617,-0.025320407,-0.025299449,-0.025342498,-0.02536786,-0.02531476,-0.025251161,-0.025312897,-0.02526499,-0.025353532,-0.02530023,-0.025273759,-0.025296558,-0.025320482,-0.0252775,-0.025272015,-0.025314849
2019-12-20,-0.0252609,-0.025306236,-0.025274549,-0.02524745,-0.025321279,-0.025299277,-0.02533098,-0.0253711,-0.025304008,-0.025254045,-0.025310222,-0.025269818,-0.025358934,-0.02526417,-0.025284093,-0.025302667,-0.025320794,-0.025296029,-0.02529316,-0.025304157
2019-12-23,-0.025261778,-0.025313612,-0.025267381,-0.025265131,-0.025320422,-0.025290545,-0.025334183,-0.025326815,-0.025273856,-0.025256407,-0.025313754,-0.025295291,-0.025351372,-0.025275726,-0.025324684,-0.025292803,-0.025317919,-0.025264379,-0.025326561,-0.025303517
2019-12-24,-0.025255654,-0.025314685,-0.025255796,-0.025253166,-0.025319595,-0.025278028,-0.025327314,-0.025371727,-0.025327902,-0.02526201,-0.025310535,-0.025278728,-0.025343005,-0.025256027,-0.02531616,-0.02528442,-0.025318827,-0.025271911,-0.025306966,-0.025296602
2019-12-26,-0.025273029,-0.025312494,-0.02525976,-0.025278818,-0.025312748,-0.02529728,-0.0253408,-0.02532259,-0.025313567,-0.02525102,-0.025314908,-0.025274199,-0.025337975,-0.025258075,-0.025315959,-0.025279287,-0.025321763,-0.025254253,-0.02532098,-0.025281597
2019-12-27,-0.025262076,-0.025315728,-0.02529383,-0.0253225,-0.025321793,-0.025299672,-0.0253315,-0.025306407,-0.025302712,-0.02524824,-0.025312852,-0.02527028,-0.025333714,-0.025249753,-0.025299605,-0.025286812,-0.025312353,-0.025248054,-0.025310371,-0.025291193
2019-12-30,-0.025259916,-0.025318343,-0.025306534,-0.025352065,-0.025322016,-0.025302019,-0.025327187,-0.02530634,-0.025277052,-0.025256816,-0.02531464,-0.025282774,-0.0253377,-0.025259513,-0.02530295,-0.025294226,-0.025319804,-0.025265131,-0.0253168,-0.025298115
2019-12-31,-0.025268156,-0.025316816,-0.02530757,-0.025352877,-0.025318261,-0.025301646,-0.025323924,-0.025314543,-0.025263537,-0.025250088,-0.025313322,-0.025278684,-0.025349084,-0.025263127,-0.025304336,-0.025297154,-0.025325831,-0.025280695,-0.025303055,-0.02527554
2020-01-02,-0.025266524,-0.025321592,-0.025303211,-0.025357205,-0.025320332,-0.025319804,-0.025326934,-0.025311533,-0.025266577,-0.025252428,-0.025314655,-0.025270272,-0.02536052,-0.025255535,-0.025300298,-0.025309231,-0.025335532,-0.025267083,-0.025298197,-0.025287885
2020-01-03,-0.02526239,-0.025320861,-0.02529696,-0.025356378,-0.025319848,-0.025323007,-0.025329944,-0.025319483,-0.0252528,-0.025252957,-0.025315057,-0.025276441,-0.025366742,-0.02525488,-0.025310751,-0.025310095,-0.025329527,-0.02526145,-0.0252912,-0.025292713
2020-01-06,-0.025255468,-0.025320064,-0.025288772,-0.025342558,-0.025318842,-0.025315072,-0.025326598,-0.025314193,-0.025254104,-0.025250237,-0.02531254,-0.0252751,-0.025309827,-0.025264677,-0.025312003,-0.025290217,-0.02532361,-0.025264535,-0.025298093,-0.025274549
2020-01-07,-0.021644186,-0.021682259,-0.021660727,-0.021718655,-0.021702211,-0.021675091,-0.0217144,-0.021699686,-0.02163646,-0.021634888,-0.021695387,-0.02165391,-0.02170467,-0.021644074,-0.0217033,-0.021655086,-0.021712754,-0.021646488,-0.021684345,-0.021659043
2020-01-08,-0.02225988,-0.022296827,-0.022274721,-0.022333268,-0.022311378,-0.022284698,-0.022324149,-0.022310536,-0.022242513,-0.02224959,-0.022307497,-0.022258047,-0.022312183,-0.022274021,-0.022314902,-0.022263873,-0.022322405,-0.022272144,-0.022278104,-0.02227771
2020-01-09,-0.0265431,-0.026580375,-0.026558582,-0.026619319,-0.026594054,-0.026586432,-0.026606608,-0.026572037,-0.026525509,-0.02653348,-0.026590165,-0.026547078,-0.026608508,-0.026534338,-0.026597377,-0.02655356,-0.026612166,-0.026538756,-0.026558686,-0.026573297
2020-01-10,-0.025262091,-0.025305647,-0.025271919,-0.025347676,-0.025317159,-0.02530488,-0.025318284,-0.025312018,-0.025256459,-0.025259983,-0.02531303,-0.025279287,-0.025321063,-0.02525543,-0.025316741,-0.025262985,-0.025326949,-0.025274854,-0.025292706,-0.025299605
2020-01-13,-0.02525499,-0.025309693,-0.025266338,-0.025348116,-0.025318373,-0.025307525,-0.025324564,-0.025313523,-0.025248144,-0.025258686,-0.025311727,-0.025267128,-0.025349196,-0.025254678,-0.025321592,-0.02528428,-0.025330726,-0.025271531,-0.02528366,-0.025303181
2020-01-14,-0.025255475,-0.02531397,-0.025265027,-0.025321078,-0.025320183,-0.02531198,-0.02533048,-0.025321562,-0.025249172,-0.02526195,-0.025314707,-0.025260355,-0.025358181,-0.025257591,-0.025328565,-0.025292102,-0.025330085,-0.025261734,-0.0252867,-0.025304865
2020-01-15,-0.030143347,-0.030197766,-0.030159373,-0.030172396,-0.030202467,-0.030206013,-0.030217264,-0.03019369,-0.030135054,-0.030138519,-0.030195605,-0.030133013,-0.030182231,-0.030140247,-0.030205522,-0.030175898,-0.030206133,-0.03014421,-0.030160945,-0.030185562
2020-01-16,-0.025266882,-0.025314149,-0.02527171,-0.025293436,-0.025320102,-0.025318127,-0.025338355,-0.025296543,-0.02525429,-0.025248867,-0.025310244,-0.025261287,-0.025282878,-0.025287677,-0.025318515,-0.025299873,-0.025320586,-0.025250185,-0.025288384,-0.025319446
2020-01-17,-0.023533497,-0.023578513,-0.023523923,-0.02358063,-0.023588885,-0.023570675,-0.023594853,-0.023582827,-0.023523007,-0.023510981,-0.023573976,-0.023524534,-0.023543734,-0.02352937,-0.023577701,-0.023570504,-0.0235846,-0.02353536,-0.0235607,-0.023578692
2020-01-21,-0.022866767,-0.022916552,-0.022890221,-0.022921573,-0.0229269,-0.022890855,-0.022928338,-0.022915442,-0.022857342,-0.022852857,-0.022907827,-0.02285454,-0.022915866,-0.022855457,-0.022899617,-0.022916403,-0.022906061,-0.022873405,-0.02289207,-0.022911806
2020-01-22,-0.025265235,-0.025315713,-0.025260892,-0.025284406,-0.025323983,-0.025283564,-0.025334958,-0.025328573,-0.025267463,-0.025252964,-0.025312278,-0.025268536,-0.025316205,-0.025274556,-0.025322441,-0.025300514,-0.025315408,-0.02527814,-0.025293041,-0.02531765
2020-01-23,-0.025279243,-0.025317717,-0.025257785,-0.02530412,-0.025322448,-0.025298964,-0.025345553,-0.025320645,-0.025259938,-0.025261018,-0.025318462,-0.025265228,-0.02529933,-0.025291149,-0.025299337,-0.025294062,-0.025328245,-0.025255065,-0.025296662,-0.025314081
2020-01-24,-0.025278922,-0.025306184,-0.025253888,-0.025285732,-0.025322285,-0.025293771,-0.025350597,-0.025326725,-0.02527396,-0.025265563,-0.025318723,-0.025259282,-0.025306907,-0.025290105,-0.025302712,-0.02530044,-0.025352787,-0.025255885,-0.02528901,-0.025309686
2020-01-27,-0.023101907,-0.023141574,-0.023082133,-0.02310561,-0.02314939,-0.023133192,-0.023176122,-0.023147646,-0.023082998,-0.023098957,-0.023145553,-0.02308951,-0.02313165,-0.023128945,-0.023124222,-0.023127731,-0.023181308,-0.023079481,-0.0231211,-0.023133595
2020-01-28,-0.02526145,-0.025319356,-0.02525657,-0.025281023,-0.025352757,-0.025281,-0.025350813,-0.025323499,-0.025254782,-0.025260556,-0.025318708,-0.025267888,-0.025296394,-0.025265839,-0.025312882,-0.025295783,-0.025345441,-0.025236111,-0.025292832,-0.025306243
2020-01-29,-0.025269251,-0.025318343,-0.025263954,-0.025268842,-0.025331747,-0.025328461,-0.025349874,-0.025313634,-0.025271293,-0.025259715,-0.025321726,-0.0252599,-0.025311958,-0.025269393,-0.02529217,-0.025310505,-0.025370609,-0.02524871,-0.02530216,-0.025310483
2020-01-30,-0.023972195,-0.024022546,-0.023967776,-0.023968358,-0.02402934,-0.02403934,-0.024048839,-0.024058793,-0.023986,-0.023967486,-0.024026971,-0.023957554,-0.024012376,-0.023975257,-0.02399205,-0.02399746,-0.02405573,-0.023965541,-0.024001453,-0.024016064
2020-01-31,-0.022916425,-0.02295765,-0.022901569,-0.0228975,-0.02296431,-0.022959333,-0.022974957,-0.023005564,-0.022895936,-0.022892501,-0.022956576,-0.022896033,-0.022942688,-0.02289794,-0.022932146,-0.022938538,-0.022977252,-0.022891473,-0.02293614,-0.022944223
2020-02-03,-0.025455195,-0.0255034,-0.02545381,-0.025435094,-0.025523115,-0.025498573,-0.025521625,-0.025567416,-0.025448348,-0.025440041,-0.02549975,-0.02543855,-0.02548692,-0.02546436,-0.025462974,-0.025476713,-0.025549036,-0.025460843,-0.025487464,-0.025501829
2020-02-04,-0.025260802,-0.025315668,-0.025255706,-0.025265325,-0.02531324,-0.025301468,-0.025340814,-0.025363248,-0.025269847,-0.025251005,-0.025311891,-0.025253367,-0.02530687,-0.025265444,-0.025305714,-0.025283854,-0.025344249,-0.025253784,-0.02529626,-0.025308307
2020-02-05,-0.025252786,-0.025311362,-0.025258642,-0.025252704,-0.025319394,-0.025308203,-0.025335867,-0.025298465,-0.02527241,-0.025250632,-0.025309462,-0.025252748,-0.02529442,-0.02527215,-0.02528667,-0.025276374,-0.025358777,-0.025256481,-0.025291849,-0.025305126
2020-02-06,-0.025248256,-0.025306407,-0.025274005,-0.025245976,-0.025324944,-0.025313366,-0.025341656,-0.025278721,-0.025282543,-0.025249,-0.02530739,-0.025244627,-0.025264088,-0.025264572,-0.025286432,-0.025270533,-0.025303472,-0.025233027,-0.025287155,-0.025282
2020-02-07,-0.025246765,-0.025312822,-0.025286596,-0.02524696,-0.02532604,-0.025311489,-0.025338594,-0.025274795,-0.025253858,-0.025258478,-0.025307197,-0.0252571,-0.025265533,-0.025263343,-0.025318671,-0.025292646,-0.025305,-0.025233451,-0.025290493,-0.025277201
2020-02-10,-0.025248494,-0.025317136,-0.025311913,-0.02525239,-0.02533434,-0.025308218,-0.025335167,-0.025294412,-0.02526455,-0.02527729,-0.025309283,-0.02526008,-0.025285508,-0.025260385,-0.025316354,-0.025275078,-0.0253192,-0.025252845,-0.025298242,-0.025281768
2020-02-11,-0.025350403,-0.025422063,-0.025396544,-0.025372181,-0.02541,-0.025416594,-0.025435198,-0.025374573,-0.025368769,-0.02537718,-0.025409836,-0.025362466,-0.025415089,-0.025363844,-0.025422085,-0.025380123,-0.025430057,-0.025342945,-0.025374744,-0.025367294
2020-02-12,-0.026080173,-0.026149321,-0.026098665,-0.02608512,-0.026167419,-0.026140463,-0.026150983,-0.026108291,-0.026099686,-0.026081663,-0.026135575,-0.026085224,-0.026151251,-0.026083793,-0.026149306,-0.026125599,-0.026151326,-0.026109751,-0.02610166,-0.026095223
2020-02-13,-0.026090223,-0.0261573,-0.026090104,-0.02607819,-0.02615391,-0.02614114,-0.026158642,-0.02609038,-0.026107293,-0.02609196,-0.026139338,-0.026071925,-0.026117954,-0.0260862,-0.026156124,-0.026128914,-0.026148904,-0.02610227,-0.0260919,-0.026118916
2020-02-14,-0.02238423,-0.022453193,-0.022420038,-0.02238613,-0.022441182,-0.022454042,-0.022465717,-0.022414077,-0.02241769,-0.02238388,-0.022442896,-0.022384081,-0.022416528,-0.022396434,-0.022413258,-0.02243558,-0.022482466,-0.022418793,-0.022405598,-0.022426095
2020-02-18,-0.02425966,-0.024329025,-0.024299037,-0.024274651,-0.024332669,-0.024329212,-0.02433611,-0.024280895,-0.024296049,-0.024263058,-0.024317186,-0.024265628,-0.024277497,-0.024267618,-0.024285112,-0.024295878,-0.024341714,-0.024297658,-0.024266925,-0.02430125
2020-02-19,-0.025250737,-0.02531119,-0.025311243,-0.025278319,-0.02535287,-0.025313664,-0.02532677,-0.025303293,-0.025257345,-0.025271114,-0.02530783,-0.02525733,-0.025311772,-0.025274213,-0.025264282,-0.025287736,-0.025318313,-0.02528276,-0.025263298,-0.02529953
2020-02-20,-0.025253292,-0.025314476,-0.025304329,-0.025329169,-0.025363933,-0.025306936,-0.025307674,-0.025299717,-0.025252234,-0.025252078,-0.025309604,-0.025265533,-0.025338788,-0.025285926,-0.025259417,-0.025286626,-0.025287207,-0.025307138,-0.025274869,-0.025293965
2020-02-21,-0.025250379,-0.02531315,-0.025292289,-0.02534869,-0.02533624,-0.025285285,-0.025307197,-0.02529936,-0.025250558,-0.025250945,-0.025307719,-0.02525628,-0.025289904,-0.025279034,-0.025259282,-0.025264408,-0.02531946,-0.025309298,-0.02528711,-0.025279302
2020-02-24,-0.022857133,-0.022921491,-0.022928532,-0.022968855,-0.022950869,-0.022948388,-0.02293044,-0.022912573,-0.02289616,-0.022856701,-0.02291755,-0.022866342,-0.02287649,-0.022895504,-0.022863831,-0.022890206,-0.022936355,-0.022899661,-0.022896927,-0.022910688
2020-02-25,-0.025253538,-0.025313858,-0.025282193,-0.025281128,-0.02534398,-0.025349032,-0.025321435,-0.025309552,-0.025295433,-0.025270622,-0.025310587,-0.025256593,-0.025256757,-0.025285866,-0.025262546,-0.025284674,-0.025313366,-0.025277037,-0.025289971,-0.02528413
2020-02-26,-0.025254179,-0.025312249,-0.025295783,-0.025269594,-0.025360528,-0.025333438,-0.025329415,-0.025313098,-0.02528936,-0.025274415,-0.025307674,-0.025299143,-0.025279272,-0.02528647,-0.025299322,-0.025282409,-0.02532399,-0.02528252,-0.025293048,-0.025298338
2020-02-27,-0.02524985,-0.025311526,-0.025307324,-0.025266733,-0.025327992,-0.02534144,-0.025329296,-0.025312442,-0.025284793,-0.025280293,-0.025308248,-0.025301833,-0.025294203,-0.025279935,-0.025319677,-0.025285546,-0.025328193,-0.025271121,-0.02530073,-0.02527007
2020-02-28,-0.020298678,-0.020379316,-0.020345975,-0.020319033,-0.020357948,-0.020368855,-0.020389047,-0.02036016,-0.020373795,-0.02030268,-0.020349208,-0.020352285,-0.02034511,-0.020272281,-0.020391341,-0.02031799,-0.020372491,-0.020326916,-0.02034733,-0.020313215
2020-03-02,-0.025413428,-0.025482323,-0.025482971,-0.025432412,-0.025519673,-0.025495272,-0.025510129,-0.025455665,-0.025459934,-0.025413882,-0.025465164,-0.025482226,-0.025466528,-0.025432754,-0.02549718,-0.025457788,-0.025480982,-0.025430102,-0.025465738,-0.025425967
2020-03-03,-0.02423818,-0.024299998,-0.024316277,-0.024250027,-0.024354827,-0.024294939,-0.024336558,-0.024287868,-0.024297122,-0.024272118,-0.024297636,-0.024326582,-0.024279896,-0.02428304,-0.024289634,-0.024279106,-0.024308529,-0.024267558,-0.02429172,-0.02428488
2020-03-04,-0.029542226,-0.029601168,-0.029592235,-0.029556263,-0.029664297,-0.029600773,-0.02963527,-0.029622834,-0.029561963,-0.029584829,-0.029599484,-0.02962162,-0.029578853,-0.029578436,-0.029592965,-0.02958149,-0.029608827,-0.029565986,-0.029580746,-0.02957106
2020-03-05,-0.025252674,-0.025332991,-0.025298115,-0.025265407,-0.025347885,-0.025310952,-0.02535339,-0.025341194,-0.025274735,-0.02529763,-0.02531046,-0.025292207,-0.02528767,-0.025265735,-0.025341507,-0.025271166,-0.025316913,-0.025263,-0.025318842,-0.025286715
2020-03-06,-0.025995221,-0.026069637,-0.026066829,-0.026003283,-0.02609871,-0.02605414,-0.02609824,-0.026074197,-0.026025753,-0.026079375,-0.02605522,-0.026033368,-0.026024405,-0.026026923,-0.026092518,-0.026047174,-0.026059631,-0.026012372,-0.026060168,-0.026036363
2020-03-09,-0.029858407,-0.029930789,-0.029878553,-0.029862013,-0.029949222,-0.029919188,-0.029955957,-0.029978137,-0.029938702,-0.029960472,-0.029918555,-0.029900271,-0.029902812,-0.029895667,-0.02990174,-0.029914465,-0.029921178,-0.029873658,-0.029926393,-0.029885162
2020-03-10,-0.025267486,-0.025318135,-0.025251266,-0.025314454,-0.02533396,-0.025309902,-0.025352474,-0.025348973,-0.02532949,-0.025312487,-0.025313366,-0.02529541,-0.025284093,-0.025275987,-0.025270578,-0.02531657,-0.02531569,-0.02528951,-0.025255691,-0.025300462
2020-03-11,-0.022318725,-0.02237415,-0.022301111,-0.022329126,-0.022369523,-0.022359509,-0.022407833,-0.022396926,-0.022350524,-0.022370968,-0.022359002,-0.022350837,-0.022326265,-0.022336002,-0.022374708,-0.022348788,-0.022371043,-0.022346403,-0.022309523,-0.022294398
2020-03-12,-0.02469619,-0.024762299,-0.024703328,-0.024707671,-0.024760496,-0.024748053,-0.024795603,-0.024771173,-0.024734583,-0.02474432,-0.024747986,-0.024719287,-0.024685327,-0.02471796,-0.024721917,-0.024748068,-0.024752054,-0.024726827,-0.024705093,-0.024674516
2020-03-13,-0.025265317,-0.025334906,-0.025276985,-0.025259357,-0.025316495,-0.025276039,-0.025348786,-0.025344376,-0.02523284,-0.025306921,-0.02530789,-0.025279824,-0.025260497,-0.02528667,-0.025292542,-0.025310714,-0.025312018,-0.025309112,-0.025267746,-0.025233809
2020-03-16,-0.025256392,-0.025313664,-0.02529044,-0.025247667,-0.025312293,-0.02528907,-0.025346424,-0.025326718,-0.025223132,-0.025328133,-0.025304716,-0.025278147,-0.02527177,-0.025269512,-0.025266383,-0.02531435,-0.0253076,-0.025302712,-0.025223736,-0.025287878
2020-03-17,-0.025260579,-0.025348347,-0.025301833,-0.025250155,-0.02531119,-0.02526037,-0.025345173,-0.025322538,-0.025224868,-0.025337111,-0.025306214,-0.025302429,-0.025289644,-0.025287207,-0.025229376,-0.02531543,-0.02530447,-0.025308426,-0.02522127,-0.02528685
2020-03-18,-0.026908468,-0.026958104,-0.026918758,-0.026906896,-0.027462173,-0.026944015,-0.027002867,-0.02694853,-0.026905026,-0.026966956,-0.026958954,-0.02694339,-0.0269305,-0.027046587,-0.026896406,-0.026975509,-0.02691922,-0.026955765,-0.026928324,-0.026947942
2020-03-19,-0.02623513,-0.026233692,-0.026274677,-0.026230719,-0.026428457,-0.026266117,-0.02631313,-0.026252907,-0.026229788,-0.026283156,-0.026274066,-0.026260842,-0.02627166,-0.026332181,-0.02621736,-0.026289161,-0.026216377,-0.026286762,-0.026262928,-0.026218612
2020-03-20,-0.026180636,-0.026229117,-0.026228387,-0.026187401,-0.02630962,-0.026194986,-0.026269745,-0.026237193,-0.02619106,-0.026235726,-0.026227284,-0.02621292,-0.026234139,-0.026277427,-0.02619018,-0.026241686,-0.026171248,-0.026225869,-0.026251387,-0.026207428
2020-03-23,-0.025773186,-0.025865708,-0.025825027,-0.025781754,-0.025868569,-0.025783356,-0.025864195,-0.0258178,-0.025774408,-0.025829982,-0.025824089,-0.02579185,-0.025836628,-0.025864113,-0.025802333,-0.025834505,-0.025832776,-0.025826301,-0.025850553,-0.025807966
2020-03-24,-0.025258783,-0.025306817,-0.025303688,-0.02525631,-0.025331695,-0.025300708,-0.025346454,-0.025271509,-0.025259111,-0.025309388,-0.02530269,-0.02528895,-0.025310133,-0.025354695,-0.025317524,-0.025315713,-0.025309157,-0.025311958,-0.025304612,-0.02524938
2020-03-25,-0.031853694,-0.03193524,-0.031907346,-0.031853992,-0.03192016,-0.03189935,-0.03194471,-0.031916466,-0.031858932,-0.031909037,-0.031893153,-0.0318855,-0.031911913,-0.031955387,-0.031874966,-0.0319147,-0.031911325,-0.0318924,-0.031907585,-0.03189121
2020-03-26,-0.025487829,-0.02554414,-0.025582667,-0.025496226,-0.025517385,-0.025551815,-0.025585327,-0.025514808,-0.025492448,-0.025547508,-0.025537286,-0.025510754,-0.025535721,-0.025604572,-0.02550267,-0.025555458,-0.025552306,-0.02554242,-0.02554581,-0.025544565
2020-03-27,-0.02816346,-0.028222378,-0.0282767,-0.028162662,-0.028214458,-0.028236937,-0.028253313,-0.02818587,-0.02816708,-0.02822176,-0.02820209,-0.028167505,-0.028215367,-0.028285224,-0.028175656,-0.028228302,-0.028245438,-0.028216254,-0.028221007,-0.028222676
2020-03-30,-0.024459478,-0.024507482,-0.02457964,-0.024459343,-0.024510052,-0.024540897,-0.024549488,-0.024464544,-0.024463449,-0.024513472,-0.024499182,-0.02446017,-0.024513941,-0.024587262,-0.02447084,-0.02452286,-0.024530474,-0.024508145,-0.024513107,-0.02450477
2020-03-31,-0.023893196,-0.023950178,-0.024011288,-0.023885,-0.023948718,-0.023967754,-0.023977544,-0.023880836,-0.023885,-0.023944426,-0.023930442,-0.023893576,-0.023944464,-0.024013426,-0.023889985,-0.023951609,-0.023961138,-0.023948502,-0.023944128,-0.02394263
2020-04-01,-0.022819411,-0.022840794,-0.022850323,-0.022812542,-0.022873838,-0.022881042,-0.02289858,-0.022856291,-0.022801254,-0.022895966,-0.022851814,-0.02282757,-0.022861231,-0.022924032,-0.02281246,-0.022861581,-0.022880677,-0.022852149,-0.022865448,-0.02286451
2020-04-02,-0.024314325,-0.024384182,-0.024407182,-0.02430218,-0.02436686,-0.024380218,-0.02439415,-0.024298076,-0.024295475,-0.024389159,-0.024336677,-0.024315152,-0.02435467,-0.024420109,-0.024308134,-0.024358604,-0.024390016,-0.024356801,-0.024363417,-0.024362918
2020-04-03,-0.025798608,-0.02588297,-0.025901716,-0.025783319,-0.025851432,-0.025871266,-0.025876228,-0.025789384,-0.025780063,-0.025867898,-0.025828522,-0.025793966,-0.02583358,-0.025912646,-0.025789026,-0.025883611,-0.02587561,-0.025838751,-0.02584489,-0.025844488
2020-04-06,-0.023588445,-0.023625415,-0.023647089,-0.023576912,-0.023658957,-0.023656521,-0.023668405,-0.023580786,-0.023582797,-0.023642588,-0.023624394,-0.023596544,-0.023634251,-0.023694593,-0.023577716,-0.02358948,-0.023680318,-0.02363779,-0.023642447,-0.023642238
2020-04-07,-0.024665523,-0.024680573,-0.024723593,-0.024661768,-0.024673078,-0.024732467,-0.024755452,-0.024646942,-0.024665903,-0.024718817,-0.024709452,-0.024682153,-0.024708126,-0.024774048,-0.024667468,-0.024710659,-0.024749767,-0.024714444,-0.02472021,-0.024720032
2020-04-08,-0.025254462,-0.025348056,-0.025366526,-0.02525765,-0.025310043,-0.0253275,-0.025348838,-0.025227036,-0.02526052,-0.02530751,-0.025295567,-0.025280487,-0.025280628,-0.02536979,-0.025255997,-0.025308337,-0.025341284,-0.025306191,-0.02530947,-0.02530938
2020-04-09,-0.025037024,-0.025143538,-0.025113124,-0.025046017,-0.025095116,-0.025126297,-0.025135886,-0.02504215,-0.025045764,-0.025100674,-0.025088806,-0.025065701,-0.025051545,-0.025166001,-0.02504332,-0.025098082,-0.025133949,-0.025092099,-0.025102306,-0.025102261
2020-04-13,-0.02305967,-0.023108821,-0.023114081,-0.023077037,-0.023124624,-0.023139153,-0.02315363,-0.0230528,-0.023066167,-0.02311403,-0.023109835,-0.023095261,-0.02308629,-0.023183767,-0.023060162,-0.02310704,-0.023523044,-0.023123134,-0.023114268,-0.02315737
2020-04-14,-0.025249336,-0.02529211,-0.025306087,-0.025254507,-0.02526578,-0.02533019,-0.025341194,-0.025278118,-0.02525242,-0.025309298,-0.025301505,-0.025278833,-0.025271121,-0.025374483,-0.025264952,-0.02530798,-0.025850382,-0.025312837,-0.025309455,-0.02530675
2020-04-15,-0.028955761,-0.029067587,-0.02902582,-0.02896488,-0.029027972,-0.029035512,-0.029052783,-0.028967705,-0.028958168,-0.029021438,-0.029009651,-0.028992098,-0.028999928,-0.029080685,-0.028974798,-0.029020581,-0.02924386,-0.029012177,-0.029021528,-0.028999958
2020-04-16,-0.026737113,-0.026747022,-0.026801173,-0.026733574,-0.026761826,-0.026803698,-0.026825983,-0.026781317,-0.026731629,-0.026794698,-0.026778843,-0.02675343,-0.026765514,-0.026850361,-0.02676021,-0.026794266,-0.02686983,-0.0267792,-0.026794765,-0.026797976
2020-04-17,-0.025263581,-0.025335249,-0.025360297,-0.02525549,-0.025296416,-0.025282402,-0.02534559,-0.025301259,-0.025247041,-0.025309425,-0.02529553,-0.025283378,-0.025288109,-0.025336992,-0.025261048,-0.025309127,-0.025352258,-0.025284726,-0.02530947,-0.02528939
2020-04-20,-0.03560951,-0.035627846,-0.035683464,-0.0356081,-0.035652447,-0.035662744,-0.035703834,-0.03568301,-0.03560475,-0.035670172,-0.035653148,-0.035642575,-0.03564388,-0.035714526,-0.03560217,-0.03566995,-0.03569879,-0.035638805,-0.035670202,-0.035679977
2020-04-21,-0.029135752,-0.029235695,-0.02924819,-0.029127475,-0.029211458,-0.029198702,-0.029224146,-0.029170502,-0.029130954,-0.029186282,-0.029171575,-0.029145207,-0.029155988,-0.029249761,-0.029123303,-0.029186148,-0.029200215,-0.029167917,-0.029186364,-0.029176693
2020-04-22,-0.025243934,-0.025301438,-0.02534854,-0.025252078,-0.025265094,-0.025329154,-0.025345396,-0.02528445,-0.025258575,-0.025309425,-0.025302779,-0.02526683,-0.025281329,-0.025370862,-0.025241408,-0.02530938,-0.025317159,-0.025299061,-0.025309559,-0.025272805
2020-04-23,-0.025242377,-0.025300164,-0.025356632,-0.02525599,-0.025275875,-0.025314007,-0.025346521,-0.02531017,-0.025248673,-0.025309425,-0.025304344,-0.025258359,-0.02529874,-0.025365446,-0.025243636,-0.02530935,-0.025320742,-0.025294047,-0.025309574,-0.025305133
2020-04-24,-0.025242638,-0.025345322,-0.02533434,-0.025250364,-0.025378626,-0.025276225,-0.025334854,-0.025370996,-0.025243174,-0.025309484,-0.025303978,-0.025253538,-0.025308143,-0.02534249,-0.025245134,-0.02530935,-0.025313836,-0.025310833,-0.025309604,-0.025369953
2020-04-27,-0.024135295,-0.02427594,-0.024267871,-0.024140332,-0.024253335,-0.024206165,-0.02422646,-0.024200674,-0.024136748,-0.024198268,-0.024186227,-0.024136897,-0.02418052,-0.024261933,-0.024131212,-0.024198141,-0.024567898,-0.024202708,-0.024198312,-0.024206977
2020-04-28,-0.025245193,-0.02529231,-0.025323581,-0.025254298,-0.025320638,-0.025323752,-0.02533849,-0.025336657,-0.025248941,-0.0253095,-0.025295231,-0.025253166,-0.02525917,-0.0253749,-0.02525032,-0.025309455,-0.02543008,-0.025311004,-0.025309559,-0.02531914
2020-04-29,-0.029324662,-0.029420953,-0.02943502,-0.029316094,-0.029393282,-0.02939624,-0.0294046,-0.029359538,-0.029312547,-0.029376943,-0.02936254,-0.029330824,-0.029327411,-0.029443849,-0.029315207,-0.02937683,-0.029444266,-0.02937578,-0.029377002,-0.02931076
2020-04-30,-0.02427784,-0.024370108,-0.024390567,-0.024287406,-0.024331901,-0.024353761,-0.024356592,-0.024317425,-0.024273332,-0.024337787,-0.024317924,-0.02430113,-0.024299864,-0.024401609,-0.02427407,-0.02433766,-0.024377432,-0.024331141,-0.024337891,-0.024263274
2020-05-01,-0.027164798,-0.027173575,-0.027244266,-0.027157549,-0.027159411,-0.02722254,-0.027240362,-0.027149264,-0.027153175,-0.027208645,-0.027202953,-0.027178857,-0.027190607,-0.027279254,-0.027155396,-0.027208496,-0.027235162,-0.027199421,-0.02720872,-0.027135883
2020-05-04,-0.025325809,-0.025305796,-0.025384817,-0.025322389,-0.0253142,-0.025377486,-0.025407594,-0.025328774,-0.025314245,-0.025370497,-0.025359217,-0.025339853,-0.025354814,-0.025438879,-0.025328044,-0.025370348,-0.025384154,-0.025358025,-0.02537055,-0.025335293
2020-05-05,-0.025253627,-0.0253417,-0.025372569,-0.025259007,-0.025315206,-0.02531882,-0.025339793,-0.025231045,-0.025250431,-0.025309544,-0.025304321,-0.0252822,-0.025291625,-0.025377024,-0.025247853,-0.02530935,-0.025317993,-0.025313657,-0.025309708,-0.02524006
2020-05-06,-0.02429131,-0.024399448,-0.024417233,-0.024304766,-0.024364065,-0.024346005,-0.024374347,-0.024305578,-0.024287488,-0.024350453,-0.024344478,-0.024318371,-0.024329904,-0.024409715,-0.024285283,-0.02435026,-0.024355661,-0.024353493,-0.024350513,-0.024274502
2020-05-07,-0.025242921,-0.025366258,-0.025375511,-0.025253382,-0.025322352,-0.02530485,-0.025335442,-0.02522019,-0.025254104,-0.025317397,-0.025295716,-0.025280062,-0.025282774,-0.025376987,-0.02524105,-0.02530938,-0.02531303,-0.025322732,-0.025309678,-0.025267247
2020-05-08,-0.025243778,-0.025373776,-0.025376227,-0.02524786,-0.025325041,-0.02524231,-0.025320474,-0.025215778,-0.025245178,-0.025306854,-0.025295686,-0.02527145,-0.025281902,-0.025298882,-0.025240596,-0.025309365,-0.025311556,-0.02532987,-0.025309708,-0.0252291
2020-05-11,-0.025245596,-0.02538285,-0.025386091,-0.025245186,-0.025342237,-0.02528837,-0.02531888,-0.025248539,-0.025248144,-0.025307033,-0.025295902,-0.025267314,-0.025284108,-0.02535722,-0.025249649,-0.025309335,-0.025310893,-0.025332842,-0.025309693,-0.025217231
2020-05-12,-0.025243532,-0.025295805,-0.025329519,-0.025244895,-0.025271256,-0.025308628,-0.025324564,-0.025281835,-0.025247809,-0.025307473,-0.025302518,-0.025265012,-0.025290515,-0.025269102,-0.025250848,-0.02530938,-0.02531029,-0.025323305,-0.025309693,-0.025213812
2020-05-13,-0.025667053,-0.0257493,-0.025742214,-0.025673848,-0.025785666,-0.02571791,-0.025747444,-0.02564792,-0.025668677,-0.025727224,-0.025723841,-0.025699671,-0.025711138,-0.025763873,-0.025666352,-0.02573089,-0.025731448,-0.025745448,-0.02573112,-0.025712948
2020-05-14,-0.025955144,-0.026017498,-0.026026856,-0.025971178,-0.0260013,-0.025971096,-0.026040386,-0.025989454,-0.025953468,-0.026018795,-0.02601241,-0.025987875,-0.026018057,-0.026030008,-0.025956858,-0.026019167,-0.026019651,-0.02602673,-0.02601936,-0.02595086
2020-05-15,-0.026841458,-0.02694672,-0.026904542,-0.026840035,-0.026914854,-0.026880946,-0.02692243,-0.026880648,-0.026831795,-0.026897464,-0.026887592,-0.026868079,-0.026892472,-0.026939165,-0.026842695,-0.026897747,-0.026899505,-0.02689736,-0.026897904,-0.026808176
2020-05-18,-0.024245594,-0.024294857,-0.024417762,-0.024234053,-0.024257507,-0.024264235,-0.02432141,-0.024241526,-0.024234142,-0.024294104,-0.024292242,-0.024268355,-0.02431586,-0.024339322,-0.024237502,-0.024294283,-0.024687085,-0.024312448,-0.024294417,-0.024219003
2020-05-19,-0.02526119,-0.025279049,-0.02532189,-0.025247697,-0.025245529,-0.02529129,-0.025327664,-0.025230568,-0.02524883,-0.02530944,-0.025297228,-0.025274422,-0.025326487,-0.025365185,-0.025248203,-0.025309604,-0.025432799,-0.025324155,-0.025309648,-0.025267396
2020-05-20,-0.021985944,-0.022039976,-0.022046741,-0.021975193,-0.0220077,-0.022025105,-0.022063691,-0.021961462,-0.021982435,-0.022044811,-0.022034746,-0.021997932,-0.022062268,-0.02209564,-0.0219835,-0.02204496,-0.022109862,-0.022057619,-0.022044975,-0.022005219
2020-05-21,-0.026631568,-0.026719403,-0.02669229,-0.026624251,-0.026700255,-0.026668776,-0.026709508,-0.02663694,-0.026629884,-0.026688766,-0.026681114,-0.026657317,-0.026698079,-0.026732411,-0.026621182,-0.026688855,-0.0267292,-0.026689965,-0.026688885,-0.026683245
2020-05-22,-0.022921156,-0.02295198,-0.0230156,-0.022926759,-0.022934329,-0.02297603,-0.023008112,-0.022925403,-0.02293371,-0.022982571,-0.022982303,-0.022958029,-0.022994418,-0.02304655,-0.022921834,-0.022923227,-0.02300923,-0.022979092,-0.022982668,-0.022951875
2020-05-26,-0.026162285,-0.026265878,-0.026222657,-0.026169326,-0.02622277,-0.026220616,-0.026234698,-0.026175413,-0.026165087,-0.02622291,-0.026216771,-0.026193272,-0.026210595,-0.026287686,-0.026159335,-0.026165228,-0.026231352,-0.026223566,-0.026217755,-0.026230354
2020-05-27,-0.025256854,-0.02535263,-0.025310714,-0.025248658,-0.02530643,-0.02529836,-0.025332551,-0.025227774,-0.02524906,-0.025340382,-0.025304649,-0.025279906,-0.025318887,-0.025367524,-0.025244761,-0.025257003,-0.025318008,-0.025309268,-0.025309633,-0.025236804
2020-05-28,-0.025262129,-0.025373194,-0.025308128,-0.025252279,-0.02533136,-0.025263947,-0.025335249,-0.025245298,-0.025254477,-0.02532987,-0.02530611,-0.025282402,-0.025316272,-0.02533849,-0.025257353,-0.025259096,-0.025314752,-0.025308076,-0.025309693,-0.025300618
2020-05-29,-0.035650607,-0.035767045,-0.035713356,-0.035664175,-0.03572252,-0.03568166,-0.035741027,-0.035629425,-0.03565302,-0.035724502,-0.035707172,-0.035683002,-0.035722222,-0.03575551,-0.035648633,-0.035655852,-0.035717558,-0.035708982,-0.035714325,-0.0356511
2020-06-01,-0.025250528,-0.025380146,-0.025309522,-0.025250118,-0.025338609,-0.025245976,-0.025343623,-0.025245916,-0.025248323,-0.025338259,-0.02530628,-0.02528156,-0.02532034,-0.025310215,-0.025254998,-0.025266323,-0.025311593,-0.025307786,-0.025309693,-0.025235247
2020-06-02,-0.025243517,-0.025369521,-0.02530906,-0.025248196,-0.02532335,-0.025273923,-0.0253334,-0.025257181,-0.025249857,-0.025345076,-0.025304805,-0.025279272,-0.025323603,-0.025341306,-0.02524471,-0.025278818,-0.025310893,-0.025317814,-0.025309663,-0.025222328
2020-06-03,-0.025175009,-0.025300216,-0.02524038,-0.025181849,-0.025257546,-0.025229674,-0.025265682,-0.025249708,-0.025178555,-0.025275346,-0.025232125,-0.025214348,-0.02525187,-0.025284175,-0.025168132,-0.025221784,-0.025241759,-0.025242109,-0.025235962,-0.025156919
2020-06-04,-0.025248807,-0.025357645,-0.025310058,-0.02524807,-0.025307152,-0.025291394,-0.025340546,-0.0252521,-0.025254916,-0.025357146,-0.025307167,-0.025284704,-0.025325473,-0.025354173,-0.02524596,-0.025296826,-0.025311206,-0.025303837,-0.025306571,-0.025239322
2020-06-05,-0.025252689,-0.025379386,-0.025310036,-0.025244374,-0.025334734,-0.025297131,-0.025336783,-0.025227372,-0.025248926,-0.025368344,-0.025308874,-0.025288757,-0.025330205,-0.025364194,-0.025246698,-0.025302652,-0.025310848,-0.025308814,-0.0253078,-0.025237072
2020-06-08,-0.024208475,-0.024292622,-0.024247367,-0.024177548,-0.02424794,-0.024240028,-0.024274994,-0.02418464,-0.024186838,-0.024297934,-0.024242986,-0.024215024,-0.024263535,-0.024303716,-0.024183806,-0.02424385,-0.024248395,-0.02423155,-0.024189133,-0.024206605
2020-06-09,-0.025260236,-0.02535836,-0.025306169,-0.025244344,-0.025316034,-0.025282834,-0.02532484,-0.025242057,-0.02526043,-0.025355723,-0.025310922,-0.025276128,-0.025329169,-0.02535465,-0.025259618,-0.025259908,-0.025309857,-0.02529871,-0.025300097,-0.02526908
2020-06-10,-0.03224333,-0.032368902,-0.032304894,-0.03223886,-0.032325435,-0.032291073,-0.03232571,-0.032221865,-0.0322462,-0.03235634,-0.032304052,-0.03227273,-0.032324832,-0.03236216,-0.0322582,-0.032292347,-0.032306183,-0.0322855,-0.03223997,-0.032284293
2020-06-11,-0.032794837,-0.032877672,-0.032856304,-0.032802533,-0.03288332,-0.03285331,-0.03288878,-0.03280632,-0.032806445,-0.03291567,-0.03285973,-0.032836143,-0.03288221,-0.032917853,-0.03280578,-0.032859456,-0.032860022,-0.032829296,-0.032839585,-0.032886956
2020-06-12,-0.026356716,-0.026415754,-0.026412543,-0.026363079,-0.026424471,-0.026418228,-0.026448611,-0.026359249,-0.026359279,-0.02647664,-0.026416708,-0.026383553,-0.02643339,-0.026394729,-0.026357848,-0.02642582,-0.026414212,-0.026400376,-0.026398595,-0.026396405
2020-06-15,-0.022317763,-0.022363383,-0.022377852,-0.022334393,-0.022385743,-0.022362042,-0.022417028,-0.022304181,-0.02231891,-0.022417065,-0.022380736,-0.022346463,-0.022391487,-0.022331785,-0.022321533,-0.022337776,-0.022381213,-0.022363346,-0.02231558,-0.022354517
2020-06-16,-0.025247123,-0.025309656,-0.025308054,-0.02526215,-0.025307756,-0.025299761,-0.025346052,-0.025231417,-0.025250893,-0.025353175,-0.025311548,-0.0252782,-0.02532548,-0.025265422,-0.025251638,-0.025265064,-0.025309596,-0.025286186,-0.025233727,-0.025319409
2020-06-17,-0.025256407,-0.02532987,-0.025308397,-0.025245104,-0.025260601,-0.025296446,-0.025336828,-0.025240455,-0.02524912,-0.025349263,-0.025312874,-0.025279466,-0.025322217,-0.025258433,-0.025243398,-0.025302585,-0.025309715,-0.025303688,-0.02527425,-0.025321636
2020-06-18,-0.028013054,-0.028078195,-0.028131422,-0.028020885,-0.02808727,-0.028064739,-0.028099056,-0.027991716,-0.028018396,-0.028099712,-0.02807575,-0.028041419,-0.028085928,-0.0280273,-0.028007936,-0.028076444,-0.028132576,-0.028081443,-0.02804995,-0.028062556
2020-06-19,-0.023122724,-0.023188528,-0.023246583,-0.0231178,-0.02320503,-0.023184959,-0.023212124,-0.023113918,-0.02312309,-0.023213696,-0.023185302,-0.023137752,-0.023187745,-0.023186285,-0.023117144,-0.02317987,-0.023248632,-0.023177851,-0.023159426,-0.023199346
2020-06-22,-0.029243845,-0.029303383,-0.029356036,-0.029257428,-0.029324416,-0.029272493,-0.02933279,-0.029217523,-0.02923521,-0.029323753,-0.029299293,-0.029265743,-0.029303607,-0.02925447,-0.029257614,-0.029278468,-0.029367622,-0.02925701,-0.029250178,-0.029318523
2020-06-23,-0.02756178,-0.027628388,-0.027688157,-0.027572427,-0.027644824,-0.027594116,-0.027654294,-0.027578045,-0.027566712,-0.027647685,-0.027624387,-0.027579326,-0.02762134,-0.02761079,-0.027544562,-0.027608696,-0.02769534,-0.027590085,-0.027577166,-0.027595583
2020-06-24,-0.025069464,-0.025135953,-0.025190603,-0.025068704,-0.025154095,-0.025108244,-0.025161888,-0.025101338,-0.025079217,-0.025145736,-0.025132205,-0.025084015,-0.025129486,-0.025106084,-0.025082942,-0.02510674,-0.02512708,-0.025080357,-0.025087219,-0.025106769
2020-06-25,-0.025253195,-0.02531812,-0.02537791,-0.025266033,-0.02534144,-0.025293995,-0.025347631,-0.02526692,-0.02525058,-0.025330964,-0.025311876,-0.0252789,-0.025302235,-0.025276307,-0.025263164,-0.0252867,-0.02536862,-0.025268693,-0.025261182,-0.025351178
2020-06-26,-0.025253695,-0.02532776,-0.025381211,-0.025262255,-0.025334489,-0.025269825,-0.02534471,-0.02526455,-0.025255252,-0.025328796,-0.025310878,-0.025281366,-0.025296014,-0.025282007,-0.025259707,-0.025292624,-0.025369357,-0.02527072,-0.025258977,-0.025364209
2020-06-29,-0.025250357,-0.025327522,-0.025353488,-0.025271583,-0.025298286,-0.02529196,-0.025347512,-0.025250588,-0.025276829,-0.02532113,-0.025309172,-0.025286432,-0.02528758,-0.02525666,-0.025266323,-0.025300313,-0.025275853,-0.025252279,-0.025263947,-0.025309112
2020-06-30,-0.025252964,-0.02530374,-0.02532914,-0.025217813,-0.02524953,-0.025288705,-0.025352214,-0.025288884,-0.025241707,-0.02531999,-0.025312457,-0.02529062,-0.025304388,-0.025330584,-0.025268141,-0.025287572,-0.025276247,-0.025247592,-0.025266554,-0.025321338
2020-07-01,-0.025866631,-0.025938418,-0.025963183,-0.02584448,-0.025908437,-0.02587435,-0.025962424,-0.025908168,-0.025856312,-0.02593216,-0.02592897,-0.025902417,-0.025918204,-0.02595986,-0.025857616,-0.025907423,-0.025875818,-0.025870796,-0.025883187,-0.025918659
2020-07-02,-0.025574092,-0.025612239,-0.025644738,-0.025563087,-0.02558491,-0.025618907,-0.025672447,-0.025611173,-0.02557182,-0.025640797,-0.025634948,-0.025612038,-0.025631156,-0.02566148,-0.02557053,-0.025622528,-0.02560113,-0.025578398,-0.025612552,-0.02565733
2020-07-06,-0.025627542,-0.02566735,-0.025641609,-0.02563541,-0.025638077,-0.025691044,-0.025727835,-0.02565955,-0.025618512,-0.025683638,-0.02569117,-0.025670793,-0.025687996,-0.025722507,-0.025623735,-0.025660094,-0.02567308,-0.025653552,-0.025678094,-0.025726575
2020-07-07,-0.025253188,-0.025304232,-0.025352549,-0.025285188,-0.025345717,-0.025270443,-0.025353458,-0.025362309,-0.025288392,-0.025352057,-0.02531695,-0.025293682,-0.025310818,-0.025336448,-0.025246274,-0.025296789,-0.025314156,-0.025285672,-0.025785048,-0.02535953
2020-07-08,-0.025255565,-0.025284145,-0.025370698,-0.025292661,-0.025363345,-0.025298018,-0.025353614,-0.025373492,-0.0253069,-0.025366057,-0.025316488,-0.025289085,-0.025312629,-0.025333863,-0.025251541,-0.025307242,-0.02532662,-0.025291618,-0.02595706,-0.025341738
2020-07-09,-0.022587445,-0.022606019,-0.022702295,-0.02263381,-0.022703614,-0.022593077,-0.022677954,-0.022673864,-0.022636387,-0.0227019,-0.02264836,-0.022626612,-0.022640351,-0.022703152,-0.022633296,-0.022642467,-0.022656437,-0.022644382,-0.023408715,-0.022666592
2020-07-10,-0.025251921,-0.02539454,-0.025374126,-0.025314767,-0.025802035,-0.025256034,-0.025352132,-0.02532247,-0.025309656,-0.025374386,-0.025314044,-0.025295544,-0.025308583,-0.025392842,-0.025322478,-0.025312934,-0.025881771,-0.0253083,-0.02647053,-0.025390696
2020-07-13,-0.023465414,-0.023526918,-0.023592938,-0.023526642,-0.02374645,-0.023463357,-0.023560312,-0.023513075,-0.023526173,-0.023591656,-0.023522649,-0.02350415,-0.023512412,-0.023621526,-0.023531076,-0.02352545,-0.023772012,-0.023505706,-0.027172666,-0.023526575
2020-07-14,-0.025539462,-0.025654737,-0.025674943,-0.02560499,-0.025789637,-0.025545087,-0.025629338,-0.025576312,-0.025606256,-0.02567159,-0.025601555,-0.025577534,-0.025590178,-0.025712091,-0.025553148,-0.025605273,-0.025774356,-0.025556792,-0.026396211,-0.025555361
2020-07-15,-0.027170386,-0.02726939,-0.027301762,-0.02723157,-0.027365867,-0.027162608,-0.027267862,-0.027226944,-0.02723055,-0.027256746,-0.027232502,-0.027212162,-0.02721848,-0.027344998,-0.027194481,-0.027235147,-0.027337689,-0.027195219,-0.027545322,-0.027159814
2020-07-16,-0.024732422,-0.024888057,-0.024866577,-0.024797287,-0.02534685,-0.02476104,-0.024831418,-0.024793852,-0.024802107,-0.024831403,-0.024793867,-0.024772149,-0.024772752,-0.0251376,-0.024744432,-0.024798755,-0.025407966,-0.024777185,-0.024984967,-0.024738576
2020-07-17,-0.020893235,-0.0209927,-0.021029849,-0.020956252,-0.021204952,-0.020902488,-0.020989459,-0.020969499,-0.020965192,-0.020988774,-0.020956453,-0.020931248,-0.020931188,-0.021137755,-0.020919945,-0.020937454,-0.02122419,-0.020957272,-0.021073941,-0.020917874
2020-07-20,-0.02162012,-0.02173962,-0.021759134,-0.021683406,-0.02185874,-0.021612745,-0.021720234,-0.021656182,-0.02168781,-0.0216829,-0.02168199,-0.021657053,-0.02165373,-0.021838728,-0.021629658,-0.021671135,-0.021836605,-0.02166235,-0.021797668,-0.02160142
2020-07-21,-0.025254484,-0.025356326,-0.02538995,-0.025315281,-0.025451157,-0.025240626,-0.025351431,-0.025290351,-0.02531967,-0.025294136,-0.025313813,-0.025286179,-0.025287453,-0.025451582,-0.025281455,-0.02529427,-0.025417473,-0.025294054,-0.025411103,-0.025254529
2020-07-22,-0.026141722,-0.026257668,-0.026278052,-0.026205976,-0.026325334,-0.026182134,-0.026241925,-0.026190724,-0.02620827,-0.026155304,-0.026203152,-0.026160832,-0.026187401,-0.026308287,-0.026199516,-0.026223566,-0.026256923,-0.026172947,-0.026273128,-0.02612808
2020-07-23,-0.024819579,-0.024885993,-0.024953607,-0.02488057,-0.0249728,-0.024845336,-0.024910111,-0.02497797,-0.02488802,-0.024832081,-0.024877679,-0.024822127,-0.024860736,-0.024964962,-0.024860356,-0.024904821,-0.0249306,-0.024857413,-0.025394361,-0.024879482
2020-07-24,-0.02372821,-0.02380925,-0.023866665,-0.023793865,-0.023877535,-0.023746986,-0.023826819,-0.023914535,-0.023793254,-0.023733724,-0.023788322,-0.023730766,-0.023777846,-0.02385467,-0.023770642,-0.023754109,-0.023835663,-0.023767788,-0.02448145,-0.023812074
2020-07-27,-0.024664607,-0.02476922,-0.024802845,-0.024728883,-0.024809178,-0.024669152,-0.024765234,-0.024863783,-0.024729688,-0.02467842,-0.024725895,-0.02466334,-0.024711143,-0.024818923,-0.024715777,-0.024687808,-0.02476703,-0.024706747,-0.025581945,-0.02470563
2020-07-28,-0.025251549,-0.025412645,-0.025334854,-0.025313903,-0.025815893,-0.025261838,-0.025353607,-0.025473122,-0.025316048,-0.025258351,-0.025314469,-0.025244895,-0.025308613,-0.02541804,-0.025315266,-0.02525803,-0.025902476,-0.025305722,-0.026693072,-0.0252884
2020-07-29,-0.023915831,-0.0239635,-0.02398162,-0.023977894,-0.024215896,-0.023977537,-0.024014335,-0.024003547,-0.02398226,-0.023918796,-0.023975085,-0.023915287,-0.02396975,-0.024079192,-0.023968775,-0.023944188,-0.024233643,-0.023973826,-0.024820853,-0.02399255
2020-07-30,-0.019371573,-0.019440893,-0.01941381,-0.019433197,-0.019592676,-0.019360702,-0.019471567,-0.019368801,-0.01943351,-0.019376215,-0.019425754,-0.019357275,-0.019404221,-0.019524839,-0.019436102,-0.019405816,-0.019567218,-0.019418675,-0.019740116,-0.01947501
2020-07-31,-0.027331043,-0.027377855,-0.027382035,-0.027376156,-0.027509224,-0.02737007,-0.027407225,-0.027310576,-0.027375292,-0.027319122,-0.027369272,-0.027313706,-0.02734894,-0.027489264,-0.027361486,-0.027340654,-0.027475614,-0.027342964,-0.027547512,-0.027417857
2020-08-03,-0.02479807,-0.024859209,-0.024894897,-0.024863098,-0.025411118,-0.024863835,-0.024898436,-0.02479032,-0.024861913,-0.024799813,-0.024855603,-0.02479856,-0.024836976,-0.02497619,-0.024842333,-0.024833474,-0.02547304,-0.024821196,-0.02498297,-0.024906915
2020-08-04,-0.025253404,-0.02531984,-0.025365155,-0.025323387,-0.025566373,-0.025335636,-0.025349211,-0.02526642,-0.025321525,-0.025256332,-0.02530891,-0.025250476,-0.025281202,-0.0254299,-0.025285166,-0.02528714,-0.025588874,-0.02529009,-0.025416102,-0.025373649
2020-08-05,-0.027963076,-0.028008398,-0.02808578,-0.02803148,-0.028647292,-0.028046858,-0.028058935,-0.028005581,-0.02803165,-0.027963076,-0.02801982,-0.027969103,-0.027977306,-0.028144304,-0.027971562,-0.027985822,-0.028774898,-0.027998727,-0.028576482,-0.028055433
2020-08-06,-0.023968566,-0.02402601,-0.02409498,-0.024045963,-0.02484398,-0.024067435,-0.024059203,-0.024013896,-0.024038222,-0.024007555,-0.024026971,-0.023975473,-0.023979988,-0.0241411,-0.023995798,-0.024011683,-0.024965618,-0.024010953,-0.024249788,-0.024060901
2020-08-07,-0.023468096,-0.023529682,-0.023588035,-0.023535606,-0.023944374,-0.023555752,-0.023511965,-0.023500409,-0.023522947,-0.023465548,-0.023515891,-0.023455266,-0.023466486,-0.023638207,-0.023537356,-0.023508083,-0.023947705,-0.023532066,-0.023642194,-0.023565676
2020-08-10,-0.0324398,-0.03250504,-0.03257114,-0.032518853,-0.033245664,-0.032512244,-0.03250693,-0.03245906,-0.0325006,-0.03243914,-0.032492828,-0.03243353,-0.03246512,-0.032617208,-0.032526437,-0.03249174,-0.033374246,-0.032512505,-0.03306557,-0.03254695
2020-08-11,-0.025259163,-0.025368426,-0.025387365,-0.025325503,-0.025722262,-0.02533042,-0.02533273,-0.02527215,-0.025316212,-0.02526899,-0.025304917,-0.025250863,-0.025261339,-0.025428917,-0.025279071,-0.025300961,-0.025700685,-0.025320392,-0.026089389,-0.025255676
2020-08-12,-0.025255527,-0.025371384,-0.025389116,-0.025327701,-0.025561523,-0.025280993,-0.025333572,-0.025241036,-0.025314506,-0.025273722,-0.02530833,-0.025254663,-0.025259074,-0.025430765,-0.025261786,-0.02529284,-0.025523681,-0.025321621,-0.02558456,-0.025288235
2020-08-13,-0.025258247,-0.025349077,-0.025387872,-0.025336493,-0.025480706,-0.025308881,-0.025334906,-0.025246542,-0.025315765,-0.025270049,-0.025309417,-0.02524982,-0.025269862,-0.025431562,-0.025345106,-0.025283698,-0.025452975,-0.025308955,-0.025459189,-0.02535155
2020-08-14,-0.030802649,-0.030880686,-0.03093766,-0.030888218,-0.031005938,-0.030829344,-0.03087433,-0.030828517,-0.030865531,-0.030848648,-0.03086013,-0.030804109,-0.03082804,-0.030983489,-0.030824434,-0.030858222,-0.030938063,-0.030868527,-0.03095783,-0.03090934
2020-08-17,-0.023881312,-0.023955707,-0.024014901,-0.023961138,-0.023999136,-0.023913506,-0.023960415,-0.023861874,-0.023943868,-0.02391455,-0.02393986,-0.02388386,-0.023910303,-0.024021324,-0.023972664,-0.023938429,-0.024002705,-0.023942959,-0.023989994,-0.023987357
2020-08-18,-0.02725787,-0.027325239,-0.02738757,-0.027338896,-0.027354356,-0.027327318,-0.027335044,-0.027334925,-0.027318712,-0.027278248,-0.027312104,-0.027260039,-0.02725998,-0.027416896,-0.02730931,-0.027309325,-0.02740172,-0.0273082,-0.027339134,-0.027367238
2020-08-19,-0.025263231,-0.025333334,-0.025390517,-0.025345173,-0.025343325,-0.025320496,-0.025331054,-0.025316704,-0.02531625,-0.025262963,-0.025313485,-0.02525546,-0.025269505,-0.025422905,-0.025354084,-0.025306176,-0.02541155,-0.025314491,-0.025326949,-0.02537163
2020-08-20,-0.025254536,-0.025319476,-0.025390532,-0.025337595,-0.025337387,-0.025297869,-0.025332052,-0.025268536,-0.025315028,-0.025253352,-0.025315117,-0.025268774,-0.025274906,-0.025428053,-0.02528001,-0.025312718,-0.02541605,-0.025332417,-0.025325868,-0.025376726
2020-08-21,-0.02526221,-0.025318708,-0.025391538,-0.025334354,-0.025339413,-0.02527136,-0.025346283,-0.02529807,-0.025316719,-0.025249433,-0.025316048,-0.025264118,-0.025262225,-0.02542663,-0.025274348,-0.025306936,-0.025417458,-0.02532022,-0.025325198,-0.025374245
2020-08-24,-0.02505206,-0.025092606,-0.025175717,-0.025119405,-0.0251243,-0.025094364,-0.025136087,-0.025064882,-0.025103766,-0.025036957,-0.025099795,-0.025042232,-0.025055047,-0.02521466,-0.02504016,-0.025093604,-0.025206495,-0.025101583,-0.025112208,-0.02515627
2020-08-25,-0.021309245,-0.02136695,-0.021439273,-0.021389823,-0.021381069,-0.021353658,-0.02139612,-0.02128775,-0.021368,-0.021304991,-0.021364164,-0.021307234,-0.021322865,-0.021484856,-0.021378335,-0.02135354,-0.021471199,-0.021362316,-0.021383967,-0.021380011
2020-08-26,-0.025271457,-0.025314849,-0.025391143,-0.025335532,-0.025337052,-0.025273863,-0.025352325,-0.025291074,-0.025319386,-0.025262814,-0.025312182,-0.0252535,-0.025263432,-0.025429692,-0.025336314,-0.025293175,-0.025417667,-0.02530324,-0.025326315,-0.025329333
2020-08-27,-0.025262129,-0.025305647,-0.025391016,-0.025332157,-0.025296804,-0.025268335,-0.025337663,-0.025302675,-0.025319975,-0.02525774,-0.025313195,-0.025252793,-0.025274772,-0.025430743,-0.025338832,-0.025336731,-0.025375325,-0.025314998,-0.025322828,-0.025309805
2020-08-28,-0.025263328,-0.025320154,-0.025391128,-0.025330644,-0.025319356,-0.025257345,-0.025339019,-0.025275808,-0.025318053,-0.025260214,-0.025309931,-0.02525298,-0.02528758,-0.025427673,-0.02534571,-0.025343213,-0.025360767,-0.025315482,-0.025321748,-0.025297549
2020-08-31,-0.026999127,-0.02705552,-0.027122926,-0.027072717,-0.027018879,-0.027007017,-0.027079452,-0.027021196,-0.027048107,-0.02698895,-0.027045,-0.026984025,-0.027012806,-0.027163122,-0.027076501,-0.027036551,-0.02707808,-0.027029376,-0.027055774,-0.02703705
2020-09-01,-0.025264371,-0.025322434,-0.025390398,-0.025341306,-0.02531067,-0.025257189,-0.02534419,-0.025295164,-0.025316361,-0.025256012,-0.025313642,-0.025254104,-0.02527922,-0.025431093,-0.025346015,-0.025289629,-0.0253441,-0.025300514,-0.025319133,-0.025315333
2020-09-02,-0.02940293,-0.029447172,-0.029538002,-0.029480528,-0.02945808,-0.029387597,-0.029484365,-0.029442359,-0.029462602,-0.02940033,-0.029459294,-0.029398423,-0.02943055,-0.02958263,-0.029487949,-0.029431973,-0.029502738,-0.029449884,-0.029936422,-0.029410373
2020-09-03,-0.026007067,-0.026066612,-0.026110727,-0.026087921,-0.026092958,-0.025992323,-0.026094917,-0.026045714,-0.026076812,-0.026001383,-0.026062097,-0.02599996,-0.026028786,-0.026184503,-0.026088957,-0.026013326,-0.026123632,-0.02603655,-0.026723068,-0.02601907
2020-09-04,-0.020706918,-0.0207613,-0.020787586,-0.020790186,-0.020796094,-0.020702917,-0.020805206,-0.020735946,-0.02077597,-0.020703334,-0.020761963,-0.020688009,-0.020717297,-0.020868462,-0.020734977,-0.020712662,-0.02083921,-0.02072486,-0.021610823,-0.020755555
2020-09-08,-0.026704516,-0.026772622,-0.026802879,-0.026790898,-0.026767638,-0.026704539,-0.026804235,-0.026744034,-0.026780862,-0.026702415,-0.026762668,-0.02670103,-0.026715439,-0.026876692,-0.026772734,-0.026752029,-0.026815105,-0.026729655,-0.027135279,-0.026716728
2020-09-09,-0.025252815,-0.025315393,-0.02533238,-0.025381949,-0.025336135,-0.025265131,-0.025355604,-0.025298584,-0.025329757,-0.025252279,-0.025312591,-0.025259148,-0.025282923,-0.02543084,-0.025325578,-0.02529836,-0.025394518,-0.02530798,-0.025540743,-0.025261607
2020-09-10,-0.02731147,-0.027375791,-0.0273677,-0.027784783,-0.02740131,-0.027320016,-0.02741227,-0.027361985,-0.027395036,-0.027311493,-0.027370524,-0.027315322,-0.027344625,-0.027492892,-0.027377944,-0.027345028,-0.027424272,-0.027378771,-0.027464908,-0.02732103
2020-09-11,-0.02524883,-0.02531169,-0.025276456,-0.025846977,-0.025315065,-0.02525789,-0.025356125,-0.025297847,-0.02532572,-0.025248978,-0.025309075,-0.025249403,-0.025285471,-0.025430124,-0.02533153,-0.025268044,-0.025347669,-0.025326189,-0.025847893,-0.025249954
2020-09-14,-0.025257435,-0.025327805,-0.025279623,-0.025923204,-0.025319118,-0.025283184,-0.025359917,-0.025316011,-0.025331546,-0.025253233,-0.025310878,-0.025248509,-0.025275294,-0.02543347,-0.025342967,-0.025269505,-0.025340784,-0.025304157,-0.026000496,-0.025276635
2020-09-15,-0.025264595,-0.025329392,-0.025257286,-0.026009444,-0.025331203,-0.025256593,-0.025355544,-0.025310654,-0.025326136,-0.025252994,-0.02531116,-0.025240716,-0.025267322,-0.02543443,-0.025339294,-0.025298875,-0.025337439,-0.025254246,-0.025561493,-0.025259946
2020-09-16,-0.026716132,-0.026773062,-0.02671438,-0.027622696,-0.026798557,-0.026705641,-0.026807416,-0.02676114,-0.026780356,-0.02671003,-0.02676763,-0.026702639,-0.02672134,-0.026893456,-0.026788365,-0.026774134,-0.026778523,-0.026718613,-0.026903082,-0.026718926
2020-09-17,-0.025275882,-0.025371294,-0.025263738,-0.025660615,-0.025338348,-0.025262218,-0.025344055,-0.025296371,-0.025326166,-0.025254887,-0.025315274,-0.025279198,-0.02528311,-0.025435295,-0.0253334,-0.025307324,-0.02532414,-0.025270727,-0.02540784,-0.025310066
2020-09-18,-0.029716272,-0.029800538,-0.029724415,-0.030371819,-0.02978636,-0.029688682,-0.029797252,-0.029727709,-0.02977587,-0.029699843,-0.029766206,-0.029724095,-0.02972028,-0.02984685,-0.029849563,-0.029779758,-0.029773828,-0.029741634,-0.029820647,-0.02979019
2020-09-21,-0.027085867,-0.027206432,-0.027093988,-0.028008763,-0.02715468,-0.027129147,-0.0271799,-0.027106877,-0.027150217,-0.027080651,-0.027139258,-0.027088452,-0.02709696,-0.027229812,-0.027145673,-0.027098235,-0.027154114,-0.027089853,-0.027170938,-0.02713542
2020-09-22,-0.025258746,-0.02536304,-0.025260795,-0.025679614,-0.025304172,-0.025274824,-0.025354434,-0.02527437,-0.025322866,-0.025249746,-0.025311772,-0.0252585,-0.025261682,-0.025418539,-0.025313694,-0.025261607,-0.025322061,-0.025269184,-0.025339443,-0.025309984
2020-09-23,-0.034011733,-0.034072924,-0.03402738,-0.03424826,-0.034040835,-0.03400517,-0.03410693,-0.034066956,-0.03408229,-0.034009743,-0.034067173,-0.03402603,-0.03401431,-0.03418338,-0.034028385,-0.03399298,-0.03407139,-0.034019414,-0.034082893,-0.03403676
2020-09-24,-0.03073934,-0.030838598,-0.030755725,-0.03096151,-0.03079233,-0.030726667,-0.030833315,-0.030751202,-0.03083096,-0.03073639,-0.030798603,-0.030762944,-0.030743498,-0.031133268,-0.03083327,-0.030802418,-0.030805562,-0.030774709,-0.030807633,-0.03075781
2020-09-25,-0.025260884,-0.025311258,-0.025255363,-0.025383454,-0.025296915,-0.02525476,-0.025351714,-0.025302384,-0.025773566,-0.0252526,-0.025313344,-0.025278013,-0.025263432,-0.025460664,-0.02527051,-0.025290575,-0.025318969,-0.025322158,-0.02535439,-0.025277253
2020-09-28,-0.025630992,-0.0256912,-0.025640298,-0.026232991,-0.025685135,-0.025644328,-0.025728386,-0.025680628,-0.026595224,-0.025640417,-0.025689226,-0.02565096,-0.025649022,-0.026238795,-0.02563167,-0.025674488,-0.02614246,-0.025683958,-0.025722507,-0.025691923
2020-09-29,-0.025260601,-0.025269832,-0.025259253,-0.026048694,-0.025313038,-0.025256012,-0.025350068,-0.025304887,-0.026291978,-0.025250826,-0.025309194,-0.025278773,-0.025265407,-0.026078817,-0.025243808,-0.025262501,-0.026105706,-0.02531245,-0.025842074,-0.025312055
2020-09-30,-0.028263312,-0.028335776,-0.028276753,-0.029285464,-0.02830663,-0.028315809,-0.028348695,-0.028324645,-0.029432561,-0.028267767,-0.028325219,-0.028293181,-0.028276984,-0.029247764,-0.028272357,-0.02835777,-0.029416759,-0.028347667,-0.029125247,-0.028338034
2020-10-01,-0.02896713,-0.029042888,-0.028986547,-0.030172076,-0.029038217,-0.02901252,-0.029060047,-0.029039402,-0.030282963,-0.028961826,-0.029025119,-0.02899753,-0.028979074,-0.030072283,-0.028967153,-0.029064748,-0.030308735,-0.02905925,-0.030004706,-0.029051859
2020-10-02,-0.025261555,-0.025333975,-0.025274139,-0.02678788,-0.0253325,-0.02529933,-0.025349278,-0.025328461,-0.026681352,-0.025246847,-0.025312137,-0.025279414,-0.025269385,-0.02648585,-0.025260422,-0.025355902,-0.026731525,-0.025349688,-0.02642588,-0.025352564
2020-10-05,-0.026627842,-0.026674781,-0.026641931,-0.028099861,-0.026696187,-0.026661996,-0.026716407,-0.026683625,-0.028119136,-0.026623446,-0.026677389,-0.026647676,-0.02662563,-0.027916942,-0.026628938,-0.026729118,-0.02818342,-0.026717376,-0.028048325,-0.026656795
2020-10-06,-0.025278132,-0.025320653,-0.02527422,-0.026768204,-0.025326852,-0.025282573,-0.025341537,-0.025317986,-0.026769552,-0.025275607,-0.025315199,-0.025292259,-0.025265869,-0.026587803,-0.025272813,-0.025339585,-0.026867028,-0.02534226,-0.026728097,-0.025304098
2020-10-07,-0.024264056,-0.024326835,-0.024272714,-0.025791045,-0.024330419,-0.024272319,-0.02434833,-0.024293754,-0.025781024,-0.024255995,-0.024314944,-0.024294492,-0.024261635,-0.02562422,-0.024251822,-0.024335455,-0.025937673,-0.02435371,-0.025758136,-0.024306688
2020-10-08,-0.023640085,-0.02369627,-0.023648802,-0.02518737,-0.02371746,-0.023635674,-0.02373274,-0.023685861,-0.025167797,-0.023650158,-0.0236975,-0.023667853,-0.023641165,-0.025026482,-0.023633834,-0.023649562,-0.025353435,-0.023706596,-0.025160242,-0.02368677
2020-10-09,-0.025250707,-0.025306854,-0.025275555,-0.026832242,-0.02530117,-0.02527995,-0.025338758,-0.02530991,-0.026806671,-0.025266875,-0.025310684,-0.025284667,-0.025254723,-0.0266704,-0.025245447,-0.02533466,-0.026984867,-0.025338273,-0.026811395,-0.025273096
2020-10-12,-0.024329077,-0.024367977,-0.024347346,-0.02592348,-0.024382602,-0.024352286,-0.024419148,-0.024384584,-0.0258925,-0.024340194,-0.024388809,-0.024371367,-0.0243388,-0.025764037,-0.024326947,-0.024407808,-0.02607428,-0.024398062,-0.025905993,-0.024343554
2020-10-13,-0.025250543,-0.025281195,-0.025260579,-0.026851531,-0.025317129,-0.025294598,-0.02534173,-0.025315132,-0.026817966,-0.025255676,-0.025303755,-0.025282469,-0.025265489,-0.02670012,-0.025244202,-0.025277775,-0.027024534,-0.025340553,-0.026836786,-0.025258642
2020-10-14,-0.024795953,-0.024841081,-0.024805453,-0.026399393,-0.02485438,-0.024818797,-0.024882492,-0.024850529,-0.02636319,-0.024804767,-0.024850946,-0.024830427,-0.024803367,-0.02625284,-0.02478813,-0.024868403,-0.0265791,-0.02485827,-0.026386295,-0.024805095
2020-10-15,-0.025267158,-0.025316078,-0.02527443,-0.026861023,-0.025311146,-0.025272582,-0.025345389,-0.025322106,-0.026823658,-0.025250662,-0.025317173,-0.025298428,-0.025277104,-0.026718263,-0.025240961,-0.025315676,-0.027048204,-0.025341984,-0.026850816,-0.025284935
2020-10-16,-0.025255915,-0.025313865,-0.02528667,-0.02686328,-0.025313232,-0.025291521,-0.025329161,-0.025277842,-0.026825119,-0.025245037,-0.025312018,-0.02530082,-0.025276039,-0.026724402,-0.025284674,-0.02529974,-0.02705602,-0.02533565,-0.026855882,-0.025282796
2020-10-19,-0.025262568,-0.02531324,-0.025276925,-0.026863892,-0.025312435,-0.025288854,-0.025330003,-0.025267396,-0.02682573,-0.025246102,-0.025311332,-0.025299255,-0.025275473,-0.026728857,-0.02526695,-0.025282409,-0.027061913,-0.025339488,-0.026859853,-0.025282491
2020-10-20,-0.02526119,-0.025316391,-0.025270734,-0.026863169,-0.025310624,-0.02526706,-0.025329795,-0.025277037,-0.02682576,-0.025249522,-0.025310326,-0.025291342,-0.025268171,-0.026732001,-0.02526268,-0.025273155,-0.027066294,-0.025334876,-0.026861284,-0.025277648
2020-10-21,-0.025250379,-0.025314879,-0.025284987,-0.026860293,-0.025313076,-0.025273237,-0.025340136,-0.025285449,-0.026825164,-0.025249366,-0.025312725,-0.025293421,-0.025259908,-0.026734058,-0.025280397,-0.025294382,-0.027069297,-0.025336143,-0.026861448,-0.025268603
2020-10-22,-0.025251772,-0.025313962,-0.025291506,-0.026859086,-0.025312904,-0.025299732,-0.02534021,-0.025307585,-0.026823971,-0.025260631,-0.025312778,-0.02527998,-0.02527162,-0.026735056,-0.025276553,-0.025342043,-0.027071256,-0.025348675,-0.026860122,-0.025273103
2020-10-23,-0.025246624,-0.025305044,-0.025290076,-0.026857283,-0.025313307,-0.02530567,-0.025342908,-0.025304843,-0.02682202,-0.025252733,-0.025310796,-0.025271486,-0.02526347,-0.02673513,-0.025273617,-0.025353994,-0.02707221,-0.025308076,-0.026861418,-0.025297549
2020-10-26,-0.025780808,-0.025853116,-0.025815818,-0.027390312,-0.025846872,-0.025775027,-0.025874171,-0.025844928,-0.027355064,-0.025780994,-0.025848236,-0.025809389,-0.02579699,-0.027272884,-0.025788601,-0.025869478,-0.02761789,-0.025869865,-0.027398113,-0.025833275
2020-10-27,-0.022141594,-0.022206713,-0.022177082,-0.023720969,-0.022207018,-0.022146035,-0.02223279,-0.022209723,-0.023681734,-0.022149567,-0.022203814,-0.022167627,-0.022153232,-0.023607854,-0.022146452,-0.022210587,-0.023958351,-0.022231836,-0.023725118,-0.022169132
2020-10-28,-0.02527899,-0.02532566,-0.025287535,-0.026849832,-0.025317077,-0.025296625,-0.025340121,-0.02533133,-0.026810568,-0.025256854,-0.025319967,-0.025279764,-0.025281716,-0.026731167,-0.025254283,-0.02533495,-0.02707005,-0.025332194,-0.026856024,-0.02533419
2020-10-29,-0.025268119,-0.025310349,-0.025265489,-0.026840512,-0.02532198,-0.02526224,-0.025341537,-0.025320392,-0.026803847,-0.025250677,-0.025310535,-0.02528413,-0.025262263,-0.026728991,-0.025229257,-0.025287498,-0.027067792,-0.025315177,-0.026851688,-0.02530593
2020-10-30,-0.025275063,-0.025311027,-0.025265355,-0.026836839,-0.025318261,-0.025231648,-0.025345799,-0.02531581,-0.026794914,-0.025254171,-0.025311958,-0.025281038,-0.025270175,-0.026726175,-0.025241513,-0.02526423,-0.027065162,-0.02530424,-0.026846144,-0.02529918
2020-11-02,-0.025275674,-0.025305647,-0.025254887,-0.026837703,-0.025316041,-0.025283676,-0.025343608,-0.025311206,-0.026784379,-0.025255274,-0.025311109,-0.025272775,-0.025256727,-0.0267247,-0.025241863,-0.025273573,-0.027062494,-0.025304113,-0.026838642,-0.025271695
2020-11-03,-0.02526502,-0.025307585,-0.025264587,-0.026825849,-0.02532461,-0.025285926,-0.02534471,-0.025308024,-0.026769135,-0.02526826,-0.025312964,-0.025283437,-0.025262516,-0.026727218,-0.025243085,-0.025275249,-0.027060423,-0.025316488,-0.02682871,-0.025346074
2020-11-04,-0.02901109,-0.029067341,-0.0290297,-0.030560922,-0.029074106,-0.029059965,-0.029081311,-0.029032078,-0.030508999,-0.029016424,-0.029066171,-0.029039126,-0.029026005,-0.030508209,-0.029011723,-0.029056799,-0.03085902,-0.029090289,-0.030570265,-0.02907857
2020-11-05,-0.025283966,-0.025309596,-0.025277507,-0.026789512,-0.025322001,-0.025301937,-0.025349874,-0.025305603,-0.026727427,-0.025269885,-0.025319617,-0.025292013,-0.025287721,-0.026723225,-0.025254522,-0.02528422,-0.027067978,-0.02531613,-0.026791286,-0.025313374
2020-11-06,-0.025278937,-0.025304776,-0.025261339,-0.026752722,-0.025326494,-0.025280412,-0.02534103,-0.025316332,-0.026695315,-0.025259335,-0.025315542,-0.02527826,-0.025275875,-0.026791912,-0.025249142,-0.02525865,-0.027099531,-0.025316138,-0.026761498,-0.025266211
2020-11-09,-0.025265303,-0.02531581,-0.025279444,-0.026745688,-0.025328528,-0.025272798,-0.025349189,-0.02532645,-0.026662927,-0.025259648,-0.025313701,-0.025284085,-0.025264394,-0.026791912,-0.025248434,-0.025244106,-0.027105551,-0.025312703,-0.026721355,-0.025296848
2020-11-10,-0.025251288,-0.025316838,-0.025256488,-0.026745688,-0.025330875,-0.025284056,-0.025342662,-0.025355171,-0.026662927,-0.02525847,-0.025313865,-0.025263216,-0.025278177,-0.026791912,-0.025244582,-0.025275256,-0.027105551,-0.02532598,-0.026721355,-0.025299165
2020-11-11,-0.03218325,-0.03224958,-0.032187443,-0.033678923,-0.03227226,-0.032224234,-0.032285135,-0.032257866,-0.033595968,-0.03218944,-0.032251317,-0.032198224,-0.032213476,-0.033731554,-0.032170173,-0.032190118,-0.034091566,-0.03224161,-0.033655893,-0.032292504
2020-11-12,-0.023668397,-0.023735438,-0.023682658,-0.02515975,-0.023754764,-0.02369957,-0.0237603,-0.023729678,-0.025076058,-0.02370457,-0.023734022,-0.023684513,-0.023698542,-0.025185939,-0.023663688,-0.023708481,-0.025473092,-0.023728292,-0.025135275,-0.023791913
2020-11-13,-0.023510162,-0.023571808,-0.023534086,-0.0249804,-0.023594078,-0.02353767,-0.023574833,-0.023575213,-0.024898518,-0.023575094,-0.02357177,-0.023514885,-0.023529734,-0.025041673,-0.023528825,-0.023558911,-0.025375169,-0.023558546,-0.024954926,-0.02362882
2020-11-16,-0.024971966,-0.025033858,-0.024988193,-0.02644318,-0.025059175,-0.024984892,-0.025047388,-0.025033545,-0.026360985,-0.02499811,-0.025034506,-0.024981994,-0.024994548,-0.026498038,-0.024972927,-0.025019322,-0.026832674,-0.02503172,-0.026418138,-0.025095034
2020-11-17,-0.025262278,-0.025317851,-0.02527554,-0.026745688,-0.025343869,-0.02534866,-0.025321674,-0.025309239,-0.026662927,-0.025295135,-0.0253173,-0.025260422,-0.02528486,-0.026791912,-0.025260713,-0.025332283,-0.027105551,-0.025322173,-0.026721355,-0.025384177
2020-11-18,-0.025252838,-0.025322232,-0.02528422,-0.026745688,-0.025342185,-0.02527992,-0.025315601,-0.025309358,-0.026662927,-0.025298808,-0.025312241,-0.02526464,-0.025276031,-0.026791912,-0.025259819,-0.025337916,-0.027105551,-0.025322486,-0.026721355,-0.025384534
2020-11-19,-0.025758538,-0.025815006,-0.025765833,-0.027235102,-0.025835428,-0.02575827,-0.025819395,-0.025803182,-0.027152795,-0.025751505,-0.025802087,-0.025768872,-0.02576935,-0.027293283,-0.025759187,-0.025831636,-0.027623165,-0.025797661,-0.027210634,-0.025874604
2020-11-20,-0.025477763,-0.025540736,-0.025482614,-0.02695838,-0.025562506,-0.025475476,-0.025545169,-0.025529508,-0.02687594,-0.025469083,-0.025524657,-0.025496613,-0.025491733,-0.027009416,-0.025468681,-0.025527414,-0.027332935,-0.025524925,-0.026933875,-0.025599603
2020-11-23,-0.025269296,-0.025321338,-0.02526078,-0.026745688,-0.025342155,-0.025266614,-0.025325317,-0.025309455,-0.026662927,-0.025239024,-0.025306303,-0.025273342,-0.02528302,-0.026791912,-0.02523676,-0.02530669,-0.027105551,-0.025316957,-0.026721355,-0.025378864
2020-11-24,-0.025256965,-0.025319997,-0.025281753,-0.026745688,-0.025340173,-0.025252048,-0.025328975,-0.02530947,-0.026662927,-0.025223356,-0.025305938,-0.0252784,-0.025274653,-0.026791912,-0.025239427,-0.025290038,-0.027105551,-0.025320154,-0.026721355,-0.02538528
2020-11-25,-0.025255356,-0.02531955,-0.025266629,-0.026745688,-0.025341082,-0.02525973,-0.02533495,-0.02530947,-0.026662927,-0.025248636,-0.025305953,-0.025276411,-0.025290523,-0.026791912,-0.025290597,-0.025299761,-0.027105551,-0.025310587,-0.026721355,-0.02538358
2020-11-27,-0.028512169,-0.028573167,-0.02853882,-0.02999952,-0.028600972,-0.028540019,-0.02859522,-0.028568905,-0.029916372,-0.028520811,-0.028566804,-0.028536875,-0.028544169,-0.030041646,-0.028569218,-0.028528389,-0.03037158,-0.028575826,-0.029975872,-0.028643947
2020-11-30,-0.02525236,-0.025318917,-0.025265213,-0.026745688,-0.025340457,-0.025297944,-0.025343124,-0.025309604,-0.026662927,-0.025249679,-0.025308635,-0.025273006,-0.025283646,-0.026791912,-0.025300037,-0.025267977,-0.027105551,-0.025303517,-0.026721355,-0.025386099
2020-12-01,-0.025255527,-0.025321614,-0.025301237,-0.026745688,-0.025342096,-0.025297139,-0.02534319,-0.0253095,-0.026662927,-0.025275726,-0.025310587,-0.025260318,-0.025265265,-0.026791912,-0.025305059,-0.025261346,-0.027105551,-0.025309186,-0.026721355,-0.02538624
2020-12-02,-0.025253747,-0.025323775,-0.025300842,-0.026745688,-0.025328483,-0.02529997,-0.025344063,-0.025309514,-0.026662927,-0.025263947,-0.025308054,-0.025255557,-0.025287826,-0.026791912,-0.025281247,-0.025262695,-0.027105551,-0.025305655,-0.026721355,-0.025386695
2020-12-03,-0.023595098,-0.023665976,-0.023640398,-0.025078695,-0.023675155,-0.023654792,-0.02369332,-0.023656,-0.024996284,-0.023617398,-0.023656424,-0.023600679,-0.023601789,-0.025129188,-0.023634013,-0.023574453,-0.025446188,-0.023641597,-0.02505355,-0.023724291
2020-12-04,-0.020979796,-0.021042962,-0.021015886,-0.022466395,-0.021044862,-0.02101649,-0.02106819,-0.0210266,-0.0223835,-0.020981152,-0.021025602,-0.020970847,-0.020961497,-0.022504728,-0.02098767,-0.020938557,-0.022786748,-0.021013673,-0.022441197,-0.021099415
2020-12-07,-0.027660605,-0.027734514,-0.02767903,-0.029144082,-0.027725283,-0.027709324,-0.027752068,-0.027718436,-0.029061873,-0.027666215,-0.027712453,-0.027655479,-0.027661491,-0.029203486,-0.027673867,-0.02767491,-0.029548142,-0.027708929,-0.029119838,-0.02778608
2020-12-08,-0.025256272,-0.02532519,-0.025246326,-0.026745688,-0.025308635,-0.025289249,-0.025343034,-0.025309425,-0.026662927,-0.025226366,-0.025302809,-0.02525064,-0.025267724,-0.026791912,-0.025237035,-0.025240649,-0.027105551,-0.025299389,-0.026721355,-0.025382217
2020-12-09,-0.040836807,-0.040918488,-0.040864047,-0.042343143,-0.04089765,-0.0408849,-0.04092985,-0.04090075,-0.042259853,-0.040830094,-0.040891442,-0.0408335,-0.04089814,-0.0424018,-0.040836755,-0.04081903,-0.04280557,-0.04089007,-0.04232244,-0.040973235
2020-12-10,-0.02525315,-0.025314149,-0.025264647,-0.026745688,-0.02531382,-0.025306236,-0.025344726,-0.025295343,-0.026662927,-0.025249142,-0.025305476,-0.02525353,-0.025252294,-0.026791912,-0.025275003,-0.025214996,-0.027105551,-0.025306653,-0.026721355,-0.025370214
2020-12-11,-0.025252324,-0.025315326,-0.025297489,-0.026745688,-0.025320332,-0.025303949,-0.025348876,-0.025311325,-0.026662927,-0.025242288,-0.025306929,-0.025249515,-0.02524199,-0.026791912,-0.025269035,-0.025245693,-0.027105551,-0.025295194,-0.026721355,-0.025320385
2020-12-14,-0.025249604,-0.025317486,-0.025305841,-0.026745688,-0.025319505,-0.025304731,-0.025347378,-0.025302473,-0.026662927,-0.025232974,-0.025305849,-0.025258686,-0.025249269,-0.026791912,-0.02522729,-0.025244322,-0.027105551,-0.025299307,-0.026721355,-0.025367793
2020-12-15,-0.025264185,-0.02531309,-0.025273334,-0.026745688,-0.025315765,-0.025311928,-0.025354598,-0.025311265,-0.026662927,-0.02524538,-0.025308985,-0.0252526,-0.025281053,-0.026791912,-0.025272127,-0.025268499,-0.027105551,-0.025266748,-0.026721355,-0.025351468
2020-12-16,-0.025162507,-0.02520601,-0.025169272,-0.026658256,-0.025230173,-0.025221843,-0.025267791,-0.025221322,-0.026574593,-0.025154572,-0.025218043,-0.02516814,-0.025187057,-0.026688274,-0.025143761,-0.025170017,-0.026983682,-0.025179658,-0.026634198,-0.025219861
2020-12-17,-0.025249261,-0.025306541,-0.025269907,-0.026745688,-0.025316533,-0.025309179,-0.025356699,-0.025311898,-0.026662927,-0.02524766,-0.025308553,-0.025256138,-0.025278863,-0.026791912,-0.025231425,-0.025281552,-0.027105551,-0.025281157,-0.026721355,-0.025295768
2020-12-18,-0.024235178,-0.024295125,-0.0242634,-0.025728393,-0.024299864,-0.024290647,-0.024343941,-0.024292659,-0.025645707,-0.024241302,-0.024296787,-0.02424236,-0.02426536,-0.025774304,-0.02421147,-0.024237316,-0.026084166,-0.024258245,-0.025703777,-0.02428126
2020-12-21,-0.024978917,-0.025035936,-0.025049593,-0.026469473,-0.025040682,-0.025038619,-0.025084127,-0.02505007,-0.026386943,-0.024985407,-0.025035884,-0.024977852,-0.025037337,-0.026523579,-0.02498189,-0.025006864,-0.026845012,-0.02498376,-0.02644473,-0.025012445
2020-12-22,-0.025284868,-0.025343891,-0.025378477,-0.02677213,-0.025348354,-0.025337782,-0.02539188,-0.02535401,-0.026687842,-0.025301967,-0.025339756,-0.02530155,-0.025346395,-0.02678724,-0.025294352,-0.025321145,-0.027070466,-0.02530248,-0.026748221,-0.025312867
2020-12-23,-0.025255803,-0.0253121,-0.025354635,-0.026745688,-0.025324654,-0.025306385,-0.02535982,-0.025327604,-0.026662927,-0.025288444,-0.02531084,-0.025273759,-0.025326442,-0.026791912,-0.02530555,-0.025292512,-0.027105551,-0.025292296,-0.026721355,-0.025277648
2020-12-24,-0.025083113,-0.025141452,-0.02519336,-0.026573826,-0.025155019,-0.025134739,-0.025187273,-0.025153954,-0.026490819,-0.025109995,-0.025138404,-0.02511843,-0.025166612,-0.026615981,-0.025146727,-0.025123794,-0.026922505,-0.0251148,-0.026549552,-0.025102053
2020-12-28,-0.02525824,-0.025312062,-0.025369752,-0.026745688,-0.025325444,-0.025312427,-0.025360819,-0.025326807,-0.026662927,-0.025272373,-0.02531368,-0.02528346,-0.025349576,-0.026791912,-0.025269475,-0.025286783,-0.027105551,-0.025287155,-0.026721355,-0.025270913
2020-12-29,-0.025259506,-0.025313128,-0.025375057,-0.026745688,-0.02532724,-0.025309246,-0.025360461,-0.025333133,-0.026662927,-0.02527308,-0.025312338,-0.025279026,-0.025351707,-0.026791912,-0.025229428,-0.025270898,-0.027105551,-0.025288668,-0.026721355,-0.025266271
2020-12-30,-0.025269512,-0.02532385,-0.025295671,-0.026745688,-0.025327962,-0.025313925,-0.025348622,-0.025322046,-0.026662927,-0.025267381,-0.025315803,-0.025276627,-0.025331449,-0.026791912,-0.025252398,-0.02535427,-0.027105551,-0.025292378,-0.026721355,-0.025301035
2020-12-31,-0.027795706,-0.027851533,-0.027837712,-0.029254314,-0.027858485,-0.027846161,-0.027882677,-0.02785347,-0.02917188,-0.027793977,-0.02784532,-0.027808022,-0.027854744,-0.029309113,-0.027832638,-0.027902048,-0.02965932,-0.027817298,-0.02922986,-0.027803246
2021-01-04,-0.02525561,-0.025320891,-0.025298614,-0.026745688,-0.025318425,-0.025312308,-0.025352258,-0.025303956,-0.026662927,-0.025258247,-0.025311757,-0.02526291,-0.025314141,-0.026791912,-0.025286224,-0.025369596,-0.027105551,-0.025301423,-0.026721355,-0.02528562
2021-01-05,-0.025255699,-0.025325332,-0.025301728,-0.026745688,-0.025317062,-0.025314499,-0.025355648,-0.025317904,-0.026662927,-0.02527466,-0.025315527,-0.02525803,-0.025314163,-0.026791912,-0.025295038,-0.02537899,-0.027105551,-0.025303017,-0.026721355,-0.02528539
2021-01-06,-0.026888173,-0.02696025,-0.0269528,-0.02836134,-0.026950676,-0.026944626,-0.02698398,-0.026978787,-0.028279092,-0.02689844,-0.026934322,-0.026902776,-0.026921365,-0.028420176,-0.02695414,-0.026966605,-0.028765153,-0.026926052,-0.028336864,-0.02692901
2021-01-07,-0.029066812,-0.02912831,-0.029131446,-0.030555893,-0.029126156,-0.029122915,-0.02916335,-0.029175412,-0.030473191,-0.02907681,-0.02911776,-0.029068086,-0.029088672,-0.030609448,-0.02911346,-0.02909514,-0.030950058,-0.029093083,-0.030532312,-0.029092114
2021-01-08,-0.025253076,-0.025324102,-0.02534942,-0.026745688,-0.025319833,-0.02531286,-0.025357332,-0.02535693,-0.026662927,-0.025286902,-0.02531005,-0.025282014,-0.025301818,-0.026791912,-0.025327172,-0.02528986,-0.027105551,-0.025276963,-0.026721355,-0.025280934
2021-01-11,-0.027771238,-0.027841683,-0.027870942,-0.029266004,-0.02785049,-0.027832832,-0.027874898,-0.027856123,-0.029182646,-0.027806055,-0.027830724,-0.027793076,-0.027817566,-0.0293026,-0.02783813,-0.027785178,-0.029619087,-0.027819116,-0.029242452,-0.027796265
2021-01-12,-0.025253352,-0.025316302,-0.025340412,-0.026745688,-0.025340807,-0.025316518,-0.02535623,-0.025307465,-0.026662927,-0.02528764,-0.025310274,-0.025273401,-0.025283959,-0.026791912,-0.025321487,-0.025254685,-0.027105551,-0.025290165,-0.026721355,-0.025273133
2021-01-13,-0.02525108,-0.025313716,-0.025317471,-0.026745688,-0.02534229,-0.02530453,-0.025351819,-0.025309172,-0.026662927,-0.025269832,-0.02531043,-0.02526838,-0.025286872,-0.026791912,-0.025294777,-0.025249038,-0.027105551,-0.025297176,-0.026721355,-0.02526043
2021-01-14,-0.025253695,-0.025298197,-0.025334205,-0.026745688,-0.025333095,-0.025312264,-0.025341358,-0.025293622,-0.026662927,-0.025295805,-0.02531382,-0.025279325,-0.025299046,-0.026791912,-0.025278356,-0.025267627,-0.027105551,-0.025328036,-0.026721355,-0.025271151
2021-01-15,-0.025254328,-0.0253069,-0.02534533,-0.026745688,-0.025328424,-0.025315244,-0.025346551,-0.025308456,-0.026662927,-0.025296051,-0.025312606,-0.025291909,-0.025294032,-0.026791912,-0.02524561,-0.025250312,-0.027105551,-0.025328647,-0.026721355,-0.025260169
2021-01-19,-0.025255267,-0.025317054,-0.02535588,-0.026745688,-0.025322665,-0.02531745,-0.025350485,-0.025309388,-0.026662927,-0.025295641,-0.025312494,-0.025289822,-0.025286537,-0.026791912,-0.025302496,-0.02526411,-0.027105551,-0.025319118,-0.026721355,-0.02526236
2021-01-20,-0.025251504,-0.025316987,-0.025350321,-0.026745688,-0.025328893,-0.025301415,-0.025344405,-0.02530237,-0.026662927,-0.025274213,-0.025308479,-0.025239091,-0.02528454,-0.026791912,-0.025294248,-0.02525555,-0.027105551,-0.025321346,-0.026721355,-0.025262568
2021-01-21,-0.025260221,-0.025316354,-0.025353823,-0.026745688,-0.025321428,-0.025314014,-0.025350895,-0.025306609,-0.026662927,-0.025278907,-0.025312077,-0.025267038,-0.025293838,-0.026791912,-0.025289942,-0.025277104,-0.027105551,-0.025316965,-0.026721355,-0.025266726
2021-01-22,-0.024325166,-0.02438384,-0.024424475,-0.025800798,-0.02439053,-0.024377715,-0.024416838,-0.024372805,-0.025717687,-0.02434231,-0.024375219,-0.02429666,-0.024359625,-0.025838789,-0.02435254,-0.024328385,-0.026145596,-0.024367701,-0.025776055,-0.024322372
2021-01-25,-0.025274765,-0.025319163,-0.025367495,-0.026745688,-0.02531967,-0.025316354,-0.025358666,-0.025312569,-0.026662927,-0.025288608,-0.025314879,-0.025287185,-0.025305498,-0.026791912,-0.025323544,-0.025267806,-0.027105551,-0.025277581,-0.026721355,-0.025260363
2021-01-26,-0.025271539,-0.025318917,-0.025365602,-0.026745688,-0.025379773,-0.025313642,-0.02535611,-0.025311735,-0.026662927,-0.02527335,-0.025314916,-0.025262136,-0.025306504,-0.026791912,-0.025312271,-0.025259782,-0.027105551,-0.02529699,-0.026721355,-0.025261138
2021-01-27,-0.02526712,-0.025319275,-0.025366273,-0.026745688,-0.025354471,-0.025318023,-0.025349688,-0.025315162,-0.026662927,-0.025270421,-0.025313053,-0.025251534,-0.025297072,-0.026791912,-0.02530003,-0.025267232,-0.027105551,-0.02531233,-0.026721355,-0.025260162
2021-01-28,-0.02644537,-0.026511293,-0.026555587,-0.02792574,-0.02653109,-0.026505064,-0.026518743,-0.02650677,-0.02784321,-0.026481595,-0.026498307,-0.02642772,-0.026490528,-0.02797817,-0.0264314,-0.0264819,-0.028307479,-0.0264983,-0.027901437,-0.026457485
2021-01-29,-0.025283236,-0.025319722,-0.025377389,-0.026745688,-0.025339615,-0.025322933,-0.025289457,-0.025316108,-0.026662927,-0.025363091,-0.02531473,-0.025301274,-0.02531701,-0.026791912,-0.025258254,-0.025353443,-0.027105551,-0.02526566,-0.026721355,-0.025287244
2021-02-01,-0.026262667,-0.026313413,-0.026371974,-0.027730051,-0.02634352,-0.02632447,-0.026332613,-0.0263067,-0.02764732,-0.026313331,-0.026309308,-0.026280109,-0.02631085,-0.027776938,-0.02624173,-0.02634393,-0.028103653,-0.026254978,-0.027705628,-0.026290659
2021-02-02,-0.025262017,-0.0253225,-0.025376063,-0.026745688,-0.025332931,-0.025329877,-0.025342692,-0.02531739,-0.026662927,-0.025313068,-0.02531172,-0.025281053,-0.025310967,-0.026791912,-0.025243092,-0.025355298,-0.027105551,-0.02528223,-0.026721355,-0.025279071
2021-02-03,-0.023781981,-0.023853224,-0.023909178,-0.025239792,-0.02385522,-0.02385657,-0.023868028,-0.023848046,-0.025157753,-0.02384105,-0.023839276,-0.023793671,-0.023837704,-0.025296096,-0.023794953,-0.023884844,-0.02563342,-0.02379563,-0.02521414,-0.023793269
2021-02-04,-0.025265742,-0.025322784,-0.025383484,-0.026745688,-0.025335353,-0.0253256,-0.025345545,-0.025316235,-0.026662927,-0.025312211,-0.025314856,-0.025292251,-0.02531347,-0.026791912,-0.025285129,-0.025367167,-0.027105551,-0.0252886,-0.026721355,-0.025292818
2021-02-05,-0.025257345,-0.025311958,-0.025383208,-0.026745688,-0.025339577,-0.025337394,-0.025348391,-0.025319431,-0.026662927,-0.025309462,-0.025313225,-0.025271405,-0.02531347,-0.026791912,-0.02527177,-0.025348488,-0.027105551,-0.0253014,-0.026721355,-0.025304887
2021-02-08,-0.025254,-0.025313918,-0.025383573,-0.026745688,-0.02532665,-0.025337387,-0.025344621,-0.025316108,-0.026662927,-0.025309462,-0.02531096,-0.025267381,-0.025310475,-0.026791912,-0.02526046,-0.025325324,-0.027105551,-0.025295164,-0.026721355,-0.025271963
2021-02-09,-0.025250863,-0.025314469,-0.025385786,-0.026745688,-0.025318917,-0.025338698,-0.02534442,-0.02530982,-0.026662927,-0.025309484,-0.025310453,-0.025268484,-0.02530272,-0.026791912,-0.025263432,-0.025348444,-0.027105551,-0.025285926,-0.026721355,-0.025260735
2021-02-10,-0.025254931,-0.025307316,-0.025342721,-0.026745688,-0.025328297,-0.025334295,-0.025331933,-0.025291432,-0.026662927,-0.025359448,-0.025312256,-0.025278617,-0.025310542,-0.026791912,-0.025344294,-0.025357414,-0.027105551,-0.025291901,-0.026721355,-0.025291044
2021-02-11,-0.025252234,-0.025315594,-0.025366988,-0.026745688,-0.025339942,-0.025333885,-0.025329556,-0.025297139,-0.026662927,-0.025367912,-0.025311608,-0.025290374,-0.025310565,-0.026791912,-0.025298137,-0.025355812,-0.027105551,-0.025281038,-0.026721355,-0.02529354
2021-02-12,-0.025250826,-0.025318261,-0.025372017,-0.026745688,-0.025333513,-0.02533431,-0.025331426,-0.025299948,-0.026662927,-0.02536853,-0.025310937,-0.025267724,-0.025309172,-0.026791912,-0.025266062,-0.025329705,-0.027105551,-0.025307272,-0.026721355,-0.025277648
2021-02-16,-0.023634542,-0.023701537,-0.023756582,-0.02512886,-0.023711998,-0.023714494,-0.023703132,-0.023689043,-0.02504633,-0.023753222,-0.023690697,-0.023658175,-0.023684684,-0.025179017,-0.023646075,-0.023720961,-0.02548479,-0.023696307,-0.02510411,-0.023660574
2021-02-17,-0.025255296,-0.025324244,-0.025374833,-0.026745688,-0.025342751,-0.025336403,-0.025334608,-0.025307227,-0.026662927,-0.025378983,-0.02531318,-0.025283273,-0.025311623,-0.026791912,-0.025268976,-0.025340933,-0.027105551,-0.025309805,-0.026721355,-0.025298294
2021-02-18,-0.025252353,-0.025331315,-0.025384407,-0.026745688,-0.025339354,-0.02533554,-0.025327887,-0.025321465,-0.026662927,-0.025383916,-0.025309186,-0.025277574,-0.025306974,-0.026791912,-0.025254998,-0.02532575,-0.027105551,-0.025319207,-0.026721355,-0.02530476
2021-02-19,-0.02525514,-0.02531441,-0.025377367,-0.026745688,-0.025340226,-0.02533349,-0.025338594,-0.025317539,-0.026662927,-0.025383417,-0.025311906,-0.025261987,-0.025310311,-0.026791912,-0.02526554,-0.025319282,-0.027105551,-0.025303971,-0.026721355,-0.025293011
2021-02-22,-0.024308924,-0.02437557,-0.024431925,-0.025797714,-0.024394225,-0.024388332,-0.024399173,-0.02436648,-0.025714453,-0.024437394,-0.02436563,-0.024319556,-0.024358388,-0.025834117,-0.024322014,-0.024364289,-0.026132684,-0.024348054,-0.02577332,-0.024348434
2021-02-23,-0.025251415,-0.02531894,-0.025380727,-0.026745688,-0.025342729,-0.025337342,-0.025342617,-0.025316078,-0.026662927,-0.025383066,-0.025308881,-0.025257256,-0.025299992,-0.026791912,-0.02525701,-0.02532703,-0.027105551,-0.0252905,-0.026721355,-0.02529445
2021-02-24,-0.025255386,-0.02528676,-0.025365736,-0.026745688,-0.025344592,-0.025330242,-0.025347289,-0.02531023,-0.026662927,-0.02538507,-0.02531017,-0.025270287,-0.02530386,-0.026791912,-0.02525447,-0.025296975,-0.027105551,-0.025273334,-0.026721355,-0.025292989
2021-02-25,-0.025253963,-0.025308754,-0.025362123,-0.026745688,-0.025342029,-0.025334526,-0.025342736,-0.025314588,-0.026662927,-0.025383469,-0.02530868,-0.02524865,-0.025301378,-0.026791912,-0.025249872,-0.025303546,-0.027105551,-0.025297385,-0.026721355,-0.02529094
2021-02-26,-0.025805552,-0.025871228,-0.025916118,-0.027290013,-0.025894258,-0.025876645,-0.025892738,-0.025868606,-0.027207535,-0.025937427,-0.025858585,-0.025777396,-0.025853295,-0.02734219,-0.025806103,-0.025830884,-0.027669806,-0.025851432,-0.027265448,-0.025839765
2021-03-01,-0.026159216,-0.026230458,-0.026245113,-0.027643736,-0.026252244,-0.026238013,-0.02626137,-0.02623104,-0.027561251,-0.026292417,-0.02621768,-0.026183542,-0.026215147,-0.027697202,-0.026164632,-0.026165891,-0.028030481,-0.026215922,-0.027619164,-0.026207272
2021-03-02,-0.02525175,-0.025316093,-0.02532814,-0.026745688,-0.025342833,-0.025324132,-0.0253517,-0.025316272,-0.026662927,-0.025382299,-0.025306556,-0.025264438,-0.025305193,-0.026791912,-0.025258776,-0.025276382,-0.027105551,-0.025313918,-0.026721355,-0.02528311
2021-03-03,-0.02029005,-0.020358909,-0.020381201,-0.021785278,-0.020369511,-0.020357523,-0.02038746,-0.020356748,-0.02170327,-0.020413812,-0.020343188,-0.020309959,-0.020339001,-0.021840055,-0.020299826,-0.020285558,-0.022132065,-0.020325873,-0.021759693,-0.020335097
2021-03-04,-0.02277759,-0.022847708,-0.022865664,-0.024264265,-0.02286167,-0.022848282,-0.022873174,-0.022841576,-0.024180051,-0.022903483,-0.022829171,-0.022773664,-0.022825893,-0.02427918,-0.022782397,-0.022823874,-0.0245489,-0.022827808,-0.024239767,-0.022822369
2021-03-05,-0.025254015,-0.025322396,-0.025332164,-0.026745688,-0.02534287,-0.025328126,-0.025351781,-0.025315005,-0.026662927,-0.025382001,-0.025310915,-0.025249373,-0.025290381,-0.026791912,-0.025255803,-0.025298227,-0.027105551,-0.025295462,-0.026721355,-0.025284376
2021-03-08,-0.025259387,-0.025317136,-0.025338631,-0.026745688,-0.02534299,-0.025315005,-0.025348846,-0.025312085,-0.026662927,-0.025375556,-0.02530897,-0.025250066,-0.025293555,-0.026791912,-0.02525447,-0.02532285,-0.027105551,-0.02528176,-0.026721355,-0.02526525
2021-03-09,-0.025261883,-0.025319923,-0.025318336,-0.026745688,-0.025343638,-0.02532399,-0.025353815,-0.02531806,-0.026662927,-0.025381017,-0.025310788,-0.025280323,-0.025301587,-0.026791912,-0.025273975,-0.025301907,-0.027105551,-0.025313277,-0.026721355,-0.025281157
2021-03-10,-0.025259923,-0.025324617,-0.025314052,-0.026745688,-0.025342766,-0.02532753,-0.02535664,-0.025323097,-0.026662927,-0.025382724,-0.025313709,-0.025292773,-0.025307242,-0.026791912,-0.025274333,-0.025280323,-0.027105551,-0.025317673,-0.026721355,-0.025288697
2021-03-11,-0.026638377,-0.026689041,-0.026667308,-0.028108183,-0.02671076,-0.026698198,-0.02670164,-0.026685249,-0.028026152,-0.026750576,-0.026686307,-0.026676346,-0.026673283,-0.028172042,-0.026631963,-0.026698742,-0.028514322,-0.026681345,-0.028083723,-0.026650552
2021-03-12,-0.025267009,-0.025325071,-0.025289346,-0.026745688,-0.025342282,-0.025334295,-0.025334422,-0.025323395,-0.026662927,-0.0253858,-0.02531984,-0.02531327,-0.02531046,-0.026791912,-0.025268484,-0.025336001,-0.027105551,-0.025333267,-0.026721355,-0.025293153
2021-03-15,-0.025262993,-0.02532724,-0.02530625,-0.026745688,-0.025342789,-0.025337908,-0.025352057,-0.025326956,-0.026662927,-0.02538735,-0.02532081,-0.025317308,-0.025311556,-0.026791912,-0.02526034,-0.02532332,-0.027105551,-0.02531479,-0.026721355,-0.025285166
2021-03-16,-0.025260892,-0.025311943,-0.025310468,-0.026745688,-0.025343213,-0.025338132,-0.025347095,-0.025295403,-0.026662927,-0.02538767,-0.025320683,-0.025321972,-0.025309179,-0.026791912,-0.025267515,-0.025332991,-0.027105551,-0.025278863,-0.026721355,-0.025268186
2021-03-17,-0.025258254,-0.025321815,-0.025281768,-0.026745688,-0.025343131,-0.025336374,-0.025352899,-0.025312912,-0.026662927,-0.025386732,-0.025317106,-0.025321778,-0.025308851,-0.026791912,-0.025263403,-0.025318835,-0.027105551,-0.025321689,-0.026721355,-0.025266867
2021-03-18,-0.025256936,-0.02532446,-0.025268238,-0.026745688,-0.025343236,-0.025325026,-0.025354978,-0.025318135,-0.026662927,-0.025381204,-0.025316518,-0.025316615,-0.025307592,-0.026791912,-0.025271673,-0.025315467,-0.027105551,-0.025335472,-0.026721355,-0.025268909
2021-03-19,-0.024741631,-0.02480824,-0.024760496,-0.026224513,-0.024824794,-0.024813753,-0.024838638,-0.024805102,-0.026142161,-0.024865758,-0.024807315,-0.024796743,-0.024793249,-0.026277829,-0.024745937,-0.024805102,-0.026598077,-0.024814237,-0.026199851,-0.02477302
2021-03-22,-0.027656484,-0.027714822,-0.027688373,-0.029131692,-0.027734745,-0.027726952,-0.027752858,-0.02771243,-0.029048886,-0.027776886,-0.027714644,-0.027711105,-0.027700882,-0.029181514,-0.027653921,-0.027710382,-0.029514689,-0.0276994,-0.029107716,-0.027690258
2021-03-23,-0.025254976,-0.02531666,-0.025323827,-0.026745688,-0.025343273,-0.02533466,-0.025359701,-0.025313083,-0.026662927,-0.025386374,-0.025318127,-0.025323447,-0.025306623,-0.026791912,-0.025262896,-0.02530798,-0.027105551,-0.025278997,-0.026721355,-0.025297146
2021-03-24,-0.026679117,-0.026742246,-0.02674691,-0.028174866,-0.026768077,-0.026759397,-0.026781473,-0.026738737,-0.028092217,-0.026811901,-0.026739735,-0.026743185,-0.026726197,-0.028226305,-0.026687827,-0.026725132,-0.028550375,-0.026712913,-0.028150748,-0.026719231
2021-03-25,-0.023279015,-0.023346175,-0.023349289,-0.024766315,-0.023366597,-0.023364779,-0.023383383,-0.023346703,-0.024684008,-0.02341244,-0.023341697,-0.023338187,-0.023333479,-0.02481984,-0.023285497,-0.023383725,-0.02513409,-0.023311246,-0.024741206,-0.023329187
2021-03-26,-0.02525324,-0.02531961,-0.025329988,-0.026745688,-0.025342915,-0.02532709,-0.025356222,-0.025315937,-0.026662927,-0.025382187,-0.025307547,-0.025310952,-0.025306676,-0.026791912,-0.025270093,-0.025372703,-0.027105551,-0.025277209,-0.026721355,-0.025308054
2021-03-29,-0.025254097,-0.025314752,-0.02533118,-0.026745688,-0.025343109,-0.025335316,-0.025354017,-0.02531496,-0.026662927,-0.025386218,-0.025305945,-0.02530973,-0.025307808,-0.026791912,-0.02527069,-0.025377769,-0.027105551,-0.025263552,-0.026721355,-0.02530941
2021-03-30,-0.025248777,-0.02531175,-0.025325526,-0.026745688,-0.025343355,-0.025332648,-0.025349867,-0.025306452,-0.026662927,-0.025385398,-0.025303219,-0.025303025,-0.025303055,-0.026791912,-0.025263216,-0.025382992,-0.027105551,-0.025257844,-0.026721355,-0.025294919
2021-03-31,-0.025257636,-0.025312964,-0.025324669,-0.026745688,-0.025341924,-0.02533136,-0.02533434,-0.025309619,-0.026662927,-0.025382463,-0.025309894,-0.025302839,-0.025305051,-0.026791912,-0.025266211,-0.025392834,-0.027105551,-0.025253538,-0.026721355,-0.025291208
2021-04-01,-0.025258195,-0.02531616,-0.025333758,-0.026745688,-0.025342483,-0.025327962,-0.025348533,-0.025312398,-0.026662927,-0.025383148,-0.025310803,-0.02530061,-0.025306236,-0.026791912,-0.025255855,-0.025393639,-0.027105551,-0.025262166,-0.026721355,-0.02529234
2021-04-05,-0.025246996,-0.025314722,-0.025330465,-0.026745688,-0.025342863,-0.02532966,-0.025333185,-0.025306348,-0.026662927,-0.025383685,-0.025308754,-0.025297742,-0.025301974,-0.026791912,-0.025249023,-0.0253941,-0.027105551,-0.02525955,-0.026721355,-0.02528743
2021-04-06,-0.02524979,-0.025313076,-0.025324885,-0.026745688,-0.025343176,-0.025326472,-0.025348041,-0.025306758,-0.026662927,-0.025382388,-0.025317792,-0.025298331,-0.025303673,-0.026791912,-0.025254805,-0.025340255,-0.027105551,-0.025264595,-0.026721355,-0.02530041
2021-04-07,-0.02524979,-0.02531809,-0.025328811,-0.026745688,-0.025330108,-0.025289211,-0.025330681,-0.025316741,-0.026662927,-0.025361288,-0.025321085,-0.025301214,-0.02530605,-0.026791912,-0.02526262,-0.025344003,-0.027105551,-0.025275212,-0.026721355,-0.025307234
2021-04-08,-0.025256988,-0.025316086,-0.025335658,-0.026745688,-0.025328565,-0.025289137,-0.02533378,-0.025314208,-0.026662927,-0.025340643,-0.025317159,-0.025292497,-0.025301639,-0.026791912,-0.025259804,-0.025339853,-0.027105551,-0.02526686,-0.026721355,-0.025311444
2021-04-09,-0.025255267,-0.025320608,-0.025312986,-0.026745688,-0.025338616,-0.025305811,-0.025348496,-0.025314827,-0.026662927,-0.025358547,-0.025322739,-0.025295746,-0.025304753,-0.026791912,-0.025258299,-0.025310967,-0.027105551,-0.025299292,-0.026721355,-0.025312167
2021-04-12,-0.02644452,-0.02651434,-0.02650844,-0.027934577,-0.026530575,-0.026497122,-0.026540566,-0.026510086,-0.027851101,-0.026550528,-0.026514228,-0.026485462,-0.026488464,-0.027968828,-0.026456911,-0.026489425,-0.028277252,-0.026487436,-0.027910646,-0.026507173
2021-04-13,-0.025252875,-0.025308136,-0.02531537,-0.026745688,-0.025335621,-0.025308307,-0.025351774,-0.025313068,-0.026662927,-0.02536397,-0.02532639,-0.025303174,-0.025300492,-0.026791912,-0.025261048,-0.025307056,-0.027105551,-0.025301848,-0.026721355,-0.025311869
2021-04-14,-0.02229051,-0.022319455,-0.022332612,-0.023769889,-0.022371206,-0.022346202,-0.022387113,-0.022347014,-0.023687195,-0.022401255,-0.022365812,-0.022315804,-0.022337358,-0.02381466,-0.022294004,-0.022327345,-0.02411763,-0.022356313,-0.023744497,-0.022343773
2021-04-15,-0.025253464,-0.025282431,-0.025268171,-0.026745688,-0.02534132,-0.025306117,-0.025351163,-0.025311347,-0.026662927,-0.025367271,-0.025334548,-0.025289599,-0.025293496,-0.026791912,-0.025259402,-0.025307517,-0.027105551,-0.025324877,-0.026721355,-0.025302563
2021-04-16,-0.02224299,-0.022268604,-0.022267293,-0.02372675,-0.022325736,-0.022290047,-0.022344742,-0.022297274,-0.023641814,-0.022356976,-0.022322226,-0.022277627,-0.02228481,-0.023724277,-0.022243593,-0.022281218,-0.02397642,-0.02230179,-0.023702305,-0.022288237
2021-04-19,-0.022362877,-0.022391658,-0.022362996,-0.023842875,-0.022447411,-0.02241033,-0.022465404,-0.022414465,-0.023760539,-0.022474792,-0.02244347,-0.022408929,-0.02240548,-0.02389462,-0.022365954,-0.022391174,-0.024204377,-0.022422012,-0.02381752,-0.02240618
2021-04-20,-0.02525783,-0.02528705,-0.025270466,-0.026745688,-0.025340836,-0.025313538,-0.025360968,-0.025312413,-0.026662927,-0.025375959,-0.025337588,-0.025300797,-0.025302898,-0.026791912,-0.025256652,-0.025273036,-0.027105551,-0.02532303,-0.026721355,-0.025299143
2021-04-21,-0.022846442,-0.022880595,-0.022841003,-0.024330895,-0.022931304,-0.022906039,-0.022946466,-0.022901703,-0.02424873,-0.022970688,-0.022921372,-0.022898752,-0.022888456,-0.024388123,-0.022841606,-0.022856478,-0.024703484,-0.022919718,-0.02430557,-0.022882435
2021-04-22,-0.025257822,-0.0252789,-0.025244873,-0.026745688,-0.025325578,-0.0253128,-0.025354926,-0.025297556,-0.026662927,-0.025327098,-0.025328811,-0.025307018,-0.025298085,-0.026791912,-0.025251824,-0.02529535,-0.027105551,-0.025318708,-0.026721355,-0.02529839
2021-04-23,-0.025267888,-0.02529626,-0.025250208,-0.026745688,-0.02581751,-0.025321756,-0.025357556,-0.025294151,-0.026662927,-0.025372792,-0.025332246,-0.025310684,-0.025303792,-0.026791912,-0.025265235,-0.025277954,-0.027105551,-0.025304344,-0.026721355,-0.025298703
2021-04-26,-0.025270443,-0.02530792,-0.025249187,-0.026745688,-0.025487948,-0.02532227,-0.025355432,-0.025301758,-0.026662927,-0.0253711,-0.025338959,-0.02530818,-0.025305334,-0.026791912,-0.025261287,-0.025316391,-0.027105551,-0.025303293,-0.026721355,-0.025291447
2021-04-27,-0.025262322,-0.025307935,-0.025248941,-0.026745688,-0.025913406,-0.02534658,-0.02535287,-0.025296252,-0.026662927,-0.025332343,-0.025324669,-0.0253187,-0.025292393,-0.026791912,-0.025252286,-0.02535401,-0.027105551,-0.02531619,-0.026721355,-0.025295522
2021-04-28,-0.028429095,-0.028479125,-0.028420318,-0.029910754,-0.028703082,-0.028488707,-0.02851927,-0.028471489,-0.029827755,-0.028485063,-0.028490018,-0.02848911,-0.02846061,-0.029958013,-0.028416622,-0.028492521,-0.030292232,-0.028489817,-0.02988695,-0.028470214
2021-04-29,-0.03000943,-0.03006107,-0.029996533,-0.031494427,-0.030193988,-0.03007843,-0.03010152,-0.030057456,-0.031411212,-0.03006741,-0.03006788,-0.030066904,-0.030044656,-0.031540688,-0.029996578,-0.030094747,-0.031877104,-0.03008439,-0.031471174,-0.030042421
2021-04-30,-0.025261108,-0.025314923,-0.025289897,-0.026745688,-0.025385704,-0.025319736,-0.025353957,-0.02531514,-0.026662927,-0.025311183,-0.025317427,-0.025318395,-0.025298376,-0.026791912,-0.02525283,-0.025335785,-0.027105551,-0.025338028,-0.026721355,-0.025301952
2021-05-03,-0.025639657,-0.025688875,-0.025680173,-0.027123678,-0.026242163,-0.02570786,-0.025732737,-0.025651079,-0.027041148,-0.025695797,-0.025697578,-0.025700513,-0.025680702,-0.027175222,-0.025648158,-0.025723469,-0.027497072,-0.025708113,-0.02709924,-0.025679905
2021-05-04,-0.02353349,-0.023585167,-0.023573842,-0.025010686,-0.023766179,-0.02359898,-0.02361976,-0.023561988,-0.024928492,-0.023582254,-0.023588974,-0.023594458,-0.023570824,-0.02506468,-0.023526613,-0.023628574,-0.025381017,-0.02360272,-0.024985578,-0.023575518
2021-05-05,-0.025261093,-0.02532002,-0.025297191,-0.026745688,-0.025914017,-0.025333624,-0.02534965,-0.025306586,-0.026662927,-0.025319654,-0.025315832,-0.025324952,-0.025306713,-0.026791912,-0.02526791,-0.025375169,-0.027105551,-0.025343638,-0.026721355,-0.025317546
2021-05-06,-0.026099507,-0.026163217,-0.026133846,-0.027576212,-0.026388306,-0.026175585,-0.026194666,-0.02616458,-0.027494002,-0.026150461,-0.026155215,-0.026165161,-0.026139718,-0.027634066,-0.026102077,-0.026221622,-0.027974833,-0.026179228,-0.027551461,-0.026159484
2021-05-07,-0.02445243,-0.024507347,-0.0245062,-0.025943208,-0.025174621,-0.02452835,-0.024537522,-0.024519045,-0.025860298,-0.024499077,-0.024508823,-0.024511058,-0.02448352,-0.025986228,-0.024454948,-0.024576332,-0.026293632,-0.024522264,-0.025918659,-0.024510723
2021-05-10,-0.026744608,-0.026803512,-0.026803609,-0.028238658,-0.027040508,-0.026812185,-0.026841607,-0.02681164,-0.028155264,-0.026782792,-0.026802171,-0.026806299,-0.026760753,-0.028275583,-0.02674539,-0.026865762,-0.028586399,-0.0268193,-0.028214779,-0.026798915
2021-05-11,-0.025249902,-0.025306169,-0.025314558,-0.026745688,-0.025459316,-0.025323886,-0.02535155,-0.025312718,-0.026662927,-0.02529398,-0.02530675,-0.025318261,-0.025278065,-0.026791912,-0.025254246,-0.025367279,-0.027105551,-0.025323983,-0.026721355,-0.025310274
2021-05-12,-0.025252033,-0.025310878,-0.025320623,-0.026745688,-0.025389817,-0.025325548,-0.025357198,-0.025312278,-0.026662927,-0.025300693,-0.025310557,-0.025321823,-0.025286023,-0.026791912,-0.025251765,-0.025368448,-0.027105551,-0.025319304,-0.026721355,-0.025304046
2021-05-13,-0.028383832,-0.028439332,-0.028406966,-0.029873323,-0.028519634,-0.028456371,-0.028482702,-0.02844907,-0.029790763,-0.028410587,-0.02844197,-0.028442923,-0.028407265,-0.029928204,-0.02837829,-0.028509881,-0.030268218,-0.028470326,-0.02984951,-0.028435435
2021-05-14,-0.025262844,-0.025315087,-0.025302615,-0.026745688,-0.025360983,-0.025321204,-0.025360312,-0.025318112,-0.026662927,-0.025275778,-0.025317337,-0.025319401,-0.025287222,-0.026791912,-0.025251541,-0.025380861,-0.027105551,-0.025332343,-0.026721355,-0.025301691
2021-05-17,-0.025258671,-0.02531207,-0.02531119,-0.026745688,-0.025830265,-0.025316063,-0.025358293,-0.02532107,-0.026662927,-0.02527285,-0.025312316,-0.025313985,-0.025284905,-0.026791912,-0.025254313,-0.025369588,-0.027105551,-0.025325049,-0.026721355,-0.025307152
2021-05-18,-0.025261048,-0.025314372,-0.02530216,-0.026745688,-0.025482502,-0.025319126,-0.02535646,-0.025316384,-0.026662927,-0.025265884,-0.025308501,-0.025308486,-0.025289137,-0.026791912,-0.02525201,-0.02537473,-0.027105551,-0.025331188,-0.026721355,-0.025306392
2021-05-19,-0.025642235,-0.025693078,-0.025686149,-0.02712826,-0.025790337,-0.025691431,-0.025741663,-0.025700506,-0.027044889,-0.025649156,-0.02569152,-0.025686402,-0.025674526,-0.027163822,-0.025629323,-0.02575795,-0.027468253,-0.025714952,-0.027104188,-0.025672551
2021-05-20,-0.026864093,-0.026913274,-0.02689873,-0.028344993,-0.026965003,-0.026887689,-0.026962679,-0.026921127,-0.028260756,-0.026884425,-0.026913565,-0.026908856,-0.02689686,-0.028366078,-0.026836868,-0.026967172,-0.028662134,-0.02693275,-0.028321441,-0.026871014
2021-05-21,-0.025257993,-0.025309432,-0.025285635,-0.026745688,-0.02585448,-0.025274869,-0.025355767,-0.025317442,-0.026662927,-0.025263067,-0.025308874,-0.025294933,-0.025293741,-0.026791912,-0.025249597,-0.025352921,-0.027105551,-0.025339331,-0.026721355,-0.025291655
2021-05-24,-0.026142675,-0.026201095,-0.026183765,-0.02762996,-0.026375074,-0.026190225,-0.026244875,-0.026205275,-0.027547304,-0.026160348,-0.026197042,-0.026189823,-0.02617998,-0.027680207,-0.026145007,-0.026256312,-0.028003495,-0.026225086,-0.027605582,-0.026189279
2021-05-25,-0.02525637,-0.025307257,-0.02530979,-0.026745688,-0.025415506,-0.025290806,-0.025361124,-0.025323074,-0.026662927,-0.025275487,-0.025311593,-0.025305662,-0.025293607,-0.026791912,-0.025254626,-0.02536979,-0.027105551,-0.025331158,-0.026721355,-0.025300328
2021-05-26,-0.025251012,-0.025304686,-0.025311064,-0.026745688,-0.025871392,-0.025285076,-0.02535722,-0.025322158,-0.026662927,-0.025280338,-0.025309708,-0.025295507,-0.025284518,-0.026791912,-0.025258463,-0.025368568,-0.027105551,-0.025327,-0.026721355,-0.025301795
2021-05-27,-0.024842206,-0.02489138,-0.024892386,-0.026334692,-0.025116522,-0.024870101,-0.024945822,-0.024906602,-0.026251528,-0.024850275,-0.024901908,-0.024889018,-0.024876576,-0.026374105,-0.02484331,-0.024952445,-0.026679475,-0.02492391,-0.026310254,-0.024894092
2021-05-28,-0.025266673,-0.025322389,-0.025313769,-0.026745688,-0.025425438,-0.025314216,-0.025365364,-0.02531686,-0.026662927,-0.025273878,-0.025320973,-0.025314014,-0.02530751,-0.026791912,-0.02528276,-0.025378395,-0.027105551,-0.025326934,-0.026721355,-0.025309939
2021-06-01,-0.02525973,-0.02532139,-0.025326107,-0.026745688,-0.02537917,-0.025318522,-0.025364775,-0.02531359,-0.026662927,-0.025270212,-0.025317285,-0.025311533,-0.025301527,-0.026791912,-0.025259744,-0.025379378,-0.027105551,-0.025308583,-0.026721355,-0.025310915
2021-06-02,-0.025272768,-0.02531812,-0.025308777,-0.026745688,-0.025362972,-0.025330972,-0.025367897,-0.025308255,-0.026662927,-0.025291499,-0.025322821,-0.025315758,-0.025307003,-0.026791912,-0.025266219,-0.025381666,-0.027105551,-0.025318611,-0.026721355,-0.025306005
2021-06-03,-0.026220072,-0.026274856,-0.026248705,-0.027701464,-0.026787814,-0.026290152,-0.026320647,-0.026266742,-0.02761833,-0.026235964,-0.026276838,-0.02627993,-0.026254337,-0.02774198,-0.026231464,-0.026341926,-0.028057586,-0.026292305,-0.027677301,-0.02626561
2021-06-04,-0.025266174,-0.025316518,-0.025309,-0.026745688,-0.025996085,-0.02533098,-0.025370147,-0.025309753,-0.026662927,-0.025292385,-0.025322732,-0.025328089,-0.025304358,-0.026791912,-0.025272246,-0.025384817,-0.027105551,-0.025314394,-0.026721355,-0.025305752
2021-06-07,-0.027406666,-0.027444977,-0.027462285,-0.02887376,-0.027721044,-0.027469132,-0.027505,-0.027448464,-0.028791394,-0.02742571,-0.027460586,-0.027444076,-0.027433585,-0.028929334,-0.027395565,-0.027521346,-0.029271547,-0.027436335,-0.028849576,-0.02745029
2021-06-08,-0.025270727,-0.025308501,-0.02531157,-0.026745688,-0.025492635,-0.025314633,-0.02536868,-0.025309172,-0.026662927,-0.025291953,-0.025319587,-0.025331903,-0.025296237,-0.026791912,-0.025259066,-0.02538037,-0.027105551,-0.025313195,-0.026721355,-0.025308464
2021-06-09,-0.025294397,-0.02531014,-0.025309,-0.026745688,-0.025427561,-0.025313284,-0.02537581,-0.025307696,-0.026662927,-0.025309976,-0.025325533,-0.025328498,-0.02531578,-0.026791912,-0.0252535,-0.025382701,-0.027105551,-0.025318813,-0.026721355,-0.025313284
2021-06-10,-0.030810963,-0.030842926,-0.030834775,-0.03227884,-0.030956272,-0.03086057,-0.030909795,-0.030822318,-0.03219601,-0.030835655,-0.030862238,-0.030889947,-0.030847024,-0.032330703,-0.030792627,-0.03091054,-0.032681566,-0.030851517,-0.032255586,-0.03085037
2021-06-11,-0.025264885,-0.025306221,-0.025309693,-0.026745688,-0.025380235,-0.02531952,-0.025371473,-0.025299769,-0.026662927,-0.025298875,-0.025324125,-0.025320496,-0.025307376,-0.026791912,-0.025258634,-0.025376644,-0.027105551,-0.02530982,-0.026721355,-0.025311504
2021-06-14,-0.027577724,-0.027639855,-0.027611058,-0.029050518,-0.027690109,-0.02764931,-0.027687002,-0.027627293,-0.028968435,-0.027611312,-0.02764355,-0.027626928,-0.027630795,-0.029112276,-0.027612519,-0.02770098,-0.029465694,-0.027631674,-0.02902611,-0.027631339
2021-06-15,-0.025264744,-0.025308471,-0.025322568,-0.026745688,-0.025342051,-0.025309686,-0.025369745,-0.025307205,-0.026662927,-0.025288422,-0.025325026,-0.025270116,-0.025313515,-0.026791912,-0.025258634,-0.025377583,-0.027105551,-0.02529836,-0.026721355,-0.025311429
2021-06-16,-0.022450443,-0.022499148,-0.02249584,-0.023921054,-0.02253839,-0.022513453,-0.022554833,-0.02249344,-0.023838881,-0.02246939,-0.02251194,-0.022487205,-0.02249923,-0.023977082,-0.022438627,-0.022566434,-0.024293322,-0.022504043,-0.023895573,-0.022495378
2021-06-17,-0.025600981,-0.02565499,-0.025657501,-0.027083252,-0.025678996,-0.025673028,-0.025701847,-0.02564976,-0.02700017,-0.025620412,-0.025662001,-0.025631715,-0.025649402,-0.027124655,-0.02559441,-0.025724124,-0.027436424,-0.025659498,-0.027059,-0.025648128
2021-06-18,-0.027494404,-0.02753416,-0.027552675,-0.028979857,-0.027561415,-0.027529519,-0.02759422,-0.02753583,-0.028897163,-0.027507503,-0.027548421,-0.02753659,-0.027544815,-0.029034156,-0.027480956,-0.027601141,-0.029364463,-0.027534846,-0.028955784,-0.02753364
2021-06-21,-0.027201455,-0.027257118,-0.027257632,-0.028679017,-0.02725694,-0.027254302,-0.027302448,-0.027245935,-0.02859598,-0.027212817,-0.02725723,-0.027240526,-0.027253587,-0.028724138,-0.027188946,-0.027314883,-0.029047277,-0.027244102,-0.028655048,-0.027237628
2021-06-22,-0.0252839,-0.02536774,-0.025300186,-0.026745688,-0.025328595,-0.025306325,-0.025347482,-0.025302928,-0.026662927,-0.025295433,-0.02532271,-0.025316339,-0.025324967,-0.026791912,-0.025258143,-0.025379214,-0.027105551,-0.025300693,-0.026721355,-0.025305714
2021-06-23,-0.025274266,-0.025381904,-0.025312427,-0.026745688,-0.02532814,-0.025340121,-0.025353398,-0.025305394,-0.026662927,-0.025296148,-0.025320362,-0.025314335,-0.025319498,-0.026791912,-0.025273476,-0.025379654,-0.027105551,-0.025283795,-0.026721355,-0.025305051
2021-06-24,-0.0243452,-0.0244128,-0.024397109,-0.025817212,-0.024403352,-0.024408478,-0.024439733,-0.024388153,-0.02573451,-0.024375487,-0.024399389,-0.02439173,-0.024393644,-0.025862183,-0.024352271,-0.024455432,-0.026174847,-0.024349194,-0.025792468,-0.02438644
2021-06-25,-0.027673263,-0.027766552,-0.027732868,-0.029158931,-0.027738284,-0.027745146,-0.027773108,-0.02771524,-0.029076297,-0.027710836,-0.027731236,-0.027721975,-0.027726848,-0.029210482,-0.027673248,-0.02778953,-0.029542062,-0.027690697,-0.02913503,-0.027719844
2021-06-28,-0.025259744,-0.025351133,-0.02533881,-0.026745688,-0.025328938,-0.025339331,-0.025357936,-0.025297824,-0.026662927,-0.025288444,-0.025280897,-0.025293399,-0.025284562,-0.026791912,-0.025247682,-0.025374759,-0.027105551,-0.025234845,-0.026721355,-0.025307845
2021-06-29,-0.025261696,-0.025280159,-0.02533139,-0.026745688,-0.025318224,-0.02534442,-0.025362898,-0.025244597,-0.026662927,-0.025294382,-0.025309991,-0.025303233,-0.025299158,-0.026791912,-0.025250856,-0.025345813,-0.027105551,-0.025305059,-0.026721355,-0.02530745
2021-06-30,-0.025259066,-0.025306921,-0.025318865,-0.026745688,-0.025365915,-0.025313985,-0.025360297,-0.025295641,-0.026662927,-0.025292035,-0.025308806,-0.025303256,-0.02529588,-0.026791912,-0.025281873,-0.025361564,-0.027105551,-0.025331918,-0.026721355,-0.025315698
2021-07-01,-0.02454811,-0.024599288,-0.024620768,-0.026031572,-0.024638418,-0.024622884,-0.024646614,-0.02459747,-0.025948774,-0.024564836,-0.024605367,-0.024588328,-0.024589274,-0.026077624,-0.024543684,-0.024669807,-0.026391145,-0.024627965,-0.026006851,-0.024556037
2021-07-02,-0.028754089,-0.028801467,-0.028831702,-0.030238036,-0.028828513,-0.028828565,-0.028836977,-0.02880245,-0.030154418,-0.028780367,-0.028797667,-0.028796453,-0.0287919,-0.0302728,-0.028763253,-0.028873663,-0.030593079,-0.028820638,-0.030214664,-0.028761562
2021-07-06,-0.025259394,-0.02541798,-0.025333893,-0.026745688,-0.025816847,-0.025337208,-0.025351416,-0.02530868,-0.026662927,-0.02527697,-0.025314104,-0.025295269,-0.025297571,-0.026791912,-0.025321174,-0.0253244,-0.027105551,-0.02527279,-0.026721355,-0.025283653
2021-07-07,-0.025257338,-0.025448617,-0.025327701,-0.026745688,-0.026008185,-0.025326174,-0.025358874,-0.025311138,-0.026662927,-0.025290553,-0.02531283,-0.025300022,-0.025303554,-0.026791912,-0.02532975,-0.025322948,-0.027105551,-0.025294755,-0.026721355,-0.025292818
2021-07-08,-0.02517743,-0.025377866,-0.02528065,-0.026663784,-0.026052725,-0.025251854,-0.025277402,-0.025234405,-0.026579242,-0.02520414,-0.025235873,-0.02522241,-0.025222864,-0.026675154,-0.025249105,-0.02524219,-0.02695388,-0.025226917,-0.026639897,-0.025210414
2021-07-09,-0.025256041,-0.025283951,-0.025362905,-0.026745688,-0.025660198,-0.02533317,-0.025357034,-0.025310833,-0.026662927,-0.025289852,-0.025317807,-0.025306206,-0.025308412,-0.026791912,-0.025313143,-0.025322404,-0.027105551,-0.025320712,-0.026721355,-0.025298413
2021-07-12,-0.025761444,-0.025944572,-0.025869366,-0.027250301,-0.026834149,-0.025835808,-0.02586643,-0.025804523,-0.02716643,-0.025799718,-0.025824938,-0.02581602,-0.025813725,-0.02727526,-0.025819246,-0.02582967,-0.027571607,-0.025835153,-0.027226333,-0.025812697
2021-07-13,-0.025252227,-0.025450852,-0.025353316,-0.026745688,-0.026411105,-0.025319535,-0.025358025,-0.025251921,-0.026662927,-0.025289599,-0.025316607,-0.025307808,-0.0253071,-0.026791912,-0.025294583,-0.025298912,-0.027105551,-0.025322612,-0.026721355,-0.02528425
2021-07-14,-0.025253762,-0.025328416,-0.02536456,-0.026745688,-0.02562109,-0.02532157,-0.02535646,-0.025274772,-0.026662927,-0.025290024,-0.025318448,-0.025310408,-0.02529871,-0.026791912,-0.025293496,-0.025321346,-0.027105551,-0.025325555,-0.026721355,-0.025284503
2021-07-15,-0.019332472,-0.01938584,-0.019435946,-0.02079643,-0.019531,-0.01937757,-0.019424696,-0.019360375,-0.020710725,-0.019363645,-0.019384202,-0.019380432,-0.019370113,-0.020774987,-0.019339923,-0.019409042,-0.020994809,-0.019407962,-0.020771671,-0.019359779
2021-07-16,-0.02525789,-0.025332239,-0.025373098,-0.026745688,-0.025406089,-0.025310766,-0.025353614,-0.02529623,-0.026662927,-0.02529106,-0.025317702,-0.025309104,-0.025299657,-0.026791912,-0.025265958,-0.025323387,-0.027105551,-0.025348116,-0.026721355,-0.025291946
2021-07-19,-0.022815946,-0.022887226,-0.022932801,-0.024303231,-0.022977013,-0.022869106,-0.022916343,-0.022846129,-0.024219487,-0.022849817,-0.022875015,-0.022864927,-0.022857804,-0.024327908,-0.022828769,-0.022867288,-0.02460793,-0.02291223,-0.024278622,-0.022859622
2021-07-20,-0.025254916,-0.02532741,-0.025378134,-0.026745688,-0.025363665,-0.025309976,-0.025358912,-0.02529781,-0.026662927,-0.025289055,-0.02531651,-0.025308464,-0.025297005,-0.026791912,-0.025271695,-0.025298115,-0.027105551,-0.025354106,-0.026721355,-0.025305022
2021-07-21,-0.025257614,-0.025379244,-0.025380436,-0.026745688,-0.025368307,-0.025310311,-0.025360998,-0.025297131,-0.026662927,-0.02529044,-0.025321726,-0.025305089,-0.025302727,-0.026791912,-0.025282856,-0.025278758,-0.027105551,-0.025348764,-0.026721355,-0.025311936
2021-07-22,-0.021292944,-0.02128819,-0.021396343,-0.022773977,-0.021314356,-0.021341573,-0.021385778,-0.021319594,-0.02269094,-0.021312054,-0.021344032,-0.021329734,-0.02132396,-0.02280945,-0.021315034,-0.021333572,-0.0230917,-0.021378305,-0.022748861,-0.021319095
2021-07-23,-0.025251452,-0.025369976,-0.025374826,-0.026745688,-0.02534606,-0.025315303,-0.02535842,-0.025291424,-0.026662927,-0.025279198,-0.025316063,-0.025302093,-0.025298398,-0.026791912,-0.025299098,-0.025300074,-0.027105551,-0.02534486,-0.026721355,-0.02530602
2021-07-26,-0.025253985,-0.02534454,-0.025370557,-0.026745688,-0.02529965,-0.025310766,-0.025352981,-0.025283273,-0.026662927,-0.025278714,-0.02531543,-0.025302555,-0.025290828,-0.026791912,-0.02527811,-0.025268886,-0.027105551,-0.025354397,-0.026721355,-0.025304269
2021-07-27,-0.02525517,-0.025259558,-0.025370765,-0.026745688,-0.02527761,-0.025320198,-0.025356952,-0.025294166,-0.026662927,-0.025282186,-0.025318075,-0.025302377,-0.025293995,-0.026791912,-0.025314037,-0.025270637,-0.027105551,-0.025336575,-0.026721355,-0.025290217
2021-07-28,-0.025246363,-0.025294263,-0.02536441,-0.026745688,-0.025263194,-0.025320176,-0.025356349,-0.025293265,-0.026662927,-0.025272887,-0.025312666,-0.025297869,-0.025294181,-0.026791912,-0.025307182,-0.025252093,-0.027105551,-0.025343943,-0.026721355,-0.025304753
2021-07-29,-0.02742223,-0.027509954,-0.02753352,-0.028913733,-0.027477395,-0.027487796,-0.027524289,-0.027468007,-0.028829616,-0.027446005,-0.02748501,-0.027471978,-0.027466942,-0.028936204,-0.02746861,-0.027431775,-0.029236298,-0.02752069,-0.028890278,-0.027473886
2021-07-30,-0.025266413,-0.025334354,-0.025360491,-0.026745688,-0.025367673,-0.025319789,-0.02535734,-0.025305968,-0.026662927,-0.025292058,-0.025315832,-0.025304753,-0.025300447,-0.026791912,-0.0253057,-0.025271315,-0.027105551,-0.025343787,-0.026721355,-0.02528378
2021-08-02,-0.025894787,-0.026010696,-0.025957953,-0.02738979,-0.025975328,-0.025968876,-0.025999676,-0.025943477,-0.02730688,-0.025917735,-0.025959332,-0.0259323,-0.025937062,-0.027433712,-0.02594116,-0.025899429,-0.027748454,-0.025930066,-0.027365621,-0.025926385
2021-08-03,-0.019334938,-0.019419927,-0.019435074,-0.020813461,-0.019379947,-0.019392822,-0.019436393,-0.019368526,-0.020727854,-0.019359056,-0.019392762,-0.019349229,-0.019366276,-0.020795118,-0.019363817,-0.01933593,-0.021018427,-0.019373234,-0.020788487,-0.019374866
2021-08-04,-0.029969532,-0.030091416,-0.030048441,-0.031465907,-0.03005306,-0.030033287,-0.030079056,-0.03002419,-0.03138314,-0.030013692,-0.030034687,-0.030014183,-0.030009795,-0.031520147,-0.029984187,-0.029990789,-0.031865913,-0.030052755,-0.031442594,-0.030028302
2021-08-05,-0.025248382,-0.025371145,-0.02529588,-0.026745688,-0.025320318,-0.025313903,-0.025358412,-0.025301721,-0.026662927,-0.025291111,-0.025311884,-0.025288511,-0.025275242,-0.026791912,-0.02525581,-0.02526502,-0.027105551,-0.025344301,-0.026721355,-0.025308024
2021-08-06,-0.025264692,-0.025380168,-0.025300372,-0.026745688,-0.025340725,-0.025308598,-0.025358614,-0.025303993,-0.026662927,-0.02529576,-0.02531406,-0.025297452,-0.02527934,-0.026791912,-0.025259454,-0.025271762,-0.027105551,-0.025338475,-0.026721355,-0.025310379
2021-08-09,-0.025447596,-0.025515664,-0.025474403,-0.026919294,-0.025479104,-0.025494214,-0.025537606,-0.025488343,-0.02683689,-0.02547295,-0.025501411,-0.025488857,-0.0254605,-0.026972566,-0.025463331,-0.025457185,-0.027301777,-0.02552263,-0.026894573,-0.025460113
2021-08-10,-0.025268558,-0.025354538,-0.025266137,-0.026745688,-0.02537198,-0.025308613,-0.025361579,-0.025309365,-0.026662927,-0.025290284,-0.025319334,-0.02531192,-0.025285792,-0.026791912,-0.025263343,-0.025266271,-0.027105551,-0.025352154,-0.026721355,-0.025285486
2021-08-11,-0.029486064,-0.029568117,-0.029516805,-0.030972678,-0.029612232,-0.029533733,-0.02958807,-0.029531088,-0.030889686,-0.02951644,-0.02954423,-0.02953365,-0.029516328,-0.031021368,-0.029491272,-0.029488783,-0.03135864,-0.02957062,-0.030949224,-0.029501032
2021-08-12,-0.025258686,-0.025331479,-0.025278714,-0.026745688,-0.025327902,-0.025309455,-0.025362182,-0.025309283,-0.026662927,-0.02528188,-0.02531999,-0.025315661,-0.025293913,-0.026791912,-0.025287416,-0.025289837,-0.027105551,-0.025339942,-0.026721355,-0.02527656
2021-08-13,-0.024190571,-0.024302464,-0.024209064,-0.02566788,-0.024263602,-0.024239246,-0.024294067,-0.024240684,-0.025585342,-0.024198335,-0.024248164,-0.024247456,-0.024231944,-0.025717508,-0.024199683,-0.024200607,-0.026035082,-0.024275053,-0.025642987,-0.024204653
2021-08-16,-0.025373135,-0.02549677,-0.02538934,-0.026859265,-0.025459927,-0.025419738,-0.025481086,-0.025422897,-0.026775848,-0.025386471,-0.02542976,-0.025431234,-0.02541427,-0.026894365,-0.025379244,-0.025380928,-0.027199794,-0.025466274,-0.026834961,-0.025403019
2021-08-17,-0.025259737,-0.025373261,-0.025280755,-0.026745688,-0.02533545,-0.025305342,-0.025359739,-0.025307003,-0.026662927,-0.025274243,-0.025316563,-0.025316264,-0.025300737,-0.026791912,-0.025279712,-0.025266271,-0.027105551,-0.02535088,-0.026721355,-0.025298271
2021-08-18,-0.025256064,-0.025336426,-0.025292572,-0.026745688,-0.02529471,-0.02531444,-0.02535661,-0.02530538,-0.026662927,-0.025271777,-0.025316965,-0.025310945,-0.025290024,-0.026791912,-0.025330577,-0.025262918,-0.027105551,-0.025349062,-0.026721355,-0.025298323
2021-08-19,-0.027986925,-0.028047714,-0.0280183,-0.02946734,-0.02801675,-0.028038237,-0.02808271,-0.02803344,-0.029384632,-0.028000716,-0.028044466,-0.028039973,-0.028022598,-0.029519062,-0.028067525,-0.02798557,-0.02985565,-0.02807067,-0.029443432,-0.027998436
2021-08-20,-0.025261272,-0.025257204,-0.02529649,-0.026745688,-0.025266517,-0.025314625,-0.025359955,-0.025310058,-0.026662927,-0.025275234,-0.02531891,-0.025313381,-0.025301058,-0.026791912,-0.025349867,-0.025272097,-0.027105551,-0.025345799,-0.026721355,-0.025292192
2021-08-23,-0.026823211,-0.02692027,-0.026861567,-0.028306436,-0.0268876,-0.026879188,-0.026921306,-0.026865494,-0.028223608,-0.02684411,-0.026885074,-0.026865888,-0.026860338,-0.028356176,-0.026923317,-0.026809577,-0.028684292,-0.026916068,-0.028282251,-0.02686916
2021-08-24,-0.025255505,-0.025283854,-0.025300752,-0.026745688,-0.025298815,-0.025316145,-0.025354866,-0.025304768,-0.026662927,-0.0252848,-0.025315758,-0.025298405,-0.025294472,-0.026791912,-0.025324892,-0.025259335,-0.027105551,-0.025349814,-0.026721355,-0.025290404
2021-08-25,-0.02436677,-0.024418522,-0.024383124,-0.025813553,-0.02438208,-0.024403285,-0.024449874,-0.024399381,-0.02573112,-0.02437837,-0.024411026,-0.02440558,-0.024382275,-0.0258645,-0.024397891,-0.024380777,-0.026191209,-0.02444015,-0.025788423,-0.024390724
2021-08-26,-0.024873536,-0.02489442,-0.024912525,-0.02633534,-0.024896521,-0.024909314,-0.024959411,-0.024902288,-0.026252653,-0.024890829,-0.024922695,-0.024917234,-0.024891432,-0.026383478,-0.024886172,-0.024857517,-0.026701402,-0.024941381,-0.026310634,-0.02487148
2021-08-27,-0.029488359,-0.029525477,-0.029548537,-0.0309514,-0.029544827,-0.029517759,-0.029572923,-0.029516507,-0.030868422,-0.029495623,-0.029534388,-0.029528301,-0.02951606,-0.030999262,-0.02947561,-0.029499266,-0.03133824,-0.029533174,-0.030927923,-0.029488247
2021-08-30,-0.025263596,-0.025418106,-0.025331955,-0.026745688,-0.025804196,-0.02531695,-0.025361005,-0.025307994,-0.026662927,-0.02527662,-0.02532224,-0.02531493,-0.025305498,-0.026791912,-0.025288437,-0.025273312,-0.027105551,-0.025336463,-0.026721355,-0.025296774
2021-08-31,-0.02435064,-0.024391819,-0.024393763,-0.02581646,-0.024558652,-0.024393175,-0.024436656,-0.024385873,-0.025733773,-0.024354879,-0.024397466,-0.02439246,-0.024375264,-0.02586333,-0.024385642,-0.024385992,-0.026173946,-0.02440982,-0.025791805,-0.024368841
2021-09-01,-0.024458397,-0.02446961,-0.024505544,-0.025937114,-0.024594847,-0.024507288,-0.024555374,-0.024502974,-0.025854822,-0.024471384,-0.024517428,-0.024511468,-0.024492536,-0.02599192,-0.02452362,-0.024455216,-0.026310984,-0.024532165,-0.02591231,-0.024490688
2021-09-02,-0.025264341,-0.025302466,-0.025280204,-0.026745688,-0.025372345,-0.025321696,-0.025359605,-0.0253114,-0.026662927,-0.02527592,-0.02532326,-0.025317583,-0.025303807,-0.026791912,-0.025334839,-0.02530012,-0.027105551,-0.025345903,-0.026721355,-0.025292773
2021-09-03,-0.025262427,-0.02526142,-0.025302779,-0.026745688,-0.025358375,-0.025327694,-0.025357794,-0.025308203,-0.026662927,-0.025263,-0.025322478,-0.025311638,-0.025307018,-0.026791912,-0.025332,-0.02529573,-0.027105551,-0.025334504,-0.026721355,-0.025277141
2021-09-07,-0.023367796,-0.023400482,-0.023397263,-0.024821084,-0.02391627,-0.023398224,-0.023458328,-0.02341288,-0.024739128,-0.023361232,-0.02342258,-0.023411948,-0.023402479,-0.02487896,-0.02338535,-0.023411062,-0.02521072,-0.023429755,-0.024795491,-0.023365106
2021-09-08,-0.025262814,-0.025299419,-0.025330361,-0.026745688,-0.025461454,-0.025308263,-0.02536137,-0.025311407,-0.026662927,-0.025270049,-0.025321182,-0.025314894,-0.025300425,-0.026791912,-0.025324028,-0.025287572,-0.027105551,-0.025314685,-0.026721355,-0.025287699
2021-09-09,-0.025258165,-0.025305476,-0.025320914,-0.026745688,-0.025429655,-0.025309931,-0.025357645,-0.025315609,-0.026662927,-0.025269452,-0.02531651,-0.025311682,-0.025297131,-0.026791912,-0.025326204,-0.02530532,-0.027105551,-0.025333595,-0.026721355,-0.025290895
2021-09-10,-0.023215126,-0.023265686,-0.023270983,-0.024666194,-0.02338541,-0.023284938,-0.023312572,-0.023271289,-0.024584133,-0.023224082,-0.023279157,-0.023272227,-0.02325878,-0.02472039,-0.023291934,-0.02323911,-0.025056396,-0.023295928,-0.024640348,-0.023254868
2021-09-13,-0.025262903,-0.025309179,-0.025319424,-0.026745688,-0.02537262,-0.02531175,-0.02535836,-0.025312033,-0.026662927,-0.025273588,-0.025319863,-0.025309023,-0.025298286,-0.026791912,-0.025302853,-0.025308732,-0.027105551,-0.025332075,-0.026721355,-0.025280628
2021-09-14,-0.025267784,-0.025309,-0.025288802,-0.026745688,-0.02538022,-0.025320787,-0.025359344,-0.025309686,-0.026662927,-0.025281336,-0.02532084,-0.025356535,-0.025302496,-0.026791912,-0.025302451,-0.025320608,-0.027105551,-0.025300238,-0.026721355,-0.025274564
2021-09-15,-0.022057857,-0.022104766,-0.022068609,-0.023553673,-0.022126932,-0.022107448,-0.02215403,-0.022106562,-0.023471136,-0.022069808,-0.022109907,-0.022088919,-0.022089723,-0.023602199,-0.02210999,-0.02208348,-0.023894083,-0.022131275,-0.023528706,-0.0220722
2021-09-16,-0.024082866,-0.024127532,-0.024100509,-0.025559578,-0.024185669,-0.024143282,-0.024177741,-0.024127867,-0.025476832,-0.024094108,-0.02413052,-0.02410886,-0.024118144,-0.025606196,-0.024128769,-0.024139311,-0.025918495,-0.0241048,-0.025534745,-0.024097282
2021-09-17,-0.024567332,-0.024669047,-0.024585526,-0.02602524,-0.024697099,-0.024631534,-0.024661135,-0.024618763,-0.025942978,-0.02458341,-0.024618085,-0.024597,-0.024608579,-0.026079465,-0.02461731,-0.02459446,-0.026415762,-0.02463558,-0.025999945,-0.024576884
2021-09-20,-0.025268573,-0.025428582,-0.025295164,-0.026745688,-0.025862072,-0.025326218,-0.025360364,-0.02531581,-0.026662927,-0.025270391,-0.025312979,-0.025309455,-0.02530719,-0.026791912,-0.025332663,-0.025295097,-0.027105551,-0.025331695,-0.026721355,-0.02526598
2021-09-21,-0.025265034,-0.025322024,-0.025267985,-0.026745688,-0.025497336,-0.025322821,-0.025358919,-0.025312606,-0.026662927,-0.025281686,-0.02531198,-0.025336314,-0.02530307,-0.026791912,-0.025329296,-0.025300246,-0.027105551,-0.02534442,-0.026721355,-0.025278147
2021-09-22,-0.025260787,-0.025315892,-0.02526163,-0.026745688,-0.025408108,-0.025316093,-0.025352944,-0.025309864,-0.026662927,-0.025282566,-0.025313336,-0.025350224,-0.025305104,-0.026791912,-0.025318366,-0.025289822,-0.027105551,-0.02535325,-0.026721355,-0.025290277
2021-09-23,-0.025264438,-0.025315907,-0.025273155,-0.026745688,-0.025436062,-0.025328305,-0.025358912,-0.025313754,-0.026662927,-0.025277365,-0.025310587,-0.025339369,-0.025304,-0.026791912,-0.025311854,-0.025289249,-0.027105551,-0.025355142,-0.026721355,-0.025290895
2021-09-24,-0.025174718,-0.025262628,-0.02517737,-0.026654545,-0.025301848,-0.025221948,-0.025271874,-0.025229055,-0.026571963,-0.025195222,-0.025229055,-0.025263142,-0.025223065,-0.026704688,-0.025232185,-0.02520058,-0.027026642,-0.025270548,-0.026629891,-0.025212351
2021-09-27,-0.024767261,-0.024818037,-0.024777662,-0.02625442,-0.02489106,-0.024829555,-0.024868395,-0.024817776,-0.026171412,-0.024794068,-0.02482472,-0.024876576,-0.024817836,-0.026297878,-0.02483577,-0.024789471,-0.026607249,-0.024868999,-0.026229922,-0.024808813
2021-09-28,-0.025261384,-0.025368806,-0.025290351,-0.026745688,-0.02538566,-0.02529366,-0.025356445,-0.02531067,-0.026662927,-0.025281128,-0.025318917,-0.025318492,-0.02530929,-0.026791912,-0.025266137,-0.02531005,-0.027105551,-0.025352623,-0.026721355,-0.025298353
2021-09-29,-0.026740883,-0.026861709,-0.026780847,-0.028227199,-0.026890565,-0.026780788,-0.026839953,-0.026801508,-0.0281449,-0.026768852,-0.026799198,-0.026799079,-0.026791137,-0.028284464,-0.026741486,-0.02678961,-0.02861977,-0.026823375,-0.02820288,-0.0267904
2021-09-30,-0.024025511,-0.024063181,-0.024076086,-0.025504615,-0.024107765,-0.02406026,-0.024120558,-0.024073478,-0.025422301,-0.024051454,-0.024079692,-0.024075326,-0.024073604,-0.025557783,-0.024015483,-0.024049725,-0.025874626,-0.0240901,-0.02547976,-0.02405547
2021-10-01,-0.024507497,-0.024572793,-0.02455813,-0.025993671,-0.024615843,-0.024560515,-0.024613667,-0.024565976,-0.025910158,-0.024523702,-0.024565678,-0.024561811,-0.024560068,-0.026024345,-0.024515774,-0.024519522,-0.026320402,-0.024587031,-0.025969233,-0.024560157
2021-10-04,-0.025253017,-0.02530701,-0.025291722,-0.026745688,-0.025340918,-0.025304426,-0.025358807,-0.025309842,-0.026662927,-0.025275137,-0.02531341,-0.025310207,-0.025308449,-0.026791912,-0.025254887,-0.025253993,-0.027105551,-0.025341187,-0.026721355,-0.02530175
2021-10-05,-0.025261324,-0.025307875,-0.025309775,-0.026745688,-0.025388088,-0.025306422,-0.025360469,-0.025319789,-0.026662927,-0.025287975,-0.025314245,-0.025309976,-0.02531306,-0.026791912,-0.025249582,-0.025267158,-0.027105551,-0.025333446,-0.026721355,-0.025298808
2021-10-06,-0.028148193,-0.028198164,-0.028196525,-0.02963848,-0.028263953,-0.028194662,-0.028252926,-0.02820548,-0.029555988,-0.02818137,-0.028207514,-0.028179545,-0.028211337,-0.029693704,-0.028148372,-0.028148282,-0.030032996,-0.028229114,-0.029614653,-0.028196301
2021-10-07,-0.024410773,-0.024468068,-0.024452712,-0.025877077,-0.024540957,-0.024463031,-0.024515431,-0.024477895,-0.02579498,-0.024424646,-0.02447221,-0.024448011,-0.024464954,-0.025932904,-0.024416689,-0.024422135,-0.026270125,-0.02449425,-0.025851663,-0.024472158
2021-10-08,-0.024285715,-0.024344359,-0.024329994,-0.025772829,-0.024429027,-0.024338763,-0.02439436,-0.024352055,-0.025690038,-0.0243073,-0.024348821,-0.024336886,-0.024338182,-0.025816504,-0.024291936,-0.024292324,-0.02612773,-0.02437457,-0.02574807,-0.024345044
2021-10-11,-0.025864486,-0.025913175,-0.02589738,-0.02733117,-0.026018042,-0.025914785,-0.0259648,-0.025920074,-0.027248401,-0.025876936,-0.02592073,-0.02590919,-0.025915105,-0.027376767,-0.02589133,-0.025880497,-0.027703736,-0.025933865,-0.027306598,-0.02591816
2021-10-12,-0.022203531,-0.022249188,-0.022242349,-0.023684304,-0.022316169,-0.022216897,-0.022309747,-0.022264984,-0.023599956,-0.022218246,-0.022259552,-0.022223737,-0.022248928,-0.02369399,-0.022202384,-0.02221505,-0.023958411,-0.022278909,-0.023659665,-0.022253398
2021-10-13,-0.025254738,-0.025309596,-0.025300857,-0.026745688,-0.02538884,-0.025289644,-0.025358249,-0.025320958,-0.026662927,-0.025263187,-0.02531584,-0.02527025,-0.025296893,-0.026791912,-0.025276136,-0.025276337,-0.027105551,-0.025330056,-0.026721355,-0.025316399
2021-10-14,-0.025255967,-0.025294919,-0.02530082,-0.026745688,-0.025373299,-0.02533194,-0.02536295,-0.025316354,-0.026662927,-0.025264617,-0.025317986,-0.025299076,-0.025305081,-0.026791912,-0.025274638,-0.025278922,-0.027105551,-0.025332067,-0.026721355,-0.025321681
2021-10-15,-0.02449261,-0.024541508,-0.0245145,-0.025967423,-0.024595778,-0.024516586,-0.024596717,-0.02453975,-0.02588505,-0.024503928,-0.024551328,-0.02451102,-0.024536688,-0.026020508,-0.024507102,-0.024521898,-0.026346225,-0.024570908,-0.025942389,-0.024556149
2021-10-18,-0.025260556,-0.025313783,-0.025290642,-0.026748482,-0.025384363,-0.025298532,-0.02536748,-0.025289606,-0.026666138,-0.025272805,-0.025324497,-0.025310379,-0.025306229,-0.026803348,-0.025287438,-0.025291685,-0.02712768,-0.025332097,-0.026723888,-0.025317963
2021-10-19,-0.025254603,-0.025307845,-0.025278244,-0.026745688,-0.025356237,-0.02527498,-0.025360014,-0.025287297,-0.026662927,-0.02526329,-0.025309686,-0.025306385,-0.025304269,-0.026791912,-0.025263678,-0.025287766,-0.027105551,-0.025333557,-0.026721355,-0.025309552
2021-10-20,-0.025262792,-0.025313508,-0.025298614,-0.026745688,-0.025338609,-0.02529503,-0.025364112,-0.025302071,-0.026662927,-0.02527709,-0.025319759,-0.025307734,-0.025304507,-0.026791912,-0.025255922,-0.025280047,-0.027105551,-0.025331419,-0.026721355,-0.02530573
2021-10-21,-0.025256727,-0.025309514,-0.025288504,-0.026745688,-0.025330517,-0.025267709,-0.025362458,-0.025303442,-0.026662927,-0.025275562,-0.025317352,-0.02531011,-0.025304105,-0.026791912,-0.025262479,-0.025284898,-0.027105551,-0.025334243,-0.026721355,-0.025300253
2021-10-22,-0.024914782,-0.024969164,-0.024960492,-0.02639984,-0.02500021,-0.024947446,-0.025021616,-0.02496254,-0.026316706,-0.024927001,-0.02497771,-0.024969134,-0.024966259,-0.026437502,-0.02491064,-0.024947237,-0.026744712,-0.024998236,-0.026375365,-0.02498034
2021-10-25,-0.026628051,-0.026631642,-0.026654828,-0.028117876,-0.026664477,-0.026657898,-0.026733603,-0.026673805,-0.02803478,-0.02664217,-0.026691075,-0.026683036,-0.026679952,-0.028158288,-0.026633438,-0.02664056,-0.028474372,-0.026712518,-0.028093945,-0.02668574
2021-10-26,-0.025255356,-0.025312345,-0.025283407,-0.026745688,-0.025316905,-0.02533495,-0.025363017,-0.025309023,-0.026662927,-0.025282431,-0.025318395,-0.025309522,-0.025303658,-0.026791912,-0.025266666,-0.025277678,-0.027105551,-0.025340017,-0.026721355,-0.025306564
2021-10-27,-0.024016466,-0.024066959,-0.024056185,-0.025499653,-0.0240484,-0.024054687,-0.024125043,-0.024068844,-0.025416996,-0.024043303,-0.024077673,-0.024074372,-0.024067286,-0.025547106,-0.02403101,-0.024044741,-0.025861975,-0.024089549,-0.025474701,-0.024047624
2021-10-28,-0.023344416,-0.0234016,-0.023397569,-0.024832752,-0.023400616,-0.023389343,-0.023451071,-0.023395386,-0.024748225,-0.02337509,-0.023367617,-0.023394708,-0.023393113,-0.024840843,-0.023366462,-0.023384076,-0.025107864,-0.023385916,-0.024808537,-0.02338751
2021-10-29,-0.025255863,-0.025308188,-0.02532715,-0.026745688,-0.025307905,-0.02530336,-0.025346134,-0.025310393,-0.026662927,-0.025295261,-0.025304716,-0.025309581,-0.025309194,-0.026791912,-0.025264021,-0.025298748,-0.027105551,-0.02529544,-0.026721355,-0.025277812
2021-11-01,-0.02525511,-0.025308859,-0.025327083,-0.026745688,-0.025317315,-0.025279779,-0.025345583,-0.0253102,-0.026662927,-0.025292184,-0.02530783,-0.025300201,-0.025306385,-0.026791912,-0.02525245,-0.025302332,-0.027105551,-0.025300402,-0.026721355,-0.025352765
2021-11-02,-0.025252488,-0.025270443,-0.025332887,-0.026745688,-0.025295641,-0.025260355,-0.02533735,-0.02530713,-0.026662927,-0.025280233,-0.025269587,-0.025303837,-0.025304344,-0.026791912,-0.025247503,-0.025284778,-0.027105551,-0.025309201,-0.026721355,-0.025313351
2021-11-03,-0.028795253,-0.02880944,-0.028870124,-0.030275602,-0.028833676,-0.02878848,-0.028861936,-0.028843451,-0.03019287,-0.028826658,-0.028813448,-0.028844144,-0.02883416,-0.030328136,-0.02878837,-0.028829146,-0.03067075,-0.028866854,-0.030251753,-0.028879385
2021-11-04,-0.024408747,-0.024478566,-0.024466265,-0.02587812,-0.024437536,-0.024417218,-0.024484787,-0.024442893,-0.02579574,-0.024430182,-0.024444584,-0.024463382,-0.024429474,-0.025928538,-0.024421614,-0.02442981,-0.02625512,-0.024453085,-0.025853056,-0.024444435
2021-11-05,-0.025301192,-0.025351208,-0.025342833,-0.026785132,-0.025368486,-0.025308166,-0.025374535,-0.025356468,-0.026702244,-0.02531438,-0.025353123,-0.025353063,-0.02532022,-0.026830595,-0.025303233,-0.025328647,-0.027145226,-0.025355745,-0.026760716,-0.02540395
2021-11-08,-0.02655569,-0.026626509,-0.026592802,-0.028044049,-0.026631746,-0.02661531,-0.026639301,-0.02658381,-0.027961243,-0.026577171,-0.026596624,-0.026659545,-0.026588019,-0.02809159,-0.026580367,-0.02658851,-0.028413419,-0.026604947,-0.028020013,-0.02666952
2021-11-09,-0.025262173,-0.025304195,-0.02528594,-0.026745688,-0.025318969,-0.025279175,-0.025340322,-0.025324132,-0.026662927,-0.02526931,-0.02529857,-0.025317471,-0.025295679,-0.026791912,-0.025263954,-0.025268715,-0.027105551,-0.025304902,-0.026721355,-0.025324311
2021-11-10,-0.025255661,-0.025318678,-0.025299262,-0.026745688,-0.02531099,-0.025283452,-0.025342237,-0.025304813,-0.026662927,-0.025257703,-0.025294613,-0.025312338,-0.0252891,-0.026791912,-0.025263567,-0.025273968,-0.027105551,-0.02528591,-0.026721355,-0.025317658
2021-11-11,-0.025949951,-0.026025254,-0.02599648,-0.027430717,-0.02600531,-0.025973607,-0.026038673,-0.026004065,-0.027348358,-0.0259738,-0.025996704,-0.026010018,-0.02599192,-0.02748366,-0.025949564,-0.025976878,-0.027815167,-0.025977816,-0.027406182,-0.026033457
2021-11-12,-0.02527031,-0.025321703,-0.02527083,-0.026745688,-0.025313769,-0.025273811,-0.025330257,-0.025286872,-0.026662927,-0.025322001,-0.025301065,-0.025313046,-0.02530301,-0.026791912,-0.025266636,-0.025292512,-0.027105551,-0.025269207,-0.026721355,-0.025291521
2021-11-15,-0.024274189,-0.02432907,-0.024310041,-0.025759164,-0.024342176,-0.024310928,-0.024362054,-0.02430642,-0.025675338,-0.024289776,-0.02430937,-0.024326805,-0.024320606,-0.025782023,-0.024281327,-0.024317306,-0.026070606,-0.024285208,-0.025734793,-0.024366338
2021-11-16,-0.024883386,-0.024922047,-0.024912152,-0.026353184,-0.02493767,-0.024878439,-0.024964388,-0.024886955,-0.026271116,-0.024883319,-0.02490032,-0.024934348,-0.02492385,-0.02641273,-0.024908815,-0.024927054,-0.026746806,-0.024894949,-0.026328173,-0.02495638
2021-11-17,-0.02607606,-0.026118208,-0.02611662,-0.027570967,-0.026133548,-0.026078645,-0.026165191,-0.026075032,-0.02748816,-0.026081998,-0.02609874,-0.026134137,-0.026123445,-0.027618233,-0.026106779,-0.026119482,-0.027936582,-0.026111107,-0.027546804,-0.026182313
2021-11-18,-0.022488039,-0.022540588,-0.022560205,-0.023975294,-0.022550527,-0.022506144,-0.022575524,-0.022490453,-0.023892868,-0.022501577,-0.022511851,-0.022506278,-0.022536892,-0.024026785,-0.022496108,-0.022528145,-0.024333838,-0.022507016,-0.023950059,-0.02259748
2021-11-19,-0.023426723,-0.023479465,-0.023491446,-0.024905372,-0.023489837,-0.02342901,-0.02350362,-0.023430426,-0.024823483,-0.023432638,-0.023441639,-0.023437236,-0.023471247,-0.024966467,-0.02344646,-0.0234611,-0.025288906,-0.023429412,-0.024880204,-0.023541685
2021-11-22,-0.024059508,-0.02411187,-0.024104435,-0.025541756,-0.024131093,-0.024063472,-0.02414802,-0.024065252,-0.025459122,-0.024062064,-0.024083365,-0.02407698,-0.024104651,-0.025588904,-0.024088789,-0.024107646,-0.025899809,-0.024071764,-0.02551711,-0.02417269
2021-11-23,-0.025251787,-0.02531157,-0.025305819,-0.026745688,-0.025323648,-0.025261547,-0.025341254,-0.025270145,-0.026662927,-0.025259893,-0.025286604,-0.025274713,-0.025304105,-0.026791912,-0.02527504,-0.025289219,-0.027105551,-0.0252834,-0.026721355,-0.025381599
2021-11-24,-0.023047727,-0.023115333,-0.023063954,-0.024540816,-0.023120869,-0.02308869,-0.023134004,-0.023088869,-0.024458256,-0.023060229,-0.023075592,-0.023067202,-0.023100536,-0.024591152,-0.023096021,-0.023083385,-0.024897862,-0.02310567,-0.024515796,-0.023172837
2021-11-26,-0.024632346,-0.024668809,-0.024669502,-0.026121933,-0.024681572,-0.0246551,-0.024724942,-0.024656225,-0.026039574,-0.024639945,-0.02465767,-0.024640199,-0.02468614,-0.02617478,-0.024676945,-0.02467249,-0.026495274,-0.024669234,-0.026097234,-0.024739083
2021-11-29,-0.023077797,-0.023136992,-0.023118231,-0.024571147,-0.023145687,-0.023120482,-0.023178566,-0.023111295,-0.024487112,-0.023089703,-0.023102384,-0.023098428,-0.023135398,-0.024587486,-0.02312911,-0.023137141,-0.024859611,-0.023113456,-0.024546798,-0.023206998
2021-11-30,-0.025250103,-0.025302257,-0.025283854,-0.026745688,-0.025302794,-0.025297958,-0.025348727,-0.02526461,-0.026662927,-0.025260929,-0.025245678,-0.025269259,-0.025306407,-0.026791912,-0.025293436,-0.025319587,-0.027105551,-0.025290806,-0.026721355,-0.025359254
2021-12-01,-0.025251899,-0.025294911,-0.025291126,-0.026745688,-0.025301758,-0.025273073,-0.025351856,-0.025288593,-0.026662927,-0.025263783,-0.025262471,-0.025286425,-0.025308315,-0.026791912,-0.025282051,-0.025321286,-0.027105551,-0.025284048,-0.026721355,-0.025303137
2021-12-02,-0.025249366,-0.025294673,-0.02528954,-0.026745688,-0.025298718,-0.025285225,-0.02534904,-0.025266591,-0.026662927,-0.025257979,-0.025251936,-0.025265735,-0.025299426,-0.026791912,-0.025273342,-0.025300246,-0.027105551,-0.025286648,-0.026721355,-0.025277566
2021-12-03,-0.024601523,-0.024657022,-0.024630766,-0.026095998,-0.024657581,-0.024640244,-0.024703737,-0.024639357,-0.026013192,-0.024612483,-0.02458809,-0.02461056,-0.024647053,-0.0261426,-0.024629425,-0.02466448,-0.026454639,-0.024643984,-0.026071351,-0.024604846
2021-12-06,-0.024783608,-0.024839353,-0.024825227,-0.026276764,-0.024856176,-0.024836961,-0.024886038,-0.024821248,-0.02619319,-0.024800558,-0.02477919,-0.024781208,-0.02482875,-0.026305784,-0.024819482,-0.02484287,-0.02660064,-0.024821114,-0.026252497,-0.024797674
2021-12-07,-0.025266718,-0.025306646,-0.02528802,-0.026745688,-0.0253168,-0.025296587,-0.02534907,-0.025273163,-0.026662927,-0.025258515,-0.02524713,-0.025280882,-0.025297757,-0.026791912,-0.0252848,-0.025313307,-0.027105551,-0.025282416,-0.026721355,-0.025343414
2021-12-08,-0.025249917,-0.025296215,-0.02529135,-0.026745688,-0.025306333,-0.025276925,-0.02534641,-0.025248218,-0.026662927,-0.025263,-0.02523559,-0.025258075,-0.025300141,-0.026791912,-0.025289599,-0.025284428,-0.027105551,-0.025279347,-0.026721355,-0.025290493
2021-12-09,-0.033032518,-0.033079896,-0.033084642,-0.034534726,-0.03309862,-0.033057947,-0.033135068,-0.03302468,-0.034451943,-0.033042464,-0.03303415,-0.033048447,-0.033086974,-0.034590248,-0.03307652,-0.033075694,-0.03495459,-0.03305218,-0.0345121,-0.03306471
2021-12-10,-0.02309667,-0.023145866,-0.023149323,-0.024589334,-0.023162875,-0.023096357,-0.02319881,-0.023092505,-0.024504919,-0.023112085,-0.023093056,-0.02311423,-0.023143556,-0.02460036,-0.02313966,-0.023146044,-0.024868246,-0.023125906,-0.02456497,-0.023105618
2021-12-13,-0.025246475,-0.025303368,-0.025305282,-0.026745688,-0.025314804,-0.025269087,-0.025351923,-0.025248501,-0.026662927,-0.025260229,-0.025281671,-0.0252628,-0.025295053,-0.026791912,-0.025291044,-0.025304709,-0.027105551,-0.025267739,-0.026721355,-0.025268767
2021-12-14,-0.02524751,-0.025301572,-0.025300775,-0.026745688,-0.02532668,-0.025300507,-0.025349896,-0.025271129,-0.026662927,-0.025260221,-0.025282007,-0.025260631,-0.025299367,-0.026791912,-0.025288675,-0.025301006,-0.027105551,-0.025284398,-0.026721355,-0.025279496
2021-12-15,-0.025510278,-0.025556121,-0.025541563,-0.026995484,-0.0255679,-0.025530908,-0.025602486,-0.025526423,-0.026912477,-0.025525082,-0.02553777,-0.02552173,-0.025553893,-0.027037967,-0.02554078,-0.02555124,-0.02734987,-0.02554338,-0.02697115,-0.025518212
2021-12-16,-0.026340637,-0.026393082,-0.026370388,-0.027831007,-0.026394058,-0.026403774,-0.026436482,-0.02635051,-0.027748186,-0.026355918,-0.026340242,-0.026367936,-0.026390973,-0.027877863,-0.026376959,-0.02635448,-0.028198678,-0.026381414,-0.02780686,-0.026347283
2021-12-17,-0.027301129,-0.027358498,-0.027342942,-0.028792854,-0.027352545,-0.027310695,-0.02739926,-0.027272675,-0.028709974,-0.027310308,-0.02730355,-0.027336124,-0.027350772,-0.028839577,-0.027343277,-0.027316894,-0.029162858,-0.027331416,-0.028768975,-0.027319584
2021-12-20,-0.027901027,-0.027964998,-0.027946185,-0.02939586,-0.027965028,-0.027973924,-0.028005991,-0.027911875,-0.029312637,-0.027902577,-0.027898166,-0.027945552,-0.027952183,-0.029439416,-0.027940106,-0.027936395,-0.029763859,-0.027904864,-0.029371966,-0.027911473
2021-12-21,-0.03519651,-0.035247345,-0.035211395,-0.03668992,-0.03525928,-0.035244133,-0.035285022,-0.035226863,-0.036606524,-0.03520156,-0.035214145,-0.0352383,-0.035243165,-0.03673919,-0.0352297,-0.035176184,-0.037105974,-0.035242315,-0.03666793,-0.035198335
2021-12-22,-0.025253568,-0.025313642,-0.025260333,-0.026745688,-0.025309,-0.025288079,-0.025344554,-0.025287222,-0.026662927,-0.025255043,-0.025274266,-0.025306243,-0.025307167,-0.026791912,-0.025294054,-0.02524871,-0.027105551,-0.025317881,-0.026721355,-0.025293026
2021-12-23,-0.033089016,-0.033151645,-0.033141125,-0.03458832,-0.03315072,-0.033159044,-0.033180345,-0.033105943,-0.03450566,-0.033091005,-0.033114094,-0.033143107,-0.033145707,-0.03464851,-0.033122983,-0.033116493,-0.0350154,-0.033151317,-0.03456564,-0.033145454
2021-12-27,-0.023405362,-0.0234656,-0.023462746,-0.024899568,-0.023453925,-0.023485068,-0.02348679,-0.023412969,-0.024816941,-0.023400787,-0.023402061,-0.023456816,-0.02345756,-0.024948526,-0.023447525,-0.023449752,-0.025251132,-0.02347752,-0.024874818,-0.023453485
2021-12-28,-0.025254425,-0.025305655,-0.025311906,-0.026745688,-0.02531175,-0.025337126,-0.025337342,-0.025259133,-0.026662927,-0.025254603,-0.025257263,-0.025284592,-0.025295194,-0.026791912,-0.025297869,-0.025292825,-0.027105551,-0.025311124,-0.026721355,-0.0252981
2021-12-29,-0.038407575,-0.0384519,-0.038477156,-0.039899487,-0.038474943,-0.038468648,-0.03849307,-0.03840447,-0.03981639,-0.038407143,-0.038400825,-0.038442235,-0.03846092,-0.039958198,-0.0384163,-0.038442824,-0.04035415,-0.038464267,-0.039877918,-0.038456816
2021-12-30,-0.025251862,-0.02530856,-0.025324058,-0.026745688,-0.025331352,-0.025325086,-0.025347408,-0.025255483,-0.026662927,-0.025261443,-0.02525938,-0.025275152,-0.02530438,-0.026791912,-0.025268968,-0.025290553,-0.027105551,-0.025301713,-0.026721355,-0.025309335
2021-12-31,-0.024761762,-0.02481572,-0.024835277,-0.026235994,-0.024841499,-0.024838146,-0.024855051,-0.024763968,-0.026153963,-0.024769697,-0.024766449,-0.024786357,-0.024815816,-0.026294488,-0.02476905,-0.024796132,-0.02663036,-0.024807174,-0.026210908,-0.0248078
2022-01-03,-0.025258157,-0.02530298,-0.025316972,-0.026745688,-0.025331754,-0.025343549,-0.025346842,-0.025267664,-0.026662927,-0.025263894,-0.025262084,-0.025260936,-0.025300417,-0.026791912,-0.02528366,-0.025265936,-0.027105551,-0.025292832,-0.026721355,-0.025296103
2022-01-04,-0.02525593,-0.025305983,-0.025322523,-0.026745688,-0.025332462,-0.02534474,-0.025352795,-0.025265615,-0.026662927,-0.025267635,-0.025286857,-0.02525958,-0.025306005,-0.026791912,-0.025287244,-0.025282394,-0.027105551,-0.025276322,-0.026721355,-0.02530441
2022-01-05,-0.026397694,-0.026449073,-0.026460279,-0.02788696,-0.026467662,-0.02647357,-0.026497249,-0.026404303,-0.027803298,-0.026415478,-0.02644537,-0.026406173,-0.026452769,-0.027915042,-0.026441839,-0.026413951,-0.028218593,-0.0264307,-0.027863164,-0.026452687
2022-01-06,-0.02525467,-0.02530178,-0.025308933,-0.026745688,-0.025331128,-0.02534322,-0.02534191,-0.025265407,-0.026662927,-0.025276277,-0.025296059,-0.025262076,-0.025315914,-0.026791912,-0.02529176,-0.025290769,-0.027105551,-0.025316034,-0.026721355,-0.02530941
2022-01-07,-0.029433932,-0.02948561,-0.029495608,-0.030913774,-0.029510792,-0.029519673,-0.0295241,-0.02944145,-0.030831475,-0.02945562,-0.029483858,-0.02944244,-0.029491324,-0.030975085,-0.02946284,-0.029469889,-0.03133135,-0.02947734,-0.030889925,-0.02948999
2022-01-10,-0.026113566,-0.026166793,-0.026177306,-0.027601842,-0.026184406,-0.026176084,-0.02621143,-0.026119698,-0.02751952,-0.026142728,-0.026168484,-0.026113782,-0.026173305,-0.02765945,-0.02614918,-0.026162814,-0.02799153,-0.026155706,-0.02757736,-0.026173268
2022-01-11,-0.02525499,-0.025305625,-0.02531195,-0.026745688,-0.025319848,-0.02531286,-0.02535532,-0.025275614,-0.026662927,-0.02527843,-0.025274668,-0.02526122,-0.025307339,-0.026791912,-0.025278624,-0.025297437,-0.027105551,-0.025288086,-0.026721355,-0.025310386
2022-01-12,-0.02526005,-0.025309417,-0.025311004,-0.026745688,-0.025813948,-0.025338616,-0.025343504,-0.025293272,-0.026662927,-0.02528781,-0.025287304,-0.025266904,-0.025315236,-0.026791912,-0.025290657,-0.025307443,-0.027105551,-0.025320936,-0.026721355,-0.025318462
2022-01-13,-0.025990125,-0.026041437,-0.026037123,-0.027472626,-0.026213538,-0.02606554,-0.026081074,-0.026014049,-0.027389672,-0.026018452,-0.026023041,-0.025989275,-0.02604838,-0.027517479,-0.02603164,-0.02602109,-0.027839664,-0.026046578,-0.0274481,-0.026050631
2022-01-14,-0.023745004,-0.023800198,-0.023799878,-0.02523468,-0.023888502,-0.023810614,-0.023845185,-0.023756053,-0.02515227,-0.023776334,-0.023783762,-0.023748819,-0.023804668,-0.025286924,-0.023783904,-0.02378356,-0.025601503,-0.02379099,-0.025209758,-0.023809243
2022-01-18,-0.024099018,-0.024142165,-0.0241347,-0.025575686,-0.024198491,-0.024123732,-0.024190951,-0.024066236,-0.025492933,-0.02411506,-0.024114113,-0.024107587,-0.02414437,-0.025620278,-0.02412511,-0.024094727,-0.02592985,-0.024130825,-0.02555095,-0.024150949
2022-01-19,-0.025258388,-0.025306258,-0.025289346,-0.026745688,-0.025849637,-0.025345813,-0.025351,-0.02528191,-0.026662927,-0.02527726,-0.025280666,-0.025262732,-0.02530763,-0.026791912,-0.025285263,-0.025294688,-0.027105551,-0.025308479,-0.026721355,-0.025317196
2022-01-20,-0.02530897,-0.025359776,-0.025367413,-0.026792679,-0.0255402,-0.025355536,-0.02540433,-0.02529088,-0.026710454,-0.025329027,-0.025341872,-0.02531131,-0.025358375,-0.026850443,-0.025312807,-0.02531797,-0.027179848,-0.025354091,-0.02676789,-0.025363531
2022-01-21,-0.025262456,-0.025304873,-0.025311183,-0.026745688,-0.025906783,-0.025333676,-0.025354844,-0.025293741,-0.026662927,-0.025284301,-0.02529272,-0.025265891,-0.02530801,-0.026791912,-0.025284644,-0.025260564,-0.027105551,-0.025305782,-0.026721355,-0.025314365
2022-01-24,-0.025271151,-0.025308307,-0.025320139,-0.026745688,-0.025530782,-0.025276493,-0.025358532,-0.025224041,-0.026662927,-0.025293302,-0.025286231,-0.025261406,-0.0253057,-0.026791912,-0.02526955,-0.025283817,-0.027105551,-0.025301408,-0.026721355,-0.025311347
2022-01-25,-0.023350079,-0.023400668,-0.023402754,-0.02481347,-0.023539808,-0.023338895,-0.023445386,-0.023329984,-0.024731267,-0.023378719,-0.0233895,-0.02334949,-0.023393143,-0.024867538,-0.023372028,-0.023381155,-0.02519371,-0.023389649,-0.024788063,-0.02340218
2022-01-26,-0.02525406,-0.025316779,-0.025326308,-0.026745688,-0.025375497,-0.025300067,-0.025357012,-0.025254887,-0.026662927,-0.025283996,-0.02529389,-0.025250535,-0.025303248,-0.026791912,-0.02527612,-0.025285672,-0.027105551,-0.025295962,-0.026721355,-0.025308643
2022-01-27,-0.028363403,-0.02840821,-0.028428387,-0.029860232,-0.0284695,-0.028377715,-0.028466683,-0.02832679,-0.029777419,-0.02839173,-0.028393243,-0.0283616,-0.028413136,-0.029911991,-0.028398056,-0.028381381,-0.030245576,-0.028396357,-0.029836524,-0.028417993
2022-01-28,-0.024274204,-0.024333227,-0.024303231,-0.025758158,-0.024341438,-0.024280008,-0.024372559,-0.024252806,-0.025674809,-0.024298903,-0.024299432,-0.024266388,-0.024315078,-0.025790107,-0.024282347,-0.024368744,-0.026085284,-0.024291325,-0.025733728,-0.02432261
2022-01-31,-0.024063732,-0.024135899,-0.024082031,-0.02555791,-0.024154153,-0.024098027,-0.024163742,-0.024032634,-0.025475081,-0.024095122,-0.024089511,-0.0240657,-0.024118032,-0.025600623,-0.02406479,-0.024186697,-0.025907364,-0.024126608,-0.025533166,-0.024122152
2022-02-01,-0.024089295,-0.024167057,-0.024109203,-0.025576714,-0.024161141,-0.02409469,-0.024190616,-0.024076406,-0.02549434,-0.024115797,-0.024151597,-0.02409115,-0.02413806,-0.025628824,-0.024082053,-0.024211574,-0.025944773,-0.024128336,-0.02555189,-0.024143126
2022-02-02,-0.025256213,-0.0253256,-0.025259215,-0.026745688,-0.025318246,-0.025338974,-0.02535418,-0.02529544,-0.026662927,-0.025272053,-0.025305,-0.025249865,-0.025303591,-0.026791912,-0.025249187,-0.025379222,-0.027105551,-0.025301274,-0.026721355,-0.025311325
2022-02-03,-0.024649788,-0.02472331,-0.024672586,-0.02614091,-0.024717819,-0.024755847,-0.024755407,-0.024704728,-0.026058521,-0.02466425,-0.024699043,-0.024652299,-0.02470396,-0.026193004,-0.024658527,-0.024779957,-0.026513558,-0.024683345,-0.026116256,-0.02471045
2022-02-04,-0.023596104,-0.023665737,-0.023617323,-0.025072154,-0.023682471,-0.023695085,-0.023698967,-0.023633491,-0.024989847,-0.023607936,-0.023658182,-0.023604143,-0.023652796,-0.025122557,-0.023613278,-0.0237195,-0.025446806,-0.02364714,-0.025046837,-0.023658533
2022-02-07,-0.025248159,-0.025327895,-0.025280375,-0.026745688,-0.025291335,-0.02534752,-0.02535468,-0.025285479,-0.026662927,-0.025259119,-0.025304597,-0.025273118,-0.025299277,-0.026791912,-0.025255445,-0.025380973,-0.027105551,-0.025289383,-0.026721355,-0.025308024
2022-02-08,-0.025247518,-0.025319625,-0.025280979,-0.026745688,-0.025351789,-0.025365587,-0.025351133,-0.025306609,-0.026662927,-0.02525555,-0.025288638,-0.025258485,-0.02530222,-0.026791912,-0.025225926,-0.025377769,-0.027105551,-0.02529909,-0.026721355,-0.025312569
2022-02-09,-0.023432005,-0.02349386,-0.023464877,-0.0249235,-0.02353822,-0.023541253,-0.023535866,-0.02347355,-0.02484132,-0.023432363,-0.023474935,-0.023443203,-0.023482945,-0.02497987,-0.023424093,-0.023556996,-0.025299143,-0.023474064,-0.024898272,-0.023495529
2022-02-10,-0.025249828,-0.025320087,-0.025262382,-0.026745688,-0.025308762,-0.02535269,-0.025353957,-0.025290202,-0.026662927,-0.025247987,-0.02532475,-0.025249708,-0.025301587,-0.026791912,-0.025235828,-0.02537788,-0.027105551,-0.025316413,-0.026721355,-0.025304805
2022-02-11,-0.021915767,-0.021996815,-0.021940213,-0.023408253,-0.0219942,-0.022014637,-0.022026267,-0.021938298,-0.023323927,-0.021920878,-0.022012662,-0.021915857,-0.021959808,-0.023418676,-0.021923449,-0.022048648,-0.023679826,-0.021967072,-0.023383591,-0.021973882
2022-02-14,-0.026560713,-0.026630726,-0.02659006,-0.028046984,-0.026650932,-0.026631359,-0.026670162,-0.026561346,-0.027964044,-0.026570562,-0.026623335,-0.026568,-0.026604984,-0.028090607,-0.026580725,-0.026694972,-0.028416764,-0.026600067,-0.028022628,-0.02662408
2022-02-15,-0.025252488,-0.025320392,-0.025289763,-0.026745688,-0.025325429,-0.025342446,-0.0253614,-0.025280256,-0.026662927,-0.02525993,-0.025326032,-0.02528641,-0.025299173,-0.026791912,-0.025258739,-0.025382068,-0.027105551,-0.025317889,-0.026721355,-0.025309209
2022-02-16,-0.023158293,-0.023239125,-0.0231794,-0.02462605,-0.023256484,-0.023259047,-0.02326325,-0.02320018,-0.024544004,-0.023161639,-0.023255516,-0.023167316,-0.023199443,-0.024682645,-0.023172993,-0.023288224,-0.025013011,-0.023207914,-0.024600405,-0.023215238
2022-02-17,-0.023828488,-0.02391835,-0.023835812,-0.025333699,-0.024407532,-0.0239298,-0.023942169,-0.023847464,-0.025251564,-0.023829754,-0.023949217,-0.023846198,-0.023865487,-0.025393624,-0.023833532,-0.023967762,-0.02571084,-0.023888614,-0.025308844,-0.023889657
2022-02-18,-0.025886882,-0.025958087,-0.02588771,-0.027373966,-0.02611031,-0.025914323,-0.025993738,-0.025859248,-0.02729183,-0.025881018,-0.025944475,-0.025900226,-0.025922973,-0.027433518,-0.025905643,-0.0260115,-0.027764823,-0.02591176,-0.027349543,-0.025936332
2022-02-22,-0.024518538,-0.02458037,-0.024518315,-0.025997225,-0.025161441,-0.024600659,-0.024623517,-0.024516802,-0.025913667,-0.024508473,-0.02456412,-0.024535995,-0.02454793,-0.026027042,-0.024519313,-0.024636436,-0.026322436,-0.024557691,-0.025972921,-0.024561841
2022-02-23,-0.025250737,-0.025318492,-0.025252301,-0.026745688,-0.02553102,-0.025263812,-0.025359076,-0.025262434,-0.026662927,-0.025249,-0.025289219,-0.025286775,-0.025282908,-0.026791912,-0.025250036,-0.025382672,-0.027105551,-0.025307063,-0.026721355,-0.025301192
2022-02-24,-0.0249887,-0.025069278,-0.024986248,-0.02646212,-0.025700431,-0.025018964,-0.025098193,-0.025134776,-0.026379716,-0.024997327,-0.025073122,-0.025004681,-0.02500822,-0.026512574,-0.02498779,-0.025122244,-0.02684525,-0.025060039,-0.026437055,-0.025043208
2022-02-25,-0.024948653,-0.02501094,-0.024930943,-0.02643231,-0.025192726,-0.024978574,-0.025054928,-0.024956163,-0.026349831,-0.024938617,-0.025000434,-0.02496193,-0.024971735,-0.026484426,-0.024932843,-0.025070082,-0.026801761,-0.024992611,-0.02640779,-0.024990674
2022-02-28,-0.025269348,-0.025322687,-0.02524634,-0.026745688,-0.025444467,-0.02524202,-0.025368053,-0.025347251,-0.026662927,-0.025270399,-0.02528875,-0.025329363,-0.025295246,-0.026791912,-0.025247846,-0.02538481,-0.027105551,-0.025308851,-0.026721355,-0.025307443
2022-03-01,-0.025262218,-0.025296558,-0.025263343,-0.026745688,-0.025312942,-0.025257323,-0.025359768,-0.02527586,-0.026662927,-0.025262456,-0.025271792,-0.025288444,-0.025299635,-0.026791912,-0.025270026,-0.02537674,-0.027105551,-0.025293265,-0.026721355,-0.025301415
2022-03-02,-0.022982214,-0.02302191,-0.022984382,-0.024450231,-0.02299336,-0.022969607,-0.023083348,-0.022971954,-0.024366204,-0.022985298,-0.02301332,-0.023030948,-0.023017723,-0.024467837,-0.022987861,-0.023095403,-0.024746422,-0.02298456,-0.024425533,-0.023022193
2022-03-03,-0.022633065,-0.022694949,-0.022631254,-0.024111647,-0.0226827,-0.022655394,-0.022742841,-0.022634562,-0.024027172,-0.022630718,-0.02267569,-0.02266055,-0.022668067,-0.02412023,-0.022636596,-0.022757974,-0.024385285,-0.022657711,-0.024087097,-0.022677753
2022-03-04,-0.025254946,-0.025325771,-0.025279772,-0.026745688,-0.025340874,-0.025284458,-0.025363598,-0.025348935,-0.026662927,-0.025263537,-0.025313716,-0.02528077,-0.025299583,-0.026791912,-0.025270227,-0.025384102,-0.027105551,-0.025293436,-0.026721355,-0.025303025
2022-03-07,-0.029826488,-0.029894736,-0.029826645,-0.031310555,-0.02989212,-0.029803019,-0.029931363,-0.02992015,-0.031227794,-0.029833224,-0.029888991,-0.02982555,-0.02986585,-0.03136349,-0.029817801,-0.029952768,-0.0317108,-0.029860068,-0.031287003,-0.02986807
2022-03-08,-0.025256772,-0.025333803,-0.025243584,-0.026745688,-0.025327984,-0.02524827,-0.025358971,-0.025365371,-0.026662927,-0.02526613,-0.025333393,-0.025261503,-0.025300454,-0.026791912,-0.025251437,-0.025388833,-0.027105551,-0.025303353,-0.026721355,-0.025305104
2022-03-09,-0.025255632,-0.025342528,-0.025256831,-0.026745688,-0.025327858,-0.025305282,-0.025355283,-0.02536543,-0.026662927,-0.025263589,-0.025336828,-0.02526011,-0.025298592,-0.026791912,-0.025258612,-0.02539004,-0.027105551,-0.025300872,-0.026721355,-0.025292668
2022-03-10,-0.025968265,-0.026062641,-0.025991317,-0.027442548,-0.026058849,-0.026020493,-0.026059937,-0.026046764,-0.027360532,-0.025982637,-0.02605233,-0.025989268,-0.026011247,-0.027503733,-0.02596533,-0.026101556,-0.027846877,-0.026008721,-0.027417738,-0.02601501
2022-03-11,-0.025263418,-0.02534436,-0.025254216,-0.026745688,-0.025345985,-0.025314,-0.02534243,-0.025374163,-0.026662927,-0.025306817,-0.025337826,-0.025268976,-0.02529971,-0.026791912,-0.0252663,-0.02539577,-0.027105551,-0.025278632,-0.026721355,-0.02528825
2022-03-14,-0.025270749,-0.02534381,-0.025268402,-0.026745688,-0.025345404,-0.025307465,-0.025348272,-0.025381055,-0.026662927,-0.025290076,-0.025339212,-0.02530175,-0.025306094,-0.026791912,-0.025260616,-0.025395472,-0.027105551,-0.025286052,-0.026721355,-0.025306035
2022-03-15,-0.02525888,-0.025332313,-0.025285732,-0.026745688,-0.025352534,-0.02531087,-0.02534223,-0.025309686,-0.026662927,-0.025273565,-0.025331039,-0.025286335,-0.025303897,-0.026791912,-0.02525894,-0.025395248,-0.027105551,-0.025295872,-0.026721355,-0.025304388
2022-03-16,-0.025255252,-0.025337096,-0.025272746,-0.026745688,-0.025326733,-0.025316607,-0.025348488,-0.025297653,-0.026662927,-0.025256407,-0.02533273,-0.025281344,-0.02529731,-0.026791912,-0.025258195,-0.025395218,-0.027105551,-0.02528986,-0.026721355,-0.02528691
2022-03-17,-0.02599002,-0.026066307,-0.026000705,-0.027469885,-0.026551533,-0.026027177,-0.02607574,-0.026036393,-0.027387362,-0.025979836,-0.026062343,-0.026013803,-0.026030239,-0.027520921,-0.02598093,-0.02612045,-0.027845073,-0.026030462,-0.027445529,-0.026025768
2022-03-18,-0.026919205,-0.026998598,-0.026923854,-0.028408404,-0.027666848,-0.02696615,-0.027008954,-0.026976686,-0.02832586,-0.026909966,-0.027000088,-0.026953798,-0.026964914,-0.02846105,-0.026914153,-0.027055878,-0.028790165,-0.026970502,-0.02838428,-0.026966628
2022-03-21,-0.02661882,-0.02668399,-0.026642215,-0.028095517,-0.026927102,-0.026644375,-0.026701178,-0.026664723,-0.028012525,-0.026595574,-0.026685167,-0.02665257,-0.026652608,-0.028141264,-0.026606988,-0.026742365,-0.028460223,-0.026645597,-0.02807143,-0.026653778
2022-03-22,-0.025255483,-0.025322001,-0.025279265,-0.026745688,-0.025454383,-0.02527738,-0.025344495,-0.025273684,-0.026662927,-0.025252681,-0.02532776,-0.025271181,-0.025298778,-0.026791912,-0.02524576,-0.02539498,-0.027105551,-0.02530602,-0.026721355,-0.02530351
2022-03-23,-0.025250759,-0.025325213,-0.025252242,-0.026745688,-0.025415312,-0.025263209,-0.025342178,-0.025272857,-0.026662927,-0.02524494,-0.025337879,-0.025255118,-0.025299039,-0.026791912,-0.025249582,-0.02539492,-0.027105551,-0.025317077,-0.026721355,-0.025298018
2022-03-24,-0.022406537,-0.02247483,-0.022419583,-0.02389897,-0.022526708,-0.022441518,-0.022495653,-0.022429679,-0.023815792,-0.022425275,-0.022484262,-0.022400115,-0.022450518,-0.023934346,-0.02240352,-0.022554088,-0.024224076,-0.022470701,-0.02387407,-0.022451606
2022-03-25,-0.030843828,-0.030910488,-0.030842472,-0.032345306,-0.030941132,-0.030879702,-0.030933332,-0.030858267,-0.032262336,-0.03084917,-0.030903634,-0.030841682,-0.030873705,-0.03239831,-0.030836929,-0.030977327,-0.03274649,-0.03090771,-0.032322135,-0.030892793
2022-03-28,-0.026575495,-0.026656125,-0.02657834,-0.028075386,-0.026658732,-0.026625771,-0.026662681,-0.026615012,-0.027992483,-0.026581135,-0.026658434,-0.02657755,-0.02661587,-0.028119456,-0.026600514,-0.026709493,-0.028437514,-0.026651304,-0.028051492,-0.026635904
2022-03-29,-0.025247943,-0.025290739,-0.025264304,-0.026745688,-0.025813874,-0.025267739,-0.025331955,-0.025292937,-0.026662927,-0.025252145,-0.025329676,-0.025250997,-0.025291126,-0.026791912,-0.025260974,-0.025383014,-0.027105551,-0.025321934,-0.026721355,-0.025303427
2022-03-30,-0.025242519,-0.025293153,-0.02526034,-0.026745688,-0.025473755,-0.025231782,-0.02533513,-0.025298264,-0.026662927,-0.025248159,-0.025325079,-0.025249984,-0.025287796,-0.026791912,-0.025263,-0.025386471,-0.027105551,-0.02531631,-0.026721355,-0.025297966
2022-03-31,-0.025243249,-0.02531406,-0.025264364,-0.026745688,-0.025399458,-0.025262136,-0.025340665,-0.025346491,-0.026662927,-0.025257293,-0.025345389,-0.025246326,-0.025287349,-0.026791912,-0.025248047,-0.025389139,-0.027105551,-0.025308046,-0.026721355,-0.025302026
2022-04-01,-0.025535893,-0.02562463,-0.02555086,-0.027015317,-0.02566154,-0.025557864,-0.025634866,-0.025642384,-0.026933055,-0.025546055,-0.025638942,-0.025536936,-0.025581803,-0.027070936,-0.025534768,-0.02567431,-0.027410883,-0.02559295,-0.02699029,-0.025588844
2022-04-04,-0.025250446,-0.025285635,-0.025270473,-0.026745688,-0.025354672,-0.02525777,-0.025342923,-0.025313903,-0.026662927,-0.025260027,-0.025318976,-0.025280822,-0.025294956,-0.026791912,-0.025244895,-0.025386062,-0.027105551,-0.025285456,-0.026721355,-0.025296327
2022-04-05,-0.028452698,-0.028495174,-0.028462354,-0.029946495,-0.028537396,-0.02843177,-0.02855273,-0.028526198,-0.029863667,-0.028466675,-0.028531197,-0.028454628,-0.028495144,-0.029995468,-0.028466668,-0.028592836,-0.030332092,-0.028498132,-0.029922646,-0.028501373
2022-04-06,-0.025756013,-0.025835615,-0.025770571,-0.02725434,-0.025838066,-0.025757108,-0.025859829,-0.025869403,-0.027172204,-0.025818791,-0.02583376,-0.025764313,-0.025795173,-0.027313989,-0.025760178,-0.025898438,-0.027646001,-0.025801662,-0.027229752,-0.025811803
2022-04-07,-0.025251549,-0.025315624,-0.025248501,-0.026745688,-0.02532443,-0.025228519,-0.025350224,-0.02534334,-0.026662927,-0.025313709,-0.025320824,-0.025314663,-0.025279153,-0.026791912,-0.025254365,-0.025391813,-0.027105551,-0.025289182,-0.026721355,-0.025294136
2022-04-08,-0.02420121,-0.024257991,-0.024220262,-0.025691863,-0.024277452,-0.024221193,-0.024304036,-0.024305511,-0.025609184,-0.024262603,-0.024272967,-0.024264637,-0.024240468,-0.025739092,-0.024210576,-0.024346251,-0.026052121,-0.024227712,-0.025667097,-0.024256293
2022-04-11,-0.024465438,-0.02454612,-0.024479654,-0.025959808,-0.024541367,-0.024466816,-0.024572108,-0.024584737,-0.025877316,-0.024526697,-0.024557386,-0.02454121,-0.024509255,-0.026010457,-0.024470735,-0.02461202,-0.02632713,-0.024504382,-0.025935117,-0.024521511
2022-04-12,-0.026633795,-0.02668723,-0.026647005,-0.028123971,-0.026714344,-0.02661797,-0.02674159,-0.02671944,-0.028040897,-0.026703674,-0.02672175,-0.026721317,-0.026679795,-0.028164517,-0.026641112,-0.026779484,-0.028484609,-0.026661638,-0.028099839,-0.026674848
2022-04-13,-0.025252063,-0.025317814,-0.025263976,-0.026745688,-0.025335316,-0.02525461,-0.025353823,-0.02534939,-0.026662927,-0.025319476,-0.02533662,-0.025339734,-0.025296632,-0.026791912,-0.02525631,-0.02539469,-0.027105551,-0.025290068,-0.026721355,-0.025302928
2022-04-14,-0.025276784,-0.025327679,-0.025249239,-0.026745688,-0.02533308,-0.025267605,-0.025348935,-0.025367338,-0.026662927,-0.025311429,-0.025332104,-0.02533378,-0.025299478,-0.026791912,-0.025258068,-0.025394585,-0.027105551,-0.025314081,-0.026721355,-0.025303204
2022-04-18,-0.022125144,-0.022184025,-0.022125904,-0.023599919,-0.022187155,-0.022156414,-0.02221537,-0.022208337,-0.023515929,-0.022169549,-0.02218816,-0.022195037,-0.022158403,-0.023618344,-0.022119414,-0.02225886,-0.023890007,-0.022166472,-0.023575138,-0.022160951
2022-04-19,-0.025257517,-0.025324915,-0.025264572,-0.026745688,-0.025322203,-0.025298264,-0.025347184,-0.025356036,-0.026662927,-0.025280189,-0.025326554,-0.025275271,-0.025300864,-0.026791912,-0.02526344,-0.025394503,-0.027105551,-0.02531932,-0.026721355,-0.025302019
2022-04-20,-0.022484187,-0.02250326,-0.022494834,-0.023963165,-0.02254064,-0.022476304,-0.022570755,-0.022529956,-0.023879644,-0.022497725,-0.022539932,-0.022516545,-0.022522297,-0.02399123,-0.022473145,-0.022615645,-0.024270859,-0.02252901,-0.023938496,-0.022526648
2022-04-21,-0.022034612,-0.022020314,-0.022023927,-0.023517352,-0.022089388,-0.022022668,-0.02211601,-0.022075277,-0.023435492,-0.022046182,-0.02208409,-0.022075567,-0.02206621,-0.02357908,-0.022015292,-0.022156734,-0.02388483,-0.02207524,-0.023492094,-0.022070397
2022-04-22,-0.025266256,-0.025302555,-0.02527887,-0.026745688,-0.0253218,-0.025265727,-0.025358435,-0.025308762,-0.026662927,-0.02528685,-0.025329795,-0.025303628,-0.02530754,-0.026791912,-0.025259633,-0.025394518,-0.027105551,-0.02529705,-0.026721355,-0.025304351
2022-04-25,-0.025248263,-0.025259506,-0.02524839,-0.026722405,-0.025301833,-0.025282066,-0.025349509,-0.025276061,-0.026639525,-0.02527899,-0.02531587,-0.025249232,-0.025297228,-0.026766855,-0.025245827,-0.025385749,-0.027089778,-0.025290366,-0.026697557,-0.02529816
2022-04-26,-0.02525397,-0.02524456,-0.025261682,-0.026745688,-0.025314514,-0.025238197,-0.025358249,-0.025283787,-0.026662927,-0.025284719,-0.025321405,-0.025251884,-0.02529924,-0.026791912,-0.025249276,-0.025394503,-0.027105551,-0.025296468,-0.026721355,-0.025308568
2022-04-27,-0.028368,-0.02835061,-0.028399859,-0.029866662,-0.028429996,-0.028423633,-0.028464112,-0.028373796,-0.029784035,-0.028391946,-0.028430026,-0.028369028,-0.02841818,-0.029920842,-0.028365303,-0.028506827,-0.030254576,-0.028431702,-0.029843051,-0.02841967
2022-04-28,-0.025513757,-0.025556851,-0.025555607,-0.027005214,-0.02557293,-0.025572736,-0.025615256,-0.025592994,-0.02692264,-0.025532883,-0.025592785,-0.025516104,-0.025564913,-0.027058039,-0.025519546,-0.025653232,-0.027380195,-0.025558185,-0.026980799,-0.025567506
2022-04-29,-0.022167522,-0.022171896,-0.022220943,-0.0236605,-0.022240926,-0.022232,-0.022247035,-0.022202577,-0.023577858,-0.022189375,-0.022189688,-0.022227716,-0.02222303,-0.023706038,-0.022179533,-0.022311714,-0.024003278,-0.02224483,-0.02363531,-0.022225711
2022-05-02,-0.0252514,-0.025241796,-0.025300387,-0.026745688,-0.025329541,-0.025303815,-0.025344107,-0.025262166,-0.026662927,-0.02529211,-0.025304768,-0.02533092,-0.025306646,-0.026791912,-0.025253113,-0.025394555,-0.027105551,-0.025312494,-0.026721355,-0.02530517
2022-05-03,-0.024978776,-0.025012616,-0.025026087,-0.026470374,-0.025054622,-0.025039982,-0.025077116,-0.02504659,-0.026386414,-0.025012199,-0.025009159,-0.025074426,-0.025029998,-0.026490834,-0.02498189,-0.025124576,-0.026777301,-0.025033917,-0.026446346,-0.025027607
2022-05-04,-0.031523686,-0.03158107,-0.031571444,-0.033009615,-0.03159784,-0.031578515,-0.031607013,-0.031612005,-0.032926973,-0.031552624,-0.03156087,-0.03161094,-0.0315671,-0.033067826,-0.03151672,-0.031655457,-0.03342886,-0.031586956,-0.0329864,-0.03157555
2022-05-05,-0.025256079,-0.025293168,-0.025295269,-0.026745688,-0.025338184,-0.02531686,-0.025333647,-0.025324073,-0.026662927,-0.025285412,-0.02531546,-0.025349285,-0.025288355,-0.026791912,-0.025259186,-0.025394525,-0.027105551,-0.02533466,-0.026721355,-0.025306981
2022-05-06,-0.028333832,-0.028388996,-0.028372977,-0.029824536,-0.02841315,-0.028393064,-0.02841283,-0.028418247,-0.029740494,-0.028372403,-0.028383557,-0.028408509,-0.028370235,-0.029850263,-0.028335292,-0.028473128,-0.030157868,-0.028416019,-0.029801223,-0.02838998
2022-05-09,-0.025729205,-0.025795277,-0.025789429,-0.027217414,-0.025813494,-0.025789376,-0.025803264,-0.02582052,-0.027134601,-0.025765475,-0.025798846,-0.02581491,-0.025775727,-0.027263355,-0.025728587,-0.025868919,-0.027581599,-0.0258147,-0.02719311,-0.025786135
2022-05-10,-0.025253419,-0.025281828,-0.025265876,-0.026745688,-0.025372136,-0.025313016,-0.025315415,-0.025285225,-0.026662927,-0.025279108,-0.02527928,-0.025321621,-0.025296774,-0.026791912,-0.025251921,-0.025394436,-0.027105551,-0.025343608,-0.026721355,-0.02529915
2022-05-11,-0.02525751,-0.02527133,-0.025264632,-0.026745688,-0.025394563,-0.02531438,-0.025313605,-0.025298703,-0.026662927,-0.025283556,-0.025316928,-0.025310863,-0.025298107,-0.026791912,-0.025260653,-0.02539448,-0.027105551,-0.02535377,-0.026721355,-0.025326062
2022-05-12,-0.024542619,-0.024575707,-0.024550568,-0.0260305,-0.02468158,-0.024600256,-0.024605822,-0.024607796,-0.025947545,-0.024557102,-0.024606165,-0.024584185,-0.024587873,-0.026070457,-0.024552088,-0.024681766,-0.026374932,-0.024644595,-0.02600595,-0.024608422
2022-05-13,-0.024601322,-0.024640527,-0.02460191,-0.026082542,-0.024735037,-0.024657857,-0.024667624,-0.024632577,-0.025998745,-0.024665963,-0.024670232,-0.024635237,-0.024643455,-0.02610765,-0.02459583,-0.024738025,-0.026398513,-0.024685908,-0.026058245,-0.024650399
2022-05-16,-0.023978796,-0.024030287,-0.023984287,-0.025465924,-0.024131294,-0.024042968,-0.024055485,-0.024019886,-0.02538326,-0.024035241,-0.024048727,-0.024026897,-0.024028543,-0.025511574,-0.023979034,-0.024121571,-0.025822539,-0.02406716,-0.025441129,-0.02402037
2022-05-17,-0.025251579,-0.025306161,-0.025255654,-0.026745688,-0.025405,-0.02531289,-0.02533191,-0.025279153,-0.026662927,-0.025275018,-0.025320236,-0.025292907,-0.025300216,-0.026791912,-0.025253069,-0.025394429,-0.027105551,-0.025352988,-0.026721355,-0.025310334
2022-05-18,-0.02537148,-0.02542599,-0.025373857,-0.026865046,-0.025515143,-0.02543353,-0.02546155,-0.02535006,-0.026780743,-0.025403049,-0.025444258,-0.025410105,-0.025416244,-0.026879702,-0.025367532,-0.025519196,-0.027161855,-0.025454473,-0.026841257,-0.025420178
2022-05-19,-0.022926416,-0.02298024,-0.02292553,-0.02441283,-0.023076672,-0.022986498,-0.023011852,-0.022965778,-0.02433012,-0.022966791,-0.023001242,-0.022967916,-0.022963326,-0.024456453,-0.022922855,-0.023067396,-0.024758402,-0.023006883,-0.02438781,-0.022965964
2022-05-20,-0.025255207,-0.025308836,-0.025262367,-0.026745688,-0.025405172,-0.02531549,-0.025342058,-0.025302019,-0.026662927,-0.025308345,-0.025332157,-0.025297131,-0.025300112,-0.026791912,-0.025260042,-0.025334354,-0.027105551,-0.02533612,-0.026721355,-0.0252955
2022-05-23,-0.025070105,-0.025126096,-0.025078874,-0.026548889,-0.025223266,-0.02513032,-0.025148612,-0.025145102,-0.026466314,-0.025091749,-0.025147442,-0.02511004,-0.025113378,-0.02659807,-0.025080878,-0.025096629,-0.026921537,-0.025167596,-0.026524197,-0.02510881
2022-05-24,-0.025256682,-0.025309276,-0.025252756,-0.026745688,-0.025396142,-0.025312055,-0.025342453,-0.025248382,-0.026662927,-0.025267478,-0.025321793,-0.025281545,-0.025298562,-0.026791912,-0.025260855,-0.025278922,-0.027105551,-0.02535547,-0.026721355,-0.025300037
2022-05-25,-0.02427287,-0.024326753,-0.024275158,-0.025762547,-0.024396028,-0.024329085,-0.024360802,-0.024313953,-0.025680635,-0.0242781,-0.024348516,-0.024312932,-0.024312127,-0.025823612,-0.02427334,-0.024299752,-0.02614988,-0.024382416,-0.02573761,-0.02432632
2022-05-26,-0.025255505,-0.025304403,-0.02525543,-0.026745688,-0.025354963,-0.025312845,-0.025341015,-0.025276247,-0.026662927,-0.02525654,-0.02533086,-0.025289092,-0.025296774,-0.026791912,-0.025255848,-0.025256854,-0.027105551,-0.025362376,-0.026721355,-0.02531277
2022-05-27,-0.01959524,-0.01963884,-0.019599322,-0.02107438,-0.019716587,-0.01965313,-0.019677404,-0.019594055,-0.02098887,-0.019604046,-0.019668672,-0.019637186,-0.019641314,-0.021058384,-0.01959427,-0.019614886,-0.021284472,-0.019704651,-0.02104957,-0.019647669
2022-05-31,-0.024595443,-0.024643209,-0.024612542,-0.026077937,-0.024695348,-0.024649713,-0.024668839,-0.024604406,-0.02599493,-0.02460095,-0.024659451,-0.024633791,-0.02463786,-0.026120428,-0.02458829,-0.024644006,-0.026428659,-0.02469537,-0.02605344,-0.024646271
2022-06-01,-0.025265213,-0.025310744,-0.025267918,-0.026745688,-0.025380287,-0.02531692,-0.025341842,-0.025245313,-0.026662927,-0.025272023,-0.025328431,-0.025296565,-0.025297213,-0.026791912,-0.025260221,-0.02533302,-0.027105551,-0.025360752,-0.026721355,-0.025311392
2022-06-02,-0.02490114,-0.024964277,-0.024911258,-0.026380096,-0.02499782,-0.024964038,-0.024999473,-0.02492394,-0.02629793,-0.024926234,-0.02498364,-0.024947178,-0.024943795,-0.02643561,-0.024905045,-0.024955925,-0.02676839,-0.025012229,-0.026355129,-0.024966326
2022-06-03,-0.020419639,-0.020472143,-0.02042235,-0.021907087,-0.02050415,-0.020483661,-0.020524736,-0.02040838,-0.02182291,-0.020450499,-0.020491946,-0.020454403,-0.020463873,-0.021916863,-0.020431925,-0.020444851,-0.022172276,-0.020525727,-0.021882135,-0.020477902
2022-06-06,-0.025248814,-0.025316674,-0.025260288,-0.026745688,-0.025364552,-0.025311727,-0.025355492,-0.025337275,-0.026662927,-0.02526686,-0.02532271,-0.025300082,-0.025297333,-0.026791912,-0.025257733,-0.025274593,-0.027105551,-0.025355581,-0.026721355,-0.025318418
2022-06-07,-0.025249448,-0.025308717,-0.025269773,-0.026745688,-0.025844421,-0.025313396,-0.025356848,-0.02524202,-0.026662927,-0.025261845,-0.02532145,-0.02529705,-0.025293436,-0.026791912,-0.025260855,-0.02527691,-0.027105551,-0.02535699,-0.026721355,-0.025307942
2022-06-08,-0.025250446,-0.02530912,-0.025274646,-0.026745688,-0.02548619,-0.025313508,-0.02535658,-0.025274139,-0.026662927,-0.02525166,-0.025333803,-0.025297988,-0.02529649,-0.026791912,-0.025257897,-0.02527475,-0.027105551,-0.025360283,-0.026721355,-0.025312487
2022-06-09,-0.02525149,-0.025309552,-0.025254149,-0.026745688,-0.02542222,-0.025311802,-0.025356513,-0.025260504,-0.026662927,-0.025260042,-0.025330003,-0.025268573,-0.025293138,-0.026791912,-0.0252535,-0.025278386,-0.027105551,-0.025358763,-0.026721355,-0.025313672
2022-06-10,-0.025248323,-0.025317583,-0.025251362,-0.026745688,-0.02539387,-0.025310736,-0.025356103,-0.025264513,-0.026662927,-0.025265139,-0.025322717,-0.02528349,-0.02529839,-0.026791912,-0.025252465,-0.02526484,-0.027105551,-0.025358927,-0.026721355,-0.02531204
2022-06-13,-0.02586614,-0.025876116,-0.02588239,-0.027351405,-0.025984433,-0.025922958,-0.025972929,-0.025865022,-0.027269248,-0.025893401,-0.025935162,-0.025930654,-0.02591319,-0.02741107,-0.025880877,-0.025890019,-0.027749438,-0.025979657,-0.027326647,-0.025926266
2022-06-14,-0.025250588,-0.025295857,-0.025264617,-0.026745688,-0.025334243,-0.025300693,-0.02536114,-0.025256056,-0.026662927,-0.025279943,-0.025330845,-0.025317851,-0.025295127,-0.026791912,-0.025266413,-0.02527788,-0.027105551,-0.025361966,-0.026721355,-0.025315788
2022-06-15,-0.025011528,-0.025064204,-0.025035623,-0.026503619,-0.025086652,-0.025061522,-0.025120486,-0.02501141,-0.026420925,-0.02504317,-0.025090117,-0.02505758,-0.02506129,-0.026551757,-0.0250219,-0.02504095,-0.026868235,-0.025123525,-0.026479002,-0.02506994
2022-06-16,-0.026328865,-0.02638067,-0.026346076,-0.027824108,-0.026891578,-0.026385996,-0.0264402,-0.026415672,-0.027740244,-0.02635904,-0.026404236,-0.026411008,-0.026378814,-0.027848776,-0.026340883,-0.026375536,-0.028146174,-0.026442323,-0.027800348,-0.02639312
2022-06-17,-0.024615455,-0.024659831,-0.024625827,-0.02610473,-0.024825443,-0.024668712,-0.024720225,-0.024652984,-0.026020665,-0.024633374,-0.0246807,-0.02465346,-0.024654228,-0.026124563,-0.024620619,-0.024660897,-0.026408616,-0.024725925,-0.026080634,-0.024672698
2022-06-21,-0.024377223,-0.024436716,-0.024392929,-0.025876824,-0.02452923,-0.02443755,-0.024488565,-0.024429958,-0.025793996,-0.024396192,-0.024454188,-0.024398673,-0.024428975,-0.025920074,-0.02438328,-0.024399895,-0.026225042,-0.024483506,-0.025852393,-0.024441082
2022-06-22,-0.02377363,-0.023825224,-0.023777213,-0.0252642,-0.023881812,-0.023819145,-0.023876619,-0.02383018,-0.025180522,-0.023789715,-0.02383497,-0.023813982,-0.02381197,-0.02529164,-0.02376758,-0.023782935,-0.025578965,-0.023893367,-0.025239717,-0.023832057
2022-06-23,-0.027443204,-0.027497169,-0.027438294,-0.028926019,-0.027557824,-0.027484957,-0.027540002,-0.02746753,-0.02884369,-0.027460296,-0.02749877,-0.027472798,-0.0274815,-0.028982874,-0.027437013,-0.027453508,-0.029322576,-0.02755798,-0.028901715,-0.027492795
2022-06-24,-0.02949864,-0.029557329,-0.029495824,-0.03099377,-0.029582005,-0.029550295,-0.029598054,-0.029545266,-0.030911002,-0.02952597,-0.029559556,-0.029535476,-0.02953529,-0.031046834,-0.029494707,-0.029503655,-0.0313891,-0.029607829,-0.030970264,-0.029550705
2022-06-27,-0.024230007,-0.024287526,-0.024269078,-0.025720555,-0.024303418,-0.024284523,-0.024318505,-0.024241906,-0.025636982,-0.024261553,-0.024299089,-0.024281848,-0.024269212,-0.02574912,-0.024229165,-0.02425984,-0.026042994,-0.024331938,-0.025696125,-0.024257217
2022-06-28,-0.022296648,-0.022336517,-0.02230366,-0.023773719,-0.022347514,-0.022329155,-0.022371601,-0.022297565,-0.023688976,-0.022308487,-0.02234662,-0.022335332,-0.022322927,-0.023776133,-0.02228051,-0.022307467,-0.02403317,-0.022387173,-0.023749243,-0.022318047
2022-06-29,-0.025257494,-0.02530944,-0.025257353,-0.026745688,-0.02533121,-0.02530111,-0.025337625,-0.025264751,-0.026662927,-0.025276367,-0.02531426,-0.025300387,-0.025293563,-0.026791912,-0.025247354,-0.025263395,-0.027105551,-0.02534474,-0.026721355,-0.025264945
2022-06-30,-0.024806533,-0.024867717,-0.024808574,-0.02630629,-0.024878915,-0.024859,-0.02490035,-0.024828207,-0.026223537,-0.024822507,-0.024873871,-0.024849769,-0.024849955,-0.026354115,-0.024804432,-0.024812717,-0.026665624,-0.02488212,-0.02628174,-0.024848241
2022-07-01,-0.02524754,-0.025309708,-0.025254998,-0.026745688,-0.025316518,-0.025301736,-0.025347639,-0.025256377,-0.026662927,-0.025270808,-0.02531195,-0.02528913,-0.025294583,-0.026791912,-0.025249194,-0.025272857,-0.027105551,-0.025305267,-0.026721355,-0.025276426
2022-07-05,-0.025250565,-0.025309581,-0.025268596,-0.026745688,-0.025319021,-0.025298204,-0.025353584,-0.025249261,-0.026662927,-0.025272261,-0.025308471,-0.025290672,-0.025301028,-0.026791912,-0.025261853,-0.025258865,-0.027105551,-0.02528258,-0.026721355,-0.025268886
2022-07-06,-0.02524567,-0.02530953,-0.02525254,-0.026745688,-0.025804285,-0.025306027,-0.025350358,-0.025257897,-0.026662927,-0.025263686,-0.025308032,-0.025280062,-0.02529734,-0.026791912,-0.025253382,-0.02526125,-0.027105551,-0.025299538,-0.026721355,-0.025263827
2022-07-07,-0.025247212,-0.025310133,-0.02525324,-0.026745688,-0.025469515,-0.025295679,-0.025348853,-0.025271293,-0.026662927,-0.025258135,-0.025309946,-0.025286693,-0.025291238,-0.026791912,-0.025248993,-0.025260393,-0.027105551,-0.025298405,-0.026721355,-0.025282446
2022-07-08,-0.021442581,-0.021496248,-0.021462154,-0.022931132,-0.021577906,-0.021492254,-0.021541398,-0.021447074,-0.022846904,-0.021449696,-0.021502126,-0.021532048,-0.021486197,-0.022942316,-0.021445561,-0.021469574,-0.023203913,-0.021495607,-0.022906344,-0.021486867
2022-07-11,-0.024854403,-0.024903294,-0.02484699,-0.02634402,-0.024958748,-0.024899263,-0.024943735,-0.024852913,-0.026261192,-0.024871025,-0.02490976,-0.024923835,-0.024893668,-0.02639025,-0.024850998,-0.024865467,-0.02670123,-0.024910148,-0.026319567,-0.024856899
2022-07-12,-0.025251713,-0.025290538,-0.025251571,-0.026745688,-0.025355052,-0.025291938,-0.025346402,-0.025251847,-0.026662927,-0.02526905,-0.025312547,-0.02534322,-0.02529518,-0.026791912,-0.025248531,-0.025274884,-0.027105551,-0.02530596,-0.026721355,-0.02528781
2022-07-13,-0.027155373,-0.027318802,-0.027176525,-0.028651286,-0.027723532,-0.027210664,-0.027253564,-0.027193528,-0.028568108,-0.027177256,-0.027219389,-0.02721743,-0.027202215,-0.028691847,-0.027161423,-0.02718946,-0.029008407,-0.027202133,-0.028627489,-0.027179178
2022-07-14,-0.025248807,-0.025321309,-0.025287654,-0.026745688,-0.025479015,-0.025302906,-0.025351364,-0.025264937,-0.026662927,-0.025278028,-0.02531102,-0.025339093,-0.025297817,-0.026791912,-0.025257397,-0.025284443,-0.027105551,-0.02528013,-0.026721355,-0.025272984
2022-07-15,-0.026350569,-0.026422907,-0.026398491,-0.027826201,-0.026989963,-0.026410256,-0.026448604,-0.026365954,-0.027743924,-0.026385304,-0.026413728,-0.026437242,-0.026399817,-0.02788252,-0.026360918,-0.02635653,-0.02822354,-0.026385028,-0.02780154,-0.026373144
2022-07-18,-0.025345165,-0.025405142,-0.02537286,-0.026835885,-0.025621999,-0.025408681,-0.025448222,-0.025371995,-0.026752677,-0.02538165,-0.025412586,-0.025440712,-0.025396105,-0.026874278,-0.025352519,-0.025388185,-0.027184803,-0.025424775,-0.026811462,-0.025356758
2022-07-19,-0.025251042,-0.025308568,-0.025259886,-0.026745688,-0.025965478,-0.02531268,-0.02534907,-0.025259104,-0.026662927,-0.025287393,-0.025312748,-0.025353711,-0.025298122,-0.026791912,-0.02525406,-0.025275152,-0.027105551,-0.025339711,-0.026721355,-0.025305737
2022-07-20,-0.025579471,-0.025641222,-0.025589723,-0.027075816,-0.026418496,-0.025648158,-0.025679935,-0.025637869,-0.026993196,-0.02560686,-0.025654558,-0.025611382,-0.025629293,-0.027127203,-0.02558579,-0.025586437,-0.02744804,-0.025675695,-0.02705137,-0.0255722
2022-07-21,-0.025248695,-0.025309753,-0.025280219,-0.026745688,-0.02564342,-0.025329772,-0.025347922,-0.025257643,-0.026662927,-0.02528024,-0.025313545,-0.025322404,-0.02529924,-0.026791912,-0.025259223,-0.02524424,-0.027105551,-0.0253486,-0.026721355,-0.025264125
2022-07-22,-0.02524959,-0.025309678,-0.025266591,-0.026745688,-0.025479916,-0.02533364,-0.02535576,-0.025257383,-0.026662927,-0.025286738,-0.02531847,-0.025310885,-0.025300454,-0.026791912,-0.025272686,-0.02523755,-0.027105551,-0.02534781,-0.026721355,-0.025241721
2022-07-25,-0.026952181,-0.027020637,-0.02695978,-0.02843387,-0.027644876,-0.027124558,-0.02705096,-0.026956607,-0.028351832,-0.026988354,-0.027019631,-0.026973281,-0.027001645,-0.02849469,-0.026960086,-0.026958097,-0.028844055,-0.027022745,-0.028409254,-0.026996974
2022-07-26,-0.025246646,-0.025309559,-0.025260445,-0.026745688,-0.025542844,-0.025351007,-0.025344577,-0.025243867,-0.026662927,-0.025280949,-0.025314543,-0.025239926,-0.025294889,-0.026791912,-0.025252279,-0.0252265,-0.027105551,-0.025343936,-0.026721355,-0.025254052
2022-07-27,-0.021088753,-0.021140326,-0.021098424,-0.022577856,-0.021774147,-0.021180097,-0.021184098,-0.021149065,-0.022492725,-0.021121528,-0.021164518,-0.02109715,-0.021129828,-0.022570934,-0.021090206,-0.021070544,-0.022812631,-0.021192927,-0.022553232,-0.02108724
2022-07-28,-0.027787108,-0.027843472,-0.027778018,-0.029283773,-0.028089453,-0.02785414,-0.027867552,-0.027797278,-0.029201236,-0.02781785,-0.027847644,-0.027781498,-0.027824137,-0.02933881,-0.027783003,-0.02778482,-0.029671375,-0.027886752,-0.029259983,-0.02781986
2022-07-29,-0.026420753,-0.02646986,-0.026433092,-0.027895931,-0.026618872,-0.026430737,-0.026469853,-0.0264722,-0.02781346,-0.026449215,-0.026483681,-0.026409928,-0.026458804,-0.027948905,-0.026417788,-0.026452672,-0.028280843,-0.02652486,-0.0278715,-0.026458297
2022-08-01,-0.023877967,-0.023924697,-0.023886953,-0.025358241,-0.024499621,-0.023888815,-0.023915548,-0.023903023,-0.02527592,-0.023907963,-0.023932818,-0.023884159,-0.023914348,-0.025411699,-0.023885284,-0.02391271,-0.025726575,-0.023987714,-0.025333341,-0.02390245
2022-08-02,-0.025013003,-0.025067363,-0.025009956,-0.026483748,-0.025295671,-0.02504078,-0.025053877,-0.025045227,-0.026401151,-0.025043156,-0.02507842,-0.025009867,-0.02503809,-0.026531834,-0.025015216,-0.025056776,-0.026857588,-0.025130618,-0.0264589,-0.02506553
2022-08-03,-0.025250357,-0.025309574,-0.025281567,-0.026745688,-0.02592815,-0.02534103,-0.025302682,-0.025282603,-0.026662927,-0.02528819,-0.025314864,-0.025264349,-0.025283206,-0.026791912,-0.025269095,-0.025300544,-0.027105551,-0.02537937,-0.026721355,-0.025311802
2022-08-04,-0.025247667,-0.025309514,-0.02525821,-0.026745688,-0.02554411,-0.025280606,-0.02530415,-0.025306527,-0.026662927,-0.025286887,-0.02532604,-0.025254492,-0.02527592,-0.026791912,-0.02525488,-0.025277589,-0.027105551,-0.025384288,-0.026721355,-0.02531324
2022-08-05,-0.023496818,-0.023559447,-0.023502994,-0.024987374,-0.023703668,-0.023553554,-0.02356321,-0.023571815,-0.02490526,-0.023539063,-0.023576286,-0.023503277,-0.023535948,-0.025043298,-0.023502607,-0.023595784,-0.025361542,-0.023631673,-0.024962325,-0.023562703
2022-08-08,-0.025250304,-0.025309574,-0.025279183,-0.026745688,-0.025387447,-0.025306936,-0.025322665,-0.025269318,-0.026662927,-0.025282156,-0.025316034,-0.025258843,-0.025290329,-0.026791912,-0.025251884,-0.025354441,-0.027105551,-0.025385376,-0.026721355,-0.025310982
2022-08-09,-0.025253799,-0.0253095,-0.025295053,-0.026745688,-0.025398564,-0.025301967,-0.025330033,-0.02526946,-0.026662927,-0.025271099,-0.025313426,-0.02524754,-0.02529085,-0.026791912,-0.025254425,-0.025326807,-0.027105551,-0.025388744,-0.026721355,-0.025310423
2022-08-10,-0.030750949,-0.0308136,-0.030787263,-0.03223945,-0.030882392,-0.030810606,-0.030816313,-0.030807998,-0.03215712,-0.030776266,-0.030826036,-0.030747209,-0.030781526,-0.03230195,-0.030748706,-0.03082415,-0.032665435,-0.030885968,-0.032215964,-0.030817676
2022-08-11,-0.025917556,-0.02597237,-0.025972616,-0.02740756,-0.026006248,-0.025977362,-0.025991071,-0.025962997,-0.027324881,-0.02593844,-0.02598608,-0.025946196,-0.025962148,-0.027457584,-0.02592187,-0.026007485,-0.027779017,-0.026054095,-0.027383287,-0.025982324
2022-08-12,-0.025254134,-0.025309574,-0.02529933,-0.026745688,-0.02532814,-0.02531382,-0.025328923,-0.025287207,-0.026662927,-0.025262814,-0.02531657,-0.025269043,-0.025300886,-0.026791912,-0.025260579,-0.025352243,-0.027105551,-0.025389139,-0.026721355,-0.025315154
2022-08-15,-0.0231505,-0.023203295,-0.023184631,-0.024631094,-0.023244616,-0.023204323,-0.023226898,-0.023165222,-0.024547856,-0.023151573,-0.023207683,-0.023180071,-0.023174044,-0.024662565,-0.023143526,-0.023178268,-0.024956498,-0.023290183,-0.024606291,-0.023204345
2022-08-16,-0.026162963,-0.026219163,-0.026206654,-0.027645659,-0.026251208,-0.026216563,-0.026237871,-0.026198093,-0.02756251,-0.026168477,-0.02623834,-0.026195314,-0.026180219,-0.027684245,-0.026158947,-0.0262356,-0.028001111,-0.0262989,-0.027621444,-0.026224304
2022-08-17,-0.026652765,-0.02671251,-0.026716013,-0.028150018,-0.027213369,-0.026710551,-0.02672856,-0.02671079,-0.028067764,-0.026653912,-0.026731294,-0.026696961,-0.026676957,-0.028209794,-0.026651982,-0.026690084,-0.028542351,-0.026842397,-0.028125789,-0.026706796
2022-08-18,-0.027898159,-0.02795617,-0.027943451,-0.029388357,-0.028122138,-0.027956504,-0.027978975,-0.027951505,-0.029305514,-0.027896818,-0.02797689,-0.027938154,-0.027911264,-0.02943677,-0.027893532,-0.027932193,-0.02976856,-0.028038029,-0.02936447,-0.027955119
2022-08-19,-0.025272008,-0.025309902,-0.025286216,-0.026745688,-0.02590121,-0.025312152,-0.025336567,-0.025295008,-0.026662927,-0.025251035,-0.025332194,-0.0252872,-0.025271658,-0.026791912,-0.025250811,-0.025347795,-0.027105551,-0.02545065,-0.026721355,-0.02532256
2022-08-22,-0.024242152,-0.024298575,-0.024286505,-0.025738593,-0.02452169,-0.024301913,-0.024329897,-0.024324562,-0.025655802,-0.024236757,-0.024329495,-0.02427904,-0.024252113,-0.02578346,-0.024234738,-0.02433974,-0.026088152,-0.024390023,-0.025714096,-0.0243156
2022-08-23,-0.025530297,-0.025584687,-0.025565486,-0.027020928,-0.02625234,-0.025594141,-0.025614534,-0.025589649,-0.026937064,-0.025528554,-0.025619205,-0.025565837,-0.025536511,-0.027045328,-0.02552301,-0.025627095,-0.027339932,-0.02573828,-0.026996966,-0.025603596
2022-08-24,-0.025248412,-0.025309678,-0.025253985,-0.026745688,-0.025545266,-0.02531455,-0.025340673,-0.025313456,-0.026662927,-0.02524979,-0.02534036,-0.025291879,-0.025271509,-0.026791912,-0.02525786,-0.025365252,-0.027105551,-0.025396306,-0.026721355,-0.025328893
2022-08-25,-0.023936901,-0.023999188,-0.023934823,-0.025432836,-0.024667557,-0.024002228,-0.024021942,-0.023997169,-0.025350373,-0.023945857,-0.024029937,-0.023976956,-0.023950648,-0.025484208,-0.023939256,-0.024069432,-0.025797058,-0.02407534,-0.02540801,-0.024021525
2022-08-26,-0.02418818,-0.024250131,-0.024206016,-0.025662187,-0.025024753,-0.024252843,-0.024275694,-0.024235193,-0.02558015,-0.024191987,-0.024279598,-0.024229776,-0.024218287,-0.025718156,-0.02419215,-0.024317484,-0.026049268,-0.02432238,-0.025637027,-0.024267491
2022-08-29,-0.026150782,-0.026204918,-0.026176449,-0.027643155,-0.02654757,-0.026210029,-0.026239965,-0.026185047,-0.02755941,-0.026159827,-0.026237357,-0.026191536,-0.026181955,-0.027673345,-0.02615903,-0.026286844,-0.02797537,-0.02627569,-0.02761918,-0.026220549
2022-08-30,-0.025265891,-0.025309894,-0.02529845,-0.026745688,-0.026020084,-0.025314007,-0.02534264,-0.025309194,-0.026662927,-0.025269892,-0.025336761,-0.025292356,-0.02529068,-0.026791912,-0.02524953,-0.025393981,-0.027105551,-0.025383476,-0.026721355,-0.02532592
2022-08-31,-0.025265347,-0.025309768,-0.025276553,-0.026745688,-0.026401926,-0.025315706,-0.025339086,-0.025295716,-0.026662927,-0.025268327,-0.025327433,-0.025286775,-0.025278684,-0.026791912,-0.025246758,-0.025394361,-0.027105551,-0.025436748,-0.026721355,-0.025329102
2022-09-01,-0.036499497,-0.03655946,-0.03649323,-0.037987467,-0.037655395,-0.036563855,-0.036574062,-0.036555197,-0.037904616,-0.036524076,-0.036566626,-0.03653763,-0.036535647,-0.038047444,-0.03649466,-0.03663123,-0.038437065,-0.036682833,-0.03796531,-0.036584724
2022-09-02,-0.025729347,-0.025785621,-0.025747303,-0.0272219,-0.02617528,-0.025789034,-0.025805067,-0.025756363,-0.027139332,-0.025753189,-0.025795963,-0.025768507,-0.025770616,-0.027271803,-0.025736887,-0.025869358,-0.027591173,-0.025871772,-0.02719761,-0.025813598
2022-09-06,-0.025250617,-0.025314283,-0.025259111,-0.026745688,-0.025576685,-0.025314834,-0.025338408,-0.02529582,-0.026662927,-0.025263045,-0.025316197,-0.025300626,-0.025297586,-0.026791912,-0.025253732,-0.025394868,-0.027105551,-0.025392976,-0.026721355,-0.025337953
2022-09-07,-0.025257524,-0.025312457,-0.025264744,-0.026745688,-0.02546138,-0.025317367,-0.025345664,-0.025274057,-0.026662927,-0.025273006,-0.025314,-0.025302831,-0.025302913,-0.026791912,-0.02525444,-0.025363509,-0.027105551,-0.02539095,-0.026721355,-0.025337975
2022-09-08,-0.025820222,-0.025854986,-0.025817592,-0.02730513,-0.025954012,-0.025880571,-0.025901977,-0.025841575,-0.027220722,-0.025827054,-0.025877934,-0.025866602,-0.025846813,-0.027319562,-0.025823865,-0.025943395,-0.02760489,-0.02594648,-0.027281303,-0.025894877
2022-09-09,-0.025265526,-0.025307488,-0.025270183,-0.026745688,-0.025357295,-0.025315974,-0.025332402,-0.025266904,-0.026662927,-0.025267076,-0.025315013,-0.025306676,-0.025277946,-0.026791912,-0.025282752,-0.025351759,-0.027105551,-0.025372747,-0.026721355,-0.025336754
2022-09-12,-0.023540188,-0.023582067,-0.023539383,-0.025016274,-0.023613114,-0.023595523,-0.023602549,-0.02358519,-0.024933595,-0.02353267,-0.023591984,-0.023585338,-0.023550969,-0.025062662,-0.023553547,-0.023604665,-0.025369737,-0.023649637,-0.024991427,-0.023607519
2022-09-13,-0.026786584,-0.026827913,-0.026777927,-0.02826852,-0.027343903,-0.026842479,-0.026863676,-0.026803758,-0.028184708,-0.026772898,-0.026838195,-0.026828479,-0.026816744,-0.028296765,-0.026782285,-0.026845288,-0.028599698,-0.026963677,-0.028244775,-0.026850563
2022-09-14,-0.023071203,-0.023111876,-0.023063224,-0.02455185,-0.023800846,-0.023131978,-0.023156624,-0.023092087,-0.024467137,-0.02306277,-0.023126442,-0.023117717,-0.023075286,-0.024556156,-0.023074713,-0.023154635,-0.024817985,-0.023206,-0.024527606,-0.023144472
2022-09-15,-0.025262464,-0.02530947,-0.025262866,-0.026745688,-0.025564719,-0.02531879,-0.025340553,-0.025273893,-0.026662927,-0.025256101,-0.025311608,-0.025308754,-0.025258202,-0.026791912,-0.025274675,-0.025357518,-0.027105551,-0.025382373,-0.026721355,-0.025334451
2022-09-16,-0.02753951,-0.027585823,-0.027521592,-0.029017393,-0.028259758,-0.02759384,-0.027624149,-0.027547251,-0.028934423,-0.027528506,-0.027587932,-0.02756748,-0.027540747,-0.029063147,-0.027552862,-0.027602728,-0.029391002,-0.027717862,-0.028993402,-0.027604584
2022-09-19,-0.025275674,-0.025309514,-0.025269326,-0.026745688,-0.0256182,-0.025327656,-0.02535196,-0.025336985,-0.026662927,-0.025284056,-0.025320608,-0.025310863,-0.02528571,-0.026791912,-0.025260795,-0.025341805,-0.027105551,-0.025392678,-0.026721355,-0.025331017
2022-09-20,-0.025263641,-0.025309559,-0.025261756,-0.026745688,-0.025465775,-0.025299732,-0.025352646,-0.025318038,-0.026662927,-0.02525748,-0.025314432,-0.025312621,-0.025273193,-0.026791912,-0.02526832,-0.025354985,-0.027105551,-0.025386427,-0.026721355,-0.025335785
2022-09-21,-0.02525824,-0.025419991,-0.02526607,-0.026745688,-0.0258906,-0.025317904,-0.025352444,-0.025304783,-0.026662927,-0.025255207,-0.025313113,-0.025296975,-0.025270324,-0.026791912,-0.025267359,-0.02536479,-0.027105551,-0.025449794,-0.026721355,-0.025337677
2022-09-22,-0.026451875,-0.02650838,-0.02647208,-0.027939912,-0.026726428,-0.026519146,-0.026547316,-0.026482616,-0.027856085,-0.026455682,-0.026511889,-0.026481379,-0.026468936,-0.027966533,-0.026467282,-0.026560131,-0.028266374,-0.026591744,-0.027916137,-0.026529651
2022-09-23,-0.02366243,-0.023714464,-0.023680445,-0.025148612,-0.02433006,-0.023754518,-0.023758855,-0.023749057,-0.02506512,-0.023672413,-0.023731988,-0.023713324,-0.023678195,-0.025178913,-0.023681704,-0.02377284,-0.025469046,-0.023862582,-0.025124114,-0.023742054
2022-09-26,-0.024982553,-0.025041599,-0.024997909,-0.026477706,-0.025273625,-0.02502909,-0.02508555,-0.02502932,-0.02639525,-0.025003035,-0.025046702,-0.025039826,-0.024992604,-0.026530612,-0.025002565,-0.025101323,-0.026848372,-0.025127854,-0.026453245,-0.02506857
2022-09-27,-0.024205308,-0.024251137,-0.024216603,-0.02569009,-0.024390716,-0.024264466,-0.02430385,-0.024224233,-0.025606472,-0.02423444,-0.024264146,-0.024250183,-0.024240073,-0.025719028,-0.024222586,-0.024288166,-0.026010048,-0.024344567,-0.025665622,-0.024279263
2022-09-28,-0.025261473,-0.02530944,-0.025271092,-0.026745688,-0.025385711,-0.025299791,-0.025357287,-0.025266428,-0.026662927,-0.025291983,-0.025317106,-0.025304276,-0.025299836,-0.026791912,-0.025269303,-0.025353733,-0.027105551,-0.02539682,-0.026721355,-0.025335867
2022-09-29,-0.023122039,-0.023174156,-0.023137014,-0.024607185,-0.023241643,-0.023166712,-0.023222651,-0.023135867,-0.024523746,-0.023147251,-0.023186464,-0.023171443,-0.023166563,-0.024637457,-0.023128483,-0.02323911,-0.024926748,-0.023263212,-0.024582405,-0.023201372
2022-09-30,-0.024419528,-0.02446336,-0.024436701,-0.02588186,-0.024507511,-0.024445478,-0.024510313,-0.024419677,-0.02579968,-0.024434615,-0.024478491,-0.02445845,-0.024458978,-0.025937218,-0.024419222,-0.024471652,-0.026271459,-0.02455109,-0.025856692,-0.024498697
2022-10-03,-0.025253806,-0.025307301,-0.02534243,-0.026745688,-0.02533022,-0.025306579,-0.025350627,-0.025278036,-0.026662927,-0.025285874,-0.02532788,-0.025290754,-0.025302228,-0.026791912,-0.025256488,-0.025272522,-0.027105551,-0.025395017,-0.026721355,-0.025333647
2022-10-04,-0.020345476,-0.020387921,-0.020411376,-0.021825258,-0.020403419,-0.020378593,-0.02044769,-0.020432774,-0.02173983,-0.02038296,-0.020408217,-0.020380054,-0.020397123,-0.021810886,-0.020351913,-0.020394955,-0.022042524,-0.020494636,-0.021800566,-0.020427186
2022-10-05,-0.025268894,-0.025308747,-0.025347766,-0.026745688,-0.0253614,-0.025291834,-0.02535883,-0.025293667,-0.026662927,-0.025277872,-0.025324237,-0.025295917,-0.025302615,-0.026791912,-0.02526499,-0.025358986,-0.027105551,-0.02539486,-0.026721355,-0.025338944
2022-10-06,-0.02341028,-0.023444813,-0.02349149,-0.024881225,-0.023520272,-0.023410354,-0.023501124,-0.02341063,-0.02479766,-0.023427244,-0.023454051,-0.02343947,-0.023447026,-0.024909448,-0.02340943,-0.023392815,-0.025197256,-0.023537505,-0.02485663,-0.02347849
2022-10-07,-0.022380713,-0.022410925,-0.022454385,-0.023869108,-0.022521075,-0.02239326,-0.022481974,-0.022409555,-0.023787212,-0.022396449,-0.02243704,-0.022418942,-0.02243181,-0.023928706,-0.022391256,-0.022406254,-0.024240304,-0.022516515,-0.023843806,-0.02244759
2022-10-10,-0.02691945,-0.026966605,-0.026938695,-0.028388117,-0.027062658,-0.026963275,-0.027017687,-0.026970696,-0.028305937,-0.026945587,-0.026976507,-0.026954185,-0.026971478,-0.028446618,-0.026933853,-0.027022276,-0.028792698,-0.027048487,-0.02836356,-0.026999611
2022-10-11,-0.025261778,-0.02530333,-0.025285792,-0.026745688,-0.025419999,-0.02533311,-0.025360618,-0.025318611,-0.026662927,-0.02529024,-0.025323559,-0.02530453,-0.025314454,-0.026791912,-0.025277104,-0.025363792,-0.027105551,-0.025386613,-0.026721355,-0.025341433
2022-10-12,-0.032328572,-0.032393936,-0.032345492,-0.033818703,-0.032487232,-0.0323675,-0.03242946,-0.032375034,-0.03373527,-0.0323785,-0.032388102,-0.032369796,-0.032383468,-0.033860292,-0.032341707,-0.03243808,-0.03420579,-0.0324562,-0.033796083,-0.03240257
2022-10-13,-0.022917535,-0.02295686,-0.022944849,-0.024403963,-0.023085166,-0.022936653,-0.02302165,-0.022933003,-0.024321232,-0.022963542,-0.022975925,-0.022954796,-0.022975873,-0.024447475,-0.022932563,-0.023011465,-0.024748612,-0.023052428,-0.024378967,-0.02297752
2022-10-14,-0.025256526,-0.025297258,-0.025295708,-0.026745688,-0.025425058,-0.025293704,-0.025361236,-0.025275607,-0.026662927,-0.025302928,-0.025323208,-0.02530222,-0.025313813,-0.026791912,-0.025278721,-0.02534758,-0.027105551,-0.025389317,-0.026721355,-0.02532072
2022-10-17,-0.025701147,-0.025747802,-0.025745,-0.027182568,-0.025864791,-0.025721457,-0.025799867,-0.025715087,-0.027099807,-0.025726844,-0.02575903,-0.025746714,-0.025753457,-0.027229752,-0.025722783,-0.025787827,-0.027547527,-0.025829498,-0.027158272,-0.025767978
2022-10-18,-0.03270774,-0.032745246,-0.03279834,-0.034197602,-0.032837864,-0.03273255,-0.03280962,-0.032732975,-0.03411453,-0.032724995,-0.0327708,-0.032750573,-0.032765705,-0.0342477,-0.03272297,-0.032804687,-0.03460459,-0.032841895,-0.03417487,-0.03277314
2022-10-19,-0.025254931,-0.02527159,-0.02528843,-0.026745688,-0.025369894,-0.025266107,-0.025359135,-0.025236081,-0.026662927,-0.025280166,-0.025312822,-0.025294896,-0.025313627,-0.026791912,-0.02527101,-0.025307517,-0.027105551,-0.025394756,-0.026721355,-0.025309186
2022-10-20,-0.02525733,-0.025273632,-0.025280718,-0.026745688,-0.025359858,-0.025271501,-0.025359545,-0.025230985,-0.026662927,-0.025279585,-0.025265742,-0.025297161,-0.025311898,-0.026791912,-0.025265288,-0.025319133,-0.027105551,-0.025394682,-0.026721355,-0.025314253
2022-10-21,-0.029309083,-0.029345322,-0.02932195,-0.030804489,-0.029408973,-0.029342566,-0.02941418,-0.02931967,-0.0307209,-0.0293294,-0.029304367,-0.029354375,-0.02936418,-0.030840565,-0.029327404,-0.029299874,-0.031162973,-0.029450078,-0.030781288,-0.029373687
2022-10-24,-0.025266666,-0.02525336,-0.025297802,-0.026745688,-0.025385868,-0.02527875,-0.025365803,-0.025235396,-0.026662927,-0.025263134,-0.025292914,-0.025305163,-0.025315028,-0.026791912,-0.025283072,-0.025302868,-0.027105551,-0.025376271,-0.026721355,-0.025248375
2022-10-25,-0.024993505,-0.025000397,-0.025031816,-0.026461277,-0.02508368,-0.02502681,-0.025092307,-0.024998691,-0.026378404,-0.025016103,-0.025023114,-0.02503493,-0.025041599,-0.026504334,-0.025010992,-0.025064949,-0.026819061,-0.025093671,-0.026436742,-0.02503841
2022-10-26,-0.026689965,-0.02668843,-0.026731182,-0.028182898,-0.02727088,-0.026687082,-0.02679668,-0.026663993,-0.028099667,-0.026750397,-0.026727695,-0.026738558,-0.026746523,-0.028222118,-0.026707578,-0.026738744,-0.028534185,-0.02685104,-0.028159041,-0.026726443
2022-10-27,-0.025249142,-0.02524038,-0.025284525,-0.026745688,-0.025494326,-0.025271807,-0.025358807,-0.025225867,-0.026662927,-0.02531461,-0.025273506,-0.025299508,-0.025305923,-0.026791912,-0.025268521,-0.025323596,-0.027105551,-0.025367577,-0.026721355,-0.025266532
2022-10-28,-0.025254186,-0.02527621,-0.02529874,-0.026745688,-0.025421444,-0.02529439,-0.025361124,-0.025218267,-0.026662927,-0.025280666,-0.025266003,-0.025296856,-0.02530301,-0.026791912,-0.025267739,-0.025318269,-0.027105551,-0.025371764,-0.026721355,-0.025314707
2022-10-31,-0.029194023,-0.029237669,-0.029239852,-0.03066596,-0.029315468,-0.029239062,-0.029302638,-0.02920932,-0.030583624,-0.029214952,-0.029214453,-0.029239658,-0.029249188,-0.030724432,-0.029204924,-0.029216062,-0.031085301,-0.029313948,-0.030641865,-0.029268932
2022-11-01,-0.02524582,-0.025281992,-0.025296759,-0.026745688,-0.02535529,-0.025270943,-0.025358018,-0.025222424,-0.026662927,-0.025269601,-0.025245842,-0.02529161,-0.025303658,-0.026791912,-0.025260929,-0.025311206,-0.027105551,-0.025377061,-0.026721355,-0.025319751
2022-11-02,-0.024586413,-0.02464388,-0.024633277,-0.026086222,-0.02466945,-0.024624448,-0.02468789,-0.024579298,-0.026003283,-0.024630051,-0.02458876,-0.024627324,-0.024642568,-0.026129443,-0.024609048,-0.024668355,-0.026435833,-0.024717394,-0.026061762,-0.024686348
2022-11-03,-0.025376227,-0.025437843,-0.025431331,-0.02687214,-0.025455784,-0.02540676,-0.025482368,-0.025362324,-0.026789676,-0.025414746,-0.025372114,-0.02542222,-0.025425438,-0.026926395,-0.025391031,-0.02545863,-0.02725232,-0.025511589,-0.026847493,-0.02547511
2022-11-04,-0.028163668,-0.028206829,-0.0282089,-0.029658739,-0.02823146,-0.028196987,-0.028262932,-0.028147679,-0.029576201,-0.028205242,-0.028157357,-0.028209452,-0.02820852,-0.02971213,-0.028184254,-0.028189112,-0.030047987,-0.028291773,-0.029635038,-0.028243493
2022-11-07,-0.024350863,-0.024400566,-0.024397384,-0.025848318,-0.02441572,-0.02434573,-0.02445091,-0.024330173,-0.025765743,-0.024405617,-0.02433848,-0.024391238,-0.024399359,-0.025900427,-0.024363201,-0.02442054,-0.026213769,-0.024474185,-0.025823575,-0.024439882
2022-11-08,-0.025651406,-0.025700178,-0.025702048,-0.027141076,-0.026197094,-0.025651667,-0.025751572,-0.02564757,-0.0270583,-0.025709387,-0.025654804,-0.025696192,-0.025701623,-0.027187664,-0.025659394,-0.025729667,-0.027506892,-0.025775004,-0.027116697,-0.025736626
2022-11-09,-0.025249686,-0.025305558,-0.025295902,-0.026745688,-0.025466103,-0.025261175,-0.02535199,-0.025253791,-0.026662927,-0.025301393,-0.025235776,-0.025297772,-0.02530149,-0.026791912,-0.025263067,-0.025340144,-0.027105551,-0.025367279,-0.026721355,-0.02531002
2022-11-10,-0.025255512,-0.025307957,-0.025297467,-0.026745688,-0.02539486,-0.025303151,-0.025353592,-0.025219668,-0.026662927,-0.025307272,-0.02525619,-0.02530102,-0.025305245,-0.026791912,-0.025256258,-0.025321703,-0.027105551,-0.025365066,-0.026721355,-0.025306802
2022-11-11,-0.025252733,-0.025293786,-0.025298018,-0.026745688,-0.025361065,-0.025236655,-0.025360223,-0.025222268,-0.026662927,-0.025271762,-0.025234003,-0.025298793,-0.025306638,-0.026791912,-0.025255773,-0.025308017,-0.027105551,-0.02536193,-0.026721355,-0.025321659
2022-11-14,-0.025249448,-0.02530462,-0.0252839,-0.026745688,-0.025352683,-0.025262337,-0.02536041,-0.02521852,-0.026662927,-0.025285695,-0.025219288,-0.025299039,-0.025302503,-0.026791912,-0.025256317,-0.02532376,-0.027105551,-0.025347117,-0.026721355,-0.025306705
2022-11-15,-0.025250945,-0.025260616,-0.025287021,-0.026745688,-0.025328178,-0.025237542,-0.025357839,-0.025245588,-0.026662927,-0.02526969,-0.025248107,-0.025295142,-0.025301915,-0.026791912,-0.025248367,-0.025281545,-0.027105551,-0.025345888,-0.026721355,-0.025307383
2022-11-16,-0.025249984,-0.025301334,-0.02527837,-0.026745688,-0.025321636,-0.025294673,-0.025361601,-0.025231015,-0.026662927,-0.025269624,-0.025267314,-0.025300238,-0.025301684,-0.026791912,-0.025255818,-0.025315221,-0.027105551,-0.025347967,-0.026721355,-0.025307681
2022-11-17,-0.02524979,-0.025305238,-0.025269795,-0.026745688,-0.025318105,-0.025247108,-0.025360476,-0.025233705,-0.026662927,-0.02526715,-0.025225382,-0.025300656,-0.02530102,-0.026791912,-0.02525149,-0.025297564,-0.027105551,-0.025345165,-0.026721355,-0.02530652
2022-11-18,-0.025249783,-0.025293995,-0.025274452,-0.026745688,-0.025314372,-0.02523033,-0.025358375,-0.025220785,-0.026662927,-0.025249649,-0.025247332,-0.025301848,-0.025304455,-0.026791912,-0.025262963,-0.025280554,-0.027105551,-0.025346812,-0.026721355,-0.025309015
2022-11-21,-0.025831599,-0.025872428,-0.02585015,-0.027330663,-0.025899228,-0.025832567,-0.025939237,-0.025815036,-0.027247716,-0.025835466,-0.025858384,-0.025879074,-0.025884572,-0.027375203,-0.025839102,-0.025872115,-0.027689453,-0.025920201,-0.027306471,-0.025913555
2022-11-22,-0.025250819,-0.025312793,-0.02526294,-0.026745688,-0.025367033,-0.025259804,-0.025346387,-0.025268998,-0.026662927,-0.025248263,-0.02529871,-0.025303114,-0.025305975,-0.026791912,-0.025257085,-0.025310691,-0.027105551,-0.02535123,-0.026721355,-0.02534866
2022-11-23,-0.024525959,-0.024592545,-0.024530958,-0.026021402,-0.024653647,-0.024565067,-0.02460609,-0.024557639,-0.025937427,-0.024533052,-0.024607401,-0.02457181,-0.024581235,-0.026042264,-0.024528835,-0.024617184,-0.026325908,-0.024631988,-0.02599733,-0.024632473
2022-11-25,-0.023473728,-0.023541022,-0.023479152,-0.02494606,-0.023602698,-0.023520071,-0.023557682,-0.023499351,-0.024863567,-0.023476373,-0.023541067,-0.023520943,-0.023527753,-0.024993468,-0.023478802,-0.023564372,-0.025312502,-0.023579415,-0.02492075,-0.023580145
2022-11-28,-0.024568278,-0.024631862,-0.0245619,-0.02606323,-0.024639156,-0.024608005,-0.024657588,-0.024606366,-0.025980797,-0.024568249,-0.02457996,-0.024616417,-0.024619866,-0.026113976,-0.024564821,-0.024669852,-0.026427377,-0.024667311,-0.026038717,-0.024673883
2022-11-29,-0.025249373,-0.025268223,-0.025284205,-0.026745688,-0.02533311,-0.025300127,-0.025344718,-0.025291864,-0.026662927,-0.025250722,-0.025291625,-0.025297914,-0.0253045,-0.026791912,-0.025249984,-0.025356371,-0.027105551,-0.025320005,-0.026721355,-0.02530105
2022-11-30,-0.025251236,-0.02527519,-0.025292832,-0.026745688,-0.025316108,-0.02531049,-0.025346402,-0.025314387,-0.026662927,-0.025253069,-0.025301788,-0.025300246,-0.025308598,-0.026791912,-0.02525885,-0.0253709,-0.027105551,-0.025314342,-0.026721355,-0.025308486
2022-12-01,-0.02123588,-0.021269675,-0.02130432,-0.022730764,-0.021303114,-0.021292742,-0.02133293,-0.02126469,-0.022647839,-0.021248061,-0.02128568,-0.021289188,-0.021295328,-0.02276833,-0.021239575,-0.021337625,-0.023052182,-0.021310892,-0.022705626,-0.021305684
2022-12-02,-0.025262464,-0.025301788,-0.02529322,-0.026745688,-0.02530476,-0.025302503,-0.025345925,-0.02526344,-0.026662927,-0.025262807,-0.025306273,-0.025306728,-0.025310013,-0.026791912,-0.025263142,-0.02534243,-0.027105551,-0.025344681,-0.026721355,-0.025338676
2022-12-05,-0.023118783,-0.023165133,-0.02315307,-0.024605837,-0.023163747,-0.023171347,-0.023213197,-0.023145761,-0.024522949,-0.023118388,-0.023171213,-0.023166176,-0.0231721,-0.024647128,-0.023117084,-0.023216937,-0.02494682,-0.023212489,-0.024580989,-0.023207191
2022-12-06,-0.025253695,-0.025294777,-0.025275473,-0.026745688,-0.025353853,-0.025308687,-0.02535085,-0.025252063,-0.026662927,-0.025257636,-0.025308598,-0.02530371,-0.025304925,-0.026791912,-0.025250215,-0.025334228,-0.027105551,-0.025309954,-0.026721355,-0.025334839
2022-12-07,-0.025253091,-0.025297832,-0.025293369,-0.026745688,-0.025382143,-0.025309052,-0.025353726,-0.025250968,-0.026662927,-0.025257807,-0.025308874,-0.025306161,-0.025307227,-0.026791912,-0.025258098,-0.0253391,-0.027105551,-0.025305603,-0.026721355,-0.025337335
2022-12-08,-0.027930576,-0.027991865,-0.027973536,-0.029418137,-0.028021429,-0.027979393,-0.02803212,-0.027909081,-0.02933501,-0.0279275,-0.027979266,-0.02798165,-0.027982768,-0.029461678,-0.027940404,-0.027951363,-0.029785287,-0.027949836,-0.02939443,-0.027981985
2022-12-09,-0.025253732,-0.02531245,-0.025295261,-0.026745688,-0.0252893,-0.025309365,-0.02535617,-0.025231477,-0.026662927,-0.025266137,-0.02530932,-0.025307234,-0.025309693,-0.026791912,-0.025263991,-0.025305975,-0.027105551,-0.02530374,-0.026721355,-0.025309589
2022-12-12,-0.025255274,-0.025318738,-0.02526601,-0.026745688,-0.025285292,-0.025309425,-0.025354873,-0.025247704,-0.026662927,-0.025255632,-0.02530947,-0.025312204,-0.025305424,-0.026791912,-0.025254805,-0.025239546,-0.027105551,-0.025287356,-0.026721355,-0.02530786
2022-12-13,-0.025254961,-0.025276814,-0.025297876,-0.026745688,-0.02532721,-0.025309514,-0.025353555,-0.025226284,-0.026662927,-0.025253605,-0.025309544,-0.025299672,-0.025305513,-0.026791912,-0.02525505,-0.025276158,-0.027105551,-0.025289003,-0.026721355,-0.025308657
2022-12-14,-0.024475563,-0.024502214,-0.02449299,-0.025957014,-0.024563003,-0.024523359,-0.024569314,-0.024445575,-0.025874656,-0.024467785,-0.024523418,-0.02451859,-0.0245183,-0.026010197,-0.024482008,-0.024520878,-0.026327658,-0.02448931,-0.025932346,-0.02452315
2022-12-15,-0.026616689,-0.02665053,-0.026649144,-0.028105397,-0.026701111,-0.026667554,-0.026718345,-0.026600178,-0.02802166,-0.026615445,-0.02666742,-0.026666436,-0.026666585,-0.028134,-0.026632573,-0.02666616,-0.028437246,-0.026635755,-0.028081667,-0.026667204
2022-12-16,-0.023976263,-0.024019923,-0.024032805,-0.025466707,-0.024093341,-0.024029616,-0.024078224,-0.023980547,-0.025382694,-0.023977008,-0.024029601,-0.024028007,-0.024027321,-0.025487613,-0.023989286,-0.023996722,-0.025770526,-0.02401207,-0.025442313,-0.024029408
2022-12-19,-0.026589956,-0.026565228,-0.026613679,-0.028081957,-0.026732165,-0.026644249,-0.026687745,-0.026569221,-0.027999166,-0.026586402,-0.026644338,-0.026631918,-0.026638027,-0.028131466,-0.02658913,-0.026615914,-0.02845424,-0.02662908,-0.028057847,-0.026643973
2022-12-20,-0.025255565,-0.025262471,-0.025286492,-0.026745688,-0.025405135,-0.025309619,-0.025353897,-0.02524298,-0.026662927,-0.02525125,-0.025285881,-0.02530146,-0.025304232,-0.026791912,-0.025255974,-0.025312807,-0.027105551,-0.025290724,-0.026721355,-0.025309455
2022-12-21,-0.02525777,-0.025233794,-0.025292885,-0.026745688,-0.025385443,-0.025309589,-0.025345098,-0.02522723,-0.026662927,-0.02525464,-0.025257114,-0.025302667,-0.025304686,-0.026791912,-0.02525628,-0.02530552,-0.027105551,-0.02531847,-0.026721355,-0.025309514
2022-12-22,-0.025457572,-0.025438916,-0.025475536,-0.026950557,-0.025573533,-0.025486756,-0.025547605,-0.025444377,-0.026866507,-0.025463957,-0.025451835,-0.02549934,-0.025506165,-0.02697159,-0.025463235,-0.025498684,-0.027259748,-0.025529478,-0.026926663,-0.025508922
2022-12-23,-0.030251335,-0.030249152,-0.03027514,-0.03173754,-0.030338768,-0.030247431,-0.030316796,-0.030249115,-0.031654138,-0.03026275,-0.03027587,-0.030289125,-0.030296098,-0.031777475,-0.03024638,-0.03032339,-0.03211054,-0.030327994,-0.031714525,-0.030300189
2022-12-27,-0.035840217,-0.035828587,-0.035860855,-0.037328128,-0.03591973,-0.035836544,-0.0359168,-0.035839032,-0.037245307,-0.035842005,-0.035834897,-0.035877902,-0.035874646,-0.03738733,-0.0358298,-0.035898697,-0.037767295,-0.035900246,-0.03730614,-0.03585432
2022-12-28,-0.02525596,-0.0252303,-0.025282461,-0.026745688,-0.025331821,-0.025257628,-0.025337797,-0.025267769,-0.026662927,-0.025256846,-0.025253769,-0.025295336,-0.025300462,-0.026791912,-0.025253017,-0.02534217,-0.027105551,-0.025328014,-0.026721355,-0.025273677
2022-12-29,-0.02802169,-0.027999748,-0.028066661,-0.02951369,-0.0280709,-0.028033037,-0.028107215,-0.028022315,-0.029430222,-0.028015617,-0.028007027,-0.028062332,-0.028062914,-0.029549774,-0.028018583,-0.02802727,-0.02986871,-0.028093707,-0.029490065,-0.02805407
2022-12-30,-0.025255393,-0.025262069,-0.025299836,-0.026745688,-0.02530964,-0.025276106,-0.025344577,-0.025276113,-0.026662927,-0.025253858,-0.025264036,-0.025296528,-0.025300343,-0.026791912,-0.025255714,-0.025272187,-0.027105551,-0.025317702,-0.026721355,-0.02526256
2023-01-03,-0.025251303,-0.025255185,-0.025293428,-0.026745688,-0.025309581,-0.025265742,-0.025345203,-0.025277387,-0.026662927,-0.025251258,-0.025249574,-0.025293525,-0.025301773,-0.026791912,-0.025251735,-0.02532148,-0.027105551,-0.025311757,-0.026721355,-0.02526046
2023-01-04,-0.025251102,-0.025262889,-0.02527659,-0.026745688,-0.02531379,-0.025283094,-0.025349531,-0.025264326,-0.026662927,-0.025250915,-0.025243644,-0.025289912,-0.025297847,-0.026791912,-0.025250029,-0.025308516,-0.027105551,-0.025295634,-0.026721355,-0.025264096
2023-01-05,-0.023348626,-0.023350809,-0.023383688,-0.024836648,-0.023399908,-0.023366075,-0.023446288,-0.023365777,-0.024753463,-0.023343008,-0.023377169,-0.023390654,-0.023393076,-0.024872307,-0.023345929,-0.02339976,-0.025168102,-0.023395468,-0.0248118,-0.023363154
2023-01-06,-0.025250565,-0.025259476,-0.025256913,-0.026745688,-0.025308449,-0.025275495,-0.025354136,-0.02529097,-0.026662927,-0.025252927,-0.0252379,-0.025300603,-0.02529892,-0.026791912,-0.02524921,-0.025322083,-0.027105551,-0.02530421,-0.026721355,-0.025286477
2023-01-09,-0.025530372,-0.025533583,-0.025542755,-0.027027134,-0.025600437,-0.025565866,-0.025639791,-0.025564339,-0.02694362,-0.025539834,-0.025521163,-0.025572997,-0.025583517,-0.027059887,-0.025535751,-0.025578458,-0.027363058,-0.025590379,-0.027002912,-0.025575716
2023-01-10,-0.02525014,-0.025297333,-0.025251742,-0.026745688,-0.025324736,-0.025313754,-0.025349144,-0.025255565,-0.026662927,-0.025255691,-0.025257979,-0.025294933,-0.025301944,-0.026791912,-0.025279548,-0.025272552,-0.027105551,-0.025285903,-0.026721355,-0.025296394
2023-01-11,-0.025254864,-0.025261674,-0.025263134,-0.026745688,-0.025314514,-0.025278818,-0.025337081,-0.025250327,-0.026662927,-0.025269743,-0.025254596,-0.025287677,-0.025302727,-0.026791912,-0.025269043,-0.025269885,-0.027105551,-0.02531771,-0.026721355,-0.025298517
2023-01-12,-0.025250163,-0.025258776,-0.025250372,-0.026745688,-0.025312532,-0.025261197,-0.025344554,-0.025231395,-0.026662927,-0.025262173,-0.025251638,-0.025281835,-0.0253007,-0.026791912,-0.025259953,-0.02526075,-0.027105551,-0.02529427,-0.026721355,-0.025278937
2023-01-13,-0.023450624,-0.023479026,-0.023463722,-0.024940465,-0.02351499,-0.02346721,-0.023545217,-0.023479704,-0.024858002,-0.023452114,-0.023431282,-0.023489114,-0.023502383,-0.024990436,-0.02345441,-0.023457434,-0.025303308,-0.023508836,-0.024915386,-0.023525614
2023-01-17,-0.024837833,-0.0248559,-0.024838421,-0.026316535,-0.024893206,-0.024863888,-0.024930555,-0.024871577,-0.026234094,-0.024831679,-0.024814967,-0.024875153,-0.024882775,-0.026365977,-0.024826009,-0.024848174,-0.026686717,-0.024867903,-0.026291784,-0.024898838
2023-01-18,-0.025267657,-0.025307823,-0.025278118,-0.026745688,-0.025351275,-0.025286969,-0.025347259,-0.025284726,-0.026662927,-0.025267277,-0.025267858,-0.025300074,-0.025306169,-0.026791912,-0.025249664,-0.02526481,-0.027105551,-0.025309388,-0.026721355,-0.025340449
2023-01-19,-0.025261272,-0.025304038,-0.025262583,-0.026745688,-0.025378067,-0.025275696,-0.025348198,-0.025291089,-0.026662927,-0.025263015,-0.025245536,-0.02530327,-0.025304843,-0.026791912,-0.025251169,-0.025270578,-0.027105551,-0.025308777,-0.026721355,-0.025335353
2023-01-20,-0.025265407,-0.02526373,-0.025301103,-0.026745688,-0.025360722,-0.025266688,-0.025353778,-0.025296886,-0.026662927,-0.025264796,-0.025287006,-0.025304507,-0.025308337,-0.026791912,-0.0252592,-0.025276724,-0.027105551,-0.025267612,-0.026721355,-0.025327358
2023-01-23,-0.023223128,-0.023213062,-0.023217577,-0.024699133,-0.023347136,-0.023230266,-0.023307513,-0.023258548,-0.024616439,-0.023239005,-0.023197468,-0.023237687,-0.023265194,-0.02474298,-0.023219984,-0.023229215,-0.025044646,-0.02325369,-0.024674337,-0.02322014
2023-01-24,-0.025268842,-0.025279064,-0.025260936,-0.026745688,-0.025384884,-0.025297146,-0.02534857,-0.025304932,-0.026662927,-0.025298666,-0.02525914,-0.025263164,-0.025311831,-0.026791912,-0.02525859,-0.02526654,-0.027105551,-0.025311854,-0.026721355,-0.025269862
2023-01-25,-0.023286622,-0.023282636,-0.02329598,-0.024777386,-0.023439925,-0.023303691,-0.023376387,-0.023336288,-0.024694983,-0.023324158,-0.023329865,-0.023285683,-0.02334107,-0.024829779,-0.023285832,-0.023294684,-0.025137242,-0.023333725,-0.024752397,-0.023321737
2023-01-26,-0.030504737,-0.030493718,-0.03057621,-0.031995717,-0.03061517,-0.030504968,-0.030593913,-0.030557048,-0.03191256,-0.030533891,-0.030554485,-0.030517962,-0.030560654,-0.0320432,-0.030508827,-0.030518923,-0.03238677,-0.030531008,-0.031972516,-0.030518088
2023-01-27,-0.025272038,-0.025229048,-0.025345478,-0.026745688,-0.025350142,-0.025252279,-0.025332492,-0.025300343,-0.026662927,-0.025291238,-0.025243673,-0.025303643,-0.025310975,-0.026791912,-0.025259431,-0.0252566,-0.027105551,-0.025296036,-0.026721355,-0.025232974
2023-01-30,-0.023068983,-0.023087848,-0.023146603,-0.02455512,-0.02314132,-0.023055676,-0.02315202,-0.023104485,-0.024473172,-0.023075353,-0.023091834,-0.023141164,-0.02311733,-0.02461728,-0.023070496,-0.023099255,-0.024932917,-0.023110297,-0.024529975,-0.023125727
2023-01-31,-0.025249321,-0.025245111,-0.025347676,-0.026745688,-0.025341075,-0.025256965,-0.025317747,-0.025291208,-0.026662927,-0.02527855,-0.025234569,-0.025294993,-0.025303986,-0.026791912,-0.02525108,-0.025232237,-0.027105551,-0.025307897,-0.026721355,-0.025240969
2023-02-01,-0.024470892,-0.024449553,-0.024565931,-0.025934849,-0.024535943,-0.02450544,-0.024555255,-0.0245252,-0.025852378,-0.024501633,-0.024494175,-0.024509829,-0.024525832,-0.025984641,-0.024484422,-0.024475653,-0.026314463,-0.02448998,-0.025909554,-0.02445009
2023-02-02,-0.025218438,-0.025195036,-0.025323834,-0.02671187,-0.025288094,-0.02520908,-0.025312822,-0.025269885,-0.026629273,-0.02523553,-0.025249202,-0.025277834,-0.025278088,-0.026761834,-0.025229704,-0.02526014,-0.027081829,-0.025266323,-0.02668732,-0.025205936
2023-02-03,-0.025114145,-0.025140058,-0.025218304,-0.026608016,-0.025190081,-0.025105726,-0.025210064,-0.025166672,-0.026525412,-0.025143173,-0.02514625,-0.025196414,-0.025171693,-0.02665845,-0.025127072,-0.025167417,-0.026977334,-0.025186691,-0.026583467,-0.025165748
2023-02-06,-0.025365759,-0.025363345,-0.025470015,-0.026862342,-0.025447804,-0.02534068,-0.025460992,-0.025409494,-0.026779931,-0.025399294,-0.025378298,-0.025440466,-0.025423657,-0.026916351,-0.025374237,-0.025410157,-0.027239185,-0.025445107,-0.026837874,-0.025398027
2023-02-07,-0.02286413,-0.022832554,-0.022961844,-0.024354097,-0.022934254,-0.022828009,-0.022953484,-0.02291425,-0.024269532,-0.022881825,-0.022870827,-0.022906054,-0.022915322,-0.024360698,-0.022878882,-0.022919748,-0.02462257,-0.02294587,-0.02432983,-0.02284829
2023-02-08,-0.02524941,-0.02523173,-0.025348287,-0.026745688,-0.025327105,-0.025253717,-0.025343653,-0.025305558,-0.026662927,-0.025275405,-0.025294434,-0.025286641,-0.025306407,-0.026791912,-0.025255907,-0.025275115,-0.027105551,-0.025341291,-0.026721355,-0.025252532
2023-02-09,-0.02524883,-0.025273357,-0.025278803,-0.026745688,-0.025344472,-0.02525929,-0.025344353,-0.02530877,-0.026662927,-0.025269125,-0.025300305,-0.025285717,-0.025304366,-0.026791912,-0.025253784,-0.025269318,-0.027105551,-0.025343802,-0.026721355,-0.025267605
2023-02-10,-0.022771765,-0.022797767,-0.022801805,-0.024272818,-0.022879604,-0.022803087,-0.022866298,-0.02282628,-0.024190772,-0.022794943,-0.022796277,-0.022784684,-0.02282704,-0.024332445,-0.02277669,-0.022790615,-0.024643313,-0.022870373,-0.02424777,-0.022822324
2023-02-13,-0.026641462,-0.02662829,-0.026667763,-0.028139856,-0.026756328,-0.026675534,-0.026734013,-0.026689697,-0.028057348,-0.026679281,-0.026664566,-0.026660237,-0.026695076,-0.028192695,-0.026640188,-0.026615467,-0.028520014,-0.026742492,-0.028115693,-0.026648123
2023-02-14,-0.025248375,-0.025230136,-0.025277954,-0.026745688,-0.025377054,-0.025301587,-0.025344785,-0.0252931,-0.026662927,-0.025286142,-0.025256831,-0.025264028,-0.025303852,-0.026791912,-0.025250267,-0.025245715,-0.027105551,-0.02535085,-0.026721355,-0.025234986
2023-02-15,-0.025248293,-0.025277417,-0.025275815,-0.026745688,-0.025390688,-0.025279071,-0.025348213,-0.025289368,-0.026662927,-0.025293734,-0.025261167,-0.02526756,-0.025306638,-0.026791912,-0.025251593,-0.025223512,-0.027105551,-0.02535079,-0.026721355,-0.025308412
2023-02-16,-0.025265764,-0.025242645,-0.02527586,-0.026745688,-0.025399726,-0.02528454,-0.025315087,-0.025294323,-0.026662927,-0.025308292,-0.025298003,-0.025273744,-0.025312345,-0.026791912,-0.025262084,-0.025242236,-0.027105551,-0.02536228,-0.026721355,-0.025264423
2023-02-17,-0.025968645,-0.025984686,-0.025994461,-0.027447913,-0.026106734,-0.025991078,-0.026052993,-0.026018176,-0.02736568,-0.026010644,-0.026020486,-0.025997605,-0.026021276,-0.027505178,-0.0259802,-0.025980283,-0.02783962,-0.026072133,-0.02742334,-0.026018206
2023-02-21,-0.026927043,-0.026933204,-0.026951756,-0.028401304,-0.027041998,-0.02690753,-0.02699491,-0.026946131,-0.028318558,-0.026940327,-0.026972834,-0.026982639,-0.026969101,-0.028450493,-0.026934523,-0.026904482,-0.028778944,-0.0270232,-0.028377179,-0.026970979
2023-02-22,-0.02525955,-0.025280062,-0.025271531,-0.026745688,-0.025396336,-0.025250133,-0.02533197,-0.025302935,-0.026662927,-0.025296781,-0.0253154,-0.025303755,-0.025305372,-0.026791912,-0.0252675,-0.025233168,-0.027105551,-0.02536432,-0.026721355,-0.02531508
2023-02-23,-0.02470756,-0.024697509,-0.024718728,-0.0261718,-0.024844673,-0.02469616,-0.024776291,-0.024747435,-0.02608892,-0.024742361,-0.024763484,-0.024734724,-0.024748374,-0.026212636,-0.024716351,-0.024680194,-0.026527558,-0.024801347,-0.026147123,-0.02468558
2023-02-24,-0.027281824,-0.02726147,-0.02730788,-0.028754856,-0.027395632,-0.027272988,-0.027338717,-0.027328532,-0.02867068,-0.027304355,-0.027337503,-0.02733725,-0.027323406,-0.028775845,-0.02728274,-0.027292896,-0.02907497,-0.027374882,-0.028731454,-0.027286042
2023-02-27,-0.025080007,-0.025095377,-0.025103446,-0.026555452,-0.025199603,-0.025078636,-0.025142197,-0.02511723,-0.026472855,-0.025098365,-0.025140043,-0.025082227,-0.025119212,-0.026607867,-0.025070328,-0.025054734,-0.026924994,-0.025177967,-0.02653097,-0.025067318
2023-02-28,-0.02526119,-0.025294956,-0.025286283,-0.026745688,-0.025366042,-0.025253605,-0.025338259,-0.025300082,-0.026662927,-0.025300745,-0.025332745,-0.025291238,-0.025308747,-0.026791912,-0.025266472,-0.0252528,-0.027105551,-0.025360625,-0.026721355,-0.025228988
2023-03-01,-0.025257658,-0.02529255,-0.02528676,-0.026745688,-0.025352757,-0.025300447,-0.02534664,-0.025309738,-0.026662927,-0.0253052,-0.02532373,-0.025284257,-0.025307294,-0.026791912,-0.025270414,-0.025269765,-0.027105551,-0.02535722,-0.026721355,-0.025262933
2023-03-02,-0.02525482,-0.025301356,-0.02529012,-0.026745688,-0.02534258,-0.025279041,-0.025345843,-0.025307376,-0.026662927,-0.025304232,-0.025330711,-0.025269326,-0.02530719,-0.026791912,-0.02525952,-0.025259312,-0.027105551,-0.025359336,-0.026721355,-0.025300596
2023-03-03,-0.025258664,-0.025302488,-0.025281753,-0.026745688,-0.025351312,-0.025258455,-0.02534179,-0.02531023,-0.026662927,-0.025305685,-0.025325712,-0.025292661,-0.025306385,-0.026791912,-0.02525736,-0.02523924,-0.027105551,-0.025360357,-0.026721355,-0.02529173
2023-03-06,-0.025257338,-0.025307607,-0.025287475,-0.026745688,-0.025350835,-0.025306787,-0.02535094,-0.025317397,-0.026662927,-0.025296401,-0.025330562,-0.025313314,-0.025309112,-0.026791912,-0.025266755,-0.025290359,-0.027105551,-0.025356915,-0.026721355,-0.025274057
2023-03-07,-0.025252666,-0.02530833,-0.025279041,-0.026745688,-0.025337245,-0.025311064,-0.025340442,-0.025313672,-0.026662927,-0.025291111,-0.025323283,-0.025314998,-0.025302585,-0.026791912,-0.025259372,-0.025257941,-0.027105551,-0.025355782,-0.026721355,-0.025262814
2023-03-08,-0.025256526,-0.025312465,-0.025290933,-0.026742455,-0.02533092,-0.025298122,-0.025349047,-0.025314275,-0.026659917,-0.025297668,-0.02531993,-0.02531911,-0.025306854,-0.026793811,-0.025275733,-0.025249522,-0.02711637,-0.025355954,-0.026717786,-0.025234807
2023-03-09,-0.025260251,-0.025309268,-0.02529234,-0.026745688,-0.025331292,-0.025291082,-0.025349278,-0.025305267,-0.026662927,-0.025288824,-0.025322732,-0.025323834,-0.025308605,-0.026791912,-0.025268558,-0.02524792,-0.027105551,-0.02535903,-0.026721355,-0.025261786
2023-03-10,-0.026595797,-0.02664845,-0.026632164,-0.028081644,-0.026674274,-0.026612673,-0.026687767,-0.02666254,-0.027999025,-0.026621941,-0.02666976,-0.02666239,-0.026648063,-0.02813385,-0.026599642,-0.026585098,-0.028461974,-0.026694458,-0.028057504,-0.026645739
2023-03-13,-0.023090709,-0.023149189,-0.023134518,-0.02456421,-0.023168575,-0.023073573,-0.023186695,-0.023151767,-0.024482075,-0.023128022,-0.023166541,-0.023151863,-0.023146685,-0.024618011,-0.023103546,-0.023076061,-0.024939831,-0.02318601,-0.024538841,-0.023136776
2023-03-14,-0.02526487,-0.025309484,-0.02527335,-0.026745688,-0.025332432,-0.025295455,-0.025362048,-0.025311593,-0.026662927,-0.02530421,-0.025325004,-0.025345799,-0.025318857,-0.026791912,-0.025334124,-0.025268096,-0.027105551,-0.025346447,-0.026721355,-0.025327425
2023-03-15,-0.02562612,-0.025665585,-0.025628041,-0.027105968,-0.025691513,-0.025659744,-0.02572057,-0.025662597,-0.027023327,-0.025656696,-0.025682833,-0.025713231,-0.025677387,-0.027156468,-0.025685418,-0.025649067,-0.027473684,-0.025706034,-0.027081672,-0.025660928
2023-03-16,-0.022857148,-0.022897046,-0.022854995,-0.024337064,-0.022930738,-0.022905748,-0.022961836,-0.022900041,-0.024252858,-0.022893857,-0.022915553,-0.022903938,-0.02291279,-0.024350401,-0.022939827,-0.022864211,-0.024618652,-0.022943635,-0.024312656,-0.022897217
2023-03-17,-0.02688231,-0.026927914,-0.026876304,-0.028361324,-0.026952017,-0.026927825,-0.02698337,-0.02692851,-0.02827822,-0.026921887,-0.026942018,-0.02697279,-0.02693839,-0.02840482,-0.026960213,-0.026905235,-0.028725263,-0.026967231,-0.028337259,-0.026914869
2023-03-20,-0.024686236,-0.024729993,-0.024702106,-0.02616335,-0.024762046,-0.02474546,-0.024788063,-0.024737488,-0.026080657,-0.02470265,-0.02474301,-0.024785217,-0.024741087,-0.026210438,-0.024763022,-0.024723422,-0.026523422,-0.024765197,-0.026138794,-0.024715457
2023-03-21,-0.030080307,-0.030134257,-0.030103344,-0.03156915,-0.030167293,-0.030142728,-0.030187752,-0.030132893,-0.03148641,-0.030088458,-0.030145358,-0.030161131,-0.030138683,-0.031622175,-0.030145582,-0.030100849,-0.03196794,-0.030164216,-0.031545874,-0.03011996
2023-03-22,-0.024965983,-0.025020238,-0.025000174,-0.026457537,-0.025052514,-0.025028508,-0.025077377,-0.025026236,-0.026374143,-0.02497482,-0.025035474,-0.025057752,-0.025026623,-0.026491541,-0.025049109,-0.02497952,-0.026791561,-0.025056612,-0.026433278,-0.025020596
2023-03-23,-0.026102629,-0.026158806,-0.02614588,-0.027596522,-0.02619176,-0.026168328,-0.026211042,-0.026168581,-0.027513597,-0.026133675,-0.02616689,-0.026210595,-0.026159186,-0.027641129,-0.026191156,-0.026118066,-0.027956825,-0.026126985,-0.027572375,-0.026131202
2023-03-24,-0.02535053,-0.025407251,-0.025372442,-0.026836548,-0.025440078,-0.025413778,-0.02545568,-0.02540632,-0.026754152,-0.025378343,-0.025413614,-0.025451992,-0.025407892,-0.026888613,-0.02543198,-0.025328603,-0.027212184,-0.025358025,-0.026811969,-0.02537464
2023-03-27,-0.02406026,-0.024115767,-0.024068806,-0.025554072,-0.024147194,-0.024129424,-0.024164196,-0.024124969,-0.025471132,-0.024089951,-0.0241252,-0.02416667,-0.024118174,-0.025597062,-0.02414487,-0.024081428,-0.025900226,-0.024090882,-0.025529433,-0.024101596
2023-03-28,-0.028124232,-0.0281878,-0.028136294,-0.029627826,-0.028211687,-0.028196935,-0.028236028,-0.028192986,-0.029544834,-0.0281563,-0.028194208,-0.028225873,-0.028186347,-0.029674511,-0.028217386,-0.028130043,-0.030001309,-0.028132442,-0.029604215,-0.028189767
2023-03-29,-0.02749249,-0.027555246,-0.027514879,-0.028993096,-0.027571905,-0.027563605,-0.02760284,-0.027558018,-0.028910387,-0.027515236,-0.027551282,-0.027584795,-0.02755231,-0.029043239,-0.027578551,-0.02750614,-0.029371407,-0.027501572,-0.028969225,-0.027534869
2023-03-30,-0.022759441,-0.022819225,-0.022784483,-0.024251688,-0.0228354,-0.022829566,-0.022870269,-0.022806805,-0.024168905,-0.022783529,-0.022820797,-0.022848275,-0.022816028,-0.02429526,-0.022839312,-0.022769239,-0.024595845,-0.022764023,-0.024226632,-0.022859152
2023-03-31,-0.023832511,-0.02389459,-0.023866106,-0.025327329,-0.024395417,-0.023908827,-0.023945082,-0.023882512,-0.025244076,-0.023839016,-0.023897324,-0.023921315,-0.023888107,-0.025362927,-0.023921583,-0.023850065,-0.0256613,-0.023834046,-0.025302637,-0.023897368
2023-04-03,-0.025248025,-0.02530953,-0.025271874,-0.026745688,-0.025475021,-0.025322523,-0.025352273,-0.025304135,-0.026662927,-0.025261898,-0.025316555,-0.025351834,-0.025304746,-0.026791912,-0.025332082,-0.025277745,-0.027105551,-0.02527726,-0.026721355,-0.025306452
2023-04-04,-0.02229252,-0.022353861,-0.022318486,-0.023795072,-0.022456553,-0.022369724,-0.02239788,-0.022328857,-0.023713093,-0.022294436,-0.022356365,-0.022299696,-0.022344995,-0.023853246,-0.022366975,-0.022344645,-0.024159584,-0.022318441,-0.023769941,-0.022362586
2023-04-05,-0.025266532,-0.025316942,-0.0252872,-0.026745688,-0.025375199,-0.025334332,-0.025355998,-0.025293168,-0.026662927,-0.0252803,-0.025318164,-0.025279518,-0.025303606,-0.026791912,-0.02530792,-0.02527761,-0.027105551,-0.025270369,-0.026721355,-0.02530754
2023-04-06,-0.025265817,-0.025312658,-0.02528369,-0.026745688,-0.025850054,-0.025321614,-0.025357012,-0.02530143,-0.026662927,-0.025303457,-0.02531537,-0.025308076,-0.025305685,-0.026791912,-0.02529895,-0.025257107,-0.027105551,-0.02525479,-0.026721355,-0.025281642
2023-04-10,-0.025263283,-0.025304224,-0.02529103,-0.026745688,-0.025489245,-0.025324997,-0.025353622,-0.025328603,-0.026662927,-0.025298398,-0.02531385,-0.025300082,-0.02530459,-0.026791912,-0.025289249,-0.025232632,-0.027105551,-0.025249999,-0.026721355,-0.025289875
2023-04-11,-0.032120574,-0.032180365,-0.032157343,-0.033625517,-0.032282244,-0.032193724,-0.032225307,-0.032158587,-0.033542726,-0.032171268,-0.032183673,-0.03215223,-0.032177027,-0.033681486,-0.03215352,-0.03217141,-0.034036983,-0.03211874,-0.033602696,-0.03217103
2023-04-12,-0.027899716,-0.027967323,-0.027935985,-0.029399227,-0.028020475,-0.027982768,-0.02800231,-0.027944077,-0.029316362,-0.027929042,-0.027976546,-0.027981255,-0.0279595,-0.029448207,-0.02792209,-0.027984131,-0.029781308,-0.027948502,-0.029375318,-0.027963337
2023-04-13,-0.02861287,-0.028684888,-0.028639544,-0.03010315,-0.02873196,-0.02869809,-0.028723557,-0.028655838,-0.030020501,-0.028628927,-0.028685343,-0.028651942,-0.028671224,-0.030155938,-0.02867696,-0.028700579,-0.030503053,-0.028634656,-0.03007913,-0.028694745
2023-04-14,-0.022341032,-0.02239227,-0.022376154,-0.023835737,-0.02242202,-0.022419732,-0.022452269,-0.022377376,-0.023753118,-0.022347767,-0.02240697,-0.02236088,-0.022390764,-0.023881834,-0.022407722,-0.022427466,-0.024183694,-0.0223536,-0.023810495,-0.022436451
2023-04-17,-0.02432746,-0.024378385,-0.024356876,-0.02582055,-0.024400506,-0.024398718,-0.024439659,-0.024341237,-0.025737245,-0.024343725,-0.024392638,-0.024337757,-0.024378646,-0.025857698,-0.024393287,-0.024364624,-0.026160311,-0.024363328,-0.025795948,-0.024412643
2023-04-18,-0.025247794,-0.025303174,-0.025278408,-0.026745688,-0.025258746,-0.025317576,-0.025360707,-0.025280874,-0.026662927,-0.025254395,-0.025310915,-0.025264632,-0.025303986,-0.026791912,-0.02531341,-0.025314648,-0.027105551,-0.025263283,-0.026721355,-0.025315765
2023-04-19,-0.028583493,-0.028640013,-0.028620843,-0.030070316,-0.028582077,-0.028656308,-0.028697152,-0.028621148,-0.029987227,-0.028639894,-0.028643306,-0.028591786,-0.028638188,-0.030115653,-0.028636608,-0.028651971,-0.030450244,-0.028590728,-0.030046526,-0.02866232
2023-04-20,-0.025251064,-0.025304575,-0.025289964,-0.026745688,-0.02530976,-0.025324065,-0.025366168,-0.025269497,-0.026662927,-0.025314044,-0.025313187,-0.025252204,-0.025306571,-0.026791912,-0.025295231,-0.025315043,-0.027105551,-0.025257658,-0.026721355,-0.02535991
2023-04-21,-0.022223819,-0.022279818,-0.022266295,-0.02372272,-0.022292715,-0.02229258,-0.022340346,-0.02224787,-0.023641001,-0.022284564,-0.022290614,-0.022220138,-0.022279251,-0.02378777,-0.022269618,-0.022311438,-0.024101552,-0.022246141,-0.023697343,-0.022323292
2023-04-24,-0.023592647,-0.023651768,-0.023623627,-0.025080625,-0.02365503,-0.023658399,-0.023712035,-0.023612048,-0.024997335,-0.023627546,-0.023656037,-0.023587119,-0.023643915,-0.025112893,-0.023645412,-0.023669008,-0.025408525,-0.023607273,-0.025055807,-0.023702
2023-04-25,-0.025249306,-0.025308747,-0.02528089,-0.026745688,-0.025318239,-0.025323939,-0.02536923,-0.025278356,-0.026662927,-0.025266979,-0.02531458,-0.025255065,-0.025301311,-0.026791912,-0.025317091,-0.025325362,-0.027105551,-0.025262665,-0.026721355,-0.025361437
2023-04-26,-0.025249463,-0.025311906,-0.02528816,-0.026745688,-0.025328,-0.02532116,-0.025368068,-0.025287356,-0.026662927,-0.025263052,-0.025318008,-0.02526379,-0.025303382,-0.026791912,-0.025338937,-0.025321823,-0.027105551,-0.025266644,-0.026721355,-0.02538022
2023-04-27,-0.025260795,-0.025311533,-0.025277693,-0.026745688,-0.025329571,-0.025329184,-0.025365006,-0.025285412,-0.026662927,-0.02526008,-0.02531733,-0.025320757,-0.025306191,-0.026791912,-0.025338937,-0.025312837,-0.027105551,-0.025263581,-0.026721355,-0.025367457
2023-04-28,-0.025277998,-0.025312487,-0.025262889,-0.026745688,-0.025325362,-0.025316838,-0.025361206,-0.025278192,-0.026662927,-0.02527893,-0.025315147,-0.025329899,-0.025307413,-0.026791912,-0.025346737,-0.025310207,-0.027105551,-0.025259357,-0.026721355,-0.025318053
2023-05-01,-0.025251169,-0.025301967,-0.025256854,-0.026745688,-0.025327194,-0.025316443,-0.025360223,-0.02529962,-0.026662927,-0.02528682,-0.025315415,-0.025350574,-0.025306318,-0.026791912,-0.025335882,-0.025327954,-0.027105551,-0.025255147,-0.026721355,-0.02530006
2023-05-02,-0.025250372,-0.025277335,-0.025270049,-0.026745688,-0.025327858,-0.025322337,-0.025357906,-0.025304835,-0.026662927,-0.025296506,-0.025316421,-0.025313128,-0.025307845,-0.026791912,-0.025338646,-0.025339868,-0.027105551,-0.025271442,-0.026721355,-0.02529138
2023-05-03,-0.028383274,-0.028420579,-0.028398205,-0.029878441,-0.028456774,-0.028454829,-0.028495867,-0.028408539,-0.02979524,-0.028406266,-0.028453145,-0.028402243,-0.028443296,-0.0299217,-0.028472472,-0.028440189,-0.030251238,-0.028399091,-0.029854726,-0.02843364
2023-05-04,-0.023885358,-0.023949396,-0.023902182,-0.02537911,-0.023960438,-0.0239483,-0.023988698,-0.023924094,-0.025296476,-0.02390765,-0.023950558,-0.023906637,-0.02394117,-0.025425453,-0.023984734,-0.023982417,-0.025733408,-0.02392957,-0.025354464,-0.023903918
2023-05-05,-0.024395254,-0.02445795,-0.02441154,-0.025890443,-0.024471495,-0.02445731,-0.024498437,-0.024417352,-0.02580848,-0.024440158,-0.024442982,-0.024404678,-0.024454456,-0.025952723,-0.024490204,-0.024491165,-0.026277993,-0.024431389,-0.025865551,-0.02441964
2023-05-08,-0.024918351,-0.024977025,-0.02495261,-0.026409503,-0.02493335,-0.024936784,-0.02501968,-0.024950039,-0.02632669,-0.024963278,-0.02494711,-0.024911966,-0.024973001,-0.026456844,-0.025013577,-0.025002804,-0.026770193,-0.024947423,-0.026384983,-0.024928782
2023-05-09,-0.025251787,-0.025315937,-0.02527688,-0.026745688,-0.025284093,-0.025273096,-0.025352117,-0.025276456,-0.026662927,-0.025296602,-0.025274206,-0.02524801,-0.025307309,-0.026791912,-0.025338534,-0.025275987,-0.027105551,-0.025290113,-0.026721355,-0.025312778
2023-05-10,-0.025254358,-0.025312405,-0.025290128,-0.026745688,-0.025296498,-0.025277141,-0.0253569,-0.025291454,-0.026662927,-0.025290575,-0.025273677,-0.025257323,-0.025308292,-0.026791912,-0.02534492,-0.025303517,-0.027105551,-0.025276814,-0.026721355,-0.02526829
2023-05-11,-0.019812178,-0.019870806,-0.019848485,-0.021292556,-0.019856233,-0.019797873,-0.019915123,-0.019850876,-0.021207254,-0.019865017,-0.01985756,-0.019810352,-0.01986513,-0.021279257,-0.019904379,-0.01987246,-0.021509502,-0.019856434,-0.021267671,-0.019789409
2023-05-12,-0.021826815,-0.021877918,-0.021854501,-0.023303878,-0.021850388,-0.021854598,-0.021920312,-0.021851633,-0.02321979,-0.021862399,-0.021829996,-0.021833371,-0.02187549,-0.023320701,-0.021884728,-0.021843415,-0.023588885,-0.021852653,-0.023279037,-0.02181666
2023-05-15,-0.025878835,-0.025934491,-0.02592161,-0.027361903,-0.025906447,-0.025927845,-0.025980119,-0.025901806,-0.027278844,-0.025918428,-0.02590252,-0.025876764,-0.025931861,-0.027403612,-0.025960263,-0.025909785,-0.02772082,-0.025907014,-0.027337562,-0.02591129
2023-05-16,-0.02525488,-0.025314923,-0.025271889,-0.026745688,-0.025277007,-0.025295492,-0.02534939,-0.025299836,-0.026662927,-0.025326561,-0.025274944,-0.025263239,-0.025306087,-0.026791912,-0.025282,-0.025283825,-0.027105551,-0.025279593,-0.026721355,-0.025267106
2023-05-17,-0.02525552,-0.025319878,-0.025290545,-0.026745688,-0.025279325,-0.025300924,-0.02534644,-0.025304634,-0.026662927,-0.0253384,-0.025273707,-0.025259312,-0.025303956,-0.026791912,-0.02527799,-0.02528837,-0.027105551,-0.02528767,-0.026721355,-0.025290642
2023-05-18,-0.021807026,-0.02186248,-0.021824505,-0.023279596,-0.021812502,-0.021822754,-0.021864977,-0.02183852,-0.023196649,-0.021828245,-0.021870714,-0.02179506,-0.021849323,-0.02331749,-0.021835584,-0.021830406,-0.023608964,-0.021871287,-0.023254257,-0.021833558
2023-05-19,-0.02526157,-0.025320452,-0.025258768,-0.026745688,-0.025298897,-0.025273416,-0.025333952,-0.025294024,-0.026662927,-0.025279362,-0.025306713,-0.025268268,-0.025306333,-0.026791912,-0.025302257,-0.025294516,-0.027105551,-0.025326345,-0.026721355,-0.02527723
2023-05-22,-0.025255281,-0.025320519,-0.025255237,-0.026745688,-0.025284234,-0.025267262,-0.025338989,-0.025306936,-0.026662927,-0.02528042,-0.025307406,-0.025275487,-0.025303122,-0.026791912,-0.02530012,-0.025301661,-0.027105551,-0.025321726,-0.026721355,-0.025262263
2023-05-23,-0.025252309,-0.025319945,-0.025247592,-0.026745688,-0.025298115,-0.025254596,-0.025340509,-0.025302816,-0.026662927,-0.025284637,-0.025289308,-0.025259878,-0.025302324,-0.026791912,-0.025306549,-0.025290076,-0.027105551,-0.025320966,-0.026721355,-0.025268596
2023-05-24,-0.023176257,-0.02324174,-0.023181554,-0.024652947,-0.023218755,-0.023176607,-0.023262959,-0.023228701,-0.024570752,-0.023208488,-0.02322292,-0.023170758,-0.023223896,-0.024709132,-0.023230758,-0.023216616,-0.02502795,-0.023238707,-0.024627622,-0.02319507
2023-05-25,-0.025202598,-0.02527273,-0.025204334,-0.026694331,-0.02520642,-0.02522802,-0.025296737,-0.025258299,-0.026611421,-0.02523299,-0.025263812,-0.025199156,-0.02525353,-0.02673902,-0.025266137,-0.025245871,-0.027050834,-0.025265958,-0.026669916,-0.025209624
2023-05-26,-0.02525149,-0.025322434,-0.025252897,-0.026745688,-0.025300097,-0.02528577,-0.025351647,-0.025313344,-0.026662927,-0.025302287,-0.025312435,-0.025248107,-0.025305245,-0.026791912,-0.02534115,-0.025292214,-0.027105551,-0.025311034,-0.026721355,-0.025273506
2023-05-30,-0.025241587,-0.025307763,-0.025257621,-0.0267304,-0.025297899,-0.02527542,-0.025338728,-0.025299553,-0.026647534,-0.025291804,-0.025299978,-0.025236916,-0.0252931,-0.026775014,-0.025316145,-0.025273282,-0.027087446,-0.02528892,-0.026706006,-0.025263142
2023-05-31,-0.025251236,-0.025318418,-0.025298994,-0.026745688,-0.025275711,-0.0252929,-0.025357816,-0.025283601,-0.026662927,-0.025311653,-0.025310945,-0.025246624,-0.025305297,-0.026791912,-0.02532665,-0.025273051,-0.027105551,-0.02527396,-0.026721355,-0.025292937
2023-06-01,-0.025249276,-0.02531622,-0.0253116,-0.026745688,-0.025321778,-0.025300082,-0.025359455,-0.025303956,-0.026662927,-0.02531458,-0.025312256,-0.025247183,-0.025307167,-0.026791912,-0.025342252,-0.02527478,-0.027105551,-0.0252682,-0.026721355,-0.025266971
2023-06-02,-0.025251027,-0.025316041,-0.025316488,-0.026745688,-0.025334347,-0.025311094,-0.025357086,-0.025296096,-0.026662927,-0.025298912,-0.025315616,-0.02524833,-0.02530406,-0.026791912,-0.025346968,-0.025294509,-0.027105551,-0.025276568,-0.026721355,-0.025287766
2023-06-05,-0.023638424,-0.023697536,-0.023690742,-0.025128353,-0.023712654,-0.023696598,-0.023739409,-0.023688499,-0.025046226,-0.023679849,-0.023696493,-0.023639444,-0.023684714,-0.025185686,-0.023730103,-0.023683358,-0.025502052,-0.02365182,-0.025103394,-0.023696478
2023-06-06,-0.025249716,-0.025313918,-0.025300045,-0.026745688,-0.025321733,-0.025287088,-0.025356885,-0.025288243,-0.026662927,-0.025294606,-0.025312904,-0.025249634,-0.025305036,-0.026791912,-0.025337245,-0.025279563,-0.027105551,-0.025281433,-0.026721355,-0.025303196
2023-06-07,-0.02525537,-0.025317099,-0.025263999,-0.026745688,-0.025331479,-0.025310379,-0.025338527,-0.02528188,-0.026662927,-0.02528191,-0.02531432,-0.025250446,-0.025306065,-0.026791912,-0.025345858,-0.025282893,-0.027105551,-0.025320832,-0.026721355,-0.025305893
2023-06-08,-0.02807961,-0.02813493,-0.028098393,-0.02956492,-0.028147373,-0.028128792,-0.02817,-0.028095905,-0.02948236,-0.028097648,-0.02813707,-0.02807321,-0.028126027,-0.029619757,-0.028166492,-0.028120201,-0.029957648,-0.028121259,-0.029540997,-0.028133664
2023-06-09,-0.025250744,-0.025309343,-0.025285657,-0.026745688,-0.02532139,-0.02531055,-0.025354307,-0.025272038,-0.026662927,-0.025273446,-0.025312904,-0.02528556,-0.025306817,-0.026791912,-0.025354762,-0.025291156,-0.027105551,-0.025294308,-0.026721355,-0.025297966
2023-06-12,-0.025253143,-0.02531277,-0.025270883,-0.026745688,-0.025316391,-0.025311131,-0.025357973,-0.025270555,-0.026662927,-0.025284428,-0.025311012,-0.02529962,-0.025309179,-0.026791912,-0.025359754,-0.025321651,-0.027105551,-0.025292616,-0.026721355,-0.02529559
2023-06-13,-0.022384506,-0.02242184,-0.022415113,-0.023866985,-0.022446629,-0.022442449,-0.022490542,-0.022416841,-0.023784693,-0.02242716,-0.022437211,-0.022433791,-0.022440154,-0.023917984,-0.022487637,-0.02247851,-0.024227079,-0.022403244,-0.023841638,-0.022432279
2023-06-14,-0.022912595,-0.022969883,-0.022977639,-0.02441075,-0.022987742,-0.022981618,-0.023025926,-0.022975568,-0.024327043,-0.022956382,-0.022974584,-0.02297863,-0.022975694,-0.024435397,-0.023004185,-0.022959944,-0.024714883,-0.022920799,-0.024386246,-0.022960078
2023-06-15,-0.025947277,-0.026008535,-0.026000474,-0.027441856,-0.026015427,-0.026018705,-0.02605987,-0.026010197,-0.027358789,-0.02600095,-0.026004005,-0.02604771,-0.026007738,-0.027484078,-0.02599657,-0.02599689,-0.027798112,-0.025947805,-0.027417604,-0.026019368
2023-06-16,-0.025493491,-0.025555428,-0.025520954,-0.026984055,-0.025555093,-0.025565568,-0.025603522,-0.025552299,-0.026901234,-0.025533188,-0.025550228,-0.02556863,-0.02555165,-0.027030725,-0.025591385,-0.025535997,-0.027349677,-0.025505472,-0.026959632,-0.025551159
2023-06-20,-0.026988823,-0.027049605,-0.027033094,-0.028483558,-0.027058538,-0.027053189,-0.027094211,-0.027050022,-0.028400991,-0.027022813,-0.027045604,-0.027029078,-0.027042735,-0.02853712,-0.027102586,-0.027047921,-0.028865475,-0.026994605,-0.028459433,-0.027047824
2023-06-21,-0.025254253,-0.025316592,-0.025295619,-0.026745688,-0.025324564,-0.025311667,-0.025357049,-0.025312293,-0.026662927,-0.025294054,-0.025314417,-0.025307018,-0.025303822,-0.026791912,-0.025364254,-0.025308963,-0.027105551,-0.025273185,-0.026721355,-0.025314663
2023-06-22,-0.028839078,-0.028898787,-0.02889553,-0.030315783,-0.028902229,-0.028888274,-0.028936509,-0.02889381,-0.030233342,-0.028872143,-0.028894965,-0.028862063,-0.028880697,-0.030372817,-0.028940443,-0.028871078,-0.030722309,-0.028842602,-0.030291881,-0.028886754
2023-06-23,-0.025251973,-0.025317457,-0.0253121,-0.026745688,-0.025320616,-0.025304798,-0.025358867,-0.025313113,-0.026662927,-0.025299411,-0.025313016,-0.025291886,-0.025301922,-0.026791912,-0.025367755,-0.025285926,-0.027105551,-0.025256488,-0.026721355,-0.025303815
2023-06-26,-0.024941262,-0.025004383,-0.024996024,-0.026418459,-0.02501079,-0.025002453,-0.02503955,-0.02500597,-0.026336264,-0.024973076,-0.025000412,-0.02498379,-0.024983894,-0.026474852,-0.025064137,-0.02500284,-0.026805382,-0.024946261,-0.026393529,-0.024993021
2023-06-27,-0.025251057,-0.02531537,-0.025334228,-0.026745688,-0.02533139,-0.025321115,-0.025357362,-0.025312375,-0.026662927,-0.025282215,-0.025311243,-0.025295448,-0.025299098,-0.026791912,-0.025382217,-0.025319856,-0.027105551,-0.025247578,-0.026721355,-0.025310379
2023-06-28,-0.020923797,-0.020974781,-0.020967122,-0.022405569,-0.020993557,-0.02097534,-0.021023724,-0.020973574,-0.022320893,-0.020957682,-0.02098034,-0.020947311,-0.020966087,-0.022406716,-0.021049831,-0.0209889,-0.022654999,-0.020939443,-0.02238087,-0.020970125
2023-06-29,-0.025251526,-0.0253147,-0.025301572,-0.026745688,-0.02532095,-0.025311027,-0.025358077,-0.025308382,-0.026662927,-0.025298174,-0.025307726,-0.025268342,-0.025302414,-0.026791912,-0.025381628,-0.025322843,-0.027105551,-0.025259633,-0.026721355,-0.025303166
2023-06-30,-0.02524848,-0.025315296,-0.025311884,-0.026745688,-0.025328781,-0.025319066,-0.025357913,-0.025322516,-0.026662927,-0.025290381,-0.025311891,-0.025308114,-0.025306124,-0.026791912,-0.025386598,-0.02532762,-0.027105551,-0.025262225,-0.026721355,-0.02531169
2023-07-03,-0.025249232,-0.025316264,-0.025302205,-0.026745688,-0.025329847,-0.025318015,-0.025355626,-0.025320884,-0.026662927,-0.025283743,-0.02531847,-0.025279235,-0.025308017,-0.026791912,-0.025384825,-0.025310073,-0.027105551,-0.025284085,-0.026721355,-0.025275301
2023-07-05,-0.02525146,-0.02531923,-0.025308792,-0.026745688,-0.025325764,-0.025311809,-0.025355373,-0.025323417,-0.026662927,-0.02528463,-0.025319014,-0.025258612,-0.025305,-0.026791912,-0.025381062,-0.02529082,-0.027105551,-0.025283579,-0.026721355,-0.025295284
2023-07-06,-0.025250409,-0.025317442,-0.025299069,-0.026745688,-0.025323581,-0.025310483,-0.025355216,-0.025319416,-0.026662927,-0.025285471,-0.025312316,-0.02525207,-0.02530251,-0.026791912,-0.025383342,-0.025299784,-0.027105551,-0.025271576,-0.026721355,-0.02528258
2023-07-07,-0.022268448,-0.022332992,-0.022304352,-0.02376933,-0.022339333,-0.0223399,-0.02237228,-0.022333723,-0.023687113,-0.02230559,-0.022328775,-0.022285607,-0.022324141,-0.023823146,-0.02238473,-0.022319619,-0.024123538,-0.022298183,-0.023744319,-0.022320706
2023-07-10,-0.024786118,-0.024839435,-0.024784807,-0.026262652,-0.024840262,-0.02483255,-0.024877701,-0.024854373,-0.026180323,-0.024823267,-0.024838228,-0.024781685,-0.024832588,-0.026316967,-0.024901073,-0.024824288,-0.026640538,-0.024823043,-0.02623785,-0.024827402
2023-07-11,-0.025265504,-0.025317725,-0.025263686,-0.026745688,-0.025319438,-0.02531236,-0.02535734,-0.025324482,-0.026662927,-0.02530348,-0.025316108,-0.0252637,-0.025313374,-0.026791912,-0.025381181,-0.025296677,-0.027105551,-0.025299747,-0.026721355,-0.025299046
2023-07-12,-0.025258373,-0.02531534,-0.025275845,-0.026745688,-0.025318112,-0.025307108,-0.025356207,-0.025322761,-0.026662927,-0.025273863,-0.025314797,-0.025268357,-0.02531064,-0.026791912,-0.025381152,-0.025305282,-0.027105551,-0.025287751,-0.026721355,-0.025277603
2023-07-13,-0.028905217,-0.028970156,-0.028940644,-0.030388597,-0.028975237,-0.028959233,-0.029011559,-0.028976995,-0.03030606,-0.028948542,-0.028966349,-0.028915208,-0.028956752,-0.030443367,-0.029026207,-0.028941419,-0.030792449,-0.028915223,-0.030364644,-0.028930876
2023-07-14,-0.024016183,-0.024078567,-0.02405594,-0.025489185,-0.02408294,-0.024068434,-0.024117801,-0.024086874,-0.025406983,-0.024048563,-0.024074312,-0.024045754,-0.024068315,-0.02554566,-0.0241387,-0.024062578,-0.025873315,-0.024024334,-0.025463935,-0.024058763
2023-07-17,-0.027109195,-0.02717096,-0.027143884,-0.028595645,-0.027175274,-0.0271614,-0.02721614,-0.027177852,-0.028512467,-0.027153615,-0.027166832,-0.027110476,-0.027162384,-0.02863716,-0.027238425,-0.027123038,-0.028959181,-0.027109083,-0.028571542,-0.027159084
2023-07-18,-0.025255937,-0.025313292,-0.025264535,-0.026745688,-0.025314037,-0.0252846,-0.025351044,-0.025329936,-0.026662927,-0.025289979,-0.025308918,-0.025249798,-0.025308002,-0.026791912,-0.02537508,-0.025286365,-0.027105551,-0.025304731,-0.026721355,-0.025305633
2023-07-19,-0.021722708,-0.021779697,-0.021721128,-0.02320287,-0.02178238,-0.021774177,-0.021821093,-0.021789018,-0.023118827,-0.021760684,-0.02177294,-0.021749776,-0.02177402,-0.023217354,-0.021825496,-0.021764804,-0.023484197,-0.021770153,-0.023178104,-0.021766555
2023-07-20,-0.025255915,-0.025316041,-0.025305983,-0.026745688,-0.025325213,-0.025306549,-0.02536169,-0.025328372,-0.026662927,-0.025306832,-0.02531134,-0.025277529,-0.025308613,-0.026791912,-0.025373157,-0.025284167,-0.027105551,-0.025266904,-0.026721355,-0.025300521
2023-07-21,-0.025260556,-0.02530532,-0.025300737,-0.026745688,-0.025325138,-0.02530263,-0.025363829,-0.02533121,-0.026662927,-0.025311712,-0.025311578,-0.025272314,-0.02531105,-0.026791912,-0.025377076,-0.02529182,-0.027105551,-0.025270011,-0.026721355,-0.025306206
2023-07-24,-0.025268916,-0.025300499,-0.025285747,-0.026745688,-0.02532195,-0.025290962,-0.02536745,-0.025328118,-0.026662927,-0.025303137,-0.025312457,-0.025325786,-0.025315534,-0.026791912,-0.025367346,-0.025311928,-0.027105551,-0.025274511,-0.026721355,-0.025319967
2023-07-25,-0.02526145,-0.025293972,-0.025296826,-0.026745688,-0.02532309,-0.025299933,-0.025366519,-0.025329072,-0.026662927,-0.025307033,-0.02531274,-0.025275316,-0.025313053,-0.026791912,-0.0253448,-0.025309239,-0.027105551,-0.025255147,-0.026721355,-0.02531236
2023-07-26,-0.025260042,-0.025313433,-0.025266316,-0.026745688,-0.025322665,-0.025313314,-0.02536631,-0.025322292,-0.026662927,-0.025313143,-0.025309738,-0.02527799,-0.025311735,-0.026791912,-0.025372159,-0.025308434,-0.027105551,-0.025274385,-0.026721355,-0.025304046
2023-07-27,-0.021252383,-0.021305073,-0.02126595,-0.022727381,-0.02130467,-0.021284241,-0.021357525,-0.021310214,-0.022642303,-0.021302093,-0.021297935,-0.02125604,-0.021296795,-0.02272069,-0.02135842,-0.021294218,-0.022963878,-0.021256033,-0.022702854,-0.021278162
2023-07-28,-0.025171008,-0.025219757,-0.02518629,-0.02663954,-0.025220644,-0.025216673,-0.025262725,-0.02523804,-0.026556332,-0.025204603,-0.025200602,-0.025237668,-0.025207963,-0.026676696,-0.025272887,-0.025219966,-0.026983317,-0.025152404,-0.026615206,-0.02521107
2023-07-31,-0.025232423,-0.025289495,-0.025251035,-0.026724856,-0.025293995,-0.025296982,-0.025338303,-0.025336798,-0.026642296,-0.025280911,-0.025285829,-0.025309537,-0.02528413,-0.02677599,-0.025345098,-0.0252948,-0.027092118,-0.02524617,-0.02670047,-0.025297191
2023-08-01,-0.025256518,-0.025318194,-0.025264125,-0.026745688,-0.025315698,-0.025317106,-0.025363427,-0.02534062,-0.026662927,-0.025308382,-0.025305305,-0.025318336,-0.025309648,-0.026791912,-0.025366697,-0.025318783,-0.027105551,-0.025249232,-0.026721355,-0.025314521
2023-08-02,-0.024986181,-0.025051456,-0.02500141,-0.026484292,-0.02505194,-0.025046352,-0.025096703,-0.02510121,-0.026401524,-0.02503563,-0.025042232,-0.02506901,-0.02504034,-0.026532385,-0.025109734,-0.025053497,-0.026844446,-0.024997603,-0.026459936,-0.02504218
2023-08-03,-0.025248703,-0.02530196,-0.025267031,-0.026745688,-0.0253185,-0.025323708,-0.025361348,-0.02536488,-0.026662927,-0.025301833,-0.025308948,-0.025334459,-0.025299799,-0.026791912,-0.025382344,-0.025324214,-0.027105551,-0.025266271,-0.026721355,-0.025313068
2023-08-04,-0.023248706,-0.023292433,-0.023266662,-0.024735276,-0.023311581,-0.02329858,-0.023343783,-0.023380298,-0.024653684,-0.023301002,-0.023310822,-0.023313146,-0.023298126,-0.02480184,-0.023368951,-0.023316856,-0.025129009,-0.023295287,-0.024710018,-0.02329978
2023-08-07,-0.025256116,-0.02529503,-0.025263947,-0.026745688,-0.025319535,-0.025313903,-0.025352571,-0.025365245,-0.026662927,-0.025302816,-0.025316577,-0.025328409,-0.025305856,-0.026791912,-0.025381643,-0.025317546,-0.027105551,-0.025303844,-0.026721355,-0.025277127
2023-08-08,-0.025272768,-0.02531362,-0.025254373,-0.026745688,-0.025316056,-0.025319953,-0.025348786,-0.025358122,-0.026662927,-0.025299858,-0.025312643,-0.025345962,-0.025306758,-0.026791912,-0.025383007,-0.025314655,-0.027105551,-0.025312435,-0.026721355,-0.025312778
2023-08-09,-0.025254425,-0.02531324,-0.025254797,-0.026745688,-0.025315832,-0.025330503,-0.025356937,-0.025379036,-0.026662927,-0.025302742,-0.025305945,-0.025351744,-0.02530628,-0.026791912,-0.025380824,-0.02531239,-0.027105551,-0.025274415,-0.026721355,-0.025313254
2023-08-10,-0.028415333,-0.028482039,-0.028451566,-0.029911157,-0.028486747,-0.02846663,-0.028519262,-0.028537814,-0.02982692,-0.028453771,-0.028475892,-0.028456833,-0.02846932,-0.029934328,-0.02852806,-0.028461482,-0.030238923,-0.028436597,-0.02988797,-0.028460559
2023-08-11,-0.025252458,-0.025299985,-0.02526505,-0.026745688,-0.025317442,-0.025299538,-0.025350984,-0.025353435,-0.026662927,-0.025271501,-0.025312807,-0.025339786,-0.025308523,-0.026791912,-0.025316041,-0.02529892,-0.027105551,-0.025283318,-0.026721355,-0.025314804
2023-08-14,-0.025247905,-0.025316473,-0.025311258,-0.026745688,-0.02532344,-0.02530199,-0.025354858,-0.025352571,-0.026662927,-0.025267448,-0.02530815,-0.02530576,-0.02530684,-0.026791912,-0.025358442,-0.02530713,-0.027105551,-0.025259841,-0.026721355,-0.02532417
2023-08-15,-0.025248539,-0.025316302,-0.025282156,-0.026745688,-0.025320683,-0.025310855,-0.025353681,-0.025360528,-0.026662927,-0.025276046,-0.025299754,-0.025288258,-0.025305446,-0.026791912,-0.025357012,-0.025306512,-0.027105551,-0.025317837,-0.026721355,-0.025323767
2023-08-16,-0.025249686,-0.025321607,-0.025291052,-0.026745688,-0.025313836,-0.025304835,-0.025355864,-0.025332201,-0.026662927,-0.025282178,-0.025308076,-0.025262829,-0.025305394,-0.026791912,-0.025338631,-0.025302362,-0.027105551,-0.025334168,-0.026721355,-0.025316443
2023-08-17,-0.025256347,-0.025319103,-0.025288608,-0.026745688,-0.02531347,-0.025310371,-0.025358427,-0.02534892,-0.026662927,-0.025287647,-0.025279876,-0.02526116,-0.02530953,-0.026791912,-0.025362056,-0.025311735,-0.027105551,-0.02534109,-0.026721355,-0.025320422
2023-08-18,-0.025251035,-0.025318276,-0.02528591,-0.026745688,-0.025319975,-0.02531175,-0.02536128,-0.02534673,-0.026662927,-0.025288459,-0.025274854,-0.025252696,-0.025300872,-0.026791912,-0.025377188,-0.025310043,-0.027105551,-0.025344212,-0.026721355,-0.025315683
2023-08-21,-0.023805019,-0.023870293,-0.02381653,-0.025298078,-0.0238658,-0.02385794,-0.023917291,-0.023896243,-0.025215577,-0.023845058,-0.023827318,-0.023803722,-0.023853492,-0.025351238,-0.023924794,-0.023862977,-0.025664952,-0.023899924,-0.02527317,-0.023867462
2023-08-22,-0.025256965,-0.025310565,-0.025257383,-0.026745688,-0.025309693,-0.025297482,-0.02536371,-0.025325622,-0.026662927,-0.025269259,-0.02526911,-0.025257815,-0.025303323,-0.026791912,-0.025371749,-0.025315206,-0.027105551,-0.025347497,-0.026721355,-0.025314104
2023-08-23,-0.033603992,-0.033654805,-0.0335954,-0.035083685,-0.033648405,-0.033640515,-0.03370559,-0.033693526,-0.035001095,-0.033624608,-0.03363272,-0.03359646,-0.033644367,-0.035143305,-0.03371713,-0.033658613,-0.035514098,-0.03368936,-0.035061125,-0.03365739
2023-08-24,-0.025263023,-0.02531759,-0.02525856,-0.026745688,-0.025317233,-0.025306713,-0.02536812,-0.025354337,-0.026662927,-0.025274497,-0.025358964,-0.025255498,-0.025305476,-0.026791912,-0.025383111,-0.025316548,-0.027105551,-0.025356445,-0.026721355,-0.025318976
2023-08-25,-0.026369829,-0.026428018,-0.026370067,-0.027857985,-0.026425678,-0.026420359,-0.026479345,-0.026462521,-0.027774949,-0.026393723,-0.026483495,-0.026366387,-0.026417378,-0.027900632,-0.026496124,-0.026421893,-0.028215092,-0.026464228,-0.027833994,-0.02642886
2023-08-28,-0.02462941,-0.024680171,-0.024613928,-0.026085827,-0.024668928,-0.02467921,-0.02473117,-0.024723824,-0.02600355,-0.024645094,-0.02468292,-0.024632853,-0.024668898,-0.026140127,-0.024726916,-0.024683204,-0.026472602,-0.024714123,-0.026060622,-0.024682503
2023-08-29,-0.025266606,-0.025320541,-0.025257591,-0.026745688,-0.025315594,-0.02529635,-0.025371645,-0.025337245,-0.026662927,-0.02528559,-0.02535462,-0.025266316,-0.025306959,-0.026791912,-0.025352646,-0.025320318,-0.027105551,-0.025358718,-0.026721355,-0.025323424
2023-08-30,-0.02273256,-0.022791218,-0.022740688,-0.024199199,-0.02279276,-0.02275582,-0.02284104,-0.022807743,-0.024117392,-0.02275275,-0.022831578,-0.022742253,-0.022778843,-0.024260174,-0.022843998,-0.022791032,-0.024588738,-0.022833895,-0.024173457,-0.022796001
2023-08-31,-0.025260802,-0.025317308,-0.02528144,-0.026745688,-0.025318254,-0.025303084,-0.025371168,-0.025335882,-0.026662927,-0.025287937,-0.025318135,-0.025274869,-0.025306236,-0.026791912,-0.02537473,-0.025317196,-0.027105551,-0.025358658,-0.026721355,-0.025320943
2023-09-01,-0.02525941,-0.025319625,-0.025258657,-0.026745688,-0.025313322,-0.025294874,-0.025361877,-0.02535243,-0.026662927,-0.0252912,-0.025305357,-0.02525894,-0.025301944,-0.026791912,-0.025379185,-0.025306556,-0.027105551,-0.02535845,-0.026721355,-0.02533019
2023-09-05,-0.025257338,-0.025317553,-0.025255222,-0.026745688,-0.025311176,-0.025282633,-0.025357436,-0.02534156,-0.026662927,-0.025298733,-0.025299001,-0.025262635,-0.02530248,-0.026791912,-0.025378454,-0.025300752,-0.027105551,-0.025331382,-0.026721355,-0.025327872
2023-09-06,-0.02525502,-0.025314886,-0.025283847,-0.026745688,-0.025317665,-0.025272522,-0.025360186,-0.025315192,-0.026662927,-0.025301304,-0.025301043,-0.025272164,-0.025305767,-0.026791912,-0.02538247,-0.025305148,-0.027105551,-0.025296133,-0.026721355,-0.025322545
2023-09-07,-0.025267754,-0.025317367,-0.025302488,-0.026745688,-0.025327276,-0.025271941,-0.025366854,-0.025316384,-0.026662927,-0.025310885,-0.025300298,-0.025265936,-0.025311802,-0.026791912,-0.025385533,-0.02530684,-0.027105551,-0.025285784,-0.026721355,-0.025315467
2023-09-08,-0.037334826,-0.037392017,-0.037347797,-0.038816173,-0.03740189,-0.03736565,-0.037433755,-0.037385035,-0.038733397,-0.03737578,-0.03736935,-0.037348557,-0.037379112,-0.038878147,-0.03745376,-0.03738026,-0.039270427,-0.037346113,-0.03879435,-0.03739019
2023-09-11,-0.025275018,-0.025314886,-0.025265303,-0.026745688,-0.025331017,-0.025281157,-0.02536479,-0.02528898,-0.026662927,-0.025305022,-0.025300328,-0.025269385,-0.025308158,-0.026791912,-0.025381777,-0.025276113,-0.027105551,-0.02529044,-0.026721355,-0.02532648
2023-09-12,-0.025272373,-0.025333125,-0.0252642,-0.026745688,-0.0253434,-0.02528857,-0.02536631,-0.025297467,-0.026662927,-0.025300954,-0.02530415,-0.02526379,-0.025309745,-0.026791912,-0.025385533,-0.02530082,-0.027105551,-0.02528796,-0.026721355,-0.025321614
2023-09-13,-0.0281463,-0.0281629,-0.028144527,-0.029620785,-0.028215531,-0.028152686,-0.028239142,-0.028204609,-0.029537883,-0.028173301,-0.028179038,-0.028160203,-0.028187502,-0.029667731,-0.02825715,-0.028169628,-0.029995438,-0.028138991,-0.029597256,-0.028187346
2023-09-14,-0.02527028,-0.025272463,-0.025278222,-0.026745688,-0.025341753,-0.025297422,-0.025366638,-0.025330942,-0.026662927,-0.025300909,-0.02530912,-0.02528784,-0.025315005,-0.026791912,-0.025384407,-0.025312725,-0.027105551,-0.025323387,-0.026721355,-0.02531473
2023-09-15,-0.025272105,-0.025261264,-0.025278274,-0.026745688,-0.025334265,-0.025288273,-0.025366087,-0.025313806,-0.026662927,-0.025303718,-0.025307816,-0.025265876,-0.025315244,-0.026791912,-0.025384728,-0.025307361,-0.027105551,-0.025332008,-0.026721355,-0.025314081
2023-09-18,-0.025694322,-0.025703747,-0.025701907,-0.027164992,-0.025751095,-0.025710385,-0.025790948,-0.025740314,-0.027081352,-0.025727872,-0.02572916,-0.025751386,-0.025736418,-0.027193945,-0.025804956,-0.025713373,-0.027494501,-0.025757585,-0.027140941,-0.025745507
2023-09-19,-0.025260936,-0.02528784,-0.025266025,-0.026745688,-0.025323201,-0.025298472,-0.025362168,-0.02531569,-0.026662927,-0.025296364,-0.025308903,-0.025283132,-0.025313329,-0.026791912,-0.02538151,-0.025293011,-0.027105551,-0.025340717,-0.026721355,-0.025314663
2023-09-20,-0.025281306,-0.025259886,-0.025289577,-0.026745688,-0.02533054,-0.025302622,-0.025349174,-0.025314037,-0.026662927,-0.025302198,-0.025309179,-0.025314067,-0.025322217,-0.026791912,-0.025380094,-0.025320727,-0.027105551,-0.025359321,-0.026721355,-0.025313351
2023-09-21,-0.024654273,-0.024644773,-0.024667215,-0.026113387,-0.024709027,-0.024659608,-0.024722975,-0.024702664,-0.026031356,-0.024678592,-0.02468684,-0.024660137,-0.024698328,-0.026172299,-0.024755556,-0.024697464,-0.026500504,-0.024733383,-0.026088428,-0.024689939
2023-09-22,-0.024346303,-0.024371665,-0.024363834,-0.025824089,-0.024400335,-0.024371233,-0.024431948,-0.024415787,-0.025741052,-0.024382982,-0.024386864,-0.024364684,-0.02439769,-0.025866713,-0.024458665,-0.024393689,-0.026171673,-0.024441037,-0.025799606,-0.024401609
2023-09-25,-0.026865985,-0.026878517,-0.026877727,-0.028345626,-0.026926856,-0.026889239,-0.026952919,-0.026933659,-0.028262932,-0.026903812,-0.026910003,-0.026871543,-0.026912417,-0.028394189,-0.02698278,-0.026917536,-0.028718438,-0.026957918,-0.028321657,-0.02691644
2023-09-26,-0.025263343,-0.025294166,-0.025272992,-0.026745688,-0.025319185,-0.025298942,-0.025359225,-0.02532849,-0.026662927,-0.025299933,-0.025283467,-0.02527206,-0.025313158,-0.026791912,-0.02538098,-0.025324497,-0.027105551,-0.025351498,-0.026721355,-0.025321309
2023-09-27,-0.025857467,-0.025920574,-0.025883097,-0.02733704,-0.025914762,-0.025904585,-0.025961172,-0.025927413,-0.02725428,-0.02589744,-0.025876235,-0.025893409,-0.025912885,-0.027383056,-0.02597903,-0.025901217,-0.027703676,-0.025939163,-0.02731264,-0.025925148
2023-09-28,-0.025254656,-0.025281135,-0.025277954,-0.026745688,-0.025321033,-0.025316682,-0.02536266,-0.025319267,-0.026662927,-0.025302526,-0.025303405,-0.025301699,-0.025311563,-0.026791912,-0.02538212,-0.02531622,-0.027105551,-0.025349129,-0.026721355,-0.025321085
2023-09-29,-0.026794013,-0.026779655,-0.026809413,-0.028276537,-0.026857574,-0.02684443,-0.026889931,-0.0268437,-0.028194,-0.026831355,-0.026872765,-0.026865792,-0.026836384,-0.028332356,-0.026907716,-0.026851531,-0.028660294,-0.026876125,-0.028252352,-0.026839536
2023-10-02,-0.024393637,-0.024401989,-0.024420347,-0.025864523,-0.024457011,-0.02444597,-0.024496589,-0.02445208,-0.025782187,-0.024435159,-0.024447072,-0.024480697,-0.024443578,-0.025917243,-0.024517726,-0.024452124,-0.026243005,-0.024478626,-0.025839586,-0.024451118
2023-10-03,-0.025260333,-0.025278602,-0.025267657,-0.026745688,-0.025295313,-0.02529798,-0.025363889,-0.02531727,-0.026662927,-0.025300305,-0.025319759,-0.025345612,-0.025310528,-0.026791912,-0.025379416,-0.02531365,-0.027105551,-0.025353182,-0.026721355,-0.025317747
2023-10-04,-0.025255319,-0.02529047,-0.025284309,-0.026745688,-0.02532174,-0.025305491,-0.0253602,-0.025314178,-0.026662927,-0.02530272,-0.025356848,-0.025348727,-0.025309447,-0.026791912,-0.02535111,-0.025312793,-0.027105551,-0.02536362,-0.026721355,-0.025310528
2023-10-05,-0.025479663,-0.025519121,-0.025510844,-0.026947651,-0.025546674,-0.02553014,-0.025582362,-0.025548737,-0.026865367,-0.025507335,-0.02553681,-0.025582355,-0.02553631,-0.027003977,-0.02558824,-0.025542956,-0.027342986,-0.025589678,-0.026922677,-0.025517236
2023-10-06,-0.025845159,-0.025875572,-0.025876094,-0.02731781,-0.025900122,-0.02586573,-0.0259411,-0.025903966,-0.027234849,-0.025862295,-0.02591307,-0.025859956,-0.025888477,-0.0273613,-0.025909562,-0.025893372,-0.027677242,-0.025932062,-0.027293567,-0.025889453
2023-10-09,-0.025268335,-0.025311474,-0.025294553,-0.026745688,-0.025315586,-0.025274452,-0.025364507,-0.025327582,-0.026662927,-0.025287028,-0.025326174,-0.025338028,-0.025314245,-0.026791912,-0.025290262,-0.0252803,-0.027105551,-0.025345761,-0.026721355,-0.025297385
2023-10-10,-0.02527861,-0.025308553,-0.025289465,-0.026745688,-0.025318008,-0.02526712,-0.025357384,-0.025320526,-0.026662927,-0.025269803,-0.025337908,-0.025278505,-0.025310818,-0.026791912,-0.02526496,-0.02531721,-0.027105551,-0.025349636,-0.026721355,-0.025299367
2023-10-11,-0.025263611,-0.025316257,-0.025286797,-0.026745688,-0.02531569,-0.025267962,-0.02536289,-0.025321584,-0.026662927,-0.025283147,-0.025346357,-0.025263,-0.025311787,-0.026791912,-0.025296252,-0.025289703,-0.027105551,-0.02533869,-0.026721355,-0.025286186
2023-10-12,-0.025276702,-0.025326762,-0.02529386,-0.026745688,-0.02531555,-0.025258806,-0.025363978,-0.025295276,-0.026662927,-0.02529687,-0.025351908,-0.025269043,-0.025314365,-0.026791912,-0.02526645,-0.025253806,-0.027105551,-0.025364,-0.026721355,-0.025284763
2023-10-13,-0.025123816,-0.025191095,-0.025151145,-0.0266085,-0.025182825,-0.025123645,-0.025224332,-0.025164735,-0.02652559,-0.02515484,-0.02522092,-0.025115672,-0.025174838,-0.026651774,-0.025162313,-0.025107604,-0.02696279,-0.025230322,-0.026584137,-0.025112335
2023-10-16,-0.025706146,-0.025768321,-0.025737274,-0.027186904,-0.025755968,-0.025718007,-0.025805313,-0.02574731,-0.02710395,-0.025722783,-0.02575646,-0.025704723,-0.025751393,-0.027229842,-0.025722664,-0.025766212,-0.02754296,-0.025809351,-0.02716275,-0.025735248
2023-10-17,-0.025257971,-0.025311235,-0.025287505,-0.026745688,-0.02532271,-0.025246594,-0.025349703,-0.02527332,-0.026662927,-0.025277104,-0.025352683,-0.025256801,-0.025309008,-0.026791912,-0.025339786,-0.025338288,-0.027105551,-0.02537426,-0.026721355,-0.025261816
2023-10-18,-0.025258768,-0.02530982,-0.025280703,-0.026745688,-0.025310647,-0.02527314,-0.025352437,-0.025297832,-0.026662927,-0.025278423,-0.025318448,-0.025293153,-0.025311965,-0.026791912,-0.025353644,-0.025292743,-0.027105551,-0.025374819,-0.026721355,-0.025280934
2023-10-19,-0.025279712,-0.025314804,-0.025282945,-0.026745688,-0.02531198,-0.025262516,-0.025357377,-0.025289524,-0.026662927,-0.025289964,-0.025293108,-0.025290173,-0.025316823,-0.026791912,-0.025364596,-0.02534971,-0.027105551,-0.025370609,-0.026721355,-0.02529144
2023-10-20,-0.03535239,-0.03540797,-0.035367753,-0.036838923,-0.035403255,-0.035361197,-0.03545293,-0.035385113,-0.036756027,-0.03538278,-0.035380658,-0.035351362,-0.035405215,-0.036897164,-0.03546011,-0.03545582,-0.037277628,-0.035456624,-0.036816623,-0.0353941
2023-10-23,-0.021154355,-0.021207836,-0.021183308,-0.022643019,-0.02122401,-0.021157224,-0.021261666,-0.021183778,-0.022560682,-0.021187466,-0.021218445,-0.021153707,-0.021212634,-0.022691611,-0.021259826,-0.021277081,-0.022986878,-0.021275852,-0.022617567,-0.021237943
2023-10-24,-0.025255982,-0.025305007,-0.0252827,-0.026745688,-0.02532557,-0.025240269,-0.025360022,-0.02528489,-0.026662927,-0.025287662,-0.025344204,-0.025252681,-0.025314506,-0.026791912,-0.025356714,-0.025379386,-0.027105551,-0.025373574,-0.026721355,-0.02528375
2023-10-25,-0.025249425,-0.025307883,-0.025284838,-0.026745688,-0.0253142,-0.02524459,-0.025361884,-0.025268089,-0.026662927,-0.025266256,-0.02532256,-0.025251139,-0.025310311,-0.026791912,-0.025304023,-0.02539223,-0.027105551,-0.025369998,-0.026721355,-0.025332216
2023-10-26,-0.027953837,-0.028006997,-0.027985219,-0.029452134,-0.028011601,-0.027965892,-0.028063532,-0.02798682,-0.029369,-0.027961623,-0.02799875,-0.027996507,-0.028012257,-0.029497188,-0.028008852,-0.028093543,-0.029819999,-0.028069954,-0.029428568,-0.028036956
2023-10-27,-0.025258247,-0.025305215,-0.02528401,-0.026745688,-0.025307115,-0.02527285,-0.025364373,-0.025282774,-0.026662927,-0.025258418,-0.025275584,-0.025253821,-0.02531005,-0.026791912,-0.025301818,-0.025394011,-0.027105551,-0.02535278,-0.026721355,-0.025330465
2023-10-30,-0.026107918,-0.026156042,-0.026146594,-0.027594786,-0.026172552,-0.026132163,-0.026212942,-0.026148882,-0.027512196,-0.026119944,-0.026176427,-0.026107136,-0.026164379,-0.027646828,-0.026127081,-0.026247654,-0.027975533,-0.026221644,-0.027570296,-0.026105221
2023-10-31,-0.025246408,-0.025300842,-0.02528723,-0.026745688,-0.025321234,-0.025283989,-0.025355939,-0.025294814,-0.026662927,-0.0252675,-0.025324877,-0.025251266,-0.025307048,-0.026791912,-0.025326561,-0.025394823,-0.027105551,-0.02536894,-0.026721355,-0.025240857
2023-11-01,-0.025247205,-0.02530003,-0.02527516,-0.026745688,-0.02530953,-0.025261771,-0.025354926,-0.025302406,-0.026662927,-0.025255281,-0.025285024,-0.025245834,-0.025304552,-0.026791912,-0.025267456,-0.02539501,-0.027105551,-0.025360819,-0.026721355,-0.025234614
2023-11-02,-0.023432408,-0.023485903,-0.023464385,-0.024910185,-0.023490157,-0.023467753,-0.023527917,-0.023480099,-0.024828102,-0.023447204,-0.023501005,-0.023450244,-0.023481492,-0.024966534,-0.023443181,-0.023570236,-0.025289666,-0.023518581,-0.02488495,-0.023459759
2023-11-03,-0.02503262,-0.025088724,-0.025066886,-0.026527021,-0.025091525,-0.0250034,-0.025134753,-0.025055584,-0.026444297,-0.025043566,-0.025110897,-0.025046792,-0.025088098,-0.02657443,-0.025040802,-0.025175113,-0.02688681,-0.025094781,-0.026502524,-0.025025923
2023-11-06,-0.024221089,-0.024276663,-0.024251934,-0.025719952,-0.024288964,-0.024230283,-0.024324957,-0.024249125,-0.02563763,-0.024244,-0.024317939,-0.024228353,-0.024278697,-0.025775772,-0.024251174,-0.024366584,-0.026092183,-0.02426378,-0.025695298,-0.02419604
2023-11-07,-0.025248889,-0.02530669,-0.025270704,-0.026745688,-0.025318865,-0.025263656,-0.025350425,-0.025266904,-0.026662927,-0.025270846,-0.025305014,-0.025248166,-0.025299799,-0.026791912,-0.025304679,-0.025304187,-0.027105551,-0.025272261,-0.026721355,-0.025233444
2023-11-08,-0.025252592,-0.025313009,-0.025273409,-0.026745688,-0.025321815,-0.025230203,-0.025356237,-0.025243815,-0.026662927,-0.025279429,-0.025303546,-0.025269378,-0.025304567,-0.026791912,-0.025300924,-0.025301691,-0.027105551,-0.025272395,-0.026721355,-0.02523188
2023-11-09,-0.025248352,-0.02530988,-0.025274176,-0.026745688,-0.025322337,-0.025213767,-0.025354553,-0.02523591,-0.026662927,-0.02527612,-0.025294099,-0.02527735,-0.025302138,-0.026791912,-0.025305402,-0.025363024,-0.027105551,-0.02526937,-0.026721355,-0.025221076
2023-11-10,-0.02525087,-0.025308426,-0.02527057,-0.026745688,-0.025317166,-0.025294807,-0.02534965,-0.025264721,-0.026662927,-0.025261734,-0.025256317,-0.025252823,-0.025303189,-0.026791912,-0.025286648,-0.025376212,-0.027105551,-0.02527308,-0.026721355,-0.025213365
2023-11-13,-0.026524764,-0.026587445,-0.026533078,-0.028016452,-0.026593257,-0.026518267,-0.026622813,-0.026503693,-0.027933728,-0.026540097,-0.026525918,-0.026503932,-0.026578415,-0.028065365,-0.026576746,-0.026652861,-0.028392825,-0.026543591,-0.02799217,-0.026488293
2023-11-14,-0.02525122,-0.02530906,-0.025253188,-0.026745688,-0.025315579,-0.025224146,-0.0253462,-0.025219474,-0.026662927,-0.025253307,-0.025247615,-0.025215294,-0.025304217,-0.026791912,-0.025306184,-0.025383312,-0.027105551,-0.025273394,-0.026721355,-0.025217678
2023-11-15,-0.025248963,-0.025309142,-0.025268417,-0.026745688,-0.025313128,-0.025222864,-0.025352206,-0.025212709,-0.026662927,-0.025255043,-0.02526695,-0.025270592,-0.025304865,-0.026791912,-0.025310952,-0.025393244,-0.027105551,-0.025269266,-0.026721355,-0.025255885
2023-11-16,-0.02486517,-0.02491929,-0.024878394,-0.02635141,-0.024921577,-0.024831947,-0.024960164,-0.02483676,-0.026269052,-0.024874564,-0.02486324,-0.02488504,-0.024915125,-0.026406009,-0.02492449,-0.025000807,-0.026727963,-0.024862524,-0.02632666,-0.024886582
2023-11-17,-0.021702927,-0.021756116,-0.021729995,-0.023193534,-0.021764558,-0.021700662,-0.021806803,-0.021752227,-0.023108605,-0.02170081,-0.021704812,-0.021743584,-0.021762576,-0.02319241,-0.021751378,-0.021857012,-0.023442756,-0.021744478,-0.02316897,-0.021704923
2023-11-20,-0.02143396,-0.021485958,-0.021461073,-0.022924725,-0.0214965,-0.021422464,-0.021537494,-0.021477457,-0.022839691,-0.021449853,-0.02143674,-0.02146675,-0.02149174,-0.02292082,-0.02149732,-0.021588463,-0.02316643,-0.021475945,-0.022900168,-0.021428715
2023-11-21,-0.024029095,-0.024090197,-0.024048869,-0.025518376,-0.024089437,-0.024026219,-0.024129625,-0.024071004,-0.025436144,-0.024030033,-0.024069678,-0.024070542,-0.024086062,-0.025574502,-0.024078537,-0.024171274,-0.025895942,-0.024054836,-0.02549338,-0.02400953
2023-11-22,-0.029445011,-0.029507753,-0.029471505,-0.030948136,-0.02950592,-0.029442329,-0.029550996,-0.029493857,-0.03086463,-0.02944525,-0.029496577,-0.029491764,-0.029506486,-0.030984674,-0.029495556,-0.029594336,-0.031308655,-0.029480558,-0.030925047,-0.029439952
2023-11-24,-0.025252108,-0.0253095,-0.02527294,-0.026745688,-0.025309648,-0.02525324,-0.025352266,-0.0253033,-0.026662927,-0.025257964,-0.025286648,-0.025290724,-0.025306124,-0.026791912,-0.025301415,-0.025394756,-0.027105551,-0.025279392,-0.026721355,-0.02521887
2023-11-27,-0.025246192,-0.02530947,-0.025258306,-0.026745688,-0.025310386,-0.025254536,-0.025352377,-0.025303345,-0.026662927,-0.025245596,-0.02527595,-0.025293302,-0.02530339,-0.026791912,-0.025297511,-0.02539483,-0.027105551,-0.02531116,-0.026721355,-0.025214981
2023-11-28,-0.025245387,-0.02530944,-0.025268506,-0.026745688,-0.025310803,-0.025224585,-0.025351983,-0.025308002,-0.026662927,-0.025246639,-0.025268693,-0.025291424,-0.02530479,-0.026791912,-0.02529532,-0.02539504,-0.027105551,-0.025286298,-0.026721355,-0.025267731
2023-11-29,-0.02524956,-0.025309462,-0.025282662,-0.026745688,-0.025313418,-0.025236752,-0.025356237,-0.025308628,-0.026662927,-0.025254775,-0.025287624,-0.02529132,-0.025312077,-0.026791912,-0.025310878,-0.025394958,-0.027105551,-0.025316026,-0.026721355,-0.025265109
2023-11-30,-0.028324712,-0.028387863,-0.028367113,-0.029818032,-0.028390672,-0.028310303,-0.028433215,-0.028387185,-0.02973527,-0.028342959,-0.028366331,-0.028375056,-0.028390419,-0.02986836,-0.028393228,-0.028468717,-0.030205246,-0.028399859,-0.029794302,-0.028347138
2023-12-01,-0.023309562,-0.023369852,-0.023345318,-0.024805058,-0.023373868,-0.023282964,-0.023418028,-0.023369502,-0.024722707,-0.02331214,-0.023304004,-0.023364145,-0.02337296,-0.024857227,-0.023399983,-0.023454782,-0.025166962,-0.023361426,-0.024780262,-0.023348365
2023-12-04,-0.02524909,-0.02530938,-0.025288012,-0.026745688,-0.025315676,-0.025223006,-0.02535614,-0.02530929,-0.026662927,-0.025264073,-0.025269937,-0.025304098,-0.025312338,-0.026791912,-0.025344256,-0.025395017,-0.027105551,-0.02530915,-0.026721355,-0.02528109
2023-12-05,-0.025252026,-0.025309365,-0.025293667,-0.026745688,-0.025314879,-0.025217328,-0.025355998,-0.025264312,-0.026662927,-0.025280107,-0.025270622,-0.025300566,-0.025312643,-0.026791912,-0.025355909,-0.025396232,-0.027105551,-0.02531084,-0.026721355,-0.02529731
2023-12-06,-0.025251288,-0.02530935,-0.025278319,-0.026745688,-0.02531116,-0.0252151,-0.025354128,-0.025252152,-0.026662927,-0.025261644,-0.025254156,-0.02529971,-0.025311384,-0.026791912,-0.025334205,-0.0253958,-0.027105551,-0.02532104,-0.026721355,-0.025302429
2023-12-07,-0.025248181,-0.025309335,-0.025280755,-0.026745688,-0.025314149,-0.025216434,-0.025353972,-0.025236752,-0.026662927,-0.02524567,-0.025234554,-0.025298309,-0.02530652,-0.026791912,-0.025351617,-0.0253953,-0.027105551,-0.025271568,-0.026721355,-0.025306191
2023-12-08,-0.025256168,-0.02530929,-0.02527051,-0.026745688,-0.02531625,-0.025221001,-0.025355328,-0.025259074,-0.026662927,-0.0252929,-0.025274303,-0.02529772,-0.025308263,-0.026791912,-0.02536032,-0.025395412,-0.027105551,-0.025255289,-0.026721355,-0.025305722
2023-12-11,-0.025251191,-0.025309246,-0.025266077,-0.026745688,-0.025312651,-0.025276218,-0.02535336,-0.025260333,-0.026662927,-0.025260683,-0.025284152,-0.025299769,-0.02530625,-0.026791912,-0.02535605,-0.025394801,-0.027105551,-0.025279868,-0.026721355,-0.025308605
2023-12-12,-0.025246415,-0.025309246,-0.025287095,-0.026745688,-0.025311459,-0.025222328,-0.025352258,-0.025236208,-0.026662927,-0.025225889,-0.025245722,-0.025292773,-0.025300074,-0.026791912,-0.025355782,-0.025395047,-0.027105551,-0.025257025,-0.026721355,-0.025250275
2023-12-13,-0.02469695,-0.024763,-0.024726246,-0.026180793,-0.024761993,-0.024695348,-0.024800923,-0.024677273,-0.026098419,-0.024676103,-0.02468134,-0.024744388,-0.024751011,-0.026234712,-0.02480628,-0.024842884,-0.026563633,-0.024708126,-0.026155625,-0.024736833
2023-12-14,-0.027614009,-0.027680319,-0.027628582,-0.029082973,-0.027679142,-0.027590271,-0.027716387,-0.02759942,-0.029000614,-0.027591597,-0.027597327,-0.027662572,-0.027667735,-0.029139142,-0.027719427,-0.027753424,-0.029494029,-0.027627978,-0.029058244,-0.027623717
2023-12-15,-0.027383987,-0.02744433,-0.02740984,-0.02888285,-0.027449403,-0.027384873,-0.02749293,-0.027358476,-0.02879912,-0.027368765,-0.027358036,-0.027436774,-0.027439896,-0.028912771,-0.027493972,-0.027533997,-0.029220957,-0.02738076,-0.028859306,-0.027395856
2023-12-18,-0.027250182,-0.027318295,-0.027257126,-0.02875651,-0.0273179,-0.027224135,-0.027359363,-0.027245548,-0.02867372,-0.027279112,-0.027284335,-0.027300503,-0.027306404,-0.028806169,-0.02736703,-0.027402055,-0.02913234,-0.027249668,-0.028732564,-0.027278643
2023-12-19,-0.023608144,-0.023671616,-0.023634892,-0.025101524,-0.02367222,-0.023584012,-0.023715813,-0.023644302,-0.02501886,-0.023608495,-0.023653444,-0.023655605,-0.023660306,-0.025150213,-0.023720797,-0.023755368,-0.025461439,-0.023605611,-0.025076557,-0.023609396
2023-12-20,-0.028867293,-0.028932031,-0.028918203,-0.030358758,-0.028931167,-0.028888162,-0.028973524,-0.028880533,-0.03027584,-0.028854627,-0.028917763,-0.02892043,-0.028920945,-0.030406337,-0.028983612,-0.029012192,-0.030745644,-0.028868925,-0.030334976,-0.028858181
2023-12-21,-0.024525125,-0.024585146,-0.024588872,-0.026007202,-0.02458528,-0.02450068,-0.024626408,-0.024507117,-0.025924664,-0.024503555,-0.024575945,-0.024577815,-0.02457637,-0.02605537,-0.024632346,-0.024666708,-0.02637538,-0.024530333,-0.025982324,-0.024540622
2023-12-22,-0.023903001,-0.023951199,-0.023964752,-0.025387492,-0.023960318,-0.023890998,-0.024001863,-0.02393831,-0.025303911,-0.023885418,-0.023948673,-0.023949679,-0.023951594,-0.025413472,-0.024011772,-0.024042893,-0.025700953,-0.023918714,-0.02536321,-0.023894798
2023-12-26,-0.025254298,-0.025309633,-0.025312085,-0.026745688,-0.02531394,-0.025234628,-0.025353428,-0.025265787,-0.026662927,-0.02523188,-0.025308024,-0.025305461,-0.025306571,-0.026791912,-0.025367867,-0.025394667,-0.027105551,-0.025278378,-0.026721355,-0.025240514
2023-12-27,-0.025251526,-0.025294404,-0.0253133,-0.026745688,-0.025314752,-0.02526259,-0.025353324,-0.025275279,-0.026662927,-0.025252912,-0.025279399,-0.025299992,-0.025305588,-0.026791912,-0.02536172,-0.025394592,-0.027105551,-0.025273103,-0.026721355,-0.025256637
2023-12-28,-0.02525172,-0.02529965,-0.0253135,-0.026745688,-0.02531686,-0.025268432,-0.025352675,-0.025258455,-0.026662927,-0.02526379,-0.025244769,-0.02530248,-0.025302637,-0.026791912,-0.025351722,-0.025394466,-0.027105551,-0.025259275,-0.026721355,-0.02529094
