date,MHE,IYW,CHY,PAYX,FMS,NUM,USA,NCZ,PGX,VUG,EFV,ARR,CUT,RE,IEX,SPTM,DTE,THG,XOM,EVG
2009-02-19,0.001060293,0.0010509351,0.0009869346,0.0010546902,0.00094592664,0.0009905258,0.0010825852,0.0011196146,0.0011317143,0.0010478208,0.0010406384,0.00094857905,0.0011110762,0.0009922693,0.0009481916,0.0010467777,0.0009890357,0.0011356929,0.0009830454,0.0010396848
2009-02-20,0.0010332922,0.0010504732,0.0009808848,0.001053364,0.000946329,0.000988544,0.001021103,0.0009827027,0.000985519,0.0010472247,0.0010422627,0.0009232471,0.0010512779,0.0009858767,0.00095394347,0.001047329,0.0009796033,0.0010498622,0.0009807507,0.0010415474
2009-02-23,0.0015925476,0.0017259726,0.001623542,0.0016753236,0.0015705833,0.0016687224,0.0016465047,0.0017529735,0.0017548213,0.001668931,0.0016669938,0.0016014287,0.0017291764,0.00161858,0.0015737275,0.0016730139,0.00161405,0.0017330805,0.0016051242,0.001653553
2009-02-24,0.0009566555,0.0011013309,0.0009760419,0.0010521868,0.0009467313,0.0010142932,0.0010211179,0.0011209259,0.0010915557,0.0010511884,0.001043723,0.0010072896,0.0011061588,0.0009959051,0.00094868336,0.0010451684,0.0009800652,0.0010984251,0.0009805867,0.0009859512
2009-02-25,0.0009532431,0.0011177519,0.0009707818,0.0010534385,0.0009468058,0.000984476,0.0010280022,0.0012628445,0.00097105,0.0011270503,0.0010438124,0.0009875158,0.0011153677,0.0009884397,0.00094834063,0.0010376582,0.0009707371,0.0012286166,0.0009816447,0.0009887824
2009-02-26,0.0009582946,0.0010502199,0.0009839246,0.0010527829,0.0009468356,0.0009734789,0.001031802,0.00097169075,0.0009733448,0.0010496387,0.0010484317,0.00090725813,0.0010523209,0.0009963522,0.00095243845,0.0010427991,0.00096641574,0.0010194639,0.0009792307,0.0010348568
2009-02-27,0.0015504966,0.0016498426,0.0015861699,0.0016536573,0.0015500048,0.0015817592,0.001629726,0.0015745619,0.0015780041,0.0016533146,0.0016466687,0.0015290091,0.0016433904,0.0016146163,0.0015504668,0.0016492167,0.0015724311,0.0016248384,0.0015825937,0.0016446719
2009-03-02,0.0009464333,0.0010513673,0.0009619901,0.0010523209,0.0009469846,0.0009699324,0.0010290006,0.0010012994,0.0009783218,0.0010554055,0.0010476122,0.00094093475,0.0010479251,0.0010020742,0.00094729755,0.0010424564,0.0009673247,0.0010247836,0.0009812573,0.0009798715
2009-03-03,0.00094577763,0.0010994831,0.0009801546,0.0010528723,0.0009469846,0.00096155796,0.0010265419,0.0011290768,0.0009832243,0.0010920772,0.0010445723,0.0010103295,0.0011065314,0.0010046372,0.00094716344,0.0010447511,0.0009630779,0.0010857293,0.0009811232,0.0010378519
2009-03-04,0.0009468058,0.0010407427,0.0009868452,0.0010466138,0.0009470144,0.000964866,0.0010222802,0.0009578774,0.0009893337,0.001046584,0.0010437677,0.0009481171,0.0010465393,0.0009959498,0.00094710384,0.0010460773,0.0009556571,0.0010279873,0.0009825835,0.0010440657
2009-03-05,0.0009465525,0.0010416517,0.0009795437,0.0010521421,0.0009470144,0.0009863535,0.0010225335,0.0009567598,0.0009867707,0.0010479847,0.0010442594,0.0009362409,0.0010497281,0.0009976784,0.00094705913,0.0010446617,0.0009606788,0.0010193447,0.0009820471,0.001009197
2009-03-06,0.0019043246,0.0019917795,0.0019325921,0.002009944,0.0019045183,0.0019188086,0.0019754628,0.0019175867,0.0019436041,0.002000169,0.0019970546,0.0018991092,0.0019993195,0.0019646147,0.0019108662,0.0019972036,0.0019134292,0.001973466,0.001936228,0.0019497732
2009-03-09,0.00025202427,0.00034797285,0.0002857903,0.000358806,0.00025168154,0.00026884768,0.0003345022,0.000271664,0.00028780196,0.00035406742,0.00034779403,0.0002524713,0.00035721157,0.00030575786,0.00025446806,0.00034298096,0.0002600113,0.00032650027,0.00028352533,0.00034058187
2009-03-10,0.0009470144,0.0011899481,0.001174883,0.0010572532,0.00094702933,0.00096762273,0.0010182718,0.0009518424,0.0009782771,0.0010475675,0.0010411302,0.0009958753,0.0011206726,0.0010116259,0.0012749294,0.0010438422,0.0010261694,0.0012345323,0.0009805271,0.0010438422
2009-03-11,0.000987337,0.0010444382,0.0011896947,0.0010560015,0.00094705913,0.001277105,0.0010296712,0.00094726775,0.0012893537,0.0010464499,0.001042218,0.0009144107,0.0011199275,0.0010003159,0.00096801016,0.0010434398,0.0009657154,0.001008139,0.0011557797,0.0010559717
2009-03-12,0.0009148279,0.0010457197,0.0010238597,0.0010537216,0.00094704423,0.00097182486,0.0010328451,0.00094725285,0.0009838799,0.0010388056,0.0010463158,0.0009301463,0.00105548,0.0010019699,0.00096252654,0.001042054,0.00095389877,0.0010076175,0.0009871582,0.000987784
2009-03-13,0.002448217,0.0026474753,0.0025514076,0.0025747875,0.002465264,0.002483816,0.0025449554,0.0024653235,0.002493308,0.0025640884,0.0025633583,0.002510489,0.0026417682,0.002761797,0.0028099278,0.0025645206,0.0024730721,0.002753199,0.0025046477,0.0025130222
2009-03-16,0.0009404132,0.0011294046,0.0011399547,0.0010541985,0.00094704423,0.000969843,0.0010392228,0.00094707403,0.00097283814,0.0010484019,0.0010450045,0.0010034898,0.0011345306,0.0010745088,0.0011899034,0.001043872,0.0009546438,0.0011161724,0.0009880522,0.0010355571
2009-03-17,0.002483965,0.0025416026,0.0026121447,0.0025479207,0.002440081,0.0025985846,0.0025217542,0.002442197,0.0025769034,0.0025389353,0.002536879,0.0024089525,0.0026016096,0.0025091032,0.0024566064,0.0025366703,0.0024422565,0.002495722,0.0025750855,0.0025337646
2009-03-18,0.0007746825,0.00088453386,0.0008442709,0.0008863071,0.0007782439,0.0007936964,0.00085748825,0.00078304205,0.0007977346,0.0008827159,0.0008722702,0.00076377485,0.0008814642,0.00086636934,0.00079310033,0.00087432656,0.00078187976,0.00082901213,0.0008107135,0.0008695731
2009-03-19,0.000945122,0.0010941038,0.0010175863,0.001052008,0.00094704423,0.0009572068,0.0010358403,0.0009501586,0.0009736577,0.0010458538,0.0010411451,0.0009838054,0.0011020759,0.0010816911,0.0011660466,0.0010438124,0.00094881747,0.0010799626,0.0009794245,0.0010479102
2009-03-20,0.0008954713,0.0010037133,0.001173214,0.001010404,0.0008989135,0.0009092549,0.0009635845,0.0012318352,0.0009263763,0.0009990791,0.000995175,0.0009546587,0.0010746578,0.0012548426,0.0010179142,0.0009981552,0.0009015957,0.0012310008,0.00093461666,0.0010071257
2009-03-23,-0.000948458,-0.0008524945,-0.000825285,-0.0008355221,-0.0009452393,-0.0009357324,-0.00086745527,-0.0008484265,-0.0009138426,-0.00084154215,-0.0008511087,-0.0009368351,-0.000827997,-0.0008637598,-0.0008306941,-0.00084690657,-0.000941365,-0.0008445969,-0.0009127846,-0.0008423468
2009-03-24,0.00094612036,0.0010376582,0.0012367228,0.0010539899,0.00094710384,0.0010036388,0.0010178247,0.0012917677,0.0009844461,0.0010478655,0.0010378817,0.0009783963,0.0011192271,0.001025469,0.0012740204,0.0010441998,0.0009634206,0.0012099007,0.0009792307,0.0010495046
2009-03-25,-0.001533865,-0.0014467528,-0.0014466783,-0.0014288714,-0.001532509,-0.0015182337,-0.0014643213,-0.0014999798,-0.0014892211,-0.0014333567,-0.0014395555,-0.0015742918,-0.0014294377,-0.001451089,-0.0014388552,-0.0014398685,-0.0015295735,-0.001469045,-0.0014996966,-0.0014266511
2009-03-26,0.00094722304,0.001028643,0.0010847757,0.0010442743,0.00094707403,0.0009631226,0.0010167966,0.0011088559,0.0009814212,0.0010428587,0.0010408768,0.0009725699,0.0010992745,0.0010963241,0.0010290602,0.0010389844,0.00094837043,0.0011127153,0.0009814659,0.0010451535
2009-03-27,0.00094732735,0.0010326514,0.0010401467,0.0010428438,0.00094710384,0.0009722272,0.0010349313,0.0010152766,0.0009813765,0.0010387907,0.0010400573,0.0009491602,0.0010574916,0.0010032216,0.0010552565,0.0010366747,0.0009506801,0.0010308633,0.0009804526,0.0010350356
2009-03-30,-0.0071635684,-0.0070806285,-0.006829067,-0.0070607355,-0.00716336,-0.0071370294,-0.0070791235,-0.0066940775,-0.00712341,-0.0070687523,-0.007071062,-0.00707437,-0.0069432994,-0.007099121,-0.006800144,-0.00707063,-0.0071565947,-0.006776138,-0.007131501,-0.0070631197
2009-03-31,0.0009468803,0.0010373751,0.001040847,0.0010534683,0.00094708893,0.00096005294,0.0010358999,0.0010048905,0.0009913305,0.0010433057,0.0010397295,0.0009390274,0.001054571,0.0010211775,0.001042665,0.0010439018,0.00094844494,0.001018242,0.0009810189,0.0010320107
2009-04-01,0.00094542,0.0010383436,0.0010334114,0.001055182,0.00094708893,0.00096005294,0.0010439018,0.0009623179,0.0009851614,0.0010451088,0.0010440955,0.0009213397,0.001044766,0.0010225484,0.0010433504,0.0010453621,0.00095136557,0.0010056356,0.0009817639,0.00104116
2009-04-02,0.0011568824,0.0012492249,0.0012539783,0.0012634108,0.0011574933,0.0012462148,0.0012540827,0.0012438456,0.0011986205,0.0012564966,0.0012540678,0.0011458853,0.0012614289,0.001234279,0.0012609372,0.0012577632,0.0011844197,0.0012169937,0.0011924068,0.0012580464
2009-04-03,0.0009470144,0.0010397444,0.0011129389,0.0010485658,0.00094708893,0.0009987364,0.0010413388,0.0011064718,0.000986428,0.0010508904,0.001041309,0.0009835372,0.0010981718,0.001009495,0.0011142502,0.0010460773,0.00095875654,0.0010694275,0.0009800056,0.0010299841
2009-04-06,0.0009467462,0.0010336051,0.0010361532,0.0010484019,0.00094710384,0.0009673247,0.0010391483,0.0009655366,0.0009887675,0.001048387,0.0010422477,0.0009465972,0.00104417,0.0010118941,0.001045079,0.0010442594,0.00094980095,0.0010004202,0.0009786645,0.0010397295
2009-04-07,0.00094603095,0.0010397295,0.0010251859,0.0011542896,0.00094707403,0.0009605149,0.0010324577,0.0009515891,0.000988693,0.0010475228,0.0010461817,0.0009933123,0.0011176029,0.0012831846,0.0010039816,0.0010411898,0.0009482661,0.0012965212,0.0011627534,0.0010308335
2009-04-08,0.0021309713,0.0022219727,0.0022025118,0.0022395113,0.002131165,0.0021547237,0.0022203634,0.0021420429,0.0021746913,0.00221409,0.0022204528,0.0020976225,0.0022343555,0.0022036294,0.002181233,0.002224342,0.0021404782,0.0021883557,0.00217186,0.0022308836
2009-04-09,0.0023153732,0.0024099955,0.0023950497,0.002426506,0.0023179362,0.002337099,0.0024035284,0.0023205737,0.0023545632,0.0024098614,0.0024142424,0.002300636,0.002420024,0.0023865262,0.002365441,0.0024077455,0.0023252973,0.002365441,0.0023563216,0.0024206946
2009-04-13,0.0010217587,0.0010425756,0.0010123858,0.0009836117,0.00094710384,0.0009761313,0.0010455707,0.0009501735,0.0009918073,0.0010442892,0.0010397444,0.0009378055,0.0010449449,0.0010177055,0.000995473,0.0010388652,0.00095094834,0.001001508,0.0009857425,0.0010499666
2009-04-14,0.0010431865,0.0010449896,0.0010163048,0.0010960707,0.00094708893,0.00095631275,0.0010356465,0.0009488473,0.00099744,0.0010478655,0.001038284,0.0009865323,0.0010992298,0.0010966817,0.00096914265,0.0010336498,0.00094981585,0.0010769377,0.0010791579,0.001057894
2009-04-15,0.0015972862,0.001595364,0.0015659044,0.0016036341,0.0014953623,0.0015044818,0.0015799413,0.0014972696,0.0015379349,0.0016019503,0.0015881816,0.001490281,0.0015927264,0.0015604505,0.0015171776,0.0015946338,0.0015004883,0.0015531192,0.0015261779,0.001608328
2009-04-16,0.0012912164,0.001050801,0.0010236958,0.0009749839,0.0009490708,0.0012768963,0.0010494003,0.001276643,0.0009841779,0.0010501603,0.0010429332,0.0009945342,0.0010461966,0.0010024467,0.00096666906,0.0010498175,0.001266391,0.0010106871,0.0012243101,0.0010570297
2009-04-17,0.002445356,0.0024495432,0.0024136463,0.0023563514,0.002364562,0.0023900876,0.0024472782,0.002369837,0.002392874,0.0024525682,0.0024475763,0.0023159394,0.0024438957,0.0024082223,0.0023667822,0.0024508992,0.0023710886,0.0024078945,0.002388374,0.0024461607
2009-04-20,-0.0040581217,-0.004072874,-0.004109009,-0.004078402,-0.0041448167,-0.004141315,-0.0040756008,-0.004155769,-0.0041204384,-0.0040643355,-0.004068329,-0.004185035,-0.0040753623,-0.004110246,-0.0041659167,-0.004064842,-0.0041563353,-0.0041145226,-0.0041290214,-0.0040722033
2009-04-21,0.0024830112,0.002448232,0.0024287412,0.0024588862,0.002386571,0.002454714,0.0024443576,0.0023836056,0.002405242,0.0024545202,0.0024553547,0.0023533413,0.0024490962,0.0024241963,0.0023873905,0.002450318,0.0023939023,0.002416552,0.0024029622,0.0024533877
2009-04-22,0.0007487247,0.00059588347,0.0005761394,0.00059816334,0.000526757,0.000743554,0.0005909512,0.00066004787,0.00053811166,0.00060211215,0.00060573313,0.0005436549,0.0006003538,0.00056381617,0.0005037943,0.000589923,0.0006513456,0.00055870507,0.0006516883,0.00059956405
2009-04-23,0.0023768554,0.0023601511,0.0023312727,0.0023698965,0.00230077,0.0023572752,0.002355055,0.0022774497,0.002316744,0.0023660073,0.0023720274,0.0022653947,0.002362282,0.0023394534,0.0022701332,0.0023600915,0.0022750208,0.002320231,0.0022974769,0.0023673335
2009-04-24,0.0010489533,0.0010464648,0.0010050992,0.00097273383,0.000980095,0.0010132352,0.0010526488,0.00095361564,0.0009948025,0.0010471204,0.0010521123,0.00094451103,0.0010436634,0.0010198066,0.0009488622,0.001041011,0.000953258,0.0009981403,0.0009780535,0.001043723
2009-04-27,0.0010495791,0.0010500113,0.0010038326,0.00096015725,0.0009821216,0.0010277936,0.0010554353,0.0009785304,0.0009940127,0.0010475377,0.001043112,0.0009455392,0.0010399828,0.0010168264,0.0009648511,0.0010471502,0.00095768366,0.001001195,0.0009785602,0.0010374347
2009-04-28,0.0010617981,0.0010485211,0.0010093311,0.0009569833,0.0009853253,0.0010275999,0.0010481188,0.00096011255,0.0009894529,0.0010468075,0.001046137,0.00094616506,0.0010419497,0.0010162005,0.00094720814,0.001052917,0.00094984565,0.0010050843,0.0009801397,0.0010377327
2009-04-29,0.0010561058,0.001048238,0.0010067085,0.0009541968,0.0009818235,0.0010048607,0.0010492513,0.0009554336,0.0010028491,0.00105095,0.0010480741,0.00094601605,0.0010381201,0.0009998837,0.00094719324,0.0010481486,0.0009494284,0.0010098228,0.0009775618,0.0010387162
2009-04-30,0.002341182,0.0020875344,0.0020489255,0.001986728,0.0019982764,0.0023408988,0.0020845095,0.0023199627,0.0020340243,0.0020897696,0.0020907978,0.0020352015,0.0020888755,0.0020406703,0.0019856403,0.0020932117,0.0023165355,0.0020537237,0.002258421,0.002092124
2009-05-01,0.0013289312,0.0010474483,0.0010056058,0.0009481916,0.0009629736,0.0013137618,0.0010504136,0.0013085464,0.0009991089,0.0010522613,0.0010561952,0.0009761462,0.0010517696,0.0009959498,0.00094708893,0.0010436038,0.0012970576,0.0010146359,0.0012392262,0.0010572979
2009-05-04,0.0023566196,0.002096475,0.0020658681,0.001992167,0.0020067403,0.0023672888,0.0020997385,0.002358825,0.0020390311,0.002096654,0.0020979801,0.0020152042,0.0020890245,0.0020426074,0.0019917795,0.002088816,0.0023560533,0.0020718137,0.0023004422,0.0021088878
2009-05-05,0.0013655433,0.0010463009,0.0010098079,0.00094734225,0.0009645233,0.0013299892,0.0010450939,0.0013208697,0.0010051588,0.0010467777,0.0010499964,0.0009931335,0.0010484764,0.0009960542,0.0012133429,0.0010443041,0.001319767,0.0010287771,0.0009977529,0.0010649571
2009-05-06,-0.00017976668,-0.00058630016,-0.000601097,-0.0006846925,-0.00068142917,-0.00015583541,-0.00058370735,-0.00015523937,-0.0006408831,-0.00058494415,-0.00058489945,-0.00036810245,-0.0005894592,-0.00033619907,-0.00061951485,-0.0005919626,-0.00015549269,-0.000620394,-0.00052823033,-0.0005743494
2009-05-07,-0.0012423983,-0.0016566506,-0.0013990989,-0.0017507663,-0.0017465195,-0.0012225946,-0.0016500494,-0.0012205383,-0.0017051985,-0.0016511073,-0.0016485145,-0.0014289757,-0.0016513756,-0.00138989,-0.0016674241,-0.0016551008,-0.0015565744,-0.0016783914,-0.0015959879,-0.001642718
2009-05-08,0.003400878,0.002972261,0.00325209,0.002877877,0.0028821537,0.0034168074,0.0029754797,0.0030755857,0.0029222379,0.0029790709,0.0029828409,0.0032034079,0.0029758522,0.0032649348,0.002964125,0.0029749284,0.003393934,0.0029433677,0.003024132,0.0029783705
2009-05-11,0.0026033828,0.0021713385,0.002376304,0.002157987,0.0020854184,0.002619029,0.0021861503,0.0022606263,0.0021273056,0.0021838108,0.0021858374,0.0024051825,0.0021716962,0.0024611214,0.0022264281,0.0021808455,0.0026094476,0.0021469304,0.002101914,0.0021830061
2009-05-12,0.0012258003,0.0010252753,0.001084269,0.0009598294,0.00095482264,0.0012136856,0.0010480592,0.0011850158,0.0009862939,0.0010496685,0.0010489682,0.0011020759,0.001034365,0.0011540661,0.0010062614,0.0010465095,0.0011989931,0.001010404,0.0009783218,0.0010485062
2009-05-13,0.0011779228,0.0010377476,0.0011219243,0.0009514997,0.00096516404,0.0011341134,0.0010480145,0.0010984847,0.0009830603,0.0010460624,0.0010474334,0.0009688148,0.0010430971,0.0011463473,0.0009837011,0.0010508755,0.00097160134,0.0010291049,0.0009760866,0.0010433057
2009-05-14,0.0019103894,0.0010374794,0.0013096789,0.0009494582,0.0009837011,0.0014390806,0.001051248,0.0012741396,0.000984163,0.0010459879,0.0010488788,0.001040862,0.0010384778,0.0011446932,0.0010121921,0.0010530362,0.0014366964,0.0010276893,0.0009800652,0.0010510841
2009-05-15,0.0014754692,0.0010391036,0.0013777921,0.0009541521,0.00095252786,0.0014441917,0.001048238,0.0012984732,0.0009901831,0.001048685,0.0010496089,0.0010279575,0.0010364214,0.001123176,0.0010415921,0.0010506222,0.0014466653,0.0010339925,0.0009817043,0.0010557631
2009-05-18,0.0013293186,0.0010518888,0.0013316283,0.0009477446,0.0009546438,0.0013393769,0.0010522017,0.0013410905,0.0009990791,0.0010486403,0.0010528574,0.000987039,0.0010473141,0.001050801,0.0010548392,0.0010515014,0.001340867,0.0010350058,0.0009867409,0.0010557631
2009-05-19,0.0010797838,0.0010483125,0.0010285089,0.00094750617,0.000954167,0.0010187933,0.0010516057,0.000987188,0.0009943256,0.0010488043,0.001048998,0.00089587364,0.0010391036,0.0010481933,0.0010414133,0.0010498771,0.0009864131,0.0010364363,0.0009837011,0.0010504583
2009-05-20,0.0017920295,0.0016025016,0.0016589025,0.0015430311,0.0015119025,0.0017213384,0.001615868,0.0016959766,0.0015613595,0.0016147802,0.0016134391,0.0015696744,0.001608328,0.0016199658,0.0016029188,0.001617373,0.001695008,0.0016124556,0.0015552947,0.0016153613
2009-05-21,0.0011458257,0.001028792,0.001119704,0.0009770701,0.00094853435,0.0011467645,0.0010426501,0.0011290768,0.0009835819,0.0010434994,0.0010457197,0.0010354975,0.0010380903,0.0010515908,0.0010377476,0.0010493556,0.0011285553,0.0010484019,0.0009809742,0.0010445425
2009-05-22,0.0017212192,0.0016207704,0.0017090896,0.0015688548,0.0015460858,0.0017237226,0.0016419748,0.0017196545,0.0015911469,0.0016432265,0.0016440758,0.0016759792,0.00164044,0.0016515115,0.0016311267,0.001645402,0.0017191926,0.0016380558,0.0015834877,0.0016372064
2009-05-26,0.0014290074,0.0011696676,0.0011531869,0.0011184076,0.0010934332,0.0014443109,0.0011709491,0.001430274,0.0012788484,0.0011898736,0.0011918405,0.0011579702,0.0011864463,0.0011960873,0.0011819014,0.0011923173,0.0014297375,0.0011817971,0.0011288533,0.0011868933
2009-05-27,0.0012971917,0.0010385821,0.0010122666,0.000967429,0.0009489665,0.0013088146,0.0010328749,0.0013002912,0.0011398951,0.0010532448,0.0010516653,0.0009932229,0.0010534683,0.0010506222,0.001036928,0.0010505477,0.0012993077,0.0010363767,0.000984014,0.0010538409
2009-05-28,0.0003962675,0.000115663745,0.00010009203,6.76373e-05,3.0369498e-05,0.00040431414,0.00012557302,0.00039532874,0.00028896425,0.0001304308,0.00012981985,7.2673894e-05,0.00013277028,0.00012858305,0.000121043064,0.00012637768,0.00039523933,0.000100136735,6.6266395e-05,0.00010918174
2009-05-29,0.0010312209,0.001041607,0.0010330537,0.0009855637,0.0009515146,0.0010342607,0.001044617,0.0010342756,0.0010268698,0.0010499218,0.0010476718,0.00094966684,0.001053364,0.0010463605,0.0010505477,0.0010447958,0.0010341564,0.001017929,0.0009829411,0.00105095
2009-06-01,0.0015246281,0.0014263252,0.0014175931,0.0013696859,0.0013382593,0.0015086392,0.0014315853,0.001527221,0.0014390061,0.0014294395,0.0014221827,0.001358212,0.0014215419,0.0014318684,0.0014386782,0.0014237771,0.0015039453,0.0014116177,0.0013634721,0.0013941983
2009-06-02,0.0011965642,0.0010317126,0.0010306248,0.0010244409,0.0009747604,0.0011858353,0.0010258267,0.0011463771,0.0010676244,0.0010397891,0.001035721,0.0009786347,0.0010233084,0.0010484168,0.0010480294,0.0010373453,0.0011341283,0.0010143975,0.0009834031,0.0009939382
2009-06-03,0.001133264,0.0010397444,0.0010240981,0.0009968886,0.00095489714,0.0011222521,0.0010344544,0.0011355141,0.0010825554,0.0010436187,0.0010384629,0.0009877989,0.0010235617,0.0010470161,0.0010522315,0.0010432014,0.0011077235,0.001034529,0.0009804079,0.0010102103
2009-06-04,-0.0026568314,-0.0025860658,-0.0026191166,-0.0026510945,-0.0026914617,-0.00266309,-0.0026005795,-0.0026423773,-0.0026404997,-0.002598553,-0.0026011905,-0.0026958724,-0.002620264,-0.0026483675,-0.0026029637,-0.00259675,-0.0026730737,-0.002614542,-0.0026729843,-0.0026505282
2009-06-05,0.0029718885,0.0029827217,0.0029620836,0.0029215077,0.0028931508,0.0029044906,0.0029818276,0.002936394,0.002936826,0.0029821405,0.002980412,0.0028745243,0.0029628286,0.0029741535,0.0029762993,0.0029803077,0.0029034624,0.002973185,0.0029152343,0.0029623965
2009-06-08,0.0029379586,0.002686412,0.0026558945,0.0026178071,0.0025920281,0.0029273788,0.0026855627,0.0028784433,0.0028660903,0.0026798556,0.0026804814,0.002627612,0.0026723156,0.0026334086,0.0026747147,0.0026715258,0.0029149065,0.002661542,0.0026033828,0.0026712576
2009-06-09,0.0010305652,0.0010541538,0.0010026107,0.0009855786,0.0009527663,0.00099367,0.0010378072,0.0010354975,0.0010062018,0.0010383287,0.0010440061,0.0009123096,0.0010274807,0.0009889761,0.0010338584,0.0010388801,0.000985683,0.0010288665,0.0009707222,0.0010246346
2009-06-10,0.0012986073,0.0010460177,0.0010135481,0.000985817,0.00094705913,0.0012943754,0.0010402212,0.0011910805,0.0011905888,0.0010406235,0.0010468969,0.0009825835,0.0010363022,0.0009951303,0.0010385076,0.0010405341,0.0012812028,0.00102909,0.0009681145,0.0010132501
2009-06-11,0.0013174424,0.0010551373,0.0010206113,0.0009867856,0.0009469697,0.0009856978,0.001039491,0.0012076953,0.0012337575,0.001042367,0.0010475079,0.00097569916,0.0011103163,0.0010114321,0.0010403851,0.0010422925,0.0013063708,0.0010259906,0.000969545,0.0010415325
2009-06-12,0.0014472166,0.0013388107,0.0012786398,0.001276494,0.0012331018,0.0013941089,0.0013287077,0.0014147172,0.0013987729,0.0013293037,0.00133665,0.0012754658,0.0013174722,0.0013016323,0.0013321498,0.0013303319,0.001435549,0.0013010958,0.001263232,0.0012715766
2009-06-15,0.0007968405,0.0008143643,0.0007309774,0.0007531801,0.00070834253,0.00073041115,0.00080856774,0.0007797042,0.00078070257,0.00080481265,0.00080856774,0.000678719,0.0007950077,0.000767977,0.00080344174,0.00080220494,0.0007515708,0.00077678356,0.00072932336,0.00075760577
2009-06-16,0.0012030164,0.0010384629,0.0009646425,0.0009876946,0.0009835819,0.0010944316,0.0010469416,0.0010913471,0.0011289576,0.0010448107,0.0010397444,0.000980095,0.0010408917,0.0010068873,0.0010362724,0.0010436038,0.001186193,0.0010093758,0.0009713927,0.0010067234
2009-06-17,0.0011100182,0.0010305205,0.0009658793,0.0009835521,0.0012806067,0.0012719491,0.0010445127,0.0011019567,0.001079441,0.0010451982,0.0010452876,0.0010342458,0.0010927776,0.0012816945,0.0010303119,0.0010468224,0.0012726793,0.00127861,0.00097157154,0.0010457793
2009-06-18,0.0009671012,0.0010338137,0.0010065297,0.0009843865,0.0009670714,0.001046286,0.0010339031,0.001019896,0.0010093907,0.00104341,0.0010379413,0.0009143213,0.0010339478,0.0010231743,0.0010363171,0.001033471,0.0010624984,0.0010607848,0.0009820173,0.0010437379
2009-06-19,0.00095874164,0.0010375688,0.0010208348,0.0009829858,0.00095781777,0.0010510543,0.0010324726,0.0010400722,0.0009983489,0.0010430375,0.0010444829,0.00092795584,0.0010390291,0.0010149786,0.0010448704,0.0010448107,0.0010553012,0.0010612169,0.0009770254,0.0010415623
2009-06-22,-0.00015425589,-5.5237673e-05,-9.7482465e-05,-7.203128e-05,0.00019534025,0.00020150933,-7.037725e-05,-5.392637e-05,0.00012086425,-5.5789016e-05,-5.1676296e-05,-0.00011534896,-6.692018e-05,0.00013321731,-4.3957494e-05,-5.6161545e-05,0.00019432697,-3.646221e-05,-0.00011961069,-7.331278e-05
2009-06-23,0.0009455392,0.0010450641,0.00097060297,0.0010379562,0.0011306265,0.0011172304,0.0010188082,0.0010445723,0.001005427,0.0010427693,0.0010401914,0.00095643196,0.0010386566,0.0010826001,0.0010003457,0.0010397146,0.0010345438,0.0011199573,0.0009789476,0.0010269592
2009-06-24,0.0028158734,0.0029114345,0.002851964,0.002902479,0.0031652907,0.0028319368,0.002877296,0.0029154131,0.003062115,0.0029118517,0.0029110024,0.0028495053,0.002914832,0.0031157145,0.0028647194,0.0029165605,0.0031610588,0.0030050734,0.0028496245,0.002915726
2009-06-25,0.0010259906,0.0011190185,0.0010653296,0.0011082301,0.0010591755,0.0010444382,0.001096637,0.0011142055,0.0011164853,0.0011172751,0.0011147568,0.0009861449,0.0011164555,0.0011069188,0.0010752985,0.0011177966,0.0010644803,0.0011297623,0.0010587135,0.0011162767
2009-06-26,0.0007901052,0.0008526752,0.0007682452,0.00077405665,0.0009286711,0.0008966634,0.0008417824,0.00084345136,0.00089956913,0.00091920886,0.000852705,0.00078813825,0.0009193877,0.00090095494,0.0009792307,0.0008468637,0.001198397,0.00085979793,0.00094996486,0.00083056185
2009-06-29,0.0017506192,0.0018015811,0.0017160932,0.00174144,0.0017384598,0.0016999999,0.0018088678,0.0018021027,0.0017786631,0.0018070797,0.0018050233,0.0016862312,0.0018004784,0.0017624656,0.0017528543,0.0017958442,0.0017527649,0.0018043527,0.0017442862,0.0018057832
2009-06-30,0.0010210732,0.0010496387,0.0009598443,0.000967131,0.0011077086,0.00094710384,0.0010537812,0.0010376731,0.0010712454,0.0010514269,0.0010443637,0.000983418,0.001038284,0.0010769526,0.0009972611,0.0010447362,0.0011224905,0.0011018524,0.0009859661,0.001052008
2009-07-01,0.005244867,0.0010456154,0.0009621093,0.00096400175,0.0012801597,0.0009468952,0.0010450492,0.0010503093,0.0010051588,0.0010225931,0.0010554055,0.0009910772,0.0010403851,0.00122358,0.0009990195,0.0010452131,0.0012864182,0.0010474632,0.0011722753,0.0010424862
2009-07-02,0.0017814348,0.0010423968,0.00094714854,0.00094960723,0.0013078013,0.00094705913,0.0010453621,0.0010328153,0.0010209987,0.0010866681,0.0010492066,0.00097555015,0.0010900805,0.001148791,0.0010888139,0.0010467032,0.0014234195,0.0010164985,0.0012687007,0.0010427544
2009-07-06,0.0010612318,0.0010464052,0.0009696642,0.0009567598,0.0010620663,0.00094711874,0.0010444382,0.0009913007,0.0010142038,0.0010395506,0.0010491321,0.00094834063,0.0010388205,0.0010927776,0.0010032514,0.0010435442,0.0010536769,0.0010467777,0.0010252157,0.001038433
2009-07-07,0.0009918967,0.0010522762,0.0009734342,0.0009480277,0.0009994814,0.00094702933,0.0010494599,0.000997127,0.0010213414,0.0010432163,0.0010456899,0.00093303714,0.0010450045,0.001030446,0.0009992132,0.0010451535,0.0010018954,0.0010500262,0.00100498,0.0010448107
2009-07-08,0.0010971585,0.0010494003,0.0009763101,0.0009477148,0.0014384249,0.00094708893,0.0010471353,0.0009933719,0.0010086158,0.0010394016,0.0010423819,0.0010605464,0.001045228,0.001303942,0.0010035047,0.0010425756,0.0014277855,0.0011321316,0.0012777904,0.001032115
2009-07-09,0.001089544,0.0010493705,0.0009759376,0.00094753597,0.0011156062,0.00094707403,0.0010442445,0.0010167221,0.0010228017,0.0010451684,0.0010467032,0.00095346663,0.001038746,0.0010633627,0.0010057548,0.0010422477,0.0011120746,0.0010641972,0.0010960111,0.0010524401
2009-07-10,0.0009856531,0.001052157,0.0009857127,0.00094740186,0.000990943,0.00094707403,0.0010425905,0.001187698,0.0010236809,0.0011234591,0.001045675,0.00095123146,0.0011158893,0.001067535,0.0012248317,0.001047329,0.0010102252,0.001042665,0.0011740783,0.0010568807
2009-07-13,0.0012059668,0.0013095001,0.0012314031,0.0011843452,0.0012039999,0.0011838982,0.0012809047,0.0014418373,0.0012378106,0.0013957629,0.0012852708,0.001212866,0.0013979683,0.0013327161,0.001433135,0.0012830505,0.0012839148,0.0013035396,0.0013892362,0.0012858072
2009-07-14,0.00089855585,0.0010487596,0.00096647535,0.00094714854,0.0010941038,0.00094707403,0.0010507265,0.0009988705,0.0009968141,0.0010552267,0.0010455856,0.00096766744,0.0010539899,0.0011045197,0.0010096142,0.0010366747,0.0010965178,0.0010937909,0.0010956088,0.0010154704
2009-07-15,0.0024424056,0.0025649527,0.0024812976,0.0024647424,0.0024659196,0.0024645934,0.0025654742,0.00253144,0.002513514,0.0025718221,0.0025642673,0.0024481723,0.002575011,0.0025710026,0.0025374005,0.0025647143,0.002467678,0.0025177458,0.0025126943,0.0025007883
2009-07-16,0.0009803483,0.0010599205,0.0009903768,0.00094708893,0.0009466568,0.0009464631,0.001050652,0.0011004666,0.00097152684,0.0011085579,0.0010482678,0.0009658793,0.0011084685,0.0010236064,0.0010971734,0.0010481784,0.0009861002,0.0010123709,0.0010852376,0.00096675847
2009-07-17,-0.0037944159,-0.0037111929,-0.0038015237,-0.0038288226,-0.003829225,-0.003828763,-0.0037312796,-0.0037109545,-0.0038123867,-0.003677248,-0.003734528,-0.0038279733,-0.0036744913,-0.0037699034,-0.0036815098,-0.0037305495,-0.0037908992,-0.0037535569,-0.0037082722,-0.0037943562
2009-07-20,0.0016444037,0.0017331848,0.0017253468,0.0016510794,0.0016508559,0.0016509453,0.001748831,0.001684309,0.0016665915,0.0017724643,0.0017526755,0.0016815225,0.0017552981,0.0017583976,0.0017212937,0.0017559538,0.0017318288,0.0017649392,0.0016835937,0.0016807476
2009-07-21,0.0009430805,0.0010479102,0.00096525345,0.00094705913,0.000948132,0.00094711874,0.001042054,0.0009788433,0.00096121524,0.0010458389,0.0010446319,0.00092798565,0.0010444233,0.0009952495,0.0010149786,0.0010448853,0.0009527812,0.001039044,0.0009780983,0.0009706775
2009-07-22,0.0026590684,0.0027170042,0.0026661465,0.002617077,0.0026207874,0.0026172856,0.0027165422,0.0029271701,0.0026189396,0.0027229348,0.0027136365,0.0026094923,0.0027843723,0.0029725889,0.002672241,0.0027135024,0.002938048,0.0026807645,0.002886803,0.002663807
2009-07-23,0.0030902335,0.0032238076,0.0031768242,0.0031232694,0.0031793574,0.003123329,0.0032185176,0.0032004723,0.0031506727,0.0032215724,0.0032191882,0.0031175027,0.003218622,0.003178523,0.0031852433,0.0032141665,0.0031501064,0.0032031694,0.0031625042,0.0032089064
2009-07-24,0.0021675983,0.0022949288,0.00227739,0.0021838108,0.002242864,0.002183796,0.0022750953,0.00222917,0.002207012,0.002295793,0.0022735158,0.0021954188,0.0022762725,0.0022664377,0.0022413144,0.002273635,0.0022349665,0.0022565732,0.0022176811,0.0022393325
2009-07-27,0.0014061341,0.0015010098,0.0014862278,0.0014131526,0.0017616609,0.0014131973,0.0015064487,0.0014596889,0.0017571906,0.0015117088,0.001584948,0.0014621029,0.0015136609,0.0014743069,0.0016990164,0.0015043775,0.0015987763,0.0014925757,0.001451985,0.001460732
2009-07-28,0.0009849528,0.0010386566,0.0010054866,0.00094705913,0.001305447,0.00094704423,0.0010438869,0.0010825554,0.0013010064,0.0010440955,0.0011226544,0.0009759376,0.0010969052,0.0010943869,0.0012426833,0.0010435442,0.0012737075,0.0010403106,0.0010912577,0.0010367343
2009-07-29,0.0021713534,0.0022665719,0.002204419,0.0021752128,0.0022257427,0.0021750787,0.0022729645,0.002236397,0.0022244016,0.0022728601,0.0022818604,0.002135099,0.0022758553,0.002249227,0.0022407034,0.002275885,0.00228645,0.0022666464,0.002203391,0.0022162208
2009-07-30,0.0015525082,0.0016524652,0.0015818933,0.001557068,0.0015951404,0.0015568146,0.0016564587,0.0016187141,0.0015890757,0.0016558329,0.0016647587,0.0015353421,0.0016538957,0.001630784,0.001636372,0.0016549686,0.0016665021,0.0016447762,0.0015894184,0.0016172389
2009-07-31,0.00013011787,0.00023305509,0.000172765,0.00013320241,0.00030329917,0.00013257656,0.00023621414,0.00019839499,0.00030215178,0.00023406837,0.000293375,0.00017130468,0.00021998677,0.0002100477,0.00027237926,0.00022627506,0.00030574296,0.00020538364,0.00016434584,0.00022074673
2009-08-03,0.0025989125,0.0026977817,0.002667741,0.0026005367,0.0027547637,0.002599598,0.002703608,0.0026700208,0.0027534524,0.0027010748,0.002752618,0.002638639,0.0026922533,0.0026746402,0.0027377913,0.0026954273,0.0027623484,0.0026690373,0.0026315907,0.0026731798
2009-08-04,0.0009454349,0.0010557184,0.00096936617,0.0009478042,0.0009540776,0.0009470144,0.0010454962,0.0010067681,0.00095261727,0.0010494599,0.001042516,0.0009399215,0.0010317722,0.0010160068,0.0010328004,0.0010429481,0.0009757886,0.0010260651,0.000979335,0.001006932
2009-08-05,0.0009467462,0.001055018,0.0009999732,0.0009479532,0.0012781331,0.0009470144,0.0010488043,0.0010043243,0.001275734,0.0010467479,0.0010448107,0.0009931335,0.001033173,0.0009945491,0.0011962065,0.0010445425,0.0012969384,0.0011845091,0.00097859,0.0009872476
2009-08-06,0.00094702933,0.0010493705,0.0010220716,0.0009482661,0.00097526703,0.0009469548,0.0010091076,0.0010044733,0.0009746561,0.0010456899,0.00104794,0.0009180466,0.0010385225,0.0010120878,0.0010304609,0.0010455409,0.0010499666,0.0010350356,0.0009792754,0.00096899364
2009-08-07,0.0009463737,0.0010525296,0.0009765038,0.0009480128,0.0009943405,0.0009470144,0.0010413239,0.0010375241,0.0009932229,0.0010348568,0.0010525146,0.00095513556,0.00105095,0.0009930739,0.0010384927,0.0010417262,0.0010186294,0.0010446021,0.0009746263,0.00096525345
2009-08-10,0.002330915,0.002432079,0.002349482,0.0023323158,0.0026795873,0.0023316601,0.0024336735,0.0024218867,0.0026790807,0.0024273107,0.0024390528,0.002376155,0.00244175,0.0023771683,0.0026242444,0.002429516,0.0026748488,0.0025708238,0.002361373,0.0023472467
2009-08-11,0.0009466568,0.0010502795,0.0009711245,0.00094735716,0.0011153528,0.00094704423,0.0010069022,0.0010238746,0.0011151889,0.0010427842,0.0010508606,0.0009554187,0.0010593543,0.0010004649,0.0010933438,0.0010453919,0.0010899166,0.0010856846,0.0009750733,0.0009568939
2009-08-12,0.002325193,0.0024255821,0.002418832,0.0023261765,0.0026758472,0.0023257593,0.0024273256,0.002388061,0.0026759217,0.002423481,0.0024233917,0.00236182,0.0024330327,0.0024142275,0.0026399055,0.0024247924,0.0026023397,0.002641783,0.0023526708,0.002327294
2009-08-13,0.0009464631,0.001043574,0.0010423074,0.00094732735,0.0010314593,0.0010321001,0.0010233531,0.0010078112,0.0009912113,0.001047642,0.0010413388,0.0009146342,0.0010518292,0.0010467777,0.001036481,0.0010449896,0.0010187337,0.001041458,0.00097413454,0.0009479979
2009-08-14,0.0026178965,0.0026735226,0.0026696632,0.002573655,0.0027402798,0.0026713172,0.002643467,0.0028096,0.0027318457,0.0027504573,0.0026718685,0.0025989423,0.002742798,0.0026829252,0.002716721,0.0027394602,0.002920554,0.002714754,0.0026009688,0.0025742063
2009-08-17,-0.0018345555,-0.0016991934,-0.0017073592,-0.0018025776,-0.0017812392,-0.0016990891,-0.0017012944,-0.0017337343,-0.0017852327,-0.0016976437,-0.0017168066,-0.0018154075,-0.00171478,-0.0016908785,-0.0017217388,-0.0017031273,-0.0017391583,-0.0017118892,-0.0017751595,-0.0017770072
2009-08-18,0.0020633945,0.0021355907,0.0021168003,0.0020317892,0.0021899054,0.0020489255,0.0021274546,0.002346755,0.002187089,0.0022176662,0.0021344135,0.0020700702,0.0022057453,0.002134324,0.0021659294,0.002202929,0.0024532983,0.0021818886,0.0020636925,0.0020421306
2009-08-19,0.0009096572,0.0010519335,0.0010443637,0.00094707403,0.0009632418,0.00095622335,0.0010595927,0.0010167817,0.0009488473,0.0010408917,0.0010510394,0.0009405026,0.0010389546,0.0010403702,0.0010151425,0.0010504285,0.0010167072,0.0010274062,0.0009784261,0.0009964416
2009-08-20,0.000971199,0.0010470757,0.0010323981,0.00094707403,0.00096808467,0.0010239491,0.001057134,0.0010940591,0.00095605943,0.0010931352,0.001037837,0.0009437213,0.0010956386,0.0010459879,0.0009813616,0.0010968754,0.0010815272,0.0010453323,0.0009762654,0.0009871135
2009-08-21,0.0009834925,0.0010434398,0.001052917,0.00094707403,0.0012810836,0.0010505626,0.0010478208,0.0011976818,0.0012784312,0.0011338005,0.0010567466,0.000995026,0.0011351267,0.0010509798,0.0012913058,0.0011216262,0.001308755,0.0011986652,0.00097859,0.0009973506
2009-08-24,0.0009531388,0.001047031,0.001046122,0.00094707403,0.0013024369,0.0010520527,0.0010070363,0.0011025677,0.0013008872,0.0011007646,0.001049907,0.0009758482,0.0010988722,0.0010542432,0.0011388818,0.0011028061,0.0014401535,0.0011825869,0.000978441,0.0009846399
2009-08-25,0.0009732703,0.0010469118,0.0010444382,0.00094707403,0.0009793947,0.0010510543,0.0010124603,0.0012238333,0.00097577367,0.0011335621,0.0010430673,0.0009005377,0.0011364082,0.0011915425,0.0010588625,0.0011172602,0.0010129074,0.0010431418,0.0009763697,0.0010192255
2009-08-26,0.0009080777,0.001049907,0.0010390142,0.00094707403,0.0009780088,0.0010575065,0.0010379562,0.00104116,0.00097428355,0.0010538409,0.0010529021,0.0009249607,0.0010605017,0.0010052035,0.0010351101,0.0010523656,0.0010103295,0.0010383585,0.00097569916,0.0010312656
2009-08-27,0.00070852134,0.000785307,0.0007743398,0.0007117251,0.00117986,0.0007951865,0.0007590512,0.00082779024,0.0011793831,0.0008379379,0.00077942107,0.0007797936,0.0008466551,0.0007800767,0.00093974266,0.00084327254,0.0010982016,0.00082941446,0.0009918669,0.0007076869
2009-08-28,0.0015218863,0.0016323188,0.001631082,0.0015361765,0.0017238865,0.0016436139,0.0016075531,0.0016249726,0.001723499,0.0016392032,0.0016356567,0.0015606442,0.001643599,0.001628072,0.0016927728,0.0016394565,0.0017392347,0.0016794363,0.0015634457,0.0015518079
2009-08-31,0.0009814063,0.00104493,0.0010540793,0.0009476999,0.0012847045,0.0010583261,0.0010306844,0.0010968456,0.0009566108,0.0010956088,0.0010541687,0.0009788284,0.0011034915,0.0010941783,0.0011266777,0.0011009732,0.0012034783,0.0011679837,0.0012610564,0.0009632269
2009-09-01,0.0009414712,0.0010467032,0.0010521719,0.0009479234,0.0010577152,0.0010582814,0.0010592053,0.0010372112,0.000959442,0.0010503391,0.001049743,0.00095637236,0.0010498622,0.0010344544,0.0010797093,0.001047329,0.0010656575,0.0010412196,0.0010392973,0.0009623328
2009-09-02,0.0019154856,0.0020152489,0.0020261416,0.0019287923,0.0021659294,0.001938493,0.0020391056,0.0020104954,0.002073408,0.0020186016,0.0020264396,0.0019979933,0.0020227144,0.0019708136,0.0021017352,0.0020133415,0.0021147588,0.0020098994,0.0021359632,0.0019190023
2009-09-03,0.0009456435,0.0010433504,0.0010443637,0.00094705913,0.0009952644,0.0009559253,0.0010217736,0.0010214308,0.00095491204,0.0010418752,0.0010437528,0.00092047546,0.0010464797,0.0010034302,0.0010530362,0.001038299,0.0009907791,0.0010372559,0.0009706626,0.0010230998
2009-09-04,0.0025817612,0.002677695,0.0026802728,0.0025831321,0.0028346488,0.00258495,0.0027003596,0.002673776,0.0025823126,0.0026755938,0.0026749978,0.0026678303,0.0026865462,0.002671496,0.002744765,0.0026731351,0.0027709166,0.002725021,0.0028024772,0.002674357
2009-09-08,0.0013141343,0.0013676593,0.0013645748,0.0012703845,0.0016501555,0.0012738118,0.0015797177,0.0015503475,0.0012698332,0.0014438787,0.0013606856,0.001324744,0.0014458457,0.001370267,0.0015587369,0.0014349828,0.0015493343,0.0013509104,0.001618118,0.0013605962
2009-09-09,0.0009147981,0.0010462711,0.0010427246,0.00094875786,0.0010630796,0.00094737206,0.0010442445,0.0010263333,0.0009468207,0.0010455707,0.0010365406,0.0009172419,0.0010552565,0.001042054,0.00102155,0.0010431865,0.0010267356,0.0010370174,0.0010113278,0.0010498026
2009-09-10,0.0009310106,0.0010402659,0.0010547498,0.0009482065,0.0009766081,0.00094707403,0.0010201493,0.001048998,0.0009469101,0.001047493,0.0010449896,0.0009248415,0.0010588178,0.0010482678,0.0010117153,0.0010452727,0.0009958306,0.0010256479,0.0009649703,0.0010604123
2009-09-11,0.0019260803,0.0020290473,0.0020314613,0.0022578696,0.001985089,0.0019318173,0.0022314498,0.0020293305,0.0019320259,0.0020340988,0.0020314911,0.0019902,0.0020416835,0.0020326832,0.002209709,0.0020333687,0.0022163847,0.0020205984,0.0022869566,0.0020394335
2009-09-14,0.0028637806,0.0029171119,0.002925695,0.0031736055,0.0033161798,0.0028192857,0.0029560784,0.0029939124,0.0028191963,0.0029703984,0.0029250244,0.00290081,0.002983586,0.002916933,0.0031940946,0.0029673139,0.0031951526,0.0028980235,0.0033022175,0.0028507868
2009-09-15,0.0009431699,0.0010452876,0.001034514,0.0009764293,0.0009769509,0.00094702933,0.001001955,0.001030297,0.00094702933,0.0010437975,0.00105095,0.0008962611,0.0010519931,0.0010486702,0.0010285089,0.001043574,0.0010016272,0.001011149,0.0009803483,0.00096502993
2009-09-16,0.00094473455,0.0010446468,0.0010295669,0.0009733448,0.00096242223,0.0009469548,0.0009983638,0.0010030726,0.00094746146,0.0010451833,0.0010456154,0.0009239027,0.001053066,0.0010493109,0.0010390589,0.0010456452,0.0009996602,0.0010405192,0.0009745667,0.0009606341
2009-09-17,0.00049677584,0.0005979696,0.00057874713,0.00065714214,0.0005104551,0.00049814675,0.0008286247,0.0005503008,0.0004986534,0.0005974183,0.00059977267,0.0005912641,0.00059978757,0.0005834708,0.00093962345,0.0005985806,0.0008737752,0.00079737697,0.00095753465,0.0005118409
2009-09-18,0.0012937794,0.0013930509,0.0013659457,0.001440377,0.0014431039,0.0012948671,0.0013747374,0.0013471851,0.0012954036,0.001393483,0.0013839314,0.0013008127,0.0013950774,0.0013866583,0.0013991753,0.0013936767,0.0014252672,0.0013833353,0.0014519254,0.0013015429
2009-09-21,0.0019908408,0.002094374,0.0020859102,0.001994134,0.001994566,0.0019923756,0.0020721117,0.0020537535,0.0019928226,0.0020987997,0.002096192,0.0019699046,0.0020966688,0.0020756135,0.0020214627,0.0020952532,0.0020326385,0.002061353,0.0020059804,0.0019993642
2009-09-22,0.00094455574,0.0010455111,0.001042516,0.0009530494,0.00095360074,0.0009470144,0.0010204175,0.0010055313,0.00094865356,0.0010457495,0.0010480592,0.0009349594,0.0010508904,0.0010155151,0.000974522,0.0010427097,0.0009903768,0.0010166625,0.0009825686,0.0009528408
2009-09-23,0.0024962584,0.0025899569,0.002597616,0.0024992535,0.002497376,0.00249751,0.0026444653,0.002548785,0.002498419,0.002595351,0.002596409,0.0025367895,0.0025972882,0.0025747577,0.0026703337,0.0025981376,0.002639384,0.0026407996,0.0026568333,0.0025016824
2009-09-24,0.000946776,0.001043723,0.0010334114,0.0009488771,0.0009468803,0.00094705913,0.0010280767,0.0010078261,0.0009477595,0.0010471502,0.0010513971,0.0009425888,0.0010452578,0.0010397891,0.0009687552,0.0010481188,0.0009839097,0.0010453323,0.0009700218,0.000951455
2009-09-25,0.0032423148,0.003251643,0.0032458464,0.0031553963,0.0031542936,0.003154249,0.0032369057,0.003208981,0.0031814286,0.0032526264,0.0032534609,0.0031516561,0.0032548169,0.0032466361,0.0031621167,0.003252984,0.003192977,0.0032524774,0.0031613568,0.0031833658
2009-09-28,0.0025511244,0.0025498578,0.0025427053,0.0024901787,0.0024524638,0.002449886,0.0025307843,0.002504618,0.0024805823,0.00255181,0.0025542537,0.002473564,0.0025523016,0.0025311867,0.0024915943,0.0025473395,0.0025101462,0.002552242,0.0024662325,0.0024807611
2009-09-29,0.0015522698,0.0016302476,0.0016230652,0.0018792609,0.0015375176,0.0015376965,0.0016174028,0.0015926817,0.0015410641,0.001635463,0.0016298005,0.0015846649,0.0016333321,0.0018476257,0.0018977085,0.0016199062,0.0019210139,0.0018409351,0.0015566358,0.0015527615
2009-09-30,0.0026589343,0.0027454803,0.0027510235,0.0026752362,0.0026543448,0.0026543895,0.0027353922,0.0027471194,0.0026566694,0.0027493397,0.0027549276,0.0026185224,0.0027450034,0.0027089128,0.0027141282,0.0027479837,0.002709032,0.0027582059,0.002669082,0.0026801238
2009-10-01,0.0009955773,0.0010427991,0.001045526,0.0009579817,0.00094705913,0.00094708893,0.0010225931,0.001050056,0.0012763301,0.001122714,0.0010441849,0.00092791114,0.0010460326,0.0012268582,0.0009928057,0.0011145929,0.0009726593,0.0010389993,0.0009514848,0.0013190517
2009-10-02,0.00091929827,0.0010412941,0.0010451684,0.0009967545,0.00095361564,0.00094711874,0.0010139206,0.001056076,0.0009750882,0.0010506371,0.0010501156,0.00094480906,0.001043723,0.0010154853,0.0010467777,0.0010526786,0.0009775767,0.0010464797,0.00095626805,0.0009857723
2009-10-05,-9.4383024e-05,1.5989877e-05,1.04615465e-05,9.019766e-05,-6.920006e-05,-7.928815e-05,-6.398186e-07,1.7196871e-05,-6.9378875e-05,3.0705705e-06,2.5407411e-05,-3.8220547e-05,1.5200116e-05,5.671475e-05,8.787308e-05,2.795551e-05,2.6569702e-05,6.993208e-05,-6.830599e-05,-5.9722923e-05
2009-10-06,0.000941203,0.0010459283,0.0010427693,0.00095355604,0.0009620348,0.00094705913,0.0010167668,0.001046122,0.0009606341,0.0010357806,0.0010479549,0.0009416649,0.0010464201,0.0009961436,0.0010500262,0.0010520974,0.0009592334,0.001039342,0.00095772836,0.0009747157
2009-10-07,0.0009865025,0.0011195252,0.001049594,0.0011607716,0.0009609023,0.00094705913,0.0010189572,0.0010513524,0.0010929862,0.0010894844,0.0010515163,0.000994415,0.0010412941,0.0010778913,0.0012496123,0.0010987232,0.0012754062,0.0011628726,0.00095266197,0.0010575363
2009-10-08,-0.000979959,-0.00079528894,-0.0008755615,-0.0007382175,-0.0009484729,-0.00097627845,-0.00090815034,-0.00087228324,-0.0009755334,-0.00087863114,-0.0008795252,-0.00094823446,-0.00088182,-0.0009330502,-0.00066961255,-0.0008765748,-0.00062623527,-0.0007449081,-0.00097010937,-0.0009692153
2009-10-09,-0.00016875472,1.7107464e-05,-6.495323e-05,7.158611e-05,-0.00015342142,-0.00016648974,-9.833183e-05,-5.9529208e-05,-0.00016556587,-6.0929917e-05,-6.419327e-05,-0.00014269259,-6.8097375e-05,-0.00012636092,0.00023265276,-6.687548e-05,0.0001972178,0.00020781253,-0.00016043987,-0.00015850272
2009-10-12,0.0009455988,0.0010596076,0.0010379115,0.0010020593,0.0009623775,0.00094704423,0.0010184059,0.0010516951,0.00094845984,0.0010496983,0.0010453174,0.0009146938,0.0010429928,0.0009912858,0.0010318169,0.0010447511,0.0010004202,0.0010544071,0.0009736279,0.0009570578
2009-10-13,0.000946478,0.0011020312,0.00103362,0.0010985145,0.0009645829,0.0009469995,0.0010119835,0.0010416666,0.00094859395,0.0010472098,0.0010464946,0.0009768913,0.0010420689,0.0009973655,0.0011078427,0.0010404596,0.0011220882,0.0010962198,0.0009750435,0.0009660581
2009-10-14,-0.0002262434,-7.3476695e-05,-0.00014065113,0.000106037594,-0.00019320752,-0.00022588577,-0.00015850272,-0.00012764242,-0.00022378471,-0.00012908783,-0.00012776162,-0.00013397541,-0.00013187435,0.00010648463,-6.19581e-05,-0.00013172533,0.0002589682,0.00019908044,-1.5853904e-05,-0.00021061208
2009-10-15,0.0009468356,0.0010928819,0.0010297606,0.0010909447,0.0009547183,0.0009469995,0.0010052482,0.0010464201,0.00094880257,0.0010108361,0.0010440359,0.0009533027,0.0010402659,0.0010018209,0.0011583725,0.0010410706,0.0011133859,0.001111866,0.0009821365,0.00097540114
2009-10-16,0.0011239806,0.001140059,0.0011306265,0.0010894248,0.001053662,0.0010698,0.0011198232,0.0011476437,0.0010716924,0.0011388818,0.0011482099,0.0010240385,0.0011437396,0.0010998556,0.0011439929,0.001144887,0.0010615,0.0011290321,0.0010872642,0.0010803649
2009-10-19,0.00018109474,0.0002678791,0.00022904668,0.00020931754,0.00018264446,0.00019505713,0.00023382995,0.00023937318,0.00017422531,0.00026498828,0.00026367698,0.00016674493,0.00026826654,0.00022134278,0.00027844403,0.00026826654,0.00019967649,0.000266538,0.00021408591,0.00018917117
2009-10-20,0.0010094652,0.0010440806,0.0010258118,0.0010801265,0.00095765386,0.000975118,0.0010112533,0.0010402808,0.00097052846,0.001046435,0.0010422776,0.0009809742,0.0010446319,0.0010836134,0.0010588774,0.0010447064,0.0010964731,0.0010973671,0.001088352,0.0009786794
2009-10-21,0.0022356072,0.0022743354,0.0022536824,0.00221032,0.0021791914,0.0022377977,0.0022445628,0.0022709677,0.0021936456,0.0022831121,0.0022660503,0.0021686861,0.0022792527,0.0022173533,0.0022866437,0.0022754828,0.0021801451,0.0022434304,0.00221862,0.0022091875
2009-10-22,6.149802e-05,6.5864064e-05,5.1082112e-05,1.8120743e-05,-3.1902455e-05,-1.4661811e-05,3.0503608e-05,7.133279e-05,3.0705705e-06,6.771181e-05,6.6147186e-05,-1.2858771e-05,7.540081e-05,2.5288202e-05,7.693563e-05,6.3181855e-05,-3.196206e-05,6.322656e-05,1.5423633e-05,6.6617504e-06
2009-10-23,-0.007818251,-0.0077362796,-0.007753699,-0.0078013083,-0.0078219315,-0.0078207245,-0.0077789715,-0.007724761,-0.007829203,-0.0077332994,-0.007729872,-0.0078022024,-0.0077109477,-0.00776261,-0.0077258935,-0.0077144047,-0.007827564,-0.0077038547,-0.0077679595,-0.0077490946
2009-10-26,0.0019777426,0.0020572105,0.0020468691,0.001980112,0.0019662539,0.001979039,0.0020131478,0.0020306567,0.0019733617,0.0020572254,0.0020580748,0.0019416371,0.0020638714,0.0020029703,0.0020676712,0.002061368,0.0019639442,0.002053679,0.0019994834,0.0020107338
2009-10-27,0.00096660946,0.0010446915,0.0010344246,0.0009813467,0.0009503672,0.0009632865,0.0010104785,0.0010516355,0.00095771346,0.0010430226,0.001046435,0.00093472097,0.0010463903,0.0009896914,0.0010560611,0.0010469863,0.000946776,0.0010181824,0.0009839395,0.0009734938
2009-10-28,-0.0017364314,-0.0016405573,-0.0016530296,-0.0016966155,-0.001737236,-0.0017359992,-0.0016671261,-0.0016405573,-0.0017297855,-0.0015665283,-0.0015710434,-0.0016893139,-0.0015639057,-0.0016806414,-0.0016314527,-0.0015712967,-0.0017405143,-0.0013777902,-0.0017167917,-0.0017217388
2009-10-29,0.0009777406,0.0010459879,0.0010244558,0.0009609172,0.00095263217,0.00096665416,0.001012669,0.0009981552,0.0009642849,0.0010496387,0.0010428289,0.00092402194,0.0010616342,0.0010004202,0.0010556737,0.0010603378,0.0009469548,0.0010401616,0.0009821365,0.001016588
2009-10-30,0.0009793798,0.001048089,0.0010086307,0.000981749,0.0009767124,0.0009993026,0.001007081,0.000999988,0.00097023044,0.0010520527,0.0010484019,0.0010166327,0.0010490576,0.0009794096,0.0009793201,0.0010479251,0.0009469697,0.001025484,0.00095899496,0.0010377476
2009-11-02,0.0010399977,0.0010421881,0.0010113427,0.00096018706,0.0009763697,0.0009828368,0.0010245601,0.000993357,0.0009707073,0.0010489086,0.0010452429,0.0010229805,0.001055182,0.0009856531,0.00096531305,0.0010481933,0.00097163115,0.0010386715,0.0009608129,0.0010277787
2009-11-03,0.0010348568,0.0010466734,0.0010273913,0.00095750485,0.0009661624,0.0009782622,0.0010273615,0.0009991983,0.00097550545,0.0010950724,0.0010976652,0.001024873,0.0011039535,0.0010035196,0.00096121524,0.0010993937,0.00096121524,0.0011042813,0.0009528408,0.0010462115
2009-11-04,-0.00027735438,-0.00029520597,-0.00029873755,-0.00039131846,-0.00038997736,-0.00034987833,-0.0002930155,-0.0003379574,-0.00034613814,-0.0002928367,-0.00028692093,-0.000370129,-0.00029751565,-0.00032734778,-0.000381439,-0.00029092934,-0.00039222743,-0.00031936076,-0.00038687792,-0.00029502716
2009-11-05,-0.0045237383,-0.0045020273,-0.004518493,-0.004579126,-0.004578694,-0.004544898,-0.00450991,-0.0045368513,-0.0045684716,-0.004504903,-0.0045029214,-0.0046043983,-0.0045063933,-0.004546969,-0.004602625,-0.0045063337,-0.004604115,-0.004539325,-0.0045990637,-0.0045080623
2009-11-06,0.00010392163,0.000102446415,7.866416e-05,2.6390888e-05,3.923569e-05,4.1739084e-05,8.854363e-05,6.184075e-05,3.990624e-05,0.00010031555,0.00010381732,5.9315935e-06,9.945128e-05,5.7117082e-05,-1.5934929e-06,9.866152e-05,9.656884e-06,6.441865e-05,4.4712797e-06,0.00010278914
2009-11-09,0.0020401636,0.0020344267,0.0020035664,0.0019625137,0.0019733617,0.0019792477,0.0020327428,0.001993359,0.0019709924,0.0020350972,0.0020356486,0.0019509057,0.0020284513,0.0019875476,0.0019337097,0.0020332197,0.0019433359,0.0020077238,0.0019381205,0.0020189146
2009-11-10,0.0010385225,0.0010474632,0.0010163644,0.00097310636,0.00094997976,0.0009861151,0.0011246661,0.0010006437,0.0009872327,0.0011248598,0.001115323,0.0010057846,0.0010431716,0.0010026256,0.00094755087,0.0010449449,0.0009468207,0.0012827972,0.0012748847,0.0010225931
2009-11-11,0.001051248,0.0010413388,0.0010260949,0.0009806165,0.0009559551,0.0009919861,0.0010312656,0.0010032961,0.0009856233,0.0010511288,0.0010476122,0.000939996,0.0010406235,0.0010064999,0.00094734225,0.0010445127,0.0010258416,0.0010286132,0.0010068873,0.0010142038
2009-11-12,0.002481074,0.0024671713,0.0024543712,0.002413244,0.002410219,0.0024149725,0.0024491707,0.0024562636,0.0024164626,0.0024740407,0.0024701664,0.0023636678,0.0024754116,0.0024267444,0.0023735622,0.0024675438,0.0024650702,0.0024555186,0.0024202326,0.0024406621
2009-11-13,0.0017287293,0.0017222324,0.0017009983,0.0016633132,0.0016617486,0.0016662935,0.0017146925,0.0017045895,0.0016719112,0.001726524,0.0017291019,0.0016118595,0.0017277906,0.0016724477,0.001624153,0.0017226348,0.001640127,0.0017035017,0.001647518,0.0016932497
2009-11-16,0.0027665952,0.0028208802,0.0028001526,0.0027331868,0.0027451375,0.0028000781,0.0028721998,0.0027772048,0.002756835,0.0028773556,0.0028804252,0.0027818838,0.0028170208,0.0027810195,0.0027203867,0.002817602,0.002725915,0.0028711865,0.0028989622,0.0027967254
2009-11-17,0.00299351,0.002993659,0.0029700408,0.0029288242,0.0029040137,0.002942876,0.0030014226,0.0029507736,0.002933235,0.0029950747,0.0029967139,0.002880157,0.0029875347,0.0029498646,0.0028902153,0.0029851058,0.0028981427,0.002955691,0.0029117027,0.002983124
2009-11-18,0.0010198066,0.0010531554,0.0010266462,0.000979797,0.00097443257,0.0009932676,0.0010225037,0.0010050694,0.0009878436,0.0010484019,0.0010501007,0.0009374777,0.0010429928,0.0009966651,0.00094710384,0.0010442296,0.00095369015,0.0010178993,0.0009647915,0.0010536769
2009-11-19,0.00093586836,0.0009884695,0.0009708265,0.00090479944,0.00091920886,0.00095245335,0.00094844494,0.0009404132,0.0009257505,0.0009836564,0.0009862641,0.0008777091,0.0009827325,0.000925825,0.0008847276,0.000976936,0.00088542793,0.00096778665,0.0008917013,0.0010002265
2009-11-20,-0.002218335,-0.0021665385,-0.002192079,-0.0022581508,-0.0022395095,-0.0022025844,-0.0021763882,-0.0022044023,-0.0022369912,-0.0021668067,-0.0021668961,-0.0022708168,-0.0021687588,-0.0022107651,-0.0022693565,-0.0021723649,-0.0022690436,-0.0021995595,-0.002255111,-0.002166151
2009-11-23,0.0013300488,0.0013762424,0.0013382146,0.0012976686,0.0012818137,0.0013342062,0.0013705948,0.0013356516,0.0013061324,0.0013747076,0.0013713399,0.0012698481,0.0013661543,0.0013146708,0.0012715468,0.0013698945,0.0012717107,0.0013572285,0.0012848089,0.0013789246
2009-11-24,0.0010345438,0.0010551522,0.0010094503,0.000979186,0.0009831944,0.0009965012,0.0010509202,0.0010080347,0.000984014,0.00104794,0.001048387,0.00094616506,0.0010421881,0.0009880969,0.00094708893,0.001045526,0.00094713364,0.0010386715,0.00095240865,0.0010493258
2009-11-25,0.0016043345,0.0016100863,0.0015634159,0.001539127,0.0015237788,0.0015508244,0.0016167173,0.0015717158,0.0015470246,0.0016112337,0.0016063908,0.0015078792,0.0016068825,0.0015473524,0.0015085796,0.0016075829,0.0015086243,0.0016001174,0.0015121857,0.0016044239
2009-11-27,0.0009771595,0.0010517696,0.0010208199,0.0009567449,0.0009597698,0.0009778449,0.0010490129,0.0009983638,0.0009885887,0.0010499218,0.0010456899,0.00094452593,0.0010345588,0.0009894678,0.00094708893,0.0010492513,0.00094711874,0.0010288665,0.0009517232,0.0010534087
2009-11-30,0.0010358552,0.001043112,0.0010096738,0.0009761015,0.00095090363,0.0011861185,0.0010500709,0.0010167817,0.0009830305,0.0011271546,0.001118944,0.0009956965,0.0010429183,0.0009969929,0.00094704423,0.0010443637,0.00094708893,0.0013120035,0.0012737671,0.0010463605
2009-12-01,0.0022144923,0.0022445628,0.0021989653,0.0021729032,0.0021648416,0.0022062669,0.0022447715,0.0022139559,0.0021798024,0.0022518197,0.002245308,0.0021122256,0.0022227177,0.0021850476,0.002144889,0.0022442648,0.0021449337,0.00222689,0.0021651546,0.0022431323
2009-12-02,0.0024340907,0.0025173286,0.0024857381,0.0024257312,0.0024241367,0.0024463693,0.0025151232,0.0024704197,0.0024546543,0.002519236,0.0025139758,0.002399207,0.0025029788,0.002454684,0.0024162093,0.0025125453,0.002416254,0.002505065,0.0024296949,0.0025180439
2009-12-03,-0.0038933298,-0.003851994,-0.003892838,-0.003933965,-0.0039459756,-0.003908201,-0.0038556298,-0.0039043715,-0.003919675,-0.0038494756,-0.0038484773,-0.0039623817,-0.0038579693,-0.0039164415,-0.00395514,-0.0038565388,-0.003953128,-0.003870844,-0.0039349934,-0.0038618436
2009-12-04,0.0024727294,0.0024769763,0.0024430314,0.002404631,0.0023758719,0.0025189975,0.0024732659,0.0024264166,0.0024086991,0.0025268802,0.0025227526,0.0024148533,0.0024763802,0.0024370262,0.0023702094,0.0024705539,0.0023697922,0.0025284747,0.002524809,0.00247112
2009-12-07,0.002935619,0.0029492984,0.0029200176,0.0028781155,0.0028599212,0.0028995285,0.002957494,0.0029089013,0.0028861621,0.0029503861,0.002946631,0.0028450945,0.0029532472,0.0029111514,0.0028491775,0.0029471824,0.0028523812,0.002913759,0.0028518597,0.0029465416
2009-12-08,0.0009829709,0.0010463456,0.0010145465,0.0009506056,0.00095360074,0.001022459,0.0010449002,0.0010029087,0.0009853998,0.0010465691,0.0010413686,0.0009426335,0.0010539899,0.0009931484,0.00094708893,0.0010466287,0.0009661624,0.0010174224,0.00095088873,0.0010485211
2009-12-09,0.0010254094,0.0010474185,0.0010030875,0.00097531173,0.0009502182,0.0010007778,0.0010507414,0.0010014782,0.0009835372,0.0010455111,0.0010479698,0.0009427974,0.0010459432,0.001008437,0.00094708893,0.0010462264,0.0009534219,0.0010046819,0.0009519914,0.0010362426
2009-12-10,0.0015455345,0.0016056905,0.0015703449,0.0015159706,0.0015271613,0.0016025612,0.0016032765,0.0015557716,0.0015440593,0.0016087303,0.0016082386,0.001500384,0.0016031722,0.0015737722,0.0015036026,0.0016037384,0.0015055547,0.0015564868,0.0015050927,0.001599119
2009-12-11,0.001031504,0.0010537067,0.0010076622,0.00097562466,0.0009544352,0.0010019997,0.0010406682,0.0009937594,0.0009867409,0.0010501305,0.0010456601,0.00094336364,0.0010426054,0.001013414,0.00094705913,0.0010448406,0.00095351133,0.0010019401,0.0009488622,0.0010473737
2009-12-14,0.0010170052,0.0010294328,0.0009786645,0.000954316,0.00093567465,0.0009764442,0.0010221014,0.0009878287,0.0009681145,0.0010288516,0.0010322938,0.00092814956,0.0010219226,0.0009939978,0.00092789624,0.0010250518,0.00093470607,0.0009852955,0.0009374628,0.0010234872
2009-12-15,0.0010543028,0.0010537663,0.0010216394,0.0009804228,0.000966073,0.0009934613,0.0009996751,0.0010045925,0.0009880522,0.0010525892,0.001049594,0.00094239507,0.0010544369,0.0009942958,0.00094705913,0.0010442594,0.0009468803,0.001015232,0.00095228944,0.0010507712
2009-12-16,0.00012509618,0.0001228461,8.8186e-05,4.5062043e-05,4.6641566e-05,5.3078867e-05,7.623527e-05,7.78893e-05,5.7012774e-05,0.00011608098,0.00011801813,1.2845732e-05,0.000119269826,6.346498e-05,1.6883947e-05,0.00011167023,1.6809441e-05,8.131657e-05,1.7643906e-05,0.00011430774
2009-12-17,0.0010304758,0.0010496089,0.0010340372,0.000977383,0.0009668479,0.0009913305,0.0010190019,0.0009960243,0.0009878436,0.001045675,0.0010503242,0.00094319973,0.0010366151,0.0009953836,0.00094705913,0.001043261,0.001033009,0.001009048,0.0009505758,0.0010445276
2009-12-18,0.002923281,0.0029307166,0.0029065618,0.0028590867,0.0028437087,0.0028683404,0.0029140273,0.0028791586,0.0028673569,0.0029215226,0.002927036,0.0028269896,0.0029174099,0.0028857002,0.0028270641,0.0029198239,0.002922521,0.0028901706,0.002840207,0.0029182592
2009-12-21,-0.001401498,-0.0013923934,-0.0014244458,-0.0014561852,-0.0014774641,-0.0014500609,-0.0013888171,-0.0014309725,-0.0014507761,-0.0013906946,-0.0013887873,-0.0014932444,-0.0013912609,-0.001420646,-0.0014902344,-0.0013941964,-0.0013880422,-0.0014358601,-0.0014877906,-0.0014017066
2009-12-22,0.0010535726,0.0010323385,0.001034976,0.0009858767,0.0009827474,0.0009918371,0.0010335008,0.0009994367,0.0009882012,0.0010426054,0.0010468969,0.0009450326,0.0010471204,0.0010012994,0.00094708893,0.0010422925,0.0010524401,0.0010157982,0.00094714854,0.0010432312
2009-12-23,0.0023511956,0.002337576,0.0023277858,0.0022685686,0.0022565136,0.0023119608,0.0023049274,0.0022852728,0.0022752592,0.0023243288,0.0023321519,0.002268658,0.0023354748,0.0022845725,0.0022956291,0.0023274282,0.0023384849,0.0023393342,0.002297611,0.0023351023
2009-12-24,0.0010417411,0.001025022,0.001029552,0.0009812722,0.0009863237,0.0009889463,0.0010056952,0.0010011205,0.0009876946,0.0010394016,0.0010395357,0.00093302224,0.0010389397,0.0010113874,0.0010078261,0.0010383287,0.0010565827,0.0009973357,0.0009542713,0.0010375539
2009-12-28,0.0010533938,0.0012127319,0.0010258863,0.0009826431,0.0009890953,0.0011801133,0.0010129223,0.0010052482,0.0009894082,0.0010245899,0.0010389397,0.0009919563,0.0010354975,0.0009955773,0.0011393139,0.0010383734,0.0010562697,0.0011790851,0.0012737522,0.0010292092
2009-12-29,0.0010579089,0.0010335604,0.001021103,0.0009876648,0.0010069767,0.0010003904,0.0010135183,0.0010062316,0.0009871582,0.0010397742,0.0010395655,0.0009123543,0.0010336647,0.0009917775,0.0010492811,0.0010375688,0.0010479996,0.0010058591,0.00096638594,0.0010324279
2009-12-30,0.0010548392,0.0010440806,0.0010162899,0.0009862492,0.0009985724,0.0010155002,0.0010157386,0.0010098675,0.0009876946,0.0010411898,0.0010402659,0.00093950424,0.0010306248,0.0009954134,0.0010747621,0.001039193,0.0010448257,0.0010137418,0.0009874413,0.0010281214
2009-12-31,-0.0048912605,-0.0049064,-0.0049356213,-0.0049692234,-0.004939257,-0.00495693,-0.0049432805,-0.0049441895,-0.0049652746,-0.004908814,-0.004910036,-0.0050162664,-0.004912867,-0.0049301526,-0.004891976,-0.004914983,-0.004908978,-0.0049591055,-0.0049919924,-0.004923134
2010-01-04,0.0010357806,0.0011053393,0.001023815,0.0009842524,0.0009950558,0.0010948936,0.0010191659,0.0009990195,0.0009887824,0.0010475824,0.0010360787,0.000987784,0.0010362426,0.0010251412,0.0011136243,0.0010387311,0.0010419944,0.001090155,0.0010928819,0.0010358552
2010-01-05,0.0010230253,0.0010278681,0.0010216394,0.0009812126,0.00097549055,0.0009912709,0.0010148445,0.0009936998,0.0009945938,0.0010414133,0.0010451088,0.0009416947,0.0010316679,0.0010183314,0.0010590116,0.0010407725,0.0010556141,0.0009822557,0.0009478638,0.0010290602
2010-01-06,0.0021279166,0.0021574805,0.0021490762,0.0020923326,0.0020996043,0.0021321336,0.00216584,0.0021140287,0.0021156976,0.0021626214,0.00216961,0.002064229,0.002158896,0.002128751,0.002178968,0.0021621892,0.0020956704,0.002129064,0.0020755986,0.0021534422
2010-01-07,0.0009937594,0.0010356912,0.0010220865,0.0009687552,0.00096394215,0.0010138461,0.0010510841,0.0009911964,0.0009893486,0.0010440955,0.0010507861,0.0009426633,0.001027287,0.0010200301,0.0010487149,0.0010438124,0.00097438786,0.0010137865,0.00095252786,0.0010304758
2010-01-08,0.0012486139,0.0012774328,0.0012528906,0.0012043277,0.0011909166,0.0012381086,0.0012807557,0.0012191245,0.0012151906,0.0012834528,0.001286895,0.001191915,0.0012607286,0.0012457678,0.0012692073,0.0012707273,0.001188458,0.0012397924,0.0012042681,0.0012637982
2010-01-11,0.0021498809,0.002159805,0.0021417895,0.0020967433,0.002076746,0.0021130154,0.0021759877,0.002113522,0.002111719,0.0021658102,0.0021648863,0.002056704,0.0021625767,0.0021148333,0.002165676,0.0021639178,0.002086551,0.0021277824,0.0020702789,0.0021615485
2010-01-12,0.0010300586,0.0011858502,0.0010327259,0.0009733448,0.00095765386,0.0012157271,0.0010413388,0.0009868303,0.0009901086,0.0011288384,0.0011135051,0.0009934464,0.0010334859,0.0009949217,0.0010539452,0.0010424415,0.001038746,0.0010205964,0.0012753913,0.0010316381
2010-01-13,0.0023781518,0.0023876438,0.0023697922,0.002310739,0.0022841254,0.0023512552,0.0023702541,0.0023277262,0.002320678,0.002391682,0.0023904005,0.0022755275,0.0023806402,0.0023587057,0.0023801336,0.0023766467,0.0023861686,0.0023659924,0.0023357132,0.0023724893
2010-01-14,0.00081887934,0.0008378038,0.0008096555,0.00076261256,0.0007350752,0.00080370996,0.0008287588,0.0007723877,0.00077273045,0.0008481899,0.0008415142,0.0007401565,0.00083045755,0.00082133804,0.00083287153,0.00083322916,0.0008412013,0.0007756958,0.00078550074,0.0008285949
2010-01-15,-0.0011675945,-0.0011595031,-0.0011823168,-0.0012266776,-0.0012550345,-0.0012035808,-0.0011751642,-0.0012182286,-0.0012167534,-0.0011480441,-0.001156046,-0.001272141,-0.0011626771,-0.0011606207,-0.0011589667,-0.0011604568,-0.0011473587,-0.0012180498,-0.0012377193,-0.0011551073
2010-01-19,0.0025353292,0.0025983313,0.002516658,0.0024757544,0.0024458477,0.002583162,0.0025243321,0.0024808953,0.0024852017,0.0026023844,0.002593399,0.0024847547,0.002537028,0.0025439868,0.0025443146,0.0025428245,0.00255181,0.0024836073,0.0025982866,0.0025450597
2010-01-20,0.0010587135,0.001053662,0.001039193,0.0009826431,0.00094716344,0.0009991238,0.0010244558,0.0009887526,0.0009866217,0.0010492364,0.0010484317,0.0009415606,0.0010442594,0.0010373304,0.0010497579,0.001046584,0.0010565529,0.0009917328,0.00095769856,0.0010508308
2010-01-21,0.0019640187,0.001965315,0.0019543925,0.0018935064,0.001861007,0.0019076923,0.0019321153,0.0019050697,0.0018779943,0.001965315,0.0019648382,0.0018601129,0.0019551078,0.0018877396,0.0019609341,0.001961098,0.0019646296,0.0019282261,0.0018717507,0.0019643167
2010-01-22,-0.0033074906,-0.0032878062,-0.0032981029,-0.0033608517,-0.0033880612,-0.003338321,-0.0033195606,-0.0033480963,-0.0033743223,-0.0032901606,-0.0032850197,-0.003383099,-0.003293856,-0.003326743,-0.0032916507,-0.003289803,-0.0032808473,-0.0033365032,-0.0033865413,-0.0032859882
2010-01-25,0.0018405626,0.0018424699,0.0018526623,0.0017868886,0.0017555067,0.0017956207,0.0018210867,0.001792402,0.0017687241,0.0018503973,0.0018560002,0.0017495016,0.0018513063,0.0018104026,0.0018494884,0.0018526474,0.0018619457,0.0018170932,0.0017548958,0.0018643597
2010-01-26,0.0010187188,0.0010371516,0.0010385225,0.0009782622,0.00094708893,0.0009936253,0.0010147998,0.0009807954,0.00095872674,0.0010463754,0.0010468969,0.00094072614,0.0010406831,0.00096404646,0.0010442892,0.0010471204,0.0010512332,0.0009850124,0.00094747636,0.0010534981
2010-01-27,0.002408416,0.0024423013,0.0024233768,0.0023712972,0.0023524622,0.002420322,0.0024361024,0.0023865262,0.002352775,0.0024523148,0.002451823,0.0023474256,0.0024490962,0.00237918,0.0024541328,0.002444596,0.002454386,0.0024115304,0.002352179,0.0024018148
2010-01-28,0.002961279,0.0029764185,0.0029554525,0.0029120753,0.002885417,0.0029343525,0.0029699663,0.0029079178,0.002885566,0.002987803,0.0029844502,0.0028844485,0.0029762993,0.0029052654,0.0029905448,0.0029827366,0.0029918263,0.0029377202,0.0028849104,0.002924041
2010-01-29,-0.00040148105,-0.00042419042,-0.00044992473,-0.00047589745,-0.0005083373,-0.0004638126,-0.0004006168,-0.0004895618,-0.00050642993,-0.0004071137,-0.00041267183,-0.0005135825,-0.0004112115,-0.00048750546,-0.00039970782,-0.0004085591,-0.00047552492,-0.0004315516,-0.0005084714,-0.00046911743
2010-02-01,0.0016692141,0.0016483674,0.0015874961,0.0015954534,0.0016349265,0.0016065398,0.0016404251,0.001578019,0.0015628049,0.0016637454,0.0016610036,0.0015574703,0.0016620168,0.0015632072,0.0016684541,0.0016622255,0.0016574422,0.0016215453,0.0015618065,0.0015992085
2010-02-02,0.0010639289,0.0010172734,0.00096908305,0.0009828964,0.0010215798,0.000991405,0.0010492215,0.0009596655,0.0009750584,0.0010483125,0.0010454068,0.00094592664,0.0010478208,0.0010106722,0.0010541985,0.0010485956,0.0009736726,0.0010032216,0.0009467462,0.0009907493
2010-02-03,0.001049743,0.0012179622,0.000964568,0.0009820918,0.0012373934,0.000989438,0.0010407874,0.001038448,0.0009528259,0.0011279145,0.0010523656,0.0009954432,0.0010483125,0.0009553442,0.001157687,0.0011157701,0.0009655515,0.0010090927,0.0009721378,0.0009838203
2010-02-04,0.0010485807,0.0010272721,0.0009605745,0.0009861896,0.0010351399,0.0009876201,0.0010322789,0.0010499815,0.0009772191,0.0010547647,0.001046137,0.0009977231,0.001027585,0.0009518126,0.0010479251,0.0010513226,0.0010131011,0.0010142187,0.00097318087,0.0009862045
2010-02-05,0.00097051356,0.001045526,0.0009518722,0.0009597698,0.0010444829,0.0009810934,0.0010472843,0.0010446468,0.00095747504,0.0010525594,0.0010504732,0.0009424249,0.0010437379,0.00094966684,0.0009826729,0.0010501752,0.0009899,0.0009868005,0.0009709904,0.00096270535
2010-02-08,-0.0004609516,-0.00037807133,-0.00046679284,-0.00046005752,-0.00035884883,-0.00042673852,-0.00040565338,-0.0003727218,-0.00045035686,-0.00036686566,-0.00037676003,-0.0004766723,-0.0003776839,-0.0004583886,-0.000448226,-0.00036589708,-0.00043702032,-0.0004137745,-0.00046312716,-0.00045536365
2010-02-09,0.00095610414,0.0010918388,0.0009632716,0.0009571621,0.0011157105,0.000989736,0.0010346035,0.0010454813,0.000978143,0.0010968009,0.0010422477,0.0010438124,0.0010450641,0.0009477893,0.0010269741,0.001101614,0.0009847591,0.001040549,0.0009617815,0.00096407626
2010-02-10,-0.0024147024,-0.0023318967,-0.002395629,-0.0024093827,-0.0023248484,-0.0023892066,-0.0023280522,-0.0023192307,-0.002377211,-0.0023181876,-0.0023189774,-0.002395167,-0.002311348,-0.0024190387,-0.0023826798,-0.0023194244,-0.002375721,-0.0023856005,-0.0024089804,-0.0024043461
2010-02-11,-0.0006035557,-0.00033052173,-0.0005775532,-0.00060024764,-0.00030931737,-0.00056371,-0.00034451392,-0.0005021235,-0.00056961086,-0.00042043533,-0.0005074581,-0.0005534878,-0.0005061468,-0.0006037196,-0.000270023,-0.0005076071,-0.0005597016,-0.00058990624,-0.0005882522,-0.00059504714
2010-02-12,0.0013918439,0.0014832029,0.0014552483,0.0014133165,0.0015081177,0.0014158795,0.001486213,0.0014930079,0.001435102,0.001496614,0.0014929483,0.0013586888,0.0014907727,0.0013924846,0.0014816979,0.001488463,0.0014353851,0.0014827857,0.0013969848,0.0013986388
2010-02-16,0.0026528696,0.00289327,0.0027170787,0.002675564,0.0028638998,0.0027126232,0.002932013,0.0027501592,0.0027047852,0.002755017,0.0027470598,0.0027011344,0.0027427832,0.0029778043,0.0028686235,0.0027489522,0.002692596,0.0027489075,0.0026677558,0.002662615
2010-02-17,0.0009469548,0.0010656575,0.0009983042,0.0009712735,0.0010914514,0.0009750882,0.0010440359,0.0010178844,0.0009877244,0.0010488788,0.0010407576,0.0009565661,0.0010381946,0.0010117749,0.0010795156,0.0010424862,0.0010427693,0.0010372708,0.0009503523,0.0009520659
2010-02-18,0.0009465823,0.0012911865,0.0010032067,0.0009733299,0.0012436071,0.0009778151,0.0012257555,0.00096660946,0.0009849379,0.0010899613,0.0010336051,0.0010373304,0.0010411153,0.0012767026,0.0013279775,0.0010446021,0.0010520825,0.0010330537,0.0009529302,0.000954316
2010-02-19,0.0029724399,0.0030570934,0.003014342,0.0030098865,0.0030784765,0.0029988,0.003056408,0.0029848376,0.00300859,0.003066809,0.0030590007,0.0029617855,0.0030668685,0.0030127624,0.0030745128,0.0030704895,0.0030803839,0.0030527571,0.0029756138,0.0029766718
2010-02-22,0.0021030614,0.0022337893,0.002176852,0.0021397034,0.0022666464,0.0021484056,0.0022296468,0.0021160552,0.0021460662,0.0021968642,0.0021937648,0.0022132257,0.0021979967,0.0022850046,0.0022544572,0.002198548,0.0022086212,0.0021940032,0.002113373,0.0021284083
2010-02-23,0.0009469995,0.0010373155,0.0010263035,0.000982658,0.0010665664,0.0009775618,0.0010154704,0.0009764442,0.0009685466,0.0010408321,0.0010428438,0.0009643743,0.0010408172,0.0009901384,0.0010587284,0.0010424415,0.0010519037,0.0010376135,0.00095106754,0.0009592334
2010-02-24,0.000945122,0.0010899464,0.0010124752,0.0009878734,0.00110297,0.00096519385,0.0010493258,0.000981004,0.0009861449,0.0010439614,0.0010530958,0.0010754177,0.0010435889,0.0011181543,0.0011085132,0.0010441104,0.0010577003,0.0010221461,0.0009531239,0.0009751478
2010-02-25,0.0019932846,0.0020733783,0.0020561973,0.0020352313,0.0020977864,0.0020065466,0.0020579705,0.002020196,0.0020329664,0.0020900676,0.0020954022,0.0020995745,0.00208971,0.0020282725,0.002108262,0.0020879367,0.0021042088,0.0020800838,0.001997889,0.0020236382
2010-02-26,0.00028750394,0.00036865566,0.00035984907,0.0003087232,0.00039547775,0.00030164514,0.00035844836,0.00032869074,0.00032894406,0.0003860155,0.0003922889,0.00039590988,0.0003857026,0.00032357965,0.00031855796,0.0003859857,0.00040219817,0.00036615226,0.0002973238,0.0003253678
2010-03-01,0.0030274102,0.003164024,0.0030299285,0.0030027637,0.0030920366,0.0029919455,0.0031795213,0.0030133137,0.0032429108,0.0030803839,0.003079773,0.003149719,0.0030766437,0.0032905648,0.0033263722,0.003077493,0.003091515,0.003355057,0.0029880563,0.0032916227
2010-03-02,0.0009148577,0.0010345737,0.000989438,0.0009838501,0.0010271082,0.00094996486,0.0010223547,0.0010495791,0.0010021785,0.0010429481,0.0010432312,0.0009985128,0.0010371068,0.0009927163,0.0010442743,0.0010436634,0.00097449217,0.0010388205,0.0009516338,0.0009933421
2010-03-03,0.002721251,0.0028373906,0.0027828375,0.0027539292,0.0028343657,0.0027371207,0.002812148,0.002770112,0.0027886042,0.002837331,0.0028362283,0.002832801,0.0028362582,0.0027862648,0.0027649412,0.002837793,0.0028311918,0.0028446177,0.0027399668,0.0027879933
2010-03-04,-0.0013128212,-0.0012023291,-0.0012523672,-0.0013008406,-0.0012011817,-0.0013062647,-0.0012209108,-0.0012783101,-0.0012558987,-0.0012085577,-0.0012132963,-0.0011992743,-0.001206114,-0.0012571504,-0.0012884429,-0.0012054434,-0.0012090346,-0.0011940738,-0.0013015112,-0.0012560925
2010-03-05,0.0009865025,0.0010652551,0.0009901086,0.0009531388,0.0010511437,0.00094729755,0.00106603,0.0009855637,0.0010569552,0.0010466287,0.0010474632,0.0010928074,0.0010489086,0.001102672,0.0010961154,0.0010475824,0.0010497132,0.001170666,0.00095093343,0.0011036256
2010-03-08,0.0021979222,0.0022896687,0.002235354,0.0022143284,0.0023188153,0.0022016624,0.0022850195,0.0022235373,0.002221615,0.0023023495,0.0023047337,0.0022330591,0.0023019323,0.002212585,0.0022129724,0.002301083,0.0022966722,0.002313302,0.0022016922,0.0022190968
2010-03-09,0.00094497297,0.001033769,0.0009925524,0.000973315,0.0010630647,0.00094717834,0.0010314891,0.0009670267,0.0009645233,0.0010491917,0.0010484764,0.0010439912,0.0010472396,0.0009850869,0.0009502331,0.0010480294,0.0010468373,0.0010590414,0.0009470144,0.00096644554
2010-03-10,0.0022399137,0.002316744,0.0022869566,0.0022702226,0.0023545632,0.0022417465,0.0023259232,0.0022834549,0.0022573033,0.0023437897,0.002344058,0.0023477683,0.0023410777,0.0022818753,0.0022439966,0.0023409883,0.002344177,0.0023418227,0.0022465894,0.0023303786
2010-03-11,0.0004525194,0.0005334178,0.0005067745,0.0004822174,0.0005412707,0.00045332406,0.0005285898,0.00047658477,0.00046569202,0.00055088196,0.00055083726,0.00056639407,0.0005503753,0.0004897723,0.0004871497,0.0005489448,0.0005515376,0.00055819843,0.00045800302,0.0005474398
2010-03-12,0.0013234178,0.0013947347,0.0013611475,0.0013529817,0.0014242092,0.001325489,0.0013976702,0.0013479749,0.0013383487,0.0014198581,0.0014137188,0.0014342377,0.0014207372,0.0013554702,0.0013331482,0.0014196048,0.001431019,0.0014328668,0.0013267854,0.0014245072
2010-03-15,0.00094582234,0.0010271082,0.0009866664,0.0009866366,0.0010473588,0.0009505758,0.0010499218,0.0009606192,0.0009527961,0.0010450492,0.0010461519,0.0010570893,0.0010428885,0.0009878287,0.00095093343,0.0010456452,0.0010035494,0.0010499666,0.00097400043,0.0010434845
2010-03-16,0.0009468803,0.0010397146,0.0009866217,0.0009827474,0.0010454962,0.0010027001,0.0010570148,0.0009774724,0.00096552167,0.0010493109,0.001046733,0.0010575363,0.0010432163,0.0009879926,0.0009501288,0.0010476867,0.000987337,0.001036928,0.0009763697,0.0010517994
2010-03-17,0.0010480592,0.001145334,0.0010957131,0.0010825256,0.0011578063,0.0010800669,0.0011595199,0.001063616,0.0010741213,0.0011511603,0.0011485973,0.001158149,0.0011429349,0.0010888139,0.0010644356,0.0011492083,0.0010845521,0.0011448571,0.0010724375,0.0011501322
2010-03-18,0.0017122189,0.0018054256,0.0017613778,0.0017518857,0.0018154541,0.0017246017,0.0017938474,0.0017444799,0.0017485032,0.0018105665,0.0018132338,0.0018217722,0.0018052915,0.0017529288,0.001713247,0.0018111179,0.0018027583,0.001807035,0.001740844,0.001742796
2010-03-19,0.0011755088,0.0012813369,0.0012191841,0.0012109885,0.0012729624,0.0012454102,0.001244531,0.0012125382,0.0012029866,0.0012741992,0.001270623,0.001281024,0.0012684474,0.0012183944,0.0011755535,0.0012699971,0.0012224475,0.0012343386,0.0012113461,0.0012569735
2010-03-22,0.0009467164,0.0010614255,0.0009945044,0.0009606639,0.0010564784,0.0009747306,0.0010355273,0.0009920904,0.0009831646,0.0010492364,0.0010469565,0.0010559866,0.0010445574,0.0009900192,0.00094725285,0.0010466734,0.0009868452,0.0010478506,0.0009840587,0.0009734938
2010-03-23,0.0018649409,0.0019726167,0.0019522915,0.0018795291,0.0018948624,0.001895831,0.0019440064,0.001906381,0.0019034902,0.0019612024,0.001961113,0.0019719163,0.0019559124,0.0019046972,0.0018669376,0.0019638548,0.0018832991,0.0019720504,0.0018991837,0.0019612024
2010-03-24,0.00094725285,0.0010372559,0.0010011503,0.00095893536,0.00096672866,0.00095635746,0.0010311613,0.0009914497,0.0009905556,0.0010441104,0.001046435,0.0010573724,0.0010448107,0.0009893635,0.0009506801,0.0010477016,0.0010394314,0.0010570148,0.0009852657,0.0010444382
2010-03-25,0.0017135749,0.0018003443,0.0017746994,0.0017244974,0.0018106112,0.0017285654,0.0018082866,0.0017669657,0.001754255,0.0018078843,0.0018134275,0.0018216977,0.0018127123,0.0017554769,0.0017163316,0.0018150816,0.0018183747,0.0018285224,0.0017498443,0.0017451355
2010-03-26,0.0009454945,0.0010091374,0.0010026405,0.0009495476,0.0010478953,0.00095345173,0.001048536,0.0009991089,0.0009901235,0.0010427246,0.0010470757,0.0010550776,0.0010456303,0.0009884993,0.0010273019,0.0010471204,0.0009757886,0.00105472,0.0009848336,0.0010308633
2010-03-29,0.0009462992,0.0010162899,0.0010246495,0.00095240865,0.0009661773,0.0009558955,0.0010455111,0.0009993473,0.0009917179,0.0010502646,0.001050354,0.0010562548,0.0010475973,0.0009886036,0.0010411302,0.0010442147,0.0010370621,0.0010534236,0.0009857276,0.0010450641
2010-03-30,0.000946925,0.0010366449,0.0010425458,0.0009480128,0.001034216,0.000947983,0.0010357657,0.0010000477,0.00098914,0.0010469118,0.001044319,0.0010566572,0.001046733,0.0009883353,0.0010442445,0.0010471651,0.001052768,0.0010488043,0.0009841183,0.0009773383
2010-03-31,0.0025402168,0.0026156465,0.0026474753,0.0025433162,0.0026453594,0.0025430182,0.0026135454,0.0025970647,0.002583162,0.0026419172,0.0026375959,0.0026481012,0.0026386837,0.002582253,0.0026383111,0.0026418874,0.0026465664,0.002646164,0.002577872,0.0025550732
2010-04-01,0.00094707403,0.0010286281,0.0010506073,0.0009476403,0.0010508159,0.00097276364,0.001018242,0.0009938786,0.0009860853,0.0010457495,0.0010417113,0.001057134,0.0010454366,0.0009883502,0.0010586986,0.0010468969,0.0010410706,0.0010442892,0.0009803334,0.0009655664
2010-04-05,0.0033806423,0.0034531215,0.003479288,0.003382654,0.0034024725,0.0033874074,0.0034729252,0.0034342567,0.003423334,0.0034836838,0.003480331,0.0034897486,0.0034802714,0.0034231702,0.0034953365,0.003485919,0.0034865895,0.003481106,0.003418819,0.0033964524
2010-04-06,0.0022067437,0.0022984901,0.002271534,0.0022076676,0.0022199163,0.0022099176,0.0023008892,0.0022595236,0.0022474835,0.0023071328,0.0023048231,0.0023142705,0.0023034224,0.0022465596,0.0023180852,0.0023064772,0.0023121396,0.0023124376,0.0022438923,0.0022716532
2010-04-07,0.0013992945,0.0014782408,0.0014696578,0.001400278,0.0014091143,0.0014017532,0.0014760206,0.0014511952,0.0014428655,0.001500369,0.0014979402,0.0015091458,0.0014924863,0.0014411518,0.0015078196,0.0014990875,0.0015051374,0.001503245,0.0014379481,0.0014676014
2010-04-08,0.0009465227,0.0010409663,0.0010329196,0.00094716344,0.0009559998,0.00095771346,0.0010074088,0.0010024467,0.0009900937,0.001048387,0.0010469565,0.0010560611,0.0010267803,0.0009879926,0.0010547796,0.0010476718,0.001055167,0.001044617,0.0009842226,0.0010324428
2010-04-09,0.0019437233,0.0020287344,0.0020200023,0.0019435445,0.0019447366,0.0019440958,0.0020290473,0.0019979784,0.0019868324,0.0020442614,0.0020454833,0.00205353,0.0020407597,0.00198643,0.0020540515,0.00204374,0.0020512799,0.0020277807,0.0019841352,0.0020282129
2010-04-12,0.0010740617,0.0011672983,0.0011452595,0.0010744194,0.0010751644,0.0010746131,0.0011574337,0.0011338005,0.0011161426,0.0011754641,0.0011742422,0.0011821697,0.0011526654,0.0011152634,0.001179547,0.0011734674,0.0011778781,0.0011352906,0.0011105547,0.0011647502
2010-04-13,0.00094728265,0.0010359297,0.0010315338,0.00094707403,0.0009475658,0.0009604106,0.0010368386,0.0010008374,0.000986279,0.0010437677,0.0010445425,0.0010561654,0.0010474036,0.0009883502,0.0010579834,0.0010436485,0.0010530958,0.0010284791,0.0009809444,0.0010469863
2010-04-14,0.0009469548,0.0010380307,0.0010160217,0.00094707403,0.00094731245,0.0009749243,0.0010349164,0.000998483,0.0009850422,0.0010430673,0.0010426352,0.0010558227,0.0010525892,0.0009882161,0.0010539303,0.001043112,0.0010537216,0.0010314295,0.0009798119,0.0010409066
2010-04-15,-0.0077167144,-0.007627069,-0.007641702,-0.0077165207,-0.0077163717,-0.0076989075,-0.0076387813,-0.0076675555,-0.0077017536,-0.007623016,-0.007622569,-0.0076096794,-0.0076167276,-0.0076789698,-0.007691114,-0.007619544,-0.0076131215,-0.0076538464,-0.0076849153,-0.0076179793
2010-04-16,0.00094711874,0.0010387758,0.001014174,0.00094705913,0.00094708893,0.0009811679,0.001030908,0.0009987662,0.0009812424,0.001041607,0.0010423223,0.0010556141,0.0010540942,0.0009884695,0.000963361,0.0010470906,0.0010455558,0.0010311464,0.0009801397,0.001045973
2010-04-19,0.0014939317,0.0015871683,0.0015700618,0.001497508,0.0014941404,0.0015691677,0.0015860954,0.0015414217,0.0015292028,0.0015897462,0.001596869,0.0016018162,0.0015903274,0.0015347013,0.0015041837,0.0015940377,0.0015990892,0.0015816102,0.0015301714,0.0015943954
2010-04-20,0.00084357057,0.0009322772,0.00091911945,0.00086638425,0.00084355567,0.00092043076,0.00091794226,0.0008879611,0.00087775383,0.00094476435,0.00094485376,0.0009494731,0.00094498787,0.0008835355,0.00085248146,0.00094337855,0.00095227454,0.0009249905,0.00088173244,0.000942857
2010-04-21,0.0009469548,0.0010567317,0.0010159323,0.0009898404,0.00094713364,0.0010058442,0.001028196,0.0009915093,0.0009736726,0.0010466436,0.0010470459,0.0010558227,0.0010424862,0.0009876201,0.0009494135,0.0010458091,0.00097306166,0.0010320554,0.0009816298,0.0010453323
2010-04-22,-0.002968504,-0.0028613498,-0.0028977832,-0.002958401,-0.0029682955,-0.002926438,-0.002880036,-0.002940028,-0.002942725,-0.0028662374,-0.0028684428,-0.0029398492,-0.0028652987,-0.0029379865,-0.0029646298,-0.0028680852,-0.0029460778,-0.0028984388,-0.0029349914,-0.0028741052
2010-04-23,0.00094702933,0.0010521868,0.0012262473,0.00095614884,0.00094710384,0.001296387,0.0010329494,0.0012748102,0.0012780884,0.0010532746,0.0010460177,0.0010047117,0.0010502944,0.0012863288,0.0009494582,0.0010422776,0.00096781645,0.0010262886,0.0009819726,0.0010448704
2010-04-26,0.0009450028,0.0010615,0.0010218779,0.0009595761,0.00094710384,0.0009997794,0.0010393569,0.0009895274,0.0009870986,0.0010479251,0.001043112,0.00093188975,0.0010450492,0.0009919861,0.0009491155,0.0010436038,0.000976027,0.001010091,0.000981153,0.0010455707
2010-04-27,0.000946776,0.0010525445,0.0010154555,0.0009597996,0.00094708893,0.0009834627,0.0010046819,0.0009708563,0.00097310636,0.001048238,0.0010414282,0.0009299377,0.0010513673,0.00097017083,0.00094841514,0.0010475526,0.0009762803,0.00101024,0.0009804824,0.001044915
2010-04-28,0.0009465972,0.0010495642,0.0010348717,0.000954167,0.00094711874,0.0010303864,0.0010178247,0.0010220865,0.0009925524,0.0010442743,0.0010439167,0.0009761462,0.0010461668,0.0010304311,0.00094848964,0.0010446021,0.0009605,0.0010154108,0.0009807507,0.0010652402
2010-04-29,0.00094623957,0.001052917,0.0010790685,0.00095731113,0.00094986055,0.0011052946,0.0010356316,0.0011113891,0.0011183331,0.0010440657,0.0010456303,0.0009863833,0.0010441998,0.0011135945,0.00094851945,0.0010433802,0.00095760915,0.0010435442,0.0009796927,0.0010350207
2010-04-30,0.000946925,0.0010378668,0.0010057548,0.00095632765,0.00094972644,0.0009649852,0.0010189125,0.0009610662,0.0009662071,0.0010503391,0.001045079,0.0009315172,0.0010453919,0.0009581307,0.00094848964,0.001046882,0.001040251,0.0010578791,0.0009797225,0.0010431716
2010-05-03,0.002750815,0.0028522322,0.0028327266,0.0027658055,0.0027597556,0.0027684728,0.0028066793,0.002762721,0.0027794102,0.0028522173,0.0028445432,0.0027426193,0.002850012,0.0027619014,0.0027533928,0.0028501162,0.002776728,0.0028613368,0.0027860412,0.002854825
2010-05-04,0.00022213254,0.00030286703,0.00031760428,0.0002486268,0.00023174379,0.0002804557,0.0002741972,0.0002782354,0.00027017388,0.00032124016,0.000316591,0.00031507108,0.00031617377,0.00027777348,0.00027898047,0.00032000337,0.0003061304,0.00032605324,0.00025694165,0.00034125242
2010-05-05,0.00094711874,0.001043723,0.0009992579,0.0009585479,0.0009578923,0.0009859363,0.0010084072,0.0009833733,0.00097063277,0.0010484615,0.0010403404,0.0010361234,0.0010504732,0.000976936,0.001015679,0.0010466138,0.00096258614,0.0010525445,0.000980557,0.0010593096
2010-05-06,0.0016111145,0.001718522,0.0016865591,0.0016192505,0.0016229758,0.0016471157,0.0017004618,0.0016462514,0.0016521225,0.0017117271,0.0017007599,0.0017071823,0.0016981671,0.0016394118,0.0016866485,0.001710833,0.0016215453,0.0017143944,0.0016463855,0.0017102221
2010-05-07,0.0017915973,0.0018914351,0.0018563578,0.0018000016,0.0018015513,0.0018080631,0.0018742988,0.0018433342,0.001836122,0.0018895129,0.0018862793,0.0018066028,0.0018938938,0.0017995844,0.0018658498,0.0018886635,0.0017956952,0.0019004354,0.0018285075,0.0018795738
2010-05-10,0.0020531872,0.0021655718,0.0021202723,0.0020654807,0.0020624558,0.0020869235,0.0021115253,0.0021189163,0.0020927796,0.0021501342,0.002146558,0.0020576278,0.0021532187,0.0020675967,0.002142624,0.0021523694,0.002059267,0.0021176646,0.0020875344,0.0021438608
2010-05-11,0.0009468356,0.0010516057,0.0010139206,0.0009508589,0.0009545693,0.0009778598,0.001009197,0.0009977529,0.0009845356,0.0010427991,0.0010359744,0.00095622335,0.0010480145,0.0009659985,0.0010418752,0.0010483572,0.000948281,0.0009963671,0.0009833137,0.0010257969
2010-05-12,0.002143235,0.0022405097,0.0024538944,0.0021475712,0.0021479735,0.0025365362,0.0022026012,0.0024391422,0.0021918574,0.0022353092,0.002230958,0.0021974603,0.0022457698,0.0024885247,0.0022279182,0.002240003,0.0021443525,0.002183766,0.0024525682,0.002221481
2010-05-13,0.0025986144,0.0026578316,0.0028421292,0.0025544027,0.002555252,0.0028981874,0.0026220838,0.002837927,0.0025981376,0.00265731,0.0026459703,0.002522529,0.0026542554,0.0025762627,0.0028014788,0.0026583234,0.0028788904,0.0026128301,0.0025964538,0.0026300857
2010-05-14,0.0015516886,0.0016849646,0.0016653398,0.0015906552,0.0015838603,0.0016332278,0.0016474137,0.0016598115,0.0016406784,0.0016863355,0.001678736,0.001565815,0.0016816864,0.0015986273,0.0016738782,0.0016853968,0.0016012946,0.0016053179,0.0016125003,0.0016585449
2010-05-17,0.002600805,0.0027193585,0.0026875148,0.0026189098,0.0026166895,0.0026504854,0.0026818672,0.002686263,0.0026927749,0.0027171383,0.0027146796,0.0026073167,0.0027188817,0.0026350329,0.0027064243,0.0027192095,0.002625809,0.002636374,0.002657161,0.0026954869
2010-05-18,0.00094099436,0.0010471949,0.0010747472,0.0009534219,0.00094711874,0.0011087069,0.0010169307,0.001078249,0.0010040412,0.0010407129,0.0010387609,0.0009860108,0.0010515014,0.0010945806,0.0010417858,0.0010478208,0.00096002314,0.0009646723,0.0010864297,0.001034216
2010-05-19,0.0009878734,0.0010450045,0.0010656873,0.0009469548,0.00094707403,0.0010970989,0.0010199705,0.0010763416,0.0010079304,0.0010447958,0.0010429928,0.0009405771,0.0010514567,0.00095242355,0.0010944018,0.0010509798,0.0010919878,0.00096245203,0.00096654985,0.0010289857
2010-05-20,-0.005732744,-0.0056293746,-0.0056829443,-0.005724623,-0.0057291677,-0.0056853136,-0.005664452,-0.005665361,-0.005665972,-0.005631103,-0.005632176,-0.0057349047,-0.005626141,-0.0057233265,-0.005640208,-0.005629613,-0.005728661,-0.0057284674,-0.0057031354,-0.005632668
2010-05-21,0.00094455574,0.0010472545,0.0010156492,0.0009470144,0.00094704423,0.0009696493,0.0010218928,0.0010114172,0.0009893039,0.0010486403,0.001050205,0.00094214175,0.0010488788,0.00094875786,0.001019896,0.001044915,0.0009477744,0.0009476105,0.0009758482,0.001045526
2010-05-24,0.0011014203,0.0012046257,0.0011713812,0.0011042813,0.0011030147,0.0011338154,0.0011755684,0.0011674771,0.0011484185,0.001207293,0.0012073824,0.001098753,0.0012013773,0.0011069337,0.0011689821,0.0012024054,0.0011035958,0.0011033574,0.0011310885,0.0011980543
2010-05-25,0.00094486866,0.0010509053,0.0010048607,0.00094831083,0.00094702933,0.000978292,0.0010249773,0.0010115812,0.0009958455,0.0010465989,0.0010512033,0.00094321463,0.0010481784,0.0009501884,0.0010043243,0.0010456154,0.0009478787,0.00094734225,0.0009749541,0.001039193
2010-05-26,0.0009463886,0.0010508159,0.0010021189,0.000946776,0.00094704423,0.0009999285,0.0010190913,0.0010184506,0.0009960243,0.0010497728,0.0010518292,0.00094477925,0.001048536,0.00095011387,0.0010168711,0.0010472843,0.0009478042,0.00094720814,0.0009792307,0.001037986
2010-05-27,0.0017268518,0.0018280903,0.0017839829,0.0017272243,0.0017272094,0.0017535994,0.0017974386,0.0017911205,0.0017784545,0.0018276582,0.0018303553,0.0017259875,0.0018274346,0.0017285207,0.0017826268,0.0018271068,0.0017276863,0.0017273286,0.0017593065,0.0018195817
2010-05-28,0.0029598335,0.0030599395,0.0030168751,0.00296563,0.0029614428,0.002990515,0.0030188868,0.0030250112,0.0030164132,0.0030634413,0.0030647228,0.002962158,0.0030611167,0.0029727677,0.003018112,0.003063471,0.002962158,0.0029614577,0.0029971162,0.0030537108
2010-06-01,0.0019229064,0.002023683,0.001993359,0.0019226233,0.0019227276,0.002008141,0.0020249644,0.0019800076,0.0019665519,0.0020294199,0.0020293007,0.0019191662,0.0020218352,0.001924322,0.0019790987,0.0020273337,0.001924024,0.0019227574,0.0019611875,0.0020196894
2010-06-02,0.0009469995,0.0010429779,0.0010128627,0.0009469846,0.00094708893,0.0010378072,0.0010062167,0.0010090629,0.0009870986,0.0010483423,0.0010481337,0.000944064,0.0010459283,0.0009479681,0.0010232041,0.0010496983,0.000948132,0.00094708893,0.000981913,0.0010433951
2010-06-03,0.0023097852,0.0024131248,0.0023746202,0.002310128,0.0023100385,0.0023378292,0.0023678103,0.002385945,0.0023537735,0.0024130503,0.002410979,0.0023066858,0.002410964,0.0023129294,0.0023822198,0.002414451,0.002310873,0.002310113,0.002348722,0.0024060765
2010-06-04,0.00094702933,0.0010500113,0.0010127435,0.0009470144,0.00094705913,0.0009854147,0.0010032812,0.0010226676,0.0009921202,0.0010478208,0.0010472396,0.0009605298,0.0010459581,0.0009752223,0.0010103295,0.001049296,0.0009481618,0.00094707403,0.0009835819,0.0010447958
2010-06-07,0.00094613526,0.0010487149,0.0010121325,0.00094704423,0.00094705913,0.0009835819,0.0009879777,0.001018391,0.0010000477,0.0010488341,0.0010502646,0.00095768366,0.00105095,0.0009479979,0.0010212371,0.0010503391,0.00094837043,0.00094710384,0.0009811083,0.0010478655
2010-06-08,0.0009465823,0.0010506818,0.0010090331,0.00094704423,0.00094705913,0.0009709755,0.0009875009,0.001018391,0.0009899745,0.0010504881,0.0010495493,0.000936673,0.0010497132,0.00094711874,0.0010240385,0.0010502497,0.0009479681,0.00094707403,0.0009816298,0.0010413388
2010-06-09,0.0009466121,0.0010452876,0.0010057995,0.00094705913,0.00094702933,0.0009670863,0.0009872476,0.0010101208,0.0009905854,0.001052157,0.0010503093,0.00093966816,0.0010517696,0.0009489367,0.001033769,0.0010507116,0.0009475956,0.00094708893,0.0009842375,0.0010386119
2010-06-10,0.00094713364,0.0010418305,0.0010065893,0.00094705913,0.00094702933,0.00102155,0.0009890506,0.0010138908,0.0009912709,0.0010511288,0.0010481039,0.00094497297,0.0010523805,0.0009557167,0.0010325173,0.0010501454,0.0009475658,0.00094710384,0.00098613,0.0010368982
2010-06-11,0.00094613526,0.0010402361,0.0010096291,0.00094705913,0.00094705913,0.0009775618,0.000986428,0.0010188678,0.0009914646,0.0010463754,0.0010452429,0.00094619486,0.0010494748,0.00094708893,0.0010171244,0.0010491172,0.0009478787,0.0010324875,0.000988544,0.0010378668
2010-06-14,0.0028917054,0.0029851208,0.00318499,0.0028926292,0.0028924802,0.003243343,0.002933235,0.0031775692,0.002930955,0.0029941509,0.0029897252,0.0029427866,0.0029929886,0.003229619,0.0029526213,0.002993659,0.002892972,0.0029898444,0.0029327134,0.0031277547
2010-06-15,0.0009915838,0.001034827,0.0012383023,0.0012653479,0.00094702933,0.0013097385,0.0009911517,0.0012338022,0.0009890208,0.0010445127,0.0010445127,0.0009759674,0.0010457793,0.0012956271,0.0011965195,0.0011154125,0.0012656162,0.0010496834,0.0009881863,0.0011790404
2010-06-16,0.001460732,0.0015888223,0.0015738467,0.0015092054,0.0014921436,0.0015423456,0.0015303353,0.0015824297,0.001531289,0.0015906254,0.0015938589,0.0014469782,0.00158541,0.0015205601,0.0015688548,0.0016020248,0.0015095333,0.0015955428,0.0015342692,0.0015978971
2010-06-17,0.0020376751,0.0021443674,0.002117754,0.0020615766,0.002053083,0.0021370659,0.002087609,0.002140821,0.0021007815,0.0021532783,0.00215152,0.0020333389,0.0021486292,0.0020817677,0.0021176646,0.0021598795,0.0020619938,0.002160714,0.0020944634,0.002151058
2010-06-18,0.0009868005,0.0010371516,0.0010745386,0.00127785,0.00094711874,0.0014283964,0.0009824941,0.0010913322,0.0009861449,0.0010505775,0.0010452131,0.0009840587,0.0010478506,0.001111866,0.0012187073,0.0011226097,0.0012778351,0.0010546008,0.0009884397,0.0010991106
2010-06-21,0.0009581307,0.0010528872,0.0010811398,0.0011161426,0.00094704423,0.0011233995,0.0009856084,0.0010868469,0.000986875,0.0010563293,0.0010437975,0.0009851614,0.0010492215,0.001097397,0.0010871748,0.0011100182,0.0011161277,0.001054124,0.0009872774,0.001099051
2010-06-22,0.00092534814,0.0010464052,0.0010319808,0.0009773085,0.00094705913,0.00096653495,0.000987635,0.0010309229,0.0009884099,0.0010485956,0.0010354677,0.00094203744,0.001046882,0.0009517381,0.0010118345,0.0010514269,0.0009559849,0.0010556886,0.0009880224,0.0010490874
2010-06-23,0.0009376118,0.0010493556,0.0010229358,0.0009842077,0.00094705913,0.00097414944,0.0009859661,0.0010304311,0.0009902874,0.0010465691,0.0010424117,0.00094333384,0.0010485807,0.0009541819,0.0010195235,0.0010531703,0.00095909927,0.0010546753,0.0009889612,0.0010483572
2010-06-24,0.0009845952,0.0010612169,0.0010244409,0.001119555,0.00094705913,0.0010965774,0.0009832243,0.0010298351,0.0009865025,0.0010505775,0.0010478953,0.0009444216,0.0010467032,0.0009492645,0.0010784278,0.0011058608,0.0010925243,0.00096784625,0.000963212,0.0010470757
2010-06-25,0.0009427378,0.0010518143,0.0010220418,0.0009823451,0.00094705913,0.0009850422,0.0009818682,0.0010250965,0.0009823749,0.0010505179,0.001050652,0.0009453157,0.0010469118,0.0009501884,0.001021103,0.0010524103,0.00095111225,0.0009558657,0.000960649,0.0010408917
2010-06-28,0.002619476,0.0027307132,0.0026769498,0.0027175257,0.0026228735,0.0026824633,0.0026571313,0.0026980499,0.00266485,0.0027295062,0.0027290592,0.002621428,0.002719597,0.0026251683,0.0026857713,0.0027272115,0.002623544,0.002628372,0.0026363144,0.0027153352
2010-06-29,0.00094482396,0.0010566125,0.0010057399,0.0010499666,0.00094708893,0.0009711692,0.0009643743,0.0010256628,0.0009872178,0.0010474632,0.0010496983,0.00094609056,0.0010392973,0.000949339,0.0010245452,0.0010507414,0.00094740186,0.0009514997,0.0009591291,0.0010391483
2010-06-30,0.00094625447,0.0010491768,0.0010171542,0.0010520378,0.00094704423,0.0009791264,0.000976027,0.0010112831,0.0009831348,0.0010458687,0.0010452429,0.00094623957,0.0010312358,0.0009489665,0.0010371963,0.0010508159,0.00094752107,0.00094731245,0.00094854925,0.0010335753
2010-07-01,0.00094600115,0.0010450939,0.0010188827,0.0010496685,0.0009477744,0.0009987662,0.000975878,0.0010170201,0.0009830454,0.0010474334,0.0010465244,0.0009465078,0.0010449747,0.0009492347,0.0010410259,0.0010462413,0.00095498655,0.00094717834,0.00094872806,0.0010394761
2010-07-02,0.0009470144,0.0010383436,0.0010171989,0.0010382244,0.00094741676,0.001025931,0.0009764293,0.0010158727,0.0009869048,0.0010443786,0.0010464499,0.00094600115,0.0010377178,0.00094881747,0.0010377476,0.0010456303,0.00095765386,0.00094711874,0.0009482959,0.0010289708
2010-07-06,0.0021562884,0.0022550086,0.0022226581,0.002211363,0.0021568844,0.002212108,0.0021822313,0.0022244612,0.002193139,0.002258704,0.0022563646,0.002156199,0.0022586742,0.0021585831,0.002234147,0.0022482732,0.002164648,0.0021567503,0.0021584937,0.0022462616
2010-07-07,0.000945718,0.0010457197,0.0010126391,0.0009700665,0.00094717834,0.0009771148,0.0009835521,0.0010167072,0.000982509,0.0010482231,0.0010470608,0.00094619486,0.0010414729,0.00094851945,0.0010175267,0.0010463605,0.0010319212,0.0009469846,0.000972406,0.0010420689
2010-07-08,0.0009467462,0.0010472992,0.001030446,0.0009895423,0.0009479979,0.0009656707,0.0009875754,0.0010270486,0.0009858469,0.0010478506,0.00104794,0.00094620977,0.0010461072,0.0009488473,0.0010195086,0.0010470459,0.0009721378,0.0009469995,0.0009507695,0.0010521272
2010-07-09,0.00094702933,0.0010493556,0.0010510394,0.0009918073,0.00094707403,0.0009630332,0.0009910921,0.0010494748,0.0009891996,0.0010482976,0.0010479847,0.0009465972,0.0010528574,0.00094883237,0.0010118047,0.0010478804,0.0009749839,0.00094705913,0.00095100794,0.0010654638
2010-07-12,-0.00018422212,-8.572545e-05,-8.317735e-05,-0.00015896466,-0.00018373039,-0.00017039385,-0.00014229026,-9.295251e-05,-0.000142931,-8.878019e-05,-8.429494e-05,-0.00018447544,-8.307304e-05,-0.00018314924,-0.00011816528,-8.231308e-05,-0.00015900936,-0.00018370058,-0.00015869644,-7.279124e-05
2010-07-13,0.00094723795,0.0010417262,0.0010478357,0.000957177,0.00094705913,0.00095366035,0.0009911964,0.0010258863,0.000986279,0.0010431567,0.0010492513,0.0009467164,0.0010509351,0.0009481022,0.0010080645,0.0010474632,0.0009782175,0.00094702933,0.0009826133,0.0010516653
2010-07-14,0.00061740074,0.0007147053,0.0007144222,0.0006414214,0.0006195018,0.0006209323,0.00066764746,0.0006824294,0.0006569931,0.0007156888,0.0007197717,0.0006194273,0.0007184455,0.00062143896,0.0006785849,0.00071869884,0.00065210555,0.000619472,0.0006466517,0.0007193843
2010-07-15,0.00094580743,0.0010417262,0.0010249326,0.0009646574,0.00094704423,0.0009478489,0.0009897212,0.0010089288,0.0009847442,0.001042963,0.001044468,0.0009467164,0.0010446766,0.0009489367,0.0010220716,0.0010466287,0.0009770254,0.00094707403,0.00097525213,0.0010422328
2010-07-16,0.0021669278,0.0022688666,0.00225781,0.0021796832,0.0021686563,0.0021691034,0.0022142837,0.0022417167,0.0022063414,0.002267168,0.0022643218,0.002168552,0.002266989,0.0022134641,0.0022577653,0.0022689113,0.0021850476,0.0021686414,0.002205507,0.002265782
2010-07-19,0.0016413489,0.0017717937,0.0016860822,0.0019222954,0.0015961686,0.0015961537,0.0016368041,0.0016916404,0.0016340623,0.0016984949,0.0016931454,0.00159596,0.0016908506,0.0016421536,0.0018921206,0.0017677257,0.0017663846,0.0015961686,0.0016325573,0.0016993443
2010-07-20,0.0009142319,0.0010504881,0.0010296414,0.0009735087,0.00094707403,0.00094726775,0.0009900937,0.0010391185,0.0009846697,0.0010448555,0.001035274,0.0009468952,0.0010404596,0.0009940425,0.0010095397,0.0010502348,0.0010488192,0.00094708893,0.0009814957,0.0010443488
2010-07-21,0.0009315321,0.0010560015,0.0010377327,0.0009592334,0.00094705913,0.00094716344,0.000987188,0.0010451833,0.0009873221,0.0010508606,0.001045228,0.0009465823,0.001044766,0.00096146856,0.0010051886,0.0010531554,0.00097403023,0.00094708893,0.000983567,0.0010523656
2010-07-22,-0.00070661213,-0.0005931398,-0.00062072184,-0.0006571552,-0.0007000705,-0.0007000407,-0.0006614616,-0.0006059101,-0.00066165533,-0.0006019315,-0.0006038984,-0.00070032384,-0.0006032428,-0.0006590774,-0.00064660516,-0.0005970886,-0.0006089648,-0.0007000258,-0.00066555943,-0.0005981168
2010-07-23,0.0031843493,0.0032932172,0.003211812,0.003305749,0.0031357566,0.00313601,0.0031695822,0.0032195607,0.003174291,0.00323023,0.0032261321,0.003135533,0.0032357434,0.00318727,0.0032541314,0.0032957355,0.003225834,0.003135831,0.0031688372,0.0032319585
2010-07-26,0.0020800242,0.0021860609,0.0021811882,0.0021096775,0.0020851055,0.0020848373,0.0021381835,0.002146558,0.0021236995,0.002178953,0.0021851966,0.0020846734,0.0021796087,0.002105997,0.00213796,0.0021835575,0.002154232,0.0020851055,0.0021225521,0.0021925578
2010-07-27,0.0009426186,0.0010423372,0.0010242919,0.000964419,0.00094705913,0.00094704423,0.0009882608,0.0010147998,0.0009872476,0.0010356465,0.0010413686,0.0009468356,0.0010404596,0.0010008672,0.0010054419,0.0010423968,0.00096790586,0.00094705913,0.0009823451,0.0010465095
2010-07-28,0.0009452859,0.0010457495,0.001028181,0.000980244,0.00094705913,0.0009470144,0.0009848783,0.0010144273,0.0009875456,0.0010405937,0.0010386566,0.0009464631,0.0010427991,0.0010198811,0.0010001669,0.0010442594,0.0009843418,0.00094705913,0.0009818384,0.001048998
2010-07-29,0.00094615016,0.0010473588,0.0010238001,0.000966982,0.00094705913,0.0009469995,0.0009866515,0.0010218779,0.0009883353,0.0010432461,0.0010435143,0.0009464482,0.0010400573,0.0010178396,0.001013563,0.001043112,0.0009845505,0.00094708893,0.0009861449,0.0010476122
2010-07-30,0.0009915987,0.0011189738,0.0010220865,0.001204283,0.00094705913,0.00094711874,0.0009907642,0.0010201195,0.0009870837,0.001050503,0.0010458538,0.0009465376,0.0010493705,0.0009620795,0.0011845538,0.0011165747,0.0012024948,0.00094708893,0.0009852508,0.0010477761
2010-08-02,0.0027251104,0.0028620968,0.0028398642,0.0027829567,0.0027572224,0.0027572522,0.002829061,0.0028306255,0.0027972618,0.0028607408,0.0028560916,0.0027564028,0.0028572837,0.002776713,0.0028205076,0.0028627673,0.0027844468,0.0027572373,0.0027937153,0.0028580884
2010-08-03,0.0009312192,0.0010510245,0.0010412643,0.00097277854,0.00094705913,0.0009470144,0.0010053674,0.0010346929,0.000985832,0.0010475526,0.0010507414,0.0009465674,0.0010466138,0.00096272025,0.001008437,0.0010524401,0.00097163115,0.00094708893,0.000986279,0.0010494152
2010-08-04,0.0009400556,0.0010448107,0.0010121772,0.00097268913,0.00094702933,0.00094711874,0.0010037133,0.0010366747,0.0009866217,0.0010424713,0.0010441104,0.0009467462,0.0010481188,0.0009610662,0.0010261247,0.0010558376,0.00097185466,0.00094705913,0.0009848485,0.0010568658
2010-08-05,0.0024980167,0.0026066462,0.0025204727,0.002583296,0.0024562934,0.0024535367,0.0025065104,0.0025560418,0.0024738917,0.002543033,0.0025500813,0.0024534026,0.0025498578,0.0024566958,0.0026431987,0.002611653,0.0025320211,0.0024877647,0.0024906555,0.0024963627
2010-08-06,0.0028672973,0.0029682675,0.002941222,0.0028811553,0.002892659,0.0028721103,0.0029192427,0.0029459456,0.002892227,0.0029681483,0.0029710392,0.0028719166,0.002968938,0.0028744647,0.0029432038,0.0029722909,0.002879561,0.0029311785,0.0029096762,0.0029180208
2010-08-09,0.00094458554,0.0010415325,0.0010085413,0.00095652137,0.000954018,0.0009469548,0.0009943107,0.0010234723,0.00096418057,0.0010412345,0.0010448704,0.0009468505,0.0010417709,0.00094848964,0.0010216394,0.001046584,0.0009553591,0.0010297308,0.0009838054,0.0009972611
2010-08-10,0.00094328914,0.0010410855,0.001029701,0.0009566406,0.0009661922,0.00094704423,0.0010035792,0.0010050545,0.00096526835,0.0010415325,0.0010479102,0.0009467909,0.0010418454,0.0009503821,0.001017631,0.0010448107,0.00095492695,0.0010352889,0.0009846846,0.0009990344
2010-08-11,0.0009453902,0.0010383734,0.001021714,0.00095494185,0.00097055826,0.00094704423,0.0009958604,0.001007692,0.0009734789,0.0010437975,0.0010425756,0.0009466717,0.0010414431,0.00094984565,0.0010167966,0.0010429481,0.0009542564,0.0010538856,0.0009832988,0.0010383436
2010-08-12,0.0032183537,0.0032222578,0.00315711,0.0031597326,0.0031614164,0.003130407,0.0031887302,0.0032004276,0.0031639645,0.003227965,0.0032248804,0.0031300494,0.0032295147,0.003159375,0.003195406,0.0032314071,0.0031611035,0.0032304535,0.003169329,0.0032346258
2010-08-13,-7.139053e-05,9.1651455e-06,-6.3746236e-05,-7.74404e-05,-6.0140155e-05,-8.3609484e-05,-2.2648834e-05,9.790994e-06,-4.9366616e-05,1.3814308e-05,1.2368895e-05,-8.404162e-05,1.0670163e-05,-7.967558e-05,-5.7360157e-06,1.5095808e-05,-7.417705e-05,-1.9370578e-05,-4.748907e-05,2.8104521e-05
2010-08-16,0.0022186795,0.002235175,0.0022260705,0.002151684,0.0021817395,0.002142028,0.0021933177,0.002235786,0.0021622637,0.0022390792,0.002237589,0.0021413872,0.0022374848,0.002164797,0.0022101114,0.0022391835,0.002164484,0.0021889666,0.0021767775,0.0022102902
2010-08-17,0.0010456154,0.0010448555,0.0010241577,0.0009661624,0.0009668926,0.0009469846,0.0009933272,0.0009826729,0.0009823898,0.0010333369,0.0010422477,0.0009467164,0.0010446468,0.0009748349,0.0010236064,0.0010434696,0.0009770999,0.0010041604,0.0009834478,0.0010530958
2010-08-18,0.0017739097,0.001829938,0.0018058727,0.0017607817,0.0017469833,0.0017304281,0.0017560283,0.0017567882,0.0017456422,0.0018261233,0.001829491,0.0017302344,0.0018280754,0.0017496059,0.0018062303,0.001823769,0.0017512748,0.0018084953,0.0017674575,0.0017625699
2010-08-19,-0.0042072227,-0.004177465,-0.0041980585,-0.004241421,-0.004264801,-0.0042787334,-0.0042567244,-0.0042596897,-0.0042648306,-0.00417976,-0.0041793725,-0.0042790165,-0.0041761687,-0.004260107,-0.004210531,-0.0041808477,-0.004257395,-0.004197239,-0.0042385748,-0.0042553833
2010-08-20,0.00084087346,0.0008526752,0.00084453914,0.0007851729,0.00076884124,0.0007541338,0.00077791605,0.00077040587,0.0007653693,0.0008542845,0.0008506784,0.0007537911,0.00084963534,0.00078173075,0.0008258829,0.00085128937,0.00078293774,0.0008310238,0.00079226587,0.00077548716
2010-08-23,-0.0016363999,-0.0016403636,-0.0016797772,-0.0017017862,-0.001724734,-0.0017331382,-0.0017127087,-0.0017267009,-0.0017195782,-0.0016273847,-0.0016330173,-0.0017336747,-0.0016325256,-0.0017016968,-0.0016637137,-0.0016338965,-0.0017011305,-0.0016345968,-0.0016987165,-0.0017168066
2010-08-24,0.0010542581,0.0010459581,0.0009925822,0.0009792158,0.0009544054,0.0009469101,0.000961707,0.0009515891,0.0009532878,0.0010466734,0.0010470012,0.0009466419,0.0010473737,0.0009770701,0.001020492,0.0010457942,0.0009750733,0.0010509202,0.0009863386,0.0009596208
2010-08-25,0.0010580132,0.001044319,0.0010189721,0.0009812871,0.0009559104,0.00094710384,0.0009782026,0.0009745518,0.0009733746,0.0010471204,0.0010470757,0.0009466568,0.0010453919,0.0009819577,0.0010145763,0.001046137,0.0009771744,0.0010416815,0.0009814808,0.0010321895
2010-08-26,0.0019667158,0.0019425908,0.0019206414,0.0018809149,0.0018556127,0.0018474171,0.0018664459,0.0018580416,0.001873971,0.0019443193,0.0019454667,0.0018464187,0.0019462714,0.0018818239,0.001916782,0.0019396404,0.0018819729,0.0019424567,0.0018846104,0.0019397596
2010-08-27,0.0010580132,0.0010446766,0.0010201493,0.0009773681,0.00096269045,0.00094702933,0.000981004,0.000976936,0.0009738812,0.0010429332,0.0010438571,0.0010216692,0.0010423372,0.0009803185,0.0010124007,0.0010442892,0.000978441,0.0010226378,0.0009833286,0.0010421732
2010-08-30,0.0022659013,0.0022492865,0.0022394666,0.002188013,0.0021695057,0.0021554986,0.0022040019,0.00218618,0.0021847496,0.0022542933,0.002248914,0.0022529075,0.002250404,0.0021901587,0.0022247145,0.0022519538,0.0021891305,0.0022375593,0.0021918425,0.0022540698
2010-08-31,0.0010590414,0.0010436485,0.0010316828,0.0009810934,0.0009580562,0.0009469101,0.0009952197,0.0009901533,0.0009814957,0.0010451833,0.0010449747,0.0010201046,0.0010427991,0.000981898,0.0009964267,0.0010446617,0.0009834478,0.0010324726,0.0009821514,0.0010538409
2010-09-01,0.0029642591,0.0029636184,0.0029611,0.0028998116,0.002884076,0.0028704712,0.0029093632,0.0029048333,0.0029010335,0.0029655406,0.0029645124,0.0029604742,0.0029646168,0.0029036263,0.0029566,0.002966524,0.0029016891,0.0029429505,0.0029022405,0.002974988
2010-09-02,0.0010516057,0.0010454217,0.0010162899,0.0009773234,0.0009648213,0.00094705913,0.0009925375,0.0009910027,0.0009795586,0.0010451684,0.0010445574,0.0010455856,0.0010409066,0.0009810189,0.0009981254,0.0010442594,0.0009793947,0.001031802,0.0009799907,0.0010545412
2010-09-03,0.0012930492,0.0013016919,0.0012643049,0.001230807,0.0012165168,0.0012040297,0.0012608031,0.0012498507,0.0012343833,0.0012968341,0.0013047168,0.0012900541,0.0012949267,0.0012371996,0.0012580613,0.0012926916,0.0012333998,0.0012875656,0.0012366185,0.0013047913
2010-09-07,0.0010306695,0.0010350356,0.0009710649,0.00097434316,0.0009541819,0.00094704423,0.0010002414,0.0009952942,0.0009773532,0.0010442892,0.0010433653,0.0010331282,0.0010400573,0.0009785602,0.001011149,0.0010392973,0.0009802142,0.0010339031,0.0009789178,0.0010444829
2010-09-08,0.0009121457,0.0009836415,0.00090250466,0.0008977512,0.00089606736,0.00088465307,0.00094203744,0.00093177054,0.0009160945,0.0009800056,0.0009838799,0.0009097615,0.0009785304,0.0009186575,0.0009390125,0.0009819278,0.0008982131,0.0009784857,0.0009180764,0.0009854147
2010-09-09,0.0009631375,0.0010429779,0.0009645978,0.0009617517,0.0009700963,0.00094702933,0.0010052929,0.0009956965,0.0009825984,0.0010465691,0.0010459134,0.0009647766,0.0010456154,0.0009852359,0.0009997198,0.0010439614,0.000961856,0.0010467032,0.0009823898,0.0010560611
2010-09-10,0.0009624073,0.0010449449,0.00096294377,0.0009581754,0.0009567896,0.0009468952,0.0010056505,0.0009950409,0.0009846399,0.0010478506,0.001047493,0.0009618113,0.0010477761,0.000989587,0.0010109255,0.0010383436,0.0009608874,0.0010460922,0.0009852061,0.001059846
2010-09-13,0.0014915178,0.001580135,0.001485155,0.0014898488,0.0014887014,0.0014784792,0.0015331516,0.0015330473,0.0015145699,0.0015744129,0.0015770355,0.0014916072,0.0015747258,0.0015359232,0.0015574256,0.0015759179,0.0015106807,0.0015723417,0.0015161494,0.0015835026
2010-09-14,0.0010009715,0.0010413686,0.0009632716,0.0009557316,0.00095497165,0.0009750286,0.0009965012,0.0009886483,0.000974969,0.0010441551,0.0010475824,0.000989438,0.0010458985,0.0009862939,0.0010225335,0.0010428885,0.000973613,0.0010476867,0.0009835521,0.0010402361
2010-09-15,0.0010117451,0.0010490427,0.000965626,0.0009604404,0.00097173546,0.0009949217,0.0009975145,0.0009991834,0.000979335,0.0010458836,0.0010457644,0.0009553889,0.0010451982,0.0009830007,0.0010278383,0.0010348717,0.0009765634,0.001052157,0.0009846995,0.0010457793
2010-09-16,0.0010224441,0.0010443786,0.00095753465,0.0009559551,0.000969694,0.00097027514,0.0009982297,0.0009988556,0.00097563956,0.0010445872,0.0010405937,0.0009493539,0.0010330239,0.0009857574,0.0010206858,0.0010463456,0.00097021554,0.001041905,0.0009809146,0.001033322
2010-09-17,0.002965198,0.002982081,0.0029049227,0.0028935084,0.0029158453,0.0029094378,0.0029488662,0.0029466609,0.002912701,0.0029817382,0.0029799799,0.002886788,0.00297393,0.00292267,0.0029369155,0.0029853443,0.0029116282,0.002987177,0.0029166797,0.0029792795
2010-09-20,0.002237291,0.0022417167,0.0021647522,0.0021452466,0.002156482,0.002185897,0.0022214064,0.0022036145,0.0021753171,0.002244995,0.0022373954,0.0021577636,0.00223519,0.0021753618,0.0022144774,0.002235041,0.0021715472,0.0022250721,0.0021749744,0.002243028
2010-09-21,0.0010441551,0.0010478506,0.0009660581,0.0009507248,0.0009622583,0.0009918222,0.0010027001,0.0010021338,0.0009780983,0.0010499666,0.0010421434,0.00094737206,0.0010429779,0.0009795884,0.0010410855,0.0010546902,0.0009802589,0.0010354826,0.0009802291,0.0010498324
2010-09-22,0.0030804137,0.0030732611,0.0029880414,0.0029865066,0.002989919,0.0030178735,0.0030648569,0.0030405382,0.0030076066,0.0030742148,0.0030752132,0.0029752562,0.0030720094,0.0030128518,0.003052638,0.0030783722,0.0030154595,0.0030600885,0.0030139992,0.0030698339
2010-09-23,0.0010436932,0.0010458985,0.00096148346,0.00095757935,0.0009606341,0.0009876648,0.001036034,0.0010074982,0.0009795139,0.0010430077,0.0010471055,0.00094711874,0.0010450492,0.0009828517,0.0010255286,0.0010415474,0.0009852657,0.0010201344,0.0009849677,0.001043261
2010-09-24,0.0023647258,0.0023818025,0.0023177722,0.0022932002,0.0022943625,0.0023437152,0.0023704479,0.0023388425,0.0023174146,0.0023823986,0.002383546,0.002284781,0.0023790607,0.0023200968,0.0023564706,0.0023868391,0.0023154477,0.002378569,0.0023188302,0.0023838738
2010-09-27,0.0010411898,0.001047642,0.0009809146,0.0009515742,0.0009476999,0.0009867111,0.0010007927,0.0010000179,0.0009799758,0.0010433355,0.0010516206,0.0009464929,0.0010446468,0.0009789327,0.0010370472,0.0010492215,0.0009822855,0.0010381946,0.0009823898,0.0010479549
2010-09-28,0.0010456303,0.0010457793,0.0009800205,0.00095261727,0.00094738696,0.0009863982,0.000980095,0.00100121,0.0009818831,0.0010457793,0.001047478,0.0010186145,0.0010468075,0.0009607086,0.0010570148,0.0010507563,0.0009839246,0.0010364512,0.0009839544,0.0010430226
2010-09-29,0.0010503689,0.0010444531,0.0009791264,0.00095126126,0.00094732735,0.0009881416,0.0009968737,0.0009887228,0.0009801695,0.0010436485,0.0010430822,0.0010288665,0.0010453919,0.0009797672,0.0010192255,0.0010464201,0.0009833286,0.0010300288,0.0009823302,0.0010492066
2010-09-30,0.00067545567,0.00067389105,0.00061984453,0.0005799243,0.0005755136,0.00062020216,0.00060726795,0.00062000845,0.0006087879,0.0006722668,0.0006757984,0.0006524781,0.00067162607,0.00058773253,0.00063918624,0.00067406986,0.0006092945,0.00065294,0.000610278,0.00067389105
2010-10-01,0.0010509798,0.0010420093,0.0009908089,0.0009508142,0.00094719324,0.0009889463,0.00096933637,0.0010049054,0.0009812126,0.0010478506,0.0010462413,0.0010090182,0.0010456303,0.00096121524,0.0010076026,0.0010456899,0.0009608278,0.0010307739,0.0009853104,0.0010424415
2010-10-04,0.0019095102,0.0019266913,0.0018701414,0.0018303851,0.0018286267,0.0018685469,0.0018667588,0.0018757293,0.0018612305,0.0019210884,0.0019204924,0.0018936703,0.0019214908,0.0018704394,0.0018940577,0.0019214014,0.0018475065,0.0018893192,0.0018618265,0.0019153962
2010-10-05,0.0010360936,0.0010446766,0.0009872476,0.0009492049,0.00094708893,0.0009864429,0.0009873966,0.0009814957,0.0009789327,0.0010380456,0.0010406533,0.0010119686,0.0010438124,0.0010041306,0.0010231147,0.0010425011,0.00097031984,0.000999988,0.0009809742,0.0010364363
2010-10-06,0.0009719739,0.0010464201,0.0009879926,0.00094856415,0.0009507248,0.0009877244,0.00097160134,0.0009836266,0.0009791115,0.0010399381,0.0010415325,0.0010017464,0.0010452429,0.0009858469,0.0010433206,0.0010395804,0.0009855488,0.001004965,0.0009797672,0.0010016421
2010-10-07,0.0009585181,0.0010446915,0.0009930888,0.0009481022,0.00097170565,0.001051561,0.0009687254,0.0009960392,0.0009842822,0.0010409066,0.0010425607,0.00095653627,0.00104718,0.0009881267,0.0010471651,0.0010401169,0.00096507464,0.0010111192,0.0009820173,0.00104718
2010-10-08,0.0023452053,0.0024312595,0.0023781518,0.0023445794,0.0023575136,0.0024451623,0.0023683617,0.0023807595,0.0023702243,0.002425612,0.0024273405,0.002339364,0.0024318704,0.0023798952,0.0024354318,0.002427564,0.0023650238,0.0024115453,0.0023661414,0.0024395743
2010-10-11,0.0012997249,0.0013873288,0.0013378272,0.0012993822,0.0013214061,0.0014069388,0.0013383785,0.0013437578,0.0013312409,0.0013875524,0.0013888339,0.0012956569,0.0013926337,0.001356558,0.0013859877,0.0013837526,0.0013120184,0.0013558725,0.0013285736,0.0013813088
2010-10-12,0.00094732735,0.0010400573,0.0009896765,0.00096927676,0.0009845207,0.001057432,0.0009786198,0.0009949813,0.0009844908,0.0010427246,0.0010447213,0.00095371995,0.0010449747,0.0009889761,0.0010362724,0.0010462264,0.00096784625,0.0010461966,0.0009847591,0.0010527233
2010-10-13,0.00044180546,0.0005370835,0.00048402045,0.0004656026,0.00048418436,0.00054024253,0.0004835585,0.0005141059,0.00048112962,0.00054052565,0.0005387077,0.00044156704,0.0005363086,0.00047397707,0.00051365886,0.0005398104,0.00045827124,0.0005414495,0.00047890935,0.00051876996
2010-10-14,0.0020589093,0.0021527717,0.0021035234,0.0020913342,0.0021021077,0.0021664212,0.0021006474,0.0021087537,0.0020974735,0.0021623531,0.0021594772,0.0020587752,0.0021578828,0.0020941058,0.002123029,0.0021574656,0.002073721,0.0021619657,0.0020989338,0.002159969
2010-10-15,0.002196894,0.0021642307,0.0021085003,0.0020796517,0.0020838538,0.0021638433,0.0021153549,0.0021242658,0.002106593,0.0021636048,0.0021648714,0.0020656893,0.0021656314,0.002102525,0.0021468857,0.0021648267,0.002075092,0.0021401355,0.002106146,0.0021570334
2010-10-18,0.0014339397,0.0015328983,0.0014890591,0.0014694938,0.0014622817,0.0015479634,0.0014931569,0.0014973739,0.0014771232,0.0015444467,0.001541839,0.0014401833,0.0015451023,0.0014782408,0.0015363852,0.0015383968,0.0014515081,0.0015205452,0.0014835009,0.0015320936
2010-10-19,0.0009365538,0.0010384629,0.0009928355,0.0009605894,0.0009897063,0.0010560313,0.0010048458,0.001004071,0.0009876052,0.0010463456,0.0010474185,0.00094609056,0.0010522464,0.0009850422,0.0010474632,0.0010449449,0.00095357094,0.0010002265,0.0009858022,0.0010557631
2010-10-20,0.0024590949,0.0025481144,0.0025068233,0.0024823854,0.0025067786,0.0025690803,0.0025143186,0.0025188932,0.0025021443,0.0025616297,0.0025642673,0.002465875,0.0025668899,0.002507002,0.0025678733,0.0025627026,0.0024685124,0.0025245706,0.0025031427,0.0025658617
2010-10-21,0.0026947865,0.002802522,0.002759696,0.0027279267,0.0027211318,0.0028209398,0.002771617,0.0027686367,0.0027573714,0.0028134147,0.002816231,0.0027516792,0.002817602,0.0027591148,0.0028162906,0.0028126994,0.0027259747,0.002786667,0.0027555833,0.002816678
2010-10-22,0.0011355737,0.0012341151,0.0011799792,0.0011604736,0.0011426965,0.0012404779,0.0011906037,0.0011866251,0.001177595,0.0012373338,0.0012384662,0.0011955956,0.0012408504,0.0011795321,0.0012415955,0.0012342045,0.0011532614,0.0012068013,0.0011781165,0.0012390623
2010-10-25,0.002695785,0.0027921656,0.0027445564,0.002720029,0.0027145455,0.002795876,0.0027462402,0.0027734349,0.0027341554,0.0027991394,0.0027956972,0.0027467469,0.0027964571,0.0027169446,0.0028064707,0.0027963677,0.0027107159,0.00277643,0.002734677,0.002794058
2010-10-26,0.0009455988,0.0010515908,0.0009973655,0.00096888933,0.0009607235,0.0010460773,0.0009899149,0.0010180781,0.0009829262,0.0010473588,0.0010440359,0.0010163644,0.001045377,0.0009607086,0.0010520378,0.0010472396,0.00096516404,0.0010247091,0.0009856084,0.0010440508
2010-10-27,-0.00031120982,-0.00022326317,-0.00027044024,-0.00029192772,-0.00030927267,-0.00020852592,-0.0002659848,-0.00025871303,-0.00027306285,-0.00021323469,-0.00021144655,-0.00025673117,-0.0002134582,-0.00029791798,-0.00020667817,-0.00021172967,-0.00029596593,-0.00024196412,-0.00027270522,-0.0002058139
2010-10-28,0.00035910401,0.0004255483,0.0003999779,0.0003754655,0.00035990868,0.00046320353,0.0004024217,0.00041586254,0.00039664004,0.00045965705,0.00046061072,0.00042131636,0.00045736227,0.00037103985,0.00046436582,0.00045919511,0.00037869904,0.00042332802,0.0004000375,0.00046254788
2010-10-29,0.0024022767,0.002377198,0.0023551593,0.0023173252,0.0023240754,0.0023906091,0.002338783,0.0023644874,0.0023369202,0.002400414,0.002400891,0.002320365,0.0023994455,0.002299414,0.0024021724,0.0024002949,0.0023078034,0.0023650238,0.0023406455,0.0023947665
2010-11-01,0.0015590647,0.0015277574,0.0014974484,0.0014701197,0.001473383,0.0015336582,0.0014851401,0.0015278617,0.0014854381,0.0015455047,0.0015461901,0.0014618943,0.0015454451,0.0014479319,0.0015445808,0.0015458176,0.0014546225,0.0015074322,0.0014856616,0.0015344778
2010-11-02,0.0021619955,0.002148346,0.0021188715,0.002089248,0.0020696977,0.0021515796,0.0021017054,0.0021218816,0.0021032402,0.0021653036,0.0021648416,0.0020877877,0.0021652589,0.0020673284,0.0021669874,0.0021654079,0.002073557,0.002140821,0.002105386,0.0021503726
2010-11-03,0.0022814581,0.0022774795,0.0022310624,0.0022066245,0.0021868655,0.0022746334,0.0022339383,0.002254189,0.0022225687,0.002284334,0.00228721,0.0022054026,0.0022859732,0.0021855691,0.002285109,0.002287821,0.0021927664,0.0022512982,0.0022268603,0.002267302
2010-11-04,0.0030365596,0.0030465433,0.0030238042,0.0029886672,0.0029991576,0.0030517587,0.0030086795,0.0030382434,0.0030067274,0.0030641714,0.0030630687,0.002963961,0.0030627856,0.0029647658,0.0030620256,0.0030665258,0.0029661665,0.0030438462,0.0030042538,0.0030400166
2010-11-05,0.0003026137,0.00042349193,0.00041315053,0.00036247168,0.00035673473,0.0004398087,0.00038562808,0.0004116008,0.00038805697,0.00044533703,0.00044077728,0.00034538005,0.00043794606,0.0003793398,0.00044813845,0.00044067297,0.00035537872,0.0004204968,0.00037981663,0.000439615
2010-11-08,0.0010977844,0.0011920044,0.0011784295,0.0011417875,0.0011310438,0.0012286613,0.0011457214,0.0011766413,0.0011774609,0.0012281844,0.0012276331,0.0011370936,0.0012253681,0.0011826018,0.001229451,0.0012247721,0.0011339942,0.0012064734,0.001166285,0.0012298087
2010-11-09,0.00209424,0.002188892,0.002195255,0.002141402,0.002122105,0.0022071013,0.0021363208,0.002170519,0.0021650055,0.0022185603,0.0022171447,0.0021479288,0.0022111842,0.0021675834,0.0022221962,0.0022163847,0.0021274844,0.0021962533,0.0021578828,0.0022030035
2010-11-10,0.002681301,0.0027730325,0.0027737627,0.0027145008,0.002728642,0.0027822861,0.0027114311,0.0027417103,0.0027410546,0.0027966509,0.0027997652,0.002707676,0.0027930299,0.0027408907,0.0027962038,0.002791793,0.0026975134,0.0027593682,0.0027301768,0.0027760724
2010-11-11,0.002007545,0.0019864151,0.0019766996,0.0019218484,0.0019086609,0.0019801268,0.0019362727,0.0019645253,0.0019440064,0.0020030597,0.0020064423,0.0019371221,0.0020084241,0.001953424,0.0020036558,0.0020025978,0.0019129673,0.0019756565,0.0019407282,0.0019776681
2010-11-12,0.0026040385,0.0025980035,0.002578617,0.0025406787,0.0025269696,0.0025989572,0.002552555,0.0025776634,0.0025636265,0.0026202807,0.002623842,0.0025664577,0.0026236186,0.0025832811,0.0026189247,0.0026165554,0.002537013,0.0025820592,0.0025591115,0.0025917003
2010-11-15,0.0021758983,0.0021650204,0.0021281252,0.0020996192,0.0020881156,0.0021658996,0.0021159211,0.0021271864,0.0021332363,0.0021790871,0.0021829018,0.0020999024,0.002186344,0.0021476308,0.002174602,0.002178968,0.002096937,0.0021459172,0.0021167705,0.0021707872
2010-11-16,0.0010187188,0.0010296563,0.0009925226,0.0009760717,0.000957937,0.0010246197,0.0009748498,0.0009958902,0.0009996304,0.0010421136,0.0010457048,0.0009545097,0.0010475824,0.001005576,0.0010433802,0.0010433653,0.0009531239,0.0010161707,0.0009783218,0.0010235766
2010-11-17,0.0031599859,0.0031767646,0.0031614462,0.0031277249,0.0030983547,0.0031820247,0.0031392733,0.0031449804,0.0031450698,0.003193737,0.003196136,0.003111259,0.003195689,0.003165857,0.0031922022,0.003192068,0.0031028548,0.003172041,0.0031313607,0.0031867037
2010-11-18,0.0027941028,0.0028185854,0.0027950266,0.0027573565,0.0027308324,0.0028172592,0.0027773092,0.002785177,0.0027781436,0.0028255591,0.0028324137,0.0027486393,0.0028332034,0.0027983794,0.0028300593,0.0028312514,0.0027412185,0.0028030435,0.002765731,0.0028129825
2010-11-19,0.0016708085,0.0017120102,0.0016749213,0.0016573975,0.0016315589,0.0017133215,0.0016827742,0.0016885856,0.0016742209,0.0017262558,0.0017310241,0.0016314099,0.0017332295,0.0016924748,0.0017292956,0.0017237077,0.0016366253,0.0016889283,0.0016670385,0.0017200569
2010-11-22,0.0014137337,0.0014431784,0.0014081905,0.0013934681,0.0013624886,0.0014437893,0.0014136145,0.0014195303,0.0014021555,0.0014598826,0.0014634142,0.0013624439,0.0014629671,0.0014239708,0.0014580349,0.0014587501,0.0013656924,0.0014206776,0.0013996819,0.001459823
2010-11-23,0.002296851,0.0023308704,0.0022797296,0.0022660205,0.0022360245,0.0023213783,0.002335311,0.0023092935,0.002273322,0.002333329,0.0023358027,0.0022356668,0.002337725,0.0022563646,0.0023177275,0.0023314962,0.0022392431,0.0023076544,0.0022708932,0.0023290822
2010-11-24,0.0026533613,0.0026310245,0.0026068697,0.0025918642,0.0025618235,0.0026602307,0.0026697377,0.0026326934,0.0026018927,0.0026596794,0.0026594857,0.0025615254,0.0026633153,0.002580286,0.002646909,0.0026604692,0.0025643418,0.0026344815,0.0025998214,0.0026629427
2010-11-26,0.0024216184,0.0024098465,0.0023625502,0.0023487965,0.0023226747,0.002414138,0.0024347613,0.0023864815,0.0023562917,0.0024206797,0.002420188,0.0023540417,0.0024190107,0.0023394534,0.0024143318,0.0024232725,0.002331079,0.002408714,0.002355487,0.0024178931
2010-11-29,0.0017394731,0.0017377743,0.0016901502,0.0016739527,0.0016489038,0.0017527351,0.0017652968,0.0017068246,0.0016840557,0.0017446885,0.0017463425,0.0016747573,0.0017488757,0.001689733,0.0017331401,0.0017462233,0.001649634,0.0017305175,0.0016840259,0.0017445693
2010-11-30,0.001040251,0.0010293433,0.0009872625,0.0009759227,0.00094707403,0.0010461668,0.0010470906,0.0010054866,0.0009831497,0.0010489533,0.0010477612,0.00097537134,0.0010495493,0.00094862375,0.0010439167,0.0010506222,0.000948132,0.0010368088,0.000960947,0.0010451088
2010-12-01,0.0024213353,0.0024233917,0.002383099,0.0023730258,0.0023388574,0.0024229446,0.0024421075,0.0024010101,0.002375559,0.0024459371,0.0024425248,0.0023730109,0.0024428824,0.0023396472,0.0024331966,0.0024424354,0.002343894,0.0024449239,0.0023543844,0.0024297545
2010-12-02,0.0010226527,0.0010252008,0.0009926716,0.0009768913,0.00094705913,0.0010273764,0.0010452578,0.0009964863,0.0009830901,0.0010539154,0.001050801,0.0009698877,0.0010483721,0.0009482661,0.0010490576,0.0010510394,0.0009546587,0.0010489682,0.00096017215,0.00103286
2010-12-03,0.0010179589,0.0010237107,0.0010008821,0.0009800205,0.00094705913,0.001023666,0.0010440657,0.0010065297,0.0009806314,0.0010510692,0.001051859,0.00096272025,0.001053364,0.0009620646,0.0010556141,0.0010517398,0.0009494284,0.0010568807,0.0009582499,0.001032264
2010-12-06,0.0028929273,0.0028885016,0.0028749118,0.0028523812,0.0028206268,0.0028965333,0.0029212246,0.0028892169,0.0028513083,0.002923415,0.0029230127,0.0028352598,0.0029233703,0.0028207013,0.002925218,0.0029221037,0.00282392,0.0029167244,0.002823935,0.0029070238
2010-12-07,0.0010316977,0.0010408023,0.0009920159,0.0009811977,0.00094705913,0.0010204474,0.0010343203,0.0010191659,0.0009794096,0.0010462413,0.0010455558,0.0009645829,0.0010333816,0.0009469697,0.0010491917,0.0010490725,0.00095354114,0.0010111937,0.0009555826,0.0010359148
2010-12-08,0.00235431,0.0023767212,0.0023352066,0.0023138234,0.0022832165,0.002357618,0.0023796568,0.0023514042,0.0023223022,0.0023844847,0.002382503,0.0022833804,0.0023779282,0.0022832016,0.002389417,0.002382324,0.0022847066,0.0023665885,0.002289177,0.002367095
2010-12-09,0.0021915594,0.002219499,0.0021669576,0.0021486143,0.0021174708,0.00219673,0.0022195587,0.0021894583,0.0021526972,0.0022237161,0.0022177706,0.0021170685,0.0022229562,0.0021174261,0.0022196928,0.0022177855,0.002118812,0.0022117356,0.0021218369,0.0022035697
2010-12-10,0.0010234723,0.001054571,0.0009953538,0.0009780833,0.00094705913,0.0010272572,0.0010451535,0.0010080645,0.0009896168,0.0010510692,0.0010486254,0.0009467462,0.0010560909,0.0009470144,0.001051859,0.0010499517,0.0009492645,0.0010415772,0.0009545842,0.0010299692
2010-12-13,0.0028757164,0.0029007057,0.0028571198,0.002836422,0.0028050104,0.002884985,0.0029085139,0.002860845,0.00284654,0.0029077092,0.0028973827,0.0028051445,0.0029160986,0.0028050104,0.0029102275,0.0029050717,0.0028099427,0.0029039094,0.0028149793,0.002889202
2010-12-14,0.0010255584,0.0010434249,0.0009957263,0.0009851018,0.0009469846,0.0010295967,0.0010429481,0.0010101506,0.0009895125,0.0010507712,0.0010449449,0.00094716344,0.0010575214,0.0009469697,0.0010532299,0.0010457048,0.0009543458,0.001041905,0.00096552167,0.001024113
2010-12-15,0.0010300884,0.0010320852,0.0009883055,0.0009820322,0.00094702933,0.0010336945,0.0010418305,0.001015679,0.0009870837,0.0010473141,0.0010423968,0.00094722304,0.0010515908,0.00094704423,0.0010543922,0.0010467181,0.00095750485,0.0010512332,0.0009520212,0.0010293284
2010-12-16,0.0032173106,0.0032170126,0.0031782994,0.00317143,0.0031353543,0.0032049427,0.0032355795,0.0032139132,0.003175349,0.0032375613,0.0032357583,0.0031355033,0.0032349536,0.0031353543,0.0032398263,0.0032343278,0.003142939,0.0032298723,0.0031413445,0.003215448
2010-12-17,0.0020763883,0.0020648697,0.0020234147,0.002020509,0.001999692,0.0020743469,0.002079756,0.0020737657,0.0020295242,0.002080501,0.002083973,0.0019833753,0.0020801881,0.0019833753,0.0020822445,0.0020829597,0.0019932697,0.0020771334,0.0019929418,0.0020701895
2010-12-20,0.0026747296,0.0026683668,0.0026527504,0.0026278356,0.0026616463,0.002671362,0.0026916126,0.0026734034,0.002643616,0.0026933262,0.0026925365,0.0025928775,0.0026886621,0.0025928328,0.002689452,0.0026917765,0.0026085237,0.0026878575,0.0026122937,0.0026806006
2010-12-21,0.0010199705,0.0010306248,0.001006485,0.0009799311,0.0009934315,0.0010202685,0.0010440806,0.0010191808,0.0009906748,0.001042352,0.0010489235,0.0009470144,0.0010395506,0.00094704423,0.0010498026,0.0010464797,0.00095987413,0.0010462413,0.00097039435,0.0010258863
2010-12-22,0.001021252,0.0010317275,0.0009995112,0.000980244,0.0009812722,0.0010160813,0.0010470459,0.0010257522,0.0009843269,0.0010434249,0.0010431567,0.00094705913,0.0010448853,0.0009470144,0.0010526339,0.0010489831,0.00095622335,0.0010457793,0.00097046886,0.0010057548
2010-12-23,0.0010159174,0.0010111192,0.0009893337,0.0009792605,0.000987784,0.0009982148,0.0010451237,0.0010103146,0.0009885589,0.0010450343,0.001044617,0.0009469846,0.0010416815,0.0009469548,0.0010441551,0.0010477314,0.0009571025,0.0010514418,0.00097012613,0.0010165134
2010-12-27,0.0023260573,0.0023221234,0.0023055384,0.002274827,0.0022702077,0.0023165205,0.0023363242,0.0023073861,0.0022829035,0.0023331502,0.0023355344,0.002239094,0.0023366967,0.0022393623,0.0023366818,0.002338455,0.0022502104,0.0023408541,0.0022671828,0.002315716
2010-12-28,0.0010214904,0.0009980211,0.0010115216,0.0009824345,0.001011909,0.0010019848,0.0010456899,0.0009960243,0.0009958157,0.0010451684,0.001038895,0.0009469399,0.0010452578,0.00094702933,0.0010444829,0.0010445425,0.00095495675,0.0010533193,0.0009778449,0.0010245303
2010-12-29,0.0031299898,0.0031261155,0.0031228522,0.0030864486,0.0030867169,0.0031377682,0.0031445036,0.0031114677,0.0030963132,0.0031503448,0.003146992,0.0030523548,0.0031449953,0.003052474,0.0031366358,0.0031503001,0.0030604163,0.0031406889,0.0030823061,0.0031340132
2010-12-30,-0.0006074449,-0.00060686376,-0.00061583426,-0.0006396612,-0.0006023189,-0.0005999794,-0.00058343913,-0.00061048474,-0.0006355932,-0.00057959463,-0.0005807867,-0.00067709293,-0.0005788496,-0.00067712273,-0.00058501866,-0.0005782088,-0.0006664833,-0.0005907407,-0.0006468436,-0.00060142484
2010-12-31,0.001020656,0.0010403702,0.0010122517,0.0009862492,0.0010106126,0.0010276148,0.0010435143,0.0010026852,0.0009985426,0.0010440955,0.0010416368,0.00094704423,0.0010453025,0.0009470144,0.0010460326,0.0010512182,0.0009545246,0.0010509202,0.00097577367,0.001020343
2011-01-03,0.0025783787,0.0026007304,0.002569587,0.0025405744,0.0025641033,0.00257969,0.0025962153,0.0025567422,0.0025433013,0.0026005069,0.0025966773,0.0024995813,0.0025999704,0.0024996856,0.0026005218,0.002602593,0.0025067339,0.0026016245,0.0025288025,0.0025697658
2011-01-04,0.0010124305,0.0010379562,0.0010059634,0.0009806613,0.000985832,0.001011149,0.0010470608,0.0010153214,0.0009879926,0.0010472992,0.0010473737,0.00094708893,0.0010458389,0.0009469846,0.0010517398,0.001051263,0.0009553591,0.0010488043,0.0009777406,0.0010235021
2011-01-05,0.0013166228,0.0013183067,0.0012957761,0.0012764344,0.0012843618,0.0013328651,0.0013418952,0.0013145963,0.0012912014,0.001342685,0.0013425509,0.0012438903,0.0013419846,0.0012439946,0.001343743,0.0013461867,0.0012531886,0.0013521919,0.0012735436,0.0013218531
2011-01-06,0.0010221908,0.0010110745,0.0009938637,0.0009801397,0.0009892294,0.001028345,0.001043261,0.0010210732,0.0009967843,0.0010429034,0.0010461072,0.00094702933,0.0010430822,0.0009825388,0.0010370174,0.0010443041,0.00095380936,0.0010371963,0.0009781579,0.0010292688
2011-01-07,0.002523602,0.0025107423,0.0025046477,0.0024799416,0.0024867812,0.0024983743,0.0025496641,0.002521054,0.00249149,0.0025460878,0.0025473246,0.002449439,0.0025437037,0.0024968097,0.0025441358,0.002547563,0.0024560252,0.0025352845,0.0024790326,0.0025337497
2011-01-10,0.0019810954,0.0019950578,0.0019506076,0.0019255886,0.0019307295,0.0019873837,0.0020011375,0.001973332,0.0019499967,0.0019969502,0.0019955346,0.0019024471,0.0020004371,0.0019530812,0.0019997815,0.0019989172,0.0019095549,0.0019790838,0.0019325921,0.0019839862
2011-01-11,0.0010320405,0.0010472396,0.000998185,0.0009682337,0.0010192404,0.0010349462,0.001048238,0.00100799,0.0009947876,0.0010417858,0.0010390887,0.00094707403,0.0010507414,0.0009982297,0.0010411153,0.0010418454,0.0009542564,0.0010175416,0.0009759674,0.0010271827
2011-01-12,0.002720506,0.0027079144,0.0027103284,0.0026656548,0.0027011791,0.002723218,0.0027441243,0.0027051428,0.0026910314,0.0027417252,0.0027337084,0.0026465217,0.0027466575,0.0027320692,0.0027308026,0.002739952,0.0026533464,0.0027223984,0.0026701996,0.0027265856
2011-01-13,-0.0066170683,-0.0066348156,-0.006640299,-0.006674855,-0.0066236993,-0.0066102287,-0.0065995594,-0.0066325506,-0.0066511175,-0.0066029867,-0.0066064587,-0.006695091,-0.006596773,-0.006627946,-0.0066108843,-0.0066049686,-0.006685241,-0.006637945,-0.00666809,-0.006617113
2011-01-14,0.002357022,0.002378882,0.00237994,0.0023345063,0.0023507336,0.0023531476,0.002404959,0.0023750076,0.0023455778,0.0024011591,0.002405257,0.0023068497,0.0024033347,0.0023742775,0.0023958543,0.0023980597,0.0023138085,0.002356113,0.002338619,0.0023838142
2011-01-18,0.0023425678,0.0023494074,0.0023400644,0.002310873,0.0023158202,0.0023230324,0.0023781369,0.0023571113,0.002317042,0.0023746649,0.0023788074,0.0022809366,0.002377958,0.0023509273,0.0023757527,0.0023764828,0.0022884915,0.0023552338,0.0022968957,0.0023482004
2011-01-19,0.0010144571,0.0010275403,0.0010065297,0.0009787837,0.0010158578,0.0009985426,0.0010456601,0.0010197619,0.0009834925,0.0010401467,0.0010477463,0.0009469697,0.0010457644,0.0010138908,0.0010371367,0.0010423819,0.0009532282,0.0010142336,0.00097529683,0.001008139
2011-01-20,0.002914981,0.0029286752,0.002909542,0.0028769234,0.0029158602,0.0029021362,0.0029427418,0.0029118964,0.002884687,0.0029378245,0.002941222,0.0028458992,0.0029439786,0.0029218653,0.0029359171,0.0029406855,0.0028546313,0.0029284814,0.0028737048,0.0029191086
2011-01-21,0.0010294179,0.0010458091,0.0010083923,0.0009800503,0.001027287,0.0010206262,0.0010450492,0.0010124603,0.000983716,0.0010431269,0.0010478357,0.00094705913,0.0010420093,0.0010227123,0.0010388354,0.001044468,0.00095476303,0.0010284344,0.00097783,0.0010188827
2011-01-24,0.0010202387,0.0010472992,0.001012505,0.000978739,0.0010378966,0.0010278681,0.0010424117,0.0010089735,0.0009928802,0.0010439465,0.0010470608,0.00094708893,0.0010448853,0.0010191211,0.0010386864,0.0010388652,0.00096128974,0.0010239938,0.0009719888,0.0010203728
2011-01-25,0.0010163495,0.0010485807,0.0010012696,0.000981153,0.0010277191,0.0010017166,0.0010420987,0.0010102848,0.000994564,0.0010445127,0.0010426352,0.00094705913,0.001043261,0.0010158876,0.0010489831,0.001041458,0.0009606937,0.0010253796,0.0009673694,0.001021699
2011-01-26,0.001792402,0.0018095085,0.0017744759,0.0017505893,0.0017923126,0.001795427,0.0018167505,0.0017847577,0.0017579207,0.0018120268,0.001818032,0.0017161975,0.0018127719,0.0017684111,0.0018150518,0.0018096128,0.0017274776,0.0017869482,0.0017368058,0.0017921189
2011-01-27,0.0010200003,0.0010365257,0.0010086158,0.00097563956,0.001033158,0.0010211626,0.0010497132,0.00101024,0.0009911517,0.0010429332,0.001051248,0.0009469846,0.0010503242,0.0010064105,0.0010466883,0.0010447213,0.0009556869,0.001023964,0.0009673098,0.0010074535
2011-01-28,0.0010204175,0.001040847,0.0010149339,0.0009804526,0.001030297,0.0010315487,0.001043872,0.001003013,0.0009877691,0.0010422477,0.0010461072,0.0009469846,0.0010529021,0.0010084668,0.001047791,0.0010466734,0.00095617864,0.0010196427,0.00097555015,0.0010242173
2011-01-31,0.0014187256,0.0014315853,0.001410828,0.0013638744,0.0014186064,0.0014098445,0.0014260272,0.0013961056,0.0013729045,0.0014286498,0.0014375905,0.0013327757,0.0014382014,0.0014060298,0.001431019,0.0014327476,0.0013399282,0.001410679,0.0013534138,0.0014022598
2011-02-01,0.001010851,0.0010534534,0.0010193596,0.0009775171,0.0010409364,0.0010184059,0.0010426799,0.0010127882,0.0009837458,0.0010470459,0.0010492513,0.00094708893,0.0010559121,0.001025633,0.0010450194,0.0010454515,0.0009517083,0.0010161409,0.000965626,0.0010143975
2011-02-02,0.0010304311,0.0010466734,0.0010113427,0.00097534154,0.001002864,0.0010131756,0.0010411451,0.001003609,0.000989438,0.0010458091,0.0010437528,0.00094707403,0.0010480592,0.0010209242,0.0010480294,0.0010463903,0.0009476552,0.001016126,0.0009642551,0.0009993175
2011-02-03,0.0010265866,0.0010448704,0.0010024318,0.0009793052,0.0010173926,0.0010222653,0.0010409215,0.0010047266,0.0009877244,0.0010404,0.0010437826,0.0009470144,0.0010456899,0.0010122815,0.0010395506,0.0010452876,0.00094743166,0.0010243664,0.0009642402,0.0009995112
2011-02-04,0.0010076175,0.001037986,0.0009998688,0.0009776065,0.0010336498,0.0010250965,0.0010389397,0.0010028193,0.0009993175,0.0010405639,0.0010462115,0.00094708893,0.001050503,0.001004965,0.0010381201,0.0010415474,0.00094728265,0.0010254988,0.0009737322,0.0010076622
2011-02-07,0.0010241577,0.0010427246,0.0010032514,0.0009773532,0.0010343203,0.0010273913,0.0010404745,0.001000599,0.0009896467,0.0010401169,0.0010457942,0.00094708893,0.0010475973,0.0010242024,0.0010471204,0.0010424713,0.00094717834,0.0010280022,0.0009801099,0.0010068575
2011-02-08,0.0009991834,0.0010428736,0.0009973953,0.0009786645,0.0010148743,0.0010298798,0.0010367194,0.0009998241,0.0009903023,0.001040698,0.0010407129,0.00094705913,0.0010499218,0.0010087648,0.0010392228,0.0010398636,0.00094713364,0.0010139951,0.0009783069,0.0010199258
2011-02-09,0.0018231282,0.0018643895,0.0018220404,0.0017986307,0.0018606344,0.0018511722,0.0018282691,0.0018165717,0.0018090019,0.001860545,0.0018603811,0.0017661313,0.0018612007,0.0018429318,0.001859636,0.0018573562,0.0017662207,0.0018472532,0.0017948756,0.0018434534
2011-02-10,0.0010083923,0.0010530362,0.001006485,0.0009799162,0.0010346631,0.0010223696,0.0010161409,0.0009950856,0.0009931037,0.0010398338,0.0010446766,0.0009469995,0.0010474334,0.0010238746,0.0010353932,0.0010417411,0.00094711874,0.0010220567,0.0009808252,0.001020656
2011-02-11,-0.001098468,-0.0010574898,-0.0011118194,-0.0011335453,-0.0010756692,-0.0010803035,-0.0010913303,-0.001105993,-0.0011268994,-0.0010638377,-0.0010667583,-0.0011652848,-0.001063495,-0.0011039367,-0.0010838499,-0.0010705432,-0.0011651954,-0.0010904362,-0.0011359891,-0.0010945341
2011-02-14,0.0022643218,0.0023073414,0.002251775,0.0022367695,0.0022803256,0.0022979388,0.0022720555,0.0022626678,0.002245129,0.0023008296,0.0022957781,0.0022037486,0.0022987584,0.0022543827,0.0022905031,0.0022962997,0.0022037635,0.0022347579,0.0022304812,0.002278925
2011-02-15,0.0010171542,0.001054422,0.0009851465,0.0009806463,0.0010410706,0.0010163644,0.0010254541,0.0010295371,0.0009827623,0.0010455707,0.0010445425,0.0009469995,0.0010481486,0.0010303268,0.0010417113,0.001041756,0.00094707403,0.0009890953,0.0009797076,0.001023219
2011-02-16,0.0010325173,0.0010422477,0.0010011503,0.0009804973,0.0010374496,0.0010283599,0.001016573,0.001020045,0.0009880373,0.0010425905,0.0010397444,0.0009469548,0.0010371963,0.0010187486,0.0010482678,0.0010376433,0.0009732405,0.0009895274,0.0009769211,0.0010305354
2011-02-17,0.0010172734,0.001044021,0.0010057101,0.0009798566,0.0010309378,0.001026825,0.001018689,0.0010012398,0.0010039071,0.0010439167,0.0010418901,0.00094704423,0.0010450343,0.0010173032,0.0010490278,0.0010416368,0.0009502331,0.0010369876,0.0009767273,0.0010219971
2011-02-18,0.0010172287,0.0010354081,0.0010005245,0.0009781579,0.0010247836,0.0010271082,0.0010133693,0.0010032067,0.0009897659,0.0010382244,0.0010335455,0.00094705913,0.00103663,0.0010112086,0.0010401616,0.0010388056,0.0009749243,0.0009952048,0.0009763846,0.0010244111
2011-02-22,0.0009482512,0.00096422527,0.0009288946,0.00090232585,0.00095097814,0.00096115563,0.0009388784,0.0009321729,0.00090870354,0.0009660879,0.0009688297,0.00087297056,0.0009647468,0.0009340057,0.0009687999,0.0009683529,0.0009019831,0.00091926847,0.00090092514,0.0009557316
2011-02-23,0.0010246495,0.0010436187,0.0010034898,0.0009751329,0.0010291645,0.0010095099,0.0010071704,0.0010006139,0.0009913007,0.0010431865,0.0010424415,0.0009469846,0.0010449598,0.000997291,0.0010417262,0.0010418603,0.0009889165,0.00096777175,0.0009786347,0.0010172287
2011-02-24,0.002449737,0.0024844864,0.0024459967,0.002420039,0.0024696598,0.0024596164,0.0024502585,0.0024409601,0.0024365047,0.0024810294,0.0024825344,0.0023909966,0.0024802545,0.0024434337,0.0024825195,0.0024823556,0.0024165371,0.0024225572,0.0024263123,0.0024662176
2011-02-25,0.002437518,0.0024718056,0.0024309913,0.0024053315,0.0024534324,0.0024507353,0.002435417,0.0024220804,0.0024177292,0.0024710158,0.0024714777,0.002374337,0.0024773488,0.002418653,0.002458767,0.0024694065,0.0024141679,0.002392442,0.0024058828,0.0024541477
2011-02-28,0.0010073194,0.0010412941,0.0010136077,0.0009767422,0.0010282109,0.0010170648,0.0010094652,0.0009830454,0.0009815106,0.0010408172,0.0010401765,0.00094704423,0.001046584,0.0010050843,0.0010201642,0.0010356763,0.0009846995,0.0009739259,0.00095857773,0.0010288814
2011-03-01,-0.0005135825,-0.0004789522,-0.0005173227,-0.00054791477,-0.0004945537,-0.00049762335,-0.0005083522,-0.000523611,-0.0005313447,-0.0004777303,-0.00047685113,-0.00057706144,-0.0004715165,-0.0005048057,-0.0004955223,-0.0004788926,-0.0005633971,-0.00057059433,-0.0005685976,-0.00049436
2011-03-02,0.0010152021,0.0010369131,0.000998632,0.0009773085,0.0010280767,0.0010235021,0.0010235915,0.0009878436,0.0009953985,0.0010410855,0.001042203,0.00094705913,0.0010479102,0.001025484,0.0010419795,0.0010436187,0.000982509,0.0009649405,0.00095762406,0.001024426
2011-03-03,0.0017665485,0.0017698118,0.00174144,0.0017069438,0.0017600367,0.0017341534,0.0017493227,0.0017293403,0.0017165253,0.0017607668,0.0017647455,0.0016752044,0.0017720321,0.0017444054,0.001771153,0.0017611245,0.0017100582,0.001689882,0.0016815225,0.0017291615
2011-03-04,0.0019996623,0.0020169178,0.0019717226,0.0019524256,0.002005876,0.0019962052,0.0019962648,0.0019735405,0.0019695917,0.002012954,0.002014191,0.0019225935,0.002023817,0.0019838521,0.002016739,0.002015368,0.001961575,0.001955838,0.0019224146,0.0019771764
2011-03-07,0.0018029967,0.0018704841,0.001831458,0.0018086592,0.0018538097,0.0018504718,0.001844571,0.001820297,0.0018250952,0.0018678913,0.0018676231,0.0017772475,0.0018761316,0.0018413225,0.0018660733,0.001865075,0.0017982135,0.0018384615,0.0017771581,0.001848937
2011-03-08,0.0010285238,0.0010430077,0.0010019699,0.0009771595,0.0010398487,0.0010330239,0.0010163346,0.0009851167,0.0009873519,0.0010414729,0.0010441253,0.0009470144,0.0010537216,0.0010094056,0.0010269741,0.0010374496,0.00096383784,0.0009969333,0.0009469995,0.0010260055
2011-03-09,0.0013176957,0.001331077,0.0012965957,0.0012636492,0.0013227025,0.0013060132,0.0013106773,0.001274989,0.0012736777,0.0013370076,0.0013333568,0.0012332806,0.0013348171,0.0013282457,0.0013251165,0.0013324777,0.0012487331,0.0012513557,0.0012332508,0.0013125697
2011-03-10,0.0010035792,0.0010400722,0.0010042349,0.0009783218,0.0010389993,0.0010238448,0.0010215649,0.0009890357,0.0009889612,0.0010471651,0.0010491172,0.00094707403,0.0010500262,0.0010428736,0.0010350952,0.0010465542,0.0009591887,0.00096249674,0.00094704423,0.0010382244
2011-03-11,0.0010671327,0.0010448406,0.0010201791,0.0009791413,0.0010418305,0.0010300437,0.0010249475,0.0009858618,0.0009892443,0.0010480741,0.0010476271,0.0009469846,0.0010499367,0.0010466287,0.0010333369,0.0010464946,0.00096015725,0.00096270535,0.00094704423,0.0010351697
2011-03-14,0.0010257671,0.001038433,0.0010191957,0.0009813616,0.0010318914,0.0010425905,0.0010351995,0.000984774,0.0009871433,0.0010423968,0.0010421583,0.0010023126,0.0010492811,0.0010070661,0.0010366896,0.0010372559,0.000950546,0.0009904215,0.00094704423,0.0010462711
2011-03-15,0.0010302821,0.0010371665,0.0010225186,0.0009795437,0.0010389397,0.0010219822,0.0010262737,0.0009877393,0.0009868452,0.0010407278,0.0010468075,0.0009801248,0.001050801,0.0009998986,0.0010404298,0.0010437081,0.0009503821,0.0009976188,0.00094705913,0.0010522315
2011-03-16,0.001013712,0.0010422477,0.0010335753,0.0009795735,0.0010430971,0.0010461072,0.0010329792,0.0009856382,0.0009860257,0.0010439018,0.0010442147,0.000978441,0.0010501454,0.0010040263,0.0010477761,0.001040847,0.00095011387,0.0009993026,0.00094705913,0.0010515759
2011-03-17,0.0014169523,0.0014894763,0.0014702985,0.0014218399,0.0014728913,0.0014377395,0.0014747689,0.0014262805,0.0014344612,0.0014872858,0.001486213,0.0014192173,0.0014933208,0.0014494071,0.0014921287,0.0014872709,0.0013961652,0.0014078924,0.0013920525,0.0014514485
2011-03-18,0.0020267228,0.0020835707,0.0020677159,0.0020152042,0.0020765522,0.0020340988,0.00206408,0.0020124028,0.0020212987,0.0020822594,0.0020827064,0.0020160833,0.0020823488,0.0020358572,0.0020800987,0.002082632,0.0019834498,0.002007858,0.0019832114,0.0020263055
2011-03-21,0.0009944746,0.0010544071,0.001028032,0.0009761313,0.0010314146,0.0010159621,0.0010363767,0.000979499,0.0009861896,0.0010525743,0.0010469565,0.0009830603,0.0010514716,0.0010014782,0.0010481635,0.0010462711,0.00094726775,0.00096528325,0.000965775,0.0009862045
2011-03-22,0.0010055462,0.0010498771,0.0010360042,0.0009765336,0.0010389993,0.0010185251,0.0010152468,0.0009789327,0.0009823749,0.0010461966,0.0010485956,0.0009850869,0.001050205,0.0010142485,0.0010392526,0.0010443935,0.00094716344,0.0009635547,0.00096906815,0.0009839097
2011-03-23,0.0017602453,0.0017797807,0.0017603943,0.0017079422,0.0017719725,0.0017759809,0.0017576227,0.0017173449,0.0017179111,0.0017770687,0.0017775903,0.0017127553,0.0017838636,0.0017327229,0.001773105,0.0017739544,0.0016756365,0.0016809115,0.0016775737,0.0017203102
2011-03-24,-0.0016949167,-0.0016512265,-0.0016764095,-0.0017245552,-0.0016826382,-0.0016817441,-0.0016751578,-0.0017205914,-0.0017066887,-0.0016544005,-0.0016553393,-0.0017152866,-0.001660808,-0.0017011901,-0.0016533276,-0.0016585132,-0.0017562201,-0.0017555049,-0.0017414829,-0.00170648
2011-03-25,0.0010096887,0.0010456452,0.0010187486,0.0009633312,0.0010218034,0.0010226825,0.0010352144,0.0009804228,0.0009871582,0.0010448107,0.0010448406,0.0009822408,0.0010417262,0.0010021785,0.0010515312,0.0010458687,0.00094710384,0.0009476403,0.00095506106,0.0009852657
2011-03-28,0.00094740186,0.000947685,0.00090375636,0.00086660776,0.00093448255,0.00095224474,0.0009390125,0.0008916268,0.00088830385,0.0009527812,0.00095115695,0.0008887658,0.0009378502,0.00092554186,0.0009517977,0.00094343815,0.000851945,0.00085227285,0.00085988734,0.0008918205
2011-03-29,0.0009539882,0.0010427991,0.0010130415,0.00096392725,0.0010396848,0.0010463307,0.0010294775,0.0009865323,0.0009861151,0.0010434398,0.001042352,0.00096756313,0.0010418156,0.0009863088,0.0010427544,0.0010426799,0.00094710384,0.00094726775,0.00094752107,0.0009869644
2011-03-30,0.001014919,0.0010434696,0.0010178098,0.0009673694,0.0010373453,0.0010373751,0.0010198364,0.0009844461,0.0009945938,0.0010468522,0.0010489533,0.0009811083,0.0010407129,0.000999094,0.0010376284,0.0010418156,0.00094710384,0.00094720814,0.0009555528,0.000990347
2011-03-31,0.0010031024,0.0010448257,0.0010232637,0.0009662071,0.0010292241,0.0010390291,0.0010292986,0.0009862641,0.0009972462,0.0010453621,0.0010486105,0.0009772936,0.0010375688,0.0009906748,0.0010424862,0.0010404,0.00094704423,0.00096267555,0.0009469399,0.0009856233
2011-04-01,0.002674044,0.0027258703,0.0027223835,0.0026478479,0.0026891688,0.0026960978,0.0027090618,0.0026690075,0.0026943842,0.002724261,0.0027270773,0.002660499,0.0027164975,0.002667741,0.002723501,0.0027240673,0.0026253918,0.0026488015,0.002625347,0.002668933
2011-04-04,-0.0014284691,-0.0014046272,-0.0014287671,-0.0014839461,-0.0014277538,-0.0014344594,-0.0013963273,-0.0014642021,-0.0014558872,-0.0013955375,-0.0013986519,-0.0014641723,-0.0014048656,-0.0014661541,-0.0013964167,-0.0014006486,-0.0014994135,-0.0014974913,-0.0014994433,-0.0014537862
2011-04-05,0.0010312805,0.0010429779,0.0010248283,0.00096649025,0.0010418305,0.0010283599,0.0010513971,0.0009803781,0.000987024,0.0010483274,0.0010483721,0.0009808699,0.0010470906,0.0009844163,0.0010465393,0.0010453323,0.00094705913,0.0009480724,0.00096629653,0.0009840587
2011-04-06,0.0020645717,0.002088801,0.002090306,0.002015845,0.0020974288,0.0020611295,0.0020906786,0.0020261565,0.0020299861,0.0020908127,0.0020952234,0.0020246813,0.002092258,0.002024875,0.0020750621,0.002084718,0.0019900957,0.0019980827,0.0020118514,0.002031357
2011-04-07,0.0014861831,0.0015081177,0.0015339116,0.0014538923,0.0015312443,0.0014951238,0.0015160004,0.0014567534,0.0014603147,0.0015244493,0.00152284,0.0014598826,0.0015280405,0.0014596442,0.0015101144,0.0015185485,0.0014232406,0.0014326582,0.0014449367,0.001486347
2011-04-08,0.0014957646,0.001517103,0.0015417049,0.0014397809,0.0015239129,0.001491786,0.0015012184,0.0014498094,0.001453341,0.0015223781,0.0015219757,0.0014322707,0.0015125582,0.0014538029,0.0015093694,0.0015142569,0.001419575,0.0014377097,0.0014403919,0.0014690021
2011-04-11,0.001905174,0.0019236067,0.0019351104,0.0018530944,0.0019266615,0.0018937448,0.0018983642,0.0018488476,0.0018286565,0.001921461,0.0019199112,0.0018280456,0.0019170055,0.0019046972,0.0019189576,0.0019139657,0.00181833,0.0018458674,0.0018486688,0.0018547783
2011-04-12,0.00095108245,0.0010436485,0.0010546753,0.00096757803,0.0010566125,0.001043559,0.0010285536,0.0009857276,0.00095772836,0.0010480592,0.0010491768,0.00095740054,0.001052604,0.0010060528,0.0010509947,0.0010415474,0.00094708893,0.000998945,0.0009790519,0.0009883204
2011-04-13,0.00095263217,0.0010477016,0.0010517398,0.0009685913,0.0010565976,0.0010554204,0.0010290304,0.0009893635,0.00096005294,0.0010440061,0.0010506818,0.00095649157,0.0010493854,0.0009949515,0.0010481039,0.0010443935,0.00094708893,0.0010066489,0.0009769211,0.0009914199
2011-04-14,0.002031059,0.0021208832,0.0021249363,0.0020419369,0.0020559588,0.0021312246,0.002107651,0.0020800242,0.002032862,0.00211987,0.0021231333,0.0020252625,0.0021291235,0.0020565698,0.0021244595,0.0021191696,0.002024115,0.0020705918,0.0020350227,0.0020669857
2011-04-15,0.0009442428,0.001042203,0.0010490278,0.0009708116,0.0009645531,0.001035721,0.0010247389,0.0009851167,0.0009469697,0.0010443488,0.0010458538,0.0009481618,0.0010502199,0.0009788582,0.0010337094,0.0010411749,0.00094710384,0.0010045925,0.0009568492,0.0009910325
2011-04-18,0.0025900314,0.0026927004,0.0026655206,0.0026126662,0.0026049772,0.0026525566,0.0026925215,0.0026319185,0.0025934735,0.002689899,0.0026873061,0.0025945464,0.0026860544,0.0026261518,0.0026916126,0.0026885131,0.0025935033,0.0026372084,0.0026031593,0.0026549855
2011-04-19,0.00094491336,0.001044915,0.0010186443,0.00096397195,0.000957937,0.0010381797,0.001050205,0.001003609,0.00094741676,0.0010465989,0.0010463307,0.0009707818,0.0010412196,0.0009891251,0.0010400275,0.0010431716,0.00094708893,0.000969396,0.0009559402,0.0009885738
2011-04-20,0.0009443918,0.0010565976,0.0010192255,0.0009617219,0.0009489367,0.0010460773,0.001042963,0.0010092566,0.00097037945,0.0010463903,0.0010465244,0.0009745369,0.0010495195,0.00097166095,0.001041607,0.0010449449,0.00094708893,0.0009631524,0.00094981585,0.0009877095
2011-04-21,0.0025892565,0.0026974836,0.002663196,0.00262113,0.002591283,0.0026962468,0.0026882747,0.0026516179,0.0026161382,0.0026916126,0.002693952,0.002618582,0.0026913742,0.0026780376,0.0026735375,0.002686427,0.002590225,0.0026042024,0.0025916407,0.0026352117
2011-04-25,0.00094623957,0.001051248,0.0010250965,0.0009778896,0.0009477446,0.0010507116,0.0010396848,0.0010117451,0.0009501735,0.0010465393,0.0010487894,0.00097575877,0.001048238,0.0010438273,0.0010077218,0.0010408768,0.00094708893,0.0009570429,0.00094862375,0.0009919861
2011-04-26,0.003282846,0.003387765,0.003367857,0.0033107558,0.003284187,0.0033736238,0.0033635357,0.003347055,0.0032861093,0.0033824602,0.0033783624,0.003319309,0.0033849785,0.0033894042,0.003349916,0.0033753524,0.0032837996,0.0032856474,0.0032856474,0.0033323923
2011-04-27,0.0006658891,0.0006786296,0.000669674,0.00059557054,0.00057792757,0.000656263,0.0006646523,0.0006351182,0.00060966704,0.0006787041,0.00067630503,0.00061366055,0.00068277214,0.0006553838,0.00063862,0.00067119393,0.00057767425,0.0006055692,0.0005793283,0.00061878655
2011-04-28,0.0020551244,0.0020582387,0.0020488808,0.0019787112,0.001954914,0.0020392993,0.0020463625,0.0020180503,0.0019891718,0.0020571807,0.002055646,0.0019903341,0.0020601014,0.0020344714,0.0020213583,0.0020508328,0.0019548098,0.001984016,0.0019563744,0.0019942531
2011-04-29,0.002344341,0.0024243155,0.002429516,0.0023507187,0.0023286203,0.0024335096,0.002430574,0.0024175206,0.002355204,0.0024290094,0.0024314234,0.0023675123,0.0024320045,0.0023916522,0.0024127373,0.002421231,0.0023324648,0.0023332098,0.0023299316,0.002373905
2011-05-02,0.002314628,0.0024060616,0.0024093697,0.002327458,0.0023101429,0.0024184147,0.0024184445,0.0023935,0.0023371438,0.0024101296,0.0024156133,0.0023480812,0.0024151364,0.0023530433,0.0024038563,0.0024036923,0.0023138681,0.0023135552,0.0023116926,0.0023558894
2011-05-03,0.0009520659,0.001051859,0.0010443637,0.00097058807,0.00094708893,0.0010399083,0.0010391185,0.0010073939,0.0009767422,0.0010480741,0.0010509053,0.00096500013,0.0010452578,0.001028643,0.0010418007,0.0010426054,0.0009527961,0.0009604255,0.00094854925,0.0009890804
2011-05-04,0.00094981585,0.0010537067,0.0010406235,0.00097017083,0.00094708893,0.0010438422,0.0010450045,0.0010101506,0.0009594122,0.0010478208,0.0010533491,0.0009822408,0.001045079,0.0010290602,0.0010377327,0.001042665,0.0009488473,0.0009596953,0.00094871316,0.0009859065
2011-05-05,0.0009468654,0.0010524401,0.001046122,0.0009723464,0.00094713364,0.0010228911,0.0010320107,0.0010044435,0.000977994,0.0010490278,0.001050652,0.0009820024,0.0010458985,0.0010361085,0.0010384927,0.0010429481,0.00096127484,0.00094963703,0.0009488771,0.0009942511
2011-05-06,0.00094708893,0.001043723,0.0010442594,0.0009647915,0.00094713364,0.0010356912,0.001046733,0.0010067532,0.0009830454,0.0010533938,0.0010496238,0.0009850422,0.0010362426,0.0010173628,0.0010371516,0.0010453174,0.0009567896,0.0009490261,0.000949041,0.0009907195
2011-05-09,0.0009466419,0.0010381201,0.001015381,0.0009711245,0.0010323385,0.0010362873,0.0010380754,0.0010043839,0.0009768615,0.001047344,0.0010486105,0.00097169075,0.0010455409,0.0010331133,0.001042352,0.0010417709,0.000962154,0.00094868336,0.00097408984,0.0009884397
2011-05-10,0.0009466121,0.0010347674,0.0010403553,0.0009735683,0.001047478,0.0010361383,0.0010267505,0.0010103891,0.00097169075,0.0010427991,0.0010441104,0.0009609321,0.001042054,0.001033471,0.0010116408,0.0010405043,0.0009579817,0.0009531537,0.0009768615,0.0009866068
2011-05-11,0.0009462843,0.0010377327,0.0010516057,0.0009775916,0.0009631971,0.0010457793,0.0010453919,0.001021699,0.0009795586,0.0010446915,0.0010480443,0.00097859,0.001044617,0.0010337839,0.0010354826,0.0010452876,0.0009608129,0.0009775916,0.0009514252,0.0009914348
2011-05-12,0.00094601605,0.0010442743,0.0010537067,0.0009739259,0.0010383585,0.0010267505,0.0010371218,0.0010054866,0.00097541604,0.0010416517,0.0010464052,0.000975118,0.0010471949,0.0010308335,0.0010276297,0.0010427693,0.0009623924,0.000962154,0.0009760568,0.0009971717
2011-05-13,0.000946776,0.0010442892,0.0010584453,0.0009764889,0.0010528872,0.001033307,0.0010417858,0.0009992132,0.00097426865,0.001042352,0.001043574,0.0009735087,0.0010456005,0.0010419199,0.0010426501,0.0010448257,0.0009595314,0.0009530196,0.0009878436,0.0009884546
2011-05-16,0.0009455988,0.0010444531,0.0010567615,0.0009682933,0.001054571,0.0010396848,0.0010363916,0.0010138014,0.0009802887,0.0010442892,0.0010474483,0.0009725103,0.0010428736,0.0010133395,0.0010343054,0.0010428438,0.0009544799,0.0009567449,0.0009873519,0.0009864727
2011-05-17,0.0027963081,0.0028915117,0.002895237,0.0028161118,0.0028971443,0.0028762529,0.0028790543,0.0028688172,0.0028246501,0.0028896043,0.0028920332,0.0028274516,0.0028897384,0.002856792,0.002866567,0.002887995,0.0028125206,0.0028230557,0.0028249333,0.0028552571
2011-05-18,0.000946776,0.0010369578,0.001051263,0.00096902344,0.0010522166,0.0010332922,0.001039804,0.0010232935,0.0009789029,0.0010439018,0.001040698,0.0009832093,0.0010439614,0.0010128627,0.0010382393,0.0010403106,0.0009579668,0.0009581158,0.0009873668,0.0009883055
2011-05-19,0.00094615016,0.0010324279,0.001052604,0.00096906815,0.00096799526,0.0010462264,0.0010491768,0.0010243217,0.0009804228,0.0010448853,0.001048849,0.0009828517,0.0010449598,0.0010053227,0.0010374645,0.0010439465,0.00095673,0.00095638726,0.0009841332,0.0009884546
2011-05-20,-0.00077371206,-0.00067858305,-0.0006676009,-0.00074802246,-0.00076453295,-0.0006867787,-0.0006699106,-0.00069792476,-0.0007404974,-0.00067753997,-0.00067236926,-0.00073870923,-0.0006756773,-0.0007013818,-0.0006929925,-0.00067500677,-0.0007630279,-0.0007369956,-0.00073657837,-0.00073356833
2011-05-23,0.00083424244,0.00082261954,0.0008425871,0.0007644007,0.0007385472,0.0008301893,0.00083696935,0.0008094171,0.0007659057,0.00082910154,0.00083448086,0.00076755974,0.0008295486,0.00078533683,0.0008170167,0.0008300999,0.00074604247,0.00075985584,0.0007707933,0.00077791605
2011-05-24,0.0010696957,0.0010416368,0.001053662,0.0009833733,0.00095228944,0.0010523507,0.001048387,0.0010159919,0.0009848485,0.0010381201,0.0010462562,0.000985981,0.0010400424,0.0010018954,0.0010128478,0.0010437975,0.0009579221,0.0009747157,0.0009858022,0.0009899447
2011-05-25,0.000932158,0.001042352,0.0010541091,0.0009750137,0.0009475658,0.0010478506,0.0010466734,0.0010195086,0.000984312,0.0010421136,0.0010471949,0.0009858022,0.0010430673,0.0010213265,0.001029388,0.0010453621,0.0009578923,0.0010110745,0.0009835819,0.0009890059
2011-05-26,0.00093042944,0.0010438571,0.0010546753,0.000973911,0.00094725285,0.0010582218,0.0010468522,0.0010251412,0.0009847293,0.0010479847,0.001050056,0.0009865472,0.0010460773,0.0010186592,0.0010309527,0.001048238,0.00095775817,0.000999392,0.0009820173,0.0009916881
2011-05-27,0.0010111192,0.001049296,0.0010535577,0.0009818533,0.00094707403,0.0010504732,0.0010482231,0.0010166774,0.0009798566,0.0010477314,0.0010459134,0.0009853104,0.0010403404,0.0010072002,0.0010247091,0.0010472545,0.00095509086,0.0010001222,0.0009819726,0.0009893188
2011-05-31,0.0010553906,0.0010508755,0.0010364363,0.0009857873,0.00094704423,0.001056225,0.0010482231,0.0010329494,0.0009870986,0.001047031,0.0010487596,0.0009884546,0.001046137,0.0010252455,0.0010460624,0.0010504881,0.00095351133,0.0009945789,0.0009828815,0.0010203132
2011-06-01,0.0010361234,0.0010557631,0.0010451535,0.0009774575,0.00094702933,0.0010556141,0.00105171,0.0010530809,0.0009830007,0.0010528276,0.0010520974,0.0009855935,0.0010469565,0.0010329047,0.0010216543,0.0010505179,0.00095389877,0.001007081,0.0009851167,0.0010263482
2011-06-02,0.0010025958,0.001050056,0.0010377476,0.0009903023,0.00094705913,0.0009936253,0.0010510394,0.0010618875,0.0009831795,0.0010484913,0.0010493109,0.0009842375,0.0010472545,0.001047478,0.0010394314,0.0010495642,0.00094731245,0.0010183463,0.0009836117,0.0010303864
2011-06-03,0.001962782,0.0020067403,0.0020005861,0.0019458244,0.0019057998,0.0019415179,0.0020073364,0.0020036409,0.0019362876,0.0020064423,0.0020065317,0.0019361237,0.0020019868,0.0019957135,0.002011762,0.0020075003,0.0019060085,0.0019766102,0.0019394765,0.0019750306
2011-06-06,0.0028402368,0.0028693238,0.002858133,0.0028113285,0.0027703354,0.0028052041,0.0028719613,0.0028532455,0.0028089294,0.0028696219,0.0028707841,0.002808229,0.0028679976,0.002856315,0.0028538266,0.0028682211,0.0027705142,0.0028217742,0.0028032223,0.002846391
2011-06-07,0.0010327855,0.001048998,0.0010277787,0.000983716,0.00094710384,0.0009806165,0.0010536471,0.0010185102,0.0009824941,0.0010435889,0.0010485062,0.0009836564,0.00103587,0.0010349462,0.0010269145,0.0010482976,0.00094710384,0.0009954134,0.0009796927,0.0010246346
2011-06-08,0.0010199556,0.0010485211,0.0010387758,0.0009789029,0.00094705913,0.0010059336,0.0010513226,0.0009811828,0.00097432826,0.001048089,0.0010496089,0.00097172055,0.0010458389,0.001023815,0.001019136,0.0010502199,0.00094711874,0.0009850422,0.0009789923,0.0010334114
2011-06-09,-0.0011956682,-0.0011873683,-0.0012155464,-0.0012445292,-0.0012847474,-0.0012456318,-0.0011855504,-0.0012307456,-0.0012550345,-0.001188322,-0.0011864891,-0.001272588,-0.0011856994,-0.0012026122,-0.0012263944,-0.0011859229,-0.0012846878,-0.0012269756,-0.0012529632,-0.0011995723
2011-06-10,0.0023073861,0.002333493,0.0023252675,0.0022715041,0.0022357414,0.0022721747,0.002336801,0.0022940347,0.002267451,0.0023332098,0.002332435,0.0022504488,0.0023342082,0.0022982368,0.0023137936,0.002335162,0.0022357265,0.0023006955,0.002267019,0.002324597
2011-06-13,0.0017169872,0.00173919,0.0017303983,0.0016785124,0.0016414532,0.0016814629,0.001734362,0.0016800025,0.0016744891,0.0017395923,0.0017379979,0.0016551325,0.00173843,0.0017121146,0.0017187903,0.0017416188,0.0016414383,0.0016934136,0.0016744444,0.0017215917
2011-06-14,0.001064525,0.0010448107,0.0010317126,0.0009845505,0.00094704423,0.0009963522,0.0010427246,0.0009818682,0.0009849528,0.0010452727,0.0010416815,0.00095869694,0.0010362426,0.0009945342,0.0010278532,0.001045079,0.00094708893,0.0009855488,0.0009800056,0.0010230253
2011-06-15,0.0010442296,0.0010473737,0.0010335455,0.000988693,0.00094702933,0.0009868005,0.001044766,0.0010101208,0.0009820918,0.0010471353,0.0010445425,0.0009532133,0.0010483274,0.000991256,0.001038299,0.0010512928,0.00094710384,0.0009929845,0.0009824792,0.001029239
2011-06-16,0.0010535875,0.0010408768,0.0010214606,0.000982658,0.0010338584,0.0009903619,0.0010414729,0.0010089884,0.000980557,0.0010453472,0.0010422627,0.00095997844,0.0010439614,0.0009970823,0.0010274211,0.0010458836,0.00094708893,0.0009894827,0.0009806762,0.0010431418
2011-06-17,-0.00077623036,-0.0007956764,-0.000823318,-0.00084926095,-0.00087734964,-0.0008446565,-0.0007866761,-0.00084178057,-0.0008535674,-0.0007905653,-0.00079545286,-0.00087739434,-0.00079144444,-0.0008290997,-0.0008098772,-0.00079014804,-0.0008897027,-0.0008434942,-0.0008565625,-0.00079391804
2011-06-20,0.0010381499,0.0010407427,0.001007692,0.0009888569,0.0009506801,0.0009849379,0.0010532895,0.0009965012,0.0009826729,0.0010472694,0.001049296,0.0009546736,0.0010523209,0.0010174522,0.0010267803,0.0010494301,0.00094710384,0.0010014931,0.0009808997,0.0010350356
2011-06-21,0.0010355869,0.0010415921,0.0010087201,0.000982509,0.00094850454,0.0009864727,0.0010536471,0.0009959796,0.0009791115,0.0010469714,0.0010513524,0.0009533623,0.0010534683,0.0010446021,0.001032562,0.0010485062,0.00094707403,0.0009662667,0.0009805867,0.0009721229
2011-06-22,-0.0047712317,-0.0047612777,-0.0048006764,-0.004821538,-0.004767879,-0.0048210016,-0.004764273,-0.004780396,-0.004827901,-0.00475794,-0.0047581485,-0.004850908,-0.0047548553,-0.004757195,-0.004760011,-0.004754483,-0.004858016,-0.004843249,-0.0048235944,-0.0048260232
2011-06-23,0.0010371814,0.0010421583,0.0010157535,0.0009816447,0.0010480145,0.0009863833,0.0010225782,0.0010336498,0.0009806613,0.0010462413,0.0010463903,0.0009529898,0.0010476718,0.0010440359,0.0010347823,0.0010489086,0.00094707403,0.0009619007,0.0009812573,0.0009818831
2011-06-24,-0.0004458716,-0.00045272615,-0.00048123207,-0.0005249521,-0.00045232382,-0.00051295664,-0.00046850648,-0.00048717763,-0.0005190661,-0.00045744982,-0.0004572859,-0.0005533686,-0.00045645144,-0.0004609516,-0.00046323147,-0.00045640673,-0.00052595045,-0.0005381992,-0.00052094366,-0.0005159518
2011-06-27,0.0024891654,0.002487109,0.0024587372,0.002424405,0.0024944553,0.0024306783,0.0024840543,0.002462373,0.0024240622,0.0024934718,0.0024894634,0.0023938427,0.0024923244,0.0024756351,0.0024899105,0.0024932036,0.0023948709,0.002389104,0.0024253735,0.0024162391
2011-06-28,0.0010625282,0.0010460326,0.0010137269,0.0009812424,0.0010561356,0.0009923885,0.0010454366,0.0010039369,0.0009869793,0.0010449598,0.0010451535,0.00095120165,0.0010463009,0.0010223398,0.0010214606,0.0010459581,0.00094994996,0.0009977082,0.0009807358,0.0010128478
2011-06-29,0.0010530511,0.00105472,0.0009997049,0.0009809742,0.0009681592,0.0009887377,0.001042054,0.0010063658,0.0009860257,0.0010440955,0.0010505328,0.0009514997,0.0010471651,0.0010273317,0.0010287771,0.0010482529,0.0009493241,0.0009935806,0.0009807209,0.0010233829
2011-06-30,0.0010330984,0.0010416517,0.0010068128,0.0009777108,0.0009557018,0.0009847144,0.0010541836,0.0010017315,0.0009816447,0.0010407874,0.0010465393,0.00094705913,0.0010463903,0.0010168562,0.0010278383,0.001048536,0.00095872674,0.0009985277,0.0009789923,0.0010156343
2011-07-01,0.002911226,0.002924026,0.002875463,0.0028512338,0.0028226385,0.0028576711,0.0029136399,0.0028719613,0.0028521726,0.0029128054,0.0029179761,0.0028402964,0.0029187957,0.0028837482,0.0028921673,0.0029181251,0.0028173486,0.00287065,0.0028520683,0.0028574774
2011-07-05,-0.009352847,-0.009350552,-0.009396254,-0.009426608,-0.00945647,-0.009421363,-0.009369238,-0.009395896,-0.009423315,-0.009358331,-0.0093607595,-0.009434416,-0.009355201,-0.009390651,-0.009376495,-0.009360983,-0.00945866,-0.009388207,-0.009426787,-0.009416818
2011-07-06,0.0010445574,0.0010510096,0.0010150233,0.0009828815,0.00094744656,0.0009866813,0.0010284642,0.0010044882,0.0009847591,0.0010502348,0.0010495195,0.00097313616,0.0010507116,0.0010285983,0.0010434696,0.0010481635,0.00094720814,0.0010211328,0.0009827176,0.000990198
2011-07-07,0.0010494748,0.0010544071,0.0010155151,0.0009809444,0.00094722304,0.0009888718,0.0010338435,0.0010067383,0.0009830603,0.0010502497,0.0010454366,0.00097422395,0.0010513226,0.0010178247,0.0010496238,0.0010471949,0.00094717834,0.0010175267,0.000982062,0.0009903172
2011-07-08,0.0010448555,0.0010428438,0.0010048011,0.000980393,0.00094717834,0.0009874711,0.001043872,0.0010058591,0.0009825835,0.0010502199,0.0010457197,0.0009830752,0.001047478,0.0010260055,0.0010518441,0.0010480443,0.00094714854,0.0010038028,0.0009838501,0.0009852061
2011-07-11,0.0004882822,0.00050728116,0.00047518406,0.00044195447,0.00041125808,0.0004512379,0.0005131075,0.00048318598,0.00044129882,0.000512586,0.0005116025,0.00044459198,0.0005105892,0.00048790965,0.00051590893,0.000515447,0.0004113624,0.00047986303,0.00044711027,0.00044550095
2011-07-12,0.001037241,0.0010408023,0.0010216096,0.0009790519,0.0009469995,0.0009870687,0.0010476569,0.000998796,0.0009800205,0.0010472843,0.001047031,0.0009817192,0.0010448257,0.0010268101,0.0010284046,0.0010458538,0.00094708893,0.0010101655,0.0009857127,0.0009838948
2011-07-13,0.0010219077,0.0010459879,0.0010057101,0.00097572897,0.00094705913,0.0009957412,0.0010498473,0.0010117749,0.0009750137,0.0010470757,0.0010395059,0.0009779045,0.001044915,0.0010302672,0.0010413835,0.0010493407,0.00094710384,0.0010150084,0.000985668,0.000980855
2011-07-14,0.0010364065,0.0010465989,0.0010004649,0.0009778002,0.00094705913,0.0009862343,0.0010340074,0.0010022083,0.00095898006,0.001045675,0.0010421583,0.0009814659,0.0010481486,0.0010249922,0.0010225484,0.0010466734,0.00094710384,0.0010062167,0.0009843567,0.0009840289
2011-07-15,0.0022043893,0.0021905908,0.002190576,0.0021232823,0.0020880708,0.0021339366,0.0021879682,0.0021556178,0.0020989338,0.0021921704,0.0021899352,0.0021241615,0.002188758,0.0021705339,0.0021606395,0.0021869252,0.0020880708,0.0021574358,0.0021258006,0.0021290192
2011-07-18,0.0021853754,0.0021754364,0.0021847049,0.0021095732,0.0020759264,0.002117888,0.0021844218,0.002155275,0.0020884136,0.0021832595,0.0021790871,0.002112926,0.002180622,0.0021413425,0.0021763602,0.0021797428,0.0020759562,0.002143369,0.0021146843,0.0021175453
2011-07-19,0.001068891,0.0010500858,0.0010572085,0.0009851763,0.00094708893,0.0009950707,0.0010506222,0.0010197619,0.0009566555,0.0010535875,0.0010513375,0.000984014,0.0010497877,0.0010201642,0.0010335902,0.0010460773,0.00094708893,0.0010197023,0.0009862194,0.0009881565
2011-07-20,0.0010439167,0.001039655,0.0010518292,0.0009806165,0.00094708893,0.00098613,0.0010490427,0.001034067,0.0009468505,0.0010493556,0.0010417858,0.0009825686,0.0010503391,0.0010164091,0.0010213861,0.0010498026,0.00094708893,0.0010170499,0.0009819726,0.0009866068
2011-07-21,0.0010323236,0.0010435889,0.0010161707,0.0009770254,0.00094708893,0.000984312,0.0010206113,0.0010485062,0.000946925,0.0010452578,0.001045377,0.00098312,0.0010488639,0.0010169009,0.0010092715,0.001048998,0.00094708893,0.0010223845,0.00096140895,0.000983269
2011-07-22,0.0010568956,0.0010527978,0.001045526,0.0009829113,0.00094705913,0.0009897808,0.0010333816,0.0010566274,0.0009469399,0.0010381052,0.0010495195,0.000986875,0.0010500113,0.0010189572,0.0009985724,0.0010477612,0.00094710384,0.0010417709,0.0009812275,0.0009881565
2011-07-25,0.0010495493,0.0010474483,0.0010482082,0.0009815553,0.00094707403,0.000987039,0.0010252604,0.0010559717,0.0009518126,0.0010422328,0.0010433653,0.0009860853,0.001042352,0.0010263482,0.0010121027,0.0010446468,0.00096765254,0.0010377178,0.0009827772,0.0009867111
2011-07-26,0.000994117,0.0010478059,0.0010039965,0.0009768615,0.00094708893,0.0010245601,0.0010121474,0.0010178993,0.0009607086,0.0010399977,0.0010432014,0.00096160267,0.0010398934,0.0010199109,0.0010256777,0.0010368684,0.00097164605,0.0010406682,0.000981302,0.00096894894
2011-07-27,0.0010479549,0.0010487894,0.0010062465,0.0009797523,0.00094708893,0.0009982446,0.0010199109,0.0010218928,0.0009768168,0.0010457793,0.0010394612,0.000983254,0.0010459283,0.0010236809,0.001034529,0.0010408172,0.0009721974,0.0010334561,0.0009739408,0.000988842
2011-07-28,0.0019895444,0.0019885758,0.0019433061,0.0019226978,0.0018945197,0.0019345442,0.0019865194,0.0019523958,0.001921908,0.0019972185,0.0019910196,0.0019305656,0.001991407,0.0019795308,0.0019822726,0.0019901553,0.0019001225,0.0019901255,0.0019319216,0.0019359896
2011-07-29,0.0019388655,0.0019489983,0.0019276002,0.0018880228,0.0018571476,0.001897932,0.0019598464,0.0019127885,0.001887382,0.001956881,0.0019577453,0.001891599,0.0019602934,0.00192161,0.0019364068,0.0019543478,0.0018732557,0.0019443491,0.001895831,0.0018954584
2011-08-01,0.0018942514,0.0019096741,0.0018685171,0.0018409202,0.0018110583,0.001852111,0.0019195536,0.0018797675,0.0018262425,0.0019128481,0.0019110152,0.0018390277,0.0019133696,0.0019041309,0.0019078413,0.0019104341,0.001827077,0.0019052783,0.0018240372,0.0018450329
2011-08-02,0.0009648362,0.0010510841,0.0010260651,0.0009800801,0.00094708893,0.0010294179,0.0010457644,0.0010206709,0.0009844163,0.001046122,0.0010495642,0.00096026156,0.0010458091,0.0010127733,0.0010365257,0.0010386119,0.00096115563,0.0010352442,0.00095875654,0.0010294775
2011-08-03,0.0010152915,0.0010475824,0.0010235617,0.0009763548,0.00094710384,0.0010382691,0.0010422776,0.0010187039,0.0009860257,0.0010465244,0.0010487149,0.00097444747,0.0010439018,0.0009934017,0.0010304609,0.0010427693,0.00094737206,0.0010297159,0.0009598443,0.0010296414
2011-08-04,0.0032071779,0.003220872,0.0031933347,0.0031454572,0.0031167278,0.0032191286,0.0032055685,0.0031913528,0.0031491676,0.0032153437,0.0032186517,0.003145949,0.0032131681,0.0031621018,0.0031770328,0.0031927982,0.003116862,0.0032040635,0.0031270394,0.0032022456
2011-08-05,0.0028937617,0.0029855678,0.0029561678,0.0029162178,0.0028817663,0.0029788772,0.002969102,0.0029607276,0.0029203752,0.0029814998,0.0029820213,0.0028937766,0.0029798904,0.002930523,0.0029590884,0.0029747048,0.0028818408,0.0029669264,0.0028823772,0.002933682
2011-08-08,0.0005849311,0.0006885836,0.00065203104,0.0006197253,0.000587211,0.0006876448,0.00065746997,0.0006731013,0.0006323019,0.0006887624,0.00068797264,0.0005901018,0.0006899992,0.00065240357,0.0006633857,0.00068669114,0.0005873451,0.0006579319,0.0006113509,0.00067289267
2011-08-09,0.00095903967,0.0010543773,0.001022921,0.0009623775,0.00094708893,0.0010534385,0.0010186741,0.0010139355,0.0009884397,0.0010464648,0.001050354,0.0009593526,0.0010494748,0.0010213712,0.0010320107,0.001041458,0.00097046886,0.0010193298,0.0009738514,0.0010431716
2011-08-10,0.0012041042,0.0013005296,0.0012597451,0.0012091855,0.0011977414,0.0012963125,0.001269863,0.0012719044,0.0012454549,0.0012983838,0.001301528,0.001208053,0.0013007829,0.0012615183,0.0012715915,0.0013012746,0.0012210915,0.0012772838,0.001226143,0.0012899349
2011-08-11,-0.002079769,-0.001975297,-0.0020177206,-0.0020696362,-0.0020783683,-0.0019859215,-0.0020038476,-0.0020127287,-0.0020242473,-0.0019791564,-0.0019747159,-0.0020749709,-0.0019776067,-0.0020119539,-0.0019946238,-0.0019832393,-0.002056121,-0.0020029685,-0.0020506522,-0.0019858917
2011-08-12,0.001303778,0.0013682256,0.0013289908,0.0015878538,0.0012611607,0.0014321515,0.0013356963,0.001538367,0.0015000412,0.0013611475,0.0013688514,0.001261712,0.0013571391,0.0013287971,0.0013495097,0.0013554553,0.0012880275,0.0013403008,0.0012992481,0.0014343569
2011-08-15,0.0017021904,0.0017856071,0.0017497251,0.0020243684,0.0016780803,0.0018540183,0.0017521093,0.0019292692,0.0019107023,0.0017774114,0.0017884681,0.0016780952,0.0017756382,0.001751096,0.0017494569,0.0017742375,0.0017222026,0.0017593363,0.0017202953,0.0018575499
2011-08-16,-5.4528937e-06,0.00014293287,0.000107706524,6.596837e-05,4.0353276e-05,0.00014877412,0.000112459995,0.00011368189,0.00010715518,0.00013521407,0.00014959369,4.039798e-05,0.0001382688,0.0001099715,0.00011187885,0.00013206992,7.861946e-05,0.00012266729,8.003507e-05,0.00014185999
2011-08-17,0.0009261528,0.0010512779,0.001008437,0.00096766744,0.00094705913,0.0010579089,0.001018093,0.0010268101,0.0010119239,0.001045675,0.0010568807,0.00094710384,0.001044617,0.0010255734,0.0010204175,0.0010409663,0.0009885291,0.0010340968,0.0009867856,0.0010531554
2011-08-18,0.0009828815,0.0010487149,0.0010154108,0.001106889,0.00094705913,0.001104475,0.0010189125,0.0010807524,0.001093165,0.0010430077,0.00105548,0.00094708893,0.0010452578,0.0010312656,0.0010171393,0.0010411451,0.0009877989,0.0010327706,0.0009865621,0.0010999003
2011-08-19,-0.000459983,-0.00039583351,-0.00042557623,-0.0003509065,-0.000498279,-0.0003456613,-0.0004263362,-0.00037176814,-0.0003531715,-0.00040122773,-0.00039075222,-0.0004982045,-0.00040030386,-0.00042185094,-0.0004188558,-0.00040402915,-0.0004587015,-0.00041179266,-0.00045943167,-0.00034488644
2011-08-22,0.0029124776,0.0030223886,0.0030083666,0.0029199282,0.0029194513,0.0030213455,0.0030001113,0.0029820064,0.0029699514,0.0030210922,0.003026084,0.0029194066,0.003012807,0.0029937932,0.0030026743,0.0030149082,0.0029717097,0.0030009458,0.0029580751,0.0030304054
2011-08-23,0.00094203744,0.0010488937,0.0010253796,0.0009475658,0.00094708893,0.0010421285,0.0010123858,0.0010152021,0.0009958455,0.0010466138,0.001055778,0.00094704423,0.0010426799,0.001017795,0.001027436,0.0010416517,0.0009886334,0.0010308037,0.0009866366,0.0010463009
2011-08-24,0.0009444514,0.0010473141,0.0010221163,0.0009475658,0.00094704423,0.0010415325,0.0010147551,0.0009946832,0.0010016719,0.0010493556,0.0010557184,0.0009470144,0.0010457644,0.0010127882,0.001032264,0.0010420391,0.0009857723,0.0010335455,0.0009873072,0.0010468224
2011-08-25,0.00094489846,0.0010486702,0.0010282854,0.00094732735,0.00094707403,0.0010347376,0.0010071555,0.0009904215,0.0010030726,0.0010439167,0.0010510543,0.0009470144,0.0010420987,0.0010112086,0.0010265866,0.0010404298,0.0009893039,0.0010285834,0.0009869197,0.0010473141
2011-08-26,0.002478824,0.0025838027,0.0025530169,0.0024807164,0.0024799565,0.0025747577,0.0025522718,0.002545924,0.0025506923,0.0025760243,0.0025850395,0.0024799565,0.0025790492,0.002556906,0.0025662044,0.0025753537,0.0025191465,0.0025676945,0.0025211582,0.0025812993
2011-08-29,0.000990958,0.0010513673,0.001017482,0.0012654522,0.00094708893,0.0011163661,0.001025782,0.001026229,0.0011922726,0.0010457793,0.0010525892,0.00094707403,0.0010457644,0.0011959681,0.0010201195,0.001039655,0.000989289,0.0010309676,0.0009865919,0.0011455277
2011-08-30,0.00055691693,0.0006927261,0.0006580213,0.0006067464,0.0005897293,0.0006873468,0.0006551305,0.0006669769,0.0006552944,0.0006834874,0.00069198105,0.0005896995,0.00068669114,0.000659422,0.0006511668,0.0006793747,0.00063413475,0.00066869054,0.0006286362,0.000691385
2011-08-31,0.0015467117,0.0016656378,0.0016364018,0.0015712837,0.0015622238,0.001670138,0.0016355822,0.0016372958,0.001619027,0.0016539702,0.0016689459,0.0015622238,0.0016616443,0.0016408274,0.0016522268,0.0016557584,0.0016040811,0.0016459981,0.0016014138,0.0016664127
2011-09-01,0.0009401897,0.0010496387,0.0010264823,0.0009595314,0.00094708893,0.00104417,0.0010146359,0.0010262886,0.0010151127,0.0010419646,0.0010551373,0.00094702933,0.0010451982,0.0010224292,0.0010320405,0.0010405192,0.000989438,0.0010291496,0.0009874562,0.0010533491
2011-09-02,0.0017058263,0.0017616609,0.0017314116,0.001818181,0.0016663829,0.0018112371,0.0017371485,0.0017335573,0.0018143216,0.0017540762,0.0017713467,0.0016879747,0.0017650584,0.0018152306,0.0017508874,0.0017601708,0.0017080167,0.0017483393,0.001706169,0.0018167505
2011-09-06,0.00094240997,0.0010481337,0.0010032365,0.00094731245,0.00094705913,0.001047791,0.0010186443,0.0010105381,0.0010161856,0.0010450343,0.0010517994,0.00097307656,0.0010461072,0.00103286,0.0010204026,0.0010388205,0.0009862194,0.0010317722,0.0009868899,0.0010434696
2011-09-07,0.0009444216,0.0010454217,0.0010065446,0.0009469995,0.00094704423,0.0010440806,0.001020507,0.0009966204,0.0010114321,0.0010457346,0.0010545412,0.00095002446,0.0010448853,0.0010186145,0.0009991685,0.0010362277,0.0009849528,0.0010283152,0.0009823451,0.0010457346
2011-09-08,0.0014214078,0.0015158216,0.001487554,0.0014229426,0.0014225701,0.0015302459,0.0014920542,0.0014853189,0.001487107,0.0015240619,0.0015237937,0.0014243433,0.0015157321,0.0014946917,0.0014741281,0.0015123794,0.0014660219,0.0015052119,0.0014631609,0.0015241066
2011-09-09,0.0003154287,0.0004178891,0.00039889012,0.00031811092,0.00031608436,0.00042463932,0.0003857324,0.00039248262,0.0003705332,0.00041872356,0.0004180381,0.00032727513,0.00040805433,0.0003831098,0.0003666142,0.00040590856,0.00035972986,0.00039936695,0.00035706256,0.0004219124
2011-09-12,0.0021710405,0.0022719363,0.0022413144,0.0021738121,0.0021731565,0.002273039,0.0022339383,0.0022503892,0.0022459337,0.0022719363,0.0022741565,0.0021847496,0.0022646645,0.0022490332,0.0022325376,0.0022623101,0.0022121528,0.0022595832,0.0022138515,0.0022744099
2011-09-13,0.00094592664,0.0010481039,0.0010223249,0.00094732735,0.00094705913,0.0010522315,0.0010204175,0.0010278085,0.0010092864,0.0010506222,0.0010498771,0.00094747636,0.0010418603,0.0010198811,0.0009986917,0.0010378072,0.0009846548,0.0010436038,0.0009904364,0.0010466734
2011-09-14,0.00069183204,0.00079479907,0.0007762173,0.000694097,0.0006936053,0.000795559,0.0007591406,0.0007541934,0.00075234566,0.0007889727,0.00079980586,0.00069427583,0.00078679714,0.00077517424,0.0007527331,0.00078418944,0.00073304866,0.00078314636,0.00073437486,0.0007942775
2011-09-15,0.0009468207,0.001045526,0.0010219822,0.00094728265,0.00094705913,0.0010447511,0.0010114321,0.0010154108,0.0010065446,0.0010443935,0.0010539005,0.0009482065,0.0010322342,0.0010341415,0.0010195682,0.00103964,0.0009848932,0.0010333369,0.0009898106,0.0010418454
2011-09-16,0.0016468177,0.001746566,0.0017362246,0.0016472349,0.00164646,0.0017481605,0.001717628,0.0017375955,0.0016991803,0.0017438689,0.0017502019,0.0016475627,0.001737834,0.0017284164,0.0017232308,0.001742349,0.0016819993,0.0017416785,0.001687021,0.0017485479
2011-09-19,0.0021936456,0.0022921124,0.0022731135,0.0021936903,0.0021934668,0.0022848258,0.0022666315,0.0022803405,0.0022527734,0.0022909204,0.0022989819,0.0021948973,0.002287508,0.0022601644,0.0022438178,0.0022853026,0.0022309134,0.0022767344,0.0022321502,0.002290965
2011-09-20,0.0009464482,0.0010478655,0.001024277,0.0009479532,0.00094711874,0.0010426203,0.0010204474,0.0010355571,0.0010031769,0.0010451535,0.0010547945,0.00097297225,0.0010424713,0.0010106275,0.0010009119,0.0010427246,0.0009877542,0.0010306397,0.0009892592,0.001041905
2011-09-21,0.0020506093,0.0021463642,0.0021299133,0.0020510713,0.0020507136,0.0021463642,0.0021054754,0.0021396289,0.0021072337,0.0021451274,0.002155603,0.0020787278,0.0021449784,0.002103568,0.0021084407,0.002144442,0.002093018,0.0021329382,0.0020904401,0.0021447698
2011-09-22,0.002505214,0.002601103,0.0025804946,0.0025060782,0.0025057653,0.0026019374,0.0025659213,0.00258799,0.0025619874,0.002601863,0.0026123086,0.00253521,0.002601401,0.002562047,0.0025714645,0.002599121,0.0025472501,0.0025857994,0.002545164,0.0026002983
2011-09-23,0.0023732344,0.0024685124,0.0024457434,0.0023745159,0.0023741433,0.002473251,0.0024375776,0.0024435082,0.0024368474,0.0024686614,0.002479137,0.0024048248,0.0024691084,0.0024340162,0.00244172,0.002466605,0.0024131695,0.0024574557,0.0024104873,0.0024737427
2011-09-26,0.00029701088,0.0003988156,0.00036975835,0.00029823277,0.00029771123,0.00039523933,0.00036227796,0.0003718743,0.00035730097,0.00039504562,0.00040200446,0.00033785496,0.00038924906,0.00035420153,0.00035448465,0.0003911564,0.00033766124,0.000383229,0.00033429358,0.00039416645
2011-09-27,0.0009452263,0.0010465989,0.0010205666,0.000947685,0.00094707403,0.0010395208,0.0010141442,0.0010188529,0.001000003,0.0010459581,0.0010511139,0.000987173,0.0010402957,0.0010107616,0.001023219,0.0010412941,0.0009892294,0.00103964,0.0009878287,0.0010482976
2011-09-28,0.0009468356,0.0010475675,0.0010216543,0.00094728265,0.00094705913,0.0010295669,0.0010116855,0.0010170946,0.0010023871,0.0010437081,0.0010524997,0.0009860406,0.00103964,0.0010020593,0.0010065148,0.0010404745,0.0009896914,0.0010350952,0.0009884844,0.0010410855
2011-09-29,0.0009468952,0.0010497728,0.0010238597,0.00094743166,0.00094704423,0.0010243664,0.001010255,0.0010321746,0.0010030279,0.0010449896,0.0010529468,0.0009844163,0.0010360787,0.001003922,0.0010031173,0.0010414282,0.0009877244,0.0010320107,0.0009872625,0.0010373006
2011-09-30,0.0006080279,0.0007307837,0.00063428376,0.0008834908,0.00056211744,0.0006414214,0.0006299177,0.00063046906,0.00061874185,0.0007359097,0.00066600833,0.00060224626,0.00065364037,0.0006370107,0.0007978538,0.0007233331,0.00061102305,0.00064042304,0.00060452614,0.0006569633
2011-10-03,0.0016818056,0.0018220404,0.0017863819,0.0017312774,0.0017135004,0.0017961124,0.0017756382,0.0017758617,0.001766325,0.0018130103,0.0018189261,0.0017529437,0.0018022815,0.0017794678,0.0017717937,0.0018146345,0.0017551789,0.0017871121,0.0017525563,0.0018069008
2011-10-04,0.000931547,0.0010521719,0.0010368535,0.0009554783,0.00094705913,0.0010480443,0.0010247836,0.0010343501,0.0009965757,0.0010454664,0.0010515759,0.00096263085,0.0010309378,0.0010132799,0.0010014633,0.0010456601,0.0009887228,0.001026229,0.0009869495,0.0010590861
2011-10-05,0.00094096456,0.0010488788,0.0010264674,0.000959293,0.00094704423,0.0010496834,0.0010287175,0.0010134438,0.0009933272,0.0010474036,0.0010471204,0.00096158776,0.0010441551,0.0010197023,0.0010342011,0.001048387,0.0009833435,0.0010361979,0.0009886781,0.0010483274
2011-10-06,0.0009854445,0.0010991851,0.0010116706,0.0010930309,0.00094705913,0.0010488043,0.0010286579,0.0010124007,0.000990645,0.0010904977,0.0010468522,0.0009610215,0.0010367045,0.0009950707,0.0011089602,0.0010989169,0.0009873519,0.0010398785,0.0009885589,0.0010415474
2011-10-07,0.0027635554,0.0028641084,0.0028480897,0.0027687857,0.002768279,0.0028728554,0.0028448263,0.0028306404,0.002809585,0.0028592953,0.002861754,0.0027798424,0.0028632889,0.0028146515,0.0028348723,0.0028621862,0.0028135935,0.0028556893,0.0028030435,0.0028666863
2011-10-10,0.0009424398,0.0010461966,0.0010216543,0.0009480873,0.00094708893,0.0010494301,0.0010212371,0.0010225335,0.0009866366,0.0010434845,0.0010438273,0.00094869826,0.0010469565,0.0009943256,0.0010075131,0.0010433355,0.0009891996,0.0010344842,0.0009849528,0.0010413686
2011-10-11,0.00094497297,0.0010512332,0.0010225186,0.00094704423,0.00094705913,0.0010480145,0.0010199258,0.0010286281,0.0009847442,0.0010458836,0.0010454515,0.0009477446,0.0010429332,0.0009993771,0.0009997943,0.0010407576,0.0009895423,0.0010297606,0.0009844908,0.0010475526
2011-10-12,0.0009441236,0.0010475824,0.0010373602,0.0009476701,0.00094705913,0.0010513524,0.0010327259,0.0010460326,0.0009860853,0.0010412792,0.0010421583,0.0009492198,0.0010472247,0.000995175,0.0010048756,0.0010453025,0.000989289,0.001036183,0.0009868154,0.0010494152
2011-10-13,0.00094616506,0.0010449002,0.0010270784,0.00094749127,0.00094705913,0.0010435292,0.0010212073,0.0010256777,0.0009832988,0.00104341,0.0010419646,0.0009480724,0.0010419199,0.0009992579,0.0009976337,0.00104417,0.0009894231,0.0010320554,0.0009863088,0.0010438273
2011-10-14,0.0009453306,0.0010477463,0.0010262737,0.0009481171,0.00094705913,0.0010480145,0.001017184,0.0010249922,0.0009843567,0.0010443637,0.0010428885,0.0009490261,0.0010382095,0.0010200748,0.0009951154,0.0010436932,0.0009929249,0.0010033408,0.0009842971,0.0010490874
2011-10-17,0.002040089,0.002135382,0.0021100054,0.002041445,0.0020415792,0.0021351287,0.002113522,0.0021305243,0.0020777592,0.0021378556,0.0021379897,0.0020428011,0.0021359185,0.0021227906,0.0020937482,0.0021378854,0.0020842114,0.0021167705,0.0020783702,0.0021421472
2011-10-18,0.0009469846,0.0010393569,0.0010152766,0.0009469995,0.00094705913,0.0010411004,0.0010177651,0.0010214606,0.0009835372,0.0010459581,0.0010407874,0.000949041,0.0010421732,0.0010116557,0.0010002116,0.0010380456,0.0009891251,0.0009992877,0.0009840736,0.0010476122
2011-10-19,0.00094622467,0.0010441402,0.0010181377,0.00094702933,0.00094705913,0.001042352,0.0010201791,0.0010256032,0.0009856233,0.0010488192,0.001045824,0.00094844494,0.0010465691,0.0010162899,0.0009941617,0.0010464648,0.0009926269,0.0010157684,0.0009835819,0.0010450939
2011-10-20,0.00094607566,0.0010490129,0.001026229,0.0009470144,0.00094711874,0.0010458538,0.0010139057,0.0010380158,0.0009839991,0.0010476867,0.001043261,0.00094860885,0.0010443041,0.0009903619,0.0009942362,0.0010467181,0.0009935508,0.0010191957,0.0009837905,0.0010481337
2011-10-21,0.002009959,0.002143682,0.002057002,0.0019647041,0.0019646892,0.0020662406,0.0022328356,0.002196462,0.0020026723,0.0020664642,0.0020630667,0.002288879,0.0020634541,0.0020121494,0.0020138333,0.0020623812,0.0020056376,0.002043114,0.0020011822,0.0021694014
2011-10-24,0.001510472,0.0016513327,0.0016258368,0.0015426734,0.0015426734,0.0016462365,0.0016211877,0.0016341815,0.0015817145,0.0016448209,0.0016427943,0.0015611062,0.001642094,0.0016060928,0.001594902,0.001642854,0.0015621642,0.0016129473,0.0015793005,0.0016533444
2011-10-25,0.0009296546,0.0010470459,0.0010303715,0.00094704423,0.00094705913,0.0010548839,0.0010235468,0.0010444233,0.00098914,0.0010449747,0.001044468,0.0009571621,0.0010432014,0.000993059,0.0010165134,0.0010439763,0.000977383,0.0010193894,0.0009794841,0.0010641972
2011-10-26,0.0009404579,0.001049296,0.0010252008,0.00094705913,0.00094705913,0.0010534087,0.0010218481,0.0010137716,0.000986875,0.0010443786,0.0010425756,0.0009604255,0.0010434845,0.0009894529,0.0010150382,0.0010429332,0.0009999583,0.0010270188,0.000981302,0.0010607699
2011-10-27,0.0018602917,0.001977087,0.0018937299,0.0018189857,0.0018189708,0.0019243071,0.0019604722,0.0019310424,0.0018592337,0.0019161562,0.0019139508,0.001969547,0.0019144723,0.0018703202,0.0018638829,0.0019145617,0.001865075,0.0018997351,0.0018530795,0.001968176
2011-10-28,0.00094202254,0.0010485062,0.0010201493,0.0009711543,0.00094708893,0.0010509053,0.0010160366,0.001010851,0.0009861449,0.0010434845,0.0010401169,0.00094866846,0.0010425756,0.0010221312,0.0009934762,0.0010408023,0.0009788433,0.0010308931,0.000982062,0.0010513077
2011-10-31,0.0009424994,0.0010516504,0.0010359148,0.0009737322,0.00094708893,0.0010564486,0.0010168115,0.0010000775,0.0009889165,0.0010437379,0.0010402808,0.0009504268,0.0010420242,0.0009969482,0.0009970972,0.0010420838,0.000997276,0.0010189274,0.0009783516,0.001048998
2011-11-01,0.00094498787,0.0010467032,0.0010368982,0.0009739557,0.00094708893,0.0010466734,0.0010275999,0.001001046,0.0009855041,0.0010441849,0.0010423372,0.00094857905,0.001043559,0.0010153512,0.0010284791,0.0010449449,0.0009964118,0.001020507,0.0009803334,0.0010484466
2011-11-02,0.0030251006,0.003125296,0.0031221816,0.0030539492,0.0030263225,0.0030450234,0.003094227,0.0030751089,0.0030428478,0.0031238953,0.0031231502,0.0030281255,0.003123329,0.0030853758,0.0030746767,0.003123031,0.0030496428,0.00310886,0.003058345,0.00313601
2011-11-03,0.0026656548,0.002765418,0.0027620504,0.0027061412,0.002666236,0.0026739696,0.0027336339,0.002742962,0.0026804665,0.0027633468,0.0027614096,0.0026678005,0.0027623633,0.0027262429,0.0027119825,0.0027655074,0.002686576,0.002759696,0.002700732,0.0027669528
2011-11-04,0.0017983625,0.0019005248,0.0018774578,0.0018177042,0.0018004486,0.0018061111,0.0018668184,0.0018834332,0.0018151561,0.0019019553,0.0019034455,0.0018042186,0.0018986622,0.0018749693,0.0018481323,0.0019013146,0.0018203268,0.001864613,0.0018385807,0.0019054869
2011-11-07,0.0018394301,0.0019408772,0.0019252012,0.0018567154,0.0018451521,0.0018466124,0.0019149045,0.0019287178,0.0018538991,0.0019411752,0.0019381056,0.0018424848,0.0019379715,0.0019218782,0.0018901685,0.0019395659,0.0018562237,0.0019201944,0.0018770853,0.0019440809
2011-11-08,0.00094580743,0.001047344,0.0010471055,0.0009605894,0.0009505013,0.00094707403,0.0010203132,0.0010486403,0.00094919,0.001048536,0.001042516,0.0009481022,0.0010431865,0.0009902576,0.0009958753,0.0010463158,0.00094834063,0.0010179738,0.0009820471,0.0010509798
2011-11-09,0.0009451667,0.0010386715,0.0010582069,0.000959144,0.0009519169,0.00094702933,0.0010405341,0.0010551969,0.00094835553,0.0010505775,0.001046435,0.00094848964,0.0010471055,0.0009918818,0.0010351101,0.0010464797,0.00094744656,0.0010220865,0.0009827623,0.0010561654
2011-11-10,0.0009452114,0.0010470161,0.0010598311,0.00094732735,0.0009517679,0.0009469548,0.0010330537,0.0010502944,0.0009492049,0.0010481188,0.0010441998,0.0009491751,0.0010460624,0.0010016719,0.0009936551,0.0010465542,0.00094735716,0.0010214159,0.0009855786,0.0010545114
2011-11-11,0.0009465078,0.0010418156,0.0010445574,0.00094723795,0.0009544054,0.0009469101,0.0010274658,0.0010476569,0.0009475807,0.0010476271,0.0010400722,0.000947983,0.0010401169,0.0010113874,0.0009989301,0.0010425607,0.000958235,0.0010148296,0.0009821067,0.0010539154
2011-11-14,-0.0005319854,-0.0004329374,-0.00045633223,-0.0005320003,-0.00052352156,-0.00053222384,-0.00045949128,-0.000455915,-0.00052444544,-0.0004316857,-0.00043585803,-0.0005241176,-0.00043892767,-0.0004814854,-0.0004879078,-0.0004355749,-0.00052864756,-0.00045531895,-0.0004959097,-0.00043487456
2011-11-15,0.00094466005,0.001053066,0.001035721,0.00094714854,0.0009556571,0.0009468803,0.0010152766,0.0010212818,0.0009480426,0.0010459432,0.0010371367,0.0009482959,0.0010421732,0.0009955177,0.0009925375,0.0010438422,0.0009490857,0.0010246197,0.0009823451,0.001048685
2011-11-16,0.00040823314,0.0005131522,0.0005010972,0.00040967856,0.0004205415,0.00040946994,0.0004872242,0.00048683677,0.00041045342,0.0005079815,0.00050324295,0.00041079614,0.0005101124,0.0004655728,0.00045865867,0.00050585065,0.00041118357,0.00048555527,0.00044453237,0.0005114833
2011-11-17,0.00094610546,0.0010502199,0.0010359446,0.00094710384,0.00095629785,0.000946925,0.0010204026,0.0010256628,0.00094728265,0.0010456154,0.0010439316,0.00094835553,0.0010452429,0.0010066042,0.000997738,0.0010449449,0.0009546438,0.0010173479,0.0009834329,0.0010418901
2011-11-18,0.0009467313,0.0010467032,0.0010329792,0.00094707403,0.0009558806,0.0009467909,0.0010195086,0.0010333369,0.00095135067,0.0010448704,0.0010470459,0.00095221493,0.0010458389,0.0010133991,0.001002253,0.0010454813,0.00094747636,0.0009982744,0.0009817192,0.0010382691
2011-11-21,0.0009465972,0.0010415772,0.0010158727,0.0009698281,0.0009557018,0.00094702933,0.0010472098,0.0010148892,0.00097444747,0.0010456005,0.0010418752,0.00094877277,0.0010436783,0.0009999583,0.0009673545,0.001044766,0.00095254276,0.0010188678,0.0009789774,0.0010341862
2011-11-22,0.0009467909,0.0010423819,0.0010300884,0.00094994996,0.00095731113,0.0009469399,0.0010524252,0.0010131607,0.0009737173,0.0010460624,0.0010417411,0.0009492049,0.0010409513,0.000997127,0.00096283946,0.0010472396,0.0009545097,0.0010259012,0.000981153,0.0010448257
2011-11-23,0.0009464929,0.0010351995,0.0010385821,0.0009681592,0.000957177,0.00094704423,0.001053826,0.0010335008,0.0009668479,0.0010462264,0.0010424266,0.0009491006,0.0010466138,0.0010047266,0.0009657899,0.0010463605,0.0009504417,0.0010214308,0.0009799907,0.001026229
2011-11-25,0.0009469548,0.0010432163,0.0010279128,0.00097167585,0.0009554187,0.0009470144,0.0010557035,0.0010136077,0.0009768913,0.0010492811,0.001041756,0.0009501288,0.0010458687,0.0009972611,0.0009669373,0.0010457644,0.0009493539,0.001023964,0.000980557,0.0010321001
2011-11-28,0.0009451071,0.0010488788,0.001028032,0.0009846995,0.0009542713,0.00094607566,0.0010464797,0.0010159174,0.000988991,0.0010533044,0.0010448555,0.0009503672,0.001047493,0.0009954432,0.00094726775,0.0010478059,0.0009534219,0.00102909,0.0009839097,0.0010297159
2011-11-29,0.0009468803,0.0010499517,0.0010295818,0.00095139537,0.00095355604,0.0009469548,0.0010507414,0.0010300288,0.0009649554,0.0010515461,0.0010450641,0.0009531984,0.0010490427,0.0009952495,0.00094719324,0.0010462115,0.00095249806,0.001030297,0.0009821961,0.0010396997
2011-11-30,0.0009453306,0.0010434994,0.0010375688,0.0009833584,0.00095735583,0.00094705913,0.0010481039,0.0010275552,0.0009609619,0.0010482082,0.001032264,0.000950844,0.0010439167,0.0010004202,0.00094716344,0.001044766,0.00096757803,0.0010278383,0.0009793201,0.0010473588
2011-12-01,0.0009465972,0.0010492066,0.001035572,0.00096267555,0.00095602963,0.00094716344,0.0010490129,0.0010224888,0.00096397195,0.0010469416,0.0010379413,0.0009508291,0.001042352,0.0010056207,0.00094711874,0.0010486403,0.0009700963,0.0010171095,0.0009801099,0.0010520527
2011-12-02,0.000945569,0.0010493109,0.0010485509,0.0009808252,0.00095215533,0.00094738696,0.0010501007,0.0010268549,0.00096263085,0.0010443339,0.0010367492,0.00095009897,0.0010376135,0.0010036686,0.00094708893,0.0010477612,0.0009779045,0.0010044882,0.000981302,0.00105171
2011-12-05,0.0001316974,0.00024072919,0.00022488926,0.00015843008,0.00013771746,0.00013192091,0.00023284648,0.00020219479,0.00013192091,0.00023010466,0.00022044871,0.00013913307,0.00022615585,0.00018543098,0.00013196561,0.00023028348,0.00015246961,0.00018778536,0.00016410742,0.00022971723
2011-12-06,0.0009477893,0.0010486105,0.0010250369,0.0009864876,0.00095395837,0.0009469399,0.0010438571,0.0010096142,0.0009787539,0.0010437528,0.0010382542,0.0009571472,0.0010356912,0.0009976635,0.0009766379,0.001042367,0.0009839842,0.0010238299,0.000978441,0.0010419944
2011-12-07,-0.0005326113,-0.00044481363,-0.00045761373,-0.0005239537,-0.00052328315,-0.00052951183,-0.00043626036,-0.00046801474,-0.00049233343,-0.00043009128,-0.0004341444,-0.0005274853,-0.00044022407,-0.0004648855,-0.00049640145,-0.00043502357,-0.00049276557,-0.0004583439,-0.0004942557,-0.000430136
2011-12-08,0.00094610546,0.0010467181,0.001028345,0.0009630183,0.00095117185,0.00094710384,0.0010435442,0.0010117004,0.0009838352,0.0010474185,0.0010416219,0.0009491751,0.0010373155,0.0010053823,0.0009897212,0.0010408023,0.0009851316,0.0010124305,0.0009810338,0.0010464499
2011-12-09,0.0027443925,0.0028485367,0.0028462121,0.0027595172,0.0027495483,0.0027455995,0.0028455714,0.0028129527,0.0027495334,0.0028477916,0.0028408626,0.0027493248,0.0028394768,0.002803401,0.0028326074,0.0028452436,0.0027725557,0.0028135637,0.0027824352,0.0028449753
2011-12-12,0.0009463588,0.001051263,0.0010378817,0.0009782175,0.0009583542,0.00094705913,0.0010431567,0.0010233233,0.0009865025,0.0010489533,0.0010373155,0.0009520957,0.0010400722,0.0010043094,0.0010366598,0.0010422328,0.000974671,0.0010151127,0.000979037,0.0010487745
2011-12-13,0.0009468058,0.001052306,0.001021103,0.00096391235,0.0009568343,0.0009470144,0.0010411749,0.0010210136,0.0009922097,0.0010424266,0.001039804,0.00094844494,0.0010382691,0.0010029385,0.0010258714,0.0010457346,0.0009683827,0.0010207305,0.0009819278,0.0010416815
2011-12-14,-0.0016587516,-0.0015551439,-0.0015630564,-0.0016390523,-0.0016501537,-0.0016573956,-0.0015573194,-0.0015813252,-0.0016391715,-0.0015586754,-0.001562356,-0.0016555479,-0.0015627285,-0.0016067913,-0.0015796265,-0.0015587797,-0.001633971,-0.0015774211,-0.0016226163,-0.0015607765
2011-12-15,0.0005668113,0.00066228304,0.0006451616,0.0005947957,0.00060089026,0.0005693743,0.000668467,0.0006414959,0.0005708048,0.0006628046,0.0006601373,0.00057105813,0.0006528357,0.00062671397,0.0005926648,0.0006640414,0.00059323106,0.00064934883,0.0006012777,0.00066651497
2011-12-16,0.0004845718,0.00062114093,0.0005361,0.00046886597,0.00045587216,0.00043933187,0.0005421201,0.0005230168,0.00045594666,0.0006235996,0.00053526554,0.0007606754,0.00053684507,0.00048762653,0.00045836065,0.00053922925,0.0007769177,0.00052616093,0.00047284458,0.00067395065
2011-12-19,0.00091394875,0.0010560909,0.0010460177,0.00097549055,0.000957937,0.0009469995,0.0010560462,0.0010422627,0.0009635547,0.0010572234,0.0010422627,0.0009647766,0.0010443488,0.0009965012,0.0009636292,0.0010457644,0.0009847144,0.0010374794,0.0009824047,0.001047344
2011-12-20,0.00092931185,0.001044021,0.0010367641,0.0009879628,0.0009619454,0.00094704423,0.0010458538,0.001025782,0.00094705913,0.0010402659,0.0010389546,0.0009572664,0.0010386417,0.0010019699,0.0010000626,0.0010431567,0.0009686956,0.0010240683,0.0009806165,0.0010460177
2011-12-21,0.00094084535,0.0010475377,0.0010424564,0.0009896765,0.0009697238,0.00094704423,0.0010470012,0.001035721,0.00094710384,0.0010500709,0.0010389993,0.0009606192,0.0010420093,0.0009970078,0.0009921202,0.0010407278,0.00096909795,0.0010268549,0.0009816298,0.0010572085
2011-12-22,0.0009862492,0.0010920921,0.0010360638,0.0009835968,0.0009585032,0.0009469697,0.00104341,0.0010433206,0.0009671906,0.0010923008,0.001037077,0.0010929862,0.0010387013,0.0010085711,0.0009865621,0.0010400722,0.0010908255,0.0010260204,0.0009766081,0.0011031488
2011-12-23,-0.0005448302,-0.00045238342,-0.00045247283,-0.00050166156,-0.0005240133,-0.0005417457,-0.00044906046,-0.00046586897,-0.0005217781,-0.00044491794,-0.00045496132,-0.00054012146,-0.00045150425,-0.00049778726,-0.00048380997,-0.00046773162,-0.0005110344,-0.0004649153,-0.0005122265,-0.00043707993
2011-12-27,0.0009450475,0.0010349909,0.0010163495,0.0009854594,0.0009660134,0.0009469846,0.0010397742,0.0010140697,0.0009699771,0.0010430822,0.001036928,0.0009495327,0.0010387013,0.0009902576,0.0010187039,0.0010366002,0.0009955326,0.0010475526,0.0009783814,0.0010480145
2011-12-28,0.0009453455,0.0010334412,0.0010341117,0.0009857873,0.0009661475,0.0009470144,0.0010413686,0.0010438422,0.00097428355,0.0010409663,0.0010394314,0.00094859395,0.0010404894,0.0009961287,0.001025618,0.001042665,0.00095863733,0.0010341415,0.0009795288,0.0010523209
2011-12-29,-0.0031955084,-0.003108262,-0.0030951789,-0.0031530699,-0.0031537553,-0.0031919172,-0.0030896952,-0.003104194,-0.0031758836,-0.0030974885,-0.0030989042,-0.0031894287,-0.0030973693,-0.0031360378,-0.0031118533,-0.0030964455,-0.0031745126,-0.003107532,-0.003162264,-0.0030941805
2011-12-30,0.0024564723,0.0025279531,0.0025283853,0.0025031576,0.0024842331,0.00245756,0.0025576362,0.0025521228,0.0024713138,0.002545611,0.002549217,0.0024599591,0.002544568,0.00250356,0.0024858275,0.0025603333,0.0024791518,0.0025300393,0.002489091,0.0024924884
2012-01-03,0.0008415887,0.0009398619,0.00091783796,0.00088799093,0.0008674124,0.00084313843,0.0009404132,0.0009465227,0.0008555958,0.0009415606,0.0009437213,0.0008450458,0.0009427825,0.0008888105,0.0008631507,0.0009443471,0.00086234603,0.00092022214,0.00087687466,0.00086537097
2012-01-04,0.000946925,0.0010237852,0.0010087648,0.0009876946,0.00096282456,0.0009470144,0.0010437379,0.0010377178,0.00095641706,0.0010449598,0.001052768,0.0009493986,0.0010469565,0.0010052482,0.0009633163,0.0010431865,0.0009528259,0.0010148296,0.0009827027,0.0009770999
2012-01-05,0.0009469399,0.0010435292,0.0010083625,0.0009883353,0.0009671459,0.0009469846,0.0010464648,0.0010381797,0.00094881747,0.0010490874,0.0010522315,0.0009507397,0.0010472247,0.0010120133,0.0009606192,0.0010465393,0.00095133577,0.0010094354,0.000983418,0.00096783135
2012-01-06,-0.0027969917,-0.0026904782,-0.002706184,-0.0027531078,-0.0027832082,-0.0027969321,-0.0026945164,-0.0026935479,-0.0027961722,-0.0026934585,-0.0026923558,-0.002793475,-0.0026934436,-0.0027464023,-0.0027335426,-0.0026981672,-0.0027865162,-0.0027384302,-0.002761214,-0.0027790358
2012-01-09,0.00233771,0.0024397532,0.0024081925,0.0023792842,0.0023629973,0.0023388574,0.0024379203,0.0024421373,0.0023397515,0.0024388144,0.0024393508,0.002342836,0.0024358789,0.0023985812,0.002419726,0.0024343291,0.002344639,0.0024024555,0.002374486,0.002347068
2012-01-10,0.00094615016,0.0010580728,0.0010235021,0.0009884397,0.000964866,0.00094710384,0.0010478804,0.0009811381,0.0009476105,0.0010506967,0.0010416219,0.00095099304,0.0010460475,0.0009913752,0.001039342,0.0010484019,0.0009533623,0.0010270784,0.000980706,0.0009597251
2012-01-11,0.0015087733,0.0016160021,0.0016092816,0.0015461901,0.0015232721,0.0015089372,0.0016106972,0.00153038,0.0015095631,0.0016049901,0.0016134242,0.0015121559,0.0016057799,0.0015693316,0.0016025016,0.0016063312,0.00152737,0.0015961537,0.0015410939,0.0015177289
2012-01-12,0.002189801,0.0022942135,0.0022906372,0.002232776,0.0022081593,0.0021904567,0.0022788057,0.0022635916,0.0021915743,0.0022903988,0.0022907564,0.0021934817,0.002290354,0.0022388557,0.0023007551,0.0022892216,0.0022081146,0.0022764215,0.002227665,0.002200053
2012-01-13,-0.0021318784,-0.00204119,-0.0020436635,-0.0020961156,-0.0021123877,-0.0021321764,-0.0020510545,-0.0020645102,-0.0021308055,-0.002034529,-0.0020349463,-0.002127557,-0.0020357212,-0.0020783981,-0.002023398,-0.0020391038,-0.002111419,-0.0020446917,-0.0020989617,-0.0021246215
2012-01-17,0.0022461424,0.0023330608,0.0023261616,0.002277569,0.0022629658,0.0022462169,0.0023319134,0.002306492,0.0022473047,0.0023408988,0.0023444155,0.0022525648,0.0023368457,0.002296851,0.0023468146,0.0023368904,0.002262176,0.0023360709,0.0022766748,0.0022673914
2012-01-18,0.0009454647,0.0010457644,0.0010328898,0.0009825388,0.0009598443,0.00094704423,0.0010474483,0.0010100165,0.00094845984,0.0010504881,0.0010428736,0.00095120165,0.0010426352,0.00097406004,0.0010539899,0.0010443041,0.00097176526,0.0010493854,0.0009799311,0.0009634355
2012-01-19,0.0009465227,0.0010464499,0.0010496536,0.0009808252,0.0009622136,0.00094704423,0.0010453472,0.0009669969,0.0009479532,0.0010515759,0.0010505477,0.0009521106,0.0010415921,0.00096419547,0.0010493705,0.0010475675,0.0009648362,0.0010566721,0.0009831348,0.0009736875
2012-01-20,0.0009465972,0.0010512928,0.0010436783,0.000980542,0.00096808467,0.00094702933,0.0010465095,0.0010164687,0.000947983,0.0010491023,0.0010477016,0.00095343683,0.0010453323,0.00096273515,0.0010483125,0.0010493407,0.0009751627,0.0010569999,0.000983269,0.0010170201
2012-01-23,0.0009466866,0.0010566274,0.0010346184,0.000981153,0.00096008275,0.00094704423,0.0010439167,0.0010056356,0.0009475807,0.0010501603,0.0010448257,0.00095349643,0.001044617,0.0009608278,0.0010504732,0.0010479847,0.00096537266,0.0010529468,0.0009820024,0.0009737024
2012-01-24,0.00094577763,0.0010443339,0.0010215053,0.0009815255,0.0009694109,0.00094702933,0.001022906,0.0010252008,0.0009477744,0.0010460624,0.0010379711,0.00095519517,0.00103964,0.0009493241,0.001048238,0.0010421583,0.0009619454,0.0010531852,0.0009798268,0.0009967694
2012-01-25,0.002051429,0.0021490762,0.0021377513,0.0020852247,0.002067999,0.002051414,0.0021211365,0.00212665,0.002051876,0.0021508047,0.0021430412,0.002058209,0.0021482715,0.002053977,0.0021471241,0.0021482566,0.0020707855,0.0021475712,0.0020845095,0.0020822743
2012-01-26,0.003121064,0.0032197544,0.003216804,0.0031545023,0.0031429986,0.0031225393,0.0032047788,0.0032273838,0.0031226436,0.0032233903,0.0032156715,0.0031288425,0.003218756,0.003124223,0.003215761,0.003216059,0.0031472454,0.0032237777,0.0031560818,0.0031602243
2012-01-27,0.0009468207,0.0010511586,0.0010368386,0.0009802738,0.0009629736,0.00094704423,0.0010489384,0.000978441,0.00094707403,0.0010510245,0.0010409812,0.0009515593,0.0010452876,0.0009482661,0.0010488043,0.001045377,0.00096908305,0.0010517845,0.000981004,0.00097443257
2012-01-30,0.0002586553,0.00036195014,0.00035208557,0.0002910504,0.00027111266,0.00025850628,0.00036107097,0.00027829502,0.0002588937,0.0003577778,0.0003629187,0.00026801322,0.00035922322,0.0002601305,0.00035728607,0.00036114547,0.0002793977,0.0003627548,0.00029434357,0.00031074975
2012-01-31,0.001608328,0.0017113248,0.0016890028,0.001640291,0.001625807,0.0016090283,0.0017004916,0.0016799131,0.0016095499,0.0017052451,0.0017115334,0.0016152868,0.0017039785,0.0016114572,0.0017009536,0.0017044405,0.0016328106,0.001714305,0.001643897,0.0016488889
2012-02-01,0.0016535679,0.0017559836,0.0017461637,0.0016852478,0.0016663382,0.001653091,0.0017428556,0.0017390857,0.0016534189,0.0017549107,0.0017543146,0.0016580084,0.0017502913,0.0016535828,0.0017495761,0.0017456124,0.0016779164,0.0017533759,0.0016881237,0.0016927132
2012-02-02,0.0027407417,0.0028382847,0.002845333,0.0027729133,0.002750204,0.002741457,0.0028264085,0.0027563283,0.0027416358,0.0028357366,0.0028503248,0.0027464638,0.0028415928,0.0027419338,0.0028318325,0.0028388808,0.0027794251,0.0028367797,0.0027728984,0.0027775327
2012-02-03,0.00030674133,0.0004077563,0.00040972326,0.00032264087,0.00030967686,0.00030662213,0.000391067,0.00031368528,0.0003075162,0.00040689204,0.00040865038,0.000312821,0.0004103938,0.00031060074,0.0004024962,0.00040470157,0.00033943448,0.000398756,0.00034055207,0.00034272764
2012-02-06,0.00094716344,0.0010515312,0.0010423223,0.00096392725,0.000954614,0.0009469846,0.0010175565,0.0010487298,0.00094747636,0.001049594,0.0010464797,0.0009504417,0.0010471204,0.0009795139,0.0010412643,0.0010399083,0.0009777555,0.0010249624,0.0009801993,0.0009766826
2012-02-07,0.00094594155,0.0010500113,0.0010435442,0.00096519385,0.00095106754,0.0009470144,0.0010240981,0.0010431418,0.00094708893,0.0010410259,0.0010480741,0.0009505013,0.0010446319,0.0009783218,0.0010416666,0.0010442892,0.0009734491,0.001034678,0.0009800205,0.0009783814
2012-02-08,0.0033669332,0.003466756,0.003434659,0.0033858428,0.0033675293,0.0033670524,0.0034422437,0.0034554014,0.0033670226,0.0034632692,0.0034668306,0.003371806,0.003464804,0.003412039,0.0034664283,0.003462107,0.0033938745,0.003458024,0.003402696,0.0034006247
2012-02-09,0.0009466568,0.0010490427,0.001035721,0.0009592036,0.00094837043,0.00094707403,0.0010278085,0.00096668396,0.00094710384,0.0010445574,0.0010485509,0.0009514252,0.0010471204,0.0009945044,0.0010478655,0.0010438869,0.0009799609,0.001035125,0.0009818831,0.0009804824
2012-02-10,0.0009469399,0.0010472396,0.0010338137,0.00095991883,0.0009489367,0.00094702933,0.0010291198,0.0009645531,0.00094710384,0.0010442445,0.0010477761,0.00095135067,0.0010462711,0.0010021189,0.0010491619,0.0010447362,0.0010078559,0.0010232339,0.0009800056,0.0009868601
2012-02-13,0.00094710384,0.0010460922,0.0010334114,0.0009572664,0.000949488,0.0009470144,0.0010308037,0.00096118543,0.00094707403,0.001047344,0.0010459581,0.00095225964,0.0010480592,0.0010216841,0.001044468,0.001046435,0.00096672866,0.0010106424,0.0009828666,0.0009782622
2012-02-14,0.00094622467,0.0010495195,0.0010383436,0.00096665416,0.00094847474,0.0009469399,0.0010227272,0.0009618709,0.00094743166,0.0010492811,0.0010440955,0.00095118675,0.0010487298,0.0010096142,0.0010403851,0.0010444084,0.00096158776,0.0010141889,0.000985668,0.0009687999
2012-02-15,-0.0011579683,-0.0010576537,-0.0010713032,-0.0011489382,-0.0011569401,-0.0011591604,-0.0010880968,-0.0011536321,-0.0011505773,-0.0010646423,-0.0010550162,-0.0011551073,-0.0010562232,-0.0010732552,-0.0010616323,-0.0010569235,-0.0011361679,-0.0010787537,-0.0011383733,-0.0011365851
2012-02-16,0.00094466005,0.001047478,0.0010367492,0.00095763896,0.0009490559,0.00094702933,0.0010225633,0.0009594569,0.00094734225,0.0010454366,0.0010475079,0.00095364545,0.0010495195,0.0010016272,0.0010432908,0.0010468969,0.00096118543,0.0010326663,0.00096243713,0.0009674737
2012-02-17,0.0009438852,0.0010551969,0.0010414431,0.00095492695,0.0009490559,0.00094705913,0.0010213861,0.0009553144,0.0009476999,0.0010491619,0.0010490427,0.0009519169,0.0010473737,0.0010033557,0.0010498771,0.0010447064,0.0009489814,0.0010176757,0.00096158776,0.00096643064
2012-02-21,0.002414734,0.0025206069,0.0025116215,0.0024264315,0.0024155686,0.0024154345,0.0024859617,0.0024332413,0.0024160603,0.0025168816,0.0025157342,0.0024223933,0.0025132904,0.002476097,0.0025191614,0.002513052,0.0024166116,0.002486975,0.0024304995,0.00244099
2012-02-22,0.001015828,0.001038433,0.0010435442,0.00095105264,0.00094716344,0.00094704423,0.0010137269,0.0009591738,0.0009771595,0.0010533938,0.0010471204,0.0009519318,0.0010444084,0.0009880224,0.0010472098,0.0010440806,0.000977532,0.0010202834,0.0009752372,0.000990198
2012-02-23,0.0017057965,0.0017254213,0.0017229924,0.001633645,0.0016285041,0.0016283998,0.0016863504,0.001642094,0.0016548196,0.0017296532,0.0017248997,0.001636521,0.0017243037,0.0016663829,0.0017297426,0.0017250488,0.0016549835,0.0016922364,0.0016549537,0.0016712109
2012-02-24,-0.0021181544,-0.002029567,-0.0020326963,-0.0021075,-0.0021294346,-0.0021295687,-0.002071335,-0.0021174392,-0.0021259626,-0.0020263037,-0.00203137,-0.0021243682,-0.002030491,-0.0020873686,-0.002029269,-0.0020292392,-0.0021258881,-0.0020702472,-0.0021225205,-0.0021083793
2012-02-27,0.0010174224,0.0010510841,0.0010425011,0.00095477793,0.00094710384,0.0009469995,0.0010100165,0.000964717,0.0009738663,0.0010500858,0.001046286,0.00095638726,0.0010463009,0.0010097036,0.0010418305,0.0010460475,0.0009738067,0.0009945193,0.0009750882,0.0009927014
2012-02-28,0.0009642849,0.0010546008,0.0010316679,0.0009527216,0.0009470144,0.0009469846,0.0010357955,0.0009596059,0.0009603957,0.001049892,0.0010475973,0.00095218513,0.0010439763,0.0010362277,0.0010300586,0.0010478655,0.00096021686,0.0010065446,0.00096386764,0.0009795437
2012-02-29,0.002967731,0.0029953578,0.0029886076,0.0029130885,0.0028911987,0.0029494176,0.0029804418,0.002950252,0.0029246071,0.0029941509,0.0029853443,0.002914236,0.0029811272,0.0029751072,0.002971799,0.0029878477,0.0029245177,0.002984942,0.002925084,0.0029353658
2012-03-01,0.0010266909,0.0010577599,0.0010421434,0.0009595761,0.00094708893,0.0010156939,0.0010363022,0.0010291198,0.0009758333,0.0010494897,0.0010491023,0.0009706924,0.0010434398,0.0010270337,0.0009995112,0.0010411153,0.0009757886,0.0010026256,0.0009545395,0.0009817639
2012-03-02,0.0010312507,0.0010500709,0.0010417709,0.00094850454,0.00094705913,0.0010139355,0.0010356465,0.0010203877,0.0009848783,0.0010489831,0.0010410408,0.00097051356,0.0010406086,0.0010302672,0.0010257969,0.0010462264,0.0009597698,0.0010033408,0.0009818533,0.0009932676
2012-03-05,0.0021643797,0.0021917233,0.0021404484,0.0020862678,0.0020848522,0.00216359,0.002167807,0.002163888,0.0021104822,0.002185301,0.0021762708,0.002108992,0.0021770904,0.0021526376,0.0021769414,0.0021756599,0.0020862678,0.0021383772,0.0021133134,0.0021178136
2012-03-06,0.0010440657,0.0010498771,0.0009980807,0.0009605894,0.00094705913,0.001040698,0.001028494,0.0010425458,0.0009874413,0.0010476271,0.0010426799,0.0009770403,0.001043872,0.00101854,0.0010408023,0.0010474036,0.0009579519,0.0009965459,0.0009864429,0.0009901682
2012-03-07,0.00313072,0.0031305412,0.0030801157,0.0030310163,0.0030308226,0.003130854,0.0031107077,0.0031175325,0.003071473,0.0031306455,0.0031327019,0.0030629793,0.003127561,0.003111423,0.0031226436,0.0031312415,0.0030415962,0.0031073699,0.0030636648,0.0030751536
2012-03-08,0.0010309527,0.0010402063,0.0010113427,0.0009622583,0.0009469995,0.0010294924,0.0010272274,0.0010443041,0.0009837905,0.0010474632,0.0010504732,0.0009735087,0.0010450641,0.0010260502,0.0010301778,0.00104493,0.00094708893,0.0010223845,0.0009860406,0.0009968737
2012-03-09,0.0010378221,0.0010478059,0.0010019699,0.0009623179,0.0009469846,0.001049743,0.0010353783,0.0010528127,0.00096000824,0.0010492215,0.0010469863,0.0009805271,0.0010436038,0.0010391185,0.0010389844,0.0010475526,0.00094705913,0.0010343203,0.0009847591,0.0009898702
2012-03-12,0.0015425095,0.001516358,0.0014923969,0.0014166692,0.0014960328,0.0015274892,0.0014937827,0.0015317807,0.0014464715,0.0015142122,0.0015167454,0.0014508376,0.0015009353,0.0015196213,0.0014973441,0.0015103379,0.0014112601,0.0015040645,0.0014526257,0.0015153894
2012-03-13,0.0010547498,0.0010489831,0.0010308186,0.0009506354,0.0010340074,0.0010623047,0.001024113,0.0010583261,0.00096003804,0.0010518888,0.0010500113,0.0009811083,0.0010339627,0.0010516951,0.0010311464,0.0010455111,0.00094705913,0.0009974102,0.0009862045,0.0010477612
2012-03-14,0.002354608,0.00235127,0.0023376653,0.0022604922,0.002307252,0.0023494968,0.0023120204,0.0023537586,0.0022591064,0.0023480365,0.0023492733,0.0022857198,0.0023404965,0.0023308853,0.0023379186,0.002345384,0.002249227,0.002320231,0.002286763,0.0023596445
2012-03-15,0.0010493407,0.0010380754,0.0010176012,0.0009555528,0.0010425309,0.0010475824,0.0010077963,0.0010554353,0.00097057316,0.0010453025,0.0010453323,0.0009877244,0.0010379264,0.0010455111,0.0010326961,0.0010427246,0.00094705913,0.0010216692,0.0009890655,0.0010635415
2012-03-16,-0.0002249172,-0.00018145051,-0.00019341614,-0.0002763411,-0.00018472876,-0.00018930342,-0.00020891335,-0.00018316414,-0.00024224725,-0.0001762798,-0.0001813909,-0.00024178531,-0.00017386582,-0.00018165912,-0.00018274691,-0.00017887261,-0.00027686264,-0.00020326581,-0.00024004187,-0.00018589105
2012-03-19,-0.002617254,-0.0025716266,-0.0025932482,-0.0026443144,-0.0025712391,-0.0025752028,-0.0026047071,-0.0025713434,-0.0026456555,-0.0025728038,-0.0025725653,-0.002634867,-0.0025716415,-0.0025867363,-0.0025826087,-0.0025772592,-0.0026456853,-0.0025856188,-0.0026387265,-0.0025686463
2012-03-20,0.0009929249,0.0010342309,0.0010414282,0.0010178844,0.0010481486,0.0010463307,0.0010264376,0.0010474632,0.0009768168,0.001044781,0.0010428885,0.000983269,0.001042814,0.0010411004,0.001039193,0.0010413686,0.0009518424,0.0010010907,0.0009811977,0.0010448555
2012-03-21,0.0012296895,0.0012445757,0.0012381086,0.00125298,0.0012690136,0.0012687603,0.0012441436,0.0012671361,0.0012090662,0.0012623081,0.001258106,0.0012051323,0.0012612501,0.0012553642,0.001260505,0.00125976,0.0011685798,0.0012352625,0.001207904,0.0012662271
2012-03-22,0.0017775455,0.0017789612,0.0017803172,0.0017772624,0.0017959932,0.0018019537,0.0017719278,0.0017904649,0.0017338702,0.0017931173,0.0017850557,0.0017319033,0.0017873803,0.0017788569,0.0017871121,0.0017863074,0.0016950676,0.0017431835,0.0017057667,0.0017958442
2012-03-23,0.0005529979,0.00054304395,0.0005554268,0.00057116244,0.0005626539,0.0005633244,0.00053522084,0.0005452642,0.0005037794,0.0005619088,0.00055699144,0.00050087366,0.0005606571,0.000535951,0.0005502263,0.0005566338,0.00047645066,0.00051124487,0.00048917625,0.0005552629
2012-03-26,0.0010385821,0.0010305503,0.0010327706,0.0010578344,0.0010474334,0.0010494003,0.0010232786,0.001017944,0.0009869048,0.0010486105,0.0010377327,0.0009836713,0.0010394761,0.0010387013,0.0010274509,0.0010368684,0.00094749127,0.0010279277,0.000965775,0.00104341
2012-03-27,0.0010296265,0.0010191808,0.001028792,0.0010589221,0.0010424117,0.0010374198,0.0010079602,0.0010249922,0.0009834031,0.0010456899,0.001041458,0.0009817639,0.001041905,0.0010447362,0.0010161409,0.0010371068,0.00094735716,0.0010138163,0.00097574387,0.001035274
2012-03-28,0.0010392973,0.0010214308,0.0010335902,0.0010608742,0.0010441998,0.0010391483,0.0010198513,0.0010308037,0.0009815851,0.0010455111,0.0010438571,0.0009836266,0.0010421136,0.0010467926,0.0010158727,0.0010366151,0.0009733597,0.0010199407,0.0009682784,0.001038284
2012-03-29,0.0014789263,0.0014434466,0.0014760504,0.0014909068,0.0014808634,0.0014818767,0.001464651,0.0014747838,0.0014191875,0.001483188,0.0014716843,0.0014218399,0.0014748136,0.0014588693,0.0014455924,0.0014754245,0.0014125714,0.0014305869,0.001413838,0.001481832
2012-03-30,0.0011119107,0.0010954747,0.0011055181,0.001061813,0.0011127451,0.0011089453,0.0010948638,0.0011160234,0.0010498622,0.0011110613,0.0011067698,0.0010511139,0.001108096,0.0010650465,0.0010819891,0.0011065314,0.0010364214,0.0010627815,0.0010430673,0.0011186311
2012-04-02,-0.0038846722,-0.0038953712,-0.0039595803,-0.0039666137,-0.0038823923,-0.0038843295,-0.0039260974,-0.0038815578,-0.0039342334,-0.0038942536,-0.0039008996,-0.0039516827,-0.0038992455,-0.0039435765,-0.003919094,-0.0039019277,-0.003967046,-0.003940477,-0.003957673,-0.003877147
2012-04-03,0.0020786533,0.0020786533,0.0020674327,0.0019887993,0.0020803818,0.0020783106,0.0020590583,0.0020747194,0.002020658,0.002075241,0.0020678202,0.002016888,0.0020696083,0.0020255456,0.0020525018,0.0020675221,0.0020079026,0.0020335028,0.002007843,0.0020852843
2012-04-04,0.0016641924,0.0016777078,0.0016519586,0.0015791366,0.001668469,0.0016623298,0.0016356716,0.0016610334,0.0016302625,0.0016662041,0.001663656,0.001606972,0.0016605565,0.0016193101,0.0016434649,0.0016617933,0.0015990445,0.0016344199,0.0016001472,0.001669378
2012-04-05,0.0010496834,0.0010475228,0.0010239938,0.0009846101,0.0010499218,0.001048849,0.0009921351,0.001030148,0.0010072747,0.0010402659,0.0010363767,0.0009860406,0.001036183,0.0009978572,0.0010107616,0.0010371367,0.0009783516,0.0010202238,0.0009792158,0.0010521272
2012-04-09,0.0024568895,0.0024553249,0.002424241,0.002400712,0.0024589757,0.0024591843,0.0024104128,0.0024460265,0.0024203965,0.0024507502,0.0024511823,0.0023975233,0.0024495432,0.0024142722,0.0024205307,0.002452121,0.0023937533,0.0024306187,0.0023918906,0.0024560997
2012-04-10,0.0010479251,0.0010381946,0.0010155896,0.00097172055,0.001051248,0.0010453621,0.0010015527,0.0010445127,0.0010062167,0.001035721,0.0010335902,0.0009845207,0.0010374496,0.0010007778,0.0010161856,0.0010341415,0.0009810785,0.0010086903,0.0009817341,0.0010481486
2012-04-11,0.0010432312,0.0010373602,0.0009992728,0.0009555081,0.0010460773,0.0010461668,0.0010080496,0.001040698,0.0010127285,0.0010377923,0.0010323683,0.0009868154,0.0010354379,0.0009998688,0.0010188231,0.0010301629,0.0009846697,0.0010116557,0.0009784261,0.0010015378
2012-04-12,0.00044809375,0.00044307206,0.00042606983,0.00038386974,0.00045076106,0.00044293795,0.00039714668,0.00045424793,0.00040547643,0.00044448767,0.00043881033,0.00038561318,0.0004398683,0.00039553735,0.00042359624,0.00043779705,0.0003974596,0.00041902158,0.0003832737,0.00039677415
2012-04-13,-6.70841e-05,-7.35214e-05,-0.00011804607,-0.00012694206,-6.753113e-05,-7.586088e-05,-0.00011564698,-6.568339e-05,-0.00011418667,-7.428136e-05,-7.975008e-05,-0.00013017561,-7.99885e-05,-0.00011061039,-9.5411204e-05,-7.973518e-05,-0.00011923816,-0.00010205712,-0.00013717916,-0.00012600329
2012-04-16,0.0020911852,0.002087579,0.002047197,0.002035738,0.0020902315,0.0020853886,0.0020438442,0.0020929435,0.002051578,0.0020870129,0.0020806352,0.0020279,0.0020814696,0.0020418325,0.0020636031,0.0020816186,0.002024413,0.0020653168,0.0020204792,0.0020308355
2012-04-17,0.0010467926,0.0010363022,0.0009909132,0.0009858618,0.0010473141,0.0010429183,0.001036481,0.0010343501,0.000995771,0.0010447064,0.0010394761,0.0009863833,0.0010388801,0.0009929845,0.0010098079,0.0010390291,0.0010467628,0.0010213265,0.0009777257,0.0010349462
2012-04-18,-0.00046428945,-0.00046321657,-0.0005127033,-0.00051957276,-0.00046163704,-0.00046598818,-0.00048983004,-0.00048360135,-0.0005148044,-0.0004623672,-0.00046804454,-0.0005190959,-0.00046832766,-0.0005124351,-0.00050136354,-0.00047075655,-0.00052831974,-0.0004895469,-0.00053629186,-0.0004650941
2012-04-19,0.0018297741,0.0018250206,0.0017815242,0.0017777542,0.0018322924,0.0018309364,0.00182286,0.0018161098,0.0017775754,0.0018284628,0.0018213848,0.001773403,0.0018260488,0.0017788867,0.0017945031,0.0018250803,0.0017542252,0.0018167356,0.0017423192,0.0018308917
2012-04-20,0.0010418603,0.0010375986,0.0009903172,0.0009907642,0.0010479102,0.0010482827,0.0010349611,0.0010299692,0.0009905854,0.0010429034,0.0010356465,0.0009867856,0.0010386566,0.0009900341,0.0010079751,0.0010365853,0.0009583691,0.0010215798,0.00095485244,0.0010498473
2012-04-23,0.0010469714,0.001031951,0.00096663926,0.0009898404,0.0010476271,0.0010372857,0.0010083625,0.0010397593,0.0009909878,0.0010432163,0.0010406384,0.0009838799,0.0010380456,0.0009862492,0.0010031173,0.0010371963,0.0010186741,0.0010333369,0.0009797672,0.0010035643
2012-04-24,0.0010510394,0.0010109106,0.0010141293,0.0009910623,0.0010521123,0.0010383138,0.0010078708,0.001025618,0.0009891549,0.0010387162,0.0010342905,0.0009839693,0.001033173,0.0009976486,0.0009983787,0.0010340074,0.0010283301,0.0010158131,0.0009775022,0.0010058889
2012-04-25,0.0025966326,0.002584369,0.0025771568,0.002541677,0.0025991956,0.0025930116,0.0025603035,0.0025937418,0.0025376389,0.0025916854,0.0025832662,0.0025319913,0.0025834301,0.0025399337,0.002543644,0.0025837133,0.0025821188,0.002565504,0.0025168667,0.0025384286
2012-04-26,0.0010528425,0.0010272423,0.0010356167,0.0009880075,0.0010546455,0.0010486552,0.0010281662,0.0010460773,0.0009888718,0.0010413835,0.0010370472,0.0009860555,0.0010367939,0.0009899596,0.0010021487,0.0010383138,0.0010415772,0.0010298202,0.0009698132,0.0009900341
2012-04-27,0.002229155,0.0022239247,0.0022022882,0.0021719495,0.0022309134,0.0022238502,0.0021951804,0.0022269795,0.0021705637,0.0022248188,0.002222524,0.0021681348,0.0022200951,0.0021697292,0.0022262493,0.002221615,0.002172918,0.002230526,0.0021461407,0.0021782825
2012-04-30,0.0028907517,0.0029052505,0.0028758952,0.0028335461,0.0028910497,0.0028826455,0.0028691003,0.0029012868,0.002834187,0.002890707,0.002888144,0.0028296271,0.0028876523,0.0028358558,0.00289175,0.0028864006,0.0028349767,0.0028844485,0.0028269598,0.0028490433
2012-05-01,0.0010509947,0.0010482529,0.0010307888,0.0009815851,0.0010505626,0.001047493,0.0010361979,0.0010542581,0.0009882459,0.0010372559,0.0010399828,0.0009865919,0.0010374198,0.0009862343,0.001017631,0.0010382244,0.0009926865,0.001037092,0.00097654853,0.0009925971
2012-05-02,-0.00082218554,-0.00084111,-0.0008435091,-0.0008919677,-0.00090169813,-0.00084024575,-0.0008360734,-0.00084015634,-0.00089184847,-0.00083660986,-0.0008370122,-0.00089806225,-0.0008419892,-0.00089308526,-0.00085164513,-0.0008396348,-0.00084823277,-0.0008420786,-0.00090171304,-0.00088506844
2012-05-03,0.0010427842,0.0010388503,0.0010389099,0.0009870687,0.0009645531,0.001035572,0.0010246644,0.0010326663,0.0009861598,0.0010431716,0.00103964,0.0009814808,0.0010427991,0.0009829113,0.001017944,0.0010283748,0.0010427246,0.0010367492,0.000974671,0.001010091
2012-05-04,0.0007621804,0.0007706443,0.00076235924,0.0007245103,0.00072033796,0.0007808814,0.0007632384,0.00077414606,0.000724853,0.00077299867,0.00077132974,0.00072291587,0.0007722834,0.0007206956,0.00074868,0.00077138934,0.0007863948,0.0007852623,0.0007171938,0.0007282952
2012-05-07,0.00046259258,0.00046239886,0.00045850966,0.00041513238,0.0004116604,0.0004628608,0.0004615495,0.00045220647,0.00041386578,0.00047130976,0.00046777818,0.00041221175,0.0004666457,0.00041063223,0.00045347307,0.00047019217,0.00047986303,0.00048050378,0.00040574465,0.00043487642
2012-05-08,0.0010458836,0.0010542432,0.0010356018,0.0009911368,0.0009792456,0.0010436485,0.0010463456,0.0010478655,0.0009854147,0.0010505179,0.0010403702,0.0009872625,0.001043872,0.0009855786,0.0010455707,0.0009884397,0.001053513,0.0010439465,0.0009794692,0.000994862
2012-05-09,0.0010477314,0.001035125,0.0010322938,0.0009883353,0.0009793052,0.0010506669,0.0010389844,0.0010353038,0.0009846548,0.0010439167,0.0010409663,0.0009889165,0.001038597,0.0009866813,0.0010147402,0.0010405192,0.0010576108,0.0010434249,0.000980393,0.0009955624
2012-05-10,0.0010844627,0.0010445574,0.0010383734,0.0009906897,0.0009907195,0.0010511288,0.0010425309,0.0010387609,0.0009896467,0.001047344,0.0010478655,0.0009838948,0.0010437826,0.0009851614,0.0010326663,0.0010450641,0.0010481188,0.0010452429,0.0009782324,0.0009925524
2012-05-11,0.0010074684,0.0010418752,0.0010447958,0.0009833733,0.0009790519,0.0010553161,0.0010385076,0.0010487298,0.0009861151,0.0010461668,0.0010427395,0.0009817937,0.0010439018,0.000979499,0.0010239938,0.0010453621,0.0010505179,0.0010425309,0.0009783516,0.000997127
2012-05-14,0.0016208598,0.0016571144,0.0016561756,0.0016019056,0.001593844,0.0016633729,0.0016544322,0.0016600499,0.0016035894,0.0016583363,0.001661987,0.0015960941,0.0016579935,0.0015965411,0.0016330043,0.0016668746,0.0016663829,0.0016626725,0.0015936056,0.0016131857
2012-05-15,0.0010068277,0.001029388,0.0010303268,0.0009843865,0.0009609023,0.0010439316,0.0010435889,0.0010392079,0.0009890357,0.0010430077,0.0010418007,0.0009799758,0.0010364065,0.0009779194,0.001030759,0.0010420093,0.0009942213,0.0010477165,0.00097577367,0.0009935657
2012-05-16,0.0010364065,0.0010339478,0.0010388801,0.000987188,0.0009579668,0.0010492215,0.0010338137,0.0010428885,0.0009843567,0.0010477016,0.00103587,0.0009843269,0.0010413686,0.0009802738,0.0010316828,0.0010453621,0.0010373155,0.0010497728,0.00097525213,0.0009935508
2012-05-17,0.0010470459,0.0010487596,0.0010399083,0.0009845952,0.0010420391,0.0010422328,0.0010331133,0.0010308037,0.000982509,0.0010461519,0.0010357955,0.0009825537,0.001037539,0.0009763101,0.0010224739,0.0010406384,0.0009969482,0.0010475526,0.0009823153,0.0009922097
2012-05-18,0.0010534236,0.0010498175,0.0010296265,0.000985817,0.00096897874,0.0010531405,0.0010445127,0.0010250518,0.0009900937,0.0010466734,0.0010488341,0.0009853104,0.0010373602,0.0009788731,0.0010187337,0.0010423819,0.000996829,0.0010436932,0.00095765386,0.0010358104
2012-05-21,0.002002121,0.0020023296,0.0019662688,0.0019302825,0.0019819746,0.001999707,0.0019749412,0.0019739578,0.0019351253,0.0019906322,0.0019899318,0.0019296566,0.00198114,0.0019264081,0.0019705752,0.0019864598,0.0019411901,0.0019940445,0.0019274512,0.0019975016
2012-05-22,0.0010154704,0.0010494897,0.0010087201,0.0009841183,0.0010484913,0.001051412,0.0010270784,0.001017184,0.0009960243,0.0010428587,0.0010516057,0.0009824196,0.0010326961,0.0009852806,0.001022459,0.0010393122,0.0009928057,0.0010572085,0.0009827623,0.0010578791
2012-05-23,0.0009519169,0.00096029136,0.00094091985,0.0008939812,0.0008795718,0.0009610215,0.0009546736,0.0009427527,0.00089742336,0.0009596059,0.00096805487,0.00089483056,0.0009542266,0.00089998636,0.00094623957,0.00095763896,0.000906677,0.00097553525,0.0008748332,0.00096926186
2012-05-24,0.0010212669,0.0010567317,0.0010292837,0.0009799162,0.0009521106,0.001047344,0.0010408917,0.0010222802,0.0009881267,0.0010462413,0.0010467479,0.0009828517,0.0010439912,0.0009869346,0.0010394314,0.0010433951,0.000987933,0.0010547796,0.0009493837,0.001050801
2012-05-25,0.0009020278,0.0010464648,0.0010287473,0.0009794543,0.00095240865,0.0010494897,0.0010486702,0.0010295967,0.000996829,0.0010461817,0.0010504732,0.0009839097,0.0010469118,0.00096130464,0.001042203,0.00104493,0.0009919116,0.0010425905,0.0009594718,0.001043723
2012-05-29,0.0009171823,0.0010422776,0.0010360489,0.0009807358,0.00095246825,0.0010487,0.001048238,0.0010230849,0.0010021487,0.001046122,0.0010464499,0.0009847144,0.0010465989,0.0009568641,0.0010452429,0.0010452578,0.0009918967,0.0010420093,0.00095857773,0.0010411302
2012-05-30,0.0009172121,0.0010367939,0.0010286281,0.0009852061,0.00095112715,0.0010552714,0.0010455856,0.0010310719,0.001000748,0.0010442296,0.0010417858,0.0009885887,0.0010438422,0.0009582499,0.0010390738,0.0010425011,0.0010009864,0.0010490576,0.00094752107,0.0010519186
2012-05-31,0.0008438686,0.0008697668,0.0008709589,0.0008275369,0.000809134,0.00080974493,0.0008827606,0.0008634785,0.0008479366,0.0008848617,0.0008846978,0.0008243928,0.00088325236,0.000796617,0.00087659154,0.00087155495,0.00083445106,0.00089454744,0.00078706536,0.00089462195
2012-06-01,0.001032413,0.0010356018,0.0010264078,0.0009847144,0.00097058807,0.00095731113,0.0010503242,0.0010284642,0.0010098973,0.0010460028,0.0010459432,0.000983418,0.001040251,0.00094755087,0.0010181526,0.0010438124,0.000991107,0.0010556588,0.00094704423,0.0010551224
2012-06-04,0.0025175074,0.0025158683,0.0025033066,0.0024600783,0.0024493346,0.002429814,0.002521054,0.0025034407,0.002485455,0.0025211135,0.0025182078,0.002459542,0.0025136182,0.002423958,0.0025115171,0.002520428,0.0024718503,0.0025315443,0.0024248222,0.002532647
2012-06-05,0.0010357806,0.0010366598,0.0010311166,0.000980855,0.00097155664,0.0009520063,0.0010416964,0.0010296414,0.001001806,0.0010356465,0.0010400275,0.000980244,0.0010384629,0.00094702933,0.0010450194,0.0010413388,0.0009931931,0.001042352,0.0009494433,0.0009793648
2012-06-06,0.0021081576,0.0020971457,0.002101482,0.0020454386,0.0020187208,0.0020063678,0.002103121,0.0021069804,0.0020627687,0.0020980844,0.0021024058,0.0020371387,0.0021011094,0.002006174,0.0021042237,0.0021086792,0.002054573,0.0021119723,0.002009646,0.0020249644
2012-06-07,0.0010623792,0.0010479996,0.0010258565,0.000988082,0.0009591142,0.00094710384,0.0010379413,0.00103362,0.001003922,0.0010360787,0.0010415772,0.0009848932,0.0010436336,0.00094704423,0.001015068,0.0010450939,0.0009995112,0.0010621408,0.00095109735,0.0009794096
2012-06-08,0.0019506523,0.0019479701,0.0019349167,0.0018859366,0.0018575797,0.0018474022,0.0019447813,0.0019467631,0.0019181529,0.0019449154,0.001948596,0.0018799314,0.0019466141,0.0018475959,0.0019146809,0.0019466737,0.0018745223,0.0019588778,0.0018488327,0.0018713335
2012-06-11,0.0023026774,0.0023046592,0.0022930363,0.0022338936,0.0022084722,0.0021976838,0.002299876,0.0023032138,0.002246187,0.0023032436,0.0023033032,0.0022090534,0.002298803,0.0022166828,0.0022690454,0.002299876,0.0022155652,0.0023113945,0.002202914,0.002213777
2012-06-12,0.0009759674,0.0010424713,0.0010376284,0.0009877393,0.00094720814,0.0009465525,0.0010448853,0.0010485211,0.0010012994,0.0010509649,0.0010463307,0.00095650647,0.001048998,0.00094874296,0.0010129074,0.0010494748,0.0009634504,0.0010537067,0.0009519765,0.0009591738
2012-06-13,-0.00097243395,-0.00088803377,-0.00089785364,-0.0009433916,-0.0009849211,-0.000985249,-0.00089011993,-0.0008882573,-0.00092776027,-0.00088894274,-0.0008791527,-0.0009721508,-0.0008845469,-0.0009835055,-0.0008999249,-0.000883474,-0.0009202501,-0.00088395085,-0.0009803912,-0.0009422889
2012-06-14,0.00096032117,0.0010496238,0.0010324428,0.0009869346,0.00094714854,0.0009469697,0.0010397891,0.0010325173,0.0010002861,0.0010376582,0.0010475526,0.0009556422,0.0010447213,0.00094881747,0.0010384182,0.0010473588,0.0009824047,0.0010507265,0.0009481916,0.0009710649
2012-06-15,0.0015433589,0.0016278336,0.0016257027,0.0015682587,0.0015321532,0.0015318552,0.0016269395,0.0016193399,0.0015774826,0.001630039,0.0016283253,0.0015362212,0.0016278038,0.0015403042,0.0016108314,0.0016287724,0.0015647719,0.0016310224,0.0015330622,0.0015461156
2012-06-18,0.0009885887,0.001043574,0.0010386715,0.0009851912,0.00096412096,0.00094717834,0.0010424117,0.0010374794,0.0010004202,0.0010437081,0.0010426501,0.00095233414,0.0010370472,0.0009582946,0.001027138,0.0010395953,0.00097568426,0.0010455707,0.0009505013,0.00095616374
2012-06-19,0.0010401318,0.0010302076,0.001041309,0.0009834329,0.0009726742,0.0009470144,0.0010417709,0.0010364065,0.0009979764,0.0010435292,0.0010459879,0.0009542564,0.0010394165,0.000973911,0.0010211924,0.0010427693,0.0009961138,0.0010397146,0.00094734225,0.00096011255
2012-06-20,0.0010409364,0.0010304609,0.0010442892,0.0009873072,0.00097024534,0.0009470144,0.0010412643,0.0010411749,0.0009959647,0.0010444084,0.0010491023,0.0009517977,0.0010389546,0.00097145233,0.0010062018,0.0010448406,0.0009996006,0.0010475824,0.0009475658,0.0009545693
2012-06-21,0.0026667127,0.002651901,0.0026651332,0.002609835,0.0025723437,0.0025930414,0.002668784,0.002667279,0.0026147077,0.0026678005,0.0026762495,0.002573342,0.0026650736,0.0025961706,0.0026392946,0.0026699314,0.0026377598,0.0026759217,0.0025691548,0.0025695572
2012-06-22,0.0018079141,0.0018244097,0.0018397281,0.0017816136,0.0017547319,0.0017921338,0.0018417547,0.0018198797,0.0017802725,0.0018422613,0.0018440345,0.0017609904,0.0018375823,0.0017644325,0.0018077055,0.0018401155,0.0017898539,0.0018491158,0.0017707655,0.001739935
2012-06-25,0.0017226348,0.0018025199,0.0018095085,0.001753048,0.0017211149,0.0017325142,0.001814858,0.001801894,0.0017637769,0.0018149177,0.0018098066,0.0017172704,0.0018071989,0.0017247805,0.001772196,0.0018084059,0.0017546276,0.001807333,0.0017385492,0.0017105648
2012-06-26,0.0010092268,0.0010378817,0.0010427395,0.000992761,0.0009558508,0.0009972313,0.0010448406,0.0010204175,0.0009978423,0.0010435292,0.0010439316,0.0009649256,0.0010421583,0.0009669671,0.0010302672,0.0010441998,0.0009955326,0.0010474185,0.0009749243,0.00094735716
2012-06-27,0.0010433504,0.001043574,0.001042516,0.0009865621,0.00094711874,0.0009891996,0.0010418752,0.0010269741,0.0009928057,0.0010409066,0.0010414282,0.0009780833,0.0010409663,0.00096149836,0.0010235468,0.0010432163,0.0009883652,0.0010353336,0.0009746561,0.00094722304
2012-06-28,0.0010328749,0.0010405788,0.0010376135,0.0010205517,0.00094708893,0.0009921053,0.00102155,0.0010250816,0.0009897659,0.0010396997,0.0010427693,0.00096392725,0.0010392228,0.0009733448,0.0010263333,0.0010339031,0.0009916136,0.0010421285,0.0009858469,0.00094716344
2012-06-29,0.0010224739,0.0010473141,0.0010355273,0.0009720633,0.00094702933,0.0009812722,0.001032115,0.0010247985,0.0009901235,0.0010368237,0.0010408917,0.000958384,0.0010371963,0.00095391367,0.0010214606,0.0010440508,0.0009897808,0.0010343501,0.0009888271,0.00094708893
2012-07-02,0.0009777108,0.0010516504,0.001043559,0.0009658495,0.00094704423,0.0010290155,0.0010284046,0.001047493,0.0010033706,0.001045079,0.0010432014,0.00097560976,0.0010407576,0.00097063277,0.0010547796,0.0010463754,0.001007528,0.0010508606,0.000988693,0.00094713364
2012-07-03,0.0009571472,0.0010469416,0.0010496536,0.00096155796,0.00094705913,0.0009788135,0.0010308037,0.0010371665,0.0009972462,0.0010445127,0.001046286,0.00096401665,0.0010454366,0.00095361564,0.0010616044,0.0010468224,0.0009852657,0.0010516355,0.0009879628,0.00094705913
2012-07-05,0.0009623477,0.0010529915,0.0010507116,0.0009618411,0.0009469846,0.0009900788,0.0010436038,0.0010457346,0.0009923587,0.001048238,0.0010458836,0.0009584585,0.0010434845,0.0009610811,0.0010588327,0.0010531703,0.0010261396,0.0010496387,0.0009903023,0.0009470144
2012-07-06,0.00095732603,0.001039044,0.0010471353,0.0009481022,0.0009470144,0.0010038922,0.001024277,0.0010407725,0.0010000775,0.0010503391,0.001044617,0.00096033607,0.0010443488,0.00096030626,0.0010587284,0.0010471949,0.0009946385,0.001053975,0.0009910921,0.00094702933
2012-07-09,0.00094708893,0.001046733,0.001034365,0.0009477893,0.00094705913,0.0009764144,0.0010383734,0.0010276893,0.001002253,0.0010436634,0.0010474185,0.0009773085,0.0010454813,0.00095519517,0.0010513971,0.0010465095,0.0009837458,0.0010467032,0.0009897808,0.0010257075
2012-07-10,0.0009475658,0.001053975,0.0010436336,0.00094752107,0.00094704423,0.0010251114,0.0010353485,0.001044766,0.0009943256,0.0010496685,0.0010457495,0.0009802589,0.0010454515,0.0009675333,0.0010522911,0.0010470459,0.00098838,0.0010522017,0.0009861747,0.0009591887
2012-07-11,0.00094737206,0.001045526,0.0010464946,0.00094737206,0.00095106754,0.0009963522,0.0010412792,0.001050354,0.0010357508,0.0010507414,0.0010452578,0.00097400043,0.0010477314,0.00095900986,0.0010510692,0.0010481039,0.000982062,0.0010481188,0.000990347,0.00095096324
2012-07-12,0.0021869699,0.0022928426,0.002283604,0.002187402,0.002188922,0.0022173682,0.0022749612,0.0022893706,0.0022591958,0.002285854,0.0022867927,0.0022095153,0.0022832463,0.0021962235,0.0022544125,0.0022842297,0.0022203336,0.0022808323,0.0022230754,0.0021888772
2012-07-13,0.0021585831,0.0022624442,0.0022598514,0.0021593282,0.002160863,0.0021857182,0.0022483924,0.0022635022,0.0022298405,0.0022594938,0.0022557685,0.0021772245,0.002251939,0.0021653185,0.0022267113,0.0022577206,0.0021972517,0.002256156,0.002200679,0.0021648118
2012-07-16,0.0018166015,0.0019100616,0.0019140551,0.001816825,0.0018327245,0.0018891254,0.0019057402,0.0019206116,0.001867787,0.0019118199,0.0019084075,0.0018610815,0.0019032666,0.0018384913,0.0019088546,0.0019118944,0.0018597404,0.0019197175,0.0018595019,0.0018171677
2012-07-17,0.0009456435,0.0010463605,0.0010457495,0.00094708893,0.0009559402,0.0009872923,0.0010296563,0.0010503987,0.0009938041,0.0010436485,0.0010432759,0.0009861896,0.0010366449,0.00095731113,0.0010446468,0.0010420242,0.0009735534,0.0010409215,0.0009897808,0.00094725285
2012-07-18,0.00094702933,0.0010452429,0.0010406086,0.00094708893,0.0009582648,0.0009875307,0.0010373751,0.00104718,0.0010008225,0.0010430077,0.0010380009,0.0009803483,0.0010336051,0.00095647667,0.0010083625,0.0010415176,0.0009722421,0.0010380307,0.0009910623,0.00094723795
2012-07-19,0.0020232806,0.0021184394,0.0021252194,0.0020231465,0.0020326236,0.0020972202,0.002120004,0.0021226266,0.0020702789,0.0021227906,0.0021151612,0.0020465264,0.0021097073,0.0020420859,0.002081246,0.0021189013,0.0020945976,0.002106608,0.002072216,0.002023221
2012-07-20,0.0027426789,0.0028431723,0.0028418163,0.0027498761,0.0027576396,0.0027748356,0.0028466145,0.0028421888,0.0027957568,0.0028434405,0.002836869,0.0027629295,0.0028369883,0.0027542422,0.002797098,0.0028378824,0.0027977088,0.0027944008,0.0027926723,0.0027445266
2012-07-23,-0.0058508506,-0.0057501635,-0.005752801,-0.0058365753,-0.0058453223,-0.00582455,-0.005750104,-0.00575222,-0.0057917675,-0.005752801,-0.005761086,-0.0058132103,-0.005763351,-0.005843832,-0.005795731,-0.0057564517,-0.005804523,-0.0057686856,-0.005806162,-0.005849718
2012-07-24,0.0009974549,0.0010446319,0.0010437081,0.00096261594,0.0009707967,0.0010042796,0.0010453621,0.0010465542,0.000998334,0.0010444978,0.0010405788,0.0009964565,0.00103663,0.00096783135,0.0010002265,0.0010414729,0.0010170797,0.0010344395,0.0009945938,0.00094702933
2012-07-25,0.00094983075,0.0010445574,0.001033918,0.00096371863,0.0009533474,0.00096547697,0.0010371963,0.0010332325,0.0010059932,0.0010436783,0.0010422627,0.001004369,0.0010415325,0.0009945044,0.000993506,0.0010424862,0.0009905854,0.0010273317,0.000990347,0.00094710384
2012-07-26,0.000948132,0.0010397742,0.0010447511,0.0009771297,0.0009505758,0.0009669522,0.0010212222,0.0010428885,0.0010049054,0.0010406235,0.0010490278,0.00095613394,0.0010441253,0.0009571472,0.0010097036,0.0010436932,0.0010123858,0.0010407129,0.0009899745,0.00094708893
2012-07-27,0.002553613,0.0026376406,0.0026361654,0.0025784383,0.0025557438,0.0025797347,0.0026171217,0.0026499638,0.00262189,0.0026468048,0.0026527205,0.0025977949,0.0026471624,0.00256084,0.0026236335,0.002645583,0.0025998214,0.002635465,0.0025921473,0.0025527636
2012-07-30,0.0029413262,0.003021107,0.003020824,0.0029552141,0.0029370794,0.0029537538,0.0030007819,0.0030169794,0.002992184,0.0030242363,0.0030274997,0.002948762,0.0030217478,0.0029415945,0.002989159,0.0030239234,0.0029645422,0.0030167857,0.0029670605,0.002927185
2012-07-31,0.0009466866,0.0010364661,0.0010354826,0.0009784857,0.00094977114,0.0009543309,0.0010299096,0.0010440508,0.0010018507,0.001045824,0.0010412643,0.0009661028,0.0010415325,0.0009848038,0.0010261545,0.0010465244,0.0010022232,0.0010380605,0.0009839842,0.00094705913
2012-08-01,0.0027591148,0.0028606514,0.002856345,0.0027942369,0.0027635405,0.0027705887,0.002852426,0.0028554061,0.0028285543,0.002856777,0.0028533498,0.0027679065,0.0028546164,0.00279376,0.0028446475,0.0028595934,0.002810345,0.0028474787,0.002795742,0.0027605304
2012-08-02,0.0029768506,0.0030019442,0.0030040303,0.0029306123,0.0029248605,0.0029330263,0.002990515,0.0029934356,0.0029708603,0.0029968629,0.0029976377,0.002917857,0.0029965201,0.0029428313,0.0029690275,0.0029981742,0.0029562274,0.0029767165,0.0029380033,0.0029015401
2012-08-03,0.0018073628,0.0018404732,0.001840354,0.0017663697,0.0017637024,0.0017837146,0.0018246332,0.0018238733,0.0018038014,0.0018328587,0.0018363008,0.0017460892,0.0018354515,0.0017637024,0.0018129805,0.0018345276,0.0017983625,0.001809285,0.0017797807,0.0017433623
2012-08-06,0.0012906501,0.0013823966,0.0013974765,0.0013089934,0.001286597,0.0013328651,0.0013615498,0.0013725916,0.0013818303,0.0013787607,0.0013824413,0.0012833038,0.0013780752,0.0013097534,0.0013508955,0.0013781646,0.001376749,0.0013629952,0.0013189325,0.0013713846
2012-08-07,0.0009492794,0.0010407725,0.001046137,0.00097310636,0.00094972644,0.0009618858,0.0010212818,0.0010316083,0.0010259757,0.0010325471,0.0010366747,0.00094731245,0.0010372708,0.0009606639,0.0010252157,0.0010417709,0.0010285834,0.0010232637,0.000980691,0.0010464797
2012-08-08,0.0009545544,0.0010342756,0.0010328004,0.00097444747,0.0009604702,0.0009694705,0.0010216692,0.001030759,0.0010195235,0.0010362873,0.0010406682,0.000967429,0.0010340074,0.0010285089,0.0010052184,0.0010375837,0.0010284791,0.0010339031,0.0009815404,0.0010374943
2012-08-09,8.2821585e-05,0.00010813866,0.00010082219,5.2035786e-05,5.3078867e-05,9.7573735e-05,0.00010675285,0.00010435376,7.842574e-05,0.000112445094,0.00011114869,4.7386624e-05,0.000108600594,9.2060305e-05,8.350704e-05,0.0001112232,9.3848445e-05,0.0001100013,5.6029297e-05,9.9898316e-05
2012-08-10,0.0022759894,0.0023028264,0.002301813,0.0023067454,0.0022455314,0.00227742,0.0023057768,0.0023040632,0.0022698054,0.0023120353,0.0023126611,0.0022277245,0.0023074606,0.0023097256,0.0022809962,0.0023110518,0.002294586,0.0022939006,0.0022580037,0.0023245672
2012-08-13,0.00100346,0.00104493,0.0010270933,0.0009857574,0.000967131,0.0009981254,0.0010333816,0.0010294775,0.0010039816,0.00104116,0.0010379711,0.0009693811,0.0010403553,0.0010254988,0.0010105828,0.0010386566,0.0010145614,0.0010172287,0.0009803036,0.0010375986
2012-08-14,0.0010090331,0.0010393122,0.0009924034,0.00097318087,0.0009849081,0.0009751627,0.0010313699,0.0010291049,0.001007841,0.0010367045,0.0010335008,0.0009834478,0.0010337541,0.0010350058,0.00100346,0.0010325322,0.001010091,0.0009912709,0.0009783218,0.0009675184
2012-08-15,0.001034529,0.0010325471,0.0009933123,0.0009797523,0.0010401169,0.0009887973,0.0010279426,0.0010318169,0.0010144571,0.0010384778,0.0010354379,0.0009860406,0.0010330537,0.001038448,0.0010139802,0.0010352889,0.0010152617,0.0010226676,0.0009779045,0.000960798
2012-08-16,0.0032809833,0.0032865861,0.0032273838,0.003221036,0.003244386,0.0032330314,0.0032702694,0.0032699415,0.0032452354,0.0032810578,0.0032755295,0.003214226,0.0032767812,0.0032775411,0.0032660374,0.0032774815,0.0032512704,0.003258274,0.0032197991,0.0031930814
2012-08-17,0.00106603,0.0010331133,0.0009822855,0.0009789029,0.0009918371,0.0009965459,0.0010305801,0.0010291496,0.0010211477,0.0010395953,0.001042814,0.00096537266,0.0010388801,0.0010495791,0.0010180483,0.0010410557,0.0010181377,0.0010267058,0.0009780983,0.0009545842
2012-08-20,0.0010369578,0.0010377178,0.000981898,0.0009759525,0.000990794,0.0009885142,0.0010457495,0.0010364363,0.0010338882,0.001044617,0.0010400573,0.0009620497,0.001039655,0.0010471353,0.0010207603,0.0010439763,0.0010231445,0.001027138,0.0009797374,0.00094723795
2012-08-21,0.0010354677,0.0010398934,0.0009777555,0.0009737769,0.0009911517,0.0009883055,0.0010366449,0.0010225633,0.0010152617,0.0010441998,0.0010365853,0.0009818384,0.0010344246,0.0010434845,0.0010144571,0.0010420838,0.0010315934,0.0010204623,0.0009777257,0.00094704423
2012-08-22,0.0010556886,0.0010376731,0.0009791264,0.00097428355,0.0010045031,0.0009908536,0.0010395804,0.0010207007,0.0010133544,0.0010433206,0.0010343501,0.0009827325,0.0010353634,0.0010438422,0.0010284046,0.0010423819,0.0010280171,0.001022757,0.0009771297,0.00094702933
2012-08-23,0.0010259012,0.0010444978,0.00097313616,0.0009760121,0.001003773,0.0009882906,0.0010336796,0.0010267207,0.0010162303,0.0010424117,0.0010349611,0.0009712586,0.0010350356,0.0010352293,0.0010282109,0.0010391334,0.0010315189,0.0010349164,0.00097572897,0.00094707403
2012-08-24,0.0010342309,0.0010438422,0.0009969482,0.0009792456,0.0009916434,0.0009881863,0.001029403,0.0010242471,0.0010214755,0.0010415474,0.0010368982,0.00095248315,0.0010363916,0.0010325918,0.0010158429,0.001032264,0.0010160962,0.001004667,0.0009770701,0.0010307739
2012-08-27,0.002867029,0.0028677145,0.0028104642,0.0028035352,0.0028158734,0.0028122673,0.0028329203,0.0028423676,0.0028410563,0.0028603533,0.002851055,0.0027856985,0.0028585503,0.0028588334,0.0028422037,0.0028597424,0.0028283903,0.0028473595,0.0027995566,0.0028679976
2012-08-28,0.0010583261,0.0010439912,0.000987188,0.0009800801,0.0009974847,0.0009908685,0.0010069022,0.0010212073,0.001012654,0.0010406831,0.0010335604,0.00096148346,0.0010349909,0.0010398487,0.0010094652,0.0010374794,0.0010285834,0.0010169158,0.0009772787,0.001047791
2012-08-29,0.0010420391,0.0010401318,0.0009876797,0.0009805718,0.0010232935,0.0009891847,0.0010079751,0.0010240683,0.0010079155,0.001039655,0.0010335753,0.0009807954,0.0010363022,0.0010313848,0.0010034749,0.0010385076,0.001027883,0.0010184804,0.0009773681,0.0010310719
2012-08-30,0.0010572979,0.001041458,0.0010051737,0.0009845505,0.0010245005,0.000991256,0.0010197619,0.0010372857,0.0010058144,0.0010446915,0.0010338137,0.0009495774,0.0010321746,0.0010427842,0.0009963373,0.0010428736,0.0010298053,0.001023368,0.0009778449,0.0010459134
2012-08-31,0.0010425458,0.0010400573,0.000999988,0.0009822259,0.0010276446,0.000986726,0.0010199109,0.0010373006,0.0010058591,0.0010419199,0.0010359595,0.0009737918,0.0010367641,0.0010345438,0.0010061422,0.001039953,0.0010261694,0.0010259608,0.0009760568,0.0010310868
2012-09-04,0.0019034157,0.001889796,0.0018784711,0.001829938,0.0018890062,0.0018349597,0.0018791566,0.0018914053,0.0018765638,0.0018910477,0.0018837163,0.0018176297,0.0018891403,0.0018844763,0.001849548,0.001888291,0.0018396834,0.0018725852,0.0018241266,0.0018847296
2012-09-05,0.0010317275,0.0010372857,0.0010249326,0.0009803483,0.001024873,0.0009887079,0.0010318765,0.0010338733,0.0009987364,0.0010404894,0.0010342458,0.0009979317,0.0010393122,0.0010278979,0.0010107914,0.0010368088,0.0009854147,0.0010196874,0.0009771446,0.0010283301
2012-09-06,0.0010286728,0.0010318318,0.0009922246,0.0009833733,0.0010271976,0.0009849379,0.001003013,0.0010273764,0.001006783,0.001035423,0.0010317424,0.000983418,0.0010388503,0.0010140399,0.0009958604,0.0010357061,0.0010132203,0.0010152468,0.0009768466,0.0010249177
2012-09-07,0.0010247985,0.001041607,0.0009931782,0.0009815106,0.0010263035,0.0009909132,0.0010003904,0.0010281364,0.0010066936,0.0010412643,0.0010344395,0.0009931186,0.0010364065,0.0010224143,0.0009913454,0.0010374198,0.0010233829,0.0010277191,0.0009766081,0.0010294924
2012-09-10,0.0010223696,0.0010364363,0.0009935657,0.0009824494,0.0010232935,0.0009863684,0.0010006437,0.0010293433,0.0009908238,0.0010402957,0.0010356018,0.0009931335,0.0010344991,0.0010258118,0.0009918222,0.0010375837,0.0010251263,0.001014025,0.0009769807,0.0010256628
2012-09-11,0.001028047,0.0010321597,0.0009947727,0.000984312,0.00102231,0.0009943554,0.0010075727,0.001028032,0.0009981254,0.001039804,0.0010366598,0.0009947727,0.0010365406,0.0010254541,0.0010377923,0.0010380307,0.0010214755,0.0009953687,0.0009762654,0.0010321299
2012-09-12,0.0029913345,0.0030026296,0.0029667774,0.0029470483,0.0029849866,0.0029637376,0.0029711137,0.0029978016,0.0029598335,0.0030082026,0.003001348,0.0029740194,0.002999873,0.0029996643,0.0029803226,0.003002257,0.0029896358,0.002981768,0.002943338,0.0029948512
2012-09-13,0.0031608948,0.0031583766,0.0031152824,0.0031007836,0.0031079212,0.003107966,0.0031144032,0.0031512836,0.0031208554,0.0031606564,0.0031574825,0.0031245956,0.0031594345,0.0031487802,0.003132091,0.0031579295,0.0031225393,0.0031314949,0.0030967006,0.0031431476
2012-09-14,0.0010556588,0.0010405639,0.0009963522,0.0009844014,0.0009855935,0.0009908536,0.0010031173,0.0010341564,0.0010034153,0.0010440955,0.0010385374,0.000998483,0.0010434398,0.0010238448,0.0010045031,0.0010396698,0.0010112682,0.0009940425,0.0009777108,0.0010216543
2012-09-17,0.0020287046,0.002034367,0.001989157,0.0019765059,0.0020341733,0.0019837627,0.0019910196,0.0020248452,0.0020203898,0.0020338902,0.0020295838,0.0019852677,0.0020285854,0.002020062,0.0020055035,0.002027885,0.0020020911,0.002008603,0.0019692788,0.0020160684
2012-09-18,-0.0055784723,-0.005576282,-0.0056242486,-0.0056402376,-0.0055921962,-0.005629896,-0.005619406,-0.005585178,-0.005600243,-0.0055762967,-0.005582704,-0.00562404,-0.005580484,-0.0055912277,-0.005609303,-0.005582585,-0.0056104055,-0.005608394,-0.0056412807,-0.0055892756
2012-09-19,0.0027522752,0.002768875,0.0027307877,0.002706186,0.002753497,0.0027254382,0.0027237246,0.002762408,0.0027514407,0.002767683,0.0027579376,0.0027195672,0.002767519,0.002761216,0.0027410844,0.0027614245,0.0027369717,0.0027423361,0.0027054409,0.0027643302
2012-09-20,0.0022736797,0.002260224,0.0022225836,0.0022052387,0.0022400478,0.0022107074,0.002222077,0.0022614757,0.0022380361,0.0022603432,0.0022582123,0.002223418,0.0022634128,0.0022524754,0.002222077,0.002257497,0.0022369483,0.0022294233,0.0021977285,0.002249346
2012-09-21,0.002549396,0.0025298158,0.0024879584,0.0024728635,0.002470375,0.0025388608,0.002494962,0.002523006,0.002504588,0.0025289217,0.0025291154,0.0024966905,0.0025370428,0.0025172988,0.0024922797,0.0025312463,0.0024964074,0.0025133202,0.002472804,0.002515153
2012-09-24,0.0010580281,0.0010392824,0.0009943405,0.0009808401,0.0010261843,0.0010580281,0.0010136226,0.0010281513,0.0010194937,0.0010408768,0.0010355571,0.0009889314,0.0010436783,0.0010207454,0.0010041604,0.0010362426,0.0010009864,0.0010276893,0.0009795288,0.00102608
2012-09-25,0.0013542185,0.001369969,0.001330019,0.0013087997,0.0013588229,0.0013588825,0.0013538459,0.0013563344,0.0013519386,0.0013683,0.001366944,0.0013179341,0.0013691643,0.0013492564,0.0013323585,0.0013530115,0.0013409862,0.0013582269,0.0013082782,0.0013564238
2012-09-26,0.00061759446,0.00064714346,0.0006103078,0.00058390293,0.0006271759,0.0006319145,0.0006235102,0.00063277874,0.0006231675,0.00064337347,0.00064182375,0.00060203765,0.00064239,0.00062112603,0.0006067762,0.000641183,0.0006192336,0.0006245682,0.00058676396,0.00063026045
2012-09-27,0.0010156492,0.0010394612,0.0010348121,0.000977994,0.0010163942,0.0010154406,0.0010266611,0.0010496685,0.00097532663,0.0010395506,0.0010349462,0.0009927312,0.0010397891,0.0010356614,0.0010158578,0.0010366151,0.0010237256,0.0009979317,0.0009787986,0.0010481933
2012-09-28,0.0009989301,0.0010415474,0.0010266462,0.0009784112,0.0010190913,0.0009884993,0.001033173,0.0010323087,0.00096502993,0.0010351995,0.0010385523,0.0009873817,0.0010380456,0.0010245005,0.0010139951,0.0010350952,0.0010078112,0.0010096291,0.0009774575,0.0010338137
2012-10-01,0.001025782,0.0010364363,0.0009909878,0.000983716,0.0010310868,0.001023368,0.0010153512,0.001038895,0.0010111639,0.0010347227,0.0010350505,0.0009890208,0.0010334263,0.0010156492,0.0010059187,0.0010383734,0.0010046074,0.0010108659,0.000975878,0.001040102
2012-10-02,0.0010141889,0.0010312656,0.0010194639,0.0009764293,0.0010507265,0.0009963373,0.001031802,0.0010342756,0.0009720484,0.0010372857,0.0010310123,0.0009914497,0.0010290602,0.0010277489,0.0010065595,0.0010326961,0.0010255734,0.0010193298,0.0009785453,0.0010440359
2012-10-03,0.001440824,0.0014564851,0.0014164457,0.0014049122,0.0014839033,0.0014320174,0.001462535,0.0014211098,0.0013771662,0.0014639655,0.0014685253,0.0014125416,0.0014618346,0.0014616409,0.0014440129,0.0014577666,0.0014603892,0.0014543096,0.0014063874,0.0014706114
2012-10-04,0.003262789,0.0032286355,0.003158913,0.003174589,0.0032503465,0.0032349238,0.0032278309,0.0031828443,0.0031404803,0.0032285461,0.003232048,0.003174902,0.0032293657,0.003228278,0.0032129297,0.0032168785,0.0032212744,0.003223271,0.0031692097,0.0032337764
2012-10-05,0.0010639587,0.0010422925,0.0010136077,0.000984774,0.0010514269,0.0010506222,0.0010465244,0.0009927461,0.00095988903,0.0010415772,0.0010457048,0.0009863833,0.0010450939,0.0010423819,0.0010175267,0.0010424564,0.0010489384,0.0010389695,0.0009800056,0.0010458389
2012-10-08,0.0010418007,0.0010343203,0.0010162601,0.0009836117,0.0010549137,0.0010590265,0.0010418752,0.0009906897,0.0009479085,0.0010388056,0.0010394612,0.0009845654,0.0010429481,0.0010375241,0.0010186443,0.0010431418,0.0010360638,0.0010302374,0.0009781579,0.0010379562
2012-10-09,0.0010347674,0.0010423819,0.0010168711,0.0009818831,0.0010411749,0.0010627368,0.0010289261,0.0009957114,0.0010026703,0.001040996,0.001031653,0.0009862045,0.0010358253,0.0010412196,0.0010005841,0.0010388652,0.0010367492,0.0010263333,0.0009775171,0.0010409364
2012-10-10,0.0009854445,0.001040698,0.0010167072,0.0009860257,0.0010429183,0.0010541091,0.0010336945,0.0010264227,0.00095623825,0.0010473141,0.0010398785,0.0009872327,0.001038895,0.001050503,0.0010271678,0.0010431418,0.0010511437,0.0010248134,0.0009777108,0.0010504434
2012-10-11,0.0010392377,0.0010428885,0.0009954283,0.000985221,0.0010519335,0.00105548,0.0010328749,0.0010388205,0.00095105264,0.0010414282,0.0010478059,0.000987173,0.0010392675,0.0010572085,0.0010307292,0.0010352889,0.0010464797,0.0010126242,0.0009772042,0.0010477016
2012-10-12,0.0025955895,0.002638177,0.0026081065,0.0025943676,0.0026603946,0.0026737163,0.0026373724,0.0026407102,0.0025530765,0.002641798,0.0026536593,0.0025862018,0.0026455382,0.0026552388,0.002644525,0.002635003,0.0026291916,0.0026326785,0.0025799582,0.0026513496
2012-10-15,0.0012025097,0.0012229988,0.00117986,0.001179711,0.001253427,0.0012203166,0.0012095878,0.0012376765,0.0011493573,0.0012278715,0.0012321929,0.0011708299,0.0012279162,0.001248748,0.0012318501,0.0012223432,0.0012242356,0.0011835257,0.0011663744,0.0012395838
2012-10-16,0.0010389695,0.001035721,0.0010010758,0.0009916732,0.0010712603,0.0010295371,0.0010165432,0.0010466734,0.0010258118,0.0010341117,0.0010373006,0.0009846548,0.001038433,0.0009783367,0.0010209242,0.0010303566,0.0010085562,0.001019136,0.000976027,0.0010533789
2012-10-17,0.0026308307,0.0026499191,0.0026334831,0.0026017884,0.00260982,0.0026334235,0.0026083598,0.0026476393,0.0026237974,0.0026443312,0.0026388327,0.002594323,0.0026415894,0.002624602,0.0026310394,0.002641336,0.002610908,0.0026388178,0.0025879452,0.002642245
2012-10-18,0.0025322745,0.0025563994,0.0025198022,0.0025096992,0.0025398443,0.0025387863,0.0025205323,0.0025518695,0.0025309483,0.0025498131,0.0025480548,0.0024998942,0.0025482783,0.002543644,0.0025355974,0.0025473842,0.0025279233,0.0025402466,0.0024953345,0.0025462667
2012-10-19,0.001009197,0.001030595,0.0009971866,0.0009828964,0.0009985128,0.0010370174,0.001009495,0.0010293135,0.0010011801,0.0010348717,0.0010048756,0.0009903619,0.0010319361,0.0010224292,0.0010167668,0.0010292092,0.0009991387,0.0010146061,0.0009775469,0.0010235319
2012-10-22,7.2279945e-06,-6.212853e-06,-2.2127293e-05,-5.391147e-05,-2.8475188e-05,-2.1084212e-05,-4.006829e-05,-1.3216399e-05,-2.6433729e-05,2.2361055e-06,-1.3708137e-05,-5.0007366e-05,-2.5620684e-06,-2.361741e-05,-1.7045997e-05,-3.7690625e-06,-4.7831796e-05,-2.6389025e-05,-5.8813952e-05,-1.3708137e-05
2012-10-23,0.0010575065,0.0010363618,0.000988395,0.0009864727,0.0009917924,0.0010178247,0.0010060975,0.0010245452,0.0010113129,0.001040862,0.0010323683,0.0009965012,0.0010407874,0.0010258118,0.0010161707,0.0010348866,0.000989289,0.0010208497,0.0009787986,0.0010239938
2012-10-24,0.0010077069,0.0010424564,0.0010126838,0.0009924332,0.0010149041,0.0010222802,0.0010054717,0.0010172883,0.0010108659,0.0010426799,0.0010376433,0.0009941468,0.0010365853,0.0010418901,0.0010335455,0.0010401765,0.0009700367,0.001019747,0.0009821365,0.0010249028
2012-10-25,0.002675564,0.0027081976,0.0026602158,0.002663062,0.002688379,0.002694876,0.002670453,0.0026902417,0.0026646266,0.0027077803,0.0027152011,0.0026705572,0.0027069459,0.002709956,0.0026979754,0.0027067373,0.0026583085,0.0026984224,0.0026536146,0.0026911655
2012-10-26,0.0025292644,0.0025714645,0.0025476227,0.0025200108,0.0025545368,0.0025521228,0.0025282362,0.0025586048,0.0025358656,0.0025643567,0.0025704065,0.0025289068,0.0025626877,0.002553762,0.0025572637,0.002561883,0.00252992,0.0025381157,0.0025075832,0.002546982
2012-10-31,0.0026116082,0.0026571164,0.0026335279,0.0026080767,0.0026440183,0.0026426474,0.0026347348,0.0026408294,0.0026339302,0.0026564607,0.0026609013,0.0026275376,0.0026529888,0.0026299218,0.0026560435,0.0026500532,0.0026121745,0.0026167938,0.002594904,0.002641649
2012-11-01,0.0010325024,0.001035885,0.0010206411,0.0009821067,0.0010172585,0.0010339925,0.0010197172,0.0010245154,0.0009987513,0.0010375688,0.0010342309,0.0010031322,0.0010373304,0.0010285536,0.0010088691,0.0010301778,0.000976325,0.0009960094,0.0009782771,0.0010255137
2012-11-02,0.0010408917,0.0010464499,0.0010262141,0.0009861449,0.001010702,0.0010424713,0.0010323832,0.0010215798,0.0010136673,0.0010374645,0.0010371963,0.001004667,0.001042963,0.0010261396,0.0010332773,0.001038433,0.0009882012,0.0009995112,0.0009766975,0.0010243664
2012-11-05,0.0010308484,0.0010507265,0.0010256479,0.0009906301,0.0010182271,0.001029403,0.001042203,0.0010251412,0.0010097632,0.0010435292,0.001035736,0.0010049054,0.0010488341,0.0010160962,0.0010508159,0.0010440359,0.0010021338,0.0009987811,0.000978441,0.0010289857
2012-11-06,0.0010310719,0.0010447511,0.0010010609,0.000987337,0.0010209987,0.0010305056,0.0010344395,0.0010273913,0.00099744,0.0010368088,0.0010317424,0.0010080347,0.001048849,0.0010162005,0.0010439763,0.001040549,0.0009936849,0.0010005096,0.0009767124,0.0010249177
2012-11-07,0.0010257969,0.0010476718,0.0009906897,0.0009856084,0.000999839,0.0010280022,0.0010340968,0.0010284046,0.0010068426,0.0010377476,0.0010308335,0.0009967694,0.0010406235,0.0010079006,0.0010524103,0.0010398487,0.0009898702,0.0010148594,0.0009735832,0.0010226974
2012-11-08,0.0010350356,0.0010388205,0.0010078112,0.0009832988,0.0010227272,0.0009873072,0.0010337243,0.0010299096,0.0010245303,0.0010336796,0.0010411451,0.0009898255,0.0010456899,0.0010164389,0.0010428289,0.001037092,0.0010049501,0.0009951005,0.000975878,0.0010327408
2012-11-09,0.0010405937,0.0010443637,0.0009960542,0.0009827176,0.0010255734,0.0009875009,0.0010309378,0.0010297904,0.0010085711,0.0010322193,0.0010361979,0.0010036686,0.0010459879,0.0010127285,0.0010391185,0.0010353485,0.0010110745,0.0010001073,0.0009768317,0.0010341862
2012-11-12,0.002914236,0.0029331157,0.0029112557,0.0028669247,0.0029148767,0.0028774897,0.002925844,0.002909259,0.0028957734,0.0029187659,0.0029210458,0.00289403,0.002930359,0.0028982172,0.0029310295,0.0029217014,0.0028939852,0.0029039243,0.002861158,0.0029177377
2012-11-13,0.0010405043,0.0010451386,0.0010183463,0.000983269,0.0010266015,0.0009866068,0.0010385076,0.0010170797,0.0010155002,0.0010308186,0.0010364363,0.0009999434,0.0010491619,0.0010164836,0.0010475675,0.0010367045,0.0010091821,0.0010023275,0.00097441766,0.0010358552
2012-11-14,0.0010387758,0.0010428438,0.001021401,0.0009830901,0.0010214606,0.000989587,0.0010281662,0.0010238299,0.0010314295,0.001032115,0.0010334561,0.000988991,0.0010447511,0.0010167519,0.0010425756,0.0010392824,0.0009918073,0.0009922842,0.00097429845,0.0010408172
2012-11-15,0.0010412047,0.0010331878,0.0010231445,0.000985832,0.0010257075,0.0009884546,0.0010275701,0.0010322342,0.0010292688,0.0010286728,0.001039044,0.000990958,0.0010453472,0.001015977,0.0010448853,0.0010371367,0.0009955028,0.0010031769,0.0009782026,0.0010444978
2012-11-16,-2.5971793e-05,-2.9339455e-05,-3.6402605e-05,-7.970538e-05,-3.7043355e-05,-7.185247e-05,-4.324224e-05,-2.5211833e-05,-5.1571988e-05,-3.4450553e-05,-2.5524758e-05,-7.2835945e-05,-2.4854206e-05,-5.1899813e-05,-2.5182031e-05,-2.9771589e-05,-6.9766305e-05,-5.184021e-05,-8.600857e-05,-1.811888e-05
2012-11-19,0.0022821436,0.0022867182,0.002280132,0.0022309134,0.0022729496,0.0022462914,0.002264143,0.002278165,0.002269731,0.0022877315,0.0022949586,0.0022349367,0.002288566,0.0022690007,0.0022923807,0.0022863308,0.0022411207,0.0022589723,0.002226756,0.0022891173
2012-11-20,0.0010462711,0.001048536,0.0010318467,0.0009872327,0.0010221908,0.00096677337,0.0010196874,0.0010303119,0.0009961436,0.0010429928,0.001036183,0.0009912262,0.0010425756,0.0010198215,0.0010524848,0.0010410855,0.0009879181,0.0010285238,0.000975878,0.0010376731
2012-11-21,0.0019104937,0.001913161,0.0018860558,0.0018465528,0.0018800804,0.0018213401,0.0018831501,0.0018919567,0.001863406,0.0019001821,0.0019013891,0.0018524984,0.0019028047,0.0018762061,0.001909093,0.0018934021,0.001852856,0.0018811384,0.0018374035,0.0018904814
2012-11-23,0.0010444978,0.0010472694,0.0010274807,0.0009860406,0.0010050545,0.00096164737,0.0010214904,0.0010235021,0.0010037133,0.0010420689,0.0010430971,0.0009967396,0.0010449002,0.001027585,0.0010413686,0.0010419795,0.0009863535,0.0010191659,0.00097531173,0.0010257969
2012-11-26,0.0010272423,0.0010517845,0.0010288218,0.0009911219,0.0010180036,0.00096757803,0.0010224143,0.0010295073,0.0009985277,0.0010427991,0.0010482231,0.001003162,0.0010442594,0.0010243217,0.0010320703,0.0010411749,0.0009820173,0.0010387907,0.00097411964,0.001030908
2012-11-27,0.0014458904,0.0014357874,0.0014197985,0.001377211,0.0014197538,0.0013368437,0.001410068,0.0014144937,0.0013959566,0.0014270851,0.0014417628,0.0013885805,0.0014344463,0.0014099339,0.0014234344,0.0014293948,0.0013795057,0.0014037201,0.0013664225,0.0014256397
2012-11-28,0.0010504732,0.0010425905,0.0010277936,0.0009889612,0.0010053674,0.00094704423,0.0010228017,0.0010237405,0.0009987364,0.0010333816,0.0010415623,0.0010022083,0.0010434249,0.001015232,0.0010350207,0.0010401914,0.0009931037,0.0010153959,0.00097549055,0.0010373751
2012-11-29,0.0010529021,0.0010404149,0.0010250667,0.000990198,0.0010217885,0.00094713364,0.0010236958,0.0010255435,0.0009999732,0.001035885,0.0010430971,0.0010007182,0.0010434398,0.0010029683,0.0010404298,0.0010376582,0.0009937445,0.0010076473,0.00097276364,0.0010375986
2012-11-30,0.0010622898,0.0010377029,0.0010264823,0.0009913752,0.0010157237,0.00094716344,0.0010195235,0.0010283599,0.0009927312,0.0010314295,0.0010362277,0.0009987662,0.0010413537,0.001010404,0.0010348568,0.001036183,0.000989587,0.0010301778,0.0009733895,0.0010370472
2012-12-03,0.0027322331,0.0027310858,0.002714158,0.0026762793,0.0027195076,0.002632887,0.002711282,0.0027170489,0.0026855478,0.0027267644,0.0027229944,0.0026890794,0.0027229944,0.0027141878,0.002722458,0.0027249763,0.0026745806,0.002725319,0.002661691,0.0027206698
2012-12-04,0.0010622153,0.0010452876,0.0010309825,0.0009910325,0.0010303119,0.0009469995,0.0010181824,0.001028643,0.0009963224,0.0010360936,0.0010314593,0.0010194937,0.0010332325,0.0010298351,0.0010358999,0.0010415772,0.0009945938,0.0010281214,0.0009797225,0.0010397742
2012-12-05,0.0010564337,0.0010488043,0.0010317722,0.0009895423,0.0010414282,0.00094702933,0.001016424,0.001029701,0.000994713,0.0010366598,0.0010327408,0.0010183612,0.001038448,0.0010388801,0.0010484913,0.0010450939,0.0009914944,0.0010074833,0.0009813467,0.0010458538
2012-12-06,0.00304629,0.0030425945,0.0030241916,0.0029830793,0.0030431757,0.0029425183,0.00301914,0.003020824,0.0029925862,0.0030397782,0.0030321488,0.0030085752,0.0030398527,0.0030355314,0.0030417452,0.0030386755,0.0029853145,0.0029884735,0.002978147,0.00303574
2012-12-07,0.0010543773,0.0010429034,0.0010276595,0.0009880969,0.0010427395,0.0009469995,0.001019449,0.001019151,0.0009976486,0.0010399381,0.001035572,0.0010099271,0.0010437379,0.0010381052,0.0010472545,0.0010440806,0.0009581903,0.0009984383,0.0009794692,0.0010404596
2012-12-10,0.0009711245,0.0010487447,0.0010263631,0.0009905109,0.0010396698,0.00094708893,0.0010257373,0.0010259459,0.0010149488,0.0010391334,0.0010414878,0.0009986619,0.0010480592,0.0010483125,0.0010475377,0.0010315189,0.00095872674,0.0010071704,0.0009813318,0.0010377029
2012-12-11,0.0008231709,0.00091253314,0.0008926848,0.0008493522,0.00089985225,0.00080992375,0.0008879164,0.00088977907,0.00086790416,0.0009068409,0.00090773497,0.0008630762,0.00091005955,0.00090758596,0.00090646837,0.00090636406,0.0008197585,0.0008760551,0.0008437047,0.0008976767
2012-12-12,-0.0014884314,-0.0013925871,-0.0014120778,-0.001457273,-0.001404657,-0.0014977297,-0.0014132401,-0.001411452,-0.0014478555,-0.0014036437,-0.0014087996,-0.001442357,-0.0014018258,-0.0014068773,-0.0014016321,-0.0013972363,-0.0014889529,-0.0014418205,-0.0014662137,-0.0014061918
2012-12-13,0.00095388386,0.001054571,0.0010357508,0.0009862641,0.0010265568,0.00094704423,0.001034529,0.0010314146,0.0010039071,0.0010438273,0.0010386566,0.0009941915,0.0010482976,0.0010311166,0.001042352,0.0010418454,0.0009694407,0.0010149488,0.0009778002,0.0010418752
2012-12-14,0.0016558031,0.0017578015,0.0017414996,0.0016932944,0.0017230222,0.0016550878,0.0017359862,0.0017381916,0.0017090002,0.001750038,0.0017426768,0.001698629,0.0017531672,0.0017362097,0.0017462233,0.0017519156,0.0016891668,0.0017263601,0.0016841749,0.001749129
2012-12-17,0.00039297435,0.0004987577,0.0004858533,0.00043261144,0.00045676623,0.0003935406,0.0004742304,0.00047917757,0.00045409892,0.00048311148,0.0004820982,0.00043548737,0.00048941467,0.00047601853,0.00049023423,0.00048446748,0.00041732285,0.00047516916,0.00042100344,0.0004832605
2012-12-18,0.0010100463,0.0010462562,0.0010342011,0.0009809295,0.0010014931,0.0009688297,0.0010322789,0.0010267952,0.0009960542,0.0010425607,0.0010379115,0.0009894082,0.0010462711,0.0010287622,0.0010473737,0.0010375539,0.00097271893,0.001028792,0.0009732256,0.0010338435
2012-12-19,0.0008322457,0.00085228775,0.0008411268,0.000771896,0.0008350173,0.00078192446,0.00083033834,0.000841246,0.0008119354,0.0008544037,0.00085471664,0.00079332385,0.0008515278,0.00084066484,0.0008635828,0.0008489648,0.0007974366,0.0008363733,0.0007851431,0.00084485207
2012-12-20,0.0010491172,0.0010443935,0.0010382244,0.00095866714,0.0010182271,0.000977532,0.0010196874,0.0010399083,0.0009942064,0.0010479698,0.0010430077,0.0009867707,0.0010401318,0.0010102699,0.0010515312,0.0010440508,0.0010131607,0.0010241875,0.0009751627,0.0010413984
2012-12-21,0.0010528872,0.0010452578,0.0010338286,0.00095766876,0.0010193298,0.0009778598,0.0010137269,0.0010332176,0.0009958008,0.001043574,0.0010497132,0.0009866664,0.0010404149,0.0010169307,0.0010566572,0.0010384033,0.0010051886,0.0010233978,0.00097549055,0.0010403106
2012-12-24,0.001055331,0.001049296,0.001038135,0.00095874164,0.0010301927,0.0009891549,0.0010327408,0.0010418305,0.0010065148,0.001046733,0.001051561,0.0009886036,0.0010472694,0.0010237852,0.0010518888,0.0010423223,0.0009861151,0.0010223845,0.0009745816,0.0010436485
2012-12-26,-0.00029140618,-0.00030234363,-0.0003173491,-0.00039388146,-0.0003276756,-0.00035613682,-0.00030618813,-0.0003109863,-0.00034768786,-0.00031149294,-0.00031264033,-0.00035680737,-0.00030292477,-0.00033466425,-0.00029739644,-0.0003161719,-0.0003366014,-0.00032567885,-0.00037151482,-0.00031317677
2012-12-27,0.0010220716,0.0010455707,0.0010276595,0.0009480277,0.0010199258,0.0010054866,0.0010165581,0.001028345,0.0009874711,0.001031802,0.0010363022,0.0009846846,0.0010398934,0.0010074237,0.0010401169,0.0010412941,0.0010057846,0.0010181228,0.0009735683,0.0010353932
2012-12-28,0.0010233829,0.0010479251,0.0010276744,0.00094753597,0.0010258714,0.0009825239,0.001018838,0.0010299692,0.0010011801,0.0010391483,0.0010395655,0.0009822259,0.0010382393,0.0010083327,0.0010425309,0.0010314444,0.001003609,0.001022459,0.0009751478,0.0010344693
2012-12-31,0.0010200152,0.0010450492,0.0010253349,0.00094710384,0.0010268996,0.0009878585,0.0010045627,0.0010267803,0.000996069,0.0010382244,0.0010397146,0.0009797076,0.0010351697,0.001010106,0.0010421732,0.0010426352,0.0009851912,0.0010196427,0.00097297225,0.0010307739
2013-01-02,0.0010347525,0.0010490129,0.0010291496,0.00094708893,0.0010246346,0.0009854296,0.0010030279,0.0010323683,0.0010039071,0.0010402659,0.0010442594,0.0009825537,0.0010385523,0.0010163495,0.0010456303,0.001047329,0.0009875307,0.0010137567,0.0009746561,0.0010346035
2013-01-03,0.0010632882,0.0010434547,0.0010403851,0.00094708893,0.0010049948,0.0009951899,0.0010270486,0.0010381201,0.000993968,0.0010388354,0.0010451833,0.0009896914,0.0010415474,0.0010287771,0.0010536024,0.001036779,0.0009944299,0.001009197,0.0009747306,0.0010401467
2013-01-04,0.0010579685,0.0010432163,0.0010404596,0.00094705913,0.0009971121,0.0009902725,0.0010311166,0.0010428736,0.0009953836,0.0010372261,0.0010425756,0.0009876648,0.0010377327,0.0010185549,0.0010499517,0.0010499815,0.0010186294,0.0010182718,0.0009745369,0.0010430524
2013-01-07,0.00033801887,0.0003179321,0.0003179768,0.00023153517,0.00027647708,0.00027385447,0.0003115842,0.0003166655,0.00028213952,0.0003192136,0.00032717083,0.00027497206,0.0003179172,0.0003048936,0.00033140276,0.00032490585,0.00027851854,0.0003036419,0.00025552604,0.00031711254
2013-01-08,0.0010598907,0.0010413388,0.0010279575,0.00094705913,0.0010163644,0.0009911219,0.0010346184,0.0010275403,0.0009927759,0.0010355422,0.0010478655,0.0010013888,0.0010352442,0.0010150978,0.0010449598,0.0010294328,0.0010103146,0.0010022381,0.00097410474,0.0010320107
2013-01-09,0.0015635649,0.0015542367,0.0015415559,0.0014513889,0.0015124688,0.0014939616,0.0015428523,0.0015383968,0.0014892677,0.0015465328,0.0015455047,0.0015240172,0.0015419284,0.0015209625,0.0015551308,0.001549975,0.0015002945,0.0015250305,0.0014788518,0.0015363852
2013-01-10,0.0010600546,0.0010433504,0.0010387609,0.00094705913,0.0009891996,0.0009897808,0.0010318914,0.001026676,0.0009849081,0.0010412792,0.0010363171,0.001012818,0.0010372261,0.0010252306,0.001049147,0.0010429481,0.000989289,0.0010249475,0.00097407494,0.0010263333
2013-01-11,0.0010583559,0.0010485509,0.0010340819,0.00094705913,0.0009877691,0.000989289,0.0010352591,0.0010274807,0.0009875158,0.0010451088,0.0010375092,0.0010153363,0.0010360489,0.0010318616,0.0010456601,0.0010431418,0.0009905407,0.0010325471,0.0009746561,0.0010308484
2013-01-14,0.001044766,0.0010452876,0.001033769,0.00094705913,0.0010125646,0.0009851018,0.0010302225,0.0010351995,0.0009859661,0.0010418454,0.0010229358,0.0010166029,0.0010376135,0.001034216,0.0010484764,0.0010448853,0.0009991685,0.0010294775,0.0009748349,0.001031206
2013-01-15,0.0010353336,0.0010399232,0.0010279426,0.00094707403,0.0010085711,0.0009842226,0.0010293135,0.0010304907,0.0009846548,0.0010395804,0.0010277042,0.0009966502,0.0010388801,0.001025931,0.0010519484,0.0010322938,0.0009950558,0.0010147849,0.0009746412,0.0010292837
2013-01-16,0.0010465691,0.0010418603,0.0010296414,0.00094707403,0.001007379,0.0009871433,0.0010221014,0.0010322193,0.000986577,0.0010399232,0.0010448406,0.0009997645,0.0010356614,0.0010239342,0.0010484913,0.0010379115,0.0009865472,0.0010132203,0.0009734938,0.0010329494
2013-01-17,0.0026700506,0.0026710937,0.0026674876,0.002602444,0.0026428858,0.0026186863,0.002645717,0.0026697079,0.0026223818,0.0026706466,0.0026774565,0.0026305774,0.0026698122,0.002661244,0.0026741931,0.0026679793,0.0026243338,0.0026407996,0.0026073465,0.002672554
2013-01-18,0.0010467777,0.0010329941,0.0010366151,0.00094960723,0.00101854,0.0009878585,0.0010130862,0.0010304013,0.0009860704,0.0010412792,0.0010543475,0.0009966055,0.0010392973,0.0010070512,0.0010528425,0.0010392377,0.001014025,0.0010124305,0.0009760568,0.0010378072
2013-01-22,0.0020754943,0.0020669857,0.0020709494,0.0019785175,0.0020576576,0.0020176778,0.0020582536,0.002063022,0.0020160982,0.0020651678,0.0020849565,0.0020234594,0.0020727376,0.0020556906,0.0020882348,0.0020707855,0.002022908,0.0020444999,0.0020050714,0.0020671347
2013-01-23,0.0010376284,0.001035736,0.0010390589,0.00094850454,0.0010219524,0.0009861747,0.001017482,0.0010294924,0.0009871582,0.0010364363,0.0010489235,0.0009919563,0.0010433802,0.0010238895,0.0010568807,0.0010384778,0.0009971568,0.001000599,0.0009746859,0.0010371963
2013-01-24,0.0021181414,0.0021065632,0.0021089772,0.0020335177,0.0020962963,0.0020602504,0.0020740042,0.0021039108,0.0020584771,0.002107502,0.0021151016,0.0020648995,0.0021145055,0.002096356,0.0021211067,0.0021120915,0.0020613233,0.002096788,0.0020469883,0.0021095881
2013-01-25,0.0010438124,0.0010448853,0.0010349462,0.00094719324,0.0010158876,0.0009874413,0.0010321299,0.0010303715,0.000985817,0.0010401765,0.0010468075,0.0009938339,0.0010438124,0.0010237554,0.0010452429,0.0010388801,0.0009915242,0.0010184208,0.00097482,0.0010376135
2013-01-28,0.0010450492,0.0010509649,0.0010298947,0.00094719324,0.0010139355,0.0009878883,0.0010406086,0.0010312358,0.0009862194,0.001039953,0.0010446915,0.0009925226,0.0010421583,0.0010187486,0.001036332,0.0010389248,0.0009956965,0.001021714,0.00097400043,0.0010356614
2013-01-29,0.001048849,0.0010097632,0.0010386268,0.00094713364,0.0010092417,0.0009889165,0.0010404447,0.001040549,0.0009869495,0.0010409812,0.0010386864,0.0009925226,0.0010370621,0.0010223398,0.0010416517,0.0010382244,0.0009958455,0.001010702,0.0009726444,0.0010382393
2013-01-30,0.0014480064,0.0014449814,0.0014423737,0.0013551274,0.0013728151,0.0013950029,0.0014359662,0.0014452497,0.0013957033,0.0014502713,0.0014597038,0.0013982812,0.0014510164,0.0014259228,0.00145425,0.0014449367,0.0014033625,0.0014333585,0.001384438,0.0014425674
2013-01-31,0.0014861682,0.0014818469,0.0014826516,0.0013905773,0.001406596,0.0014313767,0.0014649639,0.0014835754,0.0014305869,0.0014912793,0.0014977464,0.0014358321,0.0014880309,0.0014606724,0.0014898786,0.0014826218,0.0014406899,0.0014719376,0.0014227191,0.0014802376
2013-02-01,-0.00044080522,-0.00043857004,-0.00043649878,-0.00052481797,-0.0005075624,-0.00048512127,-0.00043754186,-0.00043128338,-0.00048071053,-0.00041898992,-0.00041584577,-0.00048512127,-0.00042831805,-0.0004520556,-0.0004175147,-0.00043257978,-0.00047822203,-0.00044238474,-0.00049105193,-0.00043848064
2013-02-04,0.0004204819,0.00042016897,0.00041516218,0.00032474194,0.000340865,0.0003654817,0.00042137597,0.00041556451,0.0003677914,0.00042718742,0.0004371414,0.00036509428,0.00042624865,0.00040477607,0.00042982493,0.0004180977,0.000385792,0.00040334556,0.00035947654,0.00041058753
2013-02-05,0.001028643,0.0010264823,0.0010355422,0.00094705913,0.0009464482,0.0009891847,0.0010434696,0.0010367492,0.0009869197,0.0010420391,0.0010513375,0.0009862045,0.0010340521,0.0010235319,0.0010400871,0.0010416517,0.0010028342,0.0010156343,0.0009775767,0.0010340521
2013-02-06,0.001047791,0.001012818,0.0010304162,0.00094707403,0.0009467909,0.0009891996,0.0010488788,0.0010261992,0.0009872029,0.0010428885,0.0010523358,0.0009922097,0.0010380158,0.001024426,0.0009856084,0.0010383138,0.0009884099,0.001013116,0.0009783814,0.0010309676
2013-02-07,0.00097411964,0.001032413,0.0010407725,0.00094707403,0.0009468654,0.00097289775,0.0010465393,0.0010405639,0.0009866515,0.0010372857,0.0010401616,0.0009893486,0.0010464499,0.0010252902,0.0009915242,0.001040549,0.0010031322,0.001017944,0.0009797374,0.0010381797
2013-02-08,-0.001023232,-0.0009486964,-0.0009459993,-0.0010365536,-0.001036807,-0.0010136953,-0.0009385636,-0.0009424975,-0.0009916713,-0.00095091667,-0.0009332439,-0.0009938767,-0.0009372672,-0.0009589037,-0.0009664437,-0.00094182696,-0.0009714952,-0.000961422,-0.0010031005,-0.00094912853
2013-02-11,0.0024649808,0.0024736086,0.0024624327,0.0023761848,0.0023760507,0.0024180124,0.0024691084,0.0024646232,0.0024217973,0.0024678716,0.002472476,0.0024185637,0.0024771253,0.0024532387,0.0024319896,0.0024667839,0.0024386952,0.0024447897,0.0024077753,0.002462999
2013-02-12,0.0010419348,0.0010551969,0.0010369429,0.00094707403,0.0009469846,0.0009873519,0.0010405341,0.0010366151,0.0009958306,0.0010443041,0.0010455111,0.000988693,0.0010501603,0.0010026703,0.0010322342,0.0010410706,0.0010052482,0.0010176012,0.0009794841,0.0010309974
2013-02-13,0.0010377774,0.0010465393,0.00102909,0.00094707403,0.0009469846,0.0010276148,0.0010395655,0.0010243962,0.0009896616,0.0010373006,0.0010546753,0.0009861449,0.0010440657,0.0010039518,0.0009932676,0.0010396997,0.0010069618,0.0010235319,0.0009788582,0.0010312805
2013-02-14,0.0019032368,0.0019934783,0.001977072,0.0018889913,0.0018888721,0.0019812295,0.0019860128,0.001980112,0.0019312361,0.0019831965,0.0019910792,0.0019394914,0.0019857744,0.0019461373,0.0019372711,0.0019819448,0.0019548247,0.0019743303,0.0019198814,0.0019075135
2013-02-15,0.0009559551,0.0010486702,0.0010629902,0.0009477297,0.0009470144,0.0010639438,0.0010505179,0.0010629157,0.00096906815,0.0010489831,0.0010514567,0.0009945491,0.0010513375,0.0010095695,0.0009880522,0.0010460177,0.0009936849,0.001032413,0.0009773234,0.0009568939
2013-02-19,0.0010430971,0.0010469416,0.0010596672,0.0009482512,0.00094702933,0.0010641972,0.0010527531,0.0010630796,0.0009873519,0.0010448107,0.0010512332,0.0009880373,0.0010489235,0.0010104189,0.0009939531,0.0010460177,0.0009950856,0.0010387758,0.0009778449,0.0009570578
2013-02-20,0.0010672668,0.0010516802,0.0010112533,0.00094859395,0.00094704423,0.0010586539,0.0010433653,0.001062722,0.0009931335,0.0010466436,0.0010490129,0.0009913901,0.0010428438,0.0010260651,0.000992463,0.0010457495,0.0009876797,0.0010330239,0.0009777108,0.0009544203
2013-02-21,0.0010426054,0.0010464052,0.001042352,0.0009494135,0.0009470144,0.0010580877,0.0010386566,0.0010492811,0.00096672866,0.0010429332,0.001044766,0.0009888122,0.0010451535,0.0010239044,0.0009820769,0.0010457942,0.0009939531,0.0010315338,0.0009777555,0.0009467611
2013-02-22,0.0010268847,0.0010505775,0.001028032,0.00094990525,0.00094704423,0.0010405937,0.0010409513,0.0010415474,0.00095227454,0.0010432759,0.0010476122,0.0009847591,0.001039044,0.000993208,0.000989602,0.0010421583,0.0009952197,0.0010404596,0.0009776065,0.0009467611
2013-02-25,0.0012974152,0.0012912462,0.0012640664,0.0011931965,0.0011894712,0.0012736628,0.0012798915,0.0012729624,0.0012059072,0.0012831995,0.0012911865,0.0012294212,0.0012852857,0.001237751,0.001272873,0.0012848685,0.0012487331,0.0012750188,0.001222373,0.0011891881
2013-02-26,0.0010363171,0.0010520974,0.0010423223,0.0009503374,0.00094704423,0.0010479549,0.0010464201,0.0010419497,0.0009873817,0.0010480443,0.0010476271,0.000988231,0.0010499367,0.0010096142,0.0010308037,0.0010458985,0.0009920904,0.0010413835,0.0009792605,0.0009468803
2013-02-27,0.0010122815,0.0010466734,0.0010025809,0.0009506205,0.00094710384,0.001049445,0.0010450343,0.0010422477,0.0009788731,0.0010433653,0.0010504732,0.0009852061,0.0010445723,0.0009906599,0.0010155896,0.0010337988,0.0009940127,0.0010357061,0.0009787837,0.0009468952
2013-02-28,0.0010296265,0.0010472843,0.0009997794,0.0009502182,0.00094704423,0.0010571042,0.0010368684,0.0010442445,0.0009738514,0.0010423074,0.0010471204,0.0009916732,0.0010432312,0.0010120729,0.0010126093,0.0010430524,0.000994862,0.0010295669,0.000979335,0.0009468952
2013-03-01,0.0027642557,0.0028066942,0.002801151,0.0027075866,0.0027040849,0.0028154263,0.0028066048,0.002815337,0.0027365843,0.0028039375,0.0028039375,0.0027491013,0.0027994076,0.002753527,0.002775819,0.002799035,0.0027465234,0.0027872631,0.0027362714,0.002704055
2013-03-04,0.00077900384,0.0008182684,0.000802801,0.0007259259,0.0007236162,0.0008039782,0.00081884954,0.00081758294,0.0007594386,0.0008209208,0.0008224854,0.00076527987,0.000819386,0.00078034494,0.00078329537,0.0008148262,0.0007679174,0.00080375466,0.0007554898,0.0007235268
2013-03-05,0.0010064403,0.0010456303,0.0010124007,0.0009490559,0.00094704423,0.001048685,0.001037837,0.0010433355,0.0009876946,0.0010429481,0.0010430524,0.0009838352,0.0010419646,0.000997589,0.0009940574,0.0010472396,0.0009963522,0.0010266611,0.0009789774,0.000946925
2013-03-06,0.0010175118,0.0010461668,0.0010031918,0.00094989035,0.00094705913,0.0010497728,0.0010410706,0.0010447511,0.0009885291,0.0010428438,0.0010476569,0.0009859065,0.0010457942,0.0010035196,0.0010229358,0.0010429183,0.0009989748,0.0010261992,0.0009786347,0.000946925
2013-03-07,0.0030170241,0.00304781,0.0030006776,0.0029563317,0.0029536048,0.0030534724,0.0030465731,0.0030473927,0.0029876838,0.0030481527,0.0030562142,0.0029906938,0.0030440697,0.0030151764,0.0030332813,0.0030496726,0.003012375,0.003029854,0.0029818872,0.0029536048
2013-03-08,0.0009891102,0.0010351846,0.0009987215,0.0009493241,0.00094704423,0.0010530809,0.001038597,0.0010510394,0.0009846399,0.0010459283,0.0010524997,0.0009908238,0.0010458389,0.0010170797,0.0010288814,0.0010426501,0.0010122517,0.0010215947,0.0009762654,0.00094705913
2013-03-11,0.00255178,0.0026063928,0.0026018927,0.0025190422,0.0025157193,0.0026106099,0.002614499,0.002622963,0.0025523761,0.0026132623,0.0026189992,0.0025493214,0.0026136795,0.0025891224,0.002594159,0.0026085833,0.0025610188,0.0025992105,0.00254576,0.0025156746
2013-03-12,0.0010003308,0.0010419944,0.0010397444,0.0009518871,0.00094702933,0.0010455707,0.0010486254,0.0010501454,0.00096382294,0.0010484615,0.0010221014,0.0009841183,0.0010449449,0.0009987662,0.0010127733,0.0010445425,0.0009842375,0.0010422925,0.0009800503,0.00094710384
2013-03-13,0.0010231743,0.001048089,0.0010484615,0.000952051,0.0009469697,0.0009987662,0.0010490427,0.0010518739,0.0009623328,0.0010517547,0.0010318467,0.0009883204,0.0010479251,0.0009646723,0.0010467181,0.0010483721,0.0009913305,0.0010567317,0.0009823898,0.00094708893
2013-03-14,-0.00023041572,-0.00021837559,-0.00021202769,-0.0003146222,-0.00031962898,-0.00022639241,-0.00021816697,-0.0002172282,-0.0003069332,-0.00022034254,-0.00022737589,-0.00028343406,-0.00021940377,-0.00024460163,-0.00022578146,-0.0002197465,-0.0002621701,-0.00021332409,-0.00028861966,-0.00031958427
2013-03-15,0.0022475282,0.0022424767,0.0022516558,0.0021510432,0.0021455893,0.0022506127,0.0022461126,0.0022034952,0.0021812478,0.0022453824,0.0022505382,0.0021835128,0.002245591,0.0021642158,0.002225549,0.0022386918,0.0022288421,0.0022528777,0.0021780292,0.002145634
2013-03-18,0.0010385374,0.0010471949,0.0010564784,0.00095218513,0.00094707403,0.0010587433,0.0010543475,0.0010267058,0.0009724954,0.0010499666,0.0010638097,0.0009861002,0.0010488341,0.0009631077,0.0010119239,0.001046584,0.0010326514,0.0010533491,0.0009820769,0.0009695003
2013-03-19,0.0010470012,0.0010398189,0.0010380158,0.000972406,0.00094705913,0.0010519633,0.0010460624,0.001048387,0.00097547565,0.0010427991,0.0010583857,0.0009859959,0.0010392079,0.0009464184,0.0010049054,0.0010425458,0.0010248879,0.0009874115,0.0009788284,0.00094986055
2013-03-20,0.0017269859,0.0017032633,0.001715065,0.0016503641,0.0016227821,0.0017282972,0.0017184773,0.0017305771,0.0016526291,0.0017192075,0.00172712,0.0016622255,0.0017186562,0.0016891072,0.0017088661,0.0017160336,0.0016954402,0.0016754428,0.0016540894,0.0016239742
2013-03-21,0.0010533342,0.001044766,0.0010370621,0.00095258746,0.00094708893,0.0010515908,0.0010453174,0.0010609934,0.00098838,0.0010491321,0.0010465244,0.0009870091,0.0010436336,0.0010062018,0.0010315189,0.0010436783,0.0010113278,0.0010134438,0.0009767571,0.00094831083
2013-03-22,-0.0021059057,-0.0021162322,-0.0021622917,-0.0022082767,-0.0022146394,-0.0021105697,-0.0021186164,-0.0021000197,-0.0021752259,-0.0021149805,-0.0021106293,-0.0021760901,-0.002116113,-0.0021806052,-0.0021600118,-0.002120941,-0.0021474054,-0.002149864,-0.0021860888,-0.002202197
2013-03-25,0.002186344,0.0021749893,0.0021292428,0.002091364,0.002079145,0.0021846602,0.0021762261,0.0021833936,0.0021205554,0.0021776864,0.0021798024,0.0021196464,0.002181203,0.0021333406,0.002140657,0.0021742294,0.0021503726,0.0021501193,0.0021083215,0.0020792494
2013-03-26,0.0010567168,0.0010534981,0.0009994665,0.0009580264,0.0009469846,0.0010523507,0.0010446468,0.0010434249,0.0009894529,0.0010459134,0.0010442594,0.0009880522,0.001047344,0.0009997496,0.0010040561,0.0010313699,0.0010125348,0.0010207454,0.00097537134,0.00094710384
2013-03-27,0.0010421434,0.0010468224,0.0009918073,0.00094966684,0.0009469995,0.0010494599,0.0010267505,0.0010455111,0.0009912858,0.0010477314,0.0010539601,0.0009865621,0.0010464648,0.0009642849,0.0009827176,0.001046122,0.0010516653,0.00097043905,0.0009804973,0.00094713364
2013-03-28,0.0014477829,0.0014438936,0.0013867775,0.0013446519,0.0013421783,0.0014441619,0.0014275769,0.0014505396,0.0013858834,0.0014456818,0.0014471272,0.0013817409,0.0014423588,0.0013593743,0.001389266,0.0014460692,0.0014231363,0.0013589272,0.0013768533,0.0013421634
2013-04-01,0.0010366002,0.0010586241,0.0009917179,0.0009490112,0.0009469846,0.0010517845,0.0010493258,0.001047329,0.0009936551,0.001053513,0.0010490874,0.0009884099,0.0010464499,0.0009649256,0.001001508,0.0010496536,0.0010171691,0.0009649554,0.0009794692,0.00094705913
2013-04-02,0.0010377923,0.0010410706,0.0010442445,0.00094851945,0.00094707403,0.0010543922,0.0010305056,0.0010625133,0.0009863982,0.0010470012,0.0010429481,0.000988991,0.0010387162,0.001017333,0.0010126838,0.0010485956,0.0010220567,0.0010156492,0.0009818831,0.0010359893
2013-04-03,-0.0013021668,-0.0013087234,-0.0013453206,-0.0013733944,-0.001329287,-0.001293852,-0.0013177237,-0.0012849709,-0.0013579866,-0.0013081273,-0.0013071885,-0.0013585528,-0.0013068607,-0.0013462743,-0.0013570627,-0.0013053408,-0.0013436666,-0.0013242653,-0.0013674041,-0.0013760468
2013-04-04,0.00104341,0.0010380307,0.0009960243,0.0009762058,0.0009840587,0.001052008,0.0010272572,0.001059846,0.0009858022,0.0010358552,0.0010418305,0.0009882906,0.0010383585,0.0009962777,0.0010015527,0.0010401169,0.0010149339,0.0010219226,0.0009809593,0.000971959
2013-04-05,0.0010439614,0.0010270486,0.0010423223,0.0009745816,0.001008899,0.0010550627,0.0010162005,0.0010639885,0.0009887824,0.0010361383,0.0010460624,0.0009887824,0.0010364512,0.0010056207,0.0010018954,0.0010355422,0.0010192851,0.001029552,0.0009814659,0.00097429845
2013-04-08,0.0010379264,0.0010379264,0.0010451088,0.0009517679,0.0010254243,0.0010519186,0.0010124454,0.0009924332,0.0009884248,0.0010418305,0.0010453323,0.0009876797,0.0010416666,0.0010222355,0.0010137418,0.0010377178,0.0010184953,0.0010226974,0.0009772191,0.0010152468
2013-04-09,0.001033918,0.0010349611,0.0010615597,0.0009869942,0.0010475675,0.0010543922,0.0010042945,0.0009821961,0.0009864727,0.0010406831,0.001044021,0.0009884993,0.0010409066,0.001023815,0.0010209391,0.0010391036,0.0010183165,0.0010070959,0.0009788582,0.0010391632
2013-04-10,0.0019114921,0.001905919,0.0018699924,0.0018296549,0.0019105831,0.0019035498,0.001880289,0.0019100318,0.0018569985,0.0019135932,0.0019129524,0.0018680999,0.0019089291,0.001888589,0.0018705586,0.0019136677,0.0018701712,0.0018890807,0.0018496523,0.0019246647
2013-04-11,0.0024857083,0.0024870792,0.0024312297,0.0024346719,0.0025036791,0.002492101,0.002457709,0.0024968544,0.0024338225,0.0024909684,0.00249149,0.002436475,0.002493591,0.0024468312,0.002450765,0.0024878094,0.0024567852,0.0024790773,0.0024251202,0.002490581
2013-04-12,0.0015434483,0.0015421072,0.0014903853,0.0014818171,0.0015598843,0.0015562931,0.0015170434,0.0015599588,0.0014944533,0.0015411535,0.0015510032,0.001495705,0.0015481869,0.001471729,0.0015077004,0.0015448639,0.0015175203,0.0015392462,0.0014821896,0.001517103
2013-04-15,2.1816231e-05,9.418465e-06,-3.430154e-05,-2.7119182e-05,2.1995045e-05,1.461897e-05,1.818873e-06,3.692601e-05,-2.5152229e-05,2.5884248e-05,2.680812e-05,-2.0860694e-05,2.1354295e-05,1.1251308e-05,-1.6405247e-05,2.4140812e-05,-1.1621974e-05,1.1266209e-05,-3.8906e-05,-1.850631e-05
2013-04-16,0.001035423,0.0010381946,0.0009872923,0.00097148214,0.0010382691,0.0010358104,0.0009995261,0.0010435143,0.000985221,0.001037688,0.0010411451,0.0010179142,0.0010353932,0.0009934912,0.0010083774,0.0010355422,0.0009969929,0.0010304758,0.0009761164,0.0009906748
2013-04-17,0.0022617588,0.0022654394,0.0022153566,0.0022034207,0.0022553364,0.0022560814,0.0022260556,0.002247096,0.0022086957,0.0022614012,0.002261416,0.0022127787,0.0022589723,0.002212868,0.0022584805,0.0022607306,0.0022190372,0.0022639045,0.0021937499,0.002206535
2013-04-18,-0.0004279008,-0.00043715443,-0.0004790267,-0.0005110046,-0.00044375565,-0.00044496264,-0.00045439508,-0.00049914327,-0.0004843613,-0.0004354408,-0.00043092575,-0.00045929756,-0.000428929,-0.0004947176,-0.0004240116,-0.00042855646,-0.0004789075,-0.00042460766,-0.00049751904,-0.00047466066
2013-04-19,-0.0016507795,-0.0016604206,-0.0017123213,-0.0017466834,-0.0016816994,-0.0016828319,-0.0016970476,-0.0017391285,-0.0017116955,-0.001660659,-0.0016708514,-0.001687332,-0.0016646674,-0.0017144224,-0.001653566,-0.0016575446,-0.0017111739,-0.0016540578,-0.0017449846,-0.0017030975
2013-04-22,0.0021611461,0.0021485547,0.0020990977,0.0020639608,0.0021354863,0.0021352181,0.002110363,0.0020700553,0.0020972798,0.0021576444,0.00214775,0.0021321336,0.002150924,0.0020997236,0.0021622935,0.0021487782,0.002097101,0.0021638134,0.002064691,0.002104477
2013-04-23,0.0010570148,0.0010393569,0.001001955,0.0009569535,0.001014174,0.0010136673,0.0009998688,0.000982062,0.0009904364,0.001048089,0.0010402957,0.0010140846,0.0010464797,0.000995175,0.0010421136,0.0010490129,0.0009907493,0.0010565678,0.0009580115,0.000994877
2013-04-24,0.0010534534,0.0010426054,0.0009961734,0.00094722304,0.0010251263,0.0010236958,0.0010181824,0.000972555,0.000987173,0.0010496238,0.0010450939,0.0010246793,0.0010484764,0.00096166227,0.0010439614,0.0010490725,0.0009908983,0.0010466287,0.0009567002,0.0009965608
2013-04-25,0.0010516653,0.0010456303,0.0009954134,0.00094714854,0.0010264078,0.0010187933,0.0010338286,0.0010395059,0.000983254,0.0010474334,0.0010442445,0.0010265121,0.0010488788,0.0009863982,0.0010322044,0.0010500262,0.0009905258,0.0010525296,0.00095358584,0.0010111937
2013-04-26,0.0010512332,0.0010383734,0.0009974996,0.0009697685,0.0010318616,0.0010255435,0.0010069469,0.0010558823,0.0009873519,0.0010454962,0.0010433951,0.001034827,0.0010483572,0.0009866366,0.0010305354,0.0010474632,0.0009879777,0.001046137,0.00094986055,0.0009659687
2013-04-29,0.0010520676,0.0010394612,0.0009945044,0.00097021554,0.00096416567,0.0010218183,0.0010002414,0.0009902576,0.0009834776,0.0010459581,0.001041011,0.0010367492,0.001044915,0.0009863088,0.0010478357,0.0010430375,0.0009898404,0.0010487447,0.0009517232,0.0010017911
2013-04-30,0.0010497281,0.0010432312,0.0009946236,0.0009952346,0.00096029136,0.0010200301,0.0010155598,0.00096772704,0.0009887526,0.0010483125,0.0010402212,0.0010380307,0.0010444978,0.00097532663,0.0010509798,0.0010349015,0.0009887824,0.0010055611,0.00094987545,0.0009642849
2013-05-01,-0.0014278283,-0.0014314195,-0.0014745435,-0.0014840504,-0.0015155962,-0.0014550379,-0.0014541289,-0.0014948985,-0.0014846018,-0.0014269492,-0.001436173,-0.0014379462,-0.0014317324,-0.0014875969,-0.0014187088,-0.0014312407,-0.0014871499,-0.0014796397,-0.0015236428,-0.0015077284
2013-05-02,0.0027097622,0.0027157376,0.0026600072,0.0026382217,0.0026249,0.0026756087,0.0026678303,0.0026367763,0.0026499787,0.0027138302,0.00270857,0.0026871273,0.0027064541,0.0026804516,0.0027162144,0.0027110437,0.0026545087,0.0026578167,0.0026201466,0.002654628
2013-05-03,0.003497378,0.0035035172,0.0034342716,0.003412352,0.0033952007,0.003403307,0.0034816274,0.0034238854,0.0034407834,0.0034968266,0.003498138,0.0034735808,0.0034919837,0.003444911,0.0034937123,0.0034984956,0.003442661,0.003423051,0.003397719,0.0034186104
2013-05-06,0.0021327296,0.0021339068,0.0020638863,0.002050371,0.002085478,0.0020359913,0.0021109888,0.0020488063,0.0020729462,0.002131478,0.002133132,0.0020938823,0.0021243105,0.0020779977,0.002128751,0.002139301,0.0020855376,0.002054886,0.00203316,0.0020314464
2013-05-07,0.0010489533,0.0010364661,0.0009969333,0.0009803781,0.0010124901,0.00095370505,0.0010013292,0.0009669075,0.0009891996,0.0010439167,0.0010451386,0.0010061273,0.0010417262,0.0009921798,0.0010463605,0.0010466734,0.0010066787,0.0009659091,0.00095124636,0.00094837043
2013-05-08,0.0012669424,0.0012460509,0.0012184391,0.0012125531,0.0012426833,0.0011730352,0.00123866,0.0011899928,0.001208053,0.0012608031,0.00125523,0.0012539634,0.001260356,0.0012151459,0.0012619207,0.0012613097,0.00121604,0.0011849115,0.0011713812,0.0011846134
2013-05-09,0.0010505924,0.0010209987,0.0009907046,0.0009993324,0.0010193894,0.00094460044,0.0010121027,0.00096669886,0.0009886483,0.0010448704,0.001040698,0.0010391781,0.001041458,0.0010287622,0.0010489235,0.001038433,0.0009960243,0.0009622285,0.0009508589,0.000946925
2013-05-10,0.0010493109,0.0010378966,0.0010037431,0.000958533,0.0010284344,0.0009454051,0.0010206262,0.0009981701,0.00098914,0.0010432759,0.001043574,0.0010415921,0.0010392824,0.0010255883,0.0010483125,0.0010454664,0.0009976635,0.0010185996,0.00094710384,0.00094705913
2013-05-13,0.0010505626,0.0010411153,0.0009925077,0.0009656707,0.0010221163,0.00094600115,0.0010121772,0.0009839246,0.0009901682,0.0010460326,0.0010366896,0.0010347376,0.0010335902,0.001027734,0.001047344,0.0010490427,0.0009997347,0.0010288963,0.0009468505,0.0010130713
2013-05-14,0.0010449449,0.0010427246,0.0009967247,0.00096242223,0.0010131309,0.001006336,0.0010033855,0.0009867409,0.0009839395,0.0010430077,0.0010413537,0.000998632,0.0010328451,0.0010506073,0.0010432163,0.001050354,0.0010072002,0.0010239789,0.0009469399,0.0010282109
2013-05-15,0.000751839,0.0007362971,0.0006811926,0.00068011973,0.0007243911,0.00072667096,0.0007039914,0.0006721327,0.0006900439,0.0007416913,0.000738875,0.0006952146,0.000738875,0.00075373147,0.00074038,0.00074179564,0.00069297943,0.00072153006,0.00064419303,0.0007044384
2013-05-16,0.0010520974,0.0010326961,0.0009937296,0.00096644554,0.0010223398,0.0010308931,0.0010027448,0.0009998688,0.000990049,0.0010433951,0.0010364959,0.0009933123,0.0010384629,0.0010614851,0.001039342,0.0010371665,0.0009895274,0.0010303268,0.00094702933,0.0009763697
2013-05-17,0.002195389,0.002186046,0.0021362016,0.0021163533,0.0021874914,0.0021825442,0.0021759877,0.0021363953,0.002132387,0.0021913955,0.0021875957,0.0021354863,0.0021791467,0.002155439,0.0021866271,0.0021834085,0.0021334002,0.0021693418,0.0020924965,0.0021494338
2013-05-20,0.0010489831,0.001035572,0.0009963075,0.000987486,0.0010472843,0.0010475824,0.0010149637,0.0009942362,0.0009879181,0.0010459581,0.0010402361,0.0009937296,0.0010426203,0.0009796778,0.0010451088,0.0010394016,0.0009936849,0.00097163115,0.00094704423,0.0009899894
2013-05-21,0.0010475228,0.001043559,0.0010189423,0.0009871582,0.000998945,0.0010552118,0.0010106722,0.000993357,0.0009885142,0.0010405192,0.0010435292,0.0009937445,0.0010441849,0.00096502993,0.0010418901,0.0010371963,0.0009973207,0.0009947577,0.00094705913,0.0010254988
2013-05-22,0.0010449747,0.0010436634,0.0009959647,0.0009882459,0.000995622,0.0010502348,0.0010118941,0.0009914348,0.0009881565,0.0010434994,0.0010433206,0.0009904364,0.0010469267,0.00096038077,0.001040102,0.0010417709,0.0010007033,0.0009857425,0.00094705913,0.0010351697
2013-05-23,0.0010472396,0.0010456303,0.0009979317,0.0009956071,0.0009908536,0.0010423372,0.00096936617,0.00096795056,0.0009883502,0.0010430375,0.0010450045,0.0009888271,0.0010454366,0.0009877691,0.0010447213,0.0010434994,0.0009995857,0.0009837607,0.00094705913,0.0010449747
2013-05-24,0.0010547945,0.0010548839,0.0009781579,0.0009939382,0.0009904662,0.0010480741,0.0009668628,0.0009643743,0.0009883353,0.0010493258,0.0010461817,0.0009907046,0.001051099,0.0009882012,0.0010441253,0.0010460773,0.001000003,0.0010019401,0.00094705913,0.0010061869
2013-05-28,0.0019204924,0.001889036,0.0018437961,0.0018557617,0.0018572668,0.0019050548,0.0018299678,0.0018319795,0.0018543163,0.0019075284,0.0019016126,0.0018511722,0.0019130865,0.0018434832,0.0019112537,0.0019053081,0.0018720636,0.001902,0.0018131146,0.001865671
2013-05-29,0.0010568211,0.0010474185,0.0009944448,0.0010051439,0.00103739,0.0010376284,0.00096118543,0.0009878585,0.00098838,0.0010486254,0.0010404894,0.0009868601,0.0010467926,0.000977994,0.0010509947,0.0010476569,0.0010115812,0.0009762356,0.00094705913,0.0010326961
2013-05-30,0.0010535428,0.0010498771,0.0009991238,0.0010075876,0.0010590414,0.0010490129,0.0009482959,0.00097414944,0.0009854147,0.0010490278,0.0010427991,0.0009854892,0.0010491768,0.0009888569,0.0010490129,0.0010479102,0.0010165134,0.00096891914,0.00094705913,0.0010344544
2013-05-31,0.001052455,0.0010402659,0.0010193596,0.0010007182,0.0010524252,0.0010440061,0.0009478489,0.0009769956,0.0009866366,0.0010487149,0.0010281513,0.0009842971,0.0010443041,0.0009617219,0.0010513673,0.0010443041,0.00100498,0.0010356614,0.00094705913,0.0010547647
2013-06-03,0.0010747472,0.0010156939,0.0010332176,0.0009882608,0.0010484913,0.0010408023,0.0009475658,0.0009842822,0.0009848485,0.0010491768,0.0010458389,0.0009857127,0.0010400275,0.0009596357,0.001051263,0.0010459134,0.0010117302,0.0010507563,0.00094705913,0.0010479251
2013-06-04,0.0010683695,0.0010212073,0.0010427097,0.0009905705,0.0010088095,0.0010491619,0.001001046,0.0010342905,0.0009866813,0.0010445574,0.0010451684,0.0009875307,0.0010433802,0.00095903967,0.0010472694,0.0010354379,0.0010240236,0.0010393718,0.00094705913,0.0010406533
2013-06-05,0.0010474483,0.0010159472,0.0010355124,0.0009919414,0.0010341564,0.0010437528,0.00097185466,0.0010008821,0.0009898851,0.0010408321,0.0010419199,0.0009827772,0.0010418305,0.0009580115,0.0010445723,0.0010363767,0.0010136822,0.0010287175,0.00094705913,0.0010399083
2013-06-06,0.001037986,0.0010215202,0.0010261843,0.0009925375,0.0010016123,0.0010463605,0.0009780386,0.0009961883,0.0009918967,0.0010352591,0.0010455707,0.0009810636,0.0010376284,0.00094705913,0.0010405341,0.0010377625,0.0010140399,0.001041011,0.00094705913,0.0010368684
2013-06-07,0.0010288963,0.0010433206,0.0010278979,0.0009899745,0.0009974996,0.0010486403,0.0010011801,0.0010130266,0.0009979019,0.0010368088,0.0010396698,0.0009811977,0.0010378221,0.0009470144,0.0010415623,0.0010364214,0.0010154853,0.0010290453,0.00094707403,0.0010332922
2013-06-10,0.0025067935,0.002639086,0.0026142905,0.0026408741,0.0026170472,0.0026501277,0.0026431093,0.0026014755,0.002614678,0.0026517818,0.0026510218,0.0025971243,0.0026532868,0.002562181,0.0026546428,0.0026479224,0.0026118765,0.0026450315,0.0025617043,0.0026487568
2013-06-11,0.0009066621,0.001013712,0.00100045,0.0010371068,0.0009855786,0.0010322789,0.0010013888,0.000994877,0.0009951303,0.0010396251,0.0010391483,0.0009986171,0.0010413835,0.0009477446,0.0010426054,0.0010326365,0.0009937296,0.0010104487,0.00094705913,0.0010331431
2013-06-12,0.00091764424,0.0010202983,0.0010368386,0.001038448,0.00097274873,0.0010242919,0.0010330388,0.0010304013,0.0009930441,0.0010470459,0.0010276595,0.0010103742,0.0010482678,0.00094755087,0.0010458985,0.0010413984,0.0009917626,0.0010082433,0.00094705913,0.001030759
2013-06-13,0.00092177186,0.0010040114,0.0010450492,0.0010042945,0.0009699771,0.0010214159,0.0010127435,0.0010397444,0.0009925077,0.0010457942,0.0010367045,0.0010120431,0.0010480294,0.0009478191,0.0010418603,0.0010373751,0.0010158429,0.001034067,0.00094705913,0.0010300735
2013-06-14,0.002097101,0.0022001276,0.002166287,0.0021523843,0.0021222243,0.0021903375,0.0021829465,0.0021578083,0.002148793,0.0022014389,0.0021915296,0.0021636048,0.0022032717,0.0021041194,0.0022001574,0.002197043,0.0021603117,0.0021979818,0.0021025846,0.0021804282
2013-06-17,0.0009874264,0.0010551373,0.0010300586,0.0009875754,0.00096413586,0.0010398934,0.0009935806,0.0009942809,0.0011848072,0.0010442445,0.001045377,0.0011909315,0.0011160532,0.0012656907,0.0011347393,0.0010424415,0.0009992281,0.0010472694,0.00094707403,0.0010250667
2013-06-18,0.0009129802,0.0010531703,0.0010313699,0.0009780088,0.00094746146,0.0010291049,0.0009672204,0.0009870986,0.0009958008,0.0010427544,0.0010399381,0.0010125944,0.0010531405,0.00096516404,0.0010490427,0.001043872,0.0009988258,0.0010438124,0.00094707403,0.0010291943
2013-06-19,0.0019295672,0.001983256,0.0019608,0.0019143382,0.0018758783,0.0019549737,0.0018987516,0.0019130865,0.0019215355,0.0019741068,0.0019750902,0.0019468823,0.0019783387,0.0019073794,0.001974673,0.0019745538,0.0019380758,0.001958386,0.0018755803,0.0019627968
2013-06-20,0.00069823954,0.0007941881,0.0007974664,0.00076237414,0.0007056305,0.0007785717,0.00074857567,0.0007490823,0.00076110754,0.0007966468,0.00080356095,0.0007645497,0.0008080909,0.0007208148,0.00080861244,0.00079725776,0.00075458083,0.0007871697,0.0007180879,0.0007914612
2013-06-21,0.0019201497,0.0019040117,0.0019096294,0.001859636,0.0018151561,0.001888291,0.0018359283,0.0018529007,0.0019314149,0.0019081542,0.0019156346,0.0019693533,0.0019699195,0.001963974,0.0019662092,0.0019077221,0.0018629888,0.0019050995,0.0018159905,0.0019024769
2013-06-24,-0.00421971,-0.0041959276,-0.004203274,-0.004257231,-0.004297613,-0.0042060157,-0.0042939773,-0.0042594513,-0.00426112,-0.0041995784,-0.0041985353,-0.004223793,-0.004199951,-0.0042960634,-0.004195734,-0.004205509,-0.0042569777,-0.004210486,-0.0042802235,-0.0042119166
2013-06-25,0.001007379,0.0010358104,0.0010029236,0.0009830603,0.00094707403,0.0010185102,0.00100346,0.0009928504,0.0009860406,0.001042665,0.0010416815,0.0010317871,0.0010384033,0.000957028,0.0010481188,0.0010281065,0.0009832988,0.0010342458,0.00095392857,0.0010216096
2013-06-26,0.0023830095,0.0024067024,0.0023525516,0.0023493478,0.0023064474,0.0023857215,0.0023902366,0.0023537287,0.0023429403,0.0024054805,0.0024055997,0.0024012784,0.0024043182,0.0023063878,0.0024077455,0.0023956308,0.0023483792,0.0023969272,0.0023417035,0.0023891786
2013-06-27,0.00241235,0.002432526,0.0023770789,0.002389864,0.0023355493,0.0024219314,0.002410681,0.0023737112,0.0023762444,0.0024341056,0.0024335245,0.0024032453,0.0024331221,0.0023354748,0.002432556,0.0024270574,0.0023791352,0.0024342248,0.0023615817,0.0024229893
2013-06-28,0.001001806,0.0010436336,0.0009884397,0.0009697238,0.00094707403,0.0010205666,0.0010218481,0.0010097334,0.000984476,0.0010456154,0.0010493407,0.0010183314,0.0010423968,0.0009469846,0.0010418603,0.0010404894,0.0009882012,0.0010354379,0.0009962628,0.0010315636
2013-07-01,0.0026358226,0.0026670704,0.0026260922,0.0025853226,0.0025690505,0.0026495466,0.0026630173,0.002636508,0.0026115635,0.0026723603,0.0026753107,0.0026379982,0.002672852,0.0025690803,0.0026651183,0.0026707212,0.00261286,0.0026610652,0.0026125321,0.00265807
2013-07-02,0.0010101655,0.0010014037,0.0010068873,0.000962303,0.00094704423,0.0010283301,0.0010446319,0.0009895721,0.0009798417,0.0010469118,0.0010495195,0.0010273317,0.0010459134,0.00094702933,0.001045079,0.0010462711,0.000988395,0.0010389546,0.0009875456,0.0010359148
2013-07-03,-0.0038060686,-0.0037772348,-0.0037879935,-0.003854393,-0.003867223,-0.0037838062,-0.0037712893,-0.0038014045,-0.0038187047,-0.0037697097,-0.0037656864,-0.0037911078,-0.0037712147,-0.0037917634,-0.0037774583,-0.0037742248,-0.003828182,-0.0037760427,-0.003826975,-0.0037753126
2013-07-05,0.0028716484,0.002819986,0.0028417269,0.002776728,0.0027759084,0.0028494159,0.0028713504,0.0028292993,0.002820448,0.0028654495,0.0028738389,0.0028439919,0.0028672824,0.0028562406,0.0028615752,0.0028650323,0.0028150985,0.0028542737,0.0028211633,0.0028633485
2013-07-08,0.0010389397,0.0009937296,0.001040698,0.0009476701,0.00094710384,0.0010511735,0.0010436485,0.0009969035,0.0010059336,0.0010329792,0.0010420689,0.0010021636,0.0010370621,0.0010406235,0.0010350803,0.0010399679,0.0010142038,0.0010182122,0.0009877393,0.0010306844
2013-07-09,0.0010161111,0.0009988556,0.0010395655,0.00094746146,0.00094711874,0.0010379264,0.0010383138,0.0010004947,0.000996382,0.0010406384,0.0010396102,0.0010180185,0.0010402212,0.0009922097,0.0010354379,0.0010434845,0.0010077069,0.0010293582,0.0009884695,0.0010297904
2013-07-10,0.0028295973,0.0028271237,0.0028570155,0.0027667144,0.0027664164,0.002851502,0.002853469,0.0028338442,0.0028122375,0.0028609792,0.0028602341,0.0028443495,0.0028583268,0.0027839998,0.002862499,0.0028616795,0.0028058896,0.0028639147,0.002806441,0.0028574178
2013-07-11,0.0010063658,0.0010225186,0.0010436783,0.00094720814,0.00094707403,0.0010250369,0.0010264972,0.0009861449,0.0009889314,0.0010449598,0.0010439912,0.0010244856,0.0010403404,0.0009882757,0.0010464201,0.0010428289,0.0009973058,0.0010510692,0.0009868303,0.0010427544
2013-07-12,0.0009976784,0.001028792,0.0010280767,0.00094713364,0.00094710384,0.0010082582,0.001015977,0.0009859214,0.0009970227,0.0010377923,0.0010443637,0.0010057101,0.0010338286,0.0009834627,0.0010463009,0.0010398785,0.0010076324,0.0010469863,0.0009847442,0.0010371963
2013-07-15,0.0022379616,0.0022580484,0.0022696415,0.0021749893,0.0021749297,0.0022363225,0.002265782,0.0022307942,0.0022168765,0.0022691349,0.0022716234,0.0022543976,0.0022640536,0.0021895925,0.0022756616,0.0022687325,0.0022348026,0.0022692392,0.002214537,0.0022676298
2013-07-16,0.0010174671,0.0010156045,0.0010360042,0.00094707403,0.00094707403,0.0010270188,0.0010341713,0.0009877542,0.0009904513,0.0010373453,0.0010423223,0.0010245452,0.0010422776,0.00094962213,0.0010377178,0.0010396997,0.0009912411,0.0010208944,0.0009869048,0.0010383585
2013-07-17,0.0010116259,0.0010330984,0.0010258267,0.00094705913,0.00094704423,0.0010243068,0.0010344693,0.0009903172,0.000990049,0.0010416517,0.0010434994,0.0010136673,0.0010415027,0.0009593973,0.001015828,0.0010423223,0.0010062763,0.0010342905,0.0009869048,0.0010347972
2013-07-18,0.0010153512,0.001040996,0.0010414282,0.00094704423,0.0009469995,0.0010175416,0.0010365108,0.0010060826,0.0009887079,0.0010429332,0.0010428438,0.0010216543,0.0010436932,0.00095868204,0.0010270933,0.0010459134,0.0009966949,0.0010299245,0.0009852955,0.0010381797
2013-07-19,0.0021281997,0.0021392414,0.0021413276,0.002051116,0.0020511905,0.0021252045,0.0021320293,0.0020955661,0.002088801,0.0021482417,0.0021444717,0.0021362016,0.0021454254,0.0020514736,0.0021522949,0.0021482715,0.0021046111,0.002154977,0.002087892,0.0021396587
2013-07-22,0.002606974,0.002649353,0.002635599,0.00254652,0.0025465498,0.0026020417,0.00263548,0.0026063034,0.0025869617,0.0026470134,0.00263472,0.0026246617,0.002637894,0.0025466392,0.0026498446,0.002646626,0.002590672,0.0026526013,0.0025812248,0.0026332894
2013-07-23,0.0010151276,0.0009819278,0.0010337243,0.00094705913,0.0009470144,0.0010135332,0.0010355869,0.0010014037,0.0009897212,0.0010434249,0.0010339478,0.0010267803,0.0010389844,0.00094711874,0.00105849,0.0010443637,0.0009942362,0.0010549733,0.0009830156,0.0010351101
2013-07-24,0.0010230402,0.0009942064,0.0010297308,0.00094705913,0.00094702933,0.0010209242,0.0010371068,0.0009910027,0.000986875,0.0010422328,0.0010379413,0.0010228315,0.0010388503,0.00094713364,0.0010535428,0.0010423968,0.0009925375,0.0010589967,0.0009846995,0.0010359446
2013-07-25,0.002359257,0.0023875097,0.002363474,0.0022972832,0.0022972682,0.0023574987,0.0023960928,0.0023632208,0.0023397366,0.0023886124,0.0023911903,0.0023566047,0.002387614,0.002297313,0.0023840973,0.0023878524,0.0023655752,0.0024039755,0.0023317942,0.0023861984
2013-07-26,0.0010167966,0.0010110894,0.0010270486,0.00094705913,0.0009469846,0.0010054121,0.001047478,0.0010062912,0.0009888569,0.0010435143,0.0010432312,0.0010198811,0.0010378072,0.00094710384,0.0010347525,0.0010362277,0.0010094503,0.0010588774,0.0009839395,0.0010412494
2013-07-29,0.0026294896,0.002647669,0.0026285509,0.002553166,0.0025531957,0.0026228288,0.0026542554,0.0026048878,0.0025931457,0.00265281,0.0026527205,0.0026355097,0.0026419768,0.0025531957,0.0026236484,0.0026410678,0.0025972584,0.0026604692,0.0025908807,0.002643616
2013-07-30,0.0010206113,0.001011462,0.0010102103,0.00094705913,0.00094707403,0.0010142336,0.0010217289,0.0009906897,0.000985221,0.0010447362,0.0010474334,0.0010316828,0.0010388205,0.00094702933,0.0010503689,0.0010371068,0.0010311017,0.0010537961,0.000989289,0.0010413686
2013-07-31,0.0017581889,0.0017653713,0.0017465511,0.0016790936,0.0016791532,0.0017603496,0.0017599324,0.001722441,0.0017179856,0.0017781416,0.0017758766,0.0017672041,0.001772658,0.0016791085,0.001778082,0.0017704973,0.0017481456,0.0017894516,0.0017187009,0.0017723003
2013-08-01,0.0004566023,0.00045487378,0.00043144915,0.00037023518,0.00037025008,0.00045922492,0.00045868848,0.0004115859,0.00041110907,0.00046651158,0.0004654536,0.0004434297,0.0004627565,0.00037017558,0.00044459198,0.0004614601,0.00043253694,0.0004665712,0.0004103193,0.0004614899
2013-08-02,0.0010291347,0.0010462562,0.0010361085,0.00094705913,0.00094705913,0.0010362426,0.0010398636,0.0009881267,0.0009875903,0.0010460177,0.0010474483,0.0010209838,0.0010414282,0.00094708893,0.0010037431,0.001038135,0.0010087052,0.0010363618,0.000991405,0.001043112
2013-08-05,0.0027275542,0.002762408,0.002754406,0.002656118,0.002656133,0.0027486542,0.002756075,0.0026970217,0.0026986906,0.0027538547,0.0027530054,0.0027233819,0.0027474621,0.002656118,0.002698199,0.0027507702,0.0027147243,0.0027437666,0.0026993165,0.0027511874
2013-08-06,0.0010154704,0.0010538707,0.0010402957,0.00094707403,0.0009469846,0.0010394165,0.0010428438,0.000987039,0.0009887526,0.0010449896,0.0010474632,0.0010136971,0.0010384778,0.0009469846,0.0010030577,0.0010439912,0.0010261098,0.0010315338,0.0009905258,0.0010372857
2013-08-07,0.0010282705,0.00105171,0.0010193745,0.00094705913,0.0009469846,0.0010370025,0.0010400424,0.0009945789,0.0009882459,0.0010432461,0.0010435889,0.0010269443,0.0010390589,0.00094705913,0.0009991983,0.0010422477,0.0010136226,0.0010427991,0.0009909878,0.0010401616
2013-08-08,0.0009315023,0.0010338137,0.001016424,0.00094705913,0.00094702933,0.001040102,0.0010412941,0.0009963671,0.0009875605,0.0010383734,0.0010395357,0.0010347376,0.0010367343,0.00094702933,0.0009946236,0.00104493,0.0010287026,0.0010492513,0.0009915689,0.0010363469
2013-08-09,0.00094109867,0.0010167221,0.0010170499,0.00094707403,0.00094704423,0.0010490874,0.0010378817,0.0009941617,0.0009872774,0.0010430673,0.001043574,0.001044781,0.0010399828,0.00094705913,0.0009983489,0.0010443637,0.0010354379,0.0010466287,0.0009917477,0.0010423819
2013-08-12,0.0021667639,0.0022557536,0.002254502,0.0021713683,0.002171413,0.0022688666,0.0022575567,0.0022176811,0.0022089193,0.002265335,0.002265663,0.002271087,0.0022639344,0.0021713981,0.0022301981,0.0022655884,0.0022334615,0.002256901,0.002214239,0.002270789
2013-08-13,0.0009388784,0.0010285983,0.0010348419,0.00094707403,0.00094708893,0.0010442594,0.0010344544,0.0010007182,0.0009878138,0.0010409663,0.0010320405,0.0010360191,0.001041607,0.0009941915,0.001003773,0.0010420689,0.0010217289,0.0010307888,0.0009853104,0.001045824
2013-08-14,0.0019252757,0.0019298801,0.0019024471,0.0018378654,0.0018378654,0.0019232044,0.0019240985,0.0019001374,0.0018786648,0.0019316385,0.0019339183,0.001913608,0.0019328007,0.0018593082,0.0018960545,0.0019288519,0.0018898556,0.0019169608,0.0018805573,0.0019300589
2013-08-15,-0.0026750704,-0.0026764413,-0.002700179,-0.002759873,-0.0027598431,-0.0026753088,-0.0026721647,-0.002682983,-0.002721279,-0.0026675155,-0.0026659658,-0.0026819697,-0.0026646843,-0.0027340343,-0.002691268,-0.0026708087,-0.0027141115,-0.0026830276,-0.0027179262,-0.002667456
2013-08-16,0.0030398974,0.0030462006,0.0030428926,0.0029657492,0.0029657641,0.0030440101,0.0030540982,0.0030228803,0.003000022,0.0030522058,0.0030648718,0.0030474672,0.003056989,0.0029885331,0.0030148039,0.0030528912,0.0030216435,0.003047199,0.0030087242,0.0030599544
2013-08-19,0.0011836896,0.0012014816,0.0011832723,0.0011136988,0.0011137137,0.0011921981,0.0012096623,0.0011763433,0.0011486271,0.0012085149,0.0012228051,0.0011948803,0.0012079487,0.0011350373,0.001157687,0.0012081573,0.0011674473,0.0012133429,0.0011568079,0.0012107054
2013-08-20,0.0010221163,0.0010263333,0.0010276446,0.00094707403,0.0009470144,0.0010262886,0.0010386119,0.0009898851,0.0009845654,0.0010430077,0.0010516057,0.0010129372,0.0010427842,0.001004369,0.000995473,0.001031802,0.0010112831,0.0010326514,0.000990049,0.00104341
2013-08-21,0.0011568675,0.0012441734,0.0012608627,0.0011755833,0.0011755386,0.0012640366,0.0012699375,0.001214982,0.0012110481,0.0012761513,0.0012779394,0.0012635896,0.0012684921,0.0011923919,0.0012383768,0.0012720088,0.0012364248,0.0012665549,0.001217843,0.0012783268
2013-08-22,0.0028858045,0.0028954307,0.0029055336,0.0028278688,0.002827839,0.0029161135,0.002923579,0.0028838972,0.0028671632,0.0029274235,0.0029286006,0.0029074857,0.0029233852,0.0028414885,0.0028781602,0.002925993,0.002888889,0.002920271,0.0028718421,0.002922983
2013-08-23,0.0019898573,0.0020794878,0.0020808885,0.001998783,0.0019987533,0.0020916322,0.0020862678,0.0020491192,0.0020419369,0.002072812,0.0021016756,0.0020752707,0.0020975927,0.0020530084,0.0020570764,0.0020963708,0.0020819018,0.0020722905,0.0020431438,0.002090902
2013-08-26,0.00041446183,0.0005112896,0.0004971931,0.000428156,0.0004281262,0.0005271593,0.00050944183,0.00047656987,0.00046762917,0.00051985774,0.0005331943,0.00052124355,0.00052769575,0.000497655,0.00047768746,0.0005309889,0.00053007994,0.00051209424,0.000467957,0.00053018425
2013-08-27,0.0009414414,0.0009919712,0.0010106424,0.00094710384,0.0009470144,0.0010395804,0.0010221014,0.00099744,0.00098312,0.0010391334,0.0010511735,0.0010239044,0.0010485509,0.0009967098,0.0009961287,0.0010456005,0.0010544965,0.0010264376,0.0009869495,0.0010410855
2013-08-28,0.0025969604,0.0026747296,0.0026539275,0.0025904784,0.0025904635,0.0026903609,0.0026743868,0.002649353,0.0026318291,0.0026819417,0.0026956657,0.0026614824,0.002686427,0.0026352862,0.0026597092,0.002684326,0.0026539871,0.0026695887,0.0026129792,0.0026774863
2013-08-29,0.0025713304,0.0026688138,0.0026346454,0.00257367,0.0025735954,0.0026661614,0.00266713,0.0026579807,0.0026163915,0.002670587,0.0026774714,0.002643318,0.00267014,0.0026171068,0.0026319483,0.0026669065,0.0026184926,0.0026546577,0.0025972584,0.0026664743
2013-08-30,0.0009456733,0.0010440359,0.0010072598,0.00094707403,0.0009470144,0.0010316977,0.0010162899,0.001031951,0.0009933123,0.0010386268,0.0010499517,0.0010024467,0.001043574,0.0009937594,0.0009991536,0.0010422925,0.0010273466,0.0010262141,0.0009581456,0.0010375539
2013-09-03,0.002194331,0.0022981474,0.0022613117,0.0021951655,0.0021951804,0.0022893706,0.0022711912,0.002285258,0.0022427747,0.0022913078,0.0023057768,0.0022567073,0.0022943625,0.0022375444,0.0022372613,0.0022941092,0.0022900263,0.0022785524,0.0022066692,0.0022818753
2013-09-04,0.0010236958,0.0010178396,0.0010267058,0.00094707403,0.0009469846,0.0010292986,0.0010197023,0.001025782,0.0009929398,0.0010426799,0.001051263,0.0010057101,0.001039655,0.0009854892,0.000995026,0.0010405788,0.0010508159,0.0010389695,0.00095737074,0.0010342011
2013-09-05,0.0010294179,0.0010342309,0.0010088542,0.00094707403,0.00094702933,0.0010335455,0.0010183016,0.0010237852,0.0009880522,0.0010409663,0.0010541687,0.0010138461,0.0010430077,0.0009943554,0.0010043392,0.0010420689,0.001053215,0.0010530362,0.0009553144,0.0010374049
2013-09-06,0.0010389546,0.0010374943,0.0010269592,0.00094710384,0.00094705913,0.0010349164,0.0010205368,0.0010255286,0.0009860853,0.0010432014,0.0010569552,0.0010231743,0.001045824,0.000994415,0.0010238895,0.0010348419,0.0010502795,0.0010167966,0.0009468356,0.0010466734
2013-09-09,0.0017595151,0.0018018195,0.0017939219,0.0017123977,0.0017124275,0.001795874,0.0017801085,0.0017702738,0.0017551789,0.0018035332,0.0018179277,0.0017788867,0.0018099854,0.0017606476,0.0017773518,0.001802654,0.001799942,0.0017825374,0.0017122487,0.0018087486
2013-09-10,0.0010203132,0.0010418007,0.0010111639,0.00094710384,0.0009470144,0.001035721,0.0010136971,0.0010247389,0.0009900192,0.001040549,0.0010530362,0.0010228315,0.0010458836,0.0009910474,0.0010064701,0.001041011,0.0010346035,0.0010261694,0.0009469697,0.0010449449
2013-09-11,0.0018130401,0.0018244991,0.0017906288,0.0017307559,0.0017307261,0.0018135766,0.0017894069,0.0018092552,0.0017771432,0.0018256316,0.001836882,0.0017935047,0.001831607,0.001768277,0.0017964551,0.0018252293,0.0018149922,0.0018119523,0.0017306963,0.0018234858
2013-09-12,0.0010167072,0.0010279873,0.0010064552,0.00094707403,0.0009469995,0.0010275999,0.0010178396,0.0010311911,0.000990496,0.0010412196,0.0010506222,0.0010090182,0.0010377625,0.0009965161,0.0010089139,0.0010428736,0.0010379562,0.0010249624,0.00094702933,0.0010386864
2013-09-13,-0.0007164618,-0.00072879996,-0.00074535515,-0.0008110842,-0.0008110693,-0.000725328,-0.0007251641,-0.0007228544,-0.00076611247,-0.00071222987,-0.0007035574,-0.00074535515,-0.000708594,-0.00075450446,-0.0007484546,-0.0007206192,-0.00070834067,-0.0007499298,-0.000811114,-0.0007138243
2013-09-16,0.0010457495,0.0010244707,0.0010030279,0.00094710384,0.00094704423,0.0010279277,0.0010421583,0.0010305205,0.0009904215,0.0010422776,0.0010522464,0.0010073939,0.0010416815,0.0010006139,0.0010226527,0.0010339627,0.0010495493,0.0010142932,0.00094702933,0.0010404149
2013-09-17,0.0010305801,0.0009916285,0.000999854,0.00094707403,0.00094708893,0.0010285089,0.0010268698,0.0010306397,0.0010298202,0.0010431418,0.0010543326,0.0010072598,0.0010464052,0.001001657,0.0010164389,0.0010317871,0.0010471353,0.0010112533,0.00094704423,0.0010434696
2013-09-18,0.0023917863,0.002397717,0.0023797015,0.0023281286,0.0023281435,0.0024067322,0.0023927102,0.0024109492,0.0024149427,0.0024243603,0.0024321983,0.0024074176,0.0024295757,0.0023925463,0.0023994306,0.0024121562,0.0024293074,0.0024021128,0.0023280242,0.002422885
2013-09-19,0.0027344087,0.002735109,0.0027352283,0.0026562968,0.0026563415,0.0027381787,0.002738432,0.0027404139,0.0027531395,0.0027185092,0.0027611712,0.0027029524,0.0027557919,0.0027159015,0.002730311,0.0027456144,0.0027550915,0.0027185688,0.0026562968,0.0027590552
2013-09-20,0.0009768317,0.0010206411,0.0009993324,0.00094707403,0.0009469995,0.0010342011,0.0010230253,0.0010342607,0.001031504,0.0010196129,0.0010475377,0.0009924779,0.0010477165,0.0010139206,0.0010207156,0.0010338733,0.0010435889,0.0010118941,0.00094704423,0.0010422627
2013-09-23,0.0023757676,0.0024110535,0.0023886869,0.002338455,0.002391548,0.0024227062,0.0024285773,0.0024217675,0.0024294565,0.0024321536,0.0024433443,0.0023917416,0.0024301568,0.0023857364,0.0023917118,0.002431483,0.002436296,0.0024060318,0.0023384104,0.002420933
2013-09-24,0.0019787708,0.0019486705,0.0019483129,0.0019182125,0.0019599656,0.0019802907,0.0019928375,0.0019799033,0.0019695023,0.0019939998,0.0019904086,0.0019557634,0.0019941041,0.0019398192,0.001974986,0.0019906024,0.0019899467,0.0019677738,0.001898692,0.0019767443
2013-09-25,0.0018651644,0.0018538097,0.0018351087,0.001806722,0.0018429765,0.0018571923,0.0018729726,0.0018600086,0.001839147,0.0018765191,0.0018708566,0.0018387744,0.0018753568,0.0018215636,0.0018595764,0.0018669078,0.0018719444,0.001838089,0.0017802874,0.0018515745
2013-09-26,0.00301917,0.0030218968,0.002981321,0.0029532025,0.0029923776,0.003007234,0.0030290792,0.0030095438,0.002971054,0.0030298391,0.0030206451,0.0029919455,0.00302668,0.0029687444,0.0030098418,0.0030163089,0.00302142,0.0030003497,0.0029300908,0.0030066082
2013-09-27,0.0010361979,0.0010371516,0.0009657005,0.00097105,0.00097052846,0.001021252,0.0010488937,0.0010363916,0.0009907195,0.00104341,0.0010436038,0.0010090033,0.0010494003,0.00096763764,0.001026378,0.0010321746,0.0010435143,0.001025484,0.00094705913,0.0010256926
2013-09-30,0.0018634656,0.0018814811,0.0017951885,0.0018131146,0.0017951736,0.0018594125,0.0018786797,0.0018730918,0.0018270025,0.0018749395,0.0018808404,0.0018557617,0.0018759826,0.0017934302,0.0018630782,0.0018683532,0.0018792013,0.001866282,0.0017770985,0.0018647322
2013-10-01,0.0010063658,0.0010474036,0.00096534286,0.0009880671,0.0009643296,0.001030908,0.0010371665,0.0010410706,0.001044021,0.0010496387,0.001049892,0.0010275105,0.0010497579,0.00096288417,0.0010346035,0.0010386566,0.0010542581,0.0010359297,0.00094705913,0.0010328898
2013-10-02,0.0010141144,0.0010360787,0.00096403155,0.00096291397,0.0009623179,0.0010285536,0.0010107914,0.0010424564,0.0010258267,0.0010508606,0.0010505328,0.0010234872,0.0010435292,0.00096027646,0.0010337988,0.0010180036,0.0010544965,0.0010266164,0.00094705913,0.0010307739
2013-10-03,0.00025132392,0.00030164514,0.0002292851,0.00024385843,0.00023013446,0.0003088126,0.0002907673,0.00032501016,0.00031860266,0.00033295248,0.00033174548,0.00030811224,0.000326843,0.00022985134,0.0003205696,0.00031447504,0.00033421908,0.00032070372,0.00022941921,0.00031174812
2013-10-04,0.00227365,0.0023006508,0.0022117803,0.0022242824,0.0022122571,0.0022880295,0.0022815624,0.0023079524,0.0023083547,0.002316446,0.0023145685,0.0022898922,0.002305434,0.002212108,0.0023039142,0.0022988925,0.0023168633,0.0023068646,0.0022118846,0.0022851238
2013-10-07,0.0010231892,0.0010444084,0.00094705913,0.0009596357,0.00094731245,0.0010214904,0.0010083923,0.0010371516,0.0010410706,0.001050041,0.0010505775,0.0010245303,0.0010460028,0.00094717834,0.0010308931,0.0010339925,0.0010520527,0.0010428587,0.00096775685,0.0010230253
2013-10-08,0.0010216543,0.0010465989,0.00094705913,0.0009469846,0.00094723795,0.0010234276,0.0010057548,0.0010405788,0.0010468373,0.0010485658,0.0010469267,0.0010254988,0.0010469416,0.00094704423,0.0010367939,0.0010470161,0.0010455856,0.0010411749,0.0009687701,0.0010244111
2013-10-09,0.0022647688,0.0022629807,0.0021644095,0.0021643052,0.0021645287,0.0022364864,0.0022462318,0.0022588084,0.0022579143,0.002265663,0.0022587636,0.0022386173,0.0022635171,0.0021644393,0.0022577206,0.0022570947,0.002255709,0.0022606114,0.002184988,0.0022369632
2013-10-10,0.0018794844,0.0018888423,0.0017978707,0.0017978707,0.0017980346,0.0018663863,0.0018967846,0.0018909583,0.0018889764,0.0019011358,0.0018981108,0.0018516043,0.0018981704,0.001797975,0.0018930892,0.0018906752,0.0018535117,0.0018853107,0.0018210718,0.0018692473
2013-10-11,0.0023639062,0.0024010697,0.0023014406,0.0023014108,0.0023015598,0.0023719678,0.0024052719,0.0024000267,0.0023922184,0.0023962716,0.002398179,0.0023472467,0.0024010101,0.0023014108,0.0024075666,0.002398924,0.0023528049,0.0023948709,0.002334849,0.0023730556
2013-10-14,0.0016807625,0.0017082551,0.0016055712,0.0016055116,0.001605601,0.0016817311,0.001709179,0.0016942034,0.0016958723,0.0017073909,0.0017077783,0.0016586641,0.0017053643,0.001605616,0.0017078677,0.0017032782,0.001655669,0.0017036209,0.0016387561,0.0016770968
2013-10-15,0.0010033408,0.0010067681,0.0009470144,0.00094702933,0.0009470144,0.0010266909,0.0010457048,0.0010413835,0.0010437528,0.0010495642,0.0010496238,0.0010132203,0.0010457346,0.0009469995,0.0010483721,0.0010435292,0.0009887973,0.0010431865,0.0009604553,0.0010279128
2013-10-16,0.002922968,0.0029194215,0.002842308,0.0028423527,0.002842323,0.0029205093,0.0029438594,0.002944515,0.002930955,0.0029435167,0.0029478977,0.0029167095,0.002939851,0.0028422335,0.0029416839,0.0029372284,0.002894477,0.0029240558,0.002853618,0.002927796
2013-10-17,0.0010128478,0.0010268549,0.00094705913,0.00094704423,0.00094702933,0.0010187188,0.0010460475,0.0010479698,0.0010395506,0.0010511884,0.0010519633,0.0010181079,0.0010466287,0.0009786347,0.0010353932,0.001045973,0.0009949813,0.00097550545,0.00095741544,0.0010222206
2013-10-18,0.0026598135,0.0027061114,0.0026183585,0.0026183585,0.0026184032,0.002688692,0.0027129808,0.0027208189,0.0027108649,0.0027160207,0.002721251,0.0026829997,0.002718226,0.0026421258,0.0027020434,0.0027192542,0.002669395,0.00263773,0.0026282975,0.0026953528
2013-10-21,0.00038519595,0.0003704289,0.0002973685,0.0002974281,0.0002974132,0.0003654221,0.00039713178,0.00039024744,0.00038810167,0.00039908383,0.0003987411,0.0003563771,0.00039167795,0.00035697315,0.00039009843,0.0003911117,0.00035044644,0.00033897255,0.00029754732,0.0003692666
2013-10-22,0.0009987811,0.0010254094,0.00094704423,0.00094705913,0.00094708893,0.001013414,0.0010425756,0.0010365555,0.0010424117,0.001048089,0.0010494301,0.0010064999,0.0010478208,0.0009966055,0.0010396848,0.0010447213,0.0010000477,0.0009634206,0.0009672353,0.0010145316
2013-10-23,0.0013963291,0.001419411,0.0013617137,0.001365588,0.0013617584,0.001436905,0.0014470527,0.0014462033,0.0014568279,0.00144972,0.0014646659,0.0014432678,0.0014591673,0.0013852725,0.0014545331,0.0014522085,0.0014533857,0.0013641724,0.0013835737,0.0014362792
2013-10-24,0.00092418585,0.0010310272,0.00094708893,0.00095506106,0.0009877393,0.0010254243,0.0010370323,0.0010477761,0.0010400275,0.0010422477,0.001033307,0.0010214904,0.0010384927,0.0009760568,0.0010291645,0.0010379413,0.0010021934,0.00094990525,0.0009673843,0.0010267356
2013-10-25,0.001500369,0.0016197572,0.0015375027,0.0015506605,0.0016026506,0.0016156444,0.0016327808,0.0016395906,0.0016380707,0.0016341964,0.001637117,0.001623542,0.0016285339,0.0015743384,0.0016203979,0.0016236464,0.0015882263,0.0015561888,0.001560689,0.001617522
2013-10-28,0.0009260485,0.0010259906,0.00094708893,0.000961856,0.0010053972,0.001022608,0.0010435442,0.0010509202,0.0010306993,0.0010293731,0.0010435442,0.0010268698,0.0010359893,0.0009892592,0.0010273913,0.0010358253,0.0009910474,0.0009696642,0.00096014235,0.0009904811
2013-10-29,-0.0028022667,-0.0028578034,-0.002909406,-0.002824529,-0.0028481176,-0.0028355112,-0.002831324,-0.0028107902,-0.0028511127,-0.0028160652,-0.0028132787,-0.0028273007,-0.0028224727,-0.0028826436,-0.0028291931,-0.0028282544,-0.0028691282,-0.0028812876,-0.0028985133,-0.0028723618
2013-10-30,0.0021873722,0.0021534124,0.0020865062,0.0021114508,0.002162383,0.0021615932,0.0021744529,0.0021832446,0.0021547535,0.002180935,0.0021898607,0.0021429071,0.002175928,0.0021215836,0.0021711746,0.00217563,0.0021401355,0.0021273205,0.0020979503,0.0021624574
2013-10-31,0.0022877315,0.0023792991,0.00230831,0.0023251334,0.0023578564,0.0023835013,0.002404333,0.0024073431,0.0023587802,0.0024046162,0.0024032006,0.00237389,0.0023994753,0.0023460994,0.002397568,0.0024061808,0.0023575732,0.0023642639,0.0023179809,0.0023943642
2013-11-01,-0.0041985055,-0.0041338196,-0.004180818,-0.004166766,-0.0041127494,-0.00409831,-0.004077836,-0.0040802797,-0.0041166535,-0.0040801605,-0.0040862104,-0.004113122,-0.004087626,-0.0041361293,-0.0040898314,-0.0040840795,-0.0041353246,-0.004143565,-0.004180669,-0.0040834537
2013-11-04,0.0026563117,0.002745823,0.002677218,0.0026891092,0.0027608285,0.0027632872,0.0027807513,0.002772362,0.0027384171,0.002776594,0.0027788738,0.002745376,0.0027712146,0.0027165124,0.0027637938,0.002777652,0.002727137,0.0027243355,0.0026773373,0.002775223
2013-11-05,0.0009296546,0.001022161,0.00094705913,0.0009552697,0.0010403702,0.0010457942,0.0010436038,0.0010472396,0.0010430524,0.0010485658,0.0010466883,0.0010339776,0.0010449747,0.0009862641,0.0010283003,0.0010439465,0.0010006884,0.0009894231,0.00094713364,0.0010435889
2013-11-06,0.00094352756,0.0010325024,0.00094705913,0.0009520063,0.0010458538,0.0010445723,0.0010394463,0.0010472545,0.0010488937,0.0010467479,0.001049445,0.0010362724,0.00104493,0.0009867856,0.0010311911,0.0010443339,0.0009934912,0.0009855339,0.00094713364,0.001011909
2013-11-07,0.0009437958,0.0010452727,0.00094708893,0.00095473323,0.0010097632,0.0010346184,0.0010322342,0.001035423,0.0010307739,0.001042963,0.0010469714,0.0010269145,0.0010429332,0.0009802887,0.0010280916,0.001039342,0.0009943405,0.000995622,0.00094710384,0.00097192917
2013-11-08,0.0027915845,0.0028940747,0.0027933875,0.0027961591,0.00284125,0.0028810361,0.002873958,0.0028806785,0.0028790245,0.002888129,0.0028918097,0.0028756121,0.00289403,0.0028308192,0.002888144,0.0028854618,0.0028390596,0.002837182,0.0027934173,0.002811269
2013-11-11,0.0019296566,0.0020351866,0.0019914517,0.0019368092,0.0019870708,0.0020159492,0.0020095864,0.0020197788,0.0019944618,0.0020257244,0.0020298222,0.00200075,0.00202638,0.0019507715,0.0020132074,0.002022476,0.0019842843,0.0019794116,0.0019311318,0.0019465694
2013-11-12,0.000945569,0.0010494599,0.00095118675,0.00094997976,0.0009909878,0.0010334114,0.0010337094,0.0010315785,0.0010093311,0.0010390887,0.0010387162,0.0010113725,0.0010430971,0.0009630481,0.0010275552,0.0010464946,0.0009974847,0.000974969,0.00094707403,0.0009643594
2013-11-13,0.000946627,0.001047642,0.00094753597,0.00095379446,0.0010293731,0.0010400722,0.0010413388,0.0009906897,0.0010212967,0.001046286,0.0010499815,0.0010164389,0.0010441104,0.0009606192,0.001019747,0.0010454962,0.0009970227,0.0009982744,0.00094705913,0.00094959233
2013-11-14,0.0017260769,0.0018242905,0.0017271796,0.0017284462,0.0018093893,0.0018169144,0.0018121758,0.0017759958,0.001800687,0.0018220404,0.0018277327,0.0017839978,0.0018202672,0.0017393837,0.0018125484,0.0018248418,0.0017733434,0.0017734924,0.0017266581,0.001795114
2013-11-15,0.0018998096,0.0019940594,0.0019133994,0.0019030431,0.001984329,0.001987503,0.0019892016,0.001946033,0.0019699195,0.0019975016,0.0019984404,0.0019567022,0.0019917497,0.001900644,0.001994581,0.0019995878,0.0019575516,0.0019378671,0.001900197,0.0019617686
2013-11-18,0.0021390328,0.0021704892,0.0020754049,0.0020774761,0.002165557,0.0021598348,0.0021680454,0.0021429816,0.0021382878,0.0021811882,0.0021786997,0.0021446804,0.0021733055,0.002075822,0.0021716515,0.002173514,0.0021263072,0.0021131495,0.0020755688,0.0021446357
2013-11-19,0.0009530941,0.0010424713,0.0009468803,0.0009493837,0.0010232339,0.0010346035,0.0010436634,0.0010011056,0.0010027895,0.0010501156,0.001046733,0.001014621,0.0010399381,0.00094722304,0.0010374645,0.0010454217,0.0009945044,0.0009945938,0.00094705913,0.0010219077
2013-11-20,0.0009481767,0.00104417,0.0009469846,0.00094726775,0.0010245452,0.001033322,0.0010409812,0.0010043094,0.0010044137,0.0010518292,0.0010455409,0.0010279277,0.0010442445,0.00094716344,0.0010310421,0.0010450492,0.0009919712,0.0010042498,0.00094705913,0.0010379711
2013-11-21,0.0009475658,0.0010408321,0.0009469995,0.00094719324,0.0010263333,0.0010370025,0.0010482082,0.0010045478,0.0010104934,0.0010499964,0.0010485807,0.0010269294,0.0010433802,0.00094705913,0.0010254541,0.0010437081,0.0009920308,0.0009988705,0.00094705913,0.001043559
2013-11-22,0.002275155,0.0023588846,0.0022657225,0.002265812,0.0023478577,0.0023584971,0.0023610303,0.0023164311,0.0023259083,0.0023644576,0.0023628483,0.002338157,0.0023605237,0.0022657374,0.0023416737,0.0023614625,0.002314807,0.0023184726,0.0022657076,0.0023590634
2013-11-25,0.0021853158,0.0022805044,0.002185584,0.0021857033,0.00226836,0.0022758404,0.002284796,0.0022319565,0.0022379318,0.0022861073,0.0022899816,0.0022677938,0.002283604,0.0021856437,0.0022674361,0.0022825906,0.0022359798,0.0022421638,0.0021856437,0.0022827545
2013-11-26,0.000946776,0.0010453919,0.00094705913,0.00094710384,0.00097292755,0.0010362277,0.0010390589,0.001028792,0.0010113278,0.0010471353,0.0010481039,0.0010307888,0.0010461668,0.00094705913,0.0010379711,0.0010486552,0.0009981701,0.0009962181,0.00094707403,0.0010414729
2013-11-27,0.0009469101,0.001046122,0.00094707403,0.00094708893,0.0009657154,0.0010326514,0.0010399977,0.0010128329,0.0010156641,0.0010521868,0.001048089,0.0010190615,0.0010479847,0.0009469846,0.0010304162,0.0010495195,0.0009891698,0.001041011,0.00094707403,0.001047493
2013-11-29,0.0009469101,0.0010201195,0.00094707403,0.00094708893,0.0009609917,0.0010336647,0.0010454664,0.0010011354,0.0010155002,0.0010510096,0.0010442296,0.0010095397,0.0010463158,0.0009469697,0.0010198811,0.0010483572,0.0010270188,0.0010458091,0.00094705913,0.0010464201
2013-12-02,0.0009469548,0.001027883,0.0009811232,0.00094710384,0.0009593079,0.0010427693,0.0010325322,0.0009927312,0.0010001669,0.00104718,0.0010351697,0.001015679,0.0010415921,0.0009469846,0.0010122219,0.0010466883,0.0010396997,0.0010164538,0.00094705913,0.001047642
2013-12-03,0.0009469697,0.0010174969,0.0010279426,0.00094707403,0.000947834,0.0010373006,0.0010436336,0.0010163942,0.0010015974,0.0010467032,0.0010434994,0.0010112533,0.0010418007,0.000947834,0.0010101805,0.0010440508,0.0010437677,0.0010222355,0.00094705913,0.0010446766
2013-12-04,-0.0003095707,-0.00022201147,-0.00024183001,-0.00030933227,-0.00030897465,-0.00021248963,-0.00021155085,-0.00023488607,-0.00026138034,-0.00020998623,-0.00021278765,-0.00024354365,-0.00021544006,-0.00030803587,-0.00025017466,-0.00021833088,-0.00021144655,-0.0002441695,-0.00030930247,-0.0002107909
2013-12-05,-0.0005210927,-0.00042305794,-0.0004444262,-0.00052089896,-0.00052073505,-0.00042717066,-0.00041969027,-0.00044222083,-0.00047093537,-0.00042049494,-0.00042323675,-0.00045640673,-0.00042700674,-0.00051809754,-0.00047187414,-0.0004291376,-0.00042681303,-0.0004805168,-0.00052091386,-0.00042302813
2013-12-06,0.0015109787,0.0016102204,0.0015922347,0.0015111575,0.0015112171,0.0016067931,0.0016110549,0.0016181329,0.0015562186,0.001614348,0.0016107121,0.001595349,0.0016005198,0.0015130797,0.0015932629,0.0016111741,0.0015737424,0.0015504817,0.0015111575,0.0015793452
2013-12-09,0.0024840692,0.0025769332,0.0025519887,0.0024840692,0.0024842033,0.0025761584,0.0025796006,0.0025551775,0.0025359849,0.0025854418,0.0025795707,0.0025517652,0.002575905,0.0024906108,0.0025723288,0.002579064,0.0025688568,0.002556906,0.002484099,0.0025732378
2013-12-10,0.0009470144,0.0010336945,0.000996069,0.00094707403,0.0009469697,0.0010345737,0.0010257969,0.0010045776,0.0010024766,0.0010461519,0.0010429779,0.0010103146,0.0010377774,0.0009559253,0.0010333667,0.0010443786,0.001035572,0.0010231147,0.00094707403,0.001008586
2013-12-11,0.003288568,0.0033739218,0.0033461163,0.003288568,0.003288583,0.0033872882,0.0033826241,0.0033417055,0.0033328691,0.0033873776,0.0033860067,0.0033701817,0.0033794353,0.0032965252,0.0033777962,0.0033843527,0.00337723,0.0033675442,0.003288568,0.0033485303
2013-12-12,-0.00071372,-0.0006420305,-0.00066296663,-0.0007136455,-0.0007137647,-0.0006240001,-0.0006276062,-0.0006456515,-0.00065809395,-0.00061546173,-0.00061556604,-0.00065159705,-0.000620245,-0.0007058373,-0.00061578956,-0.00061689224,-0.0006532809,-0.000627785,-0.0007136753,-0.0006164899
2013-12-13,-0.003296136,-0.003258883,-0.0032728752,-0.003312259,-0.0032898923,-0.0032638153,-0.0032642176,-0.0032506427,-0.003304704,-0.0032549193,-0.003259345,-0.0032755723,-0.0032628765,-0.003323122,-0.003250732,-0.00325784,-0.0032801768,-0.003271996,-0.003335326,-0.0032934537
2013-12-16,0.0022338787,0.0023233304,0.0023074904,0.0022385875,0.002288268,0.0023032585,0.0023073563,0.0022729496,0.0022717575,0.0023183087,0.0023209313,0.0022963146,0.0023184428,0.002235935,0.0023220787,0.0023186812,0.0022966126,0.0023123482,0.0022417763,0.0022587636
2013-12-17,0.0010101655,0.001068742,0.0010299692,0.00097410474,0.0010117004,0.0010192702,0.0010167519,0.0010266015,0.0009917179,0.0010403255,0.0010391036,0.001010851,0.0010403404,0.0010063509,0.0010423074,0.0010250369,0.0009969631,0.001031504,0.0009493986,0.0009927759
2013-12-18,0.002442048,0.0025072256,0.0025048861,0.0024522105,0.0024948278,0.0024975697,0.0025161514,0.0024809698,0.0024783919,0.0025195787,0.002519221,0.0024929056,0.0025259415,0.002501578,0.002497674,0.0025200853,0.0025188187,0.0025253156,0.0024514208,0.0024474422
2013-12-19,0.0004129121,0.0004870752,0.0004781345,0.00043006334,0.00047542248,0.00047609303,0.0004923949,0.000449867,0.00045150612,0.0004938701,0.00049445126,0.00044904742,0.00049676094,0.00042073522,0.00047975872,0.0004921714,0.0004526237,0.0004858831,0.00041052792,0.00041604135
2013-12-20,0.0002974877,0.000398607,0.00037460122,0.00033128355,0.00037203822,0.00037242565,0.00039818976,0.0003459761,0.00035303924,0.00039593969,0.0003949264,0.00035485718,0.00039145444,0.00030313525,0.00038239453,0.00039422605,0.00035412703,0.0003792951,0.00031451974,0.00030313525
2013-12-23,0.0012609819,0.0013445923,0.0013297806,0.0012898454,0.0013288418,0.0013307044,0.0013601193,0.0013163099,0.0013053278,0.0013289014,0.0013420889,0.0013034949,0.0013436535,0.0012671361,0.0013365755,0.0013520131,0.0012929151,0.0013326267,0.0012594769,0.0013244608
2013-12-24,0.0021443525,0.002166883,0.0021525035,0.0021082023,0.0021606097,0.002088801,0.0021600435,0.0021485398,0.0021338174,0.0021543512,0.00215304,0.0021255175,0.0021547535,0.0020812312,0.0021653632,0.0021592537,0.0020914683,0.0021611908,0.0020850608,0.002133713
2013-12-26,-0.0059158495,-0.005950003,-0.005955278,-0.0059915027,-0.0059571257,-0.0059697023,-0.005950778,-0.005970343,-0.005977555,-0.0059524467,-0.005953892,-0.005975141,-0.0059531173,-0.0059669605,-0.0059489002,-0.0059500476,-0.0059972545,-0.0059377244,-0.0060283234,-0.0059729954
2013-12-27,0.0010390142,0.001048536,0.0010291198,0.0009860406,0.0010297457,0.0010245303,0.0010306546,0.0010176161,0.0009920457,0.0010362873,0.0010342458,0.0010115216,0.0010434994,0.0010244409,0.0010443339,0.001027436,0.0010201195,0.0010307888,0.0009569982,0.0010145465
2013-12-30,0.0010280618,0.0010204623,0.001025931,0.0009911219,0.0010237256,0.0010162601,0.0010326067,0.001027883,0.0009995559,0.0010453472,0.0010405043,0.0010138461,0.0010430226,0.0010181675,0.001047344,0.0010417113,0.001013563,0.0010336647,0.0009534219,0.0010253349
2013-12-31,0.0010268996,0.0010313401,0.001030744,0.001001359,0.0010213265,0.0009519914,0.0010330388,0.0010267058,0.0009900788,0.0010384778,0.0010383287,0.0010152617,0.0010412643,0.0010166923,0.0010434696,0.0010398636,0.0010146955,0.0010295222,0.0009544203,0.0010229954
2014-01-02,0.001005874,0.0010295073,0.0010409812,0.0010077218,0.0010233531,0.00096030626,0.0010332474,0.0010274807,0.0009939084,0.0010373304,0.0010346929,0.0010199705,0.0010396698,0.0010154853,0.0010392824,0.0010411153,0.0010031769,0.0010464946,0.0009531537,0.0010239193
2014-01-03,0.0010270039,0.0010151276,0.0010447511,0.0009925375,0.0010257671,0.0009606788,0.0010424862,0.0010242919,0.0009907493,0.0010388652,0.0010438273,0.0010299543,0.0010382691,0.0010288218,0.0010438124,0.0010356912,0.00097273383,0.0010258863,0.00094731245,0.0010277936
2014-01-06,0.001023055,0.0010202685,0.0010300884,0.0009936402,0.0010193745,0.0010238448,0.0010515908,0.0010210583,0.0009947876,0.0010456303,0.001045377,0.0010178545,0.0010365257,0.0010444382,0.0010478506,0.0010450343,0.0009696642,0.0010343054,0.00094728265,0.0010266611
2014-01-07,0.0010229358,0.0010187486,0.0010155002,0.0009959647,0.00102231,0.001014621,0.0010479698,0.0009976784,0.0010042498,0.0010359148,0.001039804,0.0010018358,0.0010415772,0.0010259012,0.001041458,0.0010457197,0.0009850422,0.0010253051,0.00094722304,0.0010270188
2014-01-08,0.0010251263,0.0010331878,0.0010222653,0.0009939829,0.0010316083,0.0010197321,0.0010420987,0.0010089884,0.0009921202,0.001039342,0.0010385374,0.0010185549,0.0010425607,0.0010219524,0.0010426948,0.0010464648,0.0009880969,0.0010241428,0.00094711874,0.001027287
2014-01-09,0.00037214253,0.00040182564,0.0003716061,0.00033861492,0.00037269387,0.0003717402,0.00039763842,0.00036314223,0.00034526084,0.0003898004,0.00038914476,0.00036239717,0.00038498733,0.0003831396,0.0003859708,0.00039504562,0.00032462273,0.00036968384,0.0003010342,0.0003731707
2014-01-10,0.0010655979,0.0010509798,0.0010194341,0.0009884993,0.001017482,0.0010295371,0.0010408768,0.0010200003,0.0010033557,0.0010439018,0.001041011,0.001009644,0.0010416517,0.0010250369,0.0010396251,0.0010461668,0.0009799758,0.0010246644,0.00094850454,0.0010255734
2014-01-13,0.0017254213,0.00175652,0.001724855,0.0016969601,0.0016713748,0.0017365078,0.0017515281,0.0017405013,0.0017134408,0.0017533312,0.0017526457,0.0017138133,0.0017451504,0.0017470578,0.0017526755,0.0017583081,0.0016992847,0.0017298767,0.0016575316,0.0017334232
2014-01-14,0.0010168413,0.0010477016,0.0010280767,0.0009862343,0.0010162154,0.0010272125,0.0010428587,0.0010215202,0.0009919861,0.0010454664,0.0010408917,0.0010108808,0.001042963,0.001035274,0.0010383734,0.001044468,0.0009924928,0.0010330239,0.0009479532,0.0010294328
2014-01-15,0.0010279575,0.0010195831,0.0010301033,0.0009880224,0.0010300437,0.0010356465,0.0010300884,0.0010183016,0.000991554,0.0010454068,0.0010381201,0.0010222951,0.0010384629,0.000974522,0.0010391781,0.0010443339,0.0010127136,0.00102985,0.0009656409,0.001031057
2014-01-16,0.0010283301,0.0010308782,0.0010335157,0.0009876052,0.0010257373,0.0010475079,0.0010425905,0.0010397742,0.0009949813,0.0010469863,0.0010440359,0.0010363767,0.0010337243,0.0009686658,0.0010412941,0.0010434845,0.0009925822,0.001035572,0.00095127616,0.0010418752
2014-01-17,-0.0027839234,-0.0027904501,-0.0028073182,-0.0028422168,-0.0028324714,-0.0027810326,-0.0027837297,-0.0028005233,-0.0028341105,-0.0027809432,-0.0027835509,-0.0028065136,-0.0027979305,-0.0028662076,-0.0027877828,-0.0027898988,-0.0028400114,-0.002798914,-0.0028679809,-0.0027858159
2014-01-21,0.0005861977,0.0005819658,0.0005666623,0.00053130183,0.0005627433,0.000587509,0.0005897442,0.00058271084,0.00053690467,0.00059183035,0.00059169624,0.0005486617,0.00057408307,0.0005062977,0.00058683846,0.0005883286,0.0005363682,0.0005681971,0.0005030045,0.0005824575
2014-01-22,0.0010419199,0.0010394761,0.0010298649,0.0009842077,0.0010281364,0.0010351846,0.0010314742,0.0010353336,0.0009881565,0.0010407725,0.0010390142,0.0010193745,0.0010294477,0.0009956518,0.0010340819,0.0010397742,0.0010004053,0.0010151276,0.0009698281,0.0010387311
2014-01-23,0.0021965662,0.0021938095,0.0021845559,0.0021399418,0.0021836767,0.0021934519,0.0022008726,0.0021792362,0.0021403292,0.002197505,0.0021963278,0.0021872828,0.0021825293,0.0021827826,0.0021942565,0.0021923939,0.0021446804,0.0021669874,0.00212288,0.0021920959
2014-01-24,0.0030371258,0.0030063996,0.0030019442,0.0029684613,0.003006325,0.0030347118,0.0030431608,0.0030200044,0.002949805,0.003031508,0.0030299732,0.0029917369,0.003008158,0.0029494623,0.0030279616,0.0030282298,0.0030184397,0.0030244002,0.0029689232,0.0030233571
2014-01-27,0.0010533789,0.0010260502,0.0010239044,0.000985668,0.0010183612,0.0010524997,0.0010530362,0.0010344544,0.0009880671,0.0010439614,0.0010454813,0.0010222802,0.0010289559,0.000954465,0.001042054,0.0010420689,0.0010468671,0.0010192702,0.0009806762,0.0010467628
2014-01-28,0.0010598758,0.0010349462,0.0010180632,0.0009825537,0.000965626,0.001052008,0.0010500113,0.0010204324,0.0009623179,0.0010438869,0.0010384033,0.0010137269,0.0010288218,0.00096419547,0.0010431567,0.0010467628,0.0010519186,0.001013414,0.0009791264,0.001047493
2014-01-29,-0.0008319756,-0.0008501103,-0.00086617377,-0.00089673605,-0.00091467705,-0.0008303067,-0.0008445522,-0.00086195674,-0.0008962741,-0.0008677682,-0.00083766785,-0.00085574295,-0.00084920134,-0.0009207567,-0.0008406034,-0.00084310677,-0.00083382335,-0.0008525094,-0.0008971235,-0.0008279225
2014-01-30,0.0018039504,0.0018005827,0.0017991969,0.0017659822,0.0017370442,0.0018314729,0.0017928937,0.0018098215,0.0017534355,0.0018130848,0.0018194178,0.0017769644,0.0018080333,0.0017250637,0.0018179426,0.0018256912,0.0018229941,0.0018123994,0.001766325,0.0018301317
2014-01-31,0.0010828236,0.0010249624,0.0010250071,0.0009872327,0.0009632716,0.0010589967,0.0010295967,0.0010171989,0.0009872327,0.0010432759,0.0010394016,0.0009945491,0.0010317573,0.0010305354,0.0010156343,0.0010537216,0.0010581473,0.0010407278,0.00096538756,0.0010499517
2014-02-03,-0.001977264,-0.0019942066,-0.0019737324,-0.001982092,-0.0020609042,-0.0019521108,-0.0019584736,-0.0019763699,-0.0020348867,-0.001964449,-0.0019635996,-0.0020397445,-0.0019788733,-0.002061515,-0.0019860556,-0.0019633016,-0.002001091,-0.001967593,-0.002024605,-0.0019538542
2014-02-04,0.0023379782,0.002344654,0.0023873607,0.0023936639,0.002296702,0.002341346,0.00240782,0.002388076,0.002328367,0.0023986856,0.002385364,0.0023321668,0.0023807297,0.002293543,0.0023696283,0.0023896554,0.0023441473,0.0023938576,0.002313898,0.0023993263
2014-02-05,0.0010489235,0.0010171542,0.0010335008,0.0010496387,0.0009470144,0.0010462711,0.0010567764,0.0010482082,0.0009849677,0.0010455558,0.0010365108,0.00096418057,0.001034827,0.0009453008,0.0010123709,0.0010413984,0.0010151872,0.0010460922,0.0009608576,0.0010612914
2014-02-06,0.0010394463,0.0010035345,0.0010433951,0.0010534981,0.00094705913,0.0010497728,0.0010576705,0.001046122,0.0009863088,0.001039491,0.0010363469,0.00096152816,0.0010373453,0.0009669671,0.0010269294,0.0010299543,0.0010014931,0.0010368684,0.0009493986,0.0010545859
2014-02-07,0.000995026,0.0010184655,0.0010392079,0.0010550776,0.0009469399,0.00097042415,0.0010419199,0.0010348866,0.0009811977,0.0010433653,0.0010390738,0.000948892,0.001038433,0.0009503076,0.0010327259,0.0010431567,0.001000897,0.001016573,0.0009578327,0.0010497281
2014-02-10,0.0030853758,0.003093646,0.0030978927,0.0031037787,0.0030075172,0.003026397,0.0030969987,0.0030941078,0.0030434737,0.0031031677,0.0031033764,0.0030194828,0.0030974308,0.0030092457,0.0030952254,0.003106148,0.0030648122,0.003084124,0.003009037,0.0031075934
2014-02-11,0.0009823004,0.0009871582,0.0010356167,0.0010470608,0.0009469846,0.0009532282,0.0010387162,0.0010191808,0.00096128974,0.0010455111,0.0010464797,0.00096884463,0.0010409812,0.00094848964,0.0010448853,0.0010482231,0.0010025809,0.0010328451,0.00094841514,0.0010488639
2014-02-12,0.0013040164,0.0013782391,0.0014103958,0.001415656,0.0013172338,0.0013230452,0.0014061192,0.0014092037,0.0013299594,0.0014097551,0.00142108,0.001339511,0.0014093975,0.0013258765,0.0014079371,0.0014166394,0.0013584355,0.0014106492,0.0013371268,0.0014196942
2014-02-13,0.0009554187,0.0010286579,0.001022906,0.0010443488,0.00094705913,0.0009477595,0.0010446319,0.0010262886,0.0009568939,0.0010385672,0.0010472843,0.0009732554,0.00104341,0.00094737206,0.0010415623,0.0010482529,0.00097052846,0.0010429779,0.00095109735,0.0010512332
2014-02-14,0.002490432,0.0025724182,0.0025748173,0.0025858888,0.0024868408,0.0024870792,0.0025798092,0.0025806734,0.0024991492,0.0025765756,0.0025896141,0.0024940232,0.0025780657,0.002486975,0.0025782296,0.0025853673,0.0025146613,0.0025811205,0.0025087306,0.002592043
2014-02-18,0.00095523987,0.0010396251,0.0010256032,0.0010522017,0.0009469697,0.00094711874,0.001050354,0.0010388801,0.00094972644,0.001047478,0.0010561654,0.0009826133,0.0010404298,0.00094713364,0.0010476569,0.0010496685,0.00096675847,0.0010493109,0.00095494185,0.0010491768
2014-02-19,0.0009452114,0.0010159621,0.0010026256,0.0010435292,0.0009470144,0.0010140697,0.0010422477,0.0010354677,0.0009699771,0.001044766,0.0010467181,0.0009841481,0.0010401616,0.00094714854,0.0010439167,0.0010450343,0.0009567449,0.0010350207,0.0009617219,0.0010505179
2014-02-20,0.0009451518,0.0010163793,0.0010015825,0.0010472545,0.00094707403,0.0009579817,0.0010370174,0.0010396698,0.0009516934,0.0010457346,0.0010495791,0.00096528325,0.0010398487,0.00094710384,0.0010493556,0.0010427395,0.00094983075,0.0010335157,0.0009554038,0.0010535428
2014-02-21,-0.0003904989,-0.00031049456,-0.00032827165,-0.00028701033,-0.000390335,-0.00038646068,-0.00030384865,-0.00031560566,-0.00038261618,-0.00028835144,-0.0002928367,-0.0003815135,-0.00029519107,-0.00039026048,-0.0002930453,-0.00028636958,-0.000384002,-0.00030124094,-0.00037483778,-0.00028337445
2014-02-24,0.0022966424,0.0023815045,0.0023546228,0.0023913542,0.0022969106,0.0023800293,0.002383844,0.0023758868,0.002325938,0.0023969272,0.0023997435,0.0023348788,0.0023910413,0.0022969702,0.0023963163,0.0023975978,0.0022994587,0.0023882845,0.002306358,0.002404944
2014-02-25,0.00094720814,0.001002253,0.0009997645,0.001051859,0.0009673247,0.001043261,0.0010433057,0.0010294328,0.0009864578,0.0010411451,0.0010448107,0.0009876499,0.0010369876,0.00094710384,0.0010468224,0.001049445,0.0009481022,0.0010368088,0.0009559998,0.0010465989
2014-02-26,0.0026397565,0.0027093152,0.0026937732,0.0027348706,0.0026620338,0.0027396688,0.0027304152,0.0027283886,0.0026694247,0.0027355412,0.0027372846,0.0026715705,0.0027255425,0.002639831,0.002738745,0.0027354816,0.0026409933,0.0027365694,0.0026504258,0.0027386406
2014-02-27,0.0027166465,0.0027980665,0.0027781734,0.002808542,0.0027421573,0.0028141448,0.0028079757,0.0028036395,0.0027486244,0.0028130868,0.002811716,0.0027493993,0.0028031329,0.0027175406,0.0028157244,0.00281413,0.0027181366,0.002807633,0.002727718,0.0028174678
2014-02-28,0.0005178014,0.0006155828,0.0005883584,0.0006116936,0.0005644569,0.00061474834,0.00060707424,0.0006118277,0.0005563954,0.00061352644,0.00061370526,0.0005346844,0.0006018141,0.00051765237,0.0006206045,0.0006178478,0.00051851664,0.0006050924,0.0005281577,0.00062017236
2014-03-03,0.0009467909,0.0010370472,0.0010128925,0.0010450343,0.0009634057,0.0010454813,0.001042054,0.0010409513,0.0009872476,0.0010413835,0.0010468969,0.00096288417,0.0010373453,0.0009469846,0.0010461072,0.0010473887,0.0009478787,0.0010424862,0.00095637236,0.0010530064
2014-03-04,0.00094717834,0.0010086903,0.0010103742,0.001026378,0.00096029136,0.0010511586,0.0010385523,0.0010445574,0.0009884546,0.0010416368,0.0010449598,0.0009616921,0.0010397891,0.00094702933,0.00104718,0.0010454068,0.000947834,0.0010444531,0.0009559104,0.0010542134
2014-03-05,0.0014083246,0.0014917413,0.0014740834,0.0014612982,0.0014224062,0.001499326,0.001504288,0.0015039006,0.0014474252,0.0015065977,0.0015098015,0.0014206776,0.0015047649,0.0014511952,0.0015029171,0.0015030811,0.0014092186,0.0015037516,0.0014161328,0.0015188614
2014-03-06,0.0009455988,0.0010299245,0.0010109404,0.001043261,0.0009657154,0.0010475675,0.0010517547,0.0010318616,0.0009882012,0.0010479102,0.0010498622,0.00094729755,0.0010458687,0.0010213712,0.0010421285,0.0010338137,0.0009482512,0.0010433504,0.0009541968,0.0010558674
2014-03-07,0.0009467462,0.0010355422,0.0010123411,0.0010490576,0.00094704423,0.0010426352,0.00104417,0.0010296712,0.0009870986,0.0010484168,0.0010473588,0.00094723795,0.0010432759,0.0010192255,0.0010449896,0.0010273466,0.0009478042,0.0010444531,0.0009527812,0.001061202
2014-03-10,0.0023252824,0.0024260888,0.0023944834,0.0024342397,0.0023254314,0.0024223635,0.0024308572,0.002408252,0.0023647556,0.0024261335,0.0024233619,0.0023255209,0.0024128715,0.0023923526,0.002423198,0.0023984918,0.0023263702,0.0024305442,0.002329559,0.0024356851
2014-03-11,0.00094708893,0.0010442892,0.0010176608,0.0010605911,0.00094707403,0.0010489086,0.0010508457,0.0010182867,0.0009887526,0.0010396848,0.0010462562,0.0009860555,0.0010352889,0.0010217736,0.0010449449,0.001012967,0.00094843004,0.0010530064,0.0009501884,0.0010414282
2014-03-12,0.00094729755,0.0010360191,0.001005129,0.0010576257,0.0009469697,0.00097037945,0.00104718,0.0010293284,0.0009682337,0.0010351846,0.0010398487,0.0009707222,0.0010370174,0.0010193596,0.0010410408,0.0010270039,0.00094847474,0.0010526935,0.0009503821,0.0010468522
2014-03-13,0.000946478,0.0010340074,0.0010245899,0.0010475377,0.00094702933,0.0010324726,0.0010451237,0.0010184655,0.0009868005,0.0010240385,0.0010424415,0.0009746561,0.0010395655,0.0010339329,0.0010418901,0.0010336349,0.0009480426,0.0010475228,0.0009566704,0.001044781
2014-03-14,0.0009469697,0.0010293731,0.0010050694,0.001048089,0.00094704423,0.0010376433,0.0010368386,0.0010299543,0.0009849379,0.0010300586,0.0010366002,0.0009724507,0.0010430375,0.0010306397,0.0010378966,0.0010210285,0.000948132,0.0010451684,0.0009543309,0.00104718
2014-03-17,0.0019191513,0.002004386,0.0019851187,0.001953409,0.001919792,0.0020223418,0.0020087073,0.0020035664,0.0019614408,0.002008886,0.002020941,0.001963825,0.0020219246,0.002023534,0.0020173797,0.0019947598,0.0019210586,0.0020221928,0.0019271085,0.0020273784
2014-03-18,0.0017459402,0.0017425576,0.0017171362,0.0016869018,0.0016620168,0.0017059306,0.0017423341,0.0017422298,0.0016810307,0.0017465064,0.0017587552,0.001713247,0.0017590234,0.0017652223,0.0017540613,0.0017411122,0.001687632,0.0017613331,0.0016714344,0.0017534355
2014-03-19,0.0028284946,0.002812476,0.002801598,0.0027607242,0.0027405033,0.0027795741,0.0028243372,0.0028106133,0.0027591893,0.002832965,0.00283976,0.0027947882,0.0028375397,0.0028507868,0.0028330246,0.0028198818,0.0027665356,0.0028389106,0.0027502785,0.0028365264
2014-03-20,0.0028596679,0.0028385678,0.0028222958,0.0028399834,0.0027635405,0.0028010467,0.0028351257,0.0028302828,0.0027888278,0.0028513381,0.0028631696,0.0028081993,0.0028540352,0.002866746,0.0028582523,0.0028497735,0.0027900198,0.0028618285,0.0027724812,0.0028541246
2014-03-21,0.0010870853,0.0010222653,0.001004369,0.001022921,0.0009469995,0.0010381499,0.0010241726,0.0010368684,0.0009864876,0.0010304907,0.0010426948,0.0009910772,0.0010406682,0.0010494152,0.001040251,0.0010342607,0.0009764889,0.0010525892,0.0009552697,0.0010505626
2014-03-24,0.00068445597,0.0006504068,0.0006375769,0.00065362547,0.0005693743,0.0006782869,0.0006578723,0.00065596495,0.00060545,0.0006516883,0.00067003164,0.0006156275,0.0006643841,0.000661538,0.00065720174,0.0006588558,0.0006221095,0.0006734142,0.000581936,0.0006786296
2014-03-25,-0.003405734,-0.0034227362,-0.0034402153,-0.0034175506,-0.0034995815,-0.003403305,-0.003414779,-0.003422021,-0.0034710905,-0.0034493348,-0.0034086397,-0.0034601977,-0.003406047,-0.0034188172,-0.0034161052,-0.0034125587,-0.003457456,-0.0034047654,-0.0034923097,-0.0034042588
2014-03-26,0.0012234012,0.0012108842,0.001189054,0.001232625,0.0011382708,0.0012431303,0.001234577,0.0012170235,0.0011737058,0.0012017647,0.0012282291,0.0011788765,0.0011989931,0.0012259791,0.0012176344,0.0012280354,0.0011872808,0.0012375871,0.001147897,0.0012411335
2014-03-27,0.0024424205,0.0024602572,0.0024375478,0.0024713734,0.0023810575,0.0024680654,0.0024677375,0.0024468163,0.0024211416,0.0024506906,0.0024725208,0.002417759,0.00246738,0.0024719248,0.0024659047,0.0024729976,0.0024257163,0.0024731467,0.0023891488,0.0024767378
2014-03-28,0.0033296505,0.003351138,0.00333275,0.0033688853,0.003273488,0.003362135,0.0033615986,0.0033354023,0.0033103237,0.0033555934,0.0033627609,0.0033095041,0.0033665905,0.003365011,0.0033559063,0.0033578286,0.0033188472,0.003369377,0.0032843808,0.003364415
2014-03-31,0.0010200599,0.0010189572,0.0010035792,0.0010489086,0.00094702933,0.0010431865,0.0010381648,0.0010071853,0.00098613,0.0010341117,0.0010389397,0.0009862939,0.0010478953,0.0010441849,0.0010231147,0.0010317871,0.0009951601,0.0010479847,0.00095634256,0.001042352
2014-04-01,0.0009887228,0.0010251412,0.0010135183,0.0010460624,0.00094702933,0.0010284493,0.0010353038,0.0010130117,0.0009813318,0.0010375539,0.001037688,0.0009855786,0.001046584,0.0010411451,0.0010269294,0.0010225931,0.0009963224,0.0010441551,0.0009582946,0.0010442147
2014-04-02,0.0021736184,0.0021867016,0.0021774927,0.002197058,0.0021126429,0.0022135237,0.0021987865,0.0021728287,0.0021496424,0.0022049854,0.0021999339,0.0021523992,0.0022096643,0.0022170702,0.0021950165,0.002175809,0.0021771202,0.0022107372,0.0021278718,0.0022047618
2014-04-03,0.0010468671,0.0010528723,0.0010436634,0.0010716179,0.0009918222,0.0010879347,0.0010670582,0.0010558823,0.0010277787,0.0010795007,0.0010810802,0.0010296265,0.0010876218,0.0010853568,0.0010775635,0.001055167,0.0010445574,0.0010885755,0.0010030875,0.0010788152
2014-04-04,0.0009974847,0.0010158578,0.0009984532,0.0010319212,0.00094705913,0.0010388801,0.0010292241,0.0010254988,0.0009828815,0.0010249028,0.0010368386,0.000985817,0.001040549,0.0010332027,0.0010306248,0.0010225335,0.0010135779,0.0010395804,0.0009631524,0.0010377327
2014-04-07,0.0010198364,0.001025022,0.0010001222,0.0010394463,0.00094705913,0.0010467032,0.0010338733,0.0010146806,0.0009830454,0.0010305801,0.0010364363,0.0009870837,0.0010375241,0.0010329047,0.0010282407,0.00103739,0.0010055015,0.0010419795,0.0009630034,0.001031504
2014-04-08,0.0009982893,0.0010324577,0.001001359,0.0010354379,0.0009469846,0.00104341,0.0010327855,0.001010702,0.0009820024,0.0010323236,0.001038895,0.0009838352,0.0010426501,0.0010367641,0.0010222653,0.0010322193,0.0010029981,0.0010333369,0.0009604553,0.0010457495
2014-04-09,0.0010302672,0.0010395804,0.000996084,0.0010494003,0.0009469846,0.0010439912,0.0010362873,0.0010180483,0.0009838054,0.0010333518,0.0010261545,0.0009839246,0.0010415027,0.0010344097,0.0010222951,0.0010412047,0.0009991387,0.001035736,0.0009633759,0.0010477016
2014-04-10,-0.0037825992,-0.003800138,-0.0038153073,-0.003770887,-0.003860413,-0.0037596514,-0.0037772795,-0.0037991991,-0.003824397,-0.0037761768,-0.0037900498,-0.0038226685,-0.0037651947,-0.0037619313,-0.0037861904,-0.0037736734,-0.0038207164,-0.0037738374,-0.0038463017,-0.0037695607
2014-04-11,0.0010217587,0.0010100761,0.0009918073,0.0010459134,0.00094705913,0.0010477016,0.0010366151,0.0010155151,0.0009844163,0.0010304162,0.0010383883,0.0009853998,0.0010204026,0.0010461966,0.0010331431,0.0010389844,0.0010354081,0.0010381052,0.0009772489,0.0010491023
2014-04-14,0.00086875353,0.00089843664,0.0010734061,0.0009386996,0.00083322916,0.0010297606,0.0009260187,0.00089871977,0.0008723149,0.00090229604,0.0009248117,0.0010564188,0.00092811976,0.00092411134,0.00092281494,0.00092439447,0.0012074718,0.00092661474,0.00084601436,0.0010361383
2014-04-15,0.0009861002,0.0010251561,0.0009974549,0.0010517547,0.00094702933,0.0010592053,0.0010350356,0.001019747,0.0009854594,0.0010211328,0.0010466883,0.0009931335,0.0010170052,0.001049743,0.0010362277,0.001040698,0.0010548839,0.0010388056,0.0009776363,0.0010481784
2014-04-16,0.0010021189,0.0010416219,0.0009948919,0.0010544816,0.00094704423,0.0010501603,0.0010417858,0.0010255435,0.0009815255,0.0010253051,0.001044617,0.0009905854,0.0010329643,0.0010494003,0.0010243515,0.0010419646,0.0010493854,0.0010377476,0.0009783665,0.0010459283
2014-04-17,0.0009905109,0.0010396102,0.0009929845,0.00105247,0.00094705913,0.0010399828,0.0010383138,0.0010176012,0.0009617368,0.0010280171,0.0010424564,0.0009925524,0.0010406533,0.0010561505,0.0010248134,0.001042814,0.0010546157,0.0010391781,0.0009809146,0.0010291347
2014-04-21,-0.0006841114,-0.0007032892,-0.00067479815,-0.0006923964,-0.00079917815,-0.00064918306,-0.00071056094,-0.0007269522,-0.00078658666,-0.0007214686,-0.00070039835,-0.0006602546,-0.0007116189,-0.0006949743,-0.0007251194,-0.0006972095,-0.0006293794,-0.00070190337,-0.00078779366,-0.0006588539
2014-04-22,0.00091897044,0.0010389844,0.000964419,0.0010439614,0.00094704423,0.0010537812,0.0010379264,0.0010350654,0.0009784559,0.0010382691,0.0010426054,0.0009844163,0.0010552863,0.0010286132,0.0010169456,0.0010488639,0.0009869644,0.0010375837,0.0009631673,0.0010496089
2014-04-23,0.0009226063,0.001039953,0.0009634355,0.0010435442,0.0009469697,0.0010557482,0.0010340968,0.0010334263,0.0009810934,0.0010297308,0.0010410408,0.0009855637,0.0010551969,0.0010193149,0.0010158578,0.0010487745,0.00097528193,0.0010384033,0.0009620795,0.0010580281
2014-04-24,0.0009378949,0.0010389993,0.00096416567,0.0010507265,0.0009469548,0.0010576257,0.0010371218,0.0010326812,0.0009723315,0.0010258416,0.0010224888,0.0009872029,0.0010518292,0.0009995559,0.0010181973,0.0010457942,0.0009745071,0.0010360191,0.0009617815,0.0010582814
2014-04-25,0.0015397677,0.0016315142,0.001568676,0.0016516009,0.0015537301,0.0016610781,0.0016461024,0.0016299793,0.0015794048,0.0016256729,0.0016415128,0.0015924284,0.0016601989,0.0016032914,0.0016315738,0.0016506771,0.0015811631,0.0016477117,0.001562641,0.0016574571
2014-04-28,0.0010365108,0.0010412792,0.0009480724,0.0010507414,0.00094705913,0.0010549584,0.0010370025,0.0010294626,0.0009856531,0.0010163495,0.0010429332,0.000983865,0.0010520676,0.0010366598,0.0010279575,0.0010446021,0.0010269443,0.0010424713,0.0009760717,0.0010531256
2014-04-29,0.0010505775,0.0010451088,0.0009481916,0.0010519186,0.0009469846,0.0010224143,0.0010354379,0.001022757,0.0009866217,0.001028047,0.0010486552,0.0009843567,0.0010454962,0.0010400871,0.0010254392,0.001035423,0.0009910027,0.0010448257,0.0009581903,0.001051248
2014-04-30,0.0010161558,0.0010461519,0.0009477893,0.0010472396,0.0009469846,0.001038448,0.0010358253,0.0010412643,0.0009844461,0.0010333667,0.0010462413,0.0009827474,0.001047478,0.0010387013,0.0010339925,0.0010475377,0.0010302374,0.0010485509,0.00097575877,0.0010406533
2014-05-01,0.0010396251,0.0010515312,0.001019598,0.0010528723,0.0009469995,0.0010457495,0.0010414878,0.0010502944,0.0009869346,0.0010442892,0.0010450343,0.0009841332,0.0010483423,0.0010446319,0.0010320405,0.0010470459,0.0010354677,0.0010333816,0.0009761611,0.0010505626
2014-05-02,0.0017107287,0.0017092386,0.0016422728,0.0017379234,0.0016299495,0.0017295191,0.0017092982,0.0017289678,0.0016682753,0.0017317692,0.0017248252,0.0016675154,0.00172411,0.0017215321,0.0017022351,0.0017295042,0.0017296085,0.0017222771,0.0016637156,0.0017356584
2014-05-05,0.0018432895,0.0018675188,0.0017750869,0.0018770555,0.001770542,0.0018399069,0.0018470446,0.001854361,0.0018094936,0.0018598447,0.0018773982,0.0018289844,0.001876221,0.0018609324,0.0018501887,0.0018728236,0.0018692771,0.0018532285,0.0017989585,0.0018752525
2014-05-06,0.0009159157,0.0010438422,0.0010343352,0.0010525594,0.00094708893,0.0010447511,0.0010233829,0.0010266611,0.000989587,0.0010365257,0.0010526786,0.0009869644,0.0010489682,0.0010557333,0.0010252902,0.0010392526,0.001046435,0.0010066042,0.0009807358,0.001067535
2014-05-07,0.00091007445,0.0010441849,0.0010353485,0.0010440508,0.0009476105,0.0010488341,0.0010263184,0.0010287175,0.0009835819,0.0010277638,0.0010374198,0.0009869346,0.0010472396,0.001047329,0.0010198215,0.0010412643,0.0010494897,0.0010335157,0.0009793201,0.0010480145
2014-05-08,0.00091879163,0.0010412494,0.0010268549,0.0010402212,0.0009494284,0.00105849,0.0010228911,0.001031966,0.0009825835,0.0010384629,0.001046733,0.0009889165,0.0010509351,0.0010293582,0.0010212371,0.001045228,0.0010482827,0.0010203728,0.0009793648,0.0010423074
2014-05-09,0.0025699148,0.0026918808,0.0026859203,0.002689422,0.002668769,0.0027235458,0.002671198,0.0026849369,0.002634094,0.0026955763,0.0026860097,0.0026472816,0.0026861588,0.002686278,0.0026700953,0.0026883343,0.0026996294,0.002671511,0.00263019,0.0026979754
2014-05-12,0.0024178186,0.0025105933,0.0025026063,0.0025175372,0.00250958,0.0025185058,0.0025064358,0.002519817,0.0024613002,0.0025203833,0.0025149444,0.0024603168,0.002505676,0.0024984041,0.0025006542,0.0025132904,0.002522544,0.0024952153,0.00245607,0.0025009522
2014-05-13,0.000943155,0.0010388056,0.0010493854,0.0010469565,0.001043112,0.0010534534,0.0010185698,0.0010456452,0.0009854594,0.0010457644,0.0010416219,0.0009873966,0.0010230104,0.0010378519,0.0010174075,0.0010353783,0.001051561,0.0010278085,0.0009832392,0.0010504881
2014-05-14,0.0009455243,0.0010427097,0.0010492662,0.0010425607,0.0010442892,0.001052604,0.001018838,0.0010539303,0.0009870687,0.0010413537,0.0010398785,0.0009890655,0.0010259608,0.0010277936,0.0010141293,0.0010336498,0.0010486702,0.0010379562,0.0009803483,0.0010540942
2014-05-15,0.00094588194,0.0010319958,0.001038135,0.0010385523,0.0010522911,0.0010408768,0.0010153214,0.0010309527,0.0009825686,0.0010379413,0.0010353485,0.0009870837,0.0010257373,0.0010228613,0.001017795,0.0010359893,0.0010493109,0.0010374198,0.0009825239,0.0010389993
2014-05-16,-0.0021894416,-0.0021956554,-0.0021711728,-0.0021794727,-0.0021557799,-0.0021784892,-0.0022097817,-0.0021961024,-0.0022348007,-0.002180769,-0.002179294,-0.002235352,-0.0021882793,-0.0021901717,-0.0022012135,-0.0021836003,-0.0021689376,-0.0021772524,-0.0022387942,-0.0021684011
2014-05-19,0.0010427544,0.0010303119,0.0010360489,0.0010419944,0.001056374,0.0010498473,0.0010095099,0.0010103146,0.0009816149,0.0010417858,0.0010380307,0.0009874562,0.001005427,0.0010377476,0.0010263333,0.0010379413,0.0010503689,0.0010376731,0.0009816,0.0010412345
2014-05-20,0.0010326663,0.0010228017,0.0010450045,0.0010340968,0.0009966204,0.0010539899,0.0010119239,0.0010285387,0.0009835372,0.0010383585,0.0010342309,0.000987173,0.0010169158,0.0010395357,0.0010375837,0.0010326514,0.0010130266,0.0010438571,0.0009769509,0.0010441104
2014-05-21,-0.005457922,-0.0054768017,-0.005446001,-0.005472525,-0.005474909,-0.005436345,-0.005476116,-0.005469932,-0.0055092117,-0.005463167,-0.0054559996,-0.0055080047,-0.0054855486,-0.0054421863,-0.0054599037,-0.005465134,-0.0054524383,-0.005450501,-0.0055181673,-0.005443751
2014-05-22,-0.00090210047,-0.0008873334,-0.00087620225,-0.0008872142,-0.00091478135,-0.0008666208,-0.000902771,-0.0008909842,-0.0009331098,-0.0009026369,-0.0008860668,-0.0009304276,-0.000909253,-0.0008984348,-0.00087805,-0.00088646915,-0.0009169718,-0.00088408496,-0.0009412309,-0.0008753976
2014-05-23,0.00065746997,0.00064942334,0.0006654123,0.0006400505,0.0006287703,0.00066377316,0.000622035,0.000631989,0.0006091306,0.00065067504,0.00065472815,0.0006077299,0.00063784514,0.00063300226,0.0006601969,0.00064963195,0.0006230781,0.0006665746,0.0005899528,0.00068147574
2014-05-27,0.0019956985,0.0021163682,0.0021305839,0.002110527,0.0021253238,0.002112032,0.0020873407,0.0020910064,0.0020672688,0.0021148482,0.0021243999,0.00209196,0.0021016905,0.0021098414,0.002113373,0.0021113614,0.00205429,0.0021242509,0.0020470927,0.0021387795
2014-05-28,0.00091661606,0.001028345,0.0010560313,0.0010433653,0.001054571,0.0010212818,0.0010166774,0.0010164091,0.0009832243,0.0010315934,0.0010414133,0.0010044286,0.0010217289,0.0010375688,0.0010370025,0.0010355124,0.00096276496,0.0010412941,0.0009631524,0.0010489086
2014-05-29,0.0009326497,0.0010027746,0.0010618428,0.0010377923,0.0010613212,0.0010264972,0.0010127136,0.0010295967,0.0009859363,0.0010351846,0.0010494003,0.001001955,0.0010359595,0.0010478506,0.0010313997,0.0010307888,0.0009623179,0.0010411898,0.0009668926,0.0010544816
2014-05-30,0.0010223994,0.0010206858,0.0010467032,0.001038597,0.0010496834,0.0010234127,0.0009993324,0.0010224143,0.0009842673,0.001023368,0.0010437379,0.0010044286,0.0010285238,0.0010416368,0.0010291496,0.0010310868,0.0009833286,0.0010394165,0.0009647617,0.0010367194
2014-06-02,0.001030446,0.0010316977,0.0010503987,0.0010306397,0.001043574,0.0010278681,0.0010287622,0.0010224441,0.000983716,0.0010290751,0.0010371367,0.00101854,0.0010406086,0.0010362128,0.001033471,0.0010292539,0.00097315107,0.0010344544,0.0009726295,0.0010400275
2014-06-03,0.0010524401,0.0010210881,0.0010499815,0.0010314593,0.0010368684,0.0010243664,0.0010189125,0.0010166327,0.0009875307,0.0010321001,0.0010420689,0.0010258863,0.0010326514,0.0010306248,0.0010308931,0.0010219524,0.0009733448,0.0010469267,0.0009733895,0.0010538856
2014-06-04,0.0010363916,0.0010269294,0.0010493556,0.0010303715,0.0010371665,0.0010201791,0.0010081688,0.0010008523,0.0009850869,0.0010324577,0.001040549,0.0010175863,0.0010337839,0.0010330537,0.0010325471,0.0010154406,0.0009751925,0.0010484168,0.000959442,0.0010529468
2014-06-05,0.0010313997,0.0010321895,0.0010522762,0.0010274211,0.0010407129,0.0010319212,0.0010146955,0.0010252604,0.0009915093,0.0010368833,0.0010388801,0.0010415027,0.0010409066,0.0010321448,0.0010346929,0.0010175714,0.0009850422,0.0010444382,0.00096005294,0.0010560462
2014-06-06,0.0029784152,0.0029913047,0.0030024955,0.0029959837,0.0030063698,0.0029817978,0.0029397467,0.002970607,0.0029425481,0.002994732,0.003003315,0.0029721418,0.002995179,0.003002287,0.0029928545,0.0029789666,0.0029427418,0.0030010948,0.0029230872,0.0030044327
2014-06-09,0.0014440129,0.0014780322,0.0014871368,0.0014776746,0.0014951089,0.0014724145,0.0014598677,0.0014608959,0.0014270553,0.001479269,0.0014892528,0.0014524767,0.0014906982,0.0014845142,0.0014791051,0.0014634589,0.0014060596,0.0014792392,0.0014063874,0.0014864365
2014-06-10,0.00089983735,0.0009942958,0.0010540346,0.0010424564,0.001052157,0.0010421285,0.0010053376,0.0010149339,0.0009860853,0.0010344991,0.0010448257,0.0010003457,0.0010409663,0.0010468969,0.001039193,0.0010254392,0.00096146856,0.0010351846,0.00096270535,0.0010558227
2014-06-11,0.0009055445,0.0010142634,0.001051263,0.0010465542,0.0010535279,0.001048387,0.0010087201,0.0010303119,0.00098312,0.0010380307,0.001046435,0.00099215,0.0010431269,0.0010377476,0.001042203,0.001025022,0.0009592334,0.0010252455,0.0009608129,0.0010476122
2014-06-12,0.0010074684,0.0010182271,0.0010572532,0.0010485658,0.0010624835,0.0010317722,0.000997589,0.0010319808,0.000982956,0.0010370025,0.0010444829,0.001004965,0.0010462562,0.0010402659,0.0010392228,0.0010168413,0.0009583393,0.0010252902,0.0009773234,0.0010472247
2014-06-13,0.0020933459,0.0020968923,0.0021332214,0.00212814,0.0021411637,0.0021246234,0.002085925,0.002112479,0.0020625452,0.0021205703,0.0021253983,0.0020738998,0.0021249065,0.0021168003,0.0021209875,0.0021007666,0.002027155,0.002109156,0.0020564655,0.0021285275
2014-06-16,0.0010351548,0.0010278085,0.00105247,0.0010413537,0.0010530511,0.0010407129,0.0009953687,0.0010305354,0.0009838799,0.001040862,0.0010446915,0.0009882161,0.001042352,0.0010465691,0.0010428736,0.0010101655,0.00094719324,0.0010292539,0.0009610662,0.001046882
2014-06-17,0.001042203,0.0009953389,0.0010527084,0.0010439018,0.0010550478,0.0010424862,0.0010158727,0.0010459432,0.0009840885,0.0010322193,0.001046435,0.0009875307,0.0010421136,0.0010563442,0.0010442445,0.0010238597,0.00094714854,0.0010433355,0.0009816298,0.0010535875
2014-06-18,0.0033078948,0.0033063153,0.0033330927,0.0033258805,0.0033295164,0.0033079544,0.0033027837,0.0033257613,0.0032688389,0.0033192942,0.0033297995,0.0032663206,0.0033275196,0.0033300677,0.0033237794,0.00331238,0.0032337317,0.0033216188,0.0032711783,0.0033378312
2014-06-19,0.0028312812,0.0028253058,0.0028529922,0.0028432617,0.0028476724,0.0028429786,0.0028050253,0.0028505633,0.0027843872,0.0028363923,0.0028417716,0.0027797678,0.002845765,0.0028516063,0.0028403113,0.0028330097,0.0027465979,0.0028415332,0.0027878592,0.0028504888
2014-06-20,0.002273948,0.0022948692,0.0023262063,0.0023188898,0.0023250738,0.002294586,0.0022764364,0.0023049125,0.0022551129,0.0023114095,0.0023143599,0.0022498826,0.0023154924,0.0023267278,0.0023098895,0.0022995183,0.0022193203,0.002309502,0.0022504935,0.0023222128
2014-06-23,0.0019338438,0.001968936,0.0019873986,0.0019803802,0.0019787261,0.0019653449,0.0019248584,0.0019604424,0.0019163797,0.0019762823,0.0019789496,0.00191331,0.0019788006,0.001972721,0.0019657025,0.0019624094,0.0018788436,0.0019624839,0.0019187192,0.0019855509
2014-06-24,0.002039359,0.0020720968,0.0020840475,0.002083541,0.0020825127,0.0020508477,0.0020311633,0.0020290026,0.0020130882,0.002072976,0.0020718435,0.0020052055,0.0020652125,0.0020760158,0.002065138,0.0020591477,0.001978294,0.0020668367,0.0020142356,0.0020774761
2014-06-25,0.0010004947,0.0010438124,0.0010466734,0.001047329,0.0010494003,0.0009763995,0.0010072002,0.0010016123,0.0009840736,0.0010404,0.0010399977,0.0009642551,0.0010189721,0.001043112,0.0010320703,0.0010306546,0.00094705913,0.0010368237,0.0009863088,0.0010440061
2014-06-26,0.0010007331,0.001045526,0.0010517249,0.0010498473,0.0010507861,0.0010265419,0.0010060379,0.0010194788,0.0009819428,0.0010407725,0.0010548243,0.0009770105,0.0010337392,0.0010426203,0.0010349313,0.0010322193,0.00094711874,0.0010344544,0.0009828368,0.0010437379
2014-06-27,-0.00029730704,-0.00024653878,-0.00023898389,-0.00025686529,-0.00023637619,-0.00026808586,-0.00026439037,-0.00025875773,-0.00031132903,-0.00025281217,-0.00024001207,-0.0003136089,-0.0002531996,-0.0002364656,-0.00025638845,-0.00026127603,-0.00034533348,-0.0002583554,-0.0003072312,-0.0002530655
2014-06-30,-0.002999588,-0.002965047,-0.002956911,-0.0029703071,-0.0029592356,-0.002962797,-0.0029810658,-0.0029653898,-0.0030310294,-0.0029699346,-0.002954497,-0.0030302992,-0.0029678484,-0.0029637208,-0.0029770723,-0.0029936722,-0.003066658,-0.0030049374,-0.0030284366,-0.0029630503
2014-07-01,0.0010130564,0.0009974847,0.0010570148,0.001037986,0.0010555992,0.0010539601,0.0010147104,0.0010475824,0.0009827623,0.0010424862,0.0010536471,0.0009839395,0.0010494152,0.0010567168,0.0010354677,0.0010223696,0.00094708893,0.0010246197,0.0009868303,0.001048849
2014-07-02,0.0019121775,0.0018778751,0.0019336352,0.0018987963,0.0019263038,0.0019173482,0.0019025365,0.0018471191,0.0018588016,0.0019087354,0.0019223252,0.0018567601,0.0019183019,0.0019228021,0.001910002,0.0018959651,0.0018171081,0.001903669,0.0018618563,0.0019278238
2014-07-03,0.0010118345,0.0010253349,0.0010541091,0.0010005692,0.0010588625,0.0010564039,0.001021714,0.0010117451,0.0009838948,0.0010399232,0.0010475526,0.0009870538,0.0010359595,0.0010544369,0.0010375092,0.001027585,0.00094708893,0.0010184208,0.0009908834,0.0010501603
2014-07-07,0.0009996602,0.0010253796,0.0010553012,0.0010133693,0.0010573426,0.001056076,0.0010074684,0.0010060081,0.0009825537,0.0010358104,0.0010463754,0.0009866217,0.0010407427,0.001059399,0.001035736,0.0010259757,0.00094705913,0.0010280171,0.0009863684,0.0010479996
2014-07-08,0.0010075876,0.001024724,0.0010530809,0.0010026405,0.0010532895,0.0010587433,0.001016275,0.0010134885,0.0009835223,0.0010352591,0.0010448853,0.0009866515,0.0010404745,0.0010500262,0.0010366747,0.0010234425,0.00094705913,0.0010215947,0.0009871433,0.0010484764
2014-07-09,-0.00028237607,-0.00023341086,-0.00021058228,-0.00023893919,-0.00019626226,-0.00019740965,-0.0002544364,-0.0002443036,-0.00027075317,-0.00021357741,-0.00020785537,-0.00026506092,-0.00021514203,-0.00021511223,-0.00021570828,-0.00022952165,-0.00030623283,-0.00023022201,-0.00026307907,-0.0002185395
2014-07-10,0.0020506242,0.0020757327,0.0020928541,0.002036796,0.002096788,0.002092422,0.0020671794,0.0020691762,0.0020262012,0.0020737508,0.002081097,0.0020503262,0.0020803967,0.0020738253,0.0020810822,0.0020656148,0.0020135501,0.002071307,0.002028645,0.002080948
2014-07-11,0.0010234127,0.001042203,0.0010359148,0.0010006735,0.001045079,0.0010482529,0.0010137716,0.0010062912,0.0009852955,0.0010373006,0.0010445723,0.001003758,0.0010352591,0.0010274956,0.0010387758,0.0010252753,0.0009723613,0.0010183612,0.0009881416,0.0010392973
2014-07-14,0.0015336582,0.0015444616,0.0015596459,0.0014999667,0.0015538195,0.0015530596,0.0015198151,0.0015126327,0.0014904896,0.0015450427,0.0015475759,0.0015121708,0.0015410492,0.001542286,0.0015449682,0.0015391717,0.0014778981,0.0015293071,0.0014894763,0.0015431354
2014-07-15,0.0010444084,0.0010456899,0.0010387758,0.0009944746,0.0010480294,0.0010456601,0.0010154704,0.0009972015,0.000987337,0.0010399679,0.001044617,0.0010157237,0.0010359148,0.0010429481,0.0010398636,0.0010361085,0.0009736577,0.0010181526,0.0009772638,0.0010440657
2014-07-16,0.0010470906,0.0010121176,0.0010385523,0.0009999434,0.0010564039,0.0010518292,0.0010224292,0.0009841779,0.0009868005,0.001039491,0.0010485807,0.0010409812,0.0010357061,0.0010496089,0.001040862,0.0010227719,0.0009866664,0.0010287175,0.0009779641,0.0010537812
2014-07-17,0.0010470012,0.0010343352,0.0010333667,0.0009965459,0.0010501603,0.0010481784,0.0010230998,0.0010159472,0.0009868303,0.0010365257,0.0010494152,0.0010309676,0.0010343948,0.0010344246,0.001031966,0.0010266164,0.000985817,0.0010193149,0.00096023176,0.0010401765
2014-07-18,0.0014215568,0.0013792971,0.001353533,0.0013320008,0.0013830969,0.0013895491,0.0013563642,0.0013479451,0.0013289759,0.0013788948,0.0013911733,0.0013758698,0.001378865,0.0013776431,0.0013782391,0.0013669292,0.001325802,0.0013780454,0.0013148347,0.001385347
2014-07-21,0.0013699839,0.001376004,0.0013247589,0.0013242224,0.0013813833,0.0013868967,0.001331226,0.0013552317,0.0013194392,0.0013677636,0.0013828436,0.001354144,0.0013733963,0.0013704011,0.0013743797,0.0013587335,0.0013214061,0.0013666907,0.001288713,0.0013805786
2014-07-22,0.0010595629,0.0010316679,0.0009899298,0.0010033408,0.0010544071,0.001055018,0.001026527,0.00100045,0.0009884993,0.0010322193,0.001050205,0.0010339031,0.0010389844,0.0010451833,0.0010288069,0.0010186443,0.0009886185,0.0010304758,0.0009558359,0.0010543475
2014-07-23,0.0026678452,0.002712951,0.002674521,0.0026891688,0.0027218172,0.0027248124,0.0027048895,0.0027002255,0.0026660273,0.0027175406,0.0027293274,0.0027146647,0.0027201185,0.0027051577,0.0027214298,0.0026959786,0.002665923,0.0027124295,0.0026278952,0.0026878575
2014-07-24,0.0009935806,0.0010393122,0.000994117,0.001006172,0.0010563591,0.0010491917,0.0010385225,0.0010102997,0.0009876052,0.0010394612,0.00104794,0.0010373155,0.0010374645,0.0010359595,0.0010193298,0.0010068873,0.000989438,0.0010421881,0.0009558061,0.0009912858
2014-07-25,0.0025945464,0.0026137838,0.0025714943,0.002579839,0.002627761,0.0026245425,0.002614514,0.0025864253,0.002559946,0.0026141563,0.0026249448,0.0026215771,0.002610431,0.0026138434,0.0025871852,0.0025820443,0.002562807,0.0025987038,0.0025266567,0.0025611976
2014-07-28,0.0010063509,0.0010435889,0.0009967992,0.0009976784,0.0010536471,0.0010505328,0.0010384182,0.0010244856,0.0009859065,0.0010446915,0.001054124,0.0010316083,0.001042054,0.0010361085,0.0010190317,0.0010173032,0.000987337,0.0010399679,0.0009519318,0.0009844908
2014-07-29,0.001033918,0.0010081688,0.0009939233,0.0009965459,0.0010561654,0.0010498622,0.0010432461,0.0010196725,0.0009855637,0.0010410557,0.0010541836,0.0010301778,0.0010394761,0.0010306248,0.0010223547,0.0010096887,0.0009886036,0.0010381648,0.0009505907,0.0009975443
2014-07-30,0.0018352577,0.0018367181,0.0018214146,0.001800091,0.001861454,0.001849548,0.0018426189,0.001820893,0.0017915824,0.0018456439,0.0018522004,0.001856477,0.0018437812,0.0018478343,0.0018251697,0.0018247971,0.0017927447,0.001852707,0.0017793784,0.0018023411
2014-07-31,-0.005912005,-0.005901306,-0.005942597,-0.005945756,-0.00597383,-0.0059048524,-0.0059132567,-0.005926802,-0.00596252,-0.005904942,-0.005894973,-0.005904912,-0.0059012314,-0.00592932,-0.0059230914,-0.005922689,-0.0059656342,-0.0059092036,-0.0059722057,-0.0059311828
2014-08-01,0.0009568343,0.0010472992,0.0010355422,0.0009916583,0.0009584287,0.0010471651,0.0010389695,0.0010310272,0.0009863833,0.0010445574,0.0010002712,0.0010338435,0.0010387907,0.001029403,0.0010361383,0.0010134438,0.0009848187,0.0010341713,0.0009699175,0.0010401169
2014-08-04,0.0002497891,0.00034654234,0.00033360813,0.00028416608,0.00025208388,0.00034962688,0.00033640955,0.00034260843,0.0002831975,0.00034259353,0.00028224383,0.00031477306,0.00033518765,0.0003344426,0.00032894406,0.0003189454,0.0002831528,0.00032262597,0.0002678493,0.00035153423
2014-08-05,0.00095225964,0.0010477016,0.0009891996,0.0009885887,0.00095258746,0.0010532895,0.0010393122,0.0010573873,0.0009860704,0.0010474334,0.0009965012,0.0009996155,0.0010456303,0.0010431716,0.0010443935,0.0010142485,0.0009865025,0.0010400275,0.0009774277,0.0010507563
2014-08-06,0.0009501288,0.0010448257,0.0009866217,0.0009933421,0.0009477446,0.0010481635,0.001044915,0.0010472247,0.0009860257,0.0010456005,0.0010374794,0.0009982297,0.0010426352,0.0010435889,0.0010346929,0.001026989,0.0009893486,0.0010479847,0.000982658,0.0010608444
2014-08-07,0.0025322894,0.0026264647,0.0025955895,0.0025957087,0.002535821,0.002639086,0.0026294151,0.002635927,0.0025756368,0.0026248405,0.0025928328,0.0025941143,0.0026316056,0.0026222775,0.002618418,0.002608166,0.002580584,0.0026446888,0.0025673816,0.0026412169
2014-08-08,0.0009457329,0.001039953,0.0010158876,0.000999392,0.00094719324,0.0010526637,0.0010388652,0.0010546455,0.0009861747,0.0010385672,0.0010047266,0.0009991536,0.0010400424,0.0010441253,0.0010389844,0.0010280767,0.0009869495,0.0010590414,0.0009774128,0.001056836
2014-08-11,0.00094595645,0.0010491023,0.0010237107,0.000990958,0.00094711874,0.0010510543,0.0010386566,0.0010390589,0.0009844014,0.0010423968,0.0010543475,0.0009981403,0.0010444233,0.0010332027,0.0010311166,0.0010355124,0.0009846697,0.001047493,0.0009771744,0.0010501603
2014-08-12,0.0009468207,0.0010327408,0.0010127285,0.000994117,0.00094708893,0.001053826,0.0010376433,0.001053066,0.0009858469,0.0010407576,0.001006485,0.0009980807,0.0010453025,0.0010270635,0.0010334263,0.0010214159,0.0009861449,0.0010478655,0.000975118,0.0010478506
2014-08-13,0.0026647458,0.0027659694,0.0027371654,0.0027140686,0.0026651183,0.0027630934,0.002736316,0.0027675787,0.0027017752,0.002761663,0.002773569,0.002713711,0.0027632723,0.0027526924,0.0027480135,0.0027439306,0.0027002702,0.0027633915,0.0026926408,0.00275983
2014-08-14,0.002698333,0.0027991692,0.0027808705,0.0027426044,0.0026987204,0.0028003762,0.0027558962,0.0028012106,0.0027383873,0.0027966509,0.0028074244,0.0027430663,0.002797679,0.0027879337,0.0027874717,0.0027799467,0.0027352879,0.0027927617,0.0027295062,0.0027948627
2014-08-15,0.0010351697,0.0010488192,0.0010345588,0.0009928504,0.0009469399,0.0010396251,0.001028643,0.0010370472,0.0009845058,0.0010359297,0.0010456303,0.000995771,0.0010383734,0.001044617,0.0010293284,0.0010290304,0.0009840438,0.0010430822,0.0009760568,0.0010457197
2014-08-18,0.0010495791,0.0010559419,0.0010267654,0.000990198,0.0009469548,0.0010392973,0.0010335306,0.0010264674,0.0009854594,0.0010346035,0.001062871,0.000994728,0.0010434398,0.0010386268,0.0010357657,0.0010297308,0.0009857425,0.0010411749,0.0009783665,0.0010400126
2014-08-19,0.0009617815,0.0010215202,0.0010454366,0.0009929994,0.00094704423,0.0010433951,0.0010359297,0.0010485062,0.0009859512,0.0010383585,0.0010544071,0.0009947577,0.0010413537,0.0010432759,0.0010371367,0.0010151127,0.0009867856,0.0010462264,0.0009806613,0.001053215
2014-08-20,0.0012409845,0.0012567053,0.0012401203,0.0012056539,0.0011589983,0.0012512365,0.0012461105,0.0012603858,0.0011961618,0.0012523839,0.0012699226,0.0012028227,0.0012556175,0.0012270221,0.0012446502,0.0012344429,0.0011978457,0.0012536803,0.0011913786,0.0012563029
2014-08-21,0.0012011686,0.001194031,0.0011751214,0.0011431584,0.0010983357,0.0011880705,0.0011731545,0.0012022862,0.0011357525,0.0011887858,0.0012055347,0.0011437992,0.0011966983,0.0011791447,0.0011876533,0.0011667171,0.0011379728,0.0011914382,0.001129047,0.0011922577
2014-08-22,-0.005346625,-0.0053569665,-0.005391135,-0.00540842,-0.005457728,-0.0053813,-0.0053717634,-0.00535868,-0.005409687,-0.005373015,-0.005410387,-0.005385994,-0.0053653857,-0.005410581,-0.0053789606,-0.005392148,-0.0054227104,-0.00536701,-0.0054313233,-0.0053713163
2014-08-25,0.0023936937,0.0023956606,0.0023442218,0.0023368457,0.0022852728,0.002365292,0.002379627,0.0023783157,0.00232564,0.002373443,0.0023200968,0.0023394087,0.0023808042,0.0023521045,0.00236559,0.0023614774,0.002318711,0.0023762146,0.0023129145,0.002370284
2014-08-26,0.0010585645,0.0010558376,0.0010249624,0.0009987662,0.00094704423,0.001027436,0.0010509649,0.0010476867,0.0009866217,0.0010466287,0.0010434994,0.0009970972,0.0010452131,0.0010312209,0.0010299245,0.0009811232,0.0009831646,0.0010410259,0.0009805271,0.0010388801
2014-08-27,0.0014169673,0.0014092484,0.0013782689,0.0013683,0.0013092319,0.0014024982,0.0014058808,0.0014082501,0.0013506869,0.0013984302,0.0013563344,0.0013595978,0.0014055828,0.0014030347,0.0013948837,0.0013825903,0.0013508359,0.0014056275,0.0013393471,0.001403437
2014-08-28,0.0016809562,0.0016766796,0.0016535232,0.0016308287,0.0015750388,0.0016727904,0.0016640732,0.0016635368,0.0016186545,0.0016572783,0.0016799876,0.001626567,0.0016716728,0.0016755173,0.0016644159,0.0016505877,0.0016129473,0.0016674856,0.0016032169,0.0016696611
2014-08-29,0.0030609528,0.0030533532,0.0030477652,0.0030087093,0.0029537985,0.003052176,0.0030414173,0.0030530551,0.002999113,0.0030402998,0.0030061463,0.0030028233,0.003049911,0.0030540833,0.0030433098,0.0030405233,0.002991409,0.003046737,0.0029809931,0.003049911
2014-09-02,0.0010502795,0.0010485956,0.0010347674,0.0009966055,0.00094707403,0.0010471353,0.0010389993,0.0010484168,0.0009872029,0.001033307,0.0009860108,0.0009931484,0.001045079,0.001043261,0.0010396698,0.0010465691,0.0009833137,0.001043723,0.0009752223,0.001047478
2014-09-03,0.0010457495,0.0010274807,0.001026527,0.0009968141,0.00094705913,0.0010429332,0.0010402212,0.0010487149,0.0010031173,0.0010409513,0.0009961734,0.000990794,0.0010469267,0.001022161,0.0010309378,0.0010300139,0.0009831348,0.00103739,0.0009785304,0.001055182
2014-09-04,0.001056374,0.0010383138,0.0010296414,0.0009930441,0.0009469995,0.0010423223,0.0010397444,0.0010533789,0.0010022083,0.0010406384,0.0009992281,0.0009926269,0.0010467479,0.0010107467,0.0010334114,0.0010317424,0.0009845058,0.0010431418,0.0009761164,0.0010534534
2014-09-05,0.0010581175,0.0010354826,0.001004518,0.000992463,0.0009469995,0.0010469267,0.0010376731,0.0010477463,0.000992463,0.0010358999,0.0010086754,0.0009923438,0.0010426352,0.0010070661,0.0010296563,0.0010356167,0.0009837607,0.0010389248,0.0009738514,0.0010422776
2014-09-08,0.0019561658,0.001933367,0.0018959651,0.0018839249,0.0018411884,0.0019435147,0.0019342313,0.0019437531,0.0018835822,0.0019362876,0.001901851,0.0018844912,0.0019364664,0.0019200752,0.0019308487,0.001930342,0.0018777559,0.0019322345,0.0018712291,0.0019384185
2014-09-09,0.0010605911,0.0010568956,0.0010001073,0.0009906599,0.0009469697,0.0010482678,0.001039804,0.0010258118,0.0009988854,0.0010401765,0.0010582069,0.0009900043,0.0010448406,0.0010300884,0.0010387609,0.0010375688,0.0009848336,0.0010363618,0.0009768466,0.0010422925
2014-09-10,0.002515749,0.0025020996,0.0024671713,0.002452881,0.0024044076,0.00250055,0.0025007436,0.0024784366,0.0024555037,0.0024989555,0.00252466,0.0024513612,0.0025002817,0.0024834732,0.002491788,0.0024858871,0.0024425099,0.002488465,0.002435551,0.0024970928
2014-09-11,-0.0010146191,-0.0010307571,-0.0010592332,-0.0010759672,-0.001124396,-0.0010254076,-0.0010323515,-0.0010433337,-0.0010791859,-0.0010341993,-0.001008763,-0.0010779789,-0.0010292521,-0.0010409346,-0.0010369709,-0.0010295352,-0.0010870835,-0.0010403087,-0.0010943403,-0.0010268083
2014-09-12,0.0019146809,0.0018680999,0.0018735835,0.0018509487,0.001804159,0.0018989006,0.0018963674,0.0019026706,0.0018482814,0.001894013,0.0018837014,0.001850606,0.0018929997,0.0018950263,0.001890243,0.0018985579,0.0018413374,0.0018826881,0.0018346915,0.0018984685
2014-09-15,0.0010525594,0.001022757,0.0010074237,0.0009971419,0.00094705913,0.001031355,0.001036779,0.0010538707,0.0010189274,0.0010397146,0.0009919712,0.0009938339,0.0010389397,0.0010407129,0.001033918,0.0010478953,0.0009869048,0.0010246495,0.0009801397,0.0010491917
2014-09-16,0.0010478655,0.0010341713,0.0010096142,0.0009922395,0.0009470144,0.0010228911,0.0010348419,0.0010174373,0.0010135332,0.0010379413,0.001042814,0.0009945193,0.0010369727,0.0010326365,0.0010263631,0.0010432461,0.0009908834,0.0010283748,0.0009764442,0.001039044
2014-09-17,0.0025396207,0.0025022486,0.0024933675,0.002483488,0.0024365643,0.0025223503,0.0025288174,0.0025185207,0.0024989704,0.0025268951,0.0025431076,0.0024819532,0.0025245408,0.002526627,0.0024912218,0.0025249282,0.0024772445,0.0025249282,0.0024650404,0.0025319913
2014-09-18,0.0010237405,0.000988693,0.0009811828,0.0009673694,0.0009238878,0.0010043988,0.0010135034,0.0009892741,0.0009804228,0.0010073492,0.0010400126,0.00097426865,0.0010189125,0.0010223547,0.0009859512,0.0010131309,0.0009631673,0.0010249922,0.000953407,0.0010140846
2014-09-19,0.0017886618,0.001759545,0.0017491886,0.0017329017,0.001715661,0.0017852793,0.0017791847,0.0017652074,0.0017445842,0.0017757574,0.001802654,0.0017374018,0.0017824182,0.0017885426,0.0017723748,0.001777784,0.0017342726,0.0017898092,0.0017180601,0.0017779628
2014-09-22,0.0012927959,0.0012702802,0.0012448886,0.0012357542,0.0011950294,0.0012914846,0.001287953,0.0012856582,0.0012450228,0.0012902329,0.0012908289,0.0012406865,0.0012925873,0.0012881467,0.0012499699,0.0012843618,0.0012382576,0.0012882212,0.001220108,0.0012858668
2014-09-23,0.0024680058,0.0024589757,0.0024301568,0.0024105767,0.0023716846,0.0024652043,0.0024588117,0.002459974,0.0024217227,0.002464817,0.002466173,0.0024155984,0.0024654875,0.0024596313,0.002441422,0.002458335,0.0024158964,0.0024628649,0.002395914,0.0024633715
2014-09-24,-0.0002700379,-0.00028078165,-0.00032061245,-0.0003300896,-0.00036920514,-0.0002726158,-0.00027552154,-0.0002723029,-0.00032466557,-0.00026805606,-0.00026820507,-0.00032034423,-0.00027318206,-0.0003146669,-0.00029624905,-0.00027914252,-0.0003275117,-0.00027695205,-0.00034110155,-0.00027806964
2014-09-25,0.0010360787,0.0010249326,0.0009812424,0.0009746263,0.00094625447,0.0010387162,0.0010328749,0.0010325918,0.0009815255,0.0010359595,0.0010327855,0.0009833286,0.0010322789,0.0009882161,0.0010010311,0.001028643,0.0009831646,0.0010335753,0.000963361,0.0010276893
2014-09-26,0.0010473141,0.0010338286,0.0010038475,0.0009837011,0.00094705913,0.0010500858,0.0010416815,0.0010344693,0.0009908089,0.0010416964,0.0010480741,0.0009948919,0.0010435889,0.0010007927,0.0010174969,0.00103739,0.0009963522,0.001042054,0.0009699771,0.0010397295
2014-09-29,0.0010528872,0.00103286,0.0010127882,0.0009857127,0.0009469846,0.0010441551,0.0010406384,0.0010189125,0.0009990195,0.0010406235,0.0010445127,0.0009934315,0.0010436634,0.0010336051,0.0010067234,0.0010383436,0.0010052631,0.0010436634,0.00097274873,0.0010380605
2014-09-30,0.0010534534,0.0010002712,0.0010157833,0.0009888569,0.0009737322,0.0010429779,0.0010419497,0.0010178396,0.0009926716,0.0010389397,0.0010428885,0.0009944001,0.0010420242,0.0010180632,0.0010116557,0.0010371665,0.0010001669,0.0010408321,0.0009708414,0.0010402212
2014-10-01,0.0010503093,0.0010340372,0.001010702,0.0009882012,0.00097403023,0.0010460475,0.0010412047,0.0010214606,0.0010127285,0.0010409364,0.001046122,0.0009914348,0.0010412047,0.0009957412,0.0010315636,0.0010363022,0.0010054866,0.0010388503,0.000969396,0.001028494
2014-10-02,0.0030742148,0.003049151,0.0030386606,0.003010259,0.0029977867,0.0030567953,0.0030610869,0.0030669132,0.0030104825,0.0030654082,0.0030654678,0.0030140737,0.0030612806,0.003046007,0.0030571679,0.0030638734,0.003023521,0.0030507902,0.0029944638,0.0030464688
2014-10-03,0.0010492513,0.0010234425,0.0010241875,0.0009843269,0.0009774575,0.0010354081,0.0010384629,0.0010496536,0.0009919712,0.0010381946,0.0010478208,0.0009920606,0.0010397742,0.0010129223,0.001042352,0.0010417411,0.0009975741,0.0010171244,0.000976027,0.0010273466
2014-10-06,0.002097697,0.002071933,0.002064542,0.0020292262,0.0020328173,0.0020736912,0.0020834813,0.0020796666,0.0020400146,0.0020864615,0.0020965645,0.00204374,0.0020857463,0.00206256,0.0020705322,0.002085046,0.00203845,0.002060593,0.002018706,0.0020787874
2014-10-07,0.0010546902,0.0010241577,0.001027287,0.000984461,0.0009884844,0.0010327706,0.0010379711,0.0010381946,0.0009875307,0.0010429332,0.0010501752,0.0009925524,0.0010418752,0.0010141591,0.0010354826,0.0010421285,0.0009967694,0.0010128627,0.00097178016,0.0010341564
2014-10-08,0.0010503689,0.0010195533,0.001023666,0.0009868005,0.0009880969,0.0010386715,0.001038433,0.0010297606,0.0009851316,0.001039193,0.0010460028,0.0009941021,0.0010302076,0.0010155598,0.0010356167,0.0010386119,0.000996829,0.0010166029,0.0009710947,0.0010330537
2014-10-09,-0.002794071,-0.0028410694,-0.0028252294,-0.002859964,-0.0028553298,-0.002809002,-0.0028017452,-0.0028287163,-0.0028568646,-0.0028004488,-0.0027968427,-0.0028485348,-0.0028004786,-0.0028316667,-0.0028003892,-0.002806439,-0.002850606,-0.002826511,-0.0028763404,-0.0028098365
2014-10-10,0.0018631527,0.0018340657,0.0018402645,0.0017991522,0.0017766068,0.0018506804,0.0018605599,0.0018406073,0.0018253932,0.0018570134,0.0018650303,0.0018080482,0.001854972,0.001831607,0.0018574754,0.0018552998,0.001806722,0.0018329481,0.0017819116,0.0018419335
2014-10-13,-0.0012082001,-0.0012468537,-0.001239433,-0.0012764176,-0.0013015857,-0.0012226244,-0.0012173792,-0.0012568375,-0.0012584915,-0.0012173196,-0.001208066,-0.0012707552,-0.001219674,-0.0012601307,-0.0012330851,-0.0012216112,-0.001266717,-0.0012555113,-0.001298531,-0.0012168428
2014-10-14,0.0010546902,0.0009955177,0.0010136226,0.0009856084,0.00095996354,0.0010418752,0.001042665,0.0010077963,0.0010219077,0.0010402659,0.0010566423,0.000991256,0.0010447362,0.0009988705,0.0010342905,0.0010374794,0.0009931931,0.001007692,0.0009711543,0.001038284
2014-10-15,0.0010535875,0.0010125348,0.0010303119,0.000984312,0.00095857773,0.0010451088,0.0010426352,0.0009993771,0.0010333518,0.0010387311,0.001053826,0.000990794,0.0010427693,0.0010007778,0.0010269741,0.0010428587,0.0009929845,0.001007379,0.000973464,0.0010416517
2014-10-16,0.0010541836,0.0010163942,0.0010131309,0.0009827176,0.00094716344,0.0010448853,0.0010397444,0.0009997496,0.0010186592,0.0010358552,0.0010532597,0.0009882459,0.0010426948,0.0010165432,0.0010326067,0.0010393867,0.0009977976,0.0010192404,0.00096672866,0.0010382691
2014-10-17,0.0025833556,0.002560393,0.0025491724,0.00251487,0.0025042305,0.0025702873,0.0025746087,0.0025463114,0.0025595883,0.0025749216,0.0025795558,0.0025173137,0.0025764266,0.0025637308,0.0025766203,0.0025710324,0.002522395,0.0025598565,0.002501444,0.0025604526
2014-10-20,-0.0005125245,-0.00051289704,-0.00054114964,-0.0005781045,-0.0005869558,-0.0005262783,-0.0005178442,-0.00055994,-0.0005287668,-0.00051940884,-0.0005213907,-0.00057749357,-0.00051715877,-0.0005198261,-0.00051297154,-0.00052358117,-0.00057321694,-0.00054918136,-0.0005906811,-0.00052699354
2014-10-21,0.0010476569,0.0009878734,0.0010170499,0.0009834329,0.0009748051,0.0010436038,0.0010429332,0.0010030428,0.0010214606,0.0010387311,0.0010457942,0.0009863535,0.0010448853,0.0010356763,0.001039044,0.001037092,0.0009912709,0.0010214457,0.0009681741,0.0010302374
2014-10-22,0.00082175527,0.0007593492,0.0007900605,0.00074823294,0.00074690674,0.0008197734,0.00081247184,0.0007644603,0.00080092344,0.00080736075,0.00082016084,0.000756518,0.00081527326,0.00079970155,0.0008006254,0.00080607925,0.00076392386,0.0007964382,0.000738577,0.0008017877
2014-10-23,-0.00424683,-0.004286363,-0.004281058,-0.004317387,-0.0043103984,-0.004253461,-0.0042552194,-0.004302337,-0.0042852154,-0.004269271,-0.004246547,-0.004313945,-0.0042582294,-0.00428073,-0.00426194,-0.0042632064,-0.0043034395,-0.0042753806,-0.0043277135,-0.004272341
2014-10-24,0.0017105201,0.0016771564,0.0016756961,0.0016443739,0.0016510049,0.0016923854,0.0017017731,0.0016592005,0.0016787509,0.0016921917,0.0017184326,0.0016477564,0.0017017433,0.0016643265,0.0016969899,0.0016955147,0.0016506473,0.001680077,0.0016343007,0.0016965875
2014-10-27,4.9875118e-05,2.2546388e-05,2.153311e-05,-1.44978985e-05,-9.818934e-06,4.6522357e-05,4.2275526e-05,1.2973323e-06,3.230665e-05,3.5599805e-05,5.003903e-05,-1.3588928e-05,3.9161183e-05,2.987776e-05,2.4394132e-05,3.3901073e-05,-8.462928e-06,2.630148e-05,-1.9847415e-05,4.4957735e-05
2014-10-28,0.0010494897,0.0010129521,0.0010194788,0.000980706,0.0009877542,0.001050354,0.0010394761,0.0009936998,0.0010402212,0.0010349611,0.0010501603,0.0009863386,0.0010391483,0.0010355273,0.0010175863,0.0010332623,0.0009906003,0.0010234723,0.0009780684,0.0010431716
2014-10-29,0.0026846388,0.0026728967,0.0026504258,0.0025942484,0.002621294,0.0026914487,0.0026757875,0.0026260326,0.0026697824,0.0026747147,0.00268297,0.0026212642,0.002676458,0.0026712725,0.002654002,0.0026703486,0.002628685,0.0026431242,0.0026119659,0.002674506
2014-10-30,0.0010521123,0.0010314444,0.0010106871,0.0009591291,0.0010002563,0.0010560164,0.001036183,0.0009981403,0.0010266462,0.0010323832,0.0010400871,0.0009887526,0.0010413984,0.0010374943,0.0010257522,0.0010373751,0.0009930739,0.0009985575,0.0009793052,0.00096668396
2014-10-31,0.0031138519,0.0030914256,0.0030662725,0.003024266,0.0030480335,0.0031198869,0.0031028846,0.0030636946,0.0030881474,0.0030982355,0.0031062374,0.0030472586,0.0030995319,0.0030898908,0.0031043002,0.0031006793,0.0030577788,0.0030658105,0.003042535,0.0030162046
2014-11-03,-1.5883707e-05,-2.8549694e-05,-6.1943196e-05,-0.00010853913,-6.20326e-05,-1.542177e-05,-2.105441e-05,-7.137563e-05,-7.2061084e-05,-2.7521513e-05,-2.7789734e-05,-8.2730316e-05,-2.8981827e-05,-4.003849e-05,-1.6360544e-05,-2.6925467e-05,-8.4533356e-05,-6.1943196e-05,-8.727517e-05,-0.00011499133
2014-11-04,-0.0020591458,-0.0021137288,-0.0020977845,-0.00216481,-0.0021131476,-0.0020680567,-0.002076148,-0.002119272,-0.0021143695,-0.0020718416,-0.0020766845,-0.0021311035,-0.0020725867,-0.0020794114,-0.0020567616,-0.0020697555,-0.0020991703,-0.0020968905,-0.0021315953,-0.0021583727
2014-11-05,0.0010355571,0.0010273317,0.0010183314,0.00094716344,0.0009978721,0.0010428885,0.0010473141,0.0009957114,0.0009988854,0.001041011,0.0010418603,0.000985668,0.0010411302,0.0010267505,0.0010510841,0.0010450045,0.0010035196,0.0010202983,0.0009833137,0.0009468654
2014-11-06,0.0010398785,0.0010400573,0.0010094354,0.00094711874,0.0010110298,0.001041458,0.0010468671,0.0009982297,0.0009883353,0.001037688,0.0010424266,0.0009847293,0.0010388652,0.001033918,0.0010506967,0.0010443041,0.00097449217,0.0010063658,0.0009865323,0.0009467909
2014-11-07,0.0023579607,0.0023564557,0.0023348043,0.0022817263,0.0023427168,0.0023535052,0.0023618648,0.0023234794,0.0023027668,0.0023598978,0.002363787,0.0023040483,0.0023591379,0.0023608515,0.0023607025,0.0023593465,0.002307118,0.0023429552,0.0023053149,0.0023448477
2014-11-10,-0.0039957752,-0.0039984277,-0.004036336,-0.004089131,-0.0040430715,-0.0039972654,-0.003992661,-0.0040360084,-0.0040483763,-0.0039934656,-0.0039910963,-0.0040550223,-0.00399956,-0.0039998284,-0.0039963415,-0.0039959243,-0.0040439507,-0.0040233424,-0.0040531,-0.0040086647
2014-11-11,0.0010502348,0.0010315636,0.0010064552,0.0009616921,0.0009926567,0.0010581026,0.0010395506,0.0009991536,0.000994862,0.001037092,0.0010460922,0.0009881416,0.0010368386,0.0010322491,0.001028643,0.0010371814,0.000998796,0.0010108957,0.0009858469,0.0010222802
2014-11-12,0.0010481784,0.0010204175,0.0010040561,0.00096407626,0.0009926865,0.0010498324,0.0010329494,0.0010044435,0.0009824047,0.0010313252,0.0010428736,0.0009857276,0.0010351399,0.0010317126,0.0010289261,0.0010343799,0.0009870986,0.0010182122,0.0009866217,0.0010283748
2014-11-13,0.0010513524,0.0010348121,0.0009999136,0.0009760121,0.0009946534,0.001059697,0.00103964,0.0010103891,0.0009852359,0.0010391036,0.0010463307,0.0009889165,0.001038746,0.0010381797,0.0010100314,0.0010396698,0.0009962777,0.0010311911,0.0009885887,0.0010396997
2014-11-14,0.0010497579,0.0010374943,0.0010061869,0.0009672353,0.0009895274,0.0010507116,0.0010414431,0.0010046074,0.0009820471,0.0010405639,0.0010410706,0.0009859959,0.0010337988,0.0010430524,0.0010133842,0.0010363618,0.0009962479,0.0010284791,0.0009858618,0.0010463456
2014-11-17,0.00104794,0.0010412494,0.0010166327,0.0009796331,0.0010065595,0.0010450045,0.0010406533,0.0009941021,0.0009820024,0.001016588,0.0010427097,0.0009849379,0.001036481,0.0010418305,0.001022906,0.0010401467,0.0009958455,0.001028941,0.0009869793,0.0010437826
2014-11-18,0.0010458091,0.0010504881,0.0010225484,0.0009793947,0.0010249624,0.0010455558,0.0010410557,0.0009896765,0.0009807805,0.0010401318,0.0010454217,0.0009846548,0.0010344097,0.0010380605,0.0010265121,0.001040847,0.0009934762,0.0010244707,0.0009913305,0.0010377625
2014-11-19,0.0010443339,0.001038448,0.0010104636,0.0009734342,0.0010124901,0.0010433802,0.0010352293,0.0010026256,0.0009809593,0.001037092,0.0010439912,0.000984476,0.001030446,0.0010407874,0.0010288814,0.0010371068,0.0009925077,0.0010014037,0.0009890357,0.0010450194
2014-11-20,0.0024051229,0.002389268,0.0023650685,0.0023350874,0.0023516426,0.0024102638,0.0023909668,0.0023576478,0.0023384402,0.002386869,0.0023946026,0.00234297,0.0023897449,0.002393798,0.0023804912,0.0023918757,0.0023497203,0.0023721317,0.002339662,0.0023944536
2014-11-21,0.0010429481,0.0010391334,0.00100799,0.0009798268,0.0010090033,0.0010486254,0.0010356465,0.0009949068,0.0009813318,0.0010364065,0.0010370025,0.0009848783,0.0010323832,0.0010294626,0.0010253945,0.0010329792,0.0009951452,0.0010205368,0.0009834925,0.001038135
2014-11-24,0.0014255205,0.0014066556,0.0013788799,0.0013625631,0.0013745287,0.0014293054,0.0014129439,0.0013700584,0.0013558278,0.0014028111,0.0014157752,0.0013612369,0.0014074007,0.0014097402,0.0014060894,0.00140977,0.0013690153,0.001389862,0.0013609389,0.0014131377
2014-11-25,0.0010480592,0.0010361681,0.0010077814,0.0009856978,0.0010059485,0.0010466585,0.0010398636,0.0010012994,0.0009804824,0.0010375688,0.0010417411,0.000984923,0.0010359893,0.0010377476,0.001038597,0.0010366896,0.0009928951,0.0010328451,0.0009854892,0.0010395506
2014-11-26,0.0010473737,0.0010397444,0.0010038922,0.0009848336,0.0010111788,0.0010446021,0.0010418454,0.0010125646,0.0009827176,0.0010415325,0.0010482976,0.0009858469,0.0010363618,0.0010345588,0.001040549,0.0010374645,0.0009954581,0.0010187933,0.0009850124,0.0010369727
2014-11-28,0.0010476867,0.0010363469,0.001013414,0.0009828666,0.0009953687,0.0010439167,0.0010408023,0.0009960094,0.0009810934,0.0010226825,0.0010453472,0.000984774,0.0010155598,0.0010305652,0.0010457942,0.0010388354,0.000996978,0.0010202834,0.0009825537,0.0010332773
2014-12-01,0.0010517845,0.001047031,0.0010106871,0.0009875903,0.0009963969,0.0010589072,0.0010427693,0.0010031024,0.0009855935,0.0010456154,0.0010528127,0.0009883353,0.0010345886,0.0010326961,0.0010537812,0.0010423968,0.0009991387,0.0010331878,0.0009622285,0.001034216
2014-12-02,0.0010444531,0.0010225037,0.0010194341,0.0009895274,0.000995175,0.0010528425,0.00103061,0.0009930888,0.0009823004,0.0010400871,0.0010437975,0.0009862045,0.0010396848,0.0010407278,0.0010515312,0.001039804,0.0009998688,0.0010303715,0.00096023176,0.0010302374
2014-12-03,0.0010475228,0.001025469,0.0010117451,0.0009800801,0.0009964565,0.0010567913,0.0010348568,0.001002104,0.000983254,0.0010424713,0.0010418901,0.0009869346,0.0010398785,0.0010365555,0.001052157,0.0010383436,0.001004518,0.0010239044,0.00095987413,0.0010273466
2014-12-04,0.0016162256,0.0016093114,0.0015972266,0.0015742341,0.0015730867,0.0016137073,0.0016140351,0.0015803138,0.0015582154,0.0016237209,0.0016202638,0.001563237,0.0016329298,0.0016134689,0.0016250471,0.0016160915,0.0015759626,0.001604558,0.0015394399,0.0016126344
2014-12-05,0.0011610398,0.0011467645,0.0011427859,0.001114116,0.0011077533,0.0011553625,0.0011499533,0.0011226693,0.0010981718,0.0011573294,0.0011617849,0.0011012265,0.0011640498,0.0011549154,0.001158596,0.0011539767,0.0011135945,0.0011408189,0.0010651955,0.0011518458
2014-12-08,0.0010511437,0.001042352,0.0010183314,0.0009918073,0.0009941021,0.0010443935,0.0010265419,0.0010013739,0.0009824047,0.001042352,0.001051412,0.0009864429,0.0010453919,0.0010311315,0.0010427991,0.001037688,0.0010090033,0.0010130862,0.00094707403,0.001027734
2014-12-09,0.0010513077,0.0010198662,0.0010317871,0.0009824345,0.00099215,0.0010497132,0.0010301629,0.0009930143,0.0009834478,0.0010426501,0.0010520378,0.0009865174,0.0010463307,0.0010419646,0.0010383883,0.0010359893,0.0009960989,0.0010156343,0.00094705913,0.0010408321
2014-12-10,-0.001851364,-0.001862376,-0.0018832078,-0.0019094786,-0.0019172719,-0.0018445989,-0.0018766662,-0.001908212,-0.00194393,-0.001860722,-0.0018532267,-0.0019153049,-0.0018673977,-0.001859217,-0.0018588891,-0.0018710336,-0.0018981984,-0.0018822392,-0.0019341549,-0.0018752506
2014-12-11,0.0023378143,0.0023276368,0.0023088166,0.00226836,0.0022763768,0.0023418674,0.0023189494,0.0022807876,0.0022438029,0.0023305723,0.0023375312,0.0022737691,0.0023259977,0.002325953,0.0023314962,0.0023202458,0.0022811452,0.0022878954,0.002257661,0.0023114393
2014-12-12,0.0019124458,0.0018998692,0.0019028345,0.0018503377,0.0018525729,0.0019124905,0.0019042501,0.0018568197,0.0018235305,0.0019095251,0.0019122371,0.0018499652,0.0019089887,0.0018974403,0.0019105384,0.0018972168,0.0018763253,0.0018869797,0.0018155286,0.0018940279
2014-12-15,0.0009592036,0.0009129653,0.00089725945,0.00086389575,0.0008617351,0.0009160051,0.00091248844,0.0008645216,0.00083045755,0.00091888104,0.0009199837,0.00085897837,0.00092025194,0.0009161541,0.00092175696,0.00090760086,0.0008671144,0.000908033,0.00082139764,0.00090368185
2014-12-16,0.0010464946,0.0010334561,0.0010152766,0.00096923206,0.000990645,0.0010368386,0.001045675,0.0010056654,0.0009697983,0.0010464946,0.0010475675,0.0009843865,0.0010485211,0.0010500858,0.0010455409,0.0010426501,0.00096801016,0.0010275701,0.0009583542,0.0010488788
2014-12-17,0.0015679309,0.00156732,0.0015569935,0.0015051076,0.0015310058,0.0015730569,0.0015823701,0.0015476057,0.0015185485,0.0015896866,0.0015926817,0.0015310654,0.001586766,0.0015822062,0.0015887478,0.0015859017,0.0015307078,0.0015650699,0.0015034834,0.0015890906
2014-12-18,0.001022012,0.0010434845,0.0010113427,0.0009592036,0.0009839395,0.001025022,0.0010384927,0.0009889612,0.00097410474,0.0010410408,0.0010430971,0.0009838352,0.0010413835,0.0010430971,0.0010447511,0.0010433206,0.0009876499,0.0010444531,0.0009506354,0.0010490129
2014-12-19,0.0009976486,0.001031504,0.001022161,0.000977681,0.0009915838,0.000995771,0.0010389546,0.0009900192,0.00097441766,0.0010382244,0.0010487745,0.0009891698,0.0010380903,0.0010428587,0.0010468969,0.0010409663,0.0009870837,0.0010497281,0.00094981585,0.0010381499
2014-12-22,0.00060708914,0.0006286362,0.0006067017,0.00055590365,0.00057883654,0.000577108,0.00062395725,0.0005965987,0.0005742023,0.00063297246,0.00063791964,0.0005743215,0.00062380824,0.0006338367,0.00063392613,0.00062628184,0.0005627433,0.00061598513,0.0005592415,0.00063571427
2014-12-23,0.0010166923,0.0010336647,0.0010241428,0.000973464,0.0009902427,0.0009897808,0.0010368684,0.0010035941,0.0009738812,0.0010445276,0.0010422477,0.000982211,0.00104116,0.0010382542,0.0010497281,0.0010420987,0.0009722868,0.0010398487,0.0009518871,0.00097183976
2014-12-24,0.0019614259,0.0019616792,0.0019463012,0.0019017765,0.0019184956,0.0019163201,0.0019652108,0.0019266615,0.0019038031,0.0019670287,0.0019755075,0.0019139657,0.0019670585,0.0019700387,0.00197363,0.0019666264,0.0019024173,0.0019612024,0.0018813321,0.0018877992
2014-12-26,0.0010517249,0.0010350803,0.0010147253,0.0009829411,0.0009671757,0.0009903172,0.0010342756,0.0009793201,0.0009670714,0.0010398487,0.0010478804,0.000991703,0.0010465542,0.0010461519,0.0010396997,0.0010430971,0.000965924,0.0010417709,0.00095224474,0.0009570578
2014-12-29,0.0010499815,0.0010365853,0.0010115961,0.0009852657,0.0009644935,0.0009883204,0.0010374198,0.0009862343,0.0009697089,0.0010426203,0.0010477314,0.000990198,0.0010488043,0.0010522315,0.0010384778,0.0010409215,0.0009618262,0.0010443339,0.0009605894,0.00095254276
2014-12-30,0.0010442594,0.001004071,0.001035736,0.0009847144,0.00095889065,0.0009874711,0.0010490874,0.00097166095,0.0009794245,0.0010474632,0.0010488639,0.0009867856,0.0010479698,0.001047478,0.0010416964,0.0010426352,0.0009761164,0.0010360638,0.0009732256,0.0010147104
2014-12-31,0.0010429481,0.0010181526,0.0010346631,0.0009880522,0.0009829113,0.0009866664,0.001041607,0.0009695599,0.0009802887,0.0010377178,0.0010425309,0.0009866515,0.0010454068,0.0010442147,0.0010353932,0.00103663,0.0009786645,0.0010531107,0.00097569916,0.0010271976
2015-01-02,0.0010793069,0.001040698,0.0010530958,0.0009860108,0.00097449217,0.0010393718,0.0010430077,0.0009828219,0.0009775618,0.0010439614,0.0010466883,0.0009874264,0.0010450343,0.0010455707,0.0010381648,0.0010419348,0.0009940872,0.0010402063,0.00097526703,0.0010301927
2015-01-05,0.0009481171,0.0010331431,0.0010391781,0.0009874413,0.000951604,0.001052768,0.0010510543,0.0009858469,0.0009839246,0.001048089,0.0010520825,0.00096142385,0.0010472694,0.0010507712,0.0010404149,0.0010428736,0.0009827474,0.0010483125,0.0009794245,0.0010513226
2015-01-06,0.0010298053,0.0010367641,0.0010211328,0.0009869942,0.00097404514,0.0009768317,0.0010373453,0.0009631375,0.0009872774,0.0010462711,0.001055331,0.0009824345,0.0010471204,0.0010497579,0.0010410706,0.0010300884,0.0009898553,0.0010509649,0.0009847144,0.0010509798
2015-01-07,0.0028617093,0.0028504888,0.002844424,0.0027984837,0.0028054276,0.0027789036,0.0028521577,0.0027781138,0.0028005997,0.0028559128,0.0028666118,0.0027734945,0.0028606514,0.0028599957,0.0028568218,0.0028568218,0.0028024176,0.0028585652,0.0027977834,0.0028620372
2015-01-08,0.0012958357,0.0013100514,0.0012835125,0.0012569735,0.001252831,0.0012267837,0.0013159225,0.0012424001,0.001259164,0.0013117203,0.0012926022,0.0013024816,0.0013163844,0.0013178596,0.0013110498,0.0013142684,0.001236097,0.0013235221,0.0012525627,0.0013238201
2015-01-09,-0.00028051343,-0.00031179097,-0.00031521823,-0.00036895182,-0.00037804153,-0.00032435264,-0.00030517485,-0.0003649285,-0.0003663143,-0.00031302776,-0.00030745473,-0.00031918194,-0.00030153897,-0.00031657424,-0.00031025615,-0.00030915346,-0.00036543515,-0.00031272974,-0.00036960747,-0.0003044298
2015-01-12,0.002726839,0.0027564475,0.002747939,0.0026990632,0.0026757577,0.0026738057,0.0027628848,0.0026754746,0.0026999125,0.002753676,0.0027628997,0.0027232924,0.0027590105,0.0027587572,0.0027449587,0.002762393,0.0026778588,0.0027608285,0.0026854137,0.002758653
2015-01-13,0.0010433653,0.0010378817,0.0010201195,0.000985072,0.0009594122,0.00095115695,0.0010533044,0.0009701112,0.0009853402,0.0010394016,0.0010384927,0.0009872029,0.0010483721,0.0010491023,0.0010375688,0.0010461519,0.0009606937,0.0010485658,0.0009831497,0.0010437677
2015-01-14,0.00037728343,0.00037208293,0.00035025273,0.0003202865,0.00029297266,0.00028494094,0.00038403366,0.0002998719,0.0003204504,0.00037780497,0.0003679553,0.000320361,0.0003832141,0.0003808448,0.0003819922,0.00038258824,0.0002843747,0.00038224552,0.00031319354,0.00038391445
2015-01-15,0.0016419152,0.0016476819,0.0016120085,0.0015908638,0.001559929,0.001557366,0.0016543278,0.0015737126,0.0015901485,0.00164646,0.0016307095,0.001589925,0.0016476968,0.0016555944,0.001660631,0.0016515711,0.0015612254,0.0016593197,0.0015858421,0.0016572783
2015-01-16,0.0010606805,0.001048536,0.0010100612,0.00098537,0.00094708893,0.0009475807,0.001049594,0.00096137915,0.00096149836,0.0010480592,0.0009983042,0.0009890208,0.0010433653,0.0010512332,0.0010496983,0.0010475824,0.00094832573,0.0010531256,0.0009825388,0.0010548094
2015-01-20,0.0015612552,0.0015311697,0.0015237937,0.0014944086,0.0014555613,0.0014557699,0.00154923,0.0014850358,0.0014895806,0.0015561292,0.0015568445,0.0014938125,0.0015365491,0.0015589455,0.0015581856,0.0015534917,0.0014593462,0.0015592435,0.0014923969,0.0015577534
2015-01-21,0.0010457197,0.0010060081,0.0010104785,0.000984476,0.00094705913,0.00094714854,0.001043112,0.0009617517,0.0009828666,0.001049892,0.0010535428,0.0009766081,0.0010323087,0.0010396698,0.0010495791,0.0010456303,0.00094965193,0.0010483125,0.00097556505,0.0010516951
2015-01-22,0.0027038613,0.0026703188,0.0026573995,0.0026340494,0.002592654,0.0025927136,0.0026786337,0.0026236186,0.002614216,0.0026947418,0.0026958892,0.00263244,0.002684475,0.0026882896,0.0026929984,0.002689884,0.0026022205,0.0026940266,0.0026319632,0.002663047
2015-01-23,0.0010396698,0.0010274807,0.0010049501,0.000986875,0.00094711874,0.0009470144,0.0010207007,0.00096640084,0.00095883105,0.0010341415,0.0010493854,0.0009768168,0.0010422776,0.0010411153,0.0010478953,0.0010395506,0.00096134935,0.0010445723,0.0009768764,0.0010128478
2015-01-26,0.0010249624,0.0010056207,0.0009948323,0.0009871135,0.0009470144,0.0009968141,0.0010255734,0.0009788284,0.0009661922,0.0010368386,0.0010459134,0.0009725848,0.0010471204,0.0010454664,0.0010471949,0.0010401765,0.0009656707,0.0010496983,0.0009711245,0.0010029385
2015-01-27,0.0010195533,0.0010343799,0.0010003904,0.0009860108,0.00094702933,0.0009801695,0.0010286728,0.0009636292,0.00097179506,0.0010352293,0.0010527382,0.0009770701,0.0010539005,0.0010424862,0.0010460773,0.0010429332,0.00096029136,0.0010455856,0.000978128,0.0010043243
2015-01-28,-0.0033017835,-0.0032898178,-0.0032885512,-0.003311663,-0.00334978,-0.0033184877,-0.003265067,-0.0033317646,-0.0033177575,-0.0032656183,-0.003241687,-0.0033260426,-0.0032417616,-0.0032502702,-0.003253161,-0.0032544276,-0.003323867,-0.003250747,-0.0033183089,-0.003254681
2015-01-29,0.00060997996,0.00057923887,0.00058017764,0.0005464563,0.0005079517,0.0005129436,0.00060707424,0.00052769575,0.0005259225,0.0005998919,0.00061242376,0.00054200087,0.0006346563,0.0006107101,0.00060735736,0.00060595665,0.0005253712,0.0006090263,0.00054068957,0.0005784342
2015-01-30,0.00017063413,0.00013659988,0.0001125047,9.2701055e-05,5.373452e-05,7.137749e-05,0.00015519653,8.992944e-05,7.2942115e-05,0.00015378091,0.0001612911,9.220932e-05,0.00016780291,0.00015644822,0.00015691016,0.00015251432,7.753167e-05,0.0001549581,8.842442e-05,0.0001291493
2015-02-02,0.0017353157,0.0017288337,0.0017063031,0.0016786912,0.0016407529,0.0016978094,0.0017438242,0.0016775588,0.0016707638,0.0017394284,0.0017487118,0.0016781548,0.0016859928,0.0017420808,0.0017444948,0.0017356137,0.001671345,0.0017426619,0.0016759494,0.0017359266
2015-02-03,0.0010429183,0.0009993771,0.0010178545,0.0009885291,0.0009469995,0.0010250965,0.0010499218,0.0009791115,0.0009830454,0.0010440508,0.0010536769,0.0009884844,0.0010187188,0.0010477463,0.0010573873,0.0010444978,0.0009771595,0.0010520825,0.0009884993,0.0010455558
2015-02-04,0.0010313699,0.0010319063,0.0010029236,0.0009858022,0.00094708893,0.0010194937,0.0010467777,0.0009783665,0.0009816745,0.0010489086,0.0010565529,0.0009854296,0.0010159174,0.0010416666,0.0010539005,0.001045377,0.0009737918,0.0010482529,0.0009849528,0.0010565827
2015-02-05,-0.0011344245,-0.0011399081,-0.0011727354,-0.001194044,-0.0012306562,-0.0011424413,-0.0011312356,-0.0011966517,-0.0011978438,-0.0011343202,-0.0011259308,-0.0011944016,-0.0011548838,-0.0011420837,-0.0011238595,-0.0011345586,-0.0011996767,-0.0011303117,-0.0011956235,-0.0011257222
2015-02-06,-0.00039751735,-0.00039863493,-0.00042177644,-0.0004508039,-0.000489532,-0.00038978364,-0.00039026048,-0.0004507145,-0.00045186188,-0.0003879359,-0.00038441923,-0.00045055058,-0.00038625207,-0.00039228704,-0.00038230326,-0.0003878912,-0.00045391824,-0.00038882997,-0.000452145,-0.00038340595
2015-02-09,0.0010277638,0.0010372112,0.0010208199,0.0009647617,0.00094705913,0.00095613394,0.0010466436,0.00099592,0.0009833435,0.0010476718,0.0010508159,0.0009879479,0.0010405341,0.0010457346,0.0010489384,0.0010462711,0.00096401665,0.0010450045,0.0009850571,0.0010513971
2015-02-10,0.0010357806,0.0010057697,0.0010217587,0.0009592334,0.0009470144,0.0009505907,0.0010453472,0.0009988109,0.0009839991,0.0010448107,0.0010491619,0.0009872029,0.001039655,0.0010504732,0.0010502497,0.0010452578,0.0009609768,0.0010504434,0.0009839395,0.0010532746
2015-02-11,0.0009985724,0.0010042945,0.0010121474,0.000957937,0.0009470144,0.0009789923,0.001043261,0.0009969184,0.0009837309,0.0010421732,0.0010463754,0.0009762803,0.001036332,0.0010472843,0.001047791,0.0010433802,0.00096894894,0.001047478,0.0009758482,0.0010439912
2015-02-12,0.0023039589,0.0023023793,0.0022949586,0.002257944,0.0022485266,0.0022881636,0.0023467848,0.0022955695,0.0022854516,0.0023442963,0.0023514042,0.002283723,0.0023389766,0.002345563,0.0023503164,0.002343,0.0022688815,0.0023504058,0.0022826055,0.0023417184
2015-02-13,0.0015588561,0.0015812973,0.0015338818,0.0014874348,0.0014869878,0.0015398422,0.0015875408,0.0015280703,0.00152661,0.0015846053,0.0015925029,0.0015271613,0.0015855739,0.0015854696,0.0015939632,0.0015865276,0.0015065679,0.0015924433,0.0015253136,0.0015898058
2015-02-17,0.0010306397,0.0010415921,0.0010069916,0.00094731245,0.0010232041,0.00097188447,0.0010473588,0.0009924481,0.0009833137,0.0010458836,0.0010521421,0.0009858469,0.001048387,0.0010404894,0.0010451386,0.0010451088,0.0009747455,0.0010483423,0.0009828219,0.0010457793
2015-02-18,0.0010397891,0.0010350803,0.0010012547,0.00094722304,0.0010424713,0.0010333667,0.0010455856,0.0009970078,0.0009819875,0.0010471502,0.0010527382,0.000982807,0.0010600248,0.0010436038,0.0010393569,0.0010477463,0.0009789625,0.0010488639,0.0009811083,0.001039953
2015-02-19,0.00088448916,0.00090983603,0.00089866016,0.00081378315,0.00090350304,0.00086529646,0.00091531966,0.00084854756,0.00084957574,0.0009142319,0.00091761444,0.0008479366,0.0009247372,0.0009146193,0.0009097466,0.00091512594,0.00084315334,0.00091138575,0.00084821973,0.00090764556
2015-02-20,0.00102985,0.0010517547,0.0010450045,0.00094713364,0.0010428438,0.0010241577,0.0010495046,0.0009876052,0.000987784,0.0010515759,0.0010515908,0.0009866515,0.0010543028,0.0010541091,0.0010422627,0.0010482827,0.00097654853,0.0010485807,0.0009832243,0.0010259757
2015-02-23,0.0023040185,0.0023280839,0.002325357,0.0022303024,0.0023305127,0.0023038993,0.0023279944,0.0022693137,0.002268211,0.0023284117,0.0023342231,0.0022688666,0.002331973,0.002340139,0.0023316601,0.002330632,0.0022631,0.0023312578,0.0022670785,0.0023130039
2015-02-24,0.0010215202,0.0010302225,0.0010447958,0.00094710384,0.0010458836,0.0010144422,0.0010444829,0.0009872774,0.0009858916,0.0010421136,0.0010456601,0.0009854743,0.0010434994,0.001045079,0.0010435889,0.0010433802,0.0009795139,0.001042054,0.0009854892,0.0010321746
2015-02-25,0.001020045,0.0010508755,0.0010376135,0.00094707403,0.001039491,0.000994862,0.0010430226,0.0009832392,0.0009893039,0.001042367,0.001042814,0.0009855935,0.0010462562,0.0010522911,0.0010469714,0.0010439167,0.0009809891,0.0010496238,0.0009846846,0.001034827
2015-02-26,0.0010237703,0.0010463009,0.0010309676,0.00094707403,0.0009707222,0.00103061,0.0010413537,0.0009840736,0.000989438,0.0010362277,0.0010456452,0.0009822706,0.0010445723,0.001052306,0.0010496685,0.0010241577,0.0009837756,0.0010491321,0.0009806016,0.0010385821
2015-02-27,0.0024118582,0.0024456838,0.0024259994,0.0023388425,0.002351568,0.0023872117,0.0024383524,0.0023792842,0.0023795227,0.0024369368,0.0024378607,0.002377213,0.0024414817,0.0024460861,0.002444462,0.0024376968,0.0023686,0.0024464736,0.0023735026,0.0024337927
2015-03-02,-0.0005576452,-0.00052186754,-0.0005415967,-0.0006344011,-0.00062468555,-0.00055144634,-0.000531747,-0.0005959561,-0.00059367623,-0.0005356958,-0.0005287966,-0.0005985936,-0.0005344143,-0.00052322354,-0.0005292734,-0.00053870585,-0.0005980423,-0.0005239835,-0.00060263183,-0.00053353515
2015-03-03,0.0010712305,0.001019896,0.0010431269,0.00094707403,0.0009569237,0.0010394463,0.0010511437,0.000989438,0.0009879032,0.001045824,0.0010478804,0.0009861002,0.0010445276,0.0010542879,0.0010472396,0.0010481039,0.0009905705,0.0010520676,0.0009807507,0.0010440061
2015-03-04,0.0025396058,0.0025207112,0.002529771,0.0024267146,0.0024276236,0.0025235424,0.002534152,0.002467827,0.0024694512,0.0025320211,0.0025272975,0.002462224,0.0025289366,0.0025408426,0.0025307992,0.0025390694,0.0024671713,0.002533109,0.0024586925,0.00252843
2015-03-05,0.0023109773,0.0023267576,0.0023265043,0.0022265771,0.0022270689,0.002332569,0.0023320327,0.0022726217,0.0022690305,0.002325491,0.0023300955,0.0022657672,0.002325968,0.002335013,0.0023326138,0.0023284415,0.0022682855,0.002331988,0.002264277,0.002315686
2015-03-06,0.0015075812,0.0015152851,0.0015103975,0.0014131973,0.0014135847,0.0015167156,0.0015161941,0.0014546225,0.0014541754,0.0015163282,0.0015098313,0.001451687,0.0015143016,0.0015203068,0.0015195915,0.0015176991,0.001453192,0.0015157023,0.0014471719,0.0015020082
2015-03-09,0.0005745152,0.0006043324,0.00061632786,0.0005087117,0.0005089501,0.0006088624,0.00060953293,0.00055050943,0.00054952595,0.00061379466,0.00061364565,0.0005449364,0.0006153295,0.00061737094,0.0006156871,0.0006117979,0.0005502412,0.00061103795,0.0005434314,0.00060974155
2015-03-10,-0.0047070077,-0.0046755364,-0.004670619,-0.0047715595,-0.004771455,-0.004672467,-0.0046723476,-0.004729851,-0.004730626,-0.004667326,-0.0046689203,-0.0047322502,-0.0046711853,-0.0046673557,-0.004666432,-0.004668935,-0.0047297766,-0.0046678325,-0.004739492,-0.0046779355
2015-03-11,0.00061358605,0.0006357739,0.00062753353,0.00053151045,0.00053158496,0.0006294409,0.00063276384,0.0005823085,0.00057238434,0.0006344775,0.00063558016,0.0005708793,0.00064058695,0.00064052735,0.00064064655,0.000634701,0.00057102833,0.00063431356,0.00057137106,0.0006312141
2015-03-12,-0.0014328947,-0.001358985,-0.0013690433,-0.0014665714,-0.001466467,-0.0013697138,-0.001366972,-0.0014144471,-0.0014242968,-0.0013668826,-0.0013630083,-0.0014283648,-0.0013658246,-0.0013577929,-0.0013615629,-0.0013665846,-0.0014278581,-0.0013643047,-0.001426681,-0.0013858518
2015-03-13,0.0021793852,0.0022488544,0.0022387365,0.0021399716,0.0021399865,0.0022414634,0.0022371719,0.0021895925,0.0021796385,0.0022352794,0.0022184858,0.0021754364,0.0022411058,0.0022501508,0.002241985,0.0022357265,0.0021783272,0.002245278,0.002178491,0.0022180239
2015-03-16,0.0001267055,0.0002113292,0.00020022783,0.00010190997,0.00010199938,0.00019675586,0.00020511542,0.00017698202,0.00014233682,0.000204877,0.00019446108,0.000139446,0.00021042023,0.0002126256,0.00020769332,0.00020291004,0.00014218781,0.0002074102,0.00013609324,0.00018201862
2015-03-17,0.0009842971,0.0010372708,0.0010424713,0.00096772704,0.00094711874,0.0010334114,0.0010461817,0.0010383436,0.0009877393,0.0010425458,0.0010199109,0.000987933,0.0010509053,0.0009778002,0.0010454664,0.0010462562,0.000990347,0.0010493854,0.0009848634,0.001025171
2015-03-18,0.0022031972,0.0022147605,0.0022159973,0.0021412382,0.0021188417,0.0022071758,0.0022197375,0.002222241,0.0021609375,0.0022213468,0.0022148052,0.002154977,0.0022197673,0.0021355012,0.0022182772,0.0022195885,0.00216058,0.0022207955,0.0021550814,0.0022286782
2015-03-19,0.0023104558,0.0023507485,0.002352954,0.0022755722,0.0022490928,0.0023400793,0.0023535648,0.0023400048,0.0022905031,0.0023539523,0.0023595402,0.0022836784,0.002335609,0.0022606263,0.002350823,0.0023528645,0.002291591,0.0023562321,0.0022835443,0.0023161927
2015-03-20,0.0025806138,0.0025848607,0.002602593,0.0025136927,0.0025371173,0.0025913725,0.002570645,0.0025850693,0.0025372067,0.0025871703,0.0025969753,0.0025371173,0.0025975117,0.0025382051,0.0025969604,0.00258723,0.00253673,0.0025857696,0.0025333026,0.0025693038
2015-03-23,-0.00034910347,-0.00032859948,-0.0003174832,-0.00039543118,-0.00038130488,-0.0003303131,-0.00034353044,-0.00034215953,-0.00037069526,-0.0003237566,-0.00031670835,-0.0003816476,-0.0003197929,-0.00036720838,-0.00032313075,-0.00033180322,-0.00038637128,-0.00033579674,-0.00038699713,-0.00033566263
2015-03-24,0.0010215947,0.0010375241,0.0010442147,0.0009721378,0.000983254,0.0010437826,0.0010292986,0.0010379413,0.0009888122,0.0010202387,0.001040251,0.000987635,0.0010522166,0.000987024,0.0010464499,0.0010343203,0.0009812424,0.0010332176,0.0009864131,0.0010375539
2015-03-25,0.0005423734,0.00054968987,0.00054164324,0.00046359096,0.00047604833,0.00054825936,0.000529916,0.0005427906,0.00049555395,0.00053803716,0.00054074917,0.00049440656,0.0005517462,0.000482128,0.0005452195,0.0005409876,0.0004858533,0.0005385438,0.0004884759,0.00055563543
2015-03-26,0.0010333965,0.0010452876,0.0010366449,0.000978888,0.0009891996,0.0010370025,0.0010337988,0.0010267952,0.0009924928,0.0010433057,0.0010386864,0.0009880671,0.0010457793,0.0010273168,0.0010429928,0.0010416964,0.0009817341,0.0010416368,0.00096389744,0.0010553459
2015-03-27,-0.00012604799,-0.00013580825,-0.00013546553,-0.00019314792,-0.00015549269,-0.00012552645,-0.00013376679,-0.00012792554,-0.00017991569,-0.0001326492,-0.00013944414,-0.00018300023,-0.0001261225,-0.00017166045,-0.00012914743,-0.00013436284,-0.00018465426,-0.00013080146,-0.00020427909,-0.00013272371
2015-03-30,0.0010430971,0.0010436187,0.0010439912,0.0009764442,0.0009973953,0.0010398338,0.0010375986,0.0010288963,0.0009896317,0.0010428289,0.0010423968,0.0009872178,0.0010446021,0.0010056803,0.0010410259,0.0010398189,0.0009842375,0.0010443041,0.00096546207,0.0010466287
2015-03-31,0.0010477314,0.0010225633,0.0010453919,0.0009643743,0.0009892741,0.0010384033,0.0010156045,0.0010028044,0.0009899298,0.0010381499,0.0010459283,0.0009847442,0.0010451833,0.0010010609,0.0010401616,0.001037688,0.0009826729,0.0010377774,0.00096391235,0.0010515461
2015-04-01,0.0010482976,0.0010329345,0.0010549584,0.0009815553,0.0009859214,0.0010495642,0.0010406831,0.0010356316,0.000988544,0.0010228017,0.0010429034,0.0009877244,0.0010458091,0.0009970823,0.0010405937,0.0010389695,0.0009881565,0.0010416219,0.0009787986,0.0010470012
2015-04-02,0.0022315392,0.0022028992,0.0022304216,0.0021661082,0.0021831999,0.0022337,0.002224178,0.0022396306,0.0021694312,0.002188743,0.002226607,0.0021715472,0.0022291401,0.0021762112,0.0022281269,0.0022227028,0.0021661827,0.002221928,0.002164484,0.0022319118
2015-04-06,0.00272666,0.0027042488,0.0027234266,0.0026641944,0.0026706168,0.0027247379,0.0027221004,0.0027311305,0.0026628235,0.0027043829,0.002716274,0.0026640305,0.0027295956,0.0026857117,0.0027194628,0.0026919702,0.0026611844,0.002717481,0.0026604543,0.0027159462
2015-04-07,0.0010497281,0.001038284,0.0010506371,0.0009821961,0.0009861598,0.0010482678,0.0010476122,0.0010425756,0.0009829113,0.001020954,0.0010377774,0.0009885142,0.0010520229,0.0010234872,0.001040102,0.0010370621,0.0009840438,0.0010346482,0.0009817788,0.0010498324
2015-04-08,0.0013639042,0.0013460973,0.0013571242,0.0013016174,0.001301513,0.0013614157,0.0013610283,0.0013659904,0.0013020793,0.0013416866,0.0013566324,0.0013050893,0.0013702521,0.0013246993,0.001360313,0.0013565877,0.0013001421,0.001352937,0.0013064304,0.0013636509
2015-04-09,0.001047791,0.0010408321,0.001043112,0.0009845356,0.0009920159,0.0010402957,0.00104493,0.0010333667,0.0009817639,0.0010258863,0.0010399232,0.0009876648,0.0010470608,0.0009991983,0.0010420987,0.0010414878,0.0009837011,0.0010285685,0.000984014,0.001056687
2015-04-10,0.0021053413,0.0020979056,0.0020967731,0.0020530531,0.0020470181,0.0021017054,0.002106891,0.0020991424,0.0020456025,0.0020799497,0.0021012286,0.002051429,0.0021096328,0.002069802,0.0021080682,0.002115474,0.0020482996,0.0020935843,0.0020481655,0.0020778337
2015-04-13,0.0020316849,0.0020222971,0.0020290771,0.0019793967,0.0019645104,0.002027289,0.0020351866,0.0020270208,0.001973004,0.0020096013,0.002017052,0.0019786367,0.0020365873,0.001981751,0.0020369152,0.0020318786,0.0019789496,0.0020261267,0.0019526491,0.0020018527
2015-04-14,0.0010416815,0.0010344246,0.0010480741,0.0009869495,0.0009875605,0.0010390142,0.0010414133,0.0010312209,0.000980095,0.0010192255,0.001028047,0.0009881714,0.0010424117,0.0009937892,0.0010420838,0.0010085711,0.0009841183,0.0010375539,0.0009771297,0.0009951452
2015-04-15,-0.0024310788,-0.002452015,-0.002430602,-0.0024866303,-0.0024884185,-0.0024407795,-0.0024388721,-0.002439811,-0.0024932316,-0.002469494,-0.0024466803,-0.002490013,-0.002431809,-0.0024854233,-0.002435862,-0.002441912,-0.002486213,-0.00244221,-0.0024986258,-0.0024455478
2015-04-16,0.0010379711,0.0010273913,0.0010458985,0.0009924183,0.0009980211,0.0010395357,0.0010385225,0.0010406831,0.0009853551,0.001015366,0.0010407129,0.000983716,0.001045824,0.0009949515,0.0010398189,0.0010388354,0.0009919712,0.001032413,0.0009828517,0.001043723
2015-04-17,0.0010266313,0.0010284642,0.0010356167,0.000983105,0.0009977529,0.0010411153,0.0010370025,0.0010420838,0.0009861151,0.0010078708,0.0010390291,0.0009835819,0.0010433504,0.0009989301,0.0010416517,0.0010384182,0.0009991089,0.0010300288,0.0009505311,0.0010488192
2015-04-20,0.0028813342,0.0028882036,0.0028750459,0.0028466592,0.002822728,0.0028972635,0.0028981576,0.0028982768,0.0028459737,0.002864615,0.0029058019,0.0028455565,0.0029040435,0.002853782,0.0028994689,0.0029039541,0.0028677294,0.0028861621,0.0028162757,0.0029156515
2015-04-21,0.001039193,0.0010277787,0.0010426948,0.0009915093,0.0010134587,0.0010471651,0.0010380754,0.0010539005,0.0009861151,0.0010149935,0.0010425458,0.000987188,0.0010436783,0.000995622,0.001039655,0.0010363916,0.0009933868,0.0010347227,0.0009568492,0.0010559121
2015-04-22,0.0005166242,0.0005100081,0.0005170265,0.00046245847,0.0005087862,0.00051765237,0.0005156258,0.0005268613,0.00046177302,0.00049787853,0.0005170712,0.00046317372,0.00052134786,0.00046974514,0.0005087415,0.0005116174,0.00046636257,0.00051234756,0.00043292437,0.00053429697
2015-04-23,0.0010384629,0.0010301927,0.0010374943,0.0009874264,0.0010229954,0.0010434845,0.0010367194,0.0010399828,0.0009841183,0.0010162303,0.0010425756,0.0009897063,0.0010410259,0.0009994367,0.0010356614,0.001030148,0.0009899298,0.0010372261,0.00094714854,0.001044915
2015-04-24,0.0010501603,0.0010309974,0.0010490427,0.0009944299,0.0010147253,0.0010515014,0.001035736,0.0010367045,0.0009859363,0.0010048905,0.001041309,0.0009920606,0.0010445276,0.0010036388,0.0010375986,0.0010337541,0.0009886036,0.0010448853,0.00094713364,0.0010493258
2015-04-27,0.0010404149,0.0010288069,0.0010302225,0.0009881714,0.0010287771,0.0010464648,0.0010366598,0.0010226825,0.0009855637,0.0010228166,0.0010367492,0.0009885142,0.0010452876,0.0010120878,0.0010388503,0.0010356167,0.0009851763,0.0010430375,0.0009568045,0.0010401318
2015-04-28,0.0010449896,0.0010095844,0.0010036537,0.0009917924,0.0010308037,0.0010447362,0.0010367045,0.0010328749,0.0009863535,0.0010121474,0.0010376135,0.0009889314,0.0010436038,0.0010187188,0.0010400424,0.0010340223,0.0010012249,0.0010316828,0.00096114073,0.0010449896
2015-04-29,0.0011665383,0.001149104,0.0011629025,0.0011148164,0.0011438886,0.0011616955,0.0011581788,0.0011333385,0.0011087516,0.0011296878,0.0011582533,0.0011135051,0.0011669109,0.0011207024,0.0011612931,0.0011612335,0.001125575,0.0011535594,0.0010734806,0.0011619339
2015-04-30,-0.011054843,-0.011057734,-0.011085092,-0.011094048,-0.011107667,-0.011053561,-0.011044591,-0.01107554,-0.011104851,-0.011081754,-0.011051803,-0.01109977,-0.011038973,-0.01108998,-0.011045947,-0.011048495,-0.011084064,-0.011060356,-0.0111254,-0.011060878
2015-05-01,0.002457873,0.0024388144,0.002453358,0.0024034688,0.0024059573,0.0024502585,0.0024531493,0.0024086544,0.0023961822,0.0024208734,0.0024510035,0.002402992,0.002452121,0.002420948,0.0024502287,0.0024469653,0.002423809,0.0024354467,0.0023856023,0.0024462948
2015-05-04,0.0016802261,0.0016612271,0.0016868422,0.001633794,0.0016434351,0.0016811499,0.001682342,0.0016723135,0.0016233781,0.0016596625,0.0016750107,0.0016299943,0.0016780654,0.001670287,0.0016794661,0.001674802,0.0016675899,0.0016730288,0.0016153166,0.00168264
2015-05-05,0.0010288218,0.0010291645,0.0010418901,0.0009848783,0.0009947727,0.0010360191,0.0010427991,0.0010381201,0.0009814957,0.0010274062,0.0010397593,0.0009897659,0.0010375539,0.0010206858,0.0010452876,0.0010371963,0.0010223845,0.0010277638,0.00097422395,0.001035125
2015-05-06,0.0010253349,0.00103587,0.001006783,0.0009911964,0.0009540478,0.0010408768,0.0010451237,0.0010080794,0.0009829709,0.0010071406,0.0010400275,0.0010097632,0.0010449598,0.0009963671,0.0010461072,0.0010401914,0.0010114769,0.00097036455,0.00096130464,0.0010288367
2015-05-07,0.0013445178,0.0013578096,0.0013184557,0.0013157139,0.0012889812,0.0013601491,0.0013665268,0.001324431,0.0013086656,0.0013361434,0.0013595978,0.0013368288,0.0013707438,0.001328499,0.0013631592,0.0013649473,0.0013329992,0.0013417015,0.0012815902,0.0013305256
2015-05-08,0.0010311017,0.0010279128,0.0009894231,0.000994117,0.0009695748,0.0010394463,0.0010451833,0.0009892443,0.0009844908,0.0010128478,0.0010439465,0.0010137716,0.0010493407,0.0010017315,0.001040102,0.0010410557,0.0010102848,0.0009851316,0.00095389877,0.0010347823
2015-05-11,0.0018617967,0.0018602917,0.0018195817,0.0018210718,0.0017938623,0.0018728236,0.0018713186,0.0018187473,0.0018164972,0.0018430064,0.0018739114,0.0018381486,0.001876981,0.0018348256,0.0018685469,0.0018678615,0.001831443,0.0018184939,0.0017854879,0.0018717209
2015-05-12,0.0010276893,0.0010365406,0.0009910325,0.0009912709,0.00094743166,0.0010439763,0.0010409513,0.0009918818,0.0009850422,0.0010205219,0.0010428289,0.0010047713,0.0010485211,0.0010081539,0.0010442296,0.0010421285,0.0010209093,0.000952811,0.0009530494,0.001037986
2015-05-13,0.0010478655,0.0010417858,0.0009951154,0.0009895721,0.00094728265,0.0010456303,0.0010387907,0.0009977231,0.000984923,0.0010275552,0.0010495493,0.00103061,0.0010474036,0.001015366,0.0010434398,0.0010439912,0.0009961287,0.0009659389,0.0009553293,0.0010610381
2015-05-14,0.0028650025,0.0028619925,0.002807186,0.0028102407,0.0027614692,0.0028632144,0.002857403,0.002801002,0.0027989605,0.0028392086,0.002863274,0.002816529,0.0028602788,0.0028337995,0.0028580884,0.002857701,0.002810509,0.0027752975,0.0027859965,0.0028599212
2015-05-15,0.0012966702,0.0012595812,0.0012357691,0.0012382278,0.0011899332,0.0012900541,0.0012855837,0.0012293467,0.0012303153,0.0012735138,0.001287044,0.0012415657,0.0012919316,0.0012738118,0.0012854198,0.0012875805,0.0012573162,0.0012030462,0.001195238,0.0012870738
2015-05-18,0.0010604272,0.0010358552,0.0009934017,0.0009922246,0.00094707403,0.001051561,0.0010486702,0.0009906003,0.0009862939,0.0010329196,0.0010478655,0.0010071108,0.0010503242,0.0010374943,0.0010464797,0.0010457793,0.0009972313,0.00094729755,0.0009527812,0.0010580132
2015-05-19,0.0010523954,0.0010327557,0.00099367,0.000989587,0.00094708893,0.0010487447,0.0010496536,0.0009840289,0.0009873668,0.0010260353,0.0010421881,0.001004667,0.0010516355,0.0010362426,0.0010474036,0.0010434696,0.0009916583,0.00094728265,0.0009519914,0.0010370621
2015-05-20,0.0010398189,0.0010367343,0.0009855339,0.0009929398,0.0009469995,0.0010444084,0.0010489086,0.0009841779,0.0009860704,0.0010211626,0.0010455558,0.0009987513,0.0010500709,0.0010340968,0.0010484168,0.0010446319,0.0009893635,0.00094720814,0.00095640216,0.0010366747
2015-05-21,0.0010416517,0.0010174373,0.0010176608,0.0009926716,0.0009699175,0.001048387,0.0010475973,0.0009870687,0.0009865323,0.0010192404,0.0010420838,0.0009944746,0.0010460326,0.0010368982,0.0010425607,0.0010419795,0.0009876946,0.00094708893,0.0009635249,0.0010470757
2015-05-22,0.0010339031,0.0010330686,0.0010152617,0.0009868601,0.0010100761,0.0010412196,0.0010456303,0.0009853998,0.0009849677,0.001011298,0.0010439465,0.0010243664,0.0010444829,0.0010224292,0.001044766,0.0010403106,0.0009847591,0.00094702933,0.00096243713,0.001034976
2015-05-26,0.002373607,0.002373726,0.00237088,0.002317668,0.002366216,0.002383844,0.0023793736,0.0023186514,0.002318562,0.0023504207,0.0023804167,0.002363176,0.0023766765,0.002350823,0.002377377,0.0023745457,0.0023177424,0.0022794316,0.002301083,0.0023867944
2015-05-27,0.0010571042,0.0010280022,0.0010436634,0.0009893337,0.00096409116,0.0010475377,0.001045675,0.0009856084,0.0009871433,0.0010140995,0.0010413388,0.0010237554,0.0010477314,0.0010385821,0.0010426948,0.0010418454,0.0009959498,0.0009470144,0.0009673992,0.0010158578
2015-05-28,0.0010219673,0.0010329792,0.0010335306,0.0009911517,0.0009682039,0.0010494748,0.0010448107,0.0009840438,0.0009828368,0.0010136971,0.0010464797,0.0010274658,0.0010471353,0.0010332176,0.0010460028,0.0010413239,0.0009957114,0.0009469995,0.00097270403,0.0009655664
2015-05-29,0.0010229358,0.0010377476,0.0010033855,0.0009869346,0.0009594271,0.0010531107,0.0010443786,0.0009907195,0.0009851167,0.001017333,0.0010456452,0.0010201195,0.0010436932,0.0010105679,0.0010414431,0.0010398487,0.0009977082,0.0009977082,0.00095614884,0.0010398487
2015-06-01,0.0010288963,0.001040549,0.0009903768,0.000984461,0.0009544948,0.0010462264,0.0010467926,0.0009849379,0.0009848783,0.0010280618,0.0010327855,0.0010250518,0.0010481039,0.001005874,0.0010437975,0.0010373304,0.00099592,0.0010035643,0.0009554932,0.0010374794
2015-06-02,0.0010383883,0.0010194043,0.0009912411,0.000990645,0.0009478191,0.0010570446,0.001043559,0.0009872178,0.0009879032,0.0010252753,0.0010402063,0.0010178396,0.0010454217,0.0010111639,0.0010399083,0.0010378221,0.0010113278,0.001013414,0.0009571174,0.0010178545
2015-06-03,0.0001484463,0.00012970064,8.3700754e-05,7.726345e-05,3.7298538e-05,0.00014311168,0.00014026556,8.3849765e-05,7.711444e-05,0.00012740586,0.00013280008,0.00010982249,0.00014287326,0.000110925175,0.00013360474,0.00013479684,8.4490515e-05,9.2447735e-05,4.4615008e-05,0.00012031291
2015-06-04,0.003071935,0.003063486,0.0030076066,0.0030051926,0.0029666135,0.0030602524,0.0030619064,0.003011615,0.003001825,0.0030495534,0.0030671367,0.0030546794,0.0030680904,0.0030461857,0.0030608336,0.0030595968,0.0030102888,0.0030392865,0.002970011,0.0029842863
2015-06-05,0.0010433802,0.0010460177,0.0010219077,0.0009845207,0.00094714854,0.0010469714,0.0010418901,0.0009882012,0.0009866366,0.0010327855,0.0010553757,0.0010445872,0.0010489235,0.0010294775,0.0010412047,0.0010456452,0.0009896168,0.0010163495,0.000967429,0.0010350654
2015-06-08,0.0010188231,0.0010528425,0.0010080794,0.0009880522,0.00094714854,0.0010439912,0.0010457495,0.0009993026,0.0009884099,0.0010227421,0.001050056,0.0010413239,0.0010373453,0.0010354677,0.0010451982,0.0010459134,0.0009891102,0.00096546207,0.00095881615,0.0010085711
2015-06-09,0.0010166178,0.0010445723,0.0010196874,0.0009836266,0.00094710384,0.0010317126,0.001043261,0.0009903172,0.0009835074,0.001009495,0.0010490576,0.0010174969,0.0010469267,0.0010255137,0.0010485062,0.0010418454,0.0009868899,0.0009687552,0.0009607235,0.0010408321
2015-06-10,0.0020847777,0.0020888904,0.0020461539,0.0020366916,0.0020324895,0.0020979056,0.002097712,0.0020414898,0.0020375857,0.0020575533,0.0020950297,0.0020727972,0.00209649,0.0020884285,0.0020965645,0.0020929286,0.0020321766,0.0020158598,0.001999096,0.0020722458
2015-06-11,-0.0039544096,-0.0039610853,-0.0039663455,-0.0040045967,-0.004040121,-0.0039391806,-0.003942474,-0.0040040603,-0.0040035984,-0.003969162,-0.003942563,-0.0039666286,-0.0039382568,-0.003950729,-0.003942176,-0.0039461246,-0.0040071597,-0.004026442,-0.0040189764,-0.003953933
2015-06-12,0.001045526,0.0010311315,0.0010469267,0.0009853253,0.0010159323,0.0010462413,0.0010488043,0.0009934017,0.0009848932,0.0010260949,0.0010407725,0.001025171,0.0010521719,0.001029403,0.0010439614,0.0010423819,0.0009856382,0.0009469846,0.00097568426,0.0010532448
2015-06-15,0.0010459879,0.0010384629,0.001037241,0.0009861002,0.0010227123,0.0010408023,0.001047329,0.0009846101,0.0009842077,0.0010212073,0.0010386268,0.0010173926,0.0010452578,0.0010360191,0.0010462413,0.001042352,0.0009862045,0.0009469995,0.0009733001,0.0010398934
2015-06-16,0.0010278234,0.0010450492,0.0010207156,0.0009844461,0.0010285834,0.0010473887,0.001045675,0.0009867707,0.0009860108,0.0010108212,0.0010396698,0.0010067383,0.0010351101,0.0010330388,0.0010485807,0.0010388205,0.0009869793,0.0009469995,0.0009621838,0.0010343352
2015-06-17,0.0028165588,0.0028335312,0.0028079757,0.0027696202,0.0027995566,0.0028253207,0.0028274069,0.0027694562,0.0027664313,0.0027932385,0.002823607,0.0027949521,0.0028092721,0.0028090337,0.0028292695,0.002820612,0.0027691582,0.0027292976,0.0027541677,0.002812148
2015-06-18,0.0010380605,0.0010493407,0.0010382244,0.000987188,0.0010362128,0.0010507861,0.0010435292,0.0009847293,0.0009863386,0.001012654,0.001044617,0.0010261545,0.001038746,0.0010305652,0.001044781,0.0010407576,0.000986428,0.00094707403,0.0009751776,0.001039804
2015-06-19,0.00096504483,0.0010048011,0.000974671,0.0009425739,0.0009884695,0.0010124752,0.0010020295,0.0009526918,0.00094468985,0.00097568426,0.0010006288,0.0009813467,0.0009932378,0.0009903619,0.0010050246,0.0009985724,0.0009438554,0.00090392027,0.0009322623,0.0009826878
2015-06-22,0.002013282,0.002028332,0.002015234,0.0019706646,0.0020027468,0.0020361254,0.0020345608,0.0019720355,0.0019696662,0.0020118514,0.0020293156,0.00199926,0.0020282576,0.0020194957,0.0020282725,0.0020246962,0.0019703368,0.0019299546,0.0019568512,0.0020096311
2015-06-23,0.0016659359,0.0016911486,0.0016849944,0.0016391436,0.0016705403,0.0016953507,0.0016965726,0.0016380111,0.00163515,0.0016794512,0.001691849,0.0016669193,0.0016947547,0.0016831914,0.0016985098,0.0016914019,0.0016387263,0.001598523,0.0016277889,0.0016896138
2015-06-24,0.0010159323,0.0010423819,0.0010377923,0.0009918371,0.0010293731,0.0010492662,0.0010456452,0.0009854594,0.0009859512,0.0010224292,0.0010427991,0.0010093907,0.0010420838,0.0010387311,0.0010523954,0.0010414431,0.0009851316,0.00094704423,0.0009782026,0.0010369429
2015-06-25,0.001007841,0.0010384033,0.0010326812,0.0009911815,0.0009873966,0.001048685,0.0010482976,0.0010044435,0.0009857873,0.0010208348,0.0010418156,0.0010097334,0.001039804,0.0010326067,0.0010507265,0.0010378072,0.0009855339,0.0009470144,0.0009818533,0.0010317424
2015-06-26,0.000614048,0.00065456424,0.00062774215,0.0006003985,0.00058306847,0.000646011,0.0006590644,0.0006003836,0.00059031043,0.00063026045,0.0006580064,0.00063152704,0.0006616423,0.00064686034,0.0006588856,0.000654296,0.0005939314,0.000559167,0.00058774743,0.00063923094
2015-06-29,-0.00040803757,-0.00036677625,-0.00040788855,-0.00042585935,-0.0004442474,-0.0003739735,-0.0003598025,-0.00041551795,-0.00042855646,-0.00036929455,-0.00035945978,-0.00039328542,-0.00035887863,-0.0003699651,-0.00038173702,-0.00036677625,-0.00042697694,-0.00046570506,-0.0004378399,-0.0003864905
2015-06-30,0.00094342325,0.0010273466,0.000999094,0.0009888122,0.0009623179,0.0010451237,0.0010418454,0.0009949068,0.0009854892,0.0010463903,0.0010465691,0.0010296563,0.0010479847,0.0010459581,0.0010299841,0.0010475824,0.0009895125,0.00094705913,0.00096388254,0.0010237107
2015-07-01,0.00095358584,0.0010419497,0.0010231445,0.0009862343,0.0009623626,0.0010428289,0.0010427991,0.0009904364,0.0009858469,0.0010448107,0.0010489235,0.001034216,0.0010438869,0.0010405788,0.0010333965,0.0010496238,0.0009658644,0.00094708893,0.0009695152,0.0010285834
2015-07-02,0.00062753353,0.0007092813,0.00070089195,0.0006619403,0.0006709257,0.00072781835,0.00071764085,0.00066258106,0.0006577531,0.0007056305,0.00071488414,0.00070627127,0.00071224663,0.0006961385,0.0007083276,0.0007197568,0.0006591389,0.0006196359,0.0006326148,0.000703902
2015-07-06,0.00095394347,0.0010413835,0.0010238299,0.0009898702,0.000948281,0.0010354528,0.0010396251,0.0009938488,0.0009866515,0.0010325769,0.0010433504,0.0010477612,0.0010442296,0.0010208944,0.0010404298,0.0010492811,0.00096528325,0.0009469697,0.0009645829,0.0010302225
2015-07-07,0.0009444216,0.0010496387,0.0010207752,0.0009896168,0.0009469548,0.0010476271,0.0010441402,0.0009907344,0.0009814957,0.0010280916,0.0010563442,0.0010536918,0.0010508457,0.0010241577,0.0010353336,0.0010466585,0.0009581903,0.000976623,0.00095765386,0.0010293284
2015-07-08,0.0009452412,0.0010349015,0.0010122815,0.0009876797,0.0010168711,0.0010392079,0.0010405192,0.0009955177,0.0009814063,0.0010329941,0.001051561,0.0010476122,0.0010392079,0.0010474185,0.0010343501,0.001046584,0.0009659538,0.0009476999,0.0009609172,0.001025782
2015-07-09,0.00094337855,0.0010441998,0.0010093609,0.0009851763,0.0009631673,0.0010412196,0.0010424266,0.000994713,0.0009818682,0.0010283599,0.0010528425,0.0010486254,0.0010515312,0.0010396102,0.0010287473,0.0010447362,0.0009792456,0.0010076324,0.00095376465,0.0010245303
2015-07-10,0.0030675987,0.0031672874,0.003144295,0.0031054327,0.0030670026,0.0031460682,0.0031661997,0.0031149248,0.003101782,0.0031508962,0.003180177,0.00316088,0.0031686882,0.0031713257,0.0031511197,0.0031637857,0.0030897418,0.0031429091,0.0030781785,0.0031476626
2015-07-13,0.0016791383,0.0017731497,0.0017528394,0.0017171064,0.0017220387,0.0017522136,0.0017761299,0.0017240355,0.001711444,0.0017596344,0.0017784098,0.001767234,0.0017757574,0.0017784992,0.0017644772,0.001771451,0.0017015049,0.0017638365,0.0016888389,0.0017572055
2015-07-14,0.00094594155,0.0010425905,0.0010120431,0.0009820322,0.0010288963,0.001012058,0.0010409513,0.0009942511,0.00097158644,0.0010250071,0.0010470012,0.0010383734,0.0010462264,0.0010364661,0.0010290453,0.0010400126,0.0009773085,0.0010109851,0.0009595165,0.0010255584
2015-07-15,0.00094594155,0.0010427842,0.0010071704,0.0009860406,0.0010295818,0.0009559253,0.0010413835,0.0010011354,0.0009580562,0.0010256628,0.0010472545,0.001038299,0.0010362426,0.0010396848,0.0010342756,0.001039491,0.0009786794,0.0010193745,0.00096422527,0.0010326067
2015-07-16,0.001922057,0.0019716183,0.0021241019,0.0019131759,0.001949192,0.0022115717,0.001973332,0.0019411752,0.0018881718,0.001962618,0.001975731,0.0021518776,0.0019752244,0.0019579092,0.0019712606,0.0019724974,0.0021352628,0.0019451389,0.0021281252,0.0019708285
2015-07-17,0.00014771614,0.0002740631,0.00026337896,0.00021661911,0.00024803076,0.0002073953,0.00027467404,0.00022533629,0.00019128714,0.0002600262,0.00027705822,0.00027456973,0.00027605984,0.00027480815,0.00027452502,0.00027345214,0.00022475515,0.00025206897,0.00020048115,0.00027451012
2015-07-20,0.0009963373,0.001040102,0.001012803,0.0009816745,0.0009925971,0.0009906301,0.0010477463,0.000999243,0.0009568194,0.0010329047,0.001041607,0.0010331878,0.0010395953,0.0010436485,0.0010435442,0.0010416368,0.0009821663,0.001022757,0.0009804526,0.0010365108
2015-07-21,0.0010365704,0.0010395208,0.0010371963,0.0009848187,0.0010307888,0.0009897063,0.0010510394,0.0009886483,0.00094999466,0.0010425309,0.0010424266,0.001046137,0.0010529915,0.0010435442,0.0010428289,0.0010447213,0.0009902129,0.0010246048,0.0009886483,0.0010473141
2015-07-22,0.0010915557,0.0010419348,0.0011190483,0.0009878436,0.0010355422,0.001123161,0.0010454068,0.0009866068,0.00094863866,0.0010350058,0.0010370174,0.0010921666,0.0010418901,0.0010426352,0.0010416368,0.0010412047,0.0010846714,0.0010181824,0.0010903636,0.001056076
2015-07-23,0.0017707059,0.0017719129,0.0017571459,0.0017347196,0.0017597685,0.001722903,0.0017978558,0.0017514238,0.001697869,0.0017868439,0.001788632,0.0017836699,0.0017929533,0.0017743716,0.0017753849,0.001786069,0.0017237524,0.0017574886,0.0017203251,0.0017868141
2015-07-24,0.0021169642,0.0021252641,0.0020984272,0.0020731995,0.002137662,0.0020774165,0.0021370063,0.0020953873,0.0020386586,0.002125577,0.0021276334,0.0021108547,0.002137945,0.0021244297,0.002104924,0.0021255175,0.0020639012,0.002101303,0.0020669112,0.0021268437
2015-07-27,0.0010545859,0.0010430226,0.0010072896,0.000983567,0.001011447,0.0009903321,0.0010430673,0.0009940425,0.00094753597,0.0010438124,0.0010463605,0.0010394612,0.0010455111,0.0010474036,0.0010123858,0.0010429779,0.0009880969,0.00096501503,0.0009815404,0.0010356763
2015-07-28,0.0010463605,0.0010297457,0.0010090182,0.00099215,0.0010043243,0.0009863684,0.0010410259,0.0009903321,0.0009478191,0.0010421732,0.0010443786,0.0010022083,0.0010414431,0.0010490874,0.0010071704,0.0010425607,0.00096410606,0.00096377824,0.0009845058,0.001028643
2015-07-29,0.002272413,0.0022583613,0.0022176364,0.0022166828,0.0022615055,0.0022047916,0.0022531906,0.00221935,0.0021617273,0.0022581676,0.0022621313,0.0022091577,0.002256007,0.0022598067,0.0022310177,0.0022584358,0.0021733353,0.002243624,0.0021956572,0.002253876
2015-07-30,-0.0032137176,-0.003237321,-0.00327894,-0.0032829186,-0.0032469472,-0.0032252213,-0.0032291105,-0.0032547852,-0.0032974472,-0.0032298109,-0.003223299,-0.0032813093,-0.003233417,-0.0032372614,-0.003283753,-0.0032313755,-0.0032898774,-0.003250598,-0.0032967022,-0.003234758
2015-07-31,0.0010725567,0.0010407874,0.0009943256,0.0009897808,0.0009780535,0.0010574767,0.0010497877,0.0010219077,0.0009507397,0.0010453025,0.0010478655,0.000990645,0.0010444233,0.001032711,0.001002402,0.0010433057,0.0009859065,0.0010176608,0.000981898,0.0010422328
2015-08-03,0.0025810013,0.0025565932,0.002516375,0.0025138864,0.0024866918,0.0025774697,0.0025630752,0.002537609,0.0024716267,0.0025709728,0.0025697062,0.0025064955,0.0025693486,0.0025618533,0.0025635073,0.0025626877,0.0024965266,0.00252618,0.0024934867,0.0025592158
2015-08-04,0.00105849,0.0010344544,0.0009994367,0.0009891847,0.0009559551,0.0010611275,0.0010499218,0.0010103146,0.0009489963,0.0010361681,0.0010384182,0.000997738,0.0010512332,0.0010510245,0.0010501901,0.0010402659,0.0009773532,0.0010224888,0.00096657965,0.0010348121
2015-08-05,0.0010451684,0.0010449747,0.0009997645,0.0009857127,0.00095909927,0.0010501007,0.0010562846,0.0010014335,0.00095881615,0.001046137,0.0010239044,0.0009999285,0.0010450045,0.0010534236,0.001050041,0.0010408917,0.0009863684,0.0010282556,0.00096003804,0.0010287622
2015-08-06,0.0010168115,0.0010497728,0.0010033408,0.0009878436,0.000947983,0.0010502944,0.0010447064,0.0009966949,0.00094716344,0.0010471651,0.0010476271,0.0009964863,0.0010391185,0.0010461668,0.0010542283,0.0010399381,0.000985832,0.0010245154,0.0009611258,0.0010243962
2015-08-07,0.0014695683,0.0014927695,0.0014474401,0.0014340589,0.0013897428,0.0014992217,0.0014858851,0.0014420906,0.0013891766,0.0014800886,0.0014921436,0.0014546672,0.0014829198,0.0014910856,0.0014788816,0.0014808485,0.0014287094,0.0014726976,0.001400874,0.0014624903
2015-08-10,0.0010175416,0.0010409215,0.0010043988,0.0009926567,0.00094737206,0.0010561952,0.0010486702,0.0010014484,0.00094708893,0.0010460326,0.0010575661,0.0009995112,0.0010447064,0.001052157,0.0010374943,0.0010404894,0.0009873668,0.0010327408,0.0009594122,0.0010294179
2015-08-11,0.0009987513,0.0010436038,0.0009951303,0.0009992281,0.00094725285,0.0010536918,0.0010417709,0.0010158578,0.00094707403,0.0010451088,0.0010485658,0.0010033706,0.0010481039,0.0010420391,0.0010415474,0.0010386864,0.00098537,0.0010240087,0.0009669075,0.001033009
2015-08-12,0.001001657,0.0010451982,0.000998945,0.0009861002,0.00094713364,0.0010581026,0.0010402063,0.0010082135,0.00094705913,0.0010490874,0.001044766,0.0009945044,0.0010538856,0.0010507116,0.0010468522,0.001044781,0.0009856233,0.0010298053,0.0009623775,0.001033322
2015-08-13,0.0010069022,0.0010396698,0.0010029534,0.0009885142,0.00094704423,0.0010560164,0.0010497579,0.0010012249,0.00094705913,0.0010498324,0.0010436336,0.0010296414,0.001042054,0.0010496238,0.0010463605,0.0010450194,0.0009866366,0.0010304758,0.0009581456,0.0010312209
2015-08-14,0.001399667,0.0014295736,0.0013966272,0.0013786862,0.0013328353,0.001442642,0.0014330456,0.0013837377,0.0013328651,0.001434789,0.0014276812,0.001407356,0.0014327029,0.0014311979,0.0014325092,0.0014303038,0.0013738433,0.0013808021,0.0013428936,0.0014109174
2015-08-17,-0.0019617816,-0.0019235006,-0.0019356748,-0.0019607982,-0.002008467,-0.0019025942,-0.0019061258,-0.0019522896,-0.0020084074,-0.0019091954,-0.0019154241,-0.0019312641,-0.0019112816,-0.0019127121,-0.0019100597,-0.001911833,-0.001972868,-0.0019188812,-0.0019940874,-0.0019327095
2015-08-18,0.0010066638,0.0010364065,0.0010288218,0.000989438,0.0009469995,0.001053811,0.0010513822,0.0010185102,0.00094705913,0.0010484317,0.0010475973,0.0010172585,0.0010484913,0.0010481039,0.0010433206,0.00104417,0.0009842673,0.0010170946,0.0009672055,0.0010244856
2015-08-19,0.0005913386,0.000634999,0.0006037513,0.00059336517,0.00054557715,0.0006530443,0.0006437907,0.00060735736,0.00054568145,0.0006451914,0.0006295005,0.00061351154,0.0006463239,0.0006475905,0.0006440142,0.00063954387,0.00058169756,0.000630633,0.00056484435,0.00062124524
2015-08-20,-0.0029575815,-0.0028971871,-0.0029420396,-0.0029446026,-0.0029913774,-0.002882733,-0.002887844,-0.0029254844,-0.0029913327,-0.002888917,-0.0028934022,-0.00290355,-0.0028907051,-0.0028869053,-0.002891927,-0.0028936854,-0.0029565534,-0.0029114624,-0.0029726615,-0.0029097637
2015-08-21,0.0010137567,0.0010412196,0.0009912858,0.0009949813,0.0009469995,0.0010545561,0.0010560015,0.0010208795,0.00094705913,0.0010495791,0.0010507265,0.0010319212,0.0010438869,0.0010540495,0.0010486105,0.0010446915,0.0009825984,0.001014323,0.0009693811,0.0010278085
2015-08-24,0.0005061189,0.000515149,0.00048443768,0.000473232,0.00042973552,0.0005350569,0.00053022895,0.0004895786,0.00042973552,0.00052376185,0.00052629504,0.00051456783,0.0005254159,0.0005337158,0.00053045247,0.0005270848,0.00046737585,0.00049927924,0.00043805037,0.00051249657
2015-08-25,0.0009762505,0.0010408768,0.0010229656,0.0009873817,0.00096793566,0.0009900937,0.0010455409,0.0010077516,0.0009673694,0.001035721,0.0010385523,0.0009975741,0.0010395655,0.0010458687,0.0010460475,0.0010412494,0.0009605,0.0010311017,0.00095488224,0.001034216
2015-08-26,0.0025888244,0.0026378194,0.002623246,0.0025810609,0.0025627175,0.0025742361,0.0026403079,0.0025999555,0.0025456855,0.0026312778,0.002633975,0.0025814632,0.0026367465,0.0026448825,0.002638177,0.0026375959,0.0025669644,0.0026412467,0.0025675604,0.0026310394
2015-08-27,0.0022705654,0.00230682,0.0022940943,0.0022494951,0.0022302428,0.0022365907,0.0023059556,0.002277852,0.002207161,0.00229776,0.002313585,0.0022457251,0.0023046592,0.0023082802,0.0022261748,0.0023026476,0.0022154162,0.0023092786,0.0022253105,0.0022935579
2015-08-28,0.0017712722,0.0018065581,0.0017917613,0.0017469982,0.0017288486,0.0017366717,0.0018060515,0.0017628381,0.0017035464,0.0017973045,0.0018186579,0.0017444501,0.0018039951,0.0018022815,0.0017143497,0.0018037567,0.0017132321,0.0018066177,0.0017120847,0.0017939517
2015-08-31,0.0028091678,0.002812923,0.00279829,0.0027541826,0.0027485648,0.0027554044,0.0028195987,0.0027752975,0.0027227113,0.002807782,0.0028234283,0.0027484307,0.0028088698,0.0028094957,0.0027404139,0.0028120587,0.0027182857,0.0028125355,0.0027231136,0.0027994672
2015-09-01,-5.0022267e-05,-6.0766004e-05,-7.896032e-05,-0.00011606421,-0.000124841,-0.00011692848,-5.7800673e-05,-9.429362e-05,-0.00016233232,-6.480422e-05,-4.7712587e-05,-0.00012561586,-6.672647e-05,-6.158557e-05,-0.00015461352,-6.2688254e-05,-0.00015242305,-6.8589114e-05,-0.00013825204,-6.8723224e-05
2015-09-02,0.002033786,0.00204748,0.0020352611,0.0019966075,0.0019851634,0.0019913623,0.002052174,0.0020011524,0.0019515762,0.0020501474,0.0020322213,0.0019871155,0.002041773,0.0020388672,0.0020357827,0.0020487914,0.001956449,0.0020454982,0.0019776085,0.0020403424
2015-09-03,0.0026780078,0.002693803,0.002702088,0.0026461491,0.0026304284,0.002669678,0.0026968578,0.0026229778,0.0026726583,0.0026980797,0.0026753554,0.0026817033,0.0026910314,0.002689303,0.002690644,0.0026933858,0.0026175538,0.002696828,0.0026309947,0.002641038
2015-09-04,0.0010277489,0.0010360489,0.001050801,0.0009922693,0.0009823302,0.000984312,0.0010430673,0.00096543226,0.0009593675,0.0010385672,0.0010359446,0.0010251263,0.0010380456,0.0010302374,0.0010562548,0.0010418752,0.0009503523,0.0010394016,0.00097280834,0.0010156343
2015-09-08,0.0011857459,0.0011802772,0.0011977861,0.0011418173,0.0011318335,0.0011323104,0.0011910656,0.0011147121,0.0011006454,0.0011883685,0.0011849115,0.0011659274,0.0011930475,0.0011780569,0.0011964152,0.0011891136,0.0010974417,0.0011918107,0.0011260966,0.0011305222
2015-09-09,0.0010522762,0.0010351697,0.0010292837,0.0009930888,0.0009857873,0.0009899447,0.0010409215,0.0009645531,0.00095003936,0.0010354826,0.0010317126,0.0010146657,0.0010459581,0.0010347376,0.0010516206,0.0010408321,0.0009540478,0.0010444382,0.00096772704,0.0009787688
2015-09-10,0.0022929022,0.0022815922,0.002278001,0.0022301236,0.002220885,0.0022315988,0.0022845576,0.002185152,0.0021957168,0.0022827545,0.0022879401,0.002257795,0.0022849003,0.0022707293,0.002291591,0.0022785077,0.0022150734,0.0022849003,0.0022069076,0.0022346685
2015-09-11,0.0025335262,0.0025229463,0.0025152871,0.0024766633,0.0024680803,0.002472327,0.0025274614,0.002432824,0.0024861107,0.0025275508,0.0025307694,0.0025189975,0.0025324384,0.0025210837,0.002533392,0.0025248686,0.0024601528,0.0025310973,0.002453805,0.0024602572
2015-09-14,0.0027437666,0.002729536,0.0027173618,0.002677233,0.0026730755,0.002676473,0.0027298043,0.0026308307,0.002694265,0.0027291188,0.0027238438,0.0027248422,0.0027272115,0.0027230242,0.0027344981,0.0027248422,0.0026640156,0.002729998,0.002660797,0.0027003745
2015-09-15,0.0025562355,0.0025639096,0.002555714,0.002507613,0.0024992535,0.0025024572,0.0025650868,0.0024641464,0.0025466988,0.0025594542,0.0025556544,0.0025736103,0.0025574425,0.0025482485,0.0025659362,0.0025579492,0.0024901787,0.0025628218,0.0024928013,0.0025364766
2015-09-16,0.0032679895,0.003335462,0.003339828,0.0032898495,0.0032620141,0.003267751,0.0033405283,0.0032458166,0.003263981,0.0033422718,0.0033406178,0.0033035884,0.0033447305,0.003334851,0.003347651,0.0033403793,0.0032605836,0.0033487836,0.003261597,0.0033163885
2015-09-17,0.0010653147,0.0010951767,0.0010622153,0.0010474632,0.0010340968,0.0010507563,0.0011035511,0.0010027448,0.0010222653,0.0011012862,0.0011003623,0.0010561505,0.0011008838,0.0011020312,0.0011077086,0.0010964731,0.0010305354,0.0010830322,0.0010183612,0.001050205
2015-09-18,0.0031635026,0.0031608948,0.003154383,0.0031080702,0.003105686,0.003106148,0.003161476,0.0030648867,0.003083975,0.0031659165,0.0031715343,0.00312318,0.0031701336,0.003168122,0.003085957,0.0031616995,0.0031034509,0.003156186,0.003081859,0.003141419
2015-09-21,0.001808227,0.0018243203,0.0018131146,0.0017649094,0.0017591873,0.0017614672,0.0018204758,0.0017232904,0.0017372826,0.0018256316,0.0018381188,0.0017603347,0.0018304596,0.0018273601,0.0017330209,0.0018222937,0.0017546425,0.0018083462,0.0017362693,0.0017661313
2015-09-22,0.001033173,0.0010471949,0.0010379711,0.00098838,0.00097441766,0.000978143,0.0010433951,0.00094702933,0.00094981585,0.0010396102,0.001053513,0.0009974698,0.0010495493,0.0010511437,0.00095389877,0.001043559,0.00097158644,0.0010310868,0.0009636143,0.0010049948
2015-09-23,0.002769963,0.002754108,0.002764077,0.0027041147,0.0026964108,0.0027052024,0.002753676,0.0026581148,0.00266108,0.0027543763,0.0027638832,0.0027158568,0.0027562538,0.0027583549,0.0027181963,0.0027528564,0.0026938478,0.0027549723,0.002674804,0.002721236
2015-09-24,0.0010429183,0.0010429034,0.0010509798,0.0009907642,0.0009843865,0.0009861151,0.0010434696,0.00094702933,0.00095515046,0.0010416219,0.0010412047,0.0010003457,0.0010380456,0.0010462264,0.0010091523,0.001039193,0.0009832839,0.0010344097,0.0009736875,0.0010308931
2015-09-25,0.001642392,0.0016280124,0.0016346434,0.0015765736,0.0015728632,0.0015779147,0.0016329894,0.0015310803,0.0015405873,0.0016283104,0.0016295919,0.0016196528,0.0016247937,0.0016339729,0.0016116658,0.0016310671,0.001571686,0.0016295174,0.0015584687,0.0015593478
2015-09-28,0.0010534385,0.0010505328,0.0010501156,0.0009924183,0.0009865174,0.00098914,0.0010521123,0.00094705913,0.00095394347,0.0010460326,0.0010489533,0.0010046521,0.0010404745,0.0010537514,0.0010326663,0.0010450641,0.000984774,0.0010448704,0.0009768018,0.00096787605
2015-09-29,0.001046733,0.0010431865,0.001042352,0.0009920457,0.0009857276,0.0009869495,0.0010450045,0.00094705913,0.0009534219,0.0010370025,0.0010439018,0.0009854594,0.0010480592,0.0010529766,0.0009771297,0.0010460028,0.0009837905,0.001044766,0.00096123014,0.0009634504
2015-09-30,0.0010602036,0.001042814,0.0010515014,0.0009953538,0.000990943,0.0009912113,0.0010384629,0.00094705913,0.00095480774,0.0010358552,0.0010464499,0.0009985128,0.0010469714,0.001057745,0.0010445425,0.001045973,0.0009879926,0.0010485807,0.0009684274,0.0009598294
2015-10-01,0.0019557634,0.0019732127,0.0019733468,0.0019189576,0.0019108513,0.0019166181,0.001963229,0.0018760273,0.0018839249,0.0019694278,0.001976476,0.0019253502,0.0019678632,0.001981006,0.0019846717,0.0019741366,0.0018937299,0.0019500563,0.001893566,0.0018775323
2015-10-02,0.001045824,0.0010470906,0.0010554502,0.000990049,0.0009851763,0.0009874562,0.0010443041,0.00094705913,0.0009504864,0.0010438422,0.0010532299,0.0010433504,0.0010499666,0.0010488788,0.0009746412,0.0010465393,0.0009593526,0.0010208348,0.0009818533,0.0009480873
2015-10-05,0.0004500607,0.0004666904,0.00047665928,0.00041200314,0.00040212367,0.00043615792,0.0004578838,0.00037132297,0.00038871262,0.00047384296,0.00047893915,0.0004553059,0.00047662947,0.00047765765,0.00037793908,0.00047235284,0.00039646123,0.00045536552,0.00040052924,0.0003858963
2015-10-06,0.0010268549,0.0010457644,0.0010506073,0.0009893784,0.00098312,0.0009830305,0.0010383138,0.00094705913,0.0009482661,0.0010440955,0.0010496387,0.0010114023,0.0010525146,0.0010558376,0.0009811828,0.0010447064,0.00095872674,0.0010193596,0.0009807805,0.0009541521
2015-10-07,0.0028639892,0.0029390315,0.0029424885,0.002880902,0.002853633,0.0028709183,0.0029318193,0.0028393874,0.0028466294,0.0029387036,0.0029405812,0.0028966079,0.0029463777,0.002938793,0.002873064,0.0029346505,0.002846689,0.002907739,0.002872632,0.002866448
2015-10-08,0.0028013298,0.0028868327,0.0028952071,0.0028346935,0.0028055469,0.00281109,0.0028784135,0.0027922401,0.0027950266,0.0028909305,0.0028873095,0.0028499821,0.0028912434,0.0028909454,0.0028214017,0.0028861472,0.0027959952,0.0028516958,0.002826185,0.0028223852
2015-10-09,0.0014797309,0.0015646527,0.0015653381,0.0015039304,0.0014733681,0.0014884481,0.0015489021,0.0014618794,0.0014702985,0.0015611956,0.001562194,0.0015117088,0.0015598247,0.0015567252,0.0014936784,0.0015579024,0.0014710436,0.0015210072,0.0014987597,0.0014872709
2015-10-12,0.001976774,0.0020659575,0.0020643184,0.002007992,0.0019814381,0.0019968757,0.002056674,0.001969383,0.001974211,0.0020709792,0.002066628,0.002011449,0.002066926,0.0020587454,0.0019856552,0.002061979,0.0019750455,0.0020524124,0.0020054886,0.0020127008
2015-10-13,0.0009469399,0.0010412792,0.0010377029,0.0009895572,0.000950397,0.0009656409,0.0010361979,0.00094705913,0.00095260236,0.0010464648,0.0010457942,0.0009779194,0.0010463307,0.0010453919,0.0009610513,0.0010426501,0.0009530643,0.0010183165,0.00096416567,0.0009764293
2015-10-14,0.00095778797,0.0010572532,0.0010563442,0.0010018507,0.0009608576,0.00096660946,0.001048387,0.000958235,0.0009620199,0.0010586837,0.0010568062,0.0009983191,0.0010592053,0.0010586837,0.0009726146,0.0010563591,0.000962154,0.0010288367,0.0009973207,0.0010035494
2015-10-15,0.00094705913,0.0010471502,0.0010480741,0.0009890953,0.00095135067,0.000969992,0.0010172287,0.00094707403,0.00095366035,0.0010467181,0.001048089,0.00098312,0.0010466734,0.0010417113,0.00095865224,0.0010430077,0.00095366035,0.0010237852,0.0009619156,0.0009686956
2015-10-16,0.001561285,0.0016562352,0.0016785273,0.0016117552,0.0015701363,0.0015789429,0.0016608248,0.001563848,0.0015700022,0.0016587833,0.001666964,0.0016086409,0.0016628513,0.0016732374,0.0015640119,0.0016611377,0.0015712688,0.0016420642,0.0015956918,0.0016290704
2015-10-19,0.0014839182,0.0015876899,0.0015930692,0.0015310803,0.001488463,0.0014947811,0.0015795091,0.001485751,0.0014933059,0.0015772143,0.0015825639,0.0015269676,0.0015864978,0.001583741,0.0014859,0.0015834877,0.0014951834,0.0015610019,0.0014920244,0.0015670666
2015-10-20,0.0009441236,0.0010504583,0.0010571787,0.0009888122,0.0009507397,0.00095346663,0.0010422925,0.00094707403,0.00095348153,0.0010453174,0.0010452578,0.001017482,0.0010508904,0.0010389546,0.00094711874,0.0010468224,0.0009542415,0.0010199854,0.0009578774,0.0009967545
2015-10-21,0.00094616506,0.0010497132,0.0010528276,0.0009884546,0.0009514103,0.0009582946,0.0010429481,0.00094707403,0.0009557316,0.0010414282,0.0010442296,0.001012818,0.0010513375,0.0010412047,0.00094708893,0.00104794,0.0009592036,0.0010327259,0.0009480724,0.0009939382
2015-10-22,0.00094612036,0.0010516951,0.0010480145,0.0009889314,0.0009505758,0.00095135067,0.0010296116,0.00094707403,0.0009559849,0.0010467032,0.001045526,0.0010046521,0.0010512779,0.0010362575,0.00094710384,0.0010444233,0.000960649,0.0010341117,0.0009559849,0.0010297457
2015-10-23,0.0022079656,0.002306656,0.0023134062,0.0022491375,0.0022115866,0.0022128234,0.002299712,0.0022096494,0.0022177408,0.0023127357,0.0023167143,0.002267898,0.0023150453,0.0023137787,0.0022096494,0.002309353,0.0022197226,0.0022983113,0.0022097537,0.0022448609
2015-10-26,0.0009918222,0.0011232952,0.0010475675,0.0011611143,0.00094962213,0.0012672106,0.0010401914,0.00094707403,0.0009518722,0.0010499964,0.0010425309,0.0010278383,0.001118348,0.001055033,0.00094708893,0.0010459283,0.00095346663,0.001229913,0.00094716344,0.00097279344
2015-10-27,0.00091381464,0.0010503689,0.0010492811,0.000995324,0.0009488622,0.0009684423,0.0010566125,0.00094707403,0.00095248315,0.0010482678,0.0010360042,0.0010162154,0.0010540793,0.0010433206,0.00094708893,0.0010430077,0.0009545991,0.0010217736,0.0009686807,0.00096629653
2015-10-28,0.0027810344,0.0028995285,0.0028996775,0.0028423676,0.0027967254,0.00286913,0.002908499,0.0027957717,0.002816976,0.0028979192,0.0028939405,0.00285107,0.0028986493,0.0028968016,0.0027958015,0.0028924653,0.002817736,0.0028654048,0.0028203735,0.0028110603
2015-10-29,0.002421544,0.0025304714,0.002525256,0.0024767974,0.002427698,0.0024697492,0.0025313804,0.0024268935,0.002432839,0.002529026,0.0025274018,0.00247869,0.0025321553,0.0025205025,0.0024269084,0.0025236914,0.0024335096,0.002487407,0.0024525532,0.0024360875
2015-10-30,0.001375244,0.0014876435,0.0014349679,0.0014681229,0.0013362775,0.0015045861,0.0014419714,0.0013363669,0.0013387064,0.0014355639,0.0014486024,0.0013926486,0.0014905343,0.0014294246,0.0013363371,0.0014300654,0.0013391385,0.0014446089,0.0013639936,0.0013423571
2015-11-02,0.0021249512,0.0022316286,0.002231122,0.002172039,0.0021304945,0.002141283,0.002214388,0.0021305839,0.002132521,0.0022320608,0.002240301,0.0021842727,0.002230511,0.0022307048,0.002130554,0.0022289762,0.0021329382,0.0021913806,0.0021686414,0.0021466324
2015-11-03,0.0009441683,0.0010388354,0.0010477761,0.0009945938,0.0009469995,0.00097170565,0.0010354379,0.00094707403,0.0009552995,0.0010468224,0.0010509053,0.000988991,0.0010469118,0.0010475824,0.00094711874,0.0010446617,0.00095638726,0.0010113874,0.0009833435,0.0009516487
2015-11-04,-0.0035398891,-0.003442659,-0.0034329435,-0.0034953644,-0.0035383245,-0.003523632,-0.003441929,-0.0035383692,-0.0035316637,-0.0034352383,-0.0034364155,-0.003483384,-0.0034387102,-0.003434985,-0.003538399,-0.0034392616,-0.003530397,-0.0034641614,-0.0035049608,-0.003535702
2015-11-05,0.000989602,0.0011174092,0.0010569254,0.0011766264,0.00094710384,0.00095778797,0.0010524997,0.00094707403,0.00095255766,0.0010461668,0.0010472843,0.0012023011,0.0011153677,0.0010565827,0.00094708893,0.0010449598,0.0009530047,0.001219512,0.0009854147,0.000949041
2015-11-06,0.00091537926,0.0010502795,0.0010427544,0.0010001818,0.00094704423,0.0009492496,0.0010519633,0.00094707403,0.000949339,0.0010464797,0.0010508308,0.0010084817,0.0010544369,0.0010527829,0.00094711874,0.0010439316,0.000949488,0.001047329,0.0009860555,0.0009558359
2015-11-09,0.0023238817,0.0024371902,0.002442629,0.0023963908,0.0023399303,0.002347351,0.0024389336,0.0023399452,0.0023451606,0.0024419138,0.0024368772,0.0023917118,0.0024437318,0.002445967,0.00233996,0.0024336288,0.0023455927,0.0024250308,0.0023764828,0.0023403922
2015-11-10,0.00094083045,0.0010521719,0.0010524252,0.0010020891,0.00094705913,0.0009477595,0.0010447511,0.00094707403,0.00094962213,0.0010477463,0.001048998,0.0009889612,0.0010522017,0.0010506967,0.00094708893,0.0010413537,0.00095130596,0.0010340074,0.0009859512,0.00094734225
2015-11-11,0.0017621974,0.0018678764,0.0018173018,0.0018575946,0.0017178962,0.0017183283,0.0018098662,0.0017204145,0.0017205188,0.0018209973,0.0018143812,0.0018410692,0.0018755803,0.0018151114,0.0017179111,0.0018139789,0.0017199973,0.0018498311,0.0017541358,0.0017181197
2015-11-12,0.000943006,0.0010463605,0.001050205,0.0009941319,0.00094704423,0.00094725285,0.0010426948,0.00094994996,0.0009504268,0.0010514418,0.001044781,0.0009875903,0.0010446468,0.0010467777,0.0009470144,0.0010437081,0.00094996486,0.0010222057,0.0009841183,0.00094708893
2015-11-13,-0.00089676585,-0.00078888144,-0.0007897904,-0.000845789,-0.00089429226,-0.00089406874,-0.0007898351,-0.0008912673,-0.0008924743,-0.00079151895,-0.0007925471,-0.000833272,-0.00079686847,-0.0007946929,-0.00089420285,-0.0007975688,-0.0008921614,-0.00081340875,-0.0008590063,-0.00089417305
2015-11-16,0.0031652907,0.0033042291,0.0032165656,0.0031678835,0.003121362,0.0031214068,0.0032185325,0.0031248042,0.0031249383,0.0032225708,0.003218145,0.0035095075,0.0032943347,0.0032173852,0.0031214068,0.003215284,0.0031254897,0.0034344802,0.0033479938,0.0031214366
2015-11-17,0.000915722,0.0010491619,0.0010377774,0.0009942064,0.0009469846,0.00094714854,0.001034678,0.00096392725,0.000953258,0.0010462264,0.0010496983,0.0010005692,0.0010501305,0.0010439614,0.00094705913,0.0010412345,0.0009517828,0.0010264972,0.0009904811,0.00094708893
2015-11-18,0.0021393457,0.0022549191,0.0022316286,0.0022004852,0.0021568546,0.0021568844,0.002252818,0.0021931985,0.0021612206,0.002245293,0.0022526095,0.0022304514,0.0022588382,0.002241538,0.0021568546,0.0022513876,0.0021609971,0.0022379467,0.00219673,0.0022105882
2015-11-19,0.000980706,0.0010883072,0.0010522911,0.001029239,0.0009872774,0.0009872476,0.0010780403,0.0010212967,0.0009903768,0.0010786215,0.0010810653,0.0010537961,0.0010911832,0.0010772208,0.0009871582,0.0010779658,0.0010172734,0.0010606209,0.0010142783,0.0010095844
2015-11-20,0.0014509866,0.0015550265,0.0014690617,0.0014452646,0.0014497945,0.0014301995,0.0014950493,0.0014451751,0.0014143595,0.0014935443,0.0015032897,0.001596258,0.0015607039,0.0015009651,0.0014081756,0.001493738,0.0014366666,0.0015460411,0.0015314827,0.0014387378
2015-11-23,0.0020445297,0.0021423856,0.0021175751,0.0020845095,0.0021068016,0.0021191547,0.00213492,0.0020906935,0.0020731399,0.0021412084,0.002139897,0.0021336237,0.0021456191,0.0021311948,0.002048389,0.0021452317,0.0020867446,0.0021064887,0.002067686,0.0021130452
2015-11-24,0.00094485376,0.0010383436,0.0010159025,0.0009869346,0.0010134736,0.0010286728,0.0010387758,0.0009941319,0.00097142253,0.0010400275,0.0010426501,0.0010374496,0.0010466287,0.0010363618,0.0009469846,0.0010391632,0.0010072598,0.0009989748,0.00097398553,0.0010340372
2015-11-25,-0.00046719518,-0.00036960747,-0.00039876904,-0.00042673852,-0.00044988003,-0.0003778329,-0.00037723687,-0.00041556265,-0.00043879356,-0.00036568847,-0.00037158933,-0.0003801426,-0.000363647,-0.0003842255,-0.00046440866,-0.0003648242,-0.00040292647,-0.0003814986,-0.00044667628,-0.00041144993
2015-11-27,-0.0023342064,-0.0022407314,-0.002261906,-0.002296119,-0.0022916188,-0.0022533378,-0.002237632,-0.0022967448,-0.0023122719,-0.002240195,-0.002250745,-0.0022445759,-0.0022365889,-0.0022720387,-0.0023331335,-0.0022520265,-0.0022703698,-0.00224471,-0.00231406,-0.0022510132
2015-11-30,0.00094574783,0.0010412494,0.0010415474,0.0009815255,0.0010121474,0.0009750882,0.0010493109,0.0009912113,0.00095757935,0.0010385672,0.0010417262,0.0010273764,0.0010429928,0.0010281065,0.00094705913,0.0010419944,0.0010233978,0.0010177651,0.00096783135,0.001049907
2015-12-01,0.0009465674,0.0010416517,0.0010303119,0.0009838352,0.0010299692,0.00096805487,0.0010423819,0.0009966353,0.0009580264,0.0010411898,0.0010400126,0.001031057,0.001038433,0.0010053674,0.00094702933,0.0010396698,0.000999988,0.0010211924,0.00096146856,0.0010381648
2015-12-02,0.0021477798,0.0022291401,0.002235339,0.002186478,0.0022173682,0.0021653632,0.0022459934,0.0022294829,0.0021585682,0.0022390196,0.0022455165,0.0022346387,0.002243177,0.0022105733,0.002148197,0.0022399733,0.00221184,0.0022147754,0.0021639774,0.0022438327
2015-12-03,0.00083164964,0.0009258548,0.00091254804,0.0008681873,0.00085726473,0.0008518109,0.00092533324,0.000875921,0.0008415887,0.00092174206,0.0009311149,0.0009193281,0.000924469,0.00091894064,0.00083188806,0.00093056355,0.0008874396,0.0009083906,0.00084862206,0.0009031454
2015-12-04,0.00094726775,0.001023368,0.0010323087,0.0009803036,0.0009671161,0.0009688297,0.0010375837,0.0009882012,0.0009530345,0.0010385374,0.0010434249,0.0010467628,0.0010479102,0.0010401169,0.00094707403,0.0010431865,0.0009983638,0.0010454068,0.0009636888,0.0009999583
2015-12-07,0.002096803,0.0021692077,0.002166585,0.0021311054,0.002188743,0.0021082768,0.002189801,0.002145053,0.0021032998,0.0021884749,0.0021896819,0.0021953294,0.0021990398,0.002165989,0.002097712,0.0021886239,0.0021511922,0.0021806369,0.0021128217,0.0021775672
2015-12-08,0.0015200386,0.0015987912,0.0015991637,0.0015649507,0.0015497366,0.001529933,0.0016113827,0.0015684227,0.0015264908,0.0015909532,0.0016183415,0.0016168961,0.0016238103,0.0016026804,0.0015220204,0.0016182968,0.0015865574,0.0016158381,0.0015307972,0.0016140053
2015-12-09,0.0010383287,0.001114578,0.0011101076,0.0010776678,0.0011197934,0.0010552267,0.0011319825,0.0010861615,0.0010446915,0.0011284361,0.0011313865,0.0011344561,0.0011430243,0.0011150697,0.0010386268,0.0011330554,0.0011105547,0.0011282722,0.0010660598,0.001124383
2015-12-10,0.0022932598,0.0023622373,0.0023546675,0.0023352364,0.0023078034,0.0023133764,0.0023885975,0.0023588846,0.002301068,0.0023861388,0.0023887018,0.0023244778,0.0023973892,0.0023656348,0.0022934536,0.0023897747,0.0023396024,0.0023853788,0.0023237923,0.002341614
2015-12-11,0.00094720814,0.0010266462,0.001026825,0.0009868303,0.00095737074,0.00095360074,0.0010414878,0.0010031471,0.00095222984,0.00104493,0.0010457048,0.00096796546,0.0010515163,0.0010284344,0.00094705913,0.0010465095,0.0009928206,0.0010376135,0.0009761164,0.0010313699
2015-12-14,0.001751692,0.0018302212,0.0018256316,0.0017968128,0.0017545233,0.0017562816,0.0018531838,0.0018401751,0.0017556557,0.0018578032,0.0018510083,0.0017684111,0.0018571625,0.0018490413,0.0017518261,0.0018502036,0.0017760107,0.0018530944,0.0017761299,0.0017788121
2015-12-15,0.00094702933,0.0010207305,0.0010310719,0.0010021636,0.0009541819,0.0010341415,0.001040847,0.001022906,0.00097413454,0.0010469416,0.0010472843,0.0010197917,0.0010442743,0.0010466734,0.0010328153,0.0010362873,0.0009662518,0.0010232935,0.0009840736,0.0009668479
2015-12-16,0.001774014,0.0018601129,0.0018622736,0.0018244842,0.0017752061,0.0018688301,0.0018713931,0.0018557021,0.0018049786,0.0018781284,0.0018742392,0.0018420378,0.0018720636,0.0018659392,0.0017869929,0.0018709907,0.001788632,0.001846672,0.0017862478,0.001789839
2015-12-17,0.0010768631,0.0011582831,0.0011611739,0.0011280486,0.001077638,0.0011635432,0.0011712173,0.0011448124,0.0011105994,0.0011728713,0.0011724541,0.0011383602,0.0011678645,0.0011403272,0.0011227885,0.001166732,0.0010885457,0.0011499533,0.0010995129,0.0010898123
2015-12-18,0.00062807,0.000711889,0.000713394,0.00067541096,0.00062881503,0.00072032306,0.0007222006,0.00070624147,0.00066048,0.0007211277,0.00071524177,0.000687466,0.000720636,0.00068833027,0.0006591985,0.00071877334,0.00063154195,0.0007092664,0.00064341817,0.00063012633
2015-12-21,0.00041823182,0.0005078027,0.00051719043,0.00046186242,0.00041836593,0.00051589403,0.000520424,0.0005117217,0.00047923718,0.0005194852,0.0005129138,0.00046759937,0.0005132565,0.00047074351,0.00046245847,0.0005141655,0.0004192153,0.00048819277,0.0004397342,0.0004192451
2015-12-22,0.00094722304,0.0010337839,0.0010363618,0.0009889314,0.00094711874,0.0010415474,0.0010393867,0.001015232,0.0010023871,0.0010414282,0.0010386715,0.0010013441,0.0010365704,0.0010086307,0.0010014037,0.0010409364,0.0009477297,0.0010086754,0.0009608576,0.0009477297
2015-12-23,0.0011467943,0.0012337724,0.0012433538,0.0011850903,0.0011467198,0.0012455294,0.0012408206,0.0012417892,0.0011959532,0.0012367079,0.0012371996,0.0012225816,0.0012395391,0.001217992,0.0011968026,0.0012402097,0.0011653015,0.0012060562,0.0011608461,0.0012193331
2015-12-24,0.00094722304,0.0010315934,0.001018242,0.0009879926,0.00094702933,0.0010352144,0.001034976,0.0010326812,0.0009981105,0.0010406831,0.0010414133,0.0010186294,0.0010358253,0.0009737918,0.0010153363,0.0010423819,0.0009684274,0.0009882459,0.000954614,0.0010103593
2015-12-28,-0.00028347876,-0.00019514468,-0.0002120575,-0.00023803022,-0.0002828231,-0.00020031538,-0.00019757356,-0.00020925608,-0.00022184756,-0.0001954874,-0.00019778218,-0.00022463407,-0.00019518938,-0.0002620956,-0.00021837559,-0.00019012298,-0.00026494171,-0.00022548344,-0.00027473178,-0.00022400822
2015-12-29,0.0009470144,0.0010284344,0.0010304758,0.000993968,0.00094702933,0.0010325024,0.0010386119,0.0010110596,0.0010011801,0.0010414133,0.0010335455,0.0010115961,0.0010368684,0.0009633312,0.0010293582,0.0010384182,0.00097280834,0.001016424,0.00095506106,0.0009489367
2015-12-30,0.00094705913,0.0010316828,0.0010349462,0.000994564,0.00094704423,0.0010350505,0.0010391185,0.0009997198,0.0009958455,0.0010419497,0.0010351548,0.0010195831,0.00103739,0.000961707,0.0010070512,0.0010408768,0.0009808699,0.0010362575,0.0009542713,0.0009520063
2015-12-31,0.0017190138,0.0018001804,0.0018283436,0.0017697671,0.0017188648,0.0018036971,0.0018182406,0.0017666528,0.001771749,0.0018119523,0.0018144706,0.0017891834,0.0018122206,0.0017194757,0.0017761448,0.0018138001,0.0017423043,0.0017814199,0.001723961,0.001729832
2016-01-04,-0.0012625298,-0.001181378,-0.001151978,-0.0012184223,-0.0012627682,-0.0011813482,-0.0011603227,-0.0012165895,-0.0012069931,-0.0011648228,-0.0011593392,-0.001195847,-0.0011805883,-0.0012623807,-0.0011992147,-0.0011646589,-0.0012390902,-0.0011995425,-0.0012422344,-0.0011649719
2016-01-05,0.0009467909,0.0010274062,0.0010597417,0.0009895572,0.00094707403,0.0010495344,0.0010450194,0.0010348419,0.0009962479,0.0010458389,0.0010503391,0.0010520229,0.0010394016,0.00094725285,0.0010072896,0.0010436187,0.0010395357,0.0010185102,0.0009724805,0.001035572
2016-01-06,0.0027017007,0.0027911374,0.0028064558,0.0027485648,0.0027024308,0.0028016726,0.002786697,0.0027892748,0.0027450332,0.002798573,0.0028053382,0.00280808,0.0027966956,0.0027024457,0.0028088102,0.0027953694,0.0027983347,0.0027839402,0.0027280012,0.0027716467
2016-01-07,0.0009468207,0.0010399083,0.0010429928,0.0009950856,0.00094708893,0.001050652,0.0010392824,0.0010308186,0.0009893337,0.0010493705,0.0010469565,0.0010495344,0.0010485509,0.00094711874,0.0010222653,0.0010445276,0.00097179506,0.0010167519,0.000978292,0.0010083625
2016-01-08,0.0022680322,0.0023658434,0.0023619095,0.0023130635,0.0022690007,0.0023771385,0.002366201,0.002362446,0.0023109177,0.0023736665,0.0023728618,0.0023707459,0.002373607,0.0022690007,0.0023660967,0.002367855,0.0022837082,0.0023469934,0.0023059705,0.0023431638
2016-01-11,0.0017635534,0.0018643299,0.0018571177,0.0018112669,0.0017642388,0.001864777,0.0018628547,0.0018522451,0.0018033842,0.0018692026,0.0018651793,0.0018468807,0.0018668035,0.0017642388,0.0018675784,0.0018639127,0.0017756382,0.0018440345,0.0018018195,0.0018308023
2016-01-12,0.00094723795,0.0010455707,0.0010399381,0.0009946236,0.00094705913,0.0010502199,0.001045824,0.0010370472,0.0009875754,0.0010515759,0.0010484019,0.0010286132,0.0010449896,0.0009469697,0.0010478059,0.0010499964,0.0009582648,0.0010409812,0.0009787539,0.0010182122
2016-01-13,0.00094716344,0.001048536,0.0010443786,0.0009933123,0.00094704423,0.0010508308,0.0010458836,0.0010427097,0.0009881714,0.0010538558,0.0010525445,0.0010329494,0.0010476867,0.0009469548,0.0010610679,0.0010498622,0.00094865356,0.0010424415,0.0009810487,0.0010258714
2016-01-14,0.0015021125,0.0015992532,0.0015853951,0.0015450278,0.0015019486,0.0016024122,0.0015970627,0.001590983,0.0015421519,0.001586766,0.0016047964,0.0015838752,0.0016005794,0.0015019188,0.0016004303,0.0015971968,0.0015028873,0.001592637,0.0015126178,0.0015691677
2016-01-15,0.00094717834,0.0010437081,0.0010363171,0.0009984234,0.00094708893,0.0010490427,0.0010458091,0.0010373155,0.0009901384,0.0010402808,0.0010490129,0.0010314146,0.0010449449,0.0009469846,0.0010475824,0.0010464052,0.0009477148,0.0010386715,0.00095744524,0.0010238597
2016-01-19,0.0023859749,0.0024794945,0.0024767825,0.0024363706,0.002385945,0.0024858871,0.002483935,0.0024787197,0.0024293968,0.0024874816,0.0024836073,0.0024698535,0.0024782876,0.0023859898,0.002483637,0.0024820277,0.0023863325,0.0024771104,0.0023934403,0.0024746666
2016-01-20,0.0009466717,0.001040251,0.0010444233,0.0009986171,0.00094708893,0.0010524401,0.0010465691,0.0010475675,0.0009885589,0.0010421732,0.0010478953,0.0010355422,0.0010412494,0.0009470144,0.0010440359,0.0010428736,0.00094729755,0.0010411153,0.00095604453,0.0010303566
2016-01-21,0.0023507485,0.0024455497,0.0024365345,0.0024048546,0.0023511956,0.0024517337,0.0024512121,0.0024372647,0.002397881,0.0024558464,0.002454401,0.002422438,0.00244476,0.0023511508,0.002449722,0.002449588,0.0023512999,0.0024361322,0.002351136,0.002416701
2016-01-22,0.0009468803,0.0010428736,0.0010345438,0.0009970376,0.00094710384,0.0010473588,0.0010455856,0.0010403702,0.0009923289,0.0010444531,0.0010443786,0.0010191062,0.0010429481,0.0009469995,0.0010489831,0.0010465244,0.00094713364,0.001033173,0.00094702933,0.0010219971
2016-01-25,0.0019634673,0.0020608017,0.002058656,0.0020096162,0.0019634822,0.0020696977,0.0020655403,0.0020521292,0.0020093927,0.0020542154,0.002064065,0.0020498196,0.0020613233,0.0019634375,0.0020665089,0.002060623,0.0019635716,0.0020500282,0.0019634971,0.0020517865
2016-01-26,0.00094623957,0.001044915,0.0010446319,0.0009897063,0.00094705913,0.0010538707,0.0010498771,0.0010407129,0.000990794,0.0010255435,0.0010489831,0.0010434249,0.0010505179,0.0009469697,0.0010469267,0.0010465989,0.00094711874,0.0010451237,0.00094732735,0.0010106424
2016-01-27,-0.000845789,-0.00074803736,-0.0007450273,-0.00080302265,-0.0008457443,-0.00074276235,-0.0007446846,-0.0007423749,-0.0008012643,-0.0007448783,-0.0007446399,-0.0007473221,-0.00073890295,-0.0008457145,-0.00073867943,-0.0007469943,-0.00084568467,-0.00074681547,-0.0008456996,-0.00079931226
2016-01-28,0.0011704573,0.0012682537,0.0012729475,0.0012144605,0.0011711279,0.0012747953,0.0012716213,0.0012719193,0.001215742,0.0012735883,0.0012755403,0.0012684176,0.0012775669,0.0011710534,0.0012762258,0.0012690583,0.0011713663,0.0012783417,0.0011710832,0.0012267241
2016-01-29,0.0024847696,0.0025736252,0.0025777975,0.002523304,0.0024847994,0.00257969,0.0025834749,0.0025476078,0.002522842,0.0025909105,0.0025856653,0.0025759349,0.0025887797,0.0024848143,0.0025913725,0.0025815377,0.0024857232,0.0025941888,0.0024847845,0.0025205472
2016-02-01,0.0019774446,0.00208594,0.002078385,0.0020142058,0.001977251,0.0020801732,0.0020749131,0.0020662853,0.0020171562,0.0020839283,0.0020811716,0.0020687291,0.0020646462,0.0019772062,0.0020420859,0.0020754496,0.0019780705,0.0020846138,0.0019775638,0.0020534853
2016-02-02,0.00094710384,0.0010447362,0.0010422925,0.0009820769,0.00094708893,0.0010493109,0.0010428736,0.0010338435,0.0009851316,0.0010466436,0.0010497877,0.0010216543,0.001039342,0.0009469995,0.0010520527,0.0010451386,0.0009481767,0.0010669837,0.00094713364,0.0010167817
2016-02-03,0.00094613526,0.0010483423,0.0010323534,0.0009812573,0.00094744656,0.001053811,0.001046733,0.0010377178,0.0009864429,0.0010522017,0.0010513375,0.0010278979,0.0010429481,0.0009469697,0.0010600695,0.0010458538,0.0009480724,0.0010685334,0.00094707403,0.0010181675
2016-02-04,0.000946925,0.0010488639,0.0010485509,0.000986875,0.00094746146,0.0010587433,0.0010455111,0.0010453323,0.0009864131,0.0010460475,0.0010565827,0.0010378221,0.001047329,0.00094702933,0.0010623494,0.0010441998,0.00094866846,0.0010662237,0.00094711874,0.0010136226
2016-02-05,0.0009468505,0.0010420093,0.0010490427,0.0009891698,0.0009476105,0.0010559121,0.0010436038,0.0010490278,0.0009869793,0.0010501156,0.0010496685,0.0010412643,0.0010568509,0.00094743166,0.0010662833,0.0010419646,0.0009478787,0.0010561803,0.00094704423,0.0010109553
2016-02-08,0.0019723782,0.0020630667,0.0020627389,0.002016441,0.0019730935,0.0020819614,0.0020695636,0.0020738104,0.002012075,0.0020511905,0.002074645,0.0020691464,0.0020785937,0.0019733617,0.0020796368,0.002064527,0.0019985298,0.0020803967,0.0019728402,0.0020317743
2016-02-09,0.00094728265,0.0010423223,0.0010393718,0.0009883652,0.0009501735,0.0009873668,0.0010415176,0.0010488192,0.00096409116,0.0010076175,0.0010455707,0.0010311464,0.0010507712,0.00094843004,0.0010551075,0.0010346333,0.0009503076,0.0010594437,0.00094707403,0.0010131607
2016-02-10,0.0009465972,0.0010475228,0.0010424564,0.0009928057,0.00094883237,0.0009657005,0.0010423372,0.0010503391,0.00095906947,0.0010137716,0.0010529766,0.0010458985,0.0010423968,0.0009481171,0.0010489384,0.0010381946,0.00094863866,0.001059548,0.00094720814,0.0009911666
2016-02-11,0.00094708893,0.0010494748,0.0010433504,0.0009963373,0.0009482214,0.0009908685,0.0010430673,0.0010475973,0.0009662369,0.0010104338,0.001055629,0.0010427544,0.0010389099,0.0009489069,0.0010505626,0.0010380456,0.00094871316,0.0010609934,0.00094710384,0.0009881714
2016-02-12,0.002498255,0.002599136,0.0026000598,0.002542914,0.002498881,0.0025181482,0.00259778,0.0025987485,0.002530993,0.0025727013,0.0026040087,0.0025997022,0.0025946358,0.0025002519,0.0026044408,0.0025949338,0.0025134096,0.0026086876,0.0024983296,0.0026038
2016-02-16,0.0026931623,0.0027913908,0.0027935067,0.0027365098,0.0026961574,0.0027205804,0.0027926276,0.0027974555,0.002714024,0.0027671764,0.0027992288,0.0027959952,0.002791942,0.0026969174,0.0027943263,0.0027896473,0.002693371,0.0028018067,0.0026932964,0.0027728537
2016-02-17,0.00094714854,0.0010387311,0.00104493,0.000990794,0.00094720814,0.0009674588,0.0010440359,0.0010426203,0.0009644339,0.0010172734,0.0010509947,0.0010470757,0.0010471502,0.00094983075,0.0010520676,0.0010447362,0.00094716344,0.0010556141,0.00094716344,0.0010244409
2016-02-18,0.00094452593,0.0010463903,0.0010490278,0.00097064767,0.00094714854,0.00096641574,0.0010481635,0.0010483423,0.00097155664,0.0010171989,0.0010502944,0.0010548094,0.001050056,0.0009506503,0.0010545412,0.0010494152,0.00094711874,0.0010570297,0.00094843004,0.0010385672
2016-02-19,0.0027142325,0.0027742395,0.0027735243,0.0030088434,0.0026691863,0.0030034045,0.0027715573,0.002874569,0.0026825229,0.0027478794,0.0027728388,0.0027677575,0.0027725855,0.0029957006,0.002779589,0.0027697245,0.002670274,0.0027764896,0.0029942999,0.0026907483
2016-02-22,0.002082334,0.0022213021,0.0022167424,0.0021457681,0.00211458,0.0021421323,0.002203972,0.0022243569,0.0021240124,0.002197788,0.002212719,0.00220804,0.0022149095,0.0021343539,0.0022260854,0.002212734,0.0021182755,0.002218158,0.002132059,0.0021344433
2016-02-23,0.0009313235,0.0010556886,0.0010441253,0.0009673545,0.00094707403,0.0009711841,0.0010377625,0.0010532895,0.00095649157,0.0010354826,0.0010450641,0.0010291049,0.0010501007,0.0009580264,0.0010562548,0.0010479698,0.0009504119,0.0010513375,0.0009555379,0.00096286926
2016-02-24,0.0028171698,0.0029275725,0.00292115,0.0028373608,0.002823026,0.0028430829,0.002906994,0.0029284665,0.0028298507,0.0029055336,0.0029180953,0.0029069046,0.0029226998,0.00283748,0.002931849,0.0029212693,0.0028257528,0.0029272446,0.0028366456,0.0028764466
2016-02-25,0.0009854743,0.0010449896,0.0010486702,0.0011160979,0.00094705913,0.0010963539,0.001033918,0.0010995576,0.0009480277,0.0010238001,0.0010435143,0.0010008523,0.0010459283,0.0010932544,0.0010540495,0.0010433802,0.00095482264,0.0010504434,0.0010928074,0.0010288218
2016-02-26,0.0028176317,0.002916501,0.0029205391,0.0028466294,0.0028211186,0.0028301338,0.0029159496,0.0029055933,0.0028230408,0.0029004375,0.0029198388,0.002879248,0.0029189,0.0028223852,0.0029270807,0.002914072,0.002830104,0.0029229978,0.0028210739,0.0029039392
2016-02-29,0.00094492827,0.0010405043,0.0010409066,0.00098312,0.00094705913,0.0009736279,0.001047642,0.001026825,0.00095135067,0.001030759,0.0010478208,0.0009993771,0.0010323236,0.00094987545,0.001056374,0.0010389546,0.0009578774,0.0010532001,0.00094702933,0.0010273317
2016-03-01,0.0009456584,0.0010406384,0.0010450343,0.0009826878,0.00094705913,0.0009620646,0.001050354,0.0010262439,0.00094723795,0.0010273913,0.0010509053,0.0009915093,0.0010481039,0.00094862375,0.001057283,0.0010390589,0.000952051,0.0010565678,0.00094744656,0.0009761909
2016-03-02,0.00094604585,0.0010435143,0.0010497877,0.0009956518,0.00094705913,0.0009555528,0.0010507861,0.0010334859,0.00094713364,0.0010268549,0.001048089,0.0010202238,0.0010513673,0.00094877277,0.0010563442,0.0010374794,0.0009530941,0.0010558376,0.0009477148,0.00096266065
2016-03-03,0.0009466568,0.0010439912,0.0010484764,0.0009948919,0.00094702933,0.0009813318,0.0010511288,0.0010065595,0.0009516487,0.0010246644,0.0010511288,0.0010325918,0.0010495344,0.00095109735,0.0010541687,0.001036779,0.00095757935,0.0010544965,0.00094719324,0.0009597549
2016-03-04,0.0009467015,0.0010466287,0.0010486105,0.0009978572,0.00094705913,0.00097429845,0.001041905,0.0010333965,0.0009476552,0.001017929,0.0010467181,0.0010109106,0.0010540346,0.0009507844,0.0010530064,0.0010408768,0.0009529153,0.0010537812,0.00094723795,0.00095892046
2016-03-07,0.0022378871,0.002339379,0.0023273984,0.0022920826,0.0022381106,0.0022587785,0.0023376504,0.0023212442,0.0022411803,0.0023148218,0.002331526,0.0022913227,0.002333478,0.002240763,0.0023399452,0.002328829,0.002242417,0.0023426572,0.0022389302,0.0022391686
2016-03-08,0.0009467015,0.0010427544,0.0010384033,0.0010023871,0.00094704423,0.00095769856,0.0010484019,0.0010454962,0.0009493986,0.0010192851,0.0010454813,0.0009949515,0.0010458538,0.0009491006,0.0010519633,0.0010405788,0.00095096324,0.0010548094,0.0009475807,0.0009477744
2016-03-09,0.0017066905,0.0017988989,0.0018033395,0.0017633298,0.0017071227,0.0017285058,0.0018086443,0.0017986754,0.0017145881,0.0017815242,0.0018026838,0.0017573992,0.001805068,0.0017110268,0.0018122802,0.0017963806,0.0017162869,0.001813502,0.0017078826,0.0017076293
2016-03-10,0.0016797194,0.0017711828,0.0017746696,0.0017355988,0.0016798386,0.0017259279,0.001784117,0.0017712722,0.0016917,0.001751841,0.0017703334,0.0017271796,0.0017784098,0.0016827593,0.0017865011,0.0017686943,0.0016931603,0.0017870227,0.0016805092,0.0016800473
2016-03-11,0.0013944218,0.0014096061,0.0014158646,0.0013740519,0.001318262,0.0013559619,0.0014225254,0.0014099339,0.0013216892,0.0013898024,0.0014073709,0.0013613859,0.0014180103,0.0013436833,0.0014284411,0.001411722,0.0013440559,0.0014252821,0.0013429681,0.0013184855
2016-03-14,0.0010472247,0.0010481039,0.0010481337,0.0009994367,0.0009470144,0.0009824494,0.0010481635,0.0010473887,0.0009490559,0.0010208944,0.0010383287,0.0009906897,0.0010463307,0.0009762803,0.0010519186,0.001042203,0.000978143,0.001056374,0.000975878,0.00094707403
2016-03-15,0.0010536322,0.0010427842,0.001045377,0.0009990791,0.00094705913,0.0009849081,0.0010482529,0.0010471055,0.0009501288,0.0010202685,0.0010465095,0.0009960989,0.0010472098,0.0009772191,0.0010462413,0.0010459134,0.0009787837,0.001055018,0.0009771595,0.00094713364
2016-03-16,0.0027807513,0.002805234,0.0028078416,0.0027628252,0.0027102092,0.002759249,0.0028096894,0.0028097192,0.0027174363,0.002781571,0.0028143385,0.002762244,0.0028077075,0.0027319202,0.0028031776,0.0028044889,0.0027332762,0.0028120289,0.002732099,0.0027102837
2016-03-17,-0.00034241285,-0.0003417125,-0.00034117606,-0.00038099196,-0.0004314473,-0.00039273407,-0.00032994058,-0.00033736136,-0.0004316559,-0.00036311056,-0.00032700505,-0.00037845876,-0.00033083465,-0.00039736833,-0.00033359136,-0.0003342172,-0.00039794948,-0.00032192376,-0.00039404538,-0.0004314622
2016-03-18,0.0022223005,0.0022301981,0.0022283802,0.0021779845,0.002130122,0.002169595,0.0022336254,0.002231137,0.0021300325,0.0021954337,0.002232791,0.0021757642,0.0022306154,0.0021664957,0.002227218,0.0022291997,0.002165855,0.0022370676,0.0021692822,0.0021300474
2016-03-21,0.002107815,0.0021114359,0.0021170387,0.0020625899,0.0020157406,0.002054737,0.0021185586,0.00211005,0.0020156512,0.0020987252,0.0021198401,0.0020543197,0.002115504,0.0020503858,0.0021089772,0.0021103183,0.0020501176,0.0021174857,0.0020543793,0.0020157108
2016-03-22,0.001050041,0.0010409663,0.0010520378,0.0009927312,0.0009469697,0.0009918818,0.0010503242,0.0010503689,0.0009470144,0.0010059932,0.0010509202,0.0009894678,0.0010460028,0.0009783367,0.0010391185,0.0010397593,0.0009796331,0.0010503391,0.0009822259,0.00094702933
2016-03-23,0.0010373155,0.0010400573,0.0010509649,0.0009927163,0.0009470144,0.0009871284,0.001050056,0.0010429034,0.00094702933,0.0010085115,0.0010508606,0.0010074237,0.0010465989,0.0009799162,0.0010441402,0.0010388503,0.0009786198,0.0010532448,0.0009828964,0.00094707403
2016-03-24,-0.0008755913,-0.0008730581,-0.0008640131,-0.0009180149,-0.0009678295,-0.00092619564,-0.00086210575,-0.0008779308,-0.0009678295,-0.0009118011,-0.00086577144,-0.00090560224,-0.0008676341,-0.0009330502,-0.0008666804,-0.0008732071,-0.000934585,-0.00085811224,-0.0009284308,-0.0009678444
2016-03-28,0.00103663,0.0010449598,0.001041905,0.0009923885,0.0009469846,0.000987486,0.0010480294,0.0010339925,0.00094704423,0.00101477,0.001045079,0.0010172883,0.0010465244,0.0009796778,0.0010483125,0.0010428438,0.0009782026,0.0010517398,0.0009835223,0.0009470144
2016-03-29,0.0010561058,0.0010273615,0.0010471204,0.0009864727,0.00094705913,0.0009913454,0.0010455856,0.0010423968,0.00094705913,0.0010174075,0.001042665,0.0010382542,0.0010448257,0.0009872476,0.0010517547,0.0010440359,0.0009846101,0.0010267356,0.0009862045,0.00094702933
2016-03-30,0.0010463307,0.0010443637,0.0010484168,0.0009874711,0.0009469995,0.0009882161,0.0010498622,0.0010528574,0.00094705913,0.0010223249,0.0010451684,0.0010531256,0.0010423223,0.000983865,0.0010503838,0.0010357955,0.0009811083,0.0010298947,0.0009838352,0.00094702933
2016-03-31,0.001057432,0.0010510841,0.0010513077,0.00096771214,0.0009470144,0.0009910027,0.0010511437,0.001057596,0.00094705913,0.001030446,0.0010491768,0.00105849,0.001050652,0.0009883055,0.0010534385,0.0010475526,0.0009851316,0.001025931,0.0009854296,0.0009469846
2016-04-01,0.0022293637,0.0022363076,0.0022386024,0.0021468857,0.002153919,0.0021724114,0.0022370974,0.0022372464,0.0021312395,0.0022230009,0.0022346238,0.0022436092,0.002234147,0.002169014,0.0022331933,0.0022328952,0.0021658102,0.0022236565,0.0021688053,0.0021312097
2016-04-04,0.001032562,0.001051099,0.0010605613,0.0009607235,0.0009491453,0.0009853998,0.0010551224,0.0010611573,0.00094705913,0.0010224888,0.0010542879,0.0010516653,0.0010512033,0.0009835372,0.0010476867,0.0010489533,0.0009803781,0.0010523805,0.0009856084,0.00094708893
2016-04-05,0.0010236511,0.0010488043,0.001052768,0.0009580413,0.0009478191,0.0009942958,0.0010460475,0.0010491619,0.00094705913,0.0010250518,0.0010533342,0.0010438869,0.0010506222,0.0009777406,0.0010427991,0.001053662,0.0009745518,0.0010527084,0.0009816745,0.00094704423
2016-04-06,0.0016710917,0.0016513029,0.0016708383,0.0015665302,0.0015656361,0.0016079703,0.0016663978,0.0016725371,0.0015648464,0.0016362974,0.0016667405,0.001662136,0.0016649375,0.0016081193,0.0016587982,0.0016632834,0.0016035894,0.0016669789,0.0016076723,0.0015647868
2016-04-07,0.0010481039,0.0010402957,0.0010489086,0.00094750617,0.0009570727,0.0009873668,0.001049907,0.0010492513,0.00094705913,0.0010171244,0.0010496983,0.0010465691,0.0010492215,0.0009863386,0.0010508904,0.0010462711,0.0009820471,0.0010516504,0.0009864131,0.00094708893
2016-04-08,0.0010348866,0.001043261,0.0010422925,0.00094734225,0.00094710384,0.0009873221,0.0010462264,0.0010385374,0.00094705913,0.0010278681,0.0010484764,0.0010462711,0.0010496238,0.0009802142,0.0010494599,0.001047031,0.0009771893,0.0010515908,0.000983254,0.00094702933
2016-04-11,0.002846525,0.0028408924,0.0028474638,0.0027456293,0.0027455399,0.0027899453,0.0028512785,0.0028496543,0.0027454952,0.002818794,0.0028451988,0.0028485367,0.0028470168,0.0027819732,0.0028538713,0.0028435895,0.00277792,0.0028446922,0.0027806768,0.0027454654
2016-04-12,0.0010560313,0.0010520378,0.0010544518,0.00094717834,0.00094704423,0.0009899745,0.0010533491,0.0010541687,0.00094705913,0.0010181228,0.0010506967,0.0010479996,0.0010503987,0.000991852,0.0010573873,0.0010476122,0.000987039,0.0010511288,0.0009862045,0.0009469995
2016-04-13,0.0014836648,0.0014077881,0.0014443258,0.001330615,0.0013305554,0.0014309147,0.0014322558,0.0014409432,0.0013305852,0.0014131228,0.0014306167,0.0014301548,0.001430721,0.0013717571,0.001419575,0.0014266083,0.0013698051,0.0014230916,0.0013679722,0.0013305405
2016-04-14,0.0010462413,0.0010428587,0.0010590712,0.0009492794,0.000946925,0.0010438869,0.0010418603,0.0010617981,0.00094705913,0.0010235021,0.0010412643,0.0010420242,0.0010444531,0.0009894082,0.0009991983,0.0010431418,0.0009817192,0.001037092,0.0009792754,0.00094702933
2016-04-15,0.0017729411,0.001764969,0.0017729411,0.0016629556,0.001661838,0.0017726729,0.0017567882,0.0017632255,0.0016619125,0.0017300854,0.0017593512,0.001761944,0.0017604837,0.0017359713,0.0017236033,0.0017571459,0.0017019967,0.001760141,0.0016954402,0.0016619274
2016-04-18,0.0024391273,0.002435238,0.0024415562,0.002336801,0.0023361007,0.0024461308,0.0024365494,0.0024455348,0.0023361454,0.0024079988,0.0024359385,0.0024436126,0.0024318108,0.0024115006,0.0024178186,0.0024348805,0.0023737708,0.0024279365,0.0023667822,0.0023361752
2016-04-19,0.0010209987,0.0010490129,0.0010361681,0.0009477148,0.0009470144,0.0010534385,0.0010517547,0.001053826,0.00094705913,0.0010184208,0.0010452578,0.00105472,0.0010463456,0.0010216543,0.0010542134,0.0010449747,0.0009856084,0.0010470608,0.000979648,0.0009469846
2016-04-20,0.0010311911,0.001049594,0.0010467479,0.00097045396,0.0009469846,0.001055182,0.0010535279,0.0010541091,0.00094705913,0.0010324577,0.0010535279,0.0010548094,0.0010470608,0.0010238299,0.0010554502,0.0009927312,0.0009855637,0.0010574469,0.000980855,0.0009469995
2016-04-21,0.0010235319,0.001041607,0.0010441849,0.00094963703,0.0010240087,0.0010561058,0.0010380903,0.0010554353,0.00094705913,0.001020343,0.0010488192,0.0010559121,0.0010479847,0.0010343948,0.0010647336,0.0010311911,0.0009874562,0.0010615597,0.0009802738,0.00094708893
2016-04-22,0.000999243,0.001036481,0.0010465542,0.000963659,0.0010424266,0.0010567615,0.0010334561,0.0010459879,0.00094707403,0.0010429183,0.0010478804,0.0010555396,0.0010467628,0.0010329792,0.001044915,0.0010392079,0.000985981,0.0010458985,0.0009842524,0.00094707403
2016-04-25,0.0010155151,0.0010313103,0.0010539601,0.00097151194,0.0010433951,0.001055182,0.0010264078,0.0010439018,0.00094707403,0.0010197619,0.0010452578,0.001053066,0.0010460326,0.0010548839,0.0010444978,0.0010405043,0.0009870538,0.0010375539,0.0009881416,0.00094702933
2016-04-26,0.00095255766,0.0010236362,0.0010515312,0.000987933,0.0010476718,0.0009939382,0.0010240534,0.0010458687,0.00094707403,0.0010141144,0.0010465393,0.0010551969,0.0010449002,0.0010571638,0.0010478953,0.0010400722,0.0009798566,0.001037077,0.0009843567,0.00094708893
2016-04-27,0.0021242956,0.0021360526,0.002152742,0.0020780126,0.002150015,0.0021396438,0.0021264562,0.002155424,0.0020525167,0.0021308223,0.0021464685,0.0021553198,0.0021487782,0.002127082,0.0021517882,0.0021445313,0.002087132,0.0021500895,0.0020845989,0.0020525167
2016-04-28,0.002176539,0.0021891603,0.0022110203,0.002154679,0.0022096196,0.0022091875,0.0021812478,0.002215446,0.0021086792,0.002182738,0.0022061327,0.0022142688,0.0022070864,0.0022094408,0.0022068927,0.0021972964,0.00214623,0.0022013048,0.0021419087,0.0021086344
2016-04-29,0.0010098973,0.0010258565,0.0010464499,0.0009852806,0.0010374645,0.0010353783,0.0010134438,0.0010554651,0.00094707403,0.0010240981,0.001042367,0.0010414878,0.0010446319,0.0010132352,0.0010514716,0.0010397444,0.000983716,0.0010486254,0.00097935,0.00094702933
2016-05-02,0.002378122,0.0023651132,0.002385215,0.002316759,0.0023758719,0.0023841271,0.0023762295,0.0023877332,0.0022790888,0.0023570666,0.0023828158,0.00236258,0.0023798058,0.0023522386,0.0023811916,0.0023806551,0.0023146728,0.0023709694,0.0023026476,0.0022790441
2016-05-03,0.00096899364,0.0010215053,0.001060293,0.0010249177,0.0010472694,0.0010428736,0.0010484913,0.0010591308,0.00094707403,0.0010187337,0.0010469714,0.0010279277,0.0010436485,0.0010274807,0.0010413984,0.001036928,0.0009798417,0.0010322044,0.00097550545,0.00094705913
2016-05-04,0.001685814,0.0017020414,0.0017347941,0.001671792,0.0017120251,0.001711444,0.0017344663,0.0017346749,0.0016243318,0.0017124126,0.0017174045,0.0016701529,0.0017234394,0.001682804,0.001716421,0.0017159441,0.0016597817,0.001712353,0.0016414085,0.0016243318
2016-05-05,0.0010302672,0.0010316828,0.0010547349,0.0009898255,0.0010511437,0.0010485658,0.0010598758,0.0010589221,0.00094707403,0.0010406533,0.0010441849,0.0010065297,0.0010476867,0.0010315487,0.0010380903,0.0010339478,0.0009913901,0.0010417709,0.0009597847,0.0009470144
2016-05-06,-0.0043373695,-0.0042970916,-0.0042946925,-0.0043590507,-0.0043705096,-0.004291325,-0.0042927405,-0.004308774,-0.00436595,-0.004295974,-0.0042987904,-0.0043077907,-0.0042970767,-0.004310175,-0.00431767,-0.004303037,-0.004355668,-0.0042966595,-0.004387974,-0.004396259
2016-05-09,0.0010468522,0.0010500262,0.0010382244,0.0009876052,0.0010406384,0.0010562548,0.0010428587,0.001027734,0.0009891549,0.0010273317,0.0010453323,0.00097529683,0.0010460773,0.0010405639,0.0010478506,0.0010418752,0.0009895274,0.0010507861,0.00095601473,0.0009989301
2016-05-10,0.0010277191,0.0010418305,0.0010084966,0.001009644,0.0010511586,0.0010532299,0.0010459134,0.0010053525,0.0009559253,0.0010427097,0.0010474185,0.00096799526,0.001049892,0.0010397593,0.0010371218,0.0010495195,0.0009909878,0.0010474632,0.0009555677,0.0009737024
2016-05-11,0.00048005674,0.0005156556,0.00048785005,0.0004872689,0.00052757654,0.00053000543,0.0005181739,0.00046888087,0.00042855833,0.0005209604,0.00052523706,0.00044398103,0.00052484963,0.0004976401,0.0005268911,0.00052872393,0.00046224985,0.0005127052,0.00042329822,0.00044898782
2016-05-12,0.0010190764,0.0010296414,0.0010464797,0.0009959498,0.0010419795,0.0010480741,0.0010488639,0.0010382095,0.00096125994,0.0010395506,0.0010478208,0.00095909927,0.0010545263,0.0010210732,0.0010436634,0.0010505179,0.0009842971,0.001042203,0.0009468952,0.0009775022
2016-05-13,0.0010151574,0.0010374049,0.0010338435,0.000994266,0.0010565529,0.0010504583,0.0010503987,0.0010486105,0.0009644637,0.0010475228,0.0010525146,0.00094857905,0.0010549882,0.0010206858,0.0010463158,0.0010505775,0.0009860406,0.0010443637,0.0009469399,0.0009976486
2016-05-16,0.0010049501,0.0010269294,0.0010098228,0.0009974102,0.0010528276,0.0010511288,0.00104417,0.0010555545,0.0009478787,0.0010371218,0.001046137,0.0009480128,0.0010508159,0.001016126,0.001041309,0.0010427544,0.0009855488,0.0010423074,0.0009470144,0.0009970376
2016-05-17,0.0009809444,0.0010267952,0.0010109553,0.0009957412,0.0010569403,0.0010469416,0.0010415027,0.0010564635,0.0009475658,0.0010366002,0.0010413537,0.0009696493,0.0010515759,0.0010220418,0.0010373304,0.0010427246,0.000981913,0.0010430524,0.00094702933,0.0009825984
2016-05-18,0.0009747753,0.0010312507,0.0010123113,0.0009976635,0.0010548392,0.0009965459,0.0010392973,0.0010468969,0.00094741676,0.001033158,0.0010238299,0.0009827772,0.0010430375,0.0010344097,0.0010326365,0.0010364065,0.0009851018,0.0010465691,0.00094702933,0.0009958008
2016-05-19,0.0010097632,0.0010176012,0.0010236213,0.001003013,0.001054571,0.0010291794,0.0010400871,0.0010442743,0.00096921716,0.0010105083,0.0010340223,0.0009945789,0.001047642,0.001036928,0.0010314146,0.0010395655,0.0009834031,0.0010413835,0.00094702933,0.0009657154
2016-05-20,0.0022114972,0.00220804,0.0022293339,0.002178044,0.0022395113,0.002228261,0.0022316435,0.0022343257,0.002157108,0.0022228519,0.0022255788,0.00218168,0.0022303918,0.002211676,0.0022327611,0.002227039,0.0021690438,0.0022295872,0.0021316418,0.0021552006
2016-05-23,0.0007438818,0.0007862607,0.0007633427,0.0007530162,0.0008129934,0.00080852304,0.00080755446,0.0007902393,0.00072804186,0.00079470966,0.0008029649,0.0007782439,0.000805364,0.0007730583,0.0008083144,0.0007974664,0.0007390538,0.0008005211,0.0007056305,0.00071880314
2016-05-24,0.0009977827,0.0010213414,0.0010028342,0.0009880671,0.0010546306,0.0010007927,0.0010478357,0.0010024318,0.00097063277,0.0010449896,0.0010458091,0.0010093013,0.0010464946,0.0010193596,0.0010510692,0.001041756,0.0009845654,0.0010456303,0.00094705913,0.00096400175
2016-05-25,0.00182286,0.0017846981,0.0017840276,0.0017640302,0.0018268684,0.0018016109,0.0018108347,0.0017856518,0.0017596493,0.0018185684,0.0017936537,0.0018032053,0.0018202076,0.0018027285,0.0018051127,0.0018103132,0.001759083,0.0018190304,0.0017166743,0.0017171511
2016-05-26,0.0010371665,0.0010267952,0.0010062018,0.0009928802,0.0010457793,0.0010391483,0.0010317722,0.0010062912,0.0009861151,0.0010400573,0.0010176906,0.001002715,0.0010438869,0.0010317722,0.0010351995,0.001042516,0.0009820918,0.0010399083,0.000956879,0.00097312126
2016-05-27,0.0010464499,0.0010328451,0.0010134289,0.0009854892,0.0010424266,0.0010286132,0.0010315338,0.0009907046,0.00096020196,0.0010405192,0.0010358253,0.0010170499,0.0010414878,0.0010246495,0.001031966,0.0010440061,0.000983269,0.0010322044,0.0009604106,0.00097440276
2016-05-31,0.0010296563,0.0010353932,0.0010227421,0.0009880075,0.0010451535,0.0010294328,0.001031802,0.0010141442,0.000983567,0.0010369578,0.0010376582,0.0010038177,0.0010407278,0.0010179589,0.001026378,0.0010405788,0.0009834329,0.0010294328,0.0009604553,0.0009726295
2016-06-01,0.0010062614,0.0010367045,0.0010179589,0.0009899447,0.0010531405,0.001027585,0.0010381648,0.0009864578,0.0009823153,0.0010392377,0.0010498026,0.001025633,0.00104417,0.0010327557,0.0010342458,0.0010435889,0.0009848634,0.0010458687,0.0009598443,0.00095132086
2016-06-02,0.0009935806,0.0010335604,0.0010196427,0.0009934464,0.0010560015,0.0010209987,0.0010304907,0.0009989599,0.0009807507,0.001036332,0.0010448406,0.0009937594,0.0010468522,0.0010299096,0.0010391483,0.0010393718,0.0009880075,0.0010453621,0.0009760866,0.00096021686
2016-06-03,0.001478658,0.0015157769,0.0015099207,0.0014688382,0.0015262077,0.0015158365,0.0015128413,0.0014654258,0.0014313767,0.0015170584,0.0015201876,0.0014740387,0.0015223185,0.0014920691,0.0015239576,0.0015216181,0.0014728019,0.0015170136,0.0014531324,0.0014405409
2016-06-06,0.001376898,0.0014164159,0.0013901303,0.0013691643,0.0014284411,0.0014261315,0.0014085928,0.0013855556,0.0013330439,0.0014107088,0.001371772,0.0013716677,0.0014195004,0.0014007101,0.0014209757,0.0014121393,0.0013658563,0.0014198581,0.0013705501,0.0013551423
2016-06-07,0.0010041902,0.0010334412,0.0010180632,0.0009924928,0.0010522464,0.0010457644,0.0010292688,0.0009997645,0.0009572217,0.0010335753,0.0009876052,0.0009876946,0.00104341,0.0010152617,0.0010385523,0.0010358253,0.0009822557,0.0010398785,0.0009880075,0.00097560976
2016-06-08,0.0014061043,0.0014432231,0.0014345208,0.0013942579,0.0014525065,0.0014444599,0.0014405856,0.0014197836,0.0013620863,0.0014445642,0.0014382163,0.0013921568,0.0014498094,0.0014139274,0.0014444003,0.0014471272,0.0013975361,0.0014399299,0.0013932893,0.0013834843
2016-06-09,0.0019919733,0.0020361552,0.0020097354,0.0019876966,0.0020392695,0.0020303288,0.0020313123,0.0019872198,0.0019457648,0.0020353803,0.0020360658,0.0020012716,0.002040566,0.0020073513,0.0020309994,0.0020357082,0.001996846,0.0020295838,0.0019811997,0.0019742707
2016-06-10,0.0010082135,0.0010201344,0.0010186443,0.0009965757,0.0010342756,0.0010326365,0.0010341117,0.001003311,0.00097049866,0.0010364959,0.0010442296,0.0010169009,0.001042665,0.0010200897,0.0010347972,0.0010398338,0.0009856382,0.0010344395,0.0009864876,0.0009865472
2016-06-13,0.0029876688,0.0029885033,0.0029812315,0.0029549906,0.0029954026,0.003003315,0.0029993216,0.0029691616,0.0029343823,0.0029990831,0.0030108998,0.0029557506,0.0030054608,0.002981917,0.00299728,0.0030030916,0.0029481957,0.0029934505,0.0029462734,0.0029864172
2016-06-14,0.0010094056,0.0010313997,0.0010166178,0.0009925673,0.0010360191,0.0010432908,0.0010388503,0.0009998092,0.000972108,0.001034067,0.0010423223,0.0009892741,0.001046584,0.0010324279,0.0010336498,0.0010380456,0.0009880522,0.0010377625,0.0009849826,0.001042218
2016-06-15,0.0005888799,0.00061503146,0.0006015012,0.0005883137,0.00063011143,0.00063519273,0.0006191293,0.0005722353,0.0005606124,0.0006181756,0.00062625203,0.0006190548,0.0006331662,0.0006269375,0.000622035,0.00062672887,0.00057646725,0.00063538644,0.0005735019,0.00056080613
2016-06-16,0.0021860162,0.0022560218,0.0022359053,0.0022246996,0.0022664228,0.0022485415,0.0022519687,0.0022324482,0.0022039572,0.0022550235,0.0022437135,0.0022564838,0.002261714,0.0022645602,0.0022498975,0.0022599706,0.0022085914,0.0022696415,0.002202631,0.0021850476
2016-06-17,0.0029185573,0.0029511312,0.0029423991,0.0029313723,0.002967433,0.0029391805,0.0029530236,0.0029438147,0.0029055336,0.0029586712,0.0029572705,0.0029539326,0.002964423,0.0029706666,0.0029583583,0.002960206,0.0029128054,0.0029750923,0.002911524,0.0029034773
2016-06-20,0.0021522501,0.0021545896,0.0021646628,0.0021260688,0.0021661827,0.0021407912,0.0021606395,0.0021229843,0.002111421,0.002164484,0.0021586278,0.0021410445,0.002170653,0.0021519968,0.002146841,0.0021430412,0.0021170834,0.002164022,0.002118514,0.002085344
2016-06-21,0.0031825164,0.0031957338,0.0032007406,0.0031621465,0.003204436,0.0031832317,0.0031971792,0.0031551728,0.0031508217,0.0031991312,0.0032056877,0.003183321,0.0032047192,0.0031956593,0.003189371,0.0032024095,0.0031493464,0.0032005617,0.0031585405,0.0031150738
2016-06-22,0.0010070363,0.0010278085,0.0010337392,0.0009916434,0.001034514,0.0010199854,0.0010295073,0.0010100016,0.0009848634,0.0010353783,0.0010450939,0.001006783,0.0010407427,0.0010255883,0.0010148147,0.0010349462,0.0009830901,0.0010309527,0.000978441,0.00094863866
2016-06-23,0.002210767,0.0022480497,0.002246053,0.002213166,0.0022518793,0.0022383789,0.0022491524,0.002222226,0.0021974454,0.00222011,0.0022571543,0.002233685,0.0022551725,0.0022470662,0.0022469321,0.0022534737,0.0021989057,0.0022380212,0.0022096941,0.0021951953
2016-06-24,0.0026176134,0.0026985118,0.0026905397,0.0026661316,0.0027116546,0.0026911953,0.0027023265,0.0026852796,0.0026536444,0.0026987353,0.0027185092,0.0027101943,0.002709479,0.0027115354,0.0026851157,0.00271687,0.0026604095,0.002703161,0.0026487568,0.0026205936
2016-06-27,0.0022129873,0.002223448,0.0022084275,0.0021901587,0.0022379616,0.0022337297,0.0022295425,0.0022088448,0.0021789083,0.0022275904,0.0022341916,0.0022385726,0.0022299895,0.0022393325,0.0022162208,0.0022300193,0.0021853903,0.0022358755,0.0021719793,0.0021682242
2016-06-28,0.0010484466,0.0010265717,0.0010202834,0.0009963224,0.0010294179,0.0010448704,0.0010468224,0.0010013143,0.0009860555,0.0010309527,0.0010434994,0.0010452727,0.0010417262,0.0010485658,0.0010391185,0.0010435143,0.0009922246,0.001045824,0.00096275005,0.0009516189
2016-06-29,0.0010399232,0.0010201344,0.0010109553,0.0009938637,0.0010363022,0.0010402659,0.0010448406,0.0010017613,0.0009820024,0.0010371516,0.0010429034,0.0010424117,0.0010447958,0.0010441849,0.0010321895,0.0010418603,0.0009861002,0.0010481635,0.0009656558,0.0009605745
2016-06-30,0.002998949,0.0029723356,0.0029596398,0.0029365728,0.0029830942,0.002992318,0.002992914,0.002947108,0.002926276,0.0029860297,0.0029871026,0.0029765675,0.0029886672,0.0029773274,0.0029687444,0.0029842863,0.0029297927,0.0029905597,0.00290233,0.002894641
2016-07-01,0.0010294626,0.0010325173,0.0010050694,0.0009899447,0.0010578344,0.0010495344,0.0010478953,0.0010045627,0.0009862492,0.0010442594,0.0010414729,0.001035274,0.0010434994,0.0010424862,0.0010111043,0.0010429481,0.0009871135,0.0010515014,0.0009558061,0.00096400175
2016-07-05,0.00045107398,0.00047373865,0.0004422376,0.00042286608,0.0005004266,0.0004820386,0.0004806677,0.0004306147,0.00041844044,0.00048135314,0.00047260616,0.0004706094,0.00047876034,0.00048181508,0.00046216045,0.00047364924,0.0004193196,0.00048557017,0.00038230512,0.00038156006
2016-07-06,0.0010081092,0.0010327855,0.0010037431,0.0009884248,0.0010509202,0.0010502199,0.0010418603,0.0009992579,0.0009835074,0.0010442743,0.0010475377,0.0010306993,0.0010475675,0.0010454515,0.001022757,0.0010389695,0.0009855786,0.0010492662,0.0009476701,0.00094725285
2016-07-07,0.0010151872,0.0010350952,0.0010002116,0.0009870687,0.0010498324,0.0010526339,0.0010183016,0.0010134289,0.0009854892,0.0010440508,0.001048998,0.0010409812,0.0010495344,0.0010522166,0.0010534385,0.0010445276,0.0009867409,0.0010459581,0.00094743166,0.00094717834
2016-07-08,0.0024355361,0.0024704048,0.0024383375,0.002420188,0.0024783919,0.0024841735,0.002443255,0.0024357894,0.0024207542,0.00247866,0.002482907,0.0024705539,0.0024845758,0.0024793455,0.0024975846,0.0024772296,0.002421097,0.0024825344,0.0023806104,0.0023804167
2016-07-11,0.001508371,0.0015456239,0.0015260885,0.0015033344,0.0015544454,0.0015674094,0.0015148083,0.0015071342,0.0015002349,0.0015575448,0.001566709,0.0015355507,0.0015617022,0.0015612105,0.0015765885,0.0015576342,0.0015013674,0.0015563527,0.0014614174,0.0014612684
2016-07-12,0.0009900043,0.0010377625,0.0010042498,0.0009859363,0.0010487149,0.0010371516,0.0010011354,0.001017035,0.0009818235,0.0010429481,0.0010460028,0.0010173777,0.0010467032,0.0010444233,0.0010645399,0.0010445872,0.0009827325,0.0010419646,0.00094714854,0.00094705913
2016-07-13,0.0009833733,0.0010320107,0.0010140399,0.0009836713,0.0010543475,0.0010303119,0.0010162005,0.000968636,0.0009813914,0.0010446468,0.001047478,0.001012058,0.0010464201,0.0010382691,0.0010570148,0.0010451386,0.0009825537,0.0010385672,0.00094710384,0.0009470144
2016-07-14,0.0009810189,0.0010299245,0.0010265568,0.0009863535,0.0010539303,0.0010248134,0.0009945044,0.0009963373,0.0009802291,0.0010442147,0.0010499517,0.0010181526,0.0010458538,0.0010370174,0.0010538409,0.0010444978,0.0009834031,0.0010320554,0.00094708893,0.00094708893
2016-07-15,0.0010053823,0.0010322342,0.0010138461,0.0009933272,0.0010554055,0.0010396997,0.0009954134,0.000989736,0.0009832839,0.0010448107,0.0010479102,0.0010390291,0.0010513971,0.0010371367,0.0010484913,0.0010441849,0.0009848485,0.0010379264,0.00094707403,0.00094708893
2016-07-18,0.0028471956,0.0028655836,0.0028538266,0.0028273622,0.002885268,0.002881051,0.0028375844,0.0028214315,0.0028128782,0.0028793672,0.0028797993,0.0028830478,0.0028840909,0.002872453,0.002875463,0.0028712759,0.0028182426,0.0028711865,0.00278169,0.0027816603
2016-07-19,0.0010184804,0.0010315338,0.0010133097,0.0009928206,0.0010407725,0.0010480294,0.0010002414,0.000981004,0.0009814063,0.001042516,0.0010482976,0.0010367492,0.0010482231,0.001042814,0.0010516355,0.0010401169,0.0009865025,0.0010394761,0.00094707403,0.00094711874
2016-07-20,0.0010067383,0.0010384927,0.0010339329,0.0009957859,0.0010513822,0.0010472396,0.0010081092,0.0009830454,0.0009811977,0.0010335008,0.0010457048,0.0010309229,0.0010450939,0.0010404298,0.0009992579,0.0010430375,0.0009869495,0.001037539,0.00094705913,0.0009470144
2016-07-21,0.0010235021,0.0010353932,0.0010267654,0.0009918669,0.0010517547,0.0010429183,0.0010107765,0.0009873668,0.0009833286,0.0010450343,0.0010521421,0.0010283599,0.0010462413,0.0010470459,0.0009928951,0.0010441551,0.0009853402,0.0010539154,0.00094705913,0.00094702933
2016-07-22,0.0030299583,0.003050805,0.0030575553,0.0030131945,0.0030552456,0.0030632922,0.003023521,0.0030077705,0.003002719,0.0030619511,0.0030655125,0.0030530402,0.0030595222,0.0030658105,0.0030206302,0.0030651102,0.003005431,0.0030737678,0.0029661069,0.002966092
2016-07-25,0.0010232488,0.0010212669,0.0010296265,0.0009969482,0.0010494748,0.0010560909,0.0010403851,0.0009969333,0.0009850571,0.0010428587,0.0010457048,0.0010489086,0.0010424117,0.0010432312,0.0009997198,0.0010467032,0.0009877244,0.0010458985,0.00094705913,0.00094711874
2016-07-26,0.001012669,0.0010300735,0.0010282109,0.0010021487,0.0010528425,0.0010575363,0.0010254392,0.0009835819,0.000985072,0.0010450343,0.0010454515,0.0010556886,0.0010412196,0.0010432312,0.0010126838,0.0010450641,0.0009878287,0.001045824,0.00094705913,0.00094705913
2016-07-27,0.0009895721,0.0010405788,0.0010392973,0.0009985426,0.0010548243,0.0010593096,0.0010122368,0.0009831497,0.000985683,0.0010459283,0.0010434994,0.0010579238,0.0010394463,0.001035721,0.0010145316,0.0010457197,0.0009881118,0.0010425011,0.00094705913,0.00094708893
2016-07-28,0.0009827623,0.0010128925,0.0009976188,0.0009662518,0.0010303864,0.0010240087,0.0009688297,0.0009571472,0.0009557465,0.0010178098,0.0010160217,0.0010247091,0.0010072896,0.0010153512,0.0009874413,0.0010150233,0.00095644686,0.0010165581,0.0009173611,0.0009173313
2016-07-29,0.0019596526,0.001990647,0.0019835094,0.001996831,0.0020042965,0.0020152489,0.0019806782,0.001949043,0.0019491473,0.0020069787,0.0020111063,0.0020142803,0.0020012865,0.0020120451,0.0019751498,0.002002851,0.001949952,0.0020103762,0.0019073496,0.0019073198
2016-08-01,0.0027983198,0.002815039,0.0028121928,0.0028013745,0.0028335908,0.002842904,0.002795742,0.0027823756,0.0027773688,0.002836586,0.0028435746,0.0028394172,0.002829642,0.0028449455,0.0027948627,0.0028295526,0.0027777264,0.0028446028,0.002737985,0.0027609626
2016-08-02,0.0009685615,0.0009981999,0.0010257671,0.0010064105,0.0010532299,0.0010503987,0.0010038624,0.0009578476,0.0009872774,0.0010455856,0.0010478059,0.0010474334,0.0010408321,0.0010539005,0.001000301,0.0010392526,0.0009873817,0.0010528872,0.00096520875,0.0009686509
2016-08-03,0.0010077218,0.0010107318,0.0010292837,0.0009997496,0.0010562548,0.0010511437,0.0010131756,0.0009802291,0.0009865472,0.0010437826,0.0010485807,0.0010474036,0.0010417113,0.0010460475,0.0010010609,0.0010402212,0.0009870538,0.0010520527,0.00097182486,0.0009736279
2016-08-04,0.0010125795,0.0010318318,0.0010353932,0.0009950856,0.0010558525,0.0010431418,0.0010340819,0.0009886036,0.000984476,0.0010427693,0.0010456303,0.0010205666,0.0010378072,0.0010431567,0.0010088542,0.0010397742,0.0009842375,0.0010502497,0.00097416434,0.000976176
2016-08-05,0.0010021487,0.0010301629,0.0010306993,0.0009960392,0.0010560313,0.0010383883,0.0010003606,0.0009896317,0.0009841183,0.001042963,0.0010465989,0.0010221312,0.0010391781,0.0010394314,0.0010045627,0.0010393718,0.0009833435,0.0010489086,0.00097444747,0.00096252654
2016-08-08,-0.006719946,-0.006721928,-0.0067298254,-0.006748288,-0.006693258,-0.00669594,-0.0067478856,-0.0067705503,-0.006764292,-0.006709351,-0.006705283,-0.006717383,-0.006709858,-0.0067009768,-0.006747051,-0.006709664,-0.0067630997,-0.00670126,-0.006770133,-0.006765633
2016-08-09,0.0010126242,0.0010095248,0.0010183612,0.0009968588,0.0010554949,0.0010455111,0.0010055462,0.0009954879,0.0009845058,0.0010411451,0.0010418454,0.00102684,0.0010402212,0.0010432312,0.0010041455,0.0010397146,0.0009846399,0.0010471353,0.0009863386,0.0009876648
2016-08-10,0.0010165283,0.0010191957,0.001019598,0.0009952048,0.0010501156,0.0010526339,0.0010121474,0.0009839842,0.0009854296,0.0010405043,0.0010419944,0.0010329792,0.0010424564,0.0010432014,0.0010114769,0.0010414878,0.0009865621,0.0010479251,0.0009872029,0.0009875903
2016-08-11,0.0009999434,0.001018987,0.0010194043,0.0009999434,0.0010540793,0.0010460773,0.0010111043,0.0009981999,0.000982211,0.0010415325,0.0010394761,0.0010177502,0.0010397891,0.0010333667,0.0010229805,0.0010391036,0.0009845207,0.0010426948,0.0009854445,0.00097552035
2016-08-12,0.0009983638,0.0010220567,0.0010109702,0.0009995708,0.0010551373,0.0010463158,0.0009949068,0.001006485,0.000987039,0.0010438869,0.0010467777,0.0010233531,0.001041607,0.0010359297,0.0010207156,0.0010398934,0.0009879181,0.0010443786,0.0009825537,0.0009611109
2016-08-15,0.0010199258,0.0010196278,0.0010166327,0.0009973655,0.0010568807,0.0010592053,0.0009977678,0.0009978572,0.0009866962,0.0010427544,0.0010443786,0.0010358403,0.0010420242,0.0010445574,0.0010334412,0.00103964,0.0009891549,0.001046435,0.0009609619,0.0009853253
2016-08-16,0.0010013292,0.001025469,0.0010113427,0.0010295669,0.0010566572,0.0010511437,0.0010019252,0.0010097334,0.0009851018,0.0010366151,0.0010414729,0.001034976,0.0010420242,0.0010466585,0.0010107616,0.0010408917,0.0009859512,0.0010285238,0.0009848038,0.0009864727
2016-08-17,3.080163e-05,8.164439e-05,4.619453e-05,5.798135e-05,0.00010709558,0.00010803435,4.4540502e-05,6.3688494e-05,3.7164427e-05,9.1032125e-05,9.417627e-05,9.472761e-05,9.4742514e-05,0.00010460708,5.4434873e-05,9.2447735e-05,3.9339997e-05,9.4489194e-05,9.761192e-06,1.075957e-05
2016-08-18,0.0009760717,0.0010300884,0.0010070512,0.0010071257,0.0010534683,0.001059399,0.0009970972,0.0010106871,0.0009881267,0.0010418156,0.0010456005,0.0010598311,0.0010422776,0.0010572979,0.0010155598,0.0010401318,0.0009887973,0.0010458836,0.0009565661,0.00094854925
2016-08-19,0.00089593325,0.0009276727,0.0009131888,0.00092029665,0.00092649553,0.00095361564,0.00091509614,0.00090600643,0.0009013871,0.000939996,0.0009386698,0.000960649,0.00093586836,0.0009506652,0.00091771875,0.00093565974,0.00088554714,0.0009476552,0.0008480558,0.0008580843
2016-08-22,0.0017902562,0.0018581459,0.0018411139,0.0018335143,0.0018433491,0.001882867,0.0018517682,0.0018361518,0.0018368075,0.0018717656,0.0018679658,0.0018915096,0.0018671462,0.0018772194,0.0018604705,0.0018656859,0.00181833,0.0018822709,0.0018034587,0.0017880211
2016-08-23,0.0010338882,0.0010170052,0.0010056803,0.0009991089,0.0010270486,0.0010452876,0.0009965608,0.0009989152,0.0009939829,0.0010344246,0.0010377029,0.0010218481,0.0010371218,0.0010416964,0.0010303268,0.0010354975,0.0009849677,0.0010438869,0.0009722421,0.00094707403
2016-08-24,0.002274693,0.002277405,0.0022623548,0.0022512684,0.0022830674,0.0023026178,0.0022393921,0.0022505978,0.0022477517,0.0022895494,0.0022910098,0.0022773305,0.0022895942,0.002292947,0.0022825012,0.002281935,0.0022384385,0.002292798,0.0022211978,0.0021985928
2016-08-25,0.0010205368,0.0010267207,0.0010092268,0.0010029832,0.0010479549,0.0010477016,0.0010011801,0.0010024467,0.0009991983,0.001035423,0.0010453174,0.0010356763,0.0010403404,0.0010419199,0.0010205666,0.0010328302,0.0009856531,0.0010399679,0.00097291265,0.00094702933
2016-08-26,0.0023493776,0.0023479918,0.0023334483,0.0023221234,0.0023615817,0.0023707906,0.0023618052,0.0023216913,0.0023272196,0.0023566047,0.002365009,0.0023626694,0.0023615966,0.002365456,0.002327592,0.0023628483,0.0023086527,0.0023488263,0.002301217,0.0022697905
2016-08-29,0.0016311565,0.0016370425,0.0016173581,0.0016089538,0.001659737,0.0016595433,0.0016520778,0.0016173879,0.0016058097,0.0016476074,0.001655669,0.0016558329,0.0016504684,0.0016545663,0.0016198168,0.0016119936,0.0015974054,0.0016354332,0.0015967945,0.0015844265
2016-08-30,0.0010294775,0.0010319958,0.0010091821,0.0010070661,0.0010504583,0.0010491172,0.0010166476,0.0010025213,0.0009935508,0.0010348419,0.0010357955,0.0010526339,0.0010382542,0.0010419348,0.0010282705,0.0010318765,0.0009863684,0.001033918,0.00096419547,0.0009747455
2016-08-31,0.0030190805,0.0030343393,0.0030157873,0.0030081132,0.0030569742,0.0030498067,0.0030226568,0.0030157426,0.0029948065,0.0030410895,0.003042356,0.0030488232,0.0030418495,0.00304629,0.0030277232,0.003046886,0.0029902318,0.0030291835,0.0029699067,0.0029827813
2016-09-01,0.0016513923,0.0016716579,0.0016252259,0.0016342411,0.0016053328,0.0016864697,0.001648129,0.001646013,0.0016240636,0.0016735503,0.0016732076,0.0016823867,0.0016723434,0.0016723434,0.0016476521,0.0016728053,0.0016191164,0.0016736845,0.0015939185,0.0016059736
2016-09-02,0.0009930739,0.0010206113,0.001007528,0.0010015825,0.0010169754,0.0010504583,0.000985668,0.0010112533,0.0009926269,0.0010333667,0.0010356912,0.0010466287,0.0010347823,0.0010335306,0.0010126987,0.0010449747,0.0009855786,0.0010421434,0.00096786115,0.0009839842
2016-09-06,0.0010070065,0.0010097483,0.0010244707,0.0010048309,0.0010464946,0.0010554204,0.001008288,0.0009898702,0.0009905258,0.0010373453,0.0010434398,0.001041458,0.0010388503,0.0010318765,0.00099969,0.0010400275,0.000987784,0.0010260204,0.0009808103,0.0009863237
2016-09-07,0.0010040561,0.0010301629,0.001022906,0.001000152,0.0010476718,0.0010469416,0.0010149786,0.000996382,0.0009850869,0.0010302076,0.0010407278,0.0010366449,0.0010396102,0.0010302076,0.0010257224,0.0010400275,0.0009845058,0.0010264227,0.0009597549,0.0009888122
2016-09-08,0.0031755576,0.0031890282,0.0031900564,0.0031733075,0.0032130936,0.0032133618,0.003168405,0.003155739,0.0031541297,0.0032050917,0.003211514,0.0032022009,0.0032060305,0.0031979391,0.0031905482,0.0032053152,0.0031532953,0.0031792382,0.0031494508,0.0031294683
2016-09-09,0.0010133842,0.0010262588,0.0010191957,0.0010003308,0.001056538,0.0010535279,0.0010068724,0.0009937743,0.0009919861,0.0010392526,0.001045377,0.0010379115,0.0010393271,0.0010308633,0.0010114769,0.0010393122,0.0009873966,0.0010164091,0.00096166227,0.0009857574
2016-09-12,0.0008861283,0.001024426,0.0010129372,0.000996084,0.0010484168,0.001050056,0.0010047266,0.0010079602,0.0009897808,0.0010366896,0.0010389695,0.0010234425,0.0010341564,0.0010365704,0.0010096738,0.0010318616,0.0009870091,0.0010311017,0.00096653495,0.0009910027
2016-09-13,0.00089702103,0.0010334859,0.0010262886,0.0009953538,0.000968338,0.001055033,0.0010041902,0.0010151574,0.0010190466,0.0010451982,0.0010447064,0.001031951,0.0010402212,0.0010413835,0.0010111192,0.001037986,0.0009877393,0.0010357508,0.00095608924,0.00096520875
2016-09-14,0.001976953,0.002051697,0.002238647,0.0020193914,0.0023022154,0.002159522,0.0022190223,0.0020228932,0.0020543942,0.0020629326,0.0020574192,0.0020567933,0.002063171,0.0020677159,0.0020525763,0.0020612637,0.0020103166,0.0020681033,0.0019873837,0.0022959122
2016-09-15,0.0025265822,0.002684028,0.0026810626,0.002646015,0.0026132176,0.002701641,0.002681003,0.0026721666,0.002676458,0.0026887218,0.0026819864,0.002695919,0.0026873806,0.0026750425,0.0026917616,0.0026848176,0.002630503,0.0026760856,0.002597035,0.002620832
2016-09-16,-0.004515498,-0.004398792,-0.004428177,-0.0044397702,-0.0044762185,-0.0043807616,-0.004406183,-0.0044090888,-0.004400476,-0.004392787,-0.004394396,-0.0043792864,-0.0043926826,-0.004406913,-0.004407539,-0.004393055,-0.004451289,-0.0044111153,-0.0044845482,-0.0044656983
2016-09-19,0.00093458686,0.0010456601,0.001029388,0.0009969482,0.000959591,0.0010627517,0.0010150829,0.0010358999,0.0010419646,0.0010465393,0.0010469267,0.0010481635,0.0010435442,0.0010337988,0.0010033557,0.001040996,0.0009891847,0.0010338286,0.0009482214,0.0009619901
2016-09-20,0.0009827325,0.0010426799,0.001072512,0.0010000179,0.0010925541,0.0011075595,0.0010811845,0.0010435292,0.0010312805,0.0010347972,0.0010420689,0.0010354081,0.0010411153,0.0010295222,0.0010115216,0.001039044,0.0009851614,0.0010270337,0.00095126126,0.0010942826
2016-09-21,0.0026944587,0.0027959654,0.0027736882,0.0027525732,0.0027012387,0.002808676,0.0027522007,0.002783523,0.0028009722,0.0027945796,0.0028032074,0.0027968744,0.0027912864,0.0027889023,0.0027503977,0.002793298,0.0027156034,0.0027895728,0.0027007917,0.0027067522
2016-09-22,0.0015445361,0.0016369233,0.0016309926,0.0016013989,0.0015494535,0.0015723864,0.0015972713,0.0016032169,0.0016548792,0.0016466388,0.0016568163,0.0016480247,0.0016418407,0.0016316185,0.0016088942,0.0016426751,0.0015612403,0.0016359398,0.0015489468,0.0015536258
2016-09-23,0.0011675069,0.0012597898,0.0012489418,0.0012194375,0.0011699358,0.0011809329,0.0012240866,0.0012300471,0.0012814412,0.0012653926,0.0012703249,0.0012541423,0.0012640217,0.0012577036,0.0012143264,0.0012655118,0.0011819759,0.0012573311,0.0011702636,0.0011743465
2016-09-26,0.0009096721,0.00097859,0.00096896384,0.0009644339,0.00091153476,0.00093719456,0.0009631673,0.00097060297,0.0010276595,0.0010098228,0.0010167668,0.0010071257,0.0010065148,0.000991405,0.0009806314,0.0009961585,0.00092296395,0.0009989748,0.0009117434,0.00091891084
2016-09-27,0.00094479416,0.0010338435,0.0010142038,0.0009951452,0.0009469399,0.0009578923,0.0010216841,0.0010375688,0.0010596225,0.0010377625,0.0010503987,0.0010221163,0.0010427991,0.0010227123,0.0010293582,0.0010449449,0.00094714854,0.0010272423,0.00094713364,0.00095485244
2016-09-28,0.0009452412,0.0010285238,0.0010312358,0.0009982744,0.0009469101,0.0009546885,0.0010367343,0.0010465542,0.0010578493,0.0010309825,0.0010447362,0.0010409663,0.001039655,0.001019747,0.0010081986,0.0010465244,0.00094710384,0.0010273913,0.00094726775,0.00095215533
2016-09-29,-0.0022445908,-0.002146705,-0.002164184,-0.002220734,-0.0022434732,-0.0022363355,-0.0021842262,-0.0021396717,-0.0021306118,-0.0021441123,-0.0021352759,-0.0021398654,-0.0021421453,-0.0021711877,-0.0021749577,-0.0021428606,-0.0022433838,-0.0021685204,-0.0022434285,-0.0022087535
2016-09-30,0.0027061114,0.002799333,0.0027772048,0.0027267495,0.0027911076,0.0027254382,0.0028021345,0.0027721534,0.0027774433,0.0028041014,0.0028078863,0.0027641067,0.0028057704,0.0027736733,0.0027782181,0.0028071115,0.0027074376,0.0027656415,0.0027074078,0.0027225623
2016-10-03,0.0021798024,0.0022716979,0.0022466192,0.0021952996,0.0022796253,0.0021974454,0.0022886405,0.0022422532,0.0022459486,0.0022787163,0.0022809813,0.0022359202,0.0022748122,0.0022443542,0.0022458145,0.0022741864,0.0021804133,0.0022521624,0.0021805475,0.0021870444
2016-10-04,0.000944362,0.0010230253,0.0010260204,0.0009604255,0.0010485509,0.00095647667,0.0010497579,0.0010234276,0.0010038624,0.0010374794,0.0010430822,0.0009992281,0.0010420391,0.0010147253,0.0010150978,0.0010429183,0.00094710384,0.0010150233,0.00094843004,0.0009518573
2016-10-05,-0.0016219607,-0.0015474847,-0.0015466949,-0.0016181907,-0.0015211245,-0.0016057333,-0.0015173247,-0.001555874,-0.0015684953,-0.0015348783,-0.0015312424,-0.001578345,-0.001529946,-0.0015572449,-0.0015483191,-0.0015290668,-0.0016207686,-0.0015418967,-0.001621305,-0.0015595695
2016-10-06,0.0009920159,0.0010334412,0.0012023458,0.0009514848,0.0010534534,0.0012769261,0.0011633197,0.0012111226,0.0010372112,0.0010396102,0.0010445127,0.0010040412,0.0010415623,0.0010122815,0.001018987,0.0010380158,0.00094737206,0.0010167668,0.0012662867,0.0010048607
2016-10-07,0.00097185466,0.0010344842,0.0012299875,0.0009527514,0.0010493258,0.0012981454,0.0011238316,0.0012117187,0.0010304013,0.0010387758,0.0010412792,0.0010058293,0.0010467479,0.0010083327,0.0010173926,0.0010404894,0.0009476105,0.0010193894,0.0012892196,0.0010104934
2016-10-10,0.00090135727,0.001043261,0.0010084817,0.0009494731,0.0010517398,0.0009759525,0.0010444829,0.0010225633,0.0010198215,0.0010413835,0.0010487298,0.0010179738,0.0010512779,0.0010039816,0.00096728,0.0010404596,0.000947685,0.0010200301,0.0009746412,0.0009815851
2016-10-11,0.000977994,0.0010421881,0.0012133578,0.00095349643,0.00097277854,0.00097447727,0.0011324296,0.0010211179,0.0010088393,0.0010397742,0.0011285553,0.0010015974,0.0010489533,0.0010166625,0.0009622732,0.0010398785,0.0009935657,0.0009991387,0.0012870738,0.0013263235
2016-10-12,0.0009567002,0.0010186145,0.0010850588,0.00095628295,0.0009596804,0.0011367509,0.0011063376,0.0010755667,0.0010026554,0.0010406384,0.0010563442,0.0009965906,0.0010495791,0.0010187933,0.0009632865,0.001039193,0.00095345173,0.0010214457,0.0011246661,0.0010322044
2016-10-13,0.0009674886,0.0010298202,0.0010741362,0.0009649107,0.0009569833,0.0011416385,0.0010944912,0.0010717222,0.0009925226,0.0010422477,0.0010517547,0.0009884546,0.0010460922,0.001024113,0.0009947428,0.0010427991,0.00095003936,0.0010195533,0.0011018822,0.0010055164
2016-10-14,0.0020247856,0.002120928,0.002111704,0.0020537386,0.0021251896,0.0020998726,0.0021389136,0.0020994404,0.0020954767,0.0021308968,0.0021411786,0.0021002153,0.0021288702,0.0021181712,0.0020643184,0.0020882646,0.002037377,0.0021051178,0.0020480165,0.0020967433
2016-10-17,0.0013997266,0.0014269361,0.001494945,0.0013681361,0.0014548162,0.0014010379,0.0015133033,0.0014315704,0.0014188895,0.001454235,0.0015133927,0.0014197836,0.0014573941,0.0014259825,0.0014046887,0.0014448175,0.0013772259,0.0014312575,0.0015091458,0.0015564123
2016-10-18,0.0009414116,0.001034067,0.0010054866,0.0009558508,0.0010354379,0.00097552035,0.0010382244,0.0010086605,0.0010064403,0.0010378966,0.0010458985,0.0010165432,0.0010412792,0.0010131309,0.000974969,0.0010429183,0.00094743166,0.0010227719,0.0009478787,0.0009973953
2016-10-19,0.0009441385,0.001004965,0.001009644,0.0009557912,0.0010397295,0.00097042415,0.0010413239,0.0010219971,0.0009940276,0.0010391483,0.0010440508,0.0010076622,0.0010403404,0.0010124007,0.0009987513,0.0010392079,0.00094734225,0.001025022,0.0009480426,0.001011462
2016-10-20,0.00094457064,0.0010174075,0.0010164985,0.00095874164,0.0010443488,0.0009890506,0.0010373006,0.0010266015,0.0010030279,0.0010356167,0.0010442445,0.0010143081,0.0010424266,0.0010135034,0.0010005394,0.0010506967,0.00094728265,0.0010219822,0.0009468058,0.0010167817
2016-10-21,0.00094318483,0.0010367194,0.0010264376,0.0009556571,0.001053364,0.0009882012,0.0010248879,0.0010089437,0.0010027001,0.0010390142,0.0010438869,0.0010057846,0.0010425607,0.0010197172,0.0009953389,0.0010426799,0.00094713364,0.000989751,0.0009491602,0.0010131011
2016-10-24,0.0009430507,0.0010364065,0.0010059634,0.000948132,0.0010598609,0.0009791413,0.0010362724,0.0010022679,0.001000599,0.0010407576,0.0010509202,0.0010162005,0.0010444084,0.0010253498,0.0009935359,0.0010402361,0.00094713364,0.0010077367,0.0009491602,0.0010146955
2016-10-25,0.00094498787,0.001044766,0.0010057399,0.000950397,0.0010566721,0.0009619603,0.001038433,0.0010121623,0.0010062912,0.0010427991,0.0010468075,0.0009825239,0.0010441104,0.0010081092,0.0009941319,0.001042054,0.00094708893,0.0010153363,0.0009470144,0.0010119835
2016-10-26,0.002881513,0.0029812763,0.0029417882,0.0028904686,0.002998502,0.002902911,0.0029623369,0.00297317,0.0029428015,0.0029775063,0.0029763142,0.0029495964,0.0029765079,0.0029052803,0.002934114,0.0029758373,0.0028833458,0.0029773274,0.002883033,0.002927036
2016-10-27,0.0016193101,0.0016687075,0.0018224576,0.0015796283,0.001687021,0.0017648349,0.0018080333,0.0016722241,0.0016626725,0.001672239,0.0016716728,0.001655818,0.0016741166,0.0015871832,0.0017956207,0.001672254,0.0015736232,0.0016791085,0.001575307,0.0017966041
2016-10-28,0.0009148875,0.0010416219,0.0010167668,0.0009468803,0.0010616789,0.001044021,0.0010059634,0.0010358253,0.00101553,0.0010437677,0.0010392228,0.0010510245,0.0010435143,0.000963659,0.0010017315,0.0010419795,0.00094710384,0.0010529468,0.0009489069,0.0009977976
2016-10-31,0.0009789029,0.0010398785,0.0011944929,0.0009469399,0.0009735236,0.0011640945,0.0011850754,0.0010442296,0.001047329,0.0010479996,0.0010478655,0.001048238,0.0010475675,0.0009644041,0.0011950145,0.0010457346,0.00094707403,0.0010243515,0.00094710384,0.0011862228
2016-11-01,0.00097185466,0.0010430971,0.0012521306,0.000946925,0.0009582946,0.0011751661,0.0011862973,0.0010212073,0.0010527978,0.0010491321,0.00104794,0.0010483125,0.00104794,0.000946925,0.0012059519,0.0010450194,0.0009672055,0.0010294328,0.000946925,0.0011939416
2016-11-02,0.0011333385,0.0012082616,0.001290516,0.0011323402,0.0011408785,0.0012719044,0.0012777606,0.0012058625,0.0012323419,0.0012243548,0.0012269625,0.0012223879,0.0012318352,0.0011322508,0.0012971321,0.001224176,0.0011589536,0.0012281546,0.0011322657,0.0012773732
2016-11-03,0.00092396233,0.0010284493,0.0010427693,0.0009470144,0.00095234904,0.0010409215,0.0010289261,0.0010081539,0.0010345886,0.0010360638,0.0010461668,0.0010252604,0.0010448853,0.0009469697,0.0010134885,0.0010376135,0.000976176,0.0010396251,0.00094702933,0.0009938488
2016-11-04,-8.335337e-07,5.6491233e-05,0.00013271067,-3.2274984e-05,-3.1366013e-05,7.040892e-05,0.00011882279,4.436169e-05,2.0162202e-05,5.4822303e-05,5.899463e-05,2.5601126e-05,6.37183e-05,1.807604e-05,0.000119016506,5.889032e-05,1.4693476e-05,6.12e-05,-3.2304786e-05,8.8066794e-05
2016-11-07,0.00039452408,0.00044827256,0.0005371133,0.0003601918,0.00036071334,0.00043770764,0.0005119899,0.00044468138,0.00040719006,0.0004526535,0.00045728777,0.00044205878,0.0004538605,0.00036566053,0.00051379297,0.00045412872,0.00040491018,0.00038097892,0.0003602514,0.0004732022
2016-11-08,0.0009414265,0.0010532299,0.0010339478,0.00094705913,0.00094731245,0.0009792903,0.0010038028,0.0010362277,0.0009850422,0.0010446468,0.0010505924,0.0010360191,0.0010402957,0.0009491304,0.0010254392,0.0010445127,0.0010001967,0.0009610215,0.00094704423,0.0009700814
2016-11-09,0.000942857,0.0010509798,0.0010210434,0.0009479234,0.00094720814,0.0009671459,0.0010199407,0.0010435143,0.0009910474,0.0010415325,0.0010496238,0.0010438869,0.0010415474,0.0009488473,0.0010302821,0.0010455707,0.0009980956,0.00096018706,0.00094704423,0.0009776214
2016-11-10,0.00094467495,0.0010422328,0.00099969,0.0009476403,0.00094713364,0.00096510444,0.0010446766,0.0010433355,0.000991852,0.0010409812,0.0010494152,0.0010507265,0.0010477612,0.00096155796,0.0010531256,0.0010430673,0.0010209391,0.00096395705,0.00094705913,0.0009999732
2016-11-11,0.00094613526,0.0010392079,0.0010253349,0.00094747636,0.0010180632,0.0010247091,0.0010250071,0.0010465095,0.0009883204,0.0010408172,0.0010350803,0.0010309378,0.0010465244,0.00094728265,0.0010685334,0.0010472545,0.0010331282,0.0009478489,0.00094705913,0.0009856531
2016-11-14,0.0025404552,0.002622948,0.0026007304,0.002544091,0.0026286999,0.0026345411,0.0026319334,0.002636687,0.0025811056,0.0026376406,0.0026284168,0.002614827,0.0026392797,0.002541379,0.002661557,0.002639533,0.0026316354,0.0025418112,0.0025413046,0.0026120404
2016-11-15,0.0010372112,0.0011207471,0.0011193315,0.0010443339,0.0011238465,0.0011370191,0.0011055926,0.0011294493,0.0010742256,0.0011365721,0.001133428,0.0011351565,0.0011371085,0.0010378817,0.0011543492,0.0011341879,0.0010718713,0.001038135,0.0010378817,0.0011171112
2016-11-16,0.0009467611,0.0010393122,0.0010392526,0.0009541521,0.0010252902,0.0010410557,0.001044915,0.001033471,0.000983418,0.0010454068,0.001012207,0.0010344991,0.0010436336,0.0009469548,0.0010474334,0.0010449747,0.0010235766,0.00094722304,0.00094705913,0.0010366896
2016-11-17,0.0009468058,0.0010437081,0.0010121623,0.0009566853,0.0010321746,0.0010493854,0.0010498324,0.001035885,0.0009838203,0.0010438571,0.0010481188,0.0010393569,0.0010480294,0.0009469846,0.0010333369,0.0010453323,0.0009723464,0.00094710384,0.00094705913,0.0010474334
2016-11-18,0.002879695,0.0029710988,0.0029703388,0.0028922418,0.0029794732,0.0029812912,0.0029495964,0.0029771635,0.0029155323,0.0029779533,0.0029842118,0.0029890398,0.002982662,0.0028819302,0.0029833922,0.0029800842,0.0028987387,0.0028820196,0.0028819153,0.0029888013
2016-11-21,0.0009464631,0.0010452876,0.0010370174,0.00095880125,0.0010130266,0.0010551224,0.0010103593,0.0010500262,0.0009838054,0.0010422776,0.0010485658,0.0010280916,0.0010429928,0.00094705913,0.001050652,0.0010470459,0.00095135067,0.0009470144,0.00094705913,0.0010613957
2016-11-22,0.0009469101,0.00101854,0.0010427097,0.0009555975,0.0010250369,0.0010503987,0.0010147104,0.0010452131,0.0009854147,0.0010410706,0.0010513822,0.0010317424,0.0010503391,0.00094704423,0.0010608146,0.0010494003,0.00096003804,0.0009469995,0.00094707403,0.0010427991
2016-11-23,0.00094705913,0.0010365406,0.0010212967,0.00095363054,0.0010234425,0.0010431567,0.0010108063,0.0010337839,0.0009848038,0.0010442296,0.0010483572,0.0010352144,0.0010493109,0.0009469697,0.0010628412,0.0010484764,0.00094844494,0.0009469846,0.00094707403,0.0010035494
2016-11-25,0.0023524472,0.0024489919,0.002433003,0.0023600915,0.002365754,0.00245531,0.0024478743,0.0024438659,0.0023897449,0.0024422714,0.002450631,0.0024221549,0.002452598,0.0023524622,0.002450497,0.0024494836,0.0023761997,0.002352477,0.0023525814,0.0024455497
2016-11-28,0.0020590583,0.002160431,0.0021113763,0.0020713368,0.0020750472,0.0021624574,0.0021500448,0.002154247,0.0020964602,0.002154217,0.002159954,0.0021642605,0.0021624127,0.0020600567,0.002164335,0.002158136,0.0020629773,0.0020600865,0.0020601163,0.0021456638
2016-11-29,0.0009453157,0.001055033,0.0010195086,0.0009544799,0.0009610364,0.0010514269,0.0010483423,0.0010407576,0.0009866217,0.0010423819,0.0010505179,0.0010458538,0.0010354379,0.0009470144,0.0010354975,0.0010441551,0.0009732256,0.0009469995,0.00094707403,0.0010441253
2016-11-30,-0.0004044911,-0.00030799117,-0.00035111513,-0.0003955206,-0.00039079692,-0.00030161347,-0.0002979925,-0.00030816998,-0.0003611138,-0.0003098389,-0.00032475498,-0.0003110757,-0.00030246284,-0.0004034182,-0.00030816998,-0.0003058603,-0.00037610438,-0.0004034778,-0.000403448,-0.0002993932
2016-12-01,0.0009464333,0.0010428289,0.0010196129,0.0009582648,0.0009467164,0.0010466436,0.0010553161,0.0010437677,0.0009875605,0.0010460475,0.0010343501,0.001047344,0.00105247,0.00094702933,0.0010523805,0.001047031,0.0009864876,0.0009470144,0.00094707403,0.0010406831
2016-12-02,-7.145014e-05,-8.433126e-06,8.05594e-07,-5.827751e-05,-5.40819e-06,2.8283335e-05,3.8401224e-05,2.9281713e-05,-3.3347867e-05,2.0460226e-05,2.7225353e-05,2.3008324e-05,3.349874e-05,-7.158425e-05,1.5960075e-05,2.5943853e-05,-6.7307614e-05,-7.152464e-05,-7.150974e-05,3.3930875e-05
2016-12-05,0.0009469399,0.0010226974,0.0010391632,0.0009610513,0.0010171542,0.0010483423,0.0010399679,0.0010492513,0.0009864578,0.0010390291,0.0010395357,0.0010476271,0.0010585347,0.00094704423,0.001048849,0.001047642,0.0009606937,0.00094702933,0.0009476999,0.0010572234
2016-12-06,0.0009468505,0.0010341415,0.0010177502,0.0009775171,0.0010081837,0.0010441551,0.0010457197,0.0010476569,0.0009848336,0.0010420689,0.0010533938,0.001041309,0.0010528872,0.0009469846,0.0010477612,0.0010440955,0.0009596953,0.0010212967,0.0009673098,0.001055167
2016-12-07,0.00093831215,0.0010310719,0.0010178098,0.00096671376,0.0010029832,0.0010343203,0.0010340819,0.0010316977,0.00097526703,0.0010311017,0.0010432908,0.0010304311,0.0010416964,0.0009386251,0.0010277191,0.001032115,0.0009504268,0.0010259608,0.00096000824,0.0010268996
2016-12-08,0.00094620977,0.0010484466,0.0010250667,0.00096905325,0.0010316381,0.001045079,0.0010367492,0.0010391036,0.000984163,0.0010248581,0.0010482529,0.0010475675,0.0010454366,0.0009470144,0.0010610232,0.0010372112,0.00094719324,0.0010394463,0.000969992,0.0010496685
2016-12-09,0.002812595,0.0029131332,0.002867625,0.002848328,0.0028883377,0.0029128352,0.002899454,0.0029113004,0.0028498182,0.0028954307,0.0029111365,0.002909855,0.0029116282,0.0028128335,0.0029268423,0.00290081,0.0028128335,0.002833114,0.0028406242,0.002910302
2016-12-12,0.000991554,0.0011340091,0.0010205517,0.0009768466,0.0010235766,0.0011173347,0.0010388652,0.0011494318,0.0009841928,0.0011900524,0.0010446468,0.0010437975,0.0010460922,0.00094702933,0.0010388652,0.0010353336,0.00094711874,0.001030744,0.0009747753,0.0011984417
2016-12-13,0.00091385935,0.0010426352,0.0010016272,0.0009839544,0.001022757,0.0010491768,0.0010551522,0.0010488341,0.0009810487,0.001039953,0.0010469416,0.0010418305,0.0010366747,0.00094705913,0.0010650912,0.0010413537,0.00096808467,0.00097191427,0.0009571025,0.0010683993
2016-12-14,0.0021723667,0.00228344,0.002248601,0.0022179047,0.0022558728,0.002285094,0.0022978345,0.002288551,0.002220721,0.002289028,0.0022542188,0.002248616,0.0022846768,0.002188758,0.002301068,0.002282695,0.002257959,0.0022043595,0.002199293,0.0022458294
2016-12-15,0.0018531093,0.0019589374,0.0019314447,0.0018778155,0.0019317875,0.0019587437,0.001962931,0.0019621411,0.0018899599,0.0019575665,0.0019573728,0.0019174377,0.0019619325,0.0018593678,0.0019332925,0.0019572983,0.0019384334,0.0019324282,0.0018702308,0.0019299099
2016-12-16,0.0018821368,0.0019778023,0.0018982003,0.00187637,0.0019257078,0.0019944767,0.0019359151,0.0019923905,0.0018716464,0.0019886503,0.0019246796,0.0018910328,0.00192538,0.0018999586,0.0019436488,0.0019305656,0.0018913308,0.0019416073,0.0018482665,0.0019804249
2016-12-19,0.0017839083,0.0018716911,0.0018685469,0.0018223831,0.0018686214,0.0018792758,0.0018718103,0.0018878588,0.0018212656,0.0018848041,0.0018778155,0.0018464783,0.0018686512,0.0018360624,0.0018818537,0.0018744329,0.001844109,0.0018516341,0.0018091807,0.0018716762
2016-12-20,0.0009450475,0.0010338584,0.0010154555,0.0009789029,0.0010317722,0.0010470608,0.0010275105,0.001047344,0.0009806314,0.001038746,0.0010410706,0.0009981254,0.001028196,0.001011149,0.0010010907,0.0010333369,0.0009918818,0.0010256926,0.00095650647,0.0010525743
2016-12-21,0.0012927661,0.0013861964,0.0013397047,0.0013199905,0.0013803402,0.0013932446,0.0013839016,0.0013882676,0.0013273815,0.001391382,0.0013736496,0.0013454417,0.0013802955,0.001367704,0.0013607899,0.0013828138,0.0013326565,0.0013676593,0.0013060132,0.0013979981
2016-12-22,0.0009453008,0.001040862,0.000998647,0.0009867409,0.001028196,0.0010413686,0.0010456005,0.0010369131,0.0009788135,0.0010389695,0.0010408917,0.0009936104,0.0010359148,0.0010314891,0.001033173,0.001041011,0.0009946087,0.0010240832,0.0009724805,0.0010401914
2016-12-23,0.0022650966,0.0023624608,0.0023152987,0.002309964,0.002355964,0.00236483,0.0023649195,0.002360464,0.0023002485,0.0023581693,0.0023484984,0.0023149708,0.0023528794,0.0023625502,0.0023599723,0.0023518065,0.002315239,0.0023532966,0.0023020813,0.0023579309
2016-12-27,-0.0031698784,-0.0030831983,-0.0031223139,-0.00312817,-0.0030829152,-0.003078415,-0.0030723205,-0.003073587,-0.003137364,-0.0030783704,-0.0031020185,-0.0031272164,-0.0030843457,-0.0030797413,-0.0030528,-0.0030770889,-0.003127589,-0.0031633368,-0.0031346222,-0.0030841967
2016-12-28,0.000946627,0.0010305801,0.0010104338,0.000984312,0.0010332474,0.0010440508,0.0010502497,0.0010390291,0.0009790519,0.0010307888,0.0010200152,0.0009906748,0.0010302374,0.0010348121,0.001063765,0.0010413537,0.0009900937,0.00095775817,0.000983865,0.0010388205
2016-12-29,0.00094474945,0.0010337094,0.0010172287,0.0009824643,0.0010376433,0.0010400871,0.0010387311,0.0010312954,0.0009808401,0.0010320703,0.001038597,0.000990958,0.0010315934,0.0010399381,0.0010457942,0.0010340521,0.0009906003,0.0010028491,0.0009860406,0.0010382244
2016-12-30,0.00094720814,0.0010318467,0.0009911368,0.0009897808,0.0010371665,0.0010412196,0.0010415325,0.0010356167,0.0009816447,0.0010324577,0.0010392526,0.0009898851,0.0010294328,0.0010370174,0.0010495195,0.001043112,0.0009894529,0.0009580115,0.0009860257,0.0010352293
2017-01-03,0.0024226913,0.002510325,0.0024639377,0.0024600783,0.002512292,0.0025157789,0.0025233785,0.0025124112,0.0024591098,0.002510936,0.0025212476,0.0024663368,0.002502636,0.0025102505,0.0025181482,0.002514095,0.002464191,0.0024842778,0.0024585584,0.0025111595
2017-01-04,0.000946776,0.0010304162,0.0010298351,0.0009851912,0.0010344395,0.0010404,0.0010264525,0.0010429034,0.0009834776,0.0010414133,0.0010497281,0.0009925822,0.0010276446,0.0010325471,0.001046882,0.0010415027,0.0009878734,0.0010006586,0.0009617964,0.0010378817
2017-01-05,0.0021952102,0.002267451,0.002286763,0.0022380957,0.002283738,0.0022971341,0.0022678236,0.0022952864,0.00223142,0.002292947,0.002293677,0.0022372017,0.002281935,0.00228119,0.0022995332,0.0022926638,0.0022369632,0.002212719,0.0022071758,0.00228116
2017-01-06,0.0009468505,0.0010347823,0.0010467032,0.0009895572,0.0010315785,0.0010474632,0.0010294924,0.0010464797,0.0009823749,0.0010478059,0.0010490129,0.0009918371,0.0010402957,0.0010304162,0.0010488937,0.0010463605,0.000985832,0.000945569,0.0009818682,0.0010389844
2017-01-09,0.0021650055,0.0022522071,0.0022588084,0.002206699,0.0022471258,0.002265186,0.0022570202,0.002256305,0.0022006044,0.0022623846,0.002271236,0.0022167424,0.0022494504,0.0022429684,0.0022679726,0.0022614906,0.0022050152,0.002224789,0.0022056708,0.0022601346
2017-01-10,0.0010708729,0.0010401169,0.0010344991,0.0009850124,0.0010078261,0.0010392526,0.001046122,0.0010339031,0.000981749,0.0010422328,0.0010398487,0.0009970376,0.0010329792,0.001021103,0.0010465989,0.0010406533,0.0009819875,0.0010156492,0.000974969,0.0010289857
2017-01-11,0.0028413394,0.002943457,0.0029389123,0.0028851936,0.0029142955,0.0029377202,0.002951176,0.0029358724,0.002886341,0.0029417286,0.0029401788,0.0028948495,0.0029339502,0.002922953,0.0029462436,0.0029414454,0.0028890828,0.0029096613,0.0028764019,0.0029298225
2017-01-12,0.0009364793,0.0010378519,0.0010379562,0.0009844312,0.0010195384,0.0010408023,0.0010478357,0.001039193,0.0009807656,0.0010397295,0.0010380158,0.0009991834,0.0010257373,0.001020343,0.001042516,0.0010393867,0.0009858022,0.0009921202,0.0009855935,0.0010223845
2017-01-13,0.0009399066,0.001032115,0.00103286,0.0009913156,0.0010250518,0.0010386417,0.0010397146,0.0010390291,0.000983716,0.0010382542,0.0010387609,0.0009934017,0.0010300139,0.0010277638,0.0010404894,0.0010358552,0.000991554,0.0009985575,0.00098537,0.0010281513
2017-01-17,0.00092797074,0.0010338286,0.00103587,0.0009926865,0.001028643,0.0010449598,0.0010427842,0.0010424862,0.0009842375,0.0010403255,0.001040862,0.000993521,0.0010308186,0.001032115,0.0010413686,0.0010366896,0.0009896765,0.0010060677,0.0009854296,0.0010317424
2017-01-18,0.00094480906,0.0010391185,0.0010395506,0.0009872774,0.0010196576,0.001040847,0.0010417709,0.0010490576,0.0009819278,0.0010404894,0.0010459432,0.0010027299,0.0010282109,0.0010254094,0.0010419795,0.0010391334,0.0009900341,0.0009978721,0.00096149836,0.001025484
2017-01-19,-0.0008496335,-0.0008052578,-0.0008060774,-0.000662758,-0.00080835726,-0.0007266542,-0.00079645123,-0.00069405045,-0.0008587679,-0.00079648104,-0.00062958803,-0.00083663967,-0.00080805924,-0.00081981625,-0.000797241,-0.0008012494,-0.0006677946,-0.0008152416,-0.0008803746,-0.0008151373
2017-01-20,0.00096929166,0.001037837,0.0010378221,0.0011796663,0.0009684125,0.001118348,0.0010483572,0.0011429051,0.0009849528,0.0010493407,0.0011536786,0.0010008523,0.0010363618,0.0010184059,0.0010468224,0.0010420838,0.0011751661,0.0010218332,0.00095869694,0.0010211328
2017-01-23,-0.00095178094,-0.0008730879,-0.0008733412,-0.00073358323,-0.00090292003,-0.00079296436,-0.0008666059,-0.0007681241,-0.0009333929,-0.00086747017,-0.00070914533,-0.00091580953,-0.0008830866,-0.00090074446,-0.0008604815,-0.0008703759,-0.0007266691,-0.00088374224,-0.0009574732,-0.0008933088
2017-01-24,0.000900195,0.0010521868,0.0010540048,0.001003311,0.001016126,0.0010613808,0.0010495195,0.0010642866,0.0009823004,0.0010099867,0.001059101,0.0009937594,0.0010403702,0.0010189721,0.0010484913,0.0010424713,0.001011149,0.0010216841,0.00094714854,0.0010266164
2017-01-25,0.0010498473,0.0010471055,0.0010451982,0.0012653181,0.0010239789,0.0011794874,0.0010439018,0.0011007646,0.0009808997,0.0011584321,0.0013059089,0.0010006139,0.0010358552,0.0010175714,0.001046286,0.0010360787,0.0012750933,0.0010234127,0.00094713364,0.0010236213
2017-01-26,0.00095346663,0.001045675,0.0010435442,0.0010893056,0.0010079602,0.0011045942,0.0010437975,0.0010929564,0.0009802589,0.0010406533,0.0011059353,0.0009987513,0.0010384778,0.0010169605,0.0010441551,0.0010400126,0.0010928074,0.0010247985,0.00094710384,0.0010205219
2017-01-27,0.0009670714,0.0010225931,0.0010406533,0.0010817209,0.0010249922,0.0011044452,0.0010395208,0.0010879794,0.0009821514,0.0010395357,0.0011034766,0.0009986619,0.0010280767,0.0010136077,0.0010399381,0.0010381648,0.0010803798,0.0010185847,0.0009646723,0.0010255137
2017-01-30,0.0009348849,0.0010322342,0.0010351399,0.0009921202,0.0010325322,0.0010468969,0.001040698,0.0010361383,0.0009816745,0.0010255286,0.0010557482,0.0009891996,0.0010115216,0.0010271976,0.0010434547,0.0010391632,0.0010438273,0.0010095397,0.0009674439,0.001028494
2017-01-31,0.0011056522,0.0010183761,0.0010328898,0.0010770569,0.0010359446,0.0010922262,0.0010403404,0.0010280022,0.0009870986,0.0010755965,0.0011153976,0.0009923438,0.0010154406,0.0010318765,0.0010424117,0.001040549,0.0010950128,0.0010095397,0.0009684274,0.0010360191
2017-02-01,-0.0004930934,-0.00038991775,-0.00039997604,-0.000441744,-0.00038079824,-0.00038309302,-0.0003789952,-0.00039866474,-0.00043439772,-0.0003853282,-0.00037155952,-0.0004304489,-0.00039125886,-0.00039772596,-0.0003842553,-0.00038444903,-0.0004368862,-0.00040036347,-0.0004753312,-0.00038634147
2017-02-02,0.00084731076,0.0009340355,0.00094096456,0.0008990476,0.00095097814,0.0009579817,0.0009647617,0.0009494433,0.0009003589,0.0009570876,0.000964568,0.0009108344,0.0009261379,0.0009387145,0.00096012745,0.0009552846,0.0009247968,0.0009387145,0.0008938024,0.0009504715
2017-02-03,0.0013942728,0.0014830688,0.0014824579,0.0014423588,0.0014909515,0.0014951089,0.0014975676,0.0014840672,0.0014429549,0.0014961073,0.0015008906,0.0014548609,0.0014789263,0.0014702538,0.001497657,0.0014993558,0.0014619092,0.001479865,0.0014378587,0.0014905343
2017-02-06,0.0024151364,0.0025249133,0.0025177905,0.0024775276,0.002528415,0.0025354633,0.0025326172,0.002526776,0.0024742493,0.0025209943,0.0025353143,0.002487407,0.002501444,0.0025123367,0.0025322298,0.0025305161,0.002524213,0.0024866918,0.0024523297,0.0025258223
2017-02-07,0.0009439597,0.0010286877,0.0010210434,0.0009843418,0.0010383585,0.0010434398,0.0010421732,0.0010329792,0.0009820769,0.0010274956,0.0010503391,0.0009969035,0.0010067234,0.0010211775,0.0010468224,0.0010408172,0.0010437379,0.0010160515,0.0009488771,0.0010306993
2017-02-08,0.0009427378,0.0010395804,0.0010222951,0.0009698281,0.0010424713,0.0010408172,0.0010399679,0.0010316828,0.0009817043,0.001026676,0.0010497877,0.0010109404,0.0010124156,0.0009994069,0.0010416368,0.001038448,0.0010517249,0.0010104487,0.0009789327,0.0010319063
2017-02-09,0.0009454945,0.0010392228,0.001000152,0.0009799758,0.0010570297,0.001048387,0.0010398934,0.0010407725,0.000982807,0.0010306397,0.001027883,0.0010338435,0.001010091,0.0010313252,0.0010257075,0.0010352889,0.0010560164,0.0010214457,0.0009825239,0.001047478
2017-02-10,0.0009916583,0.001037539,0.0010133991,0.0011788765,0.001052619,0.0011082301,0.0010362277,0.0010309974,0.0009857873,0.0012146095,0.0011398802,0.0012170235,0.0010108361,0.0010204772,0.0010050246,0.0010344246,0.0010373751,0.0010174373,0.000978441,0.0010232041
2017-02-13,0.0010256926,0.0010362724,0.0010225186,0.0009901533,0.0010445127,0.0010319063,0.0010343501,0.0010347823,0.0009847293,0.0010253498,0.0010389844,0.001006321,0.0010144124,0.0010178844,0.0010288814,0.0010361085,0.0010378966,0.001018242,0.0009700516,0.0010216692
2017-02-14,0.0010422627,0.0010341564,0.0010252753,0.0009858022,0.0010380158,0.0010359595,0.0010363171,0.001037986,0.0009824047,0.0010209838,0.0010413537,0.0010314891,0.0010209391,0.0010389993,0.0010395059,0.0010302076,0.0010438273,0.0010365555,0.0009820471,0.0010390142
2017-02-15,0.001042665,0.0010291198,0.00100346,0.0010379413,0.001037688,0.0010305354,0.001037092,0.0010286281,0.0009840438,0.0010157088,0.0010478655,0.0010037133,0.0010080198,0.0010158131,0.0010582218,0.001020954,0.0010056505,0.0010164687,0.0009867707,0.0010142038
2017-02-16,0.0010689059,0.0010336647,0.0010207007,0.0011363188,0.0010358253,0.0010856846,0.0010211775,0.0010328302,0.0009864578,0.0010734955,0.0010766694,0.0010535726,0.0010200897,0.0010197172,0.0010598013,0.0010285983,0.0010080049,0.001015217,0.0009886781,0.0010233084
2017-02-17,0.0019333074,0.001935781,0.0019187937,0.001956568,0.0019484619,0.0019409219,0.001913608,0.0019309381,0.0018981555,0.0019158581,0.0019425759,0.0018954584,0.0019178847,0.0019405643,0.0019568512,0.0019363621,0.0019056508,0.0019375542,0.0018928209,0.0019282112
2017-02-21,0.002768145,0.0027905265,0.0027855346,0.0027685026,0.0028094957,0.0028019259,0.0027992139,0.0027984837,0.0027618716,0.002775223,0.002810345,0.002755762,0.0027948925,0.002807499,0.0028199563,0.0028075287,0.002764062,0.0027988264,0.002754734,0.0027523348
2017-02-22,0.0009812126,0.0010221908,0.0010278085,0.0009889761,0.0010410408,0.0010438273,0.0010376582,0.001030595,0.0009925226,0.0010187337,0.0010489533,0.0009919712,0.0010309527,0.0010391781,0.0010479847,0.001044766,0.001003773,0.0010381499,0.0009859959,0.0009859512
2017-02-23,0.0010089288,0.0010335902,0.0010436038,0.0009854296,0.0010418603,0.0010399977,0.0010443339,0.0010334561,0.0009896467,0.0010094801,0.0010327408,0.0009941766,0.0010290453,0.0010315636,0.0010508159,0.0010397444,0.000998945,0.0010400275,0.0009865919,0.000987173
2017-02-24,0.0010163197,0.0010306397,0.0010449896,0.0009866962,0.0010409513,0.0010342756,0.001045377,0.001034216,0.0009917477,0.0010186741,0.0010367194,0.0010124156,0.0010332474,0.0010309527,0.0010489235,0.0010368237,0.0009940425,0.0010313103,0.00096145365,0.0009959349
2017-02-27,0.0022736797,0.002278463,0.0022890428,0.0022267262,0.002288864,0.0022777328,0.0022666464,0.0022946605,0.0022316584,0.002265201,0.002284349,0.0022529075,0.0022703419,0.0022671828,0.0022884468,0.0022787014,0.0022686133,0.0022801915,0.0022006193,0.0022339085
2017-02-28,0.0010498175,0.0010390738,0.0010271529,0.0009884248,0.0010477463,0.0010303715,0.0010238597,0.0010255584,0.000989289,0.0010011205,0.001038597,0.0010118196,0.001019747,0.0010246197,0.0010488043,0.0010377327,0.0010444382,0.0010325024,0.00095875654,0.000988082
2017-03-01,0.0010507563,0.0010302821,0.0010245154,0.000992463,0.0010488192,0.0010294179,0.0010211179,0.0010307143,0.0009904066,0.000999094,0.0010429779,0.0010135034,0.0010190019,0.0010252008,0.0010465989,0.0010356316,0.0010445872,0.0010360638,0.0009797672,0.0009875307
2017-03-02,0.0010412941,0.0010297308,0.0010210434,0.001035572,0.0010426054,0.0010336796,0.0010240534,0.0010214755,0.0009890953,0.0010037133,0.0010398487,0.001022921,0.0010212222,0.0010326812,0.0010406384,0.0010344544,0.0010476867,0.0010346035,0.0009687403,0.0009847591
2017-03-03,0.0024770508,0.0024609426,0.002446727,0.0024797628,0.002481372,0.0024671415,0.002462701,0.0024612257,0.0024234066,0.0024273405,0.0024743685,0.0024641315,0.0024561742,0.0024682144,0.0024725804,0.002464653,0.0024817595,0.0024751583,0.0024049887,0.002419741
2017-03-06,0.0010457346,0.0010251561,0.0010107169,0.0010400722,0.0010293135,0.001036928,0.0010307739,0.0010337094,0.0009882906,0.0009936253,0.001040996,0.0010286728,0.0010230849,0.0010325024,0.0010342309,0.0010331282,0.0010436485,0.0010308633,0.0009708712,0.0009863386
2017-03-07,0.0010425905,0.0010246942,0.0010070512,0.0010417262,0.0010136673,0.0010444531,0.0010107765,0.0010384778,0.0009886334,0.0009972611,0.0010355273,0.001040251,0.0010224441,0.0010374794,0.0010373155,0.0010262439,0.0010431269,0.0010352442,0.0009795139,0.0009854594
2017-03-08,0.0010484913,0.0010264376,0.0010356018,0.0010465095,0.0010213712,0.0010472098,0.0010144273,0.0010487149,0.000988991,0.0010034451,0.0010432461,0.0010457197,0.0010202238,0.0010144869,0.0010382095,0.0010334412,0.001048089,0.0010474334,0.0009794394,0.0009876797
2017-03-09,-0.0002070656,-0.00024890807,-0.00020941999,-0.00026643183,-0.0002466878,-0.00022956636,-0.00024390128,-0.00022725668,-0.0002774885,-0.00026407745,-0.00022044685,-0.00023226347,-0.00024507847,-0.00023881998,-0.00023110118,-0.00022974517,-0.00022004452,-0.0002211025,-0.00028733816,-0.00027549174
2017-03-10,-0.00054404046,-0.00057621207,-0.00055561867,-0.000607132,-0.000582858,-0.00056832936,-0.00057187583,-0.00057101157,-0.00061066356,-0.0005933335,-0.0005597463,-0.00056329276,-0.0005778661,-0.000566273,-0.0005621454,-0.0005621454,-0.00055310037,-0.0005522063,-0.00061713066,-0.0006089797
2017-03-13,0.0018619159,0.0018053809,0.0017976621,0.0017655054,0.0018106559,0.0018051425,0.0017946968,0.0018072436,0.0017650137,0.0018043527,0.0018229941,0.0018035332,0.0018167952,0.0017992565,0.0018120417,0.0018137256,0.0018202821,0.0018132189,0.0017579952,0.0017654458
2017-03-14,0.0010786662,0.0009918371,0.0010278085,0.0010246197,0.0010196278,0.00102608,0.00103061,0.0010213265,0.0009861896,0.0010224888,0.0010198066,0.0010303119,0.0010166029,0.0010109851,0.0010330686,0.0010324577,0.0010353634,0.0010390887,0.000978888,0.000990049
2017-03-15,0.0012158761,0.0012053559,0.0012098858,0.0012209574,0.0012015412,0.0012056092,0.001206995,0.0011841962,0.0011694292,0.0012016157,0.0012121359,0.0012127766,0.0012019882,0.0012111673,0.0012144754,0.0012129704,0.0012188563,0.0012090812,0.0011611441,0.0011661211
2017-03-16,-0.0013250401,-0.0013495823,-0.0013317307,-0.0013228497,-0.0013552746,-0.0013452908,-0.0013539633,-0.0013632467,-0.0013759127,-0.0013588509,-0.0013313284,-0.0013403734,-0.0013528606,-0.001344501,-0.0013408354,-0.0013431599,-0.0013336977,-0.001341953,-0.0013894876,-0.0013820669
2017-03-17,0.0011417726,0.0011367062,0.0011699656,0.0011679986,0.0011143247,0.0011492381,0.0011309544,0.0011420259,0.0011059204,0.00111051,0.001161159,0.0011444399,0.0011154572,0.0011482844,0.0011478076,0.0011472562,0.0011136392,0.0011502663,0.0010750452,0.0011040131
2017-03-20,0.00220503,0.002225549,0.002241657,0.0022414187,0.0022046724,0.002230526,0.0022083977,0.002226458,0.002184541,0.002204449,0.0022344152,0.0022141496,0.002221019,0.0021552453,0.0022236565,0.002227054,0.0021828273,0.0021945992,0.002169595,0.0021759132
2017-03-21,0.0010237107,0.0010302523,0.0010516802,0.0010503391,0.001013265,0.0010444233,0.0010267803,0.0010437081,0.0009873072,0.0010065744,0.0010509798,0.0010313699,0.0010271529,0.0010294924,0.0010387907,0.0010331282,0.000990347,0.0010140399,0.000960798,0.0009895572
2017-03-22,0.0010157833,0.0010183314,0.0010485062,0.0010495046,0.00095868204,0.0010439763,0.0010249773,0.001038299,0.0009943703,0.0010018805,0.0010540793,0.0010258118,0.0010309378,0.0010191957,0.0010374049,0.0010381499,0.0009912411,0.0010395804,0.00096249674,0.0009896765
2017-03-23,0.00101553,0.0010170797,0.0010374943,0.0010466287,0.0009565512,0.0010435143,0.0010234127,0.001047493,0.0009879181,0.0010281065,0.0010518292,0.0010333518,0.0010299543,0.0009996155,0.0010382691,0.0010383436,0.0009916732,0.000987024,0.000951753,0.000988693
2017-03-24,0.0010023424,0.0010223249,0.00104341,0.0010413388,0.0009546587,0.0010364214,0.0010264078,0.0010473737,0.0009889761,0.0010026703,0.0010533789,0.0010315934,0.0010344842,0.0010009268,0.0010388354,0.0010366449,0.0009945491,0.0009863982,0.0009631226,0.0009885589
2017-03-27,0.0010104338,0.0010279873,0.0010432908,0.001046286,0.00095597,0.0010410557,0.0010296563,0.0010433802,0.0009849379,0.0010263929,0.001045079,0.0010297904,0.001041011,0.0010002414,0.0010368982,0.0010391334,0.0009942213,0.0009851167,0.00095227454,0.0009887377
2017-03-28,0.0010115812,0.0010308931,0.0010436485,0.0010310272,0.0009464929,0.0010417262,0.0010334114,0.001050205,0.0009914646,0.0010323087,0.001051099,0.0010401914,0.0010386119,0.0010331431,0.0010400871,0.001038299,0.0009930739,0.0009750435,0.000958235,0.0009884844
2017-03-29,0.0008822242,0.0010311762,0.0010415623,0.0009979913,0.0009466121,0.0010430971,0.0010341266,0.0010314742,0.0009975443,0.0010392377,0.001044781,0.0010249624,0.0010492215,0.0010441551,0.0010448257,0.0010220716,0.000989289,0.0010151127,0.00095880125,0.0009981999
2017-03-30,0.0022766897,0.0024220506,0.0024152556,0.0023702392,0.0023273388,0.0024282197,0.0024173865,0.0024113217,0.002379761,0.0024295757,0.002432675,0.0024113515,0.0024269978,0.0024378756,0.0024258057,0.0024176547,0.0023685703,0.002402396,0.0023427615,0.0023926506
2017-03-31,0.00095222984,0.001155288,0.0010443488,0.0009658346,0.0009467164,0.0011169771,0.0010410855,0.0010259012,0.0011862973,0.0011346499,0.0010649124,0.0010234276,0.001121656,0.0010576406,0.0010568807,0.0010524252,0.0009921351,0.0009643147,0.0009605894,0.0009949366
2017-04-03,0.0009405473,0.0011736313,0.0010273019,0.0009884844,0.0009468803,0.0011154274,0.0010525743,0.0010307739,0.0011982033,0.0011554966,0.0010551373,0.0010226974,0.0010558078,0.0010599056,0.0010554055,0.0010562697,0.0009946832,0.00095748994,0.0009543011,0.0011078278
2017-04-04,0.0008943537,0.0010437379,0.0010532746,0.0009896616,0.0009468356,0.0010568658,0.0010350207,0.0010565827,0.0010037431,0.0010525892,0.001050503,0.0010564635,0.0010487298,0.0010519186,0.0010480145,0.0010573128,0.0010393718,0.0009631971,0.0009519914,0.0010619471
2017-04-05,0.0009198198,0.0010438869,0.0010430971,0.00096543226,0.0009468803,0.0010547796,0.0010440657,0.001048685,0.0009992579,0.0010487298,0.0010541091,0.0010500858,0.0010487596,0.0010459134,0.0010472098,0.0010476569,0.0010389248,0.0009631822,0.00095234904,0.0010084668
2017-04-06,0.0009787688,0.0011013905,0.0010463307,0.0009777555,0.00094752107,0.0010994235,0.0010442445,0.0010414729,0.0010802606,0.001068295,0.0010547051,0.0010375688,0.0010973373,0.0010505775,0.0010454366,0.0010480294,0.0010275701,0.0009478787,0.0009531686,0.0010376433
2017-04-07,-0.00892654,-0.008807509,-0.008855074,-0.00892724,-0.008959456,-0.008813514,-0.008864774,-0.008872523,-0.0088418415,-0.008842408,-0.008854314,-0.008872657,-0.008867054,-0.008862673,-0.008860393,-0.008861213,-0.008884995,-0.008959769,-0.0089601865,-0.008835166
2017-04-10,0.00065294,0.000817121,0.00071014557,0.00064982567,0.0009341845,0.0007756362,0.0006978521,0.0006929198,0.0006513456,0.0008323202,0.0007169405,0.0006871531,0.0007153461,0.000818477,0.0007171193,0.0007169256,0.0006768862,0.00061473344,0.0006144801,0.0006835619
2017-04-11,0.0009675482,0.0011623213,0.0010466287,0.0009783218,0.0012876848,0.0011058757,0.0010214457,0.001028494,0.0009845207,0.0011685351,0.0010472992,0.0010211775,0.0010417858,0.001146988,0.0010499517,0.0010466436,0.0010109553,0.00094719324,0.00094704423,0.0010260502
2017-04-12,0.00089877937,0.0010466138,0.0010364959,0.0009831646,0.0009735236,0.0010478506,0.0010287175,0.001042814,0.0009861598,0.0010529915,0.0010429779,0.0010347674,0.0010468671,0.0010595927,0.0010401467,0.0010451386,0.0009979466,0.00094704423,0.00096245203,0.0010365406
2017-04-13,-0.000105693005,1.75694e-05,6.053597e-08,-4.838314e-05,-5.996134e-05,1.7539598e-05,1.7152168e-05,2.7129427e-06,-3.8414262e-05,1.16685405e-05,1.3218261e-05,9.403564e-06,1.24285e-05,3.0712225e-05,1.2652017e-05,1.3933517e-05,-3.568735e-05,-8.290913e-05,-7.3089264e-05,1.6332604e-05
2017-04-17,0.0007964531,0.0009093592,0.0008551935,0.0007978389,0.00092670415,0.00091140065,0.00086927507,0.00085236225,0.00081491563,0.0008914331,0.0008566687,0.0008557299,0.0008542547,0.00092144404,0.00085605774,0.0008566985,0.00080853794,0.00076253805,0.00077256653,0.0008634785
2017-04-18,0.0009805718,0.0010937611,0.0010431418,0.00096142385,0.0010927031,0.0010910938,0.0010653893,0.0010407725,0.0009948919,0.0010639289,0.0010470161,0.0010384182,0.0010338584,0.0011044005,0.0010464052,0.0010487745,0.0010087648,0.00094705913,0.00095096324,0.0010356465
2017-04-19,-0.0016100695,-0.0014401963,-0.0015463075,-0.0016147634,-0.0013317456,-0.0015589437,-0.0015370538,-0.0015566042,-0.0014313003,-0.0013873419,-0.0015467992,-0.0015544584,-0.0015599867,-0.0014516404,-0.0015479764,-0.0015483489,-0.0015770784,-0.0016494682,-0.0016145399,-0.0015667966
2017-04-20,0.0030585984,0.0032338658,0.0031416127,0.0030711452,0.0033852765,0.003124402,0.003142343,0.0031291554,0.0032778988,0.0033344487,0.0031381557,0.0031228224,0.003125758,0.003243492,0.0031366656,0.0031396905,0.0031086216,0.0030369917,0.003049777,0.0031107673
2017-04-21,0.00090000127,0.0010564188,0.001048998,0.0009825686,0.0009751627,0.0010335604,0.0010564635,0.0010369131,0.0010010609,0.0010436038,0.0010463158,0.0010348121,0.0010437975,0.001064063,0.0010400424,0.0010504136,0.0010127136,0.00094710384,0.0009807805,0.001016573
2017-04-24,0.0009247074,0.0010549584,0.0010448406,0.0009749243,0.00096914265,0.0010299245,0.0010571936,0.001029701,0.0010056356,0.001032115,0.0010444084,0.0010348121,0.0010484913,0.0010601887,0.0010442445,0.0010450343,0.0010020742,0.00094702933,0.00097295735,0.0010279128
2017-04-25,0.0009813467,0.0010971585,0.001038299,0.0009857276,0.0011076787,0.0010278234,0.0010507712,0.0010292092,0.0010963241,0.0011041174,0.0010459283,0.0010275254,0.0010436634,0.0011002133,0.0010509798,0.0010487149,0.001001806,0.00094702933,0.0009597698,0.0010299096
2017-04-26,0.0010275105,0.0012075314,0.0010402063,0.0009826729,0.0014109323,0.0010301778,0.0010500113,0.0010339776,0.0012597302,0.0012764344,0.0010506371,0.001030759,0.0010457197,0.0012837211,0.0010535726,0.0010477761,0.0010112682,0.00094702933,0.00094878767,0.0010269592
2017-04-27,0.0009096572,0.0010376731,0.0010403702,0.0009843418,0.0009673694,0.0010284642,0.0010531554,0.0010278681,0.0009992132,0.0010367194,0.001050503,0.0010287771,0.0010355124,0.0010485211,0.0010531405,0.0010456005,0.00100422,0.0009470144,0.0009580264,0.0010260353
2017-04-28,0.0009270767,0.0010437081,0.001044915,0.0009866515,0.00095763896,0.0010298798,0.0010598013,0.0010346929,0.0009980956,0.0010304758,0.0010534832,0.0010274956,0.0010361681,0.0010467479,0.00105247,0.0010490725,0.0010032067,0.00094702933,0.0009571323,0.0010252902
2017-05-01,0.0009387592,0.001053364,0.0010420838,0.00096140895,0.0010145465,0.0010283599,0.001063765,0.0010296116,0.0010012845,0.001048536,0.0010531703,0.0010206411,0.0010351697,0.0009838352,0.0010365853,0.0010489086,0.0010084817,0.00094705913,0.00094716344,0.0010252008
2017-05-02,0.0009844014,0.0010922113,0.0010430226,0.0009816298,0.0011730352,0.0010331878,0.0010603825,0.0010318467,0.0010726908,0.0011001239,0.0010459581,0.0010242919,0.0010405937,0.0010247836,0.0010353485,0.0010479549,0.0010233531,0.0009469995,0.00094714854,0.0010312656
2017-05-03,0.0027052918,0.0028146962,0.002801315,0.002746896,0.0027285824,0.0027915249,0.0028167823,0.0027947733,0.0027582655,0.002810941,0.0028018365,0.002775834,0.0028126398,0.0027255872,0.0027967999,0.0028105238,0.0027861902,0.002782599,0.0027100006,0.0027850429
2017-05-04,0.00094452593,0.0010503838,0.0010403702,0.0009797225,0.00095518027,0.0010367939,0.0010478059,0.0010314295,0.000990958,0.0010338733,0.0010282705,0.0010149041,0.0010485956,0.00096027646,0.0010430077,0.0010464201,0.0010247687,0.0010267058,0.00094708893,0.001019747
2017-05-05,0.0007156888,0.0008950839,0.0007695863,0.0007043341,0.0007409761,0.00083841477,0.0007848749,0.0007539848,0.000914813,0.00086887274,0.0007513324,0.0007500658,0.0007707933,0.0009982297,0.00077298377,0.0007681856,0.0007413635,0.00074415,0.00067263935,0.00074566994
2017-05-08,0.0024719695,0.002606974,0.002591611,0.0025481293,0.0025740722,0.0025978843,0.0026034722,0.0025856206,0.0025583068,0.0026048282,0.0025849799,0.0025823275,0.0025997618,0.002527357,0.0025903592,0.0025946656,0.0025555203,0.0025770972,0.0025108317,0.002598689
2017-05-09,0.00092806015,0.0010403255,0.0010380605,0.0009775767,0.0010116855,0.0010422925,0.0010407874,0.0010291794,0.0009984234,0.0010406682,0.0010315338,0.0010303864,0.0010378221,0.0009579817,0.0010352442,0.0010388205,0.0009951601,0.0010305056,0.00095348153,0.0010451833
2017-05-10,0.00093846116,0.0010452876,0.001038433,0.0009860555,0.0010187486,0.0010434845,0.0010397295,0.0010331282,0.0010008821,0.0010273168,0.0010344544,0.001028643,0.001034976,0.0009606788,0.0010316828,0.0010318765,0.0009920159,0.0010252604,0.00095643196,0.0010487745
2017-05-11,0.0009863833,0.0010899166,0.001036779,0.0009896616,0.0010288069,0.0010968158,0.0010329345,0.001043872,0.0010716626,0.0010811994,0.0010369876,0.0010317871,0.001036481,0.0010930011,0.0010323832,0.0010388205,0.0009966353,0.0010280618,0.00096140895,0.0010351846
2017-05-12,0.0009439746,0.0010441104,0.0010384629,0.0009795139,0.0010200748,0.0010386864,0.0010401914,0.0010403702,0.0009923885,0.0010443935,0.0010309527,0.001033009,0.0010353038,0.00094987545,0.0010415921,0.0010335008,0.0009864727,0.0010291347,0.0009646276,0.0010321448
2017-05-15,0.0009441385,0.0010441402,0.0010331133,0.0009794394,0.00101854,0.0010446766,0.0010320107,0.0010238299,0.0009945789,0.0010408768,0.001020656,0.0010379413,0.0010354528,0.0009491155,0.0010379413,0.0010362128,0.0009880224,0.0010296861,0.00096522365,0.001046137
2017-05-16,0.0009457329,0.0010458687,0.0010367641,0.0009804675,0.0009618709,0.001049743,0.0010327855,0.0010337392,0.0009982893,0.0010511884,0.0010372857,0.0010432312,0.0010414431,0.00094854925,0.0010391036,0.001048536,0.0009880075,0.0010322938,0.0009632865,0.001044781
2017-05-17,0.00094601605,0.0010452429,0.0010364512,0.0009923736,0.00096280966,0.0010510543,0.0010337541,0.0010400126,0.0009972164,0.0010478208,0.0010317871,0.0010427395,0.001042665,0.00094860885,0.0010319958,0.0010451833,0.0009936104,0.0010380903,0.000968338,0.0010552565
2017-05-18,0.0009906301,0.0010391036,0.0010355422,0.000991256,0.0012796083,0.0011328468,0.001028792,0.0010257075,0.0011915425,0.0012001554,0.0010322789,0.00103964,0.0010392824,0.0012655417,0.0010384033,0.0010454366,0.0009923289,0.001037688,0.00096292887,0.0010572085
2017-05-19,0.00091376994,0.0010411153,0.001036332,0.0009910027,0.0010302523,0.0010495195,0.0010332474,0.0010355124,0.0010053823,0.0010422627,0.0010321448,0.0010366598,0.0010400126,0.00096517894,0.0010374645,0.0010399381,0.0009869048,0.0010345737,0.0009643147,0.0010490278
2017-05-22,0.00093044434,0.0010397742,0.0010432908,0.0009930292,0.0009636441,0.0010468969,0.0010424862,0.0010336945,0.0010079155,0.0010328749,0.0010295669,0.0010388205,0.0010347972,0.0009962032,0.0010401765,0.0010377178,0.0009868154,0.0010400424,0.0009584734,0.001050056
2017-05-23,0.0009404877,0.001048387,0.0010382095,0.0009984234,0.00096397195,0.0010465095,0.0010334114,0.0010330239,0.0010081986,0.0010416815,0.0010291049,0.0010390589,0.0010391632,0.00096657965,0.0010398487,0.0010418603,0.0009875456,0.0010431865,0.00096266065,0.001051859
2017-05-24,0.00025311206,0.0002728263,0.00025808904,0.00022080634,0.00063681696,0.00032517407,0.00025464687,0.00025342498,0.00050191674,0.0004449794,0.0002498189,0.0002628425,0.000265331,0.00063647423,0.00025276933,0.00026436243,0.00021316204,0.00044314656,0.00018717442,0.00027749036
2017-05-25,0.0009120265,0.0010521421,0.0010324726,0.0009924928,0.0009769062,0.0010480443,0.0010330686,0.0010299841,0.001006783,0.0010468522,0.0010390142,0.0010344842,0.0010406831,0.0009668777,0.0010321597,0.0010386566,0.0009869942,0.0010318616,0.0009648511,0.0010482529
2017-05-26,0.00092919264,0.001039044,0.0010394314,0.0009970674,0.0009580264,0.0010492364,0.001030297,0.0010437677,0.0010371218,0.001035721,0.0010333965,0.0010475228,0.0010365108,0.0009975443,0.0009960243,0.0010353783,0.0009854892,0.0010401765,0.0009694109,0.0010459879
2017-05-30,0.00038994942,0.00048686657,0.000493885,0.00044784043,0.00045830105,0.00049677584,0.00048294757,0.00049924944,0.0004965374,0.000479416,0.0004871348,0.0005014846,0.00048528705,0.00045238528,0.00044161174,0.00048649404,0.00043673906,0.00049311016,0.00042991433,0.0004951069
2017-05-31,0.0010310868,0.0010360936,0.0010363022,0.0010052929,0.0014191279,0.0011359015,0.0010403702,0.0010498324,0.0012435922,0.0010838965,0.0010303566,0.0010411153,0.0010320554,0.0013245353,0.0010092864,0.0010341713,0.0009875903,0.0011843154,0.0009792903,0.0010529766
2017-06-01,0.0009673694,0.0010459581,0.001036928,0.0009948323,0.00096805487,0.0011419067,0.0010414878,0.0011447975,0.0011493722,0.001034827,0.0010420987,0.001032264,0.0010336647,0.0011823187,0.0010028491,0.0010376135,0.0009866366,0.0011327425,0.0009794245,0.0010502497
2017-06-02,0.0021485547,0.0022854665,0.002282546,0.0022483924,0.0022082487,0.002308772,0.0022853324,0.002281786,0.0022986392,0.002271385,0.002295182,0.0022752741,0.0022785673,0.0022639642,0.0022415677,0.0022879848,0.0022363672,0.0022910992,0.0022311816,0.0023023346
2017-06-05,0.0016021887,0.00172335,0.0017080763,0.0016670087,0.0016539553,0.0017317394,0.0017316202,0.0017002681,0.0016896436,0.0017239163,0.0017267624,0.0016916553,0.0017197141,0.0017456869,0.0016661296,0.0017234096,0.0016951272,0.0017248997,0.0016406337,0.0017240653
2017-06-06,0.0009809891,0.0010434249,0.0010363022,0.0009901086,0.0010941038,0.0010842094,0.0010357061,0.0010418603,0.00109242,0.0010227719,0.0010278383,0.0009941617,0.0010383585,0.0011052946,0.0010300288,0.0010394165,0.0010139057,0.0010938654,0.0009795586,0.0010214904
2017-06-07,0.002667428,0.0027251402,0.0027155885,0.0026709149,0.0026315907,0.0027588913,0.0027160803,0.002774612,0.0027728984,0.0027039507,0.00270255,0.0026810179,0.0027181068,0.0027786652,0.0027127573,0.0027193436,0.0026935795,0.0027678618,0.0026630322,0.002699376
2017-06-08,0.0009415159,0.0010425458,0.0010235021,0.0009902129,0.0009493241,0.0010140846,0.001036332,0.0010529319,0.0010506222,0.0010145912,0.0010192702,0.0010140548,0.0010365257,0.0010221759,0.0010206113,0.0010322938,0.0010062763,0.0010238895,0.0009822557,0.0010129372
2017-06-09,0.0017720172,0.0017383108,0.0017191032,0.0016943673,0.0016705105,0.001711742,0.0017225603,0.0017329315,0.0017335573,0.0017074952,0.0017250339,0.0016989419,0.0017252723,0.0017023245,0.0017191628,0.00172712,0.001691551,0.0017179856,0.001665161,0.0017096857
2017-06-12,0.0010687271,0.0010270933,0.0010215798,0.0009906301,0.0010072598,0.0010270784,0.0010391185,0.0010295967,0.0010523805,0.0010207454,0.0010329047,0.0009902129,0.0010352293,0.0010432908,0.0010181526,0.0010378668,0.0010128627,0.0010321895,0.0009630928,0.001028941
2017-06-13,0.0010565827,0.0009990791,0.001023368,0.0009869942,0.0010414729,0.0010296861,0.0010416219,0.0010255883,0.0010587731,0.0010187039,0.0010336796,0.0010094652,0.0010370174,0.0010502944,0.001027585,0.0010345588,0.0010251263,0.001035423,0.0009617815,0.0010307739
2017-06-14,0.003170834,0.0031680623,0.003183038,0.0031375894,0.0031739334,0.0031756023,0.0031907717,0.0031601796,0.0032013664,0.0031622062,0.003180475,0.0031455169,0.003184677,0.0031944076,0.0031518051,0.003185452,0.0031844536,0.0031919936,0.0031089047,0.0031776289
2017-06-15,-0.0024921736,-0.002454101,-0.0024465015,-0.0024858257,-0.002442806,-0.002448707,-0.0024316302,-0.0024531474,-0.0024209162,-0.0024579605,-0.0024445793,-0.0024863323,-0.002438291,-0.0024205437,-0.0024521789,-0.0024395725,-0.0024739495,-0.0024371883,-0.0025201878,-0.0024502268
2017-06-16,0.0020654956,0.002108098,0.002113388,0.0020737955,0.002105684,0.0020442614,0.002126486,0.0021046856,0.0021354565,0.0021024654,0.0021166066,0.0020742426,0.0021163533,0.0021224925,0.002109901,0.002114565,0.002099962,0.002119706,0.0020270208,0.0021074275
2017-06-19,0.0008415291,0.00086367223,0.00086498354,0.0008234838,0.0008531967,0.0007911781,0.0008940855,0.0008621523,0.0008412907,0.00086665247,0.0008724937,0.00088320766,0.000871853,0.00086911116,0.0008629123,0.00087517593,0.0008591572,0.0008802572,0.00078329537,0.0008582333
2017-06-20,0.0010238597,0.0010333518,0.0010338733,0.0009879032,0.0010304311,0.0009781132,0.0010471502,0.0010522613,0.0009957263,0.0010223845,0.0010288218,0.0010515908,0.0010377476,0.0010460475,0.0010325471,0.0010297308,0.0010284642,0.0010288963,0.00094722304,0.0010240087
2017-06-21,0.0010397593,0.0010431865,0.0010399977,0.0009928504,0.0010376731,0.0009789327,0.0010450641,0.0010497728,0.00099215,0.0010209391,0.001020194,0.0010576257,0.0010408917,0.0010481784,0.001030759,0.0010229358,0.0009758333,0.0010200152,0.00094713364,0.0010322342
2017-06-22,0.0014742473,0.0014754394,0.0014750818,0.0014379183,0.0014818171,0.0014224956,0.0014817575,0.0014969269,0.0014193365,0.001460568,0.0014604041,0.0014861533,0.0014788071,0.001489819,0.0014600912,0.0014564702,0.0014166245,0.0014635483,0.0013831863,0.0014695236
2017-06-23,0.0010453025,0.0010388652,0.0010109106,0.0010000328,0.0010488192,0.000974969,0.0010421583,0.0010577152,0.0009864876,0.0010240683,0.0010286877,0.0010460028,0.0010420093,0.0010578344,0.0010289857,0.0010133991,0.000989587,0.0010322938,0.00094707403,0.0010467926
2017-06-26,0.00088298414,0.0008694986,0.00085367355,0.0008276263,0.0008748481,0.00079310033,0.00087677035,0.0008772025,0.0008199224,0.00085382257,0.00085421,0.0008800784,0.00087007973,0.0008825669,0.00084076915,0.00084856246,0.00081789587,0.0008685896,0.0007756213,0.00088319276
2017-06-27,0.0010433504,0.0010433802,0.0010408768,0.0009938935,0.0010469416,0.0009916434,0.0010428587,0.0010370621,0.0009834776,0.0010276595,0.001040847,0.0010426799,0.0010428438,0.0010534236,0.0010233829,0.001024277,0.0009569088,0.001042203,0.00094708893,0.0009659836
2017-06-28,0.0010446766,0.0010473141,0.0010434547,0.0009923587,0.001052768,0.0010050843,0.001042814,0.0010492811,0.000984014,0.0010210881,0.0010341415,0.0009967098,0.0010414133,0.0010540793,0.0010026256,0.0010318467,0.0010215351,0.0010539005,0.0009735832,0.0010362128
2017-06-29,0.0010434696,0.0010454813,0.0010534236,0.00098838,0.0010563442,0.0010002563,0.0010462562,0.0010460922,0.0009819726,0.0010025809,0.0010348717,0.0009855339,0.0010376582,0.0010535279,0.0010251561,0.0010366449,0.0010270933,0.001038284,0.00094919,0.0010526935
2017-06-30,0.0026452253,0.002630205,0.0026318291,0.0025988827,0.0026260773,0.0025954405,0.0026534954,0.0026513347,0.0025836537,0.0026295492,0.0026265988,0.0026024291,0.0026377598,0.002663062,0.0026456872,0.0026424984,0.0026237378,0.0025742957,0.0025773803,0.0026577422
2017-07-03,-0.0004673293,-0.00048980024,-0.000517725,-0.0005367091,-0.0004931083,-0.0004779389,-0.00046834257,-0.0004725596,-0.00053484645,-0.0004968485,-0.00048574712,-0.0005172184,-0.0004896065,-0.00046442356,-0.00047835615,-0.00048711803,-0.00050766673,-0.0005601784,-0.0005455306,-0.0004701158
2017-07-05,0.0010349015,0.0010315189,0.0010080496,0.0009862045,0.0010145614,0.0010005096,0.0010422776,0.0010066638,0.0010103742,0.0010260502,0.0010256479,0.000991554,0.0010294626,0.0010501156,0.0010383883,0.0010304162,0.0010104934,0.0010425011,0.0009838501,0.0010543475
2017-07-06,0.0010356614,0.0010301331,0.0010227272,0.0009853998,0.0010143379,0.0010364363,0.0010374496,0.0010119984,0.0010286728,0.0010242471,0.0010273466,0.0010021934,0.0010332325,0.0010493556,0.0010244111,0.0010251859,0.001013712,0.0010282705,0.00097410474,0.0010465095
2017-07-07,-0.0029137125,-0.0029123118,-0.002921342,-0.0029531708,-0.0029215505,-0.0029053232,-0.0029074093,-0.0029355576,-0.0029086908,-0.0029248884,-0.0029231599,-0.0029440215,-0.0029136976,-0.002900212,-0.002935945,-0.0029212227,-0.0029268852,-0.0029419055,-0.0029607406,-0.0029033711
2017-07-10,0.0011990527,0.0011986205,0.0012067119,0.0011639306,0.0011971304,0.0011969814,0.0012125233,0.0011909315,0.0012144009,0.0011966685,0.0011673132,0.0011913786,0.0012073526,0.0012259344,0.00119871,0.0012006918,0.001194031,0.0011975924,0.0011598477,0.001221911
2017-07-11,0.0010261396,0.0010302374,0.0010234723,0.0009841779,0.001032562,0.0009917477,0.0010405639,0.0009947876,0.0010088095,0.0010199556,0.0010206709,0.00099367,0.0010331282,0.001043112,0.0010445872,0.0010319361,0.0010155151,0.0010215649,0.0009821067,0.0010382691
2017-07-12,0.0010437379,0.0010291049,0.0010379413,0.0009893784,0.0010199109,0.000983269,0.0010485658,0.0010240236,0.0009982297,0.0010284642,0.0010261247,0.0010411004,0.0010347227,0.0010547498,0.001038135,0.0010335157,0.0010286579,0.0010357508,0.0009618411,0.0010532746
2017-07-13,-0.0014584651,-0.0014409563,-0.0014294079,-0.001483812,-0.001455768,-0.0014964482,-0.0014270833,-0.0014457246,-0.0014882823,-0.00145094,-0.0014628014,-0.0014260104,-0.0014417162,-0.0014169058,-0.0014350107,-0.0014389893,-0.0014511636,-0.0015205583,-0.0014984598,-0.0014238944
2017-07-14,0.0010127733,0.0010360638,0.001043723,0.0009916434,0.0010291347,0.0009859512,0.0010439316,0.001014025,0.0009839544,0.001025469,0.0010112235,0.0010503689,0.0010330239,0.0010547647,0.0010396848,0.0010304609,0.0010210136,0.00094711874,0.0009779045,0.0010475377
2017-07-17,0.0028327564,0.002834783,0.0028273324,0.0027802149,0.0028177062,0.002784864,0.0028360644,0.002815322,0.0027798126,0.0028203437,0.0028001824,0.0028488198,0.0028225938,0.0028516361,0.0028062323,0.002824203,0.0028156945,0.0027424851,0.002774776,0.002838076
2017-07-18,0.0026730755,0.0026682625,0.0026606629,0.0026215175,0.0026684413,0.0026133964,0.0026677856,0.0026565054,0.0026135305,0.0026514838,0.002655835,0.0026748488,0.00265807,0.0026821354,0.0026544938,0.002653108,0.0026468942,0.0025756815,0.0025754878,0.0026751915
2017-07-19,0.0010394612,0.001042963,0.0010432759,0.0010060677,0.0010227421,0.0009873966,0.0010397593,0.0010298947,0.0009801844,0.0010296265,0.0010295073,0.0010456303,0.0010326365,0.0010539452,0.0010367343,0.0010376284,0.0010073641,0.0009453902,0.0009591589,0.0010529915
2017-07-20,0.0010334263,0.0010413835,0.001040698,0.0009905407,0.0010281214,0.0009895274,0.0010444829,0.001014472,0.0009783814,0.0010267207,0.0010322044,0.0010471949,0.0010341564,0.0010490129,0.0010420689,0.001038433,0.001018689,0.0009975294,0.0009605447,0.0010543922
2017-07-21,0.0010409812,0.0010140548,0.0010419795,0.0010015378,0.0010193149,0.0009867707,0.001047478,0.0010146955,0.0009837309,0.0010255584,0.001031057,0.0010433951,0.0010332474,0.0010497877,0.0010200003,0.0010347525,0.0010100016,0.0010183463,0.0009784857,0.0010508457
2017-07-24,0.0025703171,0.002555729,0.0025594244,0.0025060782,0.0025287727,0.0025036642,0.002564923,0.0025477866,0.0024995813,0.0025402317,0.0025203833,0.0025659213,0.0025464008,0.0025651315,0.002530829,0.0025515715,0.0025429586,0.0025396356,0.0024873177,0.0025656233
2017-07-25,0.0010465244,0.0010299096,0.001040996,0.0010025064,0.0010234276,0.000987784,0.0010408768,0.0010239938,0.0009820918,0.0010040114,0.0010206709,0.0010490427,0.0010305652,0.0010481933,0.0010100463,0.0010329345,0.0010155151,0.001008884,0.00097426865,0.0010520378
2017-07-26,0.0010615299,0.0010438422,0.0010427395,0.0009951899,0.0010266909,0.0009923885,0.0010452429,0.0010358253,0.0009848485,0.0010171244,0.0010155598,0.001046733,0.0010291347,0.0010473141,0.0010064105,0.0010266611,0.0010221461,0.0010278234,0.0009769211,0.0010513375
2017-07-27,0.0010574171,0.0010484466,0.0010434249,0.0009924332,0.0009947876,0.0009903172,0.0010432312,0.0010046074,0.0009866664,0.0010283897,0.0010097334,0.0010432908,0.0010351101,0.0010016272,0.0010311464,0.0010338584,0.0010235319,0.0010055909,0.0009670863,0.001052604
2017-07-28,0.001400576,0.0013841847,0.0013941983,0.0013316879,0.0013520429,0.0013371268,0.0013906816,0.0013823668,0.0013364414,0.0013808766,0.001380072,0.0013948986,0.0013832757,0.0013867179,0.0013543824,0.0013719508,0.0013828287,0.0013857046,0.0013319114,0.0013913969
2017-07-31,0.0008417079,0.0008353749,0.0008273134,0.0007706443,0.000785158,0.0007747421,0.0008271793,0.0008064369,0.00076879654,0.00082264934,0.00081007276,0.00083431695,0.000820891,0.00083570275,0.00081892405,0.0007977942,0.0008285502,0.0008282522,0.00076904986,0.00083322916
2017-08-01,0.001047329,0.0010422477,0.0010387758,0.0010207156,0.0009913305,0.000990943,0.0010454217,0.0010039518,0.0009841183,0.0010115961,0.0010084817,0.0010426948,0.0010380307,0.0010160664,0.0010188082,0.0010341713,0.0010382244,0.0010089437,0.00097178016,0.0010410259
2017-08-02,0.001048849,0.0010388801,0.0010450343,0.0010005841,0.0009893933,0.0009914497,0.0010488937,0.0010284046,0.0009847144,0.0010277638,0.0010207901,0.0010383287,0.0010377327,0.0010465095,0.0009934613,0.0010272572,0.0010258267,0.0010274658,0.0009816596,0.0010409364
2017-08-03,0.0010212371,0.0010404894,0.0010369429,0.0009864727,0.0010378519,0.0010162303,0.0010404447,0.0010039518,0.00097400043,0.0010252455,0.0010109702,0.0010387311,0.0010348866,0.0010400722,0.000995324,0.0010372559,0.0010221014,0.0010048458,0.0009854743,0.0010417709
2017-08-04,-0.0024432829,-0.0024254164,-0.0024157306,-0.0024261167,-0.002406477,-0.002443268,-0.0024130335,-0.0024564555,-0.0024813851,-0.0024365326,-0.0024348488,-0.0024107983,-0.0024187854,-0.0024338504,-0.0024270406,-0.0024098447,-0.0024113795,-0.002472668,-0.0024714908,-0.0024106791
2017-08-07,0.0010381797,0.0010256032,0.0010343799,0.0010338733,0.0010424862,0.0009658793,0.0010361383,0.0009954879,0.0009856978,0.001022906,0.0009953389,0.0010441402,0.0010333667,0.0010316083,0.0010419795,0.001032711,0.0010182718,0.0009947727,0.0009797672,0.0010484317
2017-08-08,0.0010488192,0.0010291794,0.0010308633,0.0010443637,0.0010358104,0.0009622881,0.0010347823,0.0010028789,0.0009872476,0.0010253647,0.0009892741,0.0010426203,0.0010325024,0.0010225484,0.0010384182,0.0010404149,0.0010285983,0.0010092566,0.0009787241,0.0010411451
2017-08-09,0.001066328,0.0010269592,0.001039655,0.0010338137,0.001010404,0.00096526835,0.0010339478,0.0010092417,0.000984923,0.0010291496,0.0010019401,0.0010418305,0.0010324875,0.0010142336,0.001047478,0.0010354826,0.0010378817,0.0010169754,0.0009784857,0.0010488639
2017-08-10,0.001060904,0.0010364214,0.0010346333,0.0010371963,0.0010263482,0.0009646425,0.0010068277,0.0009873221,0.0009852657,0.0010264823,0.000992314,0.0010408321,0.001030595,0.0010394314,0.001044468,0.0010350058,0.0010259757,0.0010194341,0.0009822259,0.0010472247
2017-08-11,0.00104794,0.0010327706,0.0010476569,0.0010010013,0.0010140995,0.0009467462,0.0010241875,0.0010091523,0.000962154,0.0010276297,0.0010360042,0.0010185847,0.0010333965,0.0010048458,0.0010512033,0.0010347376,0.0010245005,0.0010137716,0.00096650515,0.0010515014
2017-08-14,0.0010447213,0.0010341862,0.0010326514,0.0010352293,0.0010202983,0.0009468654,0.0010346035,0.0010171542,0.0009820918,0.0010224888,0.0010380754,0.0010358552,0.0010347376,0.0010200301,0.0010463754,0.0009933421,0.0010426799,0.0010175416,0.0009712437,0.0010138461
2017-08-15,0.001043559,0.0010202089,0.0010318914,0.0010398338,0.0009725401,0.0009725997,0.0010414431,0.0010195682,0.0009826133,0.0010254243,0.0010444233,0.0010381648,0.0010432312,0.0010143081,0.0010419199,0.0010285089,0.0010353038,0.0010182867,0.00097562466,0.000969992
2017-08-16,0.0010382691,0.0010115812,0.0010364661,0.0010381946,0.0009649554,0.00097538624,0.0010470459,0.0010290751,0.0009783516,0.0010259161,0.0010527531,0.0010393867,0.0010438273,0.000984163,0.0010370174,0.0010375688,0.0010279873,0.0010183612,0.00097443257,0.000966073
2017-08-17,0.00096029136,0.00096140895,0.00097280834,0.00093676243,0.0008963356,0.0009200433,0.000983865,0.00097015593,0.000902907,0.00096538756,0.00097783,0.0009793201,0.0009762058,0.0009792158,0.0009708712,0.00097449217,0.0009451518,0.0009811381,0.0009091804,0.0009015361
2017-08-18,-0.00013565924,-0.00015346613,-0.000121979974,-0.00017727818,-0.0002057394,-0.0001916131,-0.00012189057,-0.00012953486,-0.00020688679,-0.00014075544,-0.00011947658,-0.00013850536,-0.00012844708,-0.00011280086,-0.00013345387,-0.000117867254,-0.00015459862,-0.00012542214,-0.00019320752,-0.00018863287
2017-08-21,0.0019317279,0.0019270638,0.001938791,0.0018884549,0.0018388787,0.0018859515,0.0019411454,0.0019277642,0.0018533329,0.0019182125,0.0019427547,0.0019181827,0.0019296268,0.0019512931,0.00193517,0.0019341717,0.0018979469,0.0019428739,0.0018733898,0.0018672058
2017-08-22,0.0010401765,0.0010433802,0.0010434696,0.0009824792,0.00094713364,0.0009939382,0.0010392973,0.0010368982,0.00096036587,0.0010322491,0.0010269145,0.001009644,0.0010385523,0.0010507563,0.0010448406,0.0010392079,0.0010183761,0.0009900043,0.000978128,0.0010296563
2017-08-23,0.0010460028,0.0010382244,0.0010407278,0.0009839395,0.00094714854,0.0009984383,0.0010395357,0.001044468,0.0009622136,0.00103587,0.0010390589,0.0010163942,0.0010391185,0.001040102,0.0010471651,0.0010413388,0.0010286281,0.001028345,0.00097560976,0.0010163793
2017-08-24,0.002899886,0.0029072622,0.00290911,0.0028575817,0.002815635,0.0028594295,0.0029055784,0.0029145041,0.0028200755,0.0029074112,0.002876834,0.0028941194,0.0029036263,0.002908961,0.0029117325,0.0029070536,0.002891154,0.0028930912,0.002842472,0.0028616944
2017-08-25,0.0010444233,0.0010462413,0.0010489235,0.0009882906,0.00094708893,0.0009910325,0.0010466436,0.0010507861,0.0009492794,0.0010440359,0.0010004202,0.0010278681,0.0010397891,0.0010441253,0.0010489831,0.0010294775,0.001024426,0.0010311017,0.00097535644,0.0009735236
2017-08-28,0.001040847,0.0010402808,0.001041905,0.0009931633,0.0009726593,0.0009904513,0.0010423223,0.0010368535,0.0009517828,0.0010290453,0.0010193149,0.0010169307,0.0010323683,0.0010462562,0.0010427991,0.0010380307,0.00101176,0.0010445574,0.0009803185,0.0009876648
2017-08-29,0.0010458985,0.0010454366,0.001043112,0.0009824643,0.0009762058,0.0009646574,0.0010441998,0.0010440955,0.00095124636,0.0010293433,0.0010348717,0.0010307739,0.0010342011,0.0010451237,0.0010446319,0.0010402808,0.0010161856,0.0010291496,0.0009809444,0.0010286281
2017-08-30,0.001043261,0.0010388205,0.0010416666,0.0009884248,0.0009786794,0.0009906599,0.0010457346,0.001047344,0.00095248315,0.00102307,0.0010407576,0.0010226378,0.0010335306,0.0010460475,0.0010435143,0.0010388354,0.0010178844,0.0010318765,0.0009807656,0.0010433057
2017-08-31,0.0010347525,0.001024277,0.0010398636,0.0009880671,0.0009802738,0.000987337,0.0010369429,0.001047031,0.00094880257,0.0010058293,0.0010469714,0.0010202983,0.0010297904,0.0010439614,0.0010362724,0.0010418007,0.0010185251,0.0009998837,0.0009775022,0.0010366151
2017-09-01,0.0010284195,0.0010296414,0.0010404298,0.0009904662,0.0009984532,0.0009934166,0.0010468522,0.0010466287,0.000953109,0.0010204772,0.0010494748,0.0010236362,0.0010329345,0.0010503838,0.0010324875,0.0010401467,0.0010210583,0.0010262439,0.0009782026,0.0010321299
2017-09-05,0.0010226527,0.0010291943,0.0010471949,0.0009865323,0.0009959647,0.0010096589,0.0010435442,0.0010409215,0.00096252654,0.0010010013,0.0010342756,0.0010201642,0.0010345588,0.0010446021,0.0010363469,0.0010393718,0.0010160664,0.0010238895,0.00097422395,0.0009982744
2017-09-06,0.0010317424,0.001024724,0.0010485509,0.0010279426,0.00097052846,0.0009900639,0.0010396102,0.001040996,0.00094983075,0.001006485,0.0010428587,0.001016737,0.0010369876,0.0010001818,0.0010406384,0.0010421732,0.0010314742,0.0009945789,0.0009798268,0.0010323236
2017-09-07,0.0010276595,0.0010388801,0.0010472396,0.0010386268,0.00096759293,0.0009963224,0.0010433802,0.0010307739,0.0009543905,0.0010117302,0.0010420689,0.0010130117,0.0010398636,0.0009896616,0.0010400573,0.0010432759,0.0009942362,0.0010150829,0.0009854892,0.0010329047
2017-09-08,0.0010424862,0.0010435442,0.0010473737,0.001042218,0.0009671161,0.0009974102,0.001038895,0.0010423074,0.0009534219,0.0010153214,0.0010395208,0.001024873,0.0010430375,0.0009794245,0.001045973,0.0010439018,0.0009925077,0.0010154257,0.0009840438,0.0010466138
2017-09-11,0.0018118629,0.0018245587,0.0018278966,0.0018194029,0.0017363736,0.001775817,0.0018162141,0.0018217424,0.0017486671,0.0018086741,0.0018207887,0.0018089721,0.001812906,0.0017595747,0.0018003741,0.0018173913,0.0017986456,0.0018003741,0.0017616907,0.0017730901
2017-09-12,0.0010246346,0.0010464201,0.0010501454,0.0010523209,0.00094740186,0.0009942362,0.0010429481,0.0010384629,0.0009656409,0.0010264525,0.0010462115,0.0010004798,0.001038597,0.001014323,0.0010173777,0.0010403851,0.0010238895,0.001035274,0.0009824345,0.0009812275
2017-09-13,0.0010301778,0.0010425905,0.0010407427,0.0010006586,0.00094734225,0.0009981999,0.0010395506,0.0010318318,0.00096920226,0.0010404596,0.0010336945,0.0009908238,0.0010371665,0.0010213116,0.0010198513,0.0010355124,0.0010286132,0.0010331282,0.0009810338,0.0010235766
2017-09-14,0.0010282556,0.001046435,0.0010364363,0.0010092119,0.00094722304,0.0009921053,0.0010403404,0.001036034,0.000966222,0.0010409663,0.0010331878,0.0009909878,0.0010364661,0.0010234127,0.001026378,0.0009964416,0.0010243366,0.001020194,0.0009823004,0.0010333667
2017-09-15,0.0010509202,0.0010402808,0.0010308037,0.0009931037,0.00094708893,0.0009991834,0.0010349015,0.0010163793,0.0009794245,0.0010416666,0.0010383883,0.0009903917,0.0010382691,0.0010222951,0.001038448,0.001030595,0.0010266164,0.0010147849,0.000983418,0.0010554949
2017-09-18,0.0017017135,0.0016914913,0.0016455511,0.0016451785,0.0015938142,0.0016443441,0.0016864697,0.0016814778,0.0016306201,0.0016949484,0.0016889581,0.0016302476,0.0016873935,0.0016818354,0.0016854713,0.001684309,0.0016829083,0.0016429434,0.001630784,0.0017090598
2017-09-19,0.0010543624,0.0010457793,0.0010047117,0.0010226676,0.0009469995,0.0009959498,0.0010356763,0.0010421732,0.0009872476,0.0010449896,0.0010376284,0.0009915093,0.001040102,0.0010261098,0.0010467777,0.0010423372,0.0010254094,0.0010226825,0.0009857723,0.0010532001
2017-09-20,0.0031355927,0.0031356523,0.0031272927,0.0030984143,0.003038601,0.003083543,0.0031021843,0.0031338194,0.0030739913,0.0031370977,0.0031330744,0.0030928561,0.0031267116,0.0031141052,0.003126801,0.0031374702,0.0031162957,0.0031125555,0.003076599,0.0031327615
2017-09-21,-0.00019638147,-0.00020421948,-0.00020214822,-0.00023762789,-0.00029323902,-0.0002493998,-0.000226303,-0.00019332673,-0.00027191546,-0.00019439962,-0.00019609835,-0.00023150351,-0.00020751264,-0.00022293534,-0.00021238532,-0.00020456221,-0.00023308303,-0.0002236506,-0.0002520671,-0.00024263468
2017-09-22,0.00042124186,0.0004344741,0.00044268463,0.00038395915,0.00034123752,0.00039026234,0.00041477475,0.0004331628,0.00036688242,0.00043633673,0.00043639634,0.00039938185,0.00042991433,0.0004039416,0.00041323993,0.0004280666,0.00040340517,0.00041255448,0.00038042758,0.0004023919
2017-09-25,-0.0008240929,-0.000812768,-0.00082120206,-0.00089563336,-0.0009131571,-0.00085049774,-0.00083638635,-0.00081729796,-0.00089059677,-0.00081343856,-0.000811263,-0.00085307565,-0.0008191457,-0.0008604219,-0.000852271,-0.0008215001,-0.0008946797,-0.0008422425,-0.00087118056,-0.0008562496
2017-09-26,-0.0037700227,-0.0037688753,-0.0037683537,-0.0037819287,-0.0038647195,-0.003799065,-0.0037886938,-0.003774791,-0.0037888726,-0.0037811091,-0.0037715128,-0.003796204,-0.0037769666,-0.0038163504,-0.0037789335,-0.0037760427,-0.0038476428,-0.0037883064,-0.0038238456,-0.0038063666
2017-09-27,0.0010419497,0.0010306844,0.0010372857,0.0010301331,0.00093463156,0.0010109553,0.0010118345,0.0010178247,0.0010236213,0.0010138014,0.001028196,0.0010156045,0.0010231892,0.0009779343,0.0010338733,0.0010203132,0.00095363054,0.0010135034,0.0009784857,0.00096923206
2017-09-28,0.0010615597,0.0010395208,0.0010313699,0.0010425011,0.00094707403,0.0010600397,0.0010186145,0.0010334859,0.0010097632,0.0010352293,0.0010311464,0.0010176757,0.0010322193,0.0009977976,0.0010556588,0.0010283599,0.0009900341,0.0010248432,0.0009890506,0.0009897659
2017-09-29,0.0029536048,0.0029387185,0.0029283622,0.0029365877,0.0028470168,0.0029602656,0.0029328922,0.0029334435,0.0028966675,0.0029395828,0.0029377053,0.002919958,0.00293547,0.0029049376,0.0029494623,0.00293097,0.0028748373,0.0029249648,0.002888293,0.0028936574
2017-10-02,0.0013108412,0.001297594,0.0012934813,0.0012934068,0.0012055049,0.0013116011,0.0012926171,0.0012933323,0.0012517134,0.0013016919,0.0012963125,0.0012830356,0.0013007829,0.0012557367,0.0012896964,0.0012881318,0.0012355009,0.001284332,0.0012470344,0.0013074586
2017-10-03,0.0010519782,0.0010189721,0.0010376135,0.0010252008,0.00094702933,0.0010376731,0.0010278234,0.0010343203,0.0009872029,0.0010400871,0.0010318765,0.0010194192,0.0010384033,0.0010007033,0.0010200897,0.0010298649,0.0009771297,0.0010238448,0.0010046968,0.0010083774
2017-10-04,0.0010485509,0.0010325769,0.0010331431,0.000996978,0.0009469846,0.0010364363,0.0010311762,0.0010334412,0.0009925822,0.0010387609,0.0010362575,0.0010275552,0.0010373006,0.0010070512,0.0010128329,0.0010294328,0.00096155796,0.0010244111,0.001010106,0.0010470161
2017-10-05,0.0010529766,0.0010326067,0.0010272274,0.001004965,0.00094708893,0.0010357508,0.0010153214,0.0010335157,0.0009951899,0.0010368088,0.0010292688,0.0010354081,0.0010378072,0.0010024616,0.0010386417,0.0010265568,0.0009594271,0.0010204175,0.0009954283,0.0010295669
2017-10-06,0.0022771964,0.0022465745,0.002252967,0.0022263983,0.0021603117,0.0022643218,0.002228574,0.0022523561,0.0022109905,0.0022528926,0.0022487203,0.002240167,0.0022545615,0.0022173533,0.0022630105,0.0022399137,0.002171875,0.0022374103,0.0022020051,0.0022522816
2017-10-09,0.0020405361,0.0020110616,0.0020143995,0.0019910047,0.0019191662,0.0020143697,0.001994894,0.0020137588,0.0019637207,0.0020082155,0.00201358,0.0019937614,0.0020108083,0.0019947747,0.002010242,0.0019983957,0.0019297758,0.0019977698,0.0019728253,0.001980395
2017-10-10,0.0010366896,0.0010360191,0.001039044,0.0010195831,0.00094705913,0.0010516057,0.0010277936,0.0010401169,0.0009886036,0.0010392675,0.0010400275,0.001014919,0.0010365406,0.001023517,0.0010292688,0.001026825,0.00094705913,0.0010222355,0.000988693,0.0010226825
2017-10-11,0.0010390142,0.0010360638,0.0010466734,0.0010218183,0.00094708893,0.0010524401,0.0010217736,0.0010448853,0.0009956816,0.0010413835,0.001038284,0.0010197619,0.001039953,0.0010147551,0.0010384033,0.0010259608,0.00094705913,0.0010242024,0.0009898255,0.0010538707
2017-10-12,0.0010071853,0.001038135,0.0010423968,0.0010179589,0.00094705913,0.0010542134,0.0010246942,0.0010371218,0.0009959796,0.001038299,0.0010300586,0.0010275254,0.0010381797,0.001006023,0.0010263929,0.001024873,0.00094708893,0.0010145763,0.0009904811,0.0010483721
2017-10-13,0.0020088414,0.0020085433,0.0020032981,0.0020064423,0.0019263336,0.002025918,0.0020064125,0.0020119706,0.0019720504,0.0020156512,0.0020069936,0.002004684,0.0020177672,0.0019864896,0.0020046094,0.002007545,0.0019263038,0.0020046989,0.0019698301,0.00199622
2017-10-16,0.00012135599,0.00012141559,0.0001253793,0.00011858437,3.8818456e-05,0.00014858041,0.00012172852,0.00011703465,9.016786e-05,0.00012484286,0.00011985097,0.00012487266,0.00013071392,8.596573e-05,0.00013239775,0.000119776465,3.874395e-05,0.0001189271,7.990096e-05,0.00014418457
2017-10-17,0.0009921947,0.0010281214,0.0010302672,0.0010351995,0.0009469846,0.0010572383,0.0010268549,0.0010301331,0.0010004351,0.0010368237,0.0010278681,0.0010298053,0.0010351846,0.0010023871,0.0010315487,0.0010336945,0.00094710384,0.0010280767,0.0009863237,0.0010531256
2017-10-18,0.0022368738,0.0022209296,0.002227516,0.0022294829,0.0021419832,0.0022486607,0.0022264728,0.0022271434,0.002194629,0.0022332827,0.0022265324,0.0022209892,0.0022313157,0.0022043595,0.0022221813,0.0022225687,0.0021420429,0.0022262344,0.002183781,0.0022500316
2017-10-19,0.0024163881,0.00244777,0.0024636397,0.002464951,0.002371476,0.0024820874,0.0024522403,0.002455146,0.0024270872,0.0024605403,0.0024545053,0.002453328,0.0024614343,0.0024269978,0.0024564425,0.0024491558,0.0023715356,0.002452151,0.0024111727,0.002495871
2017-10-20,0.002585114,0.0025874684,0.0025963495,0.0025922665,0.0025000134,0.0025981972,0.0025774995,0.0025830576,0.0025526742,0.0025930563,0.0025723139,0.002571539,0.0025906125,0.0025668452,0.0025935331,0.0025776634,0.0025000283,0.0025862763,0.0025390545,0.002557815
2017-10-23,0.0026594112,0.0026682029,0.002690182,0.0026857713,0.0025923112,0.0026866207,0.0026753107,0.0026741037,0.0026464323,0.0026872614,0.0026739696,0.002677516,0.0026927004,0.0026410827,0.0027012983,0.0026720623,0.0025923857,0.002686591,0.002630801,0.0026434967
2017-10-24,0.0010216245,0.0010264227,0.0010458836,0.0010071406,0.0009469995,0.0010423372,0.0010427097,0.0010288814,0.0010388354,0.0010490874,0.0010407129,0.001033009,0.0010524997,0.0010057101,0.0010633627,0.0010329196,0.0009713331,0.0010449449,0.000966073,0.0009899298
2017-10-25,0.0010361383,0.0010273019,0.0010464946,0.0009946683,0.0009469846,0.0010502199,0.0010357657,0.0010392824,0.0010518888,0.0010474185,0.001046137,0.0010460028,0.0010543922,0.000991256,0.0010629455,0.0010367492,0.00097407494,0.00104718,0.00096246693,0.001018391
2017-10-26,0.0026341984,0.0026755193,0.0026984522,0.0026331851,0.0026676962,0.0027027288,0.0026905397,0.0026816586,0.0027030418,0.002694861,0.0027004639,0.0026897797,0.0026988992,0.002643288,0.0027070502,0.0026918212,0.0026212195,0.0026818523,0.0026094774,0.0026192227
2017-10-27,0.00303726,0.0030489722,0.0030560503,0.0030106166,0.0030424604,0.003080667,0.0030554393,0.0030650059,0.0030765543,0.0030659297,0.003074036,0.0030353824,0.003071473,0.0030402401,0.0030731866,0.0030668685,0.0030013034,0.003061519,0.0029856572,0.002994285
2017-10-30,0.0009757886,0.0010258565,0.0010376731,0.000982211,0.0010247091,0.0010551969,0.0010388801,0.0010342607,0.0010465095,0.0010423372,0.0010392377,0.001007379,0.0010478208,0.0010055611,0.0010495642,0.0010459879,0.0009862045,0.001029701,0.00094741676,0.0009925077
2017-10-31,0.0009969035,0.0010315785,0.0010277638,0.0009836266,0.0010155896,0.0010350058,0.0010434696,0.0010394165,0.0010431418,0.0010432461,0.0010413984,0.0010005692,0.0010416219,0.0009999583,0.0010462413,0.0010430822,0.0009822259,0.0010269145,0.00094728265,0.0010514418
2017-11-01,0.0019472251,0.0019541988,0.001950548,0.0019000629,0.0019593397,0.0019620964,0.0019548843,0.0019515613,0.0019670287,0.001962782,0.001962022,0.0019283751,0.0019622305,0.0019124607,0.0019605467,0.0019539008,0.0019027451,0.0019420693,0.0018627653,0.0018620947
2017-11-02,0.0001972774,0.00020568166,0.0002088258,0.00016833935,0.00023493264,0.00024101231,0.00022885296,0.00022107456,0.00024269614,0.0002357224,0.00022941921,0.00020852778,0.00023715291,0.00017957482,0.00024259184,0.00022570882,0.00017468724,0.00021031592,0.00013381336,0.00013110135
2017-11-03,0.0010432312,0.0010321448,0.0010350952,0.0009836862,0.0010476867,0.001052455,0.0010406384,0.0010422925,0.0010441104,0.0010494301,0.0010506967,0.0010233531,0.001049594,0.0010065148,0.0010542432,0.0010374645,0.0009868601,0.0010207752,0.00094710384,0.0009611258
2017-11-06,0.0008673677,0.0008982429,0.00089582894,0.0008864114,0.0009071985,0.0009272108,0.0009067068,0.0008785585,0.0009103725,0.00089581404,0.0009084055,0.00089877937,0.0008981833,0.0008659223,0.0009117434,0.00090491865,0.0008554319,0.00088331196,0.0008142302,0.00081519876
2017-11-07,0.0010016272,0.0010305354,0.0010290304,0.0010407278,0.0010351399,0.0010545263,0.0010326961,0.0010289559,0.0010171691,0.0010314444,0.0010374496,0.0010109553,0.0010231296,0.001011611,0.0010445276,0.0010315785,0.0009869942,0.0010000179,0.0009566108,0.0009853998
2017-11-08,-0.0014012298,-0.0013855388,-0.0014065644,-0.0014268747,-0.001390799,-0.0013693413,-0.001390188,-0.0013990691,-0.0013850024,-0.0013891896,-0.0013791313,-0.0014141044,-0.0013919314,-0.0014113327,-0.0013801744,-0.0013853898,-0.0014344444,-0.0014002016,-0.001462861,-0.0014219424
2017-11-09,0.0010105977,0.0010217587,0.0010215649,0.0010382244,0.0010345588,0.001051412,0.0010363022,0.0010314146,0.0010093162,0.0010320852,0.0010404745,0.0010211328,0.0010245154,0.001003013,0.0010435442,0.001031057,0.000986279,0.0010216245,0.0009593526,0.0010014782
2017-11-10,-0.0021800837,-0.0021540066,-0.0021554073,-0.0021420857,-0.0021329364,-0.0021357378,-0.0021463474,-0.0021530977,-0.0021865806,-0.0021424135,-0.0021439781,-0.0021651825,-0.0021450063,-0.0021897694,-0.0021264246,-0.0021497747,-0.0021971902,-0.0021493724,-0.0022176644,-0.002195253
2017-11-13,0.0010073939,0.0010340372,0.0010265419,0.0010499964,0.0010647932,0.0010448107,0.0010434398,0.0010259459,0.0009940425,0.0010343352,0.0010404298,0.0010367194,0.0010385821,0.0010056058,0.0010563144,0.0010407278,0.0009846697,0.0010445723,0.0009801695,0.0010131607
2017-11-14,0.001023964,0.0010310719,0.0010130862,0.0010436485,0.0010617385,0.001053662,0.0010350356,0.0010044435,0.0009947876,0.0010270039,0.001035572,0.0010299394,0.0010275105,0.0010098079,0.0010493109,0.0010328898,0.0009875307,0.001044468,0.0009811828,0.0009929398
2017-11-15,0.0010055462,0.0010288665,0.001006634,0.0010465691,0.0010553608,0.0010463903,0.0010292539,0.000989289,0.0009957114,0.001019151,0.0010339478,0.0010113427,0.0010260502,0.0009983489,0.0010392526,0.0010259459,0.0009872178,0.0010418454,0.0009824643,0.0010060081
2017-11-16,0.002507613,0.0025616596,0.0025365362,0.0025748918,0.0025831321,0.0025526145,0.0025624046,0.00253068,0.0025212327,0.0025482932,0.0025624344,0.0025526145,0.0025549391,0.0025290856,0.0025524953,0.0025623897,0.0025209049,0.002559022,0.0025122175,0.0025597075
2017-11-17,0.0014835307,0.0014844099,0.0014773319,0.0014976123,0.0015027383,0.0014982382,0.001487554,0.0014698068,0.0014490047,0.0014725337,0.001486049,0.0014793286,0.0014764974,0.0014534453,0.0014834562,0.0014671991,0.0014187852,0.0014863173,0.0014359662,0.0015086392
2017-11-20,0.00041301642,0.00042875204,0.00042401347,0.0004397193,0.0004383931,0.00043246243,0.00043039117,0.0004088292,0.00038372073,0.00041118357,0.00043010805,0.00040717516,0.0004154006,0.00039045606,0.00041103456,0.00041207764,0.00037507806,0.00042355154,0.00037586782,0.00044836197
2017-11-21,0.001023219,0.0010250667,0.0010312209,0.0010506967,0.0010495791,0.0010433802,0.001039804,0.001028047,0.0009924928,0.0010164389,0.0010394761,0.0010208199,0.0010231445,0.0010007778,0.0010210583,0.0010254988,0.0009925971,0.0010312507,0.0009837011,0.0010478059
2017-11-22,0.0009748051,0.0010279277,0.0010246495,0.001057283,0.0010504434,0.001051263,0.0010465393,0.0010327855,0.0009900341,0.0010186145,0.0010393271,0.0010215202,0.0010231147,0.000999094,0.0010246495,0.0010043839,0.0009926269,0.0010339478,0.000985072,0.0010259012
2017-11-24,0.0019127736,0.00197363,0.0019625882,0.0020045498,0.0019930014,0.0019868026,0.0019937167,0.001979054,0.0019379715,0.0019588033,0.0019883523,0.0019691298,0.0019710967,0.0019429335,0.0019406984,0.0019726017,0.001923264,0.0019713352,0.0019320259,0.0019218633
2017-11-27,0.0014934847,0.0015415112,0.0015306035,0.0015700469,0.0015541324,0.001551942,0.0015572766,0.0015382776,0.001502932,0.0015267441,0.0015521506,0.0015233615,0.0015346417,0.0015111426,0.0015248517,0.0015361169,0.0015130648,0.0015385309,0.0014978657,0.0015212903
2017-11-28,0.0010055611,0.0010274062,0.0010152766,0.0010551969,0.001045079,0.0010463307,0.0010496834,0.0010241875,0.0010023722,0.0010157237,0.0010381946,0.0010302225,0.0010202536,0.0009939084,0.0010124007,0.0010270784,0.0009903619,0.0010458836,0.0009838054,0.0010192404
2017-11-29,0.002523155,0.0025179991,0.00250882,0.0025413493,0.0025392035,0.0025251517,0.0025364766,0.002516509,0.0024925927,0.0025056908,0.002533392,0.0025194297,0.0025201896,0.0024943212,0.00251107,0.0025339732,0.0024895975,0.0025281021,0.0024799565,0.002489374
2017-11-30,0.0024975995,0.0024883607,0.0024965117,0.0025050053,0.0025137672,0.0025035748,0.0025146166,0.0024940828,0.0024752775,0.0024830708,0.0025056163,0.0024975548,0.0024961838,0.0024725357,0.0024927566,0.0025114724,0.0024662921,0.0025040219,0.0024566213,0.0024985531
2017-12-01,0.0015178332,0.0014940212,0.001503841,0.0015145848,0.0015226761,0.0015181312,0.0015202621,0.0015037218,0.0014729211,0.0014924714,0.001515762,0.0015175501,0.0015008459,0.0014702985,0.001516507,0.0015182057,0.0014745304,0.00152737,0.0014592865,0.0015182355
2017-12-04,0.001237453,0.0012220899,0.0012293616,0.0012426088,0.0012412379,0.0012339214,0.0012474516,0.0012328783,0.0011913786,0.001218454,0.0012384662,0.0012377212,0.001232476,0.0011875788,0.0012411484,0.0012356201,0.0011927644,0.001240165,0.0011831084,0.0012390325
2017-12-05,0.0010749558,0.0010206858,0.0010112384,0.001035423,0.0010402063,0.0010398189,0.0010416517,0.0010233531,0.0009937743,0.0010065446,0.001032711,0.0010324577,0.0010255883,0.0010083476,0.0010179589,0.0010301927,0.0009930888,0.0010422925,0.0009815702,0.0010503838
2017-12-06,0.00050976966,0.00051096175,0.0004974762,0.0005068043,0.0005203197,0.00052632485,0.0005190382,0.00050348137,0.00048755202,0.00048789475,0.00051334593,0.00051084254,0.0005040178,0.00047776196,0.0004938999,0.00051222835,0.00047217403,0.0005411217,0.00046610925,0.00051726494
2017-12-07,0.0010347674,0.0010393271,0.001022757,0.0010328451,0.0010294775,0.0010429928,0.0010443786,0.0010213861,0.0009986768,0.0010088542,0.0010311464,0.0010427544,0.0010219822,0.0009900639,0.0010243962,0.001032413,0.0010273019,0.0010515014,0.0009829411,0.0010279277
2017-12-08,0.0021298537,0.0021315226,0.00211309,0.002124385,0.0021043876,0.0021322975,0.0021303007,0.0021154294,0.002091677,0.0021099607,0.002124996,0.0021048645,0.0021115849,0.0020831833,0.0021066377,0.0021271715,0.0020889053,0.0021037916,0.0020733634,0.002112911
2017-12-11,0.0010295222,0.0010412196,0.001002551,0.0010412941,0.0010227719,0.0010293433,0.001036034,0.0010285983,0.0010088542,0.0010193298,0.0010320554,0.0010244111,0.0010223845,0.000995473,0.0010290751,0.0010293135,0.0009910176,0.0010271678,0.0009817639,0.0010491172
2017-12-12,0.001044468,0.0010410855,0.0010074237,0.0010315338,0.0010248283,0.001040862,0.0010340968,0.0010293731,0.0009998688,0.0010103295,0.0010338137,0.0010243962,0.0010236809,0.0009890655,0.0010365257,0.00103061,0.0010256628,0.0010271678,0.0009810487,0.0010428438
2017-12-13,-0.0024316153,-0.0024290374,-0.0024494966,-0.0024369648,-0.0024453988,-0.0024326732,-0.0024359217,-0.0024345806,-0.002481862,-0.002452611,-0.0024299165,-0.002466782,-0.0024409285,-0.0024864962,-0.0024339845,-0.0024423888,-0.0024849316,-0.0024638912,-0.0024988195,-0.0024326434
2017-12-14,0.0024813274,0.0024879286,0.0024711648,0.0024734,0.0024694065,0.0024938593,0.0024835477,0.0024754414,0.002434493,0.0024641762,0.0024434784,0.0024326304,0.0024703154,0.002399818,0.002473713,0.0024709413,0.00246586,0.002489389,0.0024170885,0.0024717906
2017-12-15,0.0018149624,0.0018212954,0.0018062303,0.0018109242,0.0018009553,0.0018207291,0.0018191943,0.0018101642,0.0017758915,0.001800389,0.0018076161,0.0017748037,0.001802058,0.0017331699,0.0018101791,0.0018087188,0.0018108347,0.0018142918,0.0017503658,0.0018012235
2017-12-18,-0.0015774658,-0.0015733978,-0.0015857061,-0.0016070446,-0.0015777936,-0.0015617302,-0.0015631011,-0.0015798202,-0.0016067764,-0.0015900424,-0.0015704175,-0.0016171029,-0.0015882691,-0.0016311547,-0.0015888652,-0.0015736809,-0.0015640398,-0.0015752902,-0.0016315123,-0.0015847227
2017-12-19,-0.0038852533,-0.0038871756,-0.0039010337,-0.0039030751,-0.0038958779,-0.003919526,-0.0038877418,-0.0038953414,-0.00393702,-0.0039011678,-0.0039035967,-0.003907933,-0.003903552,-0.0039434275,-0.0039033582,-0.003902345,-0.0038842848,-0.003908797,-0.003949254,-0.0038842103
2017-12-20,0.0018924633,0.0018887231,0.0018809745,0.0018817941,0.0018740157,0.0018595764,0.0018907646,0.0018737623,0.0018475214,0.0018745372,0.0018854896,0.0018579373,0.0018714229,0.0018244693,0.0018708268,0.0018787989,0.0018846849,0.0018443624,0.0018296996,0.0018643299
2017-12-21,0.0010533044,0.0010362724,0.0010309825,0.0010320852,0.0010330388,0.0010152766,0.0010463903,0.0010311613,0.0009970674,0.0010247985,0.001033158,0.0010326961,0.0010193447,0.0009774724,0.0010274509,0.0010318765,0.0010171393,0.0010104338,0.0009790668,0.0010193745
2017-12-22,0.0010576406,0.0010432312,0.0010269741,0.001000301,0.0009996155,0.0010030279,0.0010516355,0.0010325173,0.0009996453,0.0010262737,0.0010370025,0.0010404149,0.0010163644,0.000988231,0.0010159323,0.0010342011,0.0010359595,0.001033769,0.0009822259,0.0010087648
2017-12-26,0.0010543922,0.0010440806,0.0010189721,0.000993059,0.0010192851,0.0010317424,0.0010496983,0.0010298351,0.0009960989,0.0010227123,0.0010413537,0.001035274,0.0010225931,0.0009880075,0.0010390589,0.0010381946,0.0010411004,0.0010244111,0.0009818086,0.0010388801
2017-12-27,0.0010522315,0.0010407427,0.0009963075,0.0009905705,0.0010235319,0.0010323534,0.0010489533,0.0010311315,0.0009944299,0.0010232041,0.001038299,0.001042367,0.0010223547,0.0009881416,0.0010394612,0.0010333965,0.0010397593,0.0010336349,0.0009800056,0.0010360042
2017-12-28,0.001043872,0.0010394016,0.000998483,0.0009913901,0.0010147104,0.0010406235,0.0010490874,0.0010329941,0.0009945342,0.0010172436,0.0010335455,0.0010193149,0.0010242471,0.0009868303,0.0010365853,0.0010164538,0.0010460922,0.0009999136,0.0009805122,0.0010073194
2017-12-29,0.0010490725,0.0010434547,0.0010129968,0.000997738,0.0010212222,0.0010493407,0.0010493407,0.0010434547,0.0009907046,0.0010176012,0.0010326514,0.0010185847,0.0010282109,0.0009882012,0.0010347376,0.0010255286,0.0010324577,0.0009823451,0.0009773085,0.001012803
