date,BAK,CIA,RCII,TDC,HOMB,PRIM,MCRI,DJCO,CENTA,MNST,IPG,PIZ,UTHR,COP,BDC,PRGX,AIT,AGCO,USNA,NXC
2009-02-19,-0.0069579445,-0.0068376027,-0.006970089,-0.0069231354,-0.00690208,-0.006899681,-0.0070390515,-0.024201091,-0.006954875,-0.006988909,-0.0070140325,-0.0069822334,-0.0069548897,-0.0070090108,-0.0070459805,-0.006904345,-0.006910395,-0.006979581,-0.0069396906,-0.006969761
2009-02-20,-0.007575821,-0.0068777613,-0.007048603,-0.0069548897,-0.0069041066,-0.0069383495,-0.00699782,-0.024382409,-0.006872397,-0.006999325,-0.006974485,-0.00695939,-0.007004272,-0.007007446,-0.0071039014,-0.006969627,-0.00691339,-0.006947484,-0.006893363,-0.006951552
2009-02-23,-0.008401152,-0.008266237,-0.008387085,-0.008321758,-0.008229446,-0.008236568,-0.0082451515,-0.008973654,-0.008260306,-0.008370992,-0.008353408,-0.008245092,-0.008458462,-0.008394223,-0.008509945,-0.008328136,-0.008387845,-0.008357372,-0.008226465,-0.008263078
2009-02-24,-0.007000502,-0.006874483,-0.0069433413,-0.0069614463,-0.006996732,-0.0070298724,-0.006898191,-0.023019414,-0.0069602393,-0.0069758855,-0.0069778375,-0.006940242,-0.006989654,-0.007010516,-0.007122662,-0.006989669,-0.006999921,-0.006978642,-0.0069761537,-0.0070626102
2009-02-25,-0.006885957,-0.00686362,-0.006919291,-0.0069659464,-0.0069600306,-0.0069371127,-0.006819185,-0.007807564,-0.0069763176,-0.006984275,-0.006988939,-0.0068638287,-0.0069696717,-0.0069994144,-0.0071587823,-0.0069698803,-0.0069623105,-0.0069681816,-0.006904375,-0.0070182495
2009-02-26,-0.006918963,-0.0068532787,-0.0069002025,-0.0069576167,-0.006999623,-0.0069940053,-0.006849926,-0.02300052,-0.0069843195,-0.0069650076,-0.0070019774,-0.006956335,-0.00695407,-0.0069907717,-0.0070393197,-0.006941285,-0.0069815777,-0.0069356523,-0.0070511214,-0.006959375
2009-02-27,-0.006663602,-0.006607663,-0.006681379,-0.0067109726,-0.0067664646,-0.0066301934,-0.0066704713,-0.023322146,-0.006779056,-0.0067337565,-0.0067612194,-0.006714206,-0.006696757,-0.0067557357,-0.0068210624,-0.0067107044,-0.006743487,-0.006722834,-0.006753158,-0.00664727
2009-03-02,-0.0069957636,-0.0068334006,-0.006903913,-0.006944325,-0.006890606,-0.0070542656,-0.0068884604,-0.024395566,-0.006854307,-0.006989341,-0.0069910698,-0.0068490617,-0.0069197677,-0.006987419,-0.007212382,-0.0068716668,-0.00687946,-0.0069436543,-0.007003974,-0.007063236
2009-03-03,-0.0068510287,-0.007152837,-0.0069016926,-0.006886404,-0.006956663,-0.0070218705,-0.0068444423,-0.024163272,-0.0068576746,-0.006988909,-0.0069929324,-0.0068391077,-0.006897833,-0.006999459,-0.0070395432,-0.0068650655,-0.006848719,-0.0069096945,-0.0070103817,-0.0070608817
2009-03-04,-0.0068786703,-0.006900903,-0.006939482,-0.006942477,-0.0068972073,-0.0068502836,-0.0068415217,-0.024424579,-0.0069262944,-0.0069894604,-0.0069823377,-0.006844949,-0.0069480203,-0.0069974326,-0.0069797896,-0.0069673024,-0.006889548,-0.0069036447,-0.007005777,-0.0070262067
2009-03-05,-0.006866377,-0.006845977,-0.007039007,-0.0069036894,-0.0068474226,-0.006990459,-0.0068421774,-0.007839721,-0.0068831258,-0.006992709,-0.0069912337,-0.00681166,-0.0069169067,-0.0069989376,-0.006992813,-0.0069658123,-0.006898593,-0.006952595,-0.0068531744,-0.006898951
2009-03-06,-0.005301755,-0.0052772425,-0.0054442845,-0.0053239875,-0.0052718483,-0.005337458,-0.005249407,-0.0056220554,-0.0052674673,-0.005422663,-0.0054188184,-0.005230706,-0.00531986,-0.0054270886,-0.0054329,-0.0052837543,-0.0053212903,-0.0053906403,-0.005305689,-0.0054723434
2009-03-09,-0.0061545484,-0.0061782114,-0.0063152425,-0.0061732195,-0.006092053,-0.0062453263,-0.006110709,-0.022227775,-0.006125193,-0.0062407665,-0.0062384717,-0.0060729347,-0.0061830394,-0.006269183,-0.0062446855,-0.0061709248,-0.0061660074,-0.0062350594,-0.0062750094,-0.006276425
2009-03-10,-0.00685839,-0.0068239383,-0.007069733,-0.0068962537,-0.0068251155,-0.0069127344,-0.0068652593,-0.024293792,-0.0068342797,-0.006971251,-0.006981086,-0.006796535,-0.0068708174,-0.0069966875,-0.0069669895,-0.0068632476,-0.006927576,-0.006946426,-0.007028144,-0.0070214234
2009-03-11,-0.006845828,-0.006828364,-0.0070773177,-0.006880965,-0.0068184696,-0.006801065,-0.0068442784,-0.024115201,-0.00683878,-0.006954845,-0.006950464,-0.0068132095,-0.006880354,-0.006992873,-0.006965231,-0.0068695806,-0.0069005303,-0.006943997,-0.0069964193,-0.0069454275
2009-03-12,-0.006844189,-0.0068001114,-0.0069572143,-0.006882604,-0.0068047456,-0.006807249,-0.0068338923,-0.0077561997,-0.0068237595,-0.0069648735,-0.006948646,-0.0068026744,-0.006862279,-0.006984409,-0.0069643073,-0.006877195,-0.0068843924,-0.006921094,-0.0070085637,-0.006990876
2009-03-13,-0.0043875687,-0.0043653212,-0.004514318,-0.0044281296,-0.004357647,-0.0045293234,-0.004362043,-0.0050230585,-0.0043624155,-0.0044977926,-0.004502725,-0.004353281,-0.0044478737,-0.0045270734,-0.0045027696,-0.004417356,-0.004415285,-0.0044563375,-0.0045386665,-0.0045523457
2009-03-16,-0.00686292,-0.0068217777,-0.0069063865,-0.0069436394,-0.006841656,-0.006982725,-0.0068530403,-0.0230924,-0.0068206303,-0.0069625042,-0.006983649,-0.006818589,-0.006871145,-0.006999772,-0.00696845,-0.0069229268,-0.00687493,-0.0069499277,-0.0070239417,-0.0069853626
2009-03-17,-0.0013712009,-0.0013294031,-0.0014286598,-0.0013610979,-0.0013085713,-0.0014396419,-0.0013638099,-0.0024010201,-0.0013267805,-0.0014367809,-0.0014650633,-0.0013060232,-0.0014539917,-0.0015039255,-0.001459237,-0.001444008,-0.0013733914,-0.00142033,-0.0015078892,-0.0013409068
2009-03-18,-0.007231917,-0.0072501563,-0.007385295,-0.0073898695,-0.0072425716,-0.0072086267,-0.007280674,-0.0073387884,-0.0072397552,-0.0073786043,-0.0073802583,-0.007230263,-0.007319119,-0.00739203,-0.007370781,-0.0072705112,-0.0073296092,-0.0073235296,-0.00741696,-0.007412683
2009-03-19,-0.006828945,-0.006819289,-0.0069691204,-0.006886538,-0.006805267,-0.006906163,-0.0068450384,-0.0069877766,-0.0068288557,-0.0069897436,-0.006969791,-0.006808441,-0.0069155507,-0.006996926,-0.006956484,-0.006884884,-0.0069136135,-0.0069268607,-0.0072600357,-0.006998297
2009-03-20,-0.008886319,-0.008887406,-0.008983415,-0.008956101,-0.008875769,-0.008838918,-0.008906227,-0.009161245,-0.008897316,-0.009020086,-0.008996468,-0.008877095,-0.008937579,-0.009033468,-0.008986514,-0.0089596175,-0.008933958,-0.008982133,-0.009138685,-0.009036865
2009-03-23,-0.0065854453,-0.0065762214,-0.006696176,-0.0066608004,-0.0065647922,-0.006690126,-0.0066021048,-0.006732147,-0.0066086613,-0.0067273937,-0.006710496,-0.006559979,-0.0066180937,-0.0067422055,-0.0066814087,-0.0066715144,-0.006611418,-0.006682601,-0.0068435036,-0.0067660026
2009-03-24,-0.0070512407,-0.0068121813,-0.006966483,-0.0069305114,-0.0068038516,-0.0069732033,-0.0068806075,-0.0070141666,-0.006823715,-0.0069805197,-0.006973874,-0.0068252794,-0.007004272,-0.0069974177,-0.00697143,-0.0069615506,-0.0068962984,-0.0069615655,-0.00703099,-0.0070456676
2009-03-25,-0.003270026,-0.0030368825,-0.003197517,-0.0032037606,-0.0030461063,-0.0030883064,-0.0031216552,-0.0031474044,-0.0030662527,-0.0032213142,-0.0032210608,-0.0030613353,-0.0032304188,-0.0032246818,-0.0031989922,-0.0031816324,-0.0031430384,-0.003178071,-0.0032890697,-0.0032418629
2009-03-26,-0.0071396194,-0.0068113916,-0.0069613867,-0.0069507174,-0.0068189315,-0.006994512,-0.0068950616,-0.007036846,-0.006856825,-0.007002618,-0.0069950484,-0.006825324,-0.006998133,-0.0069945864,-0.006969165,-0.0069537275,-0.006909799,-0.006938111,-0.0072454475,-0.0070102923
2009-03-27,-0.007019829,-0.0068472736,-0.0069627874,-0.0069864355,-0.006845247,-0.006830495,-0.0068884753,-0.0071988367,-0.0069024228,-0.006996166,-0.006989505,-0.0068379603,-0.0069652013,-0.0070019476,-0.006956678,-0.006948199,-0.0068917535,-0.006936457,-0.0073066168,-0.0069944225
2009-03-30,-0.011689242,-0.011598449,-0.0117179565,-0.011738446,-0.011604812,-0.011737715,-0.011668336,-0.011770617,-0.011745196,-0.011766221,-0.011748012,-0.011613589,-0.011707511,-0.011751112,-0.011705812,-0.011697691,-0.01163153,-0.011705723,-0.011937302,-0.011752527
2009-03-31,-0.007055711,-0.00684556,-0.0069847517,-0.0069701187,-0.0068496726,-0.006993111,-0.0069536977,-0.007200908,-0.006890502,-0.007012438,-0.006973546,-0.0068291835,-0.0069805197,-0.006997537,-0.0069618635,-0.0069561414,-0.0069334917,-0.006943818,-0.0070317946,-0.0070128553
2009-04-01,-0.007004764,-0.0068520866,-0.006949868,-0.006961908,-0.0068729334,-0.006845232,-0.007002469,-0.0071938895,-0.006869834,-0.0069937967,-0.0069897287,-0.006836321,-0.0069668554,-0.0069958083,-0.006979611,-0.006962236,-0.0069104545,-0.0069403313,-0.007052686,-0.0069759153
2009-04-02,-0.0055098347,-0.0054300837,-0.0055487417,-0.0055463277,-0.005457666,-0.0055677854,-0.0055939816,-0.0057491176,-0.0054641776,-0.0055984966,-0.005550232,-0.005428236,-0.0055724345,-0.005573239,-0.0055543296,-0.005547788,-0.0055034272,-0.0054960363,-0.0056315176,-0.0056051426
2009-04-03,-0.007195156,-0.007192444,-0.006945353,-0.0069559775,-0.0068605207,-0.0069535784,-0.0069795214,-0.0070103817,-0.0068825893,-0.0070030205,-0.0069738887,-0.0068555735,-0.0069997273,-0.007008534,-0.0069846176,-0.0069790743,-0.006902989,-0.006921094,-0.0070262216,-0.0069956593
2009-04-06,-0.006934028,-0.0068486147,-0.006927293,-0.006931644,-0.0068401657,-0.0069918595,-0.0069926195,-0.0071745478,-0.007024538,-0.0069748424,-0.00696991,-0.0068255775,-0.0069354884,-0.00699931,-0.0069883876,-0.006958764,-0.0068953745,-0.0069104694,-0.00700457,-0.00699481
2009-04-07,-0.0068319254,-0.0068355165,-0.006981205,-0.0069151483,-0.0068123005,-0.0069962703,-0.00699402,-0.0069988333,-0.007025134,-0.006981965,-0.006970953,-0.0068492554,-0.0069354884,-0.0070036314,-0.0069888495,-0.0069574974,-0.0068915,-0.006918218,-0.00703929,-0.0069986843
2009-04-08,-0.0078233,-0.0077801608,-0.0079244785,-0.007872041,-0.007766586,-0.007950466,-0.0079382025,-0.008118641,-0.007963907,-0.007919218,-0.007918593,-0.0077956133,-0.007876348,-0.007940363,-0.007811468,-0.00789563,-0.007875513,-0.007862505,-0.008016657,-0.007877912
2009-04-09,-0.006084662,-0.0064133666,-0.0060837828,-0.0061085783,-0.006016519,-0.006061744,-0.006176155,-0.006358441,-0.006202679,-0.006147798,-0.0061629526,-0.0060171895,-0.0061227344,-0.006179016,-0.0061765127,-0.006136533,-0.006064918,-0.0061248504,-0.0062136017,-0.006124731
2009-04-13,-0.0068658553,-0.00686362,-0.0069175325,-0.0069089048,-0.006833326,-0.0068198405,-0.0069894902,-0.007165741,-0.0068550967,-0.0069708787,-0.006971922,-0.006828692,-0.0069365315,-0.00698879,-0.0069925897,-0.0069493763,-0.006874975,-0.0068905763,-0.0070939027,-0.006925594
2009-04-14,-0.00685912,-0.007301759,-0.006943997,-0.006911453,-0.0068380944,-0.006977927,-0.006960731,-0.00715911,-0.0068584494,-0.0069601648,-0.006962415,-0.0068514906,-0.0069606863,-0.0069999658,-0.006956022,-0.0069705807,-0.0068978183,-0.006900709,-0.0070217066,-0.0069865845
2009-04-15,-0.009849962,-0.010358211,-0.009969529,-0.009913024,-0.009869691,-0.010029342,-0.009982418,-0.010164034,-0.009907242,-0.010009047,-0.009978604,-0.009873416,-0.009961959,-0.010001373,-0.00993773,-0.009964105,-0.0099121,-0.009947013,-0.010021549,-0.010004874
2009-04-16,-0.0068474673,-0.007476952,-0.006885525,-0.0069621317,-0.006843906,-0.006927844,-0.0069758855,-0.00697295,-0.0069901757,-0.0069717877,-0.006975796,-0.0068519823,-0.00695635,-0.006996494,-0.0069457404,-0.0069537573,-0.0068504475,-0.006916832,-0.006988149,-0.0069633685
2009-04-17,-0.0043768845,-0.0047530495,-0.0044292025,-0.004461076,-0.004351657,-0.0069696866,-0.0033217778,-0.018293377,-0.0044869296,-0.0044997893,-0.0032339802,-0.0043684803,-0.0044658147,-0.0045049153,-0.004429575,-0.0044582896,-0.004366886,-0.004363712,-0.0045101903,-0.003344964
2009-04-20,-0.00439116,-0.004769098,-0.004459616,-0.004460182,-0.004353922,-0.004770603,-0.004461821,-0.005257707,-0.004377749,-0.0044578277,-0.0044427477,-0.004348334,-0.0044572316,-0.004495304,-0.004396688,-0.0044573657,-0.0044078343,-0.004388597,-0.0045154206,-0.004456248
2009-04-21,-0.002043422,-0.002549242,-0.0021453162,-0.0021389832,-0.002036657,-0.005877983,-0.0016901453,-0.017112475,-0.0021723618,-0.002140682,-0.0016090383,-0.0020313968,-0.0021447202,-0.0021812578,-0.0021096726,-0.002117302,-0.0020663252,-0.0020540466,-0.0021815111,-0.0010912975
2009-04-22,-0.0048965625,-0.0053937696,-0.005036708,-0.005029734,-0.004926067,-0.005451899,-0.0050394945,-0.0058572553,-0.0050429665,-0.005039688,-0.0050281547,-0.004916098,-0.005002301,-0.005059149,-0.004985582,-0.0050023757,-0.0049591176,-0.005005222,-0.004984256,-0.0049892627
2009-04-23,-0.0066280477,-0.006986212,-0.006708186,-0.0067324154,-0.0066749863,-0.007730212,-0.006753307,-0.0072663985,-0.006782379,-0.006782677,-0.0067203306,-0.0066663288,-0.0067460053,-0.0067990236,-0.0067313127,-0.006781172,-0.006687727,-0.006730851,-0.006676223,-0.0065957867
2009-04-24,-0.0068612956,-0.0070820116,-0.00692768,-0.006943103,-0.0068399124,-0.007077392,-0.0069801323,-0.007036727,-0.006972205,-0.0069502555,-0.0069838874,-0.0068518035,-0.006932866,-0.0069809817,-0.0068892054,-0.0069342367,-0.006870594,-0.006919261,-0.006861817,-0.0069356523
2009-04-27,-0.006843712,-0.007298555,-0.006897833,-0.0069333725,-0.006818127,-0.007885795,-0.006947633,-0.0075374655,-0.0069398694,-0.0069484524,-0.006954279,-0.006832298,-0.006932866,-0.0069864355,-0.006892722,-0.0069329552,-0.0068769567,-0.0069066547,-0.0068919323,-0.006719392
2009-04-28,-0.0068679713,-0.007282477,-0.0069196783,-0.0069201402,-0.006854411,-0.0069780014,-0.006961506,-0.0068067424,-0.00697669,-0.006968301,-0.006978359,-0.006871935,-0.0069329254,-0.0069915913,-0.006908234,-0.006932836,-0.0068964623,-0.006945651,-0.00690056,-0.0069354437
2009-04-29,-0.0068345927,-0.0072515123,-0.0069204383,-0.0069348775,-0.0068603717,-0.006984081,-0.006969746,-0.006780397,-0.0069755875,-0.006971564,-0.0069642775,-0.006857615,-0.0069328956,-0.0069823526,-0.0069324486,-0.0069348775,-0.0068798475,-0.006943997,-0.0068252943,-0.006777223
2009-04-30,-0.0075437985,-0.00793178,-0.0076266937,-0.007577833,-0.0075572096,-0.0076890998,-0.007673364,-0.007493358,-0.0076897107,-0.0076725,-0.007672336,-0.007564854,-0.007629838,-0.0076925717,-0.007620197,-0.0076298676,-0.007580694,-0.0076375566,-0.0077699237,-0.0075457506
2009-05-01,-0.0067992173,-0.0072786026,-0.006925296,-0.0069327615,-0.006851848,-0.006987434,-0.006961327,-0.006778445,-0.006981056,-0.0069798194,-0.006970074,-0.006858211,-0.006932851,-0.0069907866,-0.0069175623,-0.0069329105,-0.006877374,-0.006911706,-0.007123824,-0.0068052076
2009-05-04,-0.0062686466,-0.006647434,-0.006359201,-0.006362658,-0.006294962,-0.0064253323,-0.006390404,-0.006216299,-0.006405931,-0.006409388,-0.006411966,-0.006292995,-0.0063672177,-0.0064277314,-0.006366875,-0.0063672177,-0.006312456,-0.0063669197,-0.0064628236,-0.0062677376
2009-05-05,-0.0069808327,-0.0073184334,-0.006915804,-0.006964352,-0.0068525188,-0.006991457,-0.0069542043,-0.0067865066,-0.0070280395,-0.00696012,-0.006987285,-0.0068461113,-0.006958019,-0.0069934987,-0.00682747,-0.006955456,-0.0068811737,-0.0069284253,-0.0068462454,-0.0068296306
2009-05-06,-0.0067794137,-0.0071885847,-0.0067279004,-0.0067766123,-0.00665481,-0.006793689,-0.006764915,-0.006584909,-0.0068667047,-0.0067610405,-0.0067598484,-0.006641116,-0.0067637973,-0.006796103,-0.0066314302,-0.0067709945,-0.0066932254,-0.006725516,-0.0066773705,-0.0066281073
2009-05-07,-0.0058104657,-0.0060767643,-0.0057251714,-0.005742099,-0.0056977533,-0.005832847,-0.005809363,-0.0056198947,-0.005881291,-0.0058189146,-0.0058300905,-0.005688887,-0.0058086626,-0.0058337413,-0.0056865923,-0.0058304183,-0.005711969,-0.005745467,-0.0058454536,-0.00573742
2009-05-08,-0.0038489213,-0.0041486137,-0.0038481613,-0.003844883,-0.0037921628,-0.0038869341,-0.0038658937,-0.0036721786,-0.004005488,-0.0039017906,-0.0038989594,-0.0037696024,-0.0038688888,-0.003891017,-0.0037641933,-0.0038672348,-0.0037755778,-0.0038436463,-0.0038851907,-0.003712069
2009-05-11,-0.00504094,-0.0050876997,-0.0050203167,-0.005062919,-0.0049527697,-0.005045589,-0.005033385,-0.004815828,-0.0053572766,-0.005082082,-0.0050842725,-0.004942801,-0.0050675087,-0.005084332,-0.0049558394,-0.0050526075,-0.004971992,-0.0050318055,-0.005090531,-0.004890587
2009-05-12,-0.0069768094,-0.0070619397,-0.0069072656,-0.0069989227,-0.0068535767,-0.0069592856,-0.00696316,-0.006722238,-0.0070511512,-0.0069855265,-0.006984215,-0.0068623535,-0.006992679,-0.00699785,-0.0068572275,-0.0069847964,-0.006882649,-0.0069545023,-0.0069600902,-0.0068193637
2009-05-13,-0.006950479,-0.0070482455,-0.0069148354,-0.006939348,-0.006862592,-0.0069585405,-0.006963622,-0.0067584924,-0.007087972,-0.007000845,-0.006982159,-0.0068683587,-0.0069814734,-0.006995078,-0.0068666153,-0.0069817565,-0.0068705194,-0.0069245063,-0.006857302,-0.006900441
2009-05-14,-0.006956067,-0.0069789253,-0.00691944,-0.0069902055,-0.006846618,-0.0069585703,-0.00696468,-0.0067289136,-0.0070966,-0.0069832616,-0.0069909208,-0.006858032,-0.0070053004,-0.006995406,-0.0068629496,-0.0073689185,-0.006856542,-0.006951984,-0.006881576,-0.006875258
2009-05-15,-0.0069672726,-0.007014867,-0.0069193654,-0.007031914,-0.0068477355,-0.0069572143,-0.0069834106,-0.006771069,-0.007085841,-0.006993767,-0.0069917254,-0.0068567507,-0.00700612,-0.006994959,-0.006885033,-0.007299956,-0.0068751685,-0.0069240443,-0.0069481395,-0.0069969855
2009-05-18,-0.0068180375,-0.006956231,-0.0069418363,-0.007056635,-0.006927129,-0.006956961,-0.006978806,-0.006779637,-0.0071353726,-0.007010307,-0.006999146,-0.006892737,-0.0070142113,-0.0069935434,-0.006855976,-0.0073527507,-0.0068723224,-0.006926324,-0.0069910996,-0.0069923513
2009-05-19,-0.0068385266,-0.006955188,-0.006955471,-0.007013377,-0.006886702,-0.006956961,-0.0069734417,-0.0067870133,-0.007024359,-0.007008981,-0.006998267,-0.0068953894,-0.0069865994,-0.0070005767,-0.0068521164,-0.0074141584,-0.0068831705,-0.0069514476,-0.0070024095,-0.0069042854
2009-05-20,-0.009848829,-0.009999525,-0.009991746,-0.010018941,-0.009876724,-0.009972613,-0.009993177,-0.009809714,-0.010038432,-0.01002055,-0.0099728815,-0.009889405,-0.009985503,-0.010007169,-0.009839963,-0.01008695,-0.009909775,-0.009907614,-0.010046121,-0.0100086
2009-05-21,-0.006916564,-0.0069891624,-0.0069727115,-0.007000368,-0.0068650953,-0.006980952,-0.0069775544,-0.006774228,-0.0070185773,-0.006996032,-0.0069669895,-0.0068663023,-0.0070132576,-0.0069883876,-0.006815102,-0.0070316605,-0.0068787,-0.006899547,-0.006987717,-0.0069707297
2009-05-22,-0.0066089444,-0.006713178,-0.0067390464,-0.006772142,-0.006657969,-0.006764259,-0.0067477636,-0.006565612,-0.0068035387,-0.0067732893,-0.0067414455,-0.0066374205,-0.0067501776,-0.0067682974,-0.0066041164,-0.006800916,-0.0066698156,-0.006704252,-0.006787803,-0.00674079
2009-05-26,-0.00817823,-0.008214455,-0.008172136,-0.008237135,-0.008113738,-0.008207988,-0.008180197,-0.00801402,-0.008272897,-0.008221399,-0.008205276,-0.008098584,-0.008196142,-0.008216184,-0.00808562,-0.008235928,-0.008111995,-0.008159291,-0.008132543,-0.008143093
2009-05-27,-0.006961804,-0.006990861,-0.0068952404,-0.0069912635,-0.0068810247,-0.0069924854,-0.0069758706,-0.006790515,-0.007068705,-0.0070067905,-0.0069857202,-0.0068712346,-0.006977942,-0.006998893,-0.006852012,-0.00695337,-0.006885823,-0.0069302134,-0.007166978,-0.006985303
2009-05-28,-0.004102882,-0.004296031,-0.004182156,-0.0043182485,-0.004140254,-0.004291799,-0.004245665,-0.0040720664,-0.00438058,-0.0042591803,-0.004239198,-0.0041472726,-0.0043034516,-0.0042718314,-0.004134547,-0.004216861,-0.0041548274,-0.004176747,-0.0042763166,-0.0042587332
2009-05-29,-0.0068022273,-0.0070128106,-0.0068985336,-0.00706188,-0.006864276,-0.007713776,-0.007008534,-0.00711463,-0.007095393,-0.0069986396,-0.0069628917,-0.0068736635,-0.0070401095,-0.0069912635,-0.0068567656,-0.0069406144,-0.0068748705,-0.0069087856,-0.006990295,-0.006991919
2009-06-01,-0.0058944784,-0.0058878176,-0.0058063976,-0.0059440546,-0.0057839863,-0.0058528595,-0.0059085153,-0.005688574,-0.005921956,-0.005874481,-0.005840238,-0.0057683103,-0.005914148,-0.005884748,-0.0057831965,-0.0058287047,-0.005778294,-0.0058270358,-0.0058275573,-0.0067625903
2009-06-02,-0.006998118,-0.007007953,-0.0069024675,-0.0069836937,-0.0069134943,-0.007731002,-0.0070424937,-0.0071073584,-0.007035371,-0.0069936775,-0.0068916343,-0.0068666004,-0.0069751106,-0.0069963597,-0.006890919,-0.0069439225,-0.0068926625,-0.006938543,-0.0069503896,-0.007104587
2009-06-03,-0.0069870017,-0.007016983,-0.006930407,-0.006993752,-0.0068768524,-0.006967809,-0.0070099644,-0.006780725,-0.007013183,-0.00699785,-0.006962698,-0.0068802796,-0.00697447,-0.0070029907,-0.006883215,-0.0069476925,-0.006876599,-0.006919857,-0.0068730228,-0.0070194714
2009-06-04,-0.011001926,-0.011071797,-0.010969754,-0.011070173,-0.010906588,-0.011006217,-0.011034053,-0.0108281635,-0.011043545,-0.011053186,-0.011030626,-0.010921057,-0.011023667,-0.011048567,-0.010946762,-0.0109899305,-0.010933574,-0.010973226,-0.010966506,-0.011043917
2009-06-05,-0.0064340197,-0.006594997,-0.006416347,-0.0065172426,-0.0064542852,-0.0065335147,-0.0065784417,-0.0065317564,-0.006570857,-0.0065468214,-0.0065518282,-0.006458681,-0.0065284185,-0.0065689944,-0.0064564757,-0.006511744,-0.006439518,-0.00647467,-0.0064917468,-0.006726291
2009-06-08,-0.0034100076,-0.0035359075,-0.0034198572,-0.0035201123,-0.003453981,-0.003507774,-0.0035581996,-0.0033248921,-0.0035001298,-0.0035328825,-0.0035099646,-0.0034104397,-0.0035125425,-0.0035287847,-0.0034133454,-0.003471892,-0.003420051,-0.0035023799,-0.0033766737,-0.0035318842
2009-06-09,-0.006889727,-0.007245954,-0.0068770014,-0.0069908313,-0.0068944804,-0.0069713257,-0.007014986,-0.006787952,-0.006998848,-0.00699256,-0.006962668,-0.006876182,-0.006973814,-0.0069939457,-0.006856855,-0.006924849,-0.006882336,-0.0069567226,-0.0068706237,-0.006969001
2009-06-10,-0.006960269,-0.0070198886,-0.0069395564,-0.006989669,-0.0069113784,-0.0069662593,-0.00700536,-0.0068857037,-0.006989401,-0.006992515,-0.0069591813,-0.006872203,-0.0069742016,-0.0069951676,-0.006887164,-0.0069190077,-0.006855678,-0.006945219,-0.006857615,-0.006987598
2009-06-11,-0.006886553,-0.006976988,-0.0069603287,-0.00696167,-0.0069095455,-0.0069410913,-0.0070055686,-0.022642639,-0.0069125406,-0.0070069246,-0.0069701187,-0.0068643056,-0.0070053004,-0.006996628,-0.0069010668,-0.006939646,-0.006870117,-0.006951403,-0.0069757216,-0.0070025586
2009-06-12,-0.0094043575,-0.009421986,-0.00937232,-0.009359803,-0.009316903,-0.009365108,-0.009410124,-0.026369836,-0.0094024055,-0.009433281,-0.009380382,-0.009297352,-0.009445112,-0.009421688,-0.009329062,-0.009353366,-0.009293746,-0.009383123,-0.009399798,-0.009445246
2009-06-15,-0.007599663,-0.0077644996,-0.0076318644,-0.0076503716,-0.007597979,-0.0076197498,-0.00767019,-0.024263036,-0.0076889507,-0.0076927654,-0.0076190196,-0.007541444,-0.0077011995,-0.007675331,-0.007572841,-0.0076136403,-0.0075275414,-0.007649433,-0.00761215,-0.0076921694
2009-06-16,-0.0068623237,-0.007254999,-0.006961819,-0.0069894157,-0.006891515,-0.006938409,-0.006975662,-0.0075092725,-0.007029336,-0.006950345,-0.0069419257,-0.006853249,-0.0069446526,-0.006996017,-0.0068979375,-0.0068499856,-0.0068679564,-0.006893676,-0.006860446,-0.006930571
2009-06-17,-0.006900426,-0.007287305,-0.006952431,-0.006974425,-0.006918531,-0.0069359057,-0.006977465,-0.0071148686,-0.0070277564,-0.00693905,-0.006951418,-0.0068566613,-0.006917011,-0.006998699,-0.0069152378,-0.0068106167,-0.0068596713,-0.0069128685,-0.0068960153,-0.0069229864
2009-06-18,-0.0068569593,-0.007264998,-0.0068670325,-0.0069825463,-0.006931495,-0.006935414,-0.0069817863,-0.0072105937,-0.007029053,-0.006981205,-0.0069380663,-0.0068559907,-0.006971609,-0.006993871,-0.006935384,-0.0069113486,-0.0068597905,-0.006899398,-0.006871041,-0.006970372
2009-06-19,-0.006855365,-0.0070170425,-0.006841805,-0.0069505237,-0.0068946443,-0.0069351606,-0.006979447,-0.022927951,-0.007035073,-0.0070111565,-0.006937053,-0.006834861,-0.00689305,-0.006988045,-0.006875869,-0.0068801604,-0.00683802,-0.0068673454,-0.0068188123,-0.007006552
2009-06-22,-0.01191799,-0.011973854,-0.012034934,-0.012035113,-0.011967313,-0.012010705,-0.012035098,-0.028962027,-0.0120910965,-0.012095835,-0.012017768,-0.011920076,-0.012017231,-0.012067314,-0.011938166,-0.011955824,-0.011916023,-0.011937197,-0.011929389,-0.012089666
2009-06-23,-0.006853398,-0.0068424307,-0.0068884753,-0.006992962,-0.006889995,-0.0069362186,-0.006981414,-0.024343502,-0.0070051216,-0.0070309155,-0.006948527,-0.006874677,-0.0070437454,-0.0069974773,-0.006886091,-0.00683799,-0.0068323873,-0.006915342,-0.0069081746,-0.0070633553
2009-06-24,-0.0055567585,-0.0055355243,-0.005586814,-0.00567187,-0.005576905,-0.005638417,-0.005676683,-0.023387264,-0.005734753,-0.005685549,-0.005647909,-0.0055693053,-0.0056698583,-0.0056925975,-0.005586203,-0.0055428557,-0.005536776,-0.005605813,-0.005577501,-0.005779829
2009-06-25,-0.0073741786,-0.0073478036,-0.007396873,-0.0075365566,-0.0074370764,-0.007464912,-0.007503029,-0.024759125,-0.007551145,-0.007518586,-0.007465657,-0.007397067,-0.0075864755,-0.007519942,-0.0074064545,-0.0074533634,-0.0073872022,-0.0074352287,-0.0074639134,-0.0075888
2009-06-26,-0.007642042,-0.0076237135,-0.0076941215,-0.0078008436,-0.0077292435,-0.0077374987,-0.007757198,-0.008600812,-0.0078081004,-0.0077465735,-0.0077394657,-0.0076621138,-0.007793214,-0.0077891164,-0.0076993667,-0.0077311657,-0.007650476,-0.0077338926,-0.007744577,-0.007746633
2009-06-29,-0.006565701,-0.006539043,-0.0066258125,-0.0067603104,-0.0066389106,-0.006745409,-0.006693553,-0.0075290464,-0.006768089,-0.0067225657,-0.0066781603,-0.006616425,-0.0067322217,-0.0067203604,-0.0066221915,-0.00670385,-0.006583806,-0.0066816173,-0.006675463,-0.006751295
2009-06-30,-0.0068389587,-0.0068128966,-0.0068825595,-0.0069794618,-0.006945681,-0.007003244,-0.006933909,-0.02302849,-0.0069610737,-0.007005837,-0.006936308,-0.006850224,-0.0069377385,-0.006981816,-0.006892901,-0.0069199465,-0.0068458132,-0.006942194,-0.0068985038,-0.007019099
2009-07-01,-0.0068512224,-0.006809514,-0.00698578,-0.006990146,-0.0069205426,-0.0070072524,-0.0069294237,-0.024325874,-0.006977897,-0.007010501,-0.0069473945,-0.006855931,-0.0068795346,-0.0069864653,-0.0068909638,-0.0068571083,-0.0068473034,-0.006920006,-0.0069164,-0.007036995
2009-07-02,-0.0068362765,-0.006816145,-0.0068736486,-0.006995108,-0.0069208853,-0.007042732,-0.0069356076,-0.024299081,-0.0069751553,-0.007018309,-0.0069514625,-0.0068780296,-0.006988328,-0.006980475,-0.006899964,-0.006882619,-0.0068532936,-0.0069561265,-0.0069315694,-0.0070187114
2009-07-06,-0.006842818,-0.0067984723,-0.0069858097,-0.0069805942,-0.006878432,-0.007016506,-0.0069303475,-0.024276119,-0.006967243,-0.006982159,-0.0069378577,-0.006864112,-0.006870877,-0.0069874935,-0.006874677,-0.0068272166,-0.0068475865,-0.006901365,-0.0068943165,-0.0070214234
2009-07-07,-0.006842058,-0.006820198,-0.0069745444,-0.0069788955,-0.006896686,-0.0070051067,-0.0069222413,-0.024497073,-0.0070080124,-0.0070091896,-0.006936278,-0.0068456493,-0.006946262,-0.006985169,-0.006886136,-0.006786015,-0.006852757,-0.0069299303,-0.0068998598,-0.0070090704
2009-07-08,-0.00685082,-0.006904658,-0.006956067,-0.006956842,-0.0068755113,-0.0070061944,-0.0069222264,-0.024500977,-0.006984111,-0.007056173,-0.0069377236,-0.006843623,-0.006980147,-0.006986063,-0.0068760626,-0.006849181,-0.006857749,-0.0068799816,-0.006945368,-0.007020291
2009-07-09,-0.0068416856,-0.006954547,-0.0069691055,-0.0069820993,-0.0069212876,-0.007006701,-0.006870609,-0.024503868,-0.0070058666,-0.007042583,-0.00694507,-0.006869953,-0.0070018284,-0.006995421,-0.0069032274,-0.0069023483,-0.006852012,-0.0069154315,-0.006951865,-0.007016059
2009-07-10,-0.006957408,-0.0068521313,-0.0069633536,-0.0069911443,-0.0068844818,-0.007006135,-0.0067702495,-0.024504434,-0.0069989674,-0.007033553,-0.0069399886,-0.006854456,-0.0069986545,-0.0069922917,-0.0068807267,-0.0069009922,-0.0068575554,-0.0068872236,-0.0069437735,-0.00700913
2009-07-13,-0.009944316,-0.009943362,-0.010051619,-0.010078024,-0.010021206,-0.010087591,-0.009872671,-0.011572342,-0.009953406,-0.010098722,-0.010033663,-0.009966191,-0.0100749545,-0.010070782,-0.00998066,-0.009994086,-0.009955462,-0.009993296,-0.010024156,-0.010062929
2009-07-14,-0.0068137757,-0.006830137,-0.0069535933,-0.0069499128,-0.006907817,-0.0069523863,-0.006771531,-0.0072593503,-0.006846618,-0.0069639497,-0.006945323,-0.0068502836,-0.006947782,-0.006981518,-0.0068784617,-0.0068352334,-0.0068344735,-0.0068938397,-0.006882664,-0.0069544725
2009-07-15,-0.0039196275,-0.00395767,-0.004066523,-0.004060965,-0.004056018,-0.004115429,-0.0038891097,-0.019639444,-0.004049804,-0.0041270517,-0.004057359,-0.0039514266,-0.004019495,-0.004092764,-0.003995519,-0.003961187,-0.0039589815,-0.0040136836,-0.0039718114,-0.004123982
2009-07-16,-0.0068087094,-0.0068457834,-0.006960254,-0.006972369,-0.0068911724,-0.0069645457,-0.0067931376,-0.007823151,-0.00693227,-0.0069679134,-0.00693981,-0.006824877,-0.006960001,-0.0069729798,-0.006859239,-0.0068422817,-0.006844785,-0.006861668,-0.006896954,-0.0069772266
2009-07-17,-0.008915257,-0.008949485,-0.009081941,-0.009072017,-0.009004366,-0.009155508,-0.008905541,-0.024708834,-0.009000685,-0.009123232,-0.009056594,-0.008989554,-0.009050351,-0.0090910755,-0.008999493,-0.00897887,-0.008956339,-0.008972313,-0.009046059,-0.009160694
2009-07-20,-0.006648686,-0.0066433065,-0.0068001114,-0.006795224,-0.006686624,-0.006842371,-0.006604355,-0.02347609,-0.0066630803,-0.006849166,-0.0067655854,-0.0066725574,-0.0067283325,-0.0068165474,-0.006724503,-0.006699931,-0.006659221,-0.0067200176,-0.0067651533,-0.006847959
2009-07-21,-0.0068151765,-0.0069782995,-0.006967243,-0.006950166,-0.0068914406,-0.0069847666,-0.0068694167,-0.008118611,-0.006841477,-0.006991368,-0.006948363,-0.006826725,-0.006878998,-0.0069707297,-0.0068920814,-0.0069133006,-0.006815996,-0.006873157,-0.0069329552,-0.006990399
2009-07-22,-0.0065905116,-0.006609421,-0.006754633,-0.0067274235,-0.0066838674,-0.0068131946,-0.006777372,-0.022627216,-0.0066342615,-0.0068271123,-0.0067162476,-0.0066056214,-0.006641414,-0.006752979,-0.0066602044,-0.006737288,-0.006605204,-0.0066525005,-0.0067135654,-0.006818574
2009-07-23,-0.003138717,-0.0031676104,-0.0033035686,-0.0033044477,-0.0032452603,-0.003302749,-0.003139015,-0.0045990013,-0.0032078286,-0.003351893,-0.0032711586,-0.0031453033,-0.0033047756,-0.0033157726,-0.003189515,-0.0031657328,-0.0031419953,-0.003224488,-0.0032702347,-0.00333726
2009-07-24,-0.0036362072,-0.0036578437,-0.00382122,-0.00380839,-0.0037417372,-0.0038473716,-0.0036124398,-0.020618137,-0.0037012806,-0.0038799306,-0.003775831,-0.003637906,-0.0038075408,-0.0038134416,-0.0037044545,-0.0037040522,-0.0036466678,-0.003693517,-0.0037739535,-0.0038820615
2009-07-27,-0.0029168387,-0.0031318476,-0.0030997952,-0.0030846258,-0.0029842814,-0.0031318476,-0.002937596,-0.020965766,-0.0029451062,-0.0031636765,-0.0030548235,-0.002941813,-0.0030818393,-0.0031011363,-0.0029768457,-0.0029876342,-0.0029390564,-0.0029699316,-0.0030489971,-0.0031686535
2009-07-28,-0.0068193786,-0.006978955,-0.00700685,-0.006949734,-0.006895032,-0.0069849603,-0.006902244,-0.008249458,-0.0068342797,-0.006987881,-0.006936889,-0.006810736,-0.006937947,-0.006988343,-0.0068666153,-0.006914016,-0.006821733,-0.006904956,-0.0069359057,-0.007017728
2009-07-29,-0.0026876589,-0.0028241088,-0.0028443744,-0.0028027704,-0.0027208736,-0.0027853956,-0.002702575,-0.0029372682,-0.0026759913,-0.0027952602,-0.0027758887,-0.0026600321,-0.0027794351,-0.0028216352,-0.002734076,-0.0027555039,-0.002660047,-0.0028042754,-0.0027766635,-0.0028031429
2009-07-30,-0.005490329,-0.005670678,-0.0056550615,-0.005637359,-0.005549621,-0.005623039,-0.005495202,-0.006043669,-0.005535301,-0.0056571923,-0.0056184344,-0.0055184476,-0.0056444816,-0.0056658946,-0.0055467,-0.005548667,-0.005507197,-0.005610522,-0.0056292377,-0.0056569837
2009-07-31,-0.008427452,-0.008414488,-0.008611377,-0.008586403,-0.008516144,-0.008537512,-0.008439597,-0.009059858,-0.00855663,-0.008579981,-0.008542594,-0.008466806,-0.008602586,-0.008602705,-0.008472782,-0.008489113,-0.008445051,-0.008548524,-0.008585792,-0.008619737
2009-08-03,-0.004608091,-0.004599061,-0.004788857,-0.004762139,-0.0046829544,-0.0047449283,-0.004764121,-0.005003821,-0.0047533773,-0.0047771297,-0.0047322623,-0.0046429,-0.0047907643,-0.004781317,-0.004659798,-0.0046443455,-0.004626181,-0.0046639405,-0.00477181,-0.0047855936
2009-08-04,-0.0068155937,-0.0068012886,-0.0070184283,-0.006961953,-0.0069132857,-0.0069469474,-0.007002618,-0.0071979873,-0.0069478117,-0.006978836,-0.006954115,-0.0068554394,-0.006991606,-0.00697973,-0.0068766437,-0.0069039725,-0.006826427,-0.0068858378,-0.006972056,-0.0069756173
2009-08-05,-0.006805297,-0.006800618,-0.0070166253,-0.00696161,-0.006897252,-0.006950941,-0.006843563,-0.007194873,-0.006921049,-0.0069712363,-0.006950181,-0.0068525188,-0.0069885217,-0.0069739185,-0.0068755113,-0.0069021992,-0.0068184696,-0.0068973415,-0.0069757663,-0.006984066
2009-08-06,-0.0068107657,-0.006811645,-0.007015746,-0.006962847,-0.0068777613,-0.0070103817,-0.0068446808,-0.023039069,-0.006908279,-0.0070119016,-0.0069556646,-0.006856095,-0.0069912933,-0.006971251,-0.0068713985,-0.0069317482,-0.006812375,-0.0069196783,-0.006978538,-0.007051181
2009-08-07,-0.0068008117,-0.006825771,-0.00701138,-0.006966036,-0.006869506,-0.007016357,-0.0069131963,-0.024242517,-0.0069056414,-0.0069895945,-0.0069464855,-0.006825473,-0.006967526,-0.006975796,-0.0068783574,-0.00696237,-0.0068183206,-0.0068812333,-0.0069790743,-0.0070271455
2009-08-10,-0.008746218,-0.0087998025,-0.008837324,-0.008814257,-0.008842688,-0.008892577,-0.008797359,-0.009665098,-0.008748334,-0.008914929,-0.008866515,-0.008790683,-0.008874964,-0.008891311,-0.008811768,-0.008890223,-0.008752447,-0.0088304095,-0.008884843,-0.008922558
2009-08-11,-0.0068124197,-0.0068896674,-0.007041406,-0.0069832318,-0.0069271736,-0.006974589,-0.0069980733,-0.007299509,-0.006910991,-0.007007163,-0.0069449805,-0.0068553053,-0.0069647394,-0.006990861,-0.0068902336,-0.0069737844,-0.006845262,-0.006884899,-0.0069722347,-0.0070047043
2009-08-12,-0.006010186,-0.006457936,-0.0062401257,-0.0062003545,-0.0061238967,-0.006187152,-0.006205555,-0.006732758,-0.0061037056,-0.0062251203,-0.0061809532,-0.0060706846,-0.006190669,-0.0062073283,-0.006102305,-0.006181013,-0.00604799,-0.0061243586,-0.0061860792,-0.006219458
2009-08-13,-0.006800946,-0.0068903975,-0.0069500767,-0.006960254,-0.0069082044,-0.0069704317,-0.006979089,-0.007482361,-0.0069003515,-0.007007148,-0.006980758,-0.0068498813,-0.006969046,-0.0069978945,-0.0068888925,-0.00698353,-0.006839048,-0.0068603717,-0.006970849,-0.0073980205
2009-08-14,-0.007160198,-0.007242378,-0.007388171,-0.0073399805,-0.0073041134,-0.007342946,-0.007363733,-0.007586669,-0.007297989,-0.007369142,-0.0073559694,-0.007232975,-0.0073401593,-0.007352706,-0.0073451363,-0.0073183887,-0.0072205923,-0.0072498135,-0.0073382817,-0.007397454
2009-08-17,-0.009053405,-0.009087916,-0.009271305,-0.009223532,-0.0091488175,-0.009258714,-0.009242054,-0.0094723515,-0.009153198,-0.009266403,-0.009225722,-0.009106394,-0.009236541,-0.009240728,-0.009146374,-0.009185042,-0.009101789,-0.009125825,-0.009226363,-0.009242784
2009-08-18,-0.002271693,-0.0023913493,-0.0024989357,-0.0024535467,-0.0023883095,-0.002483498,-0.0024680754,-0.0026679893,-0.0023715456,-0.0024858078,-0.0024237593,-0.0023400893,-0.0024601032,-0.0024658402,-0.002355646,-0.0024692377,-0.0023128649,-0.0023714413,-0.0024557968,-0.0024606248
2009-08-19,-0.0067868195,-0.006870877,-0.0070093684,-0.0070008,-0.006915804,-0.006996136,-0.006991338,-0.0071995966,-0.006913673,-0.0070102625,-0.0069444887,-0.006868493,-0.006970223,-0.0069924705,-0.006890636,-0.00692695,-0.0068180226,-0.0068864636,-0.006966125,-0.007037174
2009-08-20,-0.0067798607,-0.00688019,-0.007011261,-0.0069874935,-0.006913658,-0.0070050918,-0.0070027523,-0.007188063,-0.006899383,-0.0070023052,-0.00695711,-0.0068636797,-0.006980341,-0.0069901757,-0.0068795346,-0.0069350414,-0.006838601,-0.006892603,-0.0069687925,-0.00697143
2009-08-21,-0.006824281,-0.006878879,-0.0070051067,-0.006972473,-0.0068868212,-0.007012587,-0.0069908313,-0.0070534907,-0.0068807416,-0.007011395,-0.0069525503,-0.0068779103,-0.0069833063,-0.006992694,-0.0068832003,-0.0069910698,-0.006831344,-0.00691415,-0.006967541,-0.006976705
2009-08-24,-0.006795805,-0.006842416,-0.00698271,-0.0069725923,-0.0069499128,-0.0069880746,-0.006960314,-0.007010456,-0.0069050007,-0.0069864504,-0.0069600455,-0.006859448,-0.0069761984,-0.007002782,-0.0068780594,-0.006997358,-0.0068518184,-0.006903123,-0.006963413,-0.006954517
2009-08-25,-0.0068173967,-0.0068383478,-0.00698353,-0.0069589727,-0.006907176,-0.0070371293,-0.0069900714,-0.023054581,-0.0069084726,-0.0070342235,-0.0069517903,-0.00686739,-0.0069808774,-0.0070022754,-0.0068838857,-0.006993171,-0.00684705,-0.00687493,-0.006960299,-0.0069687627
2009-08-26,-0.0068162195,-0.0069198273,-0.006988894,-0.006990265,-0.0069944523,-0.0070053153,-0.006983068,-0.0079683475,-0.0069739334,-0.0069745146,-0.0069505833,-0.0068602823,-0.0069792382,-0.0070043914,-0.0069763623,-0.0069652162,-0.0068690144,-0.0068798326,-0.0069623403,-0.006952565
2009-08-27,-0.0068842582,-0.0069294386,-0.0070040636,-0.007056337,-0.007023748,-0.007045146,-0.007000696,-0.007371735,-0.0069764964,-0.0070251487,-0.007001724,-0.00691111,-0.007025119,-0.0070491694,-0.007016536,-0.0070066415,-0.0068977885,-0.0069731437,-0.0070012175,-0.0070150904
2009-08-28,-0.0069413297,-0.0069996975,-0.0070919804,-0.0072327964,-0.007095095,-0.0071322583,-0.0071123503,-0.0075648986,-0.0070236586,-0.0071523897,-0.0070705228,-0.0069844536,-0.0071040206,-0.0071118884,-0.007044282,-0.007081639,-0.006970864,-0.006999638,-0.0070785694,-0.0070841573
2009-08-31,-0.006804969,-0.0068471096,-0.0069692396,-0.0070536546,-0.0069719963,-0.0070375614,-0.0070060752,-0.023174774,-0.0068991445,-0.0070520453,-0.006959688,-0.0068623386,-0.0069857202,-0.006983366,-0.0069285147,-0.0070099942,-0.006855186,-0.0068769716,-0.0069571696,-0.006971877
2009-09-01,-0.006793808,-0.006833952,-0.006961968,-0.007004183,-0.0069308244,-0.007011052,-0.007008087,-0.0078066103,-0.0068998747,-0.00701211,-0.006964188,-0.0068507157,-0.0069856904,-0.0069853775,-0.0069054924,-0.006996464,-0.0068355016,-0.0068774484,-0.0069615655,-0.0069657676
2009-09-02,-0.006972205,-0.0070345663,-0.0071879737,-0.007142272,-0.00712977,-0.007207852,-0.0070851855,-0.023379099,-0.007174205,-0.0071801804,-0.0071385913,-0.007025104,-0.0071664117,-0.0071723275,-0.007103663,-0.0071299337,-0.0070317946,-0.007099282,-0.007132586,-0.007140126
2009-09-03,-0.0067931674,-0.0069393925,-0.00701439,-0.0070232116,-0.0069654398,-0.006988894,-0.006981548,-0.007872801,-0.006982725,-0.0069955997,-0.006963279,-0.0068617873,-0.0069867335,-0.0069936328,-0.006926205,-0.006975334,-0.006861847,-0.0068812184,-0.0069539063,-0.00696617
2009-09-04,-0.011735361,-0.011891659,-0.011865657,-0.01190437,-0.011858579,-0.011949535,-0.0117859505,-0.026922207,-0.011867579,-0.011929076,-0.01188476,-0.011787381,-0.011912774,-0.011914309,-0.011803698,-0.011899259,-0.011764374,-0.011790272,-0.011882719,-0.011886101
2009-09-08,-0.008993205,-0.009182464,-0.009177472,-0.00914922,-0.009118941,-0.009210404,-0.009046625,-0.025167134,-0.009154793,-0.009184983,-0.009160813,-0.009043079,-0.0091631375,-0.009176891,-0.00907236,-0.00913411,-0.009025838,-0.009043973,-0.009137418,-0.009144153
2009-09-09,-0.0068461113,-0.007163774,-0.006999489,-0.0070027076,-0.006920185,-0.007022705,-0.0068560205,-0.02462193,-0.006978493,-0.007020157,-0.006972041,-0.006859716,-0.0069903545,-0.0069996975,-0.006905388,-0.00698426,-0.0068568103,-0.0068769716,-0.006968852,-0.006952714
2009-09-10,-0.006802004,-0.0071914904,-0.006995436,-0.0069974475,-0.006918099,-0.006996017,-0.0068841837,-0.0077378266,-0.0069352053,-0.006999459,-0.006970357,-0.006847333,-0.006985735,-0.0069924705,-0.006899204,-0.006973084,-0.0068575405,-0.006886136,-0.006958347,-0.0069305263
2009-09-11,-0.008811351,-0.009148251,-0.009021249,-0.00893664,-0.008950364,-0.008999106,-0.008897882,-0.009308498,-0.008911084,-0.008993398,-0.008975055,-0.008845236,-0.008993875,-0.008999404,-0.0088854395,-0.008883428,-0.008862611,-0.008876171,-0.008833136,-0.008818608
2009-09-14,-0.0066205673,-0.0067830496,-0.006819185,-0.0067706965,-0.0067650042,-0.006807741,-0.006804537,-0.0071038567,-0.006745439,-0.0068234913,-0.006784912,-0.006650757,-0.0068213306,-0.0068141334,-0.0067143254,-0.0066711716,-0.006669741,-0.0067129843,-0.0066564493,-0.0067662857
2009-09-15,-0.006819498,-0.0069897585,-0.0070009492,-0.0069430135,-0.00694051,-0.0069710575,-0.006979879,-0.0072542243,-0.0069448017,-0.0070116483,-0.006985333,-0.0068455003,-0.0070037507,-0.006991502,-0.006886136,-0.0069176517,-0.006851133,-0.0068941973,-0.006842863,-0.0069558136
2009-09-16,-0.006856438,-0.0070275627,-0.007008698,-0.0069586895,-0.0069610886,-0.0069790594,-0.0069112144,-0.0070392303,-0.006936889,-0.0069881044,-0.0070168786,-0.0068661533,-0.0069995336,-0.006999489,-0.006919306,-0.0069593005,-0.0068751685,-0.0069356374,-0.006837409,-0.0069540255
2009-09-17,-0.008479949,-0.008624073,-0.008655187,-0.008650895,-0.008550819,-0.008657169,-0.00853714,-0.008842122,-0.008624192,-0.0086431615,-0.008677583,-0.008529212,-0.008669328,-0.008650031,-0.0085736625,-0.008577045,-0.00854234,-0.008572426,-0.008532178,-0.008618455
2009-09-18,-0.0054194443,-0.005608868,-0.0055872463,-0.005630415,-0.0054800175,-0.0056183003,-0.0054480545,-0.02191117,-0.005597409,-0.0055888854,-0.005582493,-0.0054565184,-0.0055911653,-0.0055832975,-0.005476054,-0.0054730736,-0.0054486208,-0.005509775,-0.0054353885,-0.005550068
2009-09-21,-0.008927938,-0.009037863,-0.009071942,-0.0090304725,-0.008911546,-0.009029832,-0.008940022,-0.009509843,-0.009068321,-0.009053733,-0.009026747,-0.008966859,-0.009079915,-0.009064656,-0.008958515,-0.008994844,-0.008937743,-0.0090126805,-0.008931976,-0.009035017
2009-09-22,-0.0068578087,-0.006979909,-0.006996881,-0.006997954,-0.006858479,-0.0069531165,-0.006885331,-0.006887581,-0.007013049,-0.0069874786,-0.0069906376,-0.006882202,-0.0070174,-0.007000845,-0.006901782,-0.006929945,-0.0068720095,-0.0069601946,-0.006864827,-0.006949391
2009-09-23,-0.008759212,-0.008932631,-0.008806091,-0.008908387,-0.008763652,-0.008860063,-0.008840766,-0.008801412,-0.008933138,-0.008918922,-0.008922409,-0.008785274,-0.008976813,-0.008916225,-0.0088074915,-0.008892324,-0.008795347,-0.0088326745,-0.008891787,-0.00887553
2009-09-24,-0.006814014,-0.0069759153,-0.007013615,-0.0069537275,-0.0068920515,-0.006918367,-0.007307034,-0.007101532,-0.006987389,-0.0069920234,-0.0069859587,-0.0068269633,-0.0070070587,-0.0069888644,-0.0068629645,-0.006918844,-0.006853264,-0.0069295727,-0.00686739,-0.0069442056
2009-09-25,-0.00632393,-0.0064249,-0.0064893775,-0.0063856654,-0.006382387,-0.006409686,-0.006937396,-0.006325554,-0.006451007,-0.006479528,-0.006450128,-0.006322738,-0.006496068,-0.006471347,-0.0063596927,-0.0064363293,-0.006334942,-0.006440606,-0.0063889883,-0.0064132027
2009-09-28,-0.008083772,-0.008185219,-0.008243468,-0.008177396,-0.008179482,-0.008165713,-0.008510914,-0.008066874,-0.00824764,-0.008229446,-0.00821365,-0.008106213,-0.008273032,-0.008223679,-0.008121487,-0.008200254,-0.008104052,-0.008199822,-0.008193489,-0.008165535
2009-09-29,-0.0056660883,-0.0060007535,-0.0058088712,-0.005780291,-0.0056994073,-0.0057844333,-0.00567786,-0.0056491904,-0.005785864,-0.005808186,-0.0058043264,-0.005695667,-0.005802747,-0.0058123134,-0.0057036094,-0.005656179,-0.005668368,-0.0057706498,-0.0056219213,-0.005754467
2009-09-30,-0.004423227,-0.00457282,-0.0046125464,-0.004602488,-0.004488852,-0.004591491,-0.0045701824,-0.004432481,-0.0046029054,-0.004590746,-0.004615601,-0.004490059,-0.004618492,-0.0046031885,-0.0045023076,-0.0045013987,-0.004474353,-0.0045653693,-0.00448082,-0.004539218
2009-10-01,-0.0068569146,-0.0068867467,-0.0069849156,-0.0069283955,-0.006866511,-0.0069713406,-0.0069403313,-0.0068447255,-0.006962966,-0.007022392,-0.006996315,-0.0068617724,-0.0070260726,-0.0069963597,-0.0068797283,-0.0068941973,-0.006859254,-0.0069406442,-0.0068643354,-0.0069406293
2009-10-02,-0.006809052,-0.0069374405,-0.007007297,-0.006960284,-0.006964501,-0.0069650672,-0.0069194846,-0.006827768,-0.0069909208,-0.006999504,-0.0070156716,-0.006883543,-0.007016849,-0.0070039295,-0.006895151,-0.00685763,-0.006864082,-0.006903257,-0.0068508945,-0.006939333
2009-10-05,-0.007617738,-0.007815134,-0.007847827,-0.007751357,-0.007794302,-0.00775842,-0.007761311,-0.0076475106,-0.007823866,-0.0077964924,-0.0078329705,-0.007697206,-0.007836606,-0.007814359,-0.007708635,-0.007726919,-0.0076838695,-0.007743355,-0.0077099465,-0.0077625774
2009-10-06,-0.0068058483,-0.0069503,-0.0070283376,-0.0069805346,-0.006892901,-0.006968688,-0.0068709664,-0.0071621053,-0.006990399,-0.0070205443,-0.007015642,-0.006889578,-0.007008102,-0.00699931,-0.006908115,-0.00686967,-0.006871488,-0.0068888925,-0.006858837,-0.0069353245
2009-10-07,-0.0068025105,-0.006930705,-0.0070075355,-0.007005539,-0.006907519,-0.0069636814,-0.0068933927,-0.0070127808,-0.007003721,-0.0070280693,-0.007017102,-0.006879743,-0.0070182346,-0.006998282,-0.00691488,-0.006872382,-0.006871041,-0.006926056,-0.006861564,-0.0069348924
2009-10-08,-0.006861996,-0.0069936626,-0.0070571564,-0.007054504,-0.0069523565,-0.007030811,-0.0070022754,-0.007064786,-0.007071074,-0.007076632,-0.0070892237,-0.00693829,-0.0070943646,-0.0070618354,-0.0069443993,-0.0069518797,-0.0069262944,-0.0069841705,-0.006981831,-0.0070104115
2009-10-09,-0.0060880594,-0.006212827,-0.0062621944,-0.0062754713,-0.006192263,-0.006230261,-0.00614753,-0.006282326,-0.006260153,-0.0062991045,-0.0062472634,-0.0061157607,-0.00627343,-0.0062695257,-0.0061497353,-0.006126281,-0.006146442,-0.006180566,-0.0061339997,-0.0062075965
2009-10-12,-0.006819796,-0.0069580637,-0.006997522,-0.006982293,-0.006934505,-0.0069627874,-0.0069089197,-0.007154476,-0.006993722,-0.0070284866,-0.0069936775,-0.0068637244,-0.00702725,-0.0070050918,-0.0069006346,-0.006900307,-0.0068742596,-0.006959658,-0.006882336,-0.006937485
2009-10-13,-0.006833952,-0.006950464,-0.006963279,-0.0070112757,-0.0070009492,-0.006936457,-0.006882768,-0.006893825,-0.006993275,-0.0070234053,-0.006989803,-0.0068641715,-0.0070181005,-0.007003095,-0.006894272,-0.0069142096,-0.006871503,-0.0069624744,-0.0068616383,-0.0069344006
2009-10-14,-0.006608125,-0.006748032,-0.0067347996,-0.0067807846,-0.006790053,-0.006743606,-0.006680291,-0.0069416575,-0.00678451,-0.0068078153,-0.0067566447,-0.006653931,-0.00680561,-0.0067933165,-0.006684225,-0.006677892,-0.006677132,-0.00669026,-0.0066776685,-0.0067256354
2009-10-15,-0.006846141,-0.00695711,-0.0069193207,-0.0069887303,-0.006986942,-0.0069547407,-0.0068538003,-0.0069787465,-0.006950032,-0.0069832616,-0.006991785,-0.006868135,-0.006997358,-0.0070116334,-0.006895896,-0.0068294816,-0.006866347,-0.0069792233,-0.006850999,-0.0069346093
2009-10-16,-0.008336391,-0.008449104,-0.008353945,-0.008394118,-0.008402523,-0.00842398,-0.008306798,-0.008588877,-0.008362617,-0.008452322,-0.008423027,-0.0082890205,-0.008439984,-0.008441385,-0.008352693,-0.008329015,-0.008330267,-0.008389469,-0.008309435,-0.008370977
2009-10-19,-0.009311076,-0.009472009,-0.009379189,-0.009435039,-0.009409111,-0.009426516,-0.009362783,-0.009613346,-0.009451043,-0.009465214,-0.009477314,-0.009315055,-0.0094832145,-0.009462725,-0.0093564205,-0.009431999,-0.009345662,-0.009392347,-0.0093591325,-0.009394538
2009-10-20,-0.006875556,-0.006984558,-0.006910827,-0.0069454275,-0.0068866424,-0.006969761,-0.006859433,-0.007131379,-0.0068913065,-0.007017996,-0.007016849,-0.006842654,-0.0070054047,-0.0070001595,-0.0068770014,-0.0068587326,-0.006864127,-0.006914582,-0.006856676,-0.0069359355
2009-10-21,-0.0020260473,-0.0021500697,-0.0020920148,-0.0021398773,-0.0020530631,-0.0021363308,-0.0020141562,-0.0020626446,-0.00208896,-0.0021846106,-0.0021881273,-0.0020062288,-0.0021700521,-0.0021675786,-0.0020309945,-0.0020233204,-0.0020071527,-0.0020635983,-0.0020153036,-0.0021050235
2009-10-22,-0.009652998,-0.009785961,-0.009739559,-0.009766158,-0.009705197,-0.009756815,-0.00968812,-0.009660285,-0.009747963,-0.009796988,-0.00979973,-0.009629246,-0.009796273,-0.00979,-0.009653341,-0.009695943,-0.009649601,-0.0097431205,-0.009685677,-0.009729903
2009-10-23,-0.010287728,-0.010361906,-0.01038542,-0.010397922,-0.01038539,-0.010352772,-0.010299172,-0.010303792,-0.010378893,-0.010415804,-0.010387357,-0.010239687,-0.010420825,-0.010397088,-0.010262471,-0.010334458,-0.010261964,-0.010343503,-0.010294016,-0.010332387
2009-10-26,-0.008892875,-0.008987587,-0.008950572,-0.0090126805,-0.008985739,-0.008988541,-0.009273585,-0.00892679,-0.009148102,-0.009039011,-0.009022202,-0.0088691525,-0.009016719,-0.00902563,-0.008885395,-0.00898708,-0.008887138,-0.00895926,-0.00894114,-0.008961808
2009-10-27,-0.0068628453,-0.00695635,-0.0069687776,-0.0068991147,-0.0069945715,-0.0069544576,-0.006947737,-0.0069507174,-0.00700989,-0.0069990866,-0.007017743,-0.0068400167,-0.0069904737,-0.0070016943,-0.0068509094,-0.0069439076,-0.006860744,-0.0069149397,-0.006892424,-0.0069359653
2009-10-28,-0.007877421,-0.007818084,-0.007897075,-0.007850822,-0.007984888,-0.007974055,-0.007875513,-0.00798231,-0.007932242,-0.007997196,-0.008016329,-0.007845741,-0.0079767965,-0.00800265,-0.007862907,-0.007915463,-0.007851075,-0.007994439,-0.007841211,-0.007929739
2009-10-29,-0.0068766586,-0.006958004,-0.0068919025,-0.00702874,-0.006988343,-0.0070057474,-0.006916564,-0.0072550587,-0.0069781058,-0.007004004,-0.0070194714,-0.0068566464,-0.0069901906,-0.007013481,-0.006903719,-0.006920602,-0.006882917,-0.006991472,-0.006913867,-0.006953161
2009-10-30,-0.0068540983,-0.006873604,-0.0068944953,-0.0069668256,-0.007008549,-0.0069733374,-0.0069573037,-0.006880995,-0.0070019774,-0.0070020817,-0.007025983,-0.0068570934,-0.007005539,-0.0070005916,-0.0068692975,-0.006911274,-0.006852772,-0.0069683455,-0.0068906806,-0.006939929
2009-11-02,-0.006846931,-0.006903108,-0.006992709,-0.006882202,-0.0070103817,-0.006983366,-0.0068602674,-0.006874319,-0.0069827996,-0.0070180558,-0.0070227794,-0.006850224,-0.007007342,-0.0070084,-0.006878089,-0.006874364,-0.006846886,-0.006976124,-0.0069062077,-0.0069370084
2009-11-03,-0.0068763755,-0.0068568103,-0.0070455335,-0.0068858527,-0.007001471,-0.0070079826,-0.006921049,-0.0069083683,-0.0069605224,-0.006999325,-0.0070247017,-0.0068443976,-0.0069935136,-0.0070014857,-0.006872069,-0.0068638884,-0.006830033,-0.006984275,-0.0068260394,-0.006934639
2009-11-04,-0.00995959,-0.009984907,-0.010022875,-0.010085743,-0.010098632,-0.010086518,-0.010012861,-0.010025706,-0.010099556,-0.010085773,-0.01011182,-0.009939101,-0.010104906,-0.010080826,-0.00996865,-0.009999659,-0.009927001,-0.010021772,-0.009989481,-0.0100202225
2009-11-05,-0.00458559,-0.0046122186,-0.0047123097,-0.0047069304,-0.0047292523,-0.004856717,-0.004627671,-0.0046322756,-0.0047210716,-0.004721623,-0.004728418,-0.0045500062,-0.0047305934,-0.004706245,-0.0045756213,-0.004618045,-0.0045502298,-0.004657265,-0.004599031,-0.004650127
2009-11-06,-0.0077381395,-0.007775571,-0.007829931,-0.007864144,-0.007905092,-0.008081954,-0.007820558,-0.022696074,-0.007882696,-0.007872861,-0.007846873,-0.007721808,-0.007919859,-0.007863548,-0.007777434,-0.0077612065,-0.007712301,-0.00785717,-0.00775012,-0.007809397
2009-11-09,-0.0064854287,-0.006549593,-0.0065629147,-0.006592285,-0.006632682,-0.007389184,-0.0064763986,-0.023582455,-0.006609436,-0.0066170357,-0.006549921,-0.00644527,-0.006811898,-0.0065905713,-0.0064860396,-0.0065156184,-0.0064696036,-0.006540682,-0.0065050386,-0.0065383427
2009-11-10,-0.0068875365,-0.0068448447,-0.006960269,-0.006990891,-0.0070550106,-0.007223036,-0.006809067,-0.024280515,-0.0069960766,-0.0070251785,-0.007008832,-0.0068525486,-0.0070726387,-0.0069963597,-0.0068758987,-0.007055234,-0.006859239,-0.00700612,-0.006880041,-0.006934788
2009-11-11,-0.0068768226,-0.0068521015,-0.006953966,-0.0069656335,-0.0070405565,-0.0070570074,-0.0067981146,-0.024314638,-0.006927248,-0.007039141,-0.0069980435,-0.0068783127,-0.0070863776,-0.0070001,-0.006878447,-0.007027339,-0.0068469904,-0.0069728307,-0.0068267845,-0.0069365464
2009-11-12,-0.010019314,-0.009957951,-0.010038134,-0.010128658,-0.010160577,-0.0102281235,-0.009987246,-0.026929956,-0.0101065,-0.010162827,-0.01015627,-0.010022979,-0.010207962,-0.010134127,-0.010020431,-0.010095205,-0.009982165,-0.010132816,-0.010051932,-0.010079037
2009-11-13,-0.005922746,-0.0058656298,-0.006060999,-0.0060257725,-0.006037038,-0.0063233785,-0.0059000067,-0.0069861524,-0.00591911,-0.006056633,-0.006063681,-0.0058786236,-0.0060779266,-0.006034162,-0.0059110336,-0.005917903,-0.005902376,-0.005956035,-0.0059393607,-0.0059864484
2009-11-16,-0.007150393,-0.007109221,-0.007257458,-0.0072473697,-0.007286396,-0.0076244287,-0.007107284,-0.007538449,-0.0072215907,-0.0072935186,-0.0072861277,-0.007116314,-0.0072700195,-0.0072666816,-0.0071399026,-0.007147651,-0.0071334504,-0.0072080754,-0.007150572,-0.00721639
2009-11-17,-0.008614581,-0.008564096,-0.008654978,-0.008671086,-0.008693095,-0.009016257,-0.0084981285,-0.008888792,-0.008608278,-0.008715566,-0.00871497,-0.008540105,-0.008686271,-0.008686956,-0.008566748,-0.008533802,-0.0085658245,-0.008642774,-0.008567702,-0.008640211
2009-11-18,-0.006910797,-0.006837841,-0.0069279037,-0.006963443,-0.0069673173,-0.007046979,-0.006784018,-0.007144388,-0.006914269,-0.0070056133,-0.007004719,-0.006810453,-0.0069690607,-0.006979,-0.006857466,-0.00694583,-0.006856393,-0.0070035122,-0.006846618,-0.006937247
2009-11-19,-0.008708816,-0.008731794,-0.008793663,-0.008812677,-0.008852374,-0.009273957,-0.008655053,-0.008751567,-0.008811768,-0.008860838,-0.008848604,-0.008686703,-0.008807775,-0.008832034,-0.008724999,-0.00880326,-0.0087060295,-0.008849662,-0.008742403,-0.008784514
2009-11-20,-0.010432225,-0.01042841,-0.010526102,-0.01052862,-0.010571536,-0.010771956,-0.010526564,-0.02639335,-0.010505255,-0.010569345,-0.010572549,-0.010408577,-0.010572266,-0.010541525,-0.010456156,-0.010471594,-0.010405313,-0.010633569,-0.010410171,-0.010498937
2009-11-23,-0.010899868,-0.01086035,-0.010932069,-0.010996919,-0.010997143,-0.011099052,-0.010869782,-0.02674998,-0.010977816,-0.010997634,-0.011004087,-0.010878425,-0.011029284,-0.010985505,-0.010915007,-0.011023384,-0.010869022,-0.011044648,-0.010876145,-0.010930803
2009-11-24,-0.0069131665,-0.0068305545,-0.0069069825,-0.006975081,-0.006975975,-0.007207345,-0.0068046115,-0.007924061,-0.0069461428,-0.0069968216,-0.006997537,-0.006847974,-0.0069962405,-0.006980922,-0.006871473,-0.007058393,-0.0068218373,-0.0070134066,-0.0068477355,-0.0069359653
2009-11-25,-0.008369785,-0.008304726,-0.008453663,-0.0084516965,-0.008458909,-0.00866821,-0.008302864,-0.024295133,-0.008399751,-0.00847378,-0.00848582,-0.008305978,-0.008494806,-0.008467328,-0.008315738,-0.008442353,-0.008373763,-0.008526187,-0.008325275,-0.008417409
2009-11-27,-0.006843623,-0.0068214647,-0.0069588535,-0.0069605373,-0.0069751106,-0.007117193,-0.006844636,-0.007922243,-0.006871637,-0.006991353,-0.0069995634,-0.00682975,-0.0069775693,-0.0069784485,-0.0068570636,-0.0068433844,-0.00686289,-0.007008534,-0.006818559,-0.006935101
2009-11-30,-0.0068789087,-0.006826248,-0.0069797896,-0.0070215724,-0.0070619844,-0.007282313,-0.0068691336,-0.007702481,-0.0069775544,-0.006998267,-0.007013645,-0.0068431906,-0.0070089363,-0.0069793575,-0.006845515,-0.006983962,-0.0068922453,-0.0070072673,-0.0068904273,-0.022288483
2009-12-01,-0.006901365,-0.0068446063,-0.0070235096,-0.006998297,-0.0070351325,-0.007081162,-0.006868761,-0.007484626,-0.00698201,-0.0070176534,-0.0070265643,-0.0068460964,-0.0070355646,-0.0070017986,-0.006854575,-0.0069440864,-0.006994363,-0.0070203356,-0.006882753,-0.0075704567
2009-12-02,-0.005254876,-0.005184721,-0.005364131,-0.005357515,-0.005377751,-0.005551111,-0.0052378885,-0.0062945895,-0.005335685,-0.0053514205,-0.005380269,-0.0052057616,-0.0053815953,-0.005357202,-0.0052112453,-0.005233776,-0.00530171,-0.0053536408,-0.0052416734,-0.005364131
2009-12-03,-0.011609744,-0.011570152,-0.011699777,-0.011720266,-0.01172344,-0.011862826,-0.011600386,-0.012276437,-0.011692699,-0.011717897,-0.011746671,-0.011591192,-0.011732679,-0.011722978,-0.011598345,-0.011646416,-0.011630904,-0.011715721,-0.011615809,-0.011702444
2009-12-04,-0.0040652566,-0.0040152334,-0.004136365,-0.0041703247,-0.004189145,-0.0043673627,-0.0041980855,-0.00429317,-0.004136946,-0.004193347,-0.004195627,-0.0040384196,-0.0041911863,-0.004184883,-0.0040570013,-0.004109632,-0.004109036,-0.0041869096,-0.0040249936,-0.0044061653
2009-12-07,-0.006486919,-0.006422516,-0.006568309,-0.0065661334,-0.006587621,-0.006825518,-0.0065680556,-0.007115554,-0.0066011064,-0.006582167,-0.006574806,-0.0064150803,-0.0065527223,-0.0065686516,-0.006470602,-0.0064782463,-0.006470751,-0.0065813623,-0.006444838,-0.0065230243
2009-12-08,-0.006894212,-0.006843593,-0.0069808178,-0.0069778226,-0.0070164315,-0.0075416975,-0.006855186,-0.00787678,-0.006907027,-0.0069962107,-0.007006701,-0.0068162642,-0.0069731884,-0.006977018,-0.0068459325,-0.006901499,-0.006875243,-0.006998088,-0.0068392716,-0.00704452
2009-12-09,-0.0069105737,-0.0068466924,-0.007058557,-0.0069758855,-0.006855827,-0.0075308196,-0.0069074742,-0.00802378,-0.0068747364,-0.0069876276,-0.0070038103,-0.0068148337,-0.006971594,-0.006983664,-0.006854128,-0.006972816,-0.0068692975,-0.006999757,-0.0068303756,-0.0069434457
2009-12-10,-0.0059760176,-0.005893018,-0.0061023794,-0.006008666,-0.0059284978,-0.0063319616,-0.005985301,-0.021991324,-0.0059953146,-0.006026428,-0.0060376935,-0.0058740787,-0.006036546,-0.0060290806,-0.005886104,-0.0060454123,-0.0059116147,-0.0060395263,-0.0058380775,-0.00598843
2009-12-11,-0.006845411,-0.006894674,-0.0069987588,-0.006960433,-0.0070272796,-0.0070458762,-0.0069770627,-0.008988243,-0.006918203,-0.0069886707,-0.0069971643,-0.006854456,-0.006908115,-0.006991487,-0.00690135,-0.006921079,-0.0068974905,-0.00699402,-0.0068010055,-0.006939303
2009-12-14,-0.0061109625,-0.0060904585,-0.006240707,-0.0062144957,-0.006264236,-0.006309878,-0.006166812,-0.021870863,-0.0061364286,-0.0061770044,-0.006195884,-0.0060898326,-0.0061165653,-0.006194707,-0.006099116,-0.006157335,-0.00614677,-0.0062163584,-0.0060723834,-0.0061712526
2009-12-15,-0.006843593,-0.0068957917,-0.00704303,-0.006969359,-0.007005673,-0.0073063932,-0.0069498383,-0.0077324323,-0.006952446,-0.0069498383,-0.006989818,-0.006865274,-0.006861847,-0.007002201,-0.0068989955,-0.00691941,-0.006943848,-0.0069880597,-0.006861072,-0.0069416873
2009-12-16,-0.005519774,-0.005505156,-0.0056493543,-0.005642738,-0.005637508,-0.00571486,-0.0056099407,-0.0058905445,-0.0055253617,-0.005623188,-0.00563642,-0.005513381,-0.005496349,-0.005625289,-0.0055345558,-0.0056075267,-0.005591344,-0.0056386106,-0.0055080466,-0.0055735223
2009-12-17,-0.0068722777,-0.00683422,-0.006986957,-0.0069911294,-0.0070021264,-0.00735813,-0.006895881,-0.0070550404,-0.006897118,-0.0069751255,-0.006988194,-0.0068647526,-0.0068733357,-0.00698201,-0.006892454,-0.0069920234,-0.006974291,-0.007010158,-0.0068577044,-0.006938126
2009-12-18,-0.0045074336,-0.0044743232,-0.0045790784,-0.004613247,-0.004614141,-0.0047489516,-0.004545536,-0.0050815158,-0.0045070164,-0.0045861565,-0.004615929,-0.0044964217,-0.0045823865,-0.004613187,-0.004525896,-0.0046011917,-0.004583832,-0.0046398304,-0.0044499002,-0.004562672
2009-12-21,-0.0070832185,-0.0070486628,-0.0070785843,-0.0071908347,-0.007194709,-0.0072849207,-0.007108148,-0.007379841,-0.0070511363,-0.0071551315,-0.0071666203,-0.007062223,-0.0071806423,-0.0071742497,-0.007064756,-0.007174533,-0.0071153007,-0.0072128586,-0.0070060752,-0.007130917
2009-12-22,-0.0068716668,-0.006839063,-0.006901514,-0.0069792382,-0.0070003234,-0.0073152594,-0.0069143586,-0.0071845613,-0.0068545304,-0.0069666915,-0.006980192,-0.006855618,-0.0069332533,-0.0069901906,-0.006873425,-0.007151272,-0.0069148056,-0.0070154928,-0.006814029,-0.0069376044
2009-12-23,-0.0036857834,-0.0036721935,-0.0038184335,-0.0038031598,-0.0038123538,-0.0038712134,-0.0037765761,-0.003982138,-0.003688257,-0.0037777086,-0.0037952622,-0.0036734005,-0.0037471016,-0.0037843545,-0.0036834886,-0.003851067,-0.0037472208,-0.0038010885,-0.0036416312,-0.0037419607
2009-12-24,-0.006866928,-0.006870579,-0.007013511,-0.0069958232,-0.0070011728,-0.0071096085,-0.006985124,-0.00717498,-0.006867837,-0.00697371,-0.00698198,-0.006858032,-0.0069133006,-0.0069647245,-0.0068613254,-0.006957557,-0.007100966,-0.006992813,-0.0068229996,-0.0069382153
2009-12-28,-0.0068717115,-0.0068543367,-0.007015165,-0.006996479,-0.0070038848,-0.007299375,-0.006925296,-0.006994169,-0.0069189034,-0.0069855563,-0.006987404,-0.0068579875,-0.0068471693,-0.0069683753,-0.0068678223,-0.0069948398,-0.0070983283,-0.006984066,-0.0068236105,-0.006938409
2009-12-29,-0.0068780147,-0.006856706,-0.007025551,-0.006988939,-0.0070128404,-0.0072586946,-0.006940525,-0.0069941245,-0.006907981,-0.0069742166,-0.00698575,-0.0068621747,-0.006883558,-0.006973963,-0.0068863444,-0.0069668256,-0.007094618,-0.006983768,-0.0068505965,-0.0069436245
2009-12-30,-0.0068795197,-0.006871607,-0.007038664,-0.0069861673,-0.0069913976,-0.0073099844,-0.006927382,-0.0069897585,-0.006918531,-0.006984126,-0.0069789253,-0.006855916,-0.0068843774,-0.006972041,-0.0068743937,-0.0069208257,-0.0070153587,-0.006974932,-0.0069439523,-0.0069380514
2009-12-31,-0.010765579,-0.010803621,-0.010910597,-0.010889109,-0.010929819,-0.011130344,-0.010891166,-0.0108929835,-0.010842975,-0.010896932,-0.010887545,-0.0107808225,-0.010809388,-0.010880437,-0.010803875,-0.010819312,-0.0111271255,-0.010871049,-0.0108197,-0.010843288
2010-01-04,-0.006856274,-0.006859731,-0.007010203,-0.006998133,-0.0070166104,-0.007274907,-0.006903764,-0.0069879405,-0.006903302,-0.0069837086,-0.00700457,-0.006853517,-0.0069307797,-0.006970238,-0.0068866275,-0.006895732,-0.0070318393,-0.0069702826,-0.006974604,-0.0069370233
2010-01-05,-0.006864425,-0.006851118,-0.0069881193,-0.0070045255,-0.007045012,-0.007399883,-0.006990459,-0.0071669035,-0.006914597,-0.006974619,-0.006975483,-0.006852608,-0.006934773,-0.0069739483,-0.00685082,-0.006905537,-0.006982621,-0.0069924854,-0.0068638735,-0.0069381557
2010-01-06,-0.0034305265,-0.0034097394,-0.0035567095,-0.003538247,-0.0035745462,-0.0040586106,-0.0034698953,-0.0036886593,-0.0034660061,-0.0035363545,-0.0035405715,-0.0034148206,-0.0034784486,-0.0035423746,-0.0034333726,-0.003542017,-0.003509145,-0.0034836342,-0.0033976247,-0.0034908464
2010-01-07,-0.006886523,-0.0068706833,-0.0069852434,-0.0069957487,-0.006997537,-0.0072642975,-0.0069504343,-0.0069820248,-0.0069249235,-0.006971907,-0.006982472,-0.0068705343,-0.006925117,-0.0069908164,-0.0068977736,-0.006987747,-0.00702044,-0.006952267,-0.006825503,-0.006937038
2010-01-08,-0.004333224,-0.0043571405,-0.0044537894,-0.0044224076,-0.0044522695,-0.0048818253,-0.0043546073,-0.0045461617,-0.0044279806,-0.0044219904,-0.0044361763,-0.004314091,-0.0043345205,-0.0044335984,-0.004325878,-0.004337337,-0.004461985,-0.0044372194,-0.004309144,-0.004382666
2010-01-11,-0.009360593,-0.009343591,-0.009473722,-0.0094877,-0.009463277,-0.009664934,-0.009355541,-0.02328841,-0.009415012,-0.009422835,-0.009463545,-0.009337898,-0.009413194,-0.009447645,-0.00934599,-0.009407368,-0.009464186,-0.009436678,-0.009761032,-0.009396162
2010-01-12,-0.0068812184,-0.006876942,-0.006995868,-0.007024225,-0.0070068203,-0.007199388,-0.0068982355,-0.0076451413,-0.0069060586,-0.0069647096,-0.007004466,-0.0068835877,-0.006934639,-0.0070003383,-0.006883409,-0.007019948,-0.0070034824,-0.00687946,-0.0068896227,-0.0071204714
2010-01-13,-0.007884409,-0.008100655,-0.008009028,-0.007998746,-0.008004528,-0.00825059,-0.007869419,-0.023032334,-0.007955711,-0.00796945,-0.007977109,-0.007863205,-0.007934671,-0.007972892,-0.007898282,-0.007920098,-0.008020069,-0.007879894,-0.007905286,-0.007922035
2010-01-14,-0.0074227415,-0.007580366,-0.0075341724,-0.0075291507,-0.00752924,-0.007876348,-0.007405933,-0.008293074,-0.007499542,-0.0074896775,-0.0075130872,-0.0073939376,-0.0074328296,-0.0075294636,-0.0074436776,-0.007439848,-0.007540893,-0.0074732415,-0.007401716,-0.007464301
2010-01-15,-0.009667348,-0.009701904,-0.009777959,-0.009730663,-0.009742793,-0.0098429285,-0.0095925145,-0.0099882595,-0.00968669,-0.009715971,-0.009733584,-0.00962038,-0.009624209,-0.009741839,-0.009634908,-0.009729575,-0.009732794,-0.009700339,-0.009621527,-0.009678867
2010-01-19,-0.0057624243,-0.0059380196,-0.005875718,-0.0058353506,-0.0058397613,-0.0059271865,-0.005698722,-0.0056998245,-0.0058103167,-0.005808022,-0.005837869,-0.0057264976,-0.0057571195,-0.005831223,-0.005733993,-0.005824413,-0.00585429,-0.0057561807,-0.0056972466,-0.005775761
2010-01-20,-0.006905567,-0.0071411394,-0.007023778,-0.006976705,-0.006979581,-0.007042136,-0.006835263,-0.007178735,-0.0069282018,-0.0069692545,-0.006967526,-0.0068713687,-0.006850537,-0.0069933794,-0.0068618767,-0.0069312416,-0.0069254898,-0.0069128536,-0.006860327,-0.006935384
2010-01-21,-0.01044346,-0.01045939,-0.010529172,-0.010509502,-0.010485541,-0.010688093,-0.01053391,-0.011402678,-0.010421794,-0.010460984,-0.010505673,-0.010378789,-0.010409515,-0.010494333,-0.010407995,-0.010509472,-0.010354053,-0.010430153,-0.010373246,-0.010445427
2010-01-22,-0.011344042,-0.011416908,-0.011472862,-0.01143105,-0.01140077,-0.011443164,-0.011330884,-0.011531588,-0.011385974,-0.011405449,-0.011407685,-0.011307266,-0.011268552,-0.011431795,-0.011299219,-0.011434,-0.011283528,-0.011359137,-0.011294212,-0.011371445
2010-01-25,-0.0051222704,-0.0050958805,-0.0052269213,-0.005180713,-0.0051900856,-0.0052243285,-0.0051317327,-0.0053912364,-0.0051506124,-0.0051667355,-0.005174648,-0.005076509,-0.0050770305,-0.0051872395,-0.0050735585,-0.0051932,-0.0050442033,-0.0050846003,-0.005048614,-0.005130168
2010-01-26,-0.0069124512,-0.0069040917,-0.0070016347,-0.006985154,-0.0069782548,-0.0070622973,-0.0069281273,-0.006998297,-0.0069749467,-0.0069716536,-0.006979879,-0.0068723373,-0.0068698637,-0.0069936775,-0.0068599097,-0.006979745,-0.006907996,-0.006941553,-0.006823059,-0.006936159
2010-01-27,-0.00822955,-0.008196097,-0.008316632,-0.008303102,-0.008310955,-0.008417811,-0.008255672,-0.008679833,-0.008308392,-0.00828835,-0.008314099,-0.008213546,-0.008273225,-0.008309942,-0.008209731,-0.008325886,-0.008215498,-0.008288618,-0.008148175,-0.0082570575
2010-01-28,-0.007126581,-0.007132482,-0.007249322,-0.0072493814,-0.0072205625,-0.0072743855,-0.0073012672,-0.007324647,-0.007178258,-0.007210519,-0.0072399788,-0.0071144663,-0.0071112476,-0.00723226,-0.0071340166,-0.00724886,-0.0071800165,-0.007175859,-0.007049676,-0.007180106
2010-01-29,-0.004481565,-0.0044837557,-0.004617702,-0.004612725,-0.0045960657,-0.004666459,-0.0045442395,-0.0046133064,-0.0046034567,-0.004607301,-0.004597407,-0.0044831894,-0.004477259,-0.0046090297,-0.0045044087,-0.004592266,-0.0045551322,-0.004512366,-0.004431423,-0.0045453273
2010-02-01,-0.007593926,-0.0075602494,-0.0076632015,-0.0076968186,-0.007653754,-0.0078794025,-0.007589709,-0.008529242,-0.007625859,-0.007672455,-0.007683616,-0.0075479858,-0.0076984875,-0.0076640807,-0.0075695775,-0.007698711,-0.007572528,-0.0075535886,-0.0075014047,-0.0076062344
2010-02-02,-0.006898921,-0.0068996362,-0.0069984607,-0.006975677,-0.007007461,-0.007053878,-0.0069262497,-0.006865304,-0.0069797896,-0.0070018433,-0.006991457,-0.0068866573,-0.006959405,-0.006982323,-0.0069121085,-0.0069833063,-0.0069511794,-0.006900277,-0.006870579,-0.006952744
2010-02-03,-0.006887015,-0.006890785,-0.006983664,-0.0069598965,-0.007005479,-0.007062804,-0.006918993,-0.006992515,-0.0069392286,-0.007000502,-0.006972175,-0.00686742,-0.0069910698,-0.006974142,-0.006907668,-0.0069962256,-0.0068828724,-0.006855767,-0.006858688,-0.0069353394
2010-02-04,-0.006895926,-0.0068908893,-0.0069724284,-0.006996896,-0.0070007257,-0.0070317946,-0.006905686,-0.0068354122,-0.00695185,-0.0070194416,-0.0070056133,-0.0068751685,-0.0069682114,-0.006981056,-0.0068814717,-0.0070033185,-0.006920796,-0.00690664,-0.0068134926,-0.0069345944
2010-02-05,-0.0068904273,-0.006877791,-0.0069905184,-0.006990891,-0.007000219,-0.007022392,-0.006875824,-0.006867405,-0.0069478415,-0.0070057623,-0.006994035,-0.00688472,-0.0069710873,-0.0069822483,-0.0069020055,-0.007016342,-0.0069205724,-0.006927129,-0.0068239234,-0.0069357865
2010-02-08,-0.005449157,-0.005462166,-0.0055689923,-0.005608078,-0.005463522,-0.005624559,-0.005422514,-0.005392652,-0.0055017136,-0.0055602603,-0.005576443,-0.0054427944,-0.0055514835,-0.0055564605,-0.0054691695,-0.0055473857,-0.0055824183,-0.005530011,-0.005534958,-0.005541753
2010-02-09,-0.006874513,-0.006866794,-0.006977778,-0.006956842,-0.006895032,-0.0070004724,-0.006944459,-0.0068403445,-0.006926995,-0.0069908462,-0.0069782995,-0.006870698,-0.006970357,-0.006993126,-0.006887939,-0.0069927685,-0.0069910698,-0.006938275,-0.0069738887,-0.0069368295
2010-02-10,-0.007437747,-0.007422235,-0.0075157844,-0.00762425,-0.007512491,-0.007542651,-0.007387247,-0.007369753,-0.007488992,-0.0075474046,-0.007533174,-0.007421445,-0.00750592,-0.007534709,-0.0074453168,-0.0074988566,-0.0075538866,-0.007430043,-0.0074417703,-0.0074720643
2010-02-11,-0.0064008497,-0.006327983,-0.0064835213,-0.0064869337,-0.0064122938,-0.006513294,-0.006353345,-0.0063345544,-0.006415587,-0.0065059625,-0.00648674,-0.0063714944,-0.0064649396,-0.0064991973,-0.0064322166,-0.006421309,-0.006422844,-0.0064029656,-0.0064750724,-0.0064399056
2010-02-12,-0.0036783775,-0.0036451777,-0.003749158,-0.0037760248,-0.003754433,-0.0037778874,-0.0035941412,-0.0036229899,-0.0037230363,-0.0037876626,-0.003761973,-0.0036568155,-0.003727313,-0.0037791391,-0.0036796292,-0.003750365,-0.0037719419,-0.0036791672,-0.0037766506,-0.0037160178
2010-02-16,-0.0041573457,-0.0041611902,-0.0042595826,-0.004305627,-0.004287537,-0.004317593,-0.0041314624,-0.0041228645,-0.004190784,-0.004297819,-0.0042708777,-0.0041439943,-0.0042517446,-0.0042888485,-0.0041690134,-0.004228141,-0.0041768216,-0.004192855,-0.0042808615,-0.004224669
2010-02-17,-0.006892886,-0.0068419985,-0.0069534592,-0.0070108883,-0.006939765,-0.0070236586,-0.0068434738,-0.006842565,-0.0069404356,-0.006988462,-0.006983634,-0.0068691336,-0.006955322,-0.00701138,-0.006935846,-0.0069088005,-0.006887015,-0.0068842284,-0.0069653504,-0.0069344305
2010-02-18,-0.006924879,-0.006869089,-0.006979745,-0.007020261,-0.006997194,-0.0070022903,-0.0069523565,-0.0069984905,-0.006919142,-0.0070004277,-0.0070014857,-0.006882202,-0.0068768524,-0.0070254765,-0.00693981,-0.006888982,-0.006909799,-0.0069006644,-0.006947737,-0.0069359057
2010-02-19,-0.0036633422,-0.0036622246,-0.0037554314,-0.0037648191,-0.0037196537,-0.003792282,-0.003591444,-0.0037547906,-0.0036918481,-0.0037261953,-0.0037701835,-0.0036290546,-0.0036465933,-0.003778543,-0.0036387702,-0.003731232,-0.0036587229,-0.0036635806,-0.0036788245,-0.0037078818
2010-02-22,-0.0064955167,-0.006541025,-0.0065670274,-0.0065738074,-0.006474998,-0.0065745674,-0.006511431,-0.0065668784,-0.0065997057,-0.0065430515,-0.0065896325,-0.0064538084,-0.0064815097,-0.0066029243,-0.0064551793,-0.0065126084,-0.006529864,-0.0065256767,-0.0064331554,-0.0065225028
2010-02-23,-0.0069043003,-0.006859001,-0.00698201,-0.0070021115,-0.006891798,-0.0070131235,-0.006881874,-0.007154759,-0.006927695,-0.006958019,-0.006990727,-0.006873753,-0.0069103055,-0.0070216917,-0.0068692975,-0.006943997,-0.0068792216,-0.0069781356,-0.0069822483,-0.006934624
2010-02-24,-0.0069303326,-0.0068587475,-0.0069769584,-0.0070714913,-0.006979864,-0.007097628,-0.006812539,-0.008027341,-0.0069273077,-0.006956499,-0.00699709,-0.0068705045,-0.006916221,-0.0070176236,-0.006864112,-0.0069226734,-0.0068970136,-0.0069624595,-0.0068545006,-0.0069361143
2010-02-25,-0.005472075,-0.0055618845,-0.00554825,-0.005585175,-0.005537074,-0.0056228004,-0.0054249875,-0.006104436,-0.0054976456,-0.005557101,-0.005574506,-0.0054475926,-0.005593177,-0.0055806153,-0.0054427497,-0.0055038296,-0.0054626577,-0.0055554025,-0.005470898,-0.005508866
2010-02-26,-0.010328066,-0.010394942,-0.010390516,-0.010433372,-0.010423627,-0.0104555,-0.010265719,-0.010770883,-0.010335278,-0.010418128,-0.010419872,-0.010306846,-0.010439392,-0.010421585,-0.010301691,-0.0103638135,-0.010317232,-0.010386821,-0.010292124,-0.010354053
2010-03-01,-0.0029118469,-0.002993252,-0.0030038466,-0.0029400995,-0.0030194034,-0.0030469557,-0.0028642823,-0.0031014194,-0.002968069,-0.0030265262,-0.0030238142,-0.0028959473,-0.003013145,-0.0030337085,-0.0028951576,-0.002884548,-0.0029249897,-0.0030029227,-0.0028692593,-0.0029707511
2010-03-02,-0.006884005,-0.0069952123,-0.0069674514,-0.0069447123,-0.006966632,-0.0069906525,-0.0068347417,-0.00693376,-0.0069811307,-0.0069782846,-0.0069718324,-0.0068676285,-0.0069481544,-0.0069924854,-0.0068805926,-0.0068678968,-0.0069132857,-0.0069242083,-0.00684632,-0.0069344305
2010-03-03,-0.0070458315,-0.00714257,-0.007101666,-0.007103082,-0.0070446245,-0.0070675127,-0.0069969855,-0.007107254,-0.007074829,-0.0070987158,-0.0070985816,-0.007007029,-0.007089656,-0.007141646,-0.0069881342,-0.007043477,-0.0070562027,-0.0070622824,-0.006972607,-0.007071983
2010-03-04,-0.00605404,-0.006025236,-0.006122675,-0.0061306767,-0.0061050765,-0.0061776154,-0.0061281286,-0.00624929,-0.0060777776,-0.006113168,-0.0061283223,-0.0060179494,-0.0061595254,-0.006161403,-0.0060055368,-0.0060610734,-0.00608043,-0.006116133,-0.005974438,-0.006093826
2010-03-05,-0.006893214,-0.006974634,-0.0069842003,-0.006950047,-0.0069559775,-0.006991055,-0.0069458447,-0.00700235,-0.006923225,-0.006964784,-0.00696161,-0.0068625323,-0.006990563,-0.0069989674,-0.006847527,-0.00689378,-0.00693373,-0.0068989955,-0.006858822,-0.0069384538
2010-03-08,-0.0076265447,-0.0076506846,-0.0076861195,-0.0076713674,-0.0077092163,-0.007685881,-0.007632803,-0.0076899044,-0.0076867156,-0.0077168606,-0.007667657,-0.007594507,-0.007669326,-0.0077191107,-0.00762048,-0.007567223,-0.007636916,-0.0076199733,-0.0075546466,-0.0076492243
2010-03-09,-0.006909024,-0.00694276,-0.006978359,-0.0069807135,-0.0069665574,-0.0069638006,-0.0069648735,-0.0069519393,-0.0069849454,-0.006989341,-0.00699332,-0.0068762414,-0.0069947653,-0.0070050173,-0.0068594627,-0.0069099776,-0.006926205,-0.0069501214,-0.006897267,-0.0069353394
2010-03-10,-0.008408513,-0.008453246,-0.008471247,-0.008454975,-0.008454468,-0.00845943,-0.008452278,-0.008471262,-0.008460831,-0.008480083,-0.0084919445,-0.008361097,-0.008488085,-0.008504104,-0.008346867,-0.008369964,-0.008393448,-0.008449983,-0.008331399,-0.008432087
2010-03-11,-0.0069822036,-0.006940242,-0.007040348,-0.007003244,-0.0070284717,-0.007052716,-0.0070258193,-0.0070265643,-0.007028442,-0.007029932,-0.007051464,-0.0069200955,-0.0070423,-0.0070701055,-0.006926205,-0.0069128834,-0.0069808625,-0.0069468133,-0.006945383,-0.0070043914
2010-03-12,-0.007589292,-0.0075926296,-0.0076403283,-0.00762951,-0.007656779,-0.0076309256,-0.007622715,-0.007658731,-0.0077315234,-0.007653635,-0.0076505654,-0.0075124465,-0.0076579712,-0.007685479,-0.007557478,-0.007508781,-0.007587325,-0.00756542,-0.0075205825,-0.00760689
2010-03-15,-0.0069601946,-0.0068943314,-0.006965127,-0.006986987,-0.006949242,-0.007014733,-0.007007148,-0.007006731,-0.007022571,-0.006974887,-0.007003274,-0.0068536513,-0.007000681,-0.0069983266,-0.006851908,-0.006916579,-0.006887775,-0.006890472,-0.0068815015,-0.0069359355
2010-03-16,-0.0068998598,-0.006887164,-0.0069668107,-0.006940823,-0.0069887005,-0.006987702,-0.0068317913,-0.006985139,-0.0070212893,-0.0069731586,-0.007002067,-0.0068571977,-0.006990563,-0.0069986545,-0.0068516843,-0.0068896078,-0.006863769,-0.0068976693,-0.0068524145,-0.0069385283
2010-03-17,-0.00493164,-0.00493611,-0.0049631856,-0.005007785,-0.0050510727,-0.0050539337,-0.0048664324,-0.0050813667,-0.0050443076,-0.0050120316,-0.0050141625,-0.004875999,-0.0050553046,-0.0050510876,-0.0048889928,-0.0049143545,-0.0048989467,-0.0049333237,-0.004876878,-0.004975792
2010-03-18,-0.005274441,-0.005331006,-0.0053638034,-0.005297523,-0.005478587,-0.0069691353,-0.0052410327,-0.02123798,-0.005432438,-0.0054099523,-0.005413931,-0.005247798,-0.005401667,-0.0054209344,-0.0053017996,-0.0053532235,-0.0052790754,-0.0052812807,-0.0053437315,-0.005358424
2010-03-19,-0.0069410317,-0.006987836,-0.00703175,-0.0070407055,-0.00715011,-0.007939514,-0.0069113933,-0.024314221,-0.0070707314,-0.0070505403,-0.007095989,-0.0069334917,-0.007069584,-0.00708903,-0.006955128,-0.0069839917,-0.0069543384,-0.0069724284,-0.006973397,-0.0070262514
2010-03-22,-0.0068465136,-0.0068578683,-0.0069460683,-0.007010024,-0.0070449524,-0.0070952736,-0.00681011,-0.024274778,-0.0069192313,-0.006985422,-0.0069799833,-0.0068409853,-0.0069748126,-0.0069998913,-0.0068747364,-0.0068181865,-0.006861206,-0.0068764947,-0.0068718903,-0.006941404
2010-03-23,-0.008083757,-0.008130949,-0.008148249,-0.008146804,-0.008263599,-0.009968933,-0.008081358,-0.024702426,-0.008222397,-0.0081904195,-0.008211698,-0.008060109,-0.008189347,-0.008220818,-0.008091476,-0.008116912,-0.008088749,-0.008113932,-0.008121233,-0.008145105
2010-03-24,-0.0068566315,-0.0069124214,-0.0069433413,-0.007004883,-0.0070707463,-0.007842418,-0.00685459,-0.024572637,-0.0070058815,-0.006962847,-0.0070001446,-0.0068334006,-0.006972607,-0.007000815,-0.0068510883,-0.0069003515,-0.0068867616,-0.006932538,-0.006939303,-0.00693598
2010-03-25,-0.008130621,-0.0081922375,-0.008192133,-0.00820687,-0.008263748,-0.008343276,-0.008074667,-0.009340774,-0.008268144,-0.008211952,-0.008258533,-0.008112099,-0.008235287,-0.008254524,-0.0081274025,-0.008137848,-0.008146625,-0.008184101,-0.008234065,-0.00818729
2010-03-26,-0.0068793558,-0.0068679564,-0.006963607,-0.00698125,-0.0070000403,-0.0070306472,-0.00683647,-0.0077209286,-0.00692093,-0.0069830827,-0.007008832,-0.0068728887,-0.006985169,-0.0070124827,-0.006913986,-0.0068505667,-0.0069051795,-0.0069495104,-0.0069408827,-0.006936308
2010-03-29,-0.0068778954,-0.006906893,-0.0069717877,-0.007008489,-0.0070327483,-0.00707097,-0.0068536513,-0.023099642,-0.0070004724,-0.006987687,-0.0070083104,-0.0068807118,-0.006972056,-0.007013347,-0.006904792,-0.006857749,-0.006893035,-0.006921541,-0.0069891624,-0.006935563
2010-03-30,-0.0068677627,-0.006938886,-0.0069795363,-0.007019382,-0.0070027523,-0.0070854984,-0.0068702213,-0.008000206,-0.0070320033,-0.006980311,-0.007006105,-0.006879788,-0.006982472,-0.0070162974,-0.0068762563,-0.0069014095,-0.006912347,-0.006934043,-0.0069210194,-0.0069357567
2010-03-31,-0.0066572987,-0.0067066215,-0.0067869537,-0.006797608,-0.0068014227,-0.0067900233,-0.006663572,-0.006882306,-0.0068132244,-0.006784212,-0.006770741,-0.0066714995,-0.006776672,-0.006801825,-0.0066841505,-0.006685134,-0.006680783,-0.0066943876,-0.0067373477,-0.0067290626
2010-04-01,-0.0068807416,-0.0068948977,-0.0070513897,-0.0069927685,-0.0070073716,-0.006988164,-0.0068592094,-0.0072410963,-0.0069960915,-0.006989192,-0.006982293,-0.0068675987,-0.0069807284,-0.007015895,-0.0068979524,-0.006825175,-0.006870907,-0.006902542,-0.0068903677,-0.006985035
2010-04-05,-0.0015940925,-0.0016362926,-0.0017583182,-0.0017156859,-0.0017521491,-0.0017554422,-0.0015993377,-0.017435249,-0.0017663648,-0.0017102768,-0.0017034819,-0.0015967449,-0.0017064919,-0.0017363538,-0.0015847941,-0.0015837958,-0.0016144027,-0.0016294827,-0.0015736183,-0.0016637554
2010-04-06,-0.008209448,-0.008242335,-0.0083028935,-0.008271437,-0.008272823,-0.008292284,-0.008195665,-0.008889835,-0.008305874,-0.008273702,-0.008296665,-0.0081949495,-0.008287039,-0.008314919,-0.008178633,-0.008190971,-0.008205619,-0.008215677,-0.008195426,-0.008233871
2010-04-07,-0.004885461,-0.0049632154,-0.0050186776,-0.005011391,-0.0050761513,-0.0050592385,-0.00490221,-0.021191102,-0.00504547,-0.0049810223,-0.005023714,-0.0048813783,-0.0050166063,-0.0050258897,-0.0048971884,-0.004935514,-0.004887175,-0.004928615,-0.004948687,-0.004955884
2010-04-08,-0.0068816803,-0.0069020353,-0.0069743507,-0.0069924854,-0.0070123635,-0.0070156865,-0.0068781786,-0.007726278,-0.0070048086,-0.0069749467,-0.006979909,-0.006868031,-0.007006984,-0.00701363,-0.0069009326,-0.006894987,-0.0068684034,-0.0069167875,-0.006873559,-0.0069421344
2010-04-09,-0.005989682,-0.006037932,-0.006096434,-0.006084781,-0.00617468,-0.0061174147,-0.0059803836,-0.022285026,-0.0061360262,-0.006071802,-0.0060732476,-0.0059568845,-0.006104257,-0.006108891,-0.005972814,-0.006015118,-0.005958181,-0.0059964024,-0.005985167,-0.006032493
2010-04-12,-0.0063582174,-0.006404739,-0.006452244,-0.0064380877,-0.006473329,-0.006468203,-0.006364953,-0.00715841,-0.0064780973,-0.006453734,-0.006466385,-0.006352585,-0.006466266,-0.00649425,-0.0063815974,-0.006387841,-0.006418716,-0.006381985,-0.006381046,-0.0064063035
2010-04-13,-0.006877225,-0.00693978,-0.0069859438,-0.006948393,-0.0069929026,-0.0069759004,-0.0069072656,-0.007369023,-0.0070310943,-0.0069793127,-0.0069688074,-0.0068633817,-0.006976392,-0.0070133917,-0.0068981163,-0.0068898313,-0.0068784766,-0.0068927966,-0.0069437884,-0.0069360845
2010-04-14,-0.006872516,-0.0069078617,-0.006982472,-0.006958198,-0.0069687925,-0.0069853477,-0.006885346,-0.00700387,-0.007006597,-0.006975975,-0.0069686584,-0.006868493,-0.0069944076,-0.007011827,-0.006870728,-0.0069516115,-0.006872397,-0.0068869554,-0.0069873296,-0.0069344006
2010-04-15,-0.007848542,-0.007923331,-0.00793178,-0.00791515,-0.007995095,-0.0079544,-0.007851284,-0.024145108,-0.007998746,-0.007937413,-0.00795057,-0.007830199,-0.007987764,-0.007956233,-0.007835712,-0.007876869,-0.007844102,-0.007853847,-0.0079761855,-0.007892501
2010-04-16,-0.0068768077,-0.006931346,-0.0069653355,-0.0069826953,-0.0069850497,-0.006994184,-0.0068735294,-0.0076662265,-0.007004466,-0.0069982223,-0.0069882236,-0.0068478994,-0.0069856457,-0.0070052855,-0.006864991,-0.0068780594,-0.0068470053,-0.0069021247,-0.006960135,-0.0070017837
2010-04-19,-0.00753903,-0.0076070093,-0.007598471,-0.0075960867,-0.007638525,-0.0076319836,-0.0075730793,-0.007704865,-0.0076595508,-0.0076434277,-0.007651549,-0.0075105242,-0.0076494627,-0.0076528005,-0.007543858,-0.0075998865,-0.0075038783,-0.007547196,-0.0075872354,-0.0075930916
2010-04-20,-0.009347748,-0.009408455,-0.009417515,-0.009354364,-0.009441655,-0.009432342,-0.009336527,-0.0095198415,-0.009465586,-0.009453457,-0.00946122,-0.009316634,-0.009431686,-0.009467792,-0.0093672685,-0.009314042,-0.00930975,-0.00936326,-0.009322416,-0.009460252
2010-04-21,-0.006900456,-0.0069830976,-0.0069540255,-0.0070110224,-0.0070218258,-0.0070227645,-0.00692546,-0.023196872,-0.00703403,-0.0069953166,-0.007017743,-0.006868165,-0.0069888346,-0.0070064627,-0.006887939,-0.006886553,-0.00686587,-0.006912943,-0.008234184,-0.0069468133
2010-04-22,-0.00538915,-0.0054754727,-0.0054674707,-0.005449455,-0.005508866,-0.005476918,-0.0054081343,-0.006122943,-0.0055150054,-0.005494397,-0.005499523,-0.0053585283,-0.0054999255,-0.0055018775,-0.0053687505,-0.0054461174,-0.005347099,-0.005406823,-0.005507376,-0.00546154
2010-04-23,-0.006873276,-0.0070292614,-0.0069487505,-0.006956484,-0.0069906376,-0.0069638155,-0.006915074,-0.007036235,-0.007053476,-0.007016849,-0.0070175044,-0.0068683885,-0.006969344,-0.0070150457,-0.0068772994,-0.0068964474,-0.006848436,-0.0069363676,-0.006912213,-0.006977003
2010-04-26,-0.0068783276,-0.0069964193,-0.00698879,-0.0070159696,-0.0069738887,-0.006901633,-0.006895002,-0.0074298047,-0.007062923,-0.007040348,-0.0069982074,-0.0068364106,-0.0069864653,-0.0070066713,-0.006880682,-0.0068841837,-0.0068560056,-0.00691342,-0.0069678687,-0.007073533
2010-04-27,-0.0068628155,-0.0069465153,-0.006999608,-0.0070268326,-0.0069824867,-0.006917011,-0.0068837516,-0.0077066235,-0.0070512258,-0.0069895796,-0.0069838874,-0.0068196915,-0.006965827,-0.006994214,-0.0068507753,-0.0068379305,-0.0068313144,-0.0068641417,-0.006989803,-0.0069416724
2010-04-28,-0.0068763606,-0.006969761,-0.0069807135,-0.0070021413,-0.0069823973,-0.0069303773,-0.006876003,-0.0071765147,-0.007040348,-0.006982442,-0.006993767,-0.006867286,-0.0069799684,-0.007009413,-0.006866049,-0.006859001,-0.0068587624,-0.0069111697,-0.00695182,-0.0069351755
2010-04-29,-0.0068866275,-0.007214021,-0.006954383,-0.0070028864,-0.0069972984,-0.007007476,-0.0069456063,-0.0074071847,-0.0070113204,-0.0069819354,-0.0070253424,-0.0068691038,-0.006981697,-0.0069998316,-0.0068793707,-0.0069220774,-0.0068424754,-0.0068955384,-0.0069008134,-0.00694729
2010-04-30,-0.0068964623,-0.0069736354,-0.006952416,-0.0069835596,-0.0070010833,-0.0070211254,-0.006884914,-0.007289406,-0.007028442,-0.0069929324,-0.0070062093,-0.0068469457,-0.006966736,-0.0070080273,-0.006878745,-0.006904792,-0.00685386,-0.0069131516,-0.006939199,-0.0069446675
2010-05-03,-0.006078195,-0.0061225407,-0.0061573796,-0.006207343,-0.006180715,-0.0061738603,-0.006088238,-0.0067905895,-0.006199237,-0.0061926357,-0.006200146,-0.006052371,-0.006155234,-0.006196808,-0.0060490333,-0.006082054,-0.006042894,-0.0060922764,-0.006135609,-0.0061213933
2010-05-04,-0.008282732,-0.00838184,-0.008381065,-0.008370873,-0.008436497,-0.008397069,-0.008290689,-0.008585628,-0.008415576,-0.008381885,-0.0083999,-0.008254509,-0.008389961,-0.008412551,-0.008258577,-0.008315083,-0.008267622,-0.008307587,-0.008316379,-0.008366432
2010-05-05,-0.0069457106,-0.007014822,-0.0069881342,-0.006965112,-0.007001262,-0.0072325133,-0.007084217,-0.007199403,-0.007021334,-0.006997552,-0.0069985054,-0.006875258,-0.006995853,-0.0069914274,-0.006888058,-0.006960865,-0.006864529,-0.006924879,-0.007107448,-0.00693829
2010-05-06,-0.00771017,-0.007797625,-0.0077862255,-0.007759001,-0.0078070126,-0.007923182,-0.0078362785,-0.007843193,-0.007822197,-0.007784616,-0.007800754,-0.0076629333,-0.007751014,-0.007793855,-0.007673856,-0.007667225,-0.007656943,-0.007717576,-0.007868525,-0.0077323876
2010-05-07,-0.010444503,-0.01048803,-0.010503557,-0.01055507,-0.010509577,-0.010535475,-0.010458749,-0.010607418,-0.010529976,-0.010528039,-0.010536563,-0.010404941,-0.010495376,-0.010527726,-0.010398533,-0.010422837,-0.010384809,-0.010468315,-0.010485467,-0.01046453
2010-05-10,-0.0060862415,-0.0061420165,-0.0061470084,-0.0061909817,-0.0062002353,-0.00610457,-0.006087538,-0.00637291,-0.0061931424,-0.0061911307,-0.00620332,-0.0060617886,-0.006159406,-0.0061885975,-0.00601561,-0.0061055534,-0.0060313605,-0.006089803,-0.006197896,-0.006140765
2010-05-11,-0.0068778656,-0.0069443397,-0.0069336407,-0.0069766752,-0.0069877915,-0.0069232844,-0.0069400333,-0.0070001297,-0.007000562,-0.0069694035,-0.0070010535,-0.006860491,-0.0069532506,-0.0069915317,-0.00684933,-0.006846618,-0.006842088,-0.0069128536,-0.006961938,-0.0069302283
2010-05-12,-0.01060329,-0.0107042305,-0.01067866,-0.010700505,-0.010754641,-0.010688212,-0.010638591,-0.010877561,-0.010738131,-0.010708194,-0.010721352,-0.010604974,-0.010674816,-0.01073521,-0.0105742775,-0.010575201,-0.010599058,-0.01070578,-0.01068097,-0.010653641
2010-05-13,-0.00609855,-0.006165754,-0.0062066875,-0.0061211996,-0.0062159263,-0.00613169,-0.0060640983,-0.006307941,-0.0061971806,-0.0061919205,-0.006199356,-0.00607292,-0.0061501674,-0.0062165223,-0.006084379,-0.0060087405,-0.0060509406,-0.006135609,-0.006092619,-0.0061487965
2010-05-14,-0.011382323,-0.011456069,-0.011457633,-0.011466052,-0.011520963,-0.011463817,-0.011367749,-0.011768322,-0.01150858,-0.011496749,-0.011501979,-0.011377957,-0.011457887,-0.011516627,-0.011378463,-0.011331078,-0.011375632,-0.011427056,-0.011509489,-0.011442941
2010-05-17,-0.0040174387,-0.004136931,-0.0040475987,-0.004110139,-0.004139941,-0.004067626,-0.0040106885,-0.0042853765,-0.0041248016,-0.0041445456,-0.0041460358,-0.0040191077,-0.004101645,-0.0041537546,-0.0040173046,-0.003975,-0.0039948486,-0.004073661,-0.0040778928,-0.0040868185
2010-05-18,-0.0068732314,-0.006944444,-0.006969642,-0.006963756,-0.0070141368,-0.006872382,-0.00683501,-0.0071718954,-0.006980013,-0.006969329,-0.0070083104,-0.006878581,-0.006973397,-0.0070024244,-0.006846022,-0.006793227,-0.006866839,-0.0069573037,-0.006896373,-0.0069318525
2010-05-19,-0.0068468116,-0.0069755577,-0.006931361,-0.0069504194,-0.0069909953,-0.0068184696,-0.0068424307,-0.006985631,-0.0069725923,-0.006975483,-0.007008385,-0.0068826936,-0.006981831,-0.006999802,-0.006880086,-0.0068160705,-0.006862458,-0.0069683306,-0.0069049112,-0.006929975
2010-05-20,-0.009798925,-0.009843152,-0.009850796,-0.00987437,-0.009929713,-0.0097167455,-0.009769078,-0.0100842975,-0.009902786,-0.009898361,-0.0099256,-0.009803589,-0.009902772,-0.00991584,-0.009804409,-0.009798136,-0.009766292,-0.009878185,-0.009816702,-0.009855699
2010-05-21,-0.006836485,-0.0069701336,-0.0069369785,-0.006956827,-0.0069793426,-0.0067979507,-0.0068577193,-0.00700612,-0.006977763,-0.006969031,-0.0070022456,-0.0068688206,-0.006973382,-0.0069935285,-0.0068716668,-0.0068058483,-0.0068621,-0.0069178604,-0.0069496445,-0.006929811
2010-05-24,-0.007949021,-0.0080476515,-0.008036774,-0.008062091,-0.008091178,-0.007888462,-0.007929366,-0.008135896,-0.0080799125,-0.008079704,-0.008116197,-0.007990357,-0.008096393,-0.008104648,-0.0079941265,-0.007940125,-0.007972535,-0.008056205,-0.008101698,-0.0080440305
2010-05-25,-0.006872084,-0.006893333,-0.0068737827,-0.0069443397,-0.0069691204,-0.0067959987,-0.006868731,-0.007356625,-0.006963756,-0.006966781,-0.0070005916,-0.0068744533,-0.006989818,-0.0069842003,-0.0068753175,-0.006829705,-0.0068396144,-0.006977763,-0.007034581,-0.006977793
2010-05-26,-0.006919723,-0.0068548284,-0.006906297,-0.0069491975,-0.006989401,-0.006759446,-0.00682142,-0.023107331,-0.0069325827,-0.006927233,-0.00698423,-0.0068481527,-0.007019665,-0.006995421,-0.0068408363,-0.0069147013,-0.0068326555,-0.00693674,-0.007016491,-0.006934073
2010-05-27,-0.005236741,-0.005272161,-0.0052373074,-0.0053215586,-0.005346801,-0.005138751,-0.0051959567,-0.006063726,-0.005332928,-0.00535227,-0.0053708963,-0.0052430443,-0.005368661,-0.00536811,-0.0052302144,-0.00526106,-0.0052253418,-0.0053423457,-0.005331304,-0.005316522
2010-05-28,-0.0040447973,-0.0041122697,-0.0041434877,-0.0041485988,-0.004189428,-0.0040661506,-0.004086431,-0.004242327,-0.004167553,-0.0041739307,-0.0041974895,-0.00405566,-0.004199844,-0.0042042844,-0.0040778928,-0.00407229,-0.004065823,-0.004142221,-0.004215371,-0.0041388236
2010-06-01,-0.009803172,-0.009854581,-0.009882759,-0.009903219,-0.009914633,-0.00978836,-0.009826761,-0.010002192,-0.009911295,-0.009920236,-0.00993393,-0.00982457,-0.009945225,-0.009949546,-0.0098061375,-0.009868991,-0.0098239,-0.009857666,-0.009962138,-0.009885829
2010-06-02,-0.0068406425,-0.0069700144,-0.006928291,-0.0069773756,-0.007007759,-0.0069128685,-0.0068806075,-0.0074037723,-0.006866675,-0.0069404505,-0.0069652013,-0.0068430863,-0.006986093,-0.0069941394,-0.0068233125,-0.006872829,-0.006860148,-0.0068679415,-0.007026594,-0.006936725
2010-06-03,-0.0038981398,-0.003980946,-0.0039974116,-0.0039938055,-0.0040388964,-0.0038740148,-0.0038992723,-0.004022699,-0.0038789024,-0.0039879344,-0.004011195,-0.0038603505,-0.0040020756,-0.0040341876,-0.0038739552,-0.0038345566,-0.0039160363,-0.0039051285,-0.004020568,-0.003995981
2010-06-04,-0.006858509,-0.0068431906,-0.0069460683,-0.0069582127,-0.0069591664,-0.006832164,-0.0068661533,-0.006980609,-0.0068239234,-0.006940361,-0.006989207,-0.0068475567,-0.006978806,-0.0070019625,-0.0068675093,-0.006946828,-0.006907191,-0.0069000386,-0.0069892965,-0.0067887567
2010-06-07,-0.006889891,-0.006882187,-0.006991219,-0.0069900416,-0.0069482587,-0.0068112724,-0.006870907,-0.0073999874,-0.006882947,-0.0069769435,-0.0069879554,-0.0068458132,-0.006969746,-0.006996002,-0.0068281256,-0.0068646483,-0.006866928,-0.0068797134,-0.0070143156,-0.0070091896
2010-06-08,-0.006888833,-0.0069012456,-0.0069837086,-0.0069874935,-0.0069457106,-0.006803151,-0.0069007836,-0.007428404,-0.0068611614,-0.006970223,-0.00698347,-0.006854441,-0.0069462024,-0.0069885068,-0.0068332814,-0.0069644563,-0.0068724416,-0.006931599,-0.0069913976,-0.0070007406
2010-06-09,-0.006846782,-0.00685155,-0.006934043,-0.0069267116,-0.0069570057,-0.006794762,-0.0068944804,-0.0070215426,-0.006821152,-0.006958138,-0.006985914,-0.006854024,-0.0068685077,-0.006987404,-0.006845858,-0.0069622956,-0.006821584,-0.006946828,-0.0069255345,-0.0069418065
2010-06-10,-0.006853845,-0.006976377,-0.006934043,-0.0068673156,-0.006939929,-0.006889101,-0.006877478,-0.022930112,-0.0067928545,-0.006978687,-0.006971713,-0.006841745,-0.0068858676,-0.0069791786,-0.0068263374,-0.006934326,-0.0068301074,-0.006933134,-0.007005345,-0.0070004575
2010-06-11,-0.0068133883,-0.00681461,-0.006934162,-0.006852787,-0.0069351606,-0.00688399,-0.00686365,-0.007639315,-0.0067934953,-0.006979432,-0.006965976,-0.006824758,-0.00693449,-0.0069803856,-0.0068224333,-0.0069331042,-0.0068079494,-0.00686064,-0.006999191,-0.0069781654
2010-06-14,-0.004163023,-0.0041614436,-0.0042668544,-0.0042235516,-0.0042588376,-0.0042129867,-0.004191708,-0.0044338815,-0.0041406713,-0.004321765,-0.0043010376,-0.004175883,-0.004280355,-0.0043060295,-0.0041599683,-0.0042564534,-0.004167851,-0.004224997,-0.004332673,-0.0043066107
2010-06-15,-0.0067906342,-0.006871473,-0.0069462173,-0.006865289,-0.0069909804,-0.00684778,-0.0068911277,-0.0069971494,-0.006855067,-0.0069665574,-0.0069699846,-0.0068168156,-0.006946739,-0.006978195,-0.0068679266,-0.006950807,-0.0068518333,-0.0068836473,-0.006992575,-0.006825652
2010-06-16,-0.011885058,-0.011751037,-0.011850309,-0.011767026,-0.011842545,-0.011869665,-0.011895191,-0.011993658,-0.01174308,-0.011867266,-0.0118740015,-0.011735316,-0.011846703,-0.011891898,-0.011759575,-0.011822026,-0.011769872,-0.011809837,-0.0119190775,-0.011874478
2010-06-17,-0.004702892,-0.00460143,-0.004711669,-0.004646044,-0.0047072284,-0.004714083,-0.0047364496,-0.00461204,-0.0045838617,-0.0047263615,-0.004760977,-0.0045851283,-0.0047059767,-0.004751634,-0.0046137683,-0.004668813,-0.0046470575,-0.0046553127,-0.0047955625,-0.0047593676
2010-06-18,-0.0069362186,-0.006852325,-0.0069443844,-0.006933477,-0.0069282614,-0.006817799,-0.0068751685,-0.0068479143,-0.006823536,-0.006962564,-0.006973993,-0.006827172,-0.0069404803,-0.0069883578,-0.0068498217,-0.006956037,-0.0068584345,-0.0068953894,-0.0069577806,-0.006981414
2010-06-21,-0.0067816637,-0.0068549775,-0.006933164,-0.0069390945,-0.0069403313,-0.006839197,-0.006893318,-0.007008519,-0.0068092756,-0.00696465,-0.0069714747,-0.0068132095,-0.0069388263,-0.0069869272,-0.0068453513,-0.006791856,-0.006831046,-0.006898459,-0.006989699,-0.006982576
2010-06-22,-0.006782826,-0.006898459,-0.0069332384,-0.0069329403,-0.0069272034,-0.006849643,-0.006889906,-0.0069938116,-0.0068270527,-0.006946873,-0.006972637,-0.0068148635,-0.0069384687,-0.0069865994,-0.0068415217,-0.0069496892,-0.0068512224,-0.006874498,-0.0069565736,-0.006974485
2010-06-23,-0.006819289,-0.006839957,-0.0069331937,-0.00693297,-0.006788995,-0.0068352334,-0.006863486,-0.007043835,-0.006816726,-0.0069640987,-0.0069872253,-0.0068255477,-0.0069331937,-0.006995287,-0.006845083,-0.0069522075,-0.006840747,-0.006975066,-0.0069733225,-0.0070226304
2010-06-24,-0.006819781,-0.006839182,-0.0069331937,-0.006934639,-0.006809216,-0.0069261454,-0.0068775676,-0.006997343,-0.006823864,-0.0069537126,-0.0069896095,-0.006820556,-0.0069211535,-0.0069939904,-0.006858062,-0.0069459938,-0.0068564527,-0.0069766454,-0.00694206,-0.0069781207
2010-06-25,-0.0068868212,-0.006839704,-0.0069332533,-0.0069783144,-0.006796565,-0.0067832284,-0.0068500154,-0.007008236,-0.0068222545,-0.0069534294,-0.0069748424,-0.0068243854,-0.006927233,-0.0069912337,-0.006843608,-0.0069511794,-0.0068381242,-0.0069801174,-0.0072466396,-0.0069805644
2010-06-28,-0.0056267194,-0.0055991523,-0.0057290457,-0.005762916,-0.0055778436,-0.0057287626,-0.0056529306,-0.0058047436,-0.005612951,-0.005750101,-0.0057799183,-0.005623292,-0.0057173036,-0.0057897232,-0.0056229346,-0.0057356767,-0.005613979,-0.005781319,-0.005712386,-0.0057746135
2010-06-29,-0.0068753026,-0.0068239085,-0.00693373,-0.006971013,-0.0067961775,-0.006934624,-0.0068380944,-0.007021483,-0.0068747066,-0.006964054,-0.006993588,-0.00682446,-0.006798383,-0.0069902204,-0.006850492,-0.0069697164,-0.006846931,-0.006952565,-0.006804537,-0.006968435
2010-06-30,-0.006850343,-0.0068534426,-0.006948825,-0.006971251,-0.0067871027,-0.0069394223,-0.0068929456,-0.0069529377,-0.006824713,-0.006943967,-0.0069678538,-0.0068134926,-0.0067814104,-0.0069833063,-0.00683425,-0.006964024,-0.00683352,-0.0068846606,-0.0068990253,-0.0069294684
2010-07-01,-0.006813433,-0.0068123452,-0.0069328956,-0.0069944076,-0.0067943893,-0.0069386475,-0.006804105,-0.007006731,-0.0068134926,-0.006950792,-0.0069788955,-0.006806817,-0.0067930184,-0.0069807433,-0.0068344735,-0.0069506876,-0.0068176053,-0.0069416724,-0.0069740526,-0.006950941
2010-07-02,-0.0069037043,-0.006800588,-0.0069329552,-0.0069840215,-0.0068087243,-0.006940495,-0.006848585,-0.0069561116,-0.006820243,-0.0069403313,-0.0069775246,-0.0068148933,-0.0068019293,-0.006980177,-0.006814014,-0.006957736,-0.0068198703,-0.00693981,-0.0068044625,-0.0069324933
2010-07-06,-0.0066490434,-0.0065472685,-0.006655138,-0.0067064725,-0.006548863,-0.0066551976,-0.0066418163,-0.006706726,-0.006549116,-0.006663706,-0.0067017637,-0.0065441243,-0.006540861,-0.00671209,-0.0065472983,-0.006660726,-0.0065523647,-0.00668196,-0.0065379255,-0.0066757016
2010-07-07,-0.0069693737,-0.0068044625,-0.0069329403,-0.0069947653,-0.0067927055,-0.0069243126,-0.006955307,-0.007132139,-0.0068189166,-0.006962117,-0.006976109,-0.0068276785,-0.0067933463,-0.0069994144,-0.0068161003,-0.006958287,-0.0068230145,-0.0069993995,-0.006933611,-0.0069850795
2010-07-08,-0.0069598816,-0.0068303607,-0.0069328956,-0.007003095,-0.006783914,-0.0069440864,-0.0069232546,-0.007159587,-0.0068325363,-0.006952863,-0.006981384,-0.006828975,-0.0067875795,-0.0069986545,-0.006833058,-0.0069643073,-0.006829988,-0.0069788657,-0.0070336275,-0.0069511496
2010-07-09,-0.0068550818,-0.006822508,-0.0069329552,-0.006986674,-0.0067914985,-0.0069472156,-0.006906908,-0.006966036,-0.006842371,-0.0069552474,-0.006986063,-0.006829601,-0.006790381,-0.00698952,-0.0068530105,-0.006974276,-0.00683878,-0.0069631897,-0.0068406276,-0.006961342
2010-07-12,-0.00569072,-0.0055748187,-0.0056820624,-0.0057479553,-0.0055348687,-0.0056882016,-0.0056513064,-0.0057155453,-0.0055837594,-0.0057041906,-0.005727526,-0.0055721216,-0.0055375807,-0.005745765,-0.0055695735,-0.0057263486,-0.0055780225,-0.005705472,-0.0055502765,-0.0057082437
2010-07-13,-0.006945055,-0.0068374537,-0.0069329105,-0.007012021,-0.006803658,-0.0069422834,-0.0069604777,-0.006967496,-0.0068362616,-0.0069513433,-0.00698274,-0.006819155,-0.006801512,-0.00699478,-0.0068325363,-0.0069746636,-0.0068381093,-0.006956365,-0.006832894,-0.0069875233
2010-07-14,-0.004664194,-0.0045292936,-0.0046440028,-0.004702296,-0.004498657,-0.004663732,-0.004656162,-0.004724931,-0.0045390986,-0.004652392,-0.0046997927,-0.004534181,-0.0045011155,-0.0046997033,-0.0045691244,-0.004669603,-0.0045264773,-0.00467911,-0.004545491,-0.0047426783
2010-07-15,-0.006935086,-0.00683197,-0.0069329552,-0.0069935285,-0.0067883097,-0.0069361143,-0.00696012,-0.0068455003,-0.0068438314,-0.006946396,-0.006978046,-0.0068109594,-0.006786298,-0.0069930963,-0.0068653636,-0.0069466494,-0.006825324,-0.0069523267,-0.006904926,-0.0070020817
2010-07-16,-0.008514117,-0.0084103905,-0.008509796,-0.008585524,-0.0083746575,-0.008517217,-0.008545827,-0.00842851,-0.008426722,-0.008517515,-0.008557033,-0.008400377,-0.008361142,-0.008565914,-0.008420359,-0.008542564,-0.008434158,-0.008532863,-0.008840557,-0.008563962
2010-07-19,-0.0075603984,-0.0074143074,-0.0075246356,-0.007584136,-0.007393997,-0.0075231157,-0.0075659566,-0.0076165013,-0.0074153505,-0.0075370483,-0.007575091,-0.0074198656,-0.0073637925,-0.0075809024,-0.0074510537,-0.0075490437,-0.007406067,-0.0075681917,-0.0076195262,-0.0076201223
2010-07-20,-0.006965589,-0.0067993216,-0.0069329105,-0.0069922917,-0.006799381,-0.0069294535,-0.006864663,-0.0070283823,-0.0068381988,-0.006950017,-0.0069909208,-0.006821852,-0.0068023615,-0.0069894604,-0.006851282,-0.0069519095,-0.006818097,-0.006975632,-0.007064309,-0.007044535
2010-07-21,-0.0069329254,-0.006797921,-0.0069329254,-0.0069920383,-0.0068152808,-0.0069391243,-0.0068156533,-0.006974902,-0.0068457834,-0.00694583,-0.006986048,-0.006813761,-0.006777998,-0.0069917105,-0.006849941,-0.0069645904,-0.006827783,-0.0069521926,-0.0072057806,-0.006990459
2010-07-22,-0.0060489736,-0.0059472434,-0.006048944,-0.006107401,-0.006065976,-0.0060447715,-0.0059428923,-0.0062634163,-0.0059769265,-0.0060740076,-0.0061002783,-0.0059562437,-0.005902838,-0.006113928,-0.0059692226,-0.0060759597,-0.0059571974,-0.006082829,-0.006156575,-0.006124448
2010-07-23,-0.0019136777,-0.001799952,-0.0019428392,-0.001996394,-0.0019366106,-0.0019307097,-0.0017782559,-0.00179648,-0.0018638631,-0.0019186249,-0.0019667705,-0.001805078,-0.001801308,-0.0019810458,-0.0018244942,-0.0019562652,-0.0018174907,-0.0019357612,-0.0018722524,-0.0019621362
2010-07-26,-0.005480539,-0.00534543,-0.005528521,-0.005534794,-0.0053763352,-0.0054939054,-0.0053382777,-0.005358886,-0.0054126196,-0.005484637,-0.0055513345,-0.0053675435,-0.0053337477,-0.005544003,-0.00539824,-0.0054901354,-0.005377438,-0.0055109523,-0.0055603497,-0.0055229925
2010-07-27,-0.0069329254,-0.006864812,-0.0069933645,-0.006982442,-0.006777119,-0.006936472,-0.0068221204,-0.007072326,-0.006855797,-0.006945487,-0.007010009,-0.006811809,-0.006786119,-0.0069980137,-0.0068660937,-0.0069594346,-0.0068130605,-0.006950658,-0.007044252,-0.007004719
2010-07-28,-0.006933015,-0.006847989,-0.0069571547,-0.0069881044,-0.0067963563,-0.006941613,-0.0068321936,-0.0068466626,-0.0068499856,-0.006941613,-0.0069831125,-0.00681768,-0.006779071,-0.00698803,-0.0068614,-0.0069618784,-0.0068181716,-0.0069279633,-0.0070539676,-0.006956022
2010-07-29,-0.006933015,-0.0068199,-0.007010203,-0.0070161484,-0.006796565,-0.0069425814,-0.00686894,-0.007355895,-0.0068499707,-0.00695936,-0.00699177,-0.0068021677,-0.006769877,-0.006998148,-0.0068034492,-0.006963443,-0.0068249665,-0.0068789236,-0.00682443,-0.0070517026
2010-07-30,-0.00693297,-0.00681166,-0.006955188,-0.006985586,-0.006797772,-0.0069422983,-0.006825801,-0.006808739,-0.0068713687,-0.006936174,-0.006997686,-0.0068192743,-0.0067793243,-0.006982442,-0.0068455897,-0.006961506,-0.006830197,-0.006942477,-0.0069718473,-0.0069369785
2010-08-02,-0.0050719194,-0.0049449466,-0.005157333,-0.005116608,-0.0049558394,-0.0050824694,-0.0049592666,-0.02149574,-0.005011644,-0.005075302,-0.005125802,-0.0049502067,-0.004927408,-0.005137112,-0.0050094537,-0.0050872676,-0.0049630515,-0.005049508,-0.00505371,-0.005158376
2010-08-03,-0.00693297,-0.006814208,-0.0070015155,-0.006984543,-0.006833475,-0.0069422387,-0.0068282746,-0.0077434443,-0.0068447553,-0.00693981,-0.007002782,-0.00682142,-0.0067818873,-0.0070033483,-0.0068519376,-0.006955009,-0.0068264864,-0.0068638586,-0.0069315843,-0.00700308
2010-08-04,-0.0069329552,-0.0068204515,-0.006987881,-0.006970849,-0.006809231,-0.0069338195,-0.006865632,-0.007152792,-0.006853681,-0.0069529973,-0.0069921874,-0.006815236,-0.0067909025,-0.0069969706,-0.006857466,-0.0069702975,-0.006832551,-0.0068595223,-0.0068176202,-0.0070316903
2010-08-05,-0.008748066,-0.008629616,-0.008791309,-0.008778777,-0.008625757,-0.008742418,-0.008679759,-0.008719798,-0.008663725,-0.008760434,-0.008804467,-0.0086215995,-0.008640226,-0.008799385,-0.008661788,-0.008775901,-0.0086529665,-0.0086614005,-0.008689653,-0.00879107
2010-08-06,-0.0078004412,-0.007676985,-0.007886957,-0.007863458,-0.007678669,-0.007791873,-0.0077076964,-0.008139398,-0.007733207,-0.007833999,-0.007834058,-0.0076939277,-0.0076687895,-0.007862788,-0.0077495836,-0.007820722,-0.007699173,-0.0078033023,-0.0078088604,-0.007814493
2010-08-09,-0.0069329254,-0.0069285,-0.0070688687,-0.0069579296,-0.006854173,-0.0069328956,-0.0068668537,-0.022764605,-0.006863665,-0.006938439,-0.0069743656,-0.0068341754,-0.0067962967,-0.0070046745,-0.0069273077,-0.006960463,-0.006876122,-0.00682595,-0.006851893,-0.0069523267
2010-08-10,-0.0069330446,-0.006830912,-0.0070489906,-0.006916221,-0.00681838,-0.006949898,-0.0069076978,-0.024282183,-0.0068556927,-0.006950777,-0.0069731288,-0.0068213157,-0.0067987554,-0.007001143,-0.006870117,-0.0069482885,-0.006827887,-0.0068494044,-0.006886672,-0.006970253
2010-08-11,-0.0069329403,-0.0068630986,-0.0070319287,-0.0069779865,-0.0068469457,-0.0069797,-0.0069251917,-0.008115511,-0.0069002323,-0.006950658,-0.007017251,-0.0068335794,-0.006815087,-0.0070060156,-0.0069071315,-0.006966274,-0.0068319403,-0.0068599097,-0.006907087,-0.0069684945
2010-08-12,-0.007513281,-0.0074251257,-0.0075827353,-0.007601496,-0.0074010603,-0.0075496547,-0.0074952953,-0.022741105,-0.007465031,-0.0075398795,-0.0076140426,-0.007411074,-0.007379692,-0.0075872354,-0.0074934475,-0.007540416,-0.0074041598,-0.0074994825,-0.00743277,-0.0075501762
2010-08-13,-0.008224573,-0.008166369,-0.008263033,-0.0082656555,-0.008133944,-0.008263569,-0.008164372,-0.009174999,-0.008160796,-0.008240711,-0.0082657,-0.00811955,-0.008085232,-0.008280154,-0.008162867,-0.008251246,-0.008118805,-0.00815716,-0.008186232,-0.00825515
2010-08-16,-0.007529255,-0.0074747317,-0.007612359,-0.00757375,-0.0074220113,-0.007536333,-0.007568028,-0.009089302,-0.0075657777,-0.007531088,-0.0075640194,-0.0074381493,-0.007388171,-0.007617023,-0.007511925,-0.0075415783,-0.007450115,-0.0074853115,-0.007494431,-0.007629063
2010-08-17,-0.0069329105,-0.0068857037,-0.0069749616,-0.006966468,-0.0068435334,-0.0069561116,-0.0068845265,-0.0071091764,-0.006937932,-0.006954413,-0.0069744997,-0.006836962,-0.0067943893,-0.007005211,-0.0069041215,-0.0069537275,-0.0068329386,-0.006889116,-0.007003706,-0.006975513
2010-08-18,-0.004954707,-0.0048739873,-0.0049855076,-0.0050144903,-0.004869532,-0.005008649,-0.004948672,-0.0052714907,-0.004915457,-0.004973661,-0.004982438,-0.0048425905,-0.00481629,-0.005021956,-0.0049145035,-0.005006116,-0.0048558973,-0.0049031787,-0.0050290786,-0.005012121
2010-08-19,-0.0134633,-0.013370063,-0.013490733,-0.013469022,-0.013367455,-0.013500448,-0.0134429,-0.013509195,-0.013504725,-0.013480168,-0.01350167,-0.0133593045,-0.013319414,-0.013526406,-0.013398003,-0.013509776,-0.013373833,-0.013437357,-0.0134594105,-0.0134925805
2010-08-20,-0.00786024,-0.007783916,-0.007897329,-0.007905494,-0.007783126,-0.007904988,-0.007863637,-0.007966455,-0.007885706,-0.00787374,-0.007901009,-0.0077805035,-0.007714983,-0.007927503,-0.007809099,-0.007918324,-0.0077649765,-0.007829096,-0.007872026,-0.007895675
2010-08-23,-0.00974692,-0.009697627,-0.009779956,-0.009795573,-0.009669151,-0.009793695,-0.009716149,-0.009766635,-0.009762403,-0.009748649,-0.0097891055,-0.009667736,-0.009600472,-0.009815332,-0.009700429,-0.009787735,-0.009654697,-0.009756278,-0.009736147,-0.009793263
2010-08-24,-0.0069329403,-0.006887879,-0.0069744103,-0.006916117,-0.00685684,-0.006975066,-0.0069208257,-0.0070401095,-0.006946858,-0.006936576,-0.0069817863,-0.0068272613,-0.006787937,-0.007005032,-0.0068765394,-0.0069647543,-0.006862905,-0.0069143437,-0.0069478713,-0.0070075803
2010-08-25,-0.0069329552,-0.0068563484,-0.006971311,-0.00703552,-0.006847527,-0.0069513135,-0.00689603,-0.0068441443,-0.0069698654,-0.006933715,-0.0069896244,-0.0068554543,-0.0067945533,-0.0070069097,-0.006878536,-0.0069701485,-0.006875541,-0.006912764,-0.007025864,-0.0069445185
2010-08-26,-0.0046840273,-0.0046154372,-0.004720237,-0.0047608726,-0.0046036504,-0.004721146,-0.0046214275,-0.0046086423,-0.004694756,-0.004684698,-0.004763704,-0.004591208,-0.0045550875,-0.004747819,-0.00462557,-0.0047195666,-0.0046091042,-0.00470702,-0.004717421,-0.0046996437
2010-08-27,-0.0069329105,-0.006878685,-0.0069731884,-0.0069620125,-0.006879326,-0.0069662593,-0.0069080703,-0.0068513565,-0.006974753,-0.0069337003,-0.0069841407,-0.006852936,-0.0068111084,-0.006997075,-0.0068800114,-0.0069087856,-0.0068640374,-0.006924238,-0.007013794,-0.0069451146
2010-08-30,-0.007493492,-0.0074768327,-0.007542547,-0.0075088553,-0.007430833,-0.007545363,-0.007512193,-0.0074034445,-0.0074836425,-0.007494252,-0.0075473897,-0.0074382983,-0.007356327,-0.0075629167,-0.0074417107,-0.0075399093,-0.0074363016,-0.0074861906,-0.00754581,-0.0075013153
2010-08-31,-0.006933015,-0.0068914406,-0.0069734864,-0.006958645,-0.006868582,-0.0069816075,-0.0069318376,-0.006877791,-0.0069216006,-0.0069336407,-0.006977048,-0.0068591796,-0.006788384,-0.0069991164,-0.0068664066,-0.006942671,-0.006872203,-0.006935071,-0.006974172,-0.0069525205
2010-09-01,-0.0014806201,-0.0014248898,-0.0015226116,-0.0015173217,-0.0014235636,-0.0015275886,-0.0014734676,-0.0013634225,-0.0014677008,-0.001481246,-0.0015208235,-0.0014072915,-0.0013293286,-0.0015458872,-0.0014138778,-0.0015290787,-0.0014157703,-0.0014521291,-0.0015584489,-0.0015160253
2010-09-02,-0.006932985,-0.0068533234,-0.006980058,-0.007032331,-0.0068480484,-0.0069461875,-0.006876629,-0.0068344735,-0.006867733,-0.0069337003,-0.0069902055,-0.006819289,-0.0067854933,-0.0070057027,-0.006874483,-0.0069438033,-0.006893944,-0.006926205,-0.006985333,-0.00694127
2010-09-03,-0.008212563,-0.00822277,-0.00830188,-0.0082619,-0.008144598,-0.008236658,-0.008171644,-0.0081537925,-0.008127268,-0.008213308,-0.008285802,-0.008138355,-0.008061331,-0.0082861595,-0.00817826,-0.008241709,-0.008153733,-0.008191582,-0.0082772635,-0.008228775
2010-09-07,-0.006932985,-0.0069304667,-0.007018801,-0.0069796555,-0.006901171,-0.0069739483,-0.0068772994,-0.007016059,-0.006911721,-0.0069336556,-0.0070288293,-0.0068526827,-0.0067944787,-0.0070113502,-0.0068947487,-0.0069433562,-0.006887164,-0.0069377087,-0.006982278,-0.0069736205
2010-09-08,-0.004829388,-0.0047904514,-0.0048934184,-0.0048956983,-0.0047803186,-0.004881721,-0.0047575347,-0.0048855804,-0.004811447,-0.0048376136,-0.004915323,-0.004753601,-0.0047598593,-0.0049025975,-0.0047838055,-0.0048727803,-0.0047731064,-0.0048681013,-0.00489245,-0.0048621856
2010-09-09,-0.006928738,-0.0068267696,-0.007018473,-0.0070382915,-0.0068647526,-0.0069531314,-0.0068113767,-0.0070212446,-0.006858822,-0.006933611,-0.0070128404,-0.0068456046,-0.0068534575,-0.0070109777,-0.006890338,-0.0069486015,-0.0068885945,-0.0069176666,-0.006962564,-0.0069740675
2010-09-10,-0.0069337003,-0.006892424,-0.007005807,-0.0070308708,-0.0068777613,-0.0069612376,-0.006867688,-0.0069840066,-0.0068768673,-0.006933611,-0.0070099495,-0.006863516,-0.006791096,-0.0070004426,-0.0069508366,-0.0069514774,-0.0068743043,-0.006913569,-0.0069630705,-0.0069529824
2010-09-13,-0.0083104335,-0.008289706,-0.008402284,-0.008402076,-0.00826728,-0.008327957,-0.008213844,-0.0085388385,-0.008247789,-0.008310031,-0.008380678,-0.0082389675,-0.008158248,-0.008380007,-0.008331221,-0.008296546,-0.008261796,-0.008266952,-0.008334409,-0.008341219
2010-09-14,-0.0069349073,-0.006884631,-0.0070036016,-0.006986838,-0.006909933,-0.006969299,-0.0068456046,-0.0069985054,-0.006886374,-0.006933611,-0.006996017,-0.006834518,-0.0067886077,-0.007005241,-0.00686362,-0.0069473945,-0.0068540387,-0.0068959557,-0.0069903694,-0.0069715343
2010-09-15,-0.0072644018,-0.0072557293,-0.0073344223,-0.0072954707,-0.0072276704,-0.0073292963,-0.0071949027,-0.0073131733,-0.0072318427,-0.0072637014,-0.007326003,-0.0071932934,-0.007132005,-0.0073331706,-0.0071972273,-0.00728805,-0.0072039627,-0.007253688,-0.0073016845,-0.0072862618
2010-09-16,-0.006933566,-0.0069105737,-0.006992843,-0.0069953166,-0.0068971775,-0.0069988184,-0.0068530254,-0.0069674067,-0.006968241,-0.0069339834,-0.006982591,-0.0068830363,-0.0067851357,-0.006999772,-0.006863456,-0.006945189,-0.0068651102,-0.006954249,-0.0069339983,-0.0069356374
2010-09-17,-0.0056749396,-0.0056508146,-0.0057657324,-0.0057323836,-0.005618494,-0.00573292,-0.0055799447,-0.005736854,-0.0055915527,-0.0056864284,-0.0057135187,-0.0056122653,-0.0055559836,-0.005745854,-0.0056181513,-0.005685117,-0.0056062154,-0.005687993,-0.00569297,-0.0056776516
2010-09-20,-0.0033885648,-0.0032972356,-0.003477018,-0.0034661551,-0.003321912,-0.0034291705,-0.003299888,-0.003600191,-0.0034425368,-0.0033885648,-0.0034196784,-0.0033184846,-0.0031984558,-0.0034573635,-0.00333954,-0.003393676,-0.0033284386,-0.0033638885,-0.003411304,-0.003393348
2010-09-21,-0.0069333725,-0.0068631433,-0.0070126466,-0.0070146136,-0.006884765,-0.0069989823,-0.006855976,-0.0071379803,-0.0069754235,-0.0069334023,-0.006966334,-0.0068699233,-0.006777134,-0.0069983415,-0.006876301,-0.0069499724,-0.006877985,-0.0069406442,-0.0069502257,-0.0069365017
2010-09-22,-0.00503562,-0.004969444,-0.005114939,-0.005110245,-0.0049772076,-0.0050644837,-0.0049596988,-0.00509673,-0.005079221,-0.0050355755,-0.005091008,-0.004950341,-0.0048648976,-0.005103316,-0.004966613,-0.0050400756,-0.0049798153,-0.005023163,-0.00506131,-0.0050390624
2010-09-23,-0.0069334023,-0.006884303,-0.006989088,-0.007027369,-0.0068751387,-0.00695334,-0.006867256,-0.007101711,-0.006972309,-0.006934371,-0.0069783293,-0.0068567954,-0.0067679845,-0.0069976263,-0.00687344,-0.0069360696,-0.0068843924,-0.006939601,-0.0069544874,-0.0069397353
2010-09-24,-0.0061007403,-0.0060527883,-0.006139856,-0.006176796,-0.006054368,-0.006126743,-0.0060271285,-0.0061056428,-0.0061540417,-0.0061020516,-0.00612865,-0.006024789,-0.0059466176,-0.0061597787,-0.0060330294,-0.006121617,-0.0060462467,-0.0061204843,-0.0061260425,-0.006107088
2010-09-27,-0.0069333576,-0.006903302,-0.0070047043,-0.0069986843,-0.0069179796,-0.006974574,-0.006876152,-0.007001903,-0.007013481,-0.006934684,-0.0069636367,-0.0068764053,-0.0067972355,-0.007002156,-0.006901499,-0.0069448166,-0.006885167,-0.0069484077,-0.006965559,-0.006972518
2010-09-28,-0.0069333278,-0.0069114976,-0.006995421,-0.0069541596,-0.0068920366,-0.0069621615,-0.0068689547,-0.00682145,-0.00700235,-0.0069380812,-0.00696164,-0.0068549775,-0.0067971162,-0.006985318,-0.0068617277,-0.0069297217,-0.006879594,-0.0069389157,-0.0069606267,-0.0069472156
2010-09-29,-0.0069333576,-0.0069170706,-0.006914567,-0.0069484673,-0.0068762265,-0.006961193,-0.0068881027,-0.00689755,-0.0070060156,-0.0069497786,-0.0069552623,-0.006869983,-0.006766703,-0.0069916956,-0.00684176,-0.0069342814,-0.0068798773,-0.0069343857,-0.0069574527,-0.006971117
2010-09-30,-0.009672042,-0.009675037,-0.0096865855,-0.009742718,-0.009670597,-0.009673011,-0.009622183,-0.009494852,-0.009749722,-0.009672698,-0.009704184,-0.009599712,-0.009519335,-0.009738769,-0.009609964,-0.009581368,-0.009652998,-0.009662371,-0.009691175,-0.00967687
2010-10-01,-0.006954234,-0.0069310926,-0.0069250725,-0.0069760643,-0.00688399,-0.0069400333,-0.006893765,-0.0067479126,-0.0070100836,-0.0069335066,-0.006969478,-0.006854009,-0.006784793,-0.006997641,-0.006869074,-0.006827425,-0.006898131,-0.006870564,-0.0069472753,-0.006935071
2010-10-04,-0.010092597,-0.010125872,-0.010090601,-0.010136243,-0.010053065,-0.010089915,-0.010025214,-0.009896766,-0.01013061,-0.010070916,-0.010082331,-0.009983789,-0.009931769,-0.010140087,-0.010009211,-0.009999316,-0.010032784,-0.009998005,-0.0100892,-0.010072093
2010-10-05,-0.0069512986,-0.006993126,-0.0069715343,-0.0069927685,-0.006900873,-0.0069541447,-0.006901916,-0.006745752,-0.00702725,-0.006933477,-0.006934788,-0.0068706833,-0.0067984276,-0.006999638,-0.006857734,-0.006950509,-0.006900292,-0.0069029443,-0.0069884174,-0.0069344603
2010-10-06,-0.006934669,-0.0069775544,-0.0069721304,-0.007029202,-0.0069154464,-0.0069532357,-0.0069036745,-0.0068012737,-0.007007491,-0.0069334023,-0.0069754682,-0.006873589,-0.006779503,-0.007004272,-0.006875377,-0.0069334917,-0.006903421,-0.0069202594,-0.0069838874,-0.0069350414
2010-10-07,-0.0069436096,-0.0069556795,-0.0069420896,-0.0069540404,-0.006882783,-0.0069665425,-0.0068788044,-0.006765064,-0.0070272647,-0.0069335066,-0.006957423,-0.006819945,-0.00677396,-0.006995525,-0.006837126,-0.006853249,-0.0068956576,-0.006907206,-0.0069246553,-0.006934162
2010-10-08,-0.005579289,-0.0055552386,-0.0055141114,-0.0055255555,-0.00545856,-0.005544957,-0.0054480247,-0.02130131,-0.0055650882,-0.0055092387,-0.0055397563,-0.005414065,-0.005390253,-0.005589571,-0.005415853,-0.0055127107,-0.0054430477,-0.0054442845,-0.005533617,-0.0055097453
2010-10-11,-0.008546349,-0.008394074,-0.008403476,-0.008456107,-0.008379307,-0.008470114,-0.008340698,-0.010492321,-0.008490797,-0.008435469,-0.008457016,-0.008331355,-0.008267771,-0.008528408,-0.008356463,-0.008348238,-0.008351784,-0.0083696805,-0.00843681,-0.008436736
2010-10-12,-0.007004421,-0.006903406,-0.006924238,-0.0069666766,-0.0068785064,-0.0069118403,-0.0068366043,-0.022893187,-0.006997537,-0.006933581,-0.006955918,-0.0068338923,-0.0067809336,-0.007024031,-0.0068676732,-0.0068972073,-0.006871205,-0.0068528615,-0.006936457,-0.0069344305
2010-10-13,-0.008188363,-0.008113679,-0.008144539,-0.008198049,-0.008092638,-0.008173328,-0.008049946,-0.008734774,-0.008232798,-0.008162331,-0.008173104,-0.008044343,-0.007995095,-0.008229893,-0.008083548,-0.0080665015,-0.008093189,-0.008102994,-0.008161541,-0.008164119
2010-10-14,-0.0056358688,-0.0055380426,-0.005600732,-0.005660381,-0.0055383854,-0.0056051426,-0.005495485,-0.0061564855,-0.005645763,-0.0055827014,-0.0056127124,-0.005563896,-0.005437415,-0.0056837313,-0.005535256,-0.0055423044,-0.0055793934,-0.00554524,-0.005589556,-0.005583998
2010-10-15,-0.004618909,-0.004581388,-0.004613396,-0.0046492927,-0.004569065,-0.004595097,-0.0045226775,-0.02066506,-0.004682403,-0.004608523,-0.0046513937,-0.0045228265,-0.004498791,-0.004699778,-0.004537981,-0.004560601,-0.004561927,-0.0045592003,-0.0046168678,-0.004610326
2010-10-18,-0.0057441257,-0.0057637505,-0.0057396702,-0.005805414,-0.0056761764,-0.0056740902,-0.0056624375,-0.006496083,-0.0058047734,-0.00574125,-0.0057487153,-0.0056769215,-0.0055991374,-0.0057960115,-0.00565229,-0.0057394616,-0.005671423,-0.005686071,-0.005745005,-0.005743172
2010-10-19,-0.0069514774,-0.0068883114,-0.0069093667,-0.0069680028,-0.0069164596,-0.0069424175,-0.007497769,-0.006978851,-0.007014122,-0.006932821,-0.0069529824,-0.0068416707,-0.0067869686,-0.00700159,-0.006853845,-0.006897252,-0.0068369024,-0.006857168,-0.00694276,-0.0069339536
2010-10-20,-0.0054026954,-0.005342331,-0.005346533,-0.0054280423,-0.005319696,-0.0053600185,-0.006013762,-0.005707722,-0.005471509,-0.00538842,-0.0054163,-0.0052968673,-0.0052573048,-0.005455982,-0.005318906,-0.005404081,-0.005302366,-0.005328845,-0.0053993575,-0.0053899996
2010-10-21,-0.0033033898,-0.0031751057,-0.0032590737,-0.0033323576,-0.0032097956,-0.0032562276,-0.0037908067,-0.003535222,-0.0033744385,-0.00330035,-0.0033259501,-0.003184568,-0.0032328477,-0.0033608337,-0.0031994542,-0.0033146848,-0.0032131036,-0.0032376607,-0.0033132394,-0.003301706
2010-10-22,-0.008958574,-0.008850124,-0.008896437,-0.009001251,-0.00889143,-0.008970674,-0.008941378,-0.009220403,-0.009000059,-0.00895698,-0.008982148,-0.008873191,-0.008860316,-0.009052422,-0.008877467,-0.008986514,-0.008883338,-0.008944582,-0.008974966,-0.0089617185
2010-10-25,-0.0050596707,-0.0050099604,-0.005039897,-0.0051066987,-0.005016055,-0.0051256977,-0.0050933324,-0.021308389,-0.0051000826,-0.005057957,-0.005083438,-0.0049891286,-0.0049375705,-0.005186241,-0.005003657,-0.005089801,-0.0049966685,-0.0050043277,-0.0051254295,-0.0050619505
2010-10-26,-0.0069357865,-0.006838184,-0.0069036894,-0.006958317,-0.006879907,-0.0070250146,-0.0069523267,-0.008897718,-0.00700539,-0.006932687,-0.006951656,-0.006866362,-0.0067848526,-0.0070663355,-0.0068722777,-0.00701743,-0.006855231,-0.0068567954,-0.006970089,-0.0069342963
2010-10-27,-0.005215641,-0.0051351897,-0.00515553,-0.0052594803,-0.005160343,-0.005300399,-0.0051983856,-0.005590182,-0.005283948,-0.0052130334,-0.0052446686,-0.0051417015,-0.0050794743,-0.0053277127,-0.005160805,-0.0053126626,-0.005136933,-0.0051230155,-0.005296614,-0.005214747
2010-10-28,-0.005203422,-0.0051141344,-0.005132105,-0.0052187406,-0.0051438473,-0.0053025894,-0.0051177107,-0.0063803755,-0.005276885,-0.0052006654,-0.0052235536,-0.0051139854,-0.005039137,-0.005353879,-0.0051381253,-0.0052598976,-0.005093079,-0.005113151,-0.0052840523,-0.005202528
2010-10-29,-0.007897656,-0.007909458,-0.007843401,-0.007911202,-0.007850539,-0.007968273,-0.007805314,-0.023628753,-0.0079697035,-0.00789554,-0.007960614,-0.007811185,-0.007834714,-0.007984277,-0.007824864,-0.00796802,-0.007820528,-0.007852804,-0.007928874,-0.007898595
2010-11-01,-0.008390125,-0.008401897,-0.008306023,-0.008397784,-0.008371007,-0.008429673,-0.008305889,-0.009004679,-0.008485239,-0.008387636,-0.008439746,-0.008322354,-0.008242529,-0.008467179,-0.0083239935,-0.00841723,-0.0083123855,-0.008369844,-0.00844207,-0.008389201
2010-11-02,-0.008352544,-0.00826728,-0.008288752,-0.008368712,-0.00829209,-0.008371916,-0.008257162,-0.00869913,-0.00843979,-0.0083501,-0.008388247,-0.008307245,-0.008236285,-0.008424502,-0.008260202,-0.008393478,-0.008302774,-0.0083162,-0.008420985,-0.00835162
2010-11-03,-0.005732607,-0.0055862777,-0.005699929,-0.0057418905,-0.0056592785,-0.005735349,-0.0056769513,-0.005865868,-0.0058097653,-0.0057308637,-0.0057675503,-0.0056314133,-0.0056322925,-0.0057922415,-0.0056337826,-0.005721044,-0.005623948,-0.0057033114,-0.0057622455,-0.00573444
2010-11-04,-0.0057420693,-0.005611088,-0.005711194,-0.005750295,-0.005679842,-0.0057762824,-0.0056794547,-0.021760534,-0.005823683,-0.0057400577,-0.0057751946,-0.005638998,-0.0055973195,-0.0057945065,-0.005650025,-0.005697068,-0.005649265,-0.005691018,-0.0058285706,-0.005741667
2010-11-05,-0.010524314,-0.010436203,-0.010456737,-0.010573532,-0.010465112,-0.010535892,-0.010464039,-0.026870098,-0.010608252,-0.010522228,-0.01055656,-0.010445412,-0.010371607,-0.010587495,-0.010454129,-0.010567855,-0.010443386,-0.01055054,-0.010612708,-0.010523822
2010-11-08,-0.0066348277,-0.006493207,-0.006558191,-0.0066815577,-0.0065571927,-0.0066169165,-0.006569635,-0.024185028,-0.0067204647,-0.006632101,-0.006666925,-0.0065478645,-0.006478604,-0.0066871755,-0.006555196,-0.006676879,-0.006531786,-0.006661441,-0.0067034476,-0.006633561
2010-11-09,-0.005894508,-0.00575481,-0.0058344863,-0.0059618317,-0.0058300905,-0.005873572,-0.0057789646,-0.02288669,-0.0059442483,-0.005891647,-0.0059230886,-0.005799841,-0.0057834946,-0.00595529,-0.005802702,-0.005916875,-0.0058048926,-0.0059074126,-0.005976241,-0.0058933757
2010-11-10,-0.0066196583,-0.0065269135,-0.0066121332,-0.0066687427,-0.0065758936,-0.0065972023,-0.006475996,-0.008192476,-0.006697174,-0.006616723,-0.006634619,-0.006525334,-0.0065461807,-0.0066777132,-0.006543305,-0.0066496395,-0.00651012,-0.0066137128,-0.006675314,-0.0066191964
2010-11-11,-0.0078115575,-0.007735636,-0.0077735446,-0.007843073,-0.0078035854,-0.007780295,-0.007683348,-0.023305785,-0.007893037,-0.0078033768,-0.007851612,-0.0077139847,-0.0076900534,-0.007865217,-0.0077347867,-0.007823106,-0.007705819,-0.007813003,-0.007853594,-0.0078049563
2010-11-12,-0.007586118,-0.0075553767,-0.0075127594,-0.007639017,-0.0075181387,-0.0075229667,-0.00744861,-0.008517008,-0.0076740347,-0.0075766705,-0.0076211505,-0.0075613223,-0.007503506,-0.0076452903,-0.0075156055,-0.0076132677,-0.007494461,-0.007580828,-0.0076421015,-0.0075777434
2010-11-15,-0.009715613,-0.009643387,-0.009660926,-0.009748992,-0.009690043,-0.009658601,-0.009590324,-0.02438907,-0.009794515,-0.0097042285,-0.0097565465,-0.009618502,-0.009570252,-0.009784173,-0.009638425,-0.009729367,-0.009611215,-0.009720784,-0.009769004,-0.009705719
2010-11-16,-0.0069360547,-0.006886523,-0.006927695,-0.0069947056,-0.006893214,-0.006913837,-0.006792199,-0.024366092,-0.007010903,-0.0069324933,-0.0069707446,-0.006832104,-0.0068213455,-0.007004317,-0.0068500005,-0.0069707893,-0.0068315677,-0.006925445,-0.006988298,-0.0069336556
2010-11-17,-0.0044424348,-0.0043591224,-0.0043765716,-0.004477497,-0.0043942593,-0.0043387525,-0.004309606,-0.022406008,-0.004516434,-0.0044334047,-0.00449441,-0.004405435,-0.0043934695,-0.0045073293,-0.004331302,-0.004472222,-0.004324805,-0.0044462197,-0.0044834726,-0.004434284
2010-11-18,-0.008243065,-0.008123349,-0.008166548,-0.008265238,-0.008105915,-0.008182194,-0.008075085,-0.02556635,-0.008254152,-0.008211609,-0.008247804,-0.008106198,-0.008118715,-0.00829808,-0.008127894,-0.0082478635,-0.008115392,-0.00821152,-0.008150559,-0.008212399
2010-11-19,-0.0064297877,-0.0062950216,-0.0063908063,-0.0064439736,-0.0063574426,-0.0063265227,-0.0062555782,-0.009158116,-0.0064837895,-0.0063903593,-0.006432008,-0.0063047223,-0.006377604,-0.0064850114,-0.0063111894,-0.0064497106,-0.0062992387,-0.006407108,-0.0063971244,-0.0063911937
2010-11-22,-0.008914541,-0.008794483,-0.008831527,-0.008917268,-0.008790966,-0.008809414,-0.008778866,-0.009969693,-0.008910235,-0.008884918,-0.008925658,-0.008801606,-0.008872714,-0.00895993,-0.008796599,-0.008909043,-0.008796062,-0.00888012,-0.008905392,-0.00888535
2010-11-23,-0.007864919,-0.0077889524,-0.007781502,-0.007890325,-0.0077953152,-0.007755261,-0.0077547543,-0.023884695,-0.007959943,-0.007848244,-0.007885959,-0.0077667944,-0.00783376,-0.00792129,-0.007759344,-0.007890265,-0.007765483,-0.007845741,-0.007872667,-0.007849079
2010-11-24,-0.0089374,-0.008856829,-0.008868616,-0.008959722,-0.008847576,-0.008918371,-0.008816298,-0.010337215,-0.009002637,-0.008903768,-0.008946668,-0.00885449,-0.008777048,-0.008983772,-0.00884996,-0.008941662,-0.008830097,-0.008907642,-0.008923363,-0.008904677
2010-11-26,-0.008384865,-0.008293148,-0.008335378,-0.008421358,-0.008319747,-0.00839382,-0.008297812,-0.024502423,-0.008489396,-0.00838485,-0.00842699,-0.0082982145,-0.008378219,-0.008444112,-0.008316215,-0.008411732,-0.008276802,-0.008384448,-0.008396145,-0.0083855055
2010-11-29,-0.0041145347,-0.0040399395,-0.0040148757,-0.0041629337,-0.0040700845,-0.0041625313,-0.0039741807,-0.0048938952,-0.0041513406,-0.0041151755,-0.004163202,-0.004011985,-0.004103165,-0.0041663907,-0.004052561,-0.004168775,-0.004007321,-0.0041118376,-0.004126858,-0.004115965
2010-11-30,-0.0069330446,-0.006868597,-0.0068744086,-0.0069552176,-0.0068850927,-0.0069743358,-0.0069577806,-0.0077467225,-0.007019501,-0.006934818,-0.006975334,-0.0068371706,-0.0067882054,-0.006990578,-0.0068727545,-0.0069756173,-0.0068184696,-0.006929707,-0.0069523714,-0.0069379024
2010-12-01,-0.008947652,-0.008868735,-0.008908194,-0.008958694,-0.008923944,-0.008986708,-0.008977022,-0.009515043,-0.00901119,-0.008948322,-0.008988854,-0.008863952,-0.008827578,-0.009012353,-0.008887883,-0.008964684,-0.008849125,-0.008947622,-0.008961376,-0.008948829
2010-12-02,-0.0069604777,-0.0068779998,-0.0069205724,-0.0069661103,-0.0069001876,-0.0069487505,-0.006968599,-0.023259412,-0.00791597,-0.006961193,-0.006983321,-0.006846156,-0.0068263374,-0.007000264,-0.0068590306,-0.0069798343,-0.006838616,-0.0069258325,-0.006977331,-0.006959986
2010-12-03,-0.0069374256,-0.0068647824,-0.0069799386,-0.007020008,-0.006892916,-0.0069618486,-0.0069484524,-0.00924943,-0.0070596747,-0.0069630705,-0.006963473,-0.0068125986,-0.0068386905,-0.0070073567,-0.0068477057,-0.006964963,-0.0068086945,-0.006947737,-0.006951388,-0.0069656633
2010-12-06,-0.0044097267,-0.004344415,-0.0043803714,-0.0044632666,-0.0043411963,-0.004439112,-0.004427027,-0.005026173,-0.004449483,-0.0044408254,-0.004449006,-0.004282888,-0.004286032,-0.004488956,-0.004311081,-0.004433643,-0.004271295,-0.004377555,-0.004433941,-0.0044448636
2010-12-07,-0.0069328956,-0.006863814,-0.0069586746,-0.006983664,-0.00687572,-0.006952729,-0.0069469623,-0.023082655,-0.006848391,-0.006963443,-0.006973829,-0.0068175904,-0.0068168603,-0.0070119165,-0.0068662725,-0.0069968663,-0.0068207197,-0.0069316737,-0.006951224,-0.0069660954
2010-12-08,-0.0053593777,-0.0052792244,-0.005405005,-0.0054028444,-0.005291622,-0.005271148,-0.0053313635,-0.0066274963,-0.0053357445,-0.005336698,-0.005374413,-0.0052158944,-0.0052625947,-0.005421724,-0.0052495264,-0.0053722225,-0.0052261464,-0.0053334646,-0.0053051524,-0.005350884
2010-12-09,-0.0029779186,-0.002883341,-0.003020834,-0.0030219515,-0.002935942,-0.0029026081,-0.0028379967,-0.0034515073,-0.002946969,-0.0029810031,-0.0030038168,-0.0028546413,-0.0029375216,-0.0030652394,-0.0028835793,-0.003025051,-0.0028718372,-0.0029830744,-0.002996694,-0.0029914489
2010-12-10,-0.006931793,-0.0068815313,-0.0069853477,-0.006968688,-0.006893363,-0.0069676302,-0.00683802,-0.0074625425,-0.006865006,-0.006937828,-0.006962355,-0.0068272464,-0.0069621466,-0.0069943927,-0.0068347417,-0.0069603585,-0.0068118684,-0.0068367384,-0.006907534,-0.0069469176
2010-12-13,-0.009330463,-0.009277802,-0.009324979,-0.009378236,-0.009319093,-0.009384673,-0.009201001,-0.009898227,-0.009271394,-0.009337511,-0.009354111,-0.009229418,-0.009334084,-0.009395298,-0.009248938,-0.009355705,-0.009226333,-0.009224411,-0.009328064,-0.009342637
2010-12-14,-0.007458266,-0.0068916194,-0.0069885217,-0.006981846,-0.006895568,-0.00700162,-0.0075442456,-0.00721791,-0.0068483464,-0.006933313,-0.0069692098,-0.0068170987,-0.0069714747,-0.007015016,-0.0068500154,-0.00696237,-0.0068365745,-0.006873768,-0.006954517,-0.006929513
2010-12-15,-0.00711162,-0.00698648,-0.007003825,-0.006954681,-0.0069316886,-0.006985631,-0.0069138967,-0.008350786,-0.006853204,-0.006933268,-0.0069958083,-0.006837856,-0.006976884,-0.0069895647,-0.0068424605,-0.0069676153,-0.006822329,-0.006860357,-0.0069280975,-0.006929692
2010-12-16,-0.0055237226,-0.0051851235,-0.005275186,-0.0052607767,-0.0052032582,-0.00530779,-0.005123522,-0.0057199113,-0.0051495247,-0.0052335374,-0.005286213,-0.0051245205,-0.005267244,-0.005295735,-0.0051283203,-0.005260151,-0.0051230155,-0.0051562153,-0.00524972,-0.005229231
2010-12-17,-0.0050009005,-0.0047914945,-0.004864063,-0.004829835,-0.0047649406,-0.0048724376,-0.0069700293,-0.02147616,-0.004706111,-0.00480571,-0.0048587583,-0.0046867244,-0.0048409216,-0.0048608296,-0.0047018044,-0.004826691,-0.004684072,-0.0047199987,-0.0047361217,-0.004801374
2010-12-20,-0.007997882,-0.007584285,-0.0076791756,-0.007665094,-0.0075801574,-0.0076634847,-0.009813946,-0.024673235,-0.007550519,-0.0076191984,-0.0076783113,-0.0075300746,-0.007648956,-0.007688906,-0.007537838,-0.007644709,-0.007520031,-0.0075331293,-0.0075809024,-0.0076148324
2010-12-21,-0.0070342384,-0.0069384687,-0.0070234947,-0.006976541,-0.0069044493,-0.0070036165,-0.006929826,-0.009533044,-0.0068263523,-0.0069397055,-0.007000383,-0.006832566,-0.006964948,-0.006996434,-0.0068505965,-0.0069577657,-0.0068246387,-0.0068800114,-0.0068548284,-0.0069285743
2010-12-22,-0.0071863197,-0.0068816654,-0.006999787,-0.0069739036,-0.006969746,-0.0069778226,-0.006833311,-0.0071973316,-0.0068518184,-0.0069633536,-0.007004719,-0.006841343,-0.006968435,-0.0070038997,-0.006860625,-0.0069778375,-0.006847676,-0.0069436394,-0.0069159977,-0.006953817
2010-12-23,-0.0070250444,-0.0068739913,-0.0070076697,-0.006975185,-0.006989967,-0.0069727264,-0.0069307648,-0.0075548105,-0.006827038,-0.0069644265,-0.006997388,-0.006839838,-0.0069649033,-0.007001113,-0.006866034,-0.0068533383,-0.006844487,-0.0068878494,-0.006853085,-0.0069567673
2010-12-27,-0.0056220703,-0.0054381154,-0.005581718,-0.005572792,-0.0055762343,-0.0054764412,-0.005469423,-0.0058909915,-0.0054162703,-0.0055602305,-0.005595576,-0.005432304,-0.005567234,-0.005595576,-0.0054554604,-0.005564343,-0.0054489486,-0.005518269,-0.005455356,-0.005556699
2010-12-28,-0.0069922023,-0.0068683885,-0.0070564263,-0.006976556,-0.0070111416,-0.0068744533,-0.0068155937,-0.023168232,-0.006899353,-0.006973814,-0.006988924,-0.0068329684,-0.0069532804,-0.0070102923,-0.0068527274,-0.0069486164,-0.0068549477,-0.006865766,-0.0068444274,-0.0069641136
2010-12-29,-0.0057563744,-0.005329203,-0.005516108,-0.00543141,-0.005441617,-0.0054275505,-0.005266469,-0.023175355,-0.0053354315,-0.0054216944,-0.005454298,-0.0052905194,-0.005403798,-0.0054614805,-0.0053035878,-0.0054063164,-0.0053186826,-0.005386289,-0.005292233,-0.0054224394
2010-12-30,-0.0093010925,-0.009046059,-0.009191584,-0.009149086,-0.009156328,-0.009085756,-0.0089911185,-0.010500502,-0.009055924,-0.009115662,-0.009163227,-0.00899611,-0.009118553,-0.009170707,-0.009033736,-0.009151753,-0.009014737,-0.009029355,-0.009080838,-0.009177383
2010-12-31,-0.0070110224,-0.006849196,-0.0070170574,-0.0069753192,-0.0069418214,-0.006840717,-0.006811153,-0.007364761,-0.0068732016,-0.006973069,-0.007001471,-0.0068476014,-0.0069407634,-0.007018026,-0.006867271,-0.0069035552,-0.006852906,-0.0069018863,-0.006870907,-0.0069823973
2011-01-03,-0.0033153405,-0.0032047888,-0.0033807864,-0.0033406725,-0.0033040752,-0.0031519344,-0.0031205525,-0.004992973,-0.0032922437,-0.0032704582,-0.0033163836,-0.0031411161,-0.0032721867,-0.0033566465,-0.003159534,-0.0032313874,-0.0031740924,-0.0031398793,-0.0032926311,-0.0032994559
2011-01-04,-0.0070396625,-0.006861236,-0.007002201,-0.007010903,-0.006857585,-0.0068588667,-0.006878894,-0.007370021,-0.0069885813,-0.0069737844,-0.0070117973,-0.006832745,-0.0069636516,-0.0070051514,-0.0068533234,-0.0069612823,-0.00685158,-0.006894868,-0.0070079826,-0.0069766454
2011-01-05,-0.009579744,-0.00945371,-0.009584989,-0.009556528,-0.009451237,-0.009449195,-0.009469848,-0.009904426,-0.009555202,-0.009556007,-0.009556126,-0.009429242,-0.009507339,-0.00958788,-0.009434503,-0.009517353,-0.009442981,-0.0094667785,-0.009578805,-0.00956602
2011-01-06,-0.006975826,-0.0068570487,-0.007015329,-0.0069808327,-0.0068678074,-0.0068635754,-0.006886985,-0.0071987472,-0.007019993,-0.0069606565,-0.0069775097,-0.0068374686,-0.006928336,-0.007015135,-0.0068425797,-0.006986063,-0.0068447255,-0.006869223,-0.0070069097,-0.0069727264
2011-01-07,-0.007697534,-0.007597249,-0.0077738427,-0.0077162646,-0.0076255463,-0.0076736026,-0.0076376013,-0.023585942,-0.0077726953,-0.0076917075,-0.0077242367,-0.0075768493,-0.007687237,-0.0077483915,-0.0075762533,-0.007723253,-0.007614877,-0.0076172464,-0.0077621453,-0.0077161603
2011-01-10,-0.0040391646,-0.0039217435,-0.00412203,-0.0040504895,-0.003933426,-0.0039117597,-0.00398029,-0.021362957,-0.0041043423,-0.004050549,-0.004078936,-0.0039246343,-0.0040458553,-0.0040854923,-0.003915202,-0.003984373,-0.003952753,-0.0040228777,-0.004091736,-0.0040547065
2011-01-11,-0.007117655,-0.0068602823,-0.0070165955,-0.006977927,-0.0069641136,-0.006852504,-0.0069077723,-0.007798206,-0.0070131086,-0.00697146,-0.0070044957,-0.0068545006,-0.0069553815,-0.0069984905,-0.0068314634,-0.0069885366,-0.006864365,-0.006907176,-0.006987687,-0.006976407
2011-01-12,-0.00750437,-0.0074060224,-0.007530894,-0.007503297,-0.00751796,-0.0074073784,-0.0074257813,-0.0076589845,-0.0075133704,-0.0075119697,-0.007510092,-0.0073907487,-0.007451292,-0.007539954,-0.007388469,-0.007525023,-0.007445466,-0.007426124,-0.007536646,-0.007504817
2011-01-13,-0.008740451,-0.008791473,-0.008955326,-0.00885528,-0.008829009,-0.008881774,-0.008795094,-0.02497759,-0.008951899,-0.008882504,-0.008877095,-0.0087690465,-0.008819621,-0.008909907,-0.008766171,-0.008909356,-0.008805212,-0.008799281,-0.008914199,-0.008841913
2011-01-14,-0.0044557713,-0.004386317,-0.0045561157,-0.0044947527,-0.004432719,-0.0044013076,-0.004313614,-0.022371601,-0.004505884,-0.004463803,-0.0044831,-0.0043488853,-0.0044245534,-0.0045236163,-0.004352372,-0.0045178942,-0.004440125,-0.004364919,-0.004533138,-0.0045255236
2011-01-18,-0.00798757,-0.007881995,-0.008037176,-0.00798912,-0.007894646,-0.0078717135,-0.007828962,-0.009356003,-0.007964607,-0.007958468,-0.00797398,-0.00786021,-0.007939618,-0.008026134,-0.007862266,-0.00799505,-0.007922601,-0.007856201,-0.008023333,-0.007915225
2011-01-19,-0.007062074,-0.0068711303,-0.007036265,-0.0070081316,-0.006904062,-0.00684933,-0.0068071447,-0.0232823,-0.0073285364,-0.006970953,-0.0069923364,-0.006839525,-0.0069348477,-0.0070459656,-0.006862443,-0.006954264,-0.006951358,-0.0068266205,-0.0070503913,-0.006933864
2011-01-20,-0.0024759134,-0.0024779548,-0.002630662,-0.0025966873,-0.0025049557,-0.0024502089,-0.00241686,-0.004304912,-0.0026261767,-0.002565067,-0.0025891324,-0.0024717113,-0.0025320759,-0.0026462635,-0.0024650951,-0.0026084592,-0.002542313,-0.0025591066,-0.0026269217,-0.0025953015
2011-01-21,-0.0069484822,-0.0068819337,-0.0070093833,-0.00698046,-0.006890502,-0.006894063,-0.0067964457,-0.00782482,-0.0070073716,-0.0069457106,-0.006959837,-0.0068512075,-0.0069083236,-0.007021215,-0.00685535,-0.006951239,-0.006932359,-0.006847646,-0.007004168,-0.006970998
2011-01-24,-0.006944742,-0.006872233,-0.0071691982,-0.0069649927,-0.0069011413,-0.006861519,-0.0068239085,-0.0072068684,-0.007011663,-0.006939959,-0.0069525205,-0.00684781,-0.0069071166,-0.0070173256,-0.0068586282,-0.006979849,-0.006892439,-0.006868493,-0.006954264,-0.006948542
2011-01-25,-0.0069696866,-0.0068927817,-0.007019561,-0.0069673024,-0.0068937056,-0.0068756156,-0.0068154745,-0.0073437355,-0.0069540553,-0.0069454424,-0.0069642775,-0.006861206,-0.006915506,-0.007021647,-0.006874185,-0.0069752745,-0.006927591,-0.0068593137,-0.0069838725,-0.00694805
2011-01-26,-0.008897956,-0.008840334,-0.008942958,-0.008917939,-0.008818071,-0.008792948,-0.00885817,-0.009054046,-0.0088946335,-0.0088714175,-0.0089115165,-0.008807924,-0.0087710135,-0.008951288,-0.008798402,-0.008903857,-0.008857455,-0.008749586,-0.008884098,-0.008873206
2011-01-27,-0.0070343427,-0.0068878494,-0.00703096,-0.0069339387,-0.0068835877,-0.006877329,-0.006923776,-0.0071644597,-0.00696085,-0.0069385283,-0.006983366,-0.0068453215,-0.006829452,-0.007007491,-0.006865885,-0.006964933,-0.0068825,-0.0068169944,-0.0069704317,-0.006939646
2011-01-28,-0.0070238374,-0.006882336,-0.0070449673,-0.0069691353,-0.0068901293,-0.006888818,-0.0068735294,-0.007044878,-0.0069666468,-0.006939333,-0.0069840513,-0.0068777762,-0.006834384,-0.0070102327,-0.0068619214,-0.0069188885,-0.006862264,-0.0068245493,-0.00696164,-0.0069270395
2011-01-31,-0.0080334805,-0.007880535,-0.008025732,-0.007942092,-0.007878836,-0.007879,-0.0080903135,-0.02357949,-0.007938024,-0.0079357885,-0.007979076,-0.007840674,-0.007869717,-0.008019131,-0.007852551,-0.007927056,-0.007877748,-0.007825848,-0.007960301,-0.007921781
2011-02-01,-0.007011842,-0.006893795,-0.0070084296,-0.0069625787,-0.006936576,-0.0068715774,-0.0070408396,-0.009330373,-0.006953161,-0.0069395266,-0.0070114993,-0.0068789087,-0.0069685094,-0.0070625655,-0.006852787,-0.006955471,-0.006883111,-0.0068302713,-0.0069676004,-0.0069235675
2011-02-02,-0.0068442635,-0.0069036745,-0.0070214234,-0.0069149993,-0.006896358,-0.0068816207,-0.0068888627,-0.023184802,-0.0069535337,-0.0069558583,-0.007006254,-0.00686891,-0.0069926195,-0.0070360713,-0.0068291984,-0.0069481097,-0.0068730973,-0.0068950914,-0.0069385283,-0.0069219135
2011-02-03,-0.007011514,-0.00684024,-0.007003542,-0.0069380812,-0.0068855397,-0.006857466,-0.0068159215,-0.024341729,-0.0069404207,-0.0069570206,-0.007014226,-0.0068742,-0.006935995,-0.007045012,-0.0068336986,-0.0069585405,-0.0068908893,-0.006849792,-0.00696012,-0.006872412
2011-02-04,-0.006895732,-0.0068600886,-0.007015612,-0.006984245,-0.0068934076,-0.0068772547,-0.006890204,-0.02471779,-0.006962117,-0.006960761,-0.007018294,-0.00687794,-0.00696462,-0.007030692,-0.006876033,-0.0069653355,-0.0069146715,-0.006884452,-0.007000994,-0.0068878196
2011-02-07,-0.0068611912,-0.0068655424,-0.006993767,-0.0069597475,-0.006880205,-0.006851759,-0.006867688,-0.007770147,-0.0069672875,-0.0069622807,-0.007001277,-0.0068679713,-0.006900694,-0.006993901,-0.006857317,-0.0069090836,-0.006908413,-0.0068978183,-0.006986644,-0.0068400614
2011-02-08,-0.0068860315,-0.0068879537,-0.0070157014,-0.0069538467,-0.0068956576,-0.006868046,-0.006870847,-0.007932376,-0.006995987,-0.0069598965,-0.006977346,-0.006870877,-0.0069540553,-0.0070245676,-0.0068487786,-0.0069592707,-0.0068792664,-0.0068824105,-0.00699104,-0.0068353973
2011-02-09,-0.0086139105,-0.008519437,-0.0086544715,-0.008548152,-0.008557584,-0.00852729,-0.008519303,-0.0093461685,-0.008630212,-0.008575972,-0.008612793,-0.008507159,-0.008562218,-0.008647006,-0.008460458,-0.008627828,-0.008523267,-0.008439716,-0.008634042,-0.008525547
2011-02-10,-0.006997656,-0.0068899207,-0.007033374,-0.0069695525,-0.006924968,-0.006876167,-0.006854471,-0.008548509,-0.006988626,-0.0069494657,-0.0069805644,-0.006901335,-0.0069608055,-0.0070682876,-0.0068428777,-0.0069774203,-0.006894227,-0.006824311,-0.007056322,-0.006984543
2011-02-11,-0.009508919,-0.009494852,-0.009618636,-0.009595241,-0.00951257,-0.009500038,-0.0094685815,-0.009689998,-0.009591084,-0.009548586,-0.009596672,-0.009472813,-0.009508859,-0.00962564,-0.009462204,-0.009586614,-0.009506416,-0.00947025,-0.009600218,-0.009448763
2011-02-14,-0.004872512,-0.004881408,-0.0050196163,-0.0050217174,-0.00491355,-0.0048549883,-0.0048187934,-0.02087536,-0.004972305,-0.0049546026,-0.004958775,-0.0048590265,-0.0048477165,-0.0050271563,-0.004863184,-0.004981976,-0.004861098,-0.004837107,-0.0050708316,-0.0049517117
2011-02-15,-0.0068702213,-0.006867256,-0.006990429,-0.007005643,-0.0068843625,-0.0068599842,-0.006824862,-0.02431054,-0.0069321506,-0.0069964193,-0.006970208,-0.006880056,-0.006884631,-0.0070619844,-0.006873425,-0.0069736354,-0.006858807,-0.0068814717,-0.0070468895,-0.0068576
2011-02-16,-0.0068417005,-0.0068788044,-0.007005837,-0.006982293,-0.006967645,-0.006870102,-0.00684556,-0.024510797,-0.0069879107,-0.007011976,-0.0069808923,-0.006885182,-0.0069929473,-0.0070798956,-0.0068691485,-0.006971162,-0.00688022,-0.006864678,-0.0070321076,-0.006827917
2011-02-17,-0.006837379,-0.0068724267,-0.0069989674,-0.0069609545,-0.0069776587,-0.006867986,-0.0068412237,-0.024507325,-0.0069829337,-0.006955307,-0.00698651,-0.006856423,-0.007002812,-0.0070742182,-0.0068806224,-0.0069381855,-0.0068754815,-0.006852474,-0.007075157,-0.0069472603
2011-02-18,-0.006870907,-0.0068543367,-0.0069957934,-0.0069787465,-0.006919857,-0.006844949,-0.006814357,-0.024933826,-0.0069893114,-0.0069555454,-0.0069763474,-0.006859448,-0.007003259,-0.007072713,-0.0068572722,-0.006924521,-0.006852757,-0.006871056,-0.0070684217,-0.0069654547
2011-02-22,-0.009433832,-0.009360548,-0.009478014,-0.009432923,-0.009412002,-0.009356122,-0.009317528,-0.010694515,-0.0094750635,-0.009432208,-0.009443428,-0.009356152,-0.009456899,-0.009517696,-0.009365138,-0.009396996,-0.00947715,-0.009330701,-0.009487804,-0.009378459
2011-02-23,-0.0070114993,-0.006854575,-0.0070063733,-0.006972801,-0.0069419257,-0.0068692677,-0.0068459027,-0.007378187,-0.0069882683,-0.006955888,-0.0070097856,-0.00688098,-0.006948199,-0.0070054345,-0.00687645,-0.0068996362,-0.006950613,-0.0068913214,-0.006987717,-0.007520508
2011-02-24,-0.006927859,-0.006852027,-0.0069687627,-0.0069214664,-0.0068373643,-0.0068650804,-0.006824564,-0.007308688,-0.0069579296,-0.006935399,-0.00695334,-0.0068358444,-0.006955873,-0.006986644,-0.0068283044,-0.006931659,-0.006902706,-0.006858345,-0.006937038,-0.007673409
2011-02-25,-0.007799145,-0.0077260993,-0.007848274,-0.007813733,-0.0077372156,-0.0077408515,-0.0076811425,-0.022806,-0.007843878,-0.007799294,-0.00781491,-0.0077248923,-0.0078100376,-0.007885378,-0.0077093206,-0.007766854,-0.0077531897,-0.007760521,-0.007851239,-0.0085251
2011-02-28,-0.0069811456,-0.0069159977,-0.0070247613,-0.0069835894,-0.006943058,-0.006881248,-0.006851401,-0.0078037344,-0.0070285164,-0.0069647394,-0.0069872253,-0.0068750344,-0.006994214,-0.007024359,-0.0068767183,-0.0069728754,-0.006922405,-0.0069379024,-0.0070398115,-0.007957112
2011-03-01,-0.007765632,-0.0076783113,-0.0078003816,-0.00780667,-0.0077348314,-0.0076784603,-0.007657405,-0.007856023,-0.007795211,-0.0077470653,-0.0077987425,-0.0076901726,-0.007833373,-0.0078112595,-0.0077028535,-0.007702034,-0.0077076815,-0.00771695,-0.007832702,-0.008726936
2011-03-02,-0.0070000254,-0.0068858527,-0.007035475,-0.007012423,-0.006914418,-0.0069213323,-0.0068709813,-0.007212382,-0.007010918,-0.0069597624,-0.0070078783,-0.006879952,-0.006967332,-0.0070233606,-0.006883707,-0.0069709234,-0.006947141,-0.0069421045,-0.007104825,-0.0072895996
2011-03-03,-0.0034223308,-0.0033196171,-0.0034669896,-0.0034507175,-0.0033390035,-0.0033335497,-0.0032907387,-0.0037226488,-0.003451254,-0.0034020504,-0.0034346392,-0.0033198108,-0.0034776141,-0.0034647097,-0.0033500006,-0.0034493615,-0.0033390035,-0.003309097,-0.0034850796,-0.003548648
2011-03-04,-0.005170565,-0.0050812326,-0.005238842,-0.0052407645,-0.0051095,-0.005113613,-0.0050667487,-0.005210247,-0.0052149408,-0.0051641725,-0.0051838867,-0.005079951,-0.005241584,-0.0052375607,-0.005076479,-0.0052080713,-0.0051099174,-0.005110409,-0.0052454583,-0.00529192
2011-03-07,-0.0058446936,-0.005827483,-0.0059756003,-0.005969789,-0.0058890246,-0.0058694147,-0.005783584,-0.005801391,-0.005940672,-0.0058911704,-0.0059330575,-0.0058077537,-0.005997937,-0.0059644245,-0.0058377944,-0.005868789,-0.0058847032,-0.005788233,-0.0059493743,-0.0060411654
2011-03-08,-0.0068628155,-0.006868731,-0.006991457,-0.006989535,-0.0068923645,-0.0068840943,-0.0068525486,-0.0068469755,-0.006994214,-0.0069369636,-0.006992515,-0.00686517,-0.0071151517,-0.006993469,-0.006863516,-0.0069561563,-0.007010471,-0.006808784,-0.007012304,-0.006981965
2011-03-09,-0.007368233,-0.0074037127,-0.0075414293,-0.0075085275,-0.0074394457,-0.0074153356,-0.0074141435,-0.007371586,-0.007504668,-0.007451933,-0.007500615,-0.007398408,-0.0076453052,-0.0074995123,-0.007380154,-0.007457923,-0.0075467937,-0.007321175,-0.0075095408,-0.0074922703
2011-03-10,-0.0068103634,-0.0068778805,-0.0070277266,-0.006991219,-0.0069078617,-0.006890323,-0.006883558,-0.006863635,-0.006934073,-0.0069366507,-0.0069992803,-0.0068846904,-0.0070152543,-0.0069825016,-0.0068531744,-0.00693826,-0.007008385,-0.006845873,-0.006989222,-0.006977316
2011-03-11,-0.006782558,-0.0068585686,-0.0070263557,-0.0069978945,-0.0068579577,-0.006885629,-0.0068540983,-0.006889399,-0.0069908164,-0.006937053,-0.0069997124,-0.006873276,-0.006960463,-0.006984871,-0.006872501,-0.006941106,-0.0070060454,-0.006865483,-0.006979134,-0.007044073
2011-03-14,-0.0067751072,-0.00687572,-0.0070402734,-0.0069995336,-0.0068709813,-0.006885197,-0.0068693124,-0.0071877055,-0.0069816224,-0.0069367103,-0.0069850944,-0.0068802945,-0.0070106946,-0.007002171,-0.006882172,-0.006944921,-0.0070096515,-0.0068510585,-0.0069840215,-0.007002186
2011-03-15,-0.006950658,-0.0068734847,-0.0070313476,-0.0070155375,-0.006847959,-0.00690205,-0.0068551116,-0.02298696,-0.006966289,-0.006936576,-0.006986376,-0.0068777166,-0.006993171,-0.007041361,-0.00686517,-0.0069549643,-0.007002633,-0.0067976825,-0.0070076995,-0.006966036
2011-03-16,-0.006824162,-0.006880503,-0.0070216767,-0.007022571,-0.0068724267,-0.006912049,-0.0068789683,-0.02448387,-0.0069702826,-0.006936621,-0.0069973134,-0.0068836324,-0.0070097707,-0.0070467107,-0.0068822466,-0.006960135,-0.007015612,-0.0068087243,-0.0070286654,-0.0069394074
2011-03-17,-0.006251123,-0.0062920265,-0.006422978,-0.0064251088,-0.006281417,-0.0063250475,-0.0062891208,-0.0074441396,-0.0063937865,-0.0063410364,-0.0064168833,-0.0062950216,-0.006457504,-0.006418567,-0.0063144974,-0.006362509,-0.0064441226,-0.006235298,-0.0063865744,-0.006342184
2011-03-18,-0.005758252,-0.0058076344,-0.0058185123,-0.005985569,-0.0057896785,-0.0058383904,-0.005792793,-0.022431072,-0.0059216283,-0.005883362,-0.0059153996,-0.0058048777,-0.006008338,-0.0059799217,-0.005771529,-0.005891647,-0.0059376024,-0.005754467,-0.0058846287,-0.0059256516
2011-03-21,-0.006860148,-0.0068982504,-0.0069098584,-0.00701138,-0.006807085,-0.006895121,-0.0068515204,-0.009286594,-0.0069865696,-0.006936904,-0.006976854,-0.0068152957,-0.0070214234,-0.006959405,-0.0068396144,-0.006957289,-0.0069778375,-0.006815102,-0.0069023184,-0.0069735907
2011-03-22,-0.006827574,-0.006965559,-0.006890606,-0.0070075206,-0.0068034343,-0.0069021545,-0.006838184,-0.0074737333,-0.006976854,-0.0069362335,-0.006971445,-0.0068752877,-0.007039707,-0.006969627,-0.00685459,-0.0069482885,-0.006966468,-0.006834399,-0.00690059,-0.0077670775
2011-03-23,-0.009741303,-0.010096859,-0.009754192,-0.009859111,-0.009661611,-0.009772148,-0.009716462,-0.0241017,-0.009828981,-0.009785708,-0.009831782,-0.009740379,-0.009905469,-0.009822559,-0.009713765,-0.009789448,-0.00981864,-0.009790357,-0.0098813735,-0.010456394
2011-03-24,-0.011189055,-0.011582609,-0.011187505,-0.011280861,-0.011100795,-0.011143651,-0.011133652,-0.028114136,-0.011258643,-0.011204969,-0.0112754665,-0.011144232,-0.011333521,-0.011246126,-0.011133488,-0.011223804,-0.011242326,-0.0111458115,-0.011315551,-0.0120362155
2011-03-25,-0.006863009,-0.0073381774,-0.0069020353,-0.007010814,-0.006830137,-0.0068580024,-0.0068266653,-0.009222489,-0.006973665,-0.006937783,-0.007022988,-0.0068418793,-0.006950792,-0.006942507,-0.0068338476,-0.006933298,-0.006995227,-0.0068378113,-0.007061463,-0.007882785
2011-03-28,-0.0072264336,-0.0076168887,-0.0072558783,-0.0073980205,-0.0072347634,-0.007277753,-0.0072244965,-0.00809757,-0.0073523037,-0.0073566698,-0.00737701,-0.0072407387,-0.007387247,-0.0073742233,-0.0072256736,-0.0073160194,-0.0073306225,-0.0072531663,-0.0074286275,-0.008457687
2011-03-29,-0.006863322,-0.007174801,-0.00691643,-0.0070040785,-0.006847184,-0.006894078,-0.006858494,-0.023434948,-0.006984543,-0.0069918297,-0.00699402,-0.006853547,-0.0070006363,-0.0070006363,-0.0068774186,-0.0069331937,-0.0069819055,-0.006885033,-0.0070548616,-0.008086439
2011-03-30,-0.0068673305,-0.007186901,-0.006881904,-0.0070064627,-0.006884273,-0.0068914257,-0.006857019,-0.008244287,-0.006981086,-0.0069972686,-0.006990712,-0.0068647526,-0.007024627,-0.0070001744,-0.0068760775,-0.0069333427,-0.0069537573,-0.0069264136,-0.007026475,-0.0074064843
2011-03-31,-0.0068385266,-0.007130634,-0.006951999,-0.00700159,-0.0068576746,-0.006921839,-0.0068573765,-0.0072980486,-0.0069699697,-0.0069335364,-0.0069747977,-0.006855499,-0.007020589,-0.006969359,-0.006852474,-0.0069333725,-0.0069624,-0.006918799,-0.0070136003,-0.007119339
2011-04-01,-0.007702481,-0.007773172,-0.007818457,-0.007843088,-0.0077021085,-0.007743921,-0.0076999776,-0.008051377,-0.007825371,-0.0077749602,-0.0078026317,-0.0076966397,-0.00785115,-0.0078097247,-0.0076967143,-0.0077749155,-0.007813495,-0.0076915137,-0.007848185,-0.007919427
2011-04-04,-0.009858768,-0.009940531,-0.00994904,-0.009962376,-0.009844359,-0.009868007,-0.009826984,-0.010226335,-0.009959038,-0.009912994,-0.009948533,-0.009821128,-0.009898748,-0.009936687,-0.009836938,-0.009915259,-0.010027077,-0.009837311,-0.009954985,-0.010035839
2011-04-05,-0.006881308,-0.0070484243,-0.007021766,-0.006962564,-0.006797891,-0.006926324,-0.0068662725,-0.0069882385,-0.0070009045,-0.006933626,-0.0069716983,-0.0068412535,-0.007019978,-0.006949272,-0.006869238,-0.0069443546,-0.0070282035,-0.006873112,-0.0069050305,-0.0069443546
2011-04-06,-0.004663598,-0.004885908,-0.004729312,-0.004672583,-0.004538756,-0.0046545677,-0.0045846663,-0.0047117434,-0.004736539,-0.004655119,-0.0046982877,-0.0045634024,-0.0047093593,-0.004673552,-0.004603382,-0.0046798997,-0.0047310255,-0.0045867525,-0.004655864,-0.0046279095
2011-04-07,-0.009127196,-0.009326499,-0.00911295,-0.009074297,-0.008924257,-0.00904135,-0.008973744,-0.0092581175,-0.009111222,-0.009032842,-0.009090494,-0.0089694075,-0.00909188,-0.009060543,-0.008983906,-0.009065729,-0.009110566,-0.008973341,-0.009068456,-0.009040069
2011-04-08,-0.00808927,-0.008549299,-0.00806452,-0.008031961,-0.007986929,-0.007968377,-0.007932525,-0.007890131,-0.008052986,-0.008034509,-0.00805689,-0.007923033,-0.00804415,-0.008001458,-0.007930007,-0.008000206,-0.008037504,-0.007943388,-0.007984515,-0.007974844
2011-04-11,-0.00814731,-0.008480158,-0.008237269,-0.008136477,-0.008014884,-0.008139338,-0.008066442,-0.008576494,-0.008240011,-0.008136686,-0.00818729,-0.008057099,-0.008221608,-0.00813907,-0.008119296,-0.008183952,-0.008299183,-0.008097213,-0.008211907,-0.008131187
2011-04-12,-0.0069424473,-0.0069169067,-0.0070304833,-0.0069388263,-0.006817352,-0.0070039444,-0.0068703704,-0.0071811043,-0.0069849454,-0.0069328807,-0.006986212,-0.0068317614,-0.007014092,-0.0069353543,-0.0068986677,-0.006945964,-0.007045489,-0.006863799,-0.0070873015,-0.0067908876
2011-04-13,-0.006935682,-0.0068682246,-0.0070312284,-0.0070104413,-0.0068813674,-0.006910052,-0.006871801,-0.0072575323,-0.0069933496,-0.0069328807,-0.0069918297,-0.0068460815,-0.006989386,-0.0069354437,-0.0069152676,-0.0069401823,-0.0069905035,-0.0069156103,-0.0070475303,-0.006805625
2011-04-14,-0.006154787,-0.006105285,-0.0062677823,-0.0062717907,-0.0061175935,-0.0061970316,-0.0061174,-0.022471067,-0.0062374286,-0.006173607,-0.006244626,-0.0060933195,-0.006239366,-0.0061760955,-0.0061616115,-0.006177034,-0.006241929,-0.0061686,-0.0062531047,-0.0060704164
2011-04-15,-0.0068217777,-0.006834876,-0.0069165938,-0.0069831125,-0.0070274286,-0.0069709234,-0.006847497,-0.0075789504,-0.0069903247,-0.0069328807,-0.006982412,-0.0068438463,-0.0069991313,-0.0069353543,-0.0069023184,-0.006946098,-0.006983068,-0.0068851374,-0.007004719,-0.00678524
2011-04-18,-0.0069583617,-0.0068894736,-0.007105302,-0.0070586912,-0.0069716983,-0.007010784,-0.0069431476,-0.007067349,-0.0070866756,-0.0070702396,-0.0070908032,-0.006946128,-0.007121455,-0.0070432536,-0.007014718,-0.007042747,-0.007101875,-0.0069936775,-0.0071083866,-0.0068915747
2011-04-19,-0.006842356,-0.006777849,-0.0068721734,-0.0069476925,-0.006822493,-0.006879803,-0.0068446808,-0.0069358163,-0.0069801174,-0.006962236,-0.0069861077,-0.0068460964,-0.007001858,-0.006935384,-0.006867286,-0.006934833,-0.0069677047,-0.0068816207,-0.0070004873,-0.0067854635
2011-04-20,-0.0068521462,-0.006879594,-0.0068823807,-0.0069173537,-0.006807413,-0.006892409,-0.006841626,-0.0070961528,-0.0069875233,-0.0069342963,-0.0069859885,-0.0068558715,-0.0069783144,-0.006935414,-0.006870594,-0.006934624,-0.0069863163,-0.0069131367,-0.006972518,-0.0067773573
2011-04-21,-0.00392453,-0.0040355884,-0.0039850585,-0.003889676,-0.0038732102,-0.0038686802,-0.0038152148,-0.02000932,-0.003969189,-0.003914874,-0.003985923,-0.0038221886,-0.0038045307,-0.003917318,-0.003850471,-0.003916245,-0.003964152,-0.0038838496,-0.003950488,-0.003896143
2011-04-25,-0.0069831274,-0.006882351,-0.007007789,-0.006948676,-0.0068298243,-0.0068965964,-0.006834116,-0.007468071,-0.0069858395,-0.006968539,-0.0069935136,-0.006875988,-0.006848704,-0.0069362484,-0.0068854503,-0.00693449,-0.0069793575,-0.0069428496,-0.006986525,-0.006928634
2011-04-26,-0.0033947786,-0.0031787416,-0.0032648703,-0.003257226,-0.0031653752,-0.0032631268,-0.0032080223,-0.003606241,-0.0033581664,-0.0033468565,-0.0033649763,-0.0032610854,-0.003265958,-0.0033468714,-0.0032573452,-0.0033159216,-0.0033648869,-0.0032720377,-0.003373455,-0.003173392
2011-04-27,-0.0074809305,-0.0073980205,-0.007443335,-0.007457521,-0.0073524825,-0.007441696,-0.0073771738,-0.007768955,-0.007532757,-0.0075270794,-0.0075406395,-0.007439848,-0.007455509,-0.007545661,-0.0074244253,-0.0074977987,-0.007526409,-0.0074854456,-0.007562559,-0.0074703954
2011-04-28,-0.005703222,-0.0057001375,-0.005761411,-0.005805414,-0.0056399517,-0.0057696514,-0.0057043545,-0.0061301254,-0.005866047,-0.0058291517,-0.0058675967,-0.005744826,-0.005730789,-0.005825188,-0.0057431273,-0.0057972036,-0.00585958,-0.005744975,-0.0058733784,-0.005769726
2011-04-29,-0.0043003224,-0.0043547116,-0.0043747984,-0.004458066,-0.004268851,-0.0043580793,-0.0042955987,-0.0046377443,-0.004455518,-0.00445069,-0.004481148,-0.0044034086,-0.004351463,-0.0044808052,-0.0043548755,-0.0044192486,-0.0044702254,-0.0043903105,-0.0044953637,-0.0042803995
2011-05-02,-0.003628861,-0.003862988,-0.003724273,-0.003691118,-0.0036677232,-0.0037076136,-0.0036527028,-0.0037564447,-0.0037998368,-0.0037932952,-0.0038128605,-0.0036804785,-0.003615718,-0.0037911942,-0.003690954,-0.003759559,-0.0037937274,-0.0037137528,-0.0038086881,-0.0036223938
2011-05-03,-0.0068528466,-0.007034313,-0.006854754,-0.0068573914,-0.006818738,-0.0068757944,-0.0068275444,-0.006989833,-0.0069841407,-0.006966334,-0.0069840215,-0.006849166,-0.0068440996,-0.006972369,-0.0068546943,-0.0069344155,-0.0069745593,-0.0068890564,-0.0069858693,-0.006886985
2011-05-04,-0.0069027953,-0.0069804154,-0.0068772696,-0.006915506,-0.0068468116,-0.00687797,-0.006840702,-0.007167008,-0.0069998614,-0.006968569,-0.006996598,-0.006871309,-0.006896224,-0.006964978,-0.006892111,-0.007004332,-0.006976586,-0.006907653,-0.0070199333,-0.0069279484
2011-05-05,-0.00689907,-0.0070051365,-0.006820079,-0.006893318,-0.00682145,-0.006891381,-0.0068451576,-0.0071567856,-0.0069968216,-0.0069649033,-0.0069926493,-0.0068732165,-0.006888371,-0.0069652013,-0.0068658255,-0.007115718,-0.0069727264,-0.006871309,-0.0070209913,-0.006926175
2011-05-06,-0.0069148056,-0.0069996677,-0.0068310313,-0.006903168,-0.006784793,-0.006894406,-0.0068316273,-0.0070325546,-0.0070060156,-0.006967526,-0.0069926493,-0.0068501346,-0.006909754,-0.006969806,-0.006853055,-0.006958615,-0.0069291405,-0.0068697147,-0.00702795,-0.006925609
2011-05-09,-0.006885316,-0.0070144646,-0.006809216,-0.0068963133,-0.0067875944,-0.006913837,-0.006825786,-0.0070117973,-0.007003825,-0.0069561265,-0.0069810264,-0.006845277,-0.00689679,-0.00697219,-0.0068528615,-0.0069451444,-0.006927561,-0.00688849,-0.0069948398,-0.0068878196
2011-05-10,-0.006881412,-0.007021468,-0.006819498,-0.0068947934,-0.0067979656,-0.006944325,-0.006818425,-0.007142734,-0.007000979,-0.0069604777,-0.0069786124,-0.006842237,-0.0069104545,-0.0069719665,-0.006853517,-0.0069638006,-0.0069173835,-0.006907385,-0.006979566,-0.0068834536
2011-05-11,-0.006947633,-0.00726844,-0.006851595,-0.0068893842,-0.006821241,-0.0068498366,-0.0068302713,-0.0069767945,-0.006999176,-0.0069198124,-0.0069974624,-0.00683124,-0.0068284385,-0.0069845133,-0.0068431906,-0.0069709234,-0.0069398545,-0.006888848,-0.0070159845,-0.006977152
2011-05-12,-0.006990295,-0.0071779154,-0.006838005,-0.0068737976,-0.0068061016,-0.0068623982,-0.006838303,-0.006954681,-0.0069780014,-0.0069262795,-0.0069717877,-0.006837528,-0.0068234615,-0.006964233,-0.006862115,-0.0069365166,-0.006909635,-0.006881859,-0.00699858,-0.006850969
2011-05-13,-0.00703251,-0.0069888346,-0.006885048,-0.0069000684,-0.0068234466,-0.0069165193,-0.0068364255,-0.006805312,-0.0069787763,-0.0069351606,-0.006990116,-0.0068705045,-0.0068621747,-0.006960254,-0.00688852,-0.006936308,-0.0069280528,-0.0069555305,-0.00698727,-0.0068411343
2011-05-16,-0.007053029,-0.0070078187,-0.0068881027,-0.0068957172,-0.006824877,-0.0069075786,-0.006849181,-0.0069069676,-0.006971147,-0.006922137,-0.006994035,-0.0068489574,-0.0068633966,-0.0069646947,-0.006894555,-0.0069363527,-0.0069542043,-0.006953206,-0.0069867335,-0.0068493746
2011-05-17,-0.0053366683,-0.005322989,-0.0051658265,-0.005190637,-0.005147498,-0.0052315407,-0.005158391,-0.021021169,-0.0053197853,-0.0052306764,-0.005286809,-0.00515623,-0.0051364712,-0.0052671693,-0.0051902942,-0.0052326433,-0.005266648,-0.005234372,-0.005277749,-0.0051725768
2011-05-18,-0.0070521347,-0.0070107393,-0.006883856,-0.006914478,-0.0068599693,-0.0068742894,-0.006838139,-0.007418867,-0.0069996826,-0.0069368295,-0.0069984905,-0.006858643,-0.006842863,-0.0069636963,-0.0069081,-0.006955322,-0.0069460236,-0.006943371,-0.006970685,-0.006866809
2011-05-19,-0.007050719,-0.0069790743,-0.00687119,-0.0068895034,-0.006852608,-0.006910544,-0.0071278773,-0.0068546347,-0.0069740526,-0.0069340877,-0.0069933496,-0.0068421476,-0.0068295114,-0.0069642924,-0.0068911873,-0.006944772,-0.0069807135,-0.006900158,-0.006973993,-0.006835144
2011-05-20,-0.003907632,-0.003823187,-0.0037878861,-0.0037790497,-0.0037292202,-0.0037549695,-0.004138481,-0.0037344804,-0.0038344224,-0.0037978103,-0.003860574,-0.0037007292,-0.0037023386,-0.0038314124,-0.0037626883,-0.003798466,-0.0038513204,-0.0037996878,-0.003854703,-0.003695782
2011-05-23,-0.0084054135,-0.008335929,-0.00828388,-0.008207958,-0.0082288645,-0.008260023,-0.008301165,-0.008556198,-0.008377027,-0.008298408,-0.008350503,-0.008236524,-0.008216154,-0.0083378665,-0.008293685,-0.008354913,-0.008378368,-0.008276384,-0.008332055,-0.00835016
2011-05-24,-0.007045176,-0.0069573335,-0.00690588,-0.0068770163,-0.006863769,-0.0068601035,-0.007230308,-0.006961655,-0.00693601,-0.006955918,-0.007000413,-0.0068424903,-0.006856706,-0.0069568865,-0.0068754964,-0.0069346093,-0.0069266222,-0.0069130026,-0.007005375,-0.0068474524
2011-05-25,-0.0070347153,-0.006964188,-0.006928783,-0.0068284236,-0.0069209,-0.006861042,-0.006899845,-0.0069510154,-0.0069275163,-0.0069508217,-0.0070002936,-0.00683799,-0.0068469755,-0.0069594495,-0.006879773,-0.0069345795,-0.0069408827,-0.0068936907,-0.007000368,-0.00681841
2011-05-26,-0.0070199333,-0.006950628,-0.0069223307,-0.0069507174,-0.0068986528,-0.006846454,-0.0069079213,-0.0071256272,-0.006973993,-0.006960582,-0.0070046745,-0.006845679,-0.006849464,-0.0069544725,-0.006887149,-0.006934624,-0.0069612674,-0.006948825,-0.0070172213,-0.006840285
2011-05-27,-0.0069941096,-0.006947588,-0.006908696,-0.0069103055,-0.0069917105,-0.0068552755,-0.006818574,-0.006823819,-0.0069891475,-0.0069611333,-0.006994482,-0.006842803,-0.0068532936,-0.0069532506,-0.0068913214,-0.0069345646,-0.006932851,-0.006960612,-0.0069790296,-0.0069482736
2011-05-31,-0.006886687,-0.00695261,-0.0069061182,-0.0069023184,-0.006958332,-0.0068424754,-0.0068573616,-0.0068007223,-0.006982308,-0.0069661103,-0.0069828294,-0.006829392,-0.0068100505,-0.0069627278,-0.0068831407,-0.006965872,-0.006948512,-0.0069298707,-0.0069745444,-0.006948646
2011-06-01,-0.006961819,-0.0069446675,-0.0069547407,-0.006908234,-0.0068754964,-0.0068176202,-0.0067870133,-0.0068228208,-0.0069778673,-0.006963279,-0.006994035,-0.0068348907,-0.0068222545,-0.0069684796,-0.006894093,-0.006985884,-0.0068858378,-0.006924566,-0.0069808774,-0.006948244
2011-06-02,-0.006978702,-0.007009294,-0.006891962,-0.0068522654,-0.006980505,-0.0068134926,-0.006817322,-0.0068559907,-0.0069804303,-0.006959509,-0.006986778,-0.006845098,-0.0068021677,-0.006962266,-0.0068680607,-0.0069612972,-0.0068825,-0.006894212,-0.0069585107,-0.0069119446
2011-06-03,-0.010577973,-0.010598432,-0.010483008,-0.010541316,-0.010568228,-0.010417204,-0.010696467,-0.010719772,-0.010551091,-0.010550331,-0.010593068,-0.010433074,-0.01044118,-0.010560837,-0.01045936,-0.010542478,-0.01048715,-0.010530915,-0.010593098,-0.010531407
2011-06-06,-0.005511593,-0.005468782,-0.0054442696,-0.005445581,-0.005500432,-0.0053473227,-0.0058351867,-0.0053416304,-0.005499225,-0.0054819994,-0.005520668,-0.0053686164,-0.00538918,-0.005495172,-0.0053989105,-0.0054951124,-0.005408149,-0.0054768585,-0.005511161,-0.005329352
2011-06-07,-0.006959956,-0.006947022,-0.0069237314,-0.006919693,-0.0069736503,-0.006798487,-0.0072381757,-0.006824117,-0.0069589578,-0.0069642477,-0.006991949,-0.006839391,-0.0067513846,-0.0069692247,-0.0068633817,-0.0069754086,-0.0068783425,-0.0069507025,-0.0069816075,-0.006940823
2011-06-08,-0.006967183,-0.0069557093,-0.006982919,-0.0069533847,-0.006979268,-0.0068012886,-0.006910842,-0.0067873113,-0.0069336854,-0.0069520883,-0.00700311,-0.0068720393,-0.0068759434,-0.007024061,-0.0068852417,-0.006961491,-0.0068980716,-0.006974738,-0.0069639646,-0.006916862
2011-06-09,-0.007526871,-0.0075478815,-0.007450249,-0.007502418,-0.007570248,-0.007410612,-0.007489454,-0.0073785,-0.0075462125,-0.0075368993,-0.0075885765,-0.0074163787,-0.0073969923,-0.0075739436,-0.0074518137,-0.0075406693,-0.007442083,-0.0075336955,-0.0075620525,-0.00752401
2011-06-10,-0.0037120988,-0.0037020107,-0.0037243178,-0.0035943945,-0.003737535,-0.0035889705,-0.0036243757,-0.003561314,-0.0037115177,-0.0037121882,-0.0037399938,-0.0035565307,-0.0035953184,-0.0037217995,-0.0036032756,-0.0037038585,-0.0035909524,-0.0036385318,-0.0037063023,-0.0035517474
2011-06-13,-0.0061651133,-0.0060465895,-0.0061026327,-0.006035935,-0.006111037,-0.005951237,-0.006052505,-0.005920779,-0.006121751,-0.006086182,-0.006119903,-0.005978089,-0.0059755407,-0.0061301105,-0.0060185604,-0.006078746,-0.0059944056,-0.0060609393,-0.0060744844,-0.0058903806
2011-06-14,-0.007031616,-0.006903272,-0.00696845,-0.006877627,-0.006979268,-0.0068303905,-0.0068531446,-0.006842103,-0.006970551,-0.0069607906,-0.006979745,-0.006821703,-0.006779935,-0.00699481,-0.0068938993,-0.0069407485,-0.0068493597,-0.0069095604,-0.0069686733,-0.006859105
2011-06-15,-0.0070188604,-0.0068673156,-0.006968435,-0.0069027655,-0.0069805644,-0.006802898,-0.006821405,-0.006797489,-0.0069908462,-0.006952297,-0.0069683753,-0.006829839,-0.0067925565,-0.007006865,-0.006884601,-0.006987389,-0.0068542473,-0.006888058,-0.0069473945,-0.0067815892
2011-06-16,-0.007030364,-0.006843593,-0.006968584,-0.006947797,-0.0069773905,-0.0068476163,-0.006828245,-0.0068025254,-0.0069103353,-0.006967809,-0.006978687,-0.006843563,-0.0067996047,-0.0070049576,-0.0068901144,-0.007005658,-0.006859567,-0.0069128536,-0.006943416,-0.006775465
2011-06-17,-0.007412117,-0.0073550753,-0.0073901378,-0.0073679946,-0.007397931,-0.0072579496,-0.0077402554,-0.0072101466,-0.007391613,-0.007388141,-0.007375475,-0.0072511844,-0.0071908645,-0.0074067526,-0.0072900318,-0.007376384,-0.007283177,-0.0073368214,-0.007391494,-0.007216092
2011-06-20,-0.006966602,-0.0069344603,-0.0069683604,-0.0069003515,-0.006988045,-0.0068010204,-0.0072769336,-0.0067829005,-0.006970715,-0.006978493,-0.006948944,-0.0068146996,-0.006769087,-0.0069820844,-0.0068609975,-0.0069494955,-0.0068483464,-0.0069021694,-0.0069854967,-0.0069273673
2011-06-21,-0.0071388744,-0.006966125,-0.0069680326,-0.0068813525,-0.0069795065,-0.006844174,-0.006935131,-0.006781038,-0.0069696717,-0.0069869123,-0.006963875,-0.0068145357,-0.0067824386,-0.0069939755,-0.006839793,-0.006950807,-0.0068623833,-0.0068993084,-0.0069868676,-0.006923478
2011-06-22,-0.00501984,-0.0050248466,-0.0050079785,-0.0049478523,-0.0048930757,-0.0049185716,-0.004875835,-0.0048147403,-0.0050090365,-0.0050248913,-0.0050045066,-0.0048676543,-0.004842203,-0.0050349496,-0.0048632436,-0.0049923323,-0.004870873,-0.004946839,-0.0050180815,-0.004817065
2011-06-23,-0.0069181435,-0.006983679,-0.0069677792,-0.0069155656,-0.006942909,-0.0068493895,-0.0072034113,-0.0067815147,-0.0069696866,-0.00698502,-0.0069719963,-0.006836783,-0.0069121383,-0.007007178,-0.0068481676,-0.006945353,-0.006860461,-0.006923523,-0.00698046,-0.0067945533
2011-06-24,-0.009371337,-0.009298336,-0.009368788,-0.009301316,-0.009381991,-0.009238061,-0.009460192,-0.0091940425,-0.009370606,-0.009373289,-0.009375524,-0.009243365,-0.009223264,-0.009422045,-0.009283569,-0.009339716,-0.009264555,-0.009359565,-0.009381305,-0.0092065595
2011-06-27,-0.0074162744,-0.007279869,-0.0074144118,-0.0073527507,-0.0073999725,-0.00730234,-0.0073528998,-0.007400777,-0.0074371807,-0.0074294023,-0.007417854,-0.007290121,-0.007268753,-0.007451292,-0.0073240213,-0.007396888,-0.0073309653,-0.0074048303,-0.007426616,-0.0072434954
2011-06-28,-0.0068519823,-0.006886672,-0.0069685094,-0.0069136284,-0.0069796257,-0.006924432,-0.007044833,-0.007105153,-0.006997552,-0.006981086,-0.006954428,-0.006814163,-0.0069026165,-0.006991517,-0.0068697445,-0.006940093,-0.0068599544,-0.006920304,-0.0069813095,-0.0067982934
2011-06-29,-0.006874647,-0.006907519,-0.00696842,-0.006947931,-0.0069441907,-0.0069172047,-0.0070422553,-0.006771546,-0.0069689266,-0.0069624744,-0.006957989,-0.006843906,-0.006828066,-0.0070070736,-0.0068667643,-0.0069395415,-0.0068915747,-0.0069779865,-0.006985735,-0.0068157725
2011-06-30,-0.006875124,-0.0068664663,-0.00696842,-0.0069009922,-0.0069544427,-0.006824132,-0.0070506,-0.006771054,-0.0069689266,-0.0069591366,-0.0069632046,-0.006833788,-0.0068155937,-0.007003214,-0.0068661086,-0.006968584,-0.006868165,-0.0069790743,-0.006979551,-0.006795775
2011-07-01,-0.0059336238,-0.0059644394,-0.0060334466,-0.0059923343,-0.006028097,-0.005860608,-0.0064566545,-0.005838748,-0.0060351156,-0.0060156994,-0.0060279034,-0.0059083514,-0.0058909617,-0.0060595833,-0.0059193484,-0.0060194246,-0.0059222393,-0.006040778,-0.0060406886,-0.0058311187
2011-07-05,-0.013065856,-0.01314215,-0.0131961815,-0.013171535,-0.013195153,-0.013052847,-0.0134001635,-0.01300187,-0.013195496,-0.013179135,-0.013184946,-0.013075527,-0.0130509995,-0.01322123,-0.013095465,-0.013216566,-0.013087999,-0.013188269,-0.0131782405,-0.013009872
2011-07-06,-0.00682744,-0.0068896376,-0.006967079,-0.006963413,-0.0069491826,-0.0068551563,-0.0072710775,-0.00676867,-0.0069672875,-0.0069639497,-0.006945085,-0.006848093,-0.0067828707,-0.0069954805,-0.0068650953,-0.00697897,-0.0068779998,-0.006987747,-0.0069416426,-0.0067633353
2011-07-07,-0.006849047,-0.006867107,-0.0069686584,-0.006978702,-0.0069601797,-0.0068920814,-0.0069978647,-0.006770935,-0.0069690607,-0.006970849,-0.006949719,-0.006850552,-0.0067840926,-0.006998118,-0.0068860613,-0.0069733523,-0.006871503,-0.0069779567,-0.006938543,-0.006754618
2011-07-08,-0.0068370514,-0.006892767,-0.0069687776,-0.0069778077,-0.00697368,-0.006903168,-0.006949734,-0.0067713074,-0.0069692694,-0.0069694184,-0.006953951,-0.00685082,-0.006794017,-0.006994333,-0.006880846,-0.0069513433,-0.0068561994,-0.006975081,-0.006941568,-0.00675435
2011-07-11,-0.008886661,-0.008953314,-0.0090194605,-0.009027924,-0.009017851,-0.008909192,-0.0090128295,-0.008831646,-0.009020772,-0.009014424,-0.00899234,-0.008901771,-0.0088561885,-0.009047892,-0.008929964,-0.009034034,-0.008916717,-0.009050097,-0.008993503,-0.008836549
2011-07-12,-0.0068649463,-0.0069017224,-0.0069698505,-0.0069695376,-0.0069803707,-0.006922614,-0.007140558,-0.006777134,-0.0069710426,-0.006975513,-0.0069614463,-0.0068507604,-0.006814506,-0.0069896095,-0.0068518035,-0.0069105886,-0.0068602674,-0.0070009045,-0.006940242,-0.0067627393
2011-07-13,-0.006881591,-0.0069585405,-0.006968554,-0.006932091,-0.0069696866,-0.0069366507,-0.0069694035,-0.006770458,-0.006968271,-0.006975945,-0.00696614,-0.0068494193,-0.0068379156,-0.006986674,-0.00687572,-0.0069387816,-0.0068686716,-0.0069494806,-0.0069375,-0.0067854635
2011-07-14,-0.006873872,-0.006917473,-0.006969657,-0.006948974,-0.006943535,-0.0069281124,-0.0068385117,-0.006771069,-0.006968882,-0.006967392,-0.006965738,-0.006848555,-0.006796565,-0.0069963895,-0.0068661384,-0.0068809055,-0.006880518,-0.0069977157,-0.00693677,-0.0069285147
2011-07-15,-0.007847425,-0.0078119747,-0.0079437755,-0.007927801,-0.007886644,-0.007894348,-0.007984575,-0.00810973,-0.007943984,-0.007930275,-0.007930633,-0.007818695,-0.0077672265,-0.007970627,-0.007807445,-0.0078950785,-0.007822793,-0.007958617,-0.007896867,-0.0077741407
2011-07-18,-0.00499497,-0.0050274096,-0.005073216,-0.005085882,-0.005105611,-0.0050397776,-0.0051472597,-0.0048982017,-0.005071949,-0.00510576,-0.0050993077,-0.0049850754,-0.004930731,-0.0051397197,-0.0050018094,-0.0050120316,-0.0050004832,-0.0051242523,-0.005069297,-0.0049047284
2011-07-19,-0.006880801,-0.0068602823,-0.006999474,-0.0069600753,-0.006985035,-0.0068840943,-0.0070173256,-0.022684347,-0.006999757,-0.006969925,-0.0069825314,-0.006856825,-0.0069339983,-0.0070048235,-0.0069113337,-0.00691941,-0.0068848394,-0.006980803,-0.0069395564,-0.0068392865
2011-07-20,-0.00689454,-0.0068977736,-0.007038947,-0.0069597326,-0.00701062,-0.006845843,-0.007069703,-0.008910339,-0.0070391856,-0.0069636367,-0.006958928,-0.006848123,-0.0068417154,-0.0070034973,-0.0069371127,-0.0069549493,-0.0068781488,-0.006954234,-0.006957557,-0.0069392733
2011-07-21,-0.0069001727,-0.006869938,-0.0070408992,-0.0069706403,-0.007009115,-0.006826978,-0.007024031,-0.008186992,-0.0070411228,-0.006965559,-0.0069537275,-0.0068410747,-0.0067949556,-0.007004779,-0.006865781,-0.006944578,-0.006867137,-0.0069743954,-0.0069398545,-0.006887477
2011-07-22,-0.0069767497,-0.0068600588,-0.006952878,-0.0069576614,-0.006988596,-0.006817814,-0.0069802813,-0.006933268,-0.0069651417,-0.0069858544,-0.006956633,-0.006860327,-0.00679281,-0.007008951,-0.006873619,-0.0069992654,-0.006877195,-0.006995719,-0.0069420896,-0.006951716
2011-07-25,-0.0069950633,-0.0069308095,-0.0069448613,-0.0069585703,-0.0069894157,-0.0068442486,-0.00685535,-0.007123988,-0.0069585405,-0.0069709234,-0.006967079,-0.006827485,-0.0068162642,-0.007009279,-0.0068839453,-0.006965261,-0.0068786107,-0.0069401525,-0.0069371723,-0.006933879
2011-07-26,-0.006978657,-0.0069273077,-0.006947156,-0.0069764517,-0.0069861673,-0.006859239,-0.0068647526,-0.022748109,-0.007005047,-0.0069535337,-0.007002618,-0.0068435483,-0.0069363974,-0.007001113,-0.006897267,-0.00699481,-0.0068762116,-0.0069425814,-0.0069370084,-0.0069854967
2011-07-27,-0.006970968,-0.00691038,-0.0069511198,-0.0069746636,-0.0069897585,-0.006962519,-0.0068403296,-0.007543158,-0.006967228,-0.006943729,-0.006983053,-0.0068487637,-0.006873291,-0.0070152692,-0.006916564,-0.006932389,-0.0068729036,-0.0069475286,-0.0069364123,-0.006937798
2011-07-28,-0.0098797195,-0.009868171,-0.009899791,-0.009904783,-0.00990824,-0.009797897,-0.00978319,-0.009801727,-0.009886097,-0.009879377,-0.0099163465,-0.009785395,-0.009817567,-0.009931471,-0.009836178,-0.009855833,-0.009810414,-0.009884175,-0.009871181,-0.009856325
2011-07-29,-0.008967202,-0.009010356,-0.009044286,-0.009049546,-0.009067874,-0.009473231,-0.009036686,-0.024689775,-0.009069573,-0.009047609,-0.009068873,-0.008919518,-0.009027701,-0.009067114,-0.008933675,-0.008987989,-0.008939382,-0.009034004,-0.009009849,-0.008931484
2011-08-01,-0.006640818,-0.006654199,-0.0066995136,-0.0067057125,-0.0067423843,-0.0070978664,-0.006714057,-0.007421311,-0.0066745393,-0.006690275,-0.006707903,-0.006583538,-0.0066804104,-0.0067365877,-0.006621387,-0.0066503845,-0.006605711,-0.0066886656,-0.006662797,-0.00651842
2011-08-02,-0.0069549493,-0.0069181584,-0.0069693737,-0.006922256,-0.007015612,-0.007332634,-0.007033091,-0.022785243,-0.0070058964,-0.0068983845,-0.006977897,-0.006838154,-0.0070111714,-0.0069939606,-0.006908115,-0.006911006,-0.0068563484,-0.0069309436,-0.006937828,-0.0068506263
2011-08-03,-0.006900724,-0.0069332384,-0.0069699697,-0.0069321804,-0.0070073716,-0.0070348047,-0.007000547,-0.0074547045,-0.0069790147,-0.0069452636,-0.00697599,-0.0068258457,-0.0069752447,-0.0069894604,-0.0068789087,-0.006911721,-0.006865602,-0.006944608,-0.0069371276,-0.006823417
2011-08-04,-0.008543801,-0.008474659,-0.008548941,-0.0085380785,-0.008599754,-0.008623239,-0.00858533,-0.008703049,-0.008545335,-0.008547839,-0.008564543,-0.008438822,-0.008482646,-0.008594226,-0.008462768,-0.008519318,-0.008461531,-0.008531284,-0.008519676,-0.008403029
2011-08-05,-0.007125642,-0.007053297,-0.007110756,-0.007082712,-0.0071299337,-0.0074206702,-0.007151585,-0.006991353,-0.007122677,-0.007125687,-0.007114958,-0.0069894306,-0.0070075057,-0.007162895,-0.007019233,-0.007070344,-0.0070096217,-0.007093679,-0.0070843957,-0.006985184
2011-08-08,-0.0075301193,-0.0076455884,-0.007646825,-0.0075966083,-0.0076004528,-0.0077667646,-0.0076704137,-0.0077876262,-0.007623788,-0.007678326,-0.0076684467,-0.007528927,-0.0075872354,-0.007680755,-0.007557761,-0.007992696,-0.007534992,-0.0075878464,-0.007618528,-0.0074842833
2011-08-09,-0.006842654,-0.0068783127,-0.0069609843,-0.006896671,-0.007007193,-0.0073058717,-0.007001471,-0.006794136,-0.0069411807,-0.0069704466,-0.0069853924,-0.0068611614,-0.0069594793,-0.006994378,-0.0068774633,-0.007120054,-0.0068517886,-0.0069488995,-0.0069363825,-0.0067914836
2011-08-10,-0.010289039,-0.010363709,-0.010401439,-0.010368761,-0.01044732,-0.010770809,-0.010426741,-0.010263797,-0.0103847645,-0.010384422,-0.010416891,-0.01028071,-0.010391366,-0.010428067,-0.010302167,-0.010416772,-0.01029272,-0.01035605,-0.010377418,-0.010259133
2011-08-11,-0.004135277,-0.004210066,-0.0042780153,-0.0042433552,-0.0043183826,-0.0043366067,-0.004576456,-0.004128482,-0.0042670183,-0.004270863,-0.004279297,-0.00412881,-0.004262667,-0.0042968057,-0.004166808,-0.004283916,-0.004157897,-0.004248824,-0.0042535327,-0.004135292
2011-08-12,-0.0073619746,-0.007374566,-0.0074768476,-0.007445913,-0.007465627,-0.0075736307,-0.007502537,-0.007508483,-0.0074479543,-0.007466402,-0.007479515,-0.007336136,-0.0074598305,-0.0075000785,-0.0073507987,-0.007446777,-0.0073568188,-0.0074399672,-0.0074438117,-0.007490646
2011-08-15,-0.0066202544,-0.0067039393,-0.0067452453,-0.006703537,-0.0067582987,-0.006801944,-0.006806951,-0.0066063665,-0.006717231,-0.0067167394,-0.006754067,-0.006619986,-0.0067174844,-0.0067568384,-0.00665028,-0.006776657,-0.006645914,-0.006691467,-0.006708037,-0.0067132525
2011-08-16,-0.009746578,-0.009764101,-0.009803515,-0.009779584,-0.009816837,-0.0102008395,-0.009897914,-0.024064895,-0.009774622,-0.009776499,-0.009815391,-0.009681981,-0.009770703,-0.00983068,-0.00970256,-0.009789478,-0.0096918605,-0.00976437,-0.00976887,-0.009842452
2011-08-17,-0.0069007687,-0.0069027357,-0.006960597,-0.0069358908,-0.0069762133,-0.0070122145,-0.0074023865,-0.02411456,-0.006936487,-0.006937217,-0.0069583617,-0.00682972,-0.0069332533,-0.0069864653,-0.0068334006,-0.0069063418,-0.0068366937,-0.006913122,-0.0069329403,-0.0070165657
2011-08-18,-0.006805312,-0.006896537,-0.006952878,-0.006938841,-0.0069907866,-0.0070066415,-0.0073368214,-0.007532578,-0.006936487,-0.0069390796,-0.006977435,-0.006817233,-0.006933164,-0.006982904,-0.006839525,-0.0069624297,-0.0068514906,-0.006952312,-0.0069329552,-0.0069368742
2011-08-19,-0.010667037,-0.010724705,-0.01080839,-0.010784399,-0.010834511,-0.010835018,-0.01107594,-0.010768559,-0.010779347,-0.010780107,-0.0108308755,-0.010694187,-0.01077592,-0.010833751,-0.010700192,-0.0109138,-0.010714199,-0.01082572,-0.010775041,-0.01079696
2011-08-22,-0.0030785461,-0.003147181,-0.0032008847,-0.003180798,-0.0032362451,-0.0032563617,-0.003497224,-0.0034259518,-0.003177013,-0.0031840166,-0.0032142957,-0.0030744185,-0.0031734665,-0.0032323112,-0.00309002,-0.003246974,-0.00310285,-0.003216814,-0.003173392,-0.0031915565
2011-08-23,-0.00686438,-0.00696915,-0.0069542937,-0.00694279,-0.0069891624,-0.0069731437,-0.006973874,-0.023021948,-0.0069377087,-0.006958302,-0.006962087,-0.0068415664,-0.0069330595,-0.0069901906,-0.0068539344,-0.006935876,-0.006849777,-0.0069364123,-0.00693297,-0.0070167296
2011-08-24,-0.0068501644,-0.0069205724,-0.0069531463,-0.006936904,-0.0069868676,-0.0069391094,-0.007019844,-0.0074633025,-0.0069375895,-0.0069650225,-0.006964203,-0.006836068,-0.006935086,-0.006983053,-0.0068581365,-0.006923642,-0.0068540685,-0.006957289,-0.0069329403,-0.006990399
2011-08-25,-0.0068269186,-0.006964829,-0.0069922917,-0.006882202,-0.0070123337,-0.006952893,-0.007044863,-0.0070880167,-0.006971296,-0.006975811,-0.0069721155,-0.0068130307,-0.0069328956,-0.006963279,-0.006877836,-0.0069668256,-0.0068390034,-0.006820094,-0.00693297,-0.007018294
2011-08-26,-0.0073901527,-0.007518541,-0.007506307,-0.0074515454,-0.0075407885,-0.0074828826,-0.007954892,-0.007608842,-0.0074881725,-0.007495191,-0.007517766,-0.0073749684,-0.0074789487,-0.0075216107,-0.0074147247,-0.007511642,-0.007387545,-0.0073984377,-0.007479083,-0.007469248
2011-08-29,-0.0068399273,-0.006936487,-0.0069835,-0.0069439225,-0.0069915466,-0.006942626,-0.0069793873,-0.0074671917,-0.006965246,-0.00697596,-0.006972026,-0.006833505,-0.0069328956,-0.006973978,-0.006851461,-0.007003721,-0.0068400614,-0.006873455,-0.0069329105,-0.0070102327
2011-08-30,-0.0029456278,-0.0030304154,-0.0031045338,-0.0030708273,-0.003104638,-0.0029830744,-0.003096204,-0.0031917205,-0.0030854454,-0.0030839255,-0.0030875613,-0.0029566397,-0.0030451824,-0.0030826887,-0.0029587855,-0.0030414423,-0.0029539575,-0.0030053963,-0.0030452122,-0.0031326523
2011-08-31,-0.004692938,-0.004752245,-0.004818689,-0.0048153214,-0.0048283003,-0.004719075,-0.004870083,-0.0049102865,-0.004806619,-0.004827883,-0.0048133843,-0.004679557,-0.00476804,-0.004815679,-0.0047086887,-0.004776638,-0.004702937,-0.004750114,-0.0047681145,-0.004857447
2011-09-01,-0.006841313,-0.006938245,-0.006901797,-0.006941583,-0.0069751404,-0.0069727264,-0.0070562474,-0.0070118867,-0.006951999,-0.0069509707,-0.006975647,-0.0068236254,-0.0069635026,-0.0069740526,-0.0068708323,-0.0069830082,-0.006850358,-0.0069036298,-0.00693297,-0.0069948845
2011-09-02,-0.006023865,-0.0060900412,-0.0061347596,-0.0061557554,-0.0061440878,-0.0061658286,-0.0061853044,-0.0062103085,-0.0061406903,-0.0061367564,-0.006171953,-0.0060238354,-0.0061577223,-0.006158959,-0.0060322694,-0.0060749166,-0.006039258,-0.0060914718,-0.0061215125,-0.006191116
2011-09-06,-0.006835144,-0.00687417,-0.0069143884,-0.0068884455,-0.006939035,-0.006961476,-0.0069017373,-0.007181313,-0.0069623105,-0.0069487207,-0.0069873445,-0.006805461,-0.006962698,-0.0069752,-0.0068267398,-0.0068615936,-0.006829437,-0.006920602,-0.0069329105,-0.00700764
2011-09-07,-0.0068457834,-0.006848227,-0.006965991,-0.006953668,-0.0069348477,-0.0069170855,-0.0068488084,-0.0069961213,-0.0069505386,-0.00695784,-0.0069902353,-0.006814774,-0.006932851,-0.006981667,-0.0068441443,-0.0069584064,-0.00685234,-0.0068781637,-0.0069329552,-0.0070058964
2011-09-08,-0.009479474,-0.009502601,-0.009476822,-0.009533238,-0.009552237,-0.00956386,-0.009464752,-0.009607937,-0.009540673,-0.009549227,-0.009574693,-0.009429302,-0.009543773,-0.009577867,-0.009453397,-0.009557541,-0.009445231,-0.009518605,-0.009529557,-0.009602856
2011-09-09,-0.0100818835,-0.010092508,-0.010077622,-0.010144662,-0.010110881,-0.010198306,-0.0100639425,-0.010422941,-0.010203298,-0.010185387,-0.010222342,-0.010056388,-0.010179561,-0.010215949,-0.010166597,-0.0100659095,-0.010079097,-0.010080691,-0.010175806,-0.010248523
2011-09-12,-0.004344564,-0.004373785,-0.004365023,-0.0044701956,-0.0043567084,-0.0044807605,-0.004382845,-0.0045111887,-0.004451286,-0.0044565313,-0.0044757538,-0.004321169,-0.0044536553,-0.004487615,-0.004345473,-0.004346352,-0.0043289177,-0.0043495856,-0.0044437908,-0.0045145117
2011-09-13,-0.0069654547,-0.0068516694,-0.006875854,-0.0069713555,-0.0068524443,-0.006962996,-0.006861072,-0.007163834,-0.0069600604,-0.0069472603,-0.00695486,-0.0068089925,-0.0069614165,-0.0069686435,-0.00682823,-0.006823223,-0.0068245493,-0.006824117,-0.0069329254,-0.0070129
2011-09-14,-0.008708876,-0.008537676,-0.008564841,-0.008651253,-0.008549165,-0.008642133,-0.008530106,-0.008536812,-0.0086255185,-0.008638855,-0.008653428,-0.008531582,-0.008629229,-0.008674111,-0.008521747,-0.008531984,-0.008517411,-0.008539733,-0.008627158,-0.008679386
2011-09-15,-0.0069654398,-0.0068474226,-0.006890293,-0.0069677196,-0.006880101,-0.0068276785,-0.006844055,-0.0069581233,-0.0069320314,-0.006941449,-0.006976243,-0.0068253987,-0.006932538,-0.0069686286,-0.0068228208,-0.006841924,-0.006817814,-0.006844189,-0.006933,-0.00701968
2011-09-16,-0.008848589,-0.008671816,-0.008690488,-0.008776706,-0.008680966,-0.008769345,-0.008742701,-0.008991655,-0.008647334,-0.00877386,-0.008771803,-0.008665007,-0.008693349,-0.008802246,-0.008634638,-0.008761,-0.008654948,-0.008678924,-0.008740541,-0.008799758
2011-09-19,-0.0046921037,-0.004633557,-0.0046770833,-0.0047706626,-0.0046718083,-0.0046770386,-0.0047337674,-0.004921507,-0.0047566704,-0.0047525726,-0.004785266,-0.004624035,-0.0046731345,-0.004787486,-0.004637819,-0.0047613196,-0.004629221,-0.0046625696,-0.0047368817,-0.0047945343
2011-09-20,-0.006919857,-0.0068871044,-0.006890189,-0.0069767796,-0.006856557,-0.0069567077,-0.006948959,-0.02288812,-0.006936144,-0.0069583617,-0.006972026,-0.0068352483,-0.006947931,-0.0069771074,-0.006835606,-0.0069987588,-0.0068426095,-0.0068684183,-0.006933015,-0.007032048
2011-09-21,-0.0037359407,-0.0036400666,-0.0035991033,-0.0037014296,-0.0035574993,-0.0036672314,-0.0036725511,-0.021719035,-0.0036812832,-0.0036696156,-0.0037000885,-0.003581669,-0.003660794,-0.003697287,-0.0035428663,-0.003650095,-0.00356416,-0.0036399176,-0.003654312,-0.0037552079
2011-09-22,-0.006445851,-0.006346371,-0.0063566826,-0.006451275,-0.0063479356,-0.006379869,-0.006446492,-0.008566778,-0.006460931,-0.0064421855,-0.006474223,-0.0063586943,-0.006426718,-0.0064791553,-0.0063324533,-0.006406199,-0.0063462816,-0.00641511,-0.0064266883,-0.006550204
2011-09-23,-0.003293093,-0.0033821126,-0.0032460948,-0.0033749153,-0.0032477786,-0.003384899,-0.0035446247,-0.0035152098,-0.0033606251,-0.003341358,-0.0033777466,-0.0032008102,-0.003323089,-0.003378268,-0.0032182743,-0.0032396277,-0.0032216122,-0.0032958647,-0.0033228954,-0.0034131368
2011-09-26,-0.008795466,-0.008851554,-0.008721288,-0.008842986,-0.008722346,-0.008782681,-0.008820113,-0.0091240965,-0.0088198,-0.008800846,-0.00883783,-0.008649867,-0.008789208,-0.008833166,-0.008684661,-0.008740243,-0.008695718,-0.008746769,-0.008784961,-0.0088136755
2011-09-27,-0.007038232,-0.0069857053,-0.0068906955,-0.0069775395,-0.0068649463,-0.006948184,-0.006988298,-0.007767882,-0.006977286,-0.006948214,-0.006961923,-0.006807398,-0.0069329254,-0.0069865994,-0.006827336,-0.006910812,-0.006859418,-0.0068491213,-0.006932985,-0.0070192777
2011-09-28,-0.0070428364,-0.0069811903,-0.006892558,-0.0069802515,-0.00686292,-0.0068390034,-0.0070100687,-0.023120012,-0.006987896,-0.0069475286,-0.006971296,-0.006827917,-0.0069329254,-0.0069955103,-0.006851878,-0.0069948994,-0.006884914,-0.0069377683,-0.0069329254,-0.00704151
2011-09-29,-0.007016834,-0.006853517,-0.0069045834,-0.0069997422,-0.0068846755,-0.0067959093,-0.007040199,-0.024246704,-0.006985005,-0.006948184,-0.0069764666,-0.0068318658,-0.0069329254,-0.0069892816,-0.0068670176,-0.0069975667,-0.0068771206,-0.006892007,-0.0069310926,-0.00704607
2011-09-30,-0.008637186,-0.008632135,-0.008572262,-0.008666005,-0.008584347,-0.008506712,-0.009332564,-0.009827938,-0.008862954,-0.008652892,-0.008663546,-0.0085135065,-0.008638691,-0.008698951,-0.008555885,-0.008708533,-0.0085759275,-0.008574884,-0.00863881,-0.008723851
2011-10-03,-0.0059586875,-0.0059249215,-0.0059101097,-0.0059838407,-0.0059318356,-0.005811479,-0.0064045005,-0.0063036047,-0.006126385,-0.0059788935,-0.005998101,-0.0058474205,-0.005960729,-0.0060186796,-0.0058677755,-0.006010007,-0.005880814,-0.0059030317,-0.0059606545,-0.006041404
2011-10-04,-0.006948661,-0.0069550984,-0.006880816,-0.006940063,-0.006857615,-0.006794434,-0.0073269866,-0.0074737035,-0.0071191154,-0.0069499277,-0.006965395,-0.0068284385,-0.0069329254,-0.0069845133,-0.006854456,-0.006814029,-0.0068882667,-0.006923925,-0.006933313,-0.0070046745
2011-10-05,-0.0068531297,-0.006906297,-0.0068695955,-0.00695638,-0.006873291,-0.006824862,-0.0070565455,-0.0071032755,-0.0070460252,-0.0069398247,-0.006953966,-0.0067943297,-0.0069328956,-0.0069768094,-0.006822955,-0.0068135373,-0.0068403,-0.0068929307,-0.006933626,-0.0069793724
2011-10-06,-0.00685085,-0.006775763,-0.0068764947,-0.006942507,-0.0069728456,-0.006805327,-0.0070200525,-0.006976258,-0.007131871,-0.0069389306,-0.006993126,-0.006826576,-0.0069328956,-0.0069900416,-0.0068269633,-0.0067958347,-0.0068522505,-0.006918829,-0.006933298,-0.007018771
2011-10-07,-0.0064304434,-0.006289076,-0.0063516907,-0.006422218,-0.006357949,-0.006287601,-0.0065707974,-0.006329071,-0.0065832995,-0.0064371787,-0.0064437054,-0.006293323,-0.0064113103,-0.006462585,-0.006313067,-0.006291803,-0.006341707,-0.006351929,-0.006413441,-0.0064343475
2011-10-10,-0.006884616,-0.0068016164,-0.0068394206,-0.0069470666,-0.0069099627,-0.0068246983,-0.007014286,-0.006988596,-0.0072015785,-0.006941732,-0.006958451,-0.006804701,-0.0069329254,-0.006980207,-0.006826382,-0.006813284,-0.006835591,-0.006868582,-0.0069362186,-0.0069805942
2011-10-11,-0.0068938844,-0.0068178736,-0.0068306737,-0.006946545,-0.0069062375,-0.0068227015,-0.006924581,-0.0070037954,-0.0071017705,-0.0069421045,-0.0069635175,-0.006803479,-0.0069329552,-0.0069840513,-0.0068306588,-0.0068183653,-0.006837394,-0.006899383,-0.006931018,-0.006983515
2011-10-12,-0.0068991,-0.0068065785,-0.0068592243,-0.006938275,-0.006873753,-0.00685082,-0.0070061646,-0.0070188306,-0.0070425235,-0.0069412403,-0.0069791786,-0.0068245046,-0.0069329552,-0.006984424,-0.00681166,-0.0067769997,-0.006852668,-0.0069247894,-0.0069238357,-0.0069918893
2011-10-13,-0.0070037954,-0.0068280958,-0.006847065,-0.0069357567,-0.0068703257,-0.0068277083,-0.007084068,-0.007011961,-0.007047396,-0.0069328807,-0.0069742016,-0.0068098716,-0.0069336556,-0.006987747,-0.00682519,-0.0067652725,-0.006884884,-0.0069189332,-0.006928187,-0.0069975667
2011-10-14,-0.0070308857,-0.006832432,-0.0068567954,-0.0069408678,-0.0069054775,-0.006842654,-0.0069303773,-0.022748765,-0.007061314,-0.0069328807,-0.0069593005,-0.0067919753,-0.0069331937,-0.0069852136,-0.0068178438,-0.0068023317,-0.0068685077,-0.0068750195,-0.0069317035,-0.0070138536
2011-10-17,-0.008068021,-0.007887837,-0.007901173,-0.007976245,-0.007991698,-0.007857513,-0.007966276,-0.024807032,-0.008097421,-0.007966097,-0.008016434,-0.0078484975,-0.007966202,-0.008016001,-0.00787143,-0.0078316,-0.007904585,-0.007922184,-0.007965621,-0.008079853
2011-10-18,-0.007075008,-0.0068266355,-0.006844919,-0.006943401,-0.007022407,-0.006825682,-0.0070720576,-0.009058993,-0.007055592,-0.0069328807,-0.006986048,-0.006817382,-0.0069328807,-0.006987866,-0.006814953,-0.006786328,-0.006849896,-0.006886374,-0.006929364,-0.0070814006
2011-10-19,-0.0070058666,-0.0068058185,-0.0069217496,-0.006944265,-0.006922554,-0.006823089,-0.007081013,-0.0071385615,-0.007057395,-0.0069328807,-0.006979104,-0.0068023615,-0.006932851,-0.006981831,-0.0068177097,-0.0067867152,-0.0068565123,-0.0068766885,-0.0069328956,-0.0069913827
2011-10-20,-0.007025894,-0.0068304352,-0.0068532936,-0.0069391094,-0.006872412,-0.0067973845,-0.007013958,-0.023087557,-0.007009309,-0.0069328807,-0.0069688223,-0.0068044923,-0.0069329403,-0.006982725,-0.006828394,-0.006783705,-0.0068345927,-0.006905537,-0.0069638602,-0.0070145987
2011-10-21,-0.004906472,-0.004749935,-0.0047760718,-0.0048201047,-0.004744377,-0.00469267,-0.0048709475,-0.022591945,-0.0048772804,-0.004805308,-0.00485019,-0.004677858,-0.0048053525,-0.0048546605,-0.0046963654,-0.004664462,-0.004720878,-0.0047816,-0.0047935955,-0.0048836134
2011-10-24,-0.0056482367,-0.005540233,-0.0055556707,-0.005612146,-0.0055359714,-0.0054830275,-0.0056704544,-0.0062898807,-0.0056741945,-0.0056027137,-0.0056559704,-0.0054687224,-0.0056027286,-0.005649876,-0.00547285,-0.0054583363,-0.00551882,-0.005603265,-0.005610343,-0.005629819
2011-10-25,-0.007012289,-0.006852161,-0.0069207363,-0.0069407932,-0.006881248,-0.006832879,-0.007009562,-0.007044431,-0.007014837,-0.0069328807,-0.006985929,-0.006828483,-0.0069329403,-0.006980803,-0.006813612,-0.0067762546,-0.0068944804,-0.006925609,-0.0069564544,-0.006949451
2011-10-26,-0.0070171915,-0.006860014,-0.0068701915,-0.006944116,-0.006872531,-0.006808933,-0.0069892816,-0.023075398,-0.0069951974,-0.0069328807,-0.0069850795,-0.006809097,-0.0069329105,-0.0069813244,-0.0068124197,-0.0067942254,-0.006841462,-0.006926384,-0.006965112,-0.006944161
2011-10-27,-0.0063961856,-0.0062634014,-0.006272223,-0.0063496195,-0.006303426,-0.0062032007,-0.006396096,-0.007351633,-0.0064026527,-0.006339591,-0.006387409,-0.006233882,-0.006339606,-0.0063859783,-0.0062035583,-0.006193023,-0.0062660985,-0.006334748,-0.0063482784,-0.006385859
2011-10-28,-0.006987732,-0.0069309585,-0.006925892,-0.0069529526,-0.0069431327,-0.0067871325,-0.0069987588,-0.007097598,-0.0070491694,-0.0069328807,-0.0069896095,-0.006817173,-0.006932866,-0.006980013,-0.006810751,-0.00679731,-0.006886553,-0.0068844073,-0.0069484673,-0.0069902055
2011-10-31,-0.0069885366,-0.0069513135,-0.0068754666,-0.0069336854,-0.0069957934,-0.006811466,-0.0070053004,-0.007223796,-0.007018801,-0.0069328807,-0.006963905,-0.0068174265,-0.0069329552,-0.006998729,-0.0068139546,-0.0067973845,-0.0068734847,-0.006921705,-0.0069443993,-0.006971862
2011-11-01,-0.0070399456,-0.006967377,-0.006902393,-0.0069435798,-0.0070292763,-0.006855797,-0.0070010982,-0.023363318,-0.007062923,-0.0069328807,-0.006950747,-0.006821733,-0.0069329403,-0.0069848113,-0.00682443,-0.006782394,-0.0068753175,-0.0068834387,-0.006965246,-0.007034164
2011-11-02,-0.0039424263,-0.0038748642,-0.0038231572,-0.0038370152,-0.003930684,-0.00375941,-0.0041131936,-0.004602667,-0.0039802007,-0.0038479527,-0.003866132,-0.0037402024,-0.0038480272,-0.0039025804,-0.003743436,-0.0037020852,-0.0038001349,-0.0037746986,-0.0038762798,-0.003927823
2011-11-03,-0.0058873855,-0.005877193,-0.0058144443,-0.005827125,-0.0059057437,-0.0057159923,-0.006034922,-0.005952906,-0.0059618466,-0.005827781,-0.005863022,-0.005700376,-0.005827781,-0.005872112,-0.0057258867,-0.005699139,-0.0057675354,-0.005806636,-0.005856093,-0.005745005
2011-11-04,-0.0068173073,-0.0066920184,-0.0067132823,-0.0067395233,-0.0067372285,-0.0066590123,-0.0069386326,-0.0068391077,-0.0068281256,-0.0067341886,-0.006769415,-0.006651532,-0.0067342035,-0.0067889057,-0.0066378526,-0.0066048317,-0.006670397,-0.0067524277,-0.00676712,-0.0068062507
2011-11-07,-0.0066096894,-0.0064524226,-0.006488543,-0.006498631,-0.0065023117,-0.0064103417,-0.006674122,-0.006886881,-0.0066004656,-0.0065032504,-0.0065257065,-0.00643472,-0.00650334,-0.0065514557,-0.0064067505,-0.006361004,-0.006443646,-0.0064996146,-0.0065321885,-0.0065778904
2011-11-08,-0.007026788,-0.0069089495,-0.006895598,-0.006942328,-0.00694732,-0.0068052225,-0.0073168837,-0.0072000585,-0.007059511,-0.0069328807,-0.0069686733,-0.0068251006,-0.0069329105,-0.006986033,-0.006849047,-0.0067957155,-0.0068821274,-0.006922569,-0.0069636963,-0.006977614
2011-11-09,-0.007017549,-0.0068840645,-0.0068828277,-0.0069414936,-0.0069436394,-0.006821867,-0.0069154315,-0.00719003,-0.007045176,-0.0069328807,-0.006973665,-0.0068249516,-0.0069329552,-0.006993171,-0.0068435185,-0.006793957,-0.006885823,-0.006940495,-0.0069633834,-0.0069754682
2011-11-10,-0.007024955,-0.006839957,-0.0069010817,-0.0069214366,-0.0069048367,-0.0068193637,-0.007020708,-0.0070424043,-0.007046189,-0.0069328807,-0.0069837235,-0.006840449,-0.006932076,-0.006995093,-0.0068164878,-0.0067936294,-0.0068830214,-0.006949436,-0.006959345,-0.0069829486
2011-11-11,-0.007015731,-0.006901618,-0.006899964,-0.0069219433,-0.0069439225,-0.0068165474,-0.007054966,-0.007021051,-0.0070515536,-0.0069328807,-0.0069909357,-0.006831389,-0.0069315545,-0.0069906227,-0.006832447,-0.0067951195,-0.0068856888,-0.006943997,-0.006986942,-0.006978985
2011-11-14,-0.0074384473,-0.007305037,-0.0073676817,-0.007416647,-0.0074136816,-0.0072711967,-0.0075611286,-0.0073170923,-0.007539641,-0.0073957704,-0.0074310414,-0.0072740875,-0.007396098,-0.0074518137,-0.007308241,-0.0072587393,-0.007321503,-0.0073674433,-0.0074428283,-0.0074057095
2011-11-15,-0.006981652,-0.0069617294,-0.0069431327,-0.0069564097,-0.0069535784,-0.006804239,-0.007001307,-0.0068268143,-0.0070805065,-0.0069328807,-0.00698724,-0.006820347,-0.0069324486,-0.0069923066,-0.006847184,-0.006793391,-0.006882217,-0.006943967,-0.0069733374,-0.0069434606
2011-11-16,-0.008027863,-0.00801615,-0.007965427,-0.0080102645,-0.0081063025,-0.007881146,-0.008083459,-0.008009937,-0.008122828,-0.007981908,-0.008043911,-0.007874172,-0.007981267,-0.008036118,-0.007893365,-0.007846903,-0.007927772,-0.00794908,-0.008032735,-0.008024078
2011-11-17,-0.0070191585,-0.0069125704,-0.0068976395,-0.006960701,-0.0069877766,-0.006821256,-0.007001888,-0.02290782,-0.007320415,-0.0069328807,-0.0069740526,-0.0068265907,-0.0069315545,-0.0069892667,-0.0068469457,-0.0067850016,-0.00687642,-0.006909188,-0.0069898777,-0.0069627725
2011-11-18,-0.007026326,-0.0069504343,-0.0069420896,-0.0069440715,-0.0070535056,-0.0068120323,-0.007016178,-0.0076108687,-0.0070790313,-0.0069328807,-0.006976243,-0.006834399,-0.0069329105,-0.0069865696,-0.006828692,-0.006786611,-0.0068873726,-0.0069073997,-0.0069819055,-0.006978851
2011-11-21,-0.0070117675,-0.0069686435,-0.0069240145,-0.006968539,-0.0070423298,-0.0068426244,-0.007000249,-0.0070645027,-0.007072177,-0.0069328807,-0.0069764666,-0.0068372153,-0.006932538,-0.0069870763,-0.00683349,-0.0067965053,-0.006891232,-0.006897714,-0.0069947653,-0.0069710277
2011-11-22,-0.007000979,-0.0069816075,-0.006921228,-0.006967675,-0.0070277713,-0.006808173,-0.0070021115,-0.007032808,-0.0070461743,-0.0069328807,-0.0069576316,-0.0068260245,-0.006932702,-0.006993171,-0.0068284236,-0.006831061,-0.00688852,-0.006871652,-0.006967839,-0.0069698356
2011-11-23,-0.0070013367,-0.0069587044,-0.006924119,-0.0069680177,-0.0069512986,-0.0067746304,-0.007001456,-0.0072985105,-0.007089179,-0.0069328807,-0.0069754384,-0.0068352036,-0.0069318973,-0.0069997422,-0.0068361573,-0.0068213306,-0.0068825,-0.0069156103,-0.006977167,-0.006964322
2011-11-25,-0.0069946162,-0.0069536828,-0.006899845,-0.0069659613,-0.0069315843,-0.006768625,-0.0069674365,-0.007173788,-0.0070375614,-0.0069328807,-0.0069715343,-0.0068354867,-0.0069337897,-0.0069853626,-0.006826829,-0.006783601,-0.0068753622,-0.006918948,-0.0069805346,-0.006970208
2011-11-28,-0.006993439,-0.0069608353,-0.0068986528,-0.0069820695,-0.007036444,-0.0068341456,-0.0069786273,-0.0074768476,-0.007064488,-0.0069328807,-0.0069876723,-0.00683501,-0.006932717,-0.0069823526,-0.006814923,-0.006785553,-0.0068812184,-0.0068943463,-0.00700235,-0.0069699995
2011-11-29,-0.0069915615,-0.0069796555,-0.0069086514,-0.0069724135,-0.0070384406,-0.006815087,-0.0071058683,-0.022958841,-0.0070943646,-0.0069328807,-0.0069716536,-0.006847035,-0.006933626,-0.006994676,-0.0068352185,-0.006793555,-0.006878596,-0.006878879,-0.006992396,-0.0069748573
2011-11-30,-0.006979909,-0.0069759004,-0.006917488,-0.006970238,-0.007016089,-0.006810572,-0.007281836,-0.024280112,-0.0070865117,-0.0069328807,-0.0069704764,-0.0068362616,-0.00693376,-0.0069908462,-0.006846931,-0.0067961775,-0.0068813674,-0.006847527,-0.0069924705,-0.006963413
2011-12-01,-0.006982889,-0.0069158785,-0.00689758,-0.006971445,-0.0069941394,-0.006805878,-0.0069499873,-0.024584185,-0.0070266537,-0.0069328807,-0.0069758855,-0.006832283,-0.0069329105,-0.0069911443,-0.0068160556,-0.006784808,-0.006887343,-0.006877657,-0.0069999658,-0.006965991
2011-12-02,-0.006986048,-0.006910693,-0.006912198,-0.006981116,-0.006996792,-0.006788429,-0.006908532,-0.007893827,-0.006991323,-0.0069328807,-0.006973427,-0.0068438016,-0.0069318376,-0.0069920532,-0.0068422966,-0.006766822,-0.0068915896,-0.0068561845,-0.006999951,-0.006994631
2011-12-05,-0.004641842,-0.0045590214,-0.0045707338,-0.0046595596,-0.0046526305,-0.0044436716,-0.0046204887,-0.0050308965,-0.0047070496,-0.0046094917,-0.00464892,-0.004524108,-0.0046075545,-0.0046613775,-0.0045092218,-0.004449811,-0.0045541786,-0.0045435987,-0.004659947,-0.004665356
2011-12-06,-0.0069855265,-0.0069566034,-0.0069783144,-0.0069807284,-0.006996747,-0.006800603,-0.007424798,-0.007308569,-0.0070457123,-0.0069328807,-0.0069678687,-0.006837707,-0.006932866,-0.0069853775,-0.0068415515,-0.006802421,-0.0068935566,-0.0068726353,-0.0069864355,-0.006969776
2011-12-07,-0.007989373,-0.0079142265,-0.007928234,-0.007982504,-0.007984396,-0.0077974014,-0.008474495,-0.008420493,-0.008007761,-0.007936966,-0.007973921,-0.0078371875,-0.007942881,-0.007987004,-0.007828366,-0.007793825,-0.007903572,-0.007870819,-0.007994171,-0.007964831
2011-12-08,-0.0069518946,-0.006936904,-0.006922599,-0.006957587,-0.0069991313,-0.0068174712,-0.0070848875,-0.006970506,-0.0070603304,-0.0069328807,-0.0069718324,-0.0068195425,-0.006936338,-0.006980058,-0.0068575256,-0.006803777,-0.006889891,-0.0069187693,-0.0069603585,-0.0069710873
2011-12-09,-0.009269442,-0.009270545,-0.009239342,-0.0092667155,-0.0093082,-0.009128373,-0.009619456,-0.00928792,-0.009479668,-0.009233873,-0.009275954,-0.009144958,-0.009236615,-0.009286176,-0.009189036,-0.009123843,-0.009195831,-0.009204444,-0.009278711,-0.00929236
2011-12-12,-0.0069648884,-0.0068813823,-0.0068914257,-0.00698049,-0.0069905333,-0.0068091117,-0.007461395,-0.006985914,-0.0071706288,-0.0069328807,-0.006960463,-0.0068321787,-0.00693373,-0.006979611,-0.006845128,-0.006785389,-0.006868597,-0.0068791024,-0.006974142,-0.0069921575
2011-12-13,-0.0069912933,-0.006992843,-0.0069386177,-0.006980043,-0.0069995485,-0.0067922436,-0.0072927587,-0.0071392767,-0.0072371624,-0.0069328807,-0.006961044,-0.0068326555,-0.0069391243,-0.00697596,-0.0068353824,-0.0068230145,-0.006894361,-0.0068765394,-0.0069885068,-0.0069986098
2011-12-14,-0.0100993775,-0.0099712275,-0.0101479255,-0.01014718,-0.010049637,-0.009950366,-0.0104153715,-0.009963568,-0.010342877,-0.010076534,-0.010101374,-0.009980705,-0.010078978,-0.010128882,-0.010006186,-0.009937819,-0.010048177,-0.010044392,-0.0101100765,-0.010116484
2011-12-15,-0.004044976,-0.0039105825,-0.004089188,-0.004087221,-0.0039964877,-0.0038912704,-0.0045081787,-0.0039056947,-0.004335042,-0.004017409,-0.0040466897,-0.003916513,-0.0040197633,-0.004071828,-0.0039354824,-0.004255902,-0.0039690547,-0.003985908,-0.004041206,-0.0040619187
2011-12-16,-0.008653056,-0.008527484,-0.008691963,-0.008724134,-0.008592438,-0.008501228,-0.009060871,-0.008542683,-0.00893959,-0.008629959,-0.008665096,-0.00853033,-0.008631509,-0.00867888,-0.008549597,-0.009014796,-0.008560684,-0.008569028,-0.008668315,-0.008675184
2011-12-19,-0.0069627576,-0.006850403,-0.006994348,-0.0070231967,-0.0069070123,-0.0068029426,-0.0071548186,-0.006873455,-0.0071599744,-0.0069328807,-0.0069614463,-0.006843012,-0.0069393776,-0.006974723,-0.0068480633,-0.007185336,-0.0068730228,-0.006877791,-0.006971922,-0.0069981925
2011-12-20,-0.006956812,-0.006805431,-0.0069305412,-0.0069751404,-0.0068825893,-0.006807562,-0.007232394,-0.006818574,-0.007123735,-0.0069328807,-0.006958779,-0.0068237,-0.006937545,-0.006978955,-0.006826382,-0.0071469657,-0.0068804733,-0.006909501,-0.006967332,-0.0069718324
2011-12-21,-0.00695711,-0.006821703,-0.0069205873,-0.006967511,-0.0068459176,-0.006828543,-0.007202264,-0.006819036,-0.007224571,-0.0069328807,-0.006961014,-0.006817501,-0.006935071,-0.0069752,-0.006827157,-0.00723302,-0.00685684,-0.006894391,-0.006967228,-0.0069740526
2011-12-22,-0.00697219,-0.006863069,-0.0069911443,-0.0070033483,-0.0068782084,-0.0068949573,-0.006890353,-0.006815266,-0.007229071,-0.0069328807,-0.0069708787,-0.006843146,-0.0069364123,-0.0069797,-0.006865021,-0.0074100755,-0.0068804733,-0.0069038086,-0.0069577657,-0.0069721155
2011-12-23,-0.004477989,-0.004367467,-0.0045205913,-0.004522603,-0.004386153,-0.0044271015,-0.0046957545,-0.0043364577,-0.004895132,-0.004452836,-0.0044895373,-0.0043726973,-0.004461359,-0.0045167617,-0.0043939017,-0.0047917776,-0.0044052415,-0.0044497065,-0.004342448,-0.004502233
2011-12-27,-0.006971117,-0.0068705045,-0.0069993846,-0.0070089065,-0.0068851374,-0.006882947,-0.007442709,-0.006826382,-0.007435214,-0.0069328807,-0.0069690607,-0.006860342,-0.0069368593,-0.0069767497,-0.006866839,-0.0074421875,-0.0068949424,-0.006888788,-0.006835457,-0.0069755577
2011-12-28,-0.0069731437,-0.006860655,-0.007000085,-0.00700457,-0.0068777017,-0.0069015585,-0.0069458447,-0.0068691336,-0.0070883892,-0.0069328807,-0.0069676004,-0.0068582706,-0.006935682,-0.006981682,-0.006863456,-0.0074087344,-0.0068801455,-0.006883543,-0.0068332963,-0.0069727264
2011-12-29,-0.0037575027,-0.003669407,-0.0037965884,-0.0038064232,-0.0036786904,-0.0037071516,-0.0040615164,-0.0036436429,-0.0038829555,-0.0037564894,-0.0037956645,-0.003668483,-0.0037596484,-0.0038199832,-0.00368629,-0.004197087,-0.003693532,-0.003742676,-0.0036341806,-0.0037981977
2011-12-30,-0.008321103,-0.008231249,-0.008273926,-0.00842097,-0.008224037,-0.008247491,-0.008322027,-0.008546662,-0.008448612,-0.008321609,-0.008369427,-0.008260708,-0.008344155,-0.00837649,-0.008240964,-0.00871646,-0.008270677,-0.008323159,-0.008371394,-0.008365359
2012-01-03,-0.010736834,-0.01063421,-0.010657188,-0.010769676,-0.010624539,-0.010749083,-0.010714229,-0.010646593,-0.0107343905,-0.01070283,-0.010750648,-0.010647055,-0.01071028,-0.01076239,-0.010630827,-0.011143934,-0.010657039,-0.010714602,-0.010732304,-0.010745641
2012-01-04,-0.00688402,-0.006822627,-0.00687195,-0.0069885813,-0.0068477653,-0.006979715,-0.006847348,-0.0068252347,-0.0069657974,-0.0069328807,-0.006984379,-0.0068605505,-0.0069376193,-0.0070084445,-0.006838169,-0.007295113,-0.006870564,-0.0069613867,-0.0068326704,-0.0069713555
2012-01-05,-0.00688478,-0.0068182014,-0.0068587326,-0.006986659,-0.0068412535,-0.006977331,-0.0068997703,-0.0069632344,-0.006952461,-0.0069328807,-0.006969597,-0.0068395548,-0.006936919,-0.0070058964,-0.0068357997,-0.0071982555,-0.0068546943,-0.0069360994,-0.006950509,-0.0069696717
2012-01-06,-0.0108848475,-0.01083627,-0.010880392,-0.010988902,-0.010828253,-0.010963049,-0.0108308755,-0.010974105,-0.010939535,-0.010929938,-0.010971468,-0.010854449,-0.010946225,-0.011017319,-0.01085804,-0.010999393,-0.0108871125,-0.010960888,-0.010837387,-0.010972854
2012-01-09,-0.0084507875,-0.008376982,-0.008419793,-0.008543309,-0.008389782,-0.0084734075,-0.00839312,-0.008490246,-0.008512493,-0.008466583,-0.008508664,-0.008399304,-0.008492973,-0.008548241,-0.008403819,-0.008870017,-0.008412626,-0.008496683,-0.008354407,-0.008505192
2012-01-10,-0.006953951,-0.0068564825,-0.0069155805,-0.0070317797,-0.006855171,-0.0069352053,-0.007211905,-0.007000696,-0.0070330612,-0.0069328807,-0.006993439,-0.0068839006,-0.006959375,-0.0070085637,-0.0068531595,-0.007209953,-0.006892737,-0.0069362484,-0.006889727,-0.0069773905
2012-01-11,-0.006034177,-0.005974006,-0.006007742,-0.006143611,-0.0059657954,-0.006106507,-0.0062562786,-0.0062788837,-0.0061540864,-0.006070059,-0.0061399452,-0.0059996657,-0.0061008,-0.006133985,-0.005976837,-0.006101247,-0.005997207,-0.006070446,-0.006017532,-0.0061097704
2012-01-12,-0.009098675,-0.00903682,-0.009078573,-0.009202387,-0.009051707,-0.009160887,-0.009509038,-0.009356242,-0.009191956,-0.009126198,-0.009187665,-0.009082254,-0.009169649,-0.009206038,-0.009051871,-0.009333517,-0.009074103,-0.00913858,-0.009131473,-0.009181302
2012-01-13,-0.009143572,-0.009118419,-0.009144615,-0.009259995,-0.009113666,-0.009196471,-0.009435605,-0.009369265,-0.009218451,-0.009170007,-0.009231087,-0.009108316,-0.009204652,-0.009245511,-0.009109538,-0.009495329,-0.0091381185,-0.009187978,-0.009163585,-0.009219345
2012-01-17,-0.0065485947,-0.0065538697,-0.0065923296,-0.0066935085,-0.006553542,-0.006611865,-0.006639283,-0.0065018646,-0.006650176,-0.0066239797,-0.006656911,-0.006542545,-0.0066600405,-0.0066978,-0.0065394603,-0.007248696,-0.0065617226,-0.0066297613,-0.0067162775,-0.006671425
2012-01-18,-0.0068664663,-0.0068139993,-0.0068573616,-0.007009413,-0.0068377517,-0.006956514,-0.0073199086,-0.0067764185,-0.0069756173,-0.006963458,-0.0069828443,-0.006856572,-0.006980341,-0.0069995187,-0.006843757,-0.007566016,-0.0068620406,-0.006930601,-0.006984215,-0.006967943
2012-01-19,-0.0068531595,-0.0068481974,-0.0068708025,-0.006976377,-0.0068588965,-0.006961819,-0.0071403943,-0.006788533,-0.006925907,-0.0069668107,-0.00696845,-0.0068646185,-0.006974008,-0.0070063286,-0.0068566315,-0.0075849406,-0.006878894,-0.0069746785,-0.0069692694,-0.0069757216
2012-01-20,-0.0068572722,-0.0068293773,-0.006889116,-0.0069794767,-0.0068792664,-0.0069642924,-0.0070431046,-0.0068762265,-0.0069201253,-0.006966736,-0.006974157,-0.006863799,-0.00698724,-0.0070084445,-0.0068647526,-0.0075071417,-0.0068849586,-0.0069687776,-0.00687043,-0.0069999956
2012-01-23,-0.006871324,-0.0068794154,-0.0069009624,-0.0069323145,-0.0068892203,-0.006949719,-0.00698122,-0.0068166815,-0.007032316,-0.0069676153,-0.0069618486,-0.006873008,-0.0069752447,-0.007008981,-0.0068653785,-0.0073615275,-0.006887581,-0.006969359,-0.006867554,-0.0069840215
2012-01-24,-0.006849911,-0.0068328194,-0.0068801306,-0.0069285594,-0.0068592094,-0.0069231354,-0.007065695,-0.006818425,-0.0070102178,-0.0069710426,-0.0069607757,-0.006850805,-0.006982427,-0.0070024543,-0.006859701,-0.00717045,-0.00686818,-0.006958436,-0.006832462,-0.006985616
2012-01-25,-0.007488545,-0.0076544546,-0.0075364374,-0.007586118,-0.0075053684,-0.007553663,-0.007632699,-0.0074127577,-0.00764079,-0.00759336,-0.0075967126,-0.0074997954,-0.0075834803,-0.007636603,-0.0074933283,-0.007937949,-0.007506352,-0.0076039694,-0.0075098984,-0.007609587
2012-01-26,-0.00601561,-0.0060069673,-0.006075036,-0.0061715804,-0.0060366057,-0.0060886107,-0.0063892268,-0.005997982,-0.0062000714,-0.0061403774,-0.0061337166,-0.0060339086,-0.0061518364,-0.006182652,-0.0060308985,-0.0067565106,-0.006048035,-0.0061515383,-0.0060482286,-0.006159853
2012-01-27,-0.006861668,-0.0068319105,-0.0068925433,-0.006994527,-0.006837886,-0.0069139265,-0.007263284,-0.006790232,-0.007019799,-0.0069669895,-0.006957393,-0.006852057,-0.006969329,-0.006988909,-0.006855782,-0.007508453,-0.0068560652,-0.006973233,-0.0070785843,-0.006973725
2012-01-30,-0.00758281,-0.007547777,-0.0076143406,-0.007704165,-0.007557478,-0.0076484643,-0.007919412,-0.0074953996,-0.007713061,-0.007684242,-0.0076676123,-0.007554468,-0.007666897,-0.007691901,-0.0075686537,-0.008312415,-0.0075636767,-0.0076618753,-0.0076050125,-0.007681962
2012-01-31,-0.008394238,-0.008351546,-0.008389916,-0.008509766,-0.008357849,-0.008431178,-0.00867964,-0.0083301775,-0.008497875,-0.008470472,-0.008451294,-0.008357044,-0.008424457,-0.008481454,-0.008361351,-0.009105217,-0.008388575,-0.008445915,-0.008360948,-0.008486148
2012-02-01,-0.0052916817,-0.0052374415,-0.0053301863,-0.0054373704,-0.005330514,-0.0053698085,-0.00565977,-0.0053825937,-0.0054548495,-0.005408313,-0.0054072104,-0.0052950047,-0.005411174,-0.0054257177,-0.0053149723,-0.006043669,-0.0053111874,-0.0054110996,-0.005300995,-0.0054605715
2012-02-02,-0.003929835,-0.0042092465,-0.0039033552,-0.0039832406,-0.0038826575,-0.0039318614,-0.0040918253,-0.0038431098,-0.004029881,-0.00398938,-0.003991764,-0.003885161,-0.003960546,-0.004013147,-0.0038719436,-0.004635107,-0.003907051,-0.0039595626,-0.0040059052,-0.0040069185
2012-02-03,-0.008089345,-0.008123603,-0.008084487,-0.008172389,-0.008093979,-0.008126091,-0.008256059,-0.008019771,-0.008203696,-0.008190136,-0.00817683,-0.008074056,-0.008166399,-0.008197051,-0.008093338,-0.008759897,-0.008119326,-0.008147862,-0.008099642,-0.008196797
2012-02-06,-0.0069130175,-0.006883424,-0.0068680607,-0.0069656186,-0.006849315,-0.006812986,-0.0069763325,-0.0068067126,-0.006985616,-0.0069689117,-0.006963771,-0.0068305843,-0.0069212876,-0.006982904,-0.0068329684,-0.007575225,-0.006855767,-0.006955322,-0.007168915,-0.0069775395
2012-02-07,-0.0069528185,-0.006905582,-0.0068111233,-0.0069690756,-0.00685383,-0.006841745,-0.0071878545,-0.0067807697,-0.0069645755,-0.0069689862,-0.006964471,-0.006851699,-0.006956976,-0.0069757365,-0.006850999,-0.007436689,-0.006885987,-0.0068938993,-0.007056441,-0.0069722496
2012-02-08,-0.0040234886,-0.00408886,-0.0039577745,-0.004062306,-0.003978204,-0.0039240234,-0.0040622167,-0.0038833132,-0.004061099,-0.004064169,-0.0040600114,-0.0039564334,-0.0040574633,-0.0040866695,-0.003973391,-0.004317533,-0.0039740168,-0.0040740035,-0.0040882044,-0.0040690117
2012-02-09,-0.007009398,-0.00711916,-0.0068442933,-0.006979745,-0.006859448,-0.0068267547,-0.006887462,-0.006783109,-0.0069613717,-0.0069683157,-0.006967943,-0.0068538003,-0.006957855,-0.006977733,-0.0068551265,-0.007520508,-0.006883662,-0.0069304816,-0.006965678,-0.006970551
2012-02-10,-0.0069161765,-0.007357221,-0.0069435798,-0.007015284,-0.0068672113,-0.006838318,-0.00697447,-0.0067817383,-0.006982889,-0.006969612,-0.006965872,-0.0068701617,-0.006955471,-0.006994482,-0.006865587,-0.0077266805,-0.0068637393,-0.0069570504,-0.006913539,-0.0069728903
2012-02-13,-0.007030856,-0.006954562,-0.00688551,-0.007042315,-0.006853115,-0.006921392,-0.006957423,-0.006776329,-0.007080566,-0.0069680624,-0.006970059,-0.0068449043,-0.0070197396,-0.006996494,-0.006862428,-0.0074640326,-0.006877389,-0.0069586,-0.0070109777,-0.0069681667
2012-02-14,-0.007026579,-0.0072409175,-0.006937232,-0.0069938414,-0.006842207,-0.006812673,-0.0069534592,-0.0067864023,-0.0071884356,-0.0069594644,-0.006970536,-0.0068432502,-0.0069541894,-0.006987583,-0.0068633817,-0.0076389574,-0.006830137,-0.0069262497,-0.0069919787,-0.0069781207
2012-02-15,-0.0073134415,-0.0072444193,-0.0072024427,-0.0072879307,-0.007102024,-0.0070961975,-0.0071917884,-0.007118728,-0.007324945,-0.007246446,-0.007257428,-0.0071344785,-0.0072537027,-0.0072686486,-0.0071703307,-0.007934015,-0.0071489774,-0.007217791,-0.0072662346,-0.007299315
2012-02-16,-0.0069395564,-0.006931033,-0.0069414936,-0.0069939755,-0.0068000965,-0.0068344437,-0.0068411343,-0.006816428,-0.0069204234,-0.0069361143,-0.006977003,-0.0068390034,-0.006952744,-0.0069699995,-0.0068732314,-0.0076055937,-0.006860446,-0.0069709085,-0.0069666915,-0.006991174
2012-02-17,-0.0069548003,-0.0068855397,-0.006830793,-0.0069994144,-0.0068231784,-0.00684708,-0.006900098,-0.006788414,-0.006877478,-0.006936606,-0.0069812946,-0.006834846,-0.006983187,-0.006958302,-0.006867837,-0.007603716,-0.0068589263,-0.0069769435,-0.00696167,-0.006977942
2012-02-21,-0.0068629347,-0.0068097673,-0.0067705326,-0.006888654,-0.006679874,-0.006804552,-0.0067892335,-0.0067972355,-0.0067862533,-0.0068139397,-0.0068620704,-0.0067194216,-0.0067750327,-0.006833639,-0.0067501627,-0.0073677264,-0.0067482553,-0.00685687,-0.0068397634,-0.006896686
2012-02-22,-0.0070105307,-0.006884288,-0.0068343095,-0.007009294,-0.006795373,-0.006927874,-0.0071815215,-0.006789621,-0.0069291554,-0.0069402866,-0.0069591515,-0.006838467,-0.0068789683,-0.006958019,-0.006921049,-0.007429179,-0.0068527125,-0.0069598965,-0.006962847,-0.006983664
2012-02-23,-0.008896824,-0.00889216,-0.00876401,-0.008922961,-0.008774903,-0.008739825,-0.009039249,-0.008716386,-0.008787941,-0.008885127,-0.008888673,-0.008779909,-0.008765455,-0.00888985,-0.008851659,-0.009152722,-0.008841705,-0.0088934265,-0.008873459,-0.008892711
2012-02-24,-0.010713305,-0.010749992,-0.010448065,-0.010623466,-0.010448929,-0.010445621,-0.010781582,-0.010398742,-0.010465216,-0.01057845,-0.010605823,-0.010480251,-0.010481458,-0.010572266,-0.010534253,-0.0108616315,-0.010489088,-0.010578897,-0.010608386,-0.010580596
2012-02-27,-0.0072437637,-0.007206317,-0.006827783,-0.0070012175,-0.0068088286,-0.0068111084,-0.0070229582,-0.0067768805,-0.0068284683,-0.006963562,-0.0069856606,-0.0068588518,-0.0068779252,-0.0069564544,-0.006886374,-0.0070690475,-0.006898593,-0.0069965385,-0.0071757995,-0.006968718
2012-02-28,-0.007078942,-0.0071171783,-0.0068221055,-0.0069698356,-0.0068024956,-0.006933134,-0.006931212,-0.0067927055,-0.006823685,-0.006963905,-0.0069754533,-0.006847199,-0.006913122,-0.0069733225,-0.006861847,-0.0070204698,-0.007046651,-0.006986659,-0.007198926,-0.0069735907
2012-02-29,-0.005994659,-0.0059638433,-0.0057871602,-0.0059268735,-0.0057750903,-0.0057465844,-0.006019842,-0.0057868026,-0.0057726763,-0.0059101395,-0.0059270225,-0.005820092,-0.005799126,-0.005917039,-0.0058311783,-0.006005805,-0.0060304515,-0.0059558116,-0.0061097555,-0.0059405677
2012-03-01,-0.0071034394,-0.0070966594,-0.0068312995,-0.006927144,-0.006823819,-0.006793078,-0.007175993,-0.006789472,-0.0068673305,-0.0069656037,-0.006972607,-0.0068795644,-0.006891679,-0.006977748,-0.006880354,-0.00718027,-0.006874766,-0.00700235,-0.0070652775,-0.006946709
2012-03-02,-0.0071219616,-0.006916743,-0.006829705,-0.0069449507,-0.0068175606,-0.006771382,-0.0068841837,-0.006782662,-0.006812673,-0.0069546215,-0.0069796704,-0.006867092,-0.006901454,-0.0069731735,-0.00686666,-0.007007327,-0.006840717,-0.0069670044,-0.0070203207,-0.006948363
2012-03-05,-0.005942058,-0.005768489,-0.0056856982,-0.0058504455,-0.005709391,-0.005669635,-0.005789321,-0.00568999,-0.0057037584,-0.0058386438,-0.0058629327,-0.005771201,-0.0058219694,-0.0058512203,-0.005761396,-0.0059114955,-0.0057803504,-0.0058863573,-0.005907338,-0.0058286153
2012-03-06,-0.0070845746,-0.0068908148,-0.006845098,-0.0070041977,-0.0068239234,-0.007010039,-0.006896686,-0.008227225,-0.007035833,-0.0070525967,-0.0069645606,-0.00685456,-0.006950315,-0.006972667,-0.006857317,-0.007054385,-0.006868761,-0.0070248954,-0.007254299,-0.0069446377
2012-03-07,-0.006002631,-0.0060378425,-0.005930867,-0.0059735887,-0.0058509223,-0.0059722774,-0.0059329234,-0.006026145,-0.00594471,-0.005994644,-0.0060055964,-0.005882349,-0.005963307,-0.0060090385,-0.0058769546,-0.0060524754,-0.005887937,-0.005975466,-0.006099399,-0.006004911
2012-03-08,-0.0069700293,-0.006894227,-0.0068228804,-0.0069923066,-0.0068300627,-0.0069482885,-0.0070190392,-0.0068218224,-0.0068697296,-0.0069749616,-0.006971713,-0.0068522803,-0.006954115,-0.0069784783,-0.0068617426,-0.0069663636,-0.006845098,-0.006992396,-0.006907996,-0.006947737
2012-03-09,-0.006978076,-0.006923612,-0.0069870763,-0.006989401,-0.0068442784,-0.0069311224,-0.0070152245,-0.0068574063,-0.006893765,-0.0069655143,-0.0069861226,-0.0068933032,-0.0069555007,-0.006988194,-0.0068951063,-0.0069835447,-0.0068872087,-0.0069837384,-0.007031169,-0.006953355
2012-03-12,-0.010080289,-0.009945612,-0.010035317,-0.010070067,-0.009903055,-0.00987133,-0.010088917,-0.009955596,-0.01011407,-0.010045286,-0.0100484155,-0.009973194,-0.010018807,-0.010047864,-0.009982955,-0.0100570135,-0.009938773,-0.010069739,-0.010064747,-0.010011982
2012-03-13,-0.0070191137,-0.0068493895,-0.0068769716,-0.0069932453,-0.00686362,-0.00681388,-0.0070095323,-0.006791871,-0.0070603155,-0.006978955,-0.006981965,-0.006901454,-0.006955754,-0.0069845878,-0.0069041215,-0.0069743507,-0.006869357,-0.0070247613,-0.007002648,-0.0069374256
2012-03-14,-0.007550206,-0.0073962472,-0.007475149,-0.0075247996,-0.007365968,-0.007337164,-0.007539477,-0.007332381,-0.0075618587,-0.0075108223,-0.007509839,-0.007426854,-0.007498514,-0.0075275414,-0.0074119978,-0.007536169,-0.007418316,-0.007547822,-0.0075284205,-0.0074716024
2012-03-15,-0.0070378743,-0.0069909208,-0.006964814,-0.0069915913,-0.0068916343,-0.0068677776,-0.006892573,-0.006789934,-0.0068935715,-0.006973427,-0.0069933943,-0.0069037937,-0.006967943,-0.0069897734,-0.0069074146,-0.006998401,-0.006890025,-0.0069755875,-0.007033091,-0.0069382302
2012-03-16,-0.009647381,-0.009493124,-0.009614106,-0.009586688,-0.009508338,-0.009580713,-0.009540077,-0.0094580315,-0.0096629225,-0.009621751,-0.009627696,-0.009531181,-0.009597238,-0.009625655,-0.009541597,-0.009654891,-0.009541418,-0.009653952,-0.009590384,-0.009585287
2012-03-19,-0.009123635,-0.009061318,-0.009051841,-0.009082105,-0.008976232,-0.008913975,-0.008963402,-0.008930724,-0.008997496,-0.00907382,-0.00907987,-0.008993994,-0.009068232,-0.009076204,-0.00900064,-0.009096798,-0.009012755,-0.009118956,-0.009122547,-0.0090420805
2012-03-20,-0.0070314817,-0.006992098,-0.006958436,-0.0069914274,-0.0069165938,-0.006823208,-0.006999206,-0.006804239,-0.006911155,-0.0069784783,-0.0069795363,-0.0068818294,-0.0069582127,-0.006988,-0.006894972,-0.007034879,-0.0068884753,-0.0069971345,-0.0070096664,-0.00693981
2012-03-21,-0.0042525195,-0.0042300634,-0.004170712,-0.0042201392,-0.0040602796,-0.00402933,-0.0040942095,-0.004041057,-0.0041181557,-0.0042001717,-0.00420719,-0.0041129403,-0.0041849427,-0.004189577,-0.004136216,-0.004267525,-0.004117172,-0.0042564236,-0.0042265914,-0.0041635595
2012-03-22,-0.010324653,-0.010317575,-0.010223102,-0.010242488,-0.010287087,-0.010092881,-0.010160919,-0.010118317,-0.010235276,-0.010257568,-0.010259386,-0.010179352,-0.010233026,-0.010249045,-0.010210346,-0.010276508,-0.0101646,-0.010298874,-0.010298606,-0.010220613
2012-03-23,-0.006771099,-0.006739583,-0.0065883063,-0.006736707,-0.0066819005,-0.0065810643,-0.0066654645,-0.0065762363,-0.006656524,-0.006742906,-0.006708812,-0.006631341,-0.006709408,-0.0067554824,-0.0066740774,-0.00675432,-0.006632369,-0.006735485,-0.0066805445,-0.006700944
2012-03-26,-0.007062938,-0.006991815,-0.006809797,-0.006965395,-0.006894883,-0.0068757497,-0.00696918,-0.006851699,-0.007056739,-0.0069808476,-0.006942164,-0.006872069,-0.0069812946,-0.006971922,-0.0068896376,-0.0070259087,-0.0068695806,-0.00696766,-0.0069077425,-0.0069511943
2012-03-27,-0.007046085,-0.007014673,-0.0068622194,-0.006967392,-0.006931778,-0.0068523698,-0.0069935583,-0.0069648735,-0.0070444755,-0.0069831572,-0.006984722,-0.0068864487,-0.0069030486,-0.0069802366,-0.0069148503,-0.006999936,-0.006912809,-0.0069815926,-0.0069223754,-0.006984886
2012-03-28,-0.007040303,-0.0069077425,-0.006867122,-0.006973859,-0.0070092194,-0.006863203,-0.0069853775,-0.007001113,-0.0070946924,-0.006987419,-0.0069786124,-0.0068848096,-0.0069916956,-0.0069862865,-0.006933775,-0.00698952,-0.006859135,-0.007016968,-0.006952863,-0.006996643
2012-03-29,-0.005352091,-0.0052330457,-0.005184468,-0.0052820705,-0.0053209923,-0.005190488,-0.0052413903,-0.005125668,-0.0054361783,-0.0053253435,-0.005301576,-0.0052222125,-0.005327534,-0.0053339116,-0.0052448176,-0.0053278916,-0.0051916502,-0.005328458,-0.0052407198,-0.00527307
2012-03-30,-0.0058549754,-0.005713355,-0.00567339,-0.0057987683,-0.005849,-0.005727943,-0.0057667457,-0.0056532286,-0.0058805756,-0.0058089606,-0.005813297,-0.0057367794,-0.005786579,-0.005819287,-0.005735215,-0.0058070086,-0.005695563,-0.00579175,-0.0057583563,-0.0057705604
2012-04-02,-0.010470536,-0.010331821,-0.010283317,-0.010407936,-0.010428216,-0.010336276,-0.010400008,-0.01027013,-0.01049624,-0.010416012,-0.01042771,-0.01033188,-0.010397341,-0.010425221,-0.010355663,-0.010421541,-0.010334279,-0.010390785,-0.010382544,-0.010372024
2012-04-03,-0.009626504,-0.009493049,-0.009422567,-0.009560283,-0.00954872,-0.009469893,-0.009592842,-0.009419661,-0.009647559,-0.009573873,-0.009588953,-0.009475868,-0.009567957,-0.009579536,-0.009499487,-0.009573769,-0.009493228,-0.009580191,-0.009515431,-0.009530421
2012-04-04,-0.009595614,-0.009574052,-0.009414937,-0.009526383,-0.009559836,-0.009401675,-0.009567749,-0.009447705,-0.0097265355,-0.0095401965,-0.009561684,-0.00947864,-0.009546902,-0.0095584355,-0.009490844,-0.009553175,-0.009479981,-0.009533402,-0.009486388,-0.009508815
2012-04-05,-0.007026892,-0.006998446,-0.006885361,-0.0069693737,-0.0070180558,-0.006831046,-0.00698423,-0.006886434,-0.0068276785,-0.0069830082,-0.0070023946,-0.0068708025,-0.006904971,-0.0069962107,-0.006879475,-0.006986838,-0.006941315,-0.006902706,-0.0068606846,-0.006956976
2012-04-09,-0.007928725,-0.007916804,-0.0078079067,-0.007830914,-0.007894885,-0.00788134,-0.0077623986,-0.0078073256,-0.0077429526,-0.0078999065,-0.007921349,-0.007817429,-0.007790696,-0.007904734,-0.0077919327,-0.00780518,-0.007842701,-0.007812705,-0.007911231,-0.007869374
2012-04-10,-0.0070315413,-0.007022839,-0.006841611,-0.0069270097,-0.0069894157,-0.0069600306,-0.006860923,-0.006877955,-0.0068617426,-0.0069856457,-0.006997954,-0.006888535,-0.0068854652,-0.006990727,-0.0068968944,-0.006867122,-0.00703628,-0.006944176,-0.006996911,-0.0069549643
2012-04-11,-0.0070316307,-0.0070049576,-0.00685763,-0.006949004,-0.0070090853,-0.0068712793,-0.006976109,-0.0068178736,-0.006922003,-0.007010054,-0.007005673,-0.006915342,-0.0069011115,-0.0069697015,-0.006917041,-0.007009741,-0.0070345066,-0.006954428,-0.0069880746,-0.006934937
2012-04-12,-0.0020865311,-0.0020752063,-0.0019140949,-0.0020231416,-0.0020929982,-0.0019918343,-0.0020510813,-0.0018809696,-0.0020634343,-0.0020794382,-0.0020728817,-0.0019798686,-0.001965623,-0.0020599624,-0.0019903292,-0.0020614674,-0.0020095815,-0.0020493527,-0.0020258685,-0.002003025
2012-04-13,-0.009653714,-0.00950804,-0.009460356,-0.009532955,-0.009586375,-0.009520929,-0.009508651,-0.009580817,-0.0095017515,-0.0096077435,-0.009612765,-0.009524506,-0.009501528,-0.0095965825,-0.009525027,-0.009478729,-0.009606805,-0.0095439665,-0.009531986,-0.009540807
2012-04-16,-0.005358901,-0.0052713566,-0.005202841,-0.0052784793,-0.0053410344,-0.0052112006,-0.005235281,-0.0053008012,-0.0052344315,-0.0053324066,-0.005316537,-0.0052426867,-0.005234208,-0.0053143017,-0.0052474253,-0.005220365,-0.005314123,-0.0053082816,-0.0052264296,-0.0052567087
2012-04-17,-0.0070328973,-0.006925162,-0.0068673156,-0.006973263,-0.006985422,-0.0069407187,-0.006908726,-0.0070401393,-0.006968435,-0.0070305727,-0.0069900714,-0.0069232397,-0.006966021,-0.006996002,-0.0069181286,-0.0068793558,-0.0069939606,-0.0070235245,-0.006996002,-0.0069435053
2012-04-18,-0.0121001415,-0.012016859,-0.012017798,-0.012112733,-0.012109544,-0.012081828,-0.01201589,-0.011991899,-0.012279969,-0.0121485405,-0.012146231,-0.012065854,-0.0120541565,-0.012104463,-0.012062203,-0.011957269,-0.012114909,-0.012135755,-0.012147959,-0.012066614
2012-04-19,-0.008434605,-0.008397054,-0.008351576,-0.008457717,-0.008491199,-0.008404788,-0.00838564,-0.008267846,-0.008669224,-0.008470904,-0.008447479,-0.00838327,-0.008374717,-0.008426126,-0.008388128,-0.008383047,-0.00845189,-0.008479964,-0.008448448,-0.008374985
2012-04-20,-0.0069938265,-0.006970223,-0.0069051944,-0.006955337,-0.0071482323,-0.006999459,-0.0069416277,-0.006973844,-0.007102158,-0.0070100687,-0.0070120357,-0.006936621,-0.0069229268,-0.0069825016,-0.0069526844,-0.0069536828,-0.0070236437,-0.007026132,-0.0069554113,-0.006935116
2012-04-23,-0.0069838874,-0.006982874,-0.006857898,-0.0069182776,-0.0070546977,-0.0069460236,-0.0069469623,-0.0068501793,-0.0071514063,-0.0070028864,-0.007017877,-0.0069324486,-0.006901797,-0.0069843046,-0.006944772,-0.0069487654,-0.0070236735,-0.007020455,-0.0069856606,-0.0069362335
2012-04-24,-0.0069872253,-0.0069478415,-0.006866973,-0.0070274286,-0.007041659,-0.0070423894,-0.0069151334,-0.008348223,-0.0071491264,-0.007096883,-0.007002186,-0.0069601797,-0.006960895,-0.0069832467,-0.0069885366,-0.0068989955,-0.007063281,-0.0070364736,-0.0069977157,-0.006934013
2012-04-25,-0.004449811,-0.0043497793,-0.004293766,-0.0044159554,-0.004468199,-0.00436623,-0.004335802,-0.0043931417,-0.00483213,-0.0044552796,-0.004448723,-0.0043615066,-0.0043518953,-0.0044064485,-0.0043994896,-0.004328277,-0.00446498,-0.00447781,-0.004374843,-0.0043681376
2012-04-26,-0.006997537,-0.006917279,-0.0068708323,-0.006971564,-0.0070476793,-0.0069583766,-0.0069103353,-0.0068854354,-0.007143896,-0.007023882,-0.006982472,-0.0069217198,-0.006887894,-0.0069945864,-0.006919127,-0.006894391,-0.0070242546,-0.006997075,-0.0069333576,-0.0069350563
2012-04-27,-0.0062603317,-0.0061747096,-0.006121274,-0.0062642805,-0.0062814914,-0.006156098,-0.0061736666,-0.0061719976,-0.0062270723,-0.006293189,-0.0062819384,-0.006180566,-0.0061830394,-0.0062410496,-0.0061762445,-0.0061436705,-0.006277647,-0.0062626563,-0.006202277,-0.0062048994
2012-04-30,-0.0070577078,-0.007020857,-0.006925013,-0.0070515387,-0.007104125,-0.0069602244,-0.006982457,-0.006996777,-0.007100936,-0.007088717,-0.007077452,-0.0069897138,-0.0070109926,-0.0070366077,-0.0069870315,-0.006963577,-0.0071226917,-0.007062491,-0.007001113,-0.0070031397
2012-05-01,-0.0069849156,-0.006931793,-0.0068203174,-0.007042434,-0.007042166,-0.0069422536,-0.0069114827,-0.0069288723,-0.007046785,-0.0070488267,-0.007022407,-0.0069086067,-0.0069227777,-0.0069561712,-0.006927278,-0.006901931,-0.007013347,-0.00699706,-0.006888639,-0.0069349967
2012-05-02,-0.009416949,-0.00934064,-0.009334784,-0.009460058,-0.009410348,-0.009459805,-0.009326499,-0.009562533,-0.009426843,-0.009475779,-0.009423491,-0.009358238,-0.009388592,-0.009398382,-0.0093454085,-0.009331923,-0.009433281,-0.009412732,-0.009290975,-0.009349983
2012-05-03,-0.0069927387,-0.0069176815,-0.006916683,-0.0070392303,-0.0070448183,-0.007072907,-0.0069030337,-0.008309599,-0.006975081,-0.0070982836,-0.007005375,-0.0069433264,-0.007018607,-0.0069896393,-0.006935697,-0.006966438,-0.0070179664,-0.006988954,-0.006865125,-0.006935116
2012-05-04,-0.007495042,-0.0074305944,-0.0073903464,-0.0075546615,-0.007564675,-0.0075000636,-0.007439714,-0.0075216554,-0.0074625425,-0.0075272284,-0.0075043403,-0.0074319057,-0.0075703524,-0.0074843876,-0.007443797,-0.007502731,-0.0075472407,-0.00752395,-0.007425111,-0.0074518137
2012-05-07,-0.0066593997,-0.006622862,-0.006601136,-0.0067075454,-0.0067283474,-0.0066345446,-0.0066232346,-0.006701123,-0.0065761767,-0.0066971444,-0.006707173,-0.006594982,-0.0066178404,-0.006695997,-0.0066134,-0.0066321455,-0.0067304187,-0.006674882,-0.006671991,-0.0066401176
2012-05-08,-0.0069779716,-0.0069346093,-0.006943848,-0.006972518,-0.007040467,-0.0072403364,-0.0069150142,-0.022829633,-0.00693227,-0.007057946,-0.0070067756,-0.006913554,-0.006930124,-0.00699025,-0.006935995,-0.0069689117,-0.007024955,-0.0069586,-0.006883558,-0.00693449
2012-05-09,-0.0069805495,-0.006886672,-0.0069050156,-0.00698654,-0.0070316307,-0.006971102,-0.006939482,-0.007634636,-0.006974619,-0.007029336,-0.0070114993,-0.006902229,-0.006979879,-0.0069666617,-0.0069176815,-0.0069045536,-0.0069876127,-0.006959673,-0.006872054,-0.0069344305
2012-05-10,-0.006969478,-0.006896686,-0.006841477,-0.006966915,-0.007037785,-0.006951701,-0.0069048814,-0.0069582425,-0.0069516413,-0.0069615506,-0.0069989227,-0.006903317,-0.0069957487,-0.0069652162,-0.006925773,-0.0069240443,-0.0069890283,-0.00699703,-0.006881725,-0.006935846
2012-05-11,-0.006952893,-0.0068815015,-0.006873902,-0.0069965087,-0.007038053,-0.006988939,-0.006870728,-0.007077094,-0.0068970583,-0.0070275627,-0.006989982,-0.006883111,-0.006963145,-0.0069751106,-0.0069304965,-0.006917145,-0.006986674,-0.006955307,-0.0068673305,-0.006935429
2012-05-14,-0.011274885,-0.011214968,-0.011184763,-0.011300739,-0.0113395415,-0.011311423,-0.011217054,-0.01145583,-0.011271369,-0.0113021545,-0.01128393,-0.011188235,-0.011219081,-0.011287745,-0.01121543,-0.011224311,-0.011317592,-0.011229616,-0.011185329,-0.011247169
2012-05-15,-0.0069651417,-0.006898772,-0.0068635605,-0.0069883578,-0.0069826804,-0.0069605373,-0.006916102,-0.0071338825,-0.0069309287,-0.0070335083,-0.00697222,-0.006867137,-0.006891381,-0.0069800727,-0.006914746,-0.006911587,-0.007005777,-0.006924104,-0.0068833344,-0.0069342665
2012-05-16,-0.006965127,-0.006882768,-0.0068157427,-0.006974768,-0.0070143603,-0.006933924,-0.0069048814,-0.0069728754,-0.0069645904,-0.007006597,-0.0069811754,-0.0068564527,-0.0069222413,-0.0069534592,-0.0068954043,-0.006841954,-0.0069908462,-0.006934341,-0.00685386,-0.0069347434
2012-05-17,-0.0069455765,-0.0068914555,-0.0068328194,-0.006992962,-0.007028546,-0.0069460087,-0.006883856,-0.007085692,-0.0069683604,-0.0070292912,-0.0070043765,-0.0068605207,-0.007013466,-0.0069555454,-0.0069110803,-0.0068850927,-0.006981071,-0.0069567673,-0.0068626814,-0.0069342963
2012-05-18,-0.0069522224,-0.0068839155,-0.0068224035,-0.006960731,-0.007033851,-0.0069498233,-0.00687724,-0.022817444,-0.0071247034,-0.0069642924,-0.00698876,-0.006854307,-0.00698955,-0.006953161,-0.0068884604,-0.006920334,-0.0069957785,-0.006950345,-0.0068611316,-0.006934326
2012-05-21,-0.0049022697,-0.0048622005,-0.00478008,-0.004981231,-0.0050002597,-0.0050021075,-0.004866492,-0.0055268966,-0.0049533956,-0.0049494766,-0.0049592517,-0.0048216395,-0.0049032383,-0.0049205385,-0.00487889,-0.0048403405,-0.004968893,-0.004920181,-0.004846137,-0.0049039684
2012-05-22,-0.0069566034,-0.006903898,-0.006843414,-0.0069615953,-0.00703172,-0.0069936626,-0.0068769716,-0.006936934,-0.0070194416,-0.0069804452,-0.006967511,-0.0068596415,-0.006893974,-0.006969627,-0.0068953447,-0.006886866,-0.0069881044,-0.0069446824,-0.006926056,-0.0069346093
2012-05-23,-0.007634472,-0.0075629316,-0.0074807666,-0.007695537,-0.007727068,-0.0076550506,-0.007578861,-0.007703524,-0.007725697,-0.007681247,-0.007663142,-0.0075460784,-0.0076016746,-0.0076377504,-0.007594507,-0.007598605,-0.007661458,-0.0076298676,-0.0076199137,-0.007623296
2012-05-24,-0.0068540387,-0.0069089346,-0.006826084,-0.0070089065,-0.007018801,-0.007047441,-0.006875556,-0.0072732083,-0.007024836,-0.007012304,-0.0069874637,-0.006868195,-0.006965589,-0.0069611333,-0.006904941,-0.00686587,-0.0069606267,-0.006943863,-0.006957736,-0.0069350116
2012-05-25,-0.006948378,-0.006935384,-0.0068075918,-0.006964665,-0.0070195757,-0.007045444,-0.006892424,-0.006904062,-0.007095527,-0.0069885813,-0.0069837086,-0.0068690144,-0.0069172196,-0.0069675855,-0.0068936013,-0.006900441,-0.0069756918,-0.0069306903,-0.0069442354,-0.0069371127
2012-05-29,-0.0069608353,-0.006918233,-0.0068101697,-0.0069874637,-0.0070205145,-0.0069732927,-0.0068879686,-0.0073787086,-0.00704607,-0.0070122294,-0.006969314,-0.0068706684,-0.007007908,-0.006967824,-0.0068875216,-0.0068947338,-0.006972607,-0.0069374554,-0.0069629066,-0.0069374107
2012-05-30,-0.0069748126,-0.006909769,-0.0068658404,-0.0070076548,-0.007005688,-0.0069825463,-0.0068959706,-0.007000219,-0.006998088,-0.0070099346,-0.0069960915,-0.00688624,-0.006926965,-0.0069868676,-0.006907668,-0.0068774633,-0.0069584213,-0.0069918595,-0.0069600604,-0.0069339685
2012-05-31,-0.010552671,-0.010461029,-0.010492828,-0.010601576,-0.010560151,-0.010548126,-0.010491993,-0.010629382,-0.010570746,-0.010571327,-0.010556962,-0.01048803,-0.010565009,-0.010555815,-0.010496434,-0.01046079,-0.010542136,-0.010545071,-0.010530513,-0.010513123
2012-06-01,-0.006933164,-0.0068833195,-0.0068744533,-0.007002052,-0.0070165806,-0.007014226,-0.006886568,-0.006891262,-0.006992068,-0.006983187,-0.0069942735,-0.006889995,-0.0069342814,-0.006985437,-0.0069081895,-0.0068682544,-0.0069575123,-0.0069739036,-0.0069599412,-0.006935235
2012-06-04,-0.0073707066,-0.0073065422,-0.007291328,-0.007409822,-0.0074043684,-0.0073912404,-0.00729556,-0.0074521117,-0.0074041747,-0.007393863,-0.0074079894,-0.007315289,-0.007362243,-0.0073996745,-0.007322382,-0.007298868,-0.0073402487,-0.0073797666,-0.007373538,-0.0073497556
2012-06-05,-0.00695939,-0.0069457702,-0.0068561397,-0.0070098005,-0.007003572,-0.0069974028,-0.006888684,-0.0070913397,-0.0069704168,-0.0069996826,-0.006969612,-0.0069125555,-0.006975498,-0.006980788,-0.006919708,-0.0069151483,-0.0069727413,-0.0069766305,-0.0069433264,-0.0069342367
2012-06-06,-0.0070871525,-0.007181715,-0.0071441643,-0.007254418,-0.0072523467,-0.007221084,-0.00712223,-0.0072098933,-0.007315498,-0.007236894,-0.007248845,-0.00712977,-0.0071605407,-0.0072315596,-0.0071554,-0.007116612,-0.007160362,-0.0071701966,-0.0072139762,-0.007194113
2012-06-07,-0.0069435947,-0.00687116,-0.006803613,-0.0069790594,-0.006965112,-0.0069553815,-0.00684629,-0.0068947338,-0.0069853924,-0.006980788,-0.0069647096,-0.006840121,-0.006947737,-0.006975185,-0.0068818145,-0.006833758,-0.0068996362,-0.006954368,-0.0069331042,-0.0069356076
2012-06-08,-0.008104797,-0.008059885,-0.008087423,-0.008134212,-0.0081504695,-0.008104514,-0.008036982,-0.00819635,-0.008139696,-0.008145031,-0.008175071,-0.008053344,-0.008112308,-0.008169632,-0.008084547,-0.008039709,-0.008124601,-0.008126106,-0.008104857,-0.008108508
2012-06-11,-0.0052766316,-0.00522938,-0.0052455775,-0.00531606,-0.0053200535,-0.0052567683,-0.0051975064,-0.005242955,-0.005297389,-0.0053214543,-0.005348336,-0.00521883,-0.0052577667,-0.005341258,-0.0052682124,-0.0052123778,-0.0053089075,-0.005307343,-0.0052813105,-0.0052802674
2012-06-12,-0.0069539063,-0.0068770163,-0.0069073997,-0.0068284385,-0.006983038,-0.0069326423,-0.0068317167,-0.007346522,-0.006959077,-0.0069440566,-0.0069998764,-0.006879907,-0.0070429556,-0.0069930665,-0.0068938546,-0.006852057,-0.00692318,-0.006960284,-0.006933447,-0.0069350116
2012-06-13,-0.00855438,-0.00848892,-0.0084916465,-0.008542012,-0.008593675,-0.008543279,-0.008409943,-0.008704331,-0.008524399,-0.008590456,-0.008587357,-0.008480724,-0.008605178,-0.0086007975,-0.0084964745,-0.008388933,-0.008446287,-0.00858302,-0.008547585,-0.008548629
2012-06-14,-0.0069317035,-0.006875988,-0.0069012754,-0.00699332,-0.0069832467,-0.006956201,-0.0068076663,-0.007115584,-0.0070125423,-0.006991174,-0.0069591217,-0.0068843476,-0.0069953017,-0.0069844984,-0.0068944357,-0.0068218373,-0.0068768226,-0.0069664083,-0.0069334023,-0.006934818
2012-06-15,-0.00826421,-0.008187648,-0.008227687,-0.008297276,-0.00825217,-0.008202981,-0.008212771,-0.008184012,-0.008293729,-0.008312833,-0.008302461,-0.008176904,-0.008307125,-0.008330237,-0.0082594715,-0.008204188,-0.0082338415,-0.00826722,-0.008282792,-0.008284938
2012-06-18,-0.006928291,-0.0068350844,-0.006895434,-0.006973963,-0.0069350116,-0.006876331,-0.006816458,-0.00707474,-0.0069602393,-0.0069678836,-0.0069312267,-0.006828051,-0.006847393,-0.0069812797,-0.0068670027,-0.0068342946,-0.006867226,-0.0069241636,-0.006933134,-0.006935384
2012-06-19,-0.0068320297,-0.0068561397,-0.006882798,-0.006959956,-0.0069669,-0.0070019625,-0.006835725,-0.0071958564,-0.006967362,-0.006968301,-0.0069545023,-0.0068540536,-0.006854441,-0.006986376,-0.0068676583,-0.006798055,-0.0068548284,-0.0069463365,-0.0069331042,-0.006934773
2012-06-20,-0.0068305247,-0.0068746023,-0.0068908297,-0.0069543086,-0.006970089,-0.0069743358,-0.006913405,-0.0070257597,-0.0069686137,-0.0069850795,-0.0069873594,-0.006864559,-0.006894987,-0.0069889836,-0.0068804435,-0.007006537,-0.00688849,-0.0069528185,-0.0069330893,-0.0069345795
2012-06-21,-0.006453883,-0.0063897185,-0.0063951723,-0.0064605437,-0.0064747147,-0.0065091364,-0.0063600354,-0.006535005,-0.0064983033,-0.006468814,-0.006515842,-0.0063851587,-0.0064252727,-0.006524142,-0.0064087473,-0.006657075,-0.0064001493,-0.0065091066,-0.006464448,-0.006465789
2012-06-22,-0.009012084,-0.008953106,-0.008975726,-0.0090941,-0.009059515,-0.009066414,-0.008910727,-0.009109762,-0.009072419,-0.0090675615,-0.009038027,-0.008959573,-0.00901125,-0.009084653,-0.008972492,-0.009048354,-0.00902934,-0.0089963935,-0.009029921,-0.009031769
2012-06-25,-0.007632982,-0.007557776,-0.0075449757,-0.0077121817,-0.007663723,-0.007683482,-0.0074955933,-0.0076594613,-0.0076675527,-0.007641237,-0.0076611303,-0.0075561367,-0.0075850897,-0.007682141,-0.007605996,-0.007720899,-0.007574018,-0.007626515,-0.0076343976,-0.0076380633
2012-06-26,-0.006934475,-0.0068463646,-0.0068225674,-0.007008489,-0.006961804,-0.0069989823,-0.0068166815,-0.007066708,-0.006963264,-0.0069698505,-0.006948244,-0.0068585984,-0.006964814,-0.006973367,-0.006899651,-0.007038709,-0.0068752132,-0.006918039,-0.0069331937,-0.00693452
2012-06-27,-0.0069226436,-0.0068650953,-0.006962549,-0.0069959573,-0.0069330893,-0.006983962,-0.0068127774,-0.0070447735,-0.0069609545,-0.0069573037,-0.0069820248,-0.0068675242,-0.006935682,-0.007006984,-0.006875973,-0.007152345,-0.006878596,-0.0069759004,-0.0069332086,-0.0069348626
2012-06-28,-0.006949883,-0.0068678968,-0.0069599114,-0.006991919,-0.006944176,-0.006975081,-0.006830033,-0.0070414953,-0.007008683,-0.006966319,-0.006972473,-0.0068804286,-0.0069215707,-0.006995406,-0.006891068,-0.0070338063,-0.0069146566,-0.0069923066,-0.006933134,-0.0069339983
2012-06-29,-0.0069462024,-0.0068653785,-0.006976094,-0.0069929026,-0.0069772564,-0.006998565,-0.0068322383,-0.007664066,-0.00702725,-0.0069624595,-0.007001143,-0.006921198,-0.0070152692,-0.0070025288,-0.006932836,-0.007105645,-0.0069182627,-0.0070015304,-0.0069332384,-0.006938871
2012-07-02,-0.0069507025,-0.0068596564,-0.0069562905,-0.006990593,-0.0069804005,-0.006983768,-0.0067871474,-0.007000249,-0.0069846325,-0.006959703,-0.0069854967,-0.006875392,-0.0069142245,-0.0069893263,-0.006873157,-0.0069881044,-0.0068843924,-0.006971728,-0.0069331788,-0.006936308
2012-07-03,-0.006937381,-0.0068602227,-0.006951507,-0.0069900267,-0.0069648884,-0.0069935136,-0.0067806803,-0.0070418827,-0.0069948845,-0.006952714,-0.0069809817,-0.006859537,-0.006946694,-0.006988626,-0.006865125,-0.006977748,-0.0068531,-0.006963458,-0.0069330744,-0.0069348477
2012-07-05,-0.0068887286,-0.0068698786,-0.0069552325,-0.0069804452,-0.0069725923,-0.006986048,-0.0068367235,-0.009017747,-0.007008504,-0.007046636,-0.0069863014,-0.006880667,-0.007050168,-0.0069926344,-0.0068953447,-0.0070714764,-0.0068623982,-0.006973516,-0.006933134,-0.0069347285
2012-07-06,-0.0069514625,-0.0068573616,-0.006956946,-0.0070016943,-0.006969612,-0.0069957934,-0.0068202876,-0.007264208,-0.0069928877,-0.006988343,-0.0069819055,-0.006878894,-0.0069861077,-0.006997209,-0.0068887137,-0.0069867633,-0.00686514,-0.0069846176,-0.006933134,-0.006936338
2012-07-09,-0.006971877,-0.0068263374,-0.006955307,-0.006993171,-0.006933298,-0.0069852434,-0.006760996,-0.0070496015,-0.006993573,-0.0069585703,-0.00694504,-0.006849315,-0.0069594346,-0.006990891,-0.006877493,-0.006947886,-0.006850403,-0.0069680773,-0.006933134,-0.006935578
2012-07-10,-0.0070102327,-0.006847378,-0.006955903,-0.006996792,-0.0069612972,-0.006849449,-0.0068181716,-0.0229914,-0.006957423,-0.0069970153,-0.006965827,-0.0068773143,-0.007002931,-0.0069956295,-0.006910216,-0.0069458745,-0.0068486445,-0.0069781803,-0.0069331042,-0.006934356
2012-07-11,-0.006986227,-0.006848227,-0.006952267,-0.0069934987,-0.0069582127,-0.006933015,-0.0068280064,-0.0078718625,-0.0069704764,-0.006958615,-0.006965261,-0.0068689846,-0.0069956444,-0.006988626,-0.006884601,-0.00696915,-0.0068659745,-0.0069726966,-0.0069330744,-0.00693449
2012-07-12,-0.009700414,-0.009580102,-0.009710725,-0.009711247,-0.009662699,-0.009655859,-0.0095518045,-0.010340523,-0.00968973,-0.009694826,-0.009686556,-0.009614911,-0.009735312,-0.009710725,-0.009613331,-0.009665694,-0.009586018,-0.009703007,-0.009656038,-0.009657007
2012-07-13,-0.0060664527,-0.005974617,-0.006099146,-0.0061054043,-0.0060848556,-0.006066587,-0.0059230737,-0.006316226,-0.006080013,-0.0060928725,-0.006113421,-0.0059877,-0.006058421,-0.0061182342,-0.0060117356,-0.006076243,-0.0060010664,-0.0060837977,-0.0060668252,-0.0060687773
2012-07-16,-0.0051432215,-0.0050910525,-0.00524443,-0.005234029,-0.0052297674,-0.005201515,-0.005063202,-0.005577054,-0.0052019022,-0.0052059107,-0.0052312873,-0.0051207505,-0.0051644407,-0.005250033,-0.0051462166,-0.005245518,-0.005104076,-0.0051954202,-0.005201798,-0.005204793
2012-07-17,-0.0069191568,-0.006836172,-0.006969657,-0.0069731884,-0.006967988,-0.006933,-0.0068018846,-0.007042166,-0.006943058,-0.006946709,-0.0069847666,-0.0068534277,-0.0069293045,-0.006986495,-0.0068789683,-0.006988298,-0.0068427734,-0.0069192015,-0.006933298,-0.006934356
2012-07-18,-0.006967213,-0.006827321,-0.006981548,-0.0069632344,-0.0069472753,-0.0069329552,-0.0068582557,-0.00763407,-0.006973233,-0.006975975,-0.006989088,-0.0068677478,-0.006960284,-0.0069822036,-0.006883364,-0.0069823824,-0.006932106,-0.006930586,-0.0069356225,-0.0069365166
2012-07-19,-0.008434292,-0.008325171,-0.00845189,-0.008442279,-0.008446794,-0.008418988,-0.008328494,-0.00883333,-0.008382734,-0.008454483,-0.008469027,-0.008354273,-0.008459147,-0.00849041,-0.00835545,-0.008493494,-0.008342128,-0.008397203,-0.008419301,-0.008421537
2012-07-20,-0.0056249313,-0.005536299,-0.0056770854,-0.005653616,-0.0056605153,-0.005629804,-0.0055306517,-0.0060227923,-0.0056022517,-0.0056639723,-0.005678635,-0.005564939,-0.005719956,-0.0057063513,-0.0055810623,-0.005943861,-0.0055947863,-0.0056405477,-0.005633455,-0.005631458
2012-07-23,-0.01256163,-0.012467649,-0.012598362,-0.012567755,-0.012577888,-0.01256546,-0.012452718,-0.012692671,-0.012568008,-0.012584906,-0.012610819,-0.012483459,-0.012620609,-0.012620371,-0.012526419,-0.012621041,-0.012461256,-0.012559723,-0.01256552,-0.0125664435
2012-07-24,-0.0069470964,-0.0068480335,-0.0069806688,-0.0069354884,-0.006979611,-0.0069329403,-0.0068772696,-0.0071254633,-0.0069542043,-0.0069532804,-0.0070024244,-0.006876286,-0.0070104264,-0.0069909655,-0.0069042407,-0.006977778,-0.0069258623,-0.006948378,-0.0069330595,-0.0069348626
2012-07-25,-0.006949302,-0.006864708,-0.006968152,-0.0069953464,-0.0069850944,-0.0069330446,-0.0068573765,-0.0070208274,-0.006940197,-0.006945651,-0.006997373,-0.006868746,-0.0069754682,-0.0069942437,-0.0069021396,-0.0070109926,-0.0069098733,-0.0069714747,-0.0069330595,-0.006935086
2012-07-26,-0.006933015,-0.006841194,-0.006968539,-0.006938856,-0.0069355033,-0.0069330893,-0.0068165474,-0.0073104315,-0.006918382,-0.006968092,-0.0069946907,-0.0068565123,-0.006950017,-0.006989982,-0.006888982,-0.007036414,-0.0068703406,-0.006943863,-0.006932985,-0.006934624
2012-07-27,-0.005907338,-0.0058137886,-0.0058980845,-0.005929079,-0.005930852,-0.005896073,-0.0057588033,-0.005979251,-0.005885195,-0.0059136264,-0.005944427,-0.005815964,-0.0059597753,-0.005941611,-0.0058552586,-0.0059624724,-0.0058234744,-0.0059158765,-0.00589275,-0.0058973245
2012-07-30,-0.008613821,-0.008536112,-0.008594688,-0.008635085,-0.00866447,-0.008607056,-0.00854842,-0.008739989,-0.008505594,-0.008635264,-0.008647855,-0.0085225515,-0.00866672,-0.008664962,-0.0085670315,-0.008655857,-0.008564603,-0.0086315535,-0.008604389,-0.008608442
2012-07-31,-0.006932821,-0.006869223,-0.0069289766,-0.0069629513,-0.006972354,-0.0069330297,-0.0068643503,-0.007008847,-0.006815385,-0.006973218,-0.006972622,-0.006836679,-0.007011678,-0.006986972,-0.006880816,-0.0070006363,-0.0068741404,-0.0069526844,-0.0069299154,-0.006934505
2012-08-01,-0.008262437,-0.008201312,-0.008246493,-0.008292671,-0.008296113,-0.0082425885,-0.008161601,-0.008464079,-0.008119654,-0.008283,-0.008280929,-0.008181494,-0.0083295815,-0.008306336,-0.008202862,-0.008346062,-0.008176964,-0.008294474,-0.008243185,-0.008244183
2012-08-02,-0.0058717392,-0.005780261,-0.005740624,-0.005928155,-0.005888071,-0.0058592223,-0.005753141,-0.0059379153,-0.00571559,-0.0059029274,-0.005894657,-0.005777117,-0.005916398,-0.005912598,-0.0058028065,-0.0059716515,-0.0057706498,-0.00588372,-0.0058573745,-0.0058602206
2012-08-03,-0.004209634,-0.0041059367,-0.004085418,-0.0042249523,-0.004214432,-0.004210096,-0.004122164,-0.004312452,-0.004058223,-0.0042422526,-0.004247304,-0.004110303,-0.004273247,-0.0042665116,-0.004141491,-0.00432406,-0.0041350536,-0.004205715,-0.004209604,-0.0042127036
2012-08-06,-0.0070653968,-0.007023018,-0.0070111714,-0.0070904307,-0.007105779,-0.007054668,-0.007035937,-0.0073303543,-0.0069625936,-0.0071147345,-0.007106375,-0.0069816373,-0.0071792416,-0.00712898,-0.0070162676,-0.007160168,-0.0069712214,-0.0070790313,-0.007066842,-0.007067334
2012-08-07,-0.006949585,-0.0068485253,-0.006855916,-0.0069813095,-0.006953221,-0.0069395266,-0.0069285296,-0.0070461445,-0.0068023615,-0.0069591217,-0.006976243,-0.006865319,-0.006980907,-0.0070016943,-0.0068756007,-0.0070087723,-0.00684629,-0.006974574,-0.0069552176,-0.006937038
2012-08-08,-0.0069420747,-0.0068522952,-0.006885063,-0.0069820695,-0.0069538616,-0.006943714,-0.006876018,-0.0070932917,-0.006813418,-0.006967988,-0.006978538,-0.0068686567,-0.0069821887,-0.0070230626,-0.006873157,-0.007068407,-0.006859418,-0.0069833808,-0.0069386773,-0.006934371
2012-08-09,-0.005462285,-0.0053824447,-0.005392503,-0.0055087022,-0.0054261647,-0.0054456256,-0.005382996,-0.0057415776,-0.0053441487,-0.0055089556,-0.005486604,-0.0053864084,-0.0055261664,-0.0055359565,-0.005410295,-0.005539324,-0.0053634606,-0.0054949336,-0.00546078,-0.0054580085
2012-08-10,-0.004171755,-0.004079353,-0.0040748976,-0.004222896,-0.0041929446,-0.004159879,-0.0041791014,-0.004285302,-0.0039994977,-0.0041899644,-0.0041000806,-0.004088845,-0.0042349063,-0.004221838,-0.0041028224,-0.004315477,-0.0041195713,-0.004183214,-0.0041698776,-0.0041566454
2012-08-13,-0.0069326125,-0.0068625174,-0.0068633817,-0.006985616,-0.006977018,-0.0069456957,-0.0068591945,-0.0069983266,-0.006791737,-0.0069768094,-0.006983932,-0.0068620555,-0.006978672,-0.007002797,-0.0068732314,-0.0070015155,-0.0068705343,-0.006976139,-0.006942164,-0.006936323
2012-08-14,-0.0069473647,-0.0068594776,-0.006883528,-0.0069870614,-0.0069533847,-0.0069411956,-0.006865468,-0.0070136003,-0.0067924373,-0.0069924705,-0.0069793426,-0.006867256,-0.0069882534,-0.007006835,-0.00688925,-0.0069929175,-0.006874379,-0.0069805197,-0.0069321506,-0.0069344006
2012-08-15,-0.0069690607,-0.006863322,-0.006900456,-0.0069948547,-0.0069466643,-0.006935131,-0.0069106035,-0.007191386,-0.006828975,-0.0070095174,-0.0069775097,-0.0068911575,-0.007014688,-0.0070112757,-0.0069129877,-0.007080134,-0.006941553,-0.0069911145,-0.0069253854,-0.006934058
2012-08-16,-0.0049045198,-0.0047547035,-0.004807379,-0.004915159,-0.004873153,-0.0048675947,-0.0047640763,-0.0050509684,-0.004750233,-0.0049246512,-0.0048717074,-0.0048002265,-0.004937481,-0.004929211,-0.0048117302,-0.004941758,-0.0048299693,-0.0048728995,-0.004858177,-0.0048626326
2012-08-17,-0.0070076548,-0.0068607144,-0.006863501,-0.0069757514,-0.006975364,-0.0069317035,-0.0069354586,-0.0072130226,-0.0068682395,-0.006993722,-0.006975677,-0.0068724416,-0.0070120357,-0.006997701,-0.0068381988,-0.007029619,-0.0068380497,-0.006899502,-0.006931197,-0.0069341473
2012-08-20,-0.007002961,-0.0068323426,-0.006869208,-0.006977748,-0.006965827,-0.0069345348,-0.0068938695,-0.0072060786,-0.0068599842,-0.006980326,-0.006951865,-0.006880667,-0.0070142113,-0.0070096813,-0.006863918,-0.0069986247,-0.006852951,-0.006933775,-0.0069331042,-0.006934162
2012-08-21,-0.0069703422,-0.0068184845,-0.0068998,-0.00698651,-0.006901201,-0.0069439523,-0.006836202,-0.0070182346,-0.0068276636,-0.006956529,-0.006974589,-0.0068804435,-0.006998565,-0.007010367,-0.0068703555,-0.0070334934,-0.0069143884,-0.0069814734,-0.006942328,-0.006934207
2012-08-22,-0.006980907,-0.0068362616,-0.0069229715,-0.0069873296,-0.006946992,-0.0069460683,-0.0068639033,-0.0071111433,-0.0068563484,-0.0069956444,-0.006970953,-0.0068979077,-0.0070308857,-0.007002678,-0.006894108,-0.007001113,-0.006938603,-0.006972205,-0.006950002,-0.0069343857
2012-08-23,-0.006971758,-0.0068660937,-0.0069026463,-0.006977465,-0.0069535486,-0.006942641,-0.0068563335,-0.0070533864,-0.0068893842,-0.0069810413,-0.006965827,-0.0068730824,-0.0070190392,-0.007002663,-0.006878834,-0.0070052557,-0.0069683753,-0.0069467984,-0.0069588386,-0.0069341324
2012-08-24,-0.006964218,-0.0069068186,-0.006891113,-0.006991919,-0.0069692694,-0.006953802,-0.0069354884,-0.02292895,-0.0068941377,-0.007007312,-0.0069647096,-0.0068764053,-0.0070366226,-0.007018041,-0.006877657,-0.0070464127,-0.0069213025,-0.006982114,-0.0069405995,-0.0069342516
2012-08-27,-0.0069995783,-0.0069450103,-0.006920766,-0.0070435666,-0.0069945417,-0.006985005,-0.006939482,-0.024249416,-0.006921809,-0.007060569,-0.0070414953,-0.006927397,-0.007127609,-0.007057246,-0.006930914,-0.0070944093,-0.0069629215,-0.007033404,-0.006980609,-0.006975841
2012-08-28,-0.0069636814,-0.0069148503,-0.0069005154,-0.006999504,-0.006952431,-0.0069485717,-0.0069384985,-0.024512868,-0.006885927,-0.0070410036,-0.006996315,-0.0069076084,-0.0070848875,-0.007010009,-0.0068911426,-0.0070600174,-0.006927993,-0.006986063,-0.006946083,-0.006934505
2012-08-29,-0.006974902,-0.0069080256,-0.006906923,-0.0069983266,-0.0069518946,-0.0069570057,-0.006918233,-0.008007284,-0.006932061,-0.0070126466,-0.0069910698,-0.0069006346,-0.0070609264,-0.0070176534,-0.0068929307,-0.007047083,-0.006976109,-0.006972071,-0.0069460534,-0.006934058
2012-08-30,-0.006962415,-0.006872263,-0.006872099,-0.0069838725,-0.0068759583,-0.006951418,-0.006924551,-0.007449534,-0.0068047307,-0.0069876127,-0.0069996975,-0.006893631,-0.007013317,-0.0070283376,-0.0068694167,-0.0070259683,-0.0068907402,-0.006959986,-0.0069350563,-0.006933909
2012-08-31,-0.006969746,-0.0068493895,-0.0068826787,-0.0069951527,-0.0069549046,-0.006958779,-0.006842982,-0.0074352585,-0.0067957304,-0.006982293,-0.006984677,-0.0068834536,-0.00702719,-0.0070088618,-0.006876167,-0.0069986396,-0.006923523,-0.0069691055,-0.006934669,-0.006934356
2012-09-04,-0.006925773,-0.006831404,-0.0068609975,-0.0069439225,-0.0068394057,-0.0069260113,-0.0068439357,-0.007256087,-0.006784644,-0.00696842,-0.0069835894,-0.0068516396,-0.00699405,-0.0069986545,-0.006840449,-0.0069792233,-0.0068293028,-0.0069187097,-0.006920021,-0.006917622
2012-09-05,-0.0069617443,-0.0068535917,-0.006974142,-0.0070216767,-0.00683349,-0.0069431476,-0.0068493597,-0.007053893,-0.006831195,-0.0069709383,-0.007006418,-0.006882068,-0.0070178024,-0.0070105605,-0.006870713,-0.007005822,-0.0069018267,-0.0069618337,-0.0069399737,-0.006934073
2012-09-06,-0.006928589,-0.00684401,-0.0069808476,-0.0069959424,-0.0068622194,-0.0069440417,-0.006870132,-0.0070256703,-0.006843578,-0.00700232,-0.0070004575,-0.0068999194,-0.0070128106,-0.0070087425,-0.0068732165,-0.007002961,-0.006882753,-0.0069678538,-0.00693601,-0.006934937
2012-09-07,-0.0069642775,-0.006895568,-0.006966751,-0.0069890134,-0.0068335645,-0.0069621913,-0.0068745427,-0.0069980286,-0.0068549626,-0.0069850497,-0.006971892,-0.0068753324,-0.0070287995,-0.0070075504,-0.006850373,-0.0070408992,-0.006871801,-0.00700083,-0.006940987,-0.0069338195
2012-09-10,-0.006985482,-0.0068547837,-0.006962221,-0.006968256,-0.0068325065,-0.0069390796,-0.0069125257,-0.007100012,-0.0068421476,-0.006988313,-0.0069666617,-0.0068616234,-0.007031437,-0.0070068054,-0.006847065,-0.0070126615,-0.0068614297,-0.0069800876,-0.0069413893,-0.006934326
2012-09-11,-0.006989192,-0.006889697,-0.0069455914,-0.00697745,-0.006832745,-0.0069496743,-0.0068667345,-0.0069723986,-0.0068638884,-0.0069782697,-0.0069803707,-0.0068831854,-0.0070368163,-0.0070097856,-0.006862741,-0.007027339,-0.0068837963,-0.0069962256,-0.0069567524,-0.0069341175
2012-09-12,-0.0058940165,-0.005791437,-0.0058157407,-0.005899202,-0.0057465993,-0.0058833323,-0.006070804,-0.0059449933,-0.0058038197,-0.005930271,-0.00590853,-0.005793046,-0.005959969,-0.005922299,-0.005805712,-0.0059550367,-0.0057792626,-0.0059036873,-0.005881291,-0.00586034
2012-09-13,-0.0034329554,-0.0033354869,-0.0033703854,-0.0034389158,-0.0033052077,-0.0033854058,-0.0034439971,-0.0038735976,-0.0033749302,-0.0034536084,-0.0034298112,-0.0033149084,-0.0035161336,-0.003447797,-0.0033207198,-0.0034906527,-0.0033299138,-0.0034355184,-0.0033829769,-0.0033795943
2012-09-14,-0.0069673024,-0.006858941,-0.0069382153,-0.0069918446,-0.0068270974,-0.006952923,-0.006902393,-0.00705437,-0.006820943,-0.0069612674,-0.006980296,-0.0068480484,-0.0070036463,-0.0070028864,-0.0068551116,-0.0070182793,-0.006867867,-0.0069666468,-0.0069405697,-0.0069349073
2012-09-17,-0.007720243,-0.0076294355,-0.007750135,-0.007680323,-0.0075860433,-0.0077433847,-0.0077100955,-0.007805895,-0.0075498335,-0.007734459,-0.0077560507,-0.0076456033,-0.00777347,-0.0077554397,-0.007637199,-0.0077959113,-0.0076646022,-0.0077423267,-0.0077338032,-0.0076950304
2012-09-18,-0.007886078,-0.0077575557,-0.007809039,-0.0077643506,-0.0076962374,-0.0077975653,-0.007933628,-0.008019146,-0.007791605,-0.007838111,-0.007880162,-0.00773878,-0.0079280995,-0.007883783,-0.007747527,-0.007947084,-0.007804062,-0.007851284,-0.007884648,-0.007819708
2012-09-19,-0.0028796156,-0.0028087457,-0.002696689,-0.002827864,-0.002697598,-0.002760764,-0.0029487272,-0.0032372435,-0.0028074046,-0.002860408,-0.0028886606,-0.0027551611,-0.0029678007,-0.002903681,-0.0027736982,-0.0029571762,-0.0027922948,-0.0028670689,-0.002857234,-0.0028300395
2012-09-20,-0.009502422,-0.009404223,-0.009323116,-0.009428557,-0.009334233,-0.009464007,-0.009435039,-0.009585496,-0.009416115,-0.009493943,-0.009495061,-0.00939944,-0.0095411055,-0.009519514,-0.009397995,-0.009537097,-0.009407114,-0.009482618,-0.0094776265,-0.009440433
2012-09-21,-0.008920547,-0.008834939,-0.008697923,-0.008883338,-0.00875425,-0.008854087,-0.008971538,-0.023241293,-0.008818638,-0.008920785,-0.008907523,-0.008807924,-0.008984473,-0.008936252,-0.008813631,-0.008986127,-0.008947026,-0.008914482,-0.008912798,-0.008853566
2012-09-24,-0.0070025437,-0.006876167,-0.00674532,-0.006973099,-0.0067863576,-0.006976437,-0.0070048384,-0.0074671917,-0.006889876,-0.0069781505,-0.0069861226,-0.006895464,-0.007034611,-0.0070138387,-0.0068782233,-0.007038217,-0.0070075653,-0.0069978945,-0.0069754533,-0.006934952
2012-09-25,-0.009202521,-0.009101342,-0.008954164,-0.009186428,-0.009020384,-0.009118017,-0.009128179,-0.00912429,-0.009093072,-0.009182584,-0.009197947,-0.009091105,-0.009235825,-0.009221237,-0.009087887,-0.00922,-0.009218257,-0.009202894,-0.009149145,-0.009138163
2012-09-26,-0.01037116,-0.010268714,-0.010111254,-0.010358479,-0.010186564,-0.010349017,-0.010463294,-0.010414075,-0.010120001,-0.010374155,-0.010366421,-0.010272931,-0.01040509,-0.010395955,-0.010259744,-0.010416519,-0.010385703,-0.010388326,-0.01036733,-0.010308977
2012-09-27,-0.0069969706,-0.006892126,-0.0067726187,-0.006972935,-0.006834667,-0.0069413446,-0.007029768,-0.0072864853,-0.006746214,-0.0069623403,-0.0069861375,-0.006873902,-0.0070577078,-0.0070156716,-0.0068875067,-0.007038247,-0.0069403015,-0.006998595,-0.0069970153,-0.0069341026
2012-09-28,-0.0069840066,-0.0068953,-0.006751936,-0.0069819503,-0.0068097673,-0.0069766454,-0.0070707165,-0.007030528,-0.00674526,-0.006971266,-0.006984409,-0.006870594,-0.0070999973,-0.0070053153,-0.0068827383,-0.0070343725,-0.006942045,-0.0069986098,-0.007007938,-0.006934058
2012-10-01,-0.0069897138,-0.0068881325,-0.006742608,-0.0069811605,-0.006829899,-0.006973859,-0.0070369355,-0.0070118867,-0.006761115,-0.006951403,-0.006981712,-0.006871786,-0.007043075,-0.0070149563,-0.0068787746,-0.00703023,-0.006951507,-0.007003095,-0.007177841,-0.0069350265
2012-10-02,-0.006974157,-0.0068919472,-0.0067460053,-0.0069802366,-0.006811928,-0.0069597326,-0.007035028,-0.006986331,-0.0067557357,-0.0069487207,-0.0069803856,-0.0068816356,-0.007011663,-0.0070087127,-0.0068640076,-0.0070366673,-0.006993767,-0.00699253,-0.0070094727,-0.0069339536
2012-10-03,-0.0087678395,-0.008655291,-0.008536678,-0.008738022,-0.008613583,-0.008744236,-0.0087162815,-0.009373393,-0.008537423,-0.008728724,-0.008776974,-0.008657154,-0.008804347,-0.00877976,-0.008639898,-0.008766245,-0.008777779,-0.008760314,-0.008684125,-0.008705702
2012-10-04,-0.0029320528,-0.0027994027,-0.0026847532,-0.002893295,-0.0027721336,-0.0029085537,-0.0028573533,-0.0030373295,-0.0027076264,-0.0029046496,-0.0029307862,-0.0028074046,-0.0029694696,-0.0029601415,-0.002797853,-0.0029286256,-0.0029416492,-0.002931889,-0.0028596332,-0.0028866192
2012-10-05,-0.006983515,-0.006914329,-0.006766852,-0.0069880895,-0.006849926,-0.0068768524,-0.007023718,-0.007227611,-0.006756287,-0.0069672726,-0.006980475,-0.0068861805,-0.007055115,-0.0070171617,-0.006881293,-0.0069702677,-0.00679734,-0.0069855414,-0.006998282,-0.0069353543
2012-10-08,-0.0069877617,-0.0069163106,-0.0067649595,-0.0070042275,-0.0068444125,-0.006942939,-0.0070514046,-0.00746819,-0.006760236,-0.0069668107,-0.006986838,-0.0068756156,-0.0070509724,-0.0070013516,-0.0068803094,-0.0069697313,-0.0068145655,-0.006980967,-0.0070309304,-0.006936278
2012-10-09,-0.0069660954,-0.0069125406,-0.00676718,-0.007005658,-0.0068412386,-0.0069018267,-0.007064428,-0.02323806,-0.0067682825,-0.0069663785,-0.0070025735,-0.0068892054,-0.007053759,-0.006990399,-0.0068795346,-0.0070017986,-0.0070024393,-0.0069850646,-0.007007953,-0.0069383644
2012-10-10,-0.006962206,-0.0068952106,-0.006764706,-0.0069833808,-0.0068095587,-0.0068598054,-0.0069752894,-0.007620033,-0.0067693554,-0.00696614,-0.0070058815,-0.006870758,-0.007052865,-0.006987896,-0.0068685226,-0.0070018284,-0.0069937967,-0.006983947,-0.006963428,-0.006934326
2012-10-11,-0.0069593303,-0.0068673454,-0.0067861043,-0.006981831,-0.0068002157,-0.006964218,-0.006923225,-0.00703473,-0.006805565,-0.006953042,-0.0069987886,-0.0068626963,-0.007036697,-0.0069877766,-0.0068688355,-0.006990608,-0.00684784,-0.0069616847,-0.006998416,-0.0069346093
2012-10-12,-0.010002818,-0.009930547,-0.009871822,-0.010031324,-0.009887379,-0.0099367015,-0.01017661,-0.010170545,-0.009879556,-0.010009911,-0.01004475,-0.009914275,-0.010091465,-0.010037001,-0.009931322,-0.0100212805,-0.009892713,-0.0100217275,-0.010034483,-0.009981673
2012-10-15,-0.0040483586,-0.004042562,-0.004012864,-0.0041411333,-0.004024636,-0.0041549765,-0.0040770285,-0.0042905174,-0.0040331297,-0.0041332357,-0.0041784756,-0.0040533803,-0.004229974,-0.004180189,-0.004069548,-0.004143592,-0.0040322505,-0.0041290484,-0.004186284,-0.004132252
2012-10-16,-0.006897103,-0.0068638735,-0.0067987554,-0.006971609,-0.00684176,-0.006966751,-0.006884154,-0.0069912784,-0.006861042,-0.006952282,-0.00698274,-0.0068587326,-0.007028725,-0.0069869123,-0.0068949573,-0.006953817,-0.006857168,-0.0069607906,-0.006969761,-0.0069350414
2012-10-17,-0.0058649294,-0.0057579093,-0.005700942,-0.0058686547,-0.005705308,-0.0058407746,-0.005839389,-0.0057224594,-0.0057487898,-0.005856525,-0.005885046,-0.0057521574,-0.0059229694,-0.0058694296,-0.0057621263,-0.005862545,-0.005761277,-0.0058477484,-0.005863767,-0.005823996
2012-10-18,-0.007728245,-0.0076879524,-0.0076065175,-0.0077565424,-0.0076033585,-0.0076536946,-0.0076798014,-0.0076727383,-0.007600393,-0.007704716,-0.0077682994,-0.0076407604,-0.007799279,-0.007748004,-0.00768302,-0.007725667,-0.0076564364,-0.0077379905,-0.007762622,-0.007699143
2012-10-19,-0.00697599,-0.0068760626,-0.006831821,-0.006999459,-0.0068512224,-0.0069644265,-0.0068799965,-0.007011365,-0.0068496577,-0.006956052,-0.007003125,-0.0068909638,-0.007047262,-0.0069950037,-0.0069050156,-0.0069661997,-0.006864112,-0.0069886856,-0.0069903694,-0.0069347285
2012-10-22,-0.009067234,-0.008953076,-0.00892387,-0.009084206,-0.008938145,-0.008981701,-0.008957218,-0.009163868,-0.008917835,-0.009065788,-0.009067114,-0.008964103,-0.009132218,-0.009074863,-0.00897206,-0.008941021,-0.008931469,-0.009058844,-0.009026285,-0.009015497
2012-10-23,-0.006975081,-0.0068804286,-0.0068213604,-0.0070093237,-0.0068287514,-0.006868746,-0.007004734,-0.006903108,-0.0068438016,-0.006973427,-0.006983068,-0.006877374,-0.0070200227,-0.007003825,-0.006878268,-0.0068394504,-0.006850507,-0.0069910698,-0.006927442,-0.006935548
2012-10-24,-0.0069808178,-0.006901052,-0.006814819,-0.007007923,-0.0068277083,-0.0069526993,-0.006977182,-0.0071641468,-0.00681391,-0.0069981776,-0.0069754533,-0.0068993084,-0.0070548765,-0.007007133,-0.006905433,-0.0068481527,-0.0068564974,-0.0070092343,-0.0070086233,-0.0069344603
2012-10-25,-0.003229033,-0.0031581183,-0.003129821,-0.0033106466,-0.003104504,-0.003157716,-0.0032829603,-0.0036340912,-0.0032589992,-0.0032532623,-0.0032754203,-0.0031644513,-0.0033161154,-0.0032989194,-0.003159996,-0.0031699499,-0.003122892,-0.0032943746,-0.0032918712,-0.00322948
2012-10-26,-0.0069228224,-0.006842535,-0.0068638287,-0.0069624893,-0.0068050288,-0.006837573,-0.0068869404,-0.007866826,-0.0069584213,-0.006960716,-0.0069731437,-0.006851401,-0.006977301,-0.0069841854,-0.0068620704,-0.006870415,-0.0068144314,-0.006965529,-0.0069498084,-0.0069229864
2012-10-31,-0.0054828487,-0.005466517,-0.005617898,-0.005559545,-0.0054525547,-0.005437102,-0.0055086575,-0.006403532,-0.005592685,-0.0055883043,-0.0056069903,-0.0054548644,-0.005615499,-0.0056068413,-0.0054795556,-0.0057093017,-0.0054494105,-0.0055760853,-0.0055039786,-0.0055543296
2012-11-01,-0.0069843344,-0.006886717,-0.0069641136,-0.006907683,-0.0069105886,-0.0068691038,-0.006965678,-0.007815,-0.0069775097,-0.0069633834,-0.006999459,-0.0068911277,-0.007031422,-0.0070277713,-0.0068995766,-0.0073647313,-0.006830912,-0.006978404,-0.007005032,-0.007529732
2012-11-02,-0.0069491826,-0.00685763,-0.006991055,-0.006909307,-0.006849166,-0.0068581216,-0.0069595836,-0.007637184,-0.006979119,-0.006986063,-0.006972056,-0.0068803243,-0.007007908,-0.0070235394,-0.006882038,-0.0068989806,-0.0068343244,-0.0069738887,-0.0069529675,-0.007800486
2012-11-05,-0.0069254898,-0.006861251,-0.0070344023,-0.0069649927,-0.0068516694,-0.0068302564,-0.006912481,-0.007385861,-0.006966453,-0.007002037,-0.00699104,-0.0068613254,-0.0070182495,-0.0070001297,-0.0068834983,-0.00730538,-0.0068260245,-0.00695486,-0.0069330297,-0.007045176
2012-11-06,-0.00687794,-0.007137116,-0.00701439,-0.0069585554,-0.006891113,-0.0067998283,-0.0069286637,-0.0070150457,-0.0069647245,-0.0069722347,-0.0070004873,-0.00684784,-0.0070017837,-0.0069903545,-0.006878089,-0.007368367,-0.006855946,-0.006935071,-0.006891083,-0.006974008
2012-11-07,-0.0069201402,-0.007323306,-0.0070197694,-0.0069684647,-0.006870132,-0.0068246983,-0.0069285594,-0.0070353113,-0.0069756024,-0.00697517,-0.0069905333,-0.006871935,-0.007027637,-0.0069962107,-0.006888535,-0.0073386244,-0.0068506114,-0.006952923,-0.006971907,-0.0070613585
2012-11-08,-0.0068893544,-0.0069446675,-0.0070271455,-0.0069475584,-0.006863665,-0.0068688206,-0.007004779,-0.0069467537,-0.0069651417,-0.0069747083,-0.00697216,-0.0068874173,-0.006995257,-0.0070030503,-0.006902661,-0.0073326044,-0.006857943,-0.006962564,-0.006979298,-0.0070624314
2012-11-09,-0.0069314353,-0.0069549344,-0.0070491247,-0.006968837,-0.0068765692,-0.006908428,-0.00698046,-0.0068279915,-0.0069628917,-0.006971162,-0.006966304,-0.0068971477,-0.007012006,-0.006997194,-0.0068976693,-0.006951969,-0.0068815164,-0.006975498,-0.006992426,-0.0069326423
2012-11-12,-0.0067013465,-0.006693404,-0.0067740045,-0.00670762,-0.0066185556,-0.0066647045,-0.006733101,-0.006573137,-0.006700244,-0.0067108534,-0.0067071132,-0.0066382997,-0.0067625307,-0.0067520104,-0.006632041,-0.006638717,-0.00661334,-0.006714847,-0.006741952,-0.006673198
2012-11-13,-0.006932851,-0.0069490783,-0.0070585124,-0.006970521,-0.0068705045,-0.0069203638,-0.0069767796,-0.0068320297,-0.006959539,-0.006970387,-0.006961908,-0.00688326,-0.00694054,-0.0070061944,-0.0068816952,-0.006880652,-0.00684252,-0.0069683753,-0.006978225,-0.00693297
2012-11-14,-0.0069299005,-0.006860506,-0.007059049,-0.006964978,-0.0068497024,-0.006885793,-0.0069512837,-0.0069742613,-0.0069534443,-0.006968867,-0.0069820248,-0.0068778954,-0.006966453,-0.0070044063,-0.0068681203,-0.006871205,-0.006876167,-0.0069514923,-0.00694431,-0.0069334917
2012-11-15,-0.0068721436,-0.006889235,-0.00698879,-0.0069652013,-0.0068472736,-0.006868731,-0.006975081,-0.0069437586,-0.006953012,-0.006968837,-0.0069718026,-0.006873723,-0.0069757216,-0.0070087276,-0.006866079,-0.0068076663,-0.0068412386,-0.006958481,-0.006911289,-0.00693224
2012-11-16,-0.011265706,-0.011295121,-0.011502873,-0.011377331,-0.01125985,-0.011371564,-0.011362817,-0.011395689,-0.011367332,-0.0113841705,-0.0114091,-0.0112970285,-0.011391219,-0.011402216,-0.011292737,-0.011617165,-0.0112882815,-0.011351746,-0.01130202,-0.011345949
2012-11-19,-0.0056604855,-0.0056363605,-0.0058153383,-0.0057414137,-0.0055929236,-0.005671125,-0.005759638,-0.005745601,-0.0057254396,-0.00574648,-0.00573216,-0.005632814,-0.0057626627,-0.005776059,-0.0056561045,-0.0057407133,-0.005633127,-0.0057179444,-0.005678501,-0.0057081543
2012-11-20,-0.006901514,-0.006880816,-0.006999027,-0.006965827,-0.006839957,-0.006853249,-0.006995883,-0.007004481,-0.006939959,-0.0069710426,-0.0069775693,-0.006895911,-0.007009294,-0.0070052557,-0.006894719,-0.006865781,-0.0068621,-0.006953981,-0.006977584,-0.006932717
2012-11-21,-0.007877719,-0.0078000836,-0.007904243,-0.0078837685,-0.007769849,-0.007781174,-0.007908743,-0.008054983,-0.007862296,-0.007895481,-0.007895719,-0.007818755,-0.007926341,-0.007929008,-0.007821333,-0.0077746175,-0.0077795945,-0.00789107,-0.007896971,-0.007850196
2012-11-23,-0.006915536,-0.0068851225,-0.00705361,-0.0069639795,-0.006838035,-0.006949749,-0.0069619976,-0.006827127,-0.0069317184,-0.006968718,-0.0069699846,-0.006891411,-0.0070110224,-0.007010203,-0.006887283,-0.0068505667,-0.0068545155,-0.0069706254,-0.0069595836,-0.006932523
2012-11-26,-0.006921675,-0.0068798773,-0.006961014,-0.0069568865,-0.006824609,-0.0068516694,-0.0069504343,-0.006823119,-0.0069374107,-0.006969627,-0.006960612,-0.0068568103,-0.0069879107,-0.007007953,-0.006867122,-0.006788086,-0.006853115,-0.0069625936,-0.0069332533,-0.0069330297
2012-11-27,-0.0034052243,-0.00338703,-0.0034551134,-0.0034635623,-0.0033528467,-0.0033375134,-0.0034784188,-0.003463458,-0.0034393927,-0.0034776588,-0.003460001,-0.003365483,-0.0034989526,-0.003505524,-0.0033740362,-0.0033236702,-0.003366228,-0.003442671,-0.0034588387,-0.003427144
2012-11-28,-0.0069010668,-0.00688703,-0.006955784,-0.006956514,-0.006863471,-0.006821882,-0.0069396608,-0.0068393014,-0.006785672,-0.00693978,-0.0069639944,-0.0068522505,-0.0069928877,-0.006998416,-0.0068857186,-0.006830495,-0.006867286,-0.006932657,-0.0069520585,-0.0069320165
2012-11-29,-0.006916862,-0.006946843,-0.0069648735,-0.0069948994,-0.0068545304,-0.0068522803,-0.006969508,-0.0068994276,-0.0067869537,-0.0069684796,-0.0069630854,-0.006877493,-0.006989818,-0.0069954805,-0.00688478,-0.00687268,-0.0068825744,-0.0069358014,-0.0069488697,-0.006932076
2012-11-30,-0.0069241636,-0.0069093965,-0.0069900863,-0.0069659613,-0.0068338923,-0.0068680756,-0.0069615506,-0.006843876,-0.006798085,-0.0069716237,-0.006968599,-0.0068510734,-0.0070105307,-0.0069983415,-0.006894853,-0.0068510883,-0.0068572424,-0.0069495253,-0.0069422834,-0.006932508
2012-12-03,-0.0051263086,-0.0050615035,-0.005093377,-0.0051681213,-0.0050477944,-0.0050470494,-0.005145546,-0.0052110814,-0.005125206,-0.005158376,-0.005155783,-0.0050426386,-0.0051715337,-0.005188551,-0.005092647,-0.0050354116,-0.005004432,-0.0051386915,-0.0050761215,-0.005120944
2012-12-04,-0.006965112,-0.0068925284,-0.006903317,-0.006943386,-0.006843459,-0.006867733,-0.006961178,-0.006899368,-0.006934162,-0.006970834,-0.006973099,-0.006865304,-0.007007893,-0.007011857,-0.0069404505,-0.006842535,-0.0068561397,-0.006949749,-0.0069557093,-0.0069324784
2012-12-05,-0.0068966113,-0.006871965,-0.0068910383,-0.006981518,-0.0069505833,-0.0068491213,-0.0068728887,-0.007048186,-0.0069262795,-0.006972935,-0.0069870017,-0.0068517737,-0.0070180707,-0.0069996975,-0.006902989,-0.006982263,-0.0068957917,-0.006920155,-0.006976884,-0.006931808
2012-12-06,-0.008563574,-0.008510377,-0.008467998,-0.008591305,-0.0085597,-0.008461516,-0.008453187,-0.008785721,-0.008389827,-0.008578312,-0.008589264,-0.00846402,-0.00860798,-0.008532476,-0.0085169785,-0.00856654,-0.008527499,-0.008547675,-0.008572068,-0.008531462
2012-12-07,-0.006958153,-0.0068548135,-0.006961953,-0.0070051365,-0.0069454126,-0.00685833,-0.006805416,-0.007050764,-0.006792363,-0.0069835,-0.0069790743,-0.0068598203,-0.0069901906,-0.006960731,-0.006924268,-0.006985318,-0.00690205,-0.0068543963,-0.006928768,-0.006931778
2012-12-10,-0.0069460236,-0.00686739,-0.00690582,-0.0070221983,-0.006953072,-0.006828498,-0.006808456,-0.007041808,-0.0068118237,-0.0069597177,-0.0069904737,-0.0068569146,-0.006980803,-0.006982889,-0.006909173,-0.0069723986,-0.0068784766,-0.006857913,-0.0068841986,-0.0069320314
2012-12-11,-0.008126657,-0.008110475,-0.008180093,-0.008262958,-0.008196618,-0.008191075,-0.00812931,-0.008501332,-0.008058589,-0.008242052,-0.0082415305,-0.008124616,-0.008252796,-0.008272927,-0.00815938,-0.008243497,-0.008171629,-0.00816543,-0.0082006715,-0.008202653
2012-12-12,-0.009207126,-0.009201255,-0.009250443,-0.009284552,-0.009298321,-0.009185802,-0.00919972,-0.0094378255,-0.009121012,-0.009306621,-0.009300943,-0.009177413,-0.009318795,-0.009334605,-0.009231936,-0.009317394,-0.009197857,-0.009230282,-0.009262826,-0.009265419
2012-12-13,-0.0069328807,-0.006894406,-0.006896984,-0.0070063584,-0.0069731437,-0.0073437355,-0.0068993084,-0.0071705244,-0.0068756156,-0.0069835745,-0.0069763325,-0.006908264,-0.0069799684,-0.0070206188,-0.006916743,-0.006949719,-0.0069011413,-0.006962683,-0.0069401376,-0.00691114
2012-12-14,-0.006480735,-0.006498169,-0.006562721,-0.0065722577,-0.0065769963,-0.006560441,-0.006527137,-0.006617319,-0.006497439,-0.00659455,-0.0066027604,-0.006480675,-0.006558325,-0.0066399686,-0.0065200888,-0.0064265393,-0.006481599,-0.0065741055,-0.0065541677,-0.006514769
2012-12-17,-0.006154638,-0.0062320344,-0.006412592,-0.006319832,-0.0062010847,-0.006266009,-0.0061961226,-0.0063264035,-0.006147947,-0.00630584,-0.0063390695,-0.0062063597,-0.0063395165,-0.0063571893,-0.0062556975,-0.006297808,-0.006230574,-0.006262567,-0.00617313,-0.0062998496
2012-12-18,-0.006833177,-0.0069864057,-0.007039737,-0.0069843493,-0.0068548135,-0.00691643,-0.006860029,-0.007187333,-0.0067865364,-0.006939646,-0.0069897734,-0.006849613,-0.006984722,-0.007003527,-0.0069113337,-0.0069722943,-0.0068748407,-0.006928619,-0.0068542026,-0.006934043
2012-12-19,-0.0045722686,-0.0047013424,-0.0046729855,-0.004734542,-0.004597973,-0.0046958737,-0.004587095,-0.0050963126,-0.0045253597,-0.004686784,-0.00473943,-0.0045904033,-0.004717227,-0.0047550313,-0.00464892,-0.0047128014,-0.0046405606,-0.004643943,-0.00468288,-0.0046842955
2012-12-20,-0.006877642,-0.006824162,-0.006998237,-0.0069695674,-0.006846603,-0.0069639795,-0.0068536513,-0.007492911,-0.0067755543,-0.0069366656,-0.0069890283,-0.0068545155,-0.0069803707,-0.0070064925,-0.0069270246,-0.006947499,-0.006895121,-0.0069211833,-0.0069328956,-0.0069338344
2012-12-21,-0.006845128,-0.006959703,-0.007029753,-0.0069315843,-0.006833475,-0.006989997,-0.0068317614,-0.0069614165,-0.006774094,-0.006936025,-0.0069875233,-0.006840389,-0.006964814,-0.0069884174,-0.0069413893,-0.0068056993,-0.0069282018,-0.0068757497,-0.0069329105,-0.0069339387
2012-12-24,-0.0068736635,-0.006937783,-0.0070212893,-0.0069668256,-0.006839361,-0.006974485,-0.006838586,-0.0072727613,-0.0067875497,-0.0069395266,-0.006996002,-0.006863009,-0.006971922,-0.0070031695,-0.0069430433,-0.006838765,-0.006892871,-0.006914925,-0.0069329105,-0.006933909
2012-12-26,-0.012315553,-0.012389433,-0.012489971,-0.012424823,-0.012293752,-0.012439605,-0.012309011,-0.012465876,-0.012227248,-0.012389388,-0.0124438815,-0.012332093,-0.012419622,-0.012461584,-0.01239356,-0.012324911,-0.012362551,-0.012406778,-0.012385946,-0.012387704
2012-12-27,-0.0068564825,-0.0068647526,-0.007024955,-0.006936338,-0.006854292,-0.0070144795,-0.006833803,-0.006964039,-0.006786432,-0.0069395117,-0.006974276,-0.006862592,-0.006967645,-0.0070102625,-0.006941121,-0.0068585984,-0.006902989,-0.0069459192,-0.0069329105,-0.006934371
2012-12-28,-0.006835874,-0.006877478,-0.006981071,-0.0069373064,-0.006844815,-0.006962221,-0.0068291984,-0.006892603,-0.0067892335,-0.006938856,-0.0069911294,-0.006843161,-0.0069671087,-0.006998878,-0.006921675,-0.006835144,-0.0068803243,-0.006937515,-0.0069328807,-0.0069377236
2012-12-31,-0.006802913,-0.0068227313,-0.007037934,-0.006957438,-0.0068380795,-0.0070247613,-0.0068188272,-0.006914284,-0.006777372,-0.006935697,-0.0069810413,-0.0068317764,-0.006937977,-0.0070105754,-0.0069434457,-0.0069312267,-0.006890189,-0.0069184266,-0.0069328807,-0.006934773
2013-01-02,-0.006860491,-0.0068889223,-0.007028889,-0.0069369636,-0.0068913363,-0.00696693,-0.0068213455,-0.0069134794,-0.006779399,-0.006936636,-0.006993454,-0.0068566017,-0.006991964,-0.007008355,-0.006995272,-0.0069881342,-0.0068855993,-0.0069574825,-0.0069329105,-0.0069339834
2013-01-03,-0.006955471,-0.0068438314,-0.0069666468,-0.0069389753,-0.0068511777,-0.0069478564,-0.0068261884,-0.006872665,-0.0067783855,-0.00693604,-0.006990861,-0.0068430416,-0.0069644414,-0.006989237,-0.006948676,-0.006911736,-0.0068563484,-0.0069493614,-0.0069328807,-0.0069350563
2013-01-04,-0.006939959,-0.006860357,-0.006992247,-0.00697748,-0.006857734,-0.006956663,-0.006821107,-0.0072567873,-0.0067790262,-0.0069355182,-0.006994035,-0.006824773,-0.0069507025,-0.00699478,-0.0069766305,-0.0069292895,-0.0068697296,-0.0069187246,-0.0069329105,-0.006935682
2013-01-07,-0.00890201,-0.008709487,-0.00884847,-0.008788522,-0.008680593,-0.0088141225,-0.00864185,-0.0087376945,-0.008615162,-0.008764889,-0.008818354,-0.008660253,-0.008803304,-0.00882576,-0.008758392,-0.008741658,-0.008698862,-0.0087581985,-0.008759063,-0.00876103
2013-01-08,-0.007059794,-0.00685532,-0.0069951676,-0.0069870763,-0.0068842433,-0.006951984,-0.006828796,-0.0075607263,-0.0067889653,-0.0069383197,-0.006979879,-0.0068381242,-0.006969791,-0.0070038997,-0.0069544725,-0.0069442056,-0.0068817846,-0.0069493316,-0.0069329403,-0.0069342963
2013-01-09,-0.007840406,-0.007559102,-0.007702794,-0.007674899,-0.0075413696,-0.0077299885,-0.0075537823,-0.007679399,-0.007491078,-0.0076490007,-0.0076986365,-0.0075535737,-0.0076969974,-0.007707026,-0.007685777,-0.0076600723,-0.007584121,-0.007648494,-0.0076444857,-0.007645484
2013-01-10,-0.006883081,-0.0068705343,-0.006983798,-0.006961476,-0.006874066,-0.0069567524,-0.006840002,-0.00699554,-0.0067649893,-0.0069338344,-0.0069671385,-0.006830018,-0.006980624,-0.006994661,-0.00698049,-0.0069577955,-0.0068781935,-0.006889995,-0.0069329105,-0.006935071
2013-01-11,-0.007093992,-0.006852921,-0.006964337,-0.006950628,-0.006952282,-0.006953772,-0.006830942,-0.0068690144,-0.006757181,-0.0069384985,-0.006975081,-0.006830599,-0.0069478117,-0.0070004724,-0.006931212,-0.006791454,-0.0068572275,-0.006911423,-0.0069328807,-0.0069338046
2013-01-14,-0.00719304,-0.0068641417,-0.0069993697,-0.00696614,-0.006981995,-0.006863635,-0.006824713,-0.0069915317,-0.006784316,-0.0069385283,-0.0069807284,-0.006847676,-0.0069059096,-0.0069936328,-0.006954383,-0.006788563,-0.0068632774,-0.0068995766,-0.0069328807,-0.0069346987
2013-01-15,-0.0072181188,-0.0068439357,-0.007009562,-0.0069764964,-0.0069737844,-0.006864127,-0.006825503,-0.0069587193,-0.006760936,-0.006938558,-0.006980907,-0.0068439655,-0.006959554,-0.006992381,-0.0069285743,-0.0068108253,-0.006888952,-0.006903406,-0.0069329403,-0.006934624
2013-01-16,-0.007229399,-0.0068397634,-0.0069980286,-0.0069851093,-0.006993752,-0.0068867467,-0.006812241,-0.0074136667,-0.006749343,-0.0069381557,-0.00698648,-0.0068432502,-0.006939616,-0.0069959275,-0.0069051646,-0.00681689,-0.006869551,-0.006914478,-0.0069329105,-0.006934937
2013-01-17,-0.005869355,-0.0054616593,-0.005485352,-0.005608838,-0.005603086,-0.005552169,-0.005435329,-0.006100189,-0.005355995,-0.0055525266,-0.0055985563,-0.005460974,-0.005588975,-0.005615648,-0.005593803,-0.0054430626,-0.005469572,-0.00551812,-0.0055479966,-0.0055493824
2013-01-18,-0.0073455535,-0.0068244003,-0.006862458,-0.0070058666,-0.0069808476,-0.006966021,-0.006825324,-0.007047545,-0.0067494027,-0.006937396,-0.0069829933,-0.0068559907,-0.006961938,-0.006993275,-0.0069559775,-0.0068706386,-0.00684784,-0.006902572,-0.0069329105,-0.006934833
2013-01-22,-0.007286351,-0.007148411,-0.0072208606,-0.0072829984,-0.007294398,-0.007231783,-0.0071329586,-0.0072637163,-0.0070401244,-0.0072247796,-0.007271882,-0.0071551315,-0.0072592013,-0.007284578,-0.0072442107,-0.007264208,-0.007153984,-0.0072345696,-0.0072200857,-0.007222157
2013-01-23,-0.0069648735,-0.006884571,-0.0069641583,-0.007019054,-0.007009711,-0.006961923,-0.0068319105,-0.0070717,-0.0067379586,-0.006933283,-0.006989863,-0.006883662,-0.0069929175,-0.0069961958,-0.0069696717,-0.006967824,-0.006900247,-0.0069374405,-0.0069329105,-0.006935682
2013-01-24,-0.009166952,-0.008879285,-0.008977246,-0.008998182,-0.008976217,-0.008992832,-0.008842465,-0.009040754,-0.008768287,-0.008973535,-0.009000476,-0.008888375,-0.009005304,-0.009007346,-0.00893664,-0.00889964,-0.008895647,-0.008955862,-0.008974846,-0.008938979
2013-01-25,-0.006957244,-0.006909292,-0.006888073,-0.0069732927,-0.0070197843,-0.0068683587,-0.0068412833,-0.006962102,-0.0067563914,-0.0069344305,-0.0069940053,-0.0068895034,-0.0069672577,-0.007020723,-0.006981861,-0.0068326257,-0.006881144,-0.006956678,-0.006937485,-0.0069345646
2013-01-28,-0.0069625787,-0.0068712197,-0.006870415,-0.0069820397,-0.0069971345,-0.006957095,-0.006840151,-0.006952729,-0.0067618303,-0.0069282167,-0.0069859885,-0.00685915,-0.007002365,-0.0070072226,-0.006943669,-0.006814923,-0.0068802796,-0.006923627,-0.006933775,-0.006942909
2013-01-29,-0.0068973415,-0.0068492256,-0.006871175,-0.0069831572,-0.006994959,-0.0068827383,-0.0068288855,-0.0067933463,-0.006750744,-0.0069160275,-0.006986197,-0.006892156,-0.007019352,-0.0069994144,-0.0069323443,-0.006909754,-0.0068658404,-0.006937381,-0.0069330446,-0.006935712
2013-01-30,-0.007133525,-0.0070149116,-0.0070149116,-0.007133778,-0.0071378313,-0.0070348196,-0.006978806,-0.006952431,-0.006895732,-0.0070869885,-0.0071281604,-0.007011976,-0.007121902,-0.0071492754,-0.0070729516,-0.00707769,-0.0070216767,-0.007058244,-0.0071159266,-0.0070803873
2013-01-31,-0.010008644,-0.009918865,-0.009916108,-0.0100303255,-0.010036182,-0.009998631,-0.009895753,-0.01001836,-0.009803977,-0.009984877,-0.010044616,-0.009889569,-0.010084506,-0.010048624,-0.009992953,-0.009887915,-0.009920713,-0.009939667,-0.0100093,-0.009979125
2013-02-01,-0.007583957,-0.0074977092,-0.0075032823,-0.0075857304,-0.0076063685,-0.00765587,-0.0074400865,-0.007733714,-0.0073999725,-0.0075463764,-0.0075923465,-0.007456314,-0.007657286,-0.007622134,-0.007524129,-0.0074517094,-0.0074774288,-0.007495638,-0.0075778626,-0.007543158
2013-02-04,-0.0077232234,-0.0076342784,-0.0075990073,-0.0077152364,-0.0077334307,-0.0077554546,-0.0075514726,-0.007929768,-0.007562872,-0.0076766573,-0.0077340268,-0.0075712763,-0.007742595,-0.0077405088,-0.007689651,-0.00756998,-0.0075889938,-0.0076276474,-0.0076826774,-0.007677
2013-02-05,-0.00694884,-0.0068806373,-0.006953191,-0.0069769286,-0.0069863163,-0.0069860183,-0.0068353675,-0.007417973,-0.0068117045,-0.0069304965,-0.0069933794,-0.006867405,-0.0070167147,-0.006999489,-0.006935399,-0.006959241,-0.006854322,-0.0069036447,-0.0069436096,-0.006934192
2013-02-06,-0.0069641434,-0.006852474,-0.0069049858,-0.00699858,-0.0069768243,-0.007046517,-0.0068156384,-0.0077300332,-0.0068050437,-0.006929081,-0.006990101,-0.0068365745,-0.007021647,-0.0070013665,-0.0069265477,-0.0069152974,-0.0068752132,-0.0068933778,-0.0069698505,-0.0069339983
2013-02-07,-0.007026594,-0.0068509392,-0.0068765245,-0.006988924,-0.0069769733,-0.0070378147,-0.0068221055,-0.007693004,-0.006836932,-0.0069261454,-0.0069884174,-0.006842565,-0.007005539,-0.0069953017,-0.006899353,-0.0068861954,-0.0068626963,-0.006882947,-0.006944608,-0.006934207
2013-02-08,-0.008539062,-0.00847609,-0.008508589,-0.008562457,-0.008585434,-0.00865845,-0.008394059,-0.009236734,-0.008401316,-0.008509483,-0.008568864,-0.008436497,-0.008588862,-0.0085827075,-0.008504625,-0.008548256,-0.008445393,-0.008465286,-0.008504327,-0.0085054
2013-02-11,-0.0071049444,-0.0070581995,-0.007066112,-0.007149499,-0.0071616136,-0.0072401874,-0.006986629,-0.0077150427,-0.007004734,-0.0071192496,-0.0071685575,-0.0070304535,-0.0071756206,-0.007187795,-0.0070848726,-0.0071396045,-0.0070513897,-0.0070920996,-0.0071135126,-0.007115897
2013-02-12,-0.0070179068,-0.0068539493,-0.006856095,-0.0069900565,-0.00689001,-0.0070888363,-0.006844025,-0.007762756,-0.006826397,-0.0069333725,-0.00698578,-0.006864812,-0.0069659613,-0.007005509,-0.0069240294,-0.00696617,-0.0068614893,-0.0069094114,-0.0069648586,-0.006934639
2013-02-13,-0.0070681386,-0.0068784617,-0.0068730973,-0.0069929473,-0.0069664232,-0.0069974028,-0.0068710856,-0.0075388514,-0.0068290345,-0.0069339387,-0.0069870017,-0.0068679266,-0.007057961,-0.007008847,-0.006930407,-0.0069533996,-0.0068869554,-0.006885361,-0.006934922,-0.006935682
2013-02-14,-0.003844004,-0.003616344,-0.0036129018,-0.0037175526,-0.0036714186,-0.003727,-0.0035366525,-0.0043576173,-0.0035488268,-0.0036722084,-0.0037267616,-0.0035980304,-0.003856968,-0.0037431081,-0.0036758592,-0.003686886,-0.003631096,-0.0036339124,-0.0036717316,-0.0036730727
2013-02-15,-0.007053327,-0.006892305,-0.006878432,-0.0069754384,-0.0068421327,-0.0069768094,-0.006809082,-0.007561233,-0.00682215,-0.006937828,-0.006978791,-0.0069016926,-0.006957274,-0.0070131384,-0.0068682544,-0.0068522952,-0.0068853907,-0.0068997256,-0.006955322,-0.0069365613
2013-02-19,-0.007087242,-0.006915506,-0.006893333,-0.0069879703,-0.0068633966,-0.0070239864,-0.006846871,-0.0071158074,-0.0068569146,-0.006937798,-0.006985318,-0.0068959706,-0.0071472786,-0.0070113055,-0.0068923943,-0.0069240592,-0.0068651102,-0.006901007,-0.0069389306,-0.0069347285
2013-02-20,-0.0070375614,-0.006887283,-0.006891098,-0.0069733374,-0.0068261437,-0.00699028,-0.00682069,-0.007233169,-0.0068477653,-0.006938439,-0.006996479,-0.0068763904,-0.007015627,-0.007006433,-0.0068857186,-0.0067960285,-0.006854888,-0.0069096945,-0.0069345497,-0.006934371
2013-02-21,-0.0070272647,-0.006898131,-0.0068703257,-0.0069675706,-0.0069363974,-0.007040661,-0.006840553,-0.0069300644,-0.006878834,-0.0069379173,-0.006996747,-0.0068576597,-0.0070881657,-0.0070019625,-0.006914299,-0.006818097,-0.006877374,-0.0068878494,-0.0069344305,-0.006933864
2013-02-22,-0.0069981925,-0.006915178,-0.0068818145,-0.006989505,-0.0069493316,-0.0070871077,-0.0068355016,-0.007030066,-0.0070385747,-0.006937366,-0.0070042424,-0.006879758,-0.007089909,-0.0070062988,-0.0069139563,-0.0067910366,-0.0068758093,-0.0069166534,-0.006940048,-0.0069350414
2013-02-25,-0.006598141,-0.006429877,-0.006503623,-0.006540995,-0.006518986,-0.0064878874,-0.006375339,-0.0064161383,-0.0065699182,-0.006505128,-0.0065723322,-0.0064415745,-0.0065753125,-0.006570246,-0.0064726286,-0.0065209083,-0.0064367913,-0.0064608417,-0.0065018646,-0.0065015666
2013-02-26,-0.006978046,-0.006957736,-0.006922107,-0.00697067,-0.006843906,-0.0069602244,-0.006857287,-0.0068555437,-0.0070453845,-0.0069372617,-0.007000845,-0.0068783425,-0.006941449,-0.007008653,-0.006906625,-0.0069498233,-0.0068840794,-0.0068720393,-0.006934058,-0.006934192
2013-02-27,-0.0069790743,-0.0068911426,-0.0069080107,-0.00696617,-0.0068159215,-0.006926205,-0.006814655,-0.006814953,-0.0070144944,-0.006937217,-0.006997522,-0.006885972,-0.0069398396,-0.0069967173,-0.0069350265,-0.006939631,-0.006852623,-0.006872859,-0.006934013,-0.006934669
2013-02-28,-0.006976139,-0.006915983,-0.006908383,-0.006990578,-0.006863933,-0.0070022754,-0.0068219714,-0.006968852,-0.0070242696,-0.006937217,-0.0069982223,-0.006863158,-0.006979566,-0.0069951974,-0.0068997405,-0.0068366043,-0.006873753,-0.0068803094,-0.006934028,-0.0069351755
2013-03-01,-0.004839804,-0.004764583,-0.0047560595,-0.004877966,-0.004785534,-0.0048594885,-0.0046853386,-0.004795667,-0.0048562847,-0.0048012696,-0.0048665963,-0.00472657,-0.0048820786,-0.004861634,-0.0047618262,-0.004704859,-0.0047580265,-0.0047560595,-0.004797902,-0.004798364
2013-03-04,-0.0078950785,-0.007860776,-0.0078189485,-0.007932451,-0.007855918,-0.007930484,-0.007760402,-0.0077273957,-0.007961687,-0.007861834,-0.007919367,-0.0077903233,-0.007927638,-0.007929023,-0.0077917688,-0.0077434145,-0.007828411,-0.007797595,-0.007858392,-0.007858764
2013-03-05,-0.0069021545,-0.0069535337,-0.0069102608,-0.0069869272,-0.0068795346,-0.0069709383,-0.006790217,-0.0068052076,-0.007052999,-0.0069373213,-0.0069933943,-0.006875973,-0.0070094876,-0.007004138,-0.0068626814,-0.006948244,-0.0069028996,-0.0068590604,-0.006933477,-0.0069351606
2013-03-06,-0.006935235,-0.006913569,-0.0069393627,-0.0069753937,-0.006894391,-0.00693826,-0.0068014376,-0.0068036728,-0.0070165806,-0.006937649,-0.006990459,-0.006858032,-0.006956052,-0.007004034,-0.0068492703,-0.006947946,-0.006882172,-0.0069242828,-0.006930869,-0.006935682
2013-03-07,-0.0048572384,-0.004717361,-0.0047569238,-0.0048449896,-0.0047476254,-0.004879769,-0.0046699904,-0.0046715997,-0.004850354,-0.0048073344,-0.004855212,-0.004703339,-0.0048700385,-0.004860129,-0.0047729127,-0.0047881566,-0.00472359,-0.0047652833,-0.004676532,-0.0047932677
2013-03-08,-0.006874617,-0.0068890564,-0.0068901144,-0.0069308095,-0.0068614297,-0.0069702677,-0.0068024807,-0.0068026893,-0.0069977455,-0.006942194,-0.0070043914,-0.006866675,-0.007015016,-0.007001858,-0.0068834536,-0.0069369934,-0.006880518,-0.0069123916,-0.0069361143,-0.0069339536
2013-03-11,-0.0054083727,-0.005464684,-0.0054013394,-0.005467724,-0.005363982,-0.005406525,-0.0053185336,-0.0053068213,-0.0055458657,-0.005452182,-0.005514797,-0.0054044686,-0.005518239,-0.0054991506,-0.0053787045,-0.0054413043,-0.0053710155,-0.0054632537,-0.0054722987,-0.0054420345
2013-03-12,-0.0068852566,-0.0069557987,-0.0069618784,-0.0069792233,-0.0068606846,-0.0069407187,-0.006886836,-0.0068071894,-0.007005658,-0.0069617145,-0.0070152394,-0.006896239,-0.007020306,-0.00700609,-0.0069078766,-0.006946977,-0.0068897717,-0.006971415,-0.006939005,-0.0069344006
2013-03-13,-0.006983172,-0.006874468,-0.0069815777,-0.0069879256,-0.0068558715,-0.0069859438,-0.0068210624,-0.0068972223,-0.0069707446,-0.0069619976,-0.0070044063,-0.0068740807,-0.0069825016,-0.006995257,-0.0068771057,-0.0069024824,-0.0068788193,-0.0069562607,-0.007006537,-0.0069339536
2013-03-14,-0.00840443,-0.008293506,-0.00837585,-0.008372273,-0.0083245,-0.0084375255,-0.0082367025,-0.0083328895,-0.008376699,-0.008371811,-0.008405384,-0.008316945,-0.008429196,-0.008409064,-0.008289587,-0.0083667,-0.008272331,-0.008338582,-0.008423608,-0.008343529
2013-03-15,-0.005564671,-0.005515214,-0.00549474,-0.005488079,-0.005410563,-0.005552184,-0.0053711943,-0.0055065416,-0.005534079,-0.005479973,-0.005521681,-0.0054069124,-0.005535867,-0.005536627,-0.0054489784,-0.0055101328,-0.005381804,-0.0054656677,-0.005539026,-0.005452346
2013-03-18,-0.007045742,-0.006958347,-0.006961357,-0.0069585554,-0.0069330893,-0.00706866,-0.0068561845,-0.0069715045,-0.0070185326,-0.006945979,-0.007004928,-0.006919842,-0.0070368014,-0.0070107244,-0.0069099776,-0.0068915896,-0.006874483,-0.0069642477,-0.00697292,-0.006933715
2013-03-19,-0.0070367716,-0.0069268905,-0.0069749914,-0.0069686584,-0.006906491,-0.007090848,-0.006859403,-0.0069401823,-0.0070001744,-0.0069511794,-0.0070066564,-0.006935399,-0.007111978,-0.0070150904,-0.0068993084,-0.0068637542,-0.0068833344,-0.0069766752,-0.006975796,-0.0069340877
2013-03-20,-0.004177358,-0.004046317,-0.0040622912,-0.0041079484,-0.004022699,-0.004183214,-0.0039547794,-0.0041283183,-0.0041129403,-0.0040860735,-0.0041474663,-0.0040408038,-0.004149314,-0.004130896,-0.00404742,-0.0040857755,-0.0040273033,-0.004106205,-0.004104372,-0.0040593557
2013-03-21,-0.0070473216,-0.006903719,-0.0069193356,-0.006977912,-0.006897267,-0.007054519,-0.0068054013,-0.007259708,-0.0069742016,-0.006956663,-0.0070133917,-0.0068982802,-0.006962206,-0.0070010535,-0.006893333,-0.0068678968,-0.0068828277,-0.0069626085,-0.006971132,-0.0069338195
2013-03-22,-0.009601455,-0.009472992,-0.009509202,-0.009571832,-0.009484645,-0.009664904,-0.009439539,-0.0098958425,-0.009567987,-0.009531673,-0.009603571,-0.00948761,-0.009515341,-0.009604584,-0.009493705,-0.009524431,-0.0094884,-0.009531613,-0.009576287,-0.009532075
2013-03-25,-0.008363824,-0.008258175,-0.008248564,-0.008319851,-0.0082314275,-0.008413207,-0.0082244985,-0.00875574,-0.008336376,-0.008284759,-0.008367162,-0.008236643,-0.008358385,-0.0083454065,-0.0082373135,-0.008348998,-0.0082192235,-0.008251321,-0.008325886,-0.008285206
2013-03-26,-0.007057544,-0.006843921,-0.0069389604,-0.0069729947,-0.006853264,-0.0072287284,-0.0068228357,-0.007077243,-0.006965097,-0.0069514476,-0.0069978796,-0.0068754964,-0.00694127,-0.0069937967,-0.0069089793,-0.0069388263,-0.0068608634,-0.00691415,-0.0069979243,-0.0069342367
2013-03-27,-0.0070559196,-0.006861802,-0.006930422,-0.006970804,-0.006838616,-0.0070096366,-0.006773796,-0.007054981,-0.006969031,-0.006944295,-0.007005494,-0.0068585984,-0.0069709383,-0.006988477,-0.006884571,-0.0069053285,-0.0068504177,-0.006877955,-0.007010352,-0.0069344006
2013-03-28,-0.0052210353,-0.005049702,-0.0050921105,-0.0051339827,-0.005074423,-0.005225178,-0.004962083,-0.0052710883,-0.0051572733,-0.0051115565,-0.00517134,-0.0050387494,-0.0051557682,-0.0051638596,-0.005090248,-0.005105283,-0.0050283633,-0.005077075,-0.00517286,-0.005107891
2013-04-01,-0.0070266835,-0.006891083,-0.0069098137,-0.0069641434,-0.006879594,-0.007051479,-0.006856542,-0.007057395,-0.0069708787,-0.006933015,-0.007010188,-0.006878566,-0.006992873,-0.0069891326,-0.0068537705,-0.0069471262,-0.0068786256,-0.0069339536,-0.007033985,-0.0069342516
2013-04-02,-0.007053446,-0.0069658123,-0.006870758,-0.0068807714,-0.006876003,-0.0070455633,-0.006787818,-0.0070293956,-0.0069906525,-0.006935548,-0.0070256703,-0.0068650506,-0.007002678,-0.006982859,-0.0068602525,-0.0069665127,-0.0068757795,-0.006887596,-0.0070066117,-0.006934222
2013-04-03,-0.009179812,-0.009104442,-0.009089764,-0.009132471,-0.00910541,-0.0092492215,-0.009003531,-0.009178322,-0.009207364,-0.009140845,-0.009200897,-0.009069186,-0.0091819875,-0.009195726,-0.009073567,-0.0091816895,-0.009080913,-0.0090948455,-0.009198543,-0.009142157
2013-04-04,-0.006900575,-0.006941419,-0.0068722926,-0.006954979,-0.0069093816,-0.006974157,-0.006803315,-0.0068225525,-0.007008817,-0.0069328807,-0.0069960468,-0.006833207,-0.0070357732,-0.006983828,-0.00686137,-0.0070173554,-0.0068370514,-0.0069411807,-0.006980907,-0.0069344603
2013-04-05,-0.0068852417,-0.0069431476,-0.006895449,-0.0069638453,-0.0068751387,-0.0070199333,-0.006796133,-0.006970238,-0.0070413314,-0.0069328807,-0.0069965087,-0.006820198,-0.0070033185,-0.0069816373,-0.006855678,-0.006948542,-0.0068456493,-0.006934654,-0.0069816373,-0.006934177
2013-04-08,-0.0068845265,-0.006933909,-0.0068591647,-0.0069410168,-0.006900858,-0.006943863,-0.006804373,-0.0068201385,-0.007033702,-0.0069328807,-0.0069879703,-0.006836649,-0.006938692,-0.006984722,-0.006862577,-0.006996151,-0.0068329237,-0.006874945,-0.00698955,-0.0069339685
2013-04-09,-0.006982263,-0.006967377,-0.0068915896,-0.0069018565,-0.0068903677,-0.0070005767,-0.006832879,-0.0068266205,-0.007040646,-0.0069328807,-0.0069884174,-0.0068430714,-0.0068231337,-0.0069917254,-0.00689907,-0.0070042573,-0.006865274,-0.0069080554,-0.0069742613,-0.006935563
2013-04-10,-0.008741688,-0.008736398,-0.008699115,-0.00875413,-0.008700889,-0.008667808,-0.008613627,-0.008571189,-0.008809339,-0.008700054,-0.0087639205,-0.008603301,-0.008662324,-0.008755278,-0.008673783,-0.008757692,-0.008635055,-0.008675661,-0.008752998,-0.008701708
2013-04-11,-0.003085043,-0.0031284501,-0.003051724,-0.0031076928,-0.0030693372,-0.0031416079,-0.0029602756,-0.0029415896,-0.0031932702,-0.0030854454,-0.0031434854,-0.0029866358,-0.0029795577,-0.0031308045,-0.0030193587,-0.0031348278,-0.0030022522,-0.0030515601,-0.0031298806,-0.0030878147
2013-04-12,-0.009414356,-0.009346347,-0.0093434565,-0.009351458,-0.009362277,-0.00945745,-0.009292092,-0.009277891,-0.009479385,-0.009404313,-0.009464186,-0.009320285,-0.00928485,-0.009452131,-0.009330448,-0.009422373,-0.009324562,-0.009366345,-0.009456243,-0.009406608
2013-04-15,-0.0076897256,-0.0076654665,-0.007619407,-0.007584747,-0.007561501,-0.0076535456,-0.0075227134,-0.0074762665,-0.007721361,-0.0076122247,-0.007670488,-0.0075178556,-0.007511195,-0.007672962,-0.0075543635,-0.007634204,-0.0075581633,-0.0076015852,-0.0076658987,-0.007613804
2013-04-16,-0.006981235,-0.006990563,-0.006931599,-0.0068896525,-0.0068911873,-0.006981086,-0.006841924,-0.006799381,-0.007037606,-0.0069328807,-0.006996345,-0.0068412535,-0.0068423115,-0.006960418,-0.006882366,-0.0069468133,-0.006889593,-0.0069164746,-0.0069883876,-0.0069362633
2013-04-17,-0.007370021,-0.0073678307,-0.007320013,-0.007292714,-0.0072756074,-0.00731067,-0.007225286,-0.0071982257,-0.007418733,-0.007319849,-0.007389333,-0.0072327815,-0.0072487704,-0.007343363,-0.007272225,-0.007349279,-0.0072816275,-0.007304173,-0.007345479,-0.007322725
2013-04-18,-0.0034502407,-0.0034049114,-0.0033843329,-0.0033736636,-0.003352504,-0.003495257,-0.0032878479,-0.0032682975,-0.0034862568,-0.0034059098,-0.0034745147,-0.0033097973,-0.003335308,-0.00343224,-0.0033620556,-0.0033457538,-0.0033633967,-0.0034369638,-0.0034234484,-0.0034082194
2013-04-19,-0.010263752,-0.010234531,-0.01017366,-0.010263454,-0.010201212,-0.0102929585,-0.010117214,-0.010118928,-0.010320824,-0.0102409385,-0.0103134625,-0.010154825,-0.010166924,-0.010252815,-0.010177057,-0.01018713,-0.010176968,-0.0102189295,-0.010258969,-0.010242965
2013-04-22,-0.004537504,-0.0045279227,-0.0044543706,-0.0044693314,-0.0044985674,-0.0045252554,-0.004383739,-0.0043524317,-0.0045908205,-0.0044881664,-0.0045637153,-0.004378494,-0.004476633,-0.0045120977,-0.004448306,-0.004392918,-0.0044165514,-0.0044577084,-0.0045003407,-0.004490178
2013-04-23,-0.0069828145,-0.0069220923,-0.006862726,-0.00685082,-0.0068882667,-0.00695711,-0.006818738,-0.0067958646,-0.007014122,-0.0069328807,-0.0070041977,-0.006822761,-0.0068323575,-0.0069405697,-0.006882962,-0.0068089776,-0.006860938,-0.006896805,-0.006941315,-0.0069369487
2013-04-24,-0.006930586,-0.0068780594,-0.0068288557,-0.006848898,-0.006927844,-0.0069344454,-0.006806385,-0.006805327,-0.006970968,-0.0069328807,-0.006989654,-0.006826233,-0.0068478696,-0.0069855265,-0.006872561,-0.006926682,-0.0068407916,-0.0068949126,-0.0069417767,-0.0069341324
2013-04-25,-0.00695784,-0.0069324635,-0.0068467967,-0.0068523698,-0.006904166,-0.0069871955,-0.0068293475,-0.0068141185,-0.00697067,-0.0069328807,-0.006986972,-0.0068415664,-0.006901499,-0.006986808,-0.006881248,-0.006801557,-0.0068626963,-0.00690436,-0.006944295,-0.0069357418
2013-04-26,-0.0069948547,-0.006814014,-0.006869193,-0.0068798773,-0.006899368,-0.007006746,-0.006817084,-0.0069237463,-0.0069705658,-0.0069328807,-0.0069863163,-0.006851848,-0.00689834,-0.00698727,-0.0068810247,-0.006903615,-0.0068764947,-0.006918039,-0.0069939904,-0.0069363825
2013-04-29,-0.006994214,-0.006922137,-0.006862011,-0.006876286,-0.0068254285,-0.007008087,-0.006812837,-0.006923627,-0.006970372,-0.0069328807,-0.0069977753,-0.0068670325,-0.007004585,-0.006986644,-0.006886568,-0.0069200806,-0.006873753,-0.0069466494,-0.0069936775,-0.0069343112
2013-04-30,-0.007007759,-0.0069083236,-0.0068545155,-0.0068920515,-0.006823804,-0.006997552,-0.006819587,-0.0077452622,-0.006979864,-0.0069328807,-0.0069957934,-0.0068526827,-0.006993439,-0.00699256,-0.0069137774,-0.006906625,-0.006887149,-0.0069497935,-0.0069903396,-0.0069353245
2013-05-01,-0.007133987,-0.006952774,-0.0069425665,-0.006965589,-0.006914895,-0.006990712,-0.0069470517,-0.0071744584,-0.0071011744,-0.0070596,-0.007100191,-0.0069389306,-0.0069439374,-0.0071204714,-0.007020738,-0.007063549,-0.0069648735,-0.0070470534,-0.0070993714,-0.007060971
2013-05-02,-0.0064227544,-0.0062642507,-0.0062754564,-0.0063434653,-0.00623044,-0.006319415,-0.0062673055,-0.006424051,-0.006422695,-0.006385427,-0.006438371,-0.0062838607,-0.006270867,-0.006432336,-0.0063476525,-0.006363537,-0.006289508,-0.006467413,-0.0063881837,-0.0063865744
2013-05-03,-0.008004364,-0.007961985,-0.007976469,-0.007921319,-0.007839706,-0.007912692,-0.0078305565,-0.008727189,-0.008009087,-0.007961284,-0.008017998,-0.007873919,-0.007879909,-0.008003306,-0.007872339,-0.007960793,-0.007864114,-0.008025389,-0.007944476,-0.007962596
2013-05-06,-0.007052731,-0.0069951974,-0.0069050603,-0.0069751255,-0.006856736,-0.0069072954,-0.0068730228,-0.007385906,-0.0070627593,-0.006994825,-0.007034626,-0.0068894587,-0.0068953745,-0.0070491396,-0.006906148,-0.0070363395,-0.0068911277,-0.0070307367,-0.006978076,-0.0069972835
2013-05-07,-0.0070135854,-0.0069086067,-0.0068980865,-0.0069144033,-0.006811913,-0.0070036165,-0.0068343543,-0.0073564015,-0.007001307,-0.0069328807,-0.007000845,-0.0068520717,-0.006939303,-0.006981354,-0.0068808757,-0.0069671087,-0.0068604015,-0.007010918,-0.0070454143,-0.0069344454
2013-05-08,-0.004917484,-0.0048333816,-0.004805248,-0.0048258416,-0.004724782,-0.0049028806,-0.004714962,-0.004880693,-0.0048521273,-0.004832115,-0.004891228,-0.0047211163,-0.0047204904,-0.0048694722,-0.0047617815,-0.004863035,-0.004750725,-0.004892137,-0.00506277,-0.004833963
2013-05-09,-0.0070167594,-0.0069341026,-0.0069099627,-0.00702044,-0.0068329982,-0.0070007853,-0.0068328045,-0.0071791373,-0.0069770776,-0.0069328807,-0.0069868974,-0.0068532787,-0.0068697594,-0.006985124,-0.0068929903,-0.006964382,-0.0068767928,-0.007000398,-0.0071046315,-0.006934654
2013-05-10,-0.0070217364,-0.006934073,-0.00685231,-0.0070041083,-0.006885331,-0.0068715625,-0.006835293,-0.007016536,-0.007009741,-0.006962251,-0.006986361,-0.006834086,-0.006860789,-0.0070057623,-0.0069264136,-0.006926086,-0.0068802647,-0.007036712,-0.0070519857,-0.006934922
2013-05-13,-0.007024478,-0.0069341473,-0.0069216453,-0.0069418065,-0.0068911873,-0.006904643,-0.0068477653,-0.007683512,-0.0070036165,-0.0069635324,-0.007006418,-0.0068513863,-0.0068325065,-0.007001292,-0.0069015585,-0.0068955384,-0.0068944506,-0.0070099644,-0.007039394,-0.0069355033
2013-05-14,-0.0070407055,-0.006934073,-0.006950047,-0.006998252,-0.006848436,-0.0068870597,-0.0068391673,-0.0068763904,-0.0069889985,-0.0069644563,-0.0069903545,-0.006851252,-0.006956037,-0.006974872,-0.006891113,-0.0069636665,-0.006883215,-0.0069935136,-0.007015761,-0.0069724433
2013-05-15,-0.0045344047,-0.004445415,-0.0044282787,-0.004557889,-0.0043739043,-0.004414197,-0.0043372773,-0.004600402,-0.004507687,-0.004477348,-0.00454114,-0.0043877624,-0.004525002,-0.0044963323,-0.004394006,-0.0044521503,-0.004416313,-0.0045332424,-0.0045245104,-0.004491966
2013-05-16,-0.00701664,-0.0069341324,-0.0068409555,-0.0069899224,-0.0068382733,-0.006918516,-0.0068383925,-0.007553812,-0.0069808625,-0.006965976,-0.007004466,-0.006844338,-0.006825026,-0.006996643,-0.0068545006,-0.006876778,-0.0068525486,-0.006996613,-0.007011559,-0.006976571
2013-05-17,-0.005121287,-0.0049493723,-0.004853349,-0.0049838983,-0.004801821,-0.0048396997,-0.004795786,-0.004857462,-0.004954111,-0.004940074,-0.0049915873,-0.0048145317,-0.0049161725,-0.0049709342,-0.0048325323,-0.004801836,-0.0048245005,-0.004941251,-0.00489391,-0.004952695
2013-05-20,-0.0070051514,-0.0069388114,-0.006870579,-0.0070050918,-0.0067946427,-0.00687271,-0.0068169944,-0.0068371557,-0.006968897,-0.006963756,-0.0070144944,-0.006841298,-0.0069309436,-0.0069853626,-0.006863456,-0.0068174414,-0.0068582557,-0.0069608353,-0.006948989,-0.0069860183
2013-05-21,-0.007040631,-0.0069347583,-0.006894391,-0.0070414804,-0.0068006776,-0.0068941526,-0.0068441294,-0.006894391,-0.00697371,-0.0069669746,-0.007015612,-0.00686064,-0.006969895,-0.0069888346,-0.006885212,-0.00683346,-0.006861847,-0.006991785,-0.0069967173,-0.0069829635
2013-05-22,-0.007008847,-0.006977614,-0.006889429,-0.007015478,-0.006840106,-0.006859284,-0.0068177097,-0.022818547,-0.0069971047,-0.006967526,-0.007016938,-0.0068657957,-0.0068434738,-0.007016506,-0.00687794,-0.0068234466,-0.006890353,-0.006985303,-0.0069887303,-0.0069813393
2013-05-23,-0.007013034,-0.0069932453,-0.0068691038,-0.0070019476,-0.0068528913,-0.00690734,-0.0068302117,-0.007546883,-0.0069725327,-0.00696918,-0.007026132,-0.006841492,-0.006858494,-0.0069834404,-0.006894972,-0.0069742016,-0.006886583,-0.006991323,-0.007019501,-0.0069425665
2013-05-24,-0.0070057474,-0.0069709234,-0.006869193,-0.0069754235,-0.0068180524,-0.0068804286,-0.006819766,-0.0069998764,-0.0069724284,-0.006967198,-0.0070241205,-0.006844949,-0.006855469,-0.0069666915,-0.0068981014,-0.006852489,-0.0068846904,-0.0069885068,-0.007014733,-0.0069371425
2013-05-28,-0.007366132,-0.0073577873,-0.007243421,-0.007327419,-0.007237669,-0.0072627924,-0.007215511,-0.0073562376,-0.007352423,-0.007355567,-0.007405918,-0.007221427,-0.0071723573,-0.0073538832,-0.007257562,-0.0072270148,-0.0072449706,-0.0073667876,-0.0073779635,-0.007323932
2013-05-29,-0.006992262,-0.0069804452,-0.0068828873,-0.0069381706,-0.0068480037,-0.0068534575,-0.0068173073,-0.0071097277,-0.0069654547,-0.0069662593,-0.0070123933,-0.0068248324,-0.006860193,-0.00696839,-0.0068528615,-0.0068136565,-0.006852191,-0.006947156,-0.0069604926,-0.0069327466
2013-05-30,-0.006982472,-0.0069793873,-0.0068650953,-0.006938841,-0.0068492107,-0.0068721883,-0.006818142,-0.02277596,-0.0069617145,-0.006967392,-0.0070146285,-0.0068775825,-0.006819483,-0.0069691055,-0.0068617426,-0.006806206,-0.0068696253,-0.007014286,-0.007008072,-0.0069175325
2013-05-31,-0.0069639646,-0.006997522,-0.006916385,-0.0069964044,-0.006842103,-0.0068520866,-0.006822776,-0.007494312,-0.0069604777,-0.006959658,-0.00701816,-0.006861847,-0.006911557,-0.0069813393,-0.006864231,-0.006848391,-0.0068652444,-0.006990578,-0.006964665,-0.006917041
2013-06-03,-0.0069229566,-0.0069841705,-0.0068625025,-0.006963458,-0.006829288,-0.0068357848,-0.0067881607,-0.007013377,-0.0069525205,-0.006957885,-0.007002335,-0.006855529,-0.0069053136,-0.0069751106,-0.006845858,-0.0069051497,-0.0068602376,-0.006980952,-0.0069793873,-0.006916877
2013-06-04,-0.0070120357,-0.0069757514,-0.0068944804,-0.0069771223,-0.0068398826,-0.0068554543,-0.006803166,-0.006867852,-0.006954711,-0.006965276,-0.007014867,-0.00683048,-0.0068933927,-0.00698122,-0.006835755,-0.0069359206,-0.00683273,-0.0069854073,-0.006975796,-0.007509198
2013-06-05,-0.007010784,-0.0069467835,-0.0070025437,-0.006962966,-0.0068598054,-0.006845217,-0.0068183653,-0.0071515553,-0.006953668,-0.0069696717,-0.0070196055,-0.0068498366,-0.0068658553,-0.006973427,-0.0068631433,-0.00690509,-0.006853264,-0.0069221817,-0.006960433,-0.0076950155
2013-06-06,-0.0070052855,-0.006952714,-0.0069621913,-0.006975841,-0.006852161,-0.0068459474,-0.0068205856,-0.0070896856,-0.0069534145,-0.007004138,-0.0070174,-0.006847691,-0.0068935268,-0.006977733,-0.0068448447,-0.006914627,-0.0068327,-0.006936785,-0.0069871508,-0.0077456795
2013-06-07,-0.0070002787,-0.0069692694,-0.006975349,-0.0069822036,-0.0068385564,-0.0068456493,-0.006856974,-0.0068521164,-0.0069475137,-0.0069724135,-0.00701217,-0.0068386756,-0.0068747215,-0.006992083,-0.0068459027,-0.006899651,-0.006827768,-0.0069397204,-0.0069552623,-0.0076740347
2013-06-10,-0.0062597804,-0.0062089525,-0.006155502,-0.00621159,-0.0061105303,-0.0061263703,-0.006054338,-0.006130513,-0.006193187,-0.0062269233,-0.006264966,-0.0060779713,-0.006094005,-0.00623722,-0.0061105303,-0.006160494,-0.0061001144,-0.006187033,-0.006207492,-0.0072394423
2013-06-11,-0.0069937967,-0.0069357418,-0.0069409274,-0.006959792,-0.0068834387,-0.0068382286,-0.0072909854,-0.00777049,-0.006804254,-0.0070367865,-0.007011693,-0.006856974,-0.006880697,-0.006985884,-0.006862562,-0.006897446,-0.006864544,-0.006994944,-0.007022541,-0.0071700476
2013-06-12,-0.0069820844,-0.006935265,-0.00692847,-0.0069668256,-0.0068679713,-0.006830033,-0.0068317167,-0.006947752,-0.006942164,-0.006983336,-0.007016819,-0.0068495534,-0.0069216304,-0.0069739185,-0.0068595074,-0.0068974756,-0.0068763606,-0.0070018433,-0.0069701336,-0.007341098
2013-06-13,-0.0070116483,-0.0069324486,-0.0069656037,-0.006955739,-0.00689533,-0.0068628155,-0.0068099312,-0.009980913,-0.0069358014,-0.0070760064,-0.0070254616,-0.0068637095,-0.0069346987,-0.0069726966,-0.0069051944,-0.006896373,-0.006889548,-0.0070138834,-0.007109847,-0.007626768
2013-06-14,-0.008630004,-0.008563485,-0.00860798,-0.008562457,-0.00847159,-0.00845949,-0.008443188,-0.009127986,-0.008436646,-0.008634921,-0.0086392425,-0.008469578,-0.008481171,-0.008608516,-0.008553293,-0.008510541,-0.008504327,-0.008604374,-0.008631822,-0.00924715
2013-06-17,-0.0069974028,-0.0069647096,-0.006930556,-0.0069814585,-0.006866973,-0.0068379305,-0.006866675,-0.007506307,-0.0068596117,-0.0070208125,-0.0070153438,-0.0068574212,-0.006843459,-0.0070082806,-0.006898474,-0.006796237,-0.0068964176,-0.0069920383,-0.0069483332,-0.007009458
2013-06-18,-0.006992664,-0.006965976,-0.0069158487,-0.0069819055,-0.0068501495,-0.0068265162,-0.0067916177,-0.0073300116,-0.0068689547,-0.007009845,-0.007011052,-0.0068894736,-0.006877672,-0.0069921277,-0.0068762265,-0.0068125688,-0.006877344,-0.0069953166,-0.0070179813,-0.0070089065
2013-06-19,-0.00951108,-0.00952233,-0.009478118,-0.009529661,-0.009410959,-0.009421047,-0.009343501,-0.0098200105,-0.009504225,-0.009557854,-0.009555589,-0.009412166,-0.009506013,-0.009533804,-0.00944021,-0.009370368,-0.009404849,-0.009533387,-0.009592082,-0.009554844
2013-06-20,-0.008496042,-0.008494418,-0.008439731,-0.008502509,-0.008375969,-0.008384507,-0.008300062,-0.011393588,-0.008482587,-0.008606311,-0.008529376,-0.008379515,-0.008425232,-0.008518528,-0.008402657,-0.008337375,-0.008392196,-0.008492511,-0.008630272,-0.008524265
2013-06-21,-0.007784467,-0.007745113,-0.007704895,-0.0077661835,-0.0076389275,-0.0076270364,-0.007555764,-0.008025374,-0.0075926,-0.0077896677,-0.0077866428,-0.007645499,-0.0076667033,-0.0077743344,-0.0076425187,-0.0075751357,-0.0076426826,-0.007784825,-0.007720407,-0.0077382885
2013-06-24,-0.009660911,-0.009522941,-0.009499412,-0.009558033,-0.009450894,-0.00939117,-0.00934073,-0.009652268,-0.009377819,-0.009556454,-0.009576406,-0.009432074,-0.009547245,-0.009563204,-0.009439465,-0.009412181,-0.0094658695,-0.009505328,-0.0094592385,-0.009610247
2013-06-25,-0.0069929473,-0.006944027,-0.006928887,-0.0069779567,-0.006836977,-0.0068260543,-0.006801378,-0.0070921145,-0.006793957,-0.0069944523,-0.0069891624,-0.0068256073,-0.0069748126,-0.0069808923,-0.006849345,-0.0067850463,-0.0068472736,-0.0069213174,-0.0069728456,-0.0067831837
2013-06-26,-0.00823025,-0.008156609,-0.008042332,-0.008220669,-0.008075919,-0.008097898,-0.00810897,-0.008335602,-0.008051481,-0.0082237385,-0.008254599,-0.008110013,-0.008212205,-0.00822952,-0.008114424,-0.0080297105,-0.008102324,-0.008206811,-0.0082377605,-0.0080220215
2013-06-27,-0.0036209633,-0.0035451313,-0.0034706404,-0.0036190262,-0.0035043468,-0.0034858545,-0.003573965,-0.0037472954,-0.003432702,-0.003621768,-0.0036400517,-0.003489386,-0.0036040952,-0.003637891,-0.0035238524,-0.003404077,-0.0035050919,-0.003562372,-0.0036346277,-0.0034276207
2013-06-28,-0.0070102774,-0.006796252,-0.0068310015,-0.006978389,-0.0068463646,-0.006862428,-0.0069174133,-0.0069857202,-0.0068350993,-0.006986242,-0.0070089065,-0.0068648867,-0.006912332,-0.0069932155,-0.0068657957,-0.006767329,-0.006864693,-0.0069731288,-0.006985601,-0.0068091266
2013-07-01,-0.0075939856,-0.0075997673,-0.007536184,-0.007626828,-0.0075222813,-0.007474657,-0.007527005,-0.0076511167,-0.0075077973,-0.0076489113,-0.0076693706,-0.007518675,-0.0075793527,-0.007652875,-0.0075273775,-0.007459443,-0.0075130425,-0.007610824,-0.0076094978,-0.007457461
2013-07-02,-0.006978702,-0.006907817,-0.006826129,-0.006953802,-0.0068792216,-0.0067959093,-0.0068601035,-0.007140901,-0.0068141483,-0.0069787763,-0.0070236437,-0.0068526827,-0.006887298,-0.006980058,-0.006904792,-0.0067818575,-0.0068495236,-0.0069460683,-0.0069422536,-0.0067828707
2013-07-03,-0.009612899,-0.009487178,-0.009656783,-0.009647008,-0.009498533,-0.009541746,-0.009592872,-0.0098863505,-0.0095617585,-0.009670835,-0.009694528,-0.009555694,-0.009607833,-0.009692829,-0.009587463,-0.009473678,-0.0095596425,-0.009596925,-0.009648081,-0.009481665
2013-07-05,-0.0024512669,-0.0022820195,-0.0024174412,-0.0024488976,-0.0023292413,-0.002301689,-0.0023340692,-0.0025075783,-0.0023086627,-0.0024709215,-0.0025170555,-0.0023403277,-0.0023641696,-0.0024784615,-0.0023572405,-0.0022784283,-0.0023410728,-0.0024470051,-0.0024579724,-0.0024248322
2013-07-08,-0.006931927,-0.006789591,-0.0069320463,-0.0069598667,-0.006823402,-0.006819751,-0.0068722777,-0.007000353,-0.006838497,-0.0069806837,-0.007008504,-0.006838884,-0.0068932436,-0.0069779716,-0.0068617277,-0.0069242977,-0.0068423413,-0.0069358163,-0.0069712065,-0.006928157
2013-07-09,-0.0069326274,-0.007240709,-0.006918486,-0.006952118,-0.0068614446,-0.0068346076,-0.0068519525,-0.0070101283,-0.0068061464,-0.006983068,-0.007012319,-0.0068503283,-0.0069725774,-0.0069860183,-0.0068655424,-0.0069241486,-0.006843757,-0.0069263987,-0.006970715,-0.006928753
2013-07-10,-0.0068086646,-0.0069137327,-0.0068468265,-0.0068595223,-0.0067943297,-0.0067084394,-0.006773155,-0.006903719,-0.0067212246,-0.006892439,-0.006911155,-0.006743159,-0.006831061,-0.006886687,-0.006769102,-0.0068311356,-0.006745141,-0.006835263,-0.0068578534,-0.00683577
2013-07-11,-0.0069387965,-0.0068334304,-0.0069382004,-0.006962117,-0.0068756007,-0.006801691,-0.006853547,-0.0071681254,-0.0068047903,-0.006991487,-0.0070023052,-0.0068444423,-0.0069348775,-0.006982278,-0.0068795644,-0.0069211684,-0.0068507157,-0.0069425367,-0.0069685094,-0.0069293343
2013-07-12,-0.006939154,-0.0072331987,-0.006928887,-0.006985154,-0.006855946,-0.0068296306,-0.0068286173,-0.006993603,-0.006801497,-0.006977748,-0.007014554,-0.0068435036,-0.0069080256,-0.0069865696,-0.0068665855,-0.006812256,-0.0068442486,-0.00694355,-0.0069509707,-0.0069273673
2013-07-15,-0.005549561,-0.005526405,-0.005543988,-0.005585443,-0.005480062,-0.005432289,-0.005453419,-0.005608242,-0.005420249,-0.005599018,-0.0056064986,-0.0054635964,-0.0055315755,-0.0055937134,-0.005487513,-0.0055341087,-0.005467396,-0.0054925047,-0.005575102,-0.005535852
2013-07-16,-0.0068364106,-0.007003855,-0.006937694,-0.0070007555,-0.006899502,-0.006834369,-0.0068687014,-0.006833505,-0.0068136565,-0.0069818757,-0.007006835,-0.0069046877,-0.0069647543,-0.0070009492,-0.006921347,-0.0068551116,-0.0068858527,-0.006915521,-0.0069407187,-0.0069136135
2013-07-17,-0.0067996643,-0.006953787,-0.0067817234,-0.0070045255,-0.0068524145,-0.006838586,-0.0068539046,-0.00699478,-0.006785106,-0.0069763176,-0.007002469,-0.0068661384,-0.006964322,-0.0069948845,-0.0068789087,-0.0069274716,-0.0068715475,-0.006899532,-0.00695638,-0.006904673
2013-07-18,-0.006808456,-0.006919589,-0.006779995,-0.0070286356,-0.0068252496,-0.0067801736,-0.0068071447,-0.0070018284,-0.006782349,-0.0070089214,-0.0069918893,-0.0068599395,-0.006974321,-0.0069785677,-0.0068726502,-0.0069275014,-0.0068659745,-0.006893974,-0.0069715343,-0.006904941
2013-07-19,-0.007886406,-0.00786547,-0.00786401,-0.008095156,-0.007895466,-0.007872429,-0.007886406,-0.008041214,-0.007855948,-0.008041929,-0.0080657415,-0.007923659,-0.00803205,-0.008049544,-0.007941525,-0.007985514,-0.007958394,-0.007974368,-0.008005034,-0.0079710595
2013-07-22,-0.0048233084,-0.0048264675,-0.0048255436,-0.0050345175,-0.0048528872,-0.0048291795,-0.0048970394,-0.0050108247,-0.0048112087,-0.0050158016,-0.0050419085,-0.004903566,-0.0049856417,-0.0050046854,-0.0048874877,-0.0049541704,-0.00489321,-0.0049344413,-0.0049803667,-0.0049186014
2013-07-23,-0.006843876,-0.00691564,-0.006808128,-0.0070072673,-0.006836619,-0.006837886,-0.0069261007,-0.0070279203,-0.0067948513,-0.00701214,-0.006995689,-0.006943267,-0.0069228522,-0.0069817863,-0.006888058,-0.006927427,-0.006873917,-0.006892126,-0.006973218,-0.006933477
2013-07-24,-0.0068717264,-0.0068936013,-0.006980043,-0.0070098005,-0.006848585,-0.006839078,-0.0068626963,-0.0069835,-0.006798934,-0.0069900565,-0.006996151,-0.0068522952,-0.006914895,-0.00698499,-0.006853383,-0.006927412,-0.006859597,-0.006907206,-0.006992858,-0.0069514327
2013-07-25,-0.006987687,-0.0071032457,-0.0069953166,-0.0071701817,-0.0070446394,-0.0070583634,-0.006963562,-0.007225778,-0.0069652908,-0.007172685,-0.0071828477,-0.0071276985,-0.0070954226,-0.007158961,-0.0070396475,-0.00708751,-0.0070643686,-0.0070973597,-0.007159289,-0.0070859306
2013-07-26,-0.006825041,-0.00688551,-0.0069436096,-0.007013824,-0.0068982653,-0.0068861805,-0.0068005286,-0.0069996677,-0.0067960434,-0.007002156,-0.0070048086,-0.0068928115,-0.0069682263,-0.006989803,-0.006863039,-0.00701591,-0.006863009,-0.006913971,-0.0069898926,-0.0069256388
2013-07-29,-0.007256653,-0.007305663,-0.007419508,-0.0074738823,-0.007315483,-0.007390272,-0.007294547,-0.0074740313,-0.0072537623,-0.0074678473,-0.007473897,-0.0073431395,-0.0073615424,-0.0074498467,-0.007329058,-0.0073965155,-0.0073452704,-0.007409569,-0.0074564926,-0.007391315
2013-07-30,-0.0068135373,-0.0068450384,-0.006980803,-0.0070264004,-0.0069066845,-0.0069517307,-0.006952267,-0.007010769,-0.006806772,-0.0070094727,-0.0070198737,-0.0068715923,-0.006929036,-0.006995123,-0.0069149993,-0.006952416,-0.0068994127,-0.0069600902,-0.007000979,-0.0069341324
2013-07-31,-0.0064167045,-0.0064503066,-0.0065617077,-0.006620612,-0.006477248,-0.0064696334,-0.0065104924,-0.0065883063,-0.006395649,-0.006599646,-0.006601166,-0.0064673387,-0.006481301,-0.0065961443,-0.0064773373,-0.006490212,-0.006484326,-0.0065426193,-0.0065775923,-0.006529387
2013-08-01,-0.005701106,-0.0056928657,-0.00579321,-0.005873915,-0.005719926,-0.0057289265,-0.0057721697,-0.00590254,-0.005642187,-0.005875509,-0.0058390163,-0.0057387166,-0.005773347,-0.0058554523,-0.0057423823,-0.00583544,-0.0057455413,-0.0057572834,-0.005838599,-0.0057891123
2013-08-02,-0.0069830082,-0.0068391226,-0.006936338,-0.007005032,-0.006891351,-0.00692619,-0.006929692,-0.006976228,-0.006831374,-0.0069995485,-0.006980177,-0.006851148,-0.006875556,-0.007003393,-0.0068739913,-0.007130485,-0.006867837,-0.0069073997,-0.006961163,-0.006874513
2013-08-05,-0.0062890016,-0.006147649,-0.0062361322,-0.006304439,-0.006196078,-0.0061769895,-0.006469395,-0.006267365,-0.006091874,-0.0062876903,-0.0062787943,-0.006217193,-0.006208148,-0.006299313,-0.006169062,-0.006519895,-0.006161269,-0.0062122606,-0.006269347,-0.006254282
2013-08-06,-0.006954428,-0.0068527274,-0.006935712,-0.007000532,-0.006895881,-0.0069193654,-0.007076066,-0.0069674663,-0.0068270974,-0.0069615208,-0.006985914,-0.006897401,-0.006868925,-0.0070109777,-0.006887134,-0.007097777,-0.0068617873,-0.006948527,-0.006938543,-0.0069341324
2013-08-07,-0.006828528,-0.006984081,-0.006927263,-0.0070018433,-0.0069591366,-0.006944414,-0.0068212114,-0.0069615655,-0.0068492405,-0.0069465004,-0.006974932,-0.0068522356,-0.006892007,-0.0070090853,-0.006881874,-0.00698727,-0.006846916,-0.006930869,-0.0069512837,-0.0069342963
2013-08-08,-0.0068540983,-0.0069632493,-0.0068660937,-0.0070117675,-0.006958287,-0.0069218986,-0.006855678,-0.0069712363,-0.0068483464,-0.0069505684,-0.0069680475,-0.006887343,-0.0069186054,-0.00700156,-0.0068520717,-0.007011216,-0.0068573765,-0.00695182,-0.006972324,-0.006934341
2013-08-09,-0.0068540387,-0.0069180094,-0.006939601,-0.0069977157,-0.0069742016,-0.0068765394,-0.0069151632,-0.0069654994,-0.006802883,-0.006984528,-0.006996896,-0.006857928,-0.006913718,-0.0069985352,-0.00686666,-0.0070429705,-0.0068626814,-0.0069654547,-0.0069505684,-0.0069343112
2013-08-12,-0.0035606732,-0.003546845,-0.0034882983,-0.0036473384,-0.0036281755,-0.0036197563,-0.0035532524,-0.0036093255,-0.003442969,-0.0036361327,-0.0036654135,-0.003509145,-0.0036171486,-0.0036430617,-0.0035459509,-0.00367723,-0.0035317203,-0.00363956,-0.0036107858,-0.0035960039
2013-08-13,-0.006869536,-0.0069380514,-0.006935265,-0.006989222,-0.0069784336,-0.006911721,-0.0068402253,-0.0069535933,-0.0067777894,-0.00697824,-0.0070078336,-0.006893661,-0.0069739036,-0.0069823973,-0.006876584,-0.006972041,-0.0068798624,-0.0069787465,-0.0069369487,-0.0069343857
2013-08-14,-0.00837123,-0.008356374,-0.008470412,-0.008470368,-0.008467834,-0.008407276,-0.008295309,-0.008283954,-0.008270826,-0.008467,-0.0084830485,-0.008362886,-0.0084391795,-0.008472618,-0.008354511,-0.008492511,-0.008345854,-0.008450355,-0.008418765,-0.008417945
2013-08-15,-0.013112109,-0.013117101,-0.013317939,-0.013212215,-0.013187554,-0.013166469,-0.013035249,-0.013027813,-0.012985911,-0.013196137,-0.013201203,-0.013084453,-0.01318587,-0.013201173,-0.013088819,-0.013279375,-0.013069954,-0.013168525,-0.013162684,-0.013157692
2013-08-16,-0.009410303,-0.009384345,-0.009403747,-0.009424668,-0.009425726,-0.009336304,-0.009258758,-0.009282555,-0.009221774,-0.009420451,-0.009425234,-0.0093258135,-0.009364661,-0.009428602,-0.00934216,-0.009553265,-0.009315651,-0.009418722,-0.009394255,-0.009376448
2013-08-19,-0.00951026,-0.0095340125,-0.009501737,-0.009566572,-0.0095493905,-0.009459745,-0.009486165,-0.009433951,-0.0093588345,-0.009550866,-0.0095465,-0.0094388835,-0.00953513,-0.009558167,-0.009450462,-0.009653371,-0.009427454,-0.009538453,-0.009519201,-0.009504493
2013-08-20,-0.006859731,-0.0070054494,-0.006943997,-0.006991755,-0.00696845,-0.0069127046,-0.0068837516,-0.006833639,-0.0067738257,-0.0069799833,-0.0069768988,-0.0068651848,-0.0069770627,-0.0069856755,-0.0068950914,-0.007156577,-0.0068686865,-0.006973576,-0.0069467984,-0.0069335364
2013-08-21,-0.00790092,-0.007853981,-0.007920321,-0.007948261,-0.007895868,-0.00791825,-0.007825088,-0.007801857,-0.0077280216,-0.007939767,-0.007958945,-0.00783379,-0.007885467,-0.007939678,-0.007834341,-0.007990848,-0.007814657,-0.007936846,-0.007911053,-0.007898267
2013-08-22,-0.005987849,-0.0060139857,-0.0059994273,-0.0060327314,-0.005967509,-0.0059016906,-0.005959969,-0.005863499,-0.005839374,-0.0060385577,-0.0060498677,-0.005905386,-0.005950626,-0.0060295425,-0.0059210025,-0.0062508695,-0.005894106,-0.0060061626,-0.0060057603,-0.0059903227
2013-08-23,-0.008142661,-0.008085694,-0.008149009,-0.008182328,-0.008093026,-0.0080900155,-0.00810894,-0.008021664,-0.007974755,-0.008176129,-0.008184414,-0.0080616735,-0.00814515,-0.00817145,-0.008065205,-0.008304324,-0.008024793,-0.008124467,-0.008148845,-0.008128535
2013-08-26,-0.00890046,-0.009022977,-0.009064894,-0.00909033,-0.009010967,-0.009106021,-0.00905202,-0.0089392625,-0.008885514,-0.009087916,-0.009107169,-0.008958887,-0.009050306,-0.009086441,-0.008973416,-0.009128239,-0.008955698,-0.009033304,-0.00905494,-0.009046551
2013-08-27,-0.0068438016,-0.0068246387,-0.006948661,-0.0069861524,-0.0069632344,-0.006999906,-0.0068343543,-0.006814014,-0.0067890696,-0.0069807284,-0.0069983415,-0.0068407767,-0.0069128238,-0.0069808625,-0.006855946,-0.007097151,-0.006850701,-0.006935712,-0.0069381855,-0.006933596
2013-08-28,-0.006897282,-0.006891068,-0.0070310496,-0.007092055,-0.007043641,-0.007055845,-0.0070499294,-0.0069270395,-0.006857332,-0.00702497,-0.0070649795,-0.006960612,-0.007078197,-0.007073041,-0.0069475435,-0.007257279,-0.0069379173,-0.0070554726,-0.007029932,-0.0070159696
2013-08-29,-0.0055219047,-0.0055721216,-0.0055936687,-0.0056993626,-0.0056824796,-0.005717408,-0.0055805407,-0.0056607537,-0.005504053,-0.0056854896,-0.005707767,-0.00557312,-0.0056095235,-0.0057141893,-0.005608212,-0.005804848,-0.0055828355,-0.0056772046,-0.0056642257,-0.0056522153
2013-08-30,-0.0068210624,-0.0068893693,-0.0068513863,-0.0069901757,-0.0069693886,-0.0070697926,-0.006888222,-0.007043939,-0.0067797117,-0.0069494955,-0.006995108,-0.006866675,-0.006923463,-0.006989356,-0.006874051,-0.007116135,-0.0068382435,-0.0069082193,-0.0069444887,-0.0069336854
2013-09-03,-0.009612154,-0.009700205,-0.009732064,-0.009772893,-0.009736534,-0.009861346,-0.009646695,-0.009880405,-0.009552982,-0.0097250305,-0.009767082,-0.009647217,-0.009737026,-0.009773608,-0.0096571855,-0.009933274,-0.00964747,-0.00973485,-0.009720828,-0.009703662
2013-09-04,-0.006819587,-0.006875377,-0.0069931857,-0.006993752,-0.006968539,-0.0070076548,-0.006901782,-0.007443439,-0.0067971013,-0.006950032,-0.0069751106,-0.006894376,-0.00692619,-0.0069966726,-0.006898757,-0.007258218,-0.0068979226,-0.006981682,-0.0070048682,-0.0069338493
2013-09-05,-0.006811645,-0.0068176202,-0.00693753,-0.006989997,-0.0069621913,-0.0070434026,-0.0068896227,-0.007736098,-0.006781008,-0.0069485866,-0.006986242,-0.0068790875,-0.006911587,-0.0069849454,-0.0068793558,-0.007127788,-0.006863337,-0.0069842897,-0.0068478845,-0.0069337897
2013-09-06,-0.006825682,-0.0068594925,-0.0069384836,-0.0070012026,-0.006958466,-0.007052567,-0.007003527,-0.007785123,-0.0067866556,-0.0069760047,-0.00697222,-0.0068715475,-0.0069694333,-0.0069925003,-0.006877672,-0.007172834,-0.0068643205,-0.0069975667,-0.006861549,-0.006934222
2013-09-09,-0.0074120723,-0.007418435,-0.007563662,-0.007559996,-0.007520374,-0.007620197,-0.007576268,-0.0082264505,-0.007355895,-0.0075127743,-0.007533189,-0.0074427836,-0.007474389,-0.0075599365,-0.0074284486,-0.0077102445,-0.0074270032,-0.0075481795,-0.007425841,-0.007497128
2013-09-10,-0.006807979,-0.006826546,-0.007032614,-0.0069841705,-0.006963145,-0.0069825463,-0.007022988,-0.0070500486,-0.006782543,-0.006938558,-0.0069466643,-0.0068412833,-0.00683577,-0.006973531,-0.0068337135,-0.007176932,-0.0068367682,-0.006907668,-0.0068694316,-0.0069345795
2013-09-11,-0.0075646453,-0.007546466,-0.007743504,-0.0077262484,-0.0076749586,-0.007684719,-0.0076987855,-0.008304756,-0.0075094365,-0.0076784454,-0.0076879375,-0.0075736456,-0.0076198243,-0.007731583,-0.007572796,-0.008151542,-0.0075713657,-0.007666286,-0.0076754503,-0.007651504
2013-09-12,-0.006828036,-0.00683501,-0.0069918595,-0.0069894902,-0.0069550835,-0.0070448183,-0.0069796555,-0.0070619993,-0.0067897104,-0.006963577,-0.0069433264,-0.0068308227,-0.0068828724,-0.007017743,-0.006870132,-0.0072288923,-0.0068618767,-0.006978657,-0.0069612376,-0.0069338195
2013-09-13,-0.0067047738,-0.0067089014,-0.0068703555,-0.006858822,-0.006834369,-0.0069062226,-0.006845828,-0.006865751,-0.006666016,-0.0068299137,-0.006836679,-0.0067172907,-0.006772112,-0.006886389,-0.0067346804,-0.0069992505,-0.006732788,-0.00684632,-0.006865438,-0.0068059526
2013-09-16,-0.0068637244,-0.0068261884,-0.0070153885,-0.0069838874,-0.0069562607,-0.0069279335,-0.0070118867,-0.007138159,-0.006803643,-0.006959494,-0.0069415234,-0.0068954043,-0.006900873,-0.0070084147,-0.006895181,-0.007254448,-0.0068485998,-0.0069526397,-0.0068567805,-0.006933909
2013-09-17,-0.0068419687,-0.0068121813,-0.0069647245,-0.0069726966,-0.0069615208,-0.006898921,-0.007021617,-0.0070482604,-0.006966781,-0.0069580637,-0.0069470815,-0.0068711303,-0.0069306605,-0.007010814,-0.0068706386,-0.0072598867,-0.0068715475,-0.0069825165,-0.006895881,-0.0069344155
2013-09-18,-0.006122764,-0.006040018,-0.0062514506,-0.0062415414,-0.0062139593,-0.006151613,-0.0061266087,-0.0061373822,-0.006249424,-0.0062107556,-0.0061916225,-0.0061067156,-0.006174084,-0.006267857,-0.006127756,-0.006571289,-0.0061269365,-0.006239902,-0.006112825,-0.0061862282
2013-09-19,-0.008197423,-0.008197632,-0.008399557,-0.008341055,-0.008305099,-0.008341815,-0.008317407,-0.008331653,-0.008338463,-0.008285638,-0.008296054,-0.008208748,-0.0082590245,-0.008355465,-0.0082771145,-0.008602124,-0.00822657,-0.008349653,-0.008196708,-0.008283224
2013-09-20,-0.0068344437,-0.006798174,-0.0069568567,-0.006983038,-0.0069405697,-0.006971415,-0.0069645755,-0.006989356,-0.0069328956,-0.006956484,-0.0069550984,-0.0068761073,-0.006914463,-0.0069650374,-0.006905269,-0.007233333,-0.0068642013,-0.006957736,-0.0069175772,-0.0069341026
2013-09-23,-0.0052869134,-0.0052674375,-0.005414393,-0.0054112934,-0.005379703,-0.0053849183,-0.005445551,-0.0059713833,-0.005348336,-0.005385589,-0.0053656213,-0.0052926354,-0.0053251795,-0.0053885244,-0.0053183697,-0.0055169873,-0.005293023,-0.005388554,-0.005320754,-0.005349826
2013-09-24,-0.009626832,-0.00951862,-0.00967605,-0.009636652,-0.009626459,-0.009660851,-0.0097015165,-0.009655412,-0.009624135,-0.009618308,-0.009641375,-0.009554338,-0.009593081,-0.0096683465,-0.00960606,-0.009719145,-0.009593528,-0.00966556,-0.009643208,-0.00962555
2013-09-25,-0.0068956874,-0.0068626516,-0.0070483945,-0.0069933496,-0.0069322996,-0.006992992,-0.0070302896,-0.0069620274,-0.0069626532,-0.006955158,-0.006989848,-0.006879162,-0.0069558285,-0.0070072375,-0.00693224,-0.007084977,-0.0069152974,-0.007003825,-0.00700539,-0.0069635324
2013-09-26,-0.0052354597,-0.0052000694,-0.005396139,-0.005348753,-0.0053445064,-0.005346682,-0.005372133,-0.005249124,-0.0053194873,-0.005306255,-0.0053245686,-0.0052429996,-0.005337205,-0.0053485595,-0.00526407,-0.005468067,-0.0052487217,-0.0053699724,-0.005362209,-0.0053206496
2013-09-27,-0.006835159,-0.0068394504,-0.006965842,-0.0069547705,-0.0069678538,-0.006956693,-0.0069728307,-0.0069436543,-0.0069329403,-0.00692768,-0.0069380216,-0.006854575,-0.00689904,-0.0069917105,-0.006868329,-0.0070565753,-0.006871339,-0.006998401,-0.006888192,-0.006934505
2013-09-30,-0.00752626,-0.0074785016,-0.0076670162,-0.007634219,-0.0076385103,-0.0076224767,-0.007754069,-0.007507276,-0.0075997375,-0.007599544,-0.0076208226,-0.0075412057,-0.007598918,-0.007665273,-0.007567715,-0.0077311806,-0.007534113,-0.0076502226,-0.0076475553,-0.007601302
2013-10-01,-0.006832268,-0.0068049096,-0.007000845,-0.0069470666,-0.0069400333,-0.006946113,-0.007118564,-0.0068769567,-0.0069328956,-0.0069303922,-0.0069401823,-0.0068456344,-0.0068950616,-0.006985288,-0.0068834387,-0.007028755,-0.00685079,-0.0069591515,-0.006958317,-0.0069336705
2013-10-02,-0.0068494193,-0.006788891,-0.006975185,-0.0069495104,-0.006973546,-0.006949272,-0.006993901,-0.0068279468,-0.0069329552,-0.006932657,-0.0069567375,-0.0068535022,-0.006923806,-0.0069620423,-0.0068990253,-0.0069541745,-0.006852012,-0.00695708,-0.006982621,-0.006933715
2013-10-03,-0.0058640055,-0.0058203004,-0.0059175454,-0.0059806965,-0.0059681796,-0.0059616677,-0.006087851,-0.0058890544,-0.0059437715,-0.005955454,-0.0059680156,-0.0058869533,-0.005911004,-0.005973574,-0.0059082024,-0.0060500763,-0.0058740936,-0.005968999,-0.0059485994,-0.005945381
2013-10-04,-0.007001739,-0.006998401,-0.0071140043,-0.007161256,-0.007134836,-0.007129129,-0.007247653,-0.0077331923,-0.0071151815,-0.007110115,-0.007155385,-0.007062059,-0.0071014725,-0.007136967,-0.00711092,-0.0072047226,-0.0070854686,-0.0071370266,-0.0071418397,-0.007115986
2013-10-07,-0.0069490336,-0.0068513416,-0.0069763474,-0.0069632195,-0.006962102,-0.0069618486,-0.0071019195,-0.007134881,-0.0069329254,-0.006923016,-0.0069515817,-0.0068759434,-0.0068381988,-0.0069571994,-0.0068834834,-0.006935101,-0.0068632774,-0.0069740526,-0.0069414936,-0.0069338344
2013-10-08,-0.006832447,-0.006873604,-0.006973069,-0.006937813,-0.0069627874,-0.007031467,-0.0070484243,-0.0069559477,-0.006932866,-0.0069214217,-0.0069484673,-0.0068653785,-0.0068709515,-0.0069601797,-0.0068647675,-0.007058393,-0.006846171,-0.006965991,-0.0068934225,-0.0069342814
2013-10-09,-0.0019187739,-0.0018316021,-0.0019421836,-0.0019355228,-0.0019393077,-0.0018497368,-0.0020815243,-0.0018511971,-0.0019082387,-0.0019234975,-0.0019258072,-0.0018785407,-0.0018762609,-0.0019292494,-0.0018441489,-0.0020276417,-0.0018323918,-0.0019406935,-0.0018696894,-0.0019090583
2013-10-10,-0.005370777,-0.005309757,-0.005410563,-0.005368527,-0.0053791367,-0.0052661113,-0.005505454,-0.005702015,-0.0053601675,-0.0054031275,-0.0053889565,-0.0052892976,-0.005318504,-0.0053705834,-0.0052865557,-0.0054833554,-0.0052866302,-0.0053783767,-0.005326789,-0.0053611957
2013-10-11,-0.008376669,-0.008287709,-0.008450326,-0.008430567,-0.008403014,-0.008430254,-0.0084149055,-0.00856426,-0.008387592,-0.008413579,-0.008402687,-0.008312043,-0.008337092,-0.008399483,-0.008321714,-0.008476447,-0.008309092,-0.008391958,-0.008392554,-0.008388426
2013-10-14,-0.0066401623,-0.00667591,-0.0067660324,-0.0067343228,-0.0067263804,-0.006733831,-0.0067598484,-0.006814759,-0.0067109875,-0.0067437105,-0.006727945,-0.006623503,-0.0066793375,-0.006725978,-0.0066393577,-0.006820824,-0.0066373013,-0.0067133866,-0.0066715293,-0.0067118816
2013-10-15,-0.0069499277,-0.006764155,-0.0069532804,-0.0069497637,-0.006957259,-0.0068154596,-0.006939005,-0.006972056,-0.0069329105,-0.006938558,-0.0069529526,-0.0068510734,-0.0069413595,-0.0069748424,-0.00684629,-0.007002037,-0.0068344288,-0.006974008,-0.006896805,-0.0069336556
2013-10-16,-0.006853845,-0.0067636184,-0.006937381,-0.006929841,-0.006912928,-0.0068320744,-0.006866496,-0.0069362037,-0.0068753324,-0.0068809055,-0.0068899803,-0.0067968927,-0.006918665,-0.006897982,-0.0068172775,-0.006948661,-0.0068112724,-0.0069045983,-0.0068977736,-0.0068762265
2013-10-17,-0.0069211535,-0.006840106,-0.0069867335,-0.007004913,-0.006977614,-0.0068760924,-0.0068902336,-0.0070847236,-0.0069329254,-0.006944757,-0.0069454126,-0.006853711,-0.00693981,-0.006953981,-0.0069304965,-0.0070428066,-0.0068928413,-0.0069813095,-0.0069396608,-0.0069337003
2013-10-18,-0.007582169,-0.0074569993,-0.0075113736,-0.007604342,-0.0075652413,-0.0074702464,-0.00748178,-0.007875081,-0.007524755,-0.007529523,-0.0075484924,-0.007457223,-0.00755335,-0.0075407587,-0.007540088,-0.0076129697,-0.0074767433,-0.007514771,-0.007555779,-0.0075255446
2013-10-21,-0.009428542,-0.009294491,-0.009411808,-0.009438764,-0.009415206,-0.009394761,-0.009312134,-0.010002058,-0.009373587,-0.009378877,-0.009376597,-0.009298053,-0.009343635,-0.00939123,-0.009365227,-0.009449404,-0.009312343,-0.009372871,-0.009392988,-0.009374898
2013-10-22,-0.006936487,-0.006939616,-0.0069719665,-0.006998744,-0.006979611,-0.006832149,-0.0069122575,-0.0071300827,-0.0069329105,-0.006941136,-0.006980967,-0.0068620406,-0.0069918446,-0.0069384538,-0.0069159083,-0.0070842765,-0.0068917237,-0.0069627874,-0.0068712495,-0.0069339387
2013-10-23,-0.009844225,-0.009709682,-0.009849574,-0.009848874,-0.009833347,-0.009739276,-0.009825792,-0.009866562,-0.009794708,-0.009800386,-0.009796005,-0.009785321,-0.009810533,-0.009844702,-0.009745013,-0.009919327,-0.009737503,-0.00982688,-0.009739008,-0.009795379
2013-10-24,-0.0069577955,-0.00681014,-0.0069621615,-0.0069999658,-0.0069650374,-0.0068602525,-0.006902974,-0.007066231,-0.0069329403,-0.006943222,-0.006981861,-0.006901171,-0.006920021,-0.0069749914,-0.0068893544,-0.007040959,-0.006868582,-0.00696994,-0.006866809,-0.0069336705
2013-10-25,-0.0061444007,-0.006032001,-0.006213274,-0.0062122457,-0.006186571,-0.006060522,-0.006112393,-0.006339874,-0.006156128,-0.006165322,-0.0061855726,-0.0060755275,-0.0061085187,-0.0061717294,-0.0060712956,-0.006221067,-0.006074857,-0.0061652474,-0.0061257742,-0.006157141
2013-10-28,-0.0069451593,-0.0069029443,-0.006984573,-0.006976228,-0.006973069,-0.006842803,-0.006922405,-0.0070916526,-0.0069329552,-0.006942477,-0.00695714,-0.0069440864,-0.0068884604,-0.006953653,-0.006872978,-0.0070126913,-0.006846305,-0.006935727,-0.0069083385,-0.006935369
2013-10-29,-0.004195031,-0.0042874776,-0.004315432,-0.004337739,-0.0043003373,-0.004167106,-0.0043018125,-0.004385706,-0.004271921,-0.0042807125,-0.0042974316,-0.00421324,-0.004244905,-0.0043034963,-0.0042056553,-0.004323777,-0.004209783,-0.004299145,-0.0042073242,-0.004273262
2013-10-30,-0.00902858,-0.008954804,-0.0090835355,-0.009075146,-0.009058353,-0.009204369,-0.009017419,-0.009246048,-0.009021085,-0.009043943,-0.009063091,-0.0089663975,-0.008961331,-0.009056356,-0.008958202,-0.00929698,-0.008970495,-0.008996826,-0.008997913,-0.009022217
2013-10-31,-0.009282064,-0.00924341,-0.009268146,-0.009267073,-0.009286743,-0.009277787,-0.009268653,-0.009465929,-0.009243276,-0.009256076,-0.009282257,-0.009182032,-0.009176459,-0.009288799,-0.009187471,-0.009574976,-0.009167086,-0.009260904,-0.009177249,-0.009246733
2013-11-01,-0.008770134,-0.008658331,-0.008791771,-0.008723225,-0.008738156,-0.008755829,-0.008636232,-0.008843761,-0.008683514,-0.008692469,-0.008725565,-0.008618083,-0.008661967,-0.008716892,-0.008630555,-0.00904594,-0.008626174,-0.008652683,-0.008577954,-0.008685391
2013-11-04,-0.0065430813,-0.006475251,-0.0065119974,-0.00648522,-0.0065027736,-0.006615203,-0.006395098,-0.006523799,-0.0065160505,-0.006485697,-0.0064915977,-0.0063927434,-0.0064198785,-0.006477546,-0.0063854717,-0.0067607425,-0.006379571,-0.0064317547,-0.0063596927,-0.0064536296
2013-11-05,-0.00696085,-0.006929692,-0.0069926046,-0.006958496,-0.006980505,-0.0070709847,-0.0068702213,-0.0069199167,-0.006973412,-0.006948974,-0.0069769137,-0.006899368,-0.0069006495,-0.006965395,-0.0068574212,-0.0070565306,-0.0068622045,-0.00686517,-0.006844368,-0.0069338195
2013-11-06,-0.0069641285,-0.0068752877,-0.006994363,-0.0069479756,-0.0069896393,-0.007031556,-0.0069590174,-0.0068848096,-0.0069849007,-0.0069495104,-0.0069722943,-0.006860461,-0.0069493465,-0.006962385,-0.0068832897,-0.007295262,-0.006885316,-0.006965574,-0.006855469,-0.006934043
2013-11-07,-0.006965395,-0.006891694,-0.007027488,-0.0069597475,-0.006989058,-0.007032823,-0.0069290064,-0.0068855844,-0.006968599,-0.0069598667,-0.006974917,-0.0068762265,-0.006944876,-0.00696161,-0.0068810545,-0.0072160177,-0.006861221,-0.0069591366,-0.0068510883,-0.0069339834
2013-11-08,-0.0050965063,-0.0050161593,-0.005181428,-0.0050908737,-0.0051180534,-0.0052077286,-0.0050966255,-0.0050233416,-0.005107697,-0.0050964467,-0.0051241033,-0.0050204657,-0.0050890855,-0.005115431,-0.0050129406,-0.0054156,-0.0050152354,-0.0050774626,-0.0049710684,-0.0050681643
2013-11-11,-0.008297052,-0.008245092,-0.0083517395,-0.008275893,-0.008308988,-0.008387726,-0.008306336,-0.008199479,-0.008304831,-0.008284297,-0.008296173,-0.008205574,-0.008285698,-0.008305442,-0.008239325,-0.008267578,-0.008219179,-0.008208703,-0.008181211,-0.008259963
2013-11-12,-0.006961789,-0.0069096796,-0.0069924556,-0.0069520436,-0.006974157,-0.007041227,-0.006925922,-0.0068573914,-0.0070020817,-0.006958764,-0.006970223,-0.006873276,-0.006961148,-0.0069672875,-0.0068538897,-0.006932687,-0.006875541,-0.0069469623,-0.006844517,-0.0069348477
2013-11-13,-0.006998237,-0.00687116,-0.0069627725,-0.006951716,-0.00698347,-0.0070432834,-0.0069469176,-0.006862249,-0.00700232,-0.0069869272,-0.006973561,-0.006855931,-0.006948527,-0.0069804303,-0.006863456,-0.007164743,-0.006865915,-0.006978061,-0.0068498664,-0.0069729798
2013-11-14,-0.009541165,-0.009453353,-0.009484228,-0.009444397,-0.009461474,-0.009455841,-0.009407219,-0.009486508,-0.00952756,-0.009472992,-0.009461161,-0.00935052,-0.009479877,-0.0094696395,-0.00936329,-0.009747919,-0.009369206,-0.00946648,-0.009370472,-0.00946198
2013-11-15,-0.008538794,-0.008454349,-0.008529466,-0.008495744,-0.008516829,-0.008559,-0.008502763,-0.008567642,-0.008543711,-0.008527514,-0.00852045,-0.008432146,-0.008517604,-0.008525427,-0.008420568,-0.008705478,-0.008413818,-0.008525755,-0.008398782,-0.00851753
2013-11-18,-0.00676034,-0.006677773,-0.006733056,-0.006719541,-0.0067070685,-0.006870266,-0.0066946708,-0.006786775,-0.0067765974,-0.0067202114,-0.0067223273,-0.0066203885,-0.006715458,-0.0067073517,-0.0066690855,-0.0070853494,-0.0066296123,-0.00668874,-0.006603416,-0.00671288
2013-11-19,-0.0070086084,-0.0069531463,-0.006984528,-0.0069508515,-0.006967511,-0.007099163,-0.006957259,-0.006945502,-0.0070009343,-0.006968122,-0.0069749616,-0.0068530254,-0.006969657,-0.0069697015,-0.006864693,-0.0069668107,-0.0068622045,-0.0068673007,-0.0068358295,-0.0069858693
2013-11-20,-0.007010173,-0.0069594197,-0.006997552,-0.0069276057,-0.0069687925,-0.0070357732,-0.006961327,-0.0070387833,-0.0072193407,-0.0069684945,-0.0069734566,-0.006863039,-0.00696462,-0.0069736205,-0.006868642,-0.007144358,-0.0068610273,-0.0068830214,-0.0068282746,-0.006983917
2013-11-21,-0.007025402,-0.0069347583,-0.0070015304,-0.006963175,-0.0069060735,-0.007044252,-0.0068186484,-0.007014673,-0.007060807,-0.0069683157,-0.006980788,-0.006860014,-0.006876912,-0.0069726966,-0.006857317,-0.00702947,-0.0068742447,-0.006949138,-0.006811928,-0.006981056
2013-11-22,-0.0045498274,-0.004464101,-0.004491221,-0.004471507,-0.0044023804,-0.0046194606,-0.0044484995,-0.0045571886,-0.004623782,-0.0044711493,-0.0044821464,-0.004376497,-0.004425507,-0.0044784807,-0.004382383,-0.0045986734,-0.0043993257,-0.004456546,-0.0043368153,-0.0044807903
2013-11-25,-0.0075592957,-0.007450696,-0.0074747764,-0.007497888,-0.0074010603,-0.007693272,-0.0074561797,-0.0076553784,-0.007665988,-0.0075059943,-0.007523384,-0.0074076317,-0.0074048005,-0.0075154863,-0.0074184053,-0.0076084696,-0.007390704,-0.0075373165,-0.007376965,-0.00751343
2013-11-26,-0.0070337616,-0.006885644,-0.0068061315,-0.0069355033,-0.0068664365,-0.0071481727,-0.006837111,-0.0070522986,-0.0071174763,-0.006968301,-0.0069847964,-0.0068460964,-0.0068404786,-0.0069781803,-0.0068481974,-0.007050451,-0.0068052374,-0.00686593,-0.0068059675,-0.006973218
2013-11-27,-0.007003557,-0.0068064295,-0.0068166964,-0.006934833,-0.0068465136,-0.0070484243,-0.006843712,-0.0070220046,-0.007065233,-0.0069654696,-0.0069892667,-0.006847959,-0.0068926774,-0.0069787167,-0.0068296157,-0.007016819,-0.0068139993,-0.00682744,-0.006815519,-0.0069335364
2013-11-29,-0.007004421,-0.0067990683,-0.0068965666,-0.0069354437,-0.0068712793,-0.0069584213,-0.0068543367,-0.007130053,-0.007081937,-0.0069763325,-0.006980952,-0.0068572275,-0.006863501,-0.006997805,-0.006828528,-0.0071064495,-0.006821748,-0.006899517,-0.0068192743,-0.0069642477
2013-12-02,-0.0069855563,-0.006814625,-0.0068279468,-0.006939601,-0.0068570487,-0.0069747977,-0.0068195574,-0.007112723,-0.007058453,-0.0069645457,-0.0069731586,-0.006866794,-0.006870698,-0.0069998614,-0.0068311505,-0.007179614,-0.0068227313,-0.006905984,-0.0068124197,-0.0069639944
2013-12-03,-0.0069870465,-0.006833013,-0.0068549328,-0.0069416426,-0.0068540387,-0.0071034543,-0.0068174265,-0.007909384,-0.0070774816,-0.0069788806,-0.006973546,-0.006906476,-0.006912168,-0.0070010237,-0.0068612956,-0.0071101002,-0.0068329535,-0.0069803856,-0.0068332516,-0.006963726
2013-12-04,-0.0064738356,-0.006373968,-0.0063015334,-0.006391879,-0.0063505433,-0.0066074096,-0.006304454,-0.007389795,-0.006505262,-0.006430473,-0.00643022,-0.0063039474,-0.0063443147,-0.00646409,-0.006335553,-0.006660428,-0.006287243,-0.0064124577,-0.006304454,-0.0064023547
2013-12-05,-0.0077721737,-0.0076267384,-0.007635232,-0.007687684,-0.0076517276,-0.007887017,-0.007599931,-0.008671757,-0.0077929907,-0.0077251904,-0.007760238,-0.0076183043,-0.0076563917,-0.0077464096,-0.0076505356,-0.008238148,-0.0076241605,-0.007747244,-0.007650193,-0.007715117
2013-12-06,-0.0070468746,-0.006891679,-0.0068905316,-0.0069695525,-0.0069805942,-0.0071596764,-0.006878581,-0.007313829,-0.0070765726,-0.007008549,-0.0070316456,-0.0069015585,-0.006916743,-0.0070207976,-0.006923925,-0.0070847385,-0.006890308,-0.006964322,-0.006898295,-0.0069954507
2013-12-09,-0.005261373,-0.005142357,-0.005513441,-0.005231928,-0.0051691346,-0.0054822974,-0.0051607452,-0.010045644,-0.005360227,-0.0052672587,-0.0053141527,-0.005187016,-0.0052158795,-0.0053049736,-0.005283233,-0.0058763437,-0.0051679425,-0.0052936934,-0.005208399,-0.0052534007
2013-12-10,-0.0069309883,-0.006828379,-0.0069423877,-0.0069385134,-0.0069151036,-0.0071656667,-0.0068576895,-0.007375654,-0.0070746206,-0.0069698654,-0.007015165,-0.0069372915,-0.0068969987,-0.0070316754,-0.0069314353,-0.0070198737,-0.006863635,-0.006993886,-0.006883543,-0.006953638
2013-12-11,-0.0041331463,-0.0040949844,-0.004182752,-0.0041987263,-0.00411373,-0.004455533,-0.0041124634,-0.0046794377,-0.0043066256,-0.0042297803,-0.0042787157,-0.0041192733,-0.004145365,-0.004266318,-0.0041534267,-0.00460675,-0.004104119,-0.0042469613,-0.0041222237,-0.0042104237
2013-12-12,-0.009121817,-0.009080287,-0.009232905,-0.009167727,-0.009104352,-0.009463247,-0.00910705,-0.009513911,-0.009291928,-0.00920869,-0.009257477,-0.009105843,-0.009149369,-0.009250533,-0.009200033,-0.009560939,-0.009195443,-0.009226304,-0.009133603,-0.009179693
2013-12-13,-0.0083868615,-0.008287694,-0.008443233,-0.008371841,-0.008296128,-0.008656766,-0.008294385,-0.008677464,-0.008490842,-0.008409109,-0.008466449,-0.008299541,-0.008335169,-0.008452918,-0.008453261,-0.00865325,-0.008313503,-0.008418154,-0.0083404,-0.008376669
2013-12-16,-0.008563783,-0.008456316,-0.008539956,-0.0084687285,-0.008496534,-0.008787941,-0.008379441,-0.009001624,-0.008635756,-0.008506563,-0.008562636,-0.008426826,-0.008477654,-0.008551475,-0.008469414,-0.009046789,-0.008455377,-0.008509126,-0.008431759,-0.008481156
2013-12-17,-0.0069789253,-0.0068876557,-0.0069717728,-0.0069313757,-0.0069756173,-0.007195007,-0.0068421327,-0.007421147,-0.0070355944,-0.006937396,-0.00703476,-0.0068960004,-0.006923463,-0.007004481,-0.0068881474,-0.007551398,-0.0068920366,-0.006937992,-0.0068825297,-0.00690357
2013-12-18,-0.0063300245,-0.006204825,-0.00632317,-0.006261941,-0.006250646,-0.0065280013,-0.006165143,-0.006687831,-0.0063600503,-0.0062663965,-0.006356638,-0.0062157027,-0.006252479,-0.0063473694,-0.006263461,-0.0068015866,-0.0062341057,-0.0062485896,-0.006210353,-0.0062246732
2013-12-19,-0.008040633,-0.0079023205,-0.008018073,-0.007981535,-0.007960495,-0.008140739,-0.007895332,-0.008338612,-0.008037027,-0.007985543,-0.008071791,-0.007922199,-0.007992949,-0.00806671,-0.007960733,-0.008507054,-0.007952686,-0.007988926,-0.007933851,-0.007942926
2013-12-20,-0.008727487,-0.008599039,-0.008742478,-0.008667421,-0.008690279,-0.008890148,-0.008577835,-0.009242054,-0.008724656,-0.008671921,-0.008752596,-0.00860868,-0.008671429,-0.008752491,-0.0086393915,-0.009355675,-0.00861543,-0.008674409,-0.008617919,-0.008629244
2013-12-23,-0.007390272,-0.0073087923,-0.007354673,-0.007342275,-0.007336553,-0.0075205676,-0.0072229914,-0.007446971,-0.0073702,-0.007343378,-0.007425647,-0.007257905,-0.0073304586,-0.00741842,-0.007314246,-0.0077732913,-0.007270124,-0.007346358,-0.0073018186,-0.0072875433
2013-12-24,-0.0065917186,-0.0065967552,-0.0065089725,-0.006526958,-0.0065019988,-0.00679807,-0.0064178817,-0.006594043,-0.0066230707,-0.0065283887,-0.0066155754,-0.006467756,-0.0065278374,-0.006602507,-0.0065207593,-0.0066903196,-0.0064573996,-0.006534677,-0.006486278,-0.006468769
2013-12-26,-0.010278683,-0.01018038,-0.010154959,-0.010192867,-0.010165613,-0.010430213,-0.010102179,-0.010278415,-0.010272365,-0.01019549,-0.010276418,-0.010159042,-0.010179635,-0.010283705,-0.010201361,-0.01034091,-0.010144781,-0.010200005,-0.010155629,-0.010008868
2013-12-27,-0.0070197247,-0.0069910698,-0.006901499,-0.006932106,-0.0068943314,-0.007226836,-0.0068215244,-0.007060822,-0.0070322715,-0.0069346093,-0.0070216767,-0.006877657,-0.0069337003,-0.007013928,-0.00688478,-0.007044848,-0.0068875067,-0.00693826,-0.006877329,-0.006733399
2013-12-30,-0.006982606,-0.006940659,-0.006884616,-0.006932106,-0.006900396,-0.007126715,-0.006823998,-0.0069356225,-0.006993305,-0.0069342814,-0.0070210807,-0.0068567507,-0.006926965,-0.007012438,-0.006878983,-0.007009264,-0.0068819337,-0.0069374107,-0.0068715177,-0.0067363195
2013-12-31,-0.0069997273,-0.0069997273,-0.006883364,-0.006969895,-0.006928187,-0.0072041266,-0.006837424,-0.0069894306,-0.0070265196,-0.0069348775,-0.0070191883,-0.0068617575,-0.006843265,-0.007009398,-0.0069460683,-0.006958347,-0.0068935268,-0.0069216304,-0.006886732,-0.0067419372
2014-01-02,-0.006998893,-0.0069735907,-0.0068956874,-0.0069577657,-0.006918993,-0.00712293,-0.0068333857,-0.0069689117,-0.0068979077,-0.006933134,-0.0070231818,-0.0068727694,-0.0068576895,-0.007009428,-0.00691868,-0.006971728,-0.0068992935,-0.006938409,-0.0068811886,-0.006740015
2014-01-03,-0.0069904737,-0.006975677,-0.00692169,-0.0069338493,-0.006918099,-0.0071772896,-0.006830048,-0.0069293343,-0.007000964,-0.006934639,-0.0070043616,-0.0068591647,-0.006851878,-0.007002618,-0.006928306,-0.0069930516,-0.006897565,-0.006937247,-0.00697447,-0.0067414306
2014-01-06,-0.0070028417,-0.006880071,-0.006946873,-0.0069326125,-0.0068993233,-0.007144522,-0.0068332218,-0.006943386,-0.007014271,-0.006954517,-0.0070206784,-0.006895181,-0.006879341,-0.007012572,-0.0069650076,-0.00700764,-0.0068955384,-0.0069436543,-0.0070316456,-0.0067449324
2014-01-07,-0.0069954954,-0.006888788,-0.0069531165,-0.006934207,-0.0069021992,-0.0072081797,-0.006846007,-0.0069796704,-0.0070146583,-0.0069535486,-0.0070202015,-0.006904047,-0.006890502,-0.0070159994,-0.0069692545,-0.00700688,-0.0068815164,-0.0069546215,-0.0071189217,-0.0067467205
2014-01-08,-0.0069820695,-0.0068786405,-0.0069489293,-0.0069345795,-0.0069520287,-0.0071271025,-0.006839793,-0.006989088,-0.0070084445,-0.0069643073,-0.0070226006,-0.006881889,-0.0068463646,-0.0070064627,-0.0069220923,-0.0070019476,-0.006886106,-0.0069484226,-0.007127937,-0.0067495517
2014-01-09,-0.009206828,-0.009103324,-0.0091798715,-0.009146702,-0.009118985,-0.00939716,-0.009051245,-0.009195056,-0.009211134,-0.0091771595,-0.009222683,-0.009091105,-0.009137269,-0.009227391,-0.009164926,-0.00922003,-0.009093907,-0.009172332,-0.009278964,-0.008972194
2014-01-10,-0.006812867,-0.006903883,-0.0069642775,-0.006933566,-0.0069844835,-0.007093396,-0.0068683885,-0.0068397634,-0.0070012473,-0.006957229,-0.007019516,-0.006845575,-0.0069128983,-0.0070105754,-0.006914165,-0.0070048235,-0.0068780445,-0.0069527887,-0.007000681,-0.0069000386
2014-01-13,-0.0065789334,-0.0066646747,-0.006807532,-0.0067110024,-0.0067336224,-0.0069109015,-0.0065944158,-0.0067299567,-0.0067648254,-0.0067070983,-0.0067534707,-0.006619375,-0.006685462,-0.0067625158,-0.006669175,-0.0067290626,-0.0066238604,-0.0067425035,-0.006675314,-0.0065153204
2014-01-14,-0.006893348,-0.00695407,-0.0070577674,-0.006939303,-0.006982889,-0.007100355,-0.006842952,-0.007015314,-0.0069885068,-0.006968405,-0.006996464,-0.00686289,-0.0069522522,-0.007014107,-0.006904375,-0.0069736205,-0.006884437,-0.006984543,-0.006898459,-0.0067980997
2014-01-15,-0.006808739,-0.006926041,-0.006994795,-0.0069412403,-0.006879803,-0.0070711933,-0.006829452,-0.0069282316,-0.00701211,-0.0069585554,-0.0070021115,-0.006849777,-0.006952565,-0.007010784,-0.006924983,-0.006969761,-0.006879177,-0.006984424,-0.0068772845,-0.0067669116
2014-01-16,-0.0068046115,-0.0069056116,-0.006982859,-0.006962385,-0.006887924,-0.00712147,-0.006831687,-0.0069057755,-0.006944012,-0.006951254,-0.007019948,-0.0068457983,-0.0069339536,-0.007005688,-0.006890949,-0.006984275,-0.006867092,-0.0069561414,-0.00684854,-0.0067681633
2014-01-17,-0.009923365,-0.009969752,-0.010107201,-0.010066684,-0.009959292,-0.0102005415,-0.009959649,-0.010039281,-0.010028478,-0.010063987,-0.010123979,-0.009968322,-0.009919982,-0.01010422,-0.010006901,-0.010044482,-0.009977605,-0.010081973,-0.009978499,-0.009871658
2014-01-21,-0.0066750757,-0.0067491494,-0.006908428,-0.006853204,-0.006758835,-0.006958287,-0.006730076,-0.0068771057,-0.0068137757,-0.0068314485,-0.0068995617,-0.006721925,-0.006766077,-0.0068878345,-0.0068202727,-0.006782245,-0.006768536,-0.006840717,-0.0067578666,-0.0066514425
2014-01-22,-0.006842714,-0.00685985,-0.0070328377,-0.006952893,-0.006946247,-0.0070651285,-0.00685459,-0.0070649646,-0.0069713853,-0.006942522,-0.006997045,-0.0068531744,-0.0068552904,-0.0070038103,-0.006986972,-0.006998595,-0.0069103353,-0.006958004,-0.0068962686,-0.006769683
2014-01-23,-0.0038600077,-0.0038061102,-0.0039123856,-0.003931489,-0.003880169,-0.0040127,-0.003808852,-0.0039134286,-0.0039086305,-0.003891032,-0.0039469413,-0.0037782749,-0.0037983467,-0.0039621256,-0.0039004644,-0.0038992276,-0.003837522,-0.0039034446,-0.0038125922,-0.0037175973
2014-01-24,-0.008181106,-0.008223828,-0.008347239,-0.008328225,-0.008247461,-0.00842097,-0.008219775,-0.008301374,-0.00829437,-0.008290898,-0.008355793,-0.008213084,-0.008216228,-0.008349609,-0.00832833,-0.008323532,-0.008229759,-0.008294027,-0.0082119815,-0.008126628
2014-01-27,-0.0068406276,-0.006854411,-0.0070065074,-0.006980147,-0.0068900697,-0.007061597,-0.006856393,-0.006957244,-0.0069994293,-0.006964218,-0.007004272,-0.0068535767,-0.00686213,-0.007007178,-0.0070265345,-0.0069704317,-0.0068710707,-0.006964233,-0.00685833,-0.0067948513
2014-01-28,-0.0068572275,-0.0068566464,-0.0069936924,-0.0069796704,-0.00696538,-0.007054236,-0.006857019,-0.0069660954,-0.006956052,-0.006958779,-0.007004615,-0.006864723,-0.00685833,-0.007000085,-0.0070271604,-0.0069938265,-0.0068662874,-0.0069578253,-0.0069170706,-0.0067953877
2014-01-29,-0.007988777,-0.007850271,-0.007950302,-0.007959407,-0.007962029,-0.00814515,-0.007854026,-0.007917147,-0.007932525,-0.007963341,-0.00800265,-0.007857379,-0.007876303,-0.007998686,-0.007974517,-0.007928725,-0.007913139,-0.00794613,-0.007873755,-0.0077936314
2014-01-30,-0.0072904043,-0.007189568,-0.0072755627,-0.0073092245,-0.007333096,-0.007392671,-0.007181,-0.0072712414,-0.007212173,-0.007291835,-0.0073473565,-0.0071789734,-0.007229831,-0.0073247813,-0.0072228126,-0.007281985,-0.0072274767,-0.007271599,-0.0071757846,-0.007265266
2014-01-31,-0.006823819,-0.0068569295,-0.0069490187,-0.006962713,-0.00701439,-0.0070951693,-0.0068571977,-0.006912645,-0.0068625174,-0.0069731884,-0.007009428,-0.006849643,-0.0068836175,-0.007001456,-0.006880548,-0.0069570504,-0.006849941,-0.006947305,-0.0069320463,-0.006933879
2014-02-03,-0.010878395,-0.010913815,-0.010992613,-0.010999378,-0.011031222,-0.011101674,-0.010843199,-0.0109872185,-0.010905635,-0.011009198,-0.011037286,-0.010879155,-0.010911759,-0.011030983,-0.010881718,-0.010994475,-0.010867324,-0.010968652,-0.010865118,-0.010968249
2014-02-04,-0.008184951,-0.008248519,-0.008329239,-0.008342754,-0.008382764,-0.008448001,-0.008167561,-0.008286666,-0.008232724,-0.008306142,-0.008366045,-0.008196827,-0.00823715,-0.008352336,-0.008231621,-0.008299004,-0.008197006,-0.008303475,-0.008171763,-0.0082950555
2014-02-05,-0.00682066,-0.006903421,-0.0069470666,-0.006983351,-0.00702117,-0.00702646,-0.0068469457,-0.006799858,-0.0069188885,-0.0069728307,-0.0070141666,-0.006873723,-0.006897848,-0.006999444,-0.0069608204,-0.0070158355,-0.0068682693,-0.0069380663,-0.0068147145,-0.006933745
2014-02-06,-0.006808024,-0.0069165044,-0.0068944953,-0.006969642,-0.006954547,-0.0070767067,-0.006853383,-0.0067698024,-0.006820973,-0.006965738,-0.007023286,-0.006833967,-0.0069606714,-0.007014241,-0.006878894,-0.006971102,-0.0068331175,-0.0069452934,-0.0068729185,-0.0069359504
2014-02-07,-0.0068194233,-0.006917786,-0.0069307946,-0.006987747,-0.006935548,-0.007059898,-0.0068418644,-0.006792795,-0.0068359487,-0.006970998,-0.0070009194,-0.0068397634,-0.0069442354,-0.006993156,-0.006883707,-0.0069483183,-0.0068577193,-0.006961059,-0.006846931,-0.006935429
2014-02-10,-0.006864067,-0.006930258,-0.0069250874,-0.0070194267,-0.006991472,-0.007083576,-0.0068946294,-0.0068471096,-0.00686289,-0.006995376,-0.007038813,-0.0068858974,-0.0069887303,-0.007034179,-0.0069754533,-0.006998252,-0.006889101,-0.0069843493,-0.0068946593,-0.0069611035
2014-02-11,-0.0068724267,-0.0069111697,-0.006902512,-0.0069974624,-0.006956499,-0.007066246,-0.0068526976,-0.022779237,-0.0068307184,-0.0069702975,-0.00701293,-0.0069083385,-0.0069585703,-0.007022273,-0.0069445334,-0.0069625936,-0.0068762563,-0.006948065,-0.006913077,-0.0069359206
2014-02-12,-0.008702096,-0.008765187,-0.008724328,-0.008808907,-0.008790802,-0.008901399,-0.00870594,-0.009234082,-0.008654039,-0.008813273,-0.008851569,-0.0087405555,-0.008805539,-0.008852925,-0.0087702535,-0.008803528,-0.0087061785,-0.008775022,-0.008753624,-0.008767527
2014-02-13,-0.0068403296,-0.0069873296,-0.0068886094,-0.0069685094,-0.0069395714,-0.0070502274,-0.0068380497,-0.006831255,-0.006832715,-0.0069727413,-0.0070295297,-0.006873604,-0.006979417,-0.007019531,-0.0069455765,-0.006976854,-0.006869998,-0.0069494955,-0.006903585,-0.006934505
2014-02-14,-0.00837953,-0.008439418,-0.008472975,-0.008484032,-0.008506235,-0.008584123,-0.00836828,-0.0084168725,-0.008364629,-0.008483585,-0.008552026,-0.008423146,-0.008506637,-0.008538049,-0.008428808,-0.008499246,-0.00839844,-0.008453231,-0.008577567,-0.008458834
2014-02-18,-0.006845366,-0.0069033764,-0.006934371,-0.0069822185,-0.0069771074,-0.007054951,-0.006886434,-0.007072475,-0.006812971,-0.0069855414,-0.0070296787,-0.0068768375,-0.0069497637,-0.007007044,-0.0068868957,-0.0069705956,-0.006881457,-0.0068961047,-0.0070590787,-0.0069348924
2014-02-19,-0.0068675987,-0.0069178306,-0.006934818,-0.0069680624,-0.006981265,-0.007049408,-0.0068905316,-0.0068405084,-0.006820943,-0.0069938414,-0.0070243888,-0.006894093,-0.006960597,-0.0070064478,-0.006955724,-0.00695936,-0.0068660937,-0.0069101416,-0.0070275776,-0.006934043
2014-02-20,-0.006846126,-0.0069180243,-0.0069435798,-0.0069724433,-0.0069988333,-0.0070280842,-0.0068677627,-0.006788086,-0.0068352334,-0.006961059,-0.007020887,-0.0068706535,-0.0069661997,-0.007014852,-0.0069279186,-0.006957095,-0.0068703555,-0.006898638,-0.0070627593,-0.0069342665
2014-02-21,-0.008559745,-0.008633327,-0.008675721,-0.008692499,-0.008693468,-0.008766379,-0.008588981,-0.008663055,-0.008555945,-0.0087009035,-0.008722421,-0.008577626,-0.008675601,-0.008749615,-0.008639615,-0.008676078,-0.008587059,-0.008640852,-0.008768048,-0.008652788
2014-02-24,-0.0076054595,-0.0076438896,-0.0076808594,-0.00771774,-0.007734742,-0.007724207,-0.0076205544,-0.007553708,-0.0075792633,-0.0077271126,-0.0077559166,-0.0076277517,-0.007700186,-0.0077602975,-0.0076495223,-0.0077032857,-0.0076325648,-0.0076861195,-0.0077673607,-0.007678207
2014-02-25,-0.006824266,-0.006893676,-0.006973397,-0.0069880895,-0.006973963,-0.0070229135,-0.0068687163,-0.007053163,-0.0068050288,-0.0069585703,-0.006980952,-0.0068565123,-0.0069489144,-0.007041987,-0.006925773,-0.006947603,-0.0068687014,-0.00694054,-0.0069037937,-0.0069339685
2014-02-26,-0.006534841,-0.0066689514,-0.0066570155,-0.0066729,-0.0066880397,-0.006692078,-0.0065689646,-0.0067089014,-0.006539073,-0.006679129,-0.0066827647,-0.0065572523,-0.0066428594,-0.006708082,-0.006617453,-0.0065947585,-0.0065909885,-0.006658133,-0.0066395514,-0.0066217594
2014-02-27,-0.0060182773,-0.0061563067,-0.006103229,-0.006155949,-0.0061539374,-0.006171655,-0.006058689,-0.0064236037,-0.0059900843,-0.006144982,-0.006174173,-0.0060450546,-0.0061057173,-0.006202083,-0.006135892,-0.0061103664,-0.0060689263,-0.0061041825,-0.0061448924,-0.006098356
2014-02-28,-0.0067317747,-0.006819036,-0.0068242513,-0.006865468,-0.0068614595,-0.0069069527,-0.006752353,-0.007185366,-0.006692674,-0.0068406425,-0.006884571,-0.0067646764,-0.006804358,-0.0069054775,-0.0068374835,-0.00678673,-0.0067641996,-0.006798979,-0.0068700574,-0.006796878
2014-03-03,-0.0068103634,-0.0069234036,-0.0069731437,-0.0069800876,-0.006992977,-0.006998714,-0.0068822764,-0.007022571,-0.006807279,-0.00697894,-0.0069909357,-0.006880682,-0.006941002,-0.007050734,-0.0069351606,-0.006925907,-0.006889146,-0.0069597177,-0.0070167445,-0.006933477
2014-03-04,-0.0068960153,-0.006905239,-0.006997954,-0.0069796853,-0.0069854967,-0.006980356,-0.006857734,-0.0069452785,-0.006817352,-0.0069628023,-0.006994646,-0.0068795793,-0.0069633536,-0.007034149,-0.006878253,-0.0069113933,-0.0068771057,-0.0069452487,-0.007002648,-0.006933432
2014-03-05,-0.008759197,-0.008778658,-0.008844476,-0.008852016,-0.008836206,-0.008815747,-0.0087263845,-0.008763548,-0.008702915,-0.0088459365,-0.0088712685,-0.008752938,-0.008846488,-0.008894216,-0.0087617,-0.00880627,-0.00874595,-0.008828055,-0.008891758,-0.008808341
2014-03-06,-0.006880235,-0.0068804286,-0.0069844835,-0.0069825463,-0.006925132,-0.006924089,-0.006818887,-0.00705662,-0.0068193786,-0.0069671534,-0.007008489,-0.0068990104,-0.00698201,-0.007036578,-0.0069013946,-0.006912317,-0.006845515,-0.006942209,-0.0069770627,-0.0069342367
2014-03-07,-0.006859239,-0.0068757795,-0.006963279,-0.00700311,-0.0069396757,-0.0069032423,-0.0068676285,-0.0072596334,-0.006830644,-0.0069626532,-0.007013332,-0.0068910383,-0.00696915,-0.0070469044,-0.006880205,-0.0069109313,-0.0068582706,-0.006947797,-0.006947886,-0.006933924
2014-03-10,-0.0041667484,-0.004263144,-0.0042768233,-0.004326906,-0.0042986237,-0.004313346,-0.004200261,-0.0050256215,-0.0041201673,-0.0042942874,-0.004319247,-0.0042045824,-0.004289355,-0.00436173,-0.00418457,-0.004227113,-0.004178103,-0.0042571835,-0.0042831115,-0.004247185
2014-03-11,-0.006833207,-0.006930571,-0.0069499128,-0.0070055835,-0.0069799684,-0.0069417916,-0.0068896674,-0.007230025,-0.00680032,-0.0069837086,-0.0070146583,-0.006912794,-0.0069719367,-0.007057693,-0.006871935,-0.0069202445,-0.0068912767,-0.006961208,-0.007106688,-0.0069339536
2014-03-12,-0.0068370514,-0.0069149546,-0.0069328807,-0.0069975965,-0.006921541,-0.007008817,-0.0068734996,-0.006981205,-0.00681239,-0.0069771223,-0.006994512,-0.0068774037,-0.0069784336,-0.0070408545,-0.0068735294,-0.0069179796,-0.006899681,-0.006957542,-0.0071260296,-0.006935548
2014-03-13,-0.0068203025,-0.006900262,-0.0069329254,-0.006979104,-0.006983202,-0.0068939887,-0.006865736,-0.006907683,-0.006846007,-0.006977644,-0.0070066117,-0.006899964,-0.0069679283,-0.0070256703,-0.0068683885,-0.006933864,-0.0068932585,-0.006949302,-0.0070050023,-0.0069344305
2014-03-14,-0.0068495087,-0.0069390945,-0.0069329105,-0.007010799,-0.006981697,-0.0069855414,-0.0068657063,-0.0069795363,-0.006839853,-0.0069715492,-0.0070084445,-0.0068745725,-0.0069712363,-0.007037785,-0.0068869255,-0.006934058,-0.0069743954,-0.006970104,-0.00700539,-0.0069342963
2014-03-17,-0.009612527,-0.009685155,-0.009695869,-0.00974023,-0.009725835,-0.009749126,-0.009624388,-0.0096436255,-0.009595972,-0.009741005,-0.009761225,-0.009649929,-0.009733614,-0.009791847,-0.009651598,-0.0096995495,-0.009706181,-0.009717684,-0.00978918,-0.009696629
2014-03-18,-0.008097749,-0.008138087,-0.00815494,-0.008212309,-0.0081810765,-0.008151513,-0.008077022,-0.00806668,-0.008077156,-0.0081928335,-0.008224081,-0.008140858,-0.008187976,-0.008247402,-0.008112114,-0.008155387,-0.008175712,-0.00818203,-0.008239519,-0.00815643
2014-03-19,-0.005300667,-0.0053566806,-0.005405199,-0.005455997,-0.0053662024,-0.0053548478,-0.0052807443,-0.0054102205,-0.005294364,-0.005444642,-0.005473282,-0.005344894,-0.00542159,-0.005499419,-0.005323764,-0.005264323,-0.0053571723,-0.0054382347,-0.0054768734,-0.0054064207
2014-03-20,-0.0047768764,-0.00487661,-0.0048536025,-0.004932042,-0.0048848502,-0.0048440956,-0.0047744326,-0.0048720352,-0.0048359744,-0.0049339794,-0.004942756,-0.0048028193,-0.004860755,-0.004950162,-0.004807662,-0.0047187023,-0.0048495345,-0.004899796,-0.004968848,-0.004856985
2014-03-21,-0.00686742,-0.0069205128,-0.0069329403,-0.006981235,-0.0069731586,-0.0069031827,-0.0068327,-0.0068750493,-0.0068856888,-0.0070037507,-0.0070197396,-0.006900143,-0.0069739036,-0.007012766,-0.006892156,-0.006836977,-0.006929036,-0.006969165,-0.0070479475,-0.006934058
2014-03-24,-0.0077729784,-0.007793691,-0.007843595,-0.007878017,-0.007856261,-0.0078022145,-0.007726606,-0.007779088,-0.007769447,-0.007912498,-0.007910278,-0.0077976994,-0.007869404,-0.007926818,-0.0078003816,-0.0076972954,-0.007842939,-0.007847976,-0.008085843,-0.0078459345
2014-03-25,-0.0074245445,-0.0074616186,-0.0075058453,-0.0075835846,-0.007499572,-0.007485684,-0.0074088387,-0.00784054,-0.0075113736,-0.0076000355,-0.007580381,-0.0074694417,-0.0075360797,-0.0076143406,-0.007455405,-0.0073992275,-0.0075388215,-0.0075235628,-0.007646229,-0.007507514
2014-03-26,-0.007004585,-0.007107448,-0.007087197,-0.0071735345,-0.007088136,-0.007067498,-0.006964367,-0.0072956197,-0.00706039,-0.0071414076,-0.0071530156,-0.007056918,-0.007118132,-0.007193517,-0.007051822,-0.0069641136,-0.007093679,-0.007064771,-0.007199835,-0.007088568
2014-03-27,-0.0023775806,-0.0025085916,-0.0024737974,-0.002535205,-0.00244176,-0.002424117,-0.0023456176,-0.002626728,-0.0023881008,-0.0025557836,-0.002537783,-0.0024347564,-0.0025006642,-0.002558287,-0.002411898,-0.0023224165,-0.0024494042,-0.0024701615,-0.0025986244,-0.0024752428
2014-03-28,-0.0041400753,-0.00418232,-0.004228141,-0.004266124,-0.0042215697,-0.004157748,-0.0041854046,-0.0043215714,-0.004191961,-0.004285928,-0.0042995326,-0.004157882,-0.004265275,-0.0043240897,-0.0041810535,-0.0040949993,-0.004226383,-0.0042144023,-0.004494589,-0.004231464
2014-03-31,-0.006845843,-0.006898593,-0.0069329105,-0.007017296,-0.006977137,-0.006869938,-0.0068139248,-0.006869819,-0.00688399,-0.006985139,-0.006973427,-0.006859135,-0.006957438,-0.0070313923,-0.006885987,-0.0067987703,-0.00691719,-0.006924983,-0.007081192,-0.006933864
2014-04-01,-0.006862309,-0.006875839,-0.0069329105,-0.0069814883,-0.0069439225,-0.006875675,-0.0068876855,-0.0070148967,-0.006914746,-0.0069846325,-0.0069660954,-0.0068669133,-0.006960269,-0.0070279352,-0.006887879,-0.006810885,-0.0069548003,-0.006911289,-0.0070664547,-0.0069349967
2014-04-02,-0.005004909,-0.004963156,-0.0049941204,-0.0050480478,-0.0050364994,-0.004933145,-0.0048949085,-0.0050509684,-0.0049838535,-0.0050455444,-0.005030703,-0.004934814,-0.0050254874,-0.005067449,-0.004929822,-0.004859891,-0.0050109886,-0.004980352,-0.0051348917,-0.004995104
2014-04-03,-0.0045645647,-0.0046374016,-0.0046708994,-0.0047378354,-0.004683297,-0.004614901,-0.004596483,-0.004755538,-0.004612621,-0.0047246628,-0.0047080778,-0.004620116,-0.004701566,-0.004756134,-0.0046181045,-0.0045266263,-0.004663851,-0.004662376,-0.004827302,-0.004672285
2014-04-04,-0.006835591,-0.006885212,-0.0069329403,-0.0069985203,-0.006953802,-0.0068675242,-0.0068392567,-0.0070452504,-0.0068697,-0.0069767945,-0.0069747083,-0.00688852,-0.0069591515,-0.007005822,-0.006887581,-0.0067972355,-0.0069443844,-0.0069184117,-0.0071026646,-0.006933611
2014-04-07,-0.0069464855,-0.0068887286,-0.0069329552,-0.0070005916,-0.0069239996,-0.006904211,-0.0068868063,-0.0071961693,-0.0068813525,-0.006984275,-0.0069688223,-0.0068876557,-0.0069612376,-0.007020753,-0.0068982057,-0.006833967,-0.006911706,-0.006906893,-0.007091578,-0.0069337003
2014-04-08,-0.006841447,-0.006856676,-0.0069329105,-0.0069692694,-0.006900903,-0.0068551563,-0.0068337433,-0.00707769,-0.006856125,-0.006961357,-0.006979894,-0.0068717413,-0.0069668256,-0.007002812,-0.006892901,-0.0069508664,-0.0068900995,-0.0068609975,-0.007114809,-0.0069333874
2014-04-09,-0.0068400316,-0.0068988763,-0.0069329105,-0.007009458,-0.0069099627,-0.006904211,-0.0068305396,-0.0070414655,-0.0068817995,-0.0069876574,-0.0069824867,-0.00689831,-0.006966036,-0.00701594,-0.0069040917,-0.0068318956,-0.0068982206,-0.006920349,-0.007066872,-0.006933432
2014-04-10,-0.008758914,-0.008826997,-0.0088816695,-0.008916285,-0.008841496,-0.008839022,-0.008806359,-0.008974578,-0.008787911,-0.008916911,-0.008920815,-0.008807506,-0.008893769,-0.008936893,-0.008830782,-0.008802991,-0.008890253,-0.008857798,-0.008967396,-0.008857932
2014-04-11,-0.0069258325,-0.0068889074,-0.006935235,-0.0069818012,-0.006932702,-0.0068980716,-0.006846931,-0.0070844702,-0.006902378,-0.006979864,-0.0069964044,-0.006880235,-0.006977301,-0.007006433,-0.0069093816,-0.006853875,-0.006940406,-0.0068393014,-0.0070518516,-0.0069336407
2014-04-14,-0.008496862,-0.008474898,-0.00851674,-0.008574601,-0.0085049085,-0.008483019,-0.008477803,-0.00869165,-0.008511912,-0.008579548,-0.008605178,-0.008483391,-0.008579936,-0.008577611,-0.008493703,-0.0084515475,-0.008528125,-0.008497339,-0.008652236,-0.008516114
2014-04-15,-0.0068677478,-0.006897401,-0.006933864,-0.0069966577,-0.0069369785,-0.0069123767,-0.0068722777,-0.00709207,-0.0068962835,-0.0069844387,-0.0070043914,-0.006865736,-0.006994378,-0.006995525,-0.0069102906,-0.0068329684,-0.006933119,-0.006862249,-0.007054653,-0.006937232
2014-04-16,-0.0069116317,-0.0069154017,-0.006939348,-0.006997805,-0.006932657,-0.006896522,-0.0068512075,-0.007232677,-0.0068779252,-0.0069983117,-0.0070242845,-0.006892722,-0.006973114,-0.006988596,-0.0069112442,-0.0068602525,-0.00694954,-0.0069116615,-0.0070319735,-0.00693373
2014-04-17,-0.0069235675,-0.006928157,-0.006933566,-0.006998431,-0.0069078766,-0.0069059245,-0.007354196,-0.007307794,-0.006898444,-0.007005226,-0.0070235543,-0.0068994276,-0.00696766,-0.0070049427,-0.006908562,-0.00688025,-0.006980192,-0.0069436245,-0.0070349835,-0.006934982
2014-04-21,-0.009023469,-0.009013142,-0.009006377,-0.009060245,-0.008958232,-0.008985933,-0.009316649,-0.009253573,-0.008939754,-0.009059947,-0.009091508,-0.008966725,-0.009036493,-0.00907537,-0.0089700185,-0.008956026,-0.009026896,-0.008977454,-0.00911672,-0.009008136
2014-04-22,-0.0069588684,-0.006929394,-0.0069603883,-0.0069922768,-0.0068861507,-0.006928351,-0.0068554245,-0.0071094744,-0.0069045685,-0.00698727,-0.0070037805,-0.0068888925,-0.0069769584,-0.007005047,-0.0068950914,-0.006846886,-0.006934371,-0.0069220774,-0.007072594,-0.0069344305
2014-04-23,-0.0069393776,-0.0069006644,-0.0069644116,-0.0069905035,-0.006898623,-0.006899845,-0.0068087243,-0.0070419423,-0.006903108,-0.0069844685,-0.0069957934,-0.006881442,-0.0069705658,-0.006987747,-0.006899338,-0.00686593,-0.0069777034,-0.0068972073,-0.0070640408,-0.006933879
2014-04-24,-0.00693975,-0.0068914704,-0.006961029,-0.006972026,-0.0068783425,-0.0068754964,-0.0068894885,-0.006960314,-0.0068365745,-0.0069813095,-0.0069735907,-0.006865274,-0.0069802366,-0.006985318,-0.006882187,-0.0068190806,-0.0069021396,-0.0068965666,-0.0070247315,-0.0069341324
2014-04-25,-0.009055208,-0.008972209,-0.009032439,-0.009088647,-0.009023499,-0.008967366,-0.008980345,-0.008957785,-0.009020176,-0.00907765,-0.009102952,-0.00898632,-0.009070855,-0.00908206,-0.008982312,-0.008930918,-0.009049889,-0.008957233,-0.009162035,-0.009032991
2014-04-28,-0.0069357567,-0.006854441,-0.006937947,-0.006952714,-0.0068971775,-0.0068917833,-0.006844666,-0.0068358593,-0.0069390796,-0.0069772713,-0.0070071183,-0.006865289,-0.006973576,-0.006972935,-0.0068781637,-0.0068242066,-0.006963577,-0.0069042854,-0.0070875846,-0.00693373
2014-04-29,-0.0069885366,-0.0068550073,-0.0069366656,-0.006950941,-0.0069125555,-0.006875377,-0.0068540536,-0.006883543,-0.0068973713,-0.00699329,-0.007017594,-0.0068757795,-0.006994646,-0.006964665,-0.006896641,-0.006818231,-0.006966036,-0.006898325,-0.0070411228,-0.006933596
2014-04-30,-0.0069368593,-0.0068739317,-0.006937992,-0.0069531314,-0.006906163,-0.006913867,-0.006885972,-0.0070022903,-0.0069292895,-0.007000517,-0.0070255063,-0.006889295,-0.006980609,-0.0069687925,-0.0069486164,-0.0068038814,-0.006961014,-0.006947171,-0.0070494823,-0.006935071
2014-05-01,-0.0069329552,-0.006843012,-0.0069339685,-0.006966274,-0.0069068037,-0.0069012158,-0.0069030486,-0.0068554245,-0.006894227,-0.0070007704,-0.007014733,-0.0068845265,-0.0069972686,-0.007000264,-0.006942924,-0.006793391,-0.0069202594,-0.0069488697,-0.0070307814,-0.0069408678
2014-05-02,-0.008146223,-0.008101728,-0.008147057,-0.008183148,-0.008139145,-0.008084413,-0.008072134,-0.008052733,-0.008125719,-0.008207034,-0.008203115,-0.008099046,-0.008204278,-0.008209895,-0.008160856,-0.008030694,-0.008115109,-0.008132156,-0.008253317,-0.008153733
2014-05-05,-0.008662295,-0.008589219,-0.008663233,-0.008695822,-0.008692112,-0.008608993,-0.008691188,-0.008725744,-0.008724015,-0.008706372,-0.008727234,-0.008599352,-0.008636307,-0.008712973,-0.008605745,-0.008562785,-0.008622255,-0.008676272,-0.0087821,-0.008664917
2014-05-06,-0.0069329105,-0.00689226,-0.006933864,-0.006966006,-0.0068996213,-0.0068817995,-0.0069503896,-0.0070016794,-0.0070206784,-0.006972473,-0.0069918446,-0.0068708323,-0.006910544,-0.0069857202,-0.006879162,-0.006832417,-0.0069081746,-0.0069324337,-0.007038858,-0.0069370084
2014-05-07,-0.0069329254,-0.006879952,-0.006933894,-0.0069742016,-0.0068668984,-0.0068926923,-0.0069487356,-0.007015597,-0.006893825,-0.0069892965,-0.006999593,-0.006883111,-0.006939899,-0.0069857053,-0.006914612,-0.0068243556,-0.006939154,-0.0069982223,-0.0070551895,-0.0069347434
2014-05-08,-0.0069329254,-0.006865304,-0.006933864,-0.0070034526,-0.0068872683,-0.0069124363,-0.006958943,-0.006996017,-0.0068988614,-0.006999906,-0.0070048384,-0.006879609,-0.0069456063,-0.0069960915,-0.006893974,-0.00681011,-0.006950643,-0.0069827996,-0.0070524774,-0.006968688
2014-05-09,-0.0064619742,-0.006392386,-0.006462928,-0.00651687,-0.0064204447,-0.0064058714,-0.006503459,-0.0063476376,-0.006426256,-0.006512683,-0.0065325163,-0.0064011477,-0.006491687,-0.006519731,-0.006425645,-0.006322276,-0.0064901225,-0.006465655,-0.006601032,-0.0065064393
2014-05-12,-0.00564095,-0.0056098364,-0.0056419037,-0.0056945495,-0.0055785887,-0.0056189112,-0.0055584423,-0.0056657754,-0.005641859,-0.005698424,-0.005715411,-0.0055944733,-0.0056775026,-0.0056806467,-0.0056129806,-0.005510982,-0.0056698434,-0.005625423,-0.005780872,-0.005683031
2014-05-13,-0.0069329403,-0.0069188885,-0.006933864,-0.0069659315,-0.0068922006,-0.006891843,-0.0069625936,-0.0069306456,-0.0068787597,-0.006980758,-0.0070146583,-0.0068934076,-0.0069448613,-0.006990012,-0.0069024973,-0.006827604,-0.0069136433,-0.0069525205,-0.0070550703,-0.0069749467
2014-05-14,-0.006961148,-0.0069177262,-0.0069338493,-0.0069811754,-0.0069170855,-0.0068846904,-0.0068814717,-0.0069359057,-0.0068910383,-0.0069744997,-0.0069935136,-0.0068926923,-0.006938752,-0.0069969706,-0.006904181,-0.0068480633,-0.006975841,-0.006952595,-0.007056635,-0.0069818012
2014-05-15,-0.0069342963,-0.0068447404,-0.006933864,-0.0069734715,-0.00687794,-0.006889876,-0.0068570487,-0.0069306158,-0.007058751,-0.0069750957,-0.00699782,-0.0068933927,-0.0069151185,-0.0070043467,-0.006898623,-0.0068587475,-0.0069511943,-0.0069304965,-0.007047128,-0.006981399
2014-05-16,-0.0074003004,-0.0073320232,-0.0074009113,-0.0074481927,-0.0073630325,-0.0073791407,-0.007317107,-0.007435616,-0.0074002855,-0.0074648373,-0.0074572824,-0.0073654912,-0.0073954575,-0.0074682645,-0.007386904,-0.007363748,-0.0074372403,-0.007419076,-0.0075321607,-0.007448118
2014-05-19,-0.0069331937,-0.006875884,-0.006933924,-0.00697371,-0.0069148354,-0.006895285,-0.0068459027,-0.0069808923,-0.006896656,-0.00698575,-0.0069798343,-0.0068836473,-0.0069193803,-0.006995853,-0.0069106333,-0.0068284683,-0.006956529,-0.0069327913,-0.0070623867,-0.006977286
2014-05-20,-0.006935861,-0.006876733,-0.006934013,-0.0069855563,-0.0069306456,-0.0069119595,-0.006857928,-0.006967183,-0.0069181435,-0.0070088916,-0.006991159,-0.0068901144,-0.0069531314,-0.0069915913,-0.0068977885,-0.006857898,-0.0069603883,-0.0069496594,-0.0070649497,-0.006974634
2014-05-21,-0.012101468,-0.012023132,-0.012102958,-0.012148406,-0.012078416,-0.012073468,-0.012035023,-0.012097057,-0.01209214,-0.012152519,-0.012164097,-0.012066375,-0.0121435635,-0.012160685,-0.012057688,-0.012056302,-0.012156125,-0.012081336,-0.012211096,-0.012129139
2014-05-22,-0.010209929,-0.010147613,-0.010235529,-0.0102305375,-0.010222014,-0.010168891,-0.0101480745,-0.010172423,-0.010167491,-0.010269996,-0.010275062,-0.010155316,-0.010224264,-0.010262411,-0.010167491,-0.010199305,-0.01027764,-0.0101691,-0.010305371,-0.010248851
2014-05-23,-0.0024198403,-0.002330478,-0.0024202724,-0.0024529954,-0.0023806056,-0.002391096,-0.002366509,-0.002457108,-0.002323415,-0.0024962833,-0.0025080105,-0.0023574193,-0.0024469455,-0.0024671217,-0.00238673,-0.0023450812,-0.002412494,-0.0024516096,-0.0026409586,-0.0024205109
2014-05-27,-0.0069153868,-0.006867092,-0.0069156997,-0.0069526993,-0.006854873,-0.0068973415,-0.006852623,-0.0069560967,-0.0068240575,-0.006993588,-0.0069680773,-0.0068675093,-0.006949004,-0.0069670044,-0.0068659,-0.0068611614,-0.006925028,-0.0068863593,-0.0070698075,-0.006945666
2014-05-28,-0.0069330744,-0.006921824,-0.0069333725,-0.006983619,-0.0068803243,-0.006929081,-0.006829243,-0.006969642,-0.0068522952,-0.0070134364,-0.0070078634,-0.0069190674,-0.007019099,-0.0069842003,-0.00690588,-0.006873738,-0.0069258623,-0.0069615208,-0.0072208755,-0.006964963
2014-05-29,-0.0069330446,-0.0068923347,-0.006933417,-0.006982725,-0.006894823,-0.0069322847,-0.00696693,-0.006979581,-0.0068622194,-0.0070108287,-0.006977614,-0.006891202,-0.0069912784,-0.006993752,-0.0069045387,-0.00685988,-0.0069120936,-0.00696468,-0.0072754286,-0.0069601648
2014-05-30,-0.0069330744,-0.006910365,-0.0069701783,-0.0069623403,-0.006913539,-0.0068978034,-0.006987449,-0.0069759153,-0.0068642013,-0.007007476,-0.0069708936,-0.0068846755,-0.0069762133,-0.0069935434,-0.006904077,-0.006832402,-0.00694206,-0.0069671385,-0.0071988218,-0.0069460385
2014-06-02,-0.0069331042,-0.0069048814,-0.0069777034,-0.0069568865,-0.0069395117,-0.006908994,-0.0070016347,-0.0069653653,-0.0068979375,-0.006999772,-0.006970953,-0.006876018,-0.006972339,-0.0069904737,-0.006918501,-0.006823104,-0.0069421194,-0.0069646947,-0.007263925,-0.0069546364
2014-06-03,-0.0069330744,-0.0068961345,-0.006981056,-0.006953489,-0.006942805,-0.006881263,-0.0069698207,-0.0069443397,-0.006895777,-0.0069891177,-0.0069873,-0.006878864,-0.0069818012,-0.0069876723,-0.0069004856,-0.006887775,-0.0069277994,-0.006969001,-0.0072495155,-0.006951567
2014-06-04,-0.0069330744,-0.006889846,-0.0069745593,-0.0069687776,-0.006906327,-0.006893765,-0.0069959573,-0.006964054,-0.00688326,-0.0069939904,-0.0069870465,-0.0068902783,-0.0069391094,-0.0069903843,-0.0069015436,-0.0068287067,-0.006905373,-0.0069694333,-0.0072243325,-0.0069360696
2014-06-05,-0.0069330297,-0.0068997405,-0.0069945566,-0.006973695,-0.006934803,-0.006913837,-0.0073267035,-0.0069520436,-0.006909754,-0.007021036,-0.0069872104,-0.0068780743,-0.00699028,-0.0069894306,-0.00691792,-0.006860193,-0.0069371574,-0.006969046,-0.007158201,-0.006941419
2014-06-06,-0.006437447,-0.0064053945,-0.0064970367,-0.0064765923,-0.00641961,-0.006395098,-0.0065888427,-0.0063031428,-0.006527316,-0.006511342,-0.0064821504,-0.00638349,-0.006490942,-0.0064947717,-0.0063983165,-0.006326329,-0.0063785575,-0.006470319,-0.006708231,-0.0064545088
2014-06-09,-0.0064699315,-0.0064662956,-0.0065159015,-0.0065188073,-0.0064872466,-0.0064610355,-0.0064034574,-0.0063345544,-0.006542232,-0.0065455697,-0.006518882,-0.0064260773,-0.006503891,-0.0065409355,-0.0064489655,-0.006402891,-0.0064819865,-0.0065050237,-0.0067788474,-0.006487217
2014-06-10,-0.0069330744,-0.0072945617,-0.006973844,-0.0069770776,-0.0069439374,-0.006901037,-0.006837588,-0.0072015338,-0.00692996,-0.0069860034,-0.006977152,-0.006877627,-0.007012587,-0.006997373,-0.0068950616,-0.0068657063,-0.006890159,-0.006968092,-0.007123586,-0.0069431327
2014-06-11,-0.0069330744,-0.00693674,-0.006976556,-0.006968256,-0.006979879,-0.0068851374,-0.007054787,-0.0068377964,-0.006863784,-0.0070114993,-0.006976422,-0.006872814,-0.006940361,-0.007002827,-0.0068934076,-0.0068869404,-0.006881755,-0.006966021,-0.007172074,-0.006943416
2014-06-12,-0.0069330595,-0.006941702,-0.006984126,-0.0069766305,-0.007000547,-0.006894078,-0.0072677694,-0.0068222694,-0.0069076084,-0.0069995783,-0.0069788657,-0.0068857484,-0.0068667494,-0.0070182197,-0.006899353,-0.0068914406,-0.0068976693,-0.0069744103,-0.0071939193,-0.0069401823
2014-06-13,-0.0059532337,-0.0059688054,-0.005997803,-0.005967673,-0.0060279183,-0.005941998,-0.0064517073,-0.005824294,-0.0059564523,-0.006008398,-0.006026458,-0.0059238635,-0.006035324,-0.0060252063,-0.00594024,-0.0059255175,-0.005966913,-0.0060126446,-0.0061040632,-0.0059588216
2014-06-16,-0.0069331042,-0.0069449507,-0.0069845878,-0.0069407336,-0.006887909,-0.0068986826,-0.0069096796,-0.006865483,-0.0070152543,-0.0069624446,-0.006978672,-0.006847542,-0.0069714,-0.006973829,-0.006876778,-0.0068790875,-0.006957855,-0.0070090853,-0.0070565455,-0.006935116
2014-06-17,-0.006966036,-0.006917935,-0.0069772415,-0.0070031695,-0.006913226,-0.0069200657,-0.0069214813,-0.006788384,-0.00699408,-0.006996792,-0.0069686435,-0.006896641,-0.0069516413,-0.0070166998,-0.0069107674,-0.0068974905,-0.007080611,-0.007056739,-0.007071268,-0.007415559
2014-06-18,-0.004644137,-0.0046986006,-0.004677575,-0.0047017448,-0.004662644,-0.0046513937,-0.0046158694,-0.0045058243,-0.004612889,-0.004697066,-0.0046687536,-0.0046122484,-0.004641544,-0.004689377,-0.0046039484,-0.00459766,-0.00469945,-0.00473034,-0.004910227,-0.0046802275
2014-06-19,-0.008903082,-0.008857992,-0.008923542,-0.008937266,-0.008858513,-0.008844148,-0.0088462345,-0.008751553,-0.00890417,-0.0089409165,-0.008914452,-0.008834507,-0.008815642,-0.0089219175,-0.008861955,-0.008819323,-0.00892074,-0.008946773,-0.009011935,-0.008747485
2014-06-20,-0.0038557162,-0.0037996431,-0.0038717946,-0.003887724,-0.0037950089,-0.0037769189,-0.003738459,-0.0036931296,-0.0039345287,-0.0038954725,-0.003869321,-0.0037638952,-0.0038942506,-0.0038453152,-0.0037747582,-0.003801625,-0.0039161257,-0.0038847884,-0.004010614,-0.0036720892
2014-06-23,-0.008662086,-0.008633103,-0.008691844,-0.008708905,-0.008630138,-0.008609664,-0.008572411,-0.008496549,-0.008630689,-0.008706953,-0.008675318,-0.008612331,-0.008721169,-0.008692663,-0.008609053,-0.008628573,-0.008643698,-0.008701187,-0.008888509,-0.00857937
2014-06-24,-0.008965265,-0.008907374,-0.008986812,-0.0090021305,-0.008930977,-0.008919369,-0.008895408,-0.0088010095,-0.008922424,-0.009001803,-0.008987557,-0.008894395,-0.008971643,-0.009014633,-0.008910637,-0.008895244,-0.00891934,-0.00902256,-0.009045344,-0.008781161
2014-06-25,-0.006978657,-0.0068941824,-0.006975185,-0.0069885515,-0.0069081895,-0.0069358163,-0.0068572126,-0.0067851804,-0.0069311224,-0.007001128,-0.007010501,-0.0068982504,-0.0069434606,-0.0070073716,-0.006904226,-0.0068806075,-0.006950747,-0.0069933645,-0.0071595274,-0.0068074577
2014-06-26,-0.0069689117,-0.0069164447,-0.006943267,-0.0069846474,-0.0069819354,-0.006918844,-0.0068899803,-0.0067922287,-0.007063877,-0.006984677,-0.0070003383,-0.006892752,-0.006957855,-0.0070198886,-0.0069051646,-0.006895598,-0.0069869272,-0.007002484,-0.007012274,-0.0067879073
2014-06-27,-0.005993571,-0.005945485,-0.0059683137,-0.0060203783,-0.0060150884,-0.005964335,-0.005913209,-0.005816277,-0.0059236996,-0.0060245357,-0.0060358606,-0.0059511326,-0.006021019,-0.0060443096,-0.005940672,-0.005942341,-0.0059813224,-0.006024342,-0.0060041063,-0.0058225356
2014-06-30,-0.0095616095,-0.009536322,-0.009560924,-0.009606745,-0.009602141,-0.009531077,-0.009506952,-0.00941607,-0.009508397,-0.009620067,-0.009610828,-0.00953972,-0.00959545,-0.009617608,-0.009518247,-0.009537023,-0.009539928,-0.009617072,-0.009625401,-0.009413283
2014-07-01,-0.0069364123,-0.006936457,-0.0069417916,-0.0070245974,-0.0069827847,-0.0069277696,-0.006904807,-0.0067899935,-0.0068689846,-0.0070152692,-0.0069889985,-0.0068958513,-0.0069719814,-0.0070175193,-0.0069695525,-0.006977912,-0.006905388,-0.0070010535,-0.006978672,-0.0067893825
2014-07-02,-0.007185545,-0.0071587823,-0.0071560107,-0.007223692,-0.0072065406,-0.007207852,-0.0070853494,-0.007009443,-0.007160928,-0.0072155707,-0.007199656,-0.0071118586,-0.0072037242,-0.007237863,-0.007135894,-0.0072340183,-0.007123094,-0.007192429,-0.007149797,-0.007056769
2014-07-03,-0.006967064,-0.0069396757,-0.006939959,-0.0070201866,-0.0069671683,-0.0069321655,-0.006981399,-0.0067880116,-0.0069238357,-0.007000651,-0.0070168935,-0.006901916,-0.0070097707,-0.0070238523,-0.0069466494,-0.0070212893,-0.0069089495,-0.0069957487,-0.0070009045,-0.0068586133
2014-07-07,-0.0069507323,-0.006949406,-0.0069400333,-0.007021498,-0.006983634,-0.006897878,-0.0071729682,-0.006789904,-0.0069065057,-0.007002797,-0.0070055835,-0.0068800263,-0.007008072,-0.0070134066,-0.0069165193,-0.007011216,-0.0069018714,-0.0069422983,-0.0070495717,-0.0070551597
2014-07-08,-0.0070149116,-0.00696538,-0.0069661103,-0.007023271,-0.006998893,-0.0069182925,-0.0072196685,-0.0068023466,-0.0070002787,-0.0070216917,-0.0069940053,-0.006882917,-0.0069574527,-0.007026162,-0.006911125,-0.0070126615,-0.0070560984,-0.0069830976,-0.007051971,-0.0070758127
2014-07-09,-0.0071120225,-0.0070677213,-0.0070731156,-0.007117834,-0.0070951693,-0.007007178,-0.0070662163,-0.0069106035,-0.0070124976,-0.0071236007,-0.00708602,-0.006984558,-0.0070756786,-0.007126536,-0.007002618,-0.007103529,-0.0069895796,-0.0070898794,-0.0071362965,-0.007376995
2014-07-10,-0.009438764,-0.009409394,-0.009434562,-0.009468015,-0.009458642,-0.009349432,-0.0094679855,-0.009274047,-0.009375375,-0.00947265,-0.009446632,-0.009328689,-0.009446528,-0.009455573,-0.009356048,-0.009385627,-0.009399485,-0.009386506,-0.009505924,-0.0093196
2014-07-11,-0.0069796704,-0.0069704466,-0.0070119016,-0.0070025437,-0.0070152394,-0.0068851523,-0.007028561,-0.006900694,-0.006989684,-0.006995987,-0.0069885068,-0.00684778,-0.006974753,-0.0070014857,-0.006901469,-0.006952103,-0.0069265477,-0.006964933,-0.0070339553,-0.0068310015
2014-07-14,-0.006516587,-0.0064433925,-0.006498065,-0.006479975,-0.006490942,-0.0063892268,-0.006488871,-0.0063771866,-0.006458547,-0.006490838,-0.006465059,-0.0063480996,-0.006457653,-0.0064852946,-0.0063771717,-0.0064212196,-0.0063791536,-0.0064538084,-0.006521549,-0.006653454
2014-07-15,-0.0070514344,-0.006955128,-0.0070076995,-0.006995376,-0.006996315,-0.0069158934,-0.006991338,-0.0068910234,-0.00694203,-0.007002186,-0.0069832318,-0.0068727247,-0.006972965,-0.0070255958,-0.0069145374,-0.0068875216,-0.0068849884,-0.0069538616,-0.007051971,-0.007060971
2014-07-16,-0.0070313774,-0.006933909,-0.0069802813,-0.007011961,-0.0069935136,-0.006902095,-0.006999802,-0.006845247,-0.006920647,-0.0070178024,-0.0069988035,-0.0068914406,-0.0069882832,-0.0070211403,-0.006924402,-0.0068668537,-0.0068914406,-0.0069867335,-0.0070442073,-0.007137742
2014-07-17,-0.007031258,-0.006937366,-0.007022556,-0.0070211403,-0.0069098137,-0.006885033,-0.0069898777,-0.0068867914,-0.0069593154,-0.0070242994,-0.006981101,-0.0068934374,-0.0069829784,-0.007027846,-0.006884914,-0.006856691,-0.006868031,-0.0070113055,-0.0070154928,-0.0069769584
2014-07-18,-0.005674731,-0.005622845,-0.0056657307,-0.0056553595,-0.00559571,-0.005551111,-0.005640205,-0.0055570714,-0.0056251995,-0.0056760125,-0.005629774,-0.005514171,-0.0056189112,-0.0056785606,-0.005548667,-0.0055249296,-0.0055178367,-0.005656641,-0.0056849383,-0.0058626942
2014-07-21,-0.0089320205,-0.008824643,-0.008855995,-0.008837145,-0.008749288,-0.008751478,-0.009038817,-0.008740108,-0.008823987,-0.008884128,-0.008833732,-0.008732211,-0.008829307,-0.008882444,-0.008735236,-0.008768152,-0.008752074,-0.008830976,-0.008878004,-0.008732792
2014-07-22,-0.007053312,-0.0069865547,-0.006908577,-0.0069979243,-0.006873559,-0.00689758,-0.0068855844,-0.0069377236,-0.0070010833,-0.0070057325,-0.0069799833,-0.006885197,-0.0069695376,-0.007029336,-0.006889235,-0.006947186,-0.006913524,-0.0070096813,-0.0069818012,-0.0068771504
2014-07-23,-0.006021213,-0.005949404,-0.005967375,-0.0059365444,-0.005869191,-0.0058281086,-0.005975034,-0.0058345906,-0.005939614,-0.005980458,-0.0059434585,-0.005822804,-0.005930256,-0.0059884153,-0.005853217,-0.00585204,-0.005996477,-0.0059463345,-0.0059576444,-0.0058020465
2014-07-24,-0.0070634447,-0.0069657825,-0.007031303,-0.0069897138,-0.006930437,-0.0069059245,-0.0069847666,-0.0069109015,-0.007021185,-0.007005941,-0.0069816075,-0.00686441,-0.006971281,-0.0070300214,-0.0069167577,-0.006916996,-0.0069425516,-0.0069731884,-0.006997492,-0.0068587326
2014-07-25,-0.00866754,-0.008572128,-0.00865921,-0.008639362,-0.008551281,-0.008539315,-0.0086535625,-0.0085196905,-0.008608084,-0.008645382,-0.008628365,-0.008517098,-0.008622479,-0.008667659,-0.008561637,-0.008550625,-0.008524951,-0.008660134,-0.008565914,-0.008470919
2014-07-28,-0.0070309006,-0.006959196,-0.006989207,-0.0069970153,-0.0069086663,-0.006876122,-0.006872382,-0.0068989806,-0.0069654994,-0.0070091896,-0.0069865696,-0.0068747364,-0.006971564,-0.0070162974,-0.0069092475,-0.0068739615,-0.007095691,-0.007014271,-0.0069828443,-0.006808784
2014-07-29,-0.0070037805,-0.0069285,-0.0069858097,-0.0070259236,-0.00692844,-0.0069020353,-0.0073215775,-0.0068774037,-0.006942462,-0.0070135854,-0.0069870763,-0.006880384,-0.006973516,-0.007038247,-0.0069122277,-0.006874617,-0.007099908,-0.007036995,-0.0069393776,-0.0069401227
2014-07-30,-0.0063431077,-0.006306004,-0.006316211,-0.0063137375,-0.0062968843,-0.0062618516,-0.0062814765,-0.0062015615,-0.0063137524,-0.0063360296,-0.006320711,-0.0062232427,-0.006298851,-0.0063488744,-0.0062652044,-0.0063176267,-0.0063753687,-0.0063184313,-0.006310668,-0.0061506145
2014-07-31,-0.010548588,-0.010399025,-0.010486703,-0.01049393,-0.010456797,-0.010458197,-0.010398414,-0.010327231,-0.010543387,-0.010517981,-0.010498386,-0.010406207,-0.010489788,-0.010534208,-0.010403272,-0.010349181,-0.010531303,-0.010509919,-0.010488581,-0.0103805475
2014-08-01,-0.007035386,-0.006896924,-0.0069614165,-0.0070087574,-0.006897997,-0.0068953745,-0.0068525337,-0.006803047,-0.0070309006,-0.007002827,-0.0069717877,-0.0068764053,-0.006967526,-0.007004019,-0.0068746917,-0.0068037175,-0.007037934,-0.006989222,-0.0069758557,-0.0073195063
2014-08-04,-0.008198794,-0.008154359,-0.008147191,-0.008164894,-0.008210253,-0.00814807,-0.008342188,-0.008070927,-0.008233067,-0.008219641,-0.008183356,-0.008081194,-0.00814883,-0.008211698,-0.008115482,-0.008042183,-0.008250561,-0.008167904,-0.0081917755,-0.008057918
2014-08-05,-0.007017281,-0.006987851,-0.006958302,-0.0069812946,-0.006915521,-0.0068884157,-0.0070396326,-0.006842952,-0.007005047,-0.007006746,-0.0069717877,-0.006885644,-0.006945204,-0.007028889,-0.006869089,-0.006854888,-0.0070090257,-0.0069808774,-0.0068479143,-0.0068943016
2014-08-06,-0.0069819354,-0.006990265,-0.0069273673,-0.006983768,-0.0069488697,-0.0069165193,-0.0071038567,-0.006856244,-0.0071418397,-0.0070079826,-0.0069742166,-0.0068793558,-0.0069324486,-0.007024955,-0.0068774186,-0.006827306,-0.0070260726,-0.0069560967,-0.0069760345,-0.006784182
2014-08-07,-0.00589424,-0.0059420876,-0.005848836,-0.0058900975,-0.0058203004,-0.0058155917,-0.0061509274,-0.0057645403,-0.006204974,-0.005920749,-0.0058908425,-0.005785223,-0.0058496706,-0.0059238486,-0.0058189295,-0.0057388656,-0.005947765,-0.0058938675,-0.00578415,-0.005768072
2014-08-08,-0.00697824,-0.0068885796,-0.0069308393,-0.0070064776,-0.0068985783,-0.0069039874,-0.006979715,-0.0068525337,-0.0070440434,-0.0070081316,-0.0069763325,-0.0068602823,-0.006937366,-0.0070467405,-0.006906774,-0.00689226,-0.006956201,-0.006992515,-0.0068620555,-0.006766107
2014-08-11,-0.0070267282,-0.006982129,-0.0070523284,-0.007029485,-0.006987091,-0.006903868,-0.006959196,-0.006863665,-0.006996494,-0.007007893,-0.007012468,-0.0068739615,-0.0069677196,-0.007024374,-0.006933566,-0.006857898,-0.0069977455,-0.007023122,-0.0068690144,-0.006840568
2014-08-12,-0.007022854,-0.006905686,-0.0071111135,-0.007033225,-0.0069263987,-0.0068949126,-0.0072869025,-0.006848421,-0.0069807433,-0.007005986,-0.0070204996,-0.0068831407,-0.0069689713,-0.0070269667,-0.0069991015,-0.0068411194,-0.006999757,-0.007012125,-0.0068419985,-0.0069845878
2014-08-13,-0.0020826866,-0.0019981225,-0.0021502187,-0.002079632,-0.001997467,-0.0020252427,-0.0021944751,-0.0019812842,-0.0021557768,-0.0020758768,-0.0020771434,-0.0019546559,-0.002018418,-0.002098601,-0.0019933244,-0.0019070765,-0.002048265,-0.002099227,-0.0019894203,-0.002202924
2014-08-14,-0.0063832067,-0.0063262694,-0.0063801073,-0.0064246617,-0.006368693,-0.0062983446,-0.007040482,-0.0062895976,-0.0063762926,-0.006422024,-0.0064198337,-0.0063172095,-0.0062876157,-0.006447267,-0.0063255243,-0.0062941276,-0.0063647144,-0.006417405,-0.006279003,-0.0062429123
2014-08-15,-0.00695863,-0.0069185607,-0.006965693,-0.0070185177,-0.006917488,-0.006915029,-0.007082086,-0.0068202578,-0.006972354,-0.0070108287,-0.007002499,-0.00690512,-0.0068751983,-0.0070182495,-0.0069071315,-0.006841626,-0.00693604,-0.0070171915,-0.0068820827,-0.0069826953
2014-08-18,-0.0070110373,-0.006911617,-0.006981563,-0.0070128106,-0.0069333576,-0.0069320165,-0.00711317,-0.0068555586,-0.0069406144,-0.0070351623,-0.007009145,-0.006901648,-0.00692391,-0.007027488,-0.0069249086,-0.006877955,-0.0070255063,-0.007023748,-0.0069719814,-0.006993111
2014-08-19,-0.0069921277,-0.0068936013,-0.0069697015,-0.0070088767,-0.006906014,-0.0069957785,-0.006935071,-0.0068131797,-0.006963011,-0.0069880746,-0.006998237,-0.0068587027,-0.0069820397,-0.0070166998,-0.00689755,-0.006841954,-0.0068970583,-0.0070226006,-0.0069142245,-0.006970104
2014-08-20,-0.0049486123,-0.004867848,-0.004923638,-0.0049817823,-0.0048697703,-0.0048843436,-0.004916247,-0.0048005544,-0.0048614703,-0.0049430244,-0.0049591176,-0.0048308484,-0.0049396865,-0.0049685203,-0.004865121,-0.004791539,-0.004990291,-0.004982706,-0.00487737,-0.004764866
2014-08-21,-0.0035616418,-0.003478255,-0.003594782,-0.0035421064,-0.003481548,-0.0034604033,-0.003443848,-0.0033889671,-0.003434654,-0.0035399308,-0.0035674234,-0.0034567525,-0.0035644432,-0.0035656055,-0.0034590026,-0.0034228524,-0.0035875847,-0.0035603007,-0.003433909,-0.0034177115
2014-08-22,-0.010992255,-0.010899644,-0.01113927,-0.010941099,-0.010907751,-0.010900345,-0.01099525,-0.0108249895,-0.0108759515,-0.010974746,-0.010995951,-0.010872673,-0.010984626,-0.0110030435,-0.010888945,-0.010860857,-0.010972869,-0.0110080205,-0.0108824335,-0.010925736
2014-08-25,-0.005254831,-0.00509597,-0.00527538,-0.005205851,-0.0051430278,-0.0051498674,-0.0051836334,-0.0050680004,-0.00513291,-0.005229067,-0.005238425,-0.00509442,-0.0052231066,-0.0052398257,-0.0051538013,-0.0050916784,-0.0051370226,-0.005243968,-0.005093422,-0.0051784627
2014-08-26,-0.0069934838,-0.0068763755,-0.007049527,-0.0069656335,-0.006911721,-0.0069114827,-0.0069238506,-0.0068374984,-0.006828394,-0.006973725,-0.0069966726,-0.006849464,-0.006973278,-0.007006254,-0.0068879984,-0.0068580024,-0.006915655,-0.0070022605,-0.006873887,-0.0069286935
2014-08-27,-0.00573742,-0.0056062154,-0.00578722,-0.0056076758,-0.005647924,-0.0056408606,-0.005659323,-0.005582582,-0.0055768304,-0.0057080053,-0.0057374947,-0.005612608,-0.005707126,-0.005727973,-0.005650785,-0.0055832528,-0.005694952,-0.0057266764,-0.0055721067,-0.0056684427
2014-08-28,-0.00859822,-0.00852282,-0.008587908,-0.008563083,-0.008580204,-0.008576732,-0.008523267,-0.008484658,-0.008484926,-0.008602675,-0.008631822,-0.008521285,-0.008602675,-0.008629005,-0.008532252,-0.008493092,-0.008601826,-0.008646812,-0.008490395,-0.008551728
2014-08-29,-0.0067843013,-0.0066769384,-0.0066883974,-0.0066875033,-0.0067131035,-0.00675283,-0.0067734383,-0.0066034757,-0.0066720955,-0.006750297,-0.006777238,-0.006648686,-0.006741803,-0.0067667924,-0.00669783,-0.0066331886,-0.0067830645,-0.0067676716,-0.006625261,-0.006572988
2014-09-02,-0.0069829635,-0.006901305,-0.0069805793,-0.006904017,-0.00696614,-0.0070494674,-0.006857466,-0.006849926,-0.0068839453,-0.006981652,-0.0070007406,-0.006886881,-0.006940674,-0.0069947354,-0.006936636,-0.006836679,-0.0070133917,-0.0070073567,-0.0068741404,-0.006788578
2014-09-03,-0.0069975816,-0.006902572,-0.007005688,-0.006971281,-0.0069469623,-0.0069677047,-0.0068682544,-0.00684401,-0.006855782,-0.0069905035,-0.0070026033,-0.006894883,-0.0069402866,-0.0070106797,-0.0069020353,-0.0068680607,-0.0070209317,-0.0070069097,-0.006890338,-0.0068097375
2014-09-04,-0.0069857202,-0.006878551,-0.006976526,-0.006982412,-0.006933626,-0.0069259964,-0.0068429373,-0.006835457,-0.006896328,-0.0069850944,-0.007008072,-0.0068879686,-0.0069359653,-0.007009875,-0.0068959557,-0.0068423115,-0.006992426,-0.006989371,-0.0068748854,-0.0068148486
2014-09-05,-0.0069410913,-0.0068918876,-0.0068858825,-0.0069570653,-0.00692695,-0.0069394223,-0.00684632,-0.006858807,-0.006926518,-0.0069834255,-0.0070076548,-0.006879892,-0.0069368295,-0.006988611,-0.0068973266,-0.0068387054,-0.0069773905,-0.007000815,-0.0068789236,-0.0068031065
2014-09-08,-0.006601643,-0.006502997,-0.0065436475,-0.006598022,-0.0065717064,-0.0065596513,-0.0065037273,-0.006487157,-0.0065234564,-0.006609436,-0.006622594,-0.0065119974,-0.006544184,-0.0066013,-0.0065349154,-0.006487619,-0.0065972917,-0.006618943,-0.006471973,-0.006440904
2014-09-09,-0.0069190674,-0.0068617277,-0.006882351,-0.0069534145,-0.0069306903,-0.006900873,-0.006958794,-0.0068600737,-0.006869089,-0.0069844685,-0.007000264,-0.00688849,-0.006926995,-0.0069754235,-0.0068807118,-0.0068534575,-0.006939631,-0.0070018433,-0.0068269335,-0.0068193935
2014-09-10,-0.007742878,-0.007737767,-0.0077864043,-0.007846992,-0.007755976,-0.007782858,-0.0077423565,-0.007723015,-0.0077552013,-0.007866662,-0.0078798495,-0.0077583008,-0.007788103,-0.007867064,-0.0077657662,-0.00790244,-0.0077614,-0.007885482,-0.007731896,-0.007659372
2014-09-11,-0.00954714,-0.009506594,-0.009487625,-0.009518813,-0.009529021,-0.0095563345,-0.009509813,-0.009469148,-0.009586316,-0.009617981,-0.0096226,-0.009500485,-0.009526428,-0.0095932,-0.009536173,-0.009578686,-0.009547945,-0.009611558,-0.009467494,-0.00940546
2014-09-12,-0.008909728,-0.008881401,-0.008857768,-0.0089163445,-0.008895259,-0.008953702,-0.008832287,-0.008825924,-0.008914944,-0.008955654,-0.008974131,-0.00883713,-0.008883785,-0.00893819,-0.008874815,-0.008928265,-0.008900907,-0.008960497,-0.008775931,-0.008895215
2014-09-15,-0.0068884157,-0.006946426,-0.0069909506,-0.00694206,-0.006966468,-0.0069543235,-0.007003557,-0.006848883,-0.0069040917,-0.006987449,-0.0070148073,-0.0069091134,-0.0069125406,-0.0069811307,-0.006916415,-0.0069600604,-0.0068726204,-0.006982427,-0.0068145357,-0.0069343857
2014-09-16,-0.006883513,-0.007014122,-0.0069009922,-0.0069273077,-0.006949704,-0.0069395266,-0.007001724,-0.006853815,-0.006877493,-0.006990131,-0.0070054643,-0.006882917,-0.0069116615,-0.006984543,-0.006947007,-0.0069793426,-0.006945979,-0.0070010386,-0.0068384074,-0.0069350265
2014-09-17,-0.0060563497,-0.006147232,-0.00617544,-0.006076645,-0.006121453,-0.0061268173,-0.006166052,-0.006024521,-0.0062629245,-0.006159093,-0.006176289,-0.006073054,-0.0060830377,-0.006159764,-0.0060682856,-0.0061318837,-0.0060704313,-0.0061729066,-0.0059948675,-0.0061033033
2014-09-18,-0.0070718937,-0.007207077,-0.0071733706,-0.0071123205,-0.00710034,-0.0071511827,-0.0071729384,-0.0070479326,-0.00723904,-0.007183742,-0.0071965717,-0.0070939027,-0.0071053766,-0.0071826987,-0.007109102,-0.007154327,-0.007076826,-0.0071768723,-0.007028427,-0.007127356
2014-09-19,-0.007804837,-0.007874828,-0.007919785,-0.007912498,-0.007847365,-0.0079762,-0.007857677,-0.007773321,-0.0078031234,-0.007922705,-0.007946413,-0.007878553,-0.007845473,-0.007948156,-0.007842448,-0.00788058,-0.007842552,-0.007934671,-0.0077596568,-0.007871341
2014-09-22,-0.0067730807,-0.0067520402,-0.0068049543,-0.0067265444,-0.006710183,-0.006834816,-0.0067046843,-0.0066303127,-0.0067010187,-0.006767731,-0.0067765526,-0.006686058,-0.0065852515,-0.0067619495,-0.006685432,-0.0066170953,-0.0067283474,-0.006789174,-0.0066034608,-0.006707888
2014-09-23,-0.007905658,-0.007853892,-0.007981431,-0.007907178,-0.007879984,-0.0079876,-0.007914435,-0.0077768676,-0.007880997,-0.007935744,-0.007955577,-0.007856723,-0.0077904873,-0.007925745,-0.007898431,-0.007816758,-0.007879954,-0.007927921,-0.007819574,-0.007881936
2014-09-24,-0.0072128437,-0.0071674846,-0.007307794,-0.0072011016,-0.0071949475,-0.007365551,-0.007251721,-0.007195767,-0.0072808824,-0.0072563104,-0.0072720908,-0.0071858875,-0.0071359538,-0.007260632,-0.0071872734,-0.00717872,-0.0072317235,-0.007274788,-0.0071145557,-0.007209178
2014-09-25,-0.0054340176,-0.0054200254,-0.0055320375,-0.0054519586,-0.0054388456,-0.0056277923,-0.0054643266,-0.0054036938,-0.005474236,-0.0055300556,-0.0055205785,-0.0054159723,-0.005413916,-0.0055222325,-0.0053974353,-0.005417373,-0.0054851137,-0.0055120997,-0.005376097,-0.0054673664
2014-09-26,-0.006868746,-0.006900143,-0.0069927685,-0.0069098435,-0.0069396906,-0.0070961677,-0.0069136135,-0.0068555437,-0.0069944225,-0.0069787763,-0.006998699,-0.0068923943,-0.006833192,-0.006982144,-0.0069003515,-0.00688551,-0.006987732,-0.0069921277,-0.0068107657,-0.0069351904
2014-09-29,-0.006812047,-0.0069258176,-0.0069929026,-0.006954562,-0.006961759,-0.0070990287,-0.006963324,-0.0068458878,-0.007004272,-0.006940987,-0.006993275,-0.006916996,-0.006798383,-0.0069519244,-0.0068934374,-0.0069686584,-0.0069844835,-0.0069944225,-0.006814789,-0.0069353096
2014-09-30,-0.006800946,-0.0069318376,-0.006998252,-0.0069269203,-0.006965246,-0.007102933,-0.0069564693,-0.006823089,-0.0070066117,-0.0069416426,-0.0069927685,-0.006901603,-0.006778445,-0.006985765,-0.006899249,-0.006949883,-0.0069532506,-0.0069838427,-0.0067994557,-0.006935697
2014-10-01,-0.0068252645,-0.0069209,-0.0070126913,-0.0069677345,-0.0069297366,-0.0070722513,-0.0069337897,-0.006837424,-0.006927531,-0.0069460683,-0.00700235,-0.0068866126,-0.006796282,-0.006986942,-0.006901946,-0.006918099,-0.00691041,-0.0069807284,-0.0067983977,-0.0069363825
2014-10-02,-0.0056479536,-0.0057464354,-0.005878713,-0.005780574,-0.005727764,-0.0059000663,-0.0057793967,-0.0056601427,-0.005779337,-0.0057828836,-0.005813148,-0.005705189,-0.00564323,-0.0058198534,-0.005710017,-0.0057360493,-0.0057371967,-0.005810421,-0.005638417,-0.0057681613
2014-10-03,-0.0068169944,-0.0069218986,-0.0070344917,-0.0069603734,-0.006885182,-0.0071061067,-0.0069695525,-0.0068376325,-0.0069671683,-0.0069472454,-0.006990399,-0.006899055,-0.0068117194,-0.0069838725,-0.0068821274,-0.0069193803,-0.006944146,-0.0069893263,-0.006816726,-0.0069356523
2014-10-06,-0.0069942437,-0.0071144514,-0.0071967803,-0.0071418546,-0.0070847385,-0.007252585,-0.007128682,-0.007010799,-0.007149305,-0.007149797,-0.0071705244,-0.007076513,-0.0069750957,-0.0071566813,-0.0070546083,-0.007102575,-0.0071036033,-0.0071622543,-0.0069730394,-0.0071191452
2014-10-07,-0.0068192,-0.006921675,-0.007040154,-0.0069728903,-0.0069013797,-0.007102739,-0.0069574676,-0.0068548582,-0.0069119595,-0.0069828294,-0.006994512,-0.006911617,-0.0068239085,-0.0069934092,-0.0068598203,-0.006924879,-0.0069515966,-0.006983828,-0.0068158023,-0.0069359355
2014-10-08,-0.006843876,-0.006925788,-0.0070371144,-0.006917488,-0.0069138817,-0.007047113,-0.0069408678,-0.0068490915,-0.0070090555,-0.006975528,-0.006970551,-0.006897982,-0.0068283044,-0.0069951527,-0.0068532787,-0.006917592,-0.006934192,-0.007014375,-0.006805893,-0.006934013
2014-10-09,-0.008317333,-0.00837506,-0.008449476,-0.008437138,-0.008373793,-0.008564498,-0.00832599,-0.008336719,-0.008385625,-0.008433741,-0.008458253,-0.008354392,-0.008349564,-0.008456018,-0.00835162,-0.008389439,-0.008354183,-0.008462425,-0.008352261,-0.008405235
2014-10-10,-0.009984087,-0.010070514,-0.010096934,-0.010104891,-0.010083463,-0.01020899,-0.010016289,-0.0100107305,-0.010056164,-0.010087963,-0.010134544,-0.010025006,-0.009985086,-0.010116022,-0.010058489,-0.010087859,-0.010081511,-0.010125231,-0.0099569075,-0.0100699775
2014-10-13,-0.007302236,-0.007400673,-0.0074462406,-0.007409375,-0.0073345713,-0.007574197,-0.007309433,-0.0073102824,-0.0073585175,-0.0074129514,-0.007461291,-0.007360574,-0.007409822,-0.0074532144,-0.0073425137,-0.0073695593,-0.0073847882,-0.0074575804,-0.007267397,-0.0074142627
2014-10-14,-0.006789338,-0.006887149,-0.0069726817,-0.006932672,-0.0069267265,-0.0070794187,-0.0068361573,-0.006864261,-0.0069572143,-0.0069388263,-0.0070013665,-0.0068822466,-0.0069330297,-0.0069743656,-0.006861817,-0.0068852864,-0.006905671,-0.006993439,-0.006757062,-0.0069931857
2014-10-15,-0.0068278275,-0.006890621,-0.0069331042,-0.0069072805,-0.006907802,-0.007071223,-0.0068186186,-0.0068769716,-0.0070081763,-0.00693449,-0.0069849454,-0.006876122,-0.006933015,-0.0069745146,-0.0068481825,-0.006881129,-0.006851595,-0.006964188,-0.0067641847,-0.006939139
2014-10-16,-0.00680786,-0.006924238,-0.006948229,-0.006951209,-0.0068925135,-0.00707699,-0.006845426,-0.006873261,-0.0070220195,-0.0069427155,-0.0069853626,-0.0068876855,-0.0069330595,-0.006974932,-0.0068508796,-0.0068920366,-0.0068484657,-0.0069666617,-0.006764125,-0.0069351606
2014-10-17,-0.007935967,-0.00805613,-0.008079212,-0.0080823265,-0.008066487,-0.008190077,-0.007987004,-0.007994484,-0.008143347,-0.008064296,-0.008112889,-0.008030366,-0.008056935,-0.008105915,-0.008000281,-0.0080164485,-0.008026283,-0.008092042,-0.007926788,-0.008059796
2014-10-20,-0.011697646,-0.01182365,-0.01187348,-0.011821505,-0.011900093,-0.011981707,-0.011777651,-0.01178522,-0.011889707,-0.011847075,-0.011900526,-0.01180261,-0.011846524,-0.01189531,-0.011787113,-0.011814769,-0.011808004,-0.011844065,-0.011696827,-0.011854779
2014-10-21,-0.006764468,-0.0069093667,-0.0069664977,-0.006940108,-0.006934058,-0.007066544,-0.006834384,-0.0068513416,-0.0069938265,-0.0069336407,-0.0069892965,-0.0069029145,-0.0069330446,-0.006974932,-0.0068650804,-0.006886553,-0.00690737,-0.006972339,-0.006787207,-0.006936144
2014-10-22,-0.0052345656,-0.00534771,-0.0053946935,-0.0053583644,-0.0054101907,-0.005505886,-0.005281221,-0.005287584,-0.005459573,-0.0053670965,-0.0054452084,-0.0053289346,-0.005366396,-0.005410861,-0.0053087883,-0.005329948,-0.0053613298,-0.005420547,-0.0053289793,-0.005368512
2014-10-23,-0.0018902977,-0.00202639,-0.0020588448,-0.0020275821,-0.0020752957,-0.0021804532,-0.0019490083,-0.0019251665,-0.0021418144,-0.0020302793,-0.0021028628,-0.0020798107,-0.0020296534,-0.002085205,-0.001981463,-0.0019984504,-0.0020088365,-0.0020918509,-0.001962464,-0.0020319482
2014-10-24,-0.009038221,-0.009112563,-0.009193551,-0.009156179,-0.009133395,-0.009299811,-0.009076666,-0.009108704,-0.009225365,-0.009169217,-0.009203907,-0.009143185,-0.009168681,-0.009221118,-0.009114172,-0.009134393,-0.009176742,-0.009227987,-0.009036493,-0.009177577
2014-10-27,-0.0064635836,-0.006596219,-0.006599825,-0.006632846,-0.0065900795,-0.006750431,-0.006560456,-0.00653575,-0.006686773,-0.0066235773,-0.0066573583,-0.0065795295,-0.0066227727,-0.006666865,-0.006557148,-0.006597679,-0.006661441,-0.0066461526,-0.0064824037,-0.006625127
2014-10-28,-0.006773215,-0.0069096647,-0.006962996,-0.0068811737,-0.0069068335,-0.007070344,-0.0068573914,-0.0068489425,-0.0070310943,-0.0069336407,-0.006965276,-0.006887,-0.0069330744,-0.0069814734,-0.006858479,-0.006864097,-0.006896388,-0.0069806837,-0.0068280064,-0.006936174
2014-10-29,-0.008476224,-0.008590516,-0.008594256,-0.008611333,-0.008644845,-0.0087406,-0.008533146,-0.008541863,-0.008670624,-0.008621242,-0.008653607,-0.008603033,-0.00862081,-0.008658182,-0.008557688,-0.008545499,-0.008593705,-0.008680057,-0.008504715,-0.008623537
2014-10-30,-0.0067854486,-0.0069058947,-0.006893169,-0.0068874173,-0.0069740675,-0.007068198,-0.006843906,-0.006851297,-0.0069792084,-0.006933566,-0.0069683455,-0.0069057755,-0.0069330446,-0.006973576,-0.006864827,-0.006869059,-0.0068891905,-0.006991487,-0.0067939125,-0.006936442
2014-10-31,-0.0027093103,-0.002847295,-0.0028823724,-0.0028757413,-0.002947848,-0.003029432,-0.0027914306,-0.0028032472,-0.0028810909,-0.002896737,-0.0029356887,-0.0028585603,-0.0028962006,-0.0029339602,-0.0028398146,-0.0028677245,-0.0028466245,-0.0029513498,-0.0027542075,-0.002898406
2014-11-03,-0.007551249,-0.007651504,-0.007668536,-0.007694777,-0.0076921694,-0.007811453,-0.00759561,-0.0076170824,-0.0077105872,-0.0077043585,-0.0077308677,-0.007652443,-0.0077037923,-0.0077485107,-0.0076408796,-0.007632192,-0.0076520257,-0.0077543817,-0.007563617,-0.0077085905
2014-11-04,-0.004899543,-0.004986953,-0.004991632,-0.005052816,-0.0050287656,-0.0051549487,-0.004931178,-0.0049386285,-0.005067643,-0.0050681047,-0.005073171,-0.004991453,-0.0050354116,-0.005084168,-0.005017381,-0.0049593262,-0.0049681626,-0.0050918274,-0.0048950575,-0.00503717
2014-11-05,-0.0068008564,-0.006873127,-0.006879758,-0.006910812,-0.0069275163,-0.007045146,-0.006835904,-0.006819483,-0.0069668703,-0.0069349073,-0.0069785677,-0.0068798773,-0.0069330595,-0.00697821,-0.00687873,-0.0068454556,-0.0068751834,-0.006990861,-0.006824475,-0.0069674216
2014-11-06,-0.0067843758,-0.006890472,-0.0069413446,-0.006969597,-0.0069479905,-0.007033419,-0.0068490915,-0.006839674,-0.006980207,-0.006965827,-0.006980624,-0.006907236,-0.0069330595,-0.006973829,-0.006889906,-0.0068697,-0.0068841837,-0.0069881044,-0.006838884,-0.0069695376
2014-11-07,-0.0074345134,-0.0075224303,-0.007568311,-0.007575821,-0.007555347,-0.0076557808,-0.007460978,-0.0074576847,-0.0075876378,-0.0075605474,-0.0076174103,-0.007541161,-0.0075589977,-0.0075975917,-0.0075181834,-0.007511493,-0.007525321,-0.0076234303,-0.0074645095,-0.007594835
2014-11-10,-0.0086764805,-0.008732628,-0.0088046305,-0.008827921,-0.008753251,-0.008881073,-0.008693602,-0.008688983,-0.008795317,-0.008787986,-0.00885063,-0.008755352,-0.008785959,-0.008823406,-0.008732628,-0.0087376945,-0.00875945,-0.008848023,-0.008709367,-0.008827325
2014-11-11,-0.006802883,-0.006892454,-0.006972786,-0.0069514625,-0.0069566034,-0.0070168786,-0.0068646185,-0.007497724,-0.006947007,-0.0069332235,-0.0069971345,-0.0069574825,-0.006933119,-0.0069821887,-0.00688472,-0.0068673156,-0.006899204,-0.007043939,-0.006869551,-0.006978836
2014-11-12,-0.006810095,-0.006921809,-0.006974321,-0.006971892,-0.006990131,-0.007023137,-0.006862115,-0.006900292,-0.0069308393,-0.006935071,-0.0069948696,-0.0069489293,-0.0069331042,-0.006997537,-0.006903287,-0.0068728887,-0.00690889,-0.006995138,-0.0068548284,-0.0069678538
2014-11-13,-0.006810408,-0.0069210045,-0.006955173,-0.006956931,-0.006984424,-0.0070271604,-0.0068319105,-0.0069173835,-0.006955575,-0.0069333278,-0.006996628,-0.006894376,-0.0069330744,-0.0069929473,-0.0068931393,-0.0068503283,-0.0068857186,-0.0069970153,-0.006831061,-0.0069720857
2014-11-14,-0.006800484,-0.0069237463,-0.0069582127,-0.0069593005,-0.006964799,-0.0070153885,-0.0068279617,-0.006911602,-0.006928008,-0.0069336854,-0.00699703,-0.0068985634,-0.006933149,-0.006992515,-0.0069053285,-0.0068509094,-0.0068962984,-0.0070004426,-0.006855916,-0.0069709234
2014-11-17,-0.0068076216,-0.0069193356,-0.0069680475,-0.0069728307,-0.0069840513,-0.0070089065,-0.006858941,-0.007221531,-0.006963458,-0.0069342516,-0.0070049576,-0.00689004,-0.006933164,-0.0069927983,-0.0069086663,-0.006864395,-0.0069124512,-0.007032167,-0.006868761,-0.0069707893
2014-11-18,-0.006863635,-0.0069254152,-0.0069671087,-0.0070225857,-0.0069792084,-0.007010963,-0.0068796836,-0.0073788576,-0.0069659464,-0.0069541,-0.0070111416,-0.006884571,-0.006933119,-0.006994676,-0.0069197975,-0.0068542026,-0.006878253,-0.007031556,-0.006883722,-0.006959509
2014-11-19,-0.0068054013,-0.0069006197,-0.006952565,-0.0069312416,-0.0069419704,-0.0070143454,-0.006814163,-0.0068816952,-0.0069551133,-0.006932866,-0.006985139,-0.006937813,-0.006933119,-0.006983679,-0.0068721585,-0.0068302862,-0.0068627857,-0.00699101,-0.006826546,-0.0069641434
2014-11-20,-0.0056072287,-0.0056900047,-0.005743634,-0.0057501756,-0.0057726763,-0.005777668,-0.0056179874,-0.005585801,-0.005719181,-0.005727481,-0.0057827346,-0.0057125054,-0.005727675,-0.005788248,-0.005664792,-0.005623009,-0.0056764893,-0.0057877265,-0.0057676546,-0.0057631396
2014-11-21,-0.0068200342,-0.006968852,-0.0069541,-0.0069801174,-0.006991904,-0.0070129894,-0.0068396293,-0.006803911,-0.0069207065,-0.006932866,-0.0070040636,-0.006888654,-0.006933164,-0.006988298,-0.006886702,-0.0068579726,-0.0068856142,-0.0069942735,-0.006974738,-0.006971579
2014-11-24,-0.0051175468,-0.0050651096,-0.0051169805,-0.005128201,-0.005126681,-0.005156394,-0.004999157,-0.0049718283,-0.0050557666,-0.0051015727,-0.0051655583,-0.0050746165,-0.0051017515,-0.0051558428,-0.0050486885,-0.005010631,-0.0050529353,-0.0051656775,-0.0051412545,-0.005144533
2014-11-25,-0.0069431327,-0.0068662874,-0.0069602244,-0.006989371,-0.0069748573,-0.006872829,-0.006866973,-0.0067890547,-0.0068815164,-0.00692096,-0.0069894902,-0.0068904273,-0.006933119,-0.006984528,-0.0068679117,-0.0068379603,-0.006882351,-0.0069971047,-0.006973859,-0.0069600455
2014-11-26,-0.0052460246,-0.005290311,-0.005362775,-0.005408462,-0.005394798,-0.005281996,-0.0052593313,-0.005197715,-0.0053331666,-0.0053357445,-0.005394738,-0.005298298,-0.0053450577,-0.0053970926,-0.005292248,-0.0052149557,-0.0052843206,-0.0054046325,-0.0053835027,-0.0053724013
2014-11-28,-0.006850656,-0.006872233,-0.006946709,-0.0069856606,-0.007000502,-0.006864529,-0.0068508796,-0.0067902617,-0.0069122575,-0.0069235973,-0.0069817714,-0.006866511,-0.006933313,-0.0069825016,-0.006868329,-0.006865885,-0.006890025,-0.006990295,-0.0069707595,-0.0069585405
2014-12-01,-0.0068804137,-0.0068890713,-0.006956529,-0.006993171,-0.0069948696,-0.006861057,-0.0068749003,-0.006792452,-0.0069185756,-0.006958019,-0.0069855563,-0.006862279,-0.0069591515,-0.0069957785,-0.006868761,-0.006855365,-0.0069044493,-0.006997343,-0.006971877,-0.0069564395
2014-12-02,-0.006880697,-0.0069031827,-0.0069522373,-0.007000055,-0.0069673173,-0.0068575107,-0.006848719,-0.00678898,-0.0068515204,-0.0069627278,-0.0069802515,-0.0068561845,-0.006964173,-0.007000711,-0.0068677478,-0.0068380795,-0.0068827234,-0.006994646,-0.0069742315,-0.006955024
2014-12-03,-0.006840434,-0.0068956874,-0.0069335215,-0.006973814,-0.006898757,-0.006885972,-0.006846186,-0.0068667196,-0.006782707,-0.0069317333,-0.006988,-0.0068769865,-0.006938692,-0.006995123,-0.0068769865,-0.006955486,-0.006879952,-0.0070327334,-0.0070324056,-0.006950166
2014-12-04,-0.010258075,-0.010266613,-0.010325249,-0.010378536,-0.010396924,-0.010266181,-0.010236245,-0.010196563,-0.010200318,-0.010358434,-0.010374602,-0.010251921,-0.010362696,-0.01039372,-0.0102600865,-0.010214131,-0.010264199,-0.010410231,-0.010374825,-0.010342207
2014-12-05,-0.0058075003,-0.0057463013,-0.005821716,-0.0058640055,-0.005861204,-0.0057418756,-0.005728971,-0.0057164244,-0.005700078,-0.0058239363,-0.005868163,-0.005739566,-0.0058390163,-0.0058858655,-0.0057593547,-0.005731117,-0.005771484,-0.005884271,-0.005826216,-0.0058403574
2014-12-08,-0.0070667826,-0.0068652295,-0.006935116,-0.0069968663,-0.0069622956,-0.0068463944,-0.006851461,-0.006802406,-0.0068008415,-0.0069303326,-0.006972205,-0.006851133,-0.006946739,-0.006994676,-0.0068884753,-0.006830614,-0.0069098584,-0.0069912784,-0.0069390945,-0.006946709
2014-12-09,-0.006988641,-0.006862264,-0.006933924,-0.0070127957,-0.0069143884,-0.0068501793,-0.006842654,-0.0068316273,-0.0068016313,-0.006925594,-0.0069740973,-0.0068595223,-0.0069312416,-0.0069978647,-0.0068896674,-0.006817039,-0.0069000833,-0.006978061,-0.0069395714,-0.0069446675
2014-12-10,-0.009345394,-0.009316724,-0.009358611,-0.009420898,-0.009429868,-0.009314995,-0.009292778,-0.009274911,-0.009285342,-0.009357687,-0.0094054155,-0.009299438,-0.009368505,-0.009429377,-0.009325799,-0.009292882,-0.00936259,-0.009411242,-0.009362172,-0.009373274
2014-12-11,-0.004916694,-0.004896786,-0.004950907,-0.0050405674,-0.0050134324,-0.0048802905,-0.004867386,-0.020963054,-0.0048477165,-0.0049797855,-0.00501677,-0.0048918687,-0.0049711727,-0.005018186,-0.0048983954,-0.00485098,-0.0049679987,-0.00503036,-0.004955318,-0.0049547516
2014-12-12,-0.010400038,-0.010310512,-0.010367762,-0.010419633,-0.010423597,-0.010305908,-0.010300543,-0.026652124,-0.010264721,-0.010364857,-0.010424133,-0.010309588,-0.010368478,-0.010439631,-0.0103033,-0.010268565,-0.010371592,-0.010455396,-0.010372456,-0.010373842
2014-12-15,-0.009967502,-0.010006424,-0.010010507,-0.010114726,-0.01007105,-0.009969737,-0.009956222,-0.010595914,-0.009924214,-0.010046076,-0.010067817,-0.009960052,-0.0100381635,-0.010078978,-0.009962674,-0.009965669,-0.01003341,-0.010095354,-0.01001538,-0.010011073
2014-12-16,-0.006846484,-0.007275667,-0.0069329403,-0.0070120953,-0.007010173,-0.0068742596,-0.006888788,-0.0070794336,-0.0068647973,-0.006967645,-0.006986525,-0.0068521462,-0.00696167,-0.006971743,-0.0068747364,-0.0068134777,-0.006947305,-0.0070301257,-0.006942164,-0.0069215707
2014-12-17,-0.006404083,-0.0063902847,-0.006421637,-0.0065048747,-0.0065139197,-0.006342765,-0.006373491,-0.006876033,-0.006356772,-0.006428834,-0.006487619,-0.0063665174,-0.006437447,-0.006475251,-0.0063556395,-0.0063101463,-0.00643323,-0.0065292977,-0.006461408,-0.0062767677
2014-12-18,-0.0068940483,-0.0068675093,-0.00695787,-0.0069968067,-0.007026922,-0.006868314,-0.006870743,-0.007387053,-0.00682671,-0.006931197,-0.00699028,-0.006865483,-0.0069308095,-0.0069961064,-0.0068721883,-0.006814223,-0.0069434606,-0.0070393793,-0.0069677643,-0.00677843
2014-12-19,-0.0068820976,-0.0068772845,-0.0069593303,-0.0069817416,-0.007013779,-0.006882753,-0.006871205,-0.0070293956,-0.0068746023,-0.0069403164,-0.0069941394,-0.006852191,-0.0069436394,-0.007000964,-0.0068741404,-0.006804269,-0.006926041,-0.007022869,-0.0069801174,-0.00682218
2014-12-22,-0.009402376,-0.009437498,-0.00948761,-0.00947867,-0.009527292,-0.009408485,-0.009375434,-0.0093708,-0.00935803,-0.0094669275,-0.009508204,-0.009393182,-0.009465527,-0.009518709,-0.009387013,-0.00932784,-0.009415757,-0.009507354,-0.009498712,-0.00932252
2014-12-23,-0.007019397,-0.006874826,-0.00696313,-0.0069882534,-0.0070140027,-0.0068910085,-0.0068976544,-0.007169988,-0.0068296306,-0.006938394,-0.006998595,-0.0068644546,-0.0069265924,-0.00699402,-0.0068803094,-0.0067967735,-0.0069218837,-0.007034119,-0.006982755,-0.0068192445
2014-12-24,-0.008180242,-0.008006554,-0.008136284,-0.008121233,-0.008169483,-0.008019593,-0.008036252,-0.00820088,-0.007990461,-0.008084487,-0.008143198,-0.008028608,-0.008083817,-0.0081569515,-0.008038547,-0.0079813115,-0.008067604,-0.008152422,-0.008149307,-0.007979479
2014-12-26,-0.007017102,-0.0068466477,-0.0069701634,-0.0069829635,-0.0070082806,-0.0068659,-0.0069050007,-0.00735965,-0.0068301074,-0.0069317482,-0.00699709,-0.006868284,-0.0069266967,-0.006998282,-0.0068767928,-0.006826233,-0.006910663,-0.0070339404,-0.006982904,-0.0067993663
2014-12-29,-0.007012423,-0.0068412535,-0.006972071,-0.0069822334,-0.0070055686,-0.006874826,-0.0069024228,-0.023013305,-0.0068234764,-0.0069289915,-0.0069975816,-0.0068714283,-0.0069265924,-0.0069954954,-0.0068559013,-0.006831687,-0.006900113,-0.0070507787,-0.006955486,-0.0068061464
2014-12-30,-0.0070186667,-0.0068641715,-0.006970849,-0.007012408,-0.006996598,-0.006899547,-0.006909754,-0.008501004,-0.006842833,-0.0069275163,-0.0070304237,-0.006868642,-0.0069264434,-0.006996136,-0.0068774484,-0.0068426393,-0.006936889,-0.0070592724,-0.0069546215,-0.006827038
2014-12-31,-0.0070333146,-0.006856825,-0.0069746636,-0.0070011877,-0.006998148,-0.006876137,-0.0069151632,-0.0072630458,-0.0068567656,-0.0069327317,-0.007014524,-0.0068689846,-0.006926354,-0.007001754,-0.0068781786,-0.006850105,-0.00691643,-0.0070277564,-0.006959673,-0.006817784
2015-01-02,-0.007010471,-0.0068421625,-0.006970253,-0.0069571994,-0.0069948845,-0.0068881772,-0.006873261,-0.0068655424,-0.006827887,-0.006932657,-0.0069936328,-0.0068659447,-0.0069264434,-0.006989535,-0.0068852417,-0.006855216,-0.0069061927,-0.0070011877,-0.0069457404,-0.006787237
2015-01-05,-0.0069800876,-0.0068196915,-0.0069654696,-0.0069535337,-0.0069909208,-0.006883871,-0.0068510137,-0.00707924,-0.00680485,-0.006938126,-0.006984245,-0.006855365,-0.0069262646,-0.006998863,-0.0068523996,-0.006813105,-0.006886389,-0.006975647,-0.0069430135,-0.0068017207
2015-01-06,-0.0069849454,-0.007162448,-0.006970059,-0.006967064,-0.00700159,-0.006864067,-0.0068775825,-0.006905552,-0.0068327,-0.006943103,-0.006993752,-0.0068559013,-0.0069538616,-0.007012408,-0.0068583004,-0.006841805,-0.006897416,-0.0069904737,-0.0069653504,-0.0067790113
2015-01-07,-0.005548861,-0.0059173666,-0.005539369,-0.005554866,-0.0055754893,-0.0054451935,-0.005444091,-0.00573444,-0.0053942166,-0.005509641,-0.0055849813,-0.0054337494,-0.0055230223,-0.0055808835,-0.00543664,-0.005436357,-0.0055067204,-0.0055620037,-0.005535718,-0.005355682
2015-01-08,-0.008734863,-0.008999001,-0.008693483,-0.008708965,-0.008710679,-0.008599173,-0.008593749,-0.008678626,-0.008596655,-0.008706789,-0.008726325,-0.008600052,-0.008680504,-0.008741926,-0.008592036,-0.008577477,-0.008657541,-0.008697238,-0.008695897,-0.008530196
2015-01-09,-0.0057020746,-0.005607035,-0.0056643896,-0.005648922,-0.005691882,-0.0055402033,-0.0055386685,-0.005630728,-0.0055493675,-0.00564852,-0.005679723,-0.0055474304,-0.005618077,-0.005704578,-0.0055591427,-0.0055386983,-0.0056110434,-0.0056765936,-0.0056553595,-0.0054680817
2015-01-12,-0.0071467124,-0.0070347153,-0.0070894323,-0.0070767812,-0.0071207695,-0.0069676302,-0.0069776885,-0.0073276274,-0.0069932304,-0.0070701353,-0.0070952736,-0.0069757514,-0.007048469,-0.0071136914,-0.0069748573,-0.0069667213,-0.007054951,-0.007099744,-0.0070866607,-0.0069092475
2015-01-13,-0.0070322715,-0.006987553,-0.006969359,-0.0069674663,-0.0069892667,-0.006863471,-0.0068584047,-0.0070514046,-0.0068718307,-0.0069684796,-0.006966185,-0.006855514,-0.0068756603,-0.006999027,-0.0068555884,-0.006834384,-0.0068986975,-0.0069855265,-0.0069772564,-0.006795507
2015-01-14,-0.0076945834,-0.0076385103,-0.0076717995,-0.0076700263,-0.0076953135,-0.007659834,-0.00757372,-0.007820662,-0.007553946,-0.00766648,-0.007688757,-0.0075616054,-0.007565554,-0.0076978467,-0.007559236,-0.0075507127,-0.0076056086,-0.007686835,-0.0076404028,-0.0074595325
2015-01-15,-0.008451905,-0.008301612,-0.008425247,-0.008417081,-0.008429345,-0.008351099,-0.008349042,-0.008963328,-0.008328062,-0.008402761,-0.008435007,-0.008324664,-0.008371111,-0.008440133,-0.008289304,-0.008285653,-0.008370545,-0.008421775,-0.008396577,-0.008223053
2015-01-16,-0.007011216,-0.006902363,-0.0069695525,-0.0069960468,-0.0070007853,-0.006978553,-0.006892454,-0.0076529644,-0.0068273805,-0.0069497637,-0.0069847666,-0.0068685673,-0.0068079196,-0.006995093,-0.0068441294,-0.0068489723,-0.006928947,-0.006970387,-0.006936919,-0.0067492537
2015-01-20,-0.008208316,-0.008016195,-0.008159261,-0.008189317,-0.0081798695,-0.008150827,-0.008099627,-0.008320492,-0.00805999,-0.008145329,-0.008173119,-0.008083265,-0.008120444,-0.008186083,-0.008048665,-0.00805993,-0.008105796,-0.008171078,-0.008123543,-0.007942732
2015-01-21,-0.0070404224,-0.0068339966,-0.006955769,-0.006992977,-0.006991636,-0.006869223,-0.006898921,-0.0073304437,-0.0068898164,-0.00695708,-0.006988805,-0.0068815164,-0.006923761,-0.0069891773,-0.0068401657,-0.0068735294,-0.0069040917,-0.006966468,-0.0069315247,-0.0067292564
2015-01-22,-0.00798757,-0.0080004,-0.007914197,-0.007968005,-0.007950883,-0.00789639,-0.007865097,-0.008396681,-0.0078601055,-0.007918533,-0.007964801,-0.007870581,-0.0079077445,-0.007966232,-0.007817131,-0.007858988,-0.007896539,-0.007870864,-0.00789633,-0.0077025555
2015-01-23,-0.0069695823,-0.007137429,-0.006965231,-0.006983664,-0.0069702975,-0.0068857335,-0.00687721,-0.007263195,-0.0068525486,-0.006954264,-0.006981861,-0.0068796836,-0.006925162,-0.006995734,-0.00683726,-0.0068395548,-0.0069069676,-0.006893765,-0.006932061,-0.0067323856
2015-01-26,-0.0069766752,-0.0072306655,-0.006964039,-0.0070102178,-0.006954994,-0.0069189332,-0.006911274,-0.007381823,-0.0068841837,-0.006970387,-0.007020261,-0.0069158785,-0.006881874,-0.0070126466,-0.006920006,-0.006842699,-0.0069412403,-0.0069645457,-0.006934207,-0.0067406856
2015-01-27,-0.006948691,-0.0071738474,-0.006950181,-0.0069871657,-0.006948527,-0.0069226734,-0.0068881623,-0.02321468,-0.0068661235,-0.0069579743,-0.007005986,-0.006896984,-0.006924566,-0.0070081465,-0.0068882518,-0.006846156,-0.0069215856,-0.006948855,-0.0069359206,-0.0067458414
2015-01-28,-0.008977022,-0.009446349,-0.009018045,-0.00905421,-0.009010892,-0.008955535,-0.008940633,-0.010154691,-0.0089406185,-0.009007748,-0.009051334,-0.008977395,-0.008927014,-0.009045985,-0.008948933,-0.008857828,-0.008968409,-0.009001967,-0.008996513,-0.008806672
2015-01-29,-0.009269025,-0.009704035,-0.009302761,-0.009324994,-0.009226348,-0.009255942,-0.009239059,-0.009621542,-0.009172764,-0.009292688,-0.0093422495,-0.00923961,-0.00918531,-0.009336587,-0.009233575,-0.009099197,-0.009246986,-0.009315949,-0.009281125,-0.009088706
2015-01-30,-0.01087014,-0.011241566,-0.010909956,-0.01092222,-0.010813575,-0.010849666,-0.010840829,-0.01102927,-0.010814067,-0.010874953,-0.010928657,-0.010813531,-0.010856163,-0.010925766,-0.010948505,-0.010702219,-0.010842543,-0.010925379,-0.010888245,-0.010689493
2015-02-02,-0.008175205,-0.008134242,-0.008228701,-0.008223664,-0.008106109,-0.008179169,-0.008130666,-0.008545589,-0.008135583,-0.008183178,-0.008216944,-0.008114528,-0.00815871,-0.008219909,-0.0082796775,-0.008037116,-0.00812706,-0.008208271,-0.008196827,-0.008015629
2015-02-03,-0.006876018,-0.0070768557,-0.0070007704,-0.006991204,-0.006875258,-0.0069023184,-0.0068876557,-0.0070575736,-0.0069113187,-0.0069473945,-0.006982114,-0.0068700127,-0.0069279782,-0.0069960915,-0.0068841986,-0.0068176948,-0.0068790875,-0.0069737844,-0.0069802515,-0.006782826
2015-02-04,-0.006841909,-0.006885227,-0.006984096,-0.0069645755,-0.0069339834,-0.0069175325,-0.0074599497,-0.0070224367,-0.006911885,-0.006942045,-0.0069780163,-0.0068663172,-0.0069261156,-0.006985616,-0.0069383793,-0.0068545453,-0.0068872534,-0.006946411,-0.0069869272,-0.0067573003
2015-02-05,-0.009824004,-0.009782519,-0.009901624,-0.009899434,-0.009821709,-0.009834688,-0.010005962,-0.009962555,-0.009832155,-0.0098708235,-0.009912085,-0.009818863,-0.009855773,-0.009908881,-0.00988413,-0.0097651,-0.009826746,-0.009893309,-0.009904649,-0.009707864
2015-02-06,-0.008790117,-0.008634951,-0.008834984,-0.008824524,-0.008747812,-0.008770969,-0.008754607,-0.008863311,-0.008781653,-0.008787569,-0.0088210665,-0.008731749,-0.008763265,-0.008815598,-0.008764919,-0.008721288,-0.008735161,-0.0087966435,-0.008818176,-0.0086107515
2015-02-09,-0.0069407634,-0.0068338774,-0.0069816224,-0.0069865994,-0.0068848543,-0.0069283955,-0.0069103204,-0.0070550255,-0.0069586746,-0.0069482885,-0.006995391,-0.006873917,-0.0069270097,-0.006986242,-0.0069048963,-0.006883379,-0.00691266,-0.0069818906,-0.006967526,-0.0067756586
2015-02-10,-0.00694428,-0.006781783,-0.006977331,-0.0069847666,-0.006905418,-0.006947588,-0.006992664,-0.0071864687,-0.006942954,-0.0069478564,-0.006996434,-0.006890651,-0.0069249086,-0.006994825,-0.006962385,-0.0068665408,-0.006921988,-0.0069735013,-0.006957438,-0.006763857
2015-02-11,-0.0069318824,-0.006789934,-0.006961208,-0.006970506,-0.0069276057,-0.006915193,-0.0069226734,-0.0070576183,-0.006933477,-0.006949898,-0.0070075504,-0.00689004,-0.0069280826,-0.0069939457,-0.0070561282,-0.0068613105,-0.0069294088,-0.0069574974,-0.006949719,-0.00677089
2015-02-12,-0.010340493,-0.010296207,-0.010443088,-0.0104462765,-0.010401379,-0.010426816,-0.010369834,-0.010504421,-0.010353889,-0.010429185,-0.010481816,-0.0103779845,-0.010411974,-0.010478925,-0.010450568,-0.010353934,-0.010404702,-0.01045787,-0.010422315,-0.010260876
2015-02-13,-0.008380707,-0.008298527,-0.008484375,-0.008440312,-0.008427542,-0.008507144,-0.008387487,-0.008515533,-0.008430805,-0.008462694,-0.008497845,-0.0084082745,-0.008443426,-0.008504685,-0.008433055,-0.008387592,-0.008400571,-0.008484643,-0.008459952,-0.008294191
2015-02-17,-0.006914716,-0.0068146996,-0.0069752745,-0.006956231,-0.006911125,-0.0069484524,-0.0068724863,-0.006940689,-0.0068947636,-0.0069410615,-0.0070024244,-0.006874647,-0.006922435,-0.006990146,-0.0069677047,-0.0069062524,-0.0069089644,-0.006923374,-0.006946083,-0.006771844
2015-02-18,-0.0068800114,-0.0069283806,-0.006956812,-0.00696468,-0.006882604,-0.006993439,-0.0068779252,-0.0069946013,-0.0068520717,-0.006932419,-0.0070122145,-0.006885033,-0.0068032853,-0.006991204,-0.0070595257,-0.0068647675,-0.006915938,-0.006866958,-0.0069638453,-0.0067978017
2015-02-19,-0.007221233,-0.0072774105,-0.00731818,-0.007314276,-0.0072531216,-0.0073573254,-0.007255595,-0.0073880516,-0.007204931,-0.007301878,-0.0073707215,-0.007222604,-0.0071772747,-0.0073566698,-0.007431265,-0.007247802,-0.007264685,-0.0072282664,-0.0073273294,-0.0071789287
2015-02-20,-0.006876003,-0.006918665,-0.006955724,-0.0069665723,-0.006884437,-0.0070459656,-0.0068833493,-0.007011067,-0.0068889074,-0.006955471,-0.0069985352,-0.006875675,-0.0068575107,-0.006994363,-0.007055428,-0.006872963,-0.00691713,-0.0068724863,-0.006966617,-0.0067975484
2015-02-23,-0.00668573,-0.00659452,-0.006757047,-0.0067580007,-0.0067021213,-0.0068016164,-0.006698262,-0.006805118,-0.006685924,-0.006739404,-0.006806832,-0.0066623352,-0.0067394488,-0.006795313,-0.0068613403,-0.0066313855,-0.006711226,-0.006690111,-0.006762799,-0.0066365562
2015-02-24,-0.006905239,-0.006817218,-0.006945681,-0.006944891,-0.006891962,-0.007013213,-0.006921064,-0.0070330165,-0.0068751536,-0.006933432,-0.006995391,-0.006862413,-0.006935116,-0.006991919,-0.0070512407,-0.0068179183,-0.006916862,-0.0068882667,-0.006966155,-0.0068139248
2015-02-25,-0.0068748407,-0.0067807846,-0.006962519,-0.006909039,-0.0069144927,-0.0070804767,-0.006894421,-0.007006388,-0.006997969,-0.0069331042,-0.0069952123,-0.006868046,-0.0069342963,-0.0069960915,-0.0070914887,-0.0068782084,-0.0069249533,-0.006904628,-0.006958198,-0.006790679
2015-02-26,-0.0069152974,-0.006779965,-0.0069580935,-0.0069407634,-0.006917145,-0.0070152096,-0.006887298,-0.0070063286,-0.006996732,-0.0069327466,-0.0069982074,-0.0068661235,-0.006933447,-0.006990891,-0.007054683,-0.006864812,-0.006929036,-0.006864395,-0.006959196,-0.0069339834
2015-02-27,-0.006939646,-0.0067491345,-0.0069214664,-0.0069176666,-0.006890651,-0.007138934,-0.0068659596,-0.0069805793,-0.006943982,-0.006899338,-0.0069618337,-0.0068400316,-0.006898921,-0.00695106,-0.0070744716,-0.006812837,-0.006906327,-0.0068371706,-0.0069130175,-0.0069003813
2015-03-02,-0.009481978,-0.009669211,-0.00949138,-0.00947554,-0.009416293,-0.009544786,-0.009364273,-0.009512719,-0.009509366,-0.009422567,-0.009497207,-0.009361472,-0.009423148,-0.009483065,-0.00998212,-0.009333234,-0.009418111,-0.009367641,-0.009431805,-0.009423595
2015-03-03,-0.006876331,-0.007343646,-0.0069745295,-0.0069876425,-0.006928589,-0.0070424043,-0.007012319,-0.006921377,-0.0069932304,-0.006933417,-0.0069957785,-0.0068686865,-0.0069339536,-0.0069969557,-0.0073178373,-0.006880667,-0.00691713,-0.0068852864,-0.0069453977,-0.006934326
2015-03-04,-0.0069743805,-0.0073114,-0.007009696,-0.006988462,-0.006966617,-0.007045623,-0.006928187,-0.0069752894,-0.0069751255,-0.006949704,-0.007028874,-0.006885212,-0.006951716,-0.007017534,-0.007314887,-0.0068282597,-0.0069546364,-0.006931301,-0.006968554,-0.0069504343
2015-03-05,-0.0050648265,-0.0054752044,-0.005105447,-0.005113166,-0.0050717406,-0.00517134,-0.0050118826,-0.005083408,-0.005104866,-0.0050671212,-0.0051420145,-0.0049957447,-0.005074557,-0.005122062,-0.0052665584,-0.004956659,-0.005045932,-0.0050100945,-0.0050775073,-0.0050696395
2015-03-06,-0.008602168,-0.0087557845,-0.008630689,-0.008632924,-0.008574422,-0.008703824,-0.008541744,-0.008587416,-0.008624282,-0.008590724,-0.008658599,-0.008516904,-0.008592155,-0.008646589,-0.008789536,-0.008500379,-0.008551609,-0.008537259,-0.008593436,-0.00859217
2015-03-09,-0.008710127,-0.0089342855,-0.008811098,-0.00883786,-0.008762982,-0.008944612,-0.008766856,-0.008779611,-0.008788075,-0.00878511,-0.008853849,-0.008716773,-0.008786302,-0.0088499,-0.008988675,-0.0088204555,-0.008759018,-0.008734848,-0.008782487,-0.008786406
2015-03-10,-0.009541821,-0.00970469,-0.0096134655,-0.009633493,-0.009571802,-0.009730231,-0.009554144,-0.0097720735,-0.009609427,-0.009577569,-0.009656321,-0.009523924,-0.009580787,-0.009649243,-0.0097438805,-0.009748932,-0.009574246,-0.009573381,-0.009579491,-0.009579133
2015-03-11,-0.010644328,-0.010805916,-0.010723498,-0.010731917,-0.010678049,-0.010840546,-0.010677468,-0.010762062,-0.010735285,-0.010697227,-0.0107619725,-0.010618698,-0.010703992,-0.010761585,-0.010772627,-0.010840815,-0.010670256,-0.010680106,-0.010617983,-0.0106998645
2015-03-12,-0.009623345,-0.009735953,-0.009696703,-0.009700786,-0.009655353,-0.009807866,-0.009632837,-0.009742957,-0.009706285,-0.009670775,-0.009738561,-0.009598371,-0.009674769,-0.009734403,-0.00980271,-0.009797957,-0.009659942,-0.009616371,-0.009619024,-0.009673964
2015-03-13,-0.006296184,-0.0064106546,-0.0063869916,-0.0063687228,-0.006323289,-0.006467592,-0.006285902,-0.0062413625,-0.0063606165,-0.0063648187,-0.006426882,-0.0062682144,-0.0063687228,-0.0064168237,-0.0065445118,-0.006441068,-0.00638796,-0.0062803887,-0.0062877797,-0.0063675605
2015-03-16,-0.008166235,-0.008174863,-0.008143943,-0.008151408,-0.008085396,-0.008242156,-0.008036222,-0.007965844,-0.008091759,-0.008132171,-0.008183744,-0.008043896,-0.008135807,-0.008186605,-0.008372378,-0.008175191,-0.008121502,-0.008068111,-0.008060034,-0.008134153
2015-03-17,-0.0068614893,-0.0069971792,-0.006950062,-0.0069457553,-0.006929692,-0.0070895366,-0.0068385713,-0.0068130754,-0.0069028847,-0.0069336407,-0.0069954507,-0.0068453066,-0.006936889,-0.006998252,-0.0069984607,-0.006977197,-0.0069148056,-0.0069067143,-0.0068533085,-0.0069355927
2015-03-18,-0.0046109073,-0.004603695,-0.00458936,-0.004580941,-0.0045103543,-0.0046256296,-0.0045599453,-0.004424449,-0.0044701807,-0.0045783035,-0.0046310835,-0.004493993,-0.0045833997,-0.004637208,-0.0046904497,-0.0046116076,-0.0045508705,-0.004565101,-0.0044478737,-0.0045801364
2015-03-19,-0.009059902,-0.0090499185,-0.009009626,-0.009052973,-0.008979987,-0.009142768,-0.009040888,-0.0088869445,-0.009020504,-0.00901961,-0.009076964,-0.008934658,-0.0090225,-0.009076726,-0.009132635,-0.009042095,-0.009002011,-0.009006988,-0.008912545,-0.009021636
2015-03-20,-0.008341413,-0.00833061,-0.008291107,-0.008335467,-0.008273985,-0.0084527545,-0.008229058,-0.0081346,-0.008285742,-0.008303266,-0.008355048,-0.008218151,-0.008308422,-0.008361738,-0.0082982145,-0.008394312,-0.008246493,-0.008276369,-0.008178543,-0.008303937
2015-03-23,-0.008327957,-0.008311089,-0.008288097,-0.0083224885,-0.008271065,-0.008323725,-0.008223604,-0.008120041,-0.008278575,-0.008287307,-0.008344453,-0.008199792,-0.008290719,-0.008346017,-0.0082657,-0.008258771,-0.008236375,-0.00823481,-0.0081935935,-0.008287784
2015-03-24,-0.00700457,-0.006950658,-0.00697447,-0.0069597177,-0.006909322,-0.0070231967,-0.006839942,-0.006764155,-0.0068885796,-0.0069356374,-0.0070090555,-0.006843295,-0.006931361,-0.0070072524,-0.0069186203,-0.0069270544,-0.0068721883,-0.006876778,-0.0068609975,-0.00693604
2015-03-25,-0.007630851,-0.007614117,-0.007620942,-0.0076120906,-0.0075456463,-0.007714566,-0.007493403,-0.007483881,-0.007552009,-0.007587295,-0.007662233,-0.007483702,-0.007586863,-0.0076494776,-0.007678177,-0.007561814,-0.0075287037,-0.007540282,-0.007539671,-0.0075886063
2015-03-26,-0.0069698356,-0.0069625787,-0.0069633834,-0.006959107,-0.0068935268,-0.0070412867,-0.0068498068,-0.0068165623,-0.0069425665,-0.006934043,-0.007009279,-0.006835874,-0.006949108,-0.0070029013,-0.0069543235,-0.0069004707,-0.0068772845,-0.0068554543,-0.0070885383,-0.0069370233
2015-03-27,-0.008080181,-0.008072,-0.008063968,-0.008065712,-0.007998493,-0.008155268,-0.007974904,-0.007884946,-0.008029547,-0.008038189,-0.008100253,-0.007943686,-0.008050229,-0.008103799,-0.008025553,-0.008038428,-0.007975411,-0.007967632,-0.008102816,-0.008039337
2015-03-30,-0.0069747083,-0.0069630407,-0.0069597326,-0.0069681965,-0.006871786,-0.0070296936,-0.0068397187,-0.006967645,-0.006895568,-0.006936189,-0.007013347,-0.0068430565,-0.006950613,-0.0069930516,-0.006963145,-0.0069130324,-0.0068829022,-0.0068980716,-0.007062342,-0.0069404207
2015-03-31,-0.006972503,-0.0069579445,-0.0069602244,-0.0069694184,-0.0068754666,-0.0070420466,-0.0068437867,-0.022808637,-0.0068682097,-0.006936159,-0.0070054494,-0.006834265,-0.0069503896,-0.0069905035,-0.006959956,-0.006924685,-0.0068781786,-0.0069088005,-0.0069997124,-0.0069371425
2015-04-01,-0.0069727264,-0.0069564693,-0.0069599412,-0.0069558434,-0.006875839,-0.0070090853,-0.0068685375,-0.0074319653,-0.006928291,-0.006934669,-0.0069930963,-0.006834995,-0.006947454,-0.006995078,-0.006987419,-0.006894406,-0.006883841,-0.0068705045,-0.0069971643,-0.0069359355
2015-04-02,-0.0047563426,-0.00472888,-0.004756417,-0.004740577,-0.004664045,-0.004790824,-0.0046640746,-0.004671123,-0.004640054,-0.0047204457,-0.0047884695,-0.0046154372,-0.0047260933,-0.004784342,-0.004786756,-0.0047116242,-0.0046655796,-0.0046536885,-0.0046704523,-0.0047209673
2015-04-06,-0.0085085,-0.008481335,-0.008473273,-0.008497011,-0.00839847,-0.00854769,-0.00838555,-0.008431178,-0.008455243,-0.008469027,-0.008535963,-0.0083719455,-0.008477982,-0.008525621,-0.008559387,-0.008479845,-0.008427154,-0.008420106,-0.00848439,-0.008468967
2015-04-07,-0.0069778524,-0.0069427155,-0.006959539,-0.0069706403,-0.006933313,-0.0070009492,-0.00685611,-0.0074824058,-0.0068608336,-0.006934028,-0.0070074312,-0.006858688,-0.006946426,-0.006999936,-0.0069676153,-0.006912004,-0.0069251023,-0.0068977587,-0.006885331,-0.0069361143
2015-04-08,-0.005889442,-0.005844202,-0.005847182,-0.0059083216,-0.0058032237,-0.0059431903,-0.0060727857,-0.005915042,-0.005767774,-0.005886223,-0.0059200786,-0.005752694,-0.005848836,-0.005914759,-0.005933728,-0.0059851967,-0.0058620535,-0.005807396,-0.0057844035,-0.0058505647
2015-04-09,-0.006976839,-0.0069226585,-0.0069317035,-0.0069967173,-0.006879147,-0.0069940053,-0.0069173984,-0.0069237165,-0.0068744384,-0.006971162,-0.0070012026,-0.0068445466,-0.0069383793,-0.007001873,-0.006993573,-0.0068967305,-0.0069126748,-0.00688402,-0.006895628,-0.006934162
2015-04-10,-0.007906195,-0.007863279,-0.00785036,-0.007864635,-0.0078108273,-0.007955696,-0.0078243725,-0.007854205,-0.007850122,-0.007869717,-0.007927384,-0.0077629946,-0.007865485,-0.007931482,-0.007925283,-0.007944655,-0.007819828,-0.007798072,-0.007814404,-0.007863369
2015-04-13,-0.0066805445,-0.0066952817,-0.006500896,-0.006539505,-0.006604474,-0.00663672,-0.0066381507,-0.022763323,-0.0067259483,-0.0066475086,-0.0067104064,-0.0065433495,-0.0066509657,-0.0067111813,-0.0066907965,-0.0067251883,-0.006578531,-0.0066127293,-0.0066407286,-0.0066443495
2015-04-14,-0.007001277,-0.006939303,-0.00692698,-0.0069359504,-0.0069139265,-0.0069663636,-0.0070579313,-0.0102637075,-0.006949406,-0.0069756918,-0.0070060752,-0.0068613254,-0.006944176,-0.007005822,-0.007020917,-0.0071893,-0.0072271787,-0.0069406293,-0.0069211535,-0.0069353543
2015-04-15,-0.0094967745,-0.009473126,-0.009335887,-0.009468745,-0.009429257,-0.009514581,-0.009436753,-0.009630036,-0.009455185,-0.009504791,-0.00951552,-0.009384003,-0.009463992,-0.009522822,-0.009547319,-0.009530019,-0.00949594,-0.009422164,-0.009423684,-0.009448063
2015-04-16,-0.0069862865,-0.0069508664,-0.00693227,-0.0070202015,-0.00693902,-0.0070144795,-0.0069247894,-0.0070180558,-0.006978821,-0.0069876723,-0.007006135,-0.0068750046,-0.0069416277,-0.0070016645,-0.0070089214,-0.0069377534,-0.0069835,-0.0069201253,-0.006884869,-0.0069358163
2015-04-17,-0.006992992,-0.0068254136,-0.0069307946,-0.007001277,-0.0069398247,-0.0070408247,-0.006901812,-0.007249724,-0.006929841,-0.006975826,-0.0070099495,-0.006855767,-0.0069371574,-0.0070038997,-0.007006105,-0.0070248507,-0.0070037507,-0.0069203787,-0.0069110505,-0.006936144
2015-04-20,-0.009065043,-0.0088952,-0.009023976,-0.009077873,-0.009026255,-0.009126257,-0.009044956,-0.009102281,-0.009042125,-0.009073045,-0.00908966,-0.008946206,-0.009025317,-0.009088974,-0.009100433,-0.009148058,-0.009079453,-0.009022679,-0.008983027,-0.009018209
2015-04-21,-0.0069663636,-0.006793391,-0.0069844835,-0.0069946162,-0.00691944,-0.0070483945,-0.00689527,-0.006867703,-0.0069343857,-0.0069919787,-0.007010963,-0.0068386905,-0.0069836937,-0.0069986694,-0.00701141,-0.0070328377,-0.006912019,-0.0069087557,-0.006901663,-0.0069344155
2015-04-22,-0.009316947,-0.009148698,-0.009350952,-0.009338822,-0.009260964,-0.009375896,-0.009289201,-0.009210881,-0.009287339,-0.009331446,-0.009361189,-0.009211,-0.009350043,-0.00933997,-0.009302359,-0.009367343,-0.009284582,-0.009304222,-0.009235274,-0.009279218
2015-04-23,-0.006983962,-0.0068100058,-0.00694428,-0.006994497,-0.006923657,-0.0070343576,-0.00690433,-0.006846469,-0.0069216304,-0.006985139,-0.007012721,-0.006862264,-0.0069889687,-0.0070029907,-0.007028293,-0.007081967,-0.006947797,-0.00693601,-0.0068993233,-0.0069354735
2015-04-24,-0.0069887154,-0.00682896,-0.0069434457,-0.007006284,-0.006983947,-0.0070132427,-0.006875407,-0.006873157,-0.006931033,-0.0069910996,-0.0070173256,-0.006879773,-0.0069843493,-0.007004466,-0.0070233904,-0.006869998,-0.0069470666,-0.0069293045,-0.0068866573,-0.006935578
2015-04-27,-0.0069947205,-0.0068211816,-0.0069852434,-0.0069781356,-0.006970804,-0.0070450567,-0.0068965815,-0.0069941245,-0.0069877766,-0.006983038,-0.0070256107,-0.006876316,-0.0070007555,-0.0069966726,-0.0070269667,-0.0068860017,-0.0069778822,-0.006938588,-0.0068745874,-0.0069345944
2015-04-28,-0.00699703,-0.0068307035,-0.0069047622,-0.00699031,-0.00697672,-0.0070491396,-0.0068910383,-0.006865274,-0.006986331,-0.0069584064,-0.007023763,-0.006871905,-0.0069877766,-0.00701138,-0.006928336,-0.0068704,-0.006955441,-0.006955158,-0.0068825744,-0.006935548
2015-04-29,-0.009080779,-0.008912127,-0.008942317,-0.009093773,-0.009059992,-0.009088945,-0.008974116,-0.009020086,-0.009080019,-0.009063598,-0.009082627,-0.008968499,-0.009051662,-0.009087365,-0.009060901,-0.009226408,-0.009067025,-0.00903834,-0.00895099,-0.009013843
2015-04-30,-0.011438873,-0.011266526,-0.011395436,-0.011445489,-0.011400145,-0.011461657,-0.011349838,-0.011434745,-0.011453386,-0.011427756,-0.011458006,-0.011329319,-0.01143552,-0.011457782,-0.011394452,-0.011654463,-0.011422839,-0.01137289,-0.0113606565,-0.011385094
2015-05-01,-0.007702958,-0.007544812,-0.0076809637,-0.00770716,-0.007654723,-0.00775088,-0.0076167993,-0.007662844,-0.007699456,-0.00769281,-0.0077143125,-0.007586535,-0.0077045374,-0.007708784,-0.0076452307,-0.007837024,-0.0076926015,-0.0076429807,-0.007623341,-0.008085202
2015-05-04,-0.0072276555,-0.0070818923,-0.0071167164,-0.00714181,-0.0071385317,-0.007212948,-0.007068392,-0.0071387105,-0.0071332715,-0.007131543,-0.0071667396,-0.0070288293,-0.007133018,-0.0071639232,-0.0071666352,-0.0071116053,-0.007180568,-0.007136356,-0.007052224,-0.00754733
2015-05-05,-0.00703096,-0.006872203,-0.007005524,-0.0069699846,-0.006952312,-0.0071192794,-0.0069036596,-0.0069830827,-0.0069798194,-0.0069759004,-0.0070402883,-0.0068967454,-0.007004734,-0.0070206635,-0.00712296,-0.007011842,-0.0071730874,-0.0069537573,-0.006907355,-0.00762273
2015-05-06,-0.006984558,-0.006860908,-0.0069954507,-0.0069732033,-0.0069475584,-0.007050436,-0.0068814717,-0.0068597756,-0.0069823973,-0.006977584,-0.0070331357,-0.006883677,-0.007011067,-0.007002812,-0.007079717,-0.007002037,-0.0072169863,-0.0069567673,-0.0069075935,-0.007552948
2015-05-07,-0.006366264,-0.0062349997,-0.0062756203,-0.006338861,-0.0062704794,-0.00639702,-0.0062623583,-0.006278198,-0.0062653236,-0.0063271634,-0.0063732825,-0.0062338226,-0.006351795,-0.006349694,-0.0063545667,-0.006265279,-0.0065060817,-0.006276902,-0.0063373707,-0.007054027
2015-05-08,-0.007004764,-0.006867703,-0.0069624595,-0.0069868974,-0.006936606,-0.007026281,-0.006937649,-0.006978404,-0.0069029145,-0.0069906823,-0.007024061,-0.006887894,-0.0069984756,-0.0069978796,-0.0069709383,-0.006861251,-0.007209908,-0.0069235824,-0.0069826357,-0.007632371
2015-05-11,-0.0070722066,-0.0069487654,-0.007039439,-0.0070140027,-0.0070276223,-0.0071878843,-0.006967079,-0.007009711,-0.0069910996,-0.007054504,-0.0070901923,-0.006950509,-0.0070634745,-0.007066097,-0.0070515983,-0.0069498383,-0.007111799,-0.007010337,-0.0070755146,-0.0077955835
2015-05-12,-0.007004004,-0.006850358,-0.0069753937,-0.006944891,-0.006948855,-0.0071637593,-0.0069246106,-0.007165637,-0.0069521777,-0.0069882832,-0.00702573,-0.0068934076,-0.0070078187,-0.0070167296,-0.0069635026,-0.006866064,-0.007031869,-0.0069795214,-0.006987538,-0.007860538
2015-05-13,-0.007005986,-0.006847959,-0.0069668256,-0.0069543384,-0.0069258176,-0.0071771853,-0.0069331937,-0.0069772415,-0.0069072656,-0.0069871806,-0.007019546,-0.006890651,-0.006999161,-0.007014867,-0.0069617294,-0.006911259,-0.007003557,-0.0069482736,-0.0069939904,-0.007684719
2015-05-14,-0.005860742,-0.0057027154,-0.0058466606,-0.0057748966,-0.0057527684,-0.0059508197,-0.0057847165,-0.005815815,-0.005771991,-0.00581583,-0.005864423,-0.0057265274,-0.0058364086,-0.0058512054,-0.005793687,-0.005812507,-0.005814504,-0.0057890527,-0.0057803653,-0.0062841885
2015-05-15,-0.011827063,-0.011654805,-0.011793267,-0.01175357,-0.01176491,-0.011886027,-0.011721935,-0.011777367,-0.011723872,-0.0117565505,-0.011833485,-0.01172192,-0.011786129,-0.011827063,-0.011812668,-0.011780109,-0.011742648,-0.011774909,-0.0116986,-0.011939075
2015-05-18,-0.0070280842,-0.006846186,-0.0069857202,-0.006923925,-0.006941315,-0.007064771,-0.006852772,-0.007005643,-0.0069097094,-0.0069508962,-0.0070313923,-0.0068973415,-0.0069873743,-0.007018324,-0.0069600157,-0.007001292,-0.006937947,-0.0069958083,-0.0068636946,-0.007108357
2015-05-19,-0.0070150904,-0.006900903,-0.007003363,-0.0070128255,-0.006919306,-0.0070369057,-0.006974425,-0.0069628917,-0.006931644,-0.0070405714,-0.007029962,-0.006904211,-0.007001575,-0.0070204847,-0.006972667,-0.007017892,-0.0069960617,-0.006960269,-0.006898757,-0.0070536546
2015-05-20,-0.0070086233,-0.0068763457,-0.006996598,-0.0069965385,-0.0069196783,-0.007261824,-0.0069590174,-0.006949734,-0.006958749,-0.0070010833,-0.007026028,-0.0068920963,-0.006984111,-0.0070081763,-0.0069597773,-0.007032614,-0.0070000403,-0.0069267116,-0.0069847666,-0.0069859885
2015-05-21,-0.007003229,-0.0068729185,-0.006998446,-0.006978493,-0.0069014244,-0.007109266,-0.006953206,-0.0069749914,-0.006889265,-0.006977644,-0.007026788,-0.006897237,-0.006998446,-0.0070066564,-0.0069528334,-0.0070337914,-0.0069871955,-0.0069327466,-0.0068759136,-0.0074554496
2015-05-22,-0.007004287,-0.006923061,-0.0069930367,-0.006988805,-0.0069107674,-0.00719906,-0.006922897,-0.0071451776,-0.0069118403,-0.0069801174,-0.007025268,-0.00688773,-0.0069950484,-0.0069963597,-0.0069299154,-0.007039454,-0.0069580637,-0.006941553,-0.0068885945,-0.007575657
2015-05-26,-0.007760819,-0.0076193176,-0.007736277,-0.0077655427,-0.007741984,-0.007880699,-0.0076683722,-0.007795226,-0.007682901,-0.007749673,-0.007787358,-0.007667806,-0.007755127,-0.00775842,-0.007701855,-0.0077996813,-0.0077828877,-0.0076882653,-0.007639002,-0.008454125
2015-05-27,-0.0070022903,-0.006887194,-0.006965395,-0.0070096813,-0.006982576,-0.007063549,-0.006928619,-0.0067865215,-0.006887894,-0.0070327334,-0.0070286505,-0.006905969,-0.0069792084,-0.007004883,-0.0069549344,-0.0070245527,-0.0070220195,-0.0069410764,-0.0068732314,-0.007653769
2015-05-28,-0.007011246,-0.006892603,-0.006980058,-0.007002782,-0.0070714466,-0.007045429,-0.0069239847,-0.0068676136,-0.0069047324,-0.007038992,-0.0070233606,-0.006911706,-0.006972011,-0.007019367,-0.0069455467,-0.0069822483,-0.0070239417,-0.0069959126,-0.006881442,-0.0071146153
2015-05-29,-0.0070124827,-0.006888848,-0.006985452,-0.006978806,-0.006957542,-0.0070218705,-0.006894212,-0.006853994,-0.006905433,-0.007025894,-0.007025402,-0.0069077127,-0.006988462,-0.0070132725,-0.0069282018,-0.0070167147,-0.006982755,-0.006967481,-0.0068726353,-0.0071635507
2015-06-01,-0.0070199035,-0.0069232993,-0.006997954,-0.00700083,-0.0069680773,-0.0070327483,-0.006907981,-0.006871756,-0.006899234,-0.0070301257,-0.0070186965,-0.0069041215,-0.0069632046,-0.007004332,-0.0069368444,-0.006926637,-0.0069229417,-0.006924417,-0.006865885,-0.007266622
2015-06-02,-0.0070551448,-0.006979253,-0.0070281737,-0.0069568716,-0.0069348924,-0.0070037358,-0.006850984,-0.006867122,-0.006903317,-0.007023465,-0.007024478,-0.0069124512,-0.0069757216,-0.0070078336,-0.006902065,-0.006915774,-0.006919574,-0.0069381855,-0.006856885,-0.0071893446
2015-06-03,-0.010086175,-0.009965684,-0.010091733,-0.009985235,-0.010015782,-0.010078546,-0.009904619,-0.009919342,-0.009948995,-0.0100674,-0.010078426,-0.009991955,-0.010068487,-0.01007561,-0.009972524,-0.0100200735,-0.009973031,-0.010010075,-0.009931173,-0.010007825
2015-06-04,-0.008175563,-0.008035641,-0.008150529,-0.008102935,-0.008104753,-0.008156743,-0.007994559,-0.008063104,-0.008051153,-0.008167218,-0.008171674,-0.008043628,-0.008150663,-0.00816847,-0.008086409,-0.008136418,-0.008111771,-0.008113664,-0.008016583,-0.0081038885
2015-06-05,-0.0070553534,-0.006833788,-0.0070015304,-0.006966885,-0.0070336573,-0.0069897734,-0.006848421,-0.006912958,-0.006895136,-0.007024478,-0.0070358627,-0.006908577,-0.006978672,-0.0070230328,-0.006915491,-0.006901916,-0.0069261454,-0.006964814,-0.0068806224,-0.0069702975
2015-06-08,-0.0070132725,-0.006852191,-0.007009726,-0.0069261305,-0.0069491826,-0.007005479,-0.006848421,-0.006875541,-0.0068866573,-0.007007893,-0.0070280842,-0.0068881623,-0.0069722943,-0.007022362,-0.0068528466,-0.006874766,-0.006901901,-0.006983038,-0.00688396,-0.006973859
2015-06-09,-0.0070218407,-0.006873708,-0.0069646947,-0.006925624,-0.0069858097,-0.006927129,-0.0068469755,-0.00688849,-0.006853055,-0.006996285,-0.007015597,-0.006897118,-0.0068616383,-0.0070255958,-0.006860193,-0.0068556033,-0.0069531016,-0.0069917403,-0.007020142,-0.0069282614
2015-06-10,-0.006184634,-0.006092306,-0.00613321,-0.006034445,-0.0061780773,-0.006162863,-0.0060280375,-0.0059853904,-0.0060153864,-0.0061325245,-0.006193381,-0.0060455017,-0.0060922615,-0.0061901323,-0.0060443543,-0.006192278,-0.006093275,-0.0061492138,-0.006251376,-0.0061335675
2015-06-11,-0.0072522275,-0.007189613,-0.0072157346,-0.00715458,-0.0072292797,-0.007203918,-0.00710414,-0.007095393,-0.007090058,-0.007242229,-0.0072600953,-0.007125657,-0.0071168058,-0.007270854,-0.007119026,-0.007262554,-0.007170167,-0.00723831,-0.0071728043,-0.0071756206
2015-06-12,-0.0070524774,-0.007064726,-0.0069463514,-0.0068841986,-0.0069567375,-0.007041689,-0.0069186203,-0.0068671666,-0.0068957023,-0.0069796406,-0.007031154,-0.006900292,-0.006906908,-0.007020768,-0.006967526,-0.0070229135,-0.007032167,-0.0069902055,-0.006935563,-0.0069249384
2015-06-15,-0.007138308,-0.007357206,-0.0069760047,-0.0069373064,-0.0069452934,-0.007039007,-0.006908741,-0.0070999227,-0.0069090687,-0.0069921575,-0.0070323013,-0.0069193356,-0.0068849586,-0.007019844,-0.00702795,-0.007037621,-0.0070264004,-0.006984692,-0.007004913,-0.006936576
2015-06-16,-0.0070456527,-0.007174801,-0.006965991,-0.0069709085,-0.0069401525,-0.0070110224,-0.0068947338,-0.006891664,-0.0068958513,-0.006993022,-0.0070398264,-0.0068896674,-0.006906133,-0.0070066564,-0.007017087,-0.0069901906,-0.0070148073,-0.006917607,-0.00694583,-0.0069194697
2015-06-17,-0.0063781403,-0.0065197907,-0.006178852,-0.006233912,-0.00618523,-0.0062567554,-0.0061157756,-0.0061242245,-0.00616866,-0.0062544905,-0.006275352,-0.006133165,-0.006126132,-0.006256189,-0.006255474,-0.0061738007,-0.006252479,-0.0061804764,-0.0062047504,-0.0061629377
2015-06-18,-0.0070562027,-0.007064473,-0.0069550537,-0.006993424,-0.0069389306,-0.0070438944,-0.0068649612,-0.006857481,-0.0069173984,-0.007008102,-0.007029604,-0.0068960898,-0.006879639,-0.0070184134,-0.006929513,-0.0070155077,-0.007016387,-0.006928917,-0.0069528483,-0.006918367
2015-06-19,-0.007684808,-0.007765036,-0.007565435,-0.0076135807,-0.0075290017,-0.007667806,-0.0074952357,-0.0074872337,-0.0074800067,-0.00759181,-0.0076665245,-0.0075133108,-0.0074991547,-0.007659834,-0.0074786507,-0.0076080225,-0.0076331757,-0.0075656585,-0.0075833015,-0.007570576
2015-06-22,-0.0063455217,-0.0063010715,-0.0062347464,-0.006174337,-0.006217938,-0.006331008,-0.006175231,-0.0060993396,-0.0061308555,-0.0062733404,-0.006341126,-0.0062003694,-0.0062313937,-0.006321352,-0.00617316,-0.0062858276,-0.0061322413,-0.0062846653,-0.0063983016,-0.0062228255
2015-06-23,-0.0077438615,-0.0079129,-0.0076146685,-0.00764909,-0.007609036,-0.007720735,-0.007542338,-0.0075526945,-0.0075378977,-0.00769281,-0.0077415816,-0.0075775497,-0.007587593,-0.007714849,-0.0075754486,-0.0076240264,-0.0075468384,-0.0076517127,-0.0077776425,-0.0077319853
2015-06-24,-0.007022571,-0.0070952885,-0.006955784,-0.006920751,-0.006908428,-0.0070009492,-0.006851252,-0.00679655,-0.0068470202,-0.006975796,-0.0070252977,-0.0068806224,-0.0068994127,-0.007004183,-0.006883379,-0.0069199465,-0.0068302117,-0.006944891,-0.0069058947,-0.0069749467
2015-06-25,-0.007043343,-0.007176947,-0.006939318,-0.0069448315,-0.0069062226,-0.0069885515,-0.006844204,-0.00680184,-0.0068370216,-0.0069743507,-0.00703175,-0.006929975,-0.0068852715,-0.007007774,-0.0068724416,-0.006995436,-0.006840449,-0.006950479,-0.006979,-0.0070019774
2015-06-26,-0.0075945966,-0.0075121485,-0.007485237,-0.0074407123,-0.0074925683,-0.0075367056,-0.0074188225,-0.0074963085,-0.007398676,-0.0075094514,-0.007581275,-0.0074498616,-0.00748856,-0.0075492524,-0.0074399523,-0.007534247,-0.0073839687,-0.007496532,-0.00760084,-0.0073960237
2015-06-29,-0.0051778816,-0.005198803,-0.005006399,-0.005081605,-0.005041968,-0.0050901435,-0.004966166,-0.005123224,-0.004974585,-0.0050896816,-0.0051509254,-0.005050134,-0.005045425,-0.005135756,-0.005022656,-0.005129721,-0.0050168894,-0.0050919317,-0.005219247,-0.005130749
2015-06-30,-0.0070369057,-0.007095527,-0.0069127344,-0.006932419,-0.0069179647,-0.0069816373,-0.006879892,-0.007089298,-0.006870996,-0.0069678538,-0.0070305876,-0.006898638,-0.0068981014,-0.0069905035,-0.0069077723,-0.006996911,-0.006883826,-0.006931316,-0.0069897883,-0.0070191287
2015-07-01,-0.0070224665,-0.0070613734,-0.0069752894,-0.0068964623,-0.0070576183,-0.0069892667,-0.0068587624,-0.0072271787,-0.0068833046,-0.006970506,-0.007025134,-0.0068733804,-0.006905239,-0.006998401,-0.0069427453,-0.007236298,-0.00688779,-0.0069010817,-0.006916728,-0.006934624
2015-07-02,-0.0061866604,-0.006222766,-0.006107401,-0.006132778,-0.0062065534,-0.006149914,-0.006009098,-0.0065913014,-0.006021198,-0.006140735,-0.006188076,-0.0060366504,-0.006069865,-0.0061780475,-0.0060838126,-0.006243985,-0.006033849,-0.006082665,-0.0061154775,-0.006501686
2015-07-06,-0.0070156716,-0.0071052276,-0.0069526844,-0.0068825297,-0.007095795,-0.0069775246,-0.006860163,-0.007407453,-0.0068635903,-0.0069707893,-0.007022362,-0.0069166534,-0.006910559,-0.0069962703,-0.0069482587,-0.00713801,-0.0068787597,-0.006882947,-0.0070963763,-0.007031005
2015-07-07,-0.0070231073,-0.0070114397,-0.006922405,-0.0069529377,-0.0072127692,-0.00697976,-0.006839227,-0.0075781755,-0.0068681203,-0.0069675557,-0.0070204847,-0.0068941824,-0.0068788044,-0.006998699,-0.00694729,-0.0071895085,-0.006895449,-0.006906893,-0.007004466,-0.0071355067
2015-07-08,-0.007018503,-0.007011812,-0.006993886,-0.0069656037,-0.0072166435,-0.0069617294,-0.0068681054,-0.0077399723,-0.006886434,-0.0069676302,-0.0070301257,-0.0068982504,-0.0069494955,-0.0070113353,-0.0069164596,-0.0070521496,-0.006883856,-0.006925743,-0.0071123354,-0.0072863363
2015-07-09,-0.007014986,-0.006929811,-0.006969597,-0.006937247,-0.007159736,-0.006950449,-0.006819587,-0.007401537,-0.0068542473,-0.0069659613,-0.007018637,-0.00686064,-0.0069120936,-0.0070064925,-0.0068672113,-0.006966036,-0.0068533085,-0.0068999194,-0.006979894,-0.00704984
2015-07-10,-0.00730088,-0.007305529,-0.0072439127,-0.0072204135,-0.007423397,-0.007066082,-0.007137146,-0.0074386857,-0.0071540736,-0.0072433613,-0.0072986893,-0.007198062,-0.007178571,-0.0072818063,-0.007205453,-0.0073108934,-0.0072024725,-0.0072102807,-0.0074248575,-0.0073098503
2015-07-13,-0.005874764,-0.006028082,-0.0059361868,-0.0058490597,-0.005953174,-0.005666878,-0.0057592057,-0.0064598434,-0.0057681464,-0.005839657,-0.005887013,-0.005779799,-0.005877819,-0.005873855,-0.0058069937,-0.0059113167,-0.0057780407,-0.0058065765,-0.006013777,-0.005909156
2015-07-14,-0.0070294105,-0.0070658885,-0.0070405863,-0.0069814585,-0.0070774965,-0.0068054013,-0.00687192,-0.006979149,-0.006887596,-0.0069680475,-0.007027086,-0.006918054,-0.006952446,-0.007010799,-0.0068985336,-0.007023629,-0.0069315843,-0.0069548897,-0.0071254186,-0.007009398
2015-07-15,-0.0070120506,-0.007097464,-0.007051762,-0.0069515817,-0.0070510916,-0.0068244003,-0.006850388,-0.0075229667,-0.0068929605,-0.006972473,-0.0070160143,-0.0068893395,-0.007010322,-0.007002216,-0.006906759,-0.0069861673,-0.006933432,-0.0069420002,-0.007146295,-0.0069384687
2015-07-16,-0.00645807,-0.0064773075,-0.006497111,-0.0064088963,-0.00653721,-0.0063060336,-0.0062978826,-0.0067289136,-0.0063390844,-0.0064088814,-0.0064662956,-0.0063452534,-0.006439235,-0.006439101,-0.0063355826,-0.0064651333,-0.0063865148,-0.0063506924,-0.006629329,-0.0063755773
2015-07-17,-0.008059602,-0.008172955,-0.008135717,-0.00795221,-0.008077469,-0.007865425,-0.007865291,-0.008674946,-0.007899012,-0.007995706,-0.008064654,-0.007913437,-0.007982489,-0.008018937,-0.007909518,-0.008026373,-0.007932108,-0.007933836,-0.008041825,-0.007966261
2015-07-20,-0.006899681,-0.0070818923,-0.0069986247,-0.00694729,-0.007097956,-0.0069959275,-0.0068153106,-0.007474389,-0.0068839006,-0.0069714,-0.007004928,-0.006847691,-0.0068940185,-0.0070061646,-0.0068970136,-0.007218864,-0.0069156103,-0.006858211,-0.0070850216,-0.0069489293
2015-07-21,-0.0068797134,-0.0070658736,-0.0070243888,-0.0069210343,-0.007095795,-0.0068308674,-0.0068326406,-0.0069827996,-0.0069036298,-0.0069719963,-0.007010754,-0.0068443976,-0.0069631003,-0.006997388,-0.0069033466,-0.0070099197,-0.0069178008,-0.006901484,-0.007096749,-0.0069415383
2015-07-22,-0.006907802,-0.00714932,-0.0071163736,-0.006919097,-0.007079806,-0.0068568103,-0.0068313293,-0.007147085,-0.0068801157,-0.0069754086,-0.007009443,-0.00687119,-0.0069057457,-0.0070048533,-0.0069137476,-0.006988611,-0.0069065504,-0.006920811,-0.0071469657,-0.006950658
2015-07-23,-0.0067262463,-0.007014867,-0.007007491,-0.0067629926,-0.0068448447,-0.0066477023,-0.0066333525,-0.0067433827,-0.0067019425,-0.0067657046,-0.0068175457,-0.006675925,-0.0067497008,-0.006804254,-0.006713625,-0.006804999,-0.0067230724,-0.0066621713,-0.0069567375,-0.0067325346
2015-07-24,-0.007902842,-0.00817756,-0.007965799,-0.00792205,-0.00795662,-0.007840138,-0.0077587627,-0.0079899095,-0.007842105,-0.007928919,-0.007960152,-0.007815089,-0.007868286,-0.007967543,-0.00782017,-0.007956069,-0.007853758,-0.007848825,-0.008131605,-0.007885795
2015-07-27,-0.007021975,-0.007047605,-0.0070272647,-0.0069555454,-0.006950509,-0.0068751685,-0.006858092,-0.0077363215,-0.006868642,-0.006948676,-0.0070276074,-0.00686742,-0.0069503,-0.0070139877,-0.0068786107,-0.0068717115,-0.006860342,-0.0068831556,-0.007179003,-0.0069550388
2015-07-28,-0.0069792382,-0.0070908777,-0.0070759766,-0.006981086,-0.006950941,-0.0069077276,-0.006855037,-0.00825293,-0.00691038,-0.006956231,-0.0070446543,-0.0068625174,-0.00696845,-0.0070195906,-0.006908264,-0.006890055,-0.006928291,-0.0069164,-0.0071542226,-0.006942507
2015-07-29,-0.0067536645,-0.0071543716,-0.006751921,-0.006702509,-0.0066992007,-0.006702494,-0.0065834187,-0.007278722,-0.0066095255,-0.006688576,-0.00676864,-0.0066238903,-0.006694656,-0.0067509227,-0.0066324286,-0.0067069493,-0.0066609643,-0.006668072,-0.0070365034,-0.0066918097
2015-07-30,-0.007895526,-0.008503791,-0.007974755,-0.007939782,-0.008009981,-0.007859927,-0.007809799,-0.00817756,-0.00787453,-0.007918548,-0.007987928,-0.007838707,-0.007918667,-0.007986914,-0.0079137795,-0.0082737915,-0.007893976,-0.007894974,-0.008129831,-0.007913705
2015-07-31,-0.006883379,-0.0072840713,-0.0069927536,-0.0069510303,-0.007004898,-0.0068277083,-0.00683875,-0.00717197,-0.0068655424,-0.0069478564,-0.007023301,-0.006856527,-0.006948199,-0.0070058815,-0.0069383197,-0.007042121,-0.006920319,-0.006910246,-0.0072050057,-0.0069410615
2015-08-03,-0.0065518133,-0.006667655,-0.006649088,-0.0065463893,-0.0066179596,-0.006491866,-0.006494116,-0.006670978,-0.0065463744,-0.006592121,-0.006661635,-0.006506156,-0.0066057853,-0.0066568814,-0.0065190606,-0.0066244565,-0.0066063814,-0.006643694,-0.006737616,-0.006588664
2015-08-04,-0.006960284,-0.007075753,-0.006984677,-0.0069313906,-0.0069582425,-0.006929558,-0.0068585984,-0.007057812,-0.0068910383,-0.0069417916,-0.007025283,-0.006893676,-0.006984275,-0.00702348,-0.00694659,-0.006980654,-0.0069538914,-0.006988909,-0.007066127,-0.0069964193
2015-08-05,-0.0069339536,-0.0070705824,-0.006967988,-0.006984707,-0.007002782,-0.0069344305,-0.006853815,-0.009562027,-0.0068593286,-0.006968539,-0.006987896,-0.006897535,-0.00694808,-0.0070336275,-0.006881278,-0.0070101433,-0.0070127062,-0.007005524,-0.006970402,-0.006953772
2015-08-06,-0.006896626,-0.007074859,-0.00693525,-0.006978791,-0.006956216,-0.0068724267,-0.0068189166,-0.0069985203,-0.0068464093,-0.0069630854,-0.006995287,-0.0068754368,-0.0069191717,-0.007014733,-0.0068965964,-0.0068834834,-0.006918054,-0.006979879,-0.007039901,-0.006945815
2015-08-07,-0.0056192987,-0.005990129,-0.005737614,-0.0057105534,-0.0057771467,-0.0055861436,-0.0056019686,-0.0063678287,-0.005608063,-0.00569294,-0.0057311617,-0.005605664,-0.0057000034,-0.005746912,-0.005611252,-0.006071236,-0.005676057,-0.005747523,-0.00576834,-0.005703073
2015-08-10,-0.0068875365,-0.007068839,-0.0069663636,-0.0069549046,-0.007019412,-0.006894257,-0.0068979226,-0.007216882,-0.0069716386,-0.0069792084,-0.007004451,-0.0068933032,-0.007004585,-0.0070028417,-0.006905999,-0.0075845234,-0.0069356225,-0.0069454424,-0.0070307218,-0.0070072673
2015-08-11,-0.006904792,-0.007043209,-0.006935578,-0.0069800876,-0.006995987,-0.006876152,-0.006837692,-0.007156264,-0.007259261,-0.006967347,-0.0070011728,-0.006891813,-0.0069369487,-0.007000085,-0.0068663023,-0.0073662363,-0.0069407336,-0.0069522075,-0.007036131,-0.0069446824
2015-08-12,-0.0069156997,-0.0070299916,-0.0069314204,-0.007005956,-0.0070642494,-0.0068810247,-0.0068450533,-0.007016655,-0.0073069595,-0.0069670193,-0.00699402,-0.0068876855,-0.0069238655,-0.007018324,-0.0069047324,-0.0075468384,-0.006912913,-0.006967094,-0.0070503317,-0.006970387
2015-08-13,-0.006909292,-0.0072588883,-0.0069916807,-0.0070063435,-0.0070554875,-0.0068981163,-0.006846931,-0.0076142065,-0.006940957,-0.0069855265,-0.0070013516,-0.006928291,-0.006962549,-0.007016998,-0.0069327913,-0.007548999,-0.006903883,-0.006972667,-0.0070040487,-0.0069502406
2015-08-14,-0.009946998,-0.010094982,-0.010043006,-0.010009211,-0.010144215,-0.010061588,-0.009925451,-0.010128897,-0.009976458,-0.010054063,-0.010069739,-0.009939771,-0.010008108,-0.010071408,-0.009983119,-0.010752823,-0.010034736,-0.009990688,-0.010116663,-0.00990295
2015-08-17,-0.008034494,-0.00805321,-0.008082714,-0.008134853,-0.008223828,-0.008140828,-0.008004572,-0.00817826,-0.008117925,-0.008134391,-0.008159902,-0.008024897,-0.008121636,-0.008156728,-0.008083787,-0.0085784905,-0.008047532,-0.008072969,-0.008189108,-0.00815269
2015-08-18,-0.0068803392,-0.006882366,-0.006949749,-0.0069463216,-0.007068511,-0.006976869,-0.0068392567,-0.0069846623,-0.0069317482,-0.0069662593,-0.006996151,-0.0068861507,-0.006941702,-0.0069853477,-0.0069308095,-0.0074066035,-0.006893914,-0.0069016926,-0.0070446096,-0.0069677196
2015-08-19,-0.009718683,-0.009767365,-0.009808298,-0.009813871,-0.00990833,-0.0097958855,-0.009667423,-0.009955835,-0.009767216,-0.009793576,-0.009825509,-0.009688031,-0.009770479,-0.009812754,-0.009750333,-0.010263231,-0.009777587,-0.009731185,-0.00985093,-0.00976425
2015-08-20,-0.0035829803,-0.0037179997,-0.0036772152,-0.0036403795,-0.0037835797,-0.003691565,-0.0035436263,-0.004004862,-0.0036310812,-0.0036966016,-0.0037121882,-0.0036135127,-0.003661703,-0.0037175377,-0.00363126,-0.004300814,-0.0036208888,-0.0036122014,-0.003758218,-0.003664743
2015-08-21,-0.006914597,-0.0070074163,-0.007040184,-0.0069286786,-0.0069831125,-0.0069707297,-0.0068485104,-0.0070811473,-0.0068819188,-0.0069683604,-0.0069988184,-0.0069383793,-0.006977465,-0.0069959573,-0.006907504,-0.0076125376,-0.006939184,-0.006896209,-0.007040795,-0.006935578
2015-08-24,-0.007928114,-0.007946577,-0.008067589,-0.007972788,-0.008099075,-0.0080153905,-0.007897805,-0.008065697,-0.007928964,-0.008046325,-0.008040648,-0.007933509,-0.007999461,-0.008033585,-0.007931646,-0.008497026,-0.007954981,-0.0079280995,-0.008091744,-0.007984277
2015-08-25,-0.0068834834,-0.006990578,-0.0070188455,-0.0069159083,-0.006986078,-0.006981265,-0.0068699233,-0.0070880614,-0.006908264,-0.0069956146,-0.0069987737,-0.006881457,-0.0069941096,-0.0069856606,-0.006895613,-0.007443633,-0.006956082,-0.006875243,-0.0070679747,-0.006936189
2015-08-26,-0.0049142204,-0.0050312094,-0.005065512,-0.00494067,-0.0050684474,-0.005055245,-0.004899662,-0.0051810704,-0.0049924813,-0.00499944,-0.00503039,-0.004913952,-0.0050134324,-0.0050263815,-0.004976865,-0.0051489286,-0.0050355904,-0.004951846,-0.0050227307,-0.0049657784
2015-08-27,-0.008772235,-0.008840304,-0.008898418,-0.00881296,-0.008827429,-0.0088429265,-0.008724581,-0.008866828,-0.008853119,-0.0088433735,-0.008865591,-0.0087224655,-0.00881004,-0.0088573955,-0.008749064,-0.008841332,-0.008842882,-0.008801486,-0.008844759,-0.008804899
2015-08-28,-0.008185666,-0.008246984,-0.008338835,-0.008207392,-0.008324694,-0.008171763,-0.008165177,-0.008366134,-0.008284595,-0.00826795,-0.0083084665,-0.008155968,-0.008238044,-0.008281019,-0.008220892,-0.008361723,-0.008277219,-0.008228343,-0.008272361,-0.008234184
2015-08-31,-0.00333577,-0.0033659746,-0.0034783443,-0.0034118702,-0.0034703126,-0.003282692,-0.0033432355,-0.0038257649,-0.0033754816,-0.0034208258,-0.003464516,-0.0033182015,-0.003420513,-0.0034510752,-0.00336818,-0.0035286655,-0.0034273078,-0.0033703258,-0.003412645,-0.003390055
2015-09-01,-0.007164981,-0.007263314,-0.007338833,-0.007229861,-0.0072737746,-0.007127654,-0.007179212,-0.007538449,-0.0071994923,-0.007264953,-0.007307779,-0.007168036,-0.0072293095,-0.0072840117,-0.0072147213,-0.0072157346,-0.0072696917,-0.007208269,-0.0072584413,-0.007232245
2015-09-02,-0.006883111,-0.0069666468,-0.0070630275,-0.006943267,-0.0069767945,-0.006859388,-0.006889593,-0.0072505884,-0.0070051365,-0.007002499,-0.0070355795,-0.0068747364,-0.0070143305,-0.0070158057,-0.006895464,-0.007364463,-0.006995138,-0.006908562,-0.0070033036,-0.0069710724
2015-09-03,-0.0095260255,-0.009605911,-0.009613957,-0.009583514,-0.009624194,-0.00951625,-0.00958645,-0.009941723,-0.009565484,-0.009650987,-0.009685975,-0.009543743,-0.009663831,-0.009656619,-0.00959165,-0.009587925,-0.009631168,-0.009561669,-0.009635087,-0.0096121095
2015-09-04,-0.006837871,-0.0067730956,-0.0070309006,-0.006899666,-0.0069309883,-0.006985929,-0.006917309,-0.0072666816,-0.0068707727,-0.0069600604,-0.0070217364,-0.0068857484,-0.0069660805,-0.0069856904,-0.0068827234,-0.00695033,-0.006979879,-0.0069113784,-0.0069678836,-0.006940197
2015-09-08,-0.0039056947,-0.0038344075,-0.004094135,-0.0039600395,-0.0039928816,-0.0040531866,-0.003977444,-0.020650338,-0.0039253198,-0.0040215664,-0.0040905885,-0.0039410256,-0.0040473007,-0.0040472858,-0.0039170347,-0.0040362887,-0.004086893,-0.0039765052,-0.0040179007,-0.003995996
2015-09-09,-0.0069021545,-0.006931003,-0.0069889836,-0.006866943,-0.0069576316,-0.0070046447,-0.0068997405,-0.0076830946,-0.0069332086,-0.00695936,-0.0070191287,-0.0068807267,-0.0069980286,-0.0069936328,-0.0068792664,-0.0070866607,-0.0070582293,-0.006947037,-0.006969612,-0.006939199
2015-09-10,-0.008849021,-0.008891951,-0.008915525,-0.008892845,-0.008954596,-0.00879493,-0.008866709,-0.009095784,-0.008912932,-0.008923452,-0.008977797,-0.008844864,-0.0089587085,-0.00895172,-0.008939769,-0.008921962,-0.008944016,-0.00888012,-0.00891922,-0.00890043
2015-09-11,-0.009016719,-0.009060305,-0.0090642385,-0.009031396,-0.009101357,-0.008998644,-0.009010356,-0.00918695,-0.009001996,-0.009086501,-0.0091332905,-0.009019937,-0.00910325,-0.009117406,-0.009100314,-0.009127032,-0.009099197,-0.008988898,-0.009080689,-0.009061661
2015-09-14,-0.005535882,-0.005495172,-0.0055722706,-0.005628895,-0.005645346,-0.0056442283,-0.0055076443,-0.005914148,-0.005510967,-0.005625155,-0.005672794,-0.005546402,-0.0056482665,-0.005656462,-0.0058518313,-0.005597811,-0.0056167655,-0.0055263154,-0.005581703,-0.0056043677
2015-09-15,-0.006313335,-0.006269183,-0.006382104,-0.0063969158,-0.006379109,-0.006444838,-0.006292995,-0.0064010434,-0.0063256286,-0.006400194,-0.0064521693,-0.0063307397,-0.0064158253,-0.00644226,-0.0066020004,-0.006461736,-0.0066025667,-0.0062525235,-0.006340008,-0.006377291
2015-09-16,-0.0042638145,-0.0042840056,-0.004323464,-0.004349541,-0.004367765,-0.004365649,-0.004245024,-0.0044681244,-0.0042573772,-0.0043695383,-0.0043880753,-0.004267644,-0.0043551438,-0.0043764077,-0.004549857,-0.0043383054,-0.0044753067,-0.004183244,-0.00433537,-0.004321214
2015-09-17,-0.0059044473,-0.005885523,-0.0059223436,-0.0060060583,-0.0059600435,-0.0059868805,-0.0058521293,-0.0061275177,-0.0059038065,-0.0060202293,-0.0060321353,-0.0059006773,-0.0059433393,-0.0059967153,-0.0060749464,-0.0059190057,-0.006025072,-0.005880531,-0.0059681945,-0.0059521757
2015-09-18,-0.0036180278,-0.0037282815,-0.00365914,-0.0037465205,-0.0036758294,-0.0036025157,-0.0036203673,-0.0037711968,-0.0036018153,-0.0037519147,-0.0037585457,-0.003632616,-0.0036871394,-0.0037402173,-0.004028883,-0.0037157645,-0.003864791,-0.0035932322,-0.0036387553,-0.0036927422
2015-09-21,-0.0059500746,-0.005931761,-0.0060340427,-0.0060892217,-0.0060710423,-0.005920749,-0.005954217,-0.006076511,-0.0060866885,-0.0061180852,-0.00609779,-0.0059748553,-0.0060378574,-0.0060738735,-0.006363582,-0.006026011,-0.0062122457,-0.0059568547,-0.0059797578,-0.006036084
2015-09-22,-0.0068740956,-0.006865274,-0.0069320463,-0.007001113,-0.006954875,-0.006819334,-0.0068186037,-0.006988626,-0.0069514625,-0.0070019625,-0.0070103966,-0.0068837516,-0.006917175,-0.0069721453,-0.0071507953,-0.0069499128,-0.0071655028,-0.006823074,-0.0069103204,-0.0069385134
2015-09-23,-0.006962057,-0.007051807,-0.007059764,-0.0071013384,-0.0070430003,-0.006919276,-0.0069431327,-0.007163774,-0.0070833974,-0.0070924275,-0.007119756,-0.0069865994,-0.007021051,-0.007078048,-0.0072251223,-0.0070453845,-0.0071703456,-0.0069171153,-0.007037144,-0.007036891
2015-09-24,-0.0068323277,-0.007024359,-0.006963115,-0.0069909357,-0.0069416724,-0.0068132244,-0.006833505,-0.006958615,-0.006838437,-0.006997969,-0.007032376,-0.0068929605,-0.0069371574,-0.006973561,-0.007160943,-0.0069888346,-0.0070320778,-0.006937336,-0.006906431,-0.006936189
2015-09-25,-0.009077113,-0.009186711,-0.009201851,-0.009182762,-0.009217214,-0.0090499185,-0.009049665,-0.009147283,-0.009175416,-0.009199437,-0.0092492215,-0.009108748,-0.00912955,-0.009188365,-0.009324487,-0.009252217,-0.009283911,-0.009059783,-0.009061914,-0.009151932
2015-09-28,-0.006875109,-0.006895568,-0.006980505,-0.0069608055,-0.0069861375,-0.006836351,-0.006826218,-0.0068829916,-0.0069921575,-0.006983515,-0.0070390515,-0.0068848096,-0.006924238,-0.006979283,-0.007116925,-0.0070060752,-0.007114481,-0.0068514757,-0.0068642907,-0.006937038
2015-09-29,-0.006889563,-0.0069403164,-0.006982144,-0.0069912933,-0.007001769,-0.0068399273,-0.006840896,-0.0069332384,-0.0070386194,-0.0069911294,-0.007019665,-0.0068962537,-0.0069473498,-0.00698125,-0.006995108,-0.006969016,-0.0071523897,-0.006905686,-0.0068944506,-0.0069356076
2015-09-30,-0.006866332,-0.0068700574,-0.0069782995,-0.00698724,-0.0069957785,-0.006851401,-0.0068476014,-0.006985586,-0.007021468,-0.0069920532,-0.0070228092,-0.006900694,-0.0069600604,-0.00697523,-0.006980952,-0.0069718473,-0.0072484724,-0.0068618916,-0.0068895034,-0.006936442
2015-10-01,-0.005870413,-0.005896177,-0.005981516,-0.0060120486,-0.0059631728,-0.0058660917,-0.0058716647,-0.006028693,-0.006019708,-0.006019544,-0.0060604922,-0.0059068017,-0.005956214,-0.0059959404,-0.0060601644,-0.005990591,-0.005998712,-0.0058650635,-0.0059223436,-0.005963456
2015-10-02,-0.0068388097,-0.0068427585,-0.006958332,-0.0069998167,-0.006946545,-0.0068383925,-0.006829288,-0.006936189,-0.00697368,-0.007008996,-0.007024523,-0.006896835,-0.006934937,-0.006974455,-0.007062968,-0.0069262944,-0.007030811,-0.006842386,-0.006876018,-0.0069348775
2015-10-05,-0.00996932,-0.010049131,-0.010082196,-0.01012538,-0.010106202,-0.0099844895,-0.00997236,-0.0100561045,-0.010090958,-0.010131564,-0.010128047,-0.010044482,-0.010055419,-0.010097738,-0.010291826,-0.010067251,-0.010229673,-0.010000583,-0.010018181,-0.010054108
2015-10-06,-0.006810408,-0.0069523267,-0.0069378726,-0.006969344,-0.006959524,-0.0068266056,-0.0068316422,-0.0072903894,-0.006993767,-0.0070176385,-0.007018935,-0.006909948,-0.006919857,-0.0069804303,-0.0069847666,-0.006950151,-0.0071133785,-0.006852772,-0.0069410466,-0.006934967
2015-10-07,-0.006558027,-0.006680187,-0.006668236,-0.006720852,-0.0066662543,-0.0065918826,-0.006592702,-0.0072977804,-0.0067483746,-0.00674453,-0.006757509,-0.006660398,-0.0066657327,-0.0067263804,-0.0067215078,-0.006607633,-0.00691488,-0.0065769814,-0.006676402,-0.006689992
2015-10-08,-0.0049315505,-0.0050709806,-0.005038675,-0.005084824,-0.005050879,-0.0049523525,-0.0049627535,-0.0056970976,-0.0051347576,-0.0051243417,-0.0051380657,-0.005011704,-0.0050376765,-0.005107861,-0.005104732,-0.0049098097,-0.0053465776,-0.004944857,-0.005062338,-0.0050622486
2015-10-09,-0.009342637,-0.009452056,-0.009404223,-0.009506013,-0.009459998,-0.009352844,-0.009389635,-0.009906914,-0.009524342,-0.009512346,-0.009552728,-0.009427141,-0.00942741,-0.009506833,-0.009545725,-0.009308737,-0.009899851,-0.009371605,-0.009449866,-0.009455498
2015-10-12,-0.008096721,-0.008209687,-0.008174118,-0.008256953,-0.008228596,-0.008117389,-0.008150604,-0.008762743,-0.008270811,-0.008273285,-0.008307885,-0.008197796,-0.008197736,-0.008264806,-0.008264717,-0.00809237,-0.00858463,-0.008135986,-0.008209389,-0.00821371
2015-10-13,-0.0068077557,-0.0069459043,-0.0068913363,-0.006941404,-0.006930452,-0.006838154,-0.006862011,-0.007225614,-0.007003229,-0.0069938265,-0.0070235543,-0.006890487,-0.00695638,-0.0069900863,-0.006975379,-0.006815981,-0.0073249154,-0.006843712,-0.0069318824,-0.006937381
2015-10-14,-0.004175406,-0.004304435,-0.0042621456,-0.0043233447,-0.004266139,-0.0041897707,-0.0042421035,-0.0047361217,-0.0043600462,-0.004360955,-0.0043909512,-0.0042729042,-0.004320603,-0.0043462478,-0.004329767,-0.004266273,-0.0045503043,-0.004235234,-0.004283067,-0.004293289
2015-10-15,-0.0068047456,-0.0069420002,-0.006889712,-0.006982412,-0.006899338,-0.0068195723,-0.006860446,-0.007084083,-0.0069400035,-0.0069989525,-0.00701439,-0.0068919472,-0.006922435,-0.0069847517,-0.0069757514,-0.0068118684,-0.0073166303,-0.0068656616,-0.006934624,-0.0069362186
2015-10-16,-0.007918533,-0.008024763,-0.00797778,-0.008041438,-0.007986184,-0.007911485,-0.007928725,-0.008107852,-0.00801767,-0.008072313,-0.008085605,-0.007968541,-0.007987704,-0.008066814,-0.008052152,-0.007963341,-0.008210968,-0.007969182,-0.008015271,-0.008014511
2015-10-19,-0.008010816,-0.008142751,-0.008089583,-0.008146312,-0.008072894,-0.0080336,-0.008052062,-0.0083645545,-0.008139428,-0.008189883,-0.008198854,-0.008084219,-0.008086067,-0.008189362,-0.008173775,-0.008000847,-0.008299436,-0.008068811,-0.008135226,-0.008133348
2015-10-20,-0.006791409,-0.0069453083,-0.0068542473,-0.006956961,-0.006890472,-0.0068382286,-0.00683352,-0.0069912784,-0.007001143,-0.006985437,-0.0070078485,-0.0068761967,-0.006889548,-0.006991353,-0.0069783144,-0.006827634,-0.0072512887,-0.0068579726,-0.006938275,-0.006938141
2015-10-21,-0.006805461,-0.0069461428,-0.0068830512,-0.006974023,-0.0069083534,-0.0068460517,-0.006852787,-0.0069849603,-0.0069986098,-0.0070054643,-0.0070069693,-0.0068984143,-0.0069039725,-0.0069922917,-0.006976541,-0.0068623386,-0.0074604116,-0.006877091,-0.0069365166,-0.0069361143
2015-10-22,-0.006823968,-0.006982874,-0.006911885,-0.007004466,-0.0069239847,-0.006842222,-0.0068299733,-0.00697447,-0.0069377683,-0.0070130937,-0.0070122443,-0.006873276,-0.006918039,-0.0069809966,-0.007112231,-0.0069194995,-0.007109966,-0.0069063418,-0.0069174133,-0.0069361143
2015-10-23,-0.0029816886,-0.0031564196,-0.0030958613,-0.0031735112,-0.0030823906,-0.0030281802,-0.003023099,-0.0031734665,-0.0031436344,-0.0031972488,-0.0032126715,-0.003077801,-0.003096964,-0.0031908115,-0.0032456478,-0.003020223,-0.0034691652,-0.003107648,-0.0031315645,-0.003140848
2015-10-26,-0.0067836605,-0.0069491677,-0.0068561397,-0.006971892,-0.0068716668,-0.0068175904,-0.0069457255,-0.006954726,-0.00693522,-0.0069955103,-0.0070119165,-0.00686061,-0.006880831,-0.006983023,-0.007051822,-0.0068228357,-0.007239517,-0.006891649,-0.0069317333,-0.0069353096
2015-10-27,-0.006829422,-0.007010486,-0.006912064,-0.006987702,-0.0069044046,-0.0068620406,-0.0069311075,-0.0069676302,-0.0069359355,-0.007018011,-0.007017147,-0.0068739913,-0.0069377087,-0.0069948547,-0.0070408694,-0.0069214515,-0.007269036,-0.006928455,-0.0069180243,-0.006936621
2015-10-28,-0.006560039,-0.0068573467,-0.006688129,-0.006768178,-0.00670534,-0.00663827,-0.0066710226,-0.006767314,-0.006724354,-0.006795343,-0.006787326,-0.006660383,-0.0067277662,-0.006775599,-0.0068459176,-0.0066547953,-0.006862592,-0.0066903196,-0.006708812,-0.006722193
2015-10-29,-0.0064761005,-0.006746482,-0.006615903,-0.0067106,-0.0066576563,-0.0065892152,-0.006689366,-0.0066649877,-0.0066907518,-0.006718736,-0.0066977404,-0.006586414,-0.0066439323,-0.0066920333,-0.0067216866,-0.0066044293,-0.006784197,-0.0065688603,-0.006671082,-0.0066406988
2015-10-30,-0.008094665,-0.0082872175,-0.008174416,-0.008233245,-0.008186664,-0.008143347,-0.008155342,-0.008223172,-0.008223232,-0.008282777,-0.00826421,-0.008153524,-0.008216184,-0.00826342,-0.008284282,-0.008147847,-0.008340623,-0.008197125,-0.008238059,-0.008198675
2015-11-02,-0.007788103,-0.007973995,-0.007875811,-0.007991444,-0.007883739,-0.0078451,-0.007836547,-0.007772576,-0.007921424,-0.007980596,-0.007984187,-0.007872086,-0.007953327,-0.0079632215,-0.008022811,-0.007858124,-0.008050259,-0.007881399,-0.007956829,-0.007919069
2015-11-03,-0.006788414,-0.007044714,-0.0068674646,-0.007002633,-0.0069280975,-0.006876942,-0.0068834685,-0.0069466345,-0.0069767646,-0.0070169233,-0.0069998614,-0.006883811,-0.0069545917,-0.006989401,-0.007035803,-0.0068878345,-0.0070349984,-0.0069092624,-0.0069642477,-0.0069344006
2015-11-04,-0.011061188,-0.01128022,-0.011147346,-0.01125909,-0.0111919455,-0.011126008,-0.011131611,-0.011039611,-0.011191767,-0.011274692,-0.0112708025,-0.01115201,-0.011247899,-0.011236187,-0.011285331,-0.011189025,-0.01129983,-0.011206489,-0.011218812,-0.011189815
2015-11-05,-0.006822925,-0.007040795,-0.006862279,-0.0069942437,-0.0069538914,-0.006896805,-0.0068997703,-0.006905105,-0.0069876723,-0.0070274137,-0.0070082806,-0.00689527,-0.006930735,-0.0070038848,-0.0070712976,-0.006958928,-0.0070494376,-0.006974768,-0.006974425,-0.0069729052
2015-11-06,-0.006812405,-0.00700764,-0.0068899207,-0.0070248656,-0.0069574974,-0.00690132,-0.0069028847,-0.0068314187,-0.006997522,-0.0070257597,-0.0070089065,-0.006889891,-0.0069804005,-0.0069888644,-0.0070510022,-0.006865572,-0.007050168,-0.0069592856,-0.0069541,-0.0069820844
2015-11-09,-0.0065089874,-0.0067328773,-0.0065867268,-0.0067111365,-0.006671082,-0.0066113137,-0.006594103,-0.0065502934,-0.0067054443,-0.006740149,-0.0067119263,-0.0065903626,-0.006701272,-0.0067012273,-0.006847363,-0.006675359,-0.0067601763,-0.006650787,-0.006656166,-0.0066996627
2015-11-10,-0.0068048052,-0.0069905184,-0.0068807863,-0.0070123933,-0.0069292895,-0.006860029,-0.0068507306,-0.0068078153,-0.0069332235,-0.007029902,-0.0070004426,-0.006879505,-0.0069764517,-0.006986972,-0.0071379356,-0.0068840347,-0.0070398413,-0.006931629,-0.00694957,-0.007037621
2015-11-11,-0.009467643,-0.009658229,-0.00954419,-0.009665664,-0.009596165,-0.009518813,-0.009537231,-0.009478372,-0.009583186,-0.009677168,-0.009666275,-0.009553563,-0.009648468,-0.009642702,-0.009801161,-0.00954565,-0.009642955,-0.009611975,-0.009623732,-0.009726476
2015-11-12,-0.006792005,-0.0069701187,-0.006885212,-0.0070050918,-0.006949138,-0.006840106,-0.006852623,-0.006804969,-0.006933268,-0.0070345215,-0.0070019923,-0.0068412386,-0.00698648,-0.006990116,-0.007231649,-0.00693221,-0.0069817863,-0.0069844984,-0.0069651566,-0.0069930516
2015-11-13,-0.0064671002,-0.00666463,-0.006578725,-0.006700199,-0.006603878,-0.0065445118,-0.0065358393,-0.0064879768,-0.0066140406,-0.0067078285,-0.006674167,-0.0065427087,-0.0066651367,-0.006672006,-0.0068505816,-0.006613057,-0.0067186914,-0.0066622905,-0.006642919,-0.006708231
2015-11-16,-0.0041429363,-0.0043164156,-0.004247766,-0.004369553,-0.0042407773,-0.0041969083,-0.0041989945,-0.004346337,-0.0042907707,-0.0043911748,-0.0043535195,-0.0042291842,-0.0042992644,-0.0043446384,-0.004433226,-0.004289847,-0.004383724,-0.004350718,-0.004332509,-0.0043549947
2015-11-17,-0.006798994,-0.006959986,-0.006888803,-0.0070199035,-0.0068923496,-0.006820198,-0.0068412833,-0.0069187693,-0.0069913976,-0.0070390515,-0.006993931,-0.0068718754,-0.0069818012,-0.0069869123,-0.007159155,-0.0069322996,-0.0070289336,-0.0069288425,-0.0069798343,-0.0070003383
2015-11-18,-0.0033556481,-0.0035027673,-0.0034267863,-0.0035443564,-0.0034445187,-0.00337423,-0.0034025123,-0.0034600308,-0.0035136153,-0.0035826971,-0.0035464426,-0.0034142842,-0.003518056,-0.0035298576,-0.0035569181,-0.003481086,-0.0035679897,-0.0034365912,-0.0034934094,-0.0035059263
2015-11-19,-0.0053091906,-0.005437743,-0.0053601824,-0.0054498427,-0.005355742,-0.0053078495,-0.005336266,-0.0054138117,-0.005435597,-0.005466055,-0.005454283,-0.005323913,-0.0054012947,-0.005432751,-0.005479779,-0.005385991,-0.0054382347,-0.005357649,-0.0054061376,-0.0054174624
2015-11-20,-0.00713956,-0.0072542094,-0.007199254,-0.0072692297,-0.007214304,-0.0071457885,-0.007157024,-0.007243734,-0.007215511,-0.0073084645,-0.007277932,-0.007151466,-0.007224571,-0.0072631203,-0.0073434077,-0.007209968,-0.0072673373,-0.007198002,-0.007248502,-0.007285144
2015-11-23,-0.0063951127,-0.0065664463,-0.006494265,-0.0066101216,-0.0065002404,-0.006428998,-0.006467577,-0.006548982,-0.006555047,-0.0066205375,-0.006596651,-0.006462496,-0.006535914,-0.006589558,-0.0067100488,-0.0065386407,-0.006591242,-0.006545957,-0.0065847,-0.0066463165
2015-11-24,-0.006894555,-0.006956186,-0.0069026165,-0.0070088618,-0.006921511,-0.0068509094,-0.006871205,-0.006966796,-0.0069473498,-0.007036578,-0.00700308,-0.006881293,-0.0069461577,-0.006993752,-0.007058095,-0.006932225,-0.00696845,-0.006993156,-0.00697976,-0.007050138
2015-11-25,-0.009727266,-0.0098616,-0.009795111,-0.009888377,-0.009847101,-0.009752031,-0.009747382,-0.00982913,-0.009831827,-0.009921696,-0.009876337,-0.0097658,-0.009858038,-0.0098777525,-0.009945955,-0.0098171495,-0.009871181,-0.009843584,-0.009876352,-0.009897586
2015-11-27,-0.0051091425,-0.005256828,-0.0052156113,-0.0052971356,-0.005234208,-0.0051257573,-0.0051484965,-0.005057331,-0.005264055,-0.005326178,-0.0052866004,-0.0051662438,-0.005271133,-0.00529572,-0.005298149,-0.0052329563,-0.005218055,-0.0053077005,-0.0052561127,-0.0053105466
2015-11-30,-0.006833326,-0.0069722347,-0.0069062077,-0.0070167594,-0.006975349,-0.006849047,-0.0068699084,-0.006785866,-0.0069541745,-0.0070287697,-0.0069887005,-0.006864991,-0.006982755,-0.0069958232,-0.0070052557,-0.0069323145,-0.0068985634,-0.006995525,-0.006992113,-0.007014703
2015-12-01,-0.0068341605,-0.0069633536,-0.006943073,-0.0070041977,-0.0070044063,-0.0068427287,-0.0068763755,-0.0067810826,-0.006953668,-0.007023718,-0.0069977753,-0.0068763606,-0.006961327,-0.006993171,-0.0069775693,-0.00693224,-0.0070023052,-0.0069135986,-0.0069848113,-0.0070559345
2015-12-02,-0.009077575,-0.009186517,-0.00912137,-0.009201076,-0.009174135,-0.009067681,-0.009087797,-0.009019729,-0.009185206,-0.009239014,-0.00922003,-0.009090062,-0.009193864,-0.009220477,-0.00917558,-0.009155538,-0.009190541,-0.009142246,-0.009209763,-0.009265613
2015-12-03,-0.0069807433,-0.006936785,-0.006924223,-0.007060092,-0.0069566034,-0.0068660043,-0.006885033,-0.006801363,-0.006976437,-0.0070631616,-0.007017236,-0.006872397,-0.006998416,-0.0070114546,-0.0070745163,-0.0069515817,-0.0068691634,-0.0069782846,-0.0070393346,-0.0070392154
2015-12-04,-0.006956931,-0.006977003,-0.0069247596,-0.007009592,-0.006933864,-0.0068345927,-0.006870281,-0.00677241,-0.0070440285,-0.0070331655,-0.0069983862,-0.0068561547,-0.0070103817,-0.006994527,-0.0069279484,-0.00693224,-0.007005807,-0.006947886,-0.007006865,-0.0070625357
2015-12-07,-0.005890291,-0.005895432,-0.0058730207,-0.0059334897,-0.005915668,-0.005779814,-0.005945917,-0.0057165734,-0.0059107356,-0.00596435,-0.0059426688,-0.005793851,-0.005911451,-0.0059188716,-0.005860593,-0.005865749,-0.005923357,-0.0058875047,-0.0059256367,-0.005937975
2015-12-08,-0.005660098,-0.0057659857,-0.005762499,-0.0058033727,-0.0057393424,-0.0056367926,-0.005781736,-0.0055888854,-0.005759474,-0.005836826,-0.0057916455,-0.0056696944,-0.00580379,-0.005786922,-0.005735602,-0.0057261996,-0.0057912134,-0.0057828836,-0.0058258437,-0.0057851486
2015-12-09,-0.008505803,-0.00852121,-0.008474689,-0.008538555,-0.008433219,-0.0083667,-0.008407172,-0.008321252,-0.00852498,-0.008565139,-0.00851519,-0.008394327,-0.008549999,-0.008523505,-0.0084830485,-0.008460399,-0.008375701,-0.008522388,-0.008525815,-0.008517142
2015-12-10,-0.00407457,-0.004054632,-0.004051294,-0.004127275,-0.0040726177,-0.003964644,-0.0040762983,-0.003892224,-0.004087668,-0.004137244,-0.004090678,-0.003968116,-0.004106518,-0.0041047595,-0.004114371,-0.003990572,-0.0040008686,-0.004109677,-0.0040958636,-0.0041754656
2015-12-11,-0.006839659,-0.006878089,-0.006932866,-0.0069846027,-0.00694431,-0.006861683,-0.006858062,-0.0067981146,-0.006974023,-0.0070428215,-0.0069960617,-0.0068491213,-0.0070054047,-0.007006403,-0.0069879107,-0.0069329254,-0.006858509,-0.006964054,-0.0069198124,-0.007137891
2015-12-14,-0.0050732456,-0.00508314,-0.0050442033,-0.005105745,-0.005059611,-0.0049883537,-0.004964348,-0.0049461685,-0.0050690286,-0.005127188,-0.005084332,-0.004947882,-0.0051010363,-0.0051024966,-0.0050810985,-0.005030971,-0.004993405,-0.0050694607,-0.00499269,-0.005238097
2015-12-15,-0.0069727115,-0.0069063567,-0.006948229,-0.006994661,-0.0069850646,-0.006890293,-0.006855678,-0.0068305694,-0.006971892,-0.007055234,-0.006989371,-0.0068571977,-0.007002648,-0.007006433,-0.0069645904,-0.006932985,-0.006921049,-0.0069846176,-0.006984707,-0.0071225427
2015-12-16,-0.0037508567,-0.0036793908,-0.0037292948,-0.0037648042,-0.003727298,-0.0036546846,-0.0036468168,-0.0036101898,-0.0037534048,-0.0038228442,-0.0037699004,-0.0036244353,-0.0037734022,-0.0037763377,-0.0037238111,-0.0037113836,-0.0036765,-0.0037516912,-0.0037697216,-0.0038140377
2015-12-17,-0.0064313672,-0.00633293,-0.0064253025,-0.006457355,-0.0064144395,-0.006374266,-0.0062920414,-0.0062651895,-0.0064473264,-0.006500747,-0.006452482,-0.0063017122,-0.0064686798,-0.006470572,-0.0064423494,-0.0063919537,-0.006361004,-0.006461125,-0.006487157,-0.0064139627
2015-12-18,-0.0056503676,-0.005545955,-0.0056333505,-0.005639162,-0.005656462,-0.0055893324,-0.005613055,-0.0054898076,-0.0056688003,-0.0057174377,-0.0056490265,-0.005537268,-0.0057305954,-0.0056752525,-0.0056275837,-0.005606275,-0.005522456,-0.0056663416,-0.005711522,-0.005755957
2015-12-21,-0.007063132,-0.0069604926,-0.0070523284,-0.007092621,-0.007017281,-0.0069976263,-0.006927591,-0.0068667643,-0.0070853643,-0.007119205,-0.007066857,-0.00692847,-0.007106956,-0.00708976,-0.007139098,-0.0070183687,-0.0069736503,-0.007060703,-0.0070741437,-0.007090237
2015-12-22,-0.006976556,-0.0068919025,-0.006967809,-0.007013958,-0.0069339536,-0.0069101863,-0.006853085,-0.0067801736,-0.0069808625,-0.0070487075,-0.006995555,-0.006838884,-0.007005494,-0.007004481,-0.0070321225,-0.0069330297,-0.0068824105,-0.0069661103,-0.006968256,-0.0070435666
2015-12-23,-0.008676451,-0.00858226,-0.008667763,-0.0086844675,-0.008645695,-0.008603614,-0.008566242,-0.008490007,-0.008683156,-0.00873838,-0.008689564,-0.00853565,-0.008709323,-0.008705717,-0.008733984,-0.00863057,-0.008568373,-0.00869308,-0.008687612,-0.008691188
2015-12-24,-0.0069741867,-0.006889086,-0.0069608204,-0.0069736503,-0.0069565587,-0.0068941377,-0.006851461,-0.0067816637,-0.0069838427,-0.0070391856,-0.00700387,-0.0068318956,-0.00700916,-0.0070096664,-0.0070319884,-0.006933015,-0.006848853,-0.0069784485,-0.006974306,-0.0069344305
2015-12-28,-0.007123973,-0.007058453,-0.007105019,-0.007167455,-0.0070735626,-0.0070631616,-0.0070727877,-0.006929692,-0.0071441643,-0.0072000884,-0.0071438663,-0.0069922023,-0.0071634017,-0.0071546994,-0.0071966164,-0.007085856,-0.007010203,-0.0071449094,-0.0071800016,-0.0071392916
2015-12-29,-0.0069733523,-0.006930139,-0.0069798343,-0.0070257597,-0.0069656037,-0.0069036894,-0.006902378,-0.006776225,-0.0069994293,-0.0070572756,-0.007002216,-0.0068425946,-0.007035803,-0.0069965087,-0.007030081,-0.0069695823,-0.006871756,-0.0070071183,-0.0070280544,-0.0069703124
2015-12-30,-0.006972354,-0.0069254003,-0.006975215,-0.0070274584,-0.0070092343,-0.006901663,-0.0068888776,-0.0068308823,-0.007037889,-0.007057827,-0.007000532,-0.0068412386,-0.007017117,-0.0069979243,-0.00701594,-0.006972205,-0.006870609,-0.006974291,-0.007013794,-0.00691491
2015-12-31,-0.0061921887,-0.0061536096,-0.0062161796,-0.0062273704,-0.0062520765,-0.0061294846,-0.00618672,-0.006012287,-0.0062406324,-0.006272685,-0.0062163733,-0.006072115,-0.0062719993,-0.006223079,-0.006187897,-0.0061871074,-0.0061012916,-0.00617167,-0.0062078647,-0.006183069
2016-01-04,-0.009897854,-0.0098156,-0.009911101,-0.009934988,-0.009940904,-0.009850603,-0.009804275,-0.009761836,-0.009985071,-0.009968918,-0.009918075,-0.009787779,-0.009963583,-0.009930458,-0.009905066,-0.009898122,-0.009810548,-0.009901162,-0.009864535,-0.009877961
2016-01-05,-0.00697146,-0.0069003366,-0.0069783144,-0.007018935,-0.0070351474,-0.006901931,-0.00687417,-0.0068590306,-0.0069974028,-0.0070536546,-0.0069955997,-0.0068756007,-0.007020261,-0.007002469,-0.007030051,-0.006983977,-0.006874215,-0.006979432,-0.0069922768,-0.006960299
2016-01-06,-0.009230103,-0.009151991,-0.009231489,-0.009266164,-0.00925329,-0.009169932,-0.009171959,-0.009135377,-0.0092645995,-0.009310599,-0.009260278,-0.009131204,-0.009277847,-0.009264033,-0.009297457,-0.009231459,-0.009122606,-0.009244066,-0.009259235,-0.009321239
2016-01-07,-0.006971713,-0.006896969,-0.006996926,-0.0070177875,-0.0069958232,-0.006914895,-0.006885495,-0.006781917,-0.0070004873,-0.00705057,-0.006992977,-0.0068635307,-0.0070138834,-0.00700913,-0.0070397817,-0.006977584,-0.0068721287,-0.006989401,-0.00699709,-0.007190194
2016-01-08,-0.009477582,-0.009440478,-0.009491455,-0.009532746,-0.009469744,-0.009414043,-0.009427782,-0.009299364,-0.009484734,-0.009556498,-0.009507131,-0.009368878,-0.009543698,-0.009506773,-0.009531658,-0.009487551,-0.009381738,-0.009504806,-0.009520691,-0.009525981
2016-01-11,-0.0071358047,-0.007085096,-0.0071882866,-0.0071943067,-0.007169243,-0.0070991926,-0.007032048,-0.0070039444,-0.007129561,-0.0072477274,-0.0071884505,-0.0070445053,-0.0071904473,-0.0072025172,-0.0072180294,-0.00717723,-0.0070753954,-0.007204633,-0.007186856,-0.0072772913
2016-01-12,-0.006970208,-0.0069526546,-0.006996598,-0.0070325546,-0.0070201717,-0.006912764,-0.006968286,-0.006780278,-0.0069422536,-0.0070640855,-0.0070031695,-0.006852161,-0.007030975,-0.0070055835,-0.007007044,-0.0069787465,-0.0068831705,-0.0069954805,-0.0070353113,-0.007145833
2016-01-13,-0.0069392584,-0.006930884,-0.006995406,-0.0070193224,-0.0070006214,-0.0069108717,-0.0069174133,-0.0067818277,-0.006986182,-0.0070549212,-0.0069974326,-0.00684407,-0.0070281886,-0.0070040934,-0.006979253,-0.006976988,-0.0068824254,-0.006999772,-0.0070123784,-0.0070565455
2016-01-14,-0.007400539,-0.0073925517,-0.007454764,-0.0074773394,-0.007484924,-0.007371243,-0.0073790364,-0.007250052,-0.0074423663,-0.007520791,-0.0074848942,-0.0073069595,-0.0074964277,-0.007464286,-0.007360216,-0.00743581,-0.0073365234,-0.00745387,-0.007480856,-0.0074750446
2016-01-15,-0.0069371574,-0.006954398,-0.0069876127,-0.0070215277,-0.0070196353,-0.006907996,-0.006955769,-0.006786149,-0.0069712214,-0.0070613734,-0.0070108734,-0.0068593733,-0.0070473216,-0.0070077144,-0.006894853,-0.0073945783,-0.0068647824,-0.006981846,-0.0070185773,-0.006977197
2016-01-19,-0.007428374,-0.0073694102,-0.0074339323,-0.007447537,-0.007439103,-0.007327061,-0.0073664896,-0.0072558634,-0.0074708574,-0.007493492,-0.0074316524,-0.007275488,-0.0074809603,-0.0074400716,-0.0073170476,-0.007455077,-0.00729179,-0.0074093305,-0.0074410997,-0.007438343
2016-01-20,-0.0069736056,-0.0069027357,-0.006988805,-0.006986197,-0.0070018284,-0.006887939,-0.0068715774,-0.0068094097,-0.006956663,-0.0070462786,-0.006999608,-0.0068272464,-0.0070102476,-0.007003065,-0.0068822615,-0.0075451694,-0.006861981,-0.007006746,-0.006961759,-0.006876733
2016-01-21,-0.006862756,-0.0068284236,-0.006870907,-0.0069061033,-0.006867405,-0.006777432,-0.0068533234,-0.006703075,-0.0068593435,-0.0069296323,-0.006884884,-0.006734859,-0.006930914,-0.0068844967,-0.0067866854,-0.0069107674,-0.006746065,-0.006879654,-0.006918844,-0.00679351
2016-01-22,-0.006972652,-0.0069380514,-0.0069918744,-0.007027369,-0.0069800876,-0.006893184,-0.006880667,-0.0068206005,-0.0070304237,-0.0070492886,-0.006997343,-0.0068406127,-0.0070043765,-0.0070030056,-0.006901037,-0.007056158,-0.006871145,-0.007005524,-0.0069757216,-0.0068789534
2016-01-25,-0.0082953535,-0.008314561,-0.008338567,-0.008356433,-0.008329447,-0.008242857,-0.0082478635,-0.008154359,-0.008359116,-0.008387011,-0.008349072,-0.00819869,-0.008364942,-0.008355316,-0.008269932,-0.008327123,-0.0082148425,-0.008381154,-0.008361485,-0.00838634
2016-01-26,-0.0069850646,-0.0069695227,-0.006986823,-0.0070381872,-0.006988477,-0.0068970434,-0.006888207,-0.006844159,-0.0069977753,-0.0070516877,-0.007006135,-0.0068451725,-0.007040348,-0.0070003085,-0.0068961345,-0.0070240907,-0.006858494,-0.006942015,-0.007072713,-0.0070330165
2016-01-27,-0.0023491045,-0.002298217,-0.0023346355,-0.002412792,-0.002351891,-0.0022561362,-0.0022621264,-0.0021505167,-0.0023734977,-0.0024322679,-0.0023751368,-0.0021939238,-0.0023933758,-0.0023608168,-0.0022589227,-0.002294447,-0.0022119244,-0.002314817,-0.0023407151,-0.0023439338
2016-01-28,-0.0051849596,-0.0051222853,-0.0051652603,-0.005224686,-0.0051700436,-0.005092185,-0.005101215,-0.005009871,-0.005193647,-0.005250197,-0.0051885955,-0.00501905,-0.005230587,-0.0051845424,-0.0051021837,-0.0051127486,-0.0050532185,-0.005126234,-0.0051872544,-0.0051594637
2016-01-29,-0.009122368,-0.0090921335,-0.009095769,-0.00915597,-0.009110194,-0.009047028,-0.0090218,-0.008956414,-0.0090871565,-0.009190004,-0.009127807,-0.008987334,-0.009156372,-0.009126436,-0.009065699,-0.009051096,-0.00902101,-0.0091310255,-0.009114128,-0.009058859
2016-02-01,-0.007964324,-0.007880848,-0.00795975,-0.008001085,-0.0079722665,-0.007883813,-0.007897224,-0.007792484,-0.008040767,-0.008015227,-0.007962849,-0.007845607,-0.008005511,-0.0079620145,-0.007896613,-0.007869791,-0.007839467,-0.007943671,-0.007967632,-0.007842254
2016-02-02,-0.00697745,-0.0069128685,-0.0069852285,-0.0070067756,-0.0069873147,-0.006917935,-0.0069424026,-0.006788131,-0.0071067624,-0.0070437156,-0.0069882832,-0.0068573467,-0.0070354454,-0.006985735,-0.0070120506,-0.0069009177,-0.0068652593,-0.0069559477,-0.0070049725,-0.006939035
2016-02-03,-0.006977048,-0.006910395,-0.006983664,-0.0070015006,-0.006968152,-0.006907981,-0.006954398,-0.0068005435,-0.007240724,-0.0070437305,-0.007000711,-0.0068612956,-0.007051196,-0.006983336,-0.006923195,-0.006900724,-0.0068511926,-0.006956976,-0.007057246,-0.0068121813
2016-02-04,-0.006947499,-0.0069210045,-0.0069742016,-0.0070387237,-0.0069733225,-0.006904926,-0.0069062226,-0.0068067126,-0.007100668,-0.0070403777,-0.007006254,-0.006867554,-0.007045727,-0.006980207,-0.006897267,-0.0069006644,-0.0068614893,-0.006949883,-0.0070880763,-0.0069567077
2016-02-05,-0.006934162,-0.00689305,-0.006982561,-0.007017594,-0.0069541596,-0.0069045536,-0.0069129877,-0.0067970864,-0.007025715,-0.007055711,-0.0070048682,-0.0068787746,-0.0070476346,-0.0069901757,-0.0068882667,-0.0069005303,-0.0068495087,-0.0069142096,-0.00704455,-0.006851997
2016-02-08,-0.0073785298,-0.007317867,-0.0074243657,-0.0074212067,-0.0073858313,-0.0073165707,-0.007338997,-0.0072959773,-0.007457968,-0.00747044,-0.007432144,-0.007311266,-0.007452946,-0.007410165,-0.0073205046,-0.0073238276,-0.007284101,-0.0073446,-0.0074412636,-0.00734831
2016-02-09,-0.006992381,-0.006920468,-0.006991517,-0.006967794,-0.0069555007,-0.006880101,-0.006999057,-0.0068058334,-0.007038366,-0.007040944,-0.0069929324,-0.0068482123,-0.007017698,-0.006955724,-0.0069041215,-0.006896388,-0.0068391524,-0.0069369785,-0.0070370995,-0.006889563
2016-02-10,-0.006974768,-0.0069261156,-0.007008072,-0.0069685243,-0.006982427,-0.006874468,-0.006916087,-0.006809693,-0.00703704,-0.0070472024,-0.0070012026,-0.006862577,-0.007081326,-0.006986093,-0.0068860464,-0.006768521,-0.006836083,-0.0069460087,-0.007059764,-0.006946679
2016-02-11,-0.0069754384,-0.006891411,-0.0069829635,-0.0069886856,-0.0069877915,-0.0068874024,-0.006861802,-0.006781291,-0.0069575123,-0.0070538633,-0.007014569,-0.006869983,-0.0070491694,-0.0069822036,-0.006876733,-0.0067791156,-0.0068454556,-0.006955158,-0.007019993,-0.0069469325
2016-02-12,-0.0050386004,-0.0049411766,-0.0050682835,-0.0050322227,-0.0050211363,-0.0049504302,-0.00498889,-0.0048327707,-0.0050470345,-0.0051080845,-0.005072158,-0.004943412,-0.0051216446,-0.0050519668,-0.0049387626,-0.0048824362,-0.0049140714,-0.0050197653,-0.0050975196,-0.0050168596
2016-02-16,-0.0053866766,-0.005295139,-0.005409967,-0.0053523295,-0.005359005,-0.0052867495,-0.005368557,-0.0051853023,-0.0054129474,-0.0054435246,-0.005410116,-0.0052546524,-0.005478587,-0.005401846,-0.0052868985,-0.0052142106,-0.005262967,-0.0053629987,-0.005418282,-0.005361315
2016-02-17,-0.0070108734,-0.0068790875,-0.0069912635,-0.0069867186,-0.006906163,-0.006884631,-0.0068910383,-0.007207375,-0.0070241205,-0.007036593,-0.0070217066,-0.006839942,-0.007063385,-0.0069973283,-0.0068763457,-0.0067834966,-0.006829601,-0.006956514,-0.007015925,-0.0069302283
2016-02-18,-0.0069781207,-0.0068569593,-0.0070166104,-0.006989654,-0.006909322,-0.0068791024,-0.0068343394,-0.0068050288,-0.0069249533,-0.007053163,-0.0070069395,-0.0068433993,-0.007019814,-0.0070077293,-0.006879743,-0.0068433993,-0.0068357997,-0.0069574825,-0.006987702,-0.006950166
2016-02-19,-0.006994065,-0.006867882,-0.007012736,-0.0069858246,-0.0069012307,-0.0068798475,-0.0068653934,-0.0068164133,-0.0069691204,-0.007056486,-0.0070215426,-0.0068573765,-0.0070619397,-0.0070203356,-0.0068902485,-0.0068283044,-0.006849777,-0.006949108,-0.0069749467,-0.0069719814
2016-02-22,-0.009462561,-0.009359684,-0.009461816,-0.009482797,-0.009445038,-0.009386774,-0.009348553,-0.009305295,-0.009437736,-0.009530526,-0.009497728,-0.009351071,-0.009521361,-0.00949375,-0.009395894,-0.0092754625,-0.009326007,-0.009472188,-0.009490501,-0.0094224475
2016-02-23,-0.0069662444,-0.0068821125,-0.0069683604,-0.0069917403,-0.006971862,-0.0068889074,-0.006878283,-0.0068332963,-0.007008817,-0.0070639215,-0.00699706,-0.006857764,-0.007009577,-0.006980326,-0.006884616,-0.0067730956,-0.006823968,-0.0069491975,-0.007010352,-0.006948393
2016-02-24,-0.006335955,-0.0062323026,-0.0063437633,-0.0063642226,-0.006306242,-0.0062366985,-0.0062448047,-0.006150719,-0.00633144,-0.006418448,-0.0063723437,-0.0062244497,-0.006383341,-0.0063371323,-0.006228458,-0.0061426423,-0.00616863,-0.0063092373,-0.006371405,-0.0063171797
2016-02-25,-0.006967347,-0.0068500154,-0.00697216,-0.0069799386,-0.0069038384,-0.006856736,-0.006858211,-0.0067850016,-0.006949302,-0.0070401393,-0.0069925003,-0.006847333,-0.0069983266,-0.0069654398,-0.006900903,-0.006771829,-0.0067969225,-0.0069143586,-0.006966274,-0.00685763
2016-02-26,-0.0053002946,-0.0051773153,-0.005318504,-0.005301323,-0.0052327923,-0.0051830523,-0.005229708,-0.0051028393,-0.0053019933,-0.005370166,-0.005332064,-0.0051923804,-0.005349409,-0.0053087287,-0.0052668117,-0.0051132254,-0.0051269643,-0.0052676164,-0.0053547584,-0.0051657073
2016-02-29,-0.0069725923,-0.006852027,-0.0069113187,-0.0069786124,-0.0068800114,-0.0068714432,-0.0068265013,-0.0067649893,-0.006884318,-0.007036235,-0.006986063,-0.0068480037,-0.006990727,-0.0069699995,-0.0069864653,-0.0069119595,-0.0068498217,-0.006914597,-0.006949704,-0.006961476
2016-03-01,-0.006980043,-0.0068633966,-0.0070370995,-0.0069965683,-0.006930914,-0.0068827085,-0.0068130605,-0.006771352,-0.006886523,-0.007037591,-0.006986093,-0.006856885,-0.006977003,-0.0069796406,-0.0069895945,-0.0068195127,-0.0068561547,-0.006968107,-0.006940987,-0.0069545023
2016-03-02,-0.006975796,-0.0068544857,-0.0069149397,-0.00699025,-0.0068717264,-0.006879639,-0.006860044,-0.0067607425,-0.006955769,-0.007023733,-0.0069985203,-0.00686891,-0.006996613,-0.0069921724,-0.006962266,-0.0069052093,-0.006835025,-0.0069938116,-0.006979253,-0.0068282
2016-03-03,-0.0069763027,-0.0068548433,-0.0070766173,-0.007000651,-0.0069380067,-0.0068846755,-0.006810244,-0.0067607425,-0.0068840645,-0.0070216917,-0.0069794767,-0.0068628155,-0.006988775,-0.0069957636,-0.006884631,-0.006864663,-0.006846141,-0.0069955997,-0.0069650374,-0.006839853
2016-03-04,-0.006973665,-0.006851893,-0.0070302896,-0.007000398,-0.0069483332,-0.0068778954,-0.006814655,-0.006806668,-0.0069398694,-0.007021006,-0.0069948845,-0.006863456,-0.0069933794,-0.006984975,-0.0068843774,-0.006828811,-0.006839197,-0.007023301,-0.0069784634,-0.0068330728
2016-03-07,-0.004576158,-0.0045565628,-0.0046304874,-0.0046031736,-0.0045835786,-0.004500609,-0.004467111,-0.0043958984,-0.004571613,-0.0046267174,-0.004602831,-0.0044679455,-0.0046007447,-0.0045963787,-0.0045124255,-0.004436683,-0.004450869,-0.004654806,-0.004597988,-0.0045412146
2016-03-08,-0.006975349,-0.0069439523,-0.006951209,-0.0070143603,-0.00696915,-0.0069137327,-0.0067964457,-0.007623296,-0.006960761,-0.0070361607,-0.0070078634,-0.0068980865,-0.007028129,-0.0069955103,-0.006897744,-0.0069329105,-0.0068584643,-0.0070315115,-0.007024821,-0.006916132
2016-03-09,-0.010112416,-0.009961199,-0.010109674,-0.010152888,-0.010098588,-0.010018971,-0.009946879,-0.010427665,-0.010071691,-0.0102008395,-0.010125142,-0.0100387,-0.010127645,-0.010157909,-0.0099970065,-0.010091301,-0.009986352,-0.0101381205,-0.010103058,-0.0100564025
2016-03-10,-0.007924613,-0.0077761523,-0.00792649,-0.007952701,-0.007917445,-0.007846754,-0.007768985,-0.023288976,-0.007921737,-0.007991444,-0.007944148,-0.007873397,-0.008007478,-0.00798459,-0.00781117,-0.007915031,-0.0078104846,-0.007945355,-0.007905837,-0.007871669
2016-03-11,-0.006414529,-0.006245997,-0.00646938,-0.0064298324,-0.006364908,-0.0063267164,-0.006260898,-0.024471056,-0.0063652955,-0.0064725243,-0.0064351223,-0.0063256435,-0.006500747,-0.006484952,-0.006304171,-0.0064083897,-0.0063008033,-0.0064516626,-0.00640456,-0.006368872
2016-03-14,-0.0069796555,-0.0068506114,-0.00703476,-0.0069029294,-0.0068491213,-0.00689755,-0.006825816,-0.008199107,-0.0070287995,-0.007043835,-0.0069874637,-0.006886553,-0.006932687,-0.007047575,-0.00687417,-0.0069760345,-0.0068767034,-0.00704379,-0.0069690756,-0.0069365166
2016-03-15,-0.0069823377,-0.006817516,-0.007043924,-0.006963592,-0.0068887733,-0.0069107227,-0.006852459,-0.007538464,-0.0070265345,-0.0070349537,-0.007033553,-0.0068851225,-0.0069522373,-0.007042911,-0.0068812184,-0.0069546215,-0.006872844,-0.0070066713,-0.0069571994,-0.0069363527
2016-03-16,-0.00924487,-0.009080734,-0.009300005,-0.009283405,-0.009236019,-0.009154212,-0.009130564,-0.009426679,-0.009269159,-0.009296801,-0.00927588,-0.009169515,-0.009231936,-0.009282645,-0.009166148,-0.0092168115,-0.00916278,-0.009278949,-0.009233292,-0.009200361
2016-03-17,-0.0061687194,-0.0059884153,-0.0061932765,-0.006204929,-0.0061061047,-0.0060400777,-0.0060239993,-0.0062289797,-0.006185826,-0.0061902963,-0.006192919,-0.0060791187,-0.006157931,-0.0061712824,-0.006071266,-0.0061342977,-0.006036129,-0.006190311,-0.0061195754,-0.0061296634
2016-03-18,-0.007919442,-0.007869255,-0.007887971,-0.0079195015,-0.007844161,-0.007762518,-0.007763531,-0.0077653937,-0.0077836476,-0.007894885,-0.007865068,-0.0077597313,-0.0077986084,-0.007913049,-0.007807117,-0.0078680925,-0.007777434,-0.007901337,-0.007719379,-0.007866781
2016-03-21,-0.0074361376,-0.007387992,-0.007510584,-0.007456135,-0.007431682,-0.0073258393,-0.0073122047,-0.0073255263,-0.007388275,-0.00748175,-0.0074421875,-0.0073352866,-0.007385578,-0.007455703,-0.007363241,-0.0073885284,-0.007345315,-0.0074524693,-0.0073320977,-0.0073962323
2016-03-22,-0.0069974028,-0.006969791,-0.0070568584,-0.0070027076,-0.006966468,-0.0068895034,-0.00686438,-0.006815221,-0.0069187693,-0.0070300363,-0.006999206,-0.00687797,-0.0069424026,-0.0069832914,-0.006934818,-0.0069288127,-0.0068917535,-0.006999608,-0.006932657,-0.0069367103
2016-03-23,-0.007010918,-0.0068668537,-0.0070749633,-0.007013317,-0.0069389753,-0.0068956576,-0.006873708,-0.006799858,-0.0067699514,-0.0070272945,-0.0070137344,-0.0068817697,-0.0069917105,-0.0069814287,-0.007019054,-0.006928604,-0.006891396,-0.007002514,-0.0069538616,-0.006936442
2016-03-24,-0.01059873,-0.010443937,-0.010648828,-0.010606732,-0.010572057,-0.010501783,-0.010480609,-0.0104306005,-0.010445487,-0.01062521,-0.010624405,-0.010497224,-0.010610264,-0.010602709,-0.010609623,-0.010528084,-0.010501977,-0.010595556,-0.0105555765,-0.010538634
2016-03-28,-0.007021796,-0.006824281,-0.0070703886,-0.007014092,-0.0069599114,-0.0068821125,-0.006865289,-0.006868046,-0.0068640523,-0.007022422,-0.0070215724,-0.0068867914,-0.007001143,-0.007009741,-0.0069578253,-0.006928619,-0.006884914,-0.007003572,-0.006981354,-0.0069573633
2016-03-29,-0.007042449,-0.006824773,-0.0070529096,-0.006992113,-0.006939616,-0.0068599246,-0.0068626516,-0.0068211816,-0.0067984574,-0.007016178,-0.0070234947,-0.006901156,-0.0070303045,-0.006984886,-0.006936472,-0.0069286935,-0.0068524145,-0.006925728,-0.006794151,-0.00694127
2016-03-30,-0.007046204,-0.0068173073,-0.007055726,-0.0070105307,-0.00696316,-0.006884452,-0.0068578236,-0.006988328,-0.00687718,-0.0070102923,-0.0070289187,-0.0069060884,-0.0070496015,-0.0069891624,-0.006946247,-0.006928589,-0.0068996213,-0.007007476,-0.0067896806,-0.00693522
2016-03-31,-0.007030856,-0.006825488,-0.007073667,-0.0070228837,-0.0069383048,-0.006890442,-0.0068534277,-0.006810557,-0.0068023913,-0.0070216022,-0.0070153438,-0.006902229,-0.0070164464,-0.0069891475,-0.0069734715,-0.006928485,-0.0069058947,-0.0070028566,-0.0067899637,-0.0069365166
2016-04-01,-0.008985009,-0.008798372,-0.009029236,-0.009008255,-0.008953702,-0.008883443,-0.008853715,-0.008795287,-0.008795392,-0.00903308,-0.009000506,-0.008895483,-0.009042885,-0.008974697,-0.00895324,-0.008957621,-0.0088876,-0.009016778,-0.008777063,-0.008916032
2016-04-04,-0.0069876723,-0.006817084,-0.007047113,-0.007016238,-0.0069801323,-0.006883424,-0.006861087,-0.006839361,-0.0068079196,-0.007048499,-0.007014375,-0.006892156,-0.007020604,-0.0069900714,-0.0069756173,-0.006973665,-0.0068989657,-0.0070346855,-0.0067859106,-0.0069365017
2016-04-05,-0.0070214085,-0.006873902,-0.007054236,-0.0070249103,-0.0069695674,-0.0068910085,-0.0068399273,-0.006842684,-0.0069488846,-0.007046994,-0.0070122145,-0.0068872385,-0.0070004873,-0.0069897287,-0.0069748275,-0.006974917,-0.006916847,-0.007055592,-0.0067891143,-0.006936621
2016-04-06,-0.0052873157,-0.0051475875,-0.0053119324,-0.005275648,-0.005227547,-0.005149346,-0.0051160417,-0.0050589405,-0.005194705,-0.005293306,-0.0052662306,-0.0051513575,-0.00522561,-0.0052424483,-0.0052122585,-0.005226832,-0.00518338,-0.0052974783,-0.0050367825,-0.005193662
2016-04-07,-0.007012006,-0.006860163,-0.0070648305,-0.0070221685,-0.006967839,-0.006901022,-0.006828081,-0.0067997687,-0.0069277696,-0.007032048,-0.007008698,-0.006873574,-0.0069951676,-0.006985586,-0.0069401227,-0.0070004724,-0.00691643,-0.007050004,-0.0067854933,-0.0069354437
2016-04-08,-0.0070268475,-0.006897684,-0.00706866,-0.0070268624,-0.0069692694,-0.0069080703,-0.006820854,-0.006805893,-0.0069299005,-0.0070347153,-0.0070102178,-0.0068834685,-0.0069740377,-0.0069826357,-0.006944429,-0.0069908313,-0.006932836,-0.0070495866,-0.0067845993,-0.0069350563
2016-04-11,-0.0065563433,-0.006412681,-0.0065893494,-0.006553214,-0.0065035634,-0.006435927,-0.0063368045,-0.006341871,-0.0064657293,-0.006550517,-0.0065226816,-0.0064004324,-0.006417077,-0.006507378,-0.006504666,-0.0065074824,-0.0064530484,-0.006516125,-0.006306153,-0.0064527057
2016-04-12,-0.007039707,-0.006937932,-0.007068228,-0.007036712,-0.006978687,-0.006905701,-0.006839823,-0.006826978,-0.006936293,-0.007037904,-0.007009756,-0.00689454,-0.006958615,-0.006997835,-0.0069662444,-0.0069835745,-0.006935116,-0.0070320927,-0.006795522,-0.0069515966
2016-04-13,-0.010028552,-0.009878915,-0.01010045,-0.010045048,-0.009990867,-0.009932127,-0.0098785125,-0.009881269,-0.009978365,-0.010043453,-0.010052722,-0.0099151395,-0.009985071,-0.010018151,-0.009990748,-0.010014739,-0.009942662,-0.010026943,-0.009832423,-0.009957593
2016-04-14,-0.0070053153,-0.006827887,-0.0070964806,-0.0070157014,-0.006841164,-0.006896388,-0.00695936,-0.0068263523,-0.0069433115,-0.0070150755,-0.007034,-0.0068845414,-0.0070131384,-0.006993588,-0.00695708,-0.0069920383,-0.0069210343,-0.0070197396,-0.006786179,-0.0069345646
2016-04-15,-0.009756308,-0.009611141,-0.009869631,-0.009773891,-0.009714734,-0.009652894,-0.009619992,-0.009570491,-0.009687748,-0.009774681,-0.009771418,-0.009641763,-0.009758797,-0.009750005,-0.009703603,-0.009726655,-0.0096672885,-0.009772804,-0.00954039,-0.009674277
2016-04-18,-0.0048766546,-0.004703801,-0.0049620233,-0.0049027316,-0.0047156326,-0.0047632568,-0.0047360472,-0.0046851,-0.0048050247,-0.0049086176,-0.0048857145,-0.0047657005,-0.0048603527,-0.0048659705,-0.0048261248,-0.0048516504,-0.0047838204,-0.0049197488,-0.004654061,-0.0048068278
2016-04-19,-0.0070402734,-0.0068291835,-0.0071079396,-0.0070231073,-0.006979104,-0.0068925284,-0.006984841,-0.007777717,-0.006797027,-0.007030543,-0.007022094,-0.006909158,-0.006971266,-0.0070066564,-0.006954413,-0.0069765113,-0.006931331,-0.0070299916,-0.00677849,-0.006935235
2016-04-20,-0.0070512556,-0.0068571977,-0.0071120374,-0.0070466064,-0.006892871,-0.0069053285,-0.0069782548,-0.0071027987,-0.0068160407,-0.007050734,-0.0069984905,-0.0069166683,-0.006991174,-0.0070242546,-0.006957438,-0.006886538,-0.006959554,-0.007018175,-0.0067913346,-0.0069341473
2016-04-21,-0.007039007,-0.006823998,-0.0070936643,-0.0070256107,-0.0068547092,-0.006899383,-0.0069719367,-0.007172402,-0.0068436675,-0.0070475005,-0.007016849,-0.0069228522,-0.007035073,-0.007015791,-0.0069760047,-0.00692698,-0.0069293194,-0.0069997273,-0.006789755,-0.006934952
2016-04-22,-0.007031616,-0.006867554,-0.007078599,-0.007034328,-0.0068550073,-0.006910231,-0.006966632,-0.0071385466,-0.0068462603,-0.0070248656,-0.0070331506,-0.0069138817,-0.0070149116,-0.0070139132,-0.006952282,-0.006917011,-0.0069445185,-0.0070494525,-0.0067907386,-0.006936576
2016-04-25,-0.0070356242,-0.0069270544,-0.0070860945,-0.007033255,-0.006841492,-0.0069114678,-0.006961625,-0.007114064,-0.0068601184,-0.007038694,-0.00703473,-0.0069185607,-0.007007312,-0.0070217215,-0.006958168,-0.0069089644,-0.006947737,-0.0070697777,-0.0067861937,-0.0069351606
2016-04-26,-0.0070105754,-0.006825935,-0.007071819,-0.0070287697,-0.007008236,-0.006893199,-0.0068305694,-0.007005509,-0.0068158023,-0.0070143454,-0.007027503,-0.006904077,-0.007007461,-0.0070144944,-0.0069626383,-0.0069779567,-0.0069327615,-0.00705586,-0.0067706816,-0.006934654
2016-04-27,-0.009754207,-0.009569865,-0.009759393,-0.009744462,-0.009609725,-0.009642076,-0.009582382,-0.009552386,-0.009532776,-0.009731304,-0.009754237,-0.009633567,-0.009713631,-0.009721335,-0.009671342,-0.009698849,-0.009682503,-0.009767216,-0.009521481,-0.009659257
2016-04-28,-0.009132486,-0.009007018,-0.0091439,-0.009129699,-0.009120535,-0.008992013,-0.008985575,-0.009096723,-0.008927848,-0.009115215,-0.009130891,-0.009004589,-0.009071987,-0.009114932,-0.009097498,-0.0090870075,-0.009066399,-0.009142276,-0.009031158,-0.009045299
2016-04-29,-0.0070864074,-0.006856274,-0.0070585124,-0.0070343874,-0.007010516,-0.0069102608,-0.0068550073,-0.007700201,-0.0067973547,-0.0070223026,-0.007002469,-0.0068810396,-0.0069715343,-0.006999906,-0.0069881342,-0.006969746,-0.0069336854,-0.007035386,-0.0069164,-0.00693604
2016-05-02,-0.0073091798,-0.007237356,-0.007348072,-0.0073475353,-0.007292416,-0.007207524,-0.007133972,-0.007217806,-0.007259067,-0.0073118024,-0.007304605,-0.0071728043,-0.0072298907,-0.0073119216,-0.007246565,-0.0072730146,-0.0072353296,-0.0073333345,-0.007076096,-0.007229965
2016-05-03,-0.007087808,-0.0069104694,-0.0070729367,-0.007028442,-0.007031422,-0.006916683,-0.006819751,-0.0068414174,-0.0069350563,-0.0070010684,-0.007006537,-0.0068646483,-0.006932568,-0.0069884174,-0.006940659,-0.0069670193,-0.0069630556,-0.0070260875,-0.0067738257,-0.0069358908
2016-05-04,-0.00921848,-0.009031203,-0.0092068575,-0.009197827,-0.009184655,-0.009097453,-0.008988481,-0.009025823,-0.009102371,-0.009165492,-0.009181883,-0.009051096,-0.009104472,-0.0091601275,-0.009135883,-0.00913186,-0.009159949,-0.009185102,-0.008946907,-0.009090047
2016-05-05,-0.007035386,-0.006901752,-0.0070407204,-0.007026594,-0.0070022754,-0.0069087557,-0.006823685,-0.0069942586,-0.006839391,-0.0069795065,-0.0070219897,-0.006883871,-0.006974127,-0.006990712,-0.0069742016,-0.006960448,-0.006984126,-0.007014554,-0.0067717843,-0.0069351904
2016-05-06,-0.005740624,-0.0055260025,-0.005698856,-0.005709391,-0.005663406,-0.005588036,-0.0055266134,-0.005525481,-0.0054654144,-0.0056449585,-0.005690288,-0.005562898,-0.0056814663,-0.005667057,-0.0056003146,-0.0056294464,-0.005706575,-0.005652722,-0.005447503,-0.00560249
2016-05-09,-0.0070324503,-0.006881263,-0.007045787,-0.007037606,-0.0070027076,-0.006907787,-0.006894376,-0.0068625323,-0.006817531,-0.0069761537,-0.0070216767,-0.0069071464,-0.007009711,-0.0069938116,-0.006927233,-0.0069466643,-0.007141467,-0.007023748,-0.0067834966,-0.0069367103
2016-05-10,-0.00702348,-0.0069238506,-0.007035371,-0.007024687,-0.007011708,-0.006919857,-0.006891202,-0.0069841705,-0.0068112724,-0.0069715194,-0.007029351,-0.0069148056,-0.0070158057,-0.007007446,-0.006917339,-0.00693221,-0.0070847385,-0.0070159696,-0.0068212263,-0.006939631
2016-05-11,-0.0075266324,-0.007417705,-0.007546451,-0.0075306706,-0.007513594,-0.0074158125,-0.0074055307,-0.0076255463,-0.007327866,-0.0074668042,-0.0075263195,-0.0073953234,-0.007506486,-0.007503938,-0.007429745,-0.0074364804,-0.0077296905,-0.0075192414,-0.0073811077,-0.007432323
2016-05-12,-0.0070146285,-0.006904345,-0.0070174895,-0.0070346855,-0.0070226304,-0.0069237016,-0.006868925,-0.006888997,-0.0068064444,-0.006985422,-0.007023286,-0.006910648,-0.0070081167,-0.0070060603,-0.006943669,-0.006906491,-0.0070013218,-0.0070384704,-0.0068097673,-0.00693604
2016-05-13,-0.00698876,-0.006899964,-0.007068109,-0.0070301406,-0.006999474,-0.006904524,-0.0068460964,-0.022850614,-0.0068208836,-0.00698654,-0.007037487,-0.006901454,-0.006969463,-0.006985884,-0.0069428645,-0.006889414,-0.0069889687,-0.0070389174,-0.006771099,-0.00693528
2016-05-16,-0.007020574,-0.0068953894,-0.0070487224,-0.0070294403,-0.0070010833,-0.006914433,-0.0068471543,-0.0074742846,-0.006827917,-0.0070184283,-0.0070262663,-0.0069276355,-0.00698201,-0.006998714,-0.0069390647,-0.006896969,-0.0069951974,-0.0070387535,-0.0067807697,-0.006936934
2016-05-17,-0.00702342,-0.006890338,-0.0070328675,-0.0070283078,-0.0070084296,-0.006927248,-0.0068393312,-0.006894078,-0.0068495534,-0.0070104413,-0.0070150755,-0.0069003217,-0.0069389604,-0.0069974773,-0.006935712,-0.0068653934,-0.0069893114,-0.0070307367,-0.0067907237,-0.0069381557
2016-05-18,-0.007003721,-0.0069139265,-0.0070294403,-0.007032316,-0.007006716,-0.0069173686,-0.0068533234,-0.006884869,-0.006890144,-0.0070171617,-0.007017892,-0.0068967603,-0.0070037507,-0.007000815,-0.0069229417,-0.0069131516,-0.0069625042,-0.0070441477,-0.006772291,-0.006936144
2016-05-19,-0.0070484243,-0.0068813823,-0.0070719086,-0.0070384555,-0.007006135,-0.006933611,-0.0069352947,-0.02310529,-0.006855514,-0.0070129894,-0.0070141368,-0.00689679,-0.006973382,-0.0070016794,-0.006934833,-0.0068658404,-0.0069710426,-0.007032763,-0.006783154,-0.006934654
2016-05-20,-0.005399909,-0.0053117685,-0.0054261796,-0.0054368936,-0.0054023974,-0.0053020082,-0.005256247,-0.0058817677,-0.005193945,-0.0054106526,-0.0054132603,-0.0052863173,-0.0053616874,-0.005394291,-0.0053618513,-0.0052466206,-0.005374443,-0.0054274015,-0.0051833205,-0.0053354017
2016-05-23,-0.006869342,-0.0067460947,-0.0068929903,-0.0068828426,-0.006849956,-0.006759893,-0.0067326985,-0.0069510452,-0.006669607,-0.0068604164,-0.006865021,-0.006736558,-0.006831374,-0.006843265,-0.0067949705,-0.0067070983,-0.0068120323,-0.006860342,-0.0066383146,-0.0067827664
2016-05-24,-0.007081922,-0.006974872,-0.0070958696,-0.0070379637,-0.007012617,-0.006923016,-0.006917443,-0.007923435,-0.006779816,-0.007004466,-0.0070580207,-0.0068938993,-0.006962668,-0.00700536,-0.006895121,-0.006856259,-0.0069709383,-0.0070098303,-0.006794896,-0.006934624
2016-05-25,-0.008846756,-0.008826058,-0.008896481,-0.008880716,-0.008940365,-0.008815151,-0.0086946,-0.009096947,-0.008663129,-0.008853238,-0.008875307,-0.008740615,-0.008840408,-0.008833643,-0.00875869,-0.008757424,-0.008854013,-0.008851837,-0.008832034,-0.00878429
2016-05-26,-0.006991457,-0.0069445185,-0.007044699,-0.007020261,-0.007057365,-0.006939184,-0.0068555735,-0.0071396492,-0.0067923777,-0.0069614314,-0.007027816,-0.0068615936,-0.006863024,-0.0069827996,-0.006881889,-0.006789338,-0.0069286935,-0.006953936,-0.007076528,-0.006939333
2016-05-27,-0.0069731884,-0.0069009922,-0.00704607,-0.006987419,-0.006996941,-0.0069004856,-0.0068543814,-0.022843849,-0.006761428,-0.0069448315,-0.0070390515,-0.0068716668,-0.0068435036,-0.0069867484,-0.0069065504,-0.0067497306,-0.0069428794,-0.006997388,-0.0068015866,-0.0069365613
2016-05-31,-0.0070001744,-0.00687569,-0.007032048,-0.006986674,-0.0069815926,-0.006906148,-0.0068094246,-0.0075548254,-0.006761592,-0.0069478564,-0.0070202015,-0.0068713836,-0.0068623237,-0.0069918446,-0.006855946,-0.0067588054,-0.0069300346,-0.006976243,-0.006994348,-0.006935861
2016-06-01,-0.006976109,-0.0069894455,-0.0070423596,-0.0069961958,-0.0070392303,-0.0069061927,-0.006830763,-0.0073059164,-0.00690205,-0.0069400333,-0.007030096,-0.006869521,-0.0068221204,-0.006997671,-0.0069117956,-0.0067432933,-0.0069327466,-0.0069698803,-0.0068361275,-0.006934028
2016-06-02,-0.0069897585,-0.006971266,-0.007022973,-0.0070075355,-0.0069825016,-0.006877791,-0.0068240575,-0.0069289915,-0.006791871,-0.0069415085,-0.0070012473,-0.0068654977,-0.006843295,-0.0069879107,-0.0068587326,-0.006742563,-0.00692619,-0.006995853,-0.0068317167,-0.0069347583
2016-06-03,-0.0046984516,-0.0047156923,-0.0048462115,-0.0048344545,-0.004812088,-0.0048076175,-0.0046746843,-0.0050496273,-0.0045939796,-0.00478917,-0.00483213,-0.0047111474,-0.004718166,-0.0048271827,-0.004705053,-0.0046362393,-0.0047685914,-0.004829388,-0.0046211444,-0.004758697
2016-06-06,-0.005572494,-0.005589407,-0.005709093,-0.0056878887,-0.005671423,-0.005608123,-0.0055294,-0.005563628,-0.005468201,-0.0056510083,-0.005701404,-0.005563479,-0.0055667274,-0.005678769,-0.0055535845,-0.0054931156,-0.0056444965,-0.005692389,-0.0055252276,-0.0056235306
2016-06-07,-0.0069114678,-0.006909635,-0.00704154,-0.0070140027,-0.007030364,-0.00688399,-0.0068584494,-0.006822359,-0.006933149,-0.006964188,-0.00701588,-0.006885361,-0.0068620555,-0.0069992654,-0.006823864,-0.006850239,-0.0069841854,-0.0070190392,-0.006867271,-0.006935369
2016-06-08,-0.0046259724,-0.004668396,-0.004750829,-0.0047502927,-0.0047544353,-0.004612293,-0.0045876764,-0.0045529716,-0.0046867393,-0.0047063194,-0.0047650896,-0.0046123527,-0.004648816,-0.004742246,-0.004606705,-0.0045457,-0.004699465,-0.0047560744,-0.004581418,-0.004681822
2016-06-09,-0.007382419,-0.0074346177,-0.007473599,-0.0074889027,-0.0074994825,-0.007363435,-0.0073193274,-0.0073155873,-0.007409405,-0.007456135,-0.007492464,-0.007350009,-0.0074262284,-0.007474091,-0.007355269,-0.007301133,-0.007414516,-0.007495161,-0.007302206,-0.007414367
2016-06-10,-0.007033732,-0.0068968497,-0.007026192,-0.0070146136,-0.006977197,-0.0068969987,-0.006893348,-0.0069282018,-0.00677694,-0.0069391243,-0.007001292,-0.0068768524,-0.0069979094,-0.0070037358,-0.0068898015,-0.0067862235,-0.0069660507,-0.0070169084,-0.0067933314,-0.006935563
2016-06-13,-0.0063467138,-0.0063696913,-0.0064787976,-0.0065169446,-0.006479468,-0.006366607,-0.0064120404,-0.006257456,-0.006268751,-0.006434258,-0.0064790957,-0.0063515715,-0.0064567737,-0.0064637326,-0.0063613467,-0.006265875,-0.0064236633,-0.0064736716,-0.006281998,-0.0064088516
2016-06-14,-0.007043805,-0.006889101,-0.0070173405,-0.0070122294,-0.0070150904,-0.0068909787,-0.007113602,-0.0068394057,-0.0067978613,-0.0069624,-0.0069998167,-0.0068958066,-0.0069680624,-0.0070189945,-0.0068743043,-0.0068053715,-0.006982606,-0.006981235,-0.006812539,-0.0069347583
2016-06-15,-0.0077551715,-0.007755872,-0.007850047,-0.007888194,-0.007884007,-0.00775617,-0.00821453,-0.007702019,-0.007670041,-0.0078085624,-0.007858392,-0.0077606104,-0.007790845,-0.007890563,-0.0077337436,-0.007671889,-0.007867496,-0.007849511,-0.007694196,-0.00780518
2016-06-16,-0.006565403,-0.0065377466,-0.0065442137,-0.0065825395,-0.00648975,-0.006431084,-0.0066666566,-0.006397184,-0.006359052,-0.006497275,-0.006541785,-0.006425511,-0.0064655505,-0.0065745376,-0.006415438,-0.006363701,-0.0066841953,-0.006535437,-0.006422635,-0.006498765
2016-06-17,-0.0063175075,-0.0061367713,-0.0062330924,-0.0062804185,-0.0061976872,-0.0061610155,-0.006523233,-0.0060858093,-0.0060806386,-0.0062072985,-0.006248992,-0.006123271,-0.006146129,-0.00628167,-0.0061542653,-0.0060643815,-0.006455805,-0.0062181912,-0.0061022155,-0.0062065385
2016-06-20,-0.006002616,-0.005796682,-0.0058519207,-0.0059413426,-0.0058573447,-0.0058304183,-0.005868148,-0.0057661496,-0.005736243,-0.005879279,-0.005914893,-0.005779337,-0.0058223717,-0.005951997,-0.0058079325,-0.0057522766,-0.0059882067,-0.0058587156,-0.0059114955,-0.0058798306
2016-06-21,-0.00639851,-0.006322395,-0.006401267,-0.0064506046,-0.00639252,-0.0063395314,-0.0063463263,-0.0064676367,-0.006270271,-0.0063718967,-0.006433036,-0.0062597804,-0.0063509606,-0.006445732,-0.0063093267,-0.0062901787,-0.00645658,-0.0063986443,-0.006441649,-0.0063749067
2016-06-22,-0.006923329,-0.0069314353,-0.0069067143,-0.0070111714,-0.0069317184,-0.006890323,-0.0069754384,-0.006986048,-0.0067920946,-0.0069334917,-0.007006567,-0.006831225,-0.0069569163,-0.007011082,-0.006894853,-0.0068198554,-0.0070360415,-0.006966781,-0.0070082806,-0.006935384
2016-06-23,-0.008532476,-0.008355927,-0.008459043,-0.008539718,-0.0083924495,-0.008404877,-0.008410778,-0.008574378,-0.008369695,-0.008451816,-0.008512553,-0.008332711,-0.008446123,-0.0085239075,-0.008390423,-0.0083696805,-0.008466955,-0.008441459,-0.00850242,-0.008453753
2016-06-24,-0.0072555654,-0.0071353875,-0.007206451,-0.007247295,-0.007161673,-0.0071017705,-0.007102456,-0.0073821954,-0.0070663206,-0.007181477,-0.0072356425,-0.0070731454,-0.0071609877,-0.0072457455,-0.007125493,-0.0070359223,-0.0071682297,-0.0072103553,-0.0071743988,-0.0071835034
2016-06-27,-0.010722857,-0.010542329,-0.010612097,-0.01064698,-0.010577884,-0.010500904,-0.0104483925,-0.010450881,-0.010424104,-0.010583412,-0.010628816,-0.010473605,-0.010538723,-0.010633182,-0.010502379,-0.01044644,-0.010564294,-0.010577928,-0.010537785,-0.010584112
2016-06-28,-0.0069958232,-0.006813597,-0.006938543,-0.006981503,-0.006903764,-0.006848093,-0.00683197,-0.0068746023,-0.0067649,-0.006934192,-0.0069892965,-0.0068373494,-0.007017281,-0.0069951676,-0.006845262,-0.006785881,-0.006879639,-0.006917622,-0.0069197677,-0.006934833
2016-06-29,-0.0069935583,-0.006814029,-0.00692473,-0.0069835596,-0.0068934374,-0.0068213604,-0.00679281,-0.0068932585,-0.0067652874,-0.0069346093,-0.0069795363,-0.0068023168,-0.0069544576,-0.006996777,-0.0068409555,-0.006789308,-0.006845426,-0.006883245,-0.0068643354,-0.006934371
2016-06-30,-0.005373057,-0.005261045,-0.005311098,-0.005388718,-0.0052959137,-0.005220931,-0.0052222274,-0.005541291,-0.0051377676,-0.0053234957,-0.0053848885,-0.00522941,-0.0053057633,-0.0053949915,-0.005266037,-0.005174335,-0.0052593313,-0.005315747,-0.0052721016,-0.005324047
2016-07-01,-0.006984558,-0.006805759,-0.0069502853,-0.0069973134,-0.006898489,-0.006853994,-0.0067892335,-0.0069759153,-0.0067673437,-0.0069345646,-0.0069793724,-0.006825369,-0.006873619,-0.007000517,-0.0068662576,-0.00678749,-0.006875079,-0.0069574527,-0.006881293,-0.006934922
2016-07-05,-0.0075421445,-0.0073502325,-0.0074843876,-0.0075342767,-0.007482972,-0.007421579,-0.0073978566,-0.007585969,-0.0073432736,-0.0074881427,-0.007558938,-0.007387247,-0.007485803,-0.0075575374,-0.0074218027,-0.0073517375,-0.0074294917,-0.007514935,-0.007420998,-0.0074883364
2016-07-06,-0.0069766305,-0.006843116,-0.006941106,-0.006969642,-0.0068777464,-0.0068662874,-0.0068938695,-0.007013779,-0.006800439,-0.0069347136,-0.007002156,-0.0068020485,-0.006947886,-0.007000845,-0.0068495087,-0.0067886375,-0.006864678,-0.0069059394,-0.0068658106,-0.006934043
2016-07-07,-0.006905984,-0.006828081,-0.0069059394,-0.006955724,-0.0070282184,-0.0068650953,-0.0069157146,-0.0069637857,-0.006795611,-0.0069353096,-0.0069989525,-0.0068392716,-0.0069341026,-0.0070016347,-0.0068615787,-0.006794017,-0.006867986,-0.0069367103,-0.006981503,-0.0069355182
2016-07-08,-0.007953342,-0.007902052,-0.007941838,-0.00802527,-0.008077156,-0.007917743,-0.007937115,-0.008034911,-0.007866498,-0.007986005,-0.008055132,-0.007894125,-0.007981744,-0.008053552,-0.007913496,-0.007990357,-0.007887404,-0.007957425,-0.008036103,-0.007987391
2016-07-11,-0.005083572,-0.004924264,-0.0049871765,-0.00503492,-0.0050785355,-0.004941236,-0.0049288683,-0.005252581,-0.0050083958,-0.0050259195,-0.005101856,-0.0049314164,-0.0049409084,-0.0050910674,-0.004956659,-0.00502285,-0.004948344,-0.004993718,-0.0050396584,-0.0050267987
2016-07-12,-0.0069133453,-0.0067933016,-0.006900128,-0.0069494955,-0.006933909,-0.0068385266,-0.0068085752,-0.006884273,-0.006911423,-0.0069332086,-0.006989863,-0.006818559,-0.006850656,-0.0069902204,-0.006845277,-0.006890919,-0.0068434887,-0.00689156,-0.0069570355,-0.0069341473
2016-07-13,-0.006903764,-0.006885972,-0.0068781786,-0.0069647543,-0.007004749,-0.006860595,-0.00688773,-0.0070286803,-0.0069307648,-0.006934371,-0.00701889,-0.0068528317,-0.0069140755,-0.0069996677,-0.0068588816,-0.0069247,-0.006825011,-0.006918099,-0.006926369,-0.0069341026
2016-07-14,-0.0068926476,-0.00682595,-0.006848838,-0.006964188,-0.006954413,-0.006833758,-0.0068313293,-0.006805267,-0.0068076365,-0.0069335066,-0.0070048086,-0.0068305247,-0.0068941824,-0.0069961064,-0.0068625472,-0.0069235824,-0.0068640374,-0.00693601,-0.0069202,-0.0069337897
2016-07-15,-0.0069082193,-0.006818693,-0.006913971,-0.006963026,-0.0069329254,-0.006839525,-0.0068092607,-0.006883692,-0.006808635,-0.006933775,-0.0069921426,-0.0068242215,-0.0069461726,-0.00698651,-0.006843444,-0.0069230013,-0.0068788193,-0.006904673,-0.006923314,-0.006934788
2016-07-18,-0.0059632473,-0.005934652,-0.0059867613,-0.0060574673,-0.006066691,-0.0059277676,-0.0059114657,-0.0059386156,-0.005891051,-0.0060292445,-0.006086286,-0.005913671,-0.006041866,-0.0060778223,-0.005950596,-0.0059790276,-0.0059772097,-0.0060022436,-0.0060319863,-0.0060301684
2016-07-19,-0.0068857633,-0.0068325214,-0.0068108253,-0.006971922,-0.006970521,-0.0068281256,-0.0067902915,-0.006939035,-0.0068065487,-0.006933745,-0.006988477,-0.006819438,-0.0069868974,-0.0069841705,-0.0068652444,-0.0069243126,-0.006872993,-0.006878089,-0.006935235,-0.006934475
2016-07-20,-0.006914463,-0.0068252794,-0.00682893,-0.006970044,-0.0069829337,-0.0068199,-0.006810989,-0.006953504,-0.0068139695,-0.0069338195,-0.0069868676,-0.0068127774,-0.0068908297,-0.006986674,-0.006854411,-0.0069288574,-0.0068450384,-0.0068869554,-0.0069545023,-0.0069347434
2016-07-21,-0.0069140755,-0.0069356523,-0.0068205856,-0.006964918,-0.0069718324,-0.006836336,-0.0068106614,-0.0069111846,-0.006804671,-0.0069336556,-0.0069895796,-0.0068144016,-0.0069193654,-0.0069843046,-0.006840404,-0.006765943,-0.006874334,-0.0068549775,-0.0069406442,-0.0069345348
2016-07-22,-0.0056058876,-0.005551424,-0.0055098496,-0.005667772,-0.00568242,-0.0055252872,-0.0056375973,-0.005598899,-0.005541619,-0.0056167953,-0.0056685917,-0.0055123083,-0.005642917,-0.005676549,-0.0055605583,-0.005442243,-0.005589377,-0.0055620633,-0.005676206,-0.0056181215
2016-07-25,-0.006902095,-0.0068621,-0.00686894,-0.0069734715,-0.00698271,-0.006836977,-0.0069734566,-0.0069912933,-0.0068010055,-0.0069348626,-0.0069924407,-0.0068226717,-0.006941896,-0.0069891326,-0.0068584047,-0.0067682825,-0.0069160573,-0.006906491,-0.00697748,-0.0069366656
2016-07-26,-0.006993171,-0.006929066,-0.0068878494,-0.00697821,-0.0069273077,-0.0068296455,-0.006947797,-0.006854143,-0.006842058,-0.0069226287,-0.0069882534,-0.0068222694,-0.0069377683,-0.006992247,-0.00686438,-0.0067355447,-0.006897729,-0.0068898313,-0.0069880895,-0.006938275
2016-07-27,-0.00698198,-0.006901052,-0.0069026165,-0.0069867633,-0.006920781,-0.0068299286,-0.0069650523,-0.0069370978,-0.0068397336,-0.0069502853,-0.006994676,-0.0068346225,-0.006914895,-0.0069939755,-0.0068677627,-0.0067304038,-0.0068790875,-0.00686587,-0.006990578,-0.0069354735
2016-07-28,-0.0049962215,-0.0050849877,-0.0049698316,-0.0050397776,-0.005020406,-0.004893314,-0.005030688,-0.00495876,-0.004898336,-0.0050170682,-0.0050562285,-0.004901942,-0.005022552,-0.0050590746,-0.0049318336,-0.004780721,-0.0050637685,-0.0049502216,-0.0050167255,-0.0049977414
2016-07-29,-0.010034036,-0.009967726,-0.0098822825,-0.009996381,-0.009963553,-0.009886678,-0.009974446,-0.009907644,-0.0098866485,-0.009957116,-0.010003831,-0.00987136,-0.0099362545,-0.01000629,-0.009891536,-0.009745028,-0.009994771,-0.009933781,-0.009928908,-0.009937655
2016-08-01,-0.0068557225,-0.006854605,-0.0067337565,-0.006793376,-0.006794762,-0.006677892,-0.0067707263,-0.0068462156,-0.0067032836,-0.0067868195,-0.0068261735,-0.0066903345,-0.0067877285,-0.006817382,-0.0067278408,-0.006544601,-0.006751951,-0.0067490004,-0.0067688636,-0.0067656897
2016-08-02,-0.007006254,-0.0069986545,-0.006863188,-0.0069714,-0.0069080703,-0.0068451427,-0.0069347583,-0.0069938116,-0.00684407,-0.0069544576,-0.006988954,-0.006860357,-0.006899234,-0.0069947056,-0.0068979226,-0.006714698,-0.0068974756,-0.0068584047,-0.0069624744,-0.006935235
2016-08-03,-0.0070058964,-0.006958585,-0.006877806,-0.006975349,-0.0068891756,-0.006847691,-0.0069942884,-0.0069104247,-0.006847184,-0.0069496445,-0.0069861673,-0.006836083,-0.00688402,-0.006981652,-0.0068810694,-0.0067263506,-0.006888073,-0.0069482736,-0.006942462,-0.006934684
2016-08-04,-0.0069921724,-0.006896641,-0.006900307,-0.006972339,-0.006886687,-0.0068342797,-0.006944906,-0.0070131533,-0.0068603866,-0.006958794,-0.0069919936,-0.0068425797,-0.006895285,-0.006977033,-0.0068829767,-0.006732177,-0.006930601,-0.0068644695,-0.006960463,-0.0069343857
2016-08-05,-0.0069718473,-0.006948959,-0.006887179,-0.0069552176,-0.0069061927,-0.0068314634,-0.0069249235,-0.0069826506,-0.0069311224,-0.0069632344,-0.006978836,-0.0068519227,-0.006869983,-0.006977629,-0.00689983,-0.0067266487,-0.0068658106,-0.006897386,-0.006942194,-0.006934326
2016-08-08,-0.010214072,-0.010222893,-0.010096204,-0.01015554,-0.010161635,-0.010037538,-0.010182288,-0.010193642,-0.010130551,-0.010162588,-0.010188799,-0.010055687,-0.010089185,-0.010178518,-0.01010729,-0.0099415,-0.0101136975,-0.010123502,-0.010034721,-0.010132682
2016-08-09,-0.0069627278,-0.006952133,-0.0068621,-0.006955337,-0.0069237314,-0.0068160854,-0.006953951,-0.006855067,-0.006940108,-0.0069623403,-0.006990548,-0.0068463646,-0.0070079677,-0.006996643,-0.006872531,-0.0067311786,-0.0068847947,-0.0069175474,-0.0069500767,-0.006934773
2016-08-10,-0.0069894306,-0.0069710426,-0.0069422685,-0.006946411,-0.006957557,-0.006835293,-0.006944936,-0.0068389587,-0.0069434606,-0.006963413,-0.0069920383,-0.006881308,-0.007003408,-0.0070028864,-0.0068920963,-0.006743472,-0.0069044493,-0.006924432,-0.0069661103,-0.0069345646
2016-08-11,-0.0069722347,-0.0070836507,-0.006944936,-0.006953012,-0.006890755,-0.0068075918,-0.0069389753,-0.006981861,-0.0069445334,-0.0069621317,-0.0069773756,-0.0068494193,-0.0068906955,-0.006999191,-0.0068740807,-0.0067497008,-0.006905835,-0.006893646,-0.0069660507,-0.006935533
2016-08-12,-0.006966289,-0.006963294,-0.0068758093,-0.0069487654,-0.006892707,-0.006792661,-0.006941866,-0.006978955,-0.0069364123,-0.0069621317,-0.006981384,-0.0068379603,-0.0068793707,-0.0069879256,-0.0068779252,-0.006746035,-0.006835159,-0.006921362,-0.0069394223,-0.006937783
2016-08-15,-0.0069659464,-0.0069479607,-0.0069327466,-0.0069648735,-0.0068851523,-0.0068145953,-0.0069272034,-0.00697976,-0.006944176,-0.006962549,-0.0069968067,-0.006853979,-0.0069694035,-0.0069769733,-0.006868448,-0.006758895,-0.0068516694,-0.0069274716,-0.0069558136,-0.0069362633
2016-08-16,-0.0069689713,-0.0069771074,-0.0069407336,-0.0069650225,-0.006902542,-0.0068318807,-0.006871056,-0.006967034,-0.0069323294,-0.006962817,-0.0069978647,-0.0068640523,-0.0070098303,-0.0069947056,-0.0068876557,-0.006767478,-0.0068345927,-0.0069362186,-0.0069653653,-0.006938543
2016-08-17,-0.00824837,-0.008260038,-0.008188169,-0.0082582645,-0.008205336,-0.008130502,-0.008171033,-0.0082594715,-0.008214768,-0.008252677,-0.00829215,-0.008157726,-0.008292656,-0.008280318,-0.008190405,-0.008060094,-0.008142512,-0.008249264,-0.008247223,-0.008222919
2016-08-18,-0.0069603585,-0.006943714,-0.0069297813,-0.006960433,-0.0068979673,-0.0068462603,-0.0068957917,-0.006962966,-0.00679652,-0.0069622956,-0.0069950484,-0.0068491213,-0.0070020966,-0.0069864057,-0.006875675,-0.006765809,-0.0069212727,-0.006908994,-0.0069674663,-0.00693604
2016-08-19,-0.009371784,-0.009367552,-0.009364035,-0.009370279,-0.009336259,-0.009262409,-0.009297054,-0.009398606,-0.009359505,-0.009390008,-0.009423237,-0.0092753135,-0.009393778,-0.009407621,-0.009320375,-0.009198781,-0.009286251,-0.009317096,-0.009385463,-0.009361293
2016-08-22,-0.0072084926,-0.0072187297,-0.007191669,-0.007173907,-0.0071714036,-0.0070966594,-0.0071353577,-0.0072258674,-0.0071988218,-0.007227149,-0.007255312,-0.0071026497,-0.0072329305,-0.0072564892,-0.0071372353,-0.0071507357,-0.007133376,-0.0071242414,-0.0072267465,-0.0072023533
2016-08-23,-0.006962549,-0.006941106,-0.0069383495,-0.0069366656,-0.0069030337,-0.0068344437,-0.0068526976,-0.006959494,-0.0069325976,-0.0069707297,-0.006993424,-0.00684483,-0.0069846623,-0.007005539,-0.006887462,-0.0067863874,-0.006864723,-0.0068749003,-0.00696088,-0.006934833
2016-08-24,-0.005882468,-0.0058528297,-0.0058433227,-0.0058523975,-0.005800884,-0.0057756864,-0.005757343,-0.005725857,-0.005845275,-0.005874049,-0.0059125684,-0.005766522,-0.0058822446,-0.0059081577,-0.0058367513,-0.005696606,-0.0057785474,-0.005823534,-0.0058757477,-0.0058469735
2016-08-25,-0.0069522075,-0.0069410466,-0.0069329254,-0.006924998,-0.0068819337,-0.0068380497,-0.006873008,-0.0069669597,-0.0069365017,-0.0069707446,-0.00698803,-0.0068406723,-0.007001158,-0.006985616,-0.0069047473,-0.006787222,-0.0068610124,-0.0069321506,-0.006988939,-0.0069350563
2016-08-26,-0.008614149,-0.0086136125,-0.008605342,-0.008620184,-0.008581247,-0.008520182,-0.00853483,-0.008632179,-0.008612659,-0.008648183,-0.00866833,-0.008507531,-0.008670982,-0.008656662,-0.008546393,-0.008596223,-0.0085325055,-0.008570205,-0.00863592,-0.008608427
2016-08-29,-0.0065618865,-0.0065492354,-0.0065329634,-0.0065293126,-0.0065055303,-0.0064103715,-0.006536197,-0.0065721385,-0.006549623,-0.006579932,-0.006593939,-0.0064476244,-0.0065801404,-0.0066025816,-0.0065066926,-0.0063948743,-0.0064359866,-0.006517034,-0.0066081546,-0.006542515
2016-08-30,-0.0069531314,-0.0069428496,-0.006945636,-0.0069135837,-0.0068670027,-0.006827455,-0.0068516694,-0.0069600604,-0.0069390796,-0.0069711767,-0.0069787167,-0.006847944,-0.0069772117,-0.006999921,-0.0069496594,-0.006783273,-0.0068738274,-0.0069051944,-0.0069787614,-0.006934505
2016-08-31,-0.005528342,-0.0055793934,-0.005518522,-0.00551508,-0.0054702424,-0.0054179393,-0.00544649,-0.005529102,-0.005515363,-0.0055471472,-0.0055710934,-0.005423527,-0.005570244,-0.0055725984,-0.0054945312,-0.0053738765,-0.00548343,-0.005472135,-0.0055676214,-0.0055125766
2016-09-01,-0.0043940805,-0.004380595,-0.004394125,-0.0043102466,-0.004299652,-0.004219707,-0.0043410175,-0.004391413,-0.0043833666,-0.004412722,-0.0044294856,-0.004288655,-0.004436653,-0.0044346415,-0.0043958686,-0.0042616986,-0.004328739,-0.004386332,-0.004434835,-0.0043770187
2016-09-02,-0.0069597326,-0.006939944,-0.006953474,-0.0068641566,-0.0068714134,-0.0068040453,-0.006887775,-0.0069413595,-0.0069372915,-0.006972637,-0.0069734566,-0.00684106,-0.006985124,-0.006996181,-0.006907355,-0.0068131946,-0.006860893,-0.006942909,-0.0069883578,-0.0069353245
2016-09-06,-0.0069607906,-0.006940346,-0.006969046,-0.0069102906,-0.006881278,-0.006824877,-0.006895926,-0.006871473,-0.006937396,-0.007000681,-0.006976377,-0.0068599246,-0.00693227,-0.007000845,-0.0069131516,-0.0069641583,-0.006865304,-0.006948378,-0.0069858395,-0.0069356523
2016-09-07,-0.0069356523,-0.0069421493,-0.0069656484,-0.006856542,-0.006863799,-0.0068184994,-0.0068051927,-0.006938409,-0.0069382153,-0.0069841407,-0.00697368,-0.00683124,-0.0069336854,-0.006990578,-0.0068854652,-0.0069521926,-0.0068713985,-0.006946292,-0.0069549643,-0.006936576
2016-09-08,-0.0032168736,-0.0033513268,-0.0032921096,-0.0031869968,-0.0031618436,-0.0031594445,-0.0031503995,-0.003091823,-0.0032907834,-0.0033050885,-0.0032954772,-0.003131803,-0.0032594164,-0.0033115705,-0.0031748672,-0.0032884588,-0.0031766107,-0.0032284518,-0.0032633801,-0.0032620688
2016-09-09,-0.00681768,-0.0070297234,-0.0069386326,-0.0068772845,-0.0068623982,-0.0068359636,-0.0068433993,-0.006780278,-0.006988015,-0.006980609,-0.006964486,-0.006819647,-0.006933417,-0.006987449,-0.006862756,-0.006931957,-0.006887,-0.0068978034,-0.0069457106,-0.006935548
2016-09-12,-0.0069563948,-0.0070154928,-0.006938588,-0.00696839,-0.0069019906,-0.006837379,-0.006877642,-0.0067737214,-0.0069508664,-0.006984111,-0.0069564395,-0.006836932,-0.006933462,-0.0069962405,-0.0069066696,-0.0069721453,-0.0068926327,-0.006919589,-0.0069383495,-0.006935533
2016-09-13,-0.006894272,-0.0070021115,-0.006938558,-0.006957244,-0.0068837814,-0.0068580024,-0.0068185143,-0.006774064,-0.006927531,-0.00697447,-0.0069515966,-0.006830018,-0.006933775,-0.006996166,-0.006861996,-0.0069612972,-0.0068858676,-0.006929796,-0.0069362633,-0.006936025
2016-09-14,-0.0057216547,-0.0058353506,-0.005778592,-0.00581735,-0.0057218634,-0.0056953244,-0.005659353,-0.0056320094,-0.005770754,-0.005812224,-0.005790081,-0.005685758,-0.0057746284,-0.0058349334,-0.005699288,-0.005796429,-0.005704429,-0.005748939,-0.0057834797,-0.0057786517
2016-09-15,-0.005732175,-0.005760532,-0.0057441704,-0.005780246,-0.005667072,-0.005651798,-0.0056191497,-0.0055761747,-0.0057398193,-0.0057761334,-0.0057669245,-0.0056553744,-0.005735811,-0.0057999156,-0.0056802146,-0.0057648085,-0.0056755804,-0.0057472847,-0.0057449304,-0.0057399385
2016-09-16,-0.007291328,-0.007348042,-0.0072809123,-0.0073180906,-0.0072192512,-0.0072925203,-0.0071869157,-0.007115599,-0.0072772317,-0.007301431,-0.007308256,-0.0072096996,-0.0072737597,-0.0073400997,-0.007215213,-0.007289868,-0.007215511,-0.007331427,-0.0072878413,-0.00727595
2016-09-19,-0.0069370233,-0.0069732927,-0.006964799,-0.006968852,-0.0068780743,-0.00696012,-0.0068298243,-0.006770786,-0.0069249086,-0.0069601648,-0.0069513284,-0.006842952,-0.0069350116,-0.006990757,-0.006841164,-0.006934773,-0.0068581514,-0.006934013,-0.006968286,-0.0069384538
2016-09-20,-0.0069348924,-0.006934922,-0.006963756,-0.006933134,-0.00684784,-0.006961342,-0.006825339,-0.0067709647,-0.0069273673,-0.0069677345,-0.0069619827,-0.006835755,-0.006933626,-0.0069974624,-0.006851714,-0.006957289,-0.006853815,-0.0069537573,-0.006972339,-0.0069358908
2016-09-21,-0.0062558018,-0.0062891953,-0.0062737428,-0.0062786303,-0.0061904155,-0.0062587224,-0.0061415844,-0.0060903244,-0.0062553547,-0.0062861852,-0.0062853806,-0.006157007,-0.0062525235,-0.0063168816,-0.0061507784,-0.0062490366,-0.0061758123,-0.0062823854,-0.006266754,-0.006254088
2016-09-22,-0.009171169,-0.009215143,-0.009218063,-0.009197634,-0.009112027,-0.009233635,-0.009060156,-0.008993443,-0.00916272,-0.009186219,-0.009197753,-0.009076785,-0.0091619305,-0.009225514,-0.009092342,-0.009167116,-0.00909191,-0.00915679,-0.009187337,-0.00915752
2016-09-23,-0.009889539,-0.009873506,-0.009903278,-0.009898316,-0.009840723,-0.00993922,-0.009748232,-0.009707596,-0.009876918,-0.009900134,-0.009914439,-0.00978921,-0.009880867,-0.009936508,-0.00979824,-0.00987662,-0.009819891,-0.009856742,-0.009902593,-0.00986309
2016-09-26,-0.008248027,-0.008223262,-0.008259144,-0.008253735,-0.008158889,-0.008279871,-0.008097108,-0.0082623325,-0.008216839,-0.008273762,-0.008249801,-0.008134361,-0.008229088,-0.00827178,-0.008163687,-0.008217942,-0.00823715,-0.008242395,-0.008257922,-0.008211922
2016-09-27,-0.006967377,-0.006898042,-0.0069966726,-0.0069674365,-0.006894257,-0.007047411,-0.0068192,-0.0067845695,-0.0069442056,-0.0069795363,-0.0069761537,-0.006836038,-0.006954398,-0.006998908,-0.0068611465,-0.006945979,-0.0069013946,-0.006934028,-0.0069624446,-0.006941702
2016-09-28,-0.0069844387,-0.0069630407,-0.0069906525,-0.0069529824,-0.006847497,-0.0069342665,-0.0068006627,-0.006777551,-0.006960463,-0.006980952,-0.006976586,-0.0068287067,-0.0069605224,-0.0069944523,-0.006856423,-0.006934475,-0.006867554,-0.0068858974,-0.006981667,-0.0069383793
2016-09-29,-0.00785489,-0.007829454,-0.007845115,-0.007812213,-0.0077505074,-0.0077872984,-0.0076793246,-0.0076376908,-0.007823821,-0.007835638,-0.007821854,-0.007694911,-0.007841464,-0.00785337,-0.0077290945,-0.007799726,-0.0077570193,-0.0077829026,-0.007838469,-0.007835504
2016-09-30,-0.007900815,-0.007886376,-0.007894512,-0.007887553,-0.007793378,-0.007904377,-0.007738527,-0.0077010207,-0.007866662,-0.007902157,-0.007902976,-0.007765185,-0.007950958,-0.007908117,-0.0077860616,-0.007845353,-0.0078079514,-0.007874008,-0.007893782,-0.007931497
2016-10-03,-0.005642455,-0.0056265704,-0.0056570135,-0.005637046,-0.0055844598,-0.005699929,-0.00549775,-0.005430218,-0.0056139342,-0.0056213103,-0.005645763,-0.0055145435,-0.005608972,-0.0056636594,-0.005525168,-0.005616393,-0.0055188946,-0.0056330673,-0.005636435,-0.0056083314
2016-10-04,-0.006975677,-0.006957706,-0.0069974177,-0.0069998913,-0.006932419,-0.007218953,-0.0068020634,-0.0067759566,-0.0069678985,-0.0069556944,-0.0069908313,-0.0068523698,-0.0069561414,-0.007003408,-0.0068792664,-0.0068429224,-0.006875109,-0.0069430135,-0.0069787316,-0.006938394
2016-10-05,-0.0063036494,-0.0063029043,-0.006322231,-0.006316375,-0.0062457733,-0.0064289533,-0.006131824,-0.006106686,-0.0063016377,-0.0062974505,-0.0063238107,-0.0061695985,-0.006322127,-0.00632542,-0.0061991923,-0.0062670223,-0.006186839,-0.0062261336,-0.006311085,-0.0064812414
2016-10-06,-0.006966885,-0.0072359554,-0.0069874637,-0.006991323,-0.0068806373,-0.007026579,-0.0068136267,-0.0067780577,-0.0069549643,-0.0069654398,-0.006982874,-0.0068457834,-0.006950792,-0.0070045404,-0.0069214515,-0.006910201,-0.006856855,-0.0069166236,-0.0069728307,-0.006983366
2016-10-07,-0.006962817,-0.0073769353,-0.0069846176,-0.0069938265,-0.0068896376,-0.007028129,-0.0068320595,-0.0067778938,-0.0069528036,-0.006979104,-0.006978806,-0.006854441,-0.0069357716,-0.007007461,-0.006896328,-0.0069561116,-0.0068812035,-0.006936785,-0.006977152,-0.006940808
2016-10-10,-0.00697672,-0.007188063,-0.007013362,-0.0070022754,-0.006893944,-0.007047739,-0.0068106465,-0.0067717694,-0.0069798045,-0.006979104,-0.00698803,-0.0068575703,-0.006940391,-0.007005539,-0.0068836026,-0.0069030486,-0.00690512,-0.0069100074,-0.006985929,-0.00696617
2016-10-11,-0.006968286,-0.0071488135,-0.0069994144,-0.00700083,-0.0068994723,-0.0070186667,-0.006840151,-0.0067690276,-0.0069755875,-0.006978076,-0.006986957,-0.006864857,-0.0069484375,-0.0070050023,-0.006882008,-0.0068803094,-0.006878745,-0.0069101863,-0.0069820397,-0.0070182346
2016-10-12,-0.0069370978,-0.007138621,-0.0069941096,-0.0069855116,-0.006863307,-0.006930303,-0.006833937,-0.006762754,-0.006972801,-0.006971564,-0.0069817863,-0.0068596266,-0.006941762,-0.0069918446,-0.0068749003,-0.0069559626,-0.006848391,-0.006945785,-0.0069471262,-0.0069362335
2016-10-13,-0.006935861,-0.007190224,-0.0069716834,-0.006981384,-0.006888341,-0.0070075504,-0.00680783,-0.0068026595,-0.0069590323,-0.0069765113,-0.0069732033,-0.0068442635,-0.0069412403,-0.006980043,-0.0068729334,-0.00683346,-0.006892603,-0.0068869255,-0.006944772,-0.0069354586
2016-10-14,-0.009390514,-0.009591382,-0.009416845,-0.009421673,-0.009363931,-0.00943033,-0.009284761,-0.009237807,-0.009406935,-0.009414818,-0.009423923,-0.009304535,-0.0094218515,-0.009425487,-0.009356763,-0.009399172,-0.0093297325,-0.00933088,-0.009390708,-0.009422015
2016-10-17,-0.0055862777,-0.0056714676,-0.0056184344,-0.0056262873,-0.0055543296,-0.0056571923,-0.005458664,-0.0054096095,-0.0056150965,-0.0056176893,-0.005624052,-0.0054926686,-0.0056212954,-0.0056266002,-0.0055237673,-0.0055763386,-0.0055895112,-0.005529251,-0.0055882894,-0.005621817
2016-10-18,-0.0069357418,-0.0071058087,-0.0069632195,-0.0069845878,-0.006875869,-0.006994348,-0.0068058334,-0.0067754947,-0.006969001,-0.006959524,-0.00698049,-0.006844502,-0.0069737993,-0.006981265,-0.0069061182,-0.006939765,-0.006868761,-0.00688551,-0.00692546,-0.0069739334
2016-10-19,-0.0069505237,-0.007018756,-0.0069561265,-0.0069882534,-0.0068947487,-0.007005941,-0.0068662874,-0.006783556,-0.0070149265,-0.006961193,-0.006986525,-0.0068531595,-0.006971102,-0.0069899373,-0.006997641,-0.0069510154,-0.0069217645,-0.006895032,-0.006924268,-0.0069723837
2016-10-20,-0.006947484,-0.007027652,-0.0069583617,-0.006978061,-0.0068962835,-0.0070108585,-0.0068688653,-0.006782245,-0.007019531,-0.0069594495,-0.0069877617,-0.0068493,-0.006931212,-0.0069918446,-0.0070330314,-0.006981265,-0.0069099627,-0.0068740956,-0.0069274716,-0.0069481693
2016-10-21,-0.00694279,-0.0070827566,-0.006983634,-0.0069704913,-0.0069002174,-0.0070003234,-0.006831106,-0.0068011247,-0.007068094,-0.0069564544,-0.0069943033,-0.0068376474,-0.006930854,-0.0069913976,-0.00693975,-0.0069687925,-0.0069163702,-0.0068636946,-0.0069562905,-0.00694282
2016-10-24,-0.0069513433,-0.006988954,-0.0069813244,-0.0069599412,-0.006900009,-0.0069454573,-0.006828662,-0.0068014376,-0.0070513003,-0.00696462,-0.006998863,-0.0068347566,-0.0069306605,-0.0069951676,-0.00695331,-0.0069726966,-0.0068843327,-0.0068575703,-0.006963279,-0.0069408976
2016-10-25,-0.006943237,-0.0069616996,-0.0069832914,-0.006971266,-0.006898757,-0.006996747,-0.0068360977,-0.0067918412,-0.0071349405,-0.0069737695,-0.0069914125,-0.0068489723,-0.0069327466,-0.0069671534,-0.006933164,-0.0069698654,-0.0069006197,-0.0068530254,-0.0068887137,-0.006944921
2016-10-26,-0.007281106,-0.0076113753,-0.0072921775,-0.007309433,-0.0072224997,-0.0073367767,-0.0071631633,-0.0071667843,-0.007327061,-0.00730538,-0.0073145144,-0.007184323,-0.00726391,-0.0073077492,-0.007268559,-0.0072721504,-0.0072252266,-0.007189151,-0.0072346292,-0.007257309
2016-10-27,-0.0070205145,-0.007354405,-0.0070488267,-0.007051956,-0.006985184,-0.0072597377,-0.0068798326,-0.007141199,-0.007067602,-0.0070729814,-0.00705589,-0.0069330446,-0.007000219,-0.0070557855,-0.0069785975,-0.00701892,-0.006967049,-0.006933134,-0.0069735907,-0.0070058666
2016-10-28,-0.0069401674,-0.007013943,-0.006995078,-0.0070010833,-0.006952461,-0.0070856176,-0.006831672,-0.0071732067,-0.0070031844,-0.0070110373,-0.0069950335,-0.0068679564,-0.006934684,-0.0069894753,-0.0069493614,-0.0069508664,-0.006903138,-0.0068828724,-0.0068430863,-0.0069255047
2016-10-31,-0.006963428,-0.0070989095,-0.0069826953,-0.0069915615,-0.0069354735,-0.0072244965,-0.0068303756,-0.0069336854,-0.0070092194,-0.0069930516,-0.0070089214,-0.0068655573,-0.0069390945,-0.0069841556,-0.0069151036,-0.0069369785,-0.0068877153,-0.006888639,-0.0068727694,-0.0069259666
2016-11-01,-0.0069479905,-0.007045787,-0.007016223,-0.006974768,-0.0069063418,-0.00703929,-0.006847527,-0.0070408545,-0.0070334785,-0.0069927387,-0.007007297,-0.0068661235,-0.006937962,-0.006990012,-0.0069264285,-0.006933417,-0.0068855397,-0.0068947636,-0.0069785975,-0.0069238953
2016-11-02,-0.009375747,-0.009896766,-0.00955556,-0.009468254,-0.009434175,-0.00956234,-0.009364229,-0.010540869,-0.009528678,-0.009526413,-0.009481784,-0.009387877,-0.009425443,-0.009482797,-0.009404387,-0.0094210915,-0.009421062,-0.009401109,-0.0094545,-0.009416398
2016-11-03,-0.006854739,-0.006998878,-0.0069999658,-0.0069452636,-0.0069037937,-0.0070431195,-0.0068366043,-0.006882753,-0.0069858246,-0.006982755,-0.0069856457,-0.0068409108,-0.0068603866,-0.0069808923,-0.0069027357,-0.0069329105,-0.006930705,-0.0069104247,-0.0069202147,-0.006924074
2016-11-04,-0.009354603,-0.009422731,-0.00949071,-0.009454843,-0.009494003,-0.009542119,-0.0093249045,-0.009934481,-0.009467926,-0.009510618,-0.009469476,-0.009354856,-0.009369012,-0.009461042,-0.009384658,-0.009408947,-0.009387296,-0.009377431,-0.009353291,-0.009406742
2016-11-07,-0.007408973,-0.007856574,-0.0075624697,-0.007503595,-0.0075088255,-0.00756843,-0.0073627643,-0.0075487606,-0.007506635,-0.007533949,-0.007520821,-0.007418912,-0.007426601,-0.0075210594,-0.007436719,-0.007464107,-0.00745612,-0.0074937902,-0.0074856244,-0.007495042
2016-11-08,-0.006866928,-0.007196527,-0.007031914,-0.006949704,-0.006964039,-0.006918084,-0.006823506,-0.0069231205,-0.0069831572,-0.007005479,-0.0069854073,-0.0068698637,-0.006888073,-0.006982606,-0.0069078617,-0.006932851,-0.0068718605,-0.00693075,-0.006953504,-0.0069223754
2016-11-09,-0.006965559,-0.0069379024,-0.0070408247,-0.0069588833,-0.0070162974,-0.007012125,-0.006849956,-0.0069934838,-0.00693297,-0.0070207976,-0.0069845133,-0.0068708174,-0.0069745593,-0.0069835745,-0.006926324,-0.0069328956,-0.0068707876,-0.0069065057,-0.0069531314,-0.0067786984
2016-11-10,-0.0068135075,-0.0069243126,-0.0070175193,-0.0069826506,-0.0069777034,-0.007004421,-0.006832879,-0.006881889,-0.0070212446,-0.0069772713,-0.0069906823,-0.0068733357,-0.0070277415,-0.0069838427,-0.0069186203,-0.006932836,-0.0068774484,-0.0068985336,-0.0069463663,-0.006932866
2016-11-11,-0.006812658,-0.0071010254,-0.00702947,-0.007004466,-0.006984692,-0.007021051,-0.006831255,-0.0068557374,-0.006945368,-0.0069847964,-0.006983068,-0.006878536,-0.0070114844,-0.0069582276,-0.0069460385,-0.006932657,-0.0068853907,-0.0069575273,-0.006972771,-0.0069309734
2016-11-14,-0.0068153404,-0.0070221834,-0.0069836937,-0.0069859587,-0.0069627576,-0.0069843195,-0.0068315677,-0.0068538897,-0.006905686,-0.0069663934,-0.0069703124,-0.006858822,-0.0069398694,-0.0069389306,-0.0069002025,-0.0069174133,-0.006856825,-0.006909799,-0.0069154166,-0.0069110505
2016-11-15,-0.0033008715,-0.0035327931,-0.0034851541,-0.0034742912,-0.0034394374,-0.0034714004,-0.0033072492,-0.0033237746,-0.0034654548,-0.0034596284,-0.0034688672,-0.003324013,-0.0034742018,-0.0034277996,-0.003411766,-0.0034101268,-0.003344055,-0.0033788492,-0.0033668687,-0.0034227183
2016-11-16,-0.006865125,-0.007004928,-0.0069808476,-0.0069998316,-0.0069600306,-0.006843444,-0.006833043,-0.006821599,-0.006959524,-0.0069867484,-0.0069907866,-0.0068747215,-0.0069380067,-0.006950911,-0.006923344,-0.0069327615,-0.0068932734,-0.006926056,-0.007253032,-0.006925922
2016-11-17,-0.0068601035,-0.0070661567,-0.0070445947,-0.0070001595,-0.0069861375,-0.0068216436,-0.0068516843,-0.007221218,-0.006975826,-0.007002797,-0.006989997,-0.0068699233,-0.0069858544,-0.006957259,-0.006977346,-0.0069327615,-0.0068967007,-0.006926831,-0.0070402585,-0.0069265477
2016-11-18,-0.0064879768,-0.0066969357,-0.006681662,-0.0066681616,-0.0065463297,-0.0064914636,-0.006491866,-0.006579485,-0.00666916,-0.006647121,-0.0066537373,-0.006532859,-0.0066454075,-0.006627973,-0.0065985136,-0.0065899603,-0.006540548,-0.006630864,-0.0066799186,-0.0066093616
2016-11-21,-0.0068488233,-0.0070224367,-0.0069918446,-0.006983068,-0.006919276,-0.0068287365,-0.0068469457,-0.0068863444,-0.0069777034,-0.0069987588,-0.0069932453,-0.006856274,-0.0069570653,-0.0069501214,-0.006962713,-0.006932687,-0.0068667345,-0.0069675855,-0.0069955103,-0.0069403015
2016-11-22,-0.006932374,-0.0071319602,-0.006967243,-0.0069562905,-0.006922018,-0.0068342052,-0.006835934,-0.0068721287,-0.006919097,-0.0070033185,-0.0069813244,-0.006840255,-0.006989192,-0.006976884,-0.0069211684,-0.0069327764,-0.0068456642,-0.006926503,-0.007030409,-0.006923776
2016-11-23,-0.0069114976,-0.007186707,-0.006975379,-0.0069721006,-0.006917741,-0.0068525337,-0.0068441294,-0.0068528317,-0.0069467686,-0.0070049874,-0.0069911294,-0.006839674,-0.0070102178,-0.0069775395,-0.006985631,-0.0069329254,-0.0068515353,-0.0069199316,-0.0071799867,-0.006920051
2016-11-25,-0.0043546967,-0.004465293,-0.0044026338,-0.0044203363,-0.004414078,-0.0042986833,-0.0043201707,-0.0042601638,-0.0044276677,-0.004445117,-0.00445069,-0.0042849444,-0.0044337325,-0.0044197403,-0.004434567,-0.0043916814,-0.004305627,-0.0043934993,-0.0044983737,-0.0042363815
2016-11-28,-0.007456716,-0.0075557195,-0.007499676,-0.007513132,-0.007456254,-0.0073727183,-0.007385295,-0.007397514,-0.007459473,-0.0075123273,-0.007515695,-0.0073648505,-0.007518258,-0.0074931346,-0.007469248,-0.00745767,-0.0073862635,-0.0074315034,-0.0075641386,-0.0073191784
2016-11-29,-0.00691719,-0.0070176236,-0.0069628768,-0.006987687,-0.0068972223,-0.006913271,-0.006857615,-0.006896075,-0.006928157,-0.0069909953,-0.0069838427,-0.006847676,-0.0069983862,-0.006974634,-0.007013317,-0.006932836,-0.0068606995,-0.0069202147,-0.0074128173,-0.0067899786
2016-11-30,-0.006368842,-0.0064429305,-0.006488841,-0.0064932965,-0.0064071976,-0.0064176433,-0.006370496,-0.0063642524,-0.0064366423,-0.006502088,-0.0064961277,-0.006367471,-0.006497618,-0.0064866655,-0.006513115,-0.0064416938,-0.006380569,-0.006477859,-0.006650161,-0.0063055567
2016-12-01,-0.0068611167,-0.007234227,-0.0069766156,-0.0069577955,-0.006868344,-0.0068959408,-0.006845858,-0.0068691038,-0.0069337897,-0.0069757365,-0.0069818012,-0.0068486445,-0.006992068,-0.006984975,-0.0070381276,-0.006945949,-0.0068650506,-0.006904166,-0.007118415,-0.0069354437
2016-12-02,-0.009403061,-0.009651121,-0.009524729,-0.0095261745,-0.009460818,-0.009427827,-0.009422269,-0.009613257,-0.009547081,-0.009536665,-0.009539526,-0.009391706,-0.009540867,-0.0095196925,-0.009534117,-0.009472128,-0.009445991,-0.009476598,-0.009479489,-0.009483483
2016-12-05,-0.0068105273,-0.0069599114,-0.0069715492,-0.0069844685,-0.006898951,-0.0068534873,-0.006886687,-0.0070500635,-0.0069964193,-0.006978374,-0.00698423,-0.0068411045,-0.006994169,-0.0069433413,-0.0069810115,-0.0068964325,-0.0068497322,-0.006894272,-0.0069236867,-0.0069359653
2016-12-06,-0.0068403147,-0.006897982,-0.006945487,-0.006903719,-0.0068667345,-0.006878566,-0.0068806224,-0.006841924,-0.0070158653,-0.007003691,-0.006978493,-0.006846618,-0.007013317,-0.00696015,-0.0069696717,-0.0069419704,-0.0068521015,-0.0068878047,-0.0068743937,-0.0069363676
2016-12-07,-0.0076024346,-0.007777434,-0.0077013485,-0.007727679,-0.007644113,-0.007665973,-0.0076119862,-0.0077301823,-0.007731285,-0.007734608,-0.0077382587,-0.0076187216,-0.0077289753,-0.0077358894,-0.0077170394,-0.0076710843,-0.0076687895,-0.007719394,-0.007664662,-0.007673349
2016-12-08,-0.00687724,-0.006978702,-0.006895285,-0.0069990866,-0.0069006793,-0.007004153,-0.006896939,-0.0069836937,-0.006945517,-0.0070140474,-0.007013049,-0.006876271,-0.006991755,-0.0069980435,-0.0069672726,-0.0069332086,-0.006982621,-0.006969016,-0.0069487654,-0.0069386773
2016-12-09,-0.0070453547,-0.006994467,-0.0070747547,-0.0070996694,-0.0070003234,-0.0070696585,-0.0069401674,-0.007158693,-0.0070345663,-0.0071153753,-0.007115718,-0.006991174,-0.007056903,-0.0070658885,-0.0070109777,-0.007034298,-0.0069009326,-0.007021364,-0.007033538,-0.0070368014
2016-12-12,-0.006809797,-0.0069909655,-0.006939497,-0.006998714,-0.0068676285,-0.006968688,-0.00682744,-0.007007744,-0.006935086,-0.0070058666,-0.0070135407,-0.0068706386,-0.006968718,-0.0069628023,-0.006927397,-0.0069332086,-0.006811645,-0.006890308,-0.006914597,-0.006934773
2016-12-13,-0.0069674216,-0.006946545,-0.0069648437,-0.00700609,-0.006891113,-0.006862592,-0.0068425797,-0.0070043765,-0.007032778,-0.0070121847,-0.0070203505,-0.0068929456,-0.006991174,-0.00696918,-0.0069348924,-0.0069335513,-0.0068306588,-0.0069959424,-0.0069238804,-0.006934356
2016-12-14,-0.0071026348,-0.0072613023,-0.007272389,-0.0072994195,-0.007207211,-0.0071441345,-0.0071438663,-0.007334303,-0.007293295,-0.0073071383,-0.007312935,-0.007205125,-0.0073027126,-0.0072568767,-0.0072634034,-0.007227909,-0.0071275793,-0.0073360316,-0.0072319023,-0.0072296225
2016-12-15,-0.007561844,-0.007633742,-0.007677432,-0.007755708,-0.0076133423,-0.0076306574,-0.0076060705,-0.0077248923,-0.007694673,-0.0077444874,-0.0077619664,-0.007641997,-0.007747587,-0.0077132396,-0.00773878,-0.007679578,-0.007556524,-0.0077619515,-0.007671874,-0.0076809637
2016-12-16,-0.0054453127,-0.005434271,-0.00543217,-0.005467292,-0.005379971,-0.005332049,-0.0053009503,-0.0054625683,-0.0053870194,-0.0054892115,-0.0054896437,-0.0053573363,-0.005505603,-0.005440008,-0.0054196827,-0.0054040365,-0.005310606,-0.0054160915,-0.005395796,-0.0054082535
2016-12-19,-0.0062377118,-0.006358277,-0.006341379,-0.006381627,-0.006299313,-0.0062606297,-0.006221082,-0.00637519,-0.006275069,-0.0063934736,-0.0064131133,-0.0062710904,-0.006428551,-0.0063678883,-0.006387513,-0.0063331835,-0.0062332265,-0.0064126365,-0.006312873,-0.006342616
2016-12-20,-0.0068305694,-0.007015031,-0.006902706,-0.0069902055,-0.0068864934,-0.006874617,-0.006837737,-0.0069630854,-0.006921526,-0.0069979094,-0.0070132725,-0.0068694167,-0.0070180856,-0.0069567673,-0.006987538,-0.0069331937,-0.006851267,-0.0069941096,-0.00689533,-0.0069342665
2016-12-21,-0.008781832,-0.0087256245,-0.008731227,-0.008815255,-0.00873087,-0.008743819,-0.0086636655,-0.008803215,-0.008784723,-0.008825909,-0.008835267,-0.008688983,-0.0088402,-0.008781251,-0.008810859,-0.008755665,-0.008680727,-0.008805241,-0.008733999,-0.008756828
2016-12-22,-0.0068532936,-0.0069137327,-0.0068741255,-0.0070043765,-0.0069226436,-0.006931912,-0.0068460517,-0.006976139,-0.0069752894,-0.0070083253,-0.007009115,-0.0068724565,-0.0070090406,-0.0069597326,-0.006981369,-0.0069333278,-0.0068527423,-0.006980773,-0.00699703,-0.0069345348
2016-12-23,-0.010773923,-0.010874268,-0.010712963,-0.010890182,-0.010806914,-0.010771584,-0.0107450895,-0.010657933,-0.010812502,-0.010872971,-0.0108640455,-0.0107423775,-0.010878231,-0.010828804,-0.010842737,-0.0107845925,-0.010713305,-0.010850515,-0.010805216,-0.011166047
2016-12-27,-0.007739555,-0.007880282,-0.0077605955,-0.007886764,-0.0078097843,-0.0077647828,-0.0077194385,-0.007868003,-0.00781269,-0.007845487,-0.007836398,-0.007711675,-0.007841747,-0.0077921413,-0.007822748,-0.007755693,-0.0076868497,-0.007862013,-0.007771682,-0.0079651885
2016-12-28,-0.006886225,-0.007005807,-0.0069707595,-0.0070165955,-0.0069512986,-0.0069170855,-0.006871786,-0.0068593435,-0.0069590025,-0.0070218407,-0.0070116334,-0.006852906,-0.0069832616,-0.0069740675,-0.006990101,-0.006933,-0.006835576,-0.0069810264,-0.006939169,-0.0070460103
2016-12-29,-0.006862756,-0.0069241934,-0.0069745593,-0.0070126615,-0.0068913065,-0.006893944,-0.0068538003,-0.007009711,-0.0069663487,-0.007021632,-0.007012736,-0.0068619363,-0.006947633,-0.006973993,-0.0069641583,-0.0069330446,-0.0068156235,-0.0069580786,-0.007008549,-0.0071252547
2016-12-30,-0.0068751685,-0.0070172213,-0.0069970004,-0.007001456,-0.006959539,-0.0069416277,-0.006863367,-0.0070049427,-0.006986212,-0.006998744,-0.0070150457,-0.0068560652,-0.0069952123,-0.006963026,-0.0069935285,-0.0069332384,-0.0068365745,-0.006972011,-0.0069703124,-0.0070432387
2017-01-03,-0.0034368595,-0.003568854,-0.00361469,-0.003637429,-0.0035462787,-0.0035215875,-0.0034526994,-0.0037327071,-0.003624629,-0.0036141386,-0.0036221405,-0.0034643968,-0.0035924723,-0.0035640409,-0.003583636,-0.0035522243,-0.0034385284,-0.003548186,-0.00353704,-0.0036113372
2017-01-04,-0.0068401657,-0.006948378,-0.0069845878,-0.007002171,-0.006946396,-0.0069129877,-0.006859865,-0.007027831,-0.0069759004,-0.0069963895,-0.007003125,-0.0068612657,-0.006988298,-0.0069422834,-0.006953161,-0.0069330893,-0.006836664,-0.0069568567,-0.006972056,-0.0069702975
2017-01-05,-0.003210347,-0.003412064,-0.0033351441,-0.0033698638,-0.0032768508,-0.0032611152,-0.0032342186,-0.0032108536,-0.0032750478,-0.0033585092,-0.0033742895,-0.0032129844,-0.0033801605,-0.0033073535,-0.0033471843,-0.0032956263,-0.0031993797,-0.003322031,-0.003272291,-0.003345411
2017-01-06,-0.0068649612,-0.0070289783,-0.006961044,-0.007005047,-0.006934922,-0.0068959855,-0.0069010966,-0.0068195127,-0.0069490634,-0.0069942735,-0.007012468,-0.0068694614,-0.0069993697,-0.006945949,-0.007013511,-0.0069331788,-0.0068418197,-0.006976273,-0.0070373826,-0.0069349073
2017-01-09,-0.008192997,-0.0081890635,-0.008268442,-0.008282479,-0.008242872,-0.008173939,-0.008152168,-0.008256283,-0.008223783,-0.00826418,-0.008295398,-0.008149233,-0.00825287,-0.008221593,-0.008272182,-0.008206289,-0.008128505,-0.008319672,-0.008293401,-0.008208897
2017-01-10,-0.006890606,-0.0070324503,-0.0069882534,-0.0070085637,-0.006908115,-0.0068896078,-0.006865736,-0.0068301074,-0.0069953315,-0.006991368,-0.0070320033,-0.006867137,-0.0069900416,-0.0069447123,-0.00700156,-0.0069332235,-0.0068245493,-0.0070598535,-0.007023897,-0.0069389157
2017-01-11,-0.0043840967,-0.0044650994,-0.0045146607,-0.0045315735,-0.004457604,-0.004400488,-0.004368644,-0.004506465,-0.004449051,-0.0045097135,-0.0045471005,-0.0043822937,-0.0045152567,-0.004461225,-0.004491385,-0.0044539683,-0.0043539517,-0.004581105,-0.00453436,-0.0044554584
2017-01-12,-0.0068516396,-0.0069669,-0.006984066,-0.0070104264,-0.0069095604,-0.0068861805,-0.006858822,-0.006824713,-0.006948989,-0.0069875084,-0.0070241205,-0.0068625323,-0.006852191,-0.006937813,-0.006989818,-0.006933149,-0.006812524,-0.007038858,-0.007046979,-0.0069342665
2017-01-13,-0.0068600886,-0.0069879554,-0.0069766007,-0.0070118867,-0.0068689995,-0.0068709664,-0.0068825297,-0.006841328,-0.006945651,-0.0069885664,-0.007029753,-0.006873142,-0.0068408363,-0.006940376,-0.0069805197,-0.006933164,-0.0068100356,-0.007019069,-0.0070315115,-0.0069347583
2017-01-17,-0.006882917,-0.0069066994,-0.0069888793,-0.0070128404,-0.0069204383,-0.0068913065,-0.0068349205,-0.0069984905,-0.006930303,-0.0069941543,-0.0070216767,-0.00688399,-0.0068698786,-0.006950658,-0.006955784,-0.006933477,-0.006820645,-0.007032808,-0.0069464855,-0.006937202
2017-01-18,-0.006919723,-0.0069004856,-0.006985601,-0.007009249,-0.0069309436,-0.0068727396,-0.007040199,-0.006996479,-0.0069823377,-0.006988641,-0.0070321523,-0.006877821,-0.007000696,-0.006967511,-0.006994348,-0.006973084,-0.0068392716,-0.006996032,-0.0069317482,-0.00693525
2017-01-19,-0.007558372,-0.0076010786,-0.0076236688,-0.0076837055,-0.0075608753,-0.0075347982,-0.0076065324,-0.0076225065,-0.00763933,-0.0076439492,-0.007672202,-0.007550087,-0.0076472126,-0.007614877,-0.0076296143,-0.007616114,-0.007485058,-0.0076688044,-0.007596653,-0.008092176
2017-01-20,-0.006937381,-0.00692543,-0.007005494,-0.0069948547,-0.0069109164,-0.0068754368,-0.0068547986,-0.0071033053,-0.007029768,-0.006972324,-0.007018801,-0.0068436675,-0.0068691038,-0.0069731735,-0.0069997124,-0.006976243,-0.0068155043,-0.0069966577,-0.0069944374,-0.007642489
2017-01-23,-0.010712083,-0.010779168,-0.010760736,-0.010803547,-0.010702696,-0.010677304,-0.010627802,-0.010756027,-0.010763656,-0.010771494,-0.010808703,-0.010656264,-0.010629829,-0.01074351,-0.010755476,-0.01074798,-0.01062968,-0.010781076,-0.010771614,-0.011518668
2017-01-24,-0.006976094,-0.0069487803,-0.0069926046,-0.0070378296,-0.0069614016,-0.006901156,-0.0068825,-0.006993156,-0.007015165,-0.0070051067,-0.0070342086,-0.006891843,-0.006867867,-0.006942954,-0.0069607906,-0.0069481693,-0.006844651,-0.0070292912,-0.0070231818,-0.008013185
2017-01-25,-0.0069781654,-0.006939497,-0.0069801025,-0.0070387237,-0.0069573037,-0.0069296174,-0.0070217364,-0.007003244,-0.0070388727,-0.0070057474,-0.0070347004,-0.006898742,-0.006869208,-0.0069650374,-0.0070030205,-0.0069420747,-0.0068319403,-0.007025432,-0.0069916807,-0.007245686
2017-01-26,-0.0069246106,-0.00693674,-0.00699934,-0.0070675276,-0.006945472,-0.006900262,-0.0069801025,-0.0068729036,-0.007038247,-0.0070244633,-0.0070430897,-0.0069143437,-0.00686587,-0.0069695525,-0.0070101433,-0.006939765,-0.006825324,-0.007025119,-0.006991487,-0.007391479
2017-01-27,-0.0069182925,-0.0069547854,-0.006985452,-0.0070363395,-0.0069387816,-0.00688928,-0.0069071613,-0.007378366,-0.0070260577,-0.0070248954,-0.0070114844,-0.0069033764,-0.006903138,-0.006967973,-0.0070160143,-0.0069375746,-0.0068355016,-0.0070193373,-0.006973367,-0.007248398
2017-01-30,-0.006986197,-0.0069243275,-0.006984737,-0.007009562,-0.0069345646,-0.0068628304,-0.0070123486,-0.007044878,-0.0070330165,-0.0070138983,-0.007012736,-0.006872084,-0.0069839917,-0.006975811,-0.006967541,-0.0069231056,-0.0068523847,-0.006984856,-0.006951701,-0.0075820945
2017-01-31,-0.007008653,-0.0069799833,-0.0069650672,-0.0070114397,-0.0069472603,-0.0069074295,-0.0073033385,-0.007644426,-0.0070944987,-0.0070108883,-0.007007014,-0.0068736933,-0.006983634,-0.0069805942,-0.0070104115,-0.006923463,-0.0068674944,-0.006995719,-0.006956067,-0.007828977
2017-02-01,-0.005209308,-0.0051400326,-0.0051997267,-0.0052197836,-0.005191248,-0.005094435,-0.0055961125,-0.005801391,-0.0053230934,-0.005213972,-0.005237829,-0.0050744973,-0.005190652,-0.0051837675,-0.005221706,-0.005162757,-0.0051166825,-0.005215075,-0.005159553,-0.0060001872
2017-02-02,-0.009629723,-0.009548303,-0.009565111,-0.0095771365,-0.009545159,-0.009459253,-0.009933006,-0.0102588795,-0.009656113,-0.009576555,-0.00960521,-0.009454887,-0.009546202,-0.009554233,-0.009588938,-0.009538334,-0.009481635,-0.009586971,-0.009529587,-0.010461476
2017-02-03,-0.008769508,-0.008666974,-0.00869919,-0.00870752,-0.008677524,-0.008602601,-0.009100657,-0.009240072,-0.008825224,-0.008712392,-0.008741867,-0.00858758,-0.008672681,-0.008689936,-0.0086941235,-0.008673694,-0.008588444,-0.008709293,-0.008655217,-0.009577598
2017-02-06,-0.006786,-0.006735157,-0.006803941,-0.006820958,-0.00676718,-0.0066979937,-0.006811809,-0.007428225,-0.0067921095,-0.00681239,-0.006835114,-0.00666992,-0.006771397,-0.006797131,-0.0068110786,-0.006779637,-0.006685462,-0.006841194,-0.0067390166,-0.0070532374
2017-02-07,-0.0070741437,-0.0069315545,-0.0069813095,-0.0070257,-0.0069484822,-0.006879788,-0.0069657676,-0.007900219,-0.0070777647,-0.0070125274,-0.007022556,-0.0069219433,-0.0068350844,-0.0069791637,-0.0069758706,-0.006980162,-0.0068663172,-0.007029664,-0.0069255196,-0.007229831
2017-02-08,-0.0070696734,-0.007001307,-0.0069860183,-0.0070346557,-0.0069683306,-0.006908115,-0.007039901,-0.007995989,-0.007016178,-0.007019516,-0.0070132874,-0.0069170855,-0.006882753,-0.0069948398,-0.0069639795,-0.006942611,-0.006884124,-0.0070184283,-0.0069292,-0.007189002
2017-02-09,-0.007138174,-0.0069682263,-0.006940823,-0.00700536,-0.0069861226,-0.0069179498,-0.007005807,-0.0072307102,-0.0070673637,-0.007025834,-0.007029351,-0.0070007406,-0.006863024,-0.006984856,-0.007002007,-0.00731891,-0.0068857186,-0.0070012324,-0.006938573,-0.0071593784
2017-02-10,-0.0070717447,-0.0069306456,-0.006937202,-0.007009279,-0.0069378875,-0.0068896525,-0.0068882965,-0.007084202,-0.0070334934,-0.0070123933,-0.0070119463,-0.006939169,-0.0068394206,-0.0069840066,-0.006980922,-0.006978687,-0.0068450086,-0.0070067607,-0.006942373,-0.007113751
2017-02-13,-0.006995689,-0.00692619,-0.0069849305,-0.0070040487,-0.006938841,-0.00690512,-0.00690211,-0.007180538,-0.0070664696,-0.007008653,-0.007041406,-0.006905522,-0.006848436,-0.006968152,-0.006978657,-0.0069837235,-0.0068578683,-0.0070131235,-0.006939169,-0.0069874935
2017-02-14,-0.0069216155,-0.006962981,-0.006955426,-0.007003274,-0.0069732927,-0.006865125,-0.007083427,-0.007247057,-0.006930914,-0.007006731,-0.007008221,-0.006884169,-0.006836515,-0.0069647394,-0.0069850944,-0.00693075,-0.0068503283,-0.006984394,-0.006934073,-0.0069614314
2017-02-15,-0.0070263706,-0.006920751,-0.006961759,-0.0070188753,-0.006957572,-0.006864365,-0.0069217496,-0.007405933,-0.0070063435,-0.006995689,-0.00698648,-0.0068882965,-0.006812092,-0.0069656633,-0.006966945,-0.006995868,-0.0068564974,-0.006985735,-0.0069065057,-0.0069654547
2017-02-16,-0.007064443,-0.006918039,-0.0069288127,-0.0070218705,-0.006976884,-0.006878834,-0.006897595,-0.0071434192,-0.00704604,-0.0069953464,-0.0070226006,-0.0068933778,-0.0068458132,-0.0069701783,-0.0069820844,-0.007021632,-0.006849494,-0.0069986843,-0.006921869,-0.006970059
2017-02-17,-0.008309405,-0.008132484,-0.008158084,-0.008230727,-0.008172523,-0.008096602,-0.008159127,-0.008485179,-0.008315381,-0.008213278,-0.008210059,-0.008109655,-0.008061718,-0.008187052,-0.008196395,-0.008182149,-0.00807884,-0.008203682,-0.008168932,-0.008141633
2017-02-21,-0.0071020536,-0.006955769,-0.007009279,-0.0070606433,-0.0069750957,-0.0069239847,-0.00696845,-0.0075352155,-0.0071213655,-0.007039439,-0.0070778094,-0.0069409274,-0.006901186,-0.006994825,-0.007027086,-0.0070863776,-0.006878685,-0.0070470087,-0.0069790594,-0.006975677
2017-02-22,-0.0070327483,-0.006937783,-0.0069553815,-0.007025581,-0.006986525,-0.006885525,-0.007112246,-0.0072450303,-0.007059153,-0.0069882236,-0.0070397817,-0.0068985634,-0.006819468,-0.006969031,-0.0069979094,-0.0069757365,-0.0068483762,-0.00701664,-0.006948095,-0.006927293
2017-02-23,-0.007046815,-0.0069187097,-0.006984096,-0.007025879,-0.006968882,-0.0068691187,-0.006989192,-0.0069492273,-0.0070585124,-0.0070042126,-0.0070369206,-0.0069645755,-0.0068653338,-0.006972935,-0.0069920532,-0.0069846474,-0.0068485253,-0.0070239566,-0.0069720857,-0.0069657527
2017-02-24,-0.0070885383,-0.006911557,-0.007001113,-0.007048007,-0.006958913,-0.0068371706,-0.0069062524,-0.0069769286,-0.0070562623,-0.006985452,-0.0070259385,-0.0069731437,-0.006868314,-0.0069749914,-0.006964188,-0.0069779716,-0.0068362765,-0.0069897734,-0.0069881342,-0.006968703
2017-02-27,-0.006584909,-0.0064899437,-0.006574776,-0.0066108964,-0.0065092556,-0.0064489655,-0.0064687245,-0.0068614148,-0.0066057555,-0.0065862946,-0.0066128336,-0.006509494,-0.00657117,-0.0065409355,-0.0065732114,-0.0065697096,-0.006413635,-0.006565895,-0.006527122,-0.00654253
2017-02-28,-0.0069940947,-0.0069189034,-0.006973531,-0.007025685,-0.006963264,-0.006875273,-0.0069325827,-0.007548239,-0.0069784634,-0.006998118,-0.007004883,-0.0068719946,-0.0069709085,-0.0069713853,-0.006994065,-0.0069750063,-0.0068575554,-0.007013168,-0.006912794,-0.0069309734
2017-03-01,-0.007026013,-0.006952431,-0.006961193,-0.007028144,-0.0069571696,-0.00687718,-0.007017743,-0.0075481795,-0.00701363,-0.007004168,-0.0070055537,-0.006920483,-0.0069835447,-0.0069674365,-0.007012915,-0.006788235,-0.0068651848,-0.0070093833,-0.006921198,-0.0069377534
2017-03-02,-0.007073369,-0.0069151483,-0.0069576465,-0.0070468746,-0.0069591664,-0.0068753324,-0.0069891326,-0.0074496977,-0.0070203207,-0.0070116334,-0.0069991015,-0.006953787,-0.006970819,-0.006978791,-0.0069651566,-0.0067920797,-0.0068611763,-0.006989058,-0.006926369,-0.0069327764
2017-03-03,-0.005785834,-0.0056309365,-0.0057298653,-0.0057637654,-0.005684998,-0.0056190602,-0.0055748187,-0.0067716204,-0.0059071593,-0.0057457946,-0.0057345144,-0.0056503676,-0.0057259165,-0.005704727,-0.005716067,-0.0055332445,-0.0055976175,-0.0057157986,-0.005716216,-0.0056614242
2017-03-06,-0.007011708,-0.006936144,-0.0069706254,-0.007027965,-0.0069676004,-0.006874647,-0.006862711,-0.007955294,-0.00697976,-0.007004332,-0.0069953613,-0.0069179498,-0.0070020817,-0.0069676302,-0.006977331,-0.0067905895,-0.0068678074,-0.007001888,-0.0069742016,-0.006930124
2017-03-07,-0.007048469,-0.0068893246,-0.006977182,-0.007021006,-0.0069122873,-0.0068649165,-0.006860327,-0.007186886,-0.006923761,-0.006991353,-0.0070281886,-0.006900694,-0.0069950037,-0.0069550388,-0.006961014,-0.00695784,-0.0068491213,-0.0069614314,-0.006966796,-0.0069231205
2017-03-08,-0.007056903,-0.006903436,-0.007014822,-0.0070018284,-0.0069612376,-0.006906893,-0.0070039444,-0.0071186386,-0.006985616,-0.007002067,-0.007030677,-0.0069153123,-0.007013228,-0.006967377,-0.006981354,-0.0069612674,-0.0068960004,-0.0069803707,-0.006948974,-0.0069725476
2017-03-09,-0.009463783,-0.009370264,-0.009527352,-0.009520989,-0.009475421,-0.009405386,-0.009492334,-0.009639915,-0.009468358,-0.009514224,-0.009493139,-0.009443771,-0.009512421,-0.009494465,-0.009467851,-0.00942358,-0.009431895,-0.009476777,-0.009448554,-0.009484258
2017-03-10,-0.008080956,-0.008008327,-0.008082058,-0.008088019,-0.00803664,-0.00797772,-0.0080516,-0.008170869,-0.007999163,-0.008085769,-0.008035522,-0.007979926,-0.008072462,-0.008075457,-0.007992845,-0.00798836,-0.008014973,-0.008015584,-0.0079882555,-0.008059155
2017-03-13,-0.009598907,-0.00950351,-0.009568926,-0.0095692985,-0.009482648,-0.009485658,-0.0095795505,-0.009541567,-0.009521898,-0.009550627,-0.009516608,-0.00945295,-0.009529572,-0.009560298,-0.009487715,-0.009526696,-0.00946055,-0.009513732,-0.00939415,-0.009538185
2017-03-14,-0.007035937,-0.0069536977,-0.0070117675,-0.0069958977,-0.006924372,-0.006888982,-0.006965991,-0.0069728456,-0.006964486,-0.006989401,-0.006980028,-0.006885957,-0.006969329,-0.006999906,-0.006970834,-0.0069626085,-0.00688925,-0.006977003,-0.0068988614,-0.0069374405
2017-03-15,-0.004877668,-0.004712235,-0.0048142187,-0.00485022,-0.0047572516,-0.004713755,-0.0048139654,-0.004820671,-0.0048062466,-0.0048240237,-0.0048096143,-0.0047223233,-0.004811298,-0.0048448704,-0.004812505,-0.004675474,-0.004697468,-0.0047987513,-0.004679572,-0.0047816746
2017-03-16,-0.008021694,-0.007865589,-0.007966291,-0.007968228,-0.007881071,-0.007885661,-0.007953506,-0.007966097,-0.007952016,-0.007957395,-0.007947575,-0.007849585,-0.007951077,-0.007976826,-0.007919457,-0.007819127,-0.007834699,-0.007934194,-0.007818069,-0.007914137
2017-03-17,-0.007005807,-0.006882172,-0.0069553517,-0.006959196,-0.006889235,-0.0068586282,-0.0069501363,-0.006961506,-0.0069474243,-0.006955143,-0.0069441907,-0.0068463795,-0.0069479607,-0.0069717877,-0.0069351457,-0.00682893,-0.0068361275,-0.0069599114,-0.0068242215,-0.0069255345
2017-03-20,-0.0058748834,-0.0057529025,-0.0058315806,-0.0058484636,-0.005747821,-0.005734559,-0.0056805126,-0.0058211945,-0.0057924353,-0.005826708,-0.005822923,-0.0057167374,-0.00580981,-0.0058353804,-0.0057988428,-0.0057086013,-0.0057073645,-0.005781602,-0.0056943856,-0.0057844333
2017-03-21,-0.0070416294,-0.006887134,-0.0069786124,-0.0069766305,-0.0069033913,-0.006925594,-0.0068435483,-0.006938573,-0.0069769584,-0.006973725,-0.0069715045,-0.006860446,-0.0069677047,-0.0069893263,-0.006912153,-0.006834563,-0.0068860017,-0.006986376,-0.006858241,-0.006959539
2017-03-22,-0.007023867,-0.006935131,-0.006986659,-0.006951865,-0.0068787597,-0.006874319,-0.0069815777,-0.006951835,-0.0069507174,-0.0069875233,-0.0069568567,-0.006877359,-0.006969597,-0.0069834404,-0.006936129,-0.0069199614,-0.0068626963,-0.006969642,-0.0068828575,-0.0069576614
2017-03-23,-0.007039886,-0.006970044,-0.006989207,-0.006979864,-0.0068997405,-0.0068857037,-0.006971415,-0.0069756024,-0.0069695823,-0.006984126,-0.0069563054,-0.0069593154,-0.006968897,-0.0069890283,-0.0068932287,-0.006922465,-0.006852191,-0.0069476627,-0.0069991164,-0.006969299
2017-03-24,-0.007031914,-0.0068522207,-0.006972458,-0.0069838576,-0.0068792216,-0.006852653,-0.0068226866,-0.006827902,-0.00695486,-0.0069930814,-0.0069573633,-0.006894525,-0.0069686435,-0.0070012175,-0.0068879537,-0.006916281,-0.006878983,-0.006965425,-0.0069068037,-0.0069717877
2017-03-27,-0.0069638602,-0.0068633966,-0.006972488,-0.006981399,-0.0068595074,-0.00681689,-0.0068296306,-0.0069879405,-0.0069787763,-0.0069868825,-0.0069330595,-0.006833758,-0.0069689415,-0.0069877766,-0.0068698786,-0.006776374,-0.006832134,-0.006895419,-0.0068419985,-0.006953653
2017-03-28,-0.0069529526,-0.006894108,-0.0069683753,-0.006988164,-0.0069036298,-0.0068625472,-0.0069815777,-0.006993767,-0.0068921708,-0.0069956444,-0.0069507025,-0.0068481676,-0.0069654398,-0.0069873,-0.0068937503,-0.006923329,-0.0068704896,-0.0069657676,-0.0069025867,-0.0069457702
2017-03-29,-0.006988045,-0.0069083236,-0.007016998,-0.0069896393,-0.006909188,-0.0068794303,-0.006914016,-0.006964188,-0.0069712214,-0.0069909506,-0.0069725476,-0.006858047,-0.0069646947,-0.006980013,-0.0069099925,-0.0069250874,-0.006884005,-0.0069650374,-0.0068698637,-0.0069408678
2017-03-30,-0.007221427,-0.0071581714,-0.0072019063,-0.007207539,-0.007121738,-0.007115688,-0.007096734,-0.0071866624,-0.0071720295,-0.0071838163,-0.00718474,-0.0070760064,-0.0071708076,-0.0071934275,-0.007114928,-0.0071843974,-0.0070844702,-0.007169958,-0.0071201585,-0.007146936
2017-03-31,-0.0070252977,-0.0069043003,-0.00699256,-0.0069662593,-0.0069070123,-0.006902512,-0.006962862,-0.007005941,-0.006988045,-0.006968256,-0.006979283,-0.006851103,-0.006970044,-0.0070076697,-0.0068846755,-0.006983917,-0.0068709515,-0.0069255196,-0.006870147,-0.0069357865
2017-04-03,-0.006993007,-0.0069072954,-0.007013645,-0.006998595,-0.0068998598,-0.006903302,-0.0069407187,-0.0069520734,-0.0069867484,-0.0069901906,-0.0069930367,-0.006863486,-0.006970089,-0.0069818757,-0.006871473,-0.0070200823,-0.0068261437,-0.006898921,-0.0068642013,-0.0069317035
2017-04-04,-0.007026773,-0.0069138817,-0.0069901906,-0.0070211105,-0.0069055073,-0.00689533,-0.006977286,-0.0069775395,-0.007006984,-0.0069855116,-0.006983634,-0.0068494044,-0.0069715343,-0.0069981925,-0.0068980716,-0.0068816952,-0.0068450533,-0.006932091,-0.0068743937,-0.006925728
2017-04-05,-0.0070327334,-0.0069490634,-0.0070052557,-0.007013034,-0.0069230758,-0.006905835,-0.0069736354,-0.006971564,-0.006985154,-0.0069899075,-0.0069884323,-0.0069450997,-0.0069711767,-0.0069927983,-0.006974604,-0.006854739,-0.0068466626,-0.00695562,-0.007119622,-0.0067878626
2017-04-06,-0.0070236884,-0.0069341175,-0.006999355,-0.007037487,-0.0069238506,-0.0069033466,-0.0069044046,-0.006968897,-0.006976541,-0.006995674,-0.006978493,-0.0069461875,-0.0069709234,-0.006998133,-0.0069738887,-0.0068846904,-0.0068532787,-0.006959345,-0.006974276,-0.006782513
2017-04-07,-0.01057158,-0.01050527,-0.010579463,-0.010570105,-0.010509547,-0.010483321,-0.010489788,-0.0105371885,-0.010562833,-0.010579523,-0.010558795,-0.010517042,-0.010548513,-0.010583129,-0.0105450265,-0.010491338,-0.0104446225,-0.010492932,-0.010526281,-0.01036964
2017-04-10,-0.007108357,-0.007094916,-0.0071607344,-0.007177394,-0.007127162,-0.0070772283,-0.007052969,-0.0071025155,-0.007129248,-0.007173475,-0.0071523897,-0.007021304,-0.0071430765,-0.0071828924,-0.0071014725,-0.007030856,-0.0070536844,-0.0070897155,-0.0070973,-0.0071065687
2017-04-11,-0.0069071464,-0.0069300793,-0.0069876574,-0.0070271753,-0.006923612,-0.006936427,-0.0068760626,-0.00693151,-0.0068865083,-0.006993901,-0.0069735907,-0.006828513,-0.006977897,-0.0070012473,-0.0069219284,-0.0069217496,-0.0068840645,-0.006958913,-0.0069084875,-0.0069324635
2017-04-12,-0.0069793724,-0.0069185607,-0.006981816,-0.0070156567,-0.0069390647,-0.006903928,-0.006885927,-0.0069326423,-0.006953474,-0.0069985352,-0.006966334,-0.006839361,-0.0069793873,-0.0069967024,-0.0068926774,-0.0069214664,-0.006870549,-0.0069469623,-0.006880086,-0.006927725
2017-04-13,-0.0061891936,-0.006088581,-0.006170552,-0.0062133484,-0.0061759315,-0.0061397217,-0.006049853,-0.006128188,-0.0062257163,-0.0062000863,-0.006145697,-0.0060298108,-0.006207969,-0.0062189214,-0.006121617,-0.0061571263,-0.006105017,-0.006151151,-0.006120842,-0.006153967
2017-04-17,-0.003951963,-0.0039526485,-0.0039725415,-0.003980469,-0.0038995256,-0.0038756838,-0.0038315763,-0.00388981,-0.0039607547,-0.003960084,-0.0039565675,-0.0038086136,-0.003967788,-0.0039771013,-0.0038852056,-0.0039027294,-0.003857251,-0.0038894077,-0.0038644036,-0.003768142
2017-04-18,-0.0069728605,-0.006862443,-0.006950449,-0.0069875233,-0.006909292,-0.0068317167,-0.0068252645,-0.006968137,-0.0069961064,-0.0069638304,-0.0069611035,-0.0068280064,-0.0069472156,-0.006981265,-0.006877091,-0.0067910664,-0.006857585,-0.0069092624,-0.006865885,-0.006746795
2017-04-19,-0.009542774,-0.009408977,-0.009561088,-0.009543445,-0.009455886,-0.009414326,-0.009426575,-0.009442087,-0.009526622,-0.00951938,-0.009510618,-0.009380918,-0.009532686,-0.009539526,-0.009469386,-0.009363007,-0.009397831,-0.009493228,-0.009457346,-0.009340104
2017-04-20,-0.0043281876,-0.0045549683,-0.004372161,-0.004348498,-0.0042473935,-0.0042407773,-0.0042373203,-0.004275497,-0.0043184124,-0.0043217055,-0.0043336265,-0.004159089,-0.0043349825,-0.004331421,-0.004231181,-0.0042753033,-0.0042046867,-0.0042716973,-0.004266899,-0.004147079
2017-04-21,-0.006977137,-0.0072098337,-0.0069862716,-0.006982323,-0.0069035552,-0.0069053583,-0.0068678223,-0.006924536,-0.0069654398,-0.0069745593,-0.0069961064,-0.0068233274,-0.006946575,-0.0069656633,-0.0068916194,-0.0069199614,-0.0068846755,-0.006913271,-0.0068612956,-0.006769728
2017-04-24,-0.007002186,-0.0069820844,-0.0070165955,-0.0069830976,-0.0069428496,-0.0069595836,-0.0069028847,-0.006944414,-0.0069701634,-0.0069844685,-0.0069900714,-0.006799441,-0.0069904886,-0.006977301,-0.006875094,-0.0068229698,-0.0068649612,-0.0068972968,-0.006875854,-0.0068069957
2017-04-25,-0.006977897,-0.0069146715,-0.007015299,-0.007002171,-0.006917473,-0.006915968,-0.006882306,-0.0069186054,-0.006965097,-0.0069810115,-0.006983619,-0.00680558,-0.006979134,-0.0069737695,-0.0068771206,-0.0068139397,-0.00685532,-0.0069276504,-0.0068949424,-0.0068600886
2017-04-26,-0.0069867633,-0.0069477074,-0.0070156716,-0.0069975816,-0.0068937205,-0.0068990104,-0.0068828575,-0.006924849,-0.0069613867,-0.0069829337,-0.0069936328,-0.0067982487,-0.006981965,-0.0069670044,-0.0068665706,-0.0069267116,-0.0068516843,-0.006872844,-0.0068557225,-0.007069137
2017-04-27,-0.006982561,-0.0069206767,-0.0070112757,-0.007003378,-0.0069071166,-0.006869238,-0.006850224,-0.0068645887,-0.006957587,-0.006978821,-0.0069827847,-0.0068180673,-0.006991755,-0.006975513,-0.0068678968,-0.0069266967,-0.0068555884,-0.006919142,-0.006883871,-0.006831702
2017-04-28,-0.0069878213,-0.006908592,-0.0070199035,-0.006982114,-0.0069256686,-0.006898146,-0.0068837516,-0.0068997405,-0.0069587342,-0.0069823377,-0.0069830976,-0.0068142824,-0.006987687,-0.006957229,-0.006901171,-0.006926667,-0.006864723,-0.006891113,-0.0068998896,-0.006859418
2017-05-01,-0.007010903,-0.006917741,-0.0070391707,-0.006967839,-0.006974485,-0.0068854354,-0.0069322847,-0.006908562,-0.0069603883,-0.007018741,-0.006988492,-0.00683799,-0.0069836043,-0.0069731735,-0.006914731,-0.0069267116,-0.0068799667,-0.0069227032,-0.0068543814,-0.006903615
2017-05-02,-0.0069752447,-0.006882008,-0.007025238,-0.006971296,-0.0069101714,-0.00688849,-0.0069045387,-0.006879907,-0.006965872,-0.006974321,-0.006977912,-0.006809946,-0.0070618205,-0.0069770627,-0.006924387,-0.006926786,-0.0068588965,-0.006889116,-0.0068749003,-0.007099267
2017-05-03,-0.0066671334,-0.006633904,-0.0066657327,-0.006643366,-0.0066267513,-0.0065732114,-0.006529268,-0.0065595172,-0.0066278093,-0.0066591017,-0.006641593,-0.006501522,-0.0066424124,-0.0066256486,-0.006573733,-0.0065976493,-0.006563317,-0.0065809004,-0.0065811835,-0.0065079145
2017-05-04,-0.006991785,-0.0069594346,-0.0070011728,-0.0069674067,-0.0069380365,-0.006922003,-0.0068692975,-0.0068908595,-0.0069564544,-0.0069849007,-0.0069752596,-0.006814357,-0.006977167,-0.006964233,-0.0069011413,-0.0069267116,-0.006859269,-0.0068863444,-0.006910514,-0.006833788
2017-05-05,-0.010028806,-0.009977128,-0.010041457,-0.010006379,-0.009960394,-0.009994384,-0.00992794,-0.0099645965,-0.010008659,-0.0100316815,-0.010010865,-0.010082629,-0.010036614,-0.009987932,-0.0099394135,-0.00996935,-0.009925362,-0.009929415,-0.009926077,-0.009913679
2017-05-08,-0.006171029,-0.006300833,-0.006188553,-0.0061685853,-0.006102871,-0.006109711,-0.0060663037,-0.0060820393,-0.006189715,-0.0061787628,-0.0061580203,-0.006041806,-0.00619353,-0.006162163,-0.006066244,-0.006117847,-0.006049793,-0.006054979,-0.006027784,-0.006034162
2017-05-09,-0.0069779567,-0.0069980286,-0.0069903545,-0.006989833,-0.0069700144,-0.006927993,-0.0068717264,-0.006994631,-0.007110875,-0.006982576,-0.006980952,-0.006832432,-0.006992843,-0.0069722496,-0.006881412,-0.006926518,-0.006868776,-0.006909158,-0.006897446,-0.006952565
2017-05-10,-0.0069850944,-0.006908294,-0.00699101,-0.00696766,-0.0069642477,-0.0069252066,-0.006878432,-0.0068849884,-0.0071716122,-0.006982457,-0.006983679,-0.0068225674,-0.0069977157,-0.0069752447,-0.0069104396,-0.006925907,-0.0068664663,-0.006882336,-0.0068764947,-0.0068427287
2017-05-11,-0.00696769,-0.007094007,-0.006996598,-0.006970819,-0.006935876,-0.0069317184,-0.0069007985,-0.0069130473,-0.0071759485,-0.006984066,-0.006978657,-0.006876882,-0.0069680028,-0.006971102,-0.0069089644,-0.006922554,-0.0068715475,-0.006917458,-0.0068982653,-0.006839793
2017-05-12,-0.006961774,-0.006899398,-0.006999772,-0.006974753,-0.0069115423,-0.006933775,-0.0068814866,-0.0069576465,-0.0071674697,-0.006977927,-0.0070008896,-0.0068346076,-0.0069464557,-0.006963324,-0.0068659,-0.0067919604,-0.0068563186,-0.006867077,-0.0069362186,-0.0068216734
2017-05-15,-0.006965574,-0.0068608187,-0.0069882832,-0.0069740526,-0.006919842,-0.0069545917,-0.0068416856,-0.0069118403,-0.0070248656,-0.0069789104,-0.00697447,-0.0068855993,-0.00696538,-0.006969016,-0.0068576746,-0.006817486,-0.0068712197,-0.0068772845,-0.006871041,-0.006872561
2017-05-16,-0.007031109,-0.0068678968,-0.006993171,-0.0069590323,-0.006940197,-0.006931465,-0.0068794154,-0.006923061,-0.0069077723,-0.0069821887,-0.00699329,-0.0069785975,-0.006950598,-0.006962683,-0.0068929605,-0.006930735,-0.006886866,-0.006942939,-0.0068679117,-0.0068373494
2017-05-17,-0.006997194,-0.0068715774,-0.007015746,-0.0069252066,-0.0069166385,-0.006908696,-0.0068718754,-0.006873261,-0.0068756305,-0.0069730096,-0.0069752447,-0.0069096796,-0.006987851,-0.0069630556,-0.006877806,-0.006930422,-0.0068611763,-0.006905075,-0.006984111,-0.0071157925
2017-05-18,-0.0069743358,-0.0068878345,-0.0070196353,-0.00696617,-0.0069208853,-0.006916281,-0.006887611,-0.0068689846,-0.0069125257,-0.0069769435,-0.0069974028,-0.006889399,-0.0069822036,-0.006975349,-0.006879311,-0.00692768,-0.0068697743,-0.0069136433,-0.0068668686,-0.0071930997
2017-05-19,-0.006989863,-0.0068450384,-0.007017862,-0.006969165,-0.0069453977,-0.0069297664,-0.0068830363,-0.007176619,-0.0068671517,-0.006976869,-0.0069911145,-0.006866645,-0.0069736056,-0.006979447,-0.006908383,-0.0068115555,-0.0068759136,-0.006911438,-0.0069254898,-0.0069191568
2017-05-22,-0.0069486164,-0.0070894323,-0.006988596,-0.00696693,-0.0069321953,-0.006935071,-0.006881412,-0.0071522407,-0.00691564,-0.0069782846,-0.0070018433,-0.00681765,-0.006954398,-0.006972071,-0.006919246,-0.0069332235,-0.0068677925,-0.0068882518,-0.006890904,-0.0068250857
2017-05-23,-0.006965112,-0.0068645887,-0.0069881044,-0.0069518946,-0.006889235,-0.0069230907,-0.00687344,-0.007260751,-0.0068477355,-0.006980341,-0.006987717,-0.006839361,-0.0069613867,-0.006970223,-0.006876301,-0.006933596,-0.006869059,-0.0068962984,-0.0068400167,-0.0068653487
2017-05-24,-0.00850917,-0.00841723,-0.008540925,-0.008504402,-0.008469056,-0.008474316,-0.008445483,-0.009105038,-0.008389901,-0.008534726,-0.008555528,-0.008381125,-0.008520167,-0.008516233,-0.008446943,-0.008481126,-0.008437719,-0.008469265,-0.008401465,-0.008410301
2017-05-25,-0.0069840066,-0.006852802,-0.006991949,-0.0069820695,-0.0069139414,-0.0069648735,-0.006891798,-0.0074432306,-0.0069125406,-0.0069878064,-0.007011082,-0.0068979524,-0.0069533996,-0.0069677196,-0.00693072,-0.006933119,-0.006895449,-0.006916698,-0.006903317,-0.0068091713
2017-05-26,-0.0069921277,-0.0068692677,-0.0070251785,-0.0069924854,-0.0069113337,-0.0069075488,-0.006894406,-0.0077176057,-0.006871622,-0.006988626,-0.0070149116,-0.0068475716,-0.0069713704,-0.0069653653,-0.0068941973,-0.006933134,-0.0068896674,-0.006900873,-0.00690582,-0.0068641715
2017-05-30,-0.009349193,-0.0092320405,-0.009377118,-0.00935949,-0.009308007,-0.009376626,-0.0093874745,-0.010155495,-0.009274032,-0.00940017,-0.009418216,-0.009215947,-0.00929467,-0.009351965,-0.009286236,-0.00931881,-0.009296995,-0.009281661,-0.009232845,-0.009320151
2017-05-31,-0.0069948398,-0.0068369173,-0.0070257597,-0.0069758557,-0.0069083087,-0.00697824,-0.007108297,-0.0075550787,-0.006818842,-0.0070352815,-0.007011961,-0.006865319,-0.006962415,-0.0069656335,-0.006895896,-0.006933119,-0.006891053,-0.0068967305,-0.006837722,-0.0069232993
2017-06-01,-0.0070012324,-0.00699332,-0.0070270263,-0.0069639944,-0.006932121,-0.007018741,-0.007048946,-0.007850539,-0.006839957,-0.007032018,-0.007009711,-0.0068459325,-0.006945368,-0.0069674365,-0.0069007836,-0.006933119,-0.0069164895,-0.006930154,-0.006850209,-0.006952163
2017-06-02,-0.0071353726,-0.0071482174,-0.007178124,-0.0071435086,-0.0070829205,-0.007279601,-0.0070663355,-0.00817829,-0.0069924854,-0.0071872137,-0.0071495883,-0.0070682876,-0.0071008466,-0.007115077,-0.007053744,-0.007083874,-0.0070560686,-0.0070859157,-0.0070309155,-0.0071494095
2017-06-05,-0.007226642,-0.007158499,-0.0072398596,-0.007192772,-0.0071236156,-0.0072641633,-0.007189762,-0.008204337,-0.007042017,-0.0072321407,-0.007182669,-0.007208314,-0.0071872436,-0.0071660243,-0.0071340017,-0.0071303956,-0.0071257167,-0.00711691,-0.0071001016,-0.0071703307
2017-06-06,-0.006989982,-0.006894063,-0.0070446543,-0.0069940947,-0.006930005,-0.006986987,-0.0070265494,-0.007957902,-0.0068319254,-0.007033821,-0.006976705,-0.0069364123,-0.00697672,-0.006965842,-0.0068961643,-0.0069331788,-0.0068991147,-0.006934177,-0.006937977,-0.0069963
2017-06-07,-0.003922697,-0.003873538,-0.003957521,-0.003933858,-0.0038829108,-0.0039485656,-0.0039773993,-0.0050420873,-0.0037807634,-0.00396521,-0.0039312057,-0.0038603505,-0.0039066486,-0.0038994213,-0.0038308164,-0.0038651188,-0.003856938,-0.0039080344,-0.0038814058,-0.0039387755
2017-06-08,-0.006982859,-0.006921094,-0.0070020966,-0.00700685,-0.0069643967,-0.0070242845,-0.0070626847,-0.0080634765,-0.0068745427,-0.007008191,-0.006983336,-0.006898891,-0.0069756173,-0.006962415,-0.0068988167,-0.006933,-0.006917339,-0.006958436,-0.0069396906,-0.0068992935
2017-06-09,-0.0104529075,-0.010408904,-0.010488223,-0.010432657,-0.010411229,-0.010397863,-0.010486018,-0.011020582,-0.010340076,-0.010486212,-0.01045562,-0.010389816,-0.010477778,-0.010448556,-0.010361876,-0.010399874,-0.010399278,-0.010451492,-0.010392141,-0.010441925
2017-06-12,-0.00697295,-0.006981846,-0.00701217,-0.0069531314,-0.0069220774,-0.0069434755,-0.0070328675,-0.007849988,-0.006870296,-0.0070254467,-0.0069828294,-0.006880965,-0.00697599,-0.006973114,-0.0068777613,-0.006933313,-0.0069244467,-0.0069692545,-0.006816637,-0.0069885664
2017-06-13,-0.006992679,-0.006924372,-0.006982114,-0.0069461726,-0.0068974756,-0.0069157295,-0.007008996,-0.0074874423,-0.00685462,-0.0069962256,-0.006979715,-0.006905388,-0.006977793,-0.006961208,-0.0068622343,-0.0069330744,-0.0069378577,-0.0069657527,-0.006845262,-0.0069926493
2017-06-14,-0.004452374,-0.0044379644,-0.0044551753,-0.0044062547,-0.0043610744,-0.0043765865,-0.0045681708,-0.0049762987,-0.004334744,-0.004449468,-0.00444692,-0.0043393336,-0.004341673,-0.0044198297,-0.00431725,-0.0043931566,-0.0043808334,-0.0044135414,-0.0042517297,-0.004368689
2017-06-15,-0.008576792,-0.00861549,-0.008567017,-0.0085300915,-0.008504968,-0.008507412,-0.008516531,-0.009483021,-0.008447763,-0.00857253,-0.008573305,-0.008475494,-0.008420702,-0.008554857,-0.008496743,-0.008520465,-0.008507576,-0.008552175,-0.008444797,-0.008499797
2017-06-16,-0.007937502,-0.008215945,-0.008038949,-0.008020993,-0.007986244,-0.008142274,-0.007990461,-0.0090883635,-0.008007895,-0.00805093,-0.008044269,-0.008121055,-0.007889669,-0.008024316,-0.007978734,-0.00799593,-0.008038383,-0.008022975,-0.007999178,-0.008012589
2017-06-19,-0.0070685856,-0.007539626,-0.007134419,-0.0071384273,-0.0071132295,-0.007241722,-0.007054504,-0.007240515,-0.0071289055,-0.0071489178,-0.0071269386,-0.0070657544,-0.00710861,-0.007123586,-0.007052522,-0.00709432,-0.007096287,-0.0071131997,-0.0069870315,-0.0070106946
2017-06-20,-0.0069861226,-0.0073333643,-0.0069430135,-0.006851431,-0.0069561414,-0.0070043914,-0.0068937205,-0.007122498,-0.0069923066,-0.006986808,-0.0069512837,-0.0069487058,-0.0068208836,-0.006968152,-0.006910395,-0.0069330744,-0.0069692694,-0.0069688074,-0.006824326,-0.0069830827
2017-06-21,-0.0070107244,-0.0071678124,-0.0069789104,-0.0069062226,-0.0069639646,-0.007133659,-0.0069220923,-0.0075070076,-0.006992679,-0.0069886707,-0.006987598,-0.006955754,-0.0069456957,-0.0069708787,-0.0069413446,-0.006933581,-0.0069412403,-0.006960433,-0.006813299,-0.0068549924
2017-06-22,-0.0073806606,-0.007631,-0.0073793195,-0.007300254,-0.007359635,-0.0076254867,-0.0073279254,-0.008175533,-0.007398572,-0.0073730163,-0.007363569,-0.0074301176,-0.0072564147,-0.007362347,-0.0073220395,-0.007317703,-0.007373702,-0.007356208,-0.007209163,-0.0073087923
2017-06-23,-0.0069951527,-0.007208254,-0.006989505,-0.0069326423,-0.006988015,-0.0072751455,-0.0069146715,-0.0073247664,-0.006997671,-0.0069877915,-0.006974276,-0.00695109,-0.0069112442,-0.0069779567,-0.006925311,-0.006933164,-0.0069525354,-0.00693449,-0.006813731,-0.0069110207
2017-06-26,-0.009481993,-0.009677317,-0.009490069,-0.009388816,-0.009460565,-0.009657931,-0.00939187,-0.009429764,-0.009611394,-0.009471398,-0.009468626,-0.0095014535,-0.009385984,-0.009481784,-0.009389829,-0.009458374,-0.009424966,-0.009424176,-0.00930747,-0.009432938
2017-06-27,-0.0069887005,-0.007074874,-0.0069982074,-0.006966036,-0.0070018284,-0.0069974028,-0.0069066994,-0.006996643,-0.0069837086,-0.0069829784,-0.0070053153,-0.006922256,-0.006908726,-0.006997805,-0.0068902187,-0.006973233,-0.0069458894,-0.006927844,-0.006812196,-0.0069302134
2017-06-28,-0.0069865547,-0.0070656203,-0.00701971,-0.0069681965,-0.0070102923,-0.0070038997,-0.006952565,-0.02292053,-0.006978076,-0.0070270263,-0.007006686,-0.0069430284,-0.006966319,-0.00700007,-0.006939154,-0.0069718175,-0.0069671236,-0.006931912,-0.0068228655,-0.006969612
2017-06-29,-0.0070154034,-0.007053178,-0.0070146136,-0.0069559924,-0.007000204,-0.007020753,-0.0069472156,-0.008005973,-0.0069778822,-0.0070361756,-0.0070110373,-0.0069449507,-0.0069436245,-0.006983321,-0.0069168173,-0.006974604,-0.0069672577,-0.006922003,-0.0068040304,-0.006964218
2017-06-30,-0.008048918,-0.007952701,-0.008078437,-0.008051302,-0.008039426,-0.007994276,-0.008001011,-0.008131232,-0.008074772,-0.008106228,-0.008083742,-0.007983383,-0.008015882,-0.00805762,-0.007968526,-0.008067232,-0.008008357,-0.008044314,-0.007887345,-0.00804038
2017-07-03,-0.009686615,-0.009657335,-0.009634238,-0.009601634,-0.009606089,-0.009638157,-0.009570595,-0.024428885,-0.00963847,-0.009681385,-0.00966708,-0.009595569,-0.009574767,-0.009647187,-0.009570252,-0.009650361,-0.009641122,-0.009639811,-0.009476211,-0.0096188
2017-07-05,-0.007011827,-0.006847199,-0.006987106,-0.006986197,-0.0069542043,-0.006986629,-0.0069084726,-0.008342322,-0.006970387,-0.0070130043,-0.007020768,-0.006944459,-0.0068961196,-0.0069818906,-0.006915789,-0.0069861673,-0.006972473,-0.006962668,-0.0067904405,-0.0069511943
2017-07-06,-0.0070084,-0.007034939,-0.006951552,-0.0069784634,-0.0069449954,-0.007021617,-0.0068780147,-0.0071464293,-0.006969031,-0.0069974028,-0.007015329,-0.0069152676,-0.0068620257,-0.006981712,-0.0069142096,-0.006988492,-0.0069669746,-0.0069470517,-0.0067978315,-0.006948214
2017-07-07,-0.009293508,-0.00935493,-0.009308647,-0.009300973,-0.009250205,-0.009290155,-0.009239119,-0.00942659,-0.009285416,-0.009333279,-0.009319689,-0.009261858,-0.009223577,-0.0092743,-0.009198662,-0.009283405,-0.009276997,-0.009213503,-0.009082224,-0.009245809
2017-07-10,-0.008655053,-0.008585107,-0.008688372,-0.008646604,-0.00861096,-0.008608054,-0.008563083,-0.009351876,-0.008629467,-0.008672338,-0.0086574815,-0.008639302,-0.008592527,-0.008624431,-0.008556511,-0.008631047,-0.008622345,-0.008551445,-0.008436244,-0.008596998
2017-07-11,-0.006971892,-0.00703777,-0.0070292614,-0.0070445947,-0.0069574527,-0.0070515387,-0.00698651,-0.0077106766,-0.0069773756,-0.007005658,-0.0069956146,-0.0070432536,-0.0069496445,-0.006980952,-0.006925028,-0.006980177,-0.0069838427,-0.006936621,-0.00680713,-0.0069409423
2017-07-12,-0.0070140623,-0.007254746,-0.006984424,-0.006983917,-0.006962564,-0.0070539527,-0.006987449,-0.007319372,-0.0069678985,-0.007024016,-0.006978806,-0.0069797747,-0.0069443546,-0.0069606863,-0.0069118105,-0.006944757,-0.006949272,-0.006938692,-0.0068165027,-0.0068754815
2017-07-13,-0.0072744004,-0.0074748956,-0.007288154,-0.0073141716,-0.0072979145,-0.0073366873,-0.007265549,-0.007968616,-0.0072528087,-0.0073091798,-0.0072587244,-0.007270258,-0.007223781,-0.00725637,-0.0072189383,-0.007223215,-0.007280629,-0.0072105043,-0.0071088634,-0.0071393363
2017-07-14,-0.0069114827,-0.0070736073,-0.0070254616,-0.006939944,-0.007023435,-0.0070413463,-0.00688171,-0.023033556,-0.0068878494,-0.0069978945,-0.0069802217,-0.007024806,-0.0069356374,-0.006970253,-0.00688095,-0.0069332384,-0.0069441907,-0.0068686567,-0.006800588,-0.0068112127
2017-07-17,-0.008577149,-0.008859362,-0.008680161,-0.00860494,-0.008670982,-0.008682113,-0.008601453,-0.009600099,-0.008597773,-0.00865024,-0.008634772,-0.008647215,-0.00859293,-0.008629706,-0.008576553,-0.008614581,-0.008633163,-0.008566137,-0.008464556,-0.008473586
2017-07-18,-0.0082662515,-0.008649778,-0.008339401,-0.008283701,-0.008361097,-0.008371171,-0.008319985,-0.008486118,-0.008313175,-0.008348968,-0.008328211,-0.008289527,-0.0083206855,-0.008333828,-0.008272927,-0.008307558,-0.008280437,-0.008269902,-0.008174997,-0.008187663
2017-07-19,-0.0069140904,-0.007327419,-0.0069923066,-0.006911557,-0.006996941,-0.0070354603,-0.0069699995,-0.007102426,-0.0069455616,-0.006996792,-0.0069915615,-0.006947335,-0.0069552474,-0.006981995,-0.006902229,-0.006955128,-0.0069306456,-0.0069178455,-0.006808426,-0.0068262927
2017-07-20,-0.0068534277,-0.0073170327,-0.0069600306,-0.006916743,-0.006998565,-0.0070296787,-0.0069755726,-0.0074694864,-0.0069450103,-0.007000249,-0.0069801025,-0.0069060884,-0.0069377683,-0.00696091,-0.0069219433,-0.0069196336,-0.006902855,-0.0069089197,-0.0068104826,-0.0069339387
2017-07-21,-0.0069009326,-0.0072018765,-0.006951105,-0.006918337,-0.007009875,-0.00697596,-0.0069648437,-0.007538628,-0.006914582,-0.006996434,-0.0069772713,-0.0068861954,-0.0069458596,-0.006959405,-0.006904032,-0.0069267415,-0.006939959,-0.006921541,-0.0068118535,-0.006840568
2017-07-24,-0.0053051375,-0.00564396,-0.005358454,-0.0053283386,-0.005382132,-0.005367186,-0.0053712092,-0.0054115467,-0.005352091,-0.005414542,-0.0053884797,-0.005280342,-0.005335059,-0.0053702854,-0.0053348206,-0.0053615384,-0.005318474,-0.0053428523,-0.0052164905,-0.005247768
2017-07-25,-0.006933313,-0.0072811656,-0.0069766156,-0.0069458596,-0.006975036,-0.0069110654,-0.0069587342,-0.007035028,-0.006957557,-0.006995719,-0.0069935583,-0.0069088154,-0.006922569,-0.0069592707,-0.0068769716,-0.006954994,-0.0069534294,-0.0069172345,-0.006805565,-0.0068204217
2017-07-26,-0.0069247447,-0.0072898977,-0.006992694,-0.006924551,-0.006941896,-0.0069049858,-0.0069559775,-0.0075793676,-0.00695337,-0.0070080273,-0.0069708787,-0.006852951,-0.0069463365,-0.006962415,-0.006903749,-0.0069514476,-0.0069050305,-0.006935399,-0.00681917,-0.0068383627
2017-07-27,-0.0069463067,-0.007362541,-0.0070016496,-0.006959822,-0.006935265,-0.006935071,-0.0068142377,-0.0075510554,-0.00695106,-0.0070043467,-0.0069716237,-0.006889146,-0.00693297,-0.0069647394,-0.0068971924,-0.006955143,-0.0069146715,-0.0069039725,-0.0068116896,-0.0068320744
2017-07-28,-0.00928564,-0.009870943,-0.0093488805,-0.009341609,-0.009295132,-0.009391453,-0.009224366,-0.0101391785,-0.009244334,-0.009372573,-0.009330209,-0.009342533,-0.009256404,-0.009323623,-0.009259161,-0.009314176,-0.009307753,-0.0092846565,-0.009167951,-0.009211164
2017-07-31,-0.00747044,-0.008046653,-0.0075452887,-0.007539939,-0.0074922405,-0.007593166,-0.007453691,-0.008526977,-0.0074975304,-0.0076029114,-0.0074701123,-0.007440578,-0.0074402653,-0.0075335614,-0.0074378215,-0.007518556,-0.00746597,-0.007476207,-0.007370647,-0.007403504
2017-08-01,-0.0069664083,-0.007185098,-0.0069947056,-0.006978985,-0.0069552027,-0.006937634,-0.00689001,-0.007920351,-0.006975215,-0.0070270114,-0.006972607,-0.0069111846,-0.006918531,-0.006978523,-0.006913569,-0.0069655143,-0.0069395714,-0.0069754086,-0.0068112426,-0.0068382733
2017-08-02,-0.0069576167,-0.0073188953,-0.0069959424,-0.0069204383,-0.006966483,-0.0069860034,-0.0069173686,-0.007916283,-0.0069641136,-0.0070190392,-0.006968569,-0.0069222264,-0.0068893693,-0.0069734715,-0.0069320016,-0.006962117,-0.006916534,-0.0069211386,-0.0067989044,-0.006823372
2017-08-03,-0.0069303624,-0.0074632578,-0.006985735,-0.0069973134,-0.0069508366,-0.0070110224,-0.006929081,-0.007864993,-0.006926369,-0.007036995,-0.006969344,-0.0069217794,-0.0069107525,-0.0069781058,-0.0069190823,-0.006955724,-0.0069068335,-0.0069467984,-0.006801512,-0.0068503283
2017-08-04,-0.010605644,-0.010998171,-0.010633197,-0.01068246,-0.010621961,-0.010682296,-0.010584693,-0.011536222,-0.010615896,-0.010706302,-0.010632437,-0.010600802,-0.010608327,-0.010652032,-0.010610636,-0.010628816,-0.010582339,-0.01061235,-0.010503631,-0.010531437
2017-08-07,-0.006916564,-0.0070570223,-0.006987538,-0.006998267,-0.006970372,-0.0070096366,-0.0068839304,-0.007908475,-0.007004004,-0.00702798,-0.006970074,-0.0068855397,-0.006980296,-0.0069778524,-0.0069594495,-0.006827783,-0.006909352,-0.006935563,-0.006823074,-0.0068512373
2017-08-08,-0.0069841705,-0.0069333427,-0.0070150606,-0.006998699,-0.006918531,-0.006907981,-0.006837394,-0.008136731,-0.0068715475,-0.0070074312,-0.0069788955,-0.006897118,-0.0069846325,-0.0069705956,-0.006905701,-0.006880101,-0.006903913,-0.0069206767,-0.006803196,-0.006837126
2017-08-09,-0.0069843195,-0.0069638006,-0.0070140176,-0.0069936477,-0.0069434457,-0.006948512,-0.0068296157,-0.0079638325,-0.0068857037,-0.007007178,-0.006978687,-0.0069172345,-0.006983515,-0.006978344,-0.006921526,-0.0068801753,-0.0069431327,-0.0069267265,-0.0067992024,-0.006830346
2017-08-10,-0.006992962,-0.0069538914,-0.0070169084,-0.00698879,-0.006951835,-0.006976258,-0.006811794,-0.0072249137,-0.0068645887,-0.0070014857,-0.0069808327,-0.0069169514,-0.006961819,-0.0069811903,-0.006907653,-0.0068806224,-0.0069348924,-0.0069396608,-0.0067886375,-0.006814953
2017-08-11,-0.006994944,-0.006923463,-0.0070090555,-0.00698879,-0.0069076233,-0.0069050156,-0.006819185,-0.007830452,-0.006873738,-0.006999355,-0.006974753,-0.006893765,-0.0069746785,-0.006981712,-0.0069047324,-0.006861385,-0.0068827085,-0.006928947,-0.006796103,-0.0068154894
2017-08-14,-0.007018145,-0.007051166,-0.0070115738,-0.0069839917,-0.0069573335,-0.006915536,-0.006816428,-0.007401433,-0.0068485104,-0.006995838,-0.0070060007,-0.006942179,-0.0069766007,-0.006979253,-0.0068911426,-0.0068641864,-0.0069196336,-0.0069094263,-0.0067892782,-0.006811913
2017-08-15,-0.00699709,-0.007040005,-0.007012274,-0.00694583,-0.00694957,-0.0068872683,-0.006832268,-0.0071214996,-0.0068760924,-0.0070033185,-0.0070033483,-0.0069231205,-0.006956812,-0.006972965,-0.00694732,-0.006876763,-0.0068860315,-0.006941002,-0.006821852,-0.006829988
2017-08-16,-0.0070064478,-0.007043835,-0.007057097,-0.006969642,-0.0069282167,-0.0068906657,-0.006841626,-0.0070191287,-0.0068742447,-0.0070119165,-0.0070069097,-0.0069570653,-0.006948229,-0.0069807433,-0.006939452,-0.0069204383,-0.0068840496,-0.0069618933,-0.0068299286,-0.0068223886
2017-08-17,-0.010048505,-0.010125782,-0.010106634,-0.010011982,-0.009983476,-0.009946894,-0.009891953,-0.010272872,-0.009896841,-0.010049131,-0.010054018,-0.009966712,-0.010032605,-0.01003873,-0.010021817,-0.00990529,-0.009960618,-0.010006707,-0.00986984,-0.00987291
2017-08-18,-0.0069421194,-0.0070224814,-0.0069844536,-0.00693601,-0.006879654,-0.006821271,-0.0067798607,-0.0070057027,-0.0068011545,-0.0069469325,-0.0069538616,-0.0068703853,-0.0069103204,-0.006929081,-0.0069203936,-0.0067500435,-0.0068620257,-0.0068783127,-0.0067654215,-0.0067612343
2017-08-21,-0.009468552,-0.009550404,-0.0095258765,-0.009506162,-0.009459104,-0.009396624,-0.009334248,-0.009548705,-0.009402942,-0.009499516,-0.009476196,-0.009422537,-0.009455036,-0.009473499,-0.0094556175,-0.0093089305,-0.009423744,-0.009464096,-0.009306114,-0.009322893
2017-08-22,-0.006836649,-0.0070345663,-0.0070132725,-0.006938603,-0.006959852,-0.006900247,-0.006838765,-0.007031169,-0.006895881,-0.007014405,-0.0069903396,-0.00691415,-0.0069523267,-0.006978657,-0.006934371,-0.0069544427,-0.006905254,-0.0069600753,-0.006804075,-0.00681838
2017-08-23,-0.006902691,-0.0070729367,-0.0070010237,-0.0070121996,-0.006946828,-0.006891709,-0.006835427,-0.0070791505,-0.006877329,-0.00700533,-0.0069962703,-0.0069138817,-0.006959837,-0.0069757514,-0.00696462,-0.0069510005,-0.0069320463,-0.006944891,-0.006821137,-0.0068264417
2017-08-24,-0.0032419374,-0.0034123024,-0.0033468415,-0.0032712182,-0.0032841673,-0.0032497158,-0.003165718,-0.0034957041,-0.003197681,-0.0033459475,-0.0033382436,-0.0032459756,-0.003299903,-0.0033251157,-0.0032829752,-0.0032746603,-0.0032910665,-0.0032847782,-0.0031330993,-0.0031516512
2017-08-25,-0.006945383,-0.0070539527,-0.0070179813,-0.0069573186,-0.0069415383,-0.006909009,-0.0068290643,-0.0070155673,-0.006861549,-0.007003676,-0.007000517,-0.0069468133,-0.0069579296,-0.006981667,-0.006922912,-0.006795373,-0.0069723837,-0.0069214515,-0.006802004,-0.0068182163
2017-08-28,-0.0069873594,-0.007044222,-0.0070094727,-0.006940242,-0.006907981,-0.006904792,-0.006843444,-0.006988626,-0.0069188885,-0.007015776,-0.0069974773,-0.006882962,-0.0069712214,-0.0069828294,-0.006944146,-0.0068177097,-0.0069318675,-0.006936144,-0.0068202727,-0.0068355165
2017-08-29,-0.0069195144,-0.0073037855,-0.0070174895,-0.00691944,-0.0068972968,-0.0068884008,-0.006850388,-0.0070316754,-0.0069089793,-0.0070117526,-0.006986972,-0.0068665408,-0.0069833808,-0.0069822334,-0.0069561116,-0.006870758,-0.00690433,-0.0069190823,-0.006829109,-0.0068353973
2017-08-30,-0.0069443546,-0.0071916543,-0.007062521,-0.0069579,-0.0069203936,-0.0068938695,-0.0068428777,-0.007167738,-0.0069163106,-0.0070075653,-0.0069907717,-0.0068983696,-0.006983336,-0.006982308,-0.0069393925,-0.0071375035,-0.0069109164,-0.0068881325,-0.006822761,-0.0068320744
2017-08-31,-0.006937634,-0.0072789006,-0.007024225,-0.00698423,-0.006950792,-0.006875079,-0.0068521164,-0.0070361607,-0.0069006495,-0.0070036165,-0.006990265,-0.006898474,-0.006994229,-0.0069879703,-0.006920632,-0.0069858097,-0.0069086067,-0.0068912767,-0.0068394653,-0.006814029
2017-09-01,-0.00698198,-0.0073759966,-0.0070367567,-0.006972667,-0.0069383048,-0.006914463,-0.0068669133,-0.0070018135,-0.0069469176,-0.007015478,-0.0069941096,-0.006893795,-0.0070013963,-0.0069884025,-0.0069431476,-0.007110443,-0.0068985336,-0.006931003,-0.0068618767,-0.006850045
2017-09-05,-0.0069703422,-0.0071539395,-0.007035177,-0.0069623403,-0.0069187246,-0.0069042407,-0.0068609826,-0.007012572,-0.0069021247,-0.0070021115,-0.0069895647,-0.0068798624,-0.006984126,-0.0069829337,-0.006931763,-0.007149931,-0.0068611316,-0.0069009475,-0.006869208,-0.0068389736
2017-09-06,-0.0068221204,-0.0070856623,-0.0070268475,-0.006960269,-0.006964799,-0.006883364,-0.006854173,-0.0070630275,-0.0068818145,-0.006999057,-0.0069686435,-0.006832566,-0.006877031,-0.0069977455,-0.006921094,-0.006912064,-0.0068401657,-0.006871503,-0.006896239,-0.006828632
2017-09-07,-0.006931763,-0.0070770048,-0.0070497952,-0.0069682114,-0.0069468133,-0.006856393,-0.006841745,-0.0070802085,-0.006892439,-0.007006746,-0.006968599,-0.0068475567,-0.0069412105,-0.0069998465,-0.006919544,-0.00697368,-0.0068333857,-0.006886672,-0.006869223,-0.0068353824
2017-09-08,-0.0069778077,-0.0070492737,-0.00701743,-0.006976139,-0.006918054,-0.0068462454,-0.006956529,-0.0072683506,-0.0069085024,-0.0070477687,-0.006968301,-0.0068141185,-0.006916579,-0.007021483,-0.006912809,-0.0071610473,-0.0068493746,-0.0068845414,-0.006838586,-0.00696316
2017-09-11,-0.0075873397,-0.007662367,-0.0076455586,-0.0075866096,-0.007542517,-0.0074735694,-0.007572975,-0.008153211,-0.007528957,-0.007672202,-0.0075884126,-0.007435482,-0.0075235628,-0.007611852,-0.0075152926,-0.007676851,-0.007460948,-0.007476758,-0.007465478,-0.0075801425
2017-09-12,-0.00699025,-0.007077556,-0.0070339553,-0.006965842,-0.006939318,-0.006870564,-0.006924536,-0.007129576,-0.0069339685,-0.007047739,-0.006968852,-0.006864723,-0.006903719,-0.007001724,-0.0069335066,-0.006966796,-0.006867107,-0.00688101,-0.006851133,-0.0069253407
2017-09-13,-0.0069856755,-0.007072877,-0.007042613,-0.0069698654,-0.006921526,-0.0068824403,-0.0069192164,-0.007012259,-0.0069232695,-0.0070471726,-0.0069686584,-0.006861221,-0.0069446675,-0.0070186965,-0.006933417,-0.006872516,-0.006854277,-0.0068976544,-0.006863665,-0.0069095455
2017-09-14,-0.0069580786,-0.0070224963,-0.0070212595,-0.0069609843,-0.006896477,-0.006850805,-0.00692622,-0.007029172,-0.00693145,-0.0070450865,-0.0069687776,-0.0068124495,-0.006956991,-0.0070112906,-0.0069203638,-0.006897893,-0.0068516247,-0.006867286,-0.006880101,-0.0069241636
2017-09-15,-0.0069632195,-0.0070782863,-0.007065993,-0.0069358014,-0.0068834834,-0.006872352,-0.0069214664,-0.007049244,-0.0069660954,-0.0070467703,-0.0069687776,-0.0068177246,-0.0068973117,-0.0070017986,-0.0069381855,-0.006924074,-0.0068763904,-0.006885182,-0.0068641864,-0.0069181435
2017-09-18,-0.0011837443,-0.0013148149,-0.0013382246,-0.0012147983,-0.0011899134,-0.0011976322,-0.001166146,-0.0012471487,-0.0012053659,-0.0013183465,-0.0012568196,-0.0010934283,-0.0012954136,-0.0012920161,-0.0011482944,-0.0011582186,-0.0011623313,-0.0011616608,-0.0011550447,-0.0011702736
2017-09-19,-0.0069757365,-0.0069300644,-0.007001739,-0.0069228522,-0.0069237016,-0.0068891607,-0.0068614595,-0.0069370233,-0.006901514,-0.0070164017,-0.0069684945,-0.0068698935,-0.0070889555,-0.0070126764,-0.006905239,-0.0068166964,-0.006877791,-0.0068863444,-0.0068679564,-0.006861653
2017-09-20,-0.004447829,-0.004509952,-0.004510101,-0.004427042,-0.0044231378,-0.0043913983,-0.0043156855,-0.004678648,-0.0043645315,-0.0044944845,-0.004457008,-0.004340809,-0.004557263,-0.004483234,-0.0043758564,-0.0045234226,-0.0043553226,-0.0043636225,-0.0043970905,-0.004348483
2017-09-21,-0.008665632,-0.00868329,-0.008729663,-0.008599367,-0.008661371,-0.008595493,-0.008528721,-0.008876499,-0.008571278,-0.008703332,-0.008688014,-0.008578356,-0.0087197535,-0.008708056,-0.008596268,-0.008759048,-0.008604314,-0.008617412,-0.008648168,-0.008553591
2017-09-22,-0.006954249,-0.0069396757,-0.006995242,-0.0068783723,-0.006937381,-0.006860461,-0.006775882,-0.0071216635,-0.006841298,-0.0069802217,-0.006953802,-0.0068379454,-0.0070019774,-0.006966736,-0.006863769,-0.00707097,-0.0068878196,-0.0068986677,-0.0068673156,-0.0068194084
2017-09-25,-0.008319195,-0.0083226375,-0.008324068,-0.008255836,-0.008314576,-0.008245345,-0.0081269555,-0.008415084,-0.008193042,-0.008317973,-0.008293685,-0.008202996,-0.008353587,-0.008337688,-0.008245137,-0.008314695,-0.008246537,-0.008248579,-0.008258369,-0.008164104
2017-09-26,-0.009013783,-0.009068351,-0.009121504,-0.009063926,-0.009052899,-0.009033214,-0.008956131,-0.009363811,-0.009023409,-0.009130921,-0.009081941,-0.008969139,-0.009123426,-0.009128358,-0.009004127,-0.009354334,-0.009016763,-0.009008121,-0.009144124,-0.0089585595
2017-09-27,-0.008350562,-0.008388933,-0.008506086,-0.008390617,-0.008352634,-0.008380126,-0.008336257,-0.008487549,-0.008418661,-0.008488189,-0.008428391,-0.008325513,-0.0084685795,-0.008452203,-0.008351814,-0.008614045,-0.008355256,-0.00834943,-0.008471277,-0.008310642
2017-09-28,-0.0069081746,-0.006958794,-0.0070583336,-0.006892275,-0.0069255047,-0.0069192164,-0.0068599842,-0.0072284006,-0.0069490187,-0.0070075206,-0.0069691055,-0.006853845,-0.0070781372,-0.0070064627,-0.006879341,-0.0072163306,-0.0069063716,-0.0069116466,-0.007095348,-0.0068438463
2017-09-29,-0.0064674728,-0.0065261833,-0.0065860115,-0.006471824,-0.0065006875,-0.0064471625,-0.006428819,-0.0069375895,-0.0064757876,-0.006577667,-0.00654101,-0.0064195655,-0.0065816604,-0.006580021,-0.0064880364,-0.00692999,-0.006467771,-0.006456714,-0.0070579313,-0.00641137
2017-10-02,-0.0048764907,-0.0049401037,-0.005017724,-0.0049218945,-0.0049074106,-0.004871603,-0.004843887,-0.0051505975,-0.004880499,-0.0049902163,-0.004945766,-0.0048300736,-0.004985925,-0.0049874447,-0.0048707984,-0.0051593296,-0.0048869066,-0.004923459,-0.005276572,-0.0048275255
2017-10-03,-0.0069021843,-0.0069674663,-0.0070542656,-0.006958168,-0.0069384538,-0.006911751,-0.0071284287,-0.0070033036,-0.006943416,-0.0070286803,-0.0069668107,-0.006864827,-0.007014837,-0.007028114,-0.00690135,-0.007020455,-0.0069097094,-0.0069261156,-0.0071495883,-0.006853845
2017-10-04,-0.006884452,-0.00698049,-0.0070193224,-0.006900724,-0.006934475,-0.0069175772,-0.00701442,-0.0070532523,-0.006867837,-0.006999802,-0.006969299,-0.0068595223,-0.007029798,-0.0070140474,-0.0068816803,-0.0070710145,-0.0068822615,-0.0068781786,-0.007202085,-0.0068237
2017-10-05,-0.006858077,-0.0070054196,-0.007018339,-0.006906893,-0.006904077,-0.006903749,-0.006894823,-0.0070554726,-0.00685988,-0.0069825016,-0.006968748,-0.006844815,-0.0070276074,-0.007018339,-0.0068610273,-0.006990727,-0.0068843924,-0.0068700425,-0.0071860366,-0.0068139993
2017-10-06,-0.0097566955,-0.009913813,-0.009943571,-0.009854924,-0.00985029,-0.009822961,-0.009761419,-0.0099119805,-0.009758379,-0.009900298,-0.009888347,-0.009764086,-0.009956013,-0.009940919,-0.009787407,-0.009821709,-0.009806853,-0.009808358,-0.010045644,-0.009731453
2017-10-09,-0.0088213645,-0.00892676,-0.008990433,-0.008865248,-0.008910831,-0.008893739,-0.008943226,-0.00893959,-0.008777823,-0.008930232,-0.008915674,-0.008802097,-0.008978378,-0.008966129,-0.008811396,-0.00889283,-0.008843284,-0.008826237,-0.009031694,-0.008792561
2017-10-10,-0.0068979375,-0.0070209615,-0.0070541017,-0.006948065,-0.0069714747,-0.0069368444,-0.0069253556,-0.0070628487,-0.006837677,-0.0069855563,-0.0069728307,-0.006870728,-0.007039916,-0.0070269816,-0.0068913065,-0.0070280395,-0.0069003813,-0.0068906806,-0.007084038,-0.0068393014
2017-10-11,-0.006897431,-0.0070069395,-0.0070598386,-0.00695784,-0.0069773756,-0.006982263,-0.0068686567,-0.0070665143,-0.006828498,-0.006989192,-0.0069702677,-0.006848272,-0.007034775,-0.007034879,-0.0068759583,-0.0070152096,-0.0068908297,-0.006891396,-0.007050302,-0.0068164878
2017-10-12,-0.006898921,-0.007041406,-0.0070353113,-0.006890636,-0.0069790743,-0.0069277994,-0.0069121085,-0.007057335,-0.0068148486,-0.006986212,-0.0069700144,-0.0068639927,-0.007033836,-0.007023316,-0.00689682,-0.0069704317,-0.006878864,-0.0069145523,-0.0071340464,-0.006857183
2017-10-13,-0.009939056,-0.010034587,-0.010076266,-0.00993849,-0.009998273,-0.009963553,-0.010053333,-0.0101032965,-0.009855386,-0.010009464,-0.009991225,-0.009897154,-0.0100518875,-0.010043811,-0.009897348,-0.010033723,-0.00991739,-0.009906169,-0.010109182,-0.009843435
2017-10-16,-0.008379694,-0.008558702,-0.008549314,-0.0084412955,-0.0085163675,-0.008442935,-0.008430179,-0.008594539,-0.008349653,-0.008494806,-0.008470666,-0.008347895,-0.008521449,-0.008522611,-0.008417722,-0.008506175,-0.008380394,-0.008392986,-0.008578774,-0.008325648
2017-10-17,-0.006900888,-0.007089358,-0.007029604,-0.0069600902,-0.0070250295,-0.006928619,-0.006959092,-0.0074509345,-0.0068738125,-0.007005211,-0.006969925,-0.0068551563,-0.0070348494,-0.0070320778,-0.0069550388,-0.006997343,-0.0069266073,-0.0068971775,-0.0070562623,-0.0068611316
2017-10-18,-0.0044151954,-0.004552018,-0.0045253895,-0.004480984,-0.00452007,-0.004460167,-0.004417684,-0.004608359,-0.0043473803,-0.004509907,-0.0044869743,-0.004364129,-0.004541438,-0.0045430176,-0.004412126,-0.004502233,-0.004414212,-0.0044192784,-0.0045622997,-0.004328441
2017-10-19,-0.009034153,-0.009176191,-0.009234887,-0.009168725,-0.00921176,-0.009173553,-0.009157758,-0.009687778,-0.009050261,-0.009192031,-0.009174984,-0.009022813,-0.009212505,-0.009222608,-0.009097096,-0.009195816,-0.009079825,-0.009119075,-0.009158801,-0.0090303235
2017-10-20,-0.002103146,-0.002280574,-0.0022727957,-0.002251025,-0.0022869965,-0.0022326668,-0.0021771302,-0.0026390215,-0.0021279862,-0.002260666,-0.0022164395,-0.002071168,-0.0022501757,-0.0022812148,-0.0021793356,-0.002268534,-0.0021339317,-0.0021789332,-0.0021831503,-0.0020985564
2017-10-23,-0.007833283,-0.007936876,-0.0079641305,-0.007932987,-0.007957216,-0.007887837,-0.007819843,-0.008071508,-0.007783156,-0.007928859,-0.0079089515,-0.007779237,-0.00793701,-0.00795899,-0.007843237,-0.00792728,-0.007818442,-0.007854041,-0.007956725,-0.0078014694
2017-10-24,-0.006862428,-0.007053744,-0.007048171,-0.0069831125,-0.007019859,-0.0069929324,-0.0068665706,-0.006959539,-0.0068392865,-0.006981369,-0.0069791786,-0.0068706386,-0.007026594,-0.007027965,-0.006899234,-0.0070058815,-0.0068912916,-0.006940078,-0.0070345365,-0.0068533234
2017-10-25,-0.0069278292,-0.0070690922,-0.00702722,-0.006953966,-0.0069981627,-0.006989967,-0.0068986826,-0.0072944574,-0.0068376474,-0.0069823824,-0.0069669895,-0.0068629347,-0.007038515,-0.00702418,-0.006910693,-0.0069011264,-0.006882157,-0.0069502853,-0.0070030503,-0.0068221204
2017-10-26,-0.0036363413,-0.003778096,-0.0037997772,-0.0037706902,-0.0037721505,-0.003761064,-0.0036167016,-0.0037327667,-0.0036020537,-0.0037548055,-0.0037420949,-0.0036349257,-0.003789853,-0.003802385,-0.003664877,-0.0036402156,-0.0036749055,-0.003704082,-0.0037899276,-0.003596585
2017-10-27,-0.0059369616,-0.006087344,-0.006110888,-0.0060998313,-0.00609402,-0.0061499737,-0.005943697,-0.005957689,-0.005952563,-0.006076511,-0.006055858,-0.005947288,-0.006112214,-0.0061138384,-0.005992558,-0.005959984,-0.0059900396,-0.0059999935,-0.00609326,-0.005914461
2017-10-30,-0.0068391375,-0.006952923,-0.0070125572,-0.007000055,-0.0070078634,-0.0070233904,-0.0068780743,-0.0069054924,-0.006883364,-0.0069892667,-0.006969344,-0.006833624,-0.0070357136,-0.006999191,-0.0068955384,-0.007092025,-0.0069063567,-0.0068952106,-0.007005062,-0.0068480484
2017-10-31,-0.006883215,-0.0069541,-0.007010322,-0.0069820993,-0.0070136003,-0.0069696866,-0.007057052,-0.0070684813,-0.0068899654,-0.0069716536,-0.0069446377,-0.006802108,-0.0070253275,-0.0069968514,-0.006918039,-0.007225912,-0.006886866,-0.0069334023,-0.0070922337,-0.006830942
2017-11-01,-0.009799283,-0.009773251,-0.009877976,-0.009857785,-0.009926539,-0.009890895,-0.009931307,-0.00993612,-0.009797242,-0.009890061,-0.009885784,-0.0097245835,-0.009919222,-0.009906825,-0.009805705,-0.009928521,-0.009805214,-0.009811159,-0.009957071,-0.00976048
2017-11-02,-0.006783586,-0.006786581,-0.006930139,-0.006871056,-0.006965246,-0.0069252364,-0.006940972,-0.0069506727,-0.006823268,-0.006922897,-0.0068966113,-0.006757062,-0.006933417,-0.006951835,-0.0068006627,-0.0069459938,-0.006807681,-0.006854322,-0.0069105886,-0.0067831688
2017-11-03,-0.0068606995,-0.006879326,-0.007003527,-0.0069255196,-0.0069881193,-0.006981369,-0.0070048235,-0.0070200823,-0.007038813,-0.0069825314,-0.006975081,-0.006855201,-0.007006403,-0.007008236,-0.006883543,-0.007185813,-0.006881397,-0.006887134,-0.0070113055,-0.006848108
2017-11-06,-0.0070886426,-0.00712068,-0.0072583817,-0.007177662,-0.0072591417,-0.007231336,-0.0073002838,-0.0072388016,-0.0072674863,-0.007197853,-0.00720964,-0.007087555,-0.007268261,-0.007263925,-0.007142883,-0.00738531,-0.0071355514,-0.0071605407,-0.0072476976,-0.0072162263
2017-11-07,-0.006854322,-0.00691266,-0.0069881044,-0.0069910847,-0.0070399903,-0.007026162,-0.0070414804,-0.007014271,-0.006871205,-0.0069699995,-0.0069602244,-0.0068483166,-0.007017296,-0.007015463,-0.0069036745,-0.0070004575,-0.0068970434,-0.0069125257,-0.007014375,-0.006868776
2017-11-08,-0.00470325,-0.0047272556,-0.0048394017,-0.004803937,-0.00488415,-0.0048658364,-0.0048988126,-0.004865017,-0.0046799146,-0.0048181824,-0.004816439,-0.00469492,-0.004871737,-0.0048540793,-0.004752498,-0.0048312508,-0.004738476,-0.004742544,-0.004882779,-0.0047022514
2017-11-09,-0.0068317465,-0.0068620704,-0.007013526,-0.0069508366,-0.0070223473,-0.0070217364,-0.0070479475,-0.0069674067,-0.006881114,-0.006983217,-0.006978657,-0.0068510734,-0.0069232993,-0.006996449,-0.006858226,-0.0071258806,-0.006869074,-0.006894391,-0.006988149,-0.006848257
2017-11-10,-0.007974546,-0.008021887,-0.008144703,-0.00807498,-0.008156996,-0.008107927,-0.008161571,-0.008125361,-0.008011993,-0.008117389,-0.008101102,-0.007982235,-0.008044075,-0.008127805,-0.008011069,-0.008233365,-0.008021679,-0.008039635,-0.008159947,-0.008019384
2017-11-13,-0.006840255,-0.006916564,-0.0070506595,-0.0069752894,-0.0070274584,-0.006999191,-0.0070435815,-0.0069948398,-0.0068887286,-0.007035341,-0.006983187,-0.006842371,-0.0069251023,-0.0070060305,-0.00694127,-0.007101681,-0.0069077425,-0.0069125853,-0.007057693,-0.0069196485
2017-11-14,-0.0068436675,-0.006937068,-0.0070328526,-0.006993871,-0.007032495,-0.007033583,-0.0070960335,-0.007011261,-0.0068997853,-0.0069921277,-0.006977748,-0.0068446957,-0.006941255,-0.0070232116,-0.006931659,-0.007020276,-0.0069184713,-0.00692394,-0.0070901327,-0.0068959557
2017-11-15,-0.0068599246,-0.006961461,-0.007020112,-0.0070019774,-0.0070242546,-0.0070206933,-0.007098388,-0.007036295,-0.00699253,-0.006983828,-0.0069582127,-0.006882321,-0.0069603287,-0.0070322417,-0.006919753,-0.0069576018,-0.006923925,-0.0069459938,-0.007087495,-0.0069063865
2017-11-16,-0.008850258,-0.008875173,-0.008927252,-0.008873787,-0.008915391,-0.008875128,-0.0089626275,-0.008890312,-0.0088941865,-0.0088974945,-0.008854207,-0.008820172,-0.00893895,-0.008924406,-0.00884397,-0.008819472,-0.008792769,-0.008805331,-0.008955624,-0.008816596
2017-11-17,-0.0097927265,-0.009851169,-0.009989198,-0.0099287145,-0.00994591,-0.009948324,-0.009995263,-0.009894412,-0.00982241,-0.009937521,-0.009897556,-0.009782787,-0.009866368,-0.009953704,-0.009863194,-0.009889286,-0.009851988,-0.009885993,-0.0099761,-0.010539245
2017-11-20,-0.010023262,-0.010086667,-0.010222223,-0.010128405,-0.010167208,-0.0101864,-0.010233384,-0.0101138465,-0.010081779,-0.010165881,-0.010128345,-0.010050144,-0.010120388,-0.010187816,-0.010106575,-0.010137182,-0.0100928955,-0.010103788,-0.010212492,-0.010773029
2017-11-21,-0.006847482,-0.0069386624,-0.007023569,-0.0069600604,-0.0070037805,-0.0069972686,-0.0070556216,-0.006969314,-0.0068653338,-0.006996494,-0.006979104,-0.006872352,-0.0069411807,-0.007025134,-0.00694729,-0.0069208406,-0.0068814717,-0.0069291554,-0.007043641,-0.0069684647
2017-11-22,-0.006847184,-0.0068876855,-0.0070102178,-0.006996285,-0.007025685,-0.006956484,-0.0070747547,-0.00698049,-0.0068970136,-0.006991368,-0.0069742613,-0.00685833,-0.0069869272,-0.0070324205,-0.0069289915,-0.0068900846,-0.006884318,-0.006906878,-0.0070560686,-0.006890204
2017-11-24,-0.009594511,-0.009658348,-0.009781923,-0.009734508,-0.009790372,-0.009705987,-0.009850886,-0.009740602,-0.009645503,-0.0097642355,-0.009736802,-0.009604719,-0.009709563,-0.009780254,-0.009692889,-0.009680834,-0.0096621625,-0.009689417,-0.009842988,-0.009758007
2017-11-27,-0.007445749,-0.0076021813,-0.0076457374,-0.007547494,-0.0076348595,-0.007624503,-0.0076706223,-0.0075789653,-0.0075189285,-0.0076090954,-0.0075763874,-0.007473614,-0.007543694,-0.0076378994,-0.007544201,-0.0075362734,-0.0075144283,-0.0076047443,-0.0076487325,-0.0076449774
2017-11-28,-0.0068446808,-0.0069933794,-0.007024776,-0.006928172,-0.0069999807,-0.006990399,-0.007129308,-0.006961312,-0.0069959126,-0.0069925897,-0.006978389,-0.006850194,-0.006931152,-0.0070223324,-0.0068876557,-0.0068569146,-0.0068880282,-0.0069733076,-0.006938886,-0.006868195
2017-11-29,-0.008411836,-0.008525159,-0.008522835,-0.008547571,-0.008553427,-0.008537378,-0.008682277,-0.008462947,-0.008543398,-0.008520704,-0.008510273,-0.008416396,-0.008474182,-0.008562129,-0.008453097,-0.008413892,-0.008443292,-0.00852963,-0.008625057,-0.008425277
2017-11-30,-0.008701649,-0.008612718,-0.008781131,-0.008734088,-0.008727532,-0.008780193,-0.009071317,-0.00871421,-0.008780118,-0.008746367,-0.008751329,-0.008743044,-0.00867876,-0.008764025,-0.008666541,-0.00865991,-0.008649122,-0.008716386,-0.008895975,-0.008638721
2017-12-01,-0.009422239,-0.009439152,-0.0094951205,-0.009441551,-0.00950947,-0.009495553,-0.009729948,-0.009474348,-0.009490263,-0.009481337,-0.009475108,-0.009478059,-0.009435382,-0.009509038,-0.009392004,-0.009488579,-0.0094009,-0.009449806,-0.009534966,-0.009354126
2017-12-04,-0.00566585,-0.005570691,-0.0056274794,-0.005651336,-0.0056673847,-0.0055794977,-0.005915519,-0.0054659657,-0.005524721,-0.005629968,-0.005618166,-0.005528193,-0.0055873357,-0.005657535,-0.0056071393,-0.0057435893,-0.0055437647,-0.0055903904,-0.0057256483,-0.0054660104
2017-12-05,-0.0069774054,-0.006981503,-0.006999012,-0.0070447437,-0.0070098005,-0.007013347,-0.0069220774,-0.0068492703,-0.006884467,-0.0069906376,-0.0069909208,-0.006913971,-0.0069405995,-0.007007625,-0.0069037788,-0.0068986826,-0.006896656,-0.006958168,-0.006952923,-0.006869953
2017-12-06,-0.008084785,-0.008074503,-0.008044567,-0.008077409,-0.008040216,-0.008091863,-0.008106854,-0.008033168,-0.00796945,-0.008048307,-0.008057248,-0.007959198,-0.007959362,-0.008048724,-0.007950138,-0.008075234,-0.007958289,-0.008008596,-0.008158889,-0.00793853
2017-12-07,-0.006942492,-0.0068385415,-0.006993305,-0.0070210956,-0.0070117675,-0.0068780743,-0.007243272,-0.006896209,-0.00699104,-0.007005643,-0.007024195,-0.0069008283,-0.007033121,-0.007008102,-0.006908532,-0.0070184283,-0.0069035552,-0.0069270544,-0.0072796308,-0.006862428
2017-12-08,-0.0066188984,-0.006527748,-0.006683599,-0.0067049526,-0.0066588037,-0.0065930746,-0.006926041,-0.006704252,-0.0066990815,-0.006659057,-0.006682407,-0.0065654926,-0.006716054,-0.0066697113,-0.006576877,-0.0067949407,-0.006572228,-0.00660209,-0.0069793426,-0.0065461956
2017-12-11,-0.0069629364,-0.0069095753,-0.0070133023,-0.0070189647,-0.006984677,-0.006958928,-0.007194843,-0.0069501065,-0.0069134794,-0.0069876425,-0.006993275,-0.0068757944,-0.0070396326,-0.007016685,-0.0069115274,-0.007112872,-0.00690205,-0.0069551133,-0.0071152113,-0.006842386
2017-12-12,-0.0069933794,-0.0068766586,-0.006986346,-0.0070175193,-0.0069930516,-0.0069381855,-0.007233631,-0.0069885813,-0.006928783,-0.0070064478,-0.0069927983,-0.0068700276,-0.0069692247,-0.0070155524,-0.0068806075,-0.007156115,-0.006891664,-0.006982919,-0.0072278343,-0.006846484
2017-12-13,-0.01100808,-0.01090103,-0.011019971,-0.011040371,-0.011003505,-0.010913622,-0.011203196,-0.011022221,-0.010937747,-0.01098178,-0.01102021,-0.010900166,-0.011082973,-0.011043381,-0.010933038,-0.010987278,-0.010912295,-0.0110325925,-0.011179458,-0.010839876
2017-12-14,-0.0072745793,-0.007170465,-0.0073262565,-0.0073256157,-0.0073216073,-0.0072178505,-0.0076241605,-0.007333439,-0.0072382353,-0.0072697364,-0.007353928,-0.007209655,-0.007348027,-0.007342469,-0.007235687,-0.0072778426,-0.007230159,-0.0072890483,-0.007575404,-0.0071062557
2017-12-15,-0.0076006167,-0.0075916164,-0.0077455603,-0.0077376477,-0.007698577,-0.0076351278,-0.007926237,-0.00769357,-0.0077587776,-0.007686969,-0.007764291,-0.0076038353,-0.0077712797,-0.007728379,-0.0076647215,-0.0078029,-0.007636901,-0.007680442,-0.007840421,-0.007534098
2017-12-18,-0.00744256,-0.007347729,-0.0074887536,-0.007485669,-0.0074502937,-0.007378619,-0.007514503,-0.007580843,-0.007492017,-0.0074372254,-0.007483881,-0.0073475055,-0.007497575,-0.0074491166,-0.0074013732,-0.0075564794,-0.007362973,-0.0074277334,-0.007543754,-0.007406529
2017-12-19,-0.0106357895,-0.010541376,-0.010690358,-0.010675069,-0.010676172,-0.0105720125,-0.010883566,-0.0106902085,-0.010570582,-0.010686602,-0.010694187,-0.010534938,-0.010688107,-0.010656159,-0.010603886,-0.010730233,-0.010565963,-0.01062746,-0.010815289,-0.01045778
2017-12-20,-0.005619671,-0.005520072,-0.0056215934,-0.005642142,-0.005649131,-0.0055504404,-0.0058181398,-0.005681198,-0.005546566,-0.005627062,-0.0056420676,-0.005489152,-0.005647566,-0.0056309365,-0.005524125,-0.005589526,-0.005533587,-0.0055611692,-0.0057696365,-0.00555579
2017-12-21,-0.0069757216,-0.006885212,-0.007003974,-0.007023122,-0.007023122,-0.0069547854,-0.007259723,-0.0071489327,-0.006909173,-0.007001292,-0.007045906,-0.0068786554,-0.007036146,-0.006994989,-0.0069107823,-0.007141199,-0.006952312,-0.0069861226,-0.007260468,-0.006840106
2017-12-22,-0.006979268,-0.00694656,-0.007054802,-0.0070322417,-0.007019352,-0.00694428,-0.0071780346,-0.007308688,-0.0069750957,-0.0070203207,-0.007034134,-0.0069633983,-0.007051628,-0.007032778,-0.0069548003,-0.007105883,-0.0069445632,-0.0069896244,-0.0072230063,-0.006919708
2017-12-26,-0.006901916,-0.0069086365,-0.007059898,-0.00701217,-0.00699478,-0.0069394074,-0.007272031,-0.0072232895,-0.006921258,-0.007024642,-0.0070322417,-0.0068917386,-0.007036384,-0.00702649,-0.006945666,-0.007141035,-0.0069258474,-0.006982561,-0.0072355084,-0.006935429
2017-12-27,-0.0069869272,-0.0069434755,-0.007034328,-0.007039126,-0.007011544,-0.00691266,-0.007295858,-0.007052373,-0.0069724284,-0.007002797,-0.0070166104,-0.0069422983,-0.007046681,-0.0070262216,-0.00697748,-0.007062625,-0.00691944,-0.006950017,-0.0070825033,-0.0069264136
2017-12-28,-0.006997969,-0.0069303922,-0.007024925,-0.007031556,-0.0070231967,-0.006911438,-0.00716364,-0.0070702992,-0.006942462,-0.007042866,-0.0069816075,-0.0069452934,-0.00704081,-0.0070224367,-0.0069441907,-0.0070978366,-0.0069126002,-0.006990444,-0.0070860945,-0.0069767945
2017-12-29,-0.0069790743,-0.0069318376,-0.007028561,-0.0070211105,-0.0070001446,-0.006956812,-0.0071188174,-0.007008802,-0.006973576,-0.007015001,-0.006993886,-0.0069362633,-0.0070356987,-0.0070298575,-0.0069739334,-0.007081773,-0.006933775,-0.0069758855,-0.007094588,-0.00689758
